image_id,group_id,effective_lesion_id,age_band,archive,y_true,y_esc,pred_index,p_akiec,p_bcc,p_bkl,p_df,p_mel,p_nv,p_vasc,escalation_mass,s_esc,declared_score,arm,fold,loao_holdout,seed,run_id,checkpoint
ISIC_0000002,__singleton__ISIC_0000002,__singleton__ISIC_0000002,60+,mskcc,4,True,4,0.012384139,0.011412375,0.007988326,0.09466005,0.60470027,0.19807437,0.070780456,0.62849677,0.9859521,0.62849677,composite,2,,43,composite_f2_s43_in22k_v5conf,last
ISIC_0000014,__singleton__ISIC_0000014,__singleton__ISIC_0000014,<40,mskcc,5,False,5,0.01108135,0.0068201497,0.007530785,0.069246076,0.006024067,0.85473067,0.044566862,0.023925565,-7.5412374,0.023925565,composite,2,,43,composite_f2_s43_in22k_v5conf,last
ISIC_0000015,__singleton__ISIC_0000015,__singleton__ISIC_0000015,<40,mskcc,5,False,5,0.010908752,0.006422132,0.007035657,0.06720862,0.0055207205,0.85764545,0.04525855,0.022851603,-7.6553364,0.022851603,composite,2,,43,composite_f2_s43_in22k_v5conf,last
ISIC_0000017_downsampled,__singleton__ISIC_0000017_downsampled,__singleton__ISIC_0000017_downsampled,40-59,mskcc,5,False,5,0.010772447,0.0065169176,0.0073395316,0.06832939,0.0065966863,0.85542935,0.0450157,0.023886051,-7.491461,0.023886051,composite,2,,43,composite_f2_s43_in22k_v5conf,last
ISIC_0000024_downsampled,__singleton__ISIC_0000024_downsampled,__singleton__ISIC_0000024_downsampled,40-59,mskcc,5,False,4,0.19110648,0.011985106,0.015015502,0.10482276,0.53965414,0.05731218,0.08010385,0.74274576,4.705904,0.74274576,composite,2,,43,composite_f2_s43_in22k_v5conf,last
ISIC_0000027_downsampled,__singleton__ISIC_0000027_downsampled,__singleton__ISIC_0000027_downsampled,<40,mskcc,5,False,5,0.010295905,0.0057258853,0.006279168,0.0701935,0.006869005,0.85528153,0.045355026,0.022890795,-7.1816497,0.022890795,composite,2,,43,composite_f2_s43_in22k_v5conf,last
ISIC_0000028_downsampled,__singleton__ISIC_0000028_downsampled,__singleton__ISIC_0000028_downsampled,60+,mskcc,5,False,5,0.010713858,0.0075816642,0.008267402,0.06931468,0.0047453237,0.8560817,0.043295216,0.023040846,-8.147109,0.023040846,composite,2,,43,composite_f2_s43_in22k_v5conf,last
ISIC_0000043_downsampled,__singleton__ISIC_0000043_downsampled,__singleton__ISIC_0000043_downsampled,<40,mskcc,4,True,5,0.012815702,0.010246375,0.006026839,0.108210914,0.025262782,0.7720647,0.0653727,0.04832486,-4.6476526,0.04832486,composite,2,,43,composite_f2_s43_in22k_v5conf,last
ISIC_0000054_downsampled,__singleton__ISIC_0000054_downsampled,__singleton__ISIC_0000054_downsampled,<40,mskcc,4,True,4,0.00853632,0.0060225036,0.0067504607,0.058732335,0.87832737,0.0066227205,0.035008222,0.8928862,6.685628,0.8928862,composite,2,,43,composite_f2_s43_in22k_v5conf,last
ISIC_0000059_downsampled,__singleton__ISIC_0000059_downsampled,__singleton__ISIC_0000059_downsampled,<40,mskcc,5,False,5,0.014653592,0.007974743,0.0073572826,0.068163946,0.003982874,0.8547626,0.04310499,0.026611209,-7.8658075,0.026611209,composite,2,,43,composite_f2_s43_in22k_v5conf,last
ISIC_0000065_downsampled,__singleton__ISIC_0000065_downsampled,__singleton__ISIC_0000065_downsampled,<40,mskcc,5,False,5,0.011280681,0.0078093475,0.0062211123,0.07017048,0.0060175504,0.8567093,0.041791525,0.02510758,-7.493745,0.02510758,composite,2,,43,composite_f2_s43_in22k_v5conf,last
ISIC_0000066,__singleton__ISIC_0000066,__singleton__ISIC_0000066,40-59,mskcc,5,False,5,0.009935149,0.0050930674,0.004263532,0.05863821,0.00598649,0.8794277,0.03665589,0.021014705,-7.2396026,0.021014705,composite,2,,43,composite_f2_s43_in22k_v5conf,last
ISIC_0000093_downsampled,__singleton__ISIC_0000093_downsampled,__singleton__ISIC_0000093_downsampled,unknown,mskcc,5,False,5,0.012442312,0.006803175,0.006630146,0.06785502,0.008727443,0.8549988,0.042543016,0.02797293,-6.3630743,0.02797293,composite,2,,43,composite_f2_s43_in22k_v5conf,last
ISIC_0000101_downsampled,__singleton__ISIC_0000101_downsampled,__singleton__ISIC_0000101_downsampled,unknown,mskcc,5,False,2,0.019880794,0.0046381545,0.5686857,0.18419711,0.0075985384,0.14441508,0.07058462,0.032117486,-9.730927,0.032117486,composite,2,,43,composite_f2_s43_in22k_v5conf,last
ISIC_0000116_downsampled,__singleton__ISIC_0000116_downsampled,__singleton__ISIC_0000116_downsampled,unknown,mskcc,5,False,5,0.00973123,0.0059641064,0.013439693,0.055451356,0.00880202,0.86822766,0.038383853,0.024497356,-6.262741,0.024497356,composite,2,,43,composite_f2_s43_in22k_v5conf,last
ISIC_0000156_downsampled,__singleton__ISIC_0000156_downsampled,__singleton__ISIC_0000156_downsampled,unknown,mskcc,4,True,5,0.009835868,0.006865459,0.004979285,0.05084895,0.024870032,0.86706215,0.035538137,0.04157136,-5.1483746,0.04157136,composite,2,,43,composite_f2_s43_in22k_v5conf,last
ISIC_0000173,__singleton__ISIC_0000173,__singleton__ISIC_0000173,60+,mskcc,4,True,4,0.011176666,0.004982371,0.014748387,0.077818885,0.8386638,0.0057425215,0.046867307,0.8548229,6.8180046,0.8548229,composite,2,,43,composite_f2_s43_in22k_v5conf,last
ISIC_0000199,__singleton__ISIC_0000199,__singleton__ISIC_0000199,<40,mskcc,5,False,4,0.011600572,0.007138598,0.006182518,0.07453826,0.8319444,0.016876632,0.051719032,0.85068357,5.505961,0.85068357,composite,2,,43,composite_f2_s43_in22k_v5conf,last
ISIC_0000207_downsampled,__singleton__ISIC_0000207_downsampled,__singleton__ISIC_0000207_downsampled,<40,mskcc,5,False,5,0.010298478,0.0070163477,0.0062821573,0.06640101,0.005059482,0.86430514,0.040637396,0.022374308,-7.399969,0.022374308,composite,2,,43,composite_f2_s43_in22k_v5conf,last
ISIC_0000218_downsampled,__singleton__ISIC_0000218_downsampled,__singleton__ISIC_0000218_downsampled,40-59,mskcc,5,False,5,0.010806649,0.0071414607,0.007964304,0.06621164,0.004116558,0.86075574,0.04300364,0.022064667,-7.9245114,0.022064667,composite,2,,43,composite_f2_s43_in22k_v5conf,last
ISIC_0000230,__singleton__ISIC_0000230,__singleton__ISIC_0000230,<40,mskcc,5,False,5,0.010317065,0.007379627,0.0073552663,0.06704374,0.0057495204,0.8586215,0.043533284,0.023446212,-7.3233876,0.023446212,composite,2,,43,composite_f2_s43_in22k_v5conf,last
ISIC_0000234,__singleton__ISIC_0000234,__singleton__ISIC_0000234,<40,mskcc,5,False,5,0.009172553,0.0065934425,0.0081068445,0.06382651,0.00433312,0.8676651,0.04030239,0.020099115,-8.043609,0.020099115,composite,2,,43,composite_f2_s43_in22k_v5conf,last
ISIC_0000254,__singleton__ISIC_0000254,__singleton__ISIC_0000254,60+,mskcc,5,False,5,0.010333601,0.0066944556,0.010683782,0.07248773,0.004748696,0.8501729,0.044878937,0.021776753,-8.042925,0.021776753,composite,2,,43,composite_f2_s43_in22k_v5conf,last
ISIC_0000317,__singleton__ISIC_0000317,__singleton__ISIC_0000317,60+,mskcc,5,False,5,0.011521661,0.006496324,0.0069543873,0.0646363,0.004213548,0.8631659,0.04301179,0.022231532,-7.788744,0.022231532,composite,2,,43,composite_f2_s43_in22k_v5conf,last
ISIC_0000348,__singleton__ISIC_0000348,__singleton__ISIC_0000348,unknown,mskcc,5,False,5,0.013105661,0.0062893583,0.005173855,0.072734945,0.008065978,0.8506017,0.04402853,0.027460998,-6.7465243,0.027460998,composite,2,,43,composite_f2_s43_in22k_v5conf,last
ISIC_0000366,__singleton__ISIC_0000366,__singleton__ISIC_0000366,40-59,mskcc,5,False,5,0.01130716,0.006069795,0.005071206,0.07067297,0.005255385,0.8602026,0.041420836,0.02263234,-7.223303,0.02263234,composite,2,,43,composite_f2_s43_in22k_v5conf,last
ISIC_0000367,__singleton__ISIC_0000367,__singleton__ISIC_0000367,<40,mskcc,5,False,5,0.010703163,0.007235239,0.008077561,0.06348579,0.0052541085,0.8596543,0.0455899,0.02319251,-7.8429565,0.02319251,composite,2,,43,composite_f2_s43_in22k_v5conf,last
ISIC_0000368,__singleton__ISIC_0000368,__singleton__ISIC_0000368,<40,mskcc,5,False,4,0.00788295,0.0045155413,0.0045242114,0.059239093,0.8793781,0.013470609,0.030989632,0.89177656,5.853211,0.89177656,composite,2,,43,composite_f2_s43_in22k_v5conf,last
ISIC_0000376_downsampled,__singleton__ISIC_0000376_downsampled,__singleton__ISIC_0000376_downsampled,unknown,mskcc,5,False,5,0.009111843,0.006647182,0.008174691,0.06685404,0.0053856554,0.8597312,0.044095416,0.02114468,-7.8830996,0.02114468,composite,2,,43,composite_f2_s43_in22k_v5conf,last
ISIC_0000387_downsampled,__singleton__ISIC_0000387_downsampled,__singleton__ISIC_0000387_downsampled,unknown,mskcc,5,False,5,0.00988593,0.005812944,0.0069558164,0.067442976,0.0050559295,0.86410487,0.040741604,0.020754803,-7.797949,0.020754803,composite,2,,43,composite_f2_s43_in22k_v5conf,last
ISIC_0000395_downsampled,__singleton__ISIC_0000395_downsampled,__singleton__ISIC_0000395_downsampled,unknown,mskcc,4,True,4,0.006682308,0.0065043373,0.004740247,0.052356485,0.89145005,0.0028129853,0.035453577,0.9046367,8.430087,0.9046367,composite,2,,43,composite_f2_s43_in22k_v5conf,last
ISIC_0000410_downsampled,__singleton__ISIC_0000410_downsampled,__singleton__ISIC_0000410_downsampled,unknown,mskcc,4,True,5,0.0073811356,0.0035200163,0.04073143,0.10038034,0.076570444,0.73132783,0.04008877,0.0874716,-3.927146,0.0874716,composite,2,,43,composite_f2_s43_in22k_v5conf,last
ISIC_0000418_downsampled,__singleton__ISIC_0000418_downsampled,__singleton__ISIC_0000418_downsampled,unknown,mskcc,5,False,5,0.010309673,0.0060757785,0.0072886506,0.06882547,0.004946748,0.8602175,0.04233626,0.021332199,-8.109988,0.021332199,composite,2,,43,composite_f2_s43_in22k_v5conf,last
ISIC_0000420_downsampled,__singleton__ISIC_0000420_downsampled,__singleton__ISIC_0000420_downsampled,unknown,mskcc,4,True,5,0.009415147,0.0064110947,0.0064145867,0.06620866,0.006026527,0.86059856,0.04492536,0.021852769,-7.8219814,0.021852769,composite,2,,43,composite_f2_s43_in22k_v5conf,last
ISIC_0000439_downsampled,__singleton__ISIC_0000439_downsampled,__singleton__ISIC_0000439_downsampled,unknown,mskcc,5,False,5,0.01151107,0.006560897,0.00631118,0.06616469,0.0058041103,0.8619462,0.04170178,0.023876077,-7.7315636,0.023876077,composite,2,,43,composite_f2_s43_in22k_v5conf,last
ISIC_0000445_downsampled,__singleton__ISIC_0000445_downsampled,__singleton__ISIC_0000445_downsampled,unknown,mskcc,4,True,5,0.010067245,0.0073485076,0.007577105,0.0683892,0.005980702,0.8581475,0.042489696,0.023396455,-7.687067,0.023396455,composite,2,,43,composite_f2_s43_in22k_v5conf,last
ISIC_0000460,__singleton__ISIC_0000460,__singleton__ISIC_0000460,unknown,mskcc,5,False,5,0.010730619,0.007475785,0.006449685,0.06463061,0.0070958342,0.8625033,0.041114133,0.025302237,-6.9108744,0.025302237,composite,2,,43,composite_f2_s43_in22k_v5conf,last
ISIC_0000494,__singleton__ISIC_0000494,__singleton__ISIC_0000494,unknown,mskcc,5,False,5,0.010172003,0.0067024543,0.00763654,0.06591621,0.0056296764,0.85872453,0.045218512,0.022504132,-7.7005405,0.022504132,composite,2,,43,composite_f2_s43_in22k_v5conf,last
ISIC_0000509,__singleton__ISIC_0000509,__singleton__ISIC_0000509,unknown,mskcc,5,False,5,0.010059482,0.007483044,0.006930344,0.07544923,0.004678908,0.8544597,0.040939376,0.022221435,-7.9238915,0.022221435,composite,2,,43,composite_f2_s43_in22k_v5conf,last
ISIC_0000515,__singleton__ISIC_0000515,__singleton__ISIC_0000515,unknown,mskcc,5,False,5,0.01077445,0.0074690357,0.008164927,0.068169266,0.0051241517,0.8549992,0.045299012,0.023367638,-7.8848934,0.023367638,composite,2,,43,composite_f2_s43_in22k_v5conf,last
ISIC_0000518,__singleton__ISIC_0000518,__singleton__ISIC_0000518,unknown,mskcc,4,True,4,0.00808928,0.0036776043,0.005505546,0.06268279,0.8221339,0.051071897,0.046838965,0.8339008,3.5445583,0.8339008,composite,2,,43,composite_f2_s43_in22k_v5conf,last
ISIC_0000519_downsampled,__singleton__ISIC_0000519_downsampled,__singleton__ISIC_0000519_downsampled,unknown,mskcc,4,True,4,0.0030830477,0.0016667712,0.006896304,0.040350236,0.90523136,0.01926048,0.023511771,0.9099812,4.123709,0.9099812,composite,2,,43,composite_f2_s43_in22k_v5conf,last
ISIC_0000536,__singleton__ISIC_0000536,__singleton__ISIC_0000536,unknown,mskcc,5,False,5,0.009951899,0.0063825888,0.006813973,0.06477028,0.0049511446,0.8656875,0.041442644,0.02128563,-7.7357907,0.02128563,composite,2,,43,composite_f2_s43_in22k_v5conf,last
ISIC_0000541,__singleton__ISIC_0000541,__singleton__ISIC_0000541,unknown,mskcc,5,False,5,0.008913187,0.0062672226,0.0052430737,0.06876406,0.014952125,0.85028857,0.045571703,0.030132536,-5.950912,0.030132536,composite,2,,43,composite_f2_s43_in22k_v5conf,last
ISIC_0000543,__singleton__ISIC_0000543,__singleton__ISIC_0000543,unknown,mskcc,5,False,5,0.00937824,0.0075472575,0.006283201,0.06267586,0.018112719,0.8546375,0.041365225,0.035038218,-5.6844597,0.035038218,composite,2,,43,composite_f2_s43_in22k_v5conf,last
ISIC_0001118_downsampled,__singleton__ISIC_0001118_downsampled,__singleton__ISIC_0001118_downsampled,60+,mskcc,4,True,4,0.0062298984,0.005022668,0.004409994,0.05264265,0.8923237,0.004466923,0.034904294,0.90357625,7.864248,0.90357625,composite,2,,43,composite_f2_s43_in22k_v5conf,last
ISIC_0001133_downsampled,__singleton__ISIC_0001133_downsampled,__singleton__ISIC_0001133_downsampled,60+,mskcc,4,True,4,0.008606673,0.004314405,0.0054881983,0.06435628,0.8711964,0.0061691203,0.039869037,0.8841175,7.1863346,0.8841175,composite,2,,43,composite_f2_s43_in22k_v5conf,last
ISIC_0001181_downsampled,__singleton__ISIC_0001181_downsampled,__singleton__ISIC_0001181_downsampled,<40,mskcc,5,False,5,0.009114903,0.0063774623,0.0043437434,0.060354404,0.0059149605,0.8761434,0.037751123,0.021407327,-6.8929687,0.021407327,composite,2,,43,composite_f2_s43_in22k_v5conf,last
ISIC_0001442_downsampled,__singleton__ISIC_0001442_downsampled,__singleton__ISIC_0001442_downsampled,<40,mskcc,5,False,5,0.010713348,0.007344622,0.007237664,0.06715228,0.006435473,0.8563333,0.04478322,0.024493443,-7.020906,0.024493443,composite,2,,43,composite_f2_s43_in22k_v5conf,last
ISIC_0001449_downsampled,__singleton__ISIC_0001449_downsampled,__singleton__ISIC_0001449_downsampled,<40,mskcc,5,False,5,0.010342121,0.0064912722,0.007277858,0.07251882,0.005552163,0.8541068,0.043711,0.022385556,-7.397482,0.022385556,composite,2,,43,composite_f2_s43_in22k_v5conf,last
ISIC_0001852_downsampled,__singleton__ISIC_0001852_downsampled,__singleton__ISIC_0001852_downsampled,<40,mskcc,5,False,5,0.0101845255,0.006566214,0.006905022,0.06501464,0.0046389042,0.8661574,0.04053326,0.021389645,-7.639197,0.021389645,composite,2,,43,composite_f2_s43_in22k_v5conf,last
ISIC_0002469_downsampled,__singleton__ISIC_0002469_downsampled,__singleton__ISIC_0002469_downsampled,<40,mskcc,5,False,5,0.0100059975,0.0058880257,0.008282227,0.06412953,0.0036905808,0.8655671,0.042436466,0.019584604,-8.156565,0.019584604,composite,2,,43,composite_f2_s43_in22k_v5conf,last
ISIC_0003559_downsampled,__singleton__ISIC_0003559_downsampled,__singleton__ISIC_0003559_downsampled,<40,mskcc,5,False,5,0.009784984,0.0063340794,0.005841012,0.070329934,0.005356077,0.8571542,0.045199756,0.02147514,-7.8255377,0.02147514,composite,2,,43,composite_f2_s43_in22k_v5conf,last
ISIC_0004168_downsampled,__singleton__ISIC_0004168_downsampled,__singleton__ISIC_0004168_downsampled,<40,mskcc,5,False,5,0.010204277,0.005823844,0.008265538,0.069363356,0.0038777965,0.8625556,0.039909497,0.019905917,-8.160071,0.019905917,composite,2,,43,composite_f2_s43_in22k_v5conf,last
ISIC_0004346_downsampled,__singleton__ISIC_0004346_downsampled,__singleton__ISIC_0004346_downsampled,<40,mskcc,5,False,5,0.010650946,0.00696765,0.020817649,0.06731833,0.0038820438,0.85106665,0.03929673,0.02150064,-8.6024475,0.02150064,composite,2,,43,composite_f2_s43_in22k_v5conf,last
ISIC_0005187_downsampled,__singleton__ISIC_0005187_downsampled,__singleton__ISIC_0005187_downsampled,<40,mskcc,5,False,5,0.010304782,0.007245135,0.007444241,0.064997144,0.00594263,0.8600464,0.044019625,0.023492547,-7.478709,0.023492547,composite,2,,43,composite_f2_s43_in22k_v5conf,last
ISIC_0007528_downsampled,__singleton__ISIC_0007528_downsampled,__singleton__ISIC_0007528_downsampled,<40,mskcc,5,False,5,0.009176579,0.006029419,0.0070527466,0.06582929,0.004867159,0.8671582,0.03988665,0.020073157,-7.8469696,0.020073157,composite,2,,43,composite_f2_s43_in22k_v5conf,last
ISIC_0008507_downsampled,__singleton__ISIC_0008507_downsampled,__singleton__ISIC_0008507_downsampled,<40,mskcc,5,False,5,0.009635904,0.0062376815,0.005990579,0.06482088,0.0048793955,0.8674522,0.040983323,0.020752981,-7.9383307,0.020752981,composite,2,,43,composite_f2_s43_in22k_v5conf,last
ISIC_0008807_downsampled,__singleton__ISIC_0008807_downsampled,__singleton__ISIC_0008807_downsampled,<40,mskcc,5,False,5,0.010006271,0.0076704393,0.006817101,0.06611093,0.007095431,0.8610091,0.041290767,0.024772141,-7.104011,0.024772141,composite,2,,43,composite_f2_s43_in22k_v5conf,last
ISIC_0008992_downsampled,__singleton__ISIC_0008992_downsampled,__singleton__ISIC_0008992_downsampled,<40,mskcc,5,False,5,0.011079295,0.00788425,0.0058759563,0.0702869,0.006709132,0.8564629,0.041701548,0.025672678,-6.916708,0.025672678,composite,2,,43,composite_f2_s43_in22k_v5conf,last
ISIC_0008998_downsampled,__singleton__ISIC_0008998_downsampled,__singleton__ISIC_0008998_downsampled,<40,mskcc,5,False,5,0.010564618,0.0066114715,0.006582358,0.063636765,0.005388101,0.8657296,0.041487128,0.022564191,-7.2784963,0.022564191,composite,2,,43,composite_f2_s43_in22k_v5conf,last
ISIC_0009035_downsampled,__singleton__ISIC_0009035_downsampled,__singleton__ISIC_0009035_downsampled,<40,mskcc,5,False,5,0.009422528,0.0064278482,0.006848794,0.06731907,0.004088397,0.8625612,0.04333218,0.019938774,-8.246409,0.019938774,composite,2,,43,composite_f2_s43_in22k_v5conf,last
ISIC_0009083_downsampled,__singleton__ISIC_0009083_downsampled,__singleton__ISIC_0009083_downsampled,<40,mskcc,5,False,5,0.008186568,0.0049620625,0.0045010694,0.073123485,0.0060832216,0.8597666,0.043377005,0.019231852,-7.098238,0.019231852,composite,2,,43,composite_f2_s43_in22k_v5conf,last
ISIC_0009298_downsampled,__singleton__ISIC_0009298_downsampled,__singleton__ISIC_0009298_downsampled,<40,mskcc,5,False,5,0.010255565,0.0061633494,0.0063247303,0.06721503,0.0045381356,0.86109936,0.0444037,0.02095705,-7.869466,0.02095705,composite,2,,43,composite_f2_s43_in22k_v5conf,last
ISIC_0009344_downsampled,__singleton__ISIC_0009344_downsampled,__singleton__ISIC_0009344_downsampled,<40,mskcc,5,False,5,0.011164544,0.007827195,0.005738542,0.07200134,0.0063286354,0.8543825,0.042557158,0.025320373,-7.1338997,0.025320373,composite,2,,43,composite_f2_s43_in22k_v5conf,last
ISIC_0009504_downsampled,__singleton__ISIC_0009504_downsampled,__singleton__ISIC_0009504_downsampled,<40,mskcc,5,False,5,0.009535212,0.0071687754,0.0060757888,0.06601765,0.0064677917,0.86369157,0.041043095,0.023171779,-6.7644663,0.023171779,composite,2,,43,composite_f2_s43_in22k_v5conf,last
ISIC_0009800_downsampled,__singleton__ISIC_0009800_downsampled,__singleton__ISIC_0009800_downsampled,<40,mskcc,5,False,5,0.010380355,0.0064977305,0.0060759317,0.066537745,0.005093767,0.86065114,0.04476336,0.021971852,-7.585641,0.021971852,composite,2,,43,composite_f2_s43_in22k_v5conf,last
ISIC_0009877,__singleton__ISIC_0009877,__singleton__ISIC_0009877,<40,mskcc,5,False,5,0.011576771,0.007441129,0.007848938,0.07306339,0.0052080634,0.85174763,0.043114144,0.024225963,-7.846821,0.024225963,composite,2,,43,composite_f2_s43_in22k_v5conf,last
ISIC_0009915,__singleton__ISIC_0009915,__singleton__ISIC_0009915,40-59,mskcc,5,False,5,0.011761196,0.006404267,0.005841104,0.0653016,0.00613364,0.8600835,0.04447463,0.024299104,-7.345577,0.024299104,composite,2,,43,composite_f2_s43_in22k_v5conf,last
ISIC_0009943,__singleton__ISIC_0009943,__singleton__ISIC_0009943,<40,mskcc,5,False,5,0.010681186,0.006080242,0.0072455197,0.06634484,0.0055581834,0.8616347,0.042455416,0.022319611,-7.92381,0.022319611,composite,2,,43,composite_f2_s43_in22k_v5conf,last
ISIC_0009958,__singleton__ISIC_0009958,__singleton__ISIC_0009958,40-59,mskcc,5,False,5,0.010241223,0.0063399626,0.007794287,0.06808848,0.006109746,0.8547845,0.046641763,0.022690931,-7.4409204,0.022690931,composite,2,,43,composite_f2_s43_in22k_v5conf,last
ISIC_0009969,__singleton__ISIC_0009969,__singleton__ISIC_0009969,40-59,mskcc,5,False,5,0.010364587,0.006245941,0.0071344837,0.06785496,0.0040422687,0.8620188,0.042338964,0.020652797,-8.313659,0.020652797,composite,2,,43,composite_f2_s43_in22k_v5conf,last
ISIC_0009980,__singleton__ISIC_0009980,__singleton__ISIC_0009980,<40,mskcc,5,False,5,0.023075042,0.012984265,0.008498676,0.15627386,0.1379327,0.57519233,0.086043045,0.17399201,-1.6355543,0.17399201,composite,2,,43,composite_f2_s43_in22k_v5conf,last
ISIC_0010009,__singleton__ISIC_0010009,__singleton__ISIC_0010009,<40,mskcc,5,False,5,0.011213149,0.006613704,0.0054755122,0.07426417,0.007489168,0.8514742,0.043470055,0.025316022,-7.154063,0.025316022,composite,2,,43,composite_f2_s43_in22k_v5conf,last
ISIC_0010014,__singleton__ISIC_0010014,__singleton__ISIC_0010014,40-59,mskcc,5,False,5,0.079590954,0.012354905,0.008125411,0.11676859,0.07344137,0.66787726,0.041841503,0.16538723,-1.5659502,0.16538723,composite,2,,43,composite_f2_s43_in22k_v5conf,last
ISIC_0010017,__singleton__ISIC_0010017,__singleton__ISIC_0010017,40-59,mskcc,5,False,5,0.009995873,0.0061264853,0.0063919607,0.06493318,0.004180225,0.8669409,0.041431364,0.020302583,-8.215625,0.020302583,composite,2,,43,composite_f2_s43_in22k_v5conf,last
ISIC_0010018,__singleton__ISIC_0010018,__singleton__ISIC_0010018,40-59,mskcc,5,False,5,0.014809225,0.0056041856,0.023299532,0.07659131,0.003630614,0.83274895,0.043316286,0.024044024,-7.9601917,0.024044024,composite,2,,43,composite_f2_s43_in22k_v5conf,last
ISIC_0010036,__singleton__ISIC_0010036,__singleton__ISIC_0010036,60+,mskcc,4,True,5,0.0121053625,0.0063466257,0.0070597334,0.079040065,0.010420622,0.8357187,0.049308907,0.028872611,-6.549138,0.028872611,composite,2,,43,composite_f2_s43_in22k_v5conf,last
ISIC_0010043,__singleton__ISIC_0010043,__singleton__ISIC_0010043,40-59,mskcc,5,False,5,0.018931024,0.01439107,0.009118494,0.14962773,0.23146641,0.4774358,0.09902936,0.2647885,-1.1096401,0.2647885,composite,2,,43,composite_f2_s43_in22k_v5conf,last
ISIC_0010075,__singleton__ISIC_0010075,__singleton__ISIC_0010075,40-59,mskcc,5,False,5,0.007793157,0.0060670967,0.011067334,0.066108175,0.0055506146,0.862169,0.041244574,0.019410867,-8.003183,0.019410867,composite,2,,43,composite_f2_s43_in22k_v5conf,last
ISIC_0010081,__singleton__ISIC_0010081,__singleton__ISIC_0010081,60+,mskcc,4,True,1,0.11692491,0.75887865,0.0025172713,0.056056995,0.006526656,0.0025583762,0.05653715,0.88233024,10.518399,0.88233024,composite,2,,43,composite_f2_s43_in22k_v5conf,last
ISIC_0010087,__singleton__ISIC_0010087,__singleton__ISIC_0010087,<40,mskcc,5,False,5,0.011713318,0.006984836,0.011530537,0.071207695,0.0048124013,0.8505236,0.043227527,0.023510555,-7.4689417,0.023510555,composite,2,,43,composite_f2_s43_in22k_v5conf,last
ISIC_0010193,__singleton__ISIC_0010193,__singleton__ISIC_0010193,60+,mskcc,5,False,1,0.010656684,0.808222,0.002861698,0.067379296,0.01723663,0.018791616,0.07485205,0.8361153,6.898166,0.8361153,composite,2,,43,composite_f2_s43_in22k_v5conf,last
ISIC_0010216,__singleton__ISIC_0010216,__singleton__ISIC_0010216,40-59,mskcc,5,False,5,0.010939722,0.007136064,0.007004504,0.06877063,0.0054503367,0.857229,0.04346965,0.023526123,-7.682929,0.023526123,composite,2,,43,composite_f2_s43_in22k_v5conf,last
ISIC_0010256,__singleton__ISIC_0010256,__singleton__ISIC_0010256,<40,mskcc,5,False,5,0.011353229,0.006693518,0.009666391,0.06985733,0.008162803,0.85172457,0.042542093,0.026209552,-6.6223183,0.026209552,composite,2,,43,composite_f2_s43_in22k_v5conf,last
ISIC_0010317,__singleton__ISIC_0010317,__singleton__ISIC_0010317,<40,mskcc,5,False,5,0.010885151,0.007297052,0.007388424,0.06684504,0.007321994,0.85672086,0.04354158,0.025504198,-7.1255574,0.025504198,composite,2,,43,composite_f2_s43_in22k_v5conf,last
ISIC_0010332,__singleton__ISIC_0010332,__singleton__ISIC_0010332,60+,mskcc,5,False,5,0.010193487,0.0065987017,0.006036633,0.055607818,0.013208799,0.86871254,0.039642073,0.030000988,-5.863145,0.030000988,composite,2,,43,composite_f2_s43_in22k_v5conf,last
ISIC_0010334,__singleton__ISIC_0010334,__singleton__ISIC_0010334,60+,mskcc,5,False,5,0.010251996,0.0061491067,0.009385026,0.06871711,0.00439355,0.8600973,0.04100593,0.020794652,-8.246788,0.020794652,composite,2,,43,composite_f2_s43_in22k_v5conf,last
ISIC_0010335,__singleton__ISIC_0010335,__singleton__ISIC_0010335,60+,mskcc,5,False,5,0.010172705,0.0057198526,0.0083554275,0.0649136,0.0043926146,0.8631735,0.043272413,0.020285172,-8.152108,0.020285172,composite,2,,43,composite_f2_s43_in22k_v5conf,last
ISIC_0010347,__singleton__ISIC_0010347,__singleton__ISIC_0010347,<40,mskcc,5,False,5,0.0096204495,0.0066485927,0.0065220185,0.060711607,0.00615917,0.8690872,0.041250844,0.022428213,-7.4609184,0.022428213,composite,2,,43,composite_f2_s43_in22k_v5conf,last
ISIC_0010439,__singleton__ISIC_0010439,__singleton__ISIC_0010439,<40,mskcc,5,False,5,0.010689202,0.006454346,0.006361177,0.07964765,0.014704747,0.8367717,0.04537111,0.031848297,-6.157805,0.031848297,composite,2,,43,composite_f2_s43_in22k_v5conf,last
ISIC_0010440,__singleton__ISIC_0010440,__singleton__ISIC_0010440,40-59,mskcc,5,False,5,0.012329477,0.007892747,0.007131482,0.06943603,0.006779706,0.85295624,0.043474358,0.02700193,-6.6479244,0.02700193,composite,2,,43,composite_f2_s43_in22k_v5conf,last
ISIC_0010442,__singleton__ISIC_0010442,__singleton__ISIC_0010442,<40,mskcc,5,False,5,0.011429807,0.007283118,0.005350535,0.0645228,0.008457847,0.86262065,0.040335275,0.027170772,-6.7438126,0.027170772,composite,2,,43,composite_f2_s43_in22k_v5conf,last
ISIC_0010444,__singleton__ISIC_0010444,__singleton__ISIC_0010444,<40,mskcc,5,False,5,0.00987062,0.006667995,0.007326826,0.061973274,0.006096451,0.8676278,0.040437095,0.022635067,-7.15061,0.022635067,composite,2,,43,composite_f2_s43_in22k_v5conf,last
ISIC_0010445,__singleton__ISIC_0010445,__singleton__ISIC_0010445,<40,mskcc,5,False,5,0.011363652,0.007493079,0.0082927495,0.07301657,0.004055627,0.8538424,0.04193597,0.022912357,-8.122765,0.022912357,composite,2,,43,composite_f2_s43_in22k_v5conf,last
ISIC_0010448,__singleton__ISIC_0010448,__singleton__ISIC_0010448,<40,mskcc,5,False,5,0.009372879,0.0051520164,0.005288182,0.053693615,0.004469589,0.88708526,0.034938484,0.018994484,-7.3543005,0.018994484,composite,2,,43,composite_f2_s43_in22k_v5conf,last
ISIC_0010452,__singleton__ISIC_0010452,__singleton__ISIC_0010452,<40,mskcc,5,False,5,0.014092904,0.0069478466,0.008422038,0.06787886,0.004171462,0.85207856,0.046408296,0.025212213,-7.8907194,0.025212213,composite,2,,43,composite_f2_s43_in22k_v5conf,last
ISIC_0010457,__singleton__ISIC_0010457,__singleton__ISIC_0010457,<40,mskcc,5,False,1,0.005744237,0.89142305,0.0046473863,0.0530894,0.006557607,0.011583103,0.026955262,0.90372485,6.801297,0.90372485,composite,2,,43,composite_f2_s43_in22k_v5conf,last
ISIC_0010466,__singleton__ISIC_0010466,__singleton__ISIC_0010466,60+,mskcc,4,True,5,0.013226878,0.010660543,0.007348195,0.07832875,0.0070740734,0.8373939,0.045967717,0.030961495,-6.4143543,0.030961495,composite,2,,43,composite_f2_s43_in22k_v5conf,last
ISIC_0010480,__singleton__ISIC_0010480,__singleton__ISIC_0010480,60+,mskcc,5,False,4,0.010167183,0.0062608668,0.0050016763,0.056172717,0.875578,0.0063004163,0.040519226,0.89200604,7.348774,0.89200604,composite,2,,43,composite_f2_s43_in22k_v5conf,last
ISIC_0010488,__singleton__ISIC_0010488,__singleton__ISIC_0010488,<40,mskcc,5,False,5,0.010139976,0.006356652,0.007118043,0.0635265,0.005623736,0.8635319,0.043703247,0.022120364,-7.8289056,0.022120364,composite,2,,43,composite_f2_s43_in22k_v5conf,last
ISIC_0010498,__singleton__ISIC_0010498,__singleton__ISIC_0010498,<40,mskcc,5,False,1,0.008163002,0.814401,0.037458096,0.06012484,0.0082044955,0.025173195,0.046475433,0.83076847,3.3168595,0.83076847,composite,2,,43,composite_f2_s43_in22k_v5conf,last
ISIC_0010552,__singleton__ISIC_0010552,__singleton__ISIC_0010552,<40,mskcc,5,False,5,0.010840698,0.007457811,0.0067313863,0.0659713,0.0059956065,0.8610018,0.04200149,0.024294116,-7.102746,0.024294116,composite,2,,43,composite_f2_s43_in22k_v5conf,last
ISIC_0010565,__singleton__ISIC_0010565,__singleton__ISIC_0010565,40-59,mskcc,5,False,5,0.009803625,0.006130863,0.0050041177,0.066324286,0.02149648,0.85342056,0.03781999,0.037430968,-4.2474957,0.037430968,composite,2,,43,composite_f2_s43_in22k_v5conf,last
ISIC_0010569,__singleton__ISIC_0010569,__singleton__ISIC_0010569,40-59,mskcc,5,False,5,0.0114540635,0.0077770054,0.008088874,0.06617467,0.006500507,0.85895574,0.041049145,0.025731577,-6.811763,0.025731577,composite,2,,43,composite_f2_s43_in22k_v5conf,last
ISIC_0010571,__singleton__ISIC_0010571,__singleton__ISIC_0010571,<40,mskcc,5,False,5,0.011485018,0.0072839516,0.007598862,0.06607354,0.0058727576,0.8592396,0.04244631,0.024641728,-7.564241,0.024641728,composite,2,,43,composite_f2_s43_in22k_v5conf,last
ISIC_0010574,__singleton__ISIC_0010574,__singleton__ISIC_0010574,<40,mskcc,5,False,5,0.0110616665,0.0058425716,0.0067638773,0.06603536,0.007039076,0.85861486,0.044642568,0.023943314,-7.1292434,0.023943314,composite,2,,43,composite_f2_s43_in22k_v5conf,last
ISIC_0010582,__singleton__ISIC_0010582,__singleton__ISIC_0010582,40-59,mskcc,5,False,5,0.009670465,0.0069831493,0.0070390203,0.0645121,0.00629366,0.8620548,0.043446694,0.022947274,-7.444796,0.022947274,composite,2,,43,composite_f2_s43_in22k_v5conf,last
ISIC_0010606,__singleton__ISIC_0010606,__singleton__ISIC_0010606,40-59,mskcc,5,False,5,0.010491052,0.007414554,0.0060498654,0.069478735,0.00573242,0.8595203,0.04131312,0.023638025,-7.621369,0.023638025,composite,2,,43,composite_f2_s43_in22k_v5conf,last
ISIC_0010853,__singleton__ISIC_0010853,__singleton__ISIC_0010853,<40,mskcc,5,False,5,0.009941027,0.006376637,0.0055611706,0.060399126,0.006226366,0.8711792,0.04031642,0.02254403,-7.817977,0.02254403,composite,2,,43,composite_f2_s43_in22k_v5conf,last
ISIC_0010862,__singleton__ISIC_0010862,__singleton__ISIC_0010862,60+,mskcc,4,True,6,0.0017381593,0.013465451,0.0017940836,0.07324068,0.36223736,0.0025263457,0.54499793,0.377441,5.4547424,0.377441,composite,2,,43,composite_f2_s43_in22k_v5conf,last
ISIC_0011083,__singleton__ISIC_0011083,__singleton__ISIC_0011083,40-59,mskcc,5,False,4,0.004629464,0.0045124795,0.0039525046,0.059355885,0.8664523,0.027171023,0.0339264,0.8755942,4.4485464,0.8755942,composite,2,,43,composite_f2_s43_in22k_v5conf,last
ISIC_0011089,__singleton__ISIC_0011089,__singleton__ISIC_0011089,<40,mskcc,5,False,5,0.010051704,0.007321961,0.007239339,0.06744265,0.0075194887,0.8585364,0.041888453,0.024893155,-7.1260033,0.024893155,composite,2,,43,composite_f2_s43_in22k_v5conf,last
ISIC_0011092,__singleton__ISIC_0011092,__singleton__ISIC_0011092,40-59,mskcc,5,False,5,0.011099236,0.0072771087,0.00713202,0.06950797,0.007602937,0.854443,0.042937696,0.025979282,-6.9414496,0.025979282,composite,2,,43,composite_f2_s43_in22k_v5conf,last
ISIC_0011102,__singleton__ISIC_0011102,__singleton__ISIC_0011102,60+,mskcc,5,False,5,0.008735512,0.0059076156,0.0071209744,0.06708217,0.00548869,0.8653545,0.040310573,0.020131819,-7.828456,0.020131819,composite,2,,43,composite_f2_s43_in22k_v5conf,last
ISIC_0011118,__singleton__ISIC_0011118,__singleton__ISIC_0011118,60+,mskcc,4,True,5,0.00901966,0.005640433,0.0053056497,0.07069924,0.010171538,0.8571153,0.042048156,0.02483163,-6.267167,0.02483163,composite,2,,43,composite_f2_s43_in22k_v5conf,last
ISIC_0011131,__singleton__ISIC_0011131,__singleton__ISIC_0011131,60+,mskcc,5,False,5,0.01194587,0.007312608,0.008617426,0.06768157,0.0043892744,0.85458446,0.045468703,0.023647752,-7.9193296,0.023647752,composite,2,,43,composite_f2_s43_in22k_v5conf,last
ISIC_0011135,__singleton__ISIC_0011135,__singleton__ISIC_0011135,60+,mskcc,4,True,4,0.008873605,0.005679727,0.0055271457,0.055915773,0.8794531,0.004197623,0.040352993,0.89400643,8.127341,0.89400643,composite,2,,43,composite_f2_s43_in22k_v5conf,last
ISIC_0011149,__singleton__ISIC_0011149,__singleton__ISIC_0011149,40-59,mskcc,5,False,5,0.016441943,0.006169731,0.007780397,0.070086636,0.0051214467,0.8514128,0.042987082,0.027733121,-7.179146,0.027733121,composite,2,,43,composite_f2_s43_in22k_v5conf,last
ISIC_0011156,__singleton__ISIC_0011156,__singleton__ISIC_0011156,40-59,mskcc,5,False,5,0.0101558175,0.0058166124,0.008206185,0.06347668,0.0056495643,0.86596143,0.04073366,0.021621995,-7.374057,0.021621995,composite,2,,43,composite_f2_s43_in22k_v5conf,last
ISIC_0011212,__singleton__ISIC_0011212,__singleton__ISIC_0011212,40-59,mskcc,5,False,5,0.013231631,0.007974316,0.010141159,0.067934774,0.004118242,0.84878427,0.04781561,0.025324188,-8.23423,0.025324188,composite,2,,43,composite_f2_s43_in22k_v5conf,last
ISIC_0011215,__singleton__ISIC_0011215,__singleton__ISIC_0011215,<40,mskcc,5,False,5,0.007549064,0.006038099,0.00420121,0.05725766,0.009024334,0.88167995,0.034249667,0.022611497,-6.1620636,0.022611497,composite,2,,43,composite_f2_s43_in22k_v5conf,last
ISIC_0011229,__singleton__ISIC_0011229,__singleton__ISIC_0011229,40-59,mskcc,5,False,5,0.00985363,0.005854912,0.0077154054,0.07140427,0.0035029964,0.8574108,0.04425806,0.01921154,-8.559379,0.01921154,composite,2,,43,composite_f2_s43_in22k_v5conf,last
ISIC_0011295,__singleton__ISIC_0000519_downsampled,__singleton__ISIC_0011295,60+,mskcc,4,True,5,0.0064553167,0.0047671506,0.004724426,0.060032398,0.022001524,0.87108487,0.030934377,0.03322399,-4.849225,0.03322399,composite,2,,43,composite_f2_s43_in22k_v5conf,last
ISIC_0011301,__singleton__ISIC_0011301,__singleton__ISIC_0011301,<40,mskcc,5,False,5,0.011088251,0.006633023,0.008291374,0.0669016,0.00555821,0.8612235,0.040304005,0.023279482,-7.5262847,0.023279482,composite,2,,43,composite_f2_s43_in22k_v5conf,last
ISIC_0011321,__singleton__ISIC_0011321,__singleton__ISIC_0011321,<40,mskcc,5,False,5,0.0107067,0.006422997,0.0067035262,0.06821094,0.005032133,0.861351,0.0415727,0.02216183,-8.055193,0.02216183,composite,2,,43,composite_f2_s43_in22k_v5conf,last
ISIC_0011341,__singleton__ISIC_0011341,__singleton__ISIC_0011341,40-59,mskcc,5,False,5,0.01130819,0.006258041,0.008223295,0.06825215,0.0037774183,0.8587387,0.04344219,0.02134365,-8.384666,0.02134365,composite,2,,43,composite_f2_s43_in22k_v5conf,last
ISIC_0011350,__singleton__ISIC_0011350,__singleton__ISIC_0011350,60+,mskcc,4,True,4,0.017233403,0.0052914834,0.0050475127,0.05406438,0.7859982,0.095407754,0.036957223,0.8085231,3.423744,0.8085231,composite,2,,43,composite_f2_s43_in22k_v5conf,last
ISIC_0011356,__singleton__ISIC_0011356,__singleton__ISIC_0011356,40-59,mskcc,4,True,4,0.0011845201,0.06388312,0.012792831,0.3013096,0.5020875,0.01648379,0.10225867,0.5671551,3.434773,0.5671551,composite,2,,43,composite_f2_s43_in22k_v5conf,last
ISIC_0011372,__singleton__ISIC_0011372,__singleton__ISIC_0011372,60+,mskcc,5,False,5,0.010041192,0.006789184,0.0062890938,0.06612103,0.0051899552,0.86331797,0.042251486,0.022020333,-7.7315736,0.022020333,composite,2,,43,composite_f2_s43_in22k_v5conf,last
ISIC_0011387,__singleton__ISIC_0011387,__singleton__ISIC_0011387,60+,mskcc,4,True,5,0.01035589,0.0051526795,0.004442652,0.057721265,0.0051553315,0.87941873,0.03775354,0.020663902,-7.2149496,0.020663902,composite,2,,43,composite_f2_s43_in22k_v5conf,last
ISIC_0011397,__singleton__ISIC_0011397,__singleton__ISIC_0011397,<40,mskcc,5,False,4,0.009402793,0.0062079527,0.005708553,0.051999822,0.88976574,0.003655596,0.03325958,0.9053765,8.251498,0.9053765,composite,2,,43,composite_f2_s43_in22k_v5conf,last
ISIC_0012090_downsampled,__singleton__ISIC_0012090_downsampled,__singleton__ISIC_0012090_downsampled,60+,mskcc,2,False,2,0.0076879477,0.009887453,0.88266665,0.054990914,0.005321361,0.0018770059,0.037568554,0.022896763,-5.6614404,0.022896763,composite,2,,43,composite_f2_s43_in22k_v5conf,last
ISIC_0012095_downsampled,__singleton__ISIC_0012095_downsampled,__singleton__ISIC_0012095_downsampled,<40,mskcc,5,False,5,0.009963148,0.0063443454,0.007818054,0.06591867,0.0049119364,0.8621589,0.042885,0.02121943,-8.088599,0.02121943,composite,2,,43,composite_f2_s43_in22k_v5conf,last
ISIC_0012143_downsampled,__singleton__ISIC_0012143_downsampled,__singleton__ISIC_0012143_downsampled,60+,mskcc,2,False,2,0.038474333,0.0048160306,0.84228814,0.06571809,0.0034625782,0.0011966419,0.04404413,0.04675294,-3.9756055,0.04675294,composite,2,,43,composite_f2_s43_in22k_v5conf,last
ISIC_0012150_downsampled,__singleton__ISIC_0012150_downsampled,__singleton__ISIC_0012150_downsampled,60+,mskcc,5,False,5,0.011197842,0.0071991365,0.0074317353,0.06588493,0.0074786916,0.8587084,0.04209938,0.025875669,-7.05305,0.025875669,composite,2,,43,composite_f2_s43_in22k_v5conf,last
ISIC_0012155_downsampled,__singleton__ISIC_0012155_downsampled,__singleton__ISIC_0012155_downsampled,60+,mskcc,2,False,2,0.06704088,0.050913494,0.7849844,0.050823722,0.002888939,0.015589332,0.027759185,0.12084331,-1.2020123,0.12084331,composite,2,,43,composite_f2_s43_in22k_v5conf,last
ISIC_0012164_downsampled,__singleton__ISIC_0012164_downsampled,__singleton__ISIC_0012164_downsampled,<40,mskcc,5,False,5,0.010259774,0.00570411,0.0072037145,0.062396254,0.0051936884,0.86773235,0.04151012,0.021157572,-7.6723847,0.021157572,composite,2,,43,composite_f2_s43_in22k_v5conf,last
ISIC_0012205_downsampled,__singleton__ISIC_0012205_downsampled,__singleton__ISIC_0012205_downsampled,<40,mskcc,5,False,5,0.009762234,0.0058435644,0.0070130504,0.062118407,0.0045956247,0.86834073,0.042326394,0.020201422,-7.8457227,0.020201422,composite,2,,43,composite_f2_s43_in22k_v5conf,last
ISIC_0012210_downsampled,__singleton__ISIC_0012210_downsampled,__singleton__ISIC_0012210_downsampled,40-59,mskcc,2,False,5,0.02108394,0.0017790223,0.0115526365,0.0697337,0.004371846,0.8471477,0.04433114,0.027234808,-7.995497,0.027234808,composite,2,,43,composite_f2_s43_in22k_v5conf,last
ISIC_0012228_downsampled,__singleton__ISIC_0012228_downsampled,__singleton__ISIC_0012228_downsampled,40-59,mskcc,5,False,5,0.013554382,0.0045235315,0.0057200654,0.071076035,0.019060832,0.8402025,0.045862652,0.037138745,-5.136545,0.037138745,composite,2,,43,composite_f2_s43_in22k_v5conf,last
ISIC_0012256_downsampled,__singleton__ISIC_0012256_downsampled,__singleton__ISIC_0012256_downsampled,<40,mskcc,5,False,5,0.020692458,0.0070435354,0.015980346,0.08399646,0.0050909244,0.8092341,0.05796226,0.03282692,-6.745109,0.03282692,composite,2,,43,composite_f2_s43_in22k_v5conf,last
ISIC_0012271_downsampled,__singleton__ISIC_0012271_downsampled,__singleton__ISIC_0012271_downsampled,<40,mskcc,5,False,5,0.010686141,0.0065911827,0.010068394,0.06739294,0.0038470018,0.8557278,0.045686454,0.021124326,-8.210973,0.021124326,composite,2,,43,composite_f2_s43_in22k_v5conf,last
ISIC_0012290_downsampled,__singleton__ISIC_0012290_downsampled,__singleton__ISIC_0012290_downsampled,60+,mskcc,4,True,4,0.006735819,0.0057977163,0.0061660865,0.05345071,0.8903322,0.0033687465,0.034148645,0.90286577,8.14143,0.90286577,composite,2,,43,composite_f2_s43_in22k_v5conf,last
ISIC_0012318_downsampled,__singleton__ISIC_0012318_downsampled,__singleton__ISIC_0012318_downsampled,40-59,mskcc,5,False,5,0.009952788,0.0051132278,0.0059915646,0.07232128,0.008298991,0.85640013,0.041922007,0.023365008,-6.390036,0.023365008,composite,2,,43,composite_f2_s43_in22k_v5conf,last
ISIC_0012330_downsampled,__singleton__ISIC_0012330_downsampled,__singleton__ISIC_0012330_downsampled,60+,mskcc,2,False,2,0.008691613,0.1977631,0.27150935,0.25119203,0.17474957,0.0071849204,0.08890942,0.38120428,2.7813919,0.38120428,composite,2,,43,composite_f2_s43_in22k_v5conf,last
ISIC_0012348_downsampled,__singleton__ISIC_0012348_downsampled,__singleton__ISIC_0012348_downsampled,40-59,mskcc,4,True,4,0.009760376,0.0034605255,0.004755363,0.06657938,0.85775983,0.016101774,0.041582808,0.87098074,5.8435745,0.87098074,composite,2,,43,composite_f2_s43_in22k_v5conf,last
ISIC_0012381_downsampled,__singleton__ISIC_0012381_downsampled,__singleton__ISIC_0012381_downsampled,40-59,mskcc,5,False,5,0.0071116253,0.007814116,0.013270492,0.07247709,0.0028735476,0.83410406,0.062349048,0.017799288,-9.039151,0.017799288,composite,2,,43,composite_f2_s43_in22k_v5conf,last
ISIC_0012391_downsampled,__singleton__ISIC_0012391_downsampled,__singleton__ISIC_0012391_downsampled,60+,mskcc,4,True,4,0.022165617,0.003861428,0.26165095,0.07121847,0.534607,0.0693795,0.03711706,0.560634,-0.14596891,0.560634,composite,2,,43,composite_f2_s43_in22k_v5conf,last
ISIC_0012417_downsampled,__singleton__ISIC_0012417_downsampled,__singleton__ISIC_0012417_downsampled,60+,mskcc,2,False,2,0.009442337,0.008344901,0.9099249,0.04063703,0.0024540047,0.0014109921,0.027785728,0.020241242,-6.241111,0.020241242,composite,2,,43,composite_f2_s43_in22k_v5conf,last
ISIC_0012425_downsampled,__singleton__ISIC_0012425_downsampled,__singleton__ISIC_0012425_downsampled,40-59,mskcc,4,True,5,0.016633159,0.006059048,0.009580291,0.058505453,0.004441252,0.86049455,0.044286206,0.02713346,-7.6435614,0.02713346,composite,2,,43,composite_f2_s43_in22k_v5conf,last
ISIC_0012442_downsampled,__singleton__ISIC_0012442_downsampled,__singleton__ISIC_0012442_downsampled,40-59,mskcc,5,False,5,0.010267829,0.005891436,0.0072695846,0.06856852,0.005945695,0.85729706,0.044759925,0.02210496,-7.616365,0.02210496,composite,2,,43,composite_f2_s43_in22k_v5conf,last
ISIC_0012475_downsampled,__singleton__ISIC_0012475_downsampled,__singleton__ISIC_0012475_downsampled,60+,mskcc,2,False,2,0.007824481,0.0055776015,0.9003192,0.04506771,0.0066821324,0.002478975,0.032049965,0.020084215,-6.17942,0.020084215,composite,2,,43,composite_f2_s43_in22k_v5conf,last
ISIC_0012484_downsampled,__singleton__ISIC_0012484_downsampled,__singleton__ISIC_0012484_downsampled,60+,mskcc,5,False,2,0.014215422,0.0037750804,0.8701411,0.059574228,0.0067356187,0.0009557518,0.04460275,0.02472612,-5.0601177,0.02472612,composite,2,,43,composite_f2_s43_in22k_v5conf,last
ISIC_0012493_downsampled,__singleton__ISIC_0012493_downsampled,__singleton__ISIC_0012493_downsampled,<40,mskcc,5,False,5,0.011326356,0.0065367473,0.0075118095,0.07377088,0.0048643807,0.8445763,0.051413443,0.022727482,-7.796282,0.022727482,composite,2,,43,composite_f2_s43_in22k_v5conf,last
ISIC_0012494_downsampled,__singleton__ISIC_0012494_downsampled,__singleton__ISIC_0012494_downsampled,60+,mskcc,5,False,2,0.009715761,0.0059183547,0.84469897,0.070907004,0.016232574,0.0054987525,0.047028612,0.031866692,-5.915129,0.031866692,composite,2,,43,composite_f2_s43_in22k_v5conf,last
ISIC_0012495_downsampled,__singleton__ISIC_0012495_downsampled,__singleton__ISIC_0012495_downsampled,40-59,mskcc,5,False,5,0.012292809,0.0059783547,0.010181864,0.07096302,0.0053277607,0.8511217,0.04413448,0.023598924,-6.8202114,0.023598924,composite,2,,43,composite_f2_s43_in22k_v5conf,last
ISIC_0012503_downsampled,__singleton__ISIC_0012503_downsampled,__singleton__ISIC_0012503_downsampled,<40,mskcc,5,False,5,0.011710076,0.0068469914,0.009866168,0.06941577,0.0047308397,0.852204,0.04522615,0.023287907,-7.8251667,0.023287907,composite,2,,43,composite_f2_s43_in22k_v5conf,last
ISIC_0012526_downsampled,__singleton__ISIC_0012526_downsampled,__singleton__ISIC_0012526_downsampled,40-59,mskcc,5,False,5,0.012602516,0.006992433,0.0078073847,0.064510666,0.008227773,0.8576902,0.042169064,0.027822722,-6.425189,0.027822722,composite,2,,43,composite_f2_s43_in22k_v5conf,last
ISIC_0012537_downsampled,__singleton__ISIC_0012537_downsampled,__singleton__ISIC_0012537_downsampled,40-59,mskcc,2,False,5,0.017183505,0.009703289,0.026486209,0.10843291,0.09987703,0.682407,0.05591003,0.12676382,-2.0253036,0.12676382,composite,2,,43,composite_f2_s43_in22k_v5conf,last
ISIC_0012547_downsampled,__singleton__ISIC_0012547_downsampled,__singleton__ISIC_0012547_downsampled,60+,mskcc,5,False,2,0.0020280823,0.23986524,0.59177107,0.09092047,0.004600014,0.009863599,0.06095155,0.24649334,-2.5916364,0.24649334,composite,2,,43,composite_f2_s43_in22k_v5conf,last
ISIC_0012654_downsampled,MSK4_0011170,MSK4_0011170,<40,mskcc,5,False,5,0.010244971,0.0057957806,0.0070629315,0.06520765,0.0045726304,0.8640672,0.04304884,0.020613382,-7.834405,0.020613382,composite,2,,43,composite_f2_s43_in22k_v5conf,last
ISIC_0012661_downsampled,MSK4_0011175,MSK4_0011175,40-59,mskcc,2,False,2,0.008327793,0.0048914454,0.9038541,0.04503403,0.0030752202,0.0054941056,0.029323304,0.016294459,-8.252567,0.016294459,composite,2,,43,composite_f2_s43_in22k_v5conf,last
ISIC_0012666_downsampled,MSK4_0011180,MSK4_0011180,60+,mskcc,2,False,5,0.017829852,0.008165215,0.30888677,0.12969895,0.0038992474,0.45592302,0.07559692,0.029894315,-10.104959,0.029894315,composite,2,,43,composite_f2_s43_in22k_v5conf,last
ISIC_0012670_downsampled,MSK4_0011184,MSK4_0011184,60+,mskcc,5,False,5,0.0091368295,0.005061493,0.00786811,0.0625357,0.0040143393,0.8684281,0.04295539,0.018212661,-7.9554734,0.018212661,composite,2,,43,composite_f2_s43_in22k_v5conf,last
ISIC_0012685_downsampled,MSK4_0011195,MSK4_0011195,40-59,mskcc,5,False,4,0.013907831,0.0048979637,0.0075481604,0.10205175,0.75461483,0.053985655,0.06299387,0.77342063,3.5392542,0.77342063,composite,2,,43,composite_f2_s43_in22k_v5conf,last
ISIC_0012693_downsampled,MSK4_0011202,MSK4_0011202,60+,mskcc,2,False,2,0.008972357,0.00512716,0.8859957,0.05283069,0.0061527765,0.005354235,0.035567056,0.020252293,-7.0245075,0.020252293,composite,2,,43,composite_f2_s43_in22k_v5conf,last
ISIC_0012711_downsampled,MSK4_0011220,MSK4_0011220,60+,mskcc,5,False,5,0.007037737,0.0039016835,0.019697072,0.08490486,0.002048825,0.8134952,0.06891466,0.012988245,-10.105668,0.012988245,composite,2,,43,composite_f2_s43_in22k_v5conf,last
ISIC_0012722_downsampled,MSK4_0011236,MSK4_0011236,60+,mskcc,5,False,5,0.012556897,0.006696758,0.007195647,0.069431975,0.005966166,0.8553379,0.042814583,0.02521982,-7.3756237,0.02521982,composite,2,,43,composite_f2_s43_in22k_v5conf,last
ISIC_0012740_downsampled,MSK4_0011255,MSK4_0011255,<40,mskcc,5,False,5,0.01017035,0.0058277166,0.006896546,0.06277537,0.0049489243,0.86810124,0.041279923,0.02094699,-7.6924553,0.02094699,composite,2,,43,composite_f2_s43_in22k_v5conf,last
ISIC_0012742_downsampled,MSK4_0011258,MSK4_0011258,60+,mskcc,5,False,5,0.008293543,0.005454986,0.006741043,0.060615305,0.0042633708,0.87450325,0.040128414,0.0180119,-8.296706,0.0180119,composite,2,,43,composite_f2_s43_in22k_v5conf,last
ISIC_0012749_downsampled,MSK4_0010960,MSK4_0010960,60+,mskcc,4,True,4,0.008474835,0.0059208865,0.0069843223,0.051668268,0.8897108,0.0042109527,0.0330299,0.9041065,8.423208,0.9041065,composite,2,,43,composite_f2_s43_in22k_v5conf,last
ISIC_0012827_downsampled,MSK4_0011338,MSK4_0011338,40-59,mskcc,5,False,5,0.0088531645,0.005238572,0.007696139,0.0667163,0.004936151,0.8664348,0.040124755,0.019027889,-8.045386,0.019027889,composite,2,,43,composite_f2_s43_in22k_v5conf,last
ISIC_0012871_downsampled,MSK4_0011375,MSK4_0011375,40-59,mskcc,5,False,5,0.009861699,0.006422413,0.0072202105,0.065286756,0.004207118,0.86478096,0.042220835,0.02049123,-8.088305,0.02049123,composite,2,,43,composite_f2_s43_in22k_v5conf,last
ISIC_0012927_downsampled,MSK4_0011433,MSK4_0011433,60+,mskcc,2,False,2,0.006487039,0.0024269253,0.8974313,0.051102772,0.002590879,0.008382045,0.031579006,0.011504843,-9.4598055,0.011504843,composite,2,,43,composite_f2_s43_in22k_v5conf,last
ISIC_0012966_downsampled,MSK4_0011467,MSK4_0011467,40-59,mskcc,5,False,5,0.008017016,0.011890978,0.011393647,0.068939365,0.012043233,0.84241056,0.045305174,0.031951226,-5.9408326,0.031951226,composite,2,,43,composite_f2_s43_in22k_v5conf,last
ISIC_0012986_downsampled,MSK4_0011487,MSK4_0011487,60+,mskcc,2,False,2,0.006874771,0.004857593,0.909538,0.043056354,0.0040609646,0.0038169574,0.027795326,0.01579333,-7.0354905,0.01579333,composite,2,,43,composite_f2_s43_in22k_v5conf,last
ISIC_0013000_downsampled,MSK4_0011502,MSK4_0011502,40-59,mskcc,5,False,2,0.0053968416,0.006880769,0.8404418,0.076381646,0.0013703549,0.033368368,0.03616013,0.013647965,-9.3467,0.013647965,composite,2,,43,composite_f2_s43_in22k_v5conf,last
ISIC_0013023_downsampled,MSK4_0011525,MSK4_0011525,40-59,mskcc,5,False,5,0.011093563,0.0064003733,0.006149599,0.06930612,0.008796935,0.8550593,0.043194067,0.026290871,-6.6385593,0.026290871,composite,2,,43,composite_f2_s43_in22k_v5conf,last
ISIC_0013040_downsampled,MSK4_0011540,MSK4_0011540,40-59,mskcc,2,False,2,0.0068217823,0.0041426662,0.90982044,0.04394073,0.00369432,0.004814359,0.026765749,0.014658769,-7.2157803,0.014658769,composite,2,,43,composite_f2_s43_in22k_v5conf,last
ISIC_0013052_downsampled,MSK4_0010524,MSK4_0010524,60+,mskcc,2,False,2,0.0044115884,0.0025820842,0.8752139,0.07407478,0.0041473126,0.009057289,0.030512998,0.011140985,-8.244399,0.011140985,composite,2,,43,composite_f2_s43_in22k_v5conf,last
ISIC_0013056_downsampled,MSK4_0011556,MSK4_0011556,60+,mskcc,2,False,2,0.0018433189,0.011335293,0.94721437,0.027374374,0.000841067,0.0029176478,0.008473949,0.014019679,-6.4851894,0.014019679,composite,2,,43,composite_f2_s43_in22k_v5conf,last
ISIC_0013080_downsampled,MSK4_0010742,MSK4_0010742,60+,mskcc,5,False,4,0.009734297,0.01016911,0.01789324,0.09813054,0.45567814,0.32364374,0.08475093,0.47558153,-0.1299909,0.47558153,composite,2,,43,composite_f2_s43_in22k_v5conf,last
ISIC_0013087_downsampled,MSK4_0011580,MSK4_0011580,40-59,mskcc,5,False,5,0.010772216,0.006050918,0.0072191074,0.062616475,0.005951457,0.86603516,0.041354578,0.02277459,-7.5182257,0.02277459,composite,2,,43,composite_f2_s43_in22k_v5conf,last
ISIC_0013088_downsampled,MSK4_0011581,MSK4_0011581,60+,mskcc,2,False,5,0.0153999645,0.004670137,0.0047613555,0.057387605,0.009502992,0.8711031,0.037174765,0.029573094,-5.9022512,0.029573094,composite,2,,43,composite_f2_s43_in22k_v5conf,last
ISIC_0013090_downsampled,MSK4_0011583,MSK4_0011583,40-59,mskcc,5,False,5,0.010127675,0.005938932,0.008098274,0.06407914,0.004203062,0.86583483,0.041718144,0.02026967,-8.038545,0.02026967,composite,2,,43,composite_f2_s43_in22k_v5conf,last
ISIC_0013106_downsampled,MSK4_0011591,MSK4_0011591,60+,mskcc,5,False,5,0.00849539,0.0045968257,0.008151601,0.06554753,0.0025338107,0.8673197,0.043355092,0.015626026,-8.966165,0.015626026,composite,2,,43,composite_f2_s43_in22k_v5conf,last
ISIC_0013127_downsampled,MSK4_0011609,MSK4_0011609,60+,mskcc,2,False,2,0.010975117,0.0043981434,0.89926296,0.044396494,0.0023524337,0.005585083,0.033029813,0.017725693,-8.069242,0.017725693,composite,2,,43,composite_f2_s43_in22k_v5conf,last
ISIC_0013129_downsampled,MSK4_0011610,MSK4_0011610,40-59,mskcc,2,False,4,0.009270924,0.009569211,0.008542348,0.06549748,0.8676548,0.003133866,0.036331285,0.88649493,7.827962,0.88649493,composite,2,,43,composite_f2_s43_in22k_v5conf,last
ISIC_0013141_downsampled,MSK4_0010963,MSK4_0010963,40-59,mskcc,4,True,5,0.008074397,0.0053739836,0.004321926,0.0633213,0.018152626,0.8444616,0.056294274,0.031601008,-5.6425223,0.031601008,composite,2,,43,composite_f2_s43_in22k_v5conf,last
ISIC_0013160_downsampled,MSK4_0011631,MSK4_0011631,60+,mskcc,2,False,2,0.00663764,0.0037573318,0.91437185,0.041822173,0.003209935,0.0036704855,0.026530653,0.013604907,-7.765208,0.013604907,composite,2,,43,composite_f2_s43_in22k_v5conf,last
ISIC_0013164_downsampled,MSK4_0010430,MSK4_0010430,60+,mskcc,5,False,5,0.013598462,0.007845135,0.0060378015,0.07000694,0.0064652376,0.85636693,0.039679535,0.027908836,-7.0392566,0.027908836,composite,2,,43,composite_f2_s43_in22k_v5conf,last
ISIC_0013178_downsampled,MSK4_0011643,MSK4_0011643,60+,mskcc,2,False,4,0.0144318165,0.16339664,0.019545216,0.12099082,0.605867,0.0053998246,0.07036863,0.78369546,9.208953,0.78369546,composite,2,,43,composite_f2_s43_in22k_v5conf,last
ISIC_0013181_downsampled,MSK4_0010387,MSK4_0010387,40-59,mskcc,5,False,5,0.0112127885,0.0051412443,0.0056087766,0.06454465,0.003974581,0.8638516,0.045666423,0.020328613,-7.4950376,0.020328613,composite,2,,43,composite_f2_s43_in22k_v5conf,last
ISIC_0013191_downsampled,MSK4_0011652,MSK4_0011652,40-59,mskcc,5,False,5,0.30240318,0.0172372,0.172253,0.12067699,0.05259402,0.3047408,0.03009481,0.3722344,-2.7278674,0.3722344,composite,2,,43,composite_f2_s43_in22k_v5conf,last
ISIC_0013207_downsampled,MSK4_0011667,MSK4_0011667,60+,mskcc,5,False,5,0.05551407,0.0060155983,0.0468978,0.10408395,0.013989674,0.7357459,0.037753016,0.075519346,-6.0456047,0.075519346,composite,2,,43,composite_f2_s43_in22k_v5conf,last
ISIC_0013219_downsampled,MSK4_0011678,MSK4_0011678,60+,mskcc,5,False,5,0.009821136,0.0058892793,0.0063309344,0.061635174,0.0038530934,0.87228364,0.04018682,0.01956351,-7.951112,0.01956351,composite,2,,43,composite_f2_s43_in22k_v5conf,last
ISIC_0013270_downsampled,MSK4_0011720,MSK4_0011720,60+,mskcc,2,False,3,0.006393834,0.03372922,0.009424206,0.46291947,0.007660545,0.3693672,0.11050551,0.047783602,-5.3464704,0.047783602,composite,2,,43,composite_f2_s43_in22k_v5conf,last
ISIC_0013271_downsampled,MSK4_0011721,MSK4_0011721,60+,mskcc,2,False,2,0.012577568,0.0070688897,0.75625426,0.1093169,0.005625524,0.04853734,0.06061958,0.025271982,-9.289046,0.025271982,composite,2,,43,composite_f2_s43_in22k_v5conf,last
ISIC_0013316_downsampled,MSK4_0011751,MSK4_0011751,60+,mskcc,2,False,2,0.005797893,0.004153209,0.9069479,0.047705844,0.0036489328,0.0035078714,0.028238324,0.013600035,-7.862815,0.013600035,composite,2,,43,composite_f2_s43_in22k_v5conf,last
ISIC_0013340_downsampled,MSK4_0011016,MSK4_0011016,40-59,mskcc,5,False,5,0.011376708,0.0061759274,0.0055389595,0.07131237,0.0050257915,0.84812343,0.052446842,0.022578426,-7.4425883,0.022578426,composite,2,,43,composite_f2_s43_in22k_v5conf,last
ISIC_0013341_downsampled,MSK4_0011766,MSK4_0011766,60+,mskcc,2,False,2,0.009968034,0.007313769,0.88700914,0.055509374,0.003044512,0.0019171981,0.035237994,0.020326314,-6.4415293,0.020326314,composite,2,,43,composite_f2_s43_in22k_v5conf,last
ISIC_0013370_downsampled,MSK4_0011787,MSK4_0011787,40-59,mskcc,2,False,5,0.008770432,0.0052606612,0.007895151,0.070156,0.005716886,0.85539585,0.046804953,0.01974798,-7.3013864,0.01974798,composite,2,,43,composite_f2_s43_in22k_v5conf,last
ISIC_0013385_downsampled,MSK4_0010303,MSK4_0010303,60+,mskcc,5,False,5,0.010783359,0.006125287,0.0068570436,0.06855365,0.008234924,0.8553279,0.044117805,0.02514357,-6.919929,0.02514357,composite,2,,43,composite_f2_s43_in22k_v5conf,last
ISIC_0013390_downsampled,MSK4_0011802,MSK4_0011802,<40,mskcc,5,False,5,0.011044039,0.0058979504,0.006360575,0.06988737,0.005859058,0.8544157,0.046535384,0.022801049,-7.430933,0.022801049,composite,2,,43,composite_f2_s43_in22k_v5conf,last
ISIC_0013425_downsampled,MSK4_0011021,MSK4_0011021,60+,mskcc,5,False,5,0.02494917,0.008046046,0.010529786,0.1425528,0.14004162,0.59743863,0.07644195,0.17303684,-1.8700943,0.17303684,composite,2,,43,composite_f2_s43_in22k_v5conf,last
ISIC_0013499_downsampled,MSK4_0010440,MSK4_0010440,60+,mskcc,4,True,4,0.00678054,0.0044728913,0.0061943615,0.06285292,0.8662438,0.014870359,0.038585138,0.8774972,4.9886227,0.8774972,composite,2,,43,composite_f2_s43_in22k_v5conf,last
ISIC_0013500_downsampled,MSK4_0010441,MSK4_0010441,60+,mskcc,4,True,4,0.014485292,0.007095232,0.009805091,0.09163966,0.69827265,0.11440602,0.064296015,0.71985316,1.7666341,0.71985316,composite,2,,43,composite_f2_s43_in22k_v5conf,last
ISIC_0013501_downsampled,MSK4_0010442,MSK4_0010442,60+,mskcc,4,True,5,0.017017348,0.011876743,0.009777269,0.10298417,0.098632425,0.6877647,0.071947336,0.12752652,-2.9598281,0.12752652,composite,2,,43,composite_f2_s43_in22k_v5conf,last
ISIC_0013517_downsampled,MSK4_0011047,MSK4_0011047,60+,mskcc,5,False,5,0.009778251,0.005563204,0.0066916943,0.061148204,0.004006195,0.87176913,0.0410434,0.019347649,-7.8546495,0.019347649,composite,2,,43,composite_f2_s43_in22k_v5conf,last
ISIC_0013552_downsampled,MSK4_0011058,MSK4_0011058,60+,mskcc,5,False,5,0.01300975,0.013420903,0.061755065,0.12206122,0.0070211524,0.71220785,0.07052408,0.033451807,-8.556861,0.033451807,composite,2,,43,composite_f2_s43_in22k_v5conf,last
ISIC_0013592_downsampled,MSK4_0011846,MSK4_0011846,<40,mskcc,5,False,5,0.012151338,0.00608856,0.007019023,0.06731213,0.004630205,0.85705394,0.04574484,0.022870105,-7.817486,0.022870105,composite,2,,43,composite_f2_s43_in22k_v5conf,last
ISIC_0013594_downsampled,__singleton__ISIC_0012290_downsampled,MSK4_0010729,60+,mskcc,4,True,4,0.0065292334,0.005551841,0.0062217647,0.053380817,0.89056486,0.0035347783,0.034216747,0.90264595,8.024122,0.90264595,composite,2,,43,composite_f2_s43_in22k_v5conf,last
ISIC_0013603_downsampled,MSK4_0010510,MSK4_0010510,60+,mskcc,5,False,4,0.021536164,0.014675101,0.017878363,0.12776819,0.4908472,0.24960515,0.07768985,0.5270585,0.5901085,0.5270585,composite,2,,43,composite_f2_s43_in22k_v5conf,last
ISIC_0013639_downsampled,MSK4_0010040,MSK4_0010040,40-59,mskcc,4,True,4,0.0069320267,0.0052852784,0.005822157,0.055912092,0.8883777,0.0046098805,0.033060934,0.900595,7.485171,0.900595,composite,2,,43,composite_f2_s43_in22k_v5conf,last
ISIC_0013670_downsampled,MSK4_0010163,MSK4_0010163,60+,mskcc,5,False,5,0.028927775,0.008043532,0.009069082,0.1025565,0.054035738,0.74254674,0.054820646,0.09100705,-3.6996741,0.09100705,composite,2,,43,composite_f2_s43_in22k_v5conf,last
ISIC_0013691_downsampled,MSK4_0010074,MSK4_0010074,60+,mskcc,2,False,2,0.006899023,0.0045312024,0.8978137,0.049491476,0.004030846,0.0057462375,0.031487547,0.015461071,-7.6136637,0.015461071,composite,2,,43,composite_f2_s43_in22k_v5conf,last
ISIC_0013772_downsampled,MSK4_0010227,MSK4_0010227,60+,mskcc,5,False,5,0.011699249,0.006539643,0.0065942626,0.067129545,0.009001468,0.85494417,0.044091698,0.027240358,-6.476219,0.027240358,composite,2,,43,composite_f2_s43_in22k_v5conf,last
ISIC_0013783_downsampled,MSK4_0010703,MSK4_0010703,60+,mskcc,4,True,4,0.007541536,0.0039443267,0.0051439647,0.063690335,0.87485605,0.0061772563,0.03864657,0.8863419,7.1989946,0.8863419,composite,2,,43,composite_f2_s43_in22k_v5conf,last
ISIC_0013794_downsampled,MSK4_0011083,MSK4_0011083,40-59,mskcc,5,False,5,0.010326316,0.0065293834,0.008196678,0.0624895,0.0044845054,0.86568815,0.042285543,0.021340203,-8.170104,0.021340203,composite,2,,43,composite_f2_s43_in22k_v5conf,last
ISIC_0013795_downsampled,MSK4_0011084,MSK4_0011084,40-59,mskcc,5,False,5,0.010946093,0.006710655,0.006624879,0.06566406,0.005510186,0.8622995,0.04224465,0.023166932,-7.763324,0.023166932,composite,2,,43,composite_f2_s43_in22k_v5conf,last
ISIC_0013797_downsampled,MSK4_0011086,MSK4_0011086,40-59,mskcc,5,False,5,0.011867739,0.0063646524,0.016988333,0.071787946,0.010503527,0.83550084,0.04698705,0.028735919,-6.6850348,0.028735919,composite,2,,43,composite_f2_s43_in22k_v5conf,last
ISIC_0013808_downsampled,MSK4_0011098,MSK4_0011098,40-59,mskcc,5,False,5,0.010639947,0.0075402483,0.0061754216,0.06671475,0.005957851,0.86139196,0.041579846,0.024138046,-7.360645,0.024138046,composite,2,,43,composite_f2_s43_in22k_v5conf,last
ISIC_0013817_downsampled,MSK4_0010066,MSK4_0010066,60+,mskcc,2,False,5,0.020798402,0.010994388,0.076650605,0.117864184,0.0062117223,0.6804429,0.08703778,0.03800451,-9.302077,0.03800451,composite,2,,43,composite_f2_s43_in22k_v5conf,last
ISIC_0013840_downsampled,MSK4_0010696,MSK4_0010696,60+,mskcc,4,True,4,0.0028222909,0.00446672,0.009976085,0.06828843,0.85593724,0.0091055585,0.049403656,0.86322623,5.0606813,0.86322623,composite,2,,43,composite_f2_s43_in22k_v5conf,last
ISIC_0013886_downsampled,MSK4_0010519,MSK4_0010519,60+,mskcc,5,False,5,0.00968271,0.0058221547,0.006081559,0.0653732,0.0049553635,0.868871,0.039213907,0.02046023,-7.651758,0.02046023,composite,2,,43,composite_f2_s43_in22k_v5conf,last
ISIC_0013908_downsampled,MSK4_0010423,MSK4_0010423,60+,mskcc,4,True,4,0.0073844367,0.0061081205,0.011181547,0.07700023,0.840226,0.014568371,0.04353134,0.8537186,5.07307,0.8537186,composite,2,,43,composite_f2_s43_in22k_v5conf,last
ISIC_0013910_downsampled,MSK4_0010425,MSK4_0010425,60+,mskcc,2,False,5,0.024833044,0.008788077,0.14644735,0.119285114,0.0045602033,0.63095045,0.06513575,0.038181324,-9.291392,0.038181324,composite,2,,43,composite_f2_s43_in22k_v5conf,last
ISIC_0013922_downsampled,MSK4_0010142,MSK4_0010142,60+,mskcc,5,False,5,0.014322789,0.006620555,0.0058774385,0.07146847,0.010789639,0.8405148,0.050406363,0.031732984,-6.0327787,0.031732984,composite,2,,43,composite_f2_s43_in22k_v5conf,last
ISIC_0013942_downsampled,MSK4_0010875,MSK4_0010875,40-59,mskcc,5,False,5,0.008315238,0.0024955978,0.07070303,0.08649836,0.03506133,0.7380535,0.058872953,0.045872167,-6.122342,0.045872167,composite,2,,43,composite_f2_s43_in22k_v5conf,last
ISIC_0013946_downsampled,MSK4_0010585,MSK4_0010585,40-59,mskcc,5,False,4,0.003900404,0.004112829,0.04686652,0.06949602,0.8043963,0.007547133,0.063680835,0.8124095,4.226501,0.8124095,composite,2,,43,composite_f2_s43_in22k_v5conf,last
ISIC_0013961_downsampled,MSK4_0010328,MSK4_0010328,<40,mskcc,5,False,5,0.011518126,0.006511065,0.006570313,0.0727574,0.005027486,0.84644586,0.051169716,0.023056677,-7.2282896,0.023056677,composite,2,,43,composite_f2_s43_in22k_v5conf,last
ISIC_0013972_downsampled,MSK4_0010697,MSK4_0010697,60+,mskcc,4,True,4,0.024147198,0.024496984,0.003156057,0.09131174,0.79667753,0.0057524983,0.054457903,0.8453217,8.972283,0.8453217,composite,2,,43,composite_f2_s43_in22k_v5conf,last
ISIC_0013982_downsampled,MSK4_0010621,MSK4_0010621,60+,mskcc,5,False,2,0.022180146,0.0056970147,0.4750608,0.13970028,0.007983546,0.26634246,0.083035864,0.035860706,-9.266425,0.035860706,composite,2,,43,composite_f2_s43_in22k_v5conf,last
ISIC_0013984_downsampled,MSK4_0010042,MSK4_0010042,60+,mskcc,4,True,4,0.0071454775,0.0042392537,0.0046015326,0.05609119,0.8823483,0.0058444627,0.039729737,0.893733,7.1634502,0.893733,composite,2,,43,composite_f2_s43_in22k_v5conf,last
ISIC_0014029_downsampled,MSK4_0010033,MSK4_0010033,<40,mskcc,2,False,2,0.007790084,0.0037030755,0.89629215,0.046351224,0.007427147,0.006140687,0.032295562,0.018920306,-7.5201535,0.018920306,composite,2,,43,composite_f2_s43_in22k_v5conf,last
ISIC_0014037_downsampled,MSK4_0010061,MSK4_0010061,60+,mskcc,4,True,4,0.013470503,0.01720659,0.07061836,0.14034519,0.6898519,0.0020961335,0.06641131,0.72052896,6.5285153,0.72052896,composite,2,,43,composite_f2_s43_in22k_v5conf,last
ISIC_0014093_downsampled,MSK4_0010156,MSK4_0010156,40-59,mskcc,5,False,5,0.010015001,0.0071142423,0.005579961,0.068940654,0.015954006,0.849094,0.043302093,0.03308325,-5.774537,0.03308325,composite,2,,43,composite_f2_s43_in22k_v5conf,last
ISIC_0014099_downsampled,MSK4_0010961,MSK4_0010961,60+,mskcc,4,True,2,0.0033368024,0.007792084,0.7989126,0.07567225,0.001767375,0.0014056524,0.11111328,0.012896262,-7.4509296,0.012896262,composite,2,,43,composite_f2_s43_in22k_v5conf,last
ISIC_0014131_downsampled,MSK4_0010557,MSK4_0010557,60+,mskcc,5,False,5,0.013294338,0.0061426717,0.008398462,0.079265274,0.010953661,0.83597076,0.04597482,0.03039067,-6.5293365,0.03039067,composite,2,,43,composite_f2_s43_in22k_v5conf,last
ISIC_0014148_downsampled,MSK4_0010671,MSK4_0010671,60+,mskcc,4,True,4,0.013044963,0.004711054,0.007942557,0.061746895,0.8680178,0.0045602485,0.039976444,0.88577384,7.6359043,0.88577384,composite,2,,43,composite_f2_s43_in22k_v5conf,last
ISIC_0014183_downsampled,MSK4_0010166,MSK4_0010166,60+,mskcc,4,True,4,0.0076686675,0.005532006,0.0069149937,0.05202529,0.8882069,0.0030359991,0.036616147,0.9014076,7.9616785,0.9014076,composite,2,,43,composite_f2_s43_in22k_v5conf,last
ISIC_0014264_downsampled,MSK4_0010589,MSK4_0010589,40-59,mskcc,2,False,2,0.0068319505,0.004833323,0.9071492,0.04286696,0.0040674256,0.00471134,0.029539827,0.015732698,-7.5104113,0.015732698,composite,2,,43,composite_f2_s43_in22k_v5conf,last
ISIC_0014319_downsampled,MSK4_0010053,MSK4_0010053,60+,mskcc,4,True,4,0.0080148475,0.0037805808,0.006549215,0.064132124,0.8732841,0.006487994,0.037751164,0.8850795,6.3753514,0.8850795,composite,2,,43,composite_f2_s43_in22k_v5conf,last
ISIC_0014328_downsampled,MSK4_0010366,MSK4_0010366,60+,mskcc,5,False,2,0.013018996,0.0063693,0.5511518,0.15005837,0.010469882,0.20282805,0.066103615,0.029858178,-8.223925,0.029858178,composite,2,,43,composite_f2_s43_in22k_v5conf,last
ISIC_0014346_downsampled,MSK4_0011994,MSK4_0011994,<40,mskcc,5,False,5,0.009886131,0.0056961495,0.0057344995,0.06354261,0.0049554436,0.8670454,0.043139685,0.020537723,-7.7939043,0.020537723,composite,2,,43,composite_f2_s43_in22k_v5conf,last
ISIC_0014409_downsampled,MSK4_0012018,MSK4_0012018,40-59,mskcc,2,False,5,0.011920457,0.00649276,0.013409752,0.06332804,0.004053351,0.85777086,0.043024868,0.022466566,-8.258142,0.022466566,composite,2,,43,composite_f2_s43_in22k_v5conf,last
ISIC_0014441_downsampled,MSK4_0012028,MSK4_0012028,40-59,mskcc,5,False,2,0.010274534,0.005891377,0.7714975,0.072494455,0.007254553,0.08258275,0.050004788,0.023420464,-8.254132,0.023420464,composite,2,,43,composite_f2_s43_in22k_v5conf,last
ISIC_0014457_downsampled,MSK4_0012036,MSK4_0012036,60+,mskcc,2,False,5,0.0156078795,0.008501815,0.023375317,0.08231849,0.0042470684,0.81011164,0.055837814,0.028356764,-8.379245,0.028356764,composite,2,,43,composite_f2_s43_in22k_v5conf,last
ISIC_0014475_downsampled,MSK4_0012041,MSK4_0012041,40-59,mskcc,5,False,5,0.009662278,0.0061857915,0.0064050667,0.06552038,0.008312299,0.85851127,0.04540289,0.02416037,-6.883386,0.02416037,composite,2,,43,composite_f2_s43_in22k_v5conf,last
ISIC_0014486_downsampled,MSK4_0010077,MSK4_0010077,60+,mskcc,4,True,4,0.009252046,0.0057222745,0.0055006365,0.059217867,0.8766364,0.004436023,0.03923478,0.8916107,7.6513143,0.8916107,composite,2,,43,composite_f2_s43_in22k_v5conf,last
ISIC_0014489_downsampled,MSK4_0010860,MSK4_0010860,60+,mskcc,4,True,5,0.016821317,0.0071737044,0.0050538457,0.085141644,0.015979763,0.8252857,0.04454407,0.039974786,-5.2354484,0.039974786,composite,2,,43,composite_f2_s43_in22k_v5conf,last
ISIC_0014498_downsampled,MSK4_0012046,MSK4_0012046,<40,mskcc,5,False,5,0.010642697,0.0068317596,0.008182287,0.064068094,0.005424427,0.8622912,0.042559505,0.022898884,-7.880608,0.022898884,composite,2,,43,composite_f2_s43_in22k_v5conf,last
ISIC_0014516_downsampled,MSK4_0012054,MSK4_0012054,60+,mskcc,5,False,5,0.012694551,0.0062718526,0.007131032,0.06319741,0.0067484058,0.86361146,0.040345266,0.02571481,-6.3258395,0.02571481,composite,2,,43,composite_f2_s43_in22k_v5conf,last
ISIC_0014522_downsampled,MSK4_0012056,MSK4_0012056,40-59,mskcc,5,False,5,0.015212852,0.0071771457,0.006459391,0.089279786,0.02018122,0.8072523,0.054437306,0.042571217,-5.2735643,0.042571217,composite,2,,43,composite_f2_s43_in22k_v5conf,last
ISIC_0014525_downsampled,MSK4_0010701,MSK4_0010701,60+,mskcc,4,True,4,0.0104409,0.0050749234,0.0018085467,0.03621321,0.91550004,0.005651148,0.025311122,0.93101585,8.376117,0.93101585,composite,2,,43,composite_f2_s43_in22k_v5conf,last
ISIC_0014548_downsampled,MSK4_0010824,MSK4_0010824,60+,mskcc,4,True,4,0.010060029,0.0056551923,0.0061248466,0.065395094,0.8648439,0.005891598,0.04202931,0.88055915,7.4291058,0.88055915,composite,2,,43,composite_f2_s43_in22k_v5conf,last
ISIC_0014559_downsampled,MSK4_0010895,MSK4_0010895,60+,mskcc,4,True,4,0.012509973,0.007894047,0.004673231,0.061161242,0.871322,0.0028491945,0.03959032,0.891726,9.011513,0.891726,composite,2,,43,composite_f2_s43_in22k_v5conf,last
ISIC_0014569_downsampled,__singleton__ISIC_0014569_downsampled,__singleton__ISIC_0014569_downsampled,60+,mskcc,2,False,2,0.007951453,0.0062947916,0.8835829,0.058432113,0.005123299,0.0047682677,0.033847187,0.019369544,-7.369449,0.019369544,composite,2,,43,composite_f2_s43_in22k_v5conf,last
ISIC_0014572_downsampled,__singleton__ISIC_0014572_downsampled,__singleton__ISIC_0014572_downsampled,60+,mskcc,2,False,2,0.011499144,0.00585178,0.8793984,0.056719616,0.005490752,0.005782725,0.035257597,0.022841675,-7.135437,0.022841675,composite,2,,43,composite_f2_s43_in22k_v5conf,last
ISIC_0014579_downsampled,__singleton__ISIC_0014579_downsampled,__singleton__ISIC_0014579_downsampled,60+,mskcc,2,False,2,0.0060421685,0.0040246565,0.91534483,0.041327387,0.0033675353,0.0031115578,0.026781857,0.01343436,-7.7879076,0.01343436,composite,2,,43,composite_f2_s43_in22k_v5conf,last
ISIC_0014592_downsampled,__singleton__ISIC_0014592_downsampled,__singleton__ISIC_0014592_downsampled,60+,mskcc,2,False,5,0.013481255,0.0024404386,0.04335988,0.059090637,0.13972281,0.709871,0.032034036,0.1556445,-2.1137252,0.1556445,composite,2,,43,composite_f2_s43_in22k_v5conf,last
ISIC_0014612_downsampled,__singleton__ISIC_0014612_downsampled,__singleton__ISIC_0014612_downsampled,60+,mskcc,2,False,2,0.023338526,0.0060831304,0.8705966,0.060816176,0.002623489,0.0016497426,0.034892425,0.032045145,-6.1193466,0.032045145,composite,2,,43,composite_f2_s43_in22k_v5conf,last
ISIC_0014615_downsampled,__singleton__ISIC_0014615_downsampled,__singleton__ISIC_0014615_downsampled,60+,mskcc,2,False,2,0.012922829,0.0052398336,0.8510875,0.067788735,0.0018118478,0.023399875,0.037749298,0.01997451,-9.282057,0.01997451,composite,2,,43,composite_f2_s43_in22k_v5conf,last
ISIC_0014625_downsampled,__singleton__ISIC_0014625_downsampled,__singleton__ISIC_0014625_downsampled,60+,mskcc,2,False,4,0.008242481,0.005472372,0.0072174645,0.058575705,0.875537,0.0047708103,0.040184222,0.8892518,7.527399,0.8892518,composite,2,,43,composite_f2_s43_in22k_v5conf,last
ISIC_0014637_downsampled,__singleton__ISIC_0014637_downsampled,__singleton__ISIC_0014637_downsampled,60+,mskcc,2,False,2,0.0067836945,0.008703951,0.88565713,0.05372398,0.0052963314,0.005892632,0.033942338,0.020783976,-7.2745085,0.020783976,composite,2,,43,composite_f2_s43_in22k_v5conf,last
ISIC_0014639_downsampled,__singleton__ISIC_0014639_downsampled,__singleton__ISIC_0014639_downsampled,60+,mskcc,2,False,5,0.012229966,0.007125575,0.007581844,0.06732701,0.0062317383,0.85815126,0.041352525,0.02558728,-6.861394,0.02558728,composite,2,,43,composite_f2_s43_in22k_v5conf,last
ISIC_0014667_downsampled,__singleton__ISIC_0014667_downsampled,__singleton__ISIC_0014667_downsampled,60+,mskcc,5,False,5,0.017956952,0.1849869,0.0058884756,0.134538,0.16988151,0.42955515,0.057192992,0.37282538,0.5011291,0.37282538,composite,2,,43,composite_f2_s43_in22k_v5conf,last
ISIC_0014729_downsampled,__singleton__ISIC_0014729_downsampled,__singleton__ISIC_0014729_downsampled,40-59,mskcc,5,False,5,0.0025878495,0.26788536,0.006947367,0.13756396,0.06510848,0.3337189,0.18618809,0.3355817,0.739812,0.3355817,composite,2,,43,composite_f2_s43_in22k_v5conf,last
ISIC_0014740_downsampled,__singleton__ISIC_0014740_downsampled,__singleton__ISIC_0014740_downsampled,<40,mskcc,5,False,5,0.01067205,0.008803832,0.014508412,0.083844416,0.10785948,0.7085246,0.06578725,0.12733535,-2.1384208,0.12733535,composite,2,,43,composite_f2_s43_in22k_v5conf,last
ISIC_0014742_downsampled,__singleton__ISIC_0014742_downsampled,__singleton__ISIC_0014742_downsampled,unknown,mskcc,5,False,5,0.010205842,0.006239756,0.0072932155,0.06309676,0.0037484374,0.8665258,0.04289018,0.020194035,-8.398479,0.020194035,composite,2,,43,composite_f2_s43_in22k_v5conf,last
ISIC_0014745_downsampled,__singleton__ISIC_0014745_downsampled,__singleton__ISIC_0014745_downsampled,60+,mskcc,5,False,5,0.009763221,0.005162304,0.006761335,0.068223976,0.003437934,0.86434436,0.042306915,0.018363459,-8.3732815,0.018363459,composite,2,,43,composite_f2_s43_in22k_v5conf,last
ISIC_0014786_downsampled,__singleton__ISIC_0014786_downsampled,__singleton__ISIC_0014786_downsampled,<40,mskcc,5,False,5,0.010989198,0.005672202,0.00735609,0.05850245,0.0045322147,0.8678258,0.04512207,0.021193614,-7.4893217,0.021193614,composite,2,,43,composite_f2_s43_in22k_v5conf,last
ISIC_0014793_downsampled,__singleton__ISIC_0014793_downsampled,__singleton__ISIC_0014793_downsampled,40-59,mskcc,2,False,2,0.006611382,0.0047329944,0.9039994,0.046480533,0.00450513,0.003820815,0.02984971,0.015849506,-7.3120775,0.015849506,composite,2,,43,composite_f2_s43_in22k_v5conf,last
ISIC_0014802_downsampled,__singleton__ISIC_0014802_downsampled,__singleton__ISIC_0014802_downsampled,unknown,mskcc,5,False,5,0.011014311,0.007231205,0.007390302,0.07118525,0.005063694,0.8529865,0.045128662,0.023309208,-7.7822075,0.023309208,composite,2,,43,composite_f2_s43_in22k_v5conf,last
ISIC_0014812_downsampled,__singleton__ISIC_0014812_downsampled,__singleton__ISIC_0014812_downsampled,60+,mskcc,5,False,5,0.011247475,0.0075458237,0.006962031,0.06610329,0.006001603,0.8620199,0.04011989,0.0247949,-7.3402247,0.0247949,composite,2,,43,composite_f2_s43_in22k_v5conf,last
ISIC_0014818_downsampled,__singleton__ISIC_0014818_downsampled,__singleton__ISIC_0014818_downsampled,unknown,mskcc,5,False,5,0.011292222,0.0075980206,0.009347066,0.06775243,0.0043711164,0.8542428,0.04539636,0.023261359,-8.020766,0.023261359,composite,2,,43,composite_f2_s43_in22k_v5conf,last
ISIC_0014830_downsampled,__singleton__ISIC_0014830_downsampled,__singleton__ISIC_0014830_downsampled,unknown,mskcc,5,False,5,0.009994053,0.0066871047,0.008732553,0.064717844,0.004703929,0.8629959,0.042168584,0.021385087,-7.5418816,0.021385087,composite,2,,43,composite_f2_s43_in22k_v5conf,last
ISIC_0014854_downsampled,__singleton__ISIC_0014854_downsampled,__singleton__ISIC_0014854_downsampled,<40,mskcc,5,False,5,0.008708651,0.004261262,0.0050013964,0.0586757,0.0035002336,0.8808051,0.03904776,0.016470147,-8.068133,0.016470147,composite,2,,43,composite_f2_s43_in22k_v5conf,last
ISIC_0014855_downsampled,__singleton__ISIC_0014855_downsampled,__singleton__ISIC_0014855_downsampled,unknown,mskcc,5,False,5,0.0107426355,0.0068086595,0.0051354626,0.06905078,0.011835599,0.851443,0.044983897,0.029386895,-6.3766994,0.029386895,composite,2,,43,composite_f2_s43_in22k_v5conf,last
ISIC_0014898_downsampled,__singleton__ISIC_0014898_downsampled,__singleton__ISIC_0014898_downsampled,40-59,mskcc,5,False,5,0.006669973,0.003789056,0.0046354057,0.05533801,0.0061867037,0.8877253,0.035655513,0.016645733,-7.52013,0.016645733,composite,2,,43,composite_f2_s43_in22k_v5conf,last
ISIC_0014913_downsampled,__singleton__ISIC_0014913_downsampled,__singleton__ISIC_0014913_downsampled,40-59,mskcc,5,False,5,0.011610313,0.006957686,0.008127892,0.06337768,0.004097316,0.8578251,0.04800397,0.022665316,-8.233519,0.022665316,composite,2,,43,composite_f2_s43_in22k_v5conf,last
ISIC_0014927_downsampled,__singleton__ISIC_0014927_downsampled,__singleton__ISIC_0014927_downsampled,<40,mskcc,5,False,5,0.009235887,0.0072930693,0.0064609745,0.06735913,0.005001969,0.86184126,0.042807758,0.021530926,-7.914427,0.021530926,composite,2,,43,composite_f2_s43_in22k_v5conf,last
ISIC_0014931_downsampled,__singleton__ISIC_0014931_downsampled,__singleton__ISIC_0014931_downsampled,60+,mskcc,4,True,4,0.009629718,0.004684993,0.0089761885,0.051034477,0.8812746,0.006061138,0.03833884,0.8955893,6.948925,0.8955893,composite,2,,43,composite_f2_s43_in22k_v5conf,last
ISIC_0014962_downsampled,__singleton__ISIC_0014962_downsampled,__singleton__ISIC_0014962_downsampled,<40,mskcc,5,False,5,0.010305891,0.0056298417,0.0051787873,0.06288326,0.0053262715,0.86489135,0.045784537,0.021262003,-7.7229156,0.021262003,composite,2,,43,composite_f2_s43_in22k_v5conf,last
ISIC_0014973_downsampled,__singleton__ISIC_0014973_downsampled,__singleton__ISIC_0014973_downsampled,unknown,mskcc,5,False,5,0.00807558,0.004365071,0.009135336,0.06816075,0.0056890477,0.86051375,0.044060506,0.018129699,-7.5844793,0.018129699,composite,2,,43,composite_f2_s43_in22k_v5conf,last
ISIC_0014975_downsampled,__singleton__ISIC_0014975_downsampled,__singleton__ISIC_0014975_downsampled,60+,mskcc,4,True,4,0.0031490899,0.0032051466,0.009310245,0.033938456,0.9016062,0.01830729,0.030483581,0.9079604,5.063896,0.9079604,composite,2,,43,composite_f2_s43_in22k_v5conf,last
ISIC_0015005_downsampled,__singleton__ISIC_0015005_downsampled,__singleton__ISIC_0015005_downsampled,40-59,mskcc,4,True,5,0.012796928,0.012039437,0.009390313,0.081961036,0.17869866,0.65588945,0.049224205,0.20353502,-0.18279102,0.20353502,composite,2,,43,composite_f2_s43_in22k_v5conf,last
ISIC_0015006_downsampled,__singleton__ISIC_0015006_downsampled,__singleton__ISIC_0015006_downsampled,<40,mskcc,2,False,2,0.0065222643,0.0043618884,0.91720015,0.03879837,0.0030702862,0.0033831627,0.026663927,0.013954439,-7.673088,0.013954439,composite,2,,43,composite_f2_s43_in22k_v5conf,last
ISIC_0015008_downsampled,__singleton__ISIC_0015008_downsampled,__singleton__ISIC_0015008_downsampled,unknown,mskcc,5,False,5,0.00868037,0.008013782,0.06441513,0.07669696,0.003366682,0.782686,0.05614112,0.020060834,-9.139104,0.020060834,composite,2,,43,composite_f2_s43_in22k_v5conf,last
ISIC_0015013_downsampled,__singleton__ISIC_0015013_downsampled,__singleton__ISIC_0015013_downsampled,<40,mskcc,5,False,5,0.010040784,0.009394313,0.007795066,0.066647224,0.008680294,0.856609,0.04083342,0.028115392,-6.3085194,0.028115392,composite,2,,43,composite_f2_s43_in22k_v5conf,last
ISIC_0015030_downsampled,__singleton__ISIC_0015030_downsampled,__singleton__ISIC_0015030_downsampled,<40,mskcc,5,False,5,0.011629917,0.007304022,0.008446859,0.064620316,0.0045082127,0.86188495,0.041605704,0.023442151,-7.9036455,0.023442151,composite,2,,43,composite_f2_s43_in22k_v5conf,last
ISIC_0015035_downsampled,__singleton__ISIC_0015035_downsampled,__singleton__ISIC_0015035_downsampled,40-59,mskcc,5,False,4,0.041896567,0.0029056577,0.003660603,0.07082043,0.7572785,0.06988446,0.053553823,0.80208075,1.7491009,0.80208075,composite,2,,43,composite_f2_s43_in22k_v5conf,last
ISIC_0015060_downsampled,__singleton__ISIC_0015060_downsampled,__singleton__ISIC_0015060_downsampled,40-59,mskcc,5,False,5,0.010236842,0.006789011,0.006455756,0.064298876,0.005274741,0.86540776,0.041536875,0.022300594,-7.5034204,0.022300594,composite,2,,43,composite_f2_s43_in22k_v5conf,last
ISIC_0015109_downsampled,__singleton__ISIC_0015109_downsampled,__singleton__ISIC_0015109_downsampled,40-59,mskcc,4,True,5,0.012383346,0.01171908,0.01647401,0.1437939,0.26664397,0.4555646,0.093421124,0.2907464,-1.1176912,0.2907464,composite,2,,43,composite_f2_s43_in22k_v5conf,last
ISIC_0015124_downsampled,__singleton__ISIC_0015124_downsampled,__singleton__ISIC_0015124_downsampled,40-59,mskcc,4,True,4,0.007327433,0.0035396942,0.002961974,0.04131235,0.9150744,0.0027071817,0.02707689,0.9259415,8.60878,0.9259415,composite,2,,43,composite_f2_s43_in22k_v5conf,last
ISIC_0015146_downsampled,__singleton__ISIC_0015146_downsampled,__singleton__ISIC_0015146_downsampled,unknown,mskcc,5,False,5,0.009102291,0.006412166,0.0060717394,0.06759712,0.005287914,0.8659935,0.039535224,0.020802371,-7.87286,0.020802371,composite,2,,43,composite_f2_s43_in22k_v5conf,last
ISIC_0015157_downsampled,__singleton__ISIC_0015157_downsampled,__singleton__ISIC_0015157_downsampled,40-59,mskcc,5,False,5,0.011792361,0.0072981766,0.0074552335,0.06682219,0.0050585903,0.8584637,0.043109775,0.024149127,-7.435222,0.024149127,composite,2,,43,composite_f2_s43_in22k_v5conf,last
ISIC_0015160_downsampled,__singleton__ISIC_0015160_downsampled,__singleton__ISIC_0015160_downsampled,<40,mskcc,5,False,5,0.009596456,0.0055960575,0.009718256,0.070746295,0.0041173827,0.8567102,0.043515358,0.019309897,-8.251921,0.019309897,composite,2,,43,composite_f2_s43_in22k_v5conf,last
ISIC_0015201_downsampled,__singleton__ISIC_0015201_downsampled,__singleton__ISIC_0015201_downsampled,<40,mskcc,5,False,5,0.011260262,0.0073516048,0.0071402555,0.0682217,0.0053017014,0.8553335,0.045390993,0.023913568,-7.746035,0.023913568,composite,2,,43,composite_f2_s43_in22k_v5conf,last
ISIC_0015212_downsampled,__singleton__ISIC_0015212_downsampled,__singleton__ISIC_0015212_downsampled,<40,mskcc,5,False,5,0.011657726,0.0072343266,0.0057629924,0.068259254,0.005060628,0.85994387,0.042081088,0.023952682,-7.276313,0.023952682,composite,2,,43,composite_f2_s43_in22k_v5conf,last
ISIC_0015215_downsampled,__singleton__ISIC_0015215_downsampled,__singleton__ISIC_0015215_downsampled,40-59,mskcc,5,False,5,0.010100117,0.006773258,0.006518045,0.07077522,0.008910424,0.854653,0.042270005,0.0257838,-6.7740717,0.0257838,composite,2,,43,composite_f2_s43_in22k_v5conf,last
ISIC_0015219_downsampled,__singleton__ISIC_0015219_downsampled,__singleton__ISIC_0015219_downsampled,unknown,mskcc,4,True,4,0.009715256,0.006108825,0.008755942,0.0682125,0.8558599,0.007859277,0.043488376,0.87168396,6.897935,0.87168396,composite,2,,43,composite_f2_s43_in22k_v5conf,last
ISIC_0015232_downsampled,__singleton__ISIC_0015232_downsampled,__singleton__ISIC_0015232_downsampled,40-59,mskcc,5,False,5,0.00963682,0.008804511,0.00832383,0.06375016,0.0052209673,0.8630114,0.041252267,0.023662299,-7.7327113,0.023662299,composite,2,,43,composite_f2_s43_in22k_v5conf,last
ISIC_0015233_downsampled,__singleton__ISIC_0015233_downsampled,__singleton__ISIC_0015233_downsampled,60+,mskcc,2,False,2,0.008601211,0.004533292,0.90388405,0.047144555,0.0034536982,0.0018903014,0.030492844,0.016588202,-6.9727545,0.016588202,composite,2,,43,composite_f2_s43_in22k_v5conf,last
ISIC_0015291_downsampled,__singleton__ISIC_0015291_downsampled,__singleton__ISIC_0015291_downsampled,<40,mskcc,5,False,5,0.014622353,0.0077610207,0.016192943,0.07444868,0.004621914,0.83904797,0.043305065,0.027005287,-7.850306,0.027005287,composite,2,,43,composite_f2_s43_in22k_v5conf,last
ISIC_0015309_downsampled,__singleton__ISIC_0015309_downsampled,__singleton__ISIC_0015309_downsampled,<40,mskcc,5,False,5,0.018339248,0.0072515244,0.008784007,0.11397542,0.07434229,0.70611584,0.07119168,0.09993306,-3.5413868,0.09993306,composite,2,,43,composite_f2_s43_in22k_v5conf,last
ISIC_0015372_downsampled,__singleton__ISIC_0015372_downsampled,__singleton__ISIC_0015372_downsampled,40-59,mskcc,5,False,4,0.011359454,0.010610106,0.009506773,0.11802311,0.48942816,0.29083377,0.07023857,0.5113977,0.51210874,0.5113977,composite,2,,43,composite_f2_s43_in22k_v5conf,last
ISIC_0015419_downsampled,__singleton__ISIC_0015419_downsampled,__singleton__ISIC_0015419_downsampled,<40,mskcc,5,False,5,0.0102720875,0.007863266,0.011645768,0.069598,0.008502969,0.84469825,0.047419667,0.026638322,-7.283822,0.026638322,composite,2,,43,composite_f2_s43_in22k_v5conf,last
ISIC_0015566_downsampled,__singleton__ISIC_0015566_downsampled,__singleton__ISIC_0015566_downsampled,40-59,mskcc,5,False,5,0.00941902,0.005937375,0.0049355594,0.0622104,0.009475018,0.8632065,0.044816144,0.024831414,-6.71979,0.024831414,composite,2,,43,composite_f2_s43_in22k_v5conf,last
ISIC_0015568_downsampled,__singleton__ISIC_0015568_downsampled,__singleton__ISIC_0015568_downsampled,40-59,mskcc,5,False,5,0.010762326,0.006899676,0.0067171585,0.06823751,0.005821166,0.8570828,0.044479247,0.023483168,-7.7464437,0.023483168,composite,2,,43,composite_f2_s43_in22k_v5conf,last
ISIC_0015938_downsampled,__singleton__ISIC_0015938_downsampled,__singleton__ISIC_0015938_downsampled,40-59,mskcc,5,False,5,0.0107869115,0.0065230974,0.006541344,0.06733242,0.004458013,0.8635415,0.040816717,0.021768022,-7.7701645,0.021768022,composite,2,,43,composite_f2_s43_in22k_v5conf,last
ISIC_0015943_downsampled,__singleton__ISIC_0015943_downsampled,__singleton__ISIC_0015943_downsampled,60+,mskcc,5,False,5,0.013402186,0.006825731,0.0084822895,0.06627311,0.005185495,0.8575036,0.042327553,0.025413413,-7.568093,0.025413413,composite,2,,43,composite_f2_s43_in22k_v5conf,last
ISIC_0015944_downsampled,__singleton__ISIC_0015944_downsampled,__singleton__ISIC_0015944_downsampled,40-59,mskcc,5,False,1,0.00927371,0.37707826,0.31264743,0.13875249,0.0167417,0.06855914,0.07694727,0.40309367,-1.1162959,0.40309367,composite,2,,43,composite_f2_s43_in22k_v5conf,last
ISIC_0015975_downsampled,__singleton__ISIC_0015975_downsampled,__singleton__ISIC_0015975_downsampled,<40,mskcc,5,False,5,0.00950634,0.0061161313,0.005689505,0.06470631,0.009036014,0.8639659,0.040979743,0.024658486,-6.788449,0.024658486,composite,2,,43,composite_f2_s43_in22k_v5conf,last
ISIC_0015984_downsampled,__singleton__ISIC_0015984_downsampled,__singleton__ISIC_0015984_downsampled,60+,mskcc,5,False,2,0.0014406847,0.005235392,0.8871566,0.063850604,0.0016975317,0.004875131,0.035743967,0.008373609,-7.4492564,0.008373609,composite,2,,43,composite_f2_s43_in22k_v5conf,last
ISIC_0015999_downsampled,__singleton__ISIC_0015999_downsampled,__singleton__ISIC_0015999_downsampled,<40,mskcc,5,False,5,0.0106287375,0.0068698535,0.007406462,0.065772325,0.0053070653,0.8622765,0.04173905,0.022805655,-7.455801,0.022805655,composite,2,,43,composite_f2_s43_in22k_v5conf,last
ISIC_0016005_downsampled,__singleton__ISIC_0016005_downsampled,__singleton__ISIC_0016005_downsampled,40-59,mskcc,5,False,5,0.01348404,0.0052854465,0.011966568,0.07122113,0.003433374,0.8500406,0.044568885,0.022202862,-8.174999,0.022202862,composite,2,,43,composite_f2_s43_in22k_v5conf,last
ISIC_0016023_downsampled,__singleton__ISIC_0016023_downsampled,__singleton__ISIC_0016023_downsampled,60+,mskcc,5,False,1,0.00628018,0.8569577,0.038430177,0.050734762,0.0066958503,0.0058169034,0.035084408,0.8699337,3.8388667,0.8699337,composite,2,,43,composite_f2_s43_in22k_v5conf,last
ISIC_0016057_downsampled,__singleton__ISIC_0016057_downsampled,__singleton__ISIC_0016057_downsampled,40-59,mskcc,5,False,5,0.008978499,0.0055789775,0.0048760977,0.063642845,0.009430371,0.8634481,0.04404507,0.023987848,-6.7086525,0.023987848,composite,2,,43,composite_f2_s43_in22k_v5conf,last
ISIC_0016061_downsampled,__singleton__ISIC_0016061_downsampled,__singleton__ISIC_0016061_downsampled,60+,mskcc,5,False,5,0.00990953,0.0063202535,0.006209383,0.06446185,0.006933319,0.8637993,0.042366393,0.023163103,-7.4901657,0.023163103,composite,2,,43,composite_f2_s43_in22k_v5conf,last
ISIC_0016062_downsampled,__singleton__ISIC_0016062_downsampled,__singleton__ISIC_0016062_downsampled,40-59,mskcc,5,False,5,0.010739847,0.006662344,0.005053718,0.071502656,0.0086173285,0.8511173,0.046306737,0.02601952,-6.701737,0.02601952,composite,2,,43,composite_f2_s43_in22k_v5conf,last
ISIC_0016066_downsampled,__singleton__ISIC_0016066_downsampled,__singleton__ISIC_0016066_downsampled,60+,mskcc,5,False,4,0.008352634,0.005449391,0.0042418675,0.056663893,0.8854578,0.0054031326,0.034431156,0.89925987,7.5236044,0.89925987,composite,2,,43,composite_f2_s43_in22k_v5conf,last
ISIC_0024322,HAM_0001538,HAM_0001538,60+,ham,5,False,5,0.009677311,0.006628793,0.007206675,0.06361045,0.0049396306,0.8668727,0.041064292,0.021245735,-7.0327926,0.021245735,composite,2,,43,composite_f2_s43_in22k_v5conf,last
ISIC_0024323,HAM_0002493,HAM_0002493,40-59,ham,4,True,3,0.011551189,0.0067994553,0.19030796,0.34401077,0.3149236,0.025785029,0.106621996,0.33327425,-0.19982046,0.33327425,composite,2,,43,composite_f2_s43_in22k_v5conf,last
ISIC_0024327,HAM_0005939,HAM_0005939,40-59,ham,5,False,5,0.011030839,0.006486433,0.0071232636,0.0637586,0.0051334132,0.86476135,0.041705966,0.022650685,-7.2041674,0.022650685,composite,2,,43,composite_f2_s43_in22k_v5conf,last
ISIC_0024329,HAM_0002954,HAM_0002954,60+,ham,0,True,1,0.23821743,0.5834005,0.0063414057,0.07315848,0.0057989364,0.03677498,0.056308277,0.82741684,4.6712923,0.82741684,composite,2,,43,composite_f2_s43_in22k_v5conf,last
ISIC_0024332,HAM_0002240,HAM_0002240,60+,ham,1,True,0,0.59138364,0.26277176,0.0037916827,0.08684332,0.0034704097,0.002656644,0.04908253,0.85762584,9.6317625,0.85762584,composite,2,,43,composite_f2_s43_in22k_v5conf,last
ISIC_0024341,HAM_0002951,HAM_0002951,<40,ham,5,False,5,0.011451501,0.006719345,0.00726856,0.06839832,0.0051935157,0.8572016,0.043767095,0.023364361,-6.577552,0.023364361,composite,2,,43,composite_f2_s43_in22k_v5conf,last
ISIC_0024346,HAM_0003411,HAM_0003411,40-59,ham,5,False,5,0.010473629,0.007026115,0.0067494167,0.064000115,0.004739655,0.8658352,0.041175883,0.0222394,-6.1069703,0.0222394,composite,2,,43,composite_f2_s43_in22k_v5conf,last
ISIC_0024347,HAM_0003121,HAM_0003121,<40,ham,5,False,5,0.010036882,0.00617706,0.0064760195,0.06468003,0.0049030185,0.8663951,0.041331828,0.02111696,-6.434785,0.02111696,composite,2,,43,composite_f2_s43_in22k_v5conf,last
ISIC_0024352,HAM_0004897,HAM_0004897,<40,ham,5,False,5,0.012974391,0.0066582523,0.007822981,0.07744927,0.0052146465,0.8455143,0.04436608,0.02484729,-6.943973,0.02484729,composite,2,,43,composite_f2_s43_in22k_v5conf,last
ISIC_0024359,HAM_0001112,HAM_0001112,40-59,ham,5,False,5,0.01099256,0.0066448124,0.0075000175,0.066863745,0.0049006036,0.8606398,0.042458445,0.022537977,-7.3570766,0.022537977,composite,2,,43,composite_f2_s43_in22k_v5conf,last
ISIC_0024361,HAM_0005605,HAM_0005605,<40,ham,5,False,5,0.008025348,0.006621364,0.0050568893,0.06341164,0.0057606297,0.86992216,0.041202024,0.020407341,-7.3440943,0.020407341,composite,2,,43,composite_f2_s43_in22k_v5conf,last
ISIC_0024380,HAM_0002936,HAM_0002936,60+,ham,5,False,5,0.009676731,0.0066491114,0.007301305,0.06662195,0.0043139574,0.8622815,0.04315545,0.0206398,-7.779513,0.0206398,composite,2,,43,composite_f2_s43_in22k_v5conf,last
ISIC_0024390,HAM_0003645,HAM_0003645,60+,ham,5,False,5,0.009955622,0.0070658806,0.0071816407,0.064770296,0.0061981385,0.86555976,0.03926866,0.023219641,-6.3276806,0.023219641,composite,2,,43,composite_f2_s43_in22k_v5conf,last
ISIC_0024402,HAM_0004542,HAM_0004542,<40,ham,6,False,6,0.0011898839,0.00045161435,0.0007756498,0.007663479,0.0004893483,0.0007461646,0.9886839,0.0021308465,-8.5994005,0.0021308465,composite,2,,43,composite_f2_s43_in22k_v5conf,last
ISIC_0024410,HAM_0007530,HAM_0007530,<40,ham,4,True,5,0.024029708,0.012490117,0.0034124986,0.0699728,0.040248696,0.7910042,0.05884206,0.07676852,-3.6684434,0.07676852,composite,2,,43,composite_f2_s43_in22k_v5conf,last
ISIC_0024419,HAM_0001792,HAM_0001792,<40,ham,5,False,5,0.01090204,0.006522467,0.006011139,0.0635594,0.004639579,0.8692104,0.039155077,0.022064086,-6.3513756,0.022064086,composite,2,,43,composite_f2_s43_in22k_v5conf,last
ISIC_0024436,HAM_0005392,HAM_0005392,60+,ham,1,True,1,0.00802164,0.89961314,0.0054976586,0.050168145,0.0035336998,0.0035016339,0.029664079,0.9111685,7.5483403,0.9111685,composite,2,,43,composite_f2_s43_in22k_v5conf,last
ISIC_0024437,HAM_0002566,HAM_0002566,40-59,ham,5,False,5,0.010039602,0.0077625434,0.008762665,0.06583414,0.0061918055,0.8587843,0.04262482,0.02399395,-6.889002,0.02399395,composite,2,,43,composite_f2_s43_in22k_v5conf,last
ISIC_0024450,HAM_0005505,HAM_0005505,40-59,ham,0,True,0,0.95187914,0.0021966626,0.0034704132,0.020942908,0.002922873,0.0016249748,0.016963044,0.9569987,6.7260723,0.9569987,composite,2,,43,composite_f2_s43_in22k_v5conf,last
ISIC_0024451,HAM_0003737,HAM_0003737,<40,ham,5,False,5,0.009505911,0.0069548283,0.0069700135,0.066925995,0.006561505,0.86119753,0.041884184,0.023022244,-6.1459155,0.023022244,composite,2,,43,composite_f2_s43_in22k_v5conf,last
ISIC_0024454,HAM_0005180,HAM_0005180,60+,ham,1,True,1,0.0067663505,0.8975763,0.0045556584,0.047476552,0.0039915945,0.0032098226,0.03642381,0.90833426,8.357348,0.90833426,composite,2,,43,composite_f2_s43_in22k_v5conf,last
ISIC_0024465,HAM_0006377,HAM_0006377,40-59,ham,5,False,5,0.011158048,0.008109172,0.010529883,0.06897343,0.006089398,0.8527087,0.04243135,0.025356619,-6.322177,0.025356619,composite,2,,43,composite_f2_s43_in22k_v5conf,last
ISIC_0024472,HAM_0001654,HAM_0001654,60+,ham,1,True,1,0.006932132,0.9048317,0.004415537,0.044927735,0.003840255,0.0025236076,0.032528944,0.9156041,8.373927,0.9156041,composite,2,,43,composite_f2_s43_in22k_v5conf,last
ISIC_0024474,HAM_0002102,HAM_0002102,60+,ham,5,False,5,0.011035534,0.0075333132,0.008494366,0.06617315,0.005529482,0.8585197,0.042714447,0.02409833,-6.3749933,0.02409833,composite,2,,43,composite_f2_s43_in22k_v5conf,last
ISIC_0024475,HAM_0003873,HAM_0003873,<40,ham,6,False,6,0.00087308395,0.00079278863,0.001121816,0.008178749,0.0005241445,0.0007802088,0.9877293,0.0021900171,-8.063062,0.0021900171,composite,2,,43,composite_f2_s43_in22k_v5conf,last
ISIC_0024480,HAM_0000866,HAM_0000866,60+,ham,5,False,4,0.010019677,0.0035583596,0.008662484,0.056423414,0.88574326,0.0039756196,0.03161725,0.8993213,7.278222,0.8993213,composite,2,,43,composite_f2_s43_in22k_v5conf,last
ISIC_0024484,HAM_0000278,HAM_0000278,40-59,ham,5,False,5,0.009652691,0.007079278,0.0058967713,0.06832863,0.007220033,0.85848516,0.04333739,0.023952004,-5.7548456,0.023952004,composite,2,,43,composite_f2_s43_in22k_v5conf,last
ISIC_0024494,HAM_0002933,HAM_0002933,40-59,ham,2,False,4,0.0066891685,0.0036510148,0.017766368,0.066587135,0.8659173,0.0036846697,0.035704277,0.8762575,6.181713,0.8762575,composite,2,,43,composite_f2_s43_in22k_v5conf,last
ISIC_0024518,HAM_0004985,HAM_0004985,<40,ham,5,False,5,0.009853205,0.00711034,0.006199962,0.06758724,0.0057983384,0.8607353,0.042715646,0.022761883,-7.54973,0.022761883,composite,2,,43,composite_f2_s43_in22k_v5conf,last
ISIC_0024520,HAM_0003113,HAM_0003113,60+,ham,5,False,5,0.0108033,0.0075070653,0.009050066,0.07135403,0.00586654,0.85156626,0.043852758,0.024176905,-7.3374624,0.024176905,composite,2,,43,composite_f2_s43_in22k_v5conf,last
ISIC_0024521,HAM_0007330,HAM_0007330,40-59,ham,5,False,5,0.0106050335,0.006762524,0.006054183,0.06927367,0.0052147284,0.8608645,0.041225344,0.022582285,-6.5286784,0.022582285,composite,2,,43,composite_f2_s43_in22k_v5conf,last
ISIC_0024522,HAM_0005650,HAM_0005650,60+,ham,0,True,5,0.026358783,0.01022764,0.02904047,0.07594426,0.0031230745,0.80276835,0.05253742,0.039709497,-7.820836,0.039709497,composite,2,,43,composite_f2_s43_in22k_v5conf,last
ISIC_0024523,HAM_0006246,HAM_0006246,40-59,ham,5,False,5,0.009695461,0.007433888,0.008714887,0.06310413,0.0047123465,0.8694304,0.036908876,0.021841696,-6.7197638,0.021841696,composite,2,,43,composite_f2_s43_in22k_v5conf,last
ISIC_0024526,HAM_0000290,HAM_0000290,40-59,ham,5,False,5,0.011125394,0.007311257,0.0067201876,0.06679088,0.005106889,0.8608615,0.04208396,0.02354354,-7.2434125,0.02354354,composite,2,,43,composite_f2_s43_in22k_v5conf,last
ISIC_0024540,HAM_0000159,HAM_0000159,<40,ham,5,False,5,0.0105387755,0.007405997,0.007457245,0.06942782,0.0057423296,0.85440767,0.045020193,0.023687102,-7.445825,0.023687102,composite,2,,43,composite_f2_s43_in22k_v5conf,last
ISIC_0024567,HAM_0000628,HAM_0000628,<40,ham,5,False,5,0.010450534,0.007229825,0.006749824,0.066771105,0.005688151,0.860438,0.04267256,0.02336851,-5.961691,0.02336851,composite,2,,43,composite_f2_s43_in22k_v5conf,last
ISIC_0024579,HAM_0000005,HAM_0000005,60+,ham,0,True,0,0.94137144,0.0012358302,0.007257485,0.022643825,0.001494877,0.0042670616,0.021729399,0.94410217,4.595315,0.94410217,composite,2,,43,composite_f2_s43_in22k_v5conf,last
ISIC_0024580,HAM_0003405,HAM_0003405,<40,ham,5,False,5,0.01091225,0.0068512657,0.006015746,0.06918327,0.005706737,0.85907984,0.042250868,0.023470253,-6.2405524,0.023470253,composite,2,,43,composite_f2_s43_in22k_v5conf,last
ISIC_0024592,HAM_0000236,HAM_0000236,40-59,ham,2,False,2,0.00484189,0.002505567,0.91332245,0.04835225,0.0039054195,0.0035158123,0.023556618,0.011252876,-8.701479,0.011252876,composite,2,,43,composite_f2_s43_in22k_v5conf,last
ISIC_0024601,HAM_0001874,HAM_0001874,40-59,ham,5,False,5,0.010881358,0.008169994,0.0071132877,0.06433277,0.006414631,0.8627674,0.04032049,0.025465982,-6.255447,0.025465982,composite,2,,43,composite_f2_s43_in22k_v5conf,last
ISIC_0024603,HAM_0006141,HAM_0006141,60+,ham,5,False,5,0.0106785605,0.007087421,0.0073350184,0.06646018,0.0057910727,0.8585817,0.04406613,0.023557056,-6.546117,0.023557056,composite,2,,43,composite_f2_s43_in22k_v5conf,last
ISIC_0024607,HAM_0002563,HAM_0002563,40-59,ham,5,False,5,0.010488398,0.0068853116,0.0077826735,0.0667364,0.005793965,0.85927355,0.043039758,0.023167675,-6.040618,0.023167675,composite,2,,43,composite_f2_s43_in22k_v5conf,last
ISIC_0024616,HAM_0004241,HAM_0004241,<40,ham,5,False,5,0.016090393,0.010674806,0.03813838,0.07023902,0.0047723,0.81180567,0.04827934,0.0315375,-6.8881245,0.0315375,composite,2,,43,composite_f2_s43_in22k_v5conf,last
ISIC_0024618,HAM_0006030,HAM_0006030,<40,ham,5,False,5,0.010876323,0.0066143735,0.0074860523,0.07219261,0.009190744,0.84786034,0.045779552,0.02668144,-6.433119,0.02668144,composite,2,,43,composite_f2_s43_in22k_v5conf,last
ISIC_0024623,HAM_0003458,HAM_0003458,60+,ham,2,False,2,0.0025229966,0.0040988224,0.90572405,0.048164587,0.002301509,0.00224838,0.03493961,0.008923328,-9.004699,0.008923328,composite,2,,43,composite_f2_s43_in22k_v5conf,last
ISIC_0024640,HAM_0005467,HAM_0005467,40-59,ham,4,True,4,0.01123557,0.0037741477,0.008901962,0.05685609,0.8675723,0.0036858253,0.04797412,0.882582,7.8600616,0.882582,composite,2,,43,composite_f2_s43_in22k_v5conf,last
ISIC_0024653,HAM_0003525,HAM_0003525,60+,ham,5,False,5,0.011144305,0.0057594418,0.0067828973,0.063866146,0.005853678,0.8661953,0.0403982,0.022757426,-7.4902186,0.022757426,composite,2,,43,composite_f2_s43_in22k_v5conf,last
ISIC_0024671,HAM_0001098,HAM_0001098,<40,ham,5,False,5,0.009800712,0.0066820616,0.006331392,0.06478278,0.006489129,0.86356765,0.042346343,0.022971902,-6.2939177,0.022971902,composite,2,,43,composite_f2_s43_in22k_v5conf,last
ISIC_0024674,HAM_0007096,HAM_0007096,40-59,ham,5,False,5,0.009926054,0.0069426717,0.006890957,0.06743439,0.0040510534,0.86230004,0.04245482,0.02091978,-8.092616,0.02091978,composite,2,,43,composite_f2_s43_in22k_v5conf,last
ISIC_0024683,HAM_0006913,HAM_0006913,60+,ham,5,False,4,0.0067101684,0.0047518867,0.022410812,0.065731965,0.8129098,0.037200723,0.050284587,0.8243718,2.9178874,0.8243718,composite,2,,43,composite_f2_s43_in22k_v5conf,last
ISIC_0024684,HAM_0002481,HAM_0002481,<40,ham,5,False,5,0.008922644,0.005352244,0.2388585,0.15921667,0.0050135166,0.51521283,0.06742361,0.019288404,-10.673793,0.019288404,composite,2,,43,composite_f2_s43_in22k_v5conf,last
ISIC_0024688,HAM_0001444,HAM_0001444,40-59,ham,4,True,4,0.009584744,0.0055020684,0.0064031696,0.06968337,0.85993487,0.007156651,0.041735042,0.8750217,6.961216,0.8750217,composite,2,,43,composite_f2_s43_in22k_v5conf,last
ISIC_0024691,HAM_0001201,HAM_0001201,40-59,ham,5,False,5,0.011282712,0.007837384,0.0075976113,0.06942216,0.008096289,0.85266304,0.04310085,0.027216386,-5.5779386,0.027216386,composite,2,,43,composite_f2_s43_in22k_v5conf,last
ISIC_0024701,HAM_0000917,HAM_0000917,40-59,ham,4,True,5,0.010962631,0.0069109066,0.008033013,0.067574084,0.0058507803,0.85810095,0.042567484,0.023724318,-7.303833,0.023724318,composite,2,,43,composite_f2_s43_in22k_v5conf,last
ISIC_0024702,HAM_0000903,HAM_0000903,60+,ham,4,True,4,0.0068922886,0.008277316,0.0046028323,0.050996277,0.8873297,0.0045078713,0.037393726,0.9024993,8.498958,0.9024993,composite,2,,43,composite_f2_s43_in22k_v5conf,last
ISIC_0024709,HAM_0004832,HAM_0004832,60+,ham,2,False,0,0.7568319,0.0015293636,0.011122994,0.2046811,0.0010473889,0.0003043882,0.024482854,0.7594086,3.5172913,0.7594086,composite,2,,43,composite_f2_s43_in22k_v5conf,last
ISIC_0024712,HAM_0002364,HAM_0002364,<40,ham,5,False,5,0.008592664,0.0055844625,0.013033226,0.06498491,0.0040636472,0.85996413,0.043776926,0.018240774,-8.302453,0.018240774,composite,2,,43,composite_f2_s43_in22k_v5conf,last
ISIC_0024718,HAM_0003345,HAM_0003345,60+,ham,5,False,5,0.0098095555,0.0071788714,0.007993497,0.06502533,0.0042328527,0.8635398,0.042220026,0.02122128,-8.158267,0.02122128,composite,2,,43,composite_f2_s43_in22k_v5conf,last
ISIC_0024722,HAM_0005452,HAM_0005452,60+,ham,5,False,5,0.009897294,0.0067506554,0.0070354585,0.064543836,0.005241206,0.8666526,0.039878994,0.021889156,-6.5315742,0.021889156,composite,2,,43,composite_f2_s43_in22k_v5conf,last
ISIC_0024726,HAM_0005125,HAM_0005125,60+,ham,2,False,2,0.0056570265,0.0032687741,0.90875655,0.04258523,0.0043824795,0.0059029283,0.029447101,0.013308281,-7.983025,0.013308281,composite,2,,43,composite_f2_s43_in22k_v5conf,last
ISIC_0024727,HAM_0004700,HAM_0004700,60+,ham,5,False,5,0.010457491,0.00658029,0.0064528985,0.06181572,0.004738753,0.86979693,0.040157985,0.021776535,-7.0161037,0.021776535,composite,2,,43,composite_f2_s43_in22k_v5conf,last
ISIC_0024729,HAM_0002011,HAM_0002011,40-59,ham,4,True,4,0.008964917,0.00610802,0.0061141187,0.06192487,0.872379,0.010960376,0.03354869,0.88745195,6.0105543,0.88745195,composite,2,,43,composite_f2_s43_in22k_v5conf,last
ISIC_0024732,HAM_0002509,HAM_0002509,40-59,ham,4,True,4,0.007842137,0.005159611,0.006742461,0.055752322,0.88267225,0.0069591147,0.034872077,0.895674,7.050724,0.895674,composite,2,,43,composite_f2_s43_in22k_v5conf,last
ISIC_0024736,HAM_0003762,HAM_0003762,40-59,ham,5,False,5,0.011704926,0.0076093017,0.007741732,0.069957964,0.0059253364,0.8547055,0.042355277,0.025239564,-6.6532784,0.025239564,composite,2,,43,composite_f2_s43_in22k_v5conf,last
ISIC_0024740,HAM_0005420,HAM_0005420,40-59,ham,2,False,5,0.02267049,0.02121835,0.078021765,0.13293293,0.0054749073,0.6564253,0.08325625,0.049363747,-7.4206157,0.049363747,composite,2,,43,composite_f2_s43_in22k_v5conf,last
ISIC_0024778,HAM_0001115,HAM_0001115,40-59,ham,5,False,5,0.009682339,0.0067088315,0.005171838,0.06527964,0.0081526805,0.8646088,0.040395886,0.02454385,-4.96734,0.02454385,composite,2,,43,composite_f2_s43_in22k_v5conf,last
ISIC_0024785,HAM_0004926,HAM_0004926,40-59,ham,5,False,5,0.010205851,0.0070362906,0.0053725024,0.06720946,0.008544802,0.8573886,0.04424254,0.025786944,-5.226412,0.025786944,composite,2,,43,composite_f2_s43_in22k_v5conf,last
ISIC_0024789,HAM_0004575,HAM_0004575,40-59,ham,5,False,5,0.011179948,0.006588041,0.007410825,0.0668182,0.0031051647,0.85611266,0.0487851,0.020873154,-8.165989,0.020873154,composite,2,,43,composite_f2_s43_in22k_v5conf,last
ISIC_0024790,HAM_0001941,HAM_0001941,60+,ham,5,False,5,0.011009648,0.0059873434,0.005168106,0.05699916,0.0062936107,0.87773764,0.036804393,0.0232906,-6.58512,0.0232906,composite,2,,43,composite_f2_s43_in22k_v5conf,last
ISIC_0024798,HAM_0000044,HAM_0000044,60+,ham,5,False,5,0.010640159,0.006985001,0.0068057347,0.06461833,0.0051452443,0.8638097,0.041995786,0.022770405,-7.807824,0.022770405,composite,2,,43,composite_f2_s43_in22k_v5conf,last
ISIC_0024799,HAM_0001573,HAM_0001573,40-59,ham,1,True,1,0.011167933,0.8906107,0.00581667,0.050967354,0.0027287311,0.0033467824,0.035361826,0.9045074,7.9307127,0.9045074,composite,2,,43,composite_f2_s43_in22k_v5conf,last
ISIC_0024801,HAM_0003635,HAM_0003635,<40,ham,5,False,5,0.011272724,0.0068500442,0.007182489,0.06634637,0.005409261,0.86052805,0.042411078,0.02353203,-6.845629,0.02353203,composite,2,,43,composite_f2_s43_in22k_v5conf,last
ISIC_0024803,HAM_0001168,HAM_0001168,40-59,ham,5,False,5,0.010810622,0.0063310005,0.006090912,0.06570191,0.0062064435,0.86394054,0.040918626,0.023348065,-6.5696263,0.023348065,composite,2,,43,composite_f2_s43_in22k_v5conf,last
ISIC_0024808,HAM_0000668,HAM_0000668,40-59,ham,5,False,5,0.0100858,0.006582967,0.0075569595,0.0668568,0.0043633175,0.86194456,0.04260962,0.021032084,-8.257627,0.021032084,composite,2,,43,composite_f2_s43_in22k_v5conf,last
ISIC_0024809,HAM_0003874,HAM_0003874,40-59,ham,5,False,5,0.021140749,0.029984195,0.0016472315,0.096921705,0.034017373,0.7030806,0.11320811,0.085142314,-2.3302093,0.085142314,composite,2,,43,composite_f2_s43_in22k_v5conf,last
ISIC_0024814,HAM_0005896,HAM_0005896,40-59,ham,2,False,2,0.006766968,0.0035735092,0.9034338,0.046838228,0.0044314303,0.002689026,0.032266945,0.014771908,-7.358082,0.014771908,composite,2,,43,composite_f2_s43_in22k_v5conf,last
ISIC_0024818,HAM_0006645,HAM_0006645,40-59,ham,5,False,5,0.009785939,0.006211403,0.0069059837,0.06328236,0.0054682293,0.8679517,0.040394373,0.021465572,-7.666153,0.021465572,composite,2,,43,composite_f2_s43_in22k_v5conf,last
ISIC_0024822,HAM_0006131,HAM_0006131,60+,ham,5,False,5,0.010222992,0.0068340693,0.008620716,0.063453965,0.004441851,0.8655757,0.040850807,0.021498911,-6.916275,0.021498911,composite,2,,43,composite_f2_s43_in22k_v5conf,last
ISIC_0024834,HAM_0003345,HAM_0003345,60+,ham,5,False,5,0.010599565,0.00784076,0.0079968395,0.066931516,0.004369329,0.8581509,0.044111077,0.022809654,-8.12849,0.022809654,composite,2,,43,composite_f2_s43_in22k_v5conf,last
ISIC_0024835,HAM_0006357,HAM_0006357,40-59,ham,5,False,5,0.010260153,0.007937771,0.0074846027,0.06668033,0.0070722373,0.85778475,0.04278007,0.02527016,-5.711304,0.02527016,composite,2,,43,composite_f2_s43_in22k_v5conf,last
ISIC_0024847,HAM_0003570,HAM_0003570,40-59,ham,5,False,5,0.0097581,0.0067981556,0.0058066603,0.06731782,0.0059474744,0.86330867,0.04106318,0.02250373,-6.306012,0.02250373,composite,2,,43,composite_f2_s43_in22k_v5conf,last
ISIC_0024849,HAM_0004573,HAM_0004573,40-59,ham,5,False,5,0.011880607,0.007703642,0.0074816765,0.06910898,0.006018264,0.85423714,0.04356962,0.025602514,-5.959128,0.025602514,composite,2,,43,composite_f2_s43_in22k_v5conf,last
ISIC_0024850,HAM_0007393,HAM_0007393,40-59,ham,2,False,2,0.010456481,0.0025918768,0.8926711,0.046107493,0.0055144024,0.014448747,0.028209945,0.01856276,-6.374873,0.01856276,composite,2,,43,composite_f2_s43_in22k_v5conf,last
ISIC_0024857,HAM_0004360,HAM_0004360,<40,ham,5,False,2,0.0064062006,0.004594178,0.8341647,0.075714864,0.004293961,0.034542836,0.04028317,0.0152943395,-10.223933,0.0152943395,composite,2,,43,composite_f2_s43_in22k_v5conf,last
ISIC_0024858,HAM_0004732,HAM_0004732,40-59,ham,5,False,5,0.01044158,0.006967482,0.0071922783,0.065224655,0.0050873663,0.86336684,0.041719798,0.022496428,-6.5777116,0.022496428,composite,2,,43,composite_f2_s43_in22k_v5conf,last
ISIC_0024862,HAM_0007422,HAM_0007422,60+,ham,5,False,5,0.010320144,0.0064712977,0.0075366236,0.06562022,0.0061565437,0.86006695,0.043828182,0.022947984,-7.6904755,0.022947984,composite,2,,43,composite_f2_s43_in22k_v5conf,last
ISIC_0024876,HAM_0004680,HAM_0004680,40-59,ham,5,False,5,0.009263117,0.006672788,0.0065492056,0.07062686,0.006348967,0.8553375,0.04520156,0.022284873,-6.754367,0.022284873,composite,2,,43,composite_f2_s43_in22k_v5conf,last
ISIC_0024880,HAM_0005157,HAM_0005157,40-59,ham,2,False,2,0.0065258876,0.0040452667,0.9032424,0.045135487,0.0024586318,0.006323624,0.032268725,0.013029786,-8.657663,0.013029786,composite,2,,43,composite_f2_s43_in22k_v5conf,last
ISIC_0024885,HAM_0005243,HAM_0005243,40-59,ham,1,True,1,0.0059668375,0.9038254,0.004452753,0.049230732,0.0029267804,0.00306327,0.030534143,0.912719,8.083168,0.912719,composite,2,,43,composite_f2_s43_in22k_v5conf,last
ISIC_0024888,HAM_0006199,HAM_0006199,40-59,ham,5,False,5,0.010321107,0.005828512,0.0062641166,0.06311245,0.0036583736,0.87177664,0.039038863,0.01980799,-6.6041794,0.01980799,composite,2,,43,composite_f2_s43_in22k_v5conf,last
ISIC_0024900,HAM_0004593,HAM_0004593,60+,ham,4,True,4,0.011362825,0.002713114,0.0025192308,0.047136717,0.8933788,0.008357437,0.034531917,0.9074547,6.41463,0.9074547,composite,2,,43,composite_f2_s43_in22k_v5conf,last
ISIC_0024903,HAM_0004238,HAM_0004238,40-59,ham,5,False,5,0.010821949,0.0062065944,0.0064829015,0.06747537,0.005105568,0.8619264,0.041981265,0.022134112,-6.8566003,0.022134112,composite,2,,43,composite_f2_s43_in22k_v5conf,last
ISIC_0024910,HAM_0000238,HAM_0000238,60+,ham,2,False,2,0.0019556873,0.0018021615,0.90431076,0.03999447,0.0032014064,0.004970653,0.043764945,0.0069592553,-8.24333,0.0069592553,composite,2,,43,composite_f2_s43_in22k_v5conf,last
ISIC_0024914,HAM_0000100,HAM_0000100,40-59,ham,5,False,5,0.009702943,0.006280603,0.006285945,0.06810246,0.005221621,0.8622531,0.04215335,0.021205168,-6.5928774,0.021205168,composite,2,,43,composite_f2_s43_in22k_v5conf,last
ISIC_0024915,HAM_0003789,HAM_0003789,40-59,ham,2,False,5,0.008319371,0.0050176033,0.0301713,0.061186764,0.003718447,0.831405,0.06018145,0.017055422,-8.460179,0.017055422,composite,2,,43,composite_f2_s43_in22k_v5conf,last
ISIC_0024918,HAM_0007530,HAM_0007530,<40,ham,4,True,4,0.0069441292,0.0043648365,0.003908465,0.056350697,0.8869674,0.006178675,0.035285734,0.8982764,7.2640953,0.8982764,composite,2,,43,composite_f2_s43_in22k_v5conf,last
ISIC_0024947,HAM_0001721,HAM_0001721,40-59,ham,2,False,5,0.015798079,0.008803883,0.013846668,0.070385434,0.006300816,0.842052,0.04281307,0.030902779,-6.269516,0.030902779,composite,2,,43,composite_f2_s43_in22k_v5conf,last
ISIC_0024963,HAM_0005620,HAM_0005620,<40,ham,5,False,5,0.012290239,0.006798117,0.006532668,0.0667336,0.0099919755,0.8540202,0.04363336,0.029080331,-5.216051,0.029080331,composite,2,,43,composite_f2_s43_in22k_v5conf,last
ISIC_0024967,HAM_0006975,HAM_0006975,60+,ham,4,True,4,0.010513667,0.005833472,0.007104801,0.060410477,0.8736088,0.0037107859,0.03881793,0.889956,8.205577,0.889956,composite,2,,43,composite_f2_s43_in22k_v5conf,last
ISIC_0024969,HAM_0002675,HAM_0002675,<40,ham,5,False,5,0.0083350465,0.0063944906,0.0061076595,0.058583897,0.0029660233,0.8775241,0.040088784,0.017695561,-8.6156,0.017695561,composite,2,,43,composite_f2_s43_in22k_v5conf,last
ISIC_0024977,HAM_0007224,HAM_0007224,60+,ham,5,False,5,0.010697837,0.0066252016,0.0065389043,0.06899085,0.0055324123,0.85817224,0.04344257,0.022855451,-6.3293695,0.022855451,composite,2,,43,composite_f2_s43_in22k_v5conf,last
ISIC_0024985,HAM_0002900,HAM_0002900,60+,ham,5,False,5,0.010222505,0.006566455,0.007043072,0.06530668,0.0057079825,0.8644344,0.040718913,0.022496942,-6.062814,0.022496942,composite,2,,43,composite_f2_s43_in22k_v5conf,last
ISIC_0024986,HAM_0000837,HAM_0000837,<40,ham,5,False,5,0.009813952,0.0070340084,0.006203966,0.068202905,0.006139122,0.8589853,0.04362077,0.022987083,-7.013074,0.022987083,composite,2,,43,composite_f2_s43_in22k_v5conf,last
ISIC_0024993,HAM_0000147,HAM_0000147,40-59,ham,5,False,5,0.009350768,0.0075236177,0.0052502276,0.059913326,0.008646085,0.8731233,0.036192678,0.02552047,-4.1956854,0.02552047,composite,2,,43,composite_f2_s43_in22k_v5conf,last
ISIC_0024997,HAM_0006343,HAM_0006343,60+,ham,2,False,2,0.006759478,0.016559813,0.81260616,0.085790694,0.005007899,0.02025244,0.053023454,0.02832719,-7.657331,0.02832719,composite,2,,43,composite_f2_s43_in22k_v5conf,last
ISIC_0025016,HAM_0007125,HAM_0007125,60+,ham,2,False,1,0.006898274,0.91813546,0.0039568637,0.039909214,0.0018975745,0.0029145342,0.026288103,0.9269313,7.2836976,0.9269313,composite,2,,43,composite_f2_s43_in22k_v5conf,last
ISIC_0025022,HAM_0001158,HAM_0001158,40-59,ham,5,False,5,0.010633769,0.006831535,0.0076581244,0.06723172,0.00617977,0.8586981,0.042766985,0.023645075,-6.527175,0.023645075,composite,2,,43,composite_f2_s43_in22k_v5conf,last
ISIC_0025023,HAM_0006381,HAM_0006381,40-59,ham,5,False,5,0.010513615,0.006890323,0.007302298,0.06674579,0.0063412706,0.86182785,0.0403789,0.023745209,-6.5299006,0.023745209,composite,2,,43,composite_f2_s43_in22k_v5conf,last
ISIC_0025027,HAM_0004479,HAM_0004479,40-59,ham,5,False,5,0.037059233,0.06734815,0.00400376,0.10860072,0.010086332,0.6897561,0.08314573,0.11449372,-2.1455934,0.11449372,composite,2,,43,composite_f2_s43_in22k_v5conf,last
ISIC_0025035,HAM_0007073,HAM_0007073,60+,ham,4,True,4,0.044773657,0.0031906695,0.007943652,0.08121683,0.7612565,0.056283336,0.04533532,0.80922085,2.944473,0.80922085,composite,2,,43,composite_f2_s43_in22k_v5conf,last
ISIC_0025056,HAM_0007155,HAM_0007155,40-59,ham,5,False,5,0.0100160735,0.0072235265,0.007001959,0.067467414,0.005991904,0.8608045,0.041494656,0.023231504,-6.6380277,0.023231504,composite,2,,43,composite_f2_s43_in22k_v5conf,last
ISIC_0025057,HAM_0005217,HAM_0005217,40-59,ham,5,False,5,0.011523298,0.0070904605,0.007393212,0.066830784,0.0066397362,0.8562947,0.044227883,0.025253495,-6.85505,0.025253495,composite,2,,43,composite_f2_s43_in22k_v5conf,last
ISIC_0025061,HAM_0001265,HAM_0001265,40-59,ham,5,False,5,0.009323667,0.007508292,0.007861651,0.06930293,0.0045982483,0.85969454,0.041710656,0.021430207,-7.735098,0.021430207,composite,2,,43,composite_f2_s43_in22k_v5conf,last
ISIC_0025062,HAM_0001418,HAM_0001418,40-59,ham,5,False,5,0.010056313,0.0064131366,0.006196743,0.067640394,0.0065437607,0.8611654,0.041984223,0.02301321,-7.109075,0.02301321,composite,2,,43,composite_f2_s43_in22k_v5conf,last
ISIC_0025074,HAM_0000851,HAM_0000851,40-59,ham,5,False,5,0.011258451,0.0066573033,0.008610842,0.06697093,0.0028919524,0.86168885,0.041921806,0.020807708,-8.232508,0.020807708,composite,2,,43,composite_f2_s43_in22k_v5conf,last
ISIC_0025078,HAM_0001512,HAM_0001512,<40,ham,5,False,5,0.00988321,0.0067305365,0.007007319,0.06734416,0.005672695,0.8636417,0.039720405,0.022286441,-6.773375,0.022286441,composite,2,,43,composite_f2_s43_in22k_v5conf,last
ISIC_0025081,HAM_0001203,HAM_0001203,<40,ham,4,True,5,0.007875025,0.005605304,0.005979781,0.061697338,0.010309483,0.8679294,0.04060357,0.023789812,-6.4217153,0.023789812,composite,2,,43,composite_f2_s43_in22k_v5conf,last
ISIC_0025092,HAM_0001984,HAM_0001984,40-59,ham,5,False,5,0.011127901,0.0072847307,0.0071055163,0.06450986,0.0066394163,0.86215687,0.04117566,0.025052048,-6.0366635,0.025052048,composite,2,,43,composite_f2_s43_in22k_v5conf,last
ISIC_0025094,HAM_0002067,HAM_0002067,40-59,ham,5,False,5,0.013323917,0.006651525,0.006185398,0.05825442,0.013019017,0.8544528,0.048113037,0.03299446,-6.122866,0.03299446,composite,2,,43,composite_f2_s43_in22k_v5conf,last
ISIC_0025097,HAM_0000775,HAM_0000775,40-59,ham,4,True,2,0.001165796,0.018167317,0.6799354,0.06872228,0.14531206,0.034114778,0.052582305,0.16464517,-2.918954,0.16464517,composite,2,,43,composite_f2_s43_in22k_v5conf,last
ISIC_0025107,HAM_0001887,HAM_0001887,40-59,ham,5,False,5,0.009944997,0.006742557,0.005539634,0.06666597,0.005146212,0.8630971,0.042863492,0.021833766,-6.501022,0.021833766,composite,2,,43,composite_f2_s43_in22k_v5conf,last
ISIC_0025113,HAM_0000149,HAM_0000149,60+,ham,2,False,2,0.050870825,0.0045041316,0.81514305,0.08247584,0.0029220597,0.0021450429,0.04193901,0.058297016,-4.425173,0.058297016,composite,2,,43,composite_f2_s43_in22k_v5conf,last
ISIC_0025114,HAM_0003249,HAM_0003249,<40,ham,5,False,5,0.00978045,0.0063010026,0.0064662895,0.06496783,0.0045040664,0.8652522,0.042728234,0.020585518,-7.2220964,0.020585518,composite,2,,43,composite_f2_s43_in22k_v5conf,last
ISIC_0025123,HAM_0001126,HAM_0001126,<40,ham,5,False,5,0.012214323,0.007332047,0.010247537,0.068983115,0.0043468187,0.8538886,0.042987563,0.023893189,-8.142867,0.023893189,composite,2,,43,composite_f2_s43_in22k_v5conf,last
ISIC_0025126,HAM_0002953,HAM_0002953,40-59,ham,5,False,5,0.010182919,0.0067198672,0.0069699893,0.06716091,0.0055122143,0.8602542,0.04319988,0.022415001,-6.814487,0.022415001,composite,2,,43,composite_f2_s43_in22k_v5conf,last
ISIC_0025128,HAM_0006899,HAM_0006899,60+,ham,4,True,2,0.10413133,0.018091109,0.8052325,0.035425417,0.0023738146,0.0077802837,0.026965572,0.12459625,-3.9896038,0.12459625,composite,2,,43,composite_f2_s43_in22k_v5conf,last
ISIC_0025130,HAM_0000718,HAM_0000718,60+,ham,0,True,0,0.93379736,0.0016217759,0.0040086224,0.03524615,0.004996563,0.0014961781,0.018833335,0.9404157,6.87922,0.9404157,composite,2,,43,composite_f2_s43_in22k_v5conf,last
ISIC_0025152,HAM_0000044,HAM_0000044,60+,ham,5,False,5,0.010079036,0.0068632043,0.0068471027,0.064156584,0.004880966,0.8655013,0.041671753,0.021823207,-7.875002,0.021823207,composite,2,,43,composite_f2_s43_in22k_v5conf,last
ISIC_0025167,HAM_0005285,HAM_0005285,40-59,ham,5,False,5,0.011869491,0.0075716623,0.006650277,0.06637462,0.0061278725,0.8595559,0.04185009,0.025569025,-6.074193,0.025569025,composite,2,,43,composite_f2_s43_in22k_v5conf,last
ISIC_0025170,HAM_0003113,HAM_0003113,60+,ham,5,False,5,0.010325193,0.007397233,0.0080033485,0.068291835,0.0066589355,0.8557079,0.043615602,0.024381362,-7.205428,0.024381362,composite,2,,43,composite_f2_s43_in22k_v5conf,last
ISIC_0025171,HAM_0005666,HAM_0005666,<40,ham,5,False,5,0.01089673,0.007116454,0.006383494,0.074852556,0.005210031,0.84924054,0.046300173,0.023223216,-7.8236427,0.023223216,composite,2,,43,composite_f2_s43_in22k_v5conf,last
ISIC_0025177,HAM_0001248,HAM_0001248,<40,ham,5,False,5,0.009854368,0.0065891133,0.007836884,0.07358396,0.0037870966,0.8584381,0.03991056,0.020230578,-8.046949,0.020230578,composite,2,,43,composite_f2_s43_in22k_v5conf,last
ISIC_0025186,HAM_0002586,HAM_0002586,40-59,ham,5,False,5,0.010080195,0.0071648615,0.0073983325,0.06690795,0.006951906,0.85940224,0.04209459,0.024196962,-5.8799205,0.024196962,composite,2,,43,composite_f2_s43_in22k_v5conf,last
ISIC_0025195,HAM_0006594,HAM_0006594,60+,ham,4,True,2,0.004072011,0.0011773616,0.9315555,0.030409059,0.004743119,0.013321842,0.014721043,0.009992491,-7.2965736,0.009992491,composite,2,,43,composite_f2_s43_in22k_v5conf,last
ISIC_0025202,HAM_0007039,HAM_0007039,60+,ham,5,False,5,0.010197974,0.0070453417,0.0073757963,0.065731175,0.0063317097,0.8629532,0.04036487,0.023575025,-6.0182962,0.023575025,composite,2,,43,composite_f2_s43_in22k_v5conf,last
ISIC_0025204,HAM_0000919,HAM_0000919,<40,ham,5,False,5,0.010447952,0.0067349947,0.008298375,0.06858815,0.0055272845,0.8519387,0.048464432,0.02271023,-6.790008,0.02271023,composite,2,,43,composite_f2_s43_in22k_v5conf,last
ISIC_0025207,HAM_0007353,HAM_0007353,40-59,ham,5,False,5,0.009983394,0.006628149,0.006100372,0.06492613,0.0047439,0.866006,0.041612007,0.021355443,-6.689499,0.021355443,composite,2,,43,composite_f2_s43_in22k_v5conf,last
ISIC_0025221,HAM_0002294,HAM_0002294,40-59,ham,5,False,5,0.010379312,0.0067281895,0.006628416,0.0633496,0.004977762,0.86731124,0.040625583,0.022085264,-6.9347467,0.022085264,composite,2,,43,composite_f2_s43_in22k_v5conf,last
ISIC_0025234,HAM_0004739,HAM_0004739,60+,ham,4,True,4,0.0033145368,0.025129616,0.003953622,0.07267915,0.74101233,0.0026579117,0.15125282,0.7694565,7.661263,0.7694565,composite,2,,43,composite_f2_s43_in22k_v5conf,last
ISIC_0025245,HAM_0004020,HAM_0004020,<40,ham,5,False,5,0.010041897,0.0072431993,0.006479416,0.07069677,0.0053860443,0.85770726,0.04244548,0.02267114,-7.798493,0.02267114,composite,2,,43,composite_f2_s43_in22k_v5conf,last
ISIC_0025259,HAM_0003306,HAM_0003306,40-59,ham,5,False,5,0.010916806,0.0076086745,0.0075280312,0.06837748,0.004705534,0.8567065,0.044156928,0.023231015,-7.784379,0.023231015,composite,2,,43,composite_f2_s43_in22k_v5conf,last
ISIC_0025260,HAM_0001215,HAM_0001215,60+,ham,1,True,1,0.0076514003,0.87959605,0.0044550896,0.058585513,0.0064499336,0.0049749785,0.03828706,0.8936974,7.449006,0.8936974,composite,2,,43,composite_f2_s43_in22k_v5conf,last
ISIC_0025262,HAM_0005879,HAM_0005879,60+,ham,5,False,5,0.020919925,0.011545692,0.0067710727,0.084176525,0.040906552,0.7865152,0.049165063,0.07337217,-3.6885407,0.07337217,composite,2,,43,composite_f2_s43_in22k_v5conf,last
ISIC_0025277,HAM_0002720,HAM_0002720,60+,ham,4,True,4,0.1098666,0.0025124473,0.02873167,0.12481568,0.65209955,0.0022312622,0.07974276,0.76447856,6.8320045,0.76447856,composite,2,,43,composite_f2_s43_in22k_v5conf,last
ISIC_0025284,HAM_0003471,HAM_0003471,60+,ham,5,False,5,0.010775472,0.0066435793,0.0062223356,0.06879605,0.0067065107,0.8599169,0.04093912,0.024125561,-5.9794493,0.024125561,composite,2,,43,composite_f2_s43_in22k_v5conf,last
ISIC_0025289,HAM_0006110,HAM_0006110,40-59,ham,5,False,5,0.020518245,0.013747193,0.0065714912,0.11009336,0.006675512,0.7251143,0.1172799,0.040940948,-6.354019,0.040940948,composite,2,,43,composite_f2_s43_in22k_v5conf,last
ISIC_0025292,HAM_0004630,HAM_0004630,60+,ham,2,False,2,0.008782872,0.007986189,0.9013982,0.048361287,0.001446674,0.0017910849,0.030233745,0.018215735,-6.79047,0.018215735,composite,2,,43,composite_f2_s43_in22k_v5conf,last
ISIC_0025309,HAM_0003937,HAM_0003937,<40,ham,5,False,5,0.011853594,0.0076655345,0.0078218505,0.07145119,0.0054387115,0.84779286,0.047976237,0.02495784,-7.6360235,0.02495784,composite,2,,43,composite_f2_s43_in22k_v5conf,last
ISIC_0025310,HAM_0005017,HAM_0005017,60+,ham,5,False,5,0.008979273,0.005074231,0.010528912,0.063781194,0.0031385026,0.8690798,0.039418127,0.017192006,-8.148408,0.017192006,composite,2,,43,composite_f2_s43_in22k_v5conf,last
ISIC_0025311,HAM_0001594,HAM_0001594,40-59,ham,5,False,5,0.010211699,0.00729521,0.007448472,0.067580566,0.005122249,0.85858786,0.043753956,0.022629157,-7.299212,0.022629157,composite,2,,43,composite_f2_s43_in22k_v5conf,last
ISIC_0025314,HAM_0000757,HAM_0000757,<40,ham,3,False,3,0.0005250074,0.00048570623,0.0005792943,0.99262494,0.00012818916,0.00019752717,0.0054593096,0.0011389027,-6.7154093,0.0011389027,composite,2,,43,composite_f2_s43_in22k_v5conf,last
ISIC_0025321,HAM_0005155,HAM_0005155,60+,ham,6,False,6,0.0018443996,0.001090368,0.0008177979,0.010362795,0.00082022854,0.0005150428,0.9845494,0.0037549962,-6.9040036,0.0037549962,composite,2,,43,composite_f2_s43_in22k_v5conf,last
ISIC_0025329,HAM_0001056,HAM_0001056,<40,ham,5,False,5,0.009115959,0.010696195,0.006408296,0.06686439,0.00555808,0.85974145,0.041615672,0.025370233,-6.2833347,0.025370233,composite,2,,43,composite_f2_s43_in22k_v5conf,last
ISIC_0025330,HAM_0000453,HAM_0000453,40-59,ham,2,False,2,0.0066810097,0.004277959,0.91922307,0.03748402,0.0025572842,0.0020188317,0.027757918,0.013516253,-6.728339,0.013516253,composite,2,,43,composite_f2_s43_in22k_v5conf,last
ISIC_0025333,HAM_0007515,HAM_0007515,40-59,ham,5,False,5,0.010467076,0.00722726,0.006411864,0.066379495,0.005459404,0.8635631,0.04049178,0.023153739,-6.8289785,0.023153739,composite,2,,43,composite_f2_s43_in22k_v5conf,last
ISIC_0025355,HAM_0003027,HAM_0003027,<40,ham,5,False,5,0.0094457185,0.0057572895,0.007731437,0.06415447,0.0048615164,0.8655827,0.04246678,0.020064525,-7.5539427,0.020064525,composite,2,,43,composite_f2_s43_in22k_v5conf,last
ISIC_0025356,HAM_0005320,HAM_0005320,<40,ham,5,False,5,0.010581044,0.006816247,0.0075213737,0.067067645,0.004981378,0.86026806,0.04276431,0.022378668,-6.913924,0.022378668,composite,2,,43,composite_f2_s43_in22k_v5conf,last
ISIC_0025357,HAM_0005118,HAM_0005118,<40,ham,5,False,5,0.010635428,0.0069743516,0.0069562066,0.06699465,0.0053846445,0.8609859,0.0420688,0.022994423,-6.3931513,0.022994423,composite,2,,43,composite_f2_s43_in22k_v5conf,last
ISIC_0025359,HAM_0004517,HAM_0004517,<40,ham,5,False,5,0.010991851,0.0074955476,0.008784385,0.06850922,0.0060761985,0.8545772,0.043565664,0.024563596,-6.4686623,0.024563596,composite,2,,43,composite_f2_s43_in22k_v5conf,last
ISIC_0025385,HAM_0000596,HAM_0000596,40-59,ham,5,False,5,0.011432633,0.0064047095,0.0070135933,0.06660371,0.004517651,0.8595988,0.044428874,0.022354994,-7.1694965,0.022354994,composite,2,,43,composite_f2_s43_in22k_v5conf,last
ISIC_0025394,HAM_0003376,HAM_0003376,40-59,ham,4,True,5,0.013329818,0.008244672,0.006787195,0.077620566,0.01643124,0.8288348,0.0487517,0.038005732,-5.093396,0.038005732,composite,2,,43,composite_f2_s43_in22k_v5conf,last
ISIC_0025398,HAM_0007193,HAM_0007193,40-59,ham,5,False,5,0.010755426,0.008136551,0.0054365345,0.06661717,0.019532608,0.8498577,0.039663978,0.038424585,-3.1627402,0.038424585,composite,2,,43,composite_f2_s43_in22k_v5conf,last
ISIC_0025399,HAM_0001992,HAM_0001992,<40,ham,5,False,5,0.0101263225,0.0063452963,0.0054721213,0.06768211,0.0063450695,0.8610276,0.043001425,0.022816688,-5.947789,0.022816688,composite,2,,43,composite_f2_s43_in22k_v5conf,last
ISIC_0025402,HAM_0002703,HAM_0002703,60+,ham,5,False,4,0.0063340836,0.0051727835,0.0037895038,0.057299912,0.89204866,0.0043739113,0.030981135,0.9035555,7.934992,0.9035555,composite,2,,43,composite_f2_s43_in22k_v5conf,last
ISIC_0025407,HAM_0002226,HAM_0002226,40-59,ham,5,False,5,0.010219303,0.0063369703,0.006779519,0.06287248,0.005418807,0.86894315,0.039429717,0.021975081,-6.7021227,0.021975081,composite,2,,43,composite_f2_s43_in22k_v5conf,last
ISIC_0025408,HAM_0000469,HAM_0000469,40-59,ham,5,False,5,0.010871063,0.0075762337,0.00867441,0.06420687,0.0053837914,0.8609722,0.042315453,0.023831088,-6.5814266,0.023831088,composite,2,,43,composite_f2_s43_in22k_v5conf,last
ISIC_0025414,HAM_0002576,HAM_0002576,40-59,ham,4,True,4,0.0026695468,0.0044850027,0.068734646,0.114867955,0.7173401,0.02384492,0.06805792,0.72449464,2.0323532,0.72449464,composite,2,,43,composite_f2_s43_in22k_v5conf,last
ISIC_0025428,HAM_0005339,HAM_0005339,<40,ham,5,False,5,0.010290265,0.0050947913,0.0064564855,0.06671093,0.004384772,0.86114854,0.045914207,0.019769829,-7.710838,0.019769829,composite,2,,43,composite_f2_s43_in22k_v5conf,last
ISIC_0025431,HAM_0000607,HAM_0000607,40-59,ham,2,False,2,0.0099990945,0.0055208183,0.887633,0.05338926,0.005233909,0.0025707874,0.035653096,0.020753823,-6.577495,0.020753823,composite,2,,43,composite_f2_s43_in22k_v5conf,last
ISIC_0025440,HAM_0007403,HAM_0007403,40-59,ham,5,False,5,0.009185932,0.0063571166,0.0080132205,0.065341406,0.005302667,0.86366427,0.042135414,0.020845715,-6.96435,0.020845715,composite,2,,43,composite_f2_s43_in22k_v5conf,last
ISIC_0025446,HAM_0002364,HAM_0002364,<40,ham,5,False,5,0.010618548,0.007670478,0.030347351,0.08315399,0.0045463005,0.808336,0.055327386,0.022835325,-8.644166,0.022835325,composite,2,,43,composite_f2_s43_in22k_v5conf,last
ISIC_0025449,HAM_0004482,HAM_0004482,60+,ham,5,False,5,0.0104456255,0.007936759,0.007372237,0.06893543,0.008241928,0.8521091,0.04495897,0.026624314,-5.439962,0.026624314,composite,2,,43,composite_f2_s43_in22k_v5conf,last
ISIC_0025467,HAM_0006047,HAM_0006047,60+,ham,1,True,4,0.0017644865,0.11444047,0.00070223317,0.053140756,0.4849297,0.0063523552,0.33867,0.60113466,7.2259264,0.60113466,composite,2,,43,composite_f2_s43_in22k_v5conf,last
ISIC_0025470,HAM_0005632,HAM_0005632,60+,ham,2,False,2,0.0069509144,0.005885268,0.90059507,0.047679815,0.00504977,0.0026513678,0.031187769,0.017885953,-6.9123697,0.017885953,composite,2,,43,composite_f2_s43_in22k_v5conf,last
ISIC_0025476,HAM_0006052,HAM_0006052,60+,ham,5,False,5,0.0114942035,0.009298552,0.030495737,0.059763037,0.015320446,0.8458281,0.027799835,0.036113203,-5.492922,0.036113203,composite,2,,43,composite_f2_s43_in22k_v5conf,last
ISIC_0025480,HAM_0006990,HAM_0006990,40-59,ham,5,False,5,0.010705994,0.007138664,0.0068868087,0.068607695,0.0064330986,0.8584106,0.04181714,0.024277758,-5.905179,0.024277758,composite,2,,43,composite_f2_s43_in22k_v5conf,last
ISIC_0025490,HAM_0001840,HAM_0001840,40-59,ham,5,False,5,0.010232319,0.0068859537,0.0072487355,0.06495565,0.0051037157,0.86312556,0.04244796,0.02222199,-7.031705,0.02222199,composite,2,,43,composite_f2_s43_in22k_v5conf,last
ISIC_0025500,HAM_0004047,HAM_0004047,40-59,ham,4,True,2,0.006929019,0.0035343268,0.88191444,0.05070286,0.0051105362,0.02497035,0.026838502,0.015573882,-7.8140535,0.015573882,composite,2,,43,composite_f2_s43_in22k_v5conf,last
ISIC_0025504,HAM_0004317,HAM_0004317,40-59,ham,3,False,2,0.006737094,0.0025505633,0.8837621,0.068298936,0.0015059874,0.011146795,0.025998496,0.010793645,-9.507337,0.010793645,composite,2,,43,composite_f2_s43_in22k_v5conf,last
ISIC_0025507,HAM_0006190,HAM_0006190,60+,ham,2,False,2,0.05791388,0.0011518127,0.847716,0.050513312,0.0021286968,0.0015133139,0.0390631,0.06119439,-4.87841,0.06119439,composite,2,,43,composite_f2_s43_in22k_v5conf,last
ISIC_0025516,HAM_0001512,HAM_0001512,<40,ham,5,False,5,0.0096354205,0.0066101523,0.005633024,0.068736024,0.006141795,0.8611264,0.04211716,0.022387369,-6.9738297,0.022387369,composite,2,,43,composite_f2_s43_in22k_v5conf,last
ISIC_0025526,HAM_0003187,HAM_0003187,60+,ham,2,False,0,0.89743036,0.0119512305,0.013053375,0.033233427,0.0058695273,0.0038965514,0.034565486,0.9152511,4.9698744,0.9152511,composite,2,,43,composite_f2_s43_in22k_v5conf,last
ISIC_0025528,HAM_0005597,HAM_0005597,40-59,ham,5,False,5,0.010228273,0.006132152,0.007035661,0.06772752,0.0055457233,0.8624586,0.040872037,0.021906149,-6.8896384,0.021906149,composite,2,,43,composite_f2_s43_in22k_v5conf,last
ISIC_0025539,HAM_0000967,HAM_0000967,60+,ham,0,True,2,0.010922219,0.006670912,0.8867709,0.05616014,0.0022484318,0.0037275958,0.033499774,0.019841563,-6.9535203,0.019841563,composite,2,,43,composite_f2_s43_in22k_v5conf,last
ISIC_0025544,HAM_0001420,HAM_0001420,<40,ham,5,False,5,0.013349756,0.0065285633,0.015693838,0.06897916,0.0050645773,0.8456288,0.04475531,0.024942895,-7.108615,0.024942895,composite,2,,43,composite_f2_s43_in22k_v5conf,last
ISIC_0025545,HAM_0000751,HAM_0000751,<40,ham,5,False,5,0.0107602915,0.007423985,0.007021481,0.06495944,0.0057823616,0.8603276,0.043724835,0.023966638,-7.388953,0.023966638,composite,2,,43,composite_f2_s43_in22k_v5conf,last
ISIC_0025550,HAM_0006899,HAM_0006899,60+,ham,4,True,0,0.3374883,0.07933006,0.15580192,0.11097276,0.19520724,0.03386162,0.08733814,0.6120256,3.2941968,0.6120256,composite,2,,43,composite_f2_s43_in22k_v5conf,last
ISIC_0025558,HAM_0004933,HAM_0004933,40-59,ham,5,False,5,0.010634067,0.0073414533,0.007862675,0.066075474,0.005515384,0.861875,0.040695976,0.023490904,-6.8273926,0.023490904,composite,2,,43,composite_f2_s43_in22k_v5conf,last
ISIC_0025562,HAM_0001313,HAM_0001313,60+,ham,5,False,5,0.011442883,0.007330424,0.007194461,0.066368364,0.0043840874,0.86348104,0.03979871,0.023157394,-7.683692,0.023157394,composite,2,,43,composite_f2_s43_in22k_v5conf,last
ISIC_0025566,HAM_0006117,HAM_0006117,<40,ham,5,False,5,0.0113440035,0.0079240175,0.0073327753,0.0691026,0.007380163,0.85597837,0.04093802,0.026648184,-5.7058344,0.026648184,composite,2,,43,composite_f2_s43_in22k_v5conf,last
ISIC_0025575,HAM_0001245,HAM_0001245,60+,ham,2,False,0,0.9428365,0.0058006505,0.0059755095,0.021316601,0.0008107927,0.0005952094,0.022664692,0.949448,5.90774,0.949448,composite,2,,43,composite_f2_s43_in22k_v5conf,last
ISIC_0025577,HAM_0000005,HAM_0000005,60+,ham,0,True,0,0.7781712,0.0033723628,0.101114415,0.052307826,0.00094221,0.007770858,0.056321174,0.7824858,0.19879943,0.7824858,composite,2,,43,composite_f2_s43_in22k_v5conf,last
ISIC_0025585,HAM_0000576,HAM_0000576,40-59,ham,5,False,5,0.011019258,0.007752178,0.007492259,0.06527896,0.0054455907,0.8600311,0.042980462,0.024217026,-6.27275,0.024217026,composite,2,,43,composite_f2_s43_in22k_v5conf,last
ISIC_0025594,HAM_0005983,HAM_0005983,60+,ham,3,False,3,0.0011048362,0.00078038394,0.00093455025,0.99329823,0.00019268482,0.0002322605,0.0034571106,0.002077905,-5.6537123,0.002077905,composite,2,,43,composite_f2_s43_in22k_v5conf,last
ISIC_0025607,HAM_0004757,HAM_0004757,<40,ham,5,False,5,0.009804396,0.006169571,0.007257506,0.063957416,0.005189256,0.8674206,0.040201336,0.021163221,-6.8602257,0.021163221,composite,2,,43,composite_f2_s43_in22k_v5conf,last
ISIC_0025629,HAM_0002977,HAM_0002977,40-59,ham,5,False,5,0.01082299,0.0070749735,0.00704346,0.06672997,0.0060599744,0.8594486,0.04281999,0.023957938,-6.2284603,0.023957938,composite,2,,43,composite_f2_s43_in22k_v5conf,last
ISIC_0025650,HAM_0002312,HAM_0002312,60+,ham,1,True,1,0.015572279,0.8872957,0.0047692973,0.046367455,0.002183128,0.0024705902,0.041341584,0.9050511,8.136302,0.9050511,composite,2,,43,composite_f2_s43_in22k_v5conf,last
ISIC_0025654,HAM_0002742,HAM_0002742,60+,ham,2,False,2,0.007964062,0.004941274,0.89643097,0.05106499,0.003508797,0.0027257137,0.0333642,0.016414132,-7.147799,0.016414132,composite,2,,43,composite_f2_s43_in22k_v5conf,last
ISIC_0025670,HAM_0002332,HAM_0002332,<40,ham,5,False,5,0.010258209,0.0067598335,0.0077043073,0.06915676,0.0037883157,0.85667396,0.0456585,0.020806357,-8.079156,0.020806357,composite,2,,43,composite_f2_s43_in22k_v5conf,last
ISIC_0025671,HAM_0004783,HAM_0004783,<40,ham,5,False,5,0.008448249,0.00594192,0.006106645,0.0676738,0.0041373135,0.8625896,0.045102432,0.018527482,-7.921481,0.018527482,composite,2,,43,composite_f2_s43_in22k_v5conf,last
ISIC_0025674,HAM_0000531,HAM_0000531,60+,ham,4,True,4,0.0072690267,0.0063536004,0.0073909466,0.061086904,0.8745325,0.004183016,0.039183978,0.88815516,7.746168,0.88815516,composite,2,,43,composite_f2_s43_in22k_v5conf,last
ISIC_0025685,HAM_0003029,HAM_0003029,40-59,ham,5,False,5,0.010584223,0.0074492353,0.0063849837,0.068273455,0.005962702,0.85838026,0.042965177,0.02399616,-6.056081,0.02399616,composite,2,,43,composite_f2_s43_in22k_v5conf,last
ISIC_0025692,HAM_0007378,HAM_0007378,40-59,ham,5,False,5,0.0100808935,0.008010399,0.008270053,0.06609627,0.0072346283,0.858728,0.041579768,0.02532592,-6.1793647,0.02532592,composite,2,,43,composite_f2_s43_in22k_v5conf,last
ISIC_0025704,HAM_0001253,HAM_0001253,40-59,ham,5,False,5,0.00913892,0.0058897166,0.004865729,0.06496593,0.0073033483,0.86367476,0.044161618,0.022331985,-4.925971,0.022331985,composite,2,,43,composite_f2_s43_in22k_v5conf,last
ISIC_0025718,HAM_0001884,HAM_0001884,60+,ham,1,True,1,0.008102435,0.8934946,0.00631339,0.0484064,0.0048421286,0.0036298898,0.035211217,0.9064391,7.515176,0.9064391,composite,2,,43,composite_f2_s43_in22k_v5conf,last
ISIC_0025720,HAM_0004464,HAM_0004464,40-59,ham,5,False,5,0.0101064965,0.006909497,0.006813166,0.071551464,0.0072052297,0.85624015,0.041173927,0.024221223,-5.837842,0.024221223,composite,2,,43,composite_f2_s43_in22k_v5conf,last
ISIC_0025723,HAM_0005552,HAM_0005552,<40,ham,5,False,5,0.012233107,0.008117097,0.006875971,0.067791305,0.006879561,0.8540758,0.044027116,0.027229765,-5.972556,0.027229765,composite,2,,43,composite_f2_s43_in22k_v5conf,last
ISIC_0025728,HAM_0003921,HAM_0003921,40-59,ham,5,False,5,0.010966919,0.006283724,0.007268939,0.06604359,0.004593105,0.861727,0.04311668,0.02184375,-7.0654745,0.02184375,composite,2,,43,composite_f2_s43_in22k_v5conf,last
ISIC_0025734,HAM_0003099,HAM_0003099,<40,ham,5,False,5,0.009679674,0.0031923782,0.01978763,0.10711067,0.03066795,0.78925633,0.04030537,0.04354,-5.316712,0.04354,composite,2,,43,composite_f2_s43_in22k_v5conf,last
ISIC_0025751,HAM_0000814,HAM_0000814,60+,ham,4,True,4,0.0062770206,0.005775886,0.0037311541,0.045016475,0.8610384,0.048387922,0.029773204,0.8730913,3.5337195,0.8730913,composite,2,,43,composite_f2_s43_in22k_v5conf,last
ISIC_0025757,HAM_0000695,HAM_0000695,40-59,ham,5,False,5,0.012368035,0.0074310186,0.0076146615,0.068628475,0.006225085,0.853466,0.04426658,0.026024139,-6.4879403,0.026024139,composite,2,,43,composite_f2_s43_in22k_v5conf,last
ISIC_0025796,HAM_0002830,HAM_0002830,60+,ham,5,False,5,0.011015121,0.007582518,0.006779986,0.06742503,0.0074679563,0.8573347,0.042394802,0.026065595,-5.757371,0.026065595,composite,2,,43,composite_f2_s43_in22k_v5conf,last
ISIC_0025806,HAM_0003948,HAM_0003948,40-59,ham,5,False,5,0.010683023,0.007284126,0.0068750186,0.06608115,0.006255845,0.8597585,0.04306236,0.024222994,-6.076271,0.024222994,composite,2,,43,composite_f2_s43_in22k_v5conf,last
ISIC_0025810,HAM_0003559,HAM_0003559,60+,ham,2,False,2,0.00630941,0.0064796866,0.9064166,0.046692554,0.0025809808,0.0032692167,0.028251577,0.015370077,-7.4633703,0.015370077,composite,2,,43,composite_f2_s43_in22k_v5conf,last
ISIC_0025811,HAM_0005255,HAM_0005255,40-59,ham,0,True,0,0.91120017,0.0017677892,0.012389331,0.039275013,0.0044733495,0.0015271951,0.029367225,0.9174413,5.5921974,0.9174413,composite,2,,43,composite_f2_s43_in22k_v5conf,last
ISIC_0025818,HAM_0004621,HAM_0004621,60+,ham,1,True,2,0.012185023,0.19159849,0.5736539,0.12147107,0.0050292835,0.0017024769,0.09435981,0.2088128,-2.0889177,0.2088128,composite,2,,43,composite_f2_s43_in22k_v5conf,last
ISIC_0025819,HAM_0002299,HAM_0002299,60+,ham,2,False,2,0.008574225,0.0050306823,0.9064534,0.045876034,0.004462611,0.0031486459,0.026454378,0.018067518,-7.004183,0.018067518,composite,2,,43,composite_f2_s43_in22k_v5conf,last
ISIC_0025826,HAM_0005585,HAM_0005585,60+,ham,1,True,1,0.009038336,0.90604514,0.0039012374,0.044330806,0.0040023485,0.004419503,0.028262625,0.9190858,7.6152344,0.9190858,composite,2,,43,composite_f2_s43_in22k_v5conf,last
ISIC_0025832,HAM_0003172,HAM_0003172,60+,ham,4,True,5,0.008469923,0.00724061,0.008806655,0.06834467,0.019718999,0.844565,0.042854182,0.03542953,-5.434591,0.03542953,composite,2,,43,composite_f2_s43_in22k_v5conf,last
ISIC_0025847,HAM_0005609,HAM_0005609,40-59,ham,5,False,4,0.007229545,0.00630084,0.008257372,0.07363937,0.81442565,0.037849877,0.052297335,0.827956,3.7340643,0.827956,composite,2,,43,composite_f2_s43_in22k_v5conf,last
ISIC_0025852,HAM_0001403,HAM_0001403,40-59,ham,5,False,5,0.011345494,0.0071039693,0.006539925,0.06563061,0.0058056465,0.8618213,0.041753054,0.02425511,-6.5952263,0.02425511,composite,2,,43,composite_f2_s43_in22k_v5conf,last
ISIC_0025853,HAM_0003897,HAM_0003897,60+,ham,5,False,5,0.009014041,0.006849174,0.0056219543,0.058948237,0.009063631,0.873246,0.03725694,0.024926847,-4.972599,0.024926847,composite,2,,43,composite_f2_s43_in22k_v5conf,last
ISIC_0025856,HAM_0003165,HAM_0003165,40-59,ham,2,False,2,0.0072801574,0.006029071,0.89000624,0.053516332,0.004443638,0.0059857643,0.032738816,0.017752867,-7.3507133,0.017752867,composite,2,,43,composite_f2_s43_in22k_v5conf,last
ISIC_0025868,HAM_0003251,HAM_0003251,40-59,ham,5,False,5,0.011402941,0.007560619,0.007473565,0.0664371,0.006358961,0.8579986,0.04276815,0.025322521,-6.6450586,0.025322521,composite,2,,43,composite_f2_s43_in22k_v5conf,last
ISIC_0025879,HAM_0004289,HAM_0004289,40-59,ham,2,False,2,0.00713978,0.0047117877,0.9140327,0.04329027,0.00282772,0.002266994,0.025730753,0.014679288,-7.278016,0.014679288,composite,2,,43,composite_f2_s43_in22k_v5conf,last
ISIC_0025880,HAM_0005744,HAM_0005744,40-59,ham,5,False,5,0.011752289,0.0074671325,0.010785469,0.06929329,0.0061474466,0.8503816,0.04417278,0.025366867,-6.423089,0.025366867,composite,2,,43,composite_f2_s43_in22k_v5conf,last
ISIC_0025895,HAM_0000478,HAM_0000478,40-59,ham,5,False,5,0.010811283,0.0064693848,0.006440431,0.06655803,0.004818159,0.8615973,0.043305356,0.022098828,-6.9148602,0.022098828,composite,2,,43,composite_f2_s43_in22k_v5conf,last
ISIC_0025897,HAM_0003539,HAM_0003539,60+,ham,5,False,5,0.010626493,0.0061978134,0.0060248896,0.06718594,0.0039938013,0.8634521,0.042518966,0.020818109,-7.9398894,0.020818109,composite,2,,43,composite_f2_s43_in22k_v5conf,last
ISIC_0025898,HAM_0002332,HAM_0002332,<40,ham,5,False,5,0.0104577085,0.0059833443,0.007528393,0.06580362,0.0036641925,0.86141765,0.045145124,0.020105245,-8.056622,0.020105245,composite,2,,43,composite_f2_s43_in22k_v5conf,last
ISIC_0025903,HAM_0002129,HAM_0002129,60+,ham,3,False,3,0.003147832,0.0035964048,0.002453081,0.85316473,0.0008751298,0.08432291,0.05243991,0.0076193665,-9.221438,0.0076193665,composite,2,,43,composite_f2_s43_in22k_v5conf,last
ISIC_0025912,HAM_0007449,HAM_0007449,40-59,ham,5,False,5,0.010910325,0.006596442,0.00563247,0.0686561,0.0070629823,0.85909534,0.042046353,0.02456975,-5.8465757,0.02456975,composite,2,,43,composite_f2_s43_in22k_v5conf,last
ISIC_0025927,HAM_0002557,HAM_0002557,40-59,ham,4,True,4,0.009826026,0.007036157,0.00685177,0.057776317,0.87899095,0.0030412478,0.036477495,0.89585316,8.649699,0.89585316,composite,2,,43,composite_f2_s43_in22k_v5conf,last
ISIC_0025928,HAM_0005606,HAM_0005606,60+,ham,2,False,0,0.94496346,0.0012604753,0.0015674201,0.02901861,0.0014323035,0.006690287,0.015067352,0.9476562,4.464074,0.9476562,composite,2,,43,composite_f2_s43_in22k_v5conf,last
ISIC_0025931,HAM_0001407,HAM_0001407,40-59,ham,5,False,5,0.010625448,0.006731507,0.0068210512,0.06307548,0.0046285335,0.8654219,0.042696044,0.021985488,-7.437372,0.021985488,composite,2,,43,composite_f2_s43_in22k_v5conf,last
ISIC_0025940,HAM_0001503,HAM_0001503,40-59,ham,1,True,0,0.9422875,0.0031095087,0.0033690603,0.030961387,0.002822174,0.0012428697,0.016207457,0.9482192,7.266733,0.9482192,composite,2,,43,composite_f2_s43_in22k_v5conf,last
ISIC_0025941,HAM_0003171,HAM_0003171,40-59,ham,4,True,5,0.21286842,0.008858299,0.0153723145,0.11964603,0.037791714,0.54862404,0.05683915,0.25951844,-2.075999,0.25951844,composite,2,,43,composite_f2_s43_in22k_v5conf,last
ISIC_0025944,HAM_0005634,HAM_0005634,40-59,ham,5,False,5,0.010713416,0.006359016,0.0072188396,0.06515531,0.005782787,0.86327535,0.041495256,0.022855218,-6.633233,0.022855218,composite,2,,43,composite_f2_s43_in22k_v5conf,last
ISIC_0025950,HAM_0007477,HAM_0007477,<40,ham,5,False,5,0.011741863,0.0075875027,0.005233472,0.07445285,0.008856492,0.84605974,0.046068184,0.028185857,-6.5199366,0.028185857,composite,2,,43,composite_f2_s43_in22k_v5conf,last
ISIC_0025958,HAM_0005609,HAM_0005609,40-59,ham,5,False,5,0.012148266,0.009759567,0.00956618,0.10742624,0.31512877,0.47296667,0.073004305,0.3370366,-0.83253944,0.3370366,composite,2,,43,composite_f2_s43_in22k_v5conf,last
ISIC_0025964,HAM_0000871,HAM_0000871,40-59,ham,4,True,5,0.009393776,0.0060257544,0.0048572933,0.07191577,0.01678311,0.8209259,0.07009848,0.03220264,-5.850521,0.03220264,composite,2,,43,composite_f2_s43_in22k_v5conf,last
ISIC_0025976,HAM_0000565,HAM_0000565,40-59,ham,5,False,5,0.011202241,0.0071949726,0.0074686306,0.06571725,0.005989175,0.8594928,0.042934984,0.02438639,-6.76622,0.02438639,composite,2,,43,composite_f2_s43_in22k_v5conf,last
ISIC_0025977,HAM_0001225,HAM_0001225,<40,ham,5,False,5,0.00958778,0.0068034925,0.007282527,0.06399202,0.0055433246,0.86522114,0.04156975,0.021934597,-6.5205374,0.021934597,composite,2,,43,composite_f2_s43_in22k_v5conf,last
ISIC_0025993,HAM_0005232,HAM_0005232,<40,ham,5,False,5,0.012463283,0.007219736,0.00731739,0.064162515,0.008471032,0.8590247,0.041341364,0.02815405,-6.797622,0.02815405,composite,2,,43,composite_f2_s43_in22k_v5conf,last
ISIC_0026003,HAM_0000951,HAM_0000951,40-59,ham,5,False,5,0.00988203,0.0074980073,0.0067496905,0.07142373,0.0063693747,0.8551626,0.04291459,0.023749411,-5.5413885,0.023749411,composite,2,,43,composite_f2_s43_in22k_v5conf,last
ISIC_0026016,HAM_0003789,HAM_0003789,40-59,ham,2,False,2,0.00541362,0.003911676,0.91045004,0.040936086,0.0050543062,0.0026562347,0.031578112,0.014379602,-7.2242947,0.014379602,composite,2,,43,composite_f2_s43_in22k_v5conf,last
ISIC_0026018,HAM_0005883,HAM_0005883,60+,ham,2,False,5,0.0041241134,0.00562503,0.36738643,0.09797245,0.073562354,0.39649716,0.054832432,0.0833115,-5.4536095,0.0833115,composite,2,,43,composite_f2_s43_in22k_v5conf,last
ISIC_0026019,HAM_0001768,HAM_0001768,<40,ham,5,False,5,0.011178921,0.007756176,0.0077730925,0.06899103,0.0060729543,0.8543706,0.043857202,0.025008053,-6.6861267,0.025008053,composite,2,,43,composite_f2_s43_in22k_v5conf,last
ISIC_0026022,HAM_0006725,HAM_0006725,40-59,ham,5,False,5,0.010580347,0.008876545,0.008408424,0.06492737,0.0064241686,0.8619869,0.038796335,0.025881061,-6.2361827,0.025881061,composite,2,,43,composite_f2_s43_in22k_v5conf,last
ISIC_0026030,HAM_0003580,HAM_0003580,40-59,ham,5,False,5,0.012433981,0.00915435,0.0047869333,0.05832305,0.032006644,0.842929,0.040365975,0.053594973,-3.3976514,0.053594973,composite,2,,43,composite_f2_s43_in22k_v5conf,last
ISIC_0026031,HAM_0003261,HAM_0003261,60+,ham,5,False,5,0.011261798,0.006977475,0.006998504,0.067983635,0.0054389257,0.85719544,0.044144303,0.023678198,-6.4031563,0.023678198,composite,2,,43,composite_f2_s43_in22k_v5conf,last
ISIC_0026052,HAM_0005770,HAM_0005770,<40,ham,5,False,5,0.015208889,0.0068919966,0.0166267,0.07418967,0.005996791,0.83717406,0.04391187,0.028097676,-7.293289,0.028097676,composite,2,,43,composite_f2_s43_in22k_v5conf,last
ISIC_0026058,HAM_0007361,HAM_0007361,40-59,ham,5,False,5,0.01075381,0.0070610642,0.007093103,0.06622291,0.0053518885,0.8597336,0.04378371,0.023166763,-6.0464563,0.023166763,composite,2,,43,composite_f2_s43_in22k_v5conf,last
ISIC_0026061,HAM_0001973,HAM_0001973,60+,ham,5,False,5,0.0113980025,0.0070052673,0.0059869355,0.065180734,0.005842075,0.8632953,0.04129166,0.024245344,-6.368474,0.024245344,composite,2,,43,composite_f2_s43_in22k_v5conf,last
ISIC_0026063,HAM_0003139,HAM_0003139,40-59,ham,5,False,5,0.010937044,0.00734575,0.007287146,0.067447536,0.0070221764,0.8585088,0.04145155,0.02530497,-5.6604104,0.02530497,composite,2,,43,composite_f2_s43_in22k_v5conf,last
ISIC_0026064,HAM_0003714,HAM_0003714,40-59,ham,5,False,5,0.012211574,0.00968982,0.011873059,0.07079079,0.0075618885,0.8425034,0.045369416,0.029463284,-5.7318764,0.029463284,composite,2,,43,composite_f2_s43_in22k_v5conf,last
ISIC_0026084,HAM_0005879,HAM_0005879,60+,ham,5,False,4,0.01880261,0.0086693205,0.006491609,0.06629695,0.8534118,0.0039135506,0.04241414,0.8808837,8.176007,0.8808837,composite,2,,43,composite_f2_s43_in22k_v5conf,last
ISIC_0026093,HAM_0004704,HAM_0004704,40-59,ham,5,False,5,0.011387634,0.0069537093,0.007871037,0.06589541,0.005376945,0.8596731,0.042842176,0.023718288,-6.3295426,0.023718288,composite,2,,43,composite_f2_s43_in22k_v5conf,last
ISIC_0026095,HAM_0002297,HAM_0002297,40-59,ham,5,False,5,0.010551056,0.0068216706,0.0068020383,0.06828907,0.0046295854,0.8591833,0.043723315,0.022002313,-7.263672,0.022002313,composite,2,,43,composite_f2_s43_in22k_v5conf,last
ISIC_0026100,HAM_0000954,HAM_0000954,60+,ham,0,True,1,0.20890567,0.6498267,0.018998204,0.0728231,0.0038087405,0.0041323463,0.041505206,0.8625411,7.4658833,0.8625411,composite,2,,43,composite_f2_s43_in22k_v5conf,last
ISIC_0026105,HAM_0003172,HAM_0003172,60+,ham,4,True,5,0.013430368,0.009561828,0.015932135,0.08766671,0.21564731,0.6004533,0.057308275,0.2386395,-1.9342827,0.2386395,composite,2,,43,composite_f2_s43_in22k_v5conf,last
ISIC_0026115,HAM_0004910,HAM_0004910,60+,ham,4,True,4,0.008184828,0.005567987,0.0059644044,0.05654411,0.88756937,0.003128333,0.033040963,0.9013222,8.021472,0.9013222,composite,2,,43,composite_f2_s43_in22k_v5conf,last
ISIC_0026117,HAM_0005984,HAM_0005984,60+,ham,1,True,1,0.006471455,0.90045846,0.0036974377,0.04777649,0.0038460575,0.003941139,0.033809032,0.91077596,7.6614585,0.91077596,composite,2,,43,composite_f2_s43_in22k_v5conf,last
ISIC_0026132,HAM_0004992,HAM_0004992,60+,ham,0,True,0,0.94289315,0.0024842967,0.005408005,0.021689132,0.0040074578,0.0040342673,0.019483652,0.9493849,5.7143188,0.9493849,composite,2,,43,composite_f2_s43_in22k_v5conf,last
ISIC_0026133,HAM_0004833,HAM_0004833,60+,ham,5,False,5,0.012305063,0.007760343,0.006525258,0.06538168,0.00962522,0.85031956,0.048082884,0.029690627,-6.5005326,0.029690627,composite,2,,43,composite_f2_s43_in22k_v5conf,last
ISIC_0026140,HAM_0002973,HAM_0002973,40-59,ham,5,False,1,0.0030308831,0.76304317,0.015718807,0.09826911,0.011492779,0.055956576,0.05248877,0.77756685,3.3203897,0.77756685,composite,2,,43,composite_f2_s43_in22k_v5conf,last
ISIC_0026141,HAM_0003525,HAM_0003525,60+,ham,5,False,5,0.010950434,0.006044596,0.006585142,0.064403996,0.0063508837,0.8647975,0.040867478,0.023345914,-7.2788334,0.023345914,composite,2,,43,composite_f2_s43_in22k_v5conf,last
ISIC_0026147,HAM_0006983,HAM_0006983,<40,ham,5,False,5,0.009140614,0.009694127,0.005702541,0.069346435,0.061952256,0.8040286,0.040135413,0.080786996,-3.2743883,0.080786996,composite,2,,43,composite_f2_s43_in22k_v5conf,last
ISIC_0026158,HAM_0003448,HAM_0003448,60+,ham,4,True,4,0.008066835,0.06015905,0.0046701957,0.09769226,0.77610934,0.0074375505,0.045864727,0.8443352,9.79109,0.8443352,composite,2,,43,composite_f2_s43_in22k_v5conf,last
ISIC_0026171,HAM_0000356,HAM_0000356,60+,ham,0,True,2,0.005929995,0.004394954,0.90422016,0.05043833,0.0040309257,0.004633869,0.026351733,0.014355876,-7.869134,0.014355876,composite,2,,43,composite_f2_s43_in22k_v5conf,last
ISIC_0026174,HAM_0006009,HAM_0006009,60+,ham,2,False,2,0.0056200507,0.0063516297,0.89483374,0.0499163,0.0047841365,0.0065888846,0.0319053,0.016755817,-7.872711,0.016755817,composite,2,,43,composite_f2_s43_in22k_v5conf,last
ISIC_0026177,HAM_0006583,HAM_0006583,<40,ham,5,False,5,0.010154812,0.0063222367,0.0075079347,0.07713416,0.005633264,0.84858733,0.04466033,0.022110313,-7.4370737,0.022110313,composite,2,,43,composite_f2_s43_in22k_v5conf,last
ISIC_0026182,HAM_0001265,HAM_0001265,40-59,ham,5,False,5,0.010476629,0.0070546735,0.008048561,0.068025015,0.0052035963,0.85655946,0.044631984,0.0227349,-6.9682665,0.0227349,composite,2,,43,composite_f2_s43_in22k_v5conf,last
ISIC_0026192,HAM_0002611,HAM_0002611,60+,ham,1,True,1,0.009380143,0.89044464,0.005366236,0.05402463,0.003686841,0.0028470252,0.034250427,0.90351164,8.176291,0.90351164,composite,2,,43,composite_f2_s43_in22k_v5conf,last
ISIC_0026194,HAM_0003910,HAM_0003910,<40,ham,0,True,0,0.90860003,0.001256363,0.003636208,0.038708378,0.007590731,0.0022882177,0.037920184,0.9174471,6.2927933,0.9174471,composite,2,,43,composite_f2_s43_in22k_v5conf,last
ISIC_0026200,HAM_0007198,HAM_0007198,40-59,ham,5,False,5,0.010051119,0.0066328053,0.007390194,0.0661481,0.005099599,0.860621,0.044057194,0.021783523,-6.7511263,0.021783523,composite,2,,43,composite_f2_s43_in22k_v5conf,last
ISIC_0026205,HAM_0006912,HAM_0006912,<40,ham,2,False,2,0.009647895,0.0055241464,0.8827115,0.054985393,0.0039768964,0.009328859,0.03382532,0.019148938,-7.866411,0.019148938,composite,2,,43,composite_f2_s43_in22k_v5conf,last
ISIC_0026215,HAM_0005519,HAM_0005519,40-59,ham,5,False,5,0.010084309,0.007414318,0.0067346734,0.0672175,0.005765151,0.8599083,0.042875785,0.023263779,-7.7644835,0.023263779,composite,2,,43,composite_f2_s43_in22k_v5conf,last
ISIC_0026222,HAM_0005925,HAM_0005925,60+,ham,5,False,5,0.03425592,0.009464192,0.04415741,0.074537575,0.15421739,0.6349533,0.04841418,0.1979375,-2.2409747,0.1979375,composite,2,,43,composite_f2_s43_in22k_v5conf,last
ISIC_0026225,HAM_0003781,HAM_0003781,40-59,ham,5,False,5,0.010641651,0.006361496,0.0039031692,0.06259503,0.013808505,0.8707358,0.031954397,0.030811653,-3.7236204,0.030811653,composite,2,,43,composite_f2_s43_in22k_v5conf,last
ISIC_0026229,HAM_0003445,HAM_0003445,60+,ham,4,True,4,0.011483756,0.005830398,0.009150891,0.07238547,0.8540187,0.007511896,0.03961889,0.8713328,6.818799,0.8713328,composite,2,,43,composite_f2_s43_in22k_v5conf,last
ISIC_0026243,HAM_0002230,HAM_0002230,<40,ham,5,False,5,0.010749472,0.007074305,0.007981499,0.067598544,0.0052922815,0.85766125,0.043642674,0.02311606,-6.822704,0.02311606,composite,2,,43,composite_f2_s43_in22k_v5conf,last
ISIC_0026256,HAM_0003960,HAM_0003960,40-59,ham,5,False,5,0.011310781,0.007450567,0.0067458167,0.06770287,0.006724194,0.857459,0.04260678,0.025485542,-5.9519806,0.025485542,composite,2,,43,composite_f2_s43_in22k_v5conf,last
ISIC_0026260,HAM_0000187,HAM_0000187,40-59,ham,5,False,5,0.010721948,0.006556865,0.006106101,0.06723314,0.006014626,0.86134183,0.042025574,0.02329344,-7.672445,0.02329344,composite,2,,43,composite_f2_s43_in22k_v5conf,last
ISIC_0026268,HAM_0001428,HAM_0001428,60+,ham,4,True,4,0.009604743,0.0048582414,0.007074226,0.053103015,0.8793373,0.004845882,0.041176602,0.8938003,7.1019726,0.8938003,composite,2,,43,composite_f2_s43_in22k_v5conf,last
ISIC_0026273,HAM_0000164,HAM_0000164,60+,ham,2,False,2,0.0026710366,0.001594862,0.84029466,0.08468503,0.0008234264,0.001600666,0.068330295,0.0050893254,-10.909945,0.0050893254,composite,2,,43,composite_f2_s43_in22k_v5conf,last
ISIC_0026281,HAM_0004910,HAM_0004910,60+,ham,4,True,4,0.0024012036,0.0020714628,0.014716767,0.043354336,0.9024605,0.0020767353,0.032918867,0.9069332,4.967763,0.9069332,composite,2,,43,composite_f2_s43_in22k_v5conf,last
ISIC_0026286,HAM_0005157,HAM_0005157,40-59,ham,2,False,2,0.011772388,0.0036479258,0.8889803,0.04508245,0.0019343371,0.0061079725,0.04247459,0.01735465,-8.427952,0.01735465,composite,2,,43,composite_f2_s43_in22k_v5conf,last
ISIC_0026287,HAM_0002412,HAM_0002412,<40,ham,5,False,5,0.011453543,0.007929976,0.00668193,0.074587315,0.008184141,0.8445354,0.046627685,0.02756766,-5.6907573,0.02756766,composite,2,,43,composite_f2_s43_in22k_v5conf,last
ISIC_0026292,HAM_0000477,HAM_0000477,40-59,ham,5,False,5,0.009695433,0.00707403,0.006988245,0.06439377,0.0044577303,0.86514974,0.042240974,0.021227194,-7.4241114,0.021227194,composite,2,,43,composite_f2_s43_in22k_v5conf,last
ISIC_0026293,HAM_0004897,HAM_0004897,<40,ham,5,False,5,0.009752558,0.00546041,0.006597274,0.078309,0.0030884228,0.8505294,0.046262912,0.01830139,-8.200172,0.01830139,composite,2,,43,composite_f2_s43_in22k_v5conf,last
ISIC_0026310,HAM_0004385,HAM_0004385,40-59,ham,5,False,5,0.009465902,0.007169144,0.0059324657,0.07051098,0.03133529,0.8378694,0.03771683,0.047970336,-1.8493164,0.047970336,composite,2,,43,composite_f2_s43_in22k_v5conf,last
ISIC_0026311,HAM_0006099,HAM_0006099,40-59,ham,2,False,2,0.0071029975,0.0048840586,0.8972773,0.051163707,0.0033212814,0.0037491005,0.032501556,0.015308338,-7.7426066,0.015308338,composite,2,,43,composite_f2_s43_in22k_v5conf,last
ISIC_0026321,HAM_0006047,HAM_0006047,60+,ham,1,True,1,0.0011229811,0.46263266,0.0010874906,0.064827286,0.23906115,0.01199883,0.21926959,0.7028168,7.2805367,0.7028168,composite,2,,43,composite_f2_s43_in22k_v5conf,last
ISIC_0026330,HAM_0001803,HAM_0001803,60+,ham,5,False,5,0.014195576,0.0092998985,0.006949798,0.084529914,0.02809313,0.80887926,0.04805239,0.051588602,-3.8475196,0.051588602,composite,2,,43,composite_f2_s43_in22k_v5conf,last
ISIC_0026332,HAM_0004339,HAM_0004339,60+,ham,5,False,5,0.011140446,0.0073936917,0.0062746904,0.06608211,0.013949555,0.8527279,0.042431593,0.032483693,-4.6800137,0.032483693,composite,2,,43,composite_f2_s43_in22k_v5conf,last
ISIC_0026337,HAM_0000719,HAM_0000719,60+,ham,1,True,1,0.0043448666,0.887738,0.007651626,0.0463684,0.017842108,0.0050666584,0.030988444,0.909925,7.39474,0.909925,composite,2,,43,composite_f2_s43_in22k_v5conf,last
ISIC_0026338,HAM_0000905,HAM_0000905,60+,ham,5,False,5,0.0118474,0.0075442046,0.008514084,0.064308144,0.0065212264,0.8629333,0.038331658,0.02591283,-6.081469,0.02591283,composite,2,,43,composite_f2_s43_in22k_v5conf,last
ISIC_0026346,HAM_0002729,HAM_0002729,<40,ham,5,False,5,0.00884065,0.0065724677,0.0066227405,0.06637778,0.0046170247,0.8667686,0.04020069,0.020030143,-7.4934826,0.020030143,composite,2,,43,composite_f2_s43_in22k_v5conf,last
ISIC_0026347,HAM_0005318,HAM_0005318,60+,ham,5,False,4,0.00859438,0.0019601912,0.0039289948,0.045500055,0.90405375,0.010300684,0.025661977,0.9146083,5.2690096,0.9146083,composite,2,,43,composite_f2_s43_in22k_v5conf,last
ISIC_0026351,HAM_0003920,HAM_0003920,40-59,ham,2,False,4,0.010447847,0.0038385056,0.008446721,0.055618916,0.8848565,0.0030377286,0.033753652,0.89914286,7.281149,0.89914286,composite,2,,43,composite_f2_s43_in22k_v5conf,last
ISIC_0026352,HAM_0001444,HAM_0001444,40-59,ham,4,True,4,0.009514926,0.0053680125,0.0061943443,0.066050656,0.86774623,0.006115514,0.039010298,0.88262916,7.215602,0.88262916,composite,2,,43,composite_f2_s43_in22k_v5conf,last
ISIC_0026367,HAM_0007311,HAM_0007311,40-59,ham,5,False,5,0.009860065,0.007941739,0.010401459,0.06744406,0.0070010405,0.8529595,0.044392016,0.024802843,-7.6683636,0.024802843,composite,2,,43,composite_f2_s43_in22k_v5conf,last
ISIC_0026371,HAM_0004360,HAM_0004360,<40,ham,5,False,5,0.008621088,0.005921987,0.011786627,0.06479311,0.0047186986,0.8625563,0.041602246,0.019261774,-8.345244,0.019261774,composite,2,,43,composite_f2_s43_in22k_v5conf,last
ISIC_0026393,HAM_0005011,HAM_0005011,60+,ham,6,False,6,0.0010064655,0.00067170756,0.0008570236,0.006163597,0.00042734214,0.00037523624,0.9904986,0.0021055152,-7.6034136,0.0021055152,composite,2,,43,composite_f2_s43_in22k_v5conf,last
ISIC_0026397,HAM_0000340,HAM_0000340,60+,ham,5,False,5,0.010017707,0.0066113747,0.006305914,0.065702945,0.006100284,0.8628905,0.042371236,0.022729365,-5.333869,0.022729365,composite,2,,43,composite_f2_s43_in22k_v5conf,last
ISIC_0026410,HAM_0002104,HAM_0002104,60+,ham,5,False,5,0.0107261045,0.0065866183,0.0064256294,0.067975804,0.0058357967,0.86112946,0.04132061,0.023148518,-6.3129706,0.023148518,composite,2,,43,composite_f2_s43_in22k_v5conf,last
ISIC_0026421,HAM_0002067,HAM_0002067,40-59,ham,5,False,6,0.0099266935,0.006434028,0.0020004832,0.06330235,0.00703997,0.31037676,0.60091966,0.023400692,-6.237384,0.023400692,composite,2,,43,composite_f2_s43_in22k_v5conf,last
ISIC_0026425,HAM_0002971,HAM_0002971,40-59,ham,5,False,5,0.0103745265,0.0074136434,0.007522058,0.06598476,0.0052544386,0.8614621,0.041988477,0.023042608,-6.8835974,0.023042608,composite,2,,43,composite_f2_s43_in22k_v5conf,last
ISIC_0026428,HAM_0004931,HAM_0004931,40-59,ham,5,False,5,0.010801551,0.0061718067,0.0054066526,0.0674529,0.0070973,0.85895026,0.044119418,0.024070658,-5.785923,0.024070658,composite,2,,43,composite_f2_s43_in22k_v5conf,last
ISIC_0026432,HAM_0006268,HAM_0006268,40-59,ham,5,False,5,0.013717605,0.007769232,0.005869476,0.07590414,0.014958088,0.8372064,0.0445751,0.036444925,-5.404832,0.036444925,composite,2,,43,composite_f2_s43_in22k_v5conf,last
ISIC_0026433,HAM_0003826,HAM_0003826,60+,ham,1,True,2,0.012630998,0.022794805,0.80759865,0.08458546,0.0042574,0.002384298,0.06574838,0.039683204,-5.3502464,0.039683204,composite,2,,43,composite_f2_s43_in22k_v5conf,last
ISIC_0026437,HAM_0006251,HAM_0006251,60+,ham,5,False,0,0.6860862,0.0029533533,0.1023894,0.049631476,0.07759986,0.03469077,0.046648856,0.7666394,1.7833123,0.7666394,composite,2,,43,composite_f2_s43_in22k_v5conf,last
ISIC_0026443,HAM_0002902,HAM_0002902,60+,ham,2,False,5,0.009407112,0.0077393595,0.022542194,0.07180713,0.0033708776,0.83313704,0.05199621,0.02051735,-8.515109,0.02051735,composite,2,,43,composite_f2_s43_in22k_v5conf,last
ISIC_0026454,HAM_0006210,HAM_0006210,40-59,ham,5,False,5,0.010969934,0.0073003937,0.0076367105,0.06429483,0.009224246,0.8612929,0.039280925,0.027494576,-6.317165,0.027494576,composite,2,,43,composite_f2_s43_in22k_v5conf,last
ISIC_0026479,HAM_0005576,HAM_0005576,40-59,ham,5,False,5,0.009702678,0.0065205395,0.0071528316,0.06633452,0.0056760884,0.86271524,0.04189815,0.021899307,-6.6135955,0.021899307,composite,2,,43,composite_f2_s43_in22k_v5conf,last
ISIC_0026503,HAM_0004148,HAM_0004148,40-59,ham,5,False,5,0.011124097,0.006597994,0.006998535,0.064571284,0.004249952,0.8642177,0.042240385,0.021972042,-7.159112,0.021972042,composite,2,,43,composite_f2_s43_in22k_v5conf,last
ISIC_0026506,HAM_0000871,HAM_0000871,40-59,ham,4,True,6,0.0029812483,0.0028866385,0.0008879947,0.056502026,0.06484202,0.06068224,0.81121784,0.07070991,-2.9061728,0.07070991,composite,2,,43,composite_f2_s43_in22k_v5conf,last
ISIC_0026514,HAM_0007598,HAM_0007598,60+,ham,2,False,2,0.009304762,0.005918035,0.9039529,0.045296267,0.0035885659,0.0020151015,0.029924389,0.018811364,-6.968755,0.018811364,composite,2,,43,composite_f2_s43_in22k_v5conf,last
ISIC_0026518,HAM_0003646,HAM_0003646,40-59,ham,5,False,4,0.008091308,0.003977024,0.0047789235,0.052667093,0.89064175,0.0056023556,0.034241542,0.9027101,7.1657352,0.9027101,composite,2,,43,composite_f2_s43_in22k_v5conf,last
ISIC_0026522,HAM_0005505,HAM_0005505,40-59,ham,0,True,2,0.1087112,0.0042236266,0.77498245,0.07666086,0.002987268,0.00087056955,0.031563938,0.11592209,-3.3268473,0.11592209,composite,2,,43,composite_f2_s43_in22k_v5conf,last
ISIC_0026531,HAM_0000876,HAM_0000876,40-59,ham,4,True,4,0.008695537,0.0046806745,0.0057885773,0.05634865,0.8875612,0.0036594742,0.033265933,0.90093744,8.210258,0.90093744,composite,2,,43,composite_f2_s43_in22k_v5conf,last
ISIC_0026532,HAM_0000959,HAM_0000959,60+,ham,2,False,2,0.008367608,0.0017792998,0.90253085,0.041852336,0.0061519877,0.004794381,0.034523547,0.016298896,-6.894105,0.016298896,composite,2,,43,composite_f2_s43_in22k_v5conf,last
ISIC_0026535,HAM_0000691,HAM_0000691,40-59,ham,5,False,5,0.010961344,0.006503654,0.006069882,0.06771413,0.005094899,0.8611088,0.042547394,0.022559898,-6.896889,0.022559898,composite,2,,43,composite_f2_s43_in22k_v5conf,last
ISIC_0026543,HAM_0000599,HAM_0000599,60+,ham,5,False,5,0.010320016,0.0062894803,0.008058643,0.06569055,0.003957104,0.862289,0.043395173,0.020566601,-7.3795986,0.020566601,composite,2,,43,composite_f2_s43_in22k_v5conf,last
ISIC_0026553,HAM_0007024,HAM_0007024,60+,ham,2,False,2,0.0049068495,0.0036045269,0.88738865,0.047795106,0.0039199763,0.020383008,0.03200196,0.012431353,-8.874786,0.012431353,composite,2,,43,composite_f2_s43_in22k_v5conf,last
ISIC_0026558,HAM_0004709,HAM_0004709,60+,ham,4,True,5,0.011318637,0.008851044,0.005511675,0.060600337,0.0149506,0.85745543,0.041312296,0.035120282,-5.491514,0.035120282,composite,2,,43,composite_f2_s43_in22k_v5conf,last
ISIC_0026562,HAM_0000429,HAM_0000429,40-59,ham,5,False,5,0.010060218,0.006548191,0.00625482,0.06564239,0.0073401444,0.86401355,0.040140755,0.023948554,-6.010263,0.023948554,composite,2,,43,composite_f2_s43_in22k_v5conf,last
ISIC_0026563,HAM_0005526,HAM_0005526,<40,ham,5,False,5,0.010252244,0.006495367,0.006927119,0.06691241,0.0053573977,0.86246234,0.041593127,0.022105008,-6.707457,0.022105008,composite,2,,43,composite_f2_s43_in22k_v5conf,last
ISIC_0026568,HAM_0003740,HAM_0003740,40-59,ham,5,False,5,0.010741712,0.006869678,0.0063161477,0.067993715,0.005650969,0.8607177,0.0417101,0.02326236,-6.3028717,0.02326236,composite,2,,43,composite_f2_s43_in22k_v5conf,last
ISIC_0026572,HAM_0002583,HAM_0002583,40-59,ham,5,False,5,0.012327231,0.0075412393,0.007403165,0.06956004,0.0063481834,0.8542199,0.042600274,0.026216654,-6.377413,0.026216654,composite,2,,43,composite_f2_s43_in22k_v5conf,last
ISIC_0026576,HAM_0004630,HAM_0004630,60+,ham,2,False,2,0.0033327334,0.0051910784,0.91383594,0.0402861,0.0029535154,0.0071557807,0.027244918,0.011477327,-8.116608,0.011477327,composite,2,,43,composite_f2_s43_in22k_v5conf,last
ISIC_0026585,HAM_0006507,HAM_0006507,40-59,ham,5,False,5,0.016920513,0.009213119,0.054279804,0.098789945,0.0047327345,0.75624055,0.059823263,0.030866366,-7.715678,0.030866366,composite,2,,43,composite_f2_s43_in22k_v5conf,last
ISIC_0026595,HAM_0004795,HAM_0004795,<40,ham,5,False,5,0.011623054,0.0063984585,0.007866756,0.06633367,0.0039922674,0.86080027,0.042985518,0.02201378,-7.03173,0.02201378,composite,2,,43,composite_f2_s43_in22k_v5conf,last
ISIC_0026599,HAM_0007144,HAM_0007144,60+,ham,5,False,5,0.0100367395,0.08786546,0.019636126,0.13515867,0.007402103,0.6569161,0.082984775,0.10530429,-5.6838202,0.10530429,composite,2,,43,composite_f2_s43_in22k_v5conf,last
ISIC_0026602,HAM_0003571,HAM_0003571,40-59,ham,5,False,5,0.010549755,0.0067005386,0.007008868,0.06651853,0.00568245,0.8602001,0.043339748,0.022932744,-6.7425165,0.022932744,composite,2,,43,composite_f2_s43_in22k_v5conf,last
ISIC_0026610,HAM_0004279,HAM_0004279,40-59,ham,5,False,5,0.010252685,0.0048830486,0.008564315,0.06958079,0.004308865,0.85647404,0.045936298,0.019444598,-8.2653055,0.019444598,composite,2,,43,composite_f2_s43_in22k_v5conf,last
ISIC_0026617,HAM_0003804,HAM_0003804,40-59,ham,5,False,5,0.009644802,0.0070286435,0.007339905,0.06601959,0.0062217764,0.86260426,0.04114099,0.022895223,-6.209899,0.022895223,composite,2,,43,composite_f2_s43_in22k_v5conf,last
ISIC_0026620,HAM_0000435,HAM_0000435,40-59,ham,5,False,5,0.010734342,0.007357716,0.004917219,0.06509973,0.009545396,0.8591975,0.043148067,0.027637456,-5.3337493,0.027637456,composite,2,,43,composite_f2_s43_in22k_v5conf,last
ISIC_0026642,HAM_0004855,HAM_0004855,40-59,ham,5,False,5,0.010973912,0.006459978,0.006018348,0.06943241,0.006527536,0.8581922,0.042395562,0.023961425,-6.5226936,0.023961425,composite,2,,43,composite_f2_s43_in22k_v5conf,last
ISIC_0026645,HAM_0003136,HAM_0003136,60+,ham,0,True,0,0.9193961,0.00959222,0.0039961203,0.030050155,0.015640229,0.00041777777,0.020907443,0.9446286,9.41089,0.9446286,composite,2,,43,composite_f2_s43_in22k_v5conf,last
ISIC_0026648,HAM_0003994,HAM_0003994,40-59,ham,5,False,5,0.009765585,0.0071849143,0.006765333,0.06550137,0.005299051,0.86404914,0.041434593,0.02224955,-6.5132456,0.02224955,composite,2,,43,composite_f2_s43_in22k_v5conf,last
ISIC_0026667,HAM_0003660,HAM_0003660,40-59,ham,5,False,5,0.01049454,0.0063439314,0.0058604004,0.065223604,0.00537292,0.8672905,0.039414108,0.022211391,-6.4421024,0.022211391,composite,2,,43,composite_f2_s43_in22k_v5conf,last
ISIC_0026678,HAM_0002075,HAM_0002075,60+,ham,5,False,5,0.010188205,0.007155004,0.0058323937,0.06703193,0.0069090654,0.860126,0.04275735,0.024252273,-6.1049666,0.024252273,composite,2,,43,composite_f2_s43_in22k_v5conf,last
ISIC_0026686,HAM_0004319,HAM_0004319,40-59,ham,5,False,5,0.011126107,0.0070353467,0.008321629,0.065245934,0.0047280407,0.86111945,0.042423498,0.022889495,-6.9797096,0.022889495,composite,2,,43,composite_f2_s43_in22k_v5conf,last
ISIC_0026691,HAM_0001034,HAM_0001034,40-59,ham,5,False,5,0.011602755,0.00831661,0.0070626866,0.06807522,0.00794667,0.8569306,0.04006549,0.027866036,-5.2510276,0.027866036,composite,2,,43,composite_f2_s43_in22k_v5conf,last
ISIC_0026698,HAM_0004824,HAM_0004824,60+,ham,5,False,5,0.011645415,0.0070417174,0.007367273,0.069295205,0.0060966797,0.85552347,0.043030165,0.024783812,-7.1781635,0.024783812,composite,2,,43,composite_f2_s43_in22k_v5conf,last
ISIC_0026706,HAM_0004532,HAM_0004532,40-59,ham,5,False,5,0.011212986,0.0072943666,0.007395632,0.06704635,0.004887331,0.8607049,0.041458406,0.023394683,-7.7297325,0.023394683,composite,2,,43,composite_f2_s43_in22k_v5conf,last
ISIC_0026711,HAM_0007030,HAM_0007030,40-59,ham,5,False,5,0.09406104,0.03354224,0.09315294,0.17431347,0.22402558,0.29896513,0.081939615,0.35162884,-0.9770454,0.35162884,composite,2,,43,composite_f2_s43_in22k_v5conf,last
ISIC_0026720,HAM_0000688,HAM_0000688,60+,ham,0,True,0,0.93344015,0.0030254535,0.0030248377,0.03224668,0.0026543054,0.002200356,0.023408227,0.93911994,7.02338,0.93911994,composite,2,,43,composite_f2_s43_in22k_v5conf,last
ISIC_0026733,HAM_0006385,HAM_0006385,40-59,ham,5,False,5,0.007859717,0.0050530112,0.0055623185,0.05516708,0.00901921,0.8836573,0.03368133,0.021931939,-4.302842,0.021931939,composite,2,,43,composite_f2_s43_in22k_v5conf,last
ISIC_0026740,HAM_0003657,HAM_0003657,60+,ham,5,False,5,0.010099571,0.0069686645,0.0067643975,0.06515631,0.006497132,0.86415756,0.04035629,0.023565367,-5.8613825,0.023565367,composite,2,,43,composite_f2_s43_in22k_v5conf,last
ISIC_0026746,HAM_0000588,HAM_0000588,60+,ham,4,True,4,0.007942765,0.0033726434,0.0061094277,0.051119607,0.87972784,0.014636083,0.037091695,0.89104325,5.227453,0.89104325,composite,2,,43,composite_f2_s43_in22k_v5conf,last
ISIC_0026752,HAM_0005017,HAM_0005017,60+,ham,5,False,5,0.010828678,0.0077870497,0.0077057625,0.06617667,0.0050840178,0.85912234,0.043295447,0.023699744,-7.640952,0.023699744,composite,2,,43,composite_f2_s43_in22k_v5conf,last
ISIC_0026760,HAM_0001884,HAM_0001884,60+,ham,1,True,1,0.0068472885,0.89918745,0.005445069,0.046769436,0.0036445512,0.0034049705,0.03470118,0.90967923,7.567208,0.90967923,composite,2,,43,composite_f2_s43_in22k_v5conf,last
ISIC_0026761,HAM_0004564,HAM_0004564,<40,ham,5,False,5,0.015600171,0.0066423533,0.006460534,0.076089084,0.020204213,0.8278053,0.047198266,0.042446736,-5.008464,0.042446736,composite,2,,43,composite_f2_s43_in22k_v5conf,last
ISIC_0026765,HAM_0001474,HAM_0001474,40-59,ham,0,True,1,0.01525443,0.89794475,0.0032229966,0.04874603,0.001956634,0.0024067457,0.030468414,0.9151558,8.375127,0.9151558,composite,2,,43,composite_f2_s43_in22k_v5conf,last
ISIC_0026776,HAM_0004751,HAM_0004751,40-59,ham,5,False,5,0.01059931,0.0066297064,0.006563754,0.06640021,0.005243822,0.86295545,0.0416078,0.02247284,-6.139028,0.02247284,composite,2,,43,composite_f2_s43_in22k_v5conf,last
ISIC_0026777,HAM_0000928,HAM_0000928,40-59,ham,5,False,5,0.010857011,0.0063395426,0.010712283,0.067127965,0.0054917433,0.855791,0.04368043,0.022688298,-7.728942,0.022688298,composite,2,,43,composite_f2_s43_in22k_v5conf,last
ISIC_0026786,HAM_0003874,HAM_0003874,40-59,ham,5,False,5,0.036192503,0.15959151,0.008324636,0.124000944,0.018713998,0.33254418,0.32063228,0.21449801,-0.94007766,0.21449801,composite,2,,43,composite_f2_s43_in22k_v5conf,last
ISIC_0026795,HAM_0003603,HAM_0003603,<40,ham,5,False,5,0.009329923,0.0075760866,0.005727397,0.06798203,0.0056154835,0.86030006,0.043468915,0.022521494,-7.656208,0.022521494,composite,2,,43,composite_f2_s43_in22k_v5conf,last
ISIC_0026796,HAM_0001397,HAM_0001397,60+,ham,4,True,4,0.01197551,0.008510519,0.08730887,0.100389905,0.55401665,0.16819516,0.069603406,0.5745027,0.20449549,0.5745027,composite,2,,43,composite_f2_s43_in22k_v5conf,last
ISIC_0026801,HAM_0007417,HAM_0007417,60+,ham,5,False,5,0.011258316,0.006999804,0.007167179,0.06767695,0.005144123,0.85844976,0.043303877,0.023402244,-6.737671,0.023402244,composite,2,,43,composite_f2_s43_in22k_v5conf,last
ISIC_0026820,HAM_0005254,HAM_0005254,<40,ham,5,False,5,0.009184507,0.0065499386,0.0060475096,0.06737845,0.004924779,0.8605349,0.045379862,0.020659223,-7.6849236,0.020659223,composite,2,,43,composite_f2_s43_in22k_v5conf,last
ISIC_0026833,HAM_0006070,HAM_0006070,40-59,ham,5,False,5,0.010842084,0.0076120766,0.0069080195,0.06585221,0.004690993,0.8615214,0.04257315,0.023145154,-6.684519,0.023145154,composite,2,,43,composite_f2_s43_in22k_v5conf,last
ISIC_0026846,HAM_0003287,HAM_0003287,60+,ham,2,False,2,0.005350654,0.0073636426,0.8903596,0.062418643,0.0031814987,0.0034212356,0.0279048,0.015895795,-7.1905437,0.015895795,composite,2,,43,composite_f2_s43_in22k_v5conf,last
ISIC_0026858,HAM_0007093,HAM_0007093,40-59,ham,5,False,5,0.010992862,0.006905248,0.007474293,0.065999836,0.005210861,0.8623971,0.04101982,0.023108972,-7.121292,0.023108972,composite,2,,43,composite_f2_s43_in22k_v5conf,last
ISIC_0026863,HAM_0002822,HAM_0002822,40-59,ham,5,False,5,0.011872572,0.010976314,0.012953212,0.06813994,0.0024534245,0.8623492,0.031255316,0.02530231,-6.690213,0.02530231,composite,2,,43,composite_f2_s43_in22k_v5conf,last
ISIC_0026882,HAM_0001789,HAM_0001789,40-59,ham,5,False,5,0.009131743,0.0054869438,0.0059302608,0.061584327,0.004008014,0.87513286,0.038725924,0.018626701,-7.254338,0.018626701,composite,2,,43,composite_f2_s43_in22k_v5conf,last
ISIC_0026898,HAM_0005726,HAM_0005726,60+,ham,5,False,5,0.013198389,0.008651114,0.008267265,0.07005418,0.007421977,0.8490148,0.043392226,0.02927148,-5.3392954,0.02927148,composite,2,,43,composite_f2_s43_in22k_v5conf,last
ISIC_0026902,HAM_0000719,HAM_0000719,60+,ham,1,True,1,0.0055993283,0.89097583,0.006446699,0.0508613,0.0079099415,0.0052247006,0.032982156,0.9044851,7.680416,0.9044851,composite,2,,43,composite_f2_s43_in22k_v5conf,last
ISIC_0026907,HAM_0005291,HAM_0005291,40-59,ham,2,False,2,0.005533413,0.004870871,0.9148837,0.040908523,0.0028947436,0.002157339,0.028751437,0.013299027,-7.188719,0.013299027,composite,2,,43,composite_f2_s43_in22k_v5conf,last
ISIC_0026923,HAM_0000198,HAM_0000198,60+,ham,2,False,2,0.103743955,0.02999588,0.68361783,0.10967136,0.0034348182,0.0023900187,0.067146145,0.13717465,-2.2322543,0.13717465,composite,2,,43,composite_f2_s43_in22k_v5conf,last
ISIC_0026930,HAM_0002970,HAM_0002970,60+,ham,4,True,5,0.010939895,0.006830774,0.0098057855,0.07256425,0.004730316,0.8506193,0.044509627,0.022500984,-7.744229,0.022500984,composite,2,,43,composite_f2_s43_in22k_v5conf,last
ISIC_0026934,HAM_0002729,HAM_0002729,<40,ham,5,False,5,0.009339743,0.0069206934,0.007797451,0.063981,0.00454779,0.86929095,0.038122434,0.020808227,-7.733405,0.020808227,composite,2,,43,composite_f2_s43_in22k_v5conf,last
ISIC_0026955,HAM_0003569,HAM_0003569,60+,ham,2,False,2,0.010470859,0.0070846207,0.904398,0.039815567,0.012918754,0.0038736528,0.02143853,0.030474233,-4.5311728,0.030474233,composite,2,,43,composite_f2_s43_in22k_v5conf,last
ISIC_0026956,HAM_0003142,HAM_0003142,60+,ham,5,False,3,0.019802915,0.08593883,0.023242295,0.3781698,0.30277422,0.06926216,0.12080976,0.40851596,2.993383,0.40851596,composite,2,,43,composite_f2_s43_in22k_v5conf,last
ISIC_0026968,HAM_0000612,HAM_0000612,60+,ham,1,True,1,0.011006859,0.887078,0.0054628025,0.053583916,0.0046267346,0.003465654,0.03477594,0.9027116,7.787678,0.9027116,composite,2,,43,composite_f2_s43_in22k_v5conf,last
ISIC_0026974,HAM_0003603,HAM_0003603,<40,ham,5,False,5,0.011498383,0.006731445,0.0072948486,0.068017766,0.0047970694,0.8603474,0.041313086,0.023026897,-7.7540274,0.023026897,composite,2,,43,composite_f2_s43_in22k_v5conf,last
ISIC_0026994,HAM_0002930,HAM_0002930,40-59,ham,5,False,5,0.011540444,0.007204422,0.010420019,0.06754703,0.004603679,0.85552794,0.043156393,0.023348544,-6.6062446,0.023348544,composite,2,,43,composite_f2_s43_in22k_v5conf,last
ISIC_0026999,HAM_0006075,HAM_0006075,60+,ham,5,False,5,0.011459581,0.0070996764,0.006497376,0.065935366,0.0050936663,0.86156416,0.04235018,0.023652922,-6.348804,0.023652922,composite,2,,43,composite_f2_s43_in22k_v5conf,last
ISIC_0027001,HAM_0003134,HAM_0003134,40-59,ham,5,False,5,0.010076067,0.0067436076,0.0069026523,0.06563369,0.005160831,0.8622016,0.04328159,0.021980505,-6.738756,0.021980505,composite,2,,43,composite_f2_s43_in22k_v5conf,last
ISIC_0027004,HAM_0003826,HAM_0003826,60+,ham,1,True,2,0.010828559,0.055118773,0.78166306,0.080861405,0.0031809623,0.0020081124,0.06633904,0.0691283,-4.631897,0.0691283,composite,2,,43,composite_f2_s43_in22k_v5conf,last
ISIC_0027005,HAM_0006596,HAM_0006596,<40,ham,5,False,2,0.0064049596,0.0022040347,0.9133851,0.044110943,0.0026323958,0.003243431,0.028019156,0.011241389,-7.703068,0.011241389,composite,2,,43,composite_f2_s43_in22k_v5conf,last
ISIC_0027006,HAM_0007018,HAM_0007018,60+,ham,2,False,2,0.0066568702,0.0036709667,0.9151544,0.045958083,0.0030018617,0.0024273074,0.023130545,0.013329698,-7.655599,0.013329698,composite,2,,43,composite_f2_s43_in22k_v5conf,last
ISIC_0027013,HAM_0001854,HAM_0001854,<40,ham,5,False,5,0.011043223,0.0064839474,0.0065307985,0.06482411,0.0043063853,0.865239,0.0415726,0.021833556,-6.8035383,0.021833556,composite,2,,43,composite_f2_s43_in22k_v5conf,last
ISIC_0027027,HAM_0007604,HAM_0007604,60+,ham,2,False,2,0.0077247904,0.004096865,0.89567363,0.05103935,0.0035526392,0.002891802,0.035020888,0.0153742945,-7.2455835,0.0153742945,composite,2,,43,composite_f2_s43_in22k_v5conf,last
ISIC_0027028,HAM_0005912,HAM_0005912,40-59,ham,5,False,5,0.011041162,0.007297247,0.006440846,0.06841397,0.006412236,0.8583737,0.042020768,0.024750644,-5.7247305,0.024750644,composite,2,,43,composite_f2_s43_in22k_v5conf,last
ISIC_0027030,HAM_0004254,HAM_0004254,60+,ham,4,True,4,0.0063177315,0.0061128265,0.0038104737,0.047229227,0.89999175,0.0038488957,0.032689173,0.9124223,8.041597,0.9124223,composite,2,,43,composite_f2_s43_in22k_v5conf,last
ISIC_0027035,HAM_0003331,HAM_0003331,60+,ham,5,False,5,0.011216019,0.007074512,0.007843278,0.06738787,0.005809975,0.8574541,0.043214243,0.024100505,-6.4490986,0.024100505,composite,2,,43,composite_f2_s43_in22k_v5conf,last
ISIC_0027036,HAM_0005925,HAM_0005925,60+,ham,5,False,5,0.028615298,0.0073122326,0.03178411,0.060351547,0.022251265,0.8124529,0.037232667,0.058178797,-5.6710715,0.058178797,composite,2,,43,composite_f2_s43_in22k_v5conf,last
ISIC_0027045,HAM_0005016,HAM_0005016,60+,ham,5,False,5,0.010733895,0.0075402022,0.007404177,0.06929786,0.005699087,0.8543811,0.044943742,0.023973184,-7.808504,0.023973184,composite,2,,43,composite_f2_s43_in22k_v5conf,last
ISIC_0027061,HAM_0007505,HAM_0007505,40-59,ham,5,False,5,0.011313331,0.006600005,0.010727057,0.066257365,0.0038279989,0.857663,0.04361129,0.021741334,-7.341031,0.021741334,composite,2,,43,composite_f2_s43_in22k_v5conf,last
ISIC_0027062,HAM_0000288,HAM_0000288,60+,ham,5,False,5,0.008192213,0.006295335,0.0072482224,0.06704262,0.0045861034,0.85892653,0.047708947,0.01907365,-7.8337717,0.01907365,composite,2,,43,composite_f2_s43_in22k_v5conf,last
ISIC_0027071,HAM_0001596,HAM_0001596,40-59,ham,4,True,4,0.08007209,0.005522274,0.005952314,0.10098146,0.7391001,0.0039886497,0.064383075,0.82469445,9.212291,0.82469445,composite,2,,43,composite_f2_s43_in22k_v5conf,last
ISIC_0027073,HAM_0004127,HAM_0004127,40-59,ham,5,False,2,0.023418065,0.015884675,0.6402129,0.14761983,0.0015596626,0.113207825,0.058097076,0.040862404,-9.5352,0.040862404,composite,2,,43,composite_f2_s43_in22k_v5conf,last
ISIC_0027083,HAM_0007381,HAM_0007381,60+,ham,2,False,2,0.089291215,0.0051157395,0.47101292,0.14878897,0.20553005,0.009028058,0.071233004,0.299937,-0.122292034,0.299937,composite,2,,43,composite_f2_s43_in22k_v5conf,last
ISIC_0027095,HAM_0000537,HAM_0000537,40-59,ham,5,False,5,0.010409993,0.0069156946,0.0063455775,0.06868956,0.004669944,0.85846865,0.044500552,0.021995632,-6.480856,0.021995632,composite,2,,43,composite_f2_s43_in22k_v5conf,last
ISIC_0027099,HAM_0001623,HAM_0001623,60+,ham,5,False,5,0.0071649933,0.00936116,0.020508958,0.06330215,0.09390478,0.7660428,0.039715122,0.11043093,-2.9187171,0.11043093,composite,2,,43,composite_f2_s43_in22k_v5conf,last
ISIC_0027100,HAM_0005352,HAM_0005352,60+,ham,4,True,2,0.014901846,0.017534077,0.5728752,0.1212305,0.13326183,0.053271025,0.08692547,0.16569775,-3.378764,0.16569775,composite,2,,43,composite_f2_s43_in22k_v5conf,last
ISIC_0027107,HAM_0004036,HAM_0004036,40-59,ham,3,False,3,0.002250716,0.003431646,0.0017856698,0.9804981,0.004131497,0.0016015214,0.0063008554,0.009813859,-2.539799,0.009813859,composite,2,,43,composite_f2_s43_in22k_v5conf,last
ISIC_0027114,HAM_0005787,HAM_0005787,40-59,ham,5,False,5,0.010326023,0.0071077277,0.0060015223,0.06562947,0.005141365,0.8645267,0.041267216,0.022575116,-7.5982275,0.022575116,composite,2,,43,composite_f2_s43_in22k_v5conf,last
ISIC_0027123,HAM_0003780,HAM_0003780,<40,ham,5,False,5,0.010183454,0.008134287,0.005162281,0.064442925,0.0165676,0.85303813,0.042471364,0.03488534,-3.7189252,0.03488534,composite,2,,43,composite_f2_s43_in22k_v5conf,last
ISIC_0027131,HAM_0000088,HAM_0000088,40-59,ham,5,False,5,0.011619674,0.006903611,0.0064261155,0.06462529,0.0043486543,0.86365825,0.042418394,0.02287194,-7.3202357,0.02287194,composite,2,,43,composite_f2_s43_in22k_v5conf,last
ISIC_0027139,HAM_0005440,HAM_0005440,60+,ham,2,False,2,0.009113831,0.00096090557,0.9139836,0.043772675,0.0024748968,0.005239279,0.02445482,0.012549633,-7.3104672,0.012549633,composite,2,,43,composite_f2_s43_in22k_v5conf,last
ISIC_0027152,HAM_0003091,HAM_0003091,<40,ham,5,False,4,0.008010234,0.0044232956,0.004811467,0.060907193,0.8723067,0.009911366,0.039629765,0.88474023,6.188434,0.88474023,composite,2,,43,composite_f2_s43_in22k_v5conf,last
ISIC_0027153,HAM_0000853,HAM_0000853,40-59,ham,5,False,5,0.009854159,0.0063417605,0.0057496843,0.064016625,0.0063993856,0.86824644,0.03939193,0.022595305,-5.392637,0.022595305,composite,2,,43,composite_f2_s43_in22k_v5conf,last
ISIC_0027154,HAM_0005415,HAM_0005415,60+,ham,2,False,2,0.04604134,0.0075048455,0.8327127,0.071883,0.0028192305,0.001941739,0.037097055,0.056365415,-4.8675904,0.056365415,composite,2,,43,composite_f2_s43_in22k_v5conf,last
ISIC_0027155,HAM_0000282,HAM_0000282,60+,ham,4,True,4,0.28084382,0.0060486994,0.00866318,0.1076332,0.5040718,0.017619018,0.075120285,0.7909643,7.2964244,0.7909643,composite,2,,43,composite_f2_s43_in22k_v5conf,last
ISIC_0027159,HAM_0004877,HAM_0004877,60+,ham,6,False,4,0.016199829,0.027030038,0.0039233286,0.06632487,0.68320066,0.15561198,0.047709353,0.72643054,4.4350014,0.72643054,composite,2,,43,composite_f2_s43_in22k_v5conf,last
ISIC_0027162,HAM_0004905,HAM_0004905,60+,ham,2,False,2,0.0053777024,0.005250173,0.9020682,0.047091782,0.003888761,0.0026717468,0.033651695,0.014516636,-7.591037,0.014516636,composite,2,,43,composite_f2_s43_in22k_v5conf,last
ISIC_0027172,HAM_0003939,HAM_0003939,60+,ham,0,True,4,0.23662864,0.0024134903,0.008379644,0.11165605,0.55764806,0.002162633,0.08111149,0.7966902,8.1981125,0.7966902,composite,2,,43,composite_f2_s43_in22k_v5conf,last
ISIC_0027176,HAM_0003388,HAM_0003388,<40,ham,5,False,5,0.011178725,0.0069944197,0.0066521545,0.06777589,0.0064933808,0.857383,0.043522455,0.024666525,-6.2495794,0.024666525,composite,2,,43,composite_f2_s43_in22k_v5conf,last
ISIC_0027177,HAM_0005680,HAM_0005680,<40,ham,5,False,5,0.010651404,0.006653751,0.006468174,0.06557603,0.0057958663,0.86076015,0.0440945,0.02310102,-6.038212,0.02310102,composite,2,,43,composite_f2_s43_in22k_v5conf,last
ISIC_0027186,HAM_0005688,HAM_0005688,40-59,ham,5,False,5,0.010177243,0.006635411,0.007549868,0.065381095,0.00542183,0.8640898,0.040744763,0.022234485,-6.1810117,0.022234485,composite,2,,43,composite_f2_s43_in22k_v5conf,last
ISIC_0027187,HAM_0004596,HAM_0004596,60+,ham,4,True,4,0.004759697,0.0055194492,0.010721796,0.057147827,0.8840873,0.002882914,0.034881018,0.89436644,7.1434593,0.89436644,composite,2,,43,composite_f2_s43_in22k_v5conf,last
ISIC_0027197,HAM_0006244,HAM_0006244,40-59,ham,5,False,5,0.027021177,0.016114317,0.011837932,0.08413385,0.12718065,0.6893007,0.04441132,0.17031614,-0.72101754,0.17031614,composite,2,,43,composite_f2_s43_in22k_v5conf,last
ISIC_0027199,HAM_0006846,HAM_0006846,40-59,ham,5,False,5,0.01038541,0.008075368,0.0073851477,0.06613142,0.0048233536,0.86081946,0.042379845,0.02328413,-6.482604,0.02328413,composite,2,,43,composite_f2_s43_in22k_v5conf,last
ISIC_0027200,HAM_0001805,HAM_0001805,40-59,ham,5,False,5,0.012491967,0.0067497096,0.0076105553,0.066062465,0.0047509684,0.8585984,0.043735962,0.023992645,-6.8316774,0.023992645,composite,2,,43,composite_f2_s43_in22k_v5conf,last
ISIC_0027211,HAM_0006262,HAM_0006262,60+,ham,5,False,5,0.0111783305,0.007241064,0.0071417815,0.06612689,0.010673799,0.8549869,0.042651214,0.029093193,-6.5509286,0.029093193,composite,2,,43,composite_f2_s43_in22k_v5conf,last
ISIC_0027216,HAM_0007129,HAM_0007129,60+,ham,3,False,3,0.0016939428,0.0016057327,0.0036583894,0.96462107,0.00026058083,0.018465864,0.009694493,0.0035602562,-9.161204,0.0035602562,composite,2,,43,composite_f2_s43_in22k_v5conf,last
ISIC_0027227,HAM_0001833,HAM_0001833,40-59,ham,5,False,5,0.0122332545,0.0071870433,0.006910216,0.06525134,0.0057636946,0.8601528,0.04250176,0.025183992,-7.066695,0.025183992,composite,2,,43,composite_f2_s43_in22k_v5conf,last
ISIC_0027229,HAM_0003826,HAM_0003826,60+,ham,1,True,2,0.003179169,0.0296721,0.85466725,0.058399234,0.0027760253,0.0020959307,0.049210172,0.035627294,-5.884352,0.035627294,composite,2,,43,composite_f2_s43_in22k_v5conf,last
ISIC_0027230,HAM_0001687,HAM_0001687,40-59,ham,5,False,5,0.01026049,0.008251469,0.00706433,0.07014024,0.006709814,0.854553,0.043020666,0.025221772,-6.142337,0.025221772,composite,2,,43,composite_f2_s43_in22k_v5conf,last
ISIC_0027235,HAM_0003091,HAM_0003091,<40,ham,5,False,4,0.013616742,0.006426602,0.009921574,0.068753146,0.7019844,0.1485304,0.050767105,0.7220278,1.0904893,0.7220278,composite,2,,43,composite_f2_s43_in22k_v5conf,last
ISIC_0027236,HAM_0001555,HAM_0001555,<40,ham,5,False,5,0.01045403,0.0061425287,0.00830145,0.07090627,0.0037685132,0.8565881,0.043839075,0.020365072,-7.8565702,0.020365072,composite,2,,43,composite_f2_s43_in22k_v5conf,last
ISIC_0027245,HAM_0006162,HAM_0006162,40-59,ham,5,False,5,0.011133353,0.006925671,0.006936065,0.06649874,0.0057763206,0.86102104,0.041708827,0.023835346,-6.7069993,0.023835346,composite,2,,43,composite_f2_s43_in22k_v5conf,last
ISIC_0027249,HAM_0001869,HAM_0001869,40-59,ham,5,False,5,0.010707537,0.007767332,0.0067335763,0.06922322,0.0058822464,0.85841596,0.041270092,0.024357116,-7.6317463,0.024357116,composite,2,,43,composite_f2_s43_in22k_v5conf,last
ISIC_0027250,HAM_0003937,HAM_0003937,<40,ham,5,False,5,0.010827654,0.007401748,0.00817593,0.0670381,0.0050926902,0.85819787,0.04326595,0.023322092,-7.6512127,0.023322092,composite,2,,43,composite_f2_s43_in22k_v5conf,last
ISIC_0027256,HAM_0004542,HAM_0004542,<40,ham,6,False,6,0.0015341291,0.0006013614,0.0008774283,0.008940342,0.000673201,0.0007358249,0.9866377,0.0028086915,-7.2808857,0.0028086915,composite,2,,43,composite_f2_s43_in22k_v5conf,last
ISIC_0027274,HAM_0007472,HAM_0007472,60+,ham,5,False,5,0.010093668,0.006519233,0.008019092,0.06578124,0.0047278707,0.861606,0.04325292,0.02134077,-7.003202,0.02134077,composite,2,,43,composite_f2_s43_in22k_v5conf,last
ISIC_0027279,HAM_0006009,HAM_0006009,60+,ham,2,False,2,0.0053985715,0.004566429,0.8993879,0.048692334,0.0042255493,0.005792893,0.031936403,0.01419055,-8.255268,0.01419055,composite,2,,43,composite_f2_s43_in22k_v5conf,last
ISIC_0027287,HAM_0002933,HAM_0002933,40-59,ham,2,False,4,0.0039010006,0.009192171,0.02999951,0.0674714,0.8565374,0.0040091765,0.028889323,0.8696306,6.0750604,0.8696306,composite,2,,43,composite_f2_s43_in22k_v5conf,last
ISIC_0027304,HAM_0005825,HAM_0005825,40-59,ham,5,False,5,0.011154787,0.0071714143,0.0065995883,0.064048916,0.0046779662,0.8654986,0.04084867,0.023004167,-7.2387037,0.023004167,composite,2,,43,composite_f2_s43_in22k_v5conf,last
ISIC_0027315,HAM_0002202,HAM_0002202,40-59,ham,5,False,5,0.010708612,0.006760059,0.006522569,0.0678965,0.0064670066,0.8606143,0.041030962,0.02393568,-6.0009117,0.02393568,composite,2,,43,composite_f2_s43_in22k_v5conf,last
ISIC_0027329,HAM_0007400,HAM_0007400,40-59,ham,5,False,5,0.010068617,0.0071534174,0.0066474485,0.065295175,0.0051577375,0.86374617,0.04193139,0.02237977,-6.683403,0.02237977,composite,2,,43,composite_f2_s43_in22k_v5conf,last
ISIC_0027331,HAM_0004499,HAM_0004499,40-59,ham,5,False,5,0.009613958,0.0066223857,0.007619201,0.06449907,0.0041624196,0.87181807,0.03566501,0.020398764,-6.612425,0.020398764,composite,2,,43,composite_f2_s43_in22k_v5conf,last
ISIC_0027336,HAM_0006943,HAM_0006943,40-59,ham,5,False,5,0.011832071,0.0068819923,0.007231385,0.06862287,0.0053333556,0.8565571,0.0435413,0.02404742,-6.414668,0.02404742,composite,2,,43,composite_f2_s43_in22k_v5conf,last
ISIC_0027337,HAM_0003778,HAM_0003778,60+,ham,1,True,5,0.010439907,0.01859307,0.1897167,0.13642466,0.0051032426,0.538606,0.101116374,0.034136217,-9.258958,0.034136217,composite,2,,43,composite_f2_s43_in22k_v5conf,last
ISIC_0027339,HAM_0000776,HAM_0000776,40-59,ham,5,False,5,0.009798579,0.0066320347,0.006415752,0.063026324,0.0063032,0.8720723,0.035751786,0.022733813,-5.0452576,0.022733813,composite,2,,43,composite_f2_s43_in22k_v5conf,last
ISIC_0027347,HAM_0005234,HAM_0005234,40-59,ham,5,False,5,0.009751521,0.0071383766,0.0066521345,0.06835247,0.0055142874,0.8626032,0.03998803,0.022404186,-6.269088,0.022404186,composite,2,,43,composite_f2_s43_in22k_v5conf,last
ISIC_0027348,HAM_0000354,HAM_0000354,<40,ham,5,False,5,0.012743234,0.008882795,0.008999261,0.07010713,0.0065728393,0.84674054,0.045954216,0.028198868,-7.0652695,0.028198868,composite,2,,43,composite_f2_s43_in22k_v5conf,last
ISIC_0027350,HAM_0002970,HAM_0002970,60+,ham,4,True,5,0.011731283,0.0050468487,0.008930056,0.07139261,0.0039684973,0.8520925,0.046838112,0.02074663,-7.961058,0.02074663,composite,2,,43,composite_f2_s43_in22k_v5conf,last
ISIC_0027360,HAM_0003958,HAM_0003958,40-59,ham,5,False,4,0.15777111,0.03863876,0.024025828,0.095414765,0.38542143,0.19068268,0.10804548,0.5818313,1.1124544,0.5818313,composite,2,,43,composite_f2_s43_in22k_v5conf,last
ISIC_0027362,HAM_0000826,HAM_0000826,40-59,ham,5,False,5,0.010861746,0.0073495163,0.00714265,0.067187645,0.0056784884,0.8593037,0.04247627,0.02388975,-6.69405,0.02388975,composite,2,,43,composite_f2_s43_in22k_v5conf,last
ISIC_0027366,HAM_0005839,HAM_0005839,40-59,ham,5,False,5,0.01110698,0.007304242,0.0044259937,0.07458486,0.010294706,0.8533838,0.038899444,0.028705928,-4.6378345,0.028705928,composite,2,,43,composite_f2_s43_in22k_v5conf,last
ISIC_0027383,HAM_0004037,HAM_0004037,60+,ham,5,False,5,0.010254951,0.006787319,0.0074339905,0.067528844,0.0054177544,0.860492,0.042085156,0.022460025,-6.735525,0.022460025,composite,2,,43,composite_f2_s43_in22k_v5conf,last
ISIC_0027389,HAM_0005332,HAM_0005332,40-59,ham,5,False,5,0.01107542,0.0082544135,0.0075083426,0.07018337,0.0066149547,0.855583,0.04078053,0.02594479,-5.2958584,0.02594479,composite,2,,43,composite_f2_s43_in22k_v5conf,last
ISIC_0027395,HAM_0007130,HAM_0007130,40-59,ham,5,False,5,0.01101407,0.0068794987,0.0061775735,0.06977282,0.0058465116,0.85756737,0.04274221,0.023740081,-6.62791,0.023740081,composite,2,,43,composite_f2_s43_in22k_v5conf,last
ISIC_0027401,HAM_0007046,HAM_0007046,60+,ham,5,False,4,0.008863212,0.003971797,0.0032963299,0.061358977,0.8759125,0.009898571,0.03669863,0.8887475,6.224108,0.8887475,composite,2,,43,composite_f2_s43_in22k_v5conf,last
ISIC_0027406,HAM_0004524,HAM_0004524,60+,ham,5,False,5,0.007456081,0.0061562993,0.0043351487,0.062544,0.009490659,0.8661649,0.043852955,0.02310304,-5.94421,0.02310304,composite,2,,43,composite_f2_s43_in22k_v5conf,last
ISIC_0027411,HAM_0001117,HAM_0001117,40-59,ham,5,False,5,0.011283764,0.006710801,0.0055181645,0.06702791,0.007835787,0.8600739,0.04154961,0.02583035,-6.1654844,0.02583035,composite,2,,43,composite_f2_s43_in22k_v5conf,last
ISIC_0027420,HAM_0001551,HAM_0001551,60+,ham,4,True,5,0.011430272,0.0072263307,0.007513199,0.06635173,0.0058408347,0.86073154,0.04090606,0.024497436,-7.693033,0.024497436,composite,2,,43,composite_f2_s43_in22k_v5conf,last
ISIC_0027424,HAM_0002840,HAM_0002840,40-59,ham,5,False,5,0.010648889,0.006634491,0.0061830054,0.06502709,0.004949634,0.8625329,0.044023998,0.022233013,-7.101465,0.022233013,composite,2,,43,composite_f2_s43_in22k_v5conf,last
ISIC_0027428,HAM_0003691,HAM_0003691,60+,ham,2,False,2,0.007443407,0.005499293,0.9070504,0.04423246,0.004951994,0.0042027324,0.026619855,0.017894693,-6.6782084,0.017894693,composite,2,,43,composite_f2_s43_in22k_v5conf,last
ISIC_0027436,HAM_0002493,HAM_0002493,40-59,ham,4,True,4,0.013790352,0.003801122,0.0057524303,0.07968134,0.85518605,0.0026313863,0.039157283,0.8727775,8.2148075,0.8727775,composite,2,,43,composite_f2_s43_in22k_v5conf,last
ISIC_0027450,HAM_0004146,HAM_0004146,40-59,ham,5,False,5,0.012006212,0.005522586,0.005841352,0.06148036,0.0054161623,0.86985195,0.039881434,0.02294496,-6.161971,0.02294496,composite,2,,43,composite_f2_s43_in22k_v5conf,last
ISIC_0027457,HAM_0002457,HAM_0002457,60+,ham,5,False,5,0.010543389,0.0063525913,0.0054462873,0.064253695,0.005475339,0.86800456,0.039924122,0.022371318,-5.4662256,0.022371318,composite,2,,43,composite_f2_s43_in22k_v5conf,last
ISIC_0027461,HAM_0005017,HAM_0005017,60+,ham,5,False,5,0.011702166,0.007922157,0.009688968,0.06738779,0.0045797215,0.85569656,0.043022692,0.024204044,-7.6305304,0.024204044,composite,2,,43,composite_f2_s43_in22k_v5conf,last
ISIC_0027463,HAM_0003559,HAM_0003559,60+,ham,2,False,2,0.008594409,0.0063117207,0.8983727,0.050840206,0.0031538808,0.0049693463,0.027757766,0.01806001,-7.522203,0.01806001,composite,2,,43,composite_f2_s43_in22k_v5conf,last
ISIC_0027465,HAM_0002214,HAM_0002214,60+,ham,5,False,5,0.010556631,0.0065742494,0.007456132,0.06760589,0.004861072,0.8602737,0.042672317,0.021991951,-7.0155716,0.021991951,composite,2,,43,composite_f2_s43_in22k_v5conf,last
ISIC_0027471,HAM_0005395,HAM_0005395,60+,ham,5,False,5,0.020187497,0.0074746828,0.053791348,0.08380131,0.018176699,0.7323794,0.08418907,0.045838878,-6.4581985,0.045838878,composite,2,,43,composite_f2_s43_in22k_v5conf,last
ISIC_0027474,HAM_0000315,HAM_0000315,40-59,ham,5,False,5,0.010031916,0.0065779365,0.005918692,0.06732789,0.006412541,0.85769284,0.04603826,0.023022395,-6.6973495,0.023022395,composite,2,,43,composite_f2_s43_in22k_v5conf,last
ISIC_0027478,HAM_0003593,HAM_0003593,40-59,ham,1,True,1,0.007813627,0.8864696,0.005804092,0.053846404,0.0052332063,0.0035261218,0.037306957,0.89951646,8.044177,0.89951646,composite,2,,43,composite_f2_s43_in22k_v5conf,last
ISIC_0027483,HAM_0005181,HAM_0005181,60+,ham,5,False,5,0.010026084,0.007144821,0.0070763044,0.06684901,0.0057062493,0.8612088,0.04198878,0.022877155,-6.0088816,0.022877155,composite,2,,43,composite_f2_s43_in22k_v5conf,last
ISIC_0027493,HAM_0003478,HAM_0003478,<40,ham,5,False,5,0.010686765,0.006641359,0.0059224274,0.06686772,0.0062431726,0.8616577,0.041980945,0.023571298,-6.2973175,0.023571298,composite,2,,43,composite_f2_s43_in22k_v5conf,last
ISIC_0027496,HAM_0004139,HAM_0004139,60+,ham,5,False,5,0.00965741,0.0067517613,0.0063331756,0.06590603,0.0054588877,0.8642225,0.041670226,0.02186806,-6.0589952,0.02186806,composite,2,,43,composite_f2_s43_in22k_v5conf,last
ISIC_0027499,HAM_0001070,HAM_0001070,40-59,ham,5,False,5,0.011057516,0.0069092307,0.006794022,0.06553343,0.0054232515,0.86283064,0.04145186,0.023389999,-6.80173,0.023389999,composite,2,,43,composite_f2_s43_in22k_v5conf,last
ISIC_0027518,HAM_0000346,HAM_0000346,40-59,ham,5,False,5,0.011815916,0.0076587033,0.0068086386,0.06828546,0.0070011057,0.85347396,0.0449561,0.026475724,-5.953037,0.026475724,composite,2,,43,composite_f2_s43_in22k_v5conf,last
ISIC_0027522,HAM_0007113,HAM_0007113,40-59,ham,6,False,6,0.00097137544,0.0007479118,0.0007770162,0.0061366213,0.000398954,0.000356073,0.9906121,0.0021182413,-7.5207815,0.0021182413,composite,2,,43,composite_f2_s43_in22k_v5conf,last
ISIC_0027530,HAM_0001248,HAM_0001248,<40,ham,5,False,5,0.010123625,0.0064449203,0.0075512337,0.070311174,0.0044361064,0.85939604,0.041736845,0.02100465,-7.7763834,0.02100465,composite,2,,43,composite_f2_s43_in22k_v5conf,last
ISIC_0027535,HAM_0006821,HAM_0006821,60+,ham,5,False,2,0.058434103,0.0911983,0.5976136,0.094409175,0.025009034,0.009552279,0.12378354,0.17464145,-1.1648536,0.17464145,composite,2,,43,composite_f2_s43_in22k_v5conf,last
ISIC_0027557,HAM_0005169,HAM_0005169,40-59,ham,5,False,5,0.010271234,0.0070910556,0.0068278643,0.065196134,0.0055715665,0.8619513,0.043090884,0.022933856,-6.224861,0.022933856,composite,2,,43,composite_f2_s43_in22k_v5conf,last
ISIC_0027571,HAM_0007579,HAM_0007579,<40,ham,5,False,5,0.009756983,0.0062523796,0.0068232394,0.06861816,0.0048028417,0.8620257,0.04172071,0.020812204,-8.014766,0.020812204,composite,2,,43,composite_f2_s43_in22k_v5conf,last
ISIC_0027573,HAM_0006942,HAM_0006942,40-59,ham,4,True,2,0.0028530303,0.004356785,0.828494,0.099845946,0.013199843,0.032826524,0.018423876,0.020409659,-6.0417023,0.020409659,composite,2,,43,composite_f2_s43_in22k_v5conf,last
ISIC_0027576,HAM_0003063,HAM_0003063,40-59,ham,5,False,5,0.009980486,0.007447397,0.0062684193,0.06422608,0.0055800136,0.8675551,0.038942486,0.023007896,-5.7805276,0.023007896,composite,2,,43,composite_f2_s43_in22k_v5conf,last
ISIC_0027578,HAM_0006458,HAM_0006458,60+,ham,5,False,4,0.007563441,0.0034318545,0.015133261,0.078760795,0.7426285,0.103395075,0.049087044,0.7536238,2.107661,0.7536238,composite,2,,43,composite_f2_s43_in22k_v5conf,last
ISIC_0027580,HAM_0005648,HAM_0005648,60+,ham,0,True,0,0.9564026,0.0034777457,0.0056208647,0.01828043,0.0015904161,0.001089154,0.013538792,0.9614708,6.46598,0.9614708,composite,2,,43,composite_f2_s43_in22k_v5conf,last
ISIC_0027589,HAM_0004718,HAM_0004718,40-59,ham,5,False,5,0.0102228075,0.008819884,0.006216248,0.069987595,0.01027122,0.8533041,0.041178085,0.02931391,-4.4708734,0.02931391,composite,2,,43,composite_f2_s43_in22k_v5conf,last
ISIC_0027598,HAM_0002848,HAM_0002848,60+,ham,3,False,5,0.008595895,0.007980896,0.008856637,0.17374632,0.003554147,0.7544719,0.04279418,0.020130938,-7.4073863,0.020130938,composite,2,,43,composite_f2_s43_in22k_v5conf,last
ISIC_0027605,HAM_0005266,HAM_0005266,60+,ham,5,False,5,0.009703127,0.0066471356,0.00681318,0.068601795,0.008225113,0.85938007,0.040629588,0.024575375,-5.5512543,0.024575375,composite,2,,43,composite_f2_s43_in22k_v5conf,last
ISIC_0027606,HAM_0002306,HAM_0002306,60+,ham,2,False,2,0.0046918844,0.0028631527,0.8905963,0.058734424,0.001833964,0.0077287955,0.03355145,0.009389001,-10.135169,0.009389001,composite,2,,43,composite_f2_s43_in22k_v5conf,last
ISIC_0027618,HAM_0006518,HAM_0006518,<40,ham,5,False,5,0.01110674,0.0067854645,0.0069070105,0.069353834,0.0063335462,0.8559818,0.04353173,0.024225751,-6.113548,0.024225751,composite,2,,43,composite_f2_s43_in22k_v5conf,last
ISIC_0027625,HAM_0002922,HAM_0002922,40-59,ham,5,False,5,0.010463607,0.006383584,0.006217991,0.06418942,0.005759565,0.8670185,0.039967235,0.022606755,-6.1022744,0.022606755,composite,2,,43,composite_f2_s43_in22k_v5conf,last
ISIC_0027627,HAM_0006244,HAM_0006244,40-59,ham,5,False,5,0.01045599,0.008005788,0.008072857,0.0685687,0.0037623527,0.859039,0.042095333,0.022224132,-7.623048,0.022224132,composite,2,,43,composite_f2_s43_in22k_v5conf,last
ISIC_0027628,HAM_0004002,HAM_0004002,40-59,ham,5,False,5,0.010991667,0.007491721,0.0066655525,0.063242786,0.0064003216,0.86220837,0.042999636,0.02488371,-5.4248686,0.02488371,composite,2,,43,composite_f2_s43_in22k_v5conf,last
ISIC_0027630,HAM_0000108,HAM_0000108,40-59,ham,5,False,5,0.010653544,0.0073116524,0.006109606,0.07070502,0.009273264,0.85353297,0.042413987,0.027238462,-5.3248525,0.027238462,composite,2,,43,composite_f2_s43_in22k_v5conf,last
ISIC_0027646,HAM_0000541,HAM_0000541,<40,ham,5,False,5,0.009562775,0.0067266477,0.0065571507,0.064900756,0.0058962884,0.8650237,0.041332673,0.022185711,-6.4040856,0.022185711,composite,2,,43,composite_f2_s43_in22k_v5conf,last
ISIC_0027648,HAM_0004036,HAM_0004036,40-59,ham,3,False,3,0.23537077,0.08301712,0.009721282,0.23892012,0.0634232,0.2377049,0.1318426,0.38181108,0.5615306,0.38181108,composite,2,,43,composite_f2_s43_in22k_v5conf,last
ISIC_0027675,HAM_0004621,HAM_0004621,60+,ham,1,True,1,0.007999008,0.8891143,0.008740019,0.049107395,0.003655154,0.002351134,0.039033014,0.90076846,7.256851,0.90076846,composite,2,,43,composite_f2_s43_in22k_v5conf,last
ISIC_0027687,HAM_0004467,HAM_0004467,40-59,ham,5,False,5,0.011002521,0.00950588,0.009220397,0.06910486,0.0065580555,0.8524547,0.04215348,0.027066456,-5.513546,0.027066456,composite,2,,43,composite_f2_s43_in22k_v5conf,last
ISIC_0027690,HAM_0004999,HAM_0004999,40-59,ham,5,False,5,0.01134219,0.007702093,0.0070936163,0.066616565,0.005291915,0.8606625,0.04129112,0.024336198,-6.325968,0.024336198,composite,2,,43,composite_f2_s43_in22k_v5conf,last
ISIC_0027706,HAM_0005596,HAM_0005596,<40,ham,2,False,5,0.042535763,0.0044512544,0.14911808,0.08757094,0.0048071328,0.6436551,0.0678617,0.051794153,-8.228503,0.051794153,composite,2,,43,composite_f2_s43_in22k_v5conf,last
ISIC_0027720,HAM_0006412,HAM_0006412,40-59,ham,5,False,5,0.011300331,0.007765474,0.007966608,0.06760892,0.0050798194,0.8553928,0.044886038,0.024145624,-6.874118,0.024145624,composite,2,,43,composite_f2_s43_in22k_v5conf,last
ISIC_0027727,HAM_0004036,HAM_0004036,40-59,ham,3,False,3,0.0008145222,0.0030131964,0.00062078645,0.9738756,0.011599621,0.0015043162,0.008571993,0.01542734,-0.24104685,0.01542734,composite,2,,43,composite_f2_s43_in22k_v5conf,last
ISIC_0027728,HAM_0000644,HAM_0000644,<40,ham,5,False,5,0.011247443,0.00699318,0.006924741,0.0684779,0.0054619657,0.85864896,0.042245768,0.023702588,-6.3655615,0.023702588,composite,2,,43,composite_f2_s43_in22k_v5conf,last
ISIC_0027735,HAM_0005896,HAM_0005896,40-59,ham,2,False,2,0.004751448,0.006557659,0.77467686,0.089324854,0.061746724,0.012055952,0.050886523,0.07305583,-3.5092125,0.07305583,composite,2,,43,composite_f2_s43_in22k_v5conf,last
ISIC_0027736,HAM_0006726,HAM_0006726,40-59,ham,5,False,5,0.010605808,0.0077753086,0.009028299,0.07153347,0.005443055,0.84739244,0.048221655,0.023824172,-6.7077055,0.023824172,composite,2,,43,composite_f2_s43_in22k_v5conf,last
ISIC_0027738,HAM_0006389,HAM_0006389,60+,ham,5,False,5,0.013012576,0.00853918,0.0056518335,0.06989711,0.012520209,0.84922034,0.04115876,0.034071967,-5.595861,0.034071967,composite,2,,43,composite_f2_s43_in22k_v5conf,last
ISIC_0027739,HAM_0006325,HAM_0006325,40-59,ham,2,False,5,0.008731387,0.005980606,0.008057661,0.06699928,0.005234003,0.8634146,0.041582454,0.019945996,-7.708013,0.019945996,composite,2,,43,composite_f2_s43_in22k_v5conf,last
ISIC_0027742,HAM_0005203,HAM_0005203,60+,ham,4,True,5,0.011124469,0.0075241593,0.007451519,0.071944945,0.006203597,0.8516917,0.04405962,0.024852226,-7.581029,0.024852226,composite,2,,43,composite_f2_s43_in22k_v5conf,last
ISIC_0027745,HAM_0000902,HAM_0000902,40-59,ham,3,False,3,0.0011636105,0.0006105489,0.0015007667,0.9928544,0.00015384448,0.00029885457,0.0034179124,0.0019280039,-6.131751,0.0019280039,composite,2,,43,composite_f2_s43_in22k_v5conf,last
ISIC_0027761,HAM_0000663,HAM_0000663,40-59,ham,5,False,5,0.011804767,0.0076271477,0.0082975365,0.06701127,0.0058255154,0.85649633,0.04293748,0.025257431,-6.5027957,0.025257431,composite,2,,43,composite_f2_s43_in22k_v5conf,last
ISIC_0027766,HAM_0001609,HAM_0001609,60+,ham,5,False,5,0.009788734,0.00551818,0.0051418734,0.06727829,0.008606731,0.86218524,0.04148097,0.023913644,-6.7540274,0.023913644,composite,2,,43,composite_f2_s43_in22k_v5conf,last
ISIC_0027767,HAM_0003934,HAM_0003934,60+,ham,0,True,2,0.0037620927,0.014342745,0.8976659,0.04884797,0.0036061676,0.0053688334,0.026406245,0.021711007,-7.210255,0.021711007,composite,2,,43,composite_f2_s43_in22k_v5conf,last
ISIC_0027777,HAM_0000819,HAM_0000819,40-59,ham,5,False,5,0.010955639,0.0068318117,0.0073831268,0.06522232,0.005310072,0.8604824,0.043814644,0.023097523,-6.7421083,0.023097523,composite,2,,43,composite_f2_s43_in22k_v5conf,last
ISIC_0027778,HAM_0006682,HAM_0006682,<40,ham,5,False,5,0.010871818,0.0073321527,0.0064662653,0.067575485,0.007482801,0.85907984,0.0411917,0.02568677,-5.8847313,0.02568677,composite,2,,43,composite_f2_s43_in22k_v5conf,last
ISIC_0027803,HAM_0002288,HAM_0002288,60+,ham,5,False,5,0.010380008,0.007192445,0.0071631717,0.06540476,0.0040501184,0.8641843,0.04162509,0.021622572,-7.5482054,0.021622572,composite,2,,43,composite_f2_s43_in22k_v5conf,last
ISIC_0027806,HAM_0001273,HAM_0001273,60+,ham,2,False,2,0.000931181,0.0014384681,0.87994164,0.07984988,0.0073089343,0.0043111243,0.026218701,0.009678584,-8.026477,0.009678584,composite,2,,43,composite_f2_s43_in22k_v5conf,last
ISIC_0027816,HAM_0005094,HAM_0005094,40-59,ham,5,False,5,0.01008278,0.006302348,0.0061578075,0.06718952,0.0055986205,0.8636247,0.041044243,0.02198375,-6.5668116,0.02198375,composite,2,,43,composite_f2_s43_in22k_v5conf,last
ISIC_0027818,HAM_0006930,HAM_0006930,40-59,ham,5,False,5,0.010448046,0.0071171927,0.007875042,0.06555386,0.005463989,0.8594652,0.044076655,0.023029229,-6.40742,0.023029229,composite,2,,43,composite_f2_s43_in22k_v5conf,last
ISIC_0027823,HAM_0005574,HAM_0005574,<40,ham,5,False,5,0.011058754,0.0072842967,0.007173345,0.06587953,0.0052985772,0.861483,0.04182249,0.023641627,-6.9718685,0.023641627,composite,2,,43,composite_f2_s43_in22k_v5conf,last
ISIC_0027831,HAM_0001678,HAM_0001678,60+,ham,2,False,2,0.01850166,0.0060189306,0.70558,0.094623506,0.109910004,0.0012379718,0.064127915,0.13443059,-0.54363334,0.13443059,composite,2,,43,composite_f2_s43_in22k_v5conf,last
ISIC_0027838,HAM_0007016,HAM_0007016,<40,ham,4,True,5,0.010410603,0.0057427627,0.0069795395,0.06776481,0.0042195143,0.86389774,0.04098501,0.020372879,-7.9271297,0.020372879,composite,2,,43,composite_f2_s43_in22k_v5conf,last
ISIC_0027850,HAM_0001466,HAM_0001466,60+,ham,2,False,2,0.0052253795,0.0046822936,0.9115597,0.043062273,0.0036414585,0.003667335,0.028161524,0.013549131,-7.872723,0.013549131,composite,2,,43,composite_f2_s43_in22k_v5conf,last
ISIC_0027862,HAM_0007271,HAM_0007271,<40,ham,5,False,5,0.010441675,0.007532662,0.0074402858,0.06788534,0.0063558584,0.85546684,0.04487735,0.024330195,-6.5424128,0.024330195,composite,2,,43,composite_f2_s43_in22k_v5conf,last
ISIC_0027869,HAM_0001411,HAM_0001411,<40,ham,5,False,5,0.010207616,0.0070273736,0.008204166,0.06478704,0.0051960503,0.8629988,0.04157893,0.022431038,-6.9569216,0.022431038,composite,2,,43,composite_f2_s43_in22k_v5conf,last
ISIC_0027879,HAM_0003863,HAM_0003863,40-59,ham,5,False,5,0.010912235,0.0077011716,0.007500015,0.06966515,0.006104475,0.856811,0.041305955,0.02471788,-6.329675,0.02471788,composite,2,,43,composite_f2_s43_in22k_v5conf,last
ISIC_0027901,HAM_0004320,HAM_0004320,40-59,ham,5,False,5,0.009642091,0.007757086,0.006248423,0.06513785,0.005534492,0.86403126,0.041648813,0.02293367,-5.4983025,0.02293367,composite,2,,43,composite_f2_s43_in22k_v5conf,last
ISIC_0027904,HAM_0007522,HAM_0007522,40-59,ham,4,True,2,0.13345508,0.005491569,0.3279138,0.14761528,0.031004535,0.2545194,0.10000034,0.16995119,-4.39841,0.16995119,composite,2,,43,composite_f2_s43_in22k_v5conf,last
ISIC_0027906,HAM_0000185,HAM_0000185,60+,ham,5,False,5,0.010152417,0.006741531,0.0061078076,0.06801608,0.005476432,0.8604614,0.04304437,0.022370381,-6.123863,0.022370381,composite,2,,43,composite_f2_s43_in22k_v5conf,last
ISIC_0027915,HAM_0000719,HAM_0000719,60+,ham,1,True,1,0.0065315855,0.6743029,0.009736448,0.11708428,0.11982991,0.006059438,0.06645553,0.80066437,9.366538,0.80066437,composite,2,,43,composite_f2_s43_in22k_v5conf,last
ISIC_0027916,HAM_0005952,HAM_0005952,60+,ham,2,False,2,0.0039516557,0.0016880234,0.91153055,0.031294093,0.00704694,0.022539629,0.021949038,0.01268662,-7.669682,0.01268662,composite,2,,43,composite_f2_s43_in22k_v5conf,last
ISIC_0027919,HAM_0006523,HAM_0006523,40-59,ham,5,False,5,0.008750309,0.006425249,0.0059840265,0.061744362,0.008272235,0.871231,0.037592735,0.023447793,-5.271268,0.023447793,composite,2,,43,composite_f2_s43_in22k_v5conf,last
ISIC_0027934,HAM_0001398,HAM_0001398,60+,ham,5,False,5,0.009741826,0.0069762855,0.0063393805,0.06259492,0.0051972107,0.86963725,0.039513063,0.021915322,-6.8877,0.021915322,composite,2,,43,composite_f2_s43_in22k_v5conf,last
ISIC_0027938,HAM_0006885,HAM_0006885,<40,ham,5,False,5,0.009548467,0.006954635,0.0061047506,0.0662241,0.0059198737,0.86253756,0.04271073,0.022422975,-6.7313085,0.022422975,composite,2,,43,composite_f2_s43_in22k_v5conf,last
ISIC_0027945,HAM_0003054,HAM_0003054,<40,ham,5,False,2,0.011967098,0.011723408,0.5548906,0.14168496,0.005993181,0.17638414,0.09735664,0.029683687,-9.49791,0.029683687,composite,2,,43,composite_f2_s43_in22k_v5conf,last
ISIC_0027948,HAM_0000159,HAM_0000159,<40,ham,5,False,5,0.009629283,0.0066640517,0.0068071513,0.06533755,0.005520938,0.8640022,0.04203881,0.021814274,-7.502778,0.021814274,composite,2,,43,composite_f2_s43_in22k_v5conf,last
ISIC_0027955,HAM_0001099,HAM_0001099,40-59,ham,5,False,5,0.010433669,0.0067031593,0.0072621065,0.06546258,0.0049599125,0.8638057,0.041372832,0.022096742,-6.913232,0.022096742,composite,2,,43,composite_f2_s43_in22k_v5conf,last
ISIC_0027960,HAM_0003569,HAM_0003569,60+,ham,2,False,2,0.0027319,0.0026812723,0.8902158,0.039355073,0.03970451,0.002608227,0.022703236,0.04511768,-3.6503365,0.04511768,composite,2,,43,composite_f2_s43_in22k_v5conf,last
ISIC_0027974,HAM_0000750,HAM_0000750,40-59,ham,5,False,5,0.010575151,0.007428034,0.010394626,0.06888347,0.005909679,0.8549041,0.041904975,0.023912864,-6.545247,0.023912864,composite,2,,43,composite_f2_s43_in22k_v5conf,last
ISIC_0027990,HAM_0001073,HAM_0001073,40-59,ham,2,False,2,0.005983206,0.0039641997,0.90791124,0.046635814,0.003997761,0.0032361767,0.028271582,0.013945167,-7.073765,0.013945167,composite,2,,43,composite_f2_s43_in22k_v5conf,last
ISIC_0027996,HAM_0003152,HAM_0003152,40-59,ham,2,False,2,0.0092993,0.0054340917,0.89566934,0.052165363,0.0042596334,0.0027781888,0.030394189,0.018993024,-7.022179,0.018993024,composite,2,,43,composite_f2_s43_in22k_v5conf,last
ISIC_0028000,HAM_0001496,HAM_0001496,60+,ham,5,False,5,0.009480879,0.006570725,0.005180755,0.065650426,0.007341388,0.868047,0.037728827,0.023392992,-5.0476885,0.023392992,composite,2,,43,composite_f2_s43_in22k_v5conf,last
ISIC_0028005,HAM_0000117,HAM_0000117,40-59,ham,5,False,5,0.010972827,0.0067500644,0.0060265856,0.069259584,0.0061172796,0.8569534,0.043920197,0.02384017,-6.556351,0.02384017,composite,2,,43,composite_f2_s43_in22k_v5conf,last
ISIC_0028006,HAM_0004403,HAM_0004403,40-59,ham,5,False,5,0.010386593,0.0071046823,0.006652086,0.06653729,0.005949386,0.86185926,0.041510656,0.02344066,-6.444765,0.02344066,composite,2,,43,composite_f2_s43_in22k_v5conf,last
ISIC_0028011,HAM_0007489,HAM_0007489,<40,ham,5,False,5,0.010397942,0.0065479223,0.006953221,0.06819903,0.005010262,0.8619967,0.04089483,0.021956127,-7.032712,0.021956127,composite,2,,43,composite_f2_s43_in22k_v5conf,last
ISIC_0028026,HAM_0007522,HAM_0007522,40-59,ham,4,True,0,0.6529112,0.003810453,0.006207993,0.056503292,0.21537319,0.0114924135,0.053701553,0.87209487,6.626256,0.87209487,composite,2,,43,composite_f2_s43_in22k_v5conf,last
ISIC_0028027,HAM_0002254,HAM_0002254,60+,ham,5,False,5,0.009884328,0.007300841,0.008210877,0.06543148,0.0038024182,0.8641172,0.041252717,0.020987587,-7.041022,0.020987587,composite,2,,43,composite_f2_s43_in22k_v5conf,last
ISIC_0028037,HAM_0001868,HAM_0001868,40-59,ham,5,False,5,0.011047952,0.0069654966,0.0065907324,0.06733484,0.0056337803,0.85880536,0.04362191,0.023647228,-6.4381437,0.023647228,composite,2,,43,composite_f2_s43_in22k_v5conf,last
ISIC_0028052,HAM_0000700,HAM_0000700,60+,ham,2,False,5,0.00772733,0.0040916614,0.013944283,0.0606931,0.021680769,0.84349895,0.048363846,0.033499762,-5.227643,0.033499762,composite,2,,43,composite_f2_s43_in22k_v5conf,last
ISIC_0028057,HAM_0001830,HAM_0001830,40-59,ham,5,False,5,0.012014491,0.0067095435,0.013887835,0.07014759,0.00813235,0.84768677,0.041421488,0.026856383,-6.4439363,0.026856383,composite,2,,43,composite_f2_s43_in22k_v5conf,last
ISIC_0028058,HAM_0001005,HAM_0001005,40-59,ham,5,False,5,0.01071515,0.0068945256,0.005919951,0.0680504,0.0054266346,0.86158776,0.04140546,0.02303631,-6.0481396,0.02303631,composite,2,,43,composite_f2_s43_in22k_v5conf,last
ISIC_0028059,HAM_0004273,HAM_0004273,40-59,ham,1,True,1,0.008549374,0.90615135,0.0056462665,0.045654774,0.0032507437,0.0030199052,0.027727593,0.91795146,7.829405,0.91795146,composite,2,,43,composite_f2_s43_in22k_v5conf,last
ISIC_0028073,HAM_0006753,HAM_0006753,<40,ham,5,False,5,0.00995274,0.006790131,0.005927382,0.06694611,0.005779416,0.8629407,0.041663464,0.022522286,-6.1226225,0.022522286,composite,2,,43,composite_f2_s43_in22k_v5conf,last
ISIC_0028074,HAM_0006440,HAM_0006440,40-59,ham,5,False,5,0.009586373,0.00706561,0.00552873,0.0640252,0.007522285,0.86578006,0.04049174,0.02417427,-5.3463573,0.02417427,composite,2,,43,composite_f2_s43_in22k_v5conf,last
ISIC_0028077,HAM_0002166,HAM_0002166,40-59,ham,5,False,5,0.010182399,0.006383216,0.0071026837,0.06723136,0.005158981,0.8611633,0.04277803,0.021724597,-7.1642027,0.021724597,composite,2,,43,composite_f2_s43_in22k_v5conf,last
ISIC_0028090,HAM_0005407,HAM_0005407,40-59,ham,5,False,5,0.012864166,0.007908293,0.0062200837,0.06892262,0.009964356,0.8497916,0.044328824,0.030736815,-5.276525,0.030736815,composite,2,,43,composite_f2_s43_in22k_v5conf,last
ISIC_0028099,HAM_0003706,HAM_0003706,40-59,ham,5,False,5,0.010095922,0.006539029,0.005812118,0.06520128,0.0053856135,0.8647619,0.04220415,0.022020565,-6.5593796,0.022020565,composite,2,,43,composite_f2_s43_in22k_v5conf,last
ISIC_0028101,HAM_0001512,HAM_0001512,<40,ham,5,False,5,0.009702951,0.0067864503,0.0057003098,0.06873451,0.0066482387,0.8605393,0.041888133,0.02313764,-6.8188457,0.02313764,composite,2,,43,composite_f2_s43_in22k_v5conf,last
ISIC_0028106,HAM_0007428,HAM_0007428,60+,ham,1,True,1,0.0055831852,0.9079879,0.0038735732,0.046799973,0.0032145604,0.003035208,0.029505571,0.9167856,8.33354,0.9167856,composite,2,,43,composite_f2_s43_in22k_v5conf,last
ISIC_0028109,HAM_0000814,HAM_0000814,60+,ham,4,True,5,0.009466401,0.0057340045,0.003958716,0.06621645,0.008807804,0.86514986,0.040666766,0.02400821,-6.6659937,0.02400821,composite,2,,43,composite_f2_s43_in22k_v5conf,last
ISIC_0028112,HAM_0004018,HAM_0004018,40-59,ham,5,False,5,0.01176688,0.009256197,0.013464726,0.06635159,0.00915119,0.84055614,0.049453247,0.030174267,-5.5191984,0.030174267,composite,2,,43,composite_f2_s43_in22k_v5conf,last
ISIC_0028115,HAM_0007168,HAM_0007168,<40,ham,5,False,5,0.011339366,0.006723496,0.007954143,0.06004629,0.0055063823,0.8664244,0.042006038,0.023569245,-6.8931293,0.023569245,composite,2,,43,composite_f2_s43_in22k_v5conf,last
ISIC_0028117,HAM_0006116,HAM_0006116,<40,ham,5,False,5,0.010765968,0.0065105264,0.0073297443,0.06684604,0.004171283,0.86552787,0.038848575,0.021447778,-7.82962,0.021447778,composite,2,,43,composite_f2_s43_in22k_v5conf,last
ISIC_0028122,HAM_0004621,HAM_0004621,60+,ham,1,True,1,0.007813831,0.85823256,0.033482965,0.060470447,0.0031317244,0.0015288468,0.03533973,0.8691781,5.0462084,0.8691781,composite,2,,43,composite_f2_s43_in22k_v5conf,last
ISIC_0028140,HAM_0002814,HAM_0002814,40-59,ham,5,False,5,0.009854103,0.006289946,0.006173316,0.06495637,0.0051403497,0.86674154,0.040844366,0.021284398,-6.9949884,0.021284398,composite,2,,43,composite_f2_s43_in22k_v5conf,last
ISIC_0028143,HAM_0006373,HAM_0006373,40-59,ham,5,False,5,0.01051467,0.007441377,0.0066245156,0.068961345,0.006097118,0.8587301,0.04163091,0.024053164,-6.5094595,0.024053164,composite,2,,43,composite_f2_s43_in22k_v5conf,last
ISIC_0028144,HAM_0006125,HAM_0006125,<40,ham,5,False,5,0.010502833,0.0070364964,0.0068251756,0.065353855,0.006225061,0.86224186,0.041814663,0.02376439,-6.3104377,0.02376439,composite,2,,43,composite_f2_s43_in22k_v5conf,last
ISIC_0028158,HAM_0002343,HAM_0002343,60+,ham,0,True,2,0.013593703,0.0035795888,0.8665357,0.060086288,0.0020136992,0.0056003532,0.048590783,0.019186992,-8.153569,0.019186992,composite,2,,43,composite_f2_s43_in22k_v5conf,last
ISIC_0028160,HAM_0006659,HAM_0006659,40-59,ham,5,False,5,0.010390436,0.0072816326,0.006722067,0.0660923,0.0069932644,0.86095524,0.041565064,0.024665333,-6.214671,0.024665333,composite,2,,43,composite_f2_s43_in22k_v5conf,last
ISIC_0028175,HAM_0000958,HAM_0000958,40-59,ham,5,False,5,0.0104057845,0.006968284,0.0072052754,0.06955306,0.0057158344,0.85879874,0.041353013,0.023089902,-6.059877,0.023089902,composite,2,,43,composite_f2_s43_in22k_v5conf,last
ISIC_0028182,HAM_0000426,HAM_0000426,40-59,ham,5,False,5,0.010231926,0.008732334,0.007205193,0.06486068,0.007269024,0.8571087,0.044592146,0.026233286,-5.7051053,0.026233286,composite,2,,43,composite_f2_s43_in22k_v5conf,last
ISIC_0028188,HAM_0004877,HAM_0004877,60+,ham,6,False,5,0.014156311,0.16415551,0.0039582546,0.16982217,0.16329671,0.28660628,0.19800477,0.34160852,1.493697,0.34160852,composite,2,,43,composite_f2_s43_in22k_v5conf,last
ISIC_0028196,HAM_0002702,HAM_0002702,<40,ham,5,False,5,0.010259679,0.006232773,0.006537854,0.064280644,0.004948937,0.8679478,0.039792307,0.021441389,-6.9255414,0.021441389,composite,2,,43,composite_f2_s43_in22k_v5conf,last
ISIC_0028201,HAM_0005049,HAM_0005049,60+,ham,2,False,2,0.009034021,0.0037027688,0.89719325,0.044510465,0.006486697,0.004471606,0.03460111,0.019223487,-6.9295573,0.019223487,composite,2,,43,composite_f2_s43_in22k_v5conf,last
ISIC_0028206,HAM_0004052,HAM_0004052,40-59,ham,5,False,5,0.010848148,0.0071587423,0.006735941,0.06871938,0.005923859,0.85924995,0.041364,0.02393075,-5.816674,0.02393075,composite,2,,43,composite_f2_s43_in22k_v5conf,last
ISIC_0028228,HAM_0003608,HAM_0003608,60+,ham,4,True,4,0.0062463614,0.0070020542,0.017323863,0.06259609,0.87326,0.0026666115,0.030905105,0.88650846,7.1524496,0.88650846,composite,2,,43,composite_f2_s43_in22k_v5conf,last
ISIC_0028237,HAM_0006327,HAM_0006327,60+,ham,2,False,2,0.015543642,0.003755828,0.8937475,0.053244326,0.0024377229,0.0037399298,0.027531054,0.021737192,-6.6093864,0.021737192,composite,2,,43,composite_f2_s43_in22k_v5conf,last
ISIC_0028240,HAM_0001635,HAM_0001635,60+,ham,5,False,5,0.010333344,0.0070294486,0.0064726546,0.066176616,0.0056769233,0.86300623,0.04130479,0.023039715,-6.7714825,0.023039715,composite,2,,43,composite_f2_s43_in22k_v5conf,last
ISIC_0028242,HAM_0000768,HAM_0000768,<40,ham,5,False,5,0.010234727,0.0071024452,0.008016515,0.06437068,0.0054204524,0.8628155,0.042039655,0.022757623,-6.6883507,0.022757623,composite,2,,43,composite_f2_s43_in22k_v5conf,last
ISIC_0028247,HAM_0003155,HAM_0003155,<40,ham,5,False,5,0.009097923,0.006530388,0.0070421495,0.06740609,0.0065329606,0.86158025,0.04181023,0.022161271,-6.985364,0.022161271,composite,2,,43,composite_f2_s43_in22k_v5conf,last
ISIC_0028252,HAM_0001259,HAM_0001259,40-59,ham,5,False,4,0.0067408364,0.0049076653,0.0041505387,0.070570305,0.8639876,0.0062890192,0.043353986,0.8756361,7.2876916,0.8756361,composite,2,,43,composite_f2_s43_in22k_v5conf,last
ISIC_0028264,HAM_0003187,HAM_0003187,60+,ham,2,False,2,0.008730064,0.0015587872,0.93039864,0.033319537,0.0020912967,0.0022451277,0.021656638,0.012380148,-7.253645,0.012380148,composite,2,,43,composite_f2_s43_in22k_v5conf,last
ISIC_0028266,HAM_0003882,HAM_0003882,40-59,ham,5,False,5,0.010473647,0.0055934717,0.007111515,0.066285476,0.004855824,0.86416864,0.041511327,0.020922944,-6.944027,0.020922944,composite,2,,43,composite_f2_s43_in22k_v5conf,last
ISIC_0028276,HAM_0001126,HAM_0001126,<40,ham,5,False,5,0.010250797,0.0064604394,0.009047775,0.06702645,0.004169507,0.86291754,0.04012752,0.020880742,-7.933764,0.020880742,composite,2,,43,composite_f2_s43_in22k_v5conf,last
ISIC_0028281,HAM_0006300,HAM_0006300,<40,ham,5,False,5,0.010449687,0.0071390825,0.007944772,0.061996188,0.0050565726,0.86514163,0.04227206,0.022645343,-7.822862,0.022645343,composite,2,,43,composite_f2_s43_in22k_v5conf,last
ISIC_0028288,HAM_0004709,HAM_0004709,60+,ham,4,True,4,0.008311992,0.0051951557,0.005176704,0.05719151,0.8825998,0.0043137223,0.037211083,0.8961069,8.02922,0.8961069,composite,2,,43,composite_f2_s43_in22k_v5conf,last
ISIC_0028292,HAM_0006686,HAM_0006686,40-59,ham,5,False,5,0.011469152,0.008204833,0.0069492036,0.07081772,0.0051604533,0.8555088,0.041889753,0.024834437,-6.7391934,0.024834437,composite,2,,43,composite_f2_s43_in22k_v5conf,last
ISIC_0028293,HAM_0000476,HAM_0000476,60+,ham,5,False,5,0.010211128,0.0070689414,0.0073545044,0.06436961,0.0051599294,0.86493933,0.040896565,0.022439998,-7.618456,0.022439998,composite,2,,43,composite_f2_s43_in22k_v5conf,last
ISIC_0028295,HAM_0007186,HAM_0007186,<40,ham,5,False,5,0.010396623,0.0072986674,0.0061903526,0.06746667,0.0057683876,0.8602975,0.042581756,0.023463678,-6.078539,0.023463678,composite,2,,43,composite_f2_s43_in22k_v5conf,last
ISIC_0028298,HAM_0004140,HAM_0004140,40-59,ham,5,False,5,0.010267851,0.0069313943,0.008053313,0.06347638,0.0048029977,0.8652572,0.041210946,0.022002243,-6.9962645,0.022002243,composite,2,,43,composite_f2_s43_in22k_v5conf,last
ISIC_0028300,HAM_0004092,HAM_0004092,40-59,ham,5,False,5,0.009722232,0.006297957,0.005602822,0.06443792,0.0054741427,0.86821675,0.040248144,0.021494333,-6.378498,0.021494333,composite,2,,43,composite_f2_s43_in22k_v5conf,last
ISIC_0028303,HAM_0005030,HAM_0005030,60+,ham,1,True,1,0.0058633448,0.8987398,0.005176876,0.05082218,0.0038736959,0.0033908526,0.032133378,0.9084769,7.8042865,0.9084769,composite,2,,43,composite_f2_s43_in22k_v5conf,last
ISIC_0028332,HAM_0006197,HAM_0006197,40-59,ham,5,False,5,0.012642953,0.0070245587,0.008523314,0.069507234,0.00740376,0.8478733,0.047024913,0.027071271,-7.3351517,0.027071271,composite,2,,43,composite_f2_s43_in22k_v5conf,last
ISIC_0028336,HAM_0007260,HAM_0007260,60+,ham,2,False,1,0.029553594,0.42489144,0.10233089,0.18762285,0.0066518607,0.15693656,0.09201286,0.46109688,-2.1620533,0.46109688,composite,2,,43,composite_f2_s43_in22k_v5conf,last
ISIC_0028338,HAM_0004742,HAM_0004742,40-59,ham,5,False,2,0.010104952,0.0069271517,0.5750911,0.10568394,0.057553194,0.19797648,0.046663214,0.074585296,-4.2275457,0.074585296,composite,2,,43,composite_f2_s43_in22k_v5conf,last
ISIC_0028355,HAM_0005666,HAM_0005666,<40,ham,5,False,5,0.012346158,0.0070088236,0.0074431296,0.070557505,0.007136282,0.85440993,0.041098103,0.026491262,-7.057788,0.026491262,composite,2,,43,composite_f2_s43_in22k_v5conf,last
ISIC_0028369,HAM_0002175,HAM_0002175,40-59,ham,5,False,5,0.009970345,0.006977264,0.0055436357,0.070300005,0.009773082,0.8563998,0.041035794,0.026720691,-5.055537,0.026720691,composite,2,,43,composite_f2_s43_in22k_v5conf,last
ISIC_0028376,HAM_0004630,HAM_0004630,60+,ham,2,False,2,0.008843628,0.0060706055,0.89949435,0.045170996,0.0029640924,0.0042965687,0.0331597,0.017878326,-7.5544524,0.017878326,composite,2,,43,composite_f2_s43_in22k_v5conf,last
ISIC_0028377,HAM_0007408,HAM_0007408,<40,ham,5,False,5,0.008749591,0.0062375437,0.007069944,0.07240607,0.004010009,0.8606227,0.04090418,0.018997144,-6.978575,0.018997144,composite,2,,43,composite_f2_s43_in22k_v5conf,last
ISIC_0028393,HAM_0005579,HAM_0005579,60+,ham,0,True,0,0.951599,0.00171817,0.0024204475,0.024691228,0.0031055491,0.0012077629,0.015257845,0.9564227,7.7481833,0.9564227,composite,2,,43,composite_f2_s43_in22k_v5conf,last
ISIC_0028395,HAM_0006001,HAM_0006001,40-59,ham,5,False,5,0.009527341,0.00694471,0.011358149,0.06416313,0.005771985,0.8630493,0.0391854,0.022244036,-5.8876705,0.022244036,composite,2,,43,composite_f2_s43_in22k_v5conf,last
ISIC_0028397,HAM_0006183,HAM_0006183,60+,ham,5,False,5,0.009253389,0.0059127784,0.0065227533,0.06653177,0.0046335985,0.86610377,0.041042022,0.019799765,-6.721532,0.019799765,composite,2,,43,composite_f2_s43_in22k_v5conf,last
ISIC_0028407,HAM_0001345,HAM_0001345,40-59,ham,5,False,5,0.011100374,0.006594232,0.007011756,0.06512626,0.0049551423,0.86091334,0.04429896,0.022649748,-6.7772017,0.022649748,composite,2,,43,composite_f2_s43_in22k_v5conf,last
ISIC_0028410,HAM_0007558,HAM_0007558,40-59,ham,4,True,4,0.010432695,0.0048278836,0.0063385423,0.059370723,0.8760337,0.0043474142,0.038649008,0.8912943,7.8376937,0.8912943,composite,2,,43,composite_f2_s43_in22k_v5conf,last
ISIC_0028419,HAM_0003941,HAM_0003941,<40,ham,1,True,1,0.008451174,0.89946544,0.0043627145,0.049255792,0.0040473975,0.002910757,0.031506754,0.911964,8.328174,0.911964,composite,2,,43,composite_f2_s43_in22k_v5conf,last
ISIC_0028421,HAM_0000085,HAM_0000085,40-59,ham,5,False,5,0.009973354,0.005929089,0.005666486,0.06619006,0.0047718217,0.8645289,0.04294017,0.020674264,-6.8270607,0.020674264,composite,2,,43,composite_f2_s43_in22k_v5conf,last
ISIC_0028437,HAM_0002990,HAM_0002990,60+,ham,5,False,5,0.010523595,0.006185457,0.00655222,0.06526635,0.0051078694,0.86360323,0.042761322,0.02181692,-6.9919357,0.02181692,composite,2,,43,composite_f2_s43_in22k_v5conf,last
ISIC_0028459,HAM_0006109,HAM_0006109,60+,ham,5,False,5,0.010352808,0.0067811213,0.007467498,0.065336294,0.0048685702,0.8624885,0.042705216,0.0220025,-7.113177,0.0220025,composite,2,,43,composite_f2_s43_in22k_v5conf,last
ISIC_0028466,HAM_0006261,HAM_0006261,40-59,ham,5,False,5,0.011005014,0.007204209,0.0069917613,0.068606496,0.005785221,0.8571531,0.04325406,0.023994444,-6.7488337,0.023994444,composite,2,,43,composite_f2_s43_in22k_v5conf,last
ISIC_0028479,HAM_0002821,HAM_0002821,60+,ham,2,False,2,0.012124348,0.0054281903,0.90716684,0.04521146,0.0026972457,0.0016032201,0.025768701,0.020249786,-6.6961594,0.020249786,composite,2,,43,composite_f2_s43_in22k_v5conf,last
ISIC_0028506,HAM_0006838,HAM_0006838,60+,ham,5,False,5,0.010717211,0.0071620434,0.0076143313,0.0670724,0.0050525526,0.8579707,0.04441076,0.022931807,-7.085271,0.022931807,composite,2,,43,composite_f2_s43_in22k_v5conf,last
ISIC_0028523,HAM_0001523,HAM_0001523,40-59,ham,5,False,5,0.011902807,0.00744401,0.008303332,0.06790515,0.004145638,0.8586924,0.041606657,0.023492455,-7.6046734,0.023492455,composite,2,,43,composite_f2_s43_in22k_v5conf,last
ISIC_0028538,HAM_0007276,HAM_0007276,<40,ham,5,False,5,0.011536243,0.0066685714,0.007595257,0.06984465,0.006310422,0.8511292,0.04691577,0.024515238,-7.368128,0.024515238,composite,2,,43,composite_f2_s43_in22k_v5conf,last
ISIC_0028542,HAM_0001573,HAM_0001573,40-59,ham,1,True,1,0.006072612,0.5716128,0.07653762,0.15104365,0.006351829,0.031304944,0.15707661,0.58403724,1.3031023,0.58403724,composite,2,,43,composite_f2_s43_in22k_v5conf,last
ISIC_0028543,HAM_0004669,HAM_0004669,40-59,ham,4,True,4,0.01567971,0.01285419,0.025940018,0.14438945,0.6980183,0.051164515,0.0519539,0.7265522,2.7900934,0.7265522,composite,2,,43,composite_f2_s43_in22k_v5conf,last
ISIC_0028557,HAM_0005395,HAM_0005395,60+,ham,5,False,5,0.013904872,0.007101972,0.04266927,0.08653654,0.001479533,0.79026324,0.058044594,0.022486378,-9.359916,0.022486378,composite,2,,43,composite_f2_s43_in22k_v5conf,last
ISIC_0028563,HAM_0002126,HAM_0002126,60+,ham,5,False,5,0.010679919,0.0055354745,0.0078010503,0.06257678,0.0039682584,0.86913997,0.04029857,0.020183653,-6.8689594,0.020183653,composite,2,,43,composite_f2_s43_in22k_v5conf,last
ISIC_0028569,HAM_0005709,HAM_0005709,60+,ham,5,False,5,0.010133673,0.00678874,0.0067533054,0.065263174,0.006063024,0.86308867,0.04190938,0.022985438,-6.2822948,0.022985438,composite,2,,43,composite_f2_s43_in22k_v5conf,last
ISIC_0028576,HAM_0001684,HAM_0001684,<40,ham,5,False,5,0.011102839,0.0067403032,0.007960201,0.07097493,0.0075986916,0.84974235,0.045880683,0.025441833,-7.334064,0.025441833,composite,2,,43,composite_f2_s43_in22k_v5conf,last
ISIC_0028578,HAM_0003874,HAM_0003874,40-59,ham,5,False,5,0.01210417,0.0050838087,0.003522375,0.062187787,0.006130031,0.8459019,0.06506997,0.02331801,-7.0904875,0.02331801,composite,2,,43,composite_f2_s43_in22k_v5conf,last
ISIC_0028588,HAM_0000850,HAM_0000850,60+,ham,5,False,5,0.012296456,0.0073426645,0.007570214,0.06988449,0.005723986,0.84969115,0.047491025,0.025363106,-7.820581,0.025363106,composite,2,,43,composite_f2_s43_in22k_v5conf,last
ISIC_0028590,HAM_0000295,HAM_0000295,60+,ham,5,False,5,0.01034725,0.0073625534,0.01045721,0.06821854,0.0055131465,0.8561303,0.041970976,0.02322295,-6.4997807,0.02322295,composite,2,,43,composite_f2_s43_in22k_v5conf,last
ISIC_0028607,HAM_0000114,HAM_0000114,60+,ham,2,False,5,0.011659079,0.010088596,0.10623263,0.101926886,0.0040093665,0.69491225,0.07117115,0.02575704,-8.817218,0.02575704,composite,2,,43,composite_f2_s43_in22k_v5conf,last
ISIC_0028616,HAM_0002846,HAM_0002846,60+,ham,5,False,5,0.009938485,0.0063819205,0.005821465,0.06631087,0.0058184154,0.8644947,0.041234102,0.022138821,-5.7326255,0.022138821,composite,2,,43,composite_f2_s43_in22k_v5conf,last
ISIC_0028625,HAM_0006790,HAM_0006790,60+,ham,5,False,4,0.012194616,0.0062613045,0.0046321307,0.069836535,0.8552584,0.010442029,0.041374993,0.8737143,6.988967,0.8737143,composite,2,,43,composite_f2_s43_in22k_v5conf,last
ISIC_0028627,HAM_0000980,HAM_0000980,40-59,ham,5,False,5,0.010019201,0.005946177,0.006802006,0.062430907,0.0040370333,0.8700952,0.040669464,0.020002412,-7.310824,0.020002412,composite,2,,43,composite_f2_s43_in22k_v5conf,last
ISIC_0028637,HAM_0007046,HAM_0007046,60+,ham,5,False,5,0.020935733,0.0037369416,0.019059127,0.12619887,0.0956763,0.66443545,0.06995747,0.120348975,-3.536702,0.120348975,composite,2,,43,composite_f2_s43_in22k_v5conf,last
ISIC_0028640,HAM_0005913,HAM_0005913,60+,ham,2,False,2,0.060952384,0.007114128,0.8159279,0.06625914,0.0022967511,0.0027021982,0.044747476,0.07036327,-6.1047482,0.07036327,composite,2,,43,composite_f2_s43_in22k_v5conf,last
ISIC_0028652,HAM_0001575,HAM_0001575,60+,ham,1,True,1,0.012791341,0.89176387,0.0046544364,0.049597982,0.0042763897,0.003684959,0.033230957,0.9088316,8.353772,0.9088316,composite,2,,43,composite_f2_s43_in22k_v5conf,last
ISIC_0028697,HAM_0001585,HAM_0001585,60+,ham,5,False,5,0.009317584,0.005999147,0.0061127045,0.06448136,0.0048637874,0.8681429,0.041082524,0.02018052,-6.9539413,0.02018052,composite,2,,43,composite_f2_s43_in22k_v5conf,last
ISIC_0028714,HAM_0005713,HAM_0005713,60+,ham,6,False,6,0.001286137,0.0007587236,0.0005905365,0.0073146564,0.00044689004,0.0009388972,0.9886642,0.0024917508,-8.796931,0.0024917508,composite,2,,43,composite_f2_s43_in22k_v5conf,last
ISIC_0028718,HAM_0006380,HAM_0006380,<40,ham,4,True,5,0.007633082,0.0046128193,0.003900194,0.057579864,0.005840781,0.8831327,0.037300553,0.018086683,-7.23515,0.018086683,composite,2,,43,composite_f2_s43_in22k_v5conf,last
ISIC_0028750,HAM_0000318,HAM_0000318,40-59,ham,2,False,0,0.9353984,0.00122884,0.00588271,0.0284128,0.005706119,0.0005627176,0.02280845,0.9423334,7.7275486,0.9423334,composite,2,,43,composite_f2_s43_in22k_v5conf,last
ISIC_0028755,HAM_0000288,HAM_0000288,60+,ham,5,False,5,0.007908939,0.0057141697,0.0068421955,0.06974335,0.004737475,0.8592101,0.045843765,0.018360585,-8.050937,0.018360585,composite,2,,43,composite_f2_s43_in22k_v5conf,last
ISIC_0028769,HAM_0004242,HAM_0004242,60+,ham,5,False,5,0.0108837215,0.00692593,0.00802307,0.06636846,0.005167443,0.86029446,0.042336915,0.022977095,-6.676544,0.022977095,composite,2,,43,composite_f2_s43_in22k_v5conf,last
ISIC_0028792,HAM_0001608,HAM_0001608,60+,ham,2,False,2,0.0076567587,0.004756321,0.8924088,0.05639129,0.0037934748,0.004927461,0.030065846,0.016206555,-7.771922,0.016206555,composite,2,,43,composite_f2_s43_in22k_v5conf,last
ISIC_0028793,HAM_0004783,HAM_0004783,<40,ham,5,False,5,0.009124374,0.0057891402,0.0071527264,0.06804102,0.0047027846,0.86073136,0.044458646,0.019616298,-8.006204,0.019616298,composite,2,,43,composite_f2_s43_in22k_v5conf,last
ISIC_0028806,HAM_0004175,HAM_0004175,40-59,ham,5,False,5,0.0110193845,0.0067771794,0.0074072066,0.06524345,0.0052536684,0.8613868,0.04291228,0.023050234,-6.790243,0.023050234,composite,2,,43,composite_f2_s43_in22k_v5conf,last
ISIC_0028823,HAM_0007138,HAM_0007138,<40,ham,5,False,5,0.010826423,0.007159907,0.0076943045,0.06460057,0.006053488,0.86129975,0.042365495,0.024039816,-7.4791603,0.024039816,composite,2,,43,composite_f2_s43_in22k_v5conf,last
ISIC_0028826,HAM_0000865,HAM_0000865,60+,ham,2,False,2,0.0055804,0.0049023014,0.9144026,0.043308746,0.0026669344,0.0029915355,0.026147429,0.013149636,-7.563208,0.013149636,composite,2,,43,composite_f2_s43_in22k_v5conf,last
ISIC_0028833,HAM_0001015,HAM_0001015,40-59,ham,5,False,5,0.010633919,0.0067201545,0.0067346543,0.06633984,0.005968519,0.86052644,0.043076456,0.023322593,-6.3113627,0.023322593,composite,2,,43,composite_f2_s43_in22k_v5conf,last
ISIC_0028852,HAM_0000800,HAM_0000800,<40,ham,5,False,5,0.012049656,0.007030047,0.008560318,0.0670548,0.005554168,0.85754544,0.042205576,0.024633871,-6.8859158,0.024633871,composite,2,,43,composite_f2_s43_in22k_v5conf,last
ISIC_0028859,HAM_0000336,HAM_0000336,60+,ham,5,False,5,0.00962164,0.006083633,0.0072605233,0.06304765,0.0053545185,0.86863697,0.039995115,0.02105979,-7.5966196,0.02105979,composite,2,,43,composite_f2_s43_in22k_v5conf,last
ISIC_0028863,HAM_0005651,HAM_0005651,40-59,ham,5,False,5,0.010161116,0.0065604215,0.0071443752,0.06628185,0.0060426607,0.85993266,0.04387684,0.022764198,-7.5114293,0.022764198,composite,2,,43,composite_f2_s43_in22k_v5conf,last
ISIC_0028869,HAM_0002283,HAM_0002283,40-59,ham,5,False,5,0.010193807,0.005764644,0.005790734,0.06664265,0.004613699,0.86688805,0.040106397,0.02057215,-6.701975,0.02057215,composite,2,,43,composite_f2_s43_in22k_v5conf,last
ISIC_0028888,HAM_0003838,HAM_0003838,40-59,ham,5,False,5,0.014985124,0.007296773,0.170358,0.12447406,0.006177334,0.5965355,0.080173165,0.02845923,-8.973195,0.02845923,composite,2,,43,composite_f2_s43_in22k_v5conf,last
ISIC_0028895,HAM_0003567,HAM_0003567,40-59,ham,5,False,5,0.009207798,0.007003741,0.0070974682,0.073217295,0.0052371644,0.85424113,0.0439955,0.021448703,-6.6069517,0.021448703,composite,2,,43,composite_f2_s43_in22k_v5conf,last
ISIC_0028898,HAM_0001069,HAM_0001069,60+,ham,4,True,4,0.0073835338,0.004025337,0.0051735123,0.06561609,0.8739062,0.0070017716,0.036893543,0.88531506,6.489165,0.88531506,composite,2,,43,composite_f2_s43_in22k_v5conf,last
ISIC_0028902,HAM_0005426,HAM_0005426,40-59,ham,5,False,5,0.012761689,0.007877334,0.009202162,0.066933945,0.0053773387,0.8536255,0.04422207,0.026016362,-7.2304535,0.026016362,composite,2,,43,composite_f2_s43_in22k_v5conf,last
ISIC_0028906,HAM_0002891,HAM_0002891,60+,ham,5,False,5,0.01105917,0.0070537007,0.0071212,0.06614528,0.004926893,0.86155766,0.04213609,0.023039762,-7.0011106,0.023039762,composite,2,,43,composite_f2_s43_in22k_v5conf,last
ISIC_0028908,HAM_0005281,HAM_0005281,60+,ham,5,False,5,0.011441515,0.007382619,0.0073694717,0.06563733,0.005908537,0.8624796,0.03978091,0.024732672,-6.0625787,0.024732672,composite,2,,43,composite_f2_s43_in22k_v5conf,last
ISIC_0028920,HAM_0003452,HAM_0003452,60+,ham,2,False,5,0.009063813,0.007833326,0.19956459,0.090533525,0.0117203435,0.6310814,0.050202932,0.028617483,-7.94722,0.028617483,composite,2,,43,composite_f2_s43_in22k_v5conf,last
ISIC_0028924,HAM_0001149,HAM_0001149,40-59,ham,5,False,5,0.010316301,0.006724103,0.0063954648,0.06761982,0.006256475,0.8598594,0.04282842,0.023296878,-6.3537436,0.023296878,composite,2,,43,composite_f2_s43_in22k_v5conf,last
ISIC_0028929,HAM_0000588,HAM_0000588,60+,ham,4,True,5,0.018555542,0.011819049,0.011014624,0.14883967,0.13202131,0.5762577,0.10149215,0.1623959,-2.0552204,0.1623959,composite,2,,43,composite_f2_s43_in22k_v5conf,last
ISIC_0028958,HAM_0002912,HAM_0002912,60+,ham,2,False,2,0.0046370975,0.0044438425,0.8834051,0.06501374,0.0035130477,0.0066398745,0.032347307,0.012593987,-8.003038,0.012593987,composite,2,,43,composite_f2_s43_in22k_v5conf,last
ISIC_0028979,HAM_0004608,HAM_0004608,40-59,ham,5,False,5,0.010098804,0.007901599,0.007249339,0.06763625,0.005866406,0.8590366,0.04221101,0.023866808,-6.369669,0.023866808,composite,2,,43,composite_f2_s43_in22k_v5conf,last
ISIC_0028985,HAM_0006611,HAM_0006611,40-59,ham,5,False,5,0.011682931,0.0067741796,0.0072462694,0.06554727,0.006591366,0.86124116,0.040916894,0.025048478,-6.2151704,0.025048478,composite,2,,43,composite_f2_s43_in22k_v5conf,last
ISIC_0028988,HAM_0003155,HAM_0003155,<40,ham,5,False,5,0.009994353,0.007666843,0.0081618605,0.06617105,0.005136146,0.8609043,0.041965548,0.022797342,-7.488075,0.022797342,composite,2,,43,composite_f2_s43_in22k_v5conf,last
ISIC_0028989,HAM_0004487,HAM_0004487,60+,ham,1,True,1,0.03400775,0.86025006,0.011661081,0.046770304,0.003963187,0.0034421633,0.03990545,0.89822096,7.1973186,0.89822096,composite,2,,43,composite_f2_s43_in22k_v5conf,last
ISIC_0028992,HAM_0003920,HAM_0003920,40-59,ham,2,False,2,0.008683558,0.0050326413,0.89222336,0.05033851,0.0063567786,0.005012816,0.032352325,0.020072978,-7.138872,0.020072978,composite,2,,43,composite_f2_s43_in22k_v5conf,last
ISIC_0028997,HAM_0001163,HAM_0001163,<40,ham,5,False,5,0.016079511,0.009235618,0.011959828,0.07507418,0.0054706205,0.8307385,0.05144179,0.030785749,-6.3694572,0.030785749,composite,2,,43,composite_f2_s43_in22k_v5conf,last
ISIC_0029012,HAM_0001982,HAM_0001982,40-59,ham,2,False,2,0.020130675,0.007934895,0.51387924,0.1459761,0.008695152,0.22288899,0.08049501,0.03676072,-9.235577,0.03676072,composite,2,,43,composite_f2_s43_in22k_v5conf,last
ISIC_0029039,HAM_0004317,HAM_0004317,40-59,ham,3,False,2,0.0060604447,0.0037199592,0.8938112,0.054581545,0.0019510633,0.009094652,0.030781057,0.011731467,-9.043114,0.011731467,composite,2,,43,composite_f2_s43_in22k_v5conf,last
ISIC_0029040,HAM_0001721,HAM_0001721,40-59,ham,2,False,5,0.021468315,0.024688756,0.010684975,0.06722492,0.15308766,0.63719934,0.08564604,0.19924474,-0.9064905,0.19924474,composite,2,,43,composite_f2_s43_in22k_v5conf,last
ISIC_0029044,HAM_0004929,HAM_0004929,40-59,ham,5,False,5,0.010283804,0.0069517763,0.007415387,0.06624413,0.0052951374,0.8620337,0.041776046,0.022530718,-7.222584,0.022530718,composite,2,,43,composite_f2_s43_in22k_v5conf,last
ISIC_0029045,HAM_0000068,HAM_0000068,<40,ham,5,False,5,0.008458561,0.0064513646,0.00595104,0.06541669,0.0078121806,0.8635342,0.042375993,0.022722106,-7.0047364,0.022722106,composite,2,,43,composite_f2_s43_in22k_v5conf,last
ISIC_0029067,HAM_0000498,HAM_0000498,60+,ham,0,True,0,0.9247295,0.00073292444,0.0089782225,0.031373717,0.00850134,0.0010317613,0.024652574,0.9339638,6.505044,0.9339638,composite,2,,43,composite_f2_s43_in22k_v5conf,last
ISIC_0029073,HAM_0001774,HAM_0001774,60+,ham,5,False,5,0.009830266,0.006632307,0.005872506,0.06810392,0.004958378,0.8619966,0.042606063,0.021420952,-6.3843784,0.021420952,composite,2,,43,composite_f2_s43_in22k_v5conf,last
ISIC_0029074,HAM_0000678,HAM_0000678,40-59,ham,5,False,5,0.011689885,0.007605903,0.007171812,0.06654682,0.0055538137,0.85783225,0.043599445,0.024849601,-6.551387,0.024849601,composite,2,,43,composite_f2_s43_in22k_v5conf,last
ISIC_0029076,HAM_0005147,HAM_0005147,60+,ham,5,False,5,0.009624957,0.0074602226,0.008348676,0.06770099,0.005990725,0.8576802,0.043194268,0.023075905,-6.3949504,0.023075905,composite,2,,43,composite_f2_s43_in22k_v5conf,last
ISIC_0029080,HAM_0000186,HAM_0000186,60+,ham,2,False,2,0.0091785425,0.011001826,0.8556746,0.059077594,0.0062209335,0.029844297,0.02900219,0.026401302,-6.431472,0.026401302,composite,2,,43,composite_f2_s43_in22k_v5conf,last
ISIC_0029083,HAM_0002312,HAM_0002312,60+,ham,1,True,1,0.009082099,0.894414,0.0063499194,0.04733115,0.0056093046,0.0028179826,0.034395434,0.9091054,8.430079,0.9091054,composite,2,,43,composite_f2_s43_in22k_v5conf,last
ISIC_0029090,HAM_0007389,HAM_0007389,40-59,ham,5,False,5,0.010187244,0.006799045,0.007112951,0.06735095,0.005997396,0.8591087,0.04344372,0.022983685,-6.116149,0.022983685,composite,2,,43,composite_f2_s43_in22k_v5conf,last
ISIC_0029093,HAM_0000476,HAM_0000476,60+,ham,5,False,5,0.011049536,0.007604051,0.007180346,0.06448388,0.0056172125,0.86325866,0.040806413,0.024270799,-7.4597464,0.024270799,composite,2,,43,composite_f2_s43_in22k_v5conf,last
ISIC_0029102,HAM_0005415,HAM_0005415,60+,ham,2,False,2,0.0077157016,0.0039153122,0.9251389,0.038034696,0.0032285822,0.0017468828,0.020220017,0.014859596,-6.348416,0.014859596,composite,2,,43,composite_f2_s43_in22k_v5conf,last
ISIC_0029106,HAM_0006337,HAM_0006337,40-59,ham,5,False,5,0.01060943,0.007337186,0.0065726633,0.06595583,0.0062742177,0.8613963,0.04185441,0.024220834,-5.820524,0.024220834,composite,2,,43,composite_f2_s43_in22k_v5conf,last
ISIC_0029110,HAM_0001233,HAM_0001233,<40,ham,5,False,5,0.010350601,0.0071434844,0.0071166563,0.067197815,0.0064157746,0.8586508,0.04312484,0.023909861,-6.124942,0.023909861,composite,2,,43,composite_f2_s43_in22k_v5conf,last
ISIC_0029129,HAM_0004285,HAM_0004285,60+,ham,1,True,1,0.010105934,0.91478795,0.0032872271,0.038560927,0.0032319427,0.0020575996,0.027968425,0.9281258,9.113219,0.9281258,composite,2,,43,composite_f2_s43_in22k_v5conf,last
ISIC_0029131,HAM_0006985,HAM_0006985,<40,ham,5,False,5,0.010678823,0.007125678,0.0075120213,0.06562824,0.0059345355,0.8594582,0.043662477,0.023739036,-6.194606,0.023739036,composite,2,,43,composite_f2_s43_in22k_v5conf,last
ISIC_0029138,HAM_0003355,HAM_0003355,<40,ham,5,False,5,0.011341833,0.008396027,0.008977275,0.06836242,0.0041641505,0.8546214,0.04413694,0.023902008,-8.149825,0.023902008,composite,2,,43,composite_f2_s43_in22k_v5conf,last
ISIC_0029139,HAM_0007603,HAM_0007603,60+,ham,2,False,2,0.0058185663,0.00439412,0.92012537,0.03732508,0.0026781028,0.0026919672,0.02696679,0.012890789,-7.4888077,0.012890789,composite,2,,43,composite_f2_s43_in22k_v5conf,last
ISIC_0029141,HAM_0004592,HAM_0004592,60+,ham,0,True,0,0.78657144,0.07065327,0.050373748,0.055086408,0.0015724776,0.002612486,0.033130184,0.8587972,4.5355797,0.8587972,composite,2,,43,composite_f2_s43_in22k_v5conf,last
ISIC_0029147,HAM_0007125,HAM_0007125,60+,ham,2,False,1,0.008416266,0.9329027,0.0027284634,0.037983224,0.00078484404,0.00095512456,0.016229369,0.9421038,7.5456667,0.9421038,composite,2,,43,composite_f2_s43_in22k_v5conf,last
ISIC_0029153,HAM_0004124,HAM_0004124,40-59,ham,5,False,5,0.009448727,0.0060881106,0.0080258865,0.059828877,0.005715965,0.87163633,0.039256062,0.021252802,-6.895925,0.021252802,composite,2,,43,composite_f2_s43_in22k_v5conf,last
ISIC_0029159,HAM_0005507,HAM_0005507,<40,ham,5,False,5,0.009812615,0.0063324375,0.0066076918,0.064746276,0.0044944086,0.86645013,0.04155644,0.02063946,-7.159314,0.02063946,composite,2,,43,composite_f2_s43_in22k_v5conf,last
ISIC_0029161,HAM_0000164,HAM_0000164,60+,ham,2,False,2,0.0056749154,0.0014675597,0.586113,0.36472762,0.0004855047,0.0024037515,0.03912764,0.0076279794,-10.744617,0.0076279794,composite,2,,43,composite_f2_s43_in22k_v5conf,last
ISIC_0029171,HAM_0004179,HAM_0004179,40-59,ham,5,False,5,0.010209917,0.0066695795,0.007416714,0.06504648,0.0046785576,0.8653257,0.04065315,0.021558054,-6.899173,0.021558054,composite,2,,43,composite_f2_s43_in22k_v5conf,last
ISIC_0029175,HAM_0002806,HAM_0002806,40-59,ham,5,False,5,0.013030676,0.008197991,0.0058292234,0.06632237,0.009053642,0.8527197,0.04484624,0.03028231,-4.8385057,0.03028231,composite,2,,43,composite_f2_s43_in22k_v5conf,last
ISIC_0029177,HAM_0005918,HAM_0005918,<40,ham,3,False,3,0.00049486896,0.00049182767,0.0005325152,0.99363637,5.733842e-05,0.0014247531,0.0033623402,0.0010440351,-9.303127,0.0010440351,composite,2,,43,composite_f2_s43_in22k_v5conf,last
ISIC_0029183,HAM_0007491,HAM_0007491,60+,ham,5,False,5,0.011495824,0.0064232573,0.009764524,0.07135251,0.0032576919,0.85034066,0.047365636,0.021176774,-8.081817,0.021176774,composite,2,,43,composite_f2_s43_in22k_v5conf,last
ISIC_0029189,HAM_0006393,HAM_0006393,40-59,ham,5,False,5,0.01200957,0.0075935107,0.005357675,0.07508577,0.027929584,0.8286015,0.043422464,0.047532663,-4.171794,0.047532663,composite,2,,43,composite_f2_s43_in22k_v5conf,last
ISIC_0029194,HAM_0002484,HAM_0002484,<40,ham,5,False,5,0.009688837,0.008206901,0.0067137126,0.06433633,0.0052729966,0.8653134,0.040467747,0.023168735,-7.54233,0.023168735,composite,2,,43,composite_f2_s43_in22k_v5conf,last
ISIC_0029198,HAM_0006749,HAM_0006749,60+,ham,5,False,5,0.011359217,0.0076193144,0.006859757,0.07067885,0.0060797357,0.85245574,0.04494728,0.025058266,-6.3841896,0.025058266,composite,2,,43,composite_f2_s43_in22k_v5conf,last
ISIC_0029200,HAM_0000849,HAM_0000849,60+,ham,5,False,5,0.011348698,0.0072716074,0.012008589,0.07296922,0.0073395222,0.8408327,0.048229616,0.025959827,-6.326157,0.025959827,composite,2,,43,composite_f2_s43_in22k_v5conf,last
ISIC_0029210,HAM_0004060,HAM_0004060,40-59,ham,0,True,0,0.9280117,0.0015405342,0.0022447424,0.035716794,0.008224767,0.0009230119,0.023338458,0.93777704,8.255288,0.93777704,composite,2,,43,composite_f2_s43_in22k_v5conf,last
ISIC_0029212,HAM_0002955,HAM_0002955,60+,ham,4,True,4,0.010095941,0.0047831866,0.0063330582,0.056848444,0.88272387,0.0031375964,0.03607789,0.897603,8.649582,0.897603,composite,2,,43,composite_f2_s43_in22k_v5conf,last
ISIC_0029221,HAM_0006458,HAM_0006458,60+,ham,5,False,5,0.005362559,0.002894937,0.0045781108,0.047333945,0.016699329,0.89044917,0.03268198,0.024956826,-4.7263165,0.024956826,composite,2,,43,composite_f2_s43_in22k_v5conf,last
ISIC_0029228,HAM_0003492,HAM_0003492,<40,ham,5,False,5,0.0116958385,0.0070060752,0.008458696,0.0691631,0.004770614,0.8556002,0.04330542,0.023472529,-6.854541,0.023472529,composite,2,,43,composite_f2_s43_in22k_v5conf,last
ISIC_0029229,HAM_0006331,HAM_0006331,40-59,ham,5,False,5,0.011134561,0.008095639,0.0073081343,0.07037051,0.004910981,0.85646254,0.041717537,0.024141181,-6.9356604,0.024141181,composite,2,,43,composite_f2_s43_in22k_v5conf,last
ISIC_0029232,HAM_0005632,HAM_0005632,60+,ham,2,False,2,0.006090926,0.0054179835,0.9084806,0.044204883,0.005484006,0.0024445185,0.027877152,0.016992915,-6.9051976,0.016992915,composite,2,,43,composite_f2_s43_in22k_v5conf,last
ISIC_0029234,HAM_0006758,HAM_0006758,<40,ham,5,False,5,0.010872859,0.006468741,0.007997281,0.06764742,0.0042172964,0.8569593,0.04583723,0.021558896,-7.213183,0.021558896,composite,2,,43,composite_f2_s43_in22k_v5conf,last
ISIC_0029235,HAM_0005580,HAM_0005580,60+,ham,2,False,2,0.009353818,0.008977345,0.8764306,0.05946406,0.0040632063,0.0023510493,0.03935996,0.022394368,-7.1099186,0.022394368,composite,2,,43,composite_f2_s43_in22k_v5conf,last
ISIC_0029245,HAM_0004529,HAM_0004529,60+,ham,5,False,5,0.01035638,0.0099634845,0.008976878,0.07050294,0.0066162124,0.85029197,0.04329218,0.026936077,-5.067383,0.026936077,composite,2,,43,composite_f2_s43_in22k_v5conf,last
ISIC_0029270,HAM_0006099,HAM_0006099,40-59,ham,2,False,2,0.006342754,0.00432863,0.8929623,0.05415223,0.0034648099,0.00456446,0.03418484,0.014136193,-8.127382,0.014136193,composite,2,,43,composite_f2_s43_in22k_v5conf,last
ISIC_0029273,HAM_0004538,HAM_0004538,40-59,ham,5,False,5,0.010325084,0.006869329,0.0074215503,0.066290595,0.0063927807,0.86108327,0.041617412,0.023587193,-6.634509,0.023587193,composite,2,,43,composite_f2_s43_in22k_v5conf,last
ISIC_0029280,HAM_0006674,HAM_0006674,40-59,ham,5,False,5,0.010043142,0.0064945864,0.007120602,0.0673579,0.004859491,0.8633523,0.040772032,0.02139722,-6.6664686,0.02139722,composite,2,,43,composite_f2_s43_in22k_v5conf,last
ISIC_0029283,HAM_0001873,HAM_0001873,40-59,ham,5,False,5,0.011205657,0.006281507,0.0070053325,0.06397909,0.005855966,0.8647817,0.040890813,0.023343131,-6.2165604,0.023343131,composite,2,,43,composite_f2_s43_in22k_v5conf,last
ISIC_0029288,HAM_0000959,HAM_0000959,60+,ham,2,False,2,0.003951909,0.0022598803,0.9248656,0.032570858,0.006280359,0.004784078,0.025287157,0.012492148,-6.6504374,0.012492148,composite,2,,43,composite_f2_s43_in22k_v5conf,last
ISIC_0029294,HAM_0003564,HAM_0003564,40-59,ham,5,False,5,0.010585623,0.006980014,0.0058050524,0.06931758,0.0064347927,0.8575246,0.0433524,0.02400043,-6.2838664,0.02400043,composite,2,,43,composite_f2_s43_in22k_v5conf,last
ISIC_0029303,HAM_0001180,HAM_0001180,40-59,ham,5,False,5,0.011370498,0.0065505058,0.008322596,0.06786742,0.00429682,0.858931,0.04266122,0.022217825,-7.2346983,0.022217825,composite,2,,43,composite_f2_s43_in22k_v5conf,last
ISIC_0029308,HAM_0002921,HAM_0002921,60+,ham,2,False,2,0.007152074,0.0042052534,0.9138413,0.04505086,0.002299526,0.0015978849,0.02585317,0.013656854,-7.205368,0.013656854,composite,2,,43,composite_f2_s43_in22k_v5conf,last
ISIC_0029309,HAM_0005579,HAM_0005579,60+,ham,0,True,0,0.9485609,0.0016728059,0.0016715429,0.025243217,0.0044504562,0.0012629572,0.01713811,0.95468414,8.313518,0.95468414,composite,2,,43,composite_f2_s43_in22k_v5conf,last
ISIC_0029322,HAM_0001371,HAM_0001371,40-59,ham,5,False,5,0.010581692,0.0071956594,0.007462847,0.064399995,0.00646082,0.86201954,0.04187951,0.024238171,-5.527809,0.024238171,composite,2,,43,composite_f2_s43_in22k_v5conf,last
ISIC_0029335,HAM_0005119,HAM_0005119,40-59,ham,5,False,5,0.010393907,0.0069427756,0.0060036452,0.066124074,0.0069983923,0.86145806,0.04207917,0.024335075,-5.8033648,0.024335075,composite,2,,43,composite_f2_s43_in22k_v5conf,last
ISIC_0029338,HAM_0002141,HAM_0002141,40-59,ham,5,False,5,0.010342689,0.0066163163,0.005590674,0.06828643,0.0059866114,0.8617478,0.041429456,0.022945616,-6.286219,0.022945616,composite,2,,43,composite_f2_s43_in22k_v5conf,last
ISIC_0029340,HAM_0005157,HAM_0005157,40-59,ham,2,False,2,0.009057995,0.003507776,0.90955937,0.04024937,0.0023228072,0.004325937,0.030976683,0.014888578,-8.025347,0.014888578,composite,2,,43,composite_f2_s43_in22k_v5conf,last
ISIC_0029350,HAM_0000151,HAM_0000151,<40,ham,5,False,5,0.010176746,0.0074791876,0.008114577,0.06719786,0.006099724,0.8584301,0.042501755,0.023755658,-6.154855,0.023755658,composite,2,,43,composite_f2_s43_in22k_v5conf,last
ISIC_0029358,HAM_0004945,HAM_0004945,60+,ham,2,False,4,0.07482234,0.0014655283,0.012087664,0.07388005,0.76917773,0.0017712053,0.066795506,0.8454656,7.540866,0.8454656,composite,2,,43,composite_f2_s43_in22k_v5conf,last
ISIC_0029365,HAM_0001068,HAM_0001068,40-59,ham,5,False,5,0.010014687,0.006409937,0.007264758,0.06552048,0.0054074517,0.86415863,0.041224044,0.021832075,-6.7101936,0.021832075,composite,2,,43,composite_f2_s43_in22k_v5conf,last
ISIC_0029370,HAM_0006433,HAM_0006433,60+,ham,4,True,0,0.7628989,0.008600004,0.023165653,0.09144325,0.06313204,0.010092663,0.04066746,0.83463097,5.0825176,0.83463097,composite,2,,43,composite_f2_s43_in22k_v5conf,last
ISIC_0029380,HAM_0005171,HAM_0005171,40-59,ham,5,False,5,0.009924721,0.006600069,0.00628087,0.06630518,0.004973584,0.8620851,0.043830454,0.021498375,-6.659992,0.021498375,composite,2,,43,composite_f2_s43_in22k_v5conf,last
ISIC_0029389,HAM_0004575,HAM_0004575,40-59,ham,5,False,4,0.00534585,0.0038176985,0.005486011,0.063459374,0.8635499,0.020523893,0.037817374,0.87271345,4.863657,0.87271345,composite,2,,43,composite_f2_s43_in22k_v5conf,last
ISIC_0029395,HAM_0006958,HAM_0006958,60+,ham,5,False,5,0.0117696775,0.00787922,0.0077015525,0.06921927,0.005145804,0.8551484,0.04313614,0.024794701,-6.397929,0.024794701,composite,2,,43,composite_f2_s43_in22k_v5conf,last
ISIC_0029402,HAM_0007579,HAM_0007579,<40,ham,5,False,5,0.009872356,0.007047909,0.007028883,0.06606596,0.009330691,0.857753,0.042901248,0.026250955,-6.6449633,0.026250955,composite,2,,43,composite_f2_s43_in22k_v5conf,last
ISIC_0029405,HAM_0003394,HAM_0003394,<40,ham,5,False,1,0.006286736,0.90103513,0.0060449983,0.041973565,0.0024084668,0.0032158107,0.039035287,0.9097303,6.976939,0.9097303,composite,2,,43,composite_f2_s43_in22k_v5conf,last
ISIC_0029406,HAM_0001608,HAM_0001608,60+,ham,2,False,2,0.0075911907,0.0075553204,0.86253124,0.0773605,0.0043681366,0.001887288,0.03870634,0.019514646,-6.3720546,0.019514646,composite,2,,43,composite_f2_s43_in22k_v5conf,last
ISIC_0029410,HAM_0004286,HAM_0004286,60+,ham,5,False,5,0.010298151,0.006843035,0.0073306514,0.066305436,0.0053853807,0.86328006,0.04055718,0.022526566,-6.811063,0.022526566,composite,2,,43,composite_f2_s43_in22k_v5conf,last
ISIC_0029417,HAM_0002644,HAM_0002644,60+,ham,0,True,0,0.9389019,0.008289341,0.004581794,0.02468103,0.0025775186,0.00064268237,0.020325739,0.9497688,7.4957266,0.9497688,composite,2,,43,composite_f2_s43_in22k_v5conf,last
ISIC_0029419,HAM_0002469,HAM_0002469,40-59,ham,5,False,5,0.010381627,0.009079509,0.0064865216,0.06770762,0.007858095,0.8567384,0.041748278,0.02731923,-5.1083517,0.02731923,composite,2,,43,composite_f2_s43_in22k_v5conf,last
ISIC_0029424,HAM_0000297,HAM_0000297,<40,ham,5,False,5,0.010885107,0.0071128104,0.006368198,0.06513304,0.007586907,0.85947275,0.043441232,0.025584824,-5.4419007,0.025584824,composite,2,,43,composite_f2_s43_in22k_v5conf,last
ISIC_0029461,HAM_0007344,HAM_0007344,40-59,ham,5,False,5,0.009762291,0.006988068,0.0060431054,0.06602083,0.0060585705,0.8631491,0.04197798,0.022808928,-6.2275143,0.022808928,composite,2,,43,composite_f2_s43_in22k_v5conf,last
ISIC_0029464,HAM_0003789,HAM_0003789,40-59,ham,2,False,4,0.00088762044,0.0026087833,0.016397586,0.04015401,0.91218805,0.013759193,0.01400472,0.91568446,3.141852,0.91568446,composite,2,,43,composite_f2_s43_in22k_v5conf,last
ISIC_0029484,HAM_0005296,HAM_0005296,40-59,ham,5,False,5,0.01098124,0.006258235,0.0070792004,0.066088885,0.005132572,0.8636949,0.040764976,0.022372048,-7.1824694,0.022372048,composite,2,,43,composite_f2_s43_in22k_v5conf,last
ISIC_0029488,HAM_0001623,HAM_0001623,60+,ham,5,False,5,0.009761016,0.006352326,0.008107368,0.06419234,0.010415653,0.855482,0.045689415,0.026528994,-6.552936,0.026528994,composite,2,,43,composite_f2_s43_in22k_v5conf,last
ISIC_0029493,HAM_0005761,HAM_0005761,<40,ham,5,False,5,0.011580925,0.0068530096,0.0063196276,0.06013604,0.0051892456,0.869375,0.040546183,0.023623182,-7.2984867,0.023623182,composite,2,,43,composite_f2_s43_in22k_v5conf,last
ISIC_0029495,HAM_0002817,HAM_0002817,60+,ham,4,True,5,0.010583027,0.0019091988,0.0050833593,0.053664442,0.004154214,0.8832501,0.041355766,0.016646441,-7.3375163,0.016646441,composite,2,,43,composite_f2_s43_in22k_v5conf,last
ISIC_0029505,HAM_0003789,HAM_0003789,40-59,ham,2,False,2,0.0056853974,0.0035000506,0.889829,0.054173097,0.004935914,0.007116448,0.034760244,0.014121363,-8.1330385,0.014121363,composite,2,,43,composite_f2_s43_in22k_v5conf,last
ISIC_0029507,HAM_0002783,HAM_0002783,40-59,ham,5,False,5,0.010699323,0.007304952,0.006321173,0.07146364,0.0068479576,0.8539222,0.043440748,0.024852233,-6.028697,0.024852233,composite,2,,43,composite_f2_s43_in22k_v5conf,last
ISIC_0029521,HAM_0001663,HAM_0001663,40-59,ham,5,False,5,0.01081312,0.007273577,0.0072822846,0.068012215,0.0053846166,0.85803217,0.043202005,0.023471314,-6.465423,0.023471314,composite,2,,43,composite_f2_s43_in22k_v5conf,last
ISIC_0029523,HAM_0005134,HAM_0005134,40-59,ham,5,False,5,0.00997697,0.006335684,0.006243392,0.0666921,0.0055781943,0.8637815,0.041392133,0.021890849,-6.597434,0.021890849,composite,2,,43,composite_f2_s43_in22k_v5conf,last
ISIC_0029532,HAM_0006314,HAM_0006314,60+,ham,5,False,5,0.0102650365,0.006594942,0.0052308408,0.06862348,0.010263274,0.85562366,0.0433987,0.027123254,-4.8973875,0.027123254,composite,2,,43,composite_f2_s43_in22k_v5conf,last
ISIC_0029534,HAM_0000854,HAM_0000854,60+,ham,5,False,5,0.023317015,0.021512099,0.0013176532,0.07953153,0.020736739,0.78405064,0.06953435,0.065565854,-3.8348677,0.065565854,composite,2,,43,composite_f2_s43_in22k_v5conf,last
ISIC_0029535,HAM_0000664,HAM_0000664,60+,ham,5,False,5,0.01130671,0.007819629,0.007472138,0.06675281,0.006095113,0.858192,0.042361543,0.025221452,-5.9920077,0.025221452,composite,2,,43,composite_f2_s43_in22k_v5conf,last
ISIC_0029554,HAM_0003958,HAM_0003958,40-59,ham,5,False,5,0.008431183,0.0073571824,0.00977817,0.0736478,0.004224407,0.84342474,0.053136446,0.020012772,-8.599452,0.020012772,composite,2,,43,composite_f2_s43_in22k_v5conf,last
ISIC_0029566,HAM_0004787,HAM_0004787,40-59,ham,5,False,5,0.0110945515,0.008452787,0.009584019,0.07376276,0.0074297288,0.84782106,0.04185503,0.026977068,-6.073019,0.026977068,composite,2,,43,composite_f2_s43_in22k_v5conf,last
ISIC_0029567,HAM_0000954,HAM_0000954,60+,ham,0,True,0,0.7332446,0.14249031,0.024271162,0.06011156,0.0040103723,0.0024759385,0.03339609,0.8797453,7.4062467,0.8797453,composite,2,,43,composite_f2_s43_in22k_v5conf,last
ISIC_0029585,HAM_0006327,HAM_0006327,60+,ham,2,False,2,0.0068396633,0.007201593,0.8850047,0.05665899,0.003495109,0.0050916355,0.03570831,0.017536364,-7.5298395,0.017536364,composite,2,,43,composite_f2_s43_in22k_v5conf,last
ISIC_0029588,HAM_0001721,HAM_0001721,40-59,ham,2,False,5,0.0067854,0.0070712776,0.007775969,0.04599143,0.0140753575,0.87056667,0.047733966,0.027932035,-4.907984,0.027932035,composite,2,,43,composite_f2_s43_in22k_v5conf,last
ISIC_0029590,HAM_0002679,HAM_0002679,40-59,ham,5,False,5,0.009660804,0.00674272,0.006370657,0.06486939,0.0064341263,0.8640997,0.041822523,0.02283765,-6.346151,0.02283765,composite,2,,43,composite_f2_s43_in22k_v5conf,last
ISIC_0029593,HAM_0004229,HAM_0004229,40-59,ham,5,False,5,0.013480183,0.006479287,0.009572903,0.07029303,0.0050453474,0.8486863,0.046442974,0.025004817,-6.486225,0.025004817,composite,2,,43,composite_f2_s43_in22k_v5conf,last
ISIC_0029596,HAM_0007018,HAM_0007018,60+,ham,2,False,2,0.0073263985,0.0040736366,0.914977,0.041318394,0.0030560095,0.0029327816,0.026315738,0.014456044,-7.7149696,0.014456044,composite,2,,43,composite_f2_s43_in22k_v5conf,last
ISIC_0029604,HAM_0001804,HAM_0001804,40-59,ham,5,False,5,0.011854007,0.006976823,0.008169484,0.06265496,0.0062866574,0.86266226,0.041395802,0.025117487,-6.595789,0.025117487,composite,2,,43,composite_f2_s43_in22k_v5conf,last
ISIC_0029613,HAM_0003458,HAM_0003458,60+,ham,2,False,2,0.0041492777,0.0041363956,0.90019006,0.051744577,0.0035834364,0.004282883,0.031913478,0.01186911,-8.701011,0.01186911,composite,2,,43,composite_f2_s43_in22k_v5conf,last
ISIC_0029621,HAM_0007132,HAM_0007132,40-59,ham,5,False,5,0.010984067,0.007826998,0.007839679,0.069964014,0.0061213244,0.85306275,0.044201206,0.02493239,-6.2909875,0.02493239,composite,2,,43,composite_f2_s43_in22k_v5conf,last
ISIC_0029626,HAM_0002564,HAM_0002564,40-59,ham,5,False,5,0.009450484,0.006519671,0.0067123403,0.06701413,0.0045205145,0.8627151,0.043067697,0.02049067,-6.838479,0.02049067,composite,2,,43,composite_f2_s43_in22k_v5conf,last
ISIC_0029638,HAM_0000005,HAM_0000005,60+,ham,0,True,0,0.9190572,0.0022080648,0.015696118,0.026745463,0.00045426475,0.0051794676,0.030659392,0.9217195,2.4035997,0.9217195,composite,2,,43,composite_f2_s43_in22k_v5conf,last
ISIC_0029639,HAM_0001543,HAM_0001543,60+,ham,5,False,5,0.009922531,0.007306277,0.005380587,0.06283233,0.007960418,0.8678613,0.03873661,0.025189226,-4.8207054,0.025189226,composite,2,,43,composite_f2_s43_in22k_v5conf,last
ISIC_0029641,HAM_0002675,HAM_0002675,<40,ham,5,False,5,0.014763623,0.004967348,0.0122796465,0.0483194,0.0032912828,0.8890025,0.027376126,0.023022253,-7.4168854,0.023022253,composite,2,,43,composite_f2_s43_in22k_v5conf,last
ISIC_0029643,HAM_0005451,HAM_0005451,<40,ham,5,False,5,0.0101783415,0.0076327035,0.007213544,0.0672926,0.006542372,0.85972935,0.04141112,0.024353417,-6.3106985,0.024353417,composite,2,,43,composite_f2_s43_in22k_v5conf,last
ISIC_0029644,HAM_0005184,HAM_0005184,40-59,ham,1,True,1,0.0065135383,0.9112741,0.004386884,0.042500086,0.0036175956,0.003377544,0.028330175,0.9214052,7.922141,0.9214052,composite,2,,43,composite_f2_s43_in22k_v5conf,last
ISIC_0029645,HAM_0000225,HAM_0000225,40-59,ham,5,False,5,0.009484696,0.0061836927,0.005560565,0.06629713,0.006215098,0.8634457,0.04281318,0.021883486,-7.5270233,0.021883486,composite,2,,43,composite_f2_s43_in22k_v5conf,last
ISIC_0029650,HAM_0001329,HAM_0001329,40-59,ham,5,False,5,0.009324198,0.0073102023,0.0060317945,0.06808918,0.0061636143,0.8585558,0.044525232,0.022798015,-7.204303,0.022798015,composite,2,,43,composite_f2_s43_in22k_v5conf,last
ISIC_0029657,HAM_0006694,HAM_0006694,40-59,ham,5,False,5,0.0103337765,0.0067376425,0.0071365433,0.063673325,0.0049618282,0.8652097,0.041947175,0.022033246,-6.942457,0.022033246,composite,2,,43,composite_f2_s43_in22k_v5conf,last
ISIC_0029669,HAM_0001616,HAM_0001616,60+,ham,1,True,1,0.009303405,0.8948764,0.0052166968,0.05350565,0.0038300296,0.0030459936,0.030221865,0.9080098,8.087295,0.9080098,composite,2,,43,composite_f2_s43_in22k_v5conf,last
ISIC_0029670,HAM_0006016,HAM_0006016,40-59,ham,5,False,5,0.010909888,0.0065474277,0.0075467736,0.07021761,0.005638191,0.8546243,0.044515766,0.023095507,-6.7947598,0.023095507,composite,2,,43,composite_f2_s43_in22k_v5conf,last
ISIC_0029673,HAM_0001825,HAM_0001825,40-59,ham,5,False,5,0.010457771,0.0065689133,0.0063355467,0.06446328,0.0061992276,0.8643874,0.041587856,0.023225913,-6.765012,0.023225913,composite,2,,43,composite_f2_s43_in22k_v5conf,last
ISIC_0029674,HAM_0000114,HAM_0000114,60+,ham,2,False,2,0.0053019505,0.0055487924,0.888745,0.057167023,0.003503797,0.005299488,0.034433924,0.01435454,-7.810483,0.01435454,composite,2,,43,composite_f2_s43_in22k_v5conf,last
ISIC_0029695,HAM_0007377,HAM_0007377,40-59,ham,5,False,5,0.012646494,0.007835287,0.0067089037,0.067379266,0.007719607,0.8556622,0.0420483,0.028201386,-5.857567,0.028201386,composite,2,,43,composite_f2_s43_in22k_v5conf,last
ISIC_0029702,HAM_0000824,HAM_0000824,40-59,ham,5,False,5,0.011802403,0.0079342695,0.007713478,0.068797,0.0054736487,0.8537818,0.044497363,0.025210323,-7.02444,0.025210323,composite,2,,43,composite_f2_s43_in22k_v5conf,last
ISIC_0029703,HAM_0000617,HAM_0000617,60+,ham,5,False,5,0.009871966,0.006175553,0.0072872886,0.0634809,0.0045125824,0.867401,0.041270677,0.0205601,-7.1856165,0.0205601,composite,2,,43,composite_f2_s43_in22k_v5conf,last
ISIC_0029713,HAM_0006036,HAM_0006036,60+,ham,0,True,1,0.036440484,0.8615916,0.008318282,0.048808273,0.0017904826,0.003162025,0.039888907,0.89982253,7.42736,0.89982253,composite,2,,43,composite_f2_s43_in22k_v5conf,last
ISIC_0029721,HAM_0006212,HAM_0006212,60+,ham,5,False,5,0.010695494,0.007838168,0.0065216087,0.06851915,0.00953083,0.8529688,0.04392592,0.028064493,-4.914237,0.028064493,composite,2,,43,composite_f2_s43_in22k_v5conf,last
ISIC_0029722,HAM_0003338,HAM_0003338,<40,ham,5,False,5,0.010277902,0.007603048,0.006526748,0.06571724,0.0065244893,0.86175275,0.041597784,0.024405438,-6.2484713,0.024405438,composite,2,,43,composite_f2_s43_in22k_v5conf,last
ISIC_0029730,HAM_0002907,HAM_0002907,<40,ham,5,False,5,0.012005835,0.007347942,0.007530103,0.07005117,0.0046699787,0.8518492,0.046545796,0.024023756,-7.5713606,0.024023756,composite,2,,43,composite_f2_s43_in22k_v5conf,last
ISIC_0029743,HAM_0005367,HAM_0005367,40-59,ham,5,False,5,0.010495288,0.007474808,0.0074957064,0.06887749,0.005783545,0.8563718,0.043501277,0.023753641,-6.403327,0.023753641,composite,2,,43,composite_f2_s43_in22k_v5conf,last
ISIC_0029745,HAM_0003941,HAM_0003941,<40,ham,1,True,1,0.0049053864,0.8671331,0.005235986,0.06485209,0.012522527,0.0036317573,0.04171931,0.884561,8.496987,0.884561,composite,2,,43,composite_f2_s43_in22k_v5conf,last
ISIC_0029750,HAM_0002395,HAM_0002395,40-59,ham,5,False,5,0.011592498,0.007789978,0.008243738,0.067571335,0.007031215,0.85539454,0.04237663,0.026413692,-5.812901,0.026413692,composite,2,,43,composite_f2_s43_in22k_v5conf,last
ISIC_0029757,HAM_0001288,HAM_0001288,60+,ham,5,False,5,0.01076147,0.006800572,0.0076121152,0.06807885,0.004971532,0.85714823,0.044627134,0.022533573,-7.036846,0.022533573,composite,2,,43,composite_f2_s43_in22k_v5conf,last
ISIC_0029761,HAM_0005948,HAM_0005948,<40,ham,5,False,5,0.012078918,0.0075506195,0.008127352,0.0692647,0.006482941,0.85486823,0.04162729,0.026112478,-5.770264,0.026112478,composite,2,,43,composite_f2_s43_in22k_v5conf,last
ISIC_0029765,HAM_0005348,HAM_0005348,60+,ham,5,False,5,0.0105848415,0.006473609,0.006213704,0.06534341,0.004868632,0.86498755,0.041528273,0.021927083,-6.4972973,0.021927083,composite,2,,43,composite_f2_s43_in22k_v5conf,last
ISIC_0029778,HAM_0007381,HAM_0007381,60+,ham,2,False,2,0.022528177,0.0010969202,0.9040837,0.038097467,0.007651624,0.00096475787,0.02557717,0.03127672,-5.343428,0.03127672,composite,2,,43,composite_f2_s43_in22k_v5conf,last
ISIC_0029780,HAM_0001596,HAM_0001596,40-59,ham,4,True,4,0.08882871,0.0016318596,0.0065910015,0.085705325,0.75860345,0.0021644044,0.056475352,0.849064,8.801241,0.849064,composite,2,,43,composite_f2_s43_in22k_v5conf,last
ISIC_0029790,HAM_0001684,HAM_0001684,<40,ham,5,False,5,0.009202919,0.006167865,0.0050698644,0.06772899,0.0074289683,0.8617611,0.042640254,0.022799753,-7.2478113,0.022799753,composite,2,,43,composite_f2_s43_in22k_v5conf,last
ISIC_0029792,HAM_0005250,HAM_0005250,40-59,ham,5,False,5,0.011631514,0.00594287,0.006511876,0.07295378,0.007936082,0.8523378,0.042686038,0.025510468,-6.8070326,0.025510468,composite,2,,43,composite_f2_s43_in22k_v5conf,last
ISIC_0029812,HAM_0005318,HAM_0005318,60+,ham,5,False,4,0.007646337,0.002925855,0.007708076,0.061518118,0.839999,0.038979553,0.041223004,0.8505712,2.94763,0.8505712,composite,2,,43,composite_f2_s43_in22k_v5conf,last
ISIC_0029825,HAM_0003475,HAM_0003475,60+,ham,5,False,5,0.011075987,0.008381889,0.007937578,0.06865936,0.008003045,0.8517556,0.04418658,0.027460922,-7.0923014,0.027460922,composite,2,,43,composite_f2_s43_in22k_v5conf,last
ISIC_0029828,HAM_0006510,HAM_0006510,40-59,ham,5,False,5,0.011297014,0.007177409,0.007239158,0.067017674,0.0068673166,0.8555708,0.044830646,0.025341738,-6.6209974,0.025341738,composite,2,,43,composite_f2_s43_in22k_v5conf,last
ISIC_0029835,HAM_0001512,HAM_0001512,<40,ham,5,False,5,0.009370998,0.0065270667,0.0061736708,0.067670986,0.005513668,0.8653955,0.039348114,0.021411732,-7.014991,0.021411732,composite,2,,43,composite_f2_s43_in22k_v5conf,last
ISIC_0029838,HAM_0002364,HAM_0002364,<40,ham,5,False,2,0.023195341,0.019405097,0.4696535,0.13549918,0.0062818956,0.25125864,0.09470632,0.048882335,-9.01451,0.048882335,composite,2,,43,composite_f2_s43_in22k_v5conf,last
ISIC_0029846,HAM_0002484,HAM_0002484,<40,ham,5,False,5,0.010525843,0.008166783,0.0072617647,0.0647268,0.005824057,0.8620587,0.041436058,0.024516683,-7.2768755,0.024516683,composite,2,,43,composite_f2_s43_in22k_v5conf,last
ISIC_0029850,HAM_0006714,HAM_0006714,60+,ham,5,False,5,0.010980002,0.0074897464,0.006124325,0.067915685,0.0071238,0.857913,0.04245349,0.025593547,-5.7129006,0.025593547,composite,2,,43,composite_f2_s43_in22k_v5conf,last
ISIC_0029853,HAM_0001485,HAM_0001485,40-59,ham,5,False,5,0.011380146,0.008019484,0.008631242,0.06862858,0.0059703146,0.851636,0.045734182,0.025369944,-6.548024,0.025369944,composite,2,,43,composite_f2_s43_in22k_v5conf,last
ISIC_0029855,HAM_0003958,HAM_0003958,40-59,ham,5,False,5,0.0076094535,0.00914276,0.009406648,0.082206935,0.0066311904,0.8293274,0.055675555,0.023383403,-7.743123,0.023383403,composite,2,,43,composite_f2_s43_in22k_v5conf,last
ISIC_0029879,HAM_0001329,HAM_0001329,40-59,ham,5,False,5,0.009023932,0.0073973266,0.006485144,0.06556163,0.0062447754,0.8626762,0.04261105,0.022666033,-7.1856966,0.022666033,composite,2,,43,composite_f2_s43_in22k_v5conf,last
ISIC_0029881,HAM_0000217,HAM_0000217,40-59,ham,5,False,4,0.007833304,0.0042648274,0.0034389377,0.058912273,0.87039655,0.009224871,0.04592929,0.8824947,6.5341506,0.8824947,composite,2,,43,composite_f2_s43_in22k_v5conf,last
ISIC_0029922,HAM_0007121,HAM_0007121,<40,ham,5,False,5,0.011393354,0.007083573,0.0076094135,0.066461,0.005467842,0.8584393,0.04354554,0.023944769,-7.048196,0.023944769,composite,2,,43,composite_f2_s43_in22k_v5conf,last
ISIC_0029928,HAM_0001179,HAM_0001179,40-59,ham,5,False,5,0.010517024,0.006419584,0.007134569,0.064986214,0.004960226,0.86439264,0.041589737,0.021896834,-6.9934893,0.021896834,composite,2,,43,composite_f2_s43_in22k_v5conf,last
ISIC_0029934,HAM_0006317,HAM_0006317,40-59,ham,5,False,5,0.011077984,0.006437426,0.0061363727,0.07029035,0.0059772898,0.85585624,0.04422436,0.0234927,-6.4141383,0.0234927,composite,2,,43,composite_f2_s43_in22k_v5conf,last
ISIC_0029946,HAM_0001374,HAM_0001374,40-59,ham,5,False,5,0.012169263,0.0070878547,0.00781874,0.06774181,0.005197126,0.85672146,0.043263733,0.024454243,-6.485913,0.024454243,composite,2,,43,composite_f2_s43_in22k_v5conf,last
ISIC_0029963,HAM_0007025,HAM_0007025,<40,ham,5,False,5,0.010854623,0.0077007334,0.007641949,0.06747187,0.0047595017,0.85649955,0.04507182,0.023314858,-7.9609637,0.023314858,composite,2,,43,composite_f2_s43_in22k_v5conf,last
ISIC_0029964,HAM_0006165,HAM_0006165,40-59,ham,5,False,5,0.009248772,0.006550754,0.0073912246,0.06283772,0.0049734022,0.8711309,0.037867203,0.020772928,-6.2746954,0.020772928,composite,2,,43,composite_f2_s43_in22k_v5conf,last
ISIC_0029965,HAM_0001360,HAM_0001360,40-59,ham,5,False,5,0.011082346,0.0068453494,0.006093416,0.06642881,0.0060200254,0.8614157,0.04211436,0.02394772,-6.1586847,0.02394772,composite,2,,43,composite_f2_s43_in22k_v5conf,last
ISIC_0029968,HAM_0001559,HAM_0001559,40-59,ham,5,False,5,0.010133143,0.0072810818,0.006411105,0.06517302,0.0065698344,0.8623096,0.04212218,0.023984058,-6.554922,0.023984058,composite,2,,43,composite_f2_s43_in22k_v5conf,last
ISIC_0029998,HAM_0005401,HAM_0005401,60+,ham,5,False,5,0.011239802,0.0075863632,0.0077426895,0.06735399,0.006083322,0.85646325,0.043530602,0.024909489,-6.94225,0.024909489,composite,2,,43,composite_f2_s43_in22k_v5conf,last
ISIC_0030005,HAM_0003021,HAM_0003021,60+,ham,2,False,0,0.94594735,0.0012218088,0.006136868,0.027182674,0.0018463971,0.00050788245,0.017156981,0.94901556,6.3083467,0.94901556,composite,2,,43,composite_f2_s43_in22k_v5conf,last
ISIC_0030020,HAM_0003986,HAM_0003986,<40,ham,5,False,5,0.011696698,0.0066765817,0.007368686,0.06944044,0.0061284527,0.85677195,0.041917175,0.024501733,-5.983343,0.024501733,composite,2,,43,composite_f2_s43_in22k_v5conf,last
ISIC_0030030,HAM_0007382,HAM_0007382,40-59,ham,5,False,5,0.010723109,0.006707196,0.006501293,0.06905026,0.0056014536,0.8588614,0.04255533,0.02303176,-6.6705313,0.02303176,composite,2,,43,composite_f2_s43_in22k_v5conf,last
ISIC_0030040,HAM_0003543,HAM_0003543,40-59,ham,5,False,5,0.011451501,0.0072066016,0.006631119,0.0692235,0.0057268236,0.8560941,0.043666314,0.024384927,-6.0967636,0.024384927,composite,2,,43,composite_f2_s43_in22k_v5conf,last
ISIC_0030069,HAM_0004833,HAM_0004833,60+,ham,5,False,5,0.012997214,0.008804475,0.0071760765,0.066997044,0.009122813,0.84992874,0.04497367,0.0309245,-6.419815,0.0309245,composite,2,,43,composite_f2_s43_in22k_v5conf,last
ISIC_0030075,HAM_0003563,HAM_0003563,40-59,ham,5,False,5,0.010045802,0.006324474,0.006233293,0.06584616,0.0052216384,0.864771,0.041557577,0.021591915,-6.753219,0.021591915,composite,2,,43,composite_f2_s43_in22k_v5conf,last
ISIC_0030084,HAM_0004616,HAM_0004616,40-59,ham,5,False,5,0.010754672,0.0068934252,0.006683876,0.06653486,0.005100984,0.86152244,0.042509772,0.022749081,-6.8835964,0.022749081,composite,2,,43,composite_f2_s43_in22k_v5conf,last
ISIC_0030098,HAM_0003975,HAM_0003975,40-59,ham,5,False,5,0.009305982,0.006177361,0.00598104,0.06900705,0.007787223,0.86180675,0.039934594,0.023270566,-5.746203,0.023270566,composite,2,,43,composite_f2_s43_in22k_v5conf,last
ISIC_0030101,HAM_0004712,HAM_0004712,40-59,ham,5,False,5,0.010441291,0.008450818,0.0060348953,0.06393631,0.011959223,0.85811293,0.041064605,0.030851332,-4.3253746,0.030851332,composite,2,,43,composite_f2_s43_in22k_v5conf,last
ISIC_0030115,HAM_0003822,HAM_0003822,60+,ham,5,False,4,0.04051904,0.009969712,0.0070091146,0.059701808,0.8461322,0.0039331447,0.03273504,0.896621,7.3962135,0.896621,composite,2,,43,composite_f2_s43_in22k_v5conf,last
ISIC_0030122,HAM_0003171,HAM_0003171,40-59,ham,4,True,4,0.20015672,0.0045898557,0.012701856,0.111746535,0.5989441,0.008690045,0.06317084,0.8036907,6.3221407,0.8036907,composite,2,,43,composite_f2_s43_in22k_v5conf,last
ISIC_0030124,HAM_0004807,HAM_0004807,60+,ham,2,False,4,0.05667518,0.007219038,0.25567016,0.09508652,0.5173122,0.0030364918,0.065000355,0.58120644,3.652983,0.58120644,composite,2,,43,composite_f2_s43_in22k_v5conf,last
ISIC_0030126,HAM_0005651,HAM_0005651,40-59,ham,5,False,5,0.016933402,0.0043006954,0.010329725,0.07370243,0.006723168,0.8374482,0.050562296,0.027957264,-6.4732127,0.027957264,composite,2,,43,composite_f2_s43_in22k_v5conf,last
ISIC_0030128,HAM_0002466,HAM_0002466,<40,ham,5,False,5,0.012651446,0.0074940394,0.007431949,0.069645844,0.006301004,0.8516507,0.044825036,0.02644649,-5.938885,0.02644649,composite,2,,43,composite_f2_s43_in22k_v5conf,last
ISIC_0030134,HAM_0001203,HAM_0001203,<40,ham,4,True,5,0.012994137,0.015171005,0.00880286,0.08701839,0.081410825,0.7436334,0.050969303,0.10957597,-2.9647706,0.10957597,composite,2,,43,composite_f2_s43_in22k_v5conf,last
ISIC_0030158,HAM_0005255,HAM_0005255,40-59,ham,0,True,0,0.89236844,0.002064602,0.017169433,0.043616377,0.007503081,0.002233384,0.03504454,0.9019361,5.315405,0.9019361,composite,2,,43,composite_f2_s43_in22k_v5conf,last
ISIC_0030161,HAM_0000622,HAM_0000622,<40,ham,5,False,5,0.011697736,0.007135287,0.0066989874,0.066619545,0.0061735096,0.8592463,0.04242864,0.025006533,-6.77676,0.025006533,composite,2,,43,composite_f2_s43_in22k_v5conf,last
ISIC_0030173,HAM_0001982,HAM_0001982,40-59,ham,2,False,2,0.005359925,0.002935592,0.888096,0.056606747,0.0033257622,0.0058929073,0.037783094,0.01162128,-8.876639,0.01162128,composite,2,,43,composite_f2_s43_in22k_v5conf,last
ISIC_0030183,HAM_0005532,HAM_0005532,60+,ham,4,True,5,0.009112265,0.0043490953,0.009377043,0.06626401,0.0042163935,0.8587148,0.047966458,0.017677754,-7.7143555,0.017677754,composite,2,,43,composite_f2_s43_in22k_v5conf,last
ISIC_0030187,HAM_0002622,HAM_0002622,<40,ham,4,True,4,0.00725346,0.0053831423,0.01370677,0.054536674,0.872602,0.0033124606,0.043205433,0.8852386,7.214779,0.8852386,composite,2,,43,composite_f2_s43_in22k_v5conf,last
ISIC_0030189,HAM_0000959,HAM_0000959,60+,ham,2,False,2,0.0051535666,0.002686148,0.8900125,0.039853055,0.015134042,0.006648299,0.040512502,0.022973757,-5.095788,0.022973757,composite,2,,43,composite_f2_s43_in22k_v5conf,last
ISIC_0030208,HAM_0003152,HAM_0003152,40-59,ham,2,False,2,0.009393184,0.005710358,0.89564085,0.049894974,0.00489129,0.0032582516,0.03121101,0.019994833,-6.898082,0.019994833,composite,2,,43,composite_f2_s43_in22k_v5conf,last
ISIC_0030214,HAM_0006216,HAM_0006216,40-59,ham,5,False,5,0.011058755,0.0071220505,0.006877741,0.065787956,0.005776291,0.8607797,0.042597536,0.023957096,-6.5859146,0.023957096,composite,2,,43,composite_f2_s43_in22k_v5conf,last
ISIC_0030217,HAM_0002137,HAM_0002137,40-59,ham,5,False,5,0.009587666,0.0062963376,0.0058540776,0.06303406,0.005318545,0.86979127,0.04011813,0.02120255,-6.588744,0.02120255,composite,2,,43,composite_f2_s43_in22k_v5conf,last
ISIC_0030231,HAM_0003938,HAM_0003938,40-59,ham,2,False,0,0.7894783,0.003906496,0.106973924,0.048850838,0.0014411325,0.005659785,0.043689474,0.7948259,0.9450018,0.7948259,composite,2,,43,composite_f2_s43_in22k_v5conf,last
ISIC_0030250,HAM_0002163,HAM_0002163,40-59,ham,5,False,5,0.011488843,0.007714024,0.0098374905,0.06954772,0.00454049,0.85326874,0.04360256,0.023743356,-7.284603,0.023743356,composite,2,,43,composite_f2_s43_in22k_v5conf,last
ISIC_0030254,HAM_0006759,HAM_0006759,40-59,ham,5,False,5,0.010982309,0.007296178,0.0061582495,0.067296185,0.0069785877,0.8599615,0.041326847,0.025257075,-5.2346983,0.025257075,composite,2,,43,composite_f2_s43_in22k_v5conf,last
ISIC_0030255,HAM_0002817,HAM_0002817,60+,ham,4,True,5,0.010172814,0.0056476514,0.00564099,0.06672363,0.0046258057,0.86759716,0.03959196,0.02044627,-6.954482,0.02044627,composite,2,,43,composite_f2_s43_in22k_v5conf,last
ISIC_0030258,HAM_0004945,HAM_0004945,60+,ham,2,False,2,0.0104062,0.0019812621,0.91192496,0.041721754,0.006211811,0.0018256796,0.02592829,0.018599274,-5.783208,0.018599274,composite,2,,43,composite_f2_s43_in22k_v5conf,last
ISIC_0030260,HAM_0006821,HAM_0006821,60+,ham,5,False,2,0.0071973484,0.008361349,0.8381668,0.05552803,0.029391635,0.035904966,0.02544986,0.044950332,-4.5533566,0.044950332,composite,2,,43,composite_f2_s43_in22k_v5conf,last
ISIC_0030265,HAM_0003374,HAM_0003374,40-59,ham,5,False,5,0.011020505,0.00733194,0.0072276983,0.06645559,0.0056266296,0.8607738,0.041563828,0.023979075,-6.74321,0.023979075,composite,2,,43,composite_f2_s43_in22k_v5conf,last
ISIC_0030269,HAM_0006817,HAM_0006817,60+,ham,5,False,5,0.0106620975,0.0062678275,0.006839551,0.066518426,0.00466763,0.8618589,0.04318559,0.021597555,-7.1036134,0.021597555,composite,2,,43,composite_f2_s43_in22k_v5conf,last
ISIC_0030273,HAM_0004524,HAM_0004524,60+,ham,5,False,4,0.0115319025,0.004109929,0.0068061175,0.07928694,0.83465284,0.016509643,0.04710269,0.85029465,5.8005357,0.85029465,composite,2,,43,composite_f2_s43_in22k_v5conf,last
ISIC_0030277,HAM_0004047,HAM_0004047,40-59,ham,4,True,5,0.014548912,0.0028789765,0.12155501,0.07023008,0.03146511,0.71458834,0.04473353,0.048892997,-5.64215,0.048892997,composite,2,,43,composite_f2_s43_in22k_v5conf,last
ISIC_0030279,HAM_0002936,HAM_0002936,60+,ham,5,False,5,0.00974783,0.005677108,0.007000158,0.065544054,0.0038208596,0.86495674,0.04325332,0.019245798,-8.11707,0.019245798,composite,2,,43,composite_f2_s43_in22k_v5conf,last
ISIC_0030290,HAM_0004391,HAM_0004391,60+,ham,5,False,5,0.01002613,0.0065931384,0.0063039367,0.065733634,0.0064858445,0.86332774,0.04152953,0.023105113,-5.9713674,0.023105113,composite,2,,43,composite_f2_s43_in22k_v5conf,last
ISIC_0030292,HAM_0002387,HAM_0002387,40-59,ham,5,False,5,0.010001201,0.006672934,0.0061678016,0.06356435,0.0060878024,0.8658749,0.041631076,0.022761937,-6.4498672,0.022761937,composite,2,,43,composite_f2_s43_in22k_v5conf,last
ISIC_0030308,HAM_0006250,HAM_0006250,40-59,ham,5,False,5,0.010910845,0.008537298,0.006725965,0.08187337,0.13042115,0.7199603,0.041571047,0.1498693,0.091723,0.1498693,composite,2,,43,composite_f2_s43_in22k_v5conf,last
ISIC_0030316,HAM_0000441,HAM_0000441,60+,ham,2,False,2,0.008661749,0.0050373934,0.8998119,0.050395302,0.003169264,0.006428626,0.026495809,0.016868407,-7.4193854,0.016868407,composite,2,,43,composite_f2_s43_in22k_v5conf,last
ISIC_0030323,HAM_0004232,HAM_0004232,40-59,ham,2,False,2,0.0074141556,0.0027923922,0.89630395,0.058496848,0.0034084287,0.0028634125,0.028720811,0.013614977,-7.464426,0.013614977,composite,2,,43,composite_f2_s43_in22k_v5conf,last
ISIC_0030326,HAM_0000262,HAM_0000262,60+,ham,5,False,5,0.009770916,0.0052760323,0.020543309,0.074602135,0.0058146776,0.83932585,0.04466708,0.020861626,-7.6431932,0.020861626,composite,2,,43,composite_f2_s43_in22k_v5conf,last
ISIC_0030338,HAM_0001775,HAM_0001775,40-59,ham,5,False,5,0.010013926,0.006767033,0.0061018467,0.06776458,0.0057513164,0.8629128,0.040688485,0.022532277,-6.5574865,0.022532277,composite,2,,43,composite_f2_s43_in22k_v5conf,last
ISIC_0030348,HAM_0002364,HAM_0002364,<40,ham,5,False,5,0.008221749,0.0057433737,0.010250962,0.06868999,0.004386273,0.85822237,0.044485327,0.018351395,-8.178948,0.018351395,composite,2,,43,composite_f2_s43_in22k_v5conf,last
ISIC_0030355,HAM_0002159,HAM_0002159,<40,ham,5,False,5,0.010062817,0.0065653357,0.008117385,0.0646712,0.0057948222,0.86473423,0.040054202,0.022422973,-7.4889927,0.022422973,composite,2,,43,composite_f2_s43_in22k_v5conf,last
ISIC_0030368,HAM_0006422,HAM_0006422,40-59,ham,5,False,5,0.009242412,0.006090738,0.007428165,0.06376053,0.0043138056,0.8603808,0.04878356,0.019646956,-6.722066,0.019646956,composite,2,,43,composite_f2_s43_in22k_v5conf,last
ISIC_0030387,HAM_0005650,HAM_0005650,60+,ham,0,True,5,0.062746376,0.0147229135,0.1881806,0.09787545,0.0019689668,0.5771886,0.057317145,0.079438254,-7.527836,0.079438254,composite,2,,43,composite_f2_s43_in22k_v5conf,last
ISIC_0030390,HAM_0000917,HAM_0000917,40-59,ham,4,True,5,0.008410442,0.004085234,0.010349091,0.068142585,0.014826804,0.8521491,0.042036705,0.02732248,-5.432528,0.02732248,composite,2,,43,composite_f2_s43_in22k_v5conf,last
ISIC_0030400,HAM_0001145,HAM_0001145,40-59,ham,5,False,5,0.011187722,0.0069781034,0.0071436185,0.067742646,0.006351667,0.85847867,0.042117625,0.024517491,-6.706725,0.024517491,composite,2,,43,composite_f2_s43_in22k_v5conf,last
ISIC_0030413,HAM_0006546,HAM_0006546,40-59,ham,5,False,5,0.011180166,0.0070434767,0.006393848,0.07055052,0.0055276547,0.85836244,0.040941883,0.023751298,-6.768717,0.023751298,composite,2,,43,composite_f2_s43_in22k_v5conf,last
ISIC_0030414,HAM_0003717,HAM_0003717,60+,ham,5,False,5,0.009699552,0.0073816236,0.005921848,0.07018822,0.007860463,0.85742253,0.041525707,0.024941638,-5.479416,0.024941638,composite,2,,43,composite_f2_s43_in22k_v5conf,last
ISIC_0030421,HAM_0007183,HAM_0007183,40-59,ham,5,False,5,0.008839546,0.005718556,0.0045914077,0.061910927,0.0149977775,0.8632659,0.04067595,0.02955588,-3.99384,0.02955588,composite,2,,43,composite_f2_s43_in22k_v5conf,last
ISIC_0030434,HAM_0005733,HAM_0005733,<40,ham,5,False,5,0.009249149,0.006079778,0.006657555,0.060160343,0.0040907525,0.8750858,0.038676687,0.01941968,-8.194304,0.01941968,composite,2,,43,composite_f2_s43_in22k_v5conf,last
ISIC_0030440,HAM_0002509,HAM_0002509,40-59,ham,4,True,4,0.009579695,0.005804278,0.008031163,0.055310648,0.8790747,0.005828646,0.03637085,0.89445865,7.359917,0.89445865,composite,2,,43,composite_f2_s43_in22k_v5conf,last
ISIC_0030485,HAM_0002587,HAM_0002587,60+,ham,5,False,5,0.011420175,0.007898945,0.006925353,0.0667393,0.0061625354,0.8570742,0.04377945,0.025481656,-7.45064,0.025481656,composite,2,,43,composite_f2_s43_in22k_v5conf,last
ISIC_0030487,HAM_0000688,HAM_0000688,60+,ham,0,True,0,0.8020213,0.104693614,0.004786193,0.04994533,0.0036365788,0.0024436228,0.032473378,0.9103515,8.936908,0.9103515,composite,2,,43,composite_f2_s43_in22k_v5conf,last
ISIC_0030489,HAM_0007447,HAM_0007447,<40,ham,5,False,5,0.010761116,0.0070335907,0.0068847886,0.06560945,0.0056073223,0.8609188,0.043184917,0.023402028,-6.4155254,0.023402028,composite,2,,43,composite_f2_s43_in22k_v5conf,last
ISIC_0030494,HAM_0004715,HAM_0004715,40-59,ham,5,False,5,0.010743307,0.0061779316,0.009002027,0.0639852,0.004378057,0.86345154,0.042261984,0.021299295,-7.120434,0.021299295,composite,2,,43,composite_f2_s43_in22k_v5conf,last
ISIC_0030498,HAM_0003098,HAM_0003098,60+,ham,5,False,5,0.009994314,0.0068655233,0.007675684,0.06524064,0.0050635654,0.86457795,0.040582396,0.021923402,-6.869973,0.021923402,composite,2,,43,composite_f2_s43_in22k_v5conf,last
ISIC_0030500,HAM_0001836,HAM_0001836,40-59,ham,5,False,5,0.011966759,0.00749608,0.007985504,0.06953418,0.0050402,0.8534716,0.044505727,0.02450304,-7.337633,0.02450304,composite,2,,43,composite_f2_s43_in22k_v5conf,last
ISIC_0030505,HAM_0007190,HAM_0007190,40-59,ham,5,False,5,0.011440693,0.007090462,0.0074041393,0.07058654,0.0063243206,0.8503915,0.046762414,0.024855476,-6.2810984,0.024855476,composite,2,,43,composite_f2_s43_in22k_v5conf,last
ISIC_0030509,HAM_0000027,HAM_0000027,60+,ham,5,False,5,0.009903899,0.0065135686,0.006111239,0.064269446,0.005026678,0.86719877,0.04097644,0.021444146,-6.4465303,0.021444146,composite,2,,43,composite_f2_s43_in22k_v5conf,last
ISIC_0030511,HAM_0005599,HAM_0005599,60+,ham,1,True,1,0.007110372,0.8942887,0.004549794,0.052201197,0.0037853874,0.0032235528,0.03484086,0.90518445,8.197508,0.90518445,composite,2,,43,composite_f2_s43_in22k_v5conf,last
ISIC_0030513,HAM_0006060,HAM_0006060,40-59,ham,5,False,5,0.009568089,0.006986434,0.0059221303,0.065833725,0.0052332766,0.8641094,0.042346943,0.0217878,-6.4650245,0.0217878,composite,2,,43,composite_f2_s43_in22k_v5conf,last
ISIC_0030518,HAM_0005872,HAM_0005872,60+,ham,5,False,5,0.010037323,0.007191801,0.0062905415,0.067491144,0.00603774,0.8625316,0.040419783,0.023266865,-6.130509,0.023266865,composite,2,,43,composite_f2_s43_in22k_v5conf,last
ISIC_0030546,HAM_0006810,HAM_0006810,<40,ham,5,False,5,0.0103153065,0.022235174,0.005105076,0.070197664,0.010277267,0.8306014,0.05126814,0.042827748,-4.725521,0.042827748,composite,2,,43,composite_f2_s43_in22k_v5conf,last
ISIC_0030552,HAM_0002897,HAM_0002897,60+,ham,4,True,5,0.008421454,0.005842933,0.005692342,0.06580356,0.006641948,0.8673063,0.04029146,0.020906335,-7.151862,0.020906335,composite,2,,43,composite_f2_s43_in22k_v5conf,last
ISIC_0030559,HAM_0004944,HAM_0004944,60+,ham,5,False,5,0.011158541,0.007019465,0.007565462,0.06875481,0.005056363,0.85475177,0.04569359,0.023234367,-6.990571,0.023234367,composite,2,,43,composite_f2_s43_in22k_v5conf,last
ISIC_0030561,HAM_0004377,HAM_0004377,40-59,ham,2,False,5,0.010557918,0.006477076,0.008826119,0.06888775,0.00468496,0.85920894,0.041357253,0.021719955,-7.9263544,0.021719955,composite,2,,43,composite_f2_s43_in22k_v5conf,last
ISIC_0030563,HAM_0007136,HAM_0007136,40-59,ham,5,False,5,0.010668339,0.0060174624,0.006853112,0.06501881,0.004265136,0.8654443,0.041732814,0.02095094,-7.580303,0.02095094,composite,2,,43,composite_f2_s43_in22k_v5conf,last
ISIC_0030568,HAM_0002406,HAM_0002406,40-59,ham,5,False,5,0.011147773,0.007308497,0.006467743,0.068357274,0.0057253717,0.8573656,0.043627672,0.024181642,-6.296529,0.024181642,composite,2,,43,composite_f2_s43_in22k_v5conf,last
ISIC_0030591,HAM_0000005,HAM_0000005,60+,ham,0,True,0,0.9212824,0.00059834664,0.0066449903,0.030451998,0.005115244,0.006542116,0.02936488,0.92699605,4.9587216,0.92699605,composite,2,,43,composite_f2_s43_in22k_v5conf,last
ISIC_0030596,HAM_0006285,HAM_0006285,40-59,ham,5,False,5,0.009806198,0.0068979883,0.0061378167,0.065309815,0.004692346,0.8654464,0.041709412,0.021396533,-6.6049366,0.021396533,composite,2,,43,composite_f2_s43_in22k_v5conf,last
ISIC_0030611,HAM_0001795,HAM_0001795,<40,ham,5,False,5,0.011690171,0.006704201,0.005994581,0.06691244,0.0072445394,0.8589348,0.04251939,0.025638912,-5.3882236,0.025638912,composite,2,,43,composite_f2_s43_in22k_v5conf,last
ISIC_0030617,HAM_0006778,HAM_0006778,40-59,ham,5,False,5,0.011175048,0.007144882,0.00826187,0.072307795,0.006017713,0.8520115,0.043081205,0.024337642,-6.7092214,0.024337642,composite,2,,43,composite_f2_s43_in22k_v5conf,last
ISIC_0030621,HAM_0001101,HAM_0001101,40-59,ham,5,False,5,0.014255072,0.0060137673,0.008680927,0.075818144,0.0036160229,0.8448651,0.04675106,0.023884863,-7.9975758,0.023884863,composite,2,,43,composite_f2_s43_in22k_v5conf,last
ISIC_0030623,HAM_0000871,HAM_0000871,40-59,ham,4,True,5,0.0106597105,0.0059871646,0.007055062,0.06979102,0.01258881,0.83971554,0.054202642,0.029235685,-6.642625,0.029235685,composite,2,,43,composite_f2_s43_in22k_v5conf,last
ISIC_0030632,HAM_0002811,HAM_0002811,<40,ham,5,False,5,0.010121581,0.007679874,0.0063661407,0.06598263,0.008045514,0.85985583,0.041948397,0.02584697,-5.3280096,0.02584697,composite,2,,43,composite_f2_s43_in22k_v5conf,last
ISIC_0030640,HAM_0007311,HAM_0007311,40-59,ham,5,False,5,0.010869851,0.009818902,0.009385785,0.06797458,0.0056274496,0.8494555,0.04686795,0.026316203,-7.7707067,0.026316203,composite,2,,43,composite_f2_s43_in22k_v5conf,last
ISIC_0030643,HAM_0004894,HAM_0004894,40-59,ham,5,False,5,0.009832491,0.0062463386,0.0072922325,0.06869865,0.0045710984,0.8578897,0.045469474,0.020649929,-7.2630005,0.020649929,composite,2,,43,composite_f2_s43_in22k_v5conf,last
ISIC_0030647,HAM_0002987,HAM_0002987,60+,ham,5,False,5,0.010702512,0.008010981,0.008711002,0.071039245,0.005700515,0.8512321,0.044603623,0.024414008,-6.312603,0.024414008,composite,2,,43,composite_f2_s43_in22k_v5conf,last
ISIC_0030648,HAM_0003607,HAM_0003607,<40,ham,5,False,5,0.010855668,0.006463915,0.0072749048,0.06664372,0.0052656475,0.8618048,0.04169135,0.02258523,-7.1356945,0.02258523,composite,2,,43,composite_f2_s43_in22k_v5conf,last
ISIC_0030649,HAM_0005420,HAM_0005420,40-59,ham,2,False,2,0.0077077816,0.016504398,0.752804,0.08749491,0.0014324227,0.09176261,0.042293787,0.025644602,-9.0729,0.025644602,composite,2,,43,composite_f2_s43_in22k_v5conf,last
ISIC_0030654,HAM_0000597,HAM_0000597,<40,ham,5,False,4,0.0075615146,0.006694756,0.006807795,0.0623072,0.8677517,0.007372278,0.041504692,0.882008,6.674065,0.882008,composite,2,,43,composite_f2_s43_in22k_v5conf,last
ISIC_0030655,HAM_0000356,HAM_0000356,60+,ham,0,True,2,0.011292233,0.0028915985,0.91378856,0.042644758,0.0019899742,0.0027223052,0.024670595,0.016173806,-7.4378705,0.016173806,composite,2,,43,composite_f2_s43_in22k_v5conf,last
ISIC_0030658,HAM_0002474,HAM_0002474,40-59,ham,5,False,5,0.010554361,0.0071671195,0.0065866695,0.06735108,0.004886761,0.8602459,0.043208003,0.022608243,-7.161849,0.022608243,composite,2,,43,composite_f2_s43_in22k_v5conf,last
ISIC_0030680,HAM_0002381,HAM_0002381,60+,ham,5,False,5,0.0109729655,0.0065425816,0.0074700704,0.0685304,0.004713838,0.8555332,0.046236925,0.022229385,-7.4294786,0.022229385,composite,2,,43,composite_f2_s43_in22k_v5conf,last
ISIC_0030688,HAM_0003475,HAM_0003475,60+,ham,5,False,5,0.009945581,0.0057164486,0.0100282375,0.0691253,0.00509272,0.85567963,0.044412132,0.020754749,-7.930888,0.020754749,composite,2,,43,composite_f2_s43_in22k_v5conf,last
ISIC_0030701,HAM_0005045,HAM_0005045,40-59,ham,5,False,5,0.010016847,0.0068838545,0.0064808223,0.06704748,0.0060345572,0.8612405,0.042295914,0.022935258,-5.8853807,0.022935258,composite,2,,43,composite_f2_s43_in22k_v5conf,last
ISIC_0030705,HAM_0004141,HAM_0004141,40-59,ham,2,False,2,0.0066727423,0.0055183843,0.9051613,0.0476632,0.0038040902,0.0026753529,0.028504938,0.015995216,-7.1106205,0.015995216,composite,2,,43,composite_f2_s43_in22k_v5conf,last
ISIC_0030714,HAM_0003989,HAM_0003989,60+,ham,0,True,0,0.9469802,0.0037703812,0.0013849698,0.03005499,0.0012795136,0.000886188,0.015643856,0.9520301,8.189471,0.9520301,composite,2,,43,composite_f2_s43_in22k_v5conf,last
ISIC_0030719,HAM_0000633,HAM_0000633,40-59,ham,5,False,5,0.011333812,0.007416935,0.006008394,0.07223347,0.0068588965,0.853702,0.04244651,0.025609644,-5.591035,0.025609644,composite,2,,43,composite_f2_s43_in22k_v5conf,last
ISIC_0030722,HAM_0004820,HAM_0004820,40-59,ham,6,False,6,0.0010252261,0.00096556626,0.0007546609,0.0059378017,0.00042340494,0.0004595474,0.9904338,0.0024141972,-7.573693,0.0024141972,composite,2,,43,composite_f2_s43_in22k_v5conf,last
ISIC_0030725,HAM_0000300,HAM_0000300,40-59,ham,5,False,5,0.011066406,0.00673106,0.005706432,0.067074426,0.0068609356,0.8604589,0.04210188,0.024658402,-6.1015797,0.024658402,composite,2,,43,composite_f2_s43_in22k_v5conf,last
ISIC_0030728,HAM_0006842,HAM_0006842,<40,ham,5,False,5,0.011548623,0.008716472,0.007561366,0.06753636,0.0066730757,0.8548309,0.043133244,0.02693817,-6.074942,0.02693817,composite,2,,43,composite_f2_s43_in22k_v5conf,last
ISIC_0030730,HAM_0004592,HAM_0004592,60+,ham,0,True,0,0.6543702,0.014179467,0.12273182,0.12384487,0.005505075,0.004274034,0.07509461,0.67405474,1.2712986,0.67405474,composite,2,,43,composite_f2_s43_in22k_v5conf,last
ISIC_0030732,HAM_0006366,HAM_0006366,60+,ham,5,False,5,0.012303151,0.009374345,0.0065356004,0.0760099,0.01713997,0.8312143,0.047422767,0.038817465,-5.638271,0.038817465,composite,2,,43,composite_f2_s43_in22k_v5conf,last
ISIC_0030733,HAM_0006245,HAM_0006245,60+,ham,5,False,5,0.010338065,0.0059493664,0.009631134,0.06962934,0.0053987107,0.85509425,0.043959122,0.021686142,-7.6123314,0.021686142,composite,2,,43,composite_f2_s43_in22k_v5conf,last
ISIC_0030746,HAM_0004621,HAM_0004621,60+,ham,1,True,1,0.008596542,0.90645134,0.011985811,0.042614564,0.0021255196,0.0013511973,0.026875013,0.9171734,6.4682083,0.9171734,composite,2,,43,composite_f2_s43_in22k_v5conf,last
ISIC_0030747,HAM_0006380,HAM_0006380,<40,ham,4,True,5,0.010741745,0.004872332,0.004687231,0.062053893,0.0050747017,0.87019515,0.042374995,0.02068878,-7.5218306,0.02068878,composite,2,,43,composite_f2_s43_in22k_v5conf,last
ISIC_0030755,HAM_0001654,HAM_0001654,60+,ham,1,True,1,0.007848761,0.8979417,0.005412444,0.050172642,0.003615507,0.002909704,0.0320992,0.90940595,8.010003,0.90940595,composite,2,,43,composite_f2_s43_in22k_v5conf,last
ISIC_0030761,HAM_0002949,HAM_0002949,60+,ham,5,False,5,0.009074549,0.006080126,0.0056333314,0.06473421,0.004788425,0.8694371,0.04025226,0.0199431,-7.3323317,0.0199431,composite,2,,43,composite_f2_s43_in22k_v5conf,last
ISIC_0030779,HAM_0002716,HAM_0002716,60+,ham,5,False,5,0.010297089,0.006486509,0.005879758,0.0660145,0.0046670116,0.86478215,0.04187291,0.02145061,-6.0855827,0.02145061,composite,2,,43,composite_f2_s43_in22k_v5conf,last
ISIC_0030781,HAM_0000592,HAM_0000592,40-59,ham,5,False,5,0.010144472,0.008552626,0.005697079,0.0664465,0.013435045,0.853032,0.042692363,0.03213214,-3.8887093,0.03213214,composite,2,,43,composite_f2_s43_in22k_v5conf,last
ISIC_0030789,HAM_0001223,HAM_0001223,60+,ham,2,False,2,0.0105319405,0.004467771,0.88256764,0.059846796,0.0049521676,0.0029358282,0.034697775,0.01995188,-6.433264,0.01995188,composite,2,,43,composite_f2_s43_in22k_v5conf,last
ISIC_0030809,HAM_0001609,HAM_0001609,60+,ham,5,False,4,0.010955976,0.0072401944,0.01073576,0.10530917,0.6510445,0.15124017,0.063474275,0.66924065,1.4754751,0.66924065,composite,2,,43,composite_f2_s43_in22k_v5conf,last
ISIC_0030811,HAM_0001156,HAM_0001156,40-59,ham,5,False,5,0.010752983,0.0069333054,0.0074563515,0.06529582,0.0049807946,0.86131203,0.04326868,0.022667084,-7.0782204,0.022667084,composite,2,,43,composite_f2_s43_in22k_v5conf,last
ISIC_0030814,HAM_0005675,HAM_0005675,40-59,ham,5,False,5,0.009780429,0.0068040816,0.00814236,0.06529346,0.0048658242,0.8631174,0.04199638,0.021450337,-6.983756,0.021450337,composite,2,,43,composite_f2_s43_in22k_v5conf,last
ISIC_0030823,HAM_0004902,HAM_0004902,40-59,ham,5,False,5,0.011867656,0.007705942,0.0065815453,0.0662987,0.005197132,0.86003304,0.042315986,0.024770731,-6.8230243,0.024770731,composite,2,,43,composite_f2_s43_in22k_v5conf,last
ISIC_0030825,HAM_0004060,HAM_0004060,40-59,ham,0,True,1,0.24253556,0.48664197,0.024766745,0.14407103,0.0068913135,0.0044844984,0.090608776,0.73606884,7.0123997,0.73606884,composite,2,,43,composite_f2_s43_in22k_v5conf,last
ISIC_0030837,HAM_0007531,HAM_0007531,40-59,ham,5,False,5,0.009725021,0.0070712515,0.0074795717,0.0677319,0.0049642487,0.8612938,0.041734178,0.021760521,-6.921728,0.021760521,composite,2,,43,composite_f2_s43_in22k_v5conf,last
ISIC_0030843,HAM_0001069,HAM_0001069,60+,ham,4,True,5,0.009914805,0.0074012657,0.0074075786,0.070982575,0.0073191416,0.8550043,0.041970365,0.024635212,-7.1326685,0.024635212,composite,2,,43,composite_f2_s43_in22k_v5conf,last
ISIC_0030844,HAM_0003107,HAM_0003107,60+,ham,0,True,0,0.9398426,0.002003171,0.0024377843,0.029727947,0.0029861853,0.0013137248,0.021688728,0.94483197,7.6264157,0.94483197,composite,2,,43,composite_f2_s43_in22k_v5conf,last
ISIC_0030850,HAM_0005944,HAM_0005944,40-59,ham,5,False,5,0.01160911,0.007868882,0.0069038454,0.069246925,0.006171005,0.85614747,0.042052697,0.025648998,-6.4902697,0.025648998,composite,2,,43,composite_f2_s43_in22k_v5conf,last
ISIC_0030851,HAM_0000077,HAM_0000077,60+,ham,5,False,5,0.01160582,0.0071783555,0.0066721626,0.070754796,0.004925988,0.8552051,0.043657612,0.023710163,-7.3494906,0.023710163,composite,2,,43,composite_f2_s43_in22k_v5conf,last
ISIC_0030861,HAM_0002496,HAM_0002496,60+,ham,5,False,5,0.0110872295,0.0071322112,0.006029887,0.07361663,0.012706548,0.8435182,0.04590926,0.03092599,-4.3411355,0.03092599,composite,2,,43,composite_f2_s43_in22k_v5conf,last
ISIC_0030864,HAM_0007394,HAM_0007394,40-59,ham,5,False,5,0.010720297,0.0063468274,0.0060476256,0.06603188,0.00517194,0.8637503,0.0419312,0.022239063,-6.538089,0.022239063,composite,2,,43,composite_f2_s43_in22k_v5conf,last
ISIC_0030867,HAM_0007578,HAM_0007578,40-59,ham,5,False,5,0.011876753,0.007606433,0.00910284,0.068684146,0.006178781,0.8538745,0.042676505,0.025661968,-5.6738915,0.025661968,composite,2,,43,composite_f2_s43_in22k_v5conf,last
ISIC_0030870,HAM_0006707,HAM_0006707,40-59,ham,3,False,3,0.00094928825,0.0006144894,0.0010510385,0.9930067,0.00025623303,0.00037747584,0.0037447298,0.0018200107,-6.1401176,0.0018200107,composite,2,,43,composite_f2_s43_in22k_v5conf,last
ISIC_0030874,HAM_0002489,HAM_0002489,40-59,ham,5,False,5,0.010554698,0.0073989374,0.008454596,0.07242827,0.0055704014,0.8487112,0.046881784,0.023524038,-7.75405,0.023524038,composite,2,,43,composite_f2_s43_in22k_v5conf,last
ISIC_0030878,HAM_0007166,HAM_0007166,40-59,ham,5,False,5,0.00854097,0.00648226,0.006520005,0.06445603,0.004737631,0.86908245,0.04018069,0.01976086,-7.144225,0.01976086,composite,2,,43,composite_f2_s43_in22k_v5conf,last
ISIC_0030881,HAM_0004101,HAM_0004101,40-59,ham,5,False,5,0.009749791,0.0069663865,0.0071182377,0.066885635,0.0054482566,0.8597828,0.044048898,0.022164434,-6.732092,0.022164434,composite,2,,43,composite_f2_s43_in22k_v5conf,last
ISIC_0030883,HAM_0004326,HAM_0004326,60+,ham,4,True,4,0.24783438,0.0033187098,0.09971359,0.110632636,0.45626652,0.0022351176,0.07999903,0.70741963,6.5631485,0.70741963,composite,2,,43,composite_f2_s43_in22k_v5conf,last
ISIC_0030890,HAM_0000406,HAM_0000406,<40,ham,5,False,5,0.010765972,0.0055901376,0.0053422847,0.06297354,0.0070423763,0.8682224,0.040063284,0.023398485,-6.762041,0.023398485,composite,2,,43,composite_f2_s43_in22k_v5conf,last
ISIC_0030900,HAM_0006262,HAM_0006262,60+,ham,5,False,5,0.010098613,0.0062609892,0.0053400644,0.06467224,0.0060119717,0.86299175,0.044624377,0.022371573,-7.1892624,0.022371573,composite,2,,43,composite_f2_s43_in22k_v5conf,last
ISIC_0030903,HAM_0005055,HAM_0005055,40-59,ham,5,False,5,0.0102425795,0.0064778435,0.006496689,0.063599996,0.005869135,0.8658614,0.041452408,0.022589559,-6.697275,0.022589559,composite,2,,43,composite_f2_s43_in22k_v5conf,last
ISIC_0030912,HAM_0001020,HAM_0001020,60+,ham,5,False,5,0.009882416,0.006533223,0.0047271126,0.07225715,0.017668681,0.84555674,0.043374676,0.03408432,-5.4303474,0.03408432,composite,2,,43,composite_f2_s43_in22k_v5conf,last
ISIC_0030926,HAM_0003021,HAM_0003021,60+,ham,2,False,2,0.107786424,0.0020694756,0.71733135,0.10296335,0.009781879,0.0012445406,0.058822926,0.11963778,-2.2784512,0.11963778,composite,2,,43,composite_f2_s43_in22k_v5conf,last
ISIC_0030944,HAM_0000858,HAM_0000858,<40,ham,5,False,5,0.00997811,0.006132664,0.0062653827,0.06348364,0.0064159445,0.868988,0.038736343,0.022526719,-6.5919313,0.022526719,composite,2,,43,composite_f2_s43_in22k_v5conf,last
ISIC_0030950,HAM_0006160,HAM_0006160,60+,ham,4,True,4,0.053586833,0.3486667,0.048426062,0.10748541,0.36857173,0.009759899,0.06350334,0.77082527,6.8325434,0.77082527,composite,2,,43,composite_f2_s43_in22k_v5conf,last
ISIC_0030956,HAM_0005713,HAM_0005713,60+,ham,6,False,6,0.0014688123,0.0009868614,0.0006940694,0.008006804,0.0006110091,0.0011116753,0.9871208,0.0030666827,-8.061977,0.0030666827,composite,2,,43,composite_f2_s43_in22k_v5conf,last
ISIC_0030959,HAM_0003011,HAM_0003011,60+,ham,2,False,2,0.00762942,0.0034549762,0.8971818,0.053911198,0.0025470622,0.0018371776,0.03343824,0.013631458,-7.5941105,0.013631458,composite,2,,43,composite_f2_s43_in22k_v5conf,last
ISIC_0030967,HAM_0005881,HAM_0005881,60+,ham,5,False,5,0.009293712,0.0061067496,0.006668242,0.067143604,0.005852631,0.8654967,0.03943839,0.021253092,-7.4228077,0.021253092,composite,2,,43,composite_f2_s43_in22k_v5conf,last
ISIC_0030968,HAM_0006194,HAM_0006194,60+,ham,5,False,5,0.012553421,0.008081775,0.009501329,0.06729269,0.005351829,0.8574048,0.039814066,0.025987023,-6.087889,0.025987023,composite,2,,43,composite_f2_s43_in22k_v5conf,last
ISIC_0030990,HAM_0004665,HAM_0004665,40-59,ham,5,False,5,0.012577526,0.00784798,0.008695637,0.06721971,0.0039330525,0.85502297,0.04470315,0.02435856,-7.857092,0.02435856,composite,2,,43,composite_f2_s43_in22k_v5conf,last
ISIC_0030991,HAM_0001453,HAM_0001453,40-59,ham,0,True,0,0.95269823,0.0020371438,0.004146037,0.023145335,0.0011705542,0.00073286664,0.0160699,0.955906,6.4736333,0.955906,composite,2,,43,composite_f2_s43_in22k_v5conf,last
ISIC_0030992,HAM_0005151,HAM_0005151,60+,ham,5,False,5,0.010654038,0.0074832486,0.0077540576,0.06733607,0.007859868,0.8548519,0.044060703,0.025997154,-5.563223,0.025997154,composite,2,,43,composite_f2_s43_in22k_v5conf,last
ISIC_0031004,HAM_0001408,HAM_0001408,60+,ham,5,False,5,0.010742961,0.0067822305,0.0072188447,0.06480446,0.005622943,0.8614979,0.043330733,0.023148134,-6.7618027,0.023148134,composite,2,,43,composite_f2_s43_in22k_v5conf,last
ISIC_0031008,HAM_0000959,HAM_0000959,60+,ham,2,False,2,0.006612642,0.002920026,0.9089419,0.041481268,0.0056064464,0.0056052143,0.028832423,0.015139114,-7.3018675,0.015139114,composite,2,,43,composite_f2_s43_in22k_v5conf,last
ISIC_0031014,HAM_0002675,HAM_0002675,<40,ham,5,False,5,0.0108770775,0.0054612276,0.0043641417,0.06266544,0.008610478,0.86415076,0.04387081,0.024948783,-6.573899,0.024948783,composite,2,,43,composite_f2_s43_in22k_v5conf,last
ISIC_0031036,HAM_0005254,HAM_0005254,<40,ham,5,False,5,0.008936637,0.006902722,0.0058289757,0.06643942,0.0046258876,0.861413,0.045853365,0.020465247,-8.024259,0.020465247,composite,2,,43,composite_f2_s43_in22k_v5conf,last
ISIC_0031059,HAM_0002159,HAM_0002159,<40,ham,5,False,5,0.010047227,0.005650749,0.007192447,0.06262212,0.0051513575,0.8711415,0.038194638,0.020849334,-7.293133,0.020849334,composite,2,,43,composite_f2_s43_in22k_v5conf,last
ISIC_0031066,HAM_0006488,HAM_0006488,60+,ham,5,False,5,0.01022716,0.0067254477,0.006520591,0.06820057,0.0066551077,0.8579584,0.04371282,0.023607716,-6.1747093,0.023607716,composite,2,,43,composite_f2_s43_in22k_v5conf,last
ISIC_0031081,HAM_0006596,HAM_0006596,<40,ham,5,False,5,0.064778276,0.0075595044,0.016782753,0.15579556,0.062442254,0.61761224,0.07502934,0.13478003,-2.9697726,0.13478003,composite,2,,43,composite_f2_s43_in22k_v5conf,last
ISIC_0031087,HAM_0004596,HAM_0004596,60+,ham,4,True,4,0.023701137,0.008132052,0.016306588,0.08711938,0.8097792,0.001719429,0.053242255,0.8416124,7.275884,0.8416124,composite,2,,43,composite_f2_s43_in22k_v5conf,last
ISIC_0031102,HAM_0004122,HAM_0004122,40-59,ham,5,False,5,0.009628547,0.006675771,0.0063055586,0.06500535,0.006675761,0.8648822,0.04082682,0.022980079,-6.100149,0.022980079,composite,2,,43,composite_f2_s43_in22k_v5conf,last
ISIC_0031105,HAM_0002566,HAM_0002566,40-59,ham,5,False,5,0.010823652,0.006377419,0.004745838,0.065837525,0.0076250043,0.86111915,0.043471366,0.024826076,-6.7894917,0.024826076,composite,2,,43,composite_f2_s43_in22k_v5conf,last
ISIC_0031106,HAM_0004100,HAM_0004100,40-59,ham,5,False,5,0.011405931,0.006909735,0.017131371,0.08574888,0.0047063665,0.8306055,0.0434923,0.023022031,-7.6745176,0.023022031,composite,2,,43,composite_f2_s43_in22k_v5conf,last
ISIC_0031107,HAM_0006725,HAM_0006725,40-59,ham,5,False,2,0.03490577,0.026168069,0.44550765,0.09732641,0.029426584,0.31477365,0.051891807,0.09050042,-4.238264,0.09050042,composite,2,,43,composite_f2_s43_in22k_v5conf,last
ISIC_0031115,HAM_0000217,HAM_0000217,40-59,ham,5,False,4,0.008513418,0.004960181,0.004424228,0.05963321,0.8705826,0.0068187276,0.04506776,0.88405615,7.193965,0.88405615,composite,2,,43,composite_f2_s43_in22k_v5conf,last
ISIC_0031119,HAM_0004243,HAM_0004243,60+,ham,0,True,0,0.92141,0.025526857,0.0025937567,0.028682914,0.0011915854,0.0010132894,0.019581623,0.94812846,8.083871,0.94812846,composite,2,,43,composite_f2_s43_in22k_v5conf,last
ISIC_0031130,HAM_0006350,HAM_0006350,40-59,ham,2,False,2,0.0058706016,0.0048688776,0.9061714,0.04657776,0.003972115,0.0027827641,0.02975655,0.014711594,-7.5080223,0.014711594,composite,2,,43,composite_f2_s43_in22k_v5conf,last
ISIC_0031140,HAM_0003229,HAM_0003229,60+,ham,1,True,1,0.007847188,0.902857,0.004365525,0.048181426,0.003383435,0.003184229,0.030181289,0.91408765,8.336019,0.91408765,composite,2,,43,composite_f2_s43_in22k_v5conf,last
ISIC_0031142,HAM_0006030,HAM_0006030,<40,ham,5,False,5,0.010122362,0.0067586973,0.008328751,0.07268891,0.0056561283,0.8516457,0.044799484,0.022537189,-7.3861613,0.022537189,composite,2,,43,composite_f2_s43_in22k_v5conf,last
ISIC_0031147,HAM_0003307,HAM_0003307,<40,ham,5,False,5,0.011738885,0.007940415,0.0074951155,0.06693892,0.0045669125,0.8575481,0.043771554,0.024246212,-7.1002994,0.024246212,composite,2,,43,composite_f2_s43_in22k_v5conf,last
ISIC_0031160,HAM_0000068,HAM_0000068,<40,ham,5,False,5,0.010210739,0.006886967,0.006583552,0.06631896,0.00689484,0.862526,0.04057893,0.023992546,-7.2651453,0.023992546,composite,2,,43,composite_f2_s43_in22k_v5conf,last
ISIC_0031164,HAM_0007230,HAM_0007230,<40,ham,5,False,5,0.010423969,0.006473173,0.0066676084,0.0668149,0.005125814,0.8591323,0.045362312,0.022022955,-7.236168,0.022022955,composite,2,,43,composite_f2_s43_in22k_v5conf,last
ISIC_0031168,HAM_0001245,HAM_0001245,60+,ham,2,False,0,0.95031995,0.009128823,0.002066986,0.021723606,0.001020124,0.0007905549,0.014949918,0.9604689,7.6814632,0.9604689,composite,2,,43,composite_f2_s43_in22k_v5conf,last
ISIC_0031169,HAM_0001616,HAM_0001616,60+,ham,1,True,1,0.016005004,0.89356005,0.0041657067,0.05394888,0.0031141054,0.0034176682,0.025788506,0.91267914,8.456046,0.91267914,composite,2,,43,composite_f2_s43_in22k_v5conf,last
ISIC_0031175,HAM_0001654,HAM_0001654,60+,ham,1,True,1,0.008709197,0.9037522,0.0033701337,0.04382174,0.0047381795,0.0024522464,0.03315636,0.91719955,8.87531,0.91719955,composite,2,,43,composite_f2_s43_in22k_v5conf,last
ISIC_0031180,HAM_0002612,HAM_0002612,<40,ham,5,False,5,0.011903572,0.0088136755,0.0071363687,0.071998045,0.0056382464,0.8494574,0.045052737,0.026355494,-6.6787877,0.026355494,composite,2,,43,composite_f2_s43_in22k_v5conf,last
ISIC_0031181,HAM_0001721,HAM_0001721,40-59,ham,2,False,5,0.015306017,0.014806494,0.004845539,0.06322334,0.013349936,0.85345817,0.035010517,0.043462448,-2.6251822,0.043462448,composite,2,,43,composite_f2_s43_in22k_v5conf,last
ISIC_0031183,HAM_0002292,HAM_0002292,<40,ham,5,False,5,0.011575779,0.0068228776,0.006584078,0.07027847,0.005827899,0.8561132,0.0427977,0.024226557,-6.6288133,0.024226557,composite,2,,43,composite_f2_s43_in22k_v5conf,last
ISIC_0031184,HAM_0004290,HAM_0004290,40-59,ham,5,False,5,0.009466407,0.008581439,0.0069577694,0.06976041,0.0054779286,0.8514568,0.04829926,0.023525774,-6.0810537,0.023525774,composite,2,,43,composite_f2_s43_in22k_v5conf,last
ISIC_0031187,HAM_0006589,HAM_0006589,40-59,ham,5,False,5,0.010405662,0.007207176,0.005645479,0.06528321,0.0052158716,0.8639202,0.042322453,0.02282871,-5.6323004,0.02282871,composite,2,,43,composite_f2_s43_in22k_v5conf,last
ISIC_0031193,HAM_0002281,HAM_0002281,60+,ham,5,False,5,0.011230121,0.006855901,0.0064083943,0.06735693,0.0057249884,0.8612014,0.041222278,0.02381101,-6.375312,0.02381101,composite,2,,43,composite_f2_s43_in22k_v5conf,last
ISIC_0031207,HAM_0001090,HAM_0001090,40-59,ham,5,False,5,0.010211679,0.0066969576,0.006907021,0.066758014,0.006277844,0.8597883,0.04336017,0.02318648,-6.312453,0.02318648,composite,2,,43,composite_f2_s43_in22k_v5conf,last
ISIC_0031216,HAM_0006861,HAM_0006861,40-59,ham,5,False,5,0.011535933,0.0050960374,0.36257136,0.075307116,0.0074329176,0.5021846,0.03587199,0.024064887,-8.496434,0.024064887,composite,2,,43,composite_f2_s43_in22k_v5conf,last
ISIC_0031220,HAM_0001028,HAM_0001028,<40,ham,5,False,4,0.0113948705,0.0066001397,0.0040387344,0.053231437,0.76620376,0.123350255,0.035180777,0.78419876,2.3008661,0.78419876,composite,2,,43,composite_f2_s43_in22k_v5conf,last
ISIC_0031223,HAM_0002456,HAM_0002456,60+,ham,2,False,2,0.007018488,0.0065103457,0.9095358,0.043560423,0.0032448934,0.0024167919,0.027713222,0.016773727,-7.0976505,0.016773727,composite,2,,43,composite_f2_s43_in22k_v5conf,last
ISIC_0031232,HAM_0004644,HAM_0004644,<40,ham,5,False,5,0.01212693,0.00764163,0.008620894,0.06933474,0.005047727,0.85234314,0.04488485,0.024816288,-6.6475897,0.024816288,composite,2,,43,composite_f2_s43_in22k_v5conf,last
ISIC_0031236,HAM_0002744,HAM_0002744,40-59,ham,1,True,1,0.026602492,0.63445973,0.0884451,0.10970424,0.007775928,0.06586225,0.06715026,0.66883814,1.4583648,0.66883814,composite,2,,43,composite_f2_s43_in22k_v5conf,last
ISIC_0031246,HAM_0003538,HAM_0003538,40-59,ham,5,False,5,0.010814066,0.0065338616,0.007106052,0.065486774,0.005086216,0.8625187,0.042454395,0.022434145,-6.6117163,0.022434145,composite,2,,43,composite_f2_s43_in22k_v5conf,last
ISIC_0031268,HAM_0000928,HAM_0000928,40-59,ham,5,False,5,0.012707046,0.006476324,0.014065653,0.070533656,0.007275116,0.8454331,0.043509122,0.026458487,-7.09655,0.026458487,composite,2,,43,composite_f2_s43_in22k_v5conf,last
ISIC_0031277,HAM_0003789,HAM_0003789,40-59,ham,2,False,2,0.005867389,0.0039219637,0.9137177,0.046232328,0.0039446373,0.002019704,0.024296278,0.0137339905,-6.7440596,0.0137339905,composite,2,,43,composite_f2_s43_in22k_v5conf,last
ISIC_0031280,HAM_0004843,HAM_0004843,60+,ham,5,False,5,0.009661691,0.007819065,0.0064340387,0.06827719,0.004925723,0.8605961,0.04228615,0.022406481,-6.8616633,0.022406481,composite,2,,43,composite_f2_s43_in22k_v5conf,last
ISIC_0031298,HAM_0005334,HAM_0005334,60+,ham,1,True,1,0.00583625,0.8927968,0.006270268,0.051341638,0.0034142064,0.0030554764,0.03728534,0.9020473,7.5890207,0.9020473,composite,2,,43,composite_f2_s43_in22k_v5conf,last
ISIC_0031306,HAM_0000063,HAM_0000063,<40,ham,5,False,5,0.011792401,0.0083025,0.008866084,0.06736746,0.0049567977,0.85586756,0.04284717,0.025051698,-7.6801834,0.025051698,composite,2,,43,composite_f2_s43_in22k_v5conf,last
ISIC_0031307,HAM_0004299,HAM_0004299,60+,ham,5,False,5,0.010310437,0.007050226,0.0063177627,0.06877044,0.008245867,0.8577429,0.04156249,0.02560653,-5.8293247,0.02560653,composite,2,,43,composite_f2_s43_in22k_v5conf,last
ISIC_0031317,HAM_0004667,HAM_0004667,40-59,ham,5,False,5,0.009605912,0.00603034,0.0145184295,0.061245628,0.004779064,0.85508317,0.048737504,0.020415317,-7.807088,0.020415317,composite,2,,43,composite_f2_s43_in22k_v5conf,last
ISIC_0031320,HAM_0001206,HAM_0001206,40-59,ham,5,False,5,0.010322317,0.0077172085,0.008248788,0.06921229,0.006337211,0.85655105,0.041611206,0.024376735,-6.3437195,0.024376735,composite,2,,43,composite_f2_s43_in22k_v5conf,last
ISIC_0031354,HAM_0002823,HAM_0002823,<40,ham,5,False,5,0.011127809,0.007455024,0.0073984554,0.06304546,0.05159485,0.81635803,0.043020334,0.07017768,-3.8960743,0.07017768,composite,2,,43,composite_f2_s43_in22k_v5conf,last
ISIC_0031367,HAM_0006891,HAM_0006891,40-59,ham,5,False,5,0.0105571225,0.006646173,0.0067233397,0.06744957,0.0051504276,0.8623033,0.041170087,0.022353724,-6.082944,0.022353724,composite,2,,43,composite_f2_s43_in22k_v5conf,last
ISIC_0031368,HAM_0002576,HAM_0002576,40-59,ham,4,True,4,0.00818227,0.0069543812,0.06995872,0.14521897,0.7000142,0.00694707,0.0627244,0.71515083,3.8125682,0.71515083,composite,2,,43,composite_f2_s43_in22k_v5conf,last
ISIC_0031369,HAM_0000531,HAM_0000531,60+,ham,4,True,4,0.0069327466,0.008539266,0.0074342103,0.06393725,0.86467,0.0045572426,0.043929365,0.880142,7.686602,0.880142,composite,2,,43,composite_f2_s43_in22k_v5conf,last
ISIC_0031373,HAM_0004649,HAM_0004649,60+,ham,5,False,5,0.010083212,0.0071769226,0.0070908605,0.06655768,0.006986865,0.85923886,0.04286558,0.024246998,-5.8215904,0.024246998,composite,2,,43,composite_f2_s43_in22k_v5conf,last
ISIC_0031395,HAM_0005974,HAM_0005974,60+,ham,5,False,2,0.007998469,0.0027129205,0.90098757,0.047369678,0.0029737777,0.004610001,0.03334752,0.013685167,-8.032038,0.013685167,composite,2,,43,composite_f2_s43_in22k_v5conf,last
ISIC_0031407,HAM_0001575,HAM_0001575,60+,ham,1,True,1,0.00988115,0.8993587,0.004954449,0.04698777,0.0034478093,0.0034892675,0.031880867,0.91268766,8.050216,0.91268766,composite,2,,43,composite_f2_s43_in22k_v5conf,last
ISIC_0031408,HAM_0000201,HAM_0000201,60+,ham,4,True,4,0.028367957,0.0036627196,0.017282935,0.08074941,0.81071573,0.004917406,0.05430389,0.84274644,5.7319674,0.84274644,composite,2,,43,composite_f2_s43_in22k_v5conf,last
ISIC_0031417,HAM_0006380,HAM_0006380,<40,ham,4,True,5,0.010657127,0.006560418,0.006434644,0.06737879,0.0056585,0.85963774,0.043672692,0.022876045,-7.6995893,0.022876045,composite,2,,43,composite_f2_s43_in22k_v5conf,last
ISIC_0031423,HAM_0002982,HAM_0002982,40-59,ham,5,False,5,0.011507345,0.007648713,0.007843655,0.068335466,0.00618702,0.85468537,0.04379245,0.025343077,-6.1891212,0.025343077,composite,2,,43,composite_f2_s43_in22k_v5conf,last
ISIC_0031436,HAM_0006243,HAM_0006243,60+,ham,2,False,5,0.014287767,0.01198466,0.3307363,0.11387615,0.0070647513,0.4620897,0.059960723,0.03333718,-7.8770547,0.03333718,composite,2,,43,composite_f2_s43_in22k_v5conf,last
ISIC_0031453,HAM_0000015,HAM_0000015,40-59,ham,5,False,5,0.011510214,0.0067470577,0.0066323644,0.06825357,0.005611572,0.8606607,0.04058449,0.023868844,-6.7314205,0.023868844,composite,2,,43,composite_f2_s43_in22k_v5conf,last
ISIC_0031455,HAM_0000841,HAM_0000841,40-59,ham,5,False,5,0.0107121095,0.0071550612,0.008534902,0.06781893,0.0048885685,0.859293,0.041597508,0.022755738,-7.0766296,0.022755738,composite,2,,43,composite_f2_s43_in22k_v5conf,last
ISIC_0031468,HAM_0003021,HAM_0003021,60+,ham,2,False,4,0.0050909393,0.12327462,0.086720586,0.14667593,0.5035829,0.008190484,0.12646453,0.6319485,3.831885,0.6319485,composite,2,,43,composite_f2_s43_in22k_v5conf,last
ISIC_0031480,HAM_0007256,HAM_0007256,40-59,ham,5,False,5,0.010896051,0.007863303,0.007284047,0.068869874,0.0055677462,0.8551536,0.04436543,0.024327101,-6.6910477,0.024327101,composite,2,,43,composite_f2_s43_in22k_v5conf,last
ISIC_0031501,HAM_0007138,HAM_0007138,<40,ham,5,False,5,0.012153823,0.007015051,0.008605045,0.072291285,0.0061639817,0.8475484,0.046222437,0.025332857,-7.658101,0.025332857,composite,2,,43,composite_f2_s43_in22k_v5conf,last
ISIC_0031502,HAM_0001830,HAM_0001830,40-59,ham,5,False,5,0.011748644,0.0064350916,0.013961349,0.07009211,0.0065183523,0.84963554,0.041608915,0.024702087,-6.94755,0.024702087,composite,2,,43,composite_f2_s43_in22k_v5conf,last
ISIC_0031508,HAM_0003453,HAM_0003453,40-59,ham,5,False,5,0.009419061,0.0065894816,0.005748496,0.06340621,0.005207815,0.86838114,0.041247778,0.021216359,-6.5362635,0.021216359,composite,2,,43,composite_f2_s43_in22k_v5conf,last
ISIC_0031509,HAM_0000560,HAM_0000560,40-59,ham,5,False,5,0.011490045,0.006561653,0.0067217317,0.06679197,0.0048288866,0.86134386,0.042261913,0.022880586,-6.8959746,0.022880586,composite,2,,43,composite_f2_s43_in22k_v5conf,last
ISIC_0031518,HAM_0006389,HAM_0006389,60+,ham,5,False,5,0.0119998455,0.0072004353,0.007241645,0.06546823,0.006554946,0.85918623,0.042348664,0.025755227,-7.144432,0.025755227,composite,2,,43,composite_f2_s43_in22k_v5conf,last
ISIC_0031519,HAM_0000149,HAM_0000149,60+,ham,2,False,2,0.0065140366,0.006398067,0.8817704,0.057911713,0.0033912784,0.007986248,0.036028225,0.016303383,-7.9402213,0.016303383,composite,2,,43,composite_f2_s43_in22k_v5conf,last
ISIC_0031531,HAM_0001215,HAM_0001215,60+,ham,1,True,1,0.009414514,0.88397455,0.00423724,0.057829615,0.0046017095,0.0035895512,0.036352746,0.89799076,8.097203,0.89799076,composite,2,,43,composite_f2_s43_in22k_v5conf,last
ISIC_0031533,HAM_0001013,HAM_0001013,60+,ham,5,False,5,0.010002513,0.005564875,0.008202286,0.06589198,0.0042377203,0.86314964,0.04295099,0.01980511,-7.5889344,0.01980511,composite,2,,43,composite_f2_s43_in22k_v5conf,last
ISIC_0031535,HAM_0003298,HAM_0003298,40-59,ham,5,False,5,0.010684407,0.0068640304,0.005977877,0.067795314,0.0065482263,0.8596149,0.042515192,0.024096664,-6.17017,0.024096664,composite,2,,43,composite_f2_s43_in22k_v5conf,last
ISIC_0031555,HAM_0000837,HAM_0000837,<40,ham,5,False,5,0.009568403,0.007054275,0.006643919,0.06645089,0.006927386,0.8622016,0.04115355,0.023550063,-6.700615,0.023550063,composite,2,,43,composite_f2_s43_in22k_v5conf,last
ISIC_0031563,HAM_0001869,HAM_0001869,40-59,ham,5,False,5,0.009932671,0.00795602,0.005949332,0.06465189,0.005155459,0.865003,0.041351587,0.02304415,-7.6721716,0.02304415,composite,2,,43,composite_f2_s43_in22k_v5conf,last
ISIC_0031565,HAM_0000442,HAM_0000442,40-59,ham,4,True,5,0.012434178,0.003373106,0.014893504,0.06065305,0.002440703,0.8578974,0.048308022,0.018247988,-7.8915386,0.018247988,composite,2,,43,composite_f2_s43_in22k_v5conf,last
ISIC_0031567,HAM_0001803,HAM_0001803,60+,ham,5,False,5,0.012543649,0.008495831,0.005986429,0.07059214,0.015339603,0.846388,0.040654417,0.036379084,-4.7925463,0.036379084,composite,2,,43,composite_f2_s43_in22k_v5conf,last
ISIC_0031571,HAM_0003233,HAM_0003233,40-59,ham,5,False,5,0.0099852495,0.0071900995,0.0072175795,0.06647152,0.005330102,0.8630769,0.04072849,0.022505451,-6.1866846,0.022505451,composite,2,,43,composite_f2_s43_in22k_v5conf,last
ISIC_0031575,HAM_0000699,HAM_0000699,40-59,ham,5,False,5,0.0103522185,0.0069711832,0.007296857,0.06581511,0.0065844636,0.86195385,0.041026406,0.023907864,-6.4982433,0.023907864,composite,2,,43,composite_f2_s43_in22k_v5conf,last
ISIC_0031582,HAM_0006299,HAM_0006299,40-59,ham,5,False,5,0.01145224,0.0071169594,0.009524621,0.06695734,0.005933787,0.85335827,0.0456568,0.024502987,-6.6678076,0.024502987,composite,2,,43,composite_f2_s43_in22k_v5conf,last
ISIC_0031589,HAM_0002947,HAM_0002947,<40,ham,5,False,5,0.011108859,0.0074314014,0.0077729374,0.06660665,0.0059475084,0.8595698,0.0415628,0.02448777,-6.1390905,0.02448777,composite,2,,43,composite_f2_s43_in22k_v5conf,last
ISIC_0031595,HAM_0006645,HAM_0006645,40-59,ham,5,False,5,0.00901638,0.0073037418,0.006934822,0.06146258,0.014210325,0.8637295,0.037342705,0.030530445,-6.1514435,0.030530445,composite,2,,43,composite_f2_s43_in22k_v5conf,last
ISIC_0031602,HAM_0006913,HAM_0006913,60+,ham,5,False,4,0.015870962,0.006518031,0.008236986,0.06710154,0.85478604,0.00340296,0.044083506,0.87717503,8.158777,0.87717503,composite,2,,43,composite_f2_s43_in22k_v5conf,last
ISIC_0031604,HAM_0004792,HAM_0004792,40-59,ham,5,False,5,0.01154618,0.0069544776,0.0071666497,0.06652679,0.0055260113,0.8589911,0.043288846,0.02402667,-6.8595486,0.02402667,composite,2,,43,composite_f2_s43_in22k_v5conf,last
ISIC_0031605,HAM_0000972,HAM_0000972,60+,ham,5,False,5,0.010699465,0.007123024,0.005331501,0.06863398,0.0069950726,0.8587552,0.042461786,0.024817562,-5.1678467,0.024817562,composite,2,,43,composite_f2_s43_in22k_v5conf,last
ISIC_0031608,HAM_0004816,HAM_0004816,40-59,ham,5,False,5,0.011691715,0.0072717876,0.007143717,0.07326696,0.0064157937,0.8507283,0.043481745,0.025379296,-6.1386547,0.025379296,composite,2,,43,composite_f2_s43_in22k_v5conf,last
ISIC_0031611,HAM_0003710,HAM_0003710,60+,ham,5,False,5,0.010694637,0.006193696,0.00622363,0.061367095,0.003969114,0.8705037,0.04104811,0.020857448,-7.91648,0.020857448,composite,2,,43,composite_f2_s43_in22k_v5conf,last
ISIC_0031612,HAM_0005873,HAM_0005873,40-59,ham,5,False,5,0.011017625,0.0069455127,0.008220139,0.064170726,0.0078104576,0.86106735,0.040768106,0.025773596,-7.3523827,0.025773596,composite,2,,43,composite_f2_s43_in22k_v5conf,last
ISIC_0031618,HAM_0005339,HAM_0005339,<40,ham,5,False,5,0.010955044,0.0054641264,0.0072727087,0.06781527,0.004039796,0.85815424,0.04629875,0.020458966,-8.018195,0.020458966,composite,2,,43,composite_f2_s43_in22k_v5conf,last
ISIC_0031621,HAM_0000597,HAM_0000597,<40,ham,5,False,4,0.0069510806,0.006216984,0.0064693117,0.059753723,0.8748406,0.0064777667,0.039290413,0.88800865,6.925099,0.88800865,composite,2,,43,composite_f2_s43_in22k_v5conf,last
ISIC_0031625,HAM_0001862,HAM_0001862,40-59,ham,5,False,5,0.010460383,0.0069460273,0.0083929915,0.06492283,0.006797707,0.86350125,0.038978867,0.024204118,-5.96548,0.024204118,composite,2,,43,composite_f2_s43_in22k_v5conf,last
ISIC_0031628,HAM_0001315,HAM_0001315,60+,ham,5,False,5,0.011061803,0.0061854934,0.007037438,0.065655686,0.005348021,0.86427593,0.040435594,0.022595318,-6.166013,0.022595318,composite,2,,43,composite_f2_s43_in22k_v5conf,last
ISIC_0031629,HAM_0002489,HAM_0002489,40-59,ham,5,False,5,0.0088567,0.007027821,0.0072902637,0.06471567,0.0056812246,0.8646046,0.04182371,0.021565745,-7.6499443,0.021565745,composite,2,,43,composite_f2_s43_in22k_v5conf,last
ISIC_0031633,HAM_0001466,HAM_0001466,60+,ham,2,False,2,0.0067141894,0.0036514672,0.90513164,0.048433743,0.0034392618,0.003834338,0.028795434,0.013804918,-8.271404,0.013804918,composite,2,,43,composite_f2_s43_in22k_v5conf,last
ISIC_0031636,HAM_0003469,HAM_0003469,60+,ham,5,False,5,0.009546211,0.0064111343,0.006254214,0.06549457,0.005129345,0.8653051,0.04185946,0.02108669,-7.0560966,0.02108669,composite,2,,43,composite_f2_s43_in22k_v5conf,last
ISIC_0031641,HAM_0006405,HAM_0006405,<40,ham,5,False,5,0.011709515,0.006907178,0.007963787,0.06657726,0.004871802,0.8590386,0.042931903,0.023488495,-6.7813463,0.023488495,composite,2,,43,composite_f2_s43_in22k_v5conf,last
ISIC_0031644,HAM_0005925,HAM_0005925,60+,ham,5,False,5,0.026169112,0.004753273,0.20916586,0.07149749,0.009123533,0.64469844,0.0345923,0.040045917,-7.985054,0.040045917,composite,2,,43,composite_f2_s43_in22k_v5conf,last
ISIC_0031647,HAM_0005088,HAM_0005088,40-59,ham,5,False,5,0.009991198,0.0077619096,0.0070604277,0.067851104,0.0062063127,0.8578952,0.043233823,0.02395942,-6.5659447,0.02395942,composite,2,,43,composite_f2_s43_in22k_v5conf,last
ISIC_0031660,HAM_0001316,HAM_0001316,40-59,ham,5,False,5,0.010705961,0.0068051447,0.0049601514,0.065908246,0.017536612,0.850902,0.043181892,0.035047717,-5.4790316,0.035047717,composite,2,,43,composite_f2_s43_in22k_v5conf,last
ISIC_0031666,HAM_0000775,HAM_0000775,40-59,ham,4,True,4,0.008434187,0.012019213,0.0057988875,0.06811605,0.86728656,0.009374692,0.028970426,0.88773996,7.4333405,0.88773996,composite,2,,43,composite_f2_s43_in22k_v5conf,last
ISIC_0031697,HAM_0003177,HAM_0003177,60+,ham,1,True,1,0.009338437,0.894611,0.0043627177,0.04942794,0.005843777,0.0037128984,0.03270325,0.9097932,8.264163,0.9097932,composite,2,,43,composite_f2_s43_in22k_v5conf,last
ISIC_0031700,HAM_0004127,HAM_0004127,40-59,ham,5,False,5,0.034264915,0.008192695,0.010393081,0.08657249,0.0044276724,0.8038595,0.052289657,0.04688528,-7.6736093,0.04688528,composite,2,,43,composite_f2_s43_in22k_v5conf,last
ISIC_0031701,HAM_0005142,HAM_0005142,60+,ham,5,False,5,0.0111337695,0.0066790413,0.007889139,0.06889498,0.005526993,0.8563363,0.043539822,0.023339804,-6.7857656,0.023339804,composite,2,,43,composite_f2_s43_in22k_v5conf,last
ISIC_0031703,HAM_0005327,HAM_0005327,<40,ham,5,False,5,0.0118297255,0.0067607225,0.006611741,0.06763901,0.0057776887,0.85868263,0.042698506,0.024368137,-7.4200964,0.024368137,composite,2,,43,composite_f2_s43_in22k_v5conf,last
ISIC_0031706,HAM_0000934,HAM_0000934,60+,ham,6,False,6,0.0013624803,0.00071665086,0.0007402761,0.006744705,0.00042262368,0.0006232793,0.9893901,0.0025017548,-7.7300367,0.0025017548,composite,2,,43,composite_f2_s43_in22k_v5conf,last
ISIC_0031708,HAM_0002865,HAM_0002865,<40,ham,5,False,5,0.011022539,0.007288483,0.007051996,0.065271795,0.0054192133,0.86163664,0.042309403,0.023730235,-7.7316394,0.023730235,composite,2,,43,composite_f2_s43_in22k_v5conf,last
ISIC_0031709,HAM_0000282,HAM_0000282,60+,ham,4,True,5,0.025520654,0.0013278888,0.0024968928,0.029877987,0.0030996155,0.9169855,0.020691382,0.029948158,-5.636698,0.029948158,composite,2,,43,composite_f2_s43_in22k_v5conf,last
ISIC_0031711,HAM_0002011,HAM_0002011,40-59,ham,4,True,4,0.0077333646,0.0046241772,0.0046559344,0.06771333,0.87058467,0.008592771,0.036095724,0.8829422,6.5317082,0.8829422,composite,2,,43,composite_f2_s43_in22k_v5conf,last
ISIC_0031723,HAM_0006818,HAM_0006818,40-59,ham,5,False,5,0.010780032,0.0076082293,0.007141919,0.06538846,0.0061954414,0.861031,0.041855045,0.024583701,-6.097234,0.024583701,composite,2,,43,composite_f2_s43_in22k_v5conf,last
ISIC_0031725,HAM_0006706,HAM_0006706,unknown,ham,5,False,4,0.018048014,0.00970312,0.010607038,0.12535687,0.4328371,0.31948587,0.083961934,0.46058825,0.61354613,0.46058825,composite,2,,43,composite_f2_s43_in22k_v5conf,last
ISIC_0031737,HAM_0006007,HAM_0006007,40-59,ham,5,False,5,0.009896861,0.008585591,0.0060116984,0.066900775,0.005760027,0.8624893,0.040355746,0.02424248,-6.3391495,0.02424248,composite,2,,43,composite_f2_s43_in22k_v5conf,last
ISIC_0031738,HAM_0005766,HAM_0005766,60+,ham,0,True,0,0.95107865,0.00588446,0.0012934415,0.024617804,0.0015754587,0.0005338956,0.015016289,0.9585386,9.75704,0.9585386,composite,2,,43,composite_f2_s43_in22k_v5conf,last
ISIC_0031740,HAM_0005934,HAM_0005934,40-59,ham,5,False,5,0.010318703,0.0064834114,0.0064791963,0.06666599,0.0066530486,0.8630377,0.04036196,0.023455162,-6.0315914,0.023455162,composite,2,,43,composite_f2_s43_in22k_v5conf,last
ISIC_0031742,HAM_0001803,HAM_0001803,60+,ham,5,False,5,0.0123420935,0.007497468,0.006943633,0.06947678,0.0049513783,0.85851985,0.040268775,0.02479094,-7.4034758,0.02479094,composite,2,,43,composite_f2_s43_in22k_v5conf,last
ISIC_0031743,HAM_0005505,HAM_0005505,40-59,ham,0,True,0,0.95289814,0.002317914,0.0028827942,0.020467902,0.0023259846,0.0013244115,0.017782804,0.95754206,7.355137,0.95754206,composite,2,,43,composite_f2_s43_in22k_v5conf,last
ISIC_0031744,HAM_0006667,HAM_0006667,<40,ham,5,False,5,0.00944225,0.0064988383,0.0062951967,0.06440797,0.0060366234,0.8646755,0.042643577,0.021977711,-6.0007277,0.021977711,composite,2,,43,composite_f2_s43_in22k_v5conf,last
ISIC_0031747,HAM_0003213,HAM_0003213,40-59,ham,5,False,5,0.011409523,0.008118953,0.006220465,0.06847955,0.013700713,0.8486944,0.043376364,0.033229187,-4.0003166,0.033229187,composite,2,,43,composite_f2_s43_in22k_v5conf,last
ISIC_0031752,HAM_0007331,HAM_0007331,40-59,ham,5,False,5,0.011744598,0.007824957,0.007873479,0.06658581,0.00600625,0.8555809,0.04438398,0.025575805,-6.5752015,0.025575805,composite,2,,43,composite_f2_s43_in22k_v5conf,last
ISIC_0031760,HAM_0004336,HAM_0004336,40-59,ham,5,False,5,0.010258768,0.0070317974,0.0066512227,0.06614552,0.005393832,0.86375093,0.040767983,0.022684399,-6.796812,0.022684399,composite,2,,43,composite_f2_s43_in22k_v5conf,last
ISIC_0031762,HAM_0007428,HAM_0007428,60+,ham,1,True,1,0.008177539,0.894466,0.004854207,0.050646756,0.0049985335,0.0046964022,0.032160614,0.907642,7.8314795,0.907642,composite,2,,43,composite_f2_s43_in22k_v5conf,last
ISIC_0031766,HAM_0004945,HAM_0004945,60+,ham,2,False,4,0.004757872,0.00087922346,0.0038504817,0.04523816,0.91158503,0.003773593,0.029915601,0.91722214,6.77919,0.91722214,composite,2,,43,composite_f2_s43_in22k_v5conf,last
ISIC_0031769,HAM_0006861,HAM_0006861,40-59,ham,5,False,5,0.011331363,0.0056920038,0.011297151,0.057984658,0.0033461966,0.8646068,0.04574183,0.020369563,-8.332526,0.020369563,composite,2,,43,composite_f2_s43_in22k_v5conf,last
ISIC_0031781,HAM_0004263,HAM_0004263,40-59,ham,5,False,5,0.010547779,0.0069750147,0.005615287,0.064356886,0.0058853202,0.86374485,0.042874813,0.023408113,-6.0732927,0.023408113,composite,2,,43,composite_f2_s43_in22k_v5conf,last
ISIC_0031791,HAM_0004742,HAM_0004742,40-59,ham,5,False,5,0.008922207,0.0067049395,0.0068477443,0.068142325,0.006104713,0.85922813,0.04404995,0.02173186,-7.3394246,0.02173186,composite,2,,43,composite_f2_s43_in22k_v5conf,last
ISIC_0031794,HAM_0006616,HAM_0006616,60+,ham,5,False,5,0.009961423,0.0071497187,0.0069580884,0.0720836,0.009007316,0.8515461,0.04329373,0.026118457,-6.822659,0.026118457,composite,2,,43,composite_f2_s43_in22k_v5conf,last
ISIC_0031803,HAM_0002587,HAM_0002587,60+,ham,5,False,5,0.010592267,0.0075121885,0.007111848,0.066077225,0.0075267563,0.8577675,0.043412194,0.025631212,-7.2751694,0.025631212,composite,2,,43,composite_f2_s43_in22k_v5conf,last
ISIC_0031806,HAM_0003142,HAM_0003142,60+,ham,5,False,1,0.00267418,0.7095536,0.013687617,0.0741973,0.13839595,0.01988712,0.041604303,0.8506237,6.551534,0.8506237,composite,2,,43,composite_f2_s43_in22k_v5conf,last
ISIC_0031810,HAM_0000544,HAM_0000544,60+,ham,5,False,5,0.0095173735,0.0066045085,0.0058701616,0.06665398,0.004807986,0.8644711,0.042074934,0.02092987,-6.828367,0.02092987,composite,2,,43,composite_f2_s43_in22k_v5conf,last
ISIC_0031811,HAM_0003113,HAM_0003113,60+,ham,5,False,5,0.010284292,0.0072997827,0.007835644,0.06862641,0.0059614275,0.8569606,0.043031845,0.023545502,-7.330316,0.023545502,composite,2,,43,composite_f2_s43_in22k_v5conf,last
ISIC_0031815,HAM_0002760,HAM_0002760,<40,ham,5,False,5,0.010438713,0.007203113,0.0063067395,0.065889746,0.006485207,0.8599542,0.043722335,0.024127033,-5.5471945,0.024127033,composite,2,,43,composite_f2_s43_in22k_v5conf,last
ISIC_0031820,HAM_0000161,HAM_0000161,60+,ham,5,False,5,0.011109116,0.007152764,0.009908111,0.06633632,0.0052981772,0.85752714,0.042668432,0.023560056,-6.8214617,0.023560056,composite,2,,43,composite_f2_s43_in22k_v5conf,last
ISIC_0031822,HAM_0000597,HAM_0000597,<40,ham,5,False,4,0.0076028337,0.0065946677,0.006172377,0.061785396,0.870112,0.006841138,0.04089156,0.88430953,6.974693,0.88430953,composite,2,,43,composite_f2_s43_in22k_v5conf,last
ISIC_0031838,HAM_0002517,HAM_0002517,60+,ham,5,False,5,0.011604819,0.0071197916,0.00954408,0.067646995,0.0042633116,0.8578142,0.042006847,0.022987923,-7.746935,0.022987923,composite,2,,43,composite_f2_s43_in22k_v5conf,last
ISIC_0031843,HAM_0001471,HAM_0001471,40-59,ham,5,False,5,0.011002954,0.007007179,0.0062350244,0.06971412,0.0073036323,0.8530921,0.045645006,0.025313765,-5.911667,0.025313765,composite,2,,43,composite_f2_s43_in22k_v5conf,last
ISIC_0031853,HAM_0003789,HAM_0003789,40-59,ham,2,False,4,0.01920524,0.0066518737,0.17286542,0.10092162,0.569996,0.07376494,0.056594912,0.5958531,0.8034583,0.5958531,composite,2,,43,composite_f2_s43_in22k_v5conf,last
ISIC_0031878,HAM_0004950,HAM_0004950,60+,ham,5,False,5,0.013049139,0.009204355,0.013508027,0.0717848,0.009314274,0.83562243,0.04751698,0.031567767,-5.261691,0.031567767,composite,2,,43,composite_f2_s43_in22k_v5conf,last
ISIC_0031896,HAM_0003027,HAM_0003027,<40,ham,5,False,5,0.011834206,0.0061608427,0.04500534,0.058236707,0.011890595,0.8323288,0.034543604,0.029885642,-5.961637,0.029885642,composite,2,,43,composite_f2_s43_in22k_v5conf,last
ISIC_0031900,HAM_0001113,HAM_0001113,40-59,ham,4,True,4,0.008182161,0.0033985032,0.006641881,0.05067771,0.89555633,0.0033167074,0.032226693,0.907137,7.168733,0.907137,composite,2,,43,composite_f2_s43_in22k_v5conf,last
ISIC_0031903,HAM_0003281,HAM_0003281,60+,ham,2,False,2,0.007058655,0.0035898227,0.92069066,0.03802458,0.0032350717,0.002390171,0.025011081,0.01388355,-7.215869,0.01388355,composite,2,,43,composite_f2_s43_in22k_v5conf,last
ISIC_0031906,HAM_0004893,HAM_0004893,40-59,ham,5,False,5,0.010533017,0.008461879,0.008557262,0.06830124,0.011343316,0.8535431,0.039260264,0.030338213,-4.991913,0.030338213,composite,2,,43,composite_f2_s43_in22k_v5conf,last
ISIC_0031925,HAM_0001707,HAM_0001707,60+,ham,1,True,1,0.0068981056,0.90831757,0.0047113723,0.044510502,0.0024093958,0.002577673,0.030575339,0.91762507,7.7777224,0.91762507,composite,2,,43,composite_f2_s43_in22k_v5conf,last
ISIC_0031933,HAM_0004680,HAM_0001455,<40,ham,5,False,5,0.011139454,0.0071331775,0.007787101,0.07341971,0.005155207,0.851695,0.04367039,0.023427838,-7.439336,0.023427838,composite,2,,43,composite_f2_s43_in22k_v5conf,last
ISIC_0031948,HAM_0001276,HAM_0001276,60+,ham,5,False,5,0.0118039735,0.007058019,0.008043257,0.06464371,0.0056616585,0.8593964,0.043392953,0.024523651,-7.4350047,0.024523651,composite,2,,43,composite_f2_s43_in22k_v5conf,last
ISIC_0031949,HAM_0007412,HAM_0007412,60+,ham,5,False,5,0.009492439,0.006791424,0.00583291,0.06647799,0.0054804664,0.8646625,0.04126217,0.021764329,-5.9011154,0.021764329,composite,2,,43,composite_f2_s43_in22k_v5conf,last
ISIC_0031955,HAM_0001091,HAM_0001091,<40,ham,6,False,5,0.011352508,0.00921429,0.00964058,0.07389363,0.005389052,0.82709837,0.063411534,0.02595585,-6.401538,0.02595585,composite,2,,43,composite_f2_s43_in22k_v5conf,last
ISIC_0031958,HAM_0006433,HAM_0006433,60+,ham,4,True,4,0.011869774,0.005265693,0.00789281,0.074210115,0.835503,0.011037268,0.05422133,0.8526384,5.6861706,0.8526384,composite,2,,43,composite_f2_s43_in22k_v5conf,last
ISIC_0031973,HAM_0000378,HAM_0000378,<40,ham,5,False,5,0.0103196325,0.0059206975,0.0063972166,0.05831047,0.005522308,0.8746569,0.03887272,0.02176264,-7.2893763,0.02176264,composite,2,,43,composite_f2_s43_in22k_v5conf,last
ISIC_0031977,HAM_0006828,HAM_0006828,60+,ham,4,True,5,0.010035853,0.00657056,0.0090861,0.06584564,0.005427243,0.85704434,0.045990214,0.022033656,-7.4872694,0.022033656,composite,2,,43,composite_f2_s43_in22k_v5conf,last
ISIC_0031980,HAM_0001608,HAM_0001608,60+,ham,2,False,2,0.00491432,0.003443744,0.9039845,0.048415188,0.004237496,0.0049132565,0.030091546,0.01259556,-7.93905,0.01259556,composite,2,,43,composite_f2_s43_in22k_v5conf,last
ISIC_0031985,HAM_0000406,HAM_0000406,<40,ham,5,False,5,0.010089394,0.0067790104,0.006816023,0.06450703,0.005141997,0.8646734,0.04199328,0.0220104,-7.8444357,0.0220104,composite,2,,43,composite_f2_s43_in22k_v5conf,last
ISIC_0032003,HAM_0000751,HAM_0000751,<40,ham,5,False,5,0.011134634,0.007455803,0.006951468,0.06668808,0.0061026285,0.85771096,0.043956406,0.024693066,-7.2898498,0.024693066,composite,2,,43,composite_f2_s43_in22k_v5conf,last
ISIC_0032006,HAM_0003452,HAM_0003452,60+,ham,2,False,2,0.0040283166,0.010039564,0.8894935,0.053915597,0.0020155448,0.007804856,0.032702655,0.016083425,-7.68556,0.016083425,composite,2,,43,composite_f2_s43_in22k_v5conf,last
ISIC_0032007,HAM_0007477,HAM_0007477,<40,ham,5,False,5,0.016874444,0.0110375015,0.007121789,0.10553012,0.10010437,0.69764525,0.061686505,0.12801632,-2.4616334,0.12801632,composite,2,,43,composite_f2_s43_in22k_v5conf,last
ISIC_0032008,HAM_0004667,HAM_0004667,40-59,ham,5,False,5,0.01099255,0.006582956,0.012024884,0.06818219,0.006414822,0.8423922,0.053410344,0.023990327,-7.71053,0.023990327,composite,2,,43,composite_f2_s43_in22k_v5conf,last
ISIC_0032013,HAM_0002299,HAM_0002299,60+,ham,2,False,2,0.031128205,0.005193732,0.87204736,0.056942634,0.0038875781,0.0015416848,0.029258925,0.040209517,-4.9029126,0.040209517,composite,2,,43,composite_f2_s43_in22k_v5conf,last
ISIC_0032017,HAM_0007368,HAM_0007368,60+,ham,4,True,2,0.016067905,0.014166664,0.8707315,0.061368342,0.0034603376,0.0015421092,0.032663092,0.033694908,-4.943713,0.033694908,composite,2,,43,composite_f2_s43_in22k_v5conf,last
ISIC_0032029,HAM_0005519,HAM_0005519,40-59,ham,5,False,5,0.009899872,0.007797799,0.0074422406,0.06192118,0.005208301,0.86520916,0.042521473,0.022905972,-7.6686635,0.022905972,composite,2,,43,composite_f2_s43_in22k_v5conf,last
ISIC_0032038,HAM_0001998,HAM_0001998,40-59,ham,5,False,5,0.010828144,0.0065920483,0.0063580833,0.06695331,0.005333628,0.8615841,0.042350627,0.02275382,-6.5283575,0.02275382,composite,2,,43,composite_f2_s43_in22k_v5conf,last
ISIC_0032042,HAM_0002364,HAM_0002364,<40,ham,5,False,5,0.008821604,0.0059694196,0.009552748,0.06545087,0.0032420186,0.87051004,0.036453266,0.018033043,-8.66777,0.018033043,composite,2,,43,composite_f2_s43_in22k_v5conf,last
ISIC_0032043,HAM_0005420,HAM_0005420,40-59,ham,2,False,5,0.014035588,0.008987138,0.011651003,0.065139614,0.0054661515,0.8524967,0.042223845,0.028488878,-6.88622,0.028488878,composite,2,,43,composite_f2_s43_in22k_v5conf,last
ISIC_0032056,HAM_0004306,HAM_0004306,60+,ham,5,False,5,0.011617696,0.006991996,0.008559684,0.06684612,0.0048122704,0.85760224,0.04357002,0.023421962,-7.1816173,0.023421962,composite,2,,43,composite_f2_s43_in22k_v5conf,last
ISIC_0032063,HAM_0006630,HAM_0006630,40-59,ham,2,False,2,0.0049961614,0.0028638153,0.89705855,0.04987574,0.0021813984,0.0020328788,0.040991485,0.010041376,-8.5557375,0.010041376,composite,2,,43,composite_f2_s43_in22k_v5conf,last
ISIC_0032069,HAM_0006535,HAM_0006535,40-59,ham,5,False,5,0.00972134,0.006779298,0.00702778,0.06544245,0.0061250967,0.8629714,0.041932624,0.022625733,-6.1699977,0.022625733,composite,2,,43,composite_f2_s43_in22k_v5conf,last
ISIC_0032072,HAM_0004593,HAM_0004593,60+,ham,4,True,5,0.0148395635,0.003364664,0.021078445,0.20844422,0.10489088,0.58834267,0.059039615,0.12309511,-4.0036573,0.12309511,composite,2,,43,composite_f2_s43_in22k_v5conf,last
ISIC_0032074,HAM_0003710,HAM_0003710,60+,ham,5,False,5,0.011472415,0.0074694618,0.0069752038,0.06881928,0.0049129277,0.85604817,0.044302523,0.023854805,-7.824931,0.023854805,composite,2,,43,composite_f2_s43_in22k_v5conf,last
ISIC_0032076,HAM_0005155,HAM_0005155,60+,ham,6,False,6,0.0015464529,0.0008771363,0.00087396504,0.007891317,0.0007191248,0.00065314065,0.98743886,0.003142714,-7.498028,0.003142714,composite,2,,43,composite_f2_s43_in22k_v5conf,last
ISIC_0032086,HAM_0002973,HAM_0002973,40-59,ham,5,False,5,0.008668198,0.009240445,0.0062018395,0.06922018,0.00446539,0.8609281,0.041275807,0.022374034,-7.913965,0.022374034,composite,2,,43,composite_f2_s43_in22k_v5conf,last
ISIC_0032087,HAM_0001323,HAM_0001323,40-59,ham,5,False,5,0.009516307,0.0064617647,0.006219115,0.066698715,0.0054692705,0.8636569,0.04197795,0.021447342,-6.8910646,0.021447342,composite,2,,43,composite_f2_s43_in22k_v5conf,last
ISIC_0032090,HAM_0004479,HAM_0004479,40-59,ham,5,False,1,0.02391816,0.44797012,0.00792878,0.1184209,0.010281807,0.2936814,0.09779884,0.48217008,1.3156374,0.48217008,composite,2,,43,composite_f2_s43_in22k_v5conf,last
ISIC_0032091,HAM_0003114,HAM_0003114,40-59,ham,5,False,5,0.0114045525,0.006399882,0.0063277045,0.06532143,0.004809688,0.8622149,0.043521825,0.022614121,-7.3047905,0.022614121,composite,2,,43,composite_f2_s43_in22k_v5conf,last
ISIC_0032106,HAM_0004526,HAM_0004526,40-59,ham,5,False,5,0.00937269,0.0062795295,0.005804396,0.06601799,0.0045685074,0.86736065,0.040596243,0.020220727,-6.8618445,0.020220727,composite,2,,43,composite_f2_s43_in22k_v5conf,last
ISIC_0032135,HAM_0003144,HAM_0003144,60+,ham,0,True,0,0.8100044,0.003021898,0.061471183,0.07673675,0.004505113,0.0022701095,0.041990545,0.8175314,2.4331322,0.8175314,composite,2,,43,composite_f2_s43_in22k_v5conf,last
ISIC_0032145,HAM_0003760,HAM_0003760,40-59,ham,5,False,5,0.02639864,0.0076558143,0.0030647025,0.07727934,0.012455955,0.8355343,0.037611254,0.04651041,-4.739149,0.04651041,composite,2,,43,composite_f2_s43_in22k_v5conf,last
ISIC_0032147,HAM_0006867,HAM_0006867,<40,ham,5,False,5,0.010353897,0.0067562424,0.0067555145,0.06725542,0.0058337506,0.86061335,0.04243187,0.02294389,-6.4260955,0.02294389,composite,2,,43,composite_f2_s43_in22k_v5conf,last
ISIC_0032153,HAM_0001627,HAM_0001627,40-59,ham,5,False,5,0.008459327,0.006370955,0.008547851,0.0616675,0.0059892177,0.86923444,0.03973068,0.0208195,-6.188857,0.0208195,composite,2,,43,composite_f2_s43_in22k_v5conf,last
ISIC_0032155,HAM_0002052,HAM_0002052,40-59,ham,5,False,5,0.009645613,0.0064537236,0.007277211,0.06555368,0.0053877183,0.86497605,0.04070592,0.021487055,-6.5697727,0.021487055,composite,2,,43,composite_f2_s43_in22k_v5conf,last
ISIC_0032157,HAM_0000353,HAM_0000353,<40,ham,5,False,5,0.012810562,0.0072296197,0.0046899165,0.075638734,0.017704308,0.83891094,0.04301589,0.03774449,-5.257107,0.03774449,composite,2,,43,composite_f2_s43_in22k_v5conf,last
ISIC_0032160,HAM_0004874,HAM_0004874,60+,ham,5,False,5,0.009864424,0.0067220083,0.006373478,0.065208696,0.005331277,0.8646728,0.041827407,0.021917708,-5.9409986,0.021917708,composite,2,,43,composite_f2_s43_in22k_v5conf,last
ISIC_0032165,HAM_0003345,HAM_0003345,60+,ham,5,False,5,0.010518979,0.00753819,0.008095832,0.06605356,0.004333966,0.8596611,0.04379843,0.022391135,-8.155839,0.022391135,composite,2,,43,composite_f2_s43_in22k_v5conf,last
ISIC_0032166,HAM_0001960,HAM_0001960,40-59,ham,5,False,5,0.010319131,0.0077345045,0.0056347474,0.065778114,0.0064520873,0.8621612,0.041920148,0.024505723,-6.261615,0.024505723,composite,2,,43,composite_f2_s43_in22k_v5conf,last
ISIC_0032176,HAM_0001769,HAM_0001769,60+,ham,5,False,5,0.23378783,0.0051747174,0.16979212,0.2004651,0.024381997,0.28975,0.07664823,0.26334456,-4.0424557,0.26334456,composite,2,,43,composite_f2_s43_in22k_v5conf,last
ISIC_0032184,HAM_0004866,HAM_0004866,60+,ham,5,False,5,0.010448523,0.007066235,0.008999535,0.06850025,0.006907587,0.8566522,0.041425694,0.024422344,-7.315229,0.024422344,composite,2,,43,composite_f2_s43_in22k_v5conf,last
ISIC_0032194,HAM_0003596,HAM_0003596,40-59,ham,1,True,1,0.009381364,0.8967115,0.006737312,0.04951169,0.004245544,0.003538483,0.029874118,0.9103384,7.7559,0.9103384,composite,2,,43,composite_f2_s43_in22k_v5conf,last
ISIC_0032206,HAM_0001302,HAM_0001302,40-59,ham,0,True,2,0.2113458,0.010186143,0.6016598,0.123168856,0.0031400423,0.009596505,0.040902857,0.224672,-2.426578,0.224672,composite,2,,43,composite_f2_s43_in22k_v5conf,last
ISIC_0032215,HAM_0002050,HAM_0002050,40-59,ham,2,False,2,0.0072909747,0.0047696624,0.89357436,0.05283911,0.0035003454,0.004244911,0.033780597,0.015560982,-7.951416,0.015560982,composite,2,,43,composite_f2_s43_in22k_v5conf,last
ISIC_0032236,HAM_0006105,HAM_0006105,40-59,ham,5,False,5,0.008931757,0.0073118997,0.0065705664,0.06552642,0.003583631,0.86854774,0.03952802,0.019827288,-8.058762,0.019827288,composite,2,,43,composite_f2_s43_in22k_v5conf,last
ISIC_0032238,HAM_0000688,HAM_0000688,60+,ham,0,True,0,0.89501405,0.03246479,0.0025881089,0.04204116,0.002839856,0.0013738686,0.023678167,0.9303187,9.330854,0.9303187,composite,2,,43,composite_f2_s43_in22k_v5conf,last
ISIC_0032241,HAM_0000882,HAM_0000882,40-59,ham,5,False,5,0.010141272,0.0074740825,0.0061994414,0.06761802,0.0059897164,0.86017066,0.042406812,0.023605071,-5.8681335,0.023605071,composite,2,,43,composite_f2_s43_in22k_v5conf,last
ISIC_0032251,HAM_0001764,HAM_0001764,40-59,ham,5,False,5,0.0027804715,0.009211213,0.008151734,0.08309834,0.002724379,0.8692517,0.024782069,0.014716065,-7.8504477,0.014716065,composite,2,,43,composite_f2_s43_in22k_v5conf,last
ISIC_0032253,HAM_0001764,HAM_0001764,40-59,ham,5,False,1,0.078150176,0.39872873,0.04037419,0.15525159,0.069494255,0.15296957,0.10503157,0.5463732,3.1304467,0.5463732,composite,2,,43,composite_f2_s43_in22k_v5conf,last
ISIC_0032270,HAM_0005270,HAM_0005270,60+,ham,6,False,5,0.013167065,0.011826745,0.0044165086,0.07137492,0.014886092,0.8375109,0.04681777,0.039879903,-5.5157886,0.039879903,composite,2,,43,composite_f2_s43_in22k_v5conf,last
ISIC_0032272,HAM_0005917,HAM_0005917,40-59,ham,5,False,5,0.0104131745,0.007742259,0.0067840284,0.066504985,0.007455606,0.859559,0.041541044,0.02561104,-5.096713,0.02561104,composite,2,,43,composite_f2_s43_in22k_v5conf,last
ISIC_0032281,HAM_0004174,HAM_0004174,40-59,ham,5,False,5,0.013440277,0.015857039,0.015119181,0.08227871,0.0569566,0.7810503,0.03529781,0.08625392,-4.393881,0.08625392,composite,2,,43,composite_f2_s43_in22k_v5conf,last
ISIC_0032283,HAM_0003021,HAM_0003021,60+,ham,2,False,1,0.0045667225,0.89685637,0.0050032767,0.048041444,0.008645748,0.004274736,0.032611735,0.91006887,7.7380924,0.91006887,composite,2,,43,composite_f2_s43_in22k_v5conf,last
ISIC_0032288,HAM_0006100,HAM_0006100,40-59,ham,5,False,5,0.00993243,0.0074191513,0.0075405044,0.06599903,0.005621317,0.8623534,0.0411342,0.0229729,-6.407865,0.0229729,composite,2,,43,composite_f2_s43_in22k_v5conf,last
ISIC_0032298,HAM_0000694,HAM_0000694,60+,ham,5,False,5,0.009451288,0.006374867,0.0060238233,0.0641036,0.0050750305,0.86822593,0.040745355,0.020901185,-6.943724,0.020901185,composite,2,,43,composite_f2_s43_in22k_v5conf,last
ISIC_0032306,HAM_0001853,HAM_0001853,40-59,ham,2,False,2,0.0054866285,0.006796885,0.8945591,0.05705368,0.0035932518,0.0037374417,0.028773164,0.015876764,-7.7945733,0.015876764,composite,2,,43,composite_f2_s43_in22k_v5conf,last
ISIC_0032321,HAM_0006859,HAM_0006859,<40,ham,5,False,5,0.01032277,0.006432259,0.0068993457,0.06598305,0.005336053,0.8623476,0.042678945,0.022091083,-7.33609,0.022091083,composite,2,,43,composite_f2_s43_in22k_v5conf,last
ISIC_0032322,HAM_0004564,HAM_0004564,<40,ham,5,False,5,0.011900798,0.006503489,0.007398145,0.06966559,0.00694314,0.8538218,0.043767035,0.025347427,-6.9756684,0.025347427,composite,2,,43,composite_f2_s43_in22k_v5conf,last
ISIC_0032334,HAM_0006197,HAM_0006197,40-59,ham,5,False,4,0.008585361,0.0046105743,0.006355997,0.06271658,0.8690432,0.005590816,0.043097425,0.8822391,6.2995763,0.8822391,composite,2,,43,composite_f2_s43_in22k_v5conf,last
ISIC_0032338,HAM_0004024,HAM_0004024,60+,ham,5,False,5,0.010170706,0.0070414986,0.006869784,0.06627596,0.004915266,0.8626236,0.042103153,0.02212747,-7.603037,0.02212747,composite,2,,43,composite_f2_s43_in22k_v5conf,last
ISIC_0032357,HAM_0007098,HAM_0007098,40-59,ham,5,False,5,0.010388531,0.0075478912,0.0088096885,0.06639086,0.005545862,0.85922134,0.042095866,0.023482284,-6.303872,0.023482284,composite,2,,43,composite_f2_s43_in22k_v5conf,last
ISIC_0032360,HAM_0001622,HAM_0001622,40-59,ham,5,False,5,0.010661012,0.006533289,0.0067717503,0.064089365,0.0049259807,0.8649146,0.042103957,0.022120282,-7.2052045,0.022120282,composite,2,,43,composite_f2_s43_in22k_v5conf,last
ISIC_0032369,HAM_0003079,HAM_0003079,40-59,ham,5,False,5,0.011344442,0.007054717,0.0065088575,0.06564095,0.0053607407,0.86130965,0.042780668,0.0237599,-7.025017,0.0237599,composite,2,,43,composite_f2_s43_in22k_v5conf,last
ISIC_0032388,HAM_0000378,HAM_0000378,<40,ham,5,False,5,0.005846232,0.0043050903,0.004171077,0.06257225,0.009981466,0.8764224,0.036701504,0.02013279,-6.0327377,0.02013279,composite,2,,43,composite_f2_s43_in22k_v5conf,last
ISIC_0032396,HAM_0000876,HAM_0000876,40-59,ham,4,True,4,0.0069312714,0.0041558156,0.006805271,0.058174804,0.8865215,0.004045279,0.03336608,0.8976086,7.3852706,0.8976086,composite,2,,43,composite_f2_s43_in22k_v5conf,last
ISIC_0032399,HAM_0005677,HAM_0005677,40-59,ham,5,False,5,0.012236521,0.0076349746,0.0073072757,0.069930226,0.008319445,0.85051894,0.044052634,0.02819094,-5.68435,0.02819094,composite,2,,43,composite_f2_s43_in22k_v5conf,last
ISIC_0032403,HAM_0004032,HAM_0004032,40-59,ham,5,False,5,0.01029595,0.00743148,0.0076360134,0.07277183,0.0066433526,0.85079086,0.044430517,0.024370784,-5.8868732,0.024370784,composite,2,,43,composite_f2_s43_in22k_v5conf,last
ISIC_0032405,HAM_0004680,HAM_0001455,<40,ham,5,False,5,0.011388843,0.005879063,0.008774386,0.06559038,0.0037303618,0.8631278,0.041509103,0.020998267,-8.212295,0.020998267,composite,2,,43,composite_f2_s43_in22k_v5conf,last
ISIC_0032409,HAM_0001238,HAM_0001238,60+,ham,6,False,6,0.0012354903,0.00059768825,0.00093934865,0.0067707514,0.00082561874,0.00059401424,0.9890372,0.0026587974,-7.0636225,0.0026587974,composite,2,,43,composite_f2_s43_in22k_v5conf,last
ISIC_0032418,HAM_0004594,HAM_0004594,40-59,ham,5,False,5,0.010486331,0.007369775,0.007106441,0.06739823,0.0070117693,0.85902995,0.041597467,0.024867876,-5.8527927,0.024867876,composite,2,,43,composite_f2_s43_in22k_v5conf,last
ISIC_0032419,HAM_0004879,HAM_0004879,40-59,ham,5,False,5,0.009872868,0.006024499,0.0041812905,0.067054614,0.008570284,0.8660201,0.038276404,0.02446765,-4.5576468,0.02446765,composite,2,,43,composite_f2_s43_in22k_v5conf,last
ISIC_0032427,HAM_0005818,HAM_0005818,40-59,ham,5,False,5,0.009888589,0.007390565,0.0069953874,0.06529933,0.00690663,0.8607216,0.04279783,0.024185784,-6.672102,0.024185784,composite,2,,43,composite_f2_s43_in22k_v5conf,last
ISIC_0032430,HAM_0006942,HAM_0006942,40-59,ham,4,True,5,0.009045162,0.0076557593,0.20141111,0.07587535,0.020567944,0.6076395,0.07780523,0.037268866,-6.324411,0.037268866,composite,2,,43,composite_f2_s43_in22k_v5conf,last
ISIC_0032446,HAM_0002483,HAM_0002483,40-59,ham,5,False,5,0.010603239,0.007510827,0.008049643,0.06423962,0.007871917,0.858482,0.043242678,0.025985982,-6.333537,0.025985982,composite,2,,43,composite_f2_s43_in22k_v5conf,last
ISIC_0032455,HAM_0001337,HAM_0001337,60+,ham,0,True,0,0.9489812,0.0049210526,0.0029519517,0.025399148,0.000774752,0.00068016857,0.016291643,0.95467705,6.9263077,0.95467705,composite,2,,43,composite_f2_s43_in22k_v5conf,last
ISIC_0032466,HAM_0005061,HAM_0005061,60+,ham,4,True,4,0.0106222015,0.0071469224,0.0064331032,0.060526304,0.8670874,0.008017054,0.040166996,0.8848565,6.8285475,0.8848565,composite,2,,43,composite_f2_s43_in22k_v5conf,last
ISIC_0032467,HAM_0003234,HAM_0003234,40-59,ham,5,False,5,0.010942784,0.00738751,0.007427643,0.066321895,0.0054248488,0.8609629,0.04153236,0.023755144,-6.8919754,0.023755144,composite,2,,43,composite_f2_s43_in22k_v5conf,last
ISIC_0032479,HAM_0006500,HAM_0006500,40-59,ham,5,False,5,0.010721124,0.005536801,0.009375721,0.07012264,0.0050519267,0.8537279,0.045463853,0.021309853,-7.315047,0.021309853,composite,2,,43,composite_f2_s43_in22k_v5conf,last
ISIC_0032485,HAM_0003443,HAM_0003443,<40,ham,5,False,5,0.010933969,0.006969337,0.007921771,0.06491229,0.0048364317,0.8620178,0.042408418,0.022739738,-7.123082,0.022739738,composite,2,,43,composite_f2_s43_in22k_v5conf,last
ISIC_0032491,HAM_0001513,HAM_0001513,60+,ham,5,False,5,0.010743959,0.00793372,0.0064769555,0.06829375,0.0053571276,0.8579828,0.04321158,0.024034806,-6.151928,0.024034806,composite,2,,43,composite_f2_s43_in22k_v5conf,last
ISIC_0032500,HAM_0006860,HAM_0006860,40-59,ham,5,False,5,0.0102404915,0.00733027,0.007783211,0.063518055,0.0072441585,0.86239344,0.041490458,0.02481492,-5.537981,0.02481492,composite,2,,43,composite_f2_s43_in22k_v5conf,last
ISIC_0032501,HAM_0001467,HAM_0001467,<40,ham,5,False,5,0.0133869285,0.00802592,0.02325451,0.07172603,0.0048773214,0.8313854,0.047343858,0.02629017,-6.9928617,0.02629017,composite,2,,43,composite_f2_s43_in22k_v5conf,last
ISIC_0032505,HAM_0007077,HAM_0007077,40-59,ham,5,False,5,0.010070535,0.0076333047,0.00652984,0.066424616,0.007368161,0.857451,0.044522468,0.025072,-5.579687,0.025072,composite,2,,43,composite_f2_s43_in22k_v5conf,last
ISIC_0032507,HAM_0004725,HAM_0004725,40-59,ham,5,False,5,0.0122784935,0.0074267713,0.007832005,0.06755374,0.0056545497,0.855157,0.044097494,0.025359815,-6.7297125,0.025359815,composite,2,,43,composite_f2_s43_in22k_v5conf,last
ISIC_0032508,HAM_0000527,HAM_0000527,40-59,ham,2,False,2,0.008179689,0.0039972775,0.9034425,0.050410137,0.0035133732,0.0025553533,0.027901769,0.01569034,-7.650623,0.01569034,composite,2,,43,composite_f2_s43_in22k_v5conf,last
ISIC_0032511,HAM_0003620,HAM_0003620,60+,ham,4,True,4,0.0069284397,0.00477097,0.0057070847,0.057968024,0.8884483,0.003412225,0.032764997,0.90014774,7.9093723,0.90014774,composite,2,,43,composite_f2_s43_in22k_v5conf,last
ISIC_0032514,HAM_0003001,HAM_0003001,60+,ham,2,False,2,0.0068649114,0.012197051,0.34308928,0.090649925,0.25468647,0.22888827,0.06362409,0.27374843,-3.574555,0.27374843,composite,2,,43,composite_f2_s43_in22k_v5conf,last
ISIC_0032519,HAM_0005715,HAM_0005715,60+,ham,5,False,5,0.011263633,0.011183575,0.008146247,0.0821021,0.0034719736,0.8367157,0.04711679,0.025919182,-7.0805116,0.025919182,composite,2,,43,composite_f2_s43_in22k_v5conf,last
ISIC_0032526,HAM_0005249,HAM_0005249,40-59,ham,4,True,5,0.010971796,0.0058177453,0.0057658604,0.074379414,0.020673202,0.8352006,0.047191333,0.03746274,-5.810469,0.03746274,composite,2,,43,composite_f2_s43_in22k_v5conf,last
ISIC_0032530,HAM_0003676,HAM_0003676,<40,ham,5,False,5,0.021459721,0.033435013,0.03253281,0.12111966,0.05582183,0.67840815,0.057222854,0.11071657,-3.870222,0.11071657,composite,2,,43,composite_f2_s43_in22k_v5conf,last
ISIC_0032538,HAM_0004791,HAM_0004791,60+,ham,6,False,6,0.0009902559,0.0012606034,0.0013054932,0.009554969,0.0010007321,0.0008149185,0.98507303,0.0032515912,-7.235297,0.0032515912,composite,2,,43,composite_f2_s43_in22k_v5conf,last
ISIC_0032548,HAM_0002253,HAM_0002253,<40,ham,5,False,5,0.009560762,0.0059301932,0.0057668304,0.06359704,0.007640935,0.8633018,0.04420249,0.02313189,-7.067021,0.02313189,composite,2,,43,composite_f2_s43_in22k_v5conf,last
ISIC_0032549,HAM_0002244,HAM_0002244,<40,ham,5,False,5,0.011367379,0.0078462735,0.008686202,0.078819126,0.025301063,0.8177366,0.05024336,0.044514716,-5.25001,0.044514716,composite,2,,43,composite_f2_s43_in22k_v5conf,last
ISIC_0032563,HAM_0004963,HAM_0004963,40-59,ham,5,False,5,0.010228907,0.0056408285,0.01622881,0.08370239,0.0038214142,0.8379568,0.042420868,0.019691149,-8.102008,0.019691149,composite,2,,43,composite_f2_s43_in22k_v5conf,last
ISIC_0032564,HAM_0000321,HAM_0000321,60+,ham,4,True,4,0.024144474,0.08811043,0.0059709507,0.096582346,0.7264063,0.0034432353,0.05534232,0.8386612,10.502461,0.8386612,composite,2,,43,composite_f2_s43_in22k_v5conf,last
ISIC_0032576,HAM_0000790,HAM_0000790,60+,ham,2,False,2,0.011807582,0.0057114894,0.89341193,0.052777197,0.0054301047,0.0019077319,0.028953902,0.022949176,-6.3178115,0.022949176,composite,2,,43,composite_f2_s43_in22k_v5conf,last
ISIC_0032578,HAM_0007460,HAM_0007460,unknown,ham,5,False,5,0.010183003,0.0075836745,0.006869444,0.064560965,0.0046129827,0.86248094,0.043708898,0.02237966,-7.4843054,0.02237966,composite,2,,43,composite_f2_s43_in22k_v5conf,last
ISIC_0032589,HAM_0006218,HAM_0006218,60+,ham,5,False,5,0.0070462376,0.0047845123,0.005476829,0.06683337,0.004555777,0.86439574,0.046907473,0.016386528,-7.626549,0.016386528,composite,2,,43,composite_f2_s43_in22k_v5conf,last
ISIC_0032591,HAM_0004182,HAM_0004182,40-59,ham,5,False,5,0.010012599,0.006131384,0.0056343083,0.06932395,0.006112681,0.858494,0.044291057,0.022256665,-7.097915,0.022256665,composite,2,,43,composite_f2_s43_in22k_v5conf,last
ISIC_0032595,HAM_0004829,HAM_0004829,40-59,ham,5,False,5,0.0103065325,0.0068141418,0.007339148,0.06380036,0.0057367394,0.86586833,0.040134717,0.022857413,-7.380376,0.022857413,composite,2,,43,composite_f2_s43_in22k_v5conf,last
ISIC_0032617,HAM_0006101,HAM_0006101,60+,ham,4,True,4,0.026049094,0.0022005187,0.006156189,0.07503145,0.80422777,0.027017066,0.059317812,0.8324774,4.938095,0.8324774,composite,2,,43,composite_f2_s43_in22k_v5conf,last
ISIC_0032619,HAM_0006883,HAM_0006883,40-59,ham,5,False,5,0.0115319975,0.022079019,0.007944567,0.07709312,0.020120986,0.8125517,0.04867859,0.053732,-4.666703,0.053732,composite,2,,43,composite_f2_s43_in22k_v5conf,last
ISIC_0032621,HAM_0005760,HAM_0005760,40-59,ham,5,False,5,0.012576361,0.008578623,0.03622292,0.06580393,0.0045051444,0.8329727,0.039340258,0.02566013,-8.168133,0.02566013,composite,2,,43,composite_f2_s43_in22k_v5conf,last
ISIC_0032624,HAM_0004129,HAM_0004129,60+,ham,4,True,4,0.0042813737,0.005463277,0.0050666477,0.05505283,0.8886996,0.00593119,0.035505082,0.89844424,6.864215,0.89844424,composite,2,,43,composite_f2_s43_in22k_v5conf,last
ISIC_0032630,HAM_0003759,HAM_0003759,60+,ham,4,True,5,0.028958526,0.012125936,0.009274792,0.1531112,0.2773707,0.41580847,0.10335047,0.31845516,-0.6009346,0.31845516,composite,2,,43,composite_f2_s43_in22k_v5conf,last
ISIC_0032631,HAM_0001834,HAM_0001834,<40,ham,5,False,5,0.01013652,0.0064044306,0.00616805,0.06750363,0.0053683943,0.86187166,0.042547315,0.021909345,-7.8520164,0.021909345,composite,2,,43,composite_f2_s43_in22k_v5conf,last
ISIC_0032633,HAM_0007462,HAM_0007462,<40,ham,5,False,5,0.010673056,0.007913103,0.007191199,0.069406,0.0062778317,0.85337317,0.045165624,0.02486399,-7.5911665,0.02486399,composite,2,,43,composite_f2_s43_in22k_v5conf,last
ISIC_0032643,HAM_0004142,HAM_0004142,60+,ham,2,False,2,0.005149866,0.003285348,0.9133634,0.042042732,0.003703239,0.0034680788,0.028987274,0.012138452,-7.951684,0.012138452,composite,2,,43,composite_f2_s43_in22k_v5conf,last
ISIC_0032647,HAM_0003814,HAM_0003814,40-59,ham,5,False,5,0.010602174,0.0069612986,0.0065731895,0.06796509,0.0058288104,0.8564929,0.045576524,0.023392284,-7.1602354,0.023392284,composite,2,,43,composite_f2_s43_in22k_v5conf,last
ISIC_0032652,HAM_0004083,HAM_0004083,60+,ham,1,True,5,0.016639898,0.13370538,0.021679567,0.1324654,0.003891329,0.5875555,0.10406291,0.15423661,-5.186677,0.15423661,composite,2,,43,composite_f2_s43_in22k_v5conf,last
ISIC_0032654,HAM_0000790,HAM_0000790,60+,ham,2,False,2,0.011013272,0.0048356927,0.8952566,0.050456636,0.005858472,0.0018224076,0.030756956,0.021707436,-6.124576,0.021707436,composite,2,,43,composite_f2_s43_in22k_v5conf,last
ISIC_0032660,HAM_0002565,HAM_0002565,60+,ham,1,True,1,0.0038088893,0.87702304,0.010082221,0.045185164,0.01225091,0.006772308,0.044877462,0.89308286,4.75227,0.89308286,composite,2,,43,composite_f2_s43_in22k_v5conf,last
ISIC_0032662,HAM_0003386,HAM_0003386,60+,ham,4,True,5,0.008614499,0.007170225,0.007400217,0.062201206,0.018467922,0.85761213,0.03853377,0.034252644,-5.1619554,0.034252644,composite,2,,43,composite_f2_s43_in22k_v5conf,last
ISIC_0032702,HAM_0004814,HAM_0004814,60+,ham,5,False,5,0.009620456,0.007700295,0.0063005122,0.06375218,0.0063377274,0.8636618,0.042626947,0.02365848,-7.546005,0.02365848,composite,2,,43,composite_f2_s43_in22k_v5conf,last
ISIC_0032704,HAM_0002890,HAM_0002890,40-59,ham,5,False,4,0.03390324,0.010484875,0.009076631,0.078812025,0.81407094,0.004417424,0.049234748,0.85845906,8.353953,0.85845906,composite,2,,43,composite_f2_s43_in22k_v5conf,last
ISIC_0032714,HAM_0003346,HAM_0003346,40-59,ham,5,False,5,0.009194004,0.0058609378,0.00806211,0.06802705,0.004386553,0.86189324,0.042576045,0.019441495,-7.887003,0.019441495,composite,2,,43,composite_f2_s43_in22k_v5conf,last
ISIC_0032716,HAM_0000553,HAM_0000553,40-59,ham,4,True,4,0.011774339,0.0076588476,0.009120804,0.107595995,0.7551893,0.055065062,0.05359561,0.7746225,2.8063831,0.7746225,composite,2,,43,composite_f2_s43_in22k_v5conf,last
ISIC_0032717,HAM_0005363,HAM_0005363,60+,ham,5,False,5,0.009359697,0.0072789993,0.006692676,0.06696471,0.0051970556,0.8614868,0.043020025,0.021835752,-7.86671,0.021835752,composite,2,,43,composite_f2_s43_in22k_v5conf,last
ISIC_0032720,HAM_0006295,HAM_0006295,<40,ham,5,False,5,0.01018986,0.0075960723,0.0073919217,0.06366582,0.0069562704,0.86286706,0.041333057,0.024742203,-7.2781286,0.024742203,composite,2,,43,composite_f2_s43_in22k_v5conf,last
ISIC_0032721,HAM_0001916,HAM_0001916,<40,ham,5,False,5,0.010912124,0.0065351008,0.008327697,0.06690698,0.005115476,0.85561514,0.046587568,0.022562701,-7.421067,0.022562701,composite,2,,43,composite_f2_s43_in22k_v5conf,last
ISIC_0032725,HAM_0007384,HAM_0007384,60+,ham,2,False,2,0.0077895434,0.005137004,0.89692974,0.050778184,0.0035015156,0.003037279,0.032826662,0.016428063,-7.114758,0.016428063,composite,2,,43,composite_f2_s43_in22k_v5conf,last
ISIC_0032729,HAM_0004716,HAM_0004716,40-59,ham,5,False,5,0.009752744,0.0068615777,0.0060950196,0.06344688,0.0049937586,0.8655049,0.043345153,0.02160808,-7.6519833,0.02160808,composite,2,,43,composite_f2_s43_in22k_v5conf,last
ISIC_0032733,HAM_0000321,HAM_0000321,60+,ham,4,True,4,0.017572632,0.06359249,0.0045600696,0.08559846,0.7640668,0.008282922,0.056326598,0.84523195,9.58644,0.84523195,composite,2,,43,composite_f2_s43_in22k_v5conf,last
ISIC_0032741,HAM_0005478,HAM_0005478,60+,ham,1,True,1,0.005748515,0.8883772,0.005152213,0.05428687,0.0076221167,0.004344532,0.03446859,0.9017478,7.918558,0.9017478,composite,2,,43,composite_f2_s43_in22k_v5conf,last
ISIC_0032747,HAM_0001040,HAM_0001040,60+,ham,5,False,5,0.009072158,0.006193841,0.0058682947,0.06636809,0.005048386,0.8675508,0.03989843,0.020314384,-7.719532,0.020314384,composite,2,,43,composite_f2_s43_in22k_v5conf,last
ISIC_0032753,HAM_0002016,HAM_0002016,60+,ham,5,False,5,0.009431243,0.0057278243,0.006392114,0.06989217,0.0059885825,0.85649526,0.04607284,0.02114765,-7.2632346,0.02114765,composite,2,,43,composite_f2_s43_in22k_v5conf,last
ISIC_0032754,HAM_0003346,HAM_0003346,40-59,ham,5,False,5,0.009511575,0.0060626,0.0078873625,0.070033774,0.0050085443,0.8584032,0.04309294,0.020582719,-7.6666403,0.020582719,composite,2,,43,composite_f2_s43_in22k_v5conf,last
ISIC_0032757,HAM_0000527,HAM_0000527,40-59,ham,2,False,5,0.009515374,0.0051450734,0.023441695,0.08286701,0.005298826,0.82234037,0.051391616,0.019959275,-8.439464,0.019959275,composite,2,,43,composite_f2_s43_in22k_v5conf,last
ISIC_0032758,HAM_0006329,HAM_0006329,40-59,ham,5,False,5,0.010974588,0.0067527825,0.0072484626,0.068713985,0.004001611,0.8577377,0.044570886,0.021728981,-7.8899794,0.021728981,composite,2,,43,composite_f2_s43_in22k_v5conf,last
ISIC_0032761,HAM_0001740,HAM_0001740,<40,ham,5,False,5,0.009879778,0.007101172,0.0066360445,0.06684766,0.0051556085,0.8596587,0.044720985,0.022136558,-7.7876377,0.022136558,composite,2,,43,composite_f2_s43_in22k_v5conf,last
ISIC_0032768,HAM_0001138,HAM_0001138,40-59,ham,1,True,1,0.009193948,0.8676104,0.006535322,0.05886355,0.007351031,0.008729299,0.041716564,0.8841554,6.6831145,0.8841554,composite,2,,43,composite_f2_s43_in22k_v5conf,last
ISIC_0032769,HAM_0004444,HAM_0004444,40-59,ham,5,False,5,0.008773318,0.0063372953,0.0060271337,0.068339236,0.0053974558,0.859773,0.045352545,0.02050807,-7.5260553,0.02050807,composite,2,,43,composite_f2_s43_in22k_v5conf,last
ISIC_0032781,HAM_0001040,HAM_0001040,60+,ham,5,False,5,0.00947162,0.0067195813,0.006985244,0.06749147,0.0047798115,0.86281264,0.041739676,0.020971013,-7.9011307,0.020971013,composite,2,,43,composite_f2_s43_in22k_v5conf,last
ISIC_0032785,HAM_0004963,HAM_0004963,40-59,ham,5,False,5,0.010865936,0.0071945135,0.008701295,0.06676086,0.0049127024,0.8585025,0.043062236,0.022973152,-7.877173,0.022973152,composite,2,,43,composite_f2_s43_in22k_v5conf,last
ISIC_0032788,HAM_0003623,HAM_0003623,40-59,ham,5,False,4,0.0054653496,0.06128664,0.0044816863,0.091754615,0.7834922,0.0021572919,0.0513622,0.85024416,10.126885,0.85024416,composite,2,,43,composite_f2_s43_in22k_v5conf,last
ISIC_0032795,HAM_0005961,HAM_0005961,40-59,ham,5,False,5,0.009934357,0.0067305467,0.0061942255,0.068224154,0.00651424,0.8571988,0.04520371,0.023179144,-7.47899,0.023179144,composite,2,,43,composite_f2_s43_in22k_v5conf,last
ISIC_0032798,HAM_0002602,HAM_0002602,<40,ham,5,False,5,0.011003586,0.0069181276,0.007236993,0.06490331,0.005380727,0.862701,0.041856278,0.023302441,-7.830666,0.023302441,composite,2,,43,composite_f2_s43_in22k_v5conf,last
ISIC_0032800,HAM_0003817,HAM_0003817,40-59,ham,5,False,5,0.0115026,0.006666756,0.0072355806,0.06415518,0.005737251,0.8626852,0.042017516,0.023906607,-7.091424,0.023906607,composite,2,,43,composite_f2_s43_in22k_v5conf,last
ISIC_0032803,HAM_0005571,HAM_0005571,<40,ham,5,False,5,0.006289133,0.0055333395,0.0066270954,0.063220665,0.0069794613,0.8743551,0.036995284,0.018801933,-6.9863787,0.018801933,composite,2,,43,composite_f2_s43_in22k_v5conf,last
ISIC_0032805,HAM_0002016,HAM_0002016,60+,ham,5,False,5,0.009736572,0.0072409455,0.006925768,0.0693002,0.00540014,0.85812306,0.04327333,0.022377659,-7.318902,0.022377659,composite,2,,43,composite_f2_s43_in22k_v5conf,last
ISIC_0032809,HAM_0006078,HAM_0006078,<40,ham,5,False,5,0.007174932,0.0038898184,0.029724138,0.06402781,0.007471998,0.6770934,0.21061784,0.018536748,-7.9771214,0.018536748,composite,2,,43,composite_f2_s43_in22k_v5conf,last
ISIC_0032824,HAM_0004590,HAM_0004590,40-59,ham,5,False,5,0.009387699,0.0068611,0.0065830518,0.0667352,0.0053927507,0.86477274,0.04026738,0.02164155,-7.60618,0.02164155,composite,2,,43,composite_f2_s43_in22k_v5conf,last
ISIC_0032825,HAM_0005571,HAM_0005571,<40,ham,5,False,5,0.010435326,0.00776317,0.0066098236,0.07153012,0.008309248,0.84302986,0.052322455,0.026507743,-6.9326925,0.026507743,composite,2,,43,composite_f2_s43_in22k_v5conf,last
ISIC_0032851,HAM_0001908,HAM_0001908,40-59,ham,5,False,5,0.010943002,0.009566495,0.005505056,0.06851716,0.007850317,0.8490792,0.0485387,0.028359814,-6.5213757,0.028359814,composite,2,,43,composite_f2_s43_in22k_v5conf,last
ISIC_0032859,HAM_0005961,HAM_0005961,40-59,ham,5,False,5,0.010471142,0.0068192333,0.0077230413,0.06946932,0.0071689463,0.85222703,0.046121214,0.024459323,-7.1345363,0.024459323,composite,2,,43,composite_f2_s43_in22k_v5conf,last
ISIC_0032862,HAM_0000176,HAM_0000176,60+,ham,4,True,4,0.0027774828,0.009328857,0.0032571994,0.047053754,0.869806,0.0043796296,0.06339702,0.88191235,7.539227,0.88191235,composite,2,,43,composite_f2_s43_in22k_v5conf,last
ISIC_0032868,HAM_0004572,HAM_0004572,<40,ham,5,False,5,0.009684772,0.005612883,0.0059277066,0.06364196,0.004918567,0.86835426,0.04185983,0.020216223,-8.031193,0.020216223,composite,2,,43,composite_f2_s43_in22k_v5conf,last
ISIC_0032881,HAM_0004585,HAM_0004585,40-59,ham,5,False,5,0.010140773,0.006804292,0.0062402776,0.06673977,0.0054212105,0.86263096,0.042022813,0.022366274,-7.27052,0.022366274,composite,2,,43,composite_f2_s43_in22k_v5conf,last
ISIC_0032883,HAM_0002327,HAM_0002327,60+,ham,2,False,2,0.005154878,0.0054789954,0.73675656,0.07424332,0.06423189,0.07242167,0.04171268,0.07486576,-6.291021,0.07486576,composite,2,,43,composite_f2_s43_in22k_v5conf,last
ISIC_0032888,HAM_0002939,HAM_0002939,40-59,ham,4,True,5,0.008721371,0.0060240305,0.00948067,0.07620137,0.012364476,0.8437318,0.043476276,0.027109876,-6.4427686,0.027109876,composite,2,,43,composite_f2_s43_in22k_v5conf,last
ISIC_0032894,HAM_0000823,HAM_0000823,60+,ham,1,True,1,0.00798081,0.90588504,0.004249832,0.04362193,0.0052849683,0.0021955215,0.030781766,0.9191508,8.545632,0.9191508,composite,2,,43,composite_f2_s43_in22k_v5conf,last
ISIC_0032900,HAM_0003811,HAM_0003811,40-59,ham,5,False,5,0.011331278,0.0070747887,0.0077060256,0.06711384,0.0045139063,0.8577035,0.044556614,0.022919973,-7.4907684,0.022919973,composite,2,,43,composite_f2_s43_in22k_v5conf,last
ISIC_0032910,HAM_0006882,HAM_0006882,60+,ham,5,False,5,0.007797154,0.008606835,0.041415658,0.12124681,0.0054437895,0.7666365,0.04885319,0.021847779,-8.37988,0.021847779,composite,2,,43,composite_f2_s43_in22k_v5conf,last
ISIC_0032916,HAM_0002030,HAM_0002030,40-59,ham,5,False,5,0.010505567,0.007532066,0.00665741,0.06665054,0.0058512455,0.8577102,0.045093033,0.023888879,-7.40119,0.023888879,composite,2,,43,composite_f2_s43_in22k_v5conf,last
ISIC_0032917,HAM_0002342,HAM_0002342,40-59,ham,4,True,4,0.0065932423,0.0045385575,0.005508962,0.051748928,0.89211756,0.0031642597,0.03632848,0.9032494,8.51636,0.9032494,composite,2,,43,composite_f2_s43_in22k_v5conf,last
ISIC_0032925,HAM_0002342,HAM_0002342,40-59,ham,4,True,4,0.008389139,0.0052832505,0.0060712234,0.05434683,0.88598514,0.004160611,0.035763927,0.89965755,8.039186,0.89965755,composite,2,,43,composite_f2_s43_in22k_v5conf,last
ISIC_0032935,HAM_0004016,HAM_0004016,<40,ham,5,False,5,0.009885898,0.0070621753,0.00640974,0.067878254,0.0054905154,0.8602133,0.043060068,0.02243859,-7.614946,0.02243859,composite,2,,43,composite_f2_s43_in22k_v5conf,last
ISIC_0032951,HAM_0001046,HAM_0001046,40-59,ham,5,False,5,0.0111871855,0.010276332,0.007677355,0.097436,0.0049450733,0.824144,0.044334095,0.02640859,-6.893876,0.02640859,composite,2,,43,composite_f2_s43_in22k_v5conf,last
ISIC_0032954,HAM_0000704,HAM_0000704,<40,ham,5,False,5,0.010151077,0.0068854173,0.006542619,0.06202972,0.005355908,0.8712804,0.03775499,0.022392401,-7.4465,0.022392401,composite,2,,43,composite_f2_s43_in22k_v5conf,last
ISIC_0032956,HAM_0004187,HAM_0004187,40-59,ham,5,False,5,0.011366731,0.0068420023,0.005069547,0.07188048,0.010332076,0.84618366,0.04832556,0.028540809,-6.457368,0.028540809,composite,2,,43,composite_f2_s43_in22k_v5conf,last
ISIC_0032959,HAM_0003427,HAM_0003427,40-59,ham,1,True,4,0.003627039,0.017296195,0.0014558121,0.07246539,0.645204,0.1201581,0.13979347,0.66612726,2.739029,0.66612726,composite,2,,43,composite_f2_s43_in22k_v5conf,last
ISIC_0032965,HAM_0005483,HAM_0005483,40-59,ham,4,True,5,0.013698503,0.010302545,0.008872315,0.10529909,0.1787041,0.60141623,0.081707224,0.20270514,-1.974735,0.20270514,composite,2,,43,composite_f2_s43_in22k_v5conf,last
ISIC_0032978,HAM_0000779,HAM_0000779,60+,ham,2,False,2,0.009092388,0.006651593,0.881051,0.05709676,0.0052496134,0.0032431285,0.03761555,0.020993594,-6.906192,0.020993594,composite,2,,43,composite_f2_s43_in22k_v5conf,last
ISIC_0032980,HAM_0001133,HAM_0001133,<40,ham,5,False,5,0.010341632,0.006821208,0.0074144243,0.06648195,0.0052972287,0.86072093,0.04292256,0.02246007,-7.510985,0.02246007,composite,2,,43,composite_f2_s43_in22k_v5conf,last
ISIC_0032981,HAM_0004949,HAM_0004949,40-59,ham,4,True,4,0.008141287,0.0040190904,0.0072264955,0.056630444,0.88384295,0.0056432663,0.034496497,0.8960033,6.7249327,0.8960033,composite,2,,43,composite_f2_s43_in22k_v5conf,last
ISIC_0032995,HAM_0003346,HAM_0003346,40-59,ham,5,False,5,0.009451222,0.006666827,0.008720381,0.06671932,0.004713634,0.86118644,0.042542145,0.020831684,-7.620357,0.020831684,composite,2,,43,composite_f2_s43_in22k_v5conf,last
ISIC_0033013,HAM_0006078,HAM_0006078,<40,ham,5,False,5,0.008331167,0.0061584054,0.016996656,0.06773232,0.0057470165,0.8124399,0.08259444,0.020236589,-8.069779,0.020236589,composite,2,,43,composite_f2_s43_in22k_v5conf,last
ISIC_0033015,HAM_0006396,HAM_0006396,<40,ham,5,False,5,0.00816357,0.00628384,0.23488693,0.108358115,0.20928462,0.29428813,0.13873479,0.22373202,-3.9176245,0.22373202,composite,2,,43,composite_f2_s43_in22k_v5conf,last
ISIC_0033020,HAM_0001138,HAM_0001138,40-59,ham,1,True,1,0.009092508,0.8869252,0.0043895813,0.052037213,0.0047128866,0.0035350933,0.039307535,0.9007306,8.035836,0.9007306,composite,2,,43,composite_f2_s43_in22k_v5conf,last
ISIC_0033036,HAM_0004189,HAM_0004189,40-59,ham,5,False,5,0.012162075,0.008102747,0.0061514894,0.06950295,0.011557431,0.85226065,0.040262587,0.031822253,-5.8759117,0.031822253,composite,2,,43,composite_f2_s43_in22k_v5conf,last
ISIC_0033059,HAM_0001400,HAM_0001400,<40,ham,5,False,5,0.009765671,0.0062001366,0.0061276336,0.068506464,0.0051532774,0.8613671,0.042879686,0.021119086,-7.6225367,0.021119086,composite,2,,43,composite_f2_s43_in22k_v5conf,last
ISIC_0033063,HAM_0005280,HAM_0005280,60+,ham,4,True,4,0.009422802,0.0052400003,0.0069824206,0.063252814,0.8734363,0.0040005203,0.037665136,0.8880991,8.151582,0.8880991,composite,2,,43,composite_f2_s43_in22k_v5conf,last
ISIC_0033064,HAM_0001209,HAM_0001209,unknown,ham,5,False,5,0.010467121,0.0080569545,0.007632213,0.062934354,0.0058349883,0.86381066,0.041263763,0.024359066,-7.4749465,0.024359066,composite,2,,43,composite_f2_s43_in22k_v5conf,last
ISIC_0033071,HAM_0004963,HAM_0004963,40-59,ham,5,False,5,0.011200847,0.0068528363,0.011165785,0.0713009,0.004795057,0.8530665,0.041618038,0.02284874,-7.927182,0.02284874,composite,2,,43,composite_f2_s43_in22k_v5conf,last
ISIC_0033073,HAM_0000176,HAM_0000176,60+,ham,4,True,4,0.004944454,0.0077510523,0.005048013,0.057641845,0.87653124,0.005406426,0.042676948,0.88922673,7.2894115,0.88922673,composite,2,,43,composite_f2_s43_in22k_v5conf,last
ISIC_0033076,HAM_0004716,HAM_0004716,40-59,ham,5,False,5,0.010533705,0.0069887848,0.006930682,0.06825339,0.004686731,0.8574663,0.045140494,0.02220922,-7.5119047,0.02220922,composite,2,,43,composite_f2_s43_in22k_v5conf,last
ISIC_0033078,HAM_0004854,HAM_0004854,40-59,ham,5,False,5,0.008405879,0.0043159784,0.00629468,0.05846612,0.005041789,0.882999,0.034476545,0.017763646,-6.5774117,0.017763646,composite,2,,43,composite_f2_s43_in22k_v5conf,last
ISIC_0033080,HAM_0001667,HAM_0001667,60+,ham,5,False,5,0.0099827945,0.006804628,0.009094358,0.062633455,0.0038266066,0.86166996,0.04598816,0.02061403,-8.476294,0.02061403,composite,2,,43,composite_f2_s43_in22k_v5conf,last
ISIC_0033081,HAM_0007583,HAM_0007583,40-59,ham,4,True,5,0.011164721,0.006734665,0.0052085696,0.056319714,0.004981752,0.8748189,0.040771663,0.02288114,-7.2636967,0.02288114,composite,2,,43,composite_f2_s43_in22k_v5conf,last
ISIC_0033086,HAM_0006295,HAM_0006295,<40,ham,5,False,5,0.0077912356,0.00676299,0.0064322464,0.05575919,0.008862698,0.8779053,0.03648634,0.023416923,-6.703841,0.023416923,composite,2,,43,composite_f2_s43_in22k_v5conf,last
ISIC_0033106,HAM_0002253,HAM_0002253,<40,ham,5,False,5,0.0142115485,0.005626853,0.014485245,0.1588905,0.20552184,0.5166791,0.08458492,0.22536024,-2.4292681,0.22536024,composite,2,,43,composite_f2_s43_in22k_v5conf,last
ISIC_0033107,HAM_0004814,HAM_0004814,60+,ham,5,False,5,0.010200902,0.008425107,0.005447946,0.06699011,0.010999924,0.85489416,0.0430419,0.029625932,-6.3630753,0.029625932,composite,2,,43,composite_f2_s43_in22k_v5conf,last
ISIC_0033108,HAM_0004444,HAM_0004444,40-59,ham,5,False,5,0.010598206,0.006456297,0.0077202814,0.06402383,0.003983645,0.8646066,0.042611156,0.021038147,-8.120968,0.021038147,composite,2,,43,composite_f2_s43_in22k_v5conf,last
ISIC_0033112,HAM_0005686,HAM_0005686,<40,ham,5,False,4,0.003276428,0.027750019,0.06317474,0.16987363,0.31087586,0.19257407,0.23247525,0.34190232,-2.1608288,0.34190232,composite,2,,43,composite_f2_s43_in22k_v5conf,last
ISIC_0033113,HAM_0001400,HAM_0001400,<40,ham,5,False,5,0.009862427,0.006423595,0.006429009,0.06906873,0.0061392854,0.8586859,0.043391015,0.022425307,-7.2697287,0.022425307,composite,2,,43,composite_f2_s43_in22k_v5conf,last
ISIC_0033117,HAM_0005483,HAM_0005483,40-59,ham,4,True,5,0.013742762,0.008890735,0.0061866585,0.07341158,0.032060947,0.8160878,0.04961961,0.054694444,-4.5664244,0.054694444,composite,2,,43,composite_f2_s43_in22k_v5conf,last
ISIC_0033120,HAM_0007558,HAM_0007558,40-59,ham,4,True,5,0.01164704,0.008367387,0.0053938115,0.083983555,0.080927975,0.7599845,0.049695715,0.1009424,-3.09395,0.1009424,composite,2,,43,composite_f2_s43_in22k_v5conf,last
ISIC_0033135,HAM_0004791,HAM_0004791,60+,ham,6,False,6,0.00053218316,0.0015199938,0.0005185801,0.018662987,0.0069861053,0.0018776185,0.9699026,0.009038283,-3.5936043,0.009038283,composite,2,,43,composite_f2_s43_in22k_v5conf,last
ISIC_0033139,HAM_0005316,HAM_0005316,<40,ham,5,False,5,0.019426268,0.0070761745,0.100877225,0.08463046,0.004523889,0.7218841,0.061581843,0.03102633,-8.4332285,0.03102633,composite,2,,43,composite_f2_s43_in22k_v5conf,last
ISIC_0033160,HAM_0001740,HAM_0001740,<40,ham,5,False,5,0.010091716,0.0069606784,0.0067700036,0.06684586,0.0055196593,0.8619198,0.04189227,0.022572055,-7.702294,0.022572055,composite,2,,43,composite_f2_s43_in22k_v5conf,last
ISIC_0033166,HAM_0005249,HAM_0005249,40-59,ham,4,True,5,0.010677687,0.007947684,0.0057390966,0.06668463,0.013101703,0.85388917,0.04196005,0.031727076,-6.1187353,0.031727076,composite,2,,43,composite_f2_s43_in22k_v5conf,last
ISIC_0033174,HAM_0006321,HAM_0006321,60+,ham,4,True,5,0.010301008,0.0076828767,0.007876236,0.11564299,0.288242,0.49989215,0.07036274,0.3062259,-0.9019627,0.3062259,composite,2,,43,composite_f2_s43_in22k_v5conf,last
ISIC_0033177,HAM_0006295,HAM_0006295,<40,ham,5,False,5,0.00980332,0.0072493777,0.007594272,0.06457493,0.0073183305,0.86178356,0.041676167,0.02437103,-7.285817,0.02437103,composite,2,,43,composite_f2_s43_in22k_v5conf,last
ISIC_0033183,HAM_0000321,HAM_0000321,60+,ham,4,True,4,0.046448678,0.10356313,0.005396119,0.11042278,0.65909624,0.0044144294,0.07065861,0.809108,10.610526,0.809108,composite,2,,43,composite_f2_s43_in22k_v5conf,last
ISIC_0033205,HAM_0001138,HAM_0001138,40-59,ham,1,True,1,0.008354894,0.8887613,0.0044853515,0.0532953,0.005484569,0.0042206855,0.035397906,0.90260077,7.88639,0.90260077,composite,2,,43,composite_f2_s43_in22k_v5conf,last
ISIC_0033211,HAM_0005062,HAM_0005062,60+,ham,5,False,5,0.008050349,0.0051526725,0.007547278,0.06617318,0.004008069,0.8689068,0.040161625,0.01721109,-8.015269,0.01721109,composite,2,,43,composite_f2_s43_in22k_v5conf,last
ISIC_0033237,HAM_0001040,HAM_0001040,60+,ham,5,False,5,0.009131616,0.006658739,0.0071232086,0.066703066,0.005271297,0.86145717,0.04365493,0.021061651,-7.754033,0.021061651,composite,2,,43,composite_f2_s43_in22k_v5conf,last
ISIC_0033239,HAM_0006321,HAM_0006321,60+,ham,4,True,4,0.008017804,0.005336065,0.008497787,0.0781872,0.80209893,0.040187854,0.057674345,0.8154528,3.6049254,0.8154528,composite,2,,43,composite_f2_s43_in22k_v5conf,last
ISIC_0033242,HAM_0006883,HAM_0006883,40-59,ham,5,False,2,0.008805901,0.024957772,0.70792097,0.10562558,0.014399641,0.08962785,0.048662305,0.048163313,-6.762273,0.048163313,composite,2,,43,composite_f2_s43_in22k_v5conf,last
ISIC_0033249,HAM_0003676,HAM_0003676,<40,ham,5,False,5,0.012102407,0.011571223,0.007344952,0.06778397,0.01633991,0.84454626,0.040311303,0.04001354,-5.4825177,0.04001354,composite,2,,43,composite_f2_s43_in22k_v5conf,last
ISIC_0033254,HAM_0005878,HAM_0005878,<40,ham,6,False,6,0.0018173357,0.0022699905,0.0014465525,0.049602434,0.26502582,0.0025034382,0.6773344,0.26911315,2.5921924,0.26911315,composite,2,,43,composite_f2_s43_in22k_v5conf,last
ISIC_0033260,HAM_0004142,HAM_0004142,60+,ham,2,False,2,0.0061466615,0.004037778,0.90943456,0.04355237,0.004326546,0.003281294,0.029220765,0.014510985,-7.418177,0.014510985,composite,2,,43,composite_f2_s43_in22k_v5conf,last
ISIC_0033271,HAM_0000823,HAM_0000823,60+,ham,1,True,1,0.009507119,0.89465594,0.0034813574,0.047234386,0.00928207,0.0016978857,0.034141276,0.9134451,8.904427,0.9134451,composite,2,,43,composite_f2_s43_in22k_v5conf,last
ISIC_0033273,HAM_0001777,HAM_0001777,<40,ham,5,False,5,0.010182541,0.0071102674,0.0061227973,0.066740125,0.0034565674,0.86578393,0.04060382,0.020749375,-6.638598,0.020749375,composite,2,,43,composite_f2_s43_in22k_v5conf,last
ISIC_0033282,HAM_0004716,HAM_0004716,40-59,ham,5,False,5,0.010536956,0.007320907,0.007135847,0.06607893,0.0051026377,0.8587224,0.04510227,0.0229605,-7.5973477,0.0229605,composite,2,,43,composite_f2_s43_in22k_v5conf,last
ISIC_0033289,HAM_0002890,HAM_0002890,40-59,ham,5,False,4,0.0317159,0.009679461,0.006728703,0.09570923,0.78675675,0.0043435823,0.0650664,0.8281521,8.165034,0.8281521,composite,2,,43,composite_f2_s43_in22k_v5conf,last
ISIC_0033301,HAM_0005478,HAM_0005478,60+,ham,1,True,1,0.0071607875,0.8974323,0.0061371312,0.050477188,0.005639455,0.003213197,0.029939802,0.91023254,7.954623,0.91023254,composite,2,,43,composite_f2_s43_in22k_v5conf,last
ISIC_0033306,HAM_0000805,HAM_0000805,60+,ham,2,False,4,0.018536378,0.0069832,0.34847817,0.13439661,0.39761078,0.0017696068,0.09222522,0.42313036,1.798826,0.42313036,composite,2,,43,composite_f2_s43_in22k_v5conf,last
ISIC_0033312,HAM_0007117,HAM_0007117,<40,ham,4,True,4,0.009487894,0.0062410426,0.005632996,0.056271493,0.8827819,0.0038572212,0.035727374,0.8985109,8.164907,0.8985109,composite,2,,43,composite_f2_s43_in22k_v5conf,last
ISIC_0033320,HAM_0005249,HAM_0005249,40-59,ham,4,True,5,0.010726419,0.007525094,0.0060555595,0.06531562,0.007337111,0.8613974,0.041642815,0.025588624,-7.0340843,0.025588624,composite,2,,43,composite_f2_s43_in22k_v5conf,last
ISIC_0033328,HAM_0005760,HAM_0005760,40-59,ham,5,False,5,0.010050875,0.0090853665,0.01327423,0.07008721,0.007363212,0.8517199,0.038419202,0.026499454,-7.0352464,0.026499454,composite,2,,43,composite_f2_s43_in22k_v5conf,last
ISIC_0033331,HAM_0005995,HAM_0005995,<40,ham,5,False,5,0.010344828,0.0074410187,0.007329001,0.06724758,0.005094865,0.861536,0.041006636,0.022880713,-7.7232065,0.022880713,composite,2,,43,composite_f2_s43_in22k_v5conf,last
ISIC_0033362,HAM_0007234,HAM_0007234,60+,ham,4,True,5,0.01073184,0.00381688,0.010729822,0.0617001,0.0028068228,0.87327445,0.036940057,0.017355543,-8.162764,0.017355543,composite,2,,43,composite_f2_s43_in22k_v5conf,last
ISIC_0033371,HAM_0000704,HAM_0000704,<40,ham,5,False,5,0.009890803,0.0069982386,0.006861885,0.06287133,0.0057586343,0.86844885,0.039170273,0.022647675,-7.436205,0.022647675,composite,2,,43,composite_f2_s43_in22k_v5conf,last
ISIC_0033378,HAM_0007625,HAM_0007625,60+,ham,2,False,2,0.030977735,0.0046479325,0.8128282,0.108059734,0.005115118,0.0012913607,0.037079915,0.040740784,-5.163477,0.040740784,composite,2,,43,composite_f2_s43_in22k_v5conf,last
ISIC_0033380,HAM_0000262,HAM_0000262,60+,ham,5,False,5,0.011631314,0.0066611627,0.007750213,0.067897215,0.006371805,0.855298,0.044390306,0.024664281,-7.4174147,0.024664281,composite,2,,43,composite_f2_s43_in22k_v5conf,last
ISIC_0033399,HAM_0003759,HAM_0003759,60+,ham,4,True,4,0.010200807,0.003991202,0.005211921,0.049161453,0.8943172,0.0046522664,0.032465048,0.9085092,7.842694,0.9085092,composite,2,,43,composite_f2_s43_in22k_v5conf,last
ISIC_0033401,HAM_0005898,HAM_0005898,60+,ham,2,False,2,0.01067421,0.0031617638,0.8774992,0.05891816,0.0027584995,0.0056999037,0.04128835,0.016594473,-8.386697,0.016594473,composite,2,,43,composite_f2_s43_in22k_v5conf,last
ISIC_0033410,HAM_0007384,HAM_0007384,60+,ham,2,False,2,0.009424837,0.005866205,0.88931113,0.05153816,0.005067369,0.0033413442,0.035450887,0.020358412,-6.602847,0.020358412,composite,2,,43,composite_f2_s43_in22k_v5conf,last
ISIC_0033416,HAM_0003386,HAM_0003386,60+,ham,4,True,4,0.0057205264,0.0032286998,0.007039227,0.04833169,0.8882521,0.015368291,0.03205954,0.8972013,5.013019,0.8972013,composite,2,,43,composite_f2_s43_in22k_v5conf,last
ISIC_0033419,HAM_0006182,HAM_0006182,<40,ham,5,False,5,0.013213452,0.00873203,0.0074101877,0.07918156,0.008841186,0.8393088,0.043312743,0.030786667,-6.870775,0.030786667,composite,2,,43,composite_f2_s43_in22k_v5conf,last
ISIC_0033421,HAM_0004196,HAM_0004196,40-59,ham,5,False,5,0.0077297604,0.006967677,0.004726174,0.07001848,0.053025253,0.8176106,0.03992206,0.06772269,-3.8276544,0.06772269,composite,2,,43,composite_f2_s43_in22k_v5conf,last
ISIC_0033450,HAM_0005878,HAM_0005878,<40,ham,6,False,6,0.0005032657,0.00025330877,0.00040867476,0.010030095,0.0037632391,0.0015185039,0.98352283,0.0045198137,-6.677843,0.0045198137,composite,2,,43,composite_f2_s43_in22k_v5conf,last
ISIC_0033452,HAM_0003386,HAM_0003386,60+,ham,4,True,4,0.00662302,0.0031562224,0.0071086013,0.04794063,0.8941969,0.006198571,0.03477595,0.90397614,6.391705,0.90397614,composite,2,,43,composite_f2_s43_in22k_v5conf,last
ISIC_0033460,HAM_0005847,HAM_0005847,60+,ham,2,False,4,0.0023476135,0.0042292606,0.026356831,0.07156876,0.8226094,0.019239647,0.05364852,0.8291863,2.695361,0.8291863,composite,2,,43,composite_f2_s43_in22k_v5conf,last
ISIC_0033492,HAM_0002253,HAM_0002253,<40,ham,5,False,5,0.00880655,0.0060556526,0.008116483,0.067308806,0.0055808434,0.86106235,0.043069355,0.020443045,-7.788104,0.020443045,composite,2,,43,composite_f2_s43_in22k_v5conf,last
ISIC_0033504,HAM_0002565,HAM_0002565,60+,ham,1,True,2,0.011996233,0.07470357,0.65823144,0.15188222,0.009957584,0.0026863676,0.09054261,0.09665738,-2.2301435,0.09665738,composite,2,,43,composite_f2_s43_in22k_v5conf,last
ISIC_0033512,HAM_0003623,HAM_0003623,40-59,ham,5,False,1,0.0034642199,0.4583074,0.004819609,0.08799627,0.38353026,0.011188836,0.05069341,0.84530187,8.077161,0.84530187,composite,2,,43,composite_f2_s43_in22k_v5conf,last
ISIC_0033519,HAM_0001908,HAM_0001908,40-59,ham,5,False,5,0.010228456,0.0071781627,0.006194108,0.06640374,0.0061814208,0.8574879,0.04632615,0.023588039,-7.058891,0.023588039,composite,2,,43,composite_f2_s43_in22k_v5conf,last
ISIC_0033537,HAM_0001916,HAM_0001916,<40,ham,5,False,5,0.009490208,0.006553872,0.006324802,0.06644698,0.006959337,0.85863924,0.04558558,0.023003418,-6.8537416,0.023003418,composite,2,,43,composite_f2_s43_in22k_v5conf,last
ISIC_0033545,HAM_0007558,HAM_0007558,40-59,ham,4,True,4,0.009803523,0.0057019936,0.0059753563,0.058743555,0.8774176,0.004728848,0.03762917,0.8929231,7.6273847,0.8929231,composite,2,,43,composite_f2_s43_in22k_v5conf,last
ISIC_0033547,HAM_0001400,HAM_0001400,<40,ham,5,False,5,0.009802786,0.008122556,0.005485817,0.06276038,0.008540106,0.86358154,0.04170694,0.026465446,-6.406788,0.026465446,composite,2,,43,composite_f2_s43_in22k_v5conf,last
ISIC_0033551,HAM_0004083,HAM_0004083,60+,ham,1,True,5,0.009948863,0.053193778,0.008273016,0.106722936,0.003959608,0.7540771,0.06382466,0.06710225,-5.922966,0.06710225,composite,2,,43,composite_f2_s43_in22k_v5conf,last
ISIC_0033553,HAM_0005898,HAM_0005898,60+,ham,2,False,2,0.0096451435,0.0038391205,0.84646475,0.06931873,0.0030814824,0.017258404,0.050392386,0.016565746,-9.109247,0.016565746,composite,2,,43,composite_f2_s43_in22k_v5conf,last
ISIC_0033566,HAM_0006873,HAM_0006873,<40,ham,5,False,5,0.01567389,0.007413477,0.03603251,0.07100792,0.004990617,0.8038705,0.061011106,0.028077984,-8.841116,0.028077984,composite,2,,43,composite_f2_s43_in22k_v5conf,last
ISIC_0033568,HAM_0005627,HAM_0005627,40-59,ham,4,True,5,0.010330265,0.0062314235,0.0070630475,0.067784436,0.005692143,0.85909873,0.043800026,0.022253832,-7.3559875,0.022253832,composite,2,,43,composite_f2_s43_in22k_v5conf,last
ISIC_0033571,HAM_0004083,HAM_0004083,60+,ham,1,True,1,0.006720626,0.8880796,0.00553231,0.053361755,0.0065501365,0.0061051655,0.03365038,0.9013503,7.361245,0.9013503,composite,2,,43,composite_f2_s43_in22k_v5conf,last
ISIC_0033575,HAM_0000823,HAM_0000823,60+,ham,1,True,1,0.008811191,0.89474934,0.0038678132,0.045988925,0.0071416367,0.0032964696,0.03614465,0.91070217,8.254954,0.91070217,composite,2,,43,composite_f2_s43_in22k_v5conf,last
ISIC_0033579,HAM_0000394,HAM_0000394,<40,ham,1,True,1,0.007042122,0.8929374,0.0046464265,0.050586984,0.0042912997,0.0034618399,0.03703391,0.9042708,7.6732006,0.9042708,composite,2,,43,composite_f2_s43_in22k_v5conf,last
ISIC_0033591,HAM_0004791,HAM_0004791,60+,ham,6,False,6,0.0009260886,0.00096996204,0.0012139416,0.0090722805,0.0008168414,0.0008537514,0.9861472,0.002712892,-7.8589063,0.002712892,composite,2,,43,composite_f2_s43_in22k_v5conf,last
ISIC_0033595,HAM_0005280,HAM_0005280,60+,ham,4,True,4,0.00788823,0.007874159,0.0076058223,0.06267828,0.87026435,0.0045590005,0.039130155,0.88602674,7.4604077,0.88602674,composite,2,,43,composite_f2_s43_in22k_v5conf,last
ISIC_0033597,HAM_0005439,HAM_0005439,unknown,ham,5,False,5,0.01031443,0.0068801166,0.008615813,0.06370685,0.003995208,0.8655241,0.040963456,0.021189755,-8.45795,0.021189755,composite,2,,43,composite_f2_s43_in22k_v5conf,last
ISIC_0033602,HAM_0004201,HAM_0004201,40-59,ham,5,False,5,0.0098194415,0.007381587,0.0062775803,0.06355652,0.0062384536,0.86665815,0.040068325,0.023439482,-7.1621513,0.023439482,composite,2,,43,composite_f2_s43_in22k_v5conf,last
ISIC_0033606,HAM_0002327,HAM_0002327,60+,ham,2,False,2,0.005650653,0.0060320674,0.90186346,0.047443736,0.0050203893,0.0035855193,0.030404171,0.01670311,-7.2497196,0.01670311,composite,2,,43,composite_f2_s43_in22k_v5conf,last
ISIC_0033607,HAM_0005627,HAM_0005627,40-59,ham,4,True,5,0.010478696,0.009247799,0.0068447855,0.08742216,0.07286818,0.7551957,0.05794276,0.09259468,-3.2677712,0.09259468,composite,2,,43,composite_f2_s43_in22k_v5conf,last
ISIC_0033612,HAM_0007583,HAM_0007583,40-59,ham,4,True,5,0.010872962,0.007458136,0.0029677565,0.043433063,0.0057243397,0.8907903,0.03875338,0.024055436,-5.918831,0.024055436,composite,2,,43,composite_f2_s43_in22k_v5conf,last
ISIC_0033617,HAM_0005062,HAM_0005062,60+,ham,5,False,5,0.010741841,0.005416192,0.0072384076,0.06858605,0.002545818,0.8576534,0.047818318,0.018703852,-8.131787,0.018703852,composite,2,,43,composite_f2_s43_in22k_v5conf,last
ISIC_0033621,HAM_0001889,HAM_0001889,<40,ham,5,False,5,0.008090703,0.0051677837,0.004858472,0.060181558,0.0056036967,0.876549,0.03954876,0.018862184,-7.306164,0.018862184,composite,2,,43,composite_f2_s43_in22k_v5conf,last
ISIC_0033637,HAM_0006873,HAM_0006873,<40,ham,5,False,5,0.011490071,0.006254925,0.010361154,0.06459874,0.004772143,0.8595135,0.043009482,0.02251714,-8.240947,0.02251714,composite,2,,43,composite_f2_s43_in22k_v5conf,last
ISIC_0033648,HAM_0005571,HAM_0005571,<40,ham,5,False,5,0.009156185,0.006684957,0.006273761,0.071961746,0.012129599,0.84770566,0.046088055,0.02797074,-6.414644,0.02797074,composite,2,,43,composite_f2_s43_in22k_v5conf,last
ISIC_0033652,HAM_0005363,HAM_0005363,60+,ham,5,False,5,0.010195718,0.0071028364,0.006822912,0.068676494,0.004583308,0.85712117,0.045497596,0.021881863,-8.158636,0.021881863,composite,2,,43,composite_f2_s43_in22k_v5conf,last
ISIC_0033667,HAM_0004814,HAM_0004814,60+,ham,5,False,5,0.009031667,0.0075154407,0.007418992,0.07183029,0.011560441,0.84779924,0.044843934,0.02810755,-6.380591,0.02810755,composite,2,,43,composite_f2_s43_in22k_v5conf,last
ISIC_0033669,HAM_0006182,HAM_0006182,<40,ham,5,False,5,0.013758361,0.011620419,0.008011131,0.1075745,0.12395726,0.67621064,0.058867723,0.14933604,-2.9120219,0.14933604,composite,2,,43,composite_f2_s43_in22k_v5conf,last
ISIC_0033687,HAM_0007117,HAM_0007117,<40,ham,4,True,4,0.009623629,0.0057165176,0.005700251,0.05402214,0.88511765,0.0046041575,0.035215665,0.9004578,7.4754887,0.9004578,composite,2,,43,composite_f2_s43_in22k_v5conf,last
ISIC_0033689,HAM_0005995,HAM_0005995,<40,ham,5,False,5,0.011094907,0.00814719,0.007633312,0.06988308,0.00463529,0.8558253,0.04278098,0.023877386,-7.8295197,0.023877386,composite,2,,43,composite_f2_s43_in22k_v5conf,last
ISIC_0033696,HAM_0000176,HAM_0000176,60+,ham,4,True,4,0.0040827305,0.014013977,0.0038657554,0.058284085,0.8631057,0.0053848755,0.051262893,0.8812024,8.242717,0.8812024,composite,2,,43,composite_f2_s43_in22k_v5conf,last
ISIC_0033703,HAM_0005594,HAM_0005594,40-59,ham,5,False,4,0.0068251393,0.0046879873,0.0043519535,0.057989925,0.88164985,0.009286426,0.03520873,0.89316297,6.5029345,0.89316297,composite,2,,43,composite_f2_s43_in22k_v5conf,last
ISIC_0033707,HAM_0002874,HAM_0002874,40-59,ham,5,False,5,0.010731578,0.0068747364,0.008480912,0.0702438,0.0040610004,0.85560334,0.044004593,0.021667315,-7.6476946,0.021667315,composite,2,,43,composite_f2_s43_in22k_v5conf,last
ISIC_0033718,HAM_0003801,HAM_0003801,40-59,ham,5,False,5,0.010365302,0.0056387098,0.00646275,0.062023498,0.005114929,0.8692357,0.0411591,0.021118939,-7.532131,0.021118939,composite,2,,43,composite_f2_s43_in22k_v5conf,last
ISIC_0033729,HAM_0000439,HAM_0000439,60+,ham,5,False,5,0.00975904,0.006182484,0.006924011,0.06829673,0.005136055,0.8610081,0.042693533,0.021077577,-7.5170364,0.021077577,composite,2,,43,composite_f2_s43_in22k_v5conf,last
ISIC_0033732,HAM_0004142,HAM_0004142,60+,ham,2,False,2,0.008273176,0.0047341334,0.90092796,0.04902794,0.004144031,0.0026875623,0.030205105,0.01715134,-7.143812,0.01715134,composite,2,,43,composite_f2_s43_in22k_v5conf,last
ISIC_0033736,HAM_0007625,HAM_0007625,60+,ham,2,False,4,0.027185945,0.0051183035,0.038481288,0.08248172,0.7817637,0.0017601453,0.06320894,0.8140679,6.8487005,0.8140679,composite,2,,43,composite_f2_s43_in22k_v5conf,last
ISIC_0033745,HAM_0005686,HAM_0005686,<40,ham,5,False,5,0.0042504272,0.0090777185,0.026136149,0.08485311,0.00902663,0.75156915,0.11508678,0.022354776,-7.842571,0.022354776,composite,2,,43,composite_f2_s43_in22k_v5conf,last
ISIC_0033747,HAM_0001243,HAM_0001243,<40,ham,1,True,1,0.007711496,0.89016056,0.0047273883,0.057097606,0.003854316,0.0036692119,0.032779343,0.90172637,7.6936455,0.90172637,composite,2,,43,composite_f2_s43_in22k_v5conf,last
ISIC_0033753,HAM_0004167,HAM_0004167,<40,ham,5,False,5,0.010232404,0.007003467,0.0054761805,0.064417176,0.0073183645,0.8635675,0.04198489,0.024554236,-7.119214,0.024554236,composite,2,,43,composite_f2_s43_in22k_v5conf,last
ISIC_0033756,HAM_0002030,HAM_0002030,40-59,ham,5,False,5,0.01072773,0.008345096,0.0069878427,0.06957809,0.008234842,0.85232687,0.043799434,0.027307669,-6.70561,0.027307669,composite,2,,43,composite_f2_s43_in22k_v5conf,last
ISIC_0033777,HAM_0004854,HAM_0004854,40-59,ham,5,False,5,0.008763707,0.00526587,0.00696484,0.06579646,0.0086219255,0.86686486,0.037722237,0.022651503,-5.9030375,0.022651503,composite,2,,43,composite_f2_s43_in22k_v5conf,last
ISIC_0033789,HAM_0006182,HAM_0006182,<40,ham,5,False,5,0.011635345,0.007924902,0.0069816033,0.07078921,0.009631949,0.84849143,0.044545513,0.029192196,-6.9816866,0.029192196,composite,2,,43,composite_f2_s43_in22k_v5conf,last
ISIC_0033823,HAM_0000704,HAM_0000704,<40,ham,5,False,5,0.010355137,0.006894421,0.0066217496,0.06502258,0.0055399253,0.8649661,0.040600102,0.022789484,-7.62234,0.022789484,composite,2,,43,composite_f2_s43_in22k_v5conf,last
ISIC_0033841,HAM_0000822,HAM_0000822,unknown,ham,5,False,5,0.010840473,0.0070059067,0.0075556207,0.06500671,0.0039423113,0.86380976,0.041839145,0.02178869,-7.9042983,0.02178869,composite,2,,43,composite_f2_s43_in22k_v5conf,last
ISIC_0033855,HAM_0006157,HAM_0006157,60+,ham,2,False,2,0.006741992,0.0065162913,0.9035991,0.045642525,0.0037324934,0.0024531875,0.031314515,0.016990777,-7.2914467,0.016990777,composite,2,,43,composite_f2_s43_in22k_v5conf,last
ISIC_0033872,HAM_0006101,HAM_0006101,60+,ham,4,True,4,0.015315487,0.0026971076,0.007651602,0.07481437,0.83104974,0.014407899,0.054063823,0.8490623,5.0579824,0.8490623,composite,2,,43,composite_f2_s43_in22k_v5conf,last
ISIC_0033879,HAM_0000007,HAM_0000007,<40,ham,5,False,5,0.013092775,0.0076279184,0.007786815,0.06989796,0.004885165,0.85302615,0.043683287,0.02560586,-7.6598153,0.02560586,composite,2,,43,composite_f2_s43_in22k_v5conf,last
ISIC_0033883,HAM_0004949,HAM_0004949,40-59,ham,4,True,4,0.008180359,0.0035101383,0.011688075,0.059870347,0.85277206,0.023409067,0.04056994,0.86446255,4.079318,0.86446255,composite,2,,43,composite_f2_s43_in22k_v5conf,last
ISIC_0033889,HAM_0005062,HAM_0005062,60+,ham,5,False,5,0.008724965,0.0039936695,0.008313213,0.07123928,0.0030304452,0.86201096,0.04268746,0.01574908,-8.29767,0.01574908,composite,2,,43,composite_f2_s43_in22k_v5conf,last
ISIC_0033901,HAM_0002342,HAM_0002342,40-59,ham,4,True,4,0.008336431,0.0054945936,0.0065311547,0.053862635,0.8861447,0.00433041,0.035300106,0.8999757,7.9193926,0.8999757,composite,2,,43,composite_f2_s43_in22k_v5conf,last
ISIC_0033907,HAM_0005316,HAM_0005316,<40,ham,5,False,5,0.012999503,0.0061576506,0.04236128,0.07091097,0.0034771818,0.8131945,0.050898872,0.022634335,-8.505341,0.022634335,composite,2,,43,composite_f2_s43_in22k_v5conf,last
ISIC_0033912,HAM_0002874,HAM_0002874,40-59,ham,5,False,5,0.011502338,0.0069385893,0.006947516,0.07029693,0.0054302113,0.85691637,0.041968033,0.023871139,-7.3897676,0.023871139,composite,2,,43,composite_f2_s43_in22k_v5conf,last
ISIC_0033914,HAM_0003801,HAM_0003801,40-59,ham,5,False,5,0.009713748,0.0059457025,0.005866637,0.06447478,0.005148041,0.8661158,0.042735226,0.02080749,-7.7270994,0.02080749,composite,2,,43,composite_f2_s43_in22k_v5conf,last
ISIC_0033922,HAM_0004444,HAM_0004444,40-59,ham,5,False,5,0.009806183,0.0061999713,0.006974449,0.0684924,0.0053038197,0.857492,0.045731116,0.021309976,-7.6144648,0.021309976,composite,2,,43,composite_f2_s43_in22k_v5conf,last
ISIC_0033928,HAM_0006396,HAM_0006396,<40,ham,5,False,5,0.009993259,0.0038559756,0.0075518703,0.0542716,0.062283594,0.782095,0.07994872,0.07613283,-2.9725401,0.07613283,composite,2,,43,composite_f2_s43_in22k_v5conf,last
ISIC_0033930,HAM_0001740,HAM_0001740,<40,ham,5,False,5,0.010396366,0.007214385,0.0066273035,0.067257896,0.0053433594,0.8597989,0.04336186,0.02295411,-7.71467,0.02295411,composite,2,,43,composite_f2_s43_in22k_v5conf,last
ISIC_0033939,HAM_0006329,HAM_0006329,40-59,ham,5,False,5,0.011018613,0.0063444367,0.004395698,0.06586846,0.0058936584,0.86771035,0.03876878,0.023256708,-6.809455,0.023256708,composite,2,,43,composite_f2_s43_in22k_v5conf,last
ISIC_0033944,HAM_0005363,HAM_0005363,60+,ham,5,False,5,0.009292933,0.006715783,0.0075400113,0.06380682,0.0047749737,0.86790174,0.03996766,0.020783689,-8.043667,0.020783689,composite,2,,43,composite_f2_s43_in22k_v5conf,last
ISIC_0033949,HAM_0003728,HAM_0003728,60+,ham,2,False,2,0.00625572,0.0047884607,0.9065981,0.04937804,0.0036787915,0.0034800498,0.02582095,0.014722971,-7.856147,0.014722971,composite,2,,43,composite_f2_s43_in22k_v5conf,last
ISIC_0033964,HAM_0001046,HAM_0001046,40-59,ham,5,False,3,0.039241448,0.35372192,0.00927509,0.37733835,0.007352341,0.13897645,0.07409447,0.4003157,0.15415612,0.4003157,composite,2,,43,composite_f2_s43_in22k_v5conf,last
ISIC_0033966,HAM_0001673,HAM_0001673,<40,ham,5,False,5,0.010243248,0.008018543,0.008688068,0.06800125,0.0054449276,0.8558979,0.043706063,0.023706717,-7.764001,0.023706717,composite,2,,43,composite_f2_s43_in22k_v5conf,last
ISIC_0033968,HAM_0002939,HAM_0002939,40-59,ham,4,True,5,0.010513313,0.005887182,0.008406997,0.06768228,0.003919917,0.8598546,0.04373573,0.020320412,-7.6579432,0.020320412,composite,2,,43,composite_f2_s43_in22k_v5conf,last
ISIC_0033977,HAM_0004129,HAM_0004129,60+,ham,4,True,4,0.007687918,0.009158044,0.004405816,0.052165326,0.84470946,0.046707947,0.035165478,0.8615554,4.1534586,0.8615554,composite,2,,43,composite_f2_s43_in22k_v5conf,last
ISIC_0033978,HAM_0003801,HAM_0003801,40-59,ham,5,False,5,0.011060471,0.0061463527,0.00657269,0.06816399,0.004592693,0.8586895,0.044774305,0.021799516,-7.5147285,0.021799516,composite,2,,43,composite_f2_s43_in22k_v5conf,last
ISIC_0033985,HAM_0006321,HAM_0006321,60+,ham,4,True,5,0.0096181985,0.00782965,0.0051736343,0.06796971,0.021323424,0.84928966,0.03879574,0.03877127,-4.9018135,0.03877127,composite,2,,43,composite_f2_s43_in22k_v5conf,last
ISIC_0033988,HAM_0005961,HAM_0005961,40-59,ham,5,False,5,0.009928715,0.0069559845,0.0061263475,0.06814879,0.0054847705,0.8580096,0.045345794,0.02236947,-7.753234,0.02236947,composite,2,,43,composite_f2_s43_in22k_v5conf,last
ISIC_0034002,HAM_0004129,HAM_0004129,60+,ham,4,True,4,0.004227764,0.0070765396,0.004689275,0.054487865,0.8827014,0.0071355184,0.039681666,0.8940057,6.4160748,0.8940057,composite,2,,43,composite_f2_s43_in22k_v5conf,last
ISIC_0034005,HAM_0006763,HAM_0006763,60+,ham,4,True,5,0.0054118293,0.0055443216,0.0041067973,0.06111518,0.0044217883,0.88286275,0.03653731,0.01537794,-8.321233,0.01537794,composite,2,,43,composite_f2_s43_in22k_v5conf,last
ISIC_0034012,HAM_0006011,HAM_0006011,60+,ham,4,True,4,0.016844474,0.004809195,0.0056682276,0.059262335,0.8719381,0.0032701436,0.038207486,0.89359176,8.518955,0.89359176,composite,2,,43,composite_f2_s43_in22k_v5conf,last
ISIC_0034019,HAM_0000627,HAM_0000627,unknown,ham,5,False,5,0.010358135,0.0064062118,0.0072232513,0.06615454,0.00430031,0.8631532,0.0424043,0.021064656,-7.8595996,0.021064656,composite,2,,43,composite_f2_s43_in22k_v5conf,last
ISIC_0034036,HAM_0003843,HAM_0003843,<40,ham,4,True,4,0.00824675,0.0049349605,0.0061788578,0.053983614,0.8890583,0.0026558514,0.034941725,0.90224,8.544016,0.90224,composite,2,,43,composite_f2_s43_in22k_v5conf,last
ISIC_0034042,HAM_0004829,HAM_0004829,40-59,ham,5,False,5,0.009906571,0.0068821907,0.0068606087,0.06337089,0.005116428,0.86683476,0.041028608,0.02190519,-7.489607,0.02190519,composite,2,,43,composite_f2_s43_in22k_v5conf,last
ISIC_0034055,HAM_0004854,HAM_0004854,40-59,ham,5,False,5,0.008783476,0.0051362254,0.0082394155,0.06615392,0.013847087,0.85920286,0.038637064,0.027766788,-5.103267,0.027766788,composite,2,,43,composite_f2_s43_in22k_v5conf,last
ISIC_0034059,HAM_0005280,HAM_0005280,60+,ham,4,True,4,0.0082886685,0.005749856,0.0069575524,0.0632676,0.8715614,0.006132346,0.038042575,0.8855999,7.0927176,0.8855999,composite,2,,43,composite_f2_s43_in22k_v5conf,last
ISIC_0034061,HAM_0000553,HAM_0000553,40-59,ham,4,True,4,0.009406591,0.0049421387,0.005699398,0.06362888,0.87402153,0.00613605,0.036165375,0.8883703,7.022199,0.8883703,composite,2,,43,composite_f2_s43_in22k_v5conf,last
ISIC_0034067,HAM_0004024,HAM_0004024,60+,ham,5,False,5,0.010440171,0.0072187027,0.0069705225,0.06807228,0.0051471945,0.85920733,0.04294374,0.022806069,-7.5043845,0.022806069,composite,2,,43,composite_f2_s43_in22k_v5conf,last
ISIC_0034073,HAM_0001889,HAM_0001889,<40,ham,5,False,5,0.0152547285,0.01291039,0.008772351,0.09879433,0.13393286,0.66641253,0.063922815,0.16209798,-2.4854043,0.16209798,composite,2,,43,composite_f2_s43_in22k_v5conf,last
ISIC_0034084,HAM_0001777,HAM_0001777,<40,ham,5,False,5,0.012898252,0.0021529505,0.03704307,0.07561813,0.0007781751,0.8238602,0.04764913,0.015829379,-9.806035,0.015829379,composite,2,,43,composite_f2_s43_in22k_v5conf,last
ISIC_0034085,HAM_0007117,HAM_0007117,<40,ham,4,True,4,0.009321753,0.0056063063,0.0048569273,0.048773408,0.8942506,0.0047486583,0.03244228,0.9091786,7.5321503,0.9091786,composite,2,,43,composite_f2_s43_in22k_v5conf,last
ISIC_0034090,HAM_0005715,HAM_0005715,60+,ham,5,False,5,0.019198239,0.124414615,0.018707294,0.12539522,0.004913035,0.61373216,0.09363938,0.1485259,-4.3929844,0.1485259,composite,2,,43,composite_f2_s43_in22k_v5conf,last
ISIC_0034095,HAM_0000394,HAM_0000394,<40,ham,1,True,1,0.0063555227,0.9049938,0.0039620874,0.047128897,0.0036332642,0.0031632073,0.03076318,0.91498256,7.7945256,0.91498256,composite,2,,43,composite_f2_s43_in22k_v5conf,last
ISIC_0034103,HAM_0002327,HAM_0002327,60+,ham,2,False,2,0.00490604,0.032581434,0.8362011,0.06131343,0.016040506,0.024586324,0.024371175,0.05352798,-4.1734514,0.05352798,composite,2,,43,composite_f2_s43_in22k_v5conf,last
ISIC_0034116,HAM_0001889,HAM_0001889,<40,ham,5,False,4,0.008038783,0.0062631606,0.005951682,0.059069462,0.87442195,0.006898866,0.03935598,0.8887239,6.730645,0.8887239,composite,2,,43,composite_f2_s43_in22k_v5conf,last
ISIC_0034129,HAM_0001667,HAM_0001667,60+,ham,5,False,5,0.010509472,0.0072425436,0.008668963,0.06223537,0.0044821063,0.86454666,0.04231485,0.022234123,-8.033117,0.022234123,composite,2,,43,composite_f2_s43_in22k_v5conf,last
ISIC_0034133,HAM_0004829,HAM_0004829,40-59,ham,5,False,5,0.010445241,0.006585391,0.0058615743,0.06470193,0.006723716,0.8646936,0.04098844,0.023754347,-6.807085,0.023754347,composite,2,,43,composite_f2_s43_in22k_v5conf,last
ISIC_0034137,HAM_0000439,HAM_0000439,60+,ham,5,False,5,0.013700746,0.0060649943,0.0055043953,0.08050628,0.020232428,0.8218304,0.052160695,0.039998166,-4.682626,0.039998166,composite,2,,43,composite_f2_s43_in22k_v5conf,last
ISIC_0034143,HAM_0000394,HAM_0000394,<40,ham,1,True,1,0.006770624,0.8695313,0.0048799636,0.059745785,0.0059495047,0.0056006527,0.04752222,0.8822514,7.223007,0.8822514,composite,2,,43,composite_f2_s43_in22k_v5conf,last
ISIC_0034145,HAM_0004949,HAM_0004949,40-59,ham,4,True,4,0.009467046,0.004536135,0.0066558886,0.060294084,0.8759111,0.0047396827,0.038395993,0.8899143,7.1181293,0.8899143,composite,2,,43,composite_f2_s43_in22k_v5conf,last
ISIC_0034146,HAM_0001046,HAM_0001046,40-59,ham,5,False,1,0.008252366,0.4149165,0.003911617,0.21757671,0.019085597,0.23972656,0.09653056,0.44225442,0.76720697,0.44225442,composite,2,,43,composite_f2_s43_in22k_v5conf,last
ISIC_0034150,HAM_0006011,HAM_0006011,60+,ham,4,True,4,0.018972874,0.002047486,0.06417638,0.060473677,0.7892885,0.009154737,0.055886287,0.8103089,2.4929469,0.8103089,composite,2,,43,composite_f2_s43_in22k_v5conf,last
ISIC_0034159,HAM_0000553,HAM_0000553,40-59,ham,4,True,5,0.009048038,0.007036013,0.0063423538,0.068038076,0.008795947,0.85638237,0.044357155,0.024879998,-7.1021047,0.024879998,composite,2,,43,composite_f2_s43_in22k_v5conf,last
ISIC_0034161,HAM_0001243,HAM_0001243,<40,ham,1,True,1,0.006487212,0.9009936,0.0043885442,0.048591934,0.0035659068,0.0037781792,0.032194648,0.9110467,7.5717363,0.9110467,composite,2,,43,composite_f2_s43_in22k_v5conf,last
ISIC_0034167,HAM_0003728,HAM_0003728,60+,ham,2,False,2,0.0038613754,0.0039603226,0.9007745,0.050637282,0.0035547805,0.003116442,0.034095448,0.011376478,-8.353554,0.011376478,composite,2,,43,composite_f2_s43_in22k_v5conf,last
ISIC_0034176,HAM_0001777,HAM_0001777,<40,ham,5,False,2,0.011950421,0.005444748,0.80639124,0.09166809,0.00042602798,0.01693416,0.06718531,0.017821196,-10.967095,0.017821196,composite,2,,43,composite_f2_s43_in22k_v5conf,last
ISIC_0034179,HAM_0001133,HAM_0001133,<40,ham,5,False,5,0.012030782,0.0070929336,0.008677963,0.07162537,0.0053122076,0.8496509,0.045609754,0.024435924,-7.507136,0.024435924,composite,2,,43,composite_f2_s43_in22k_v5conf,last
ISIC_0034189,HAM_0000805,HAM_0000805,60+,ham,2,False,4,0.02722573,0.005509417,0.15441744,0.11858715,0.6044954,0.002493125,0.08727166,0.6372306,3.5021286,0.6372306,composite,2,,43,composite_f2_s43_in22k_v5conf,last
ISIC_0034192,HAM_0005995,HAM_0005995,<40,ham,5,False,5,0.00942724,0.0067567695,0.0074152034,0.07127189,0.0039948574,0.85760266,0.043531395,0.020178868,-7.8912077,0.020178868,composite,2,,43,composite_f2_s43_in22k_v5conf,last
ISIC_0034201,HAM_0000527,HAM_0000527,40-59,ham,2,False,2,0.010168788,0.0032620456,0.8932518,0.056291673,0.0038488505,0.002621616,0.030555217,0.017279685,-7.778029,0.017279685,composite,2,,43,composite_f2_s43_in22k_v5conf,last
ISIC_0034205,HAM_0007583,HAM_0007583,40-59,ham,4,True,5,0.01317131,0.007301483,0.005860448,0.05935585,0.0045664744,0.8686352,0.041109297,0.025039267,-6.949297,0.025039267,composite,2,,43,composite_f2_s43_in22k_v5conf,last
ISIC_0034206,HAM_0001133,HAM_0001133,<40,ham,5,False,5,0.010530663,0.0071340995,0.0076270043,0.06637024,0.0057418416,0.86031675,0.04227939,0.023406604,-7.390018,0.023406604,composite,2,,43,composite_f2_s43_in22k_v5conf,last
ISIC_0034211,HAM_0007558,HAM_0007558,40-59,ham,4,True,4,0.009461878,0.004869647,0.0056403275,0.058049634,0.88084376,0.00679169,0.034343112,0.8951753,6.4713564,0.8951753,composite,2,,43,composite_f2_s43_in22k_v5conf,last
ISIC_0034216,HAM_0003843,HAM_0003843,<40,ham,4,True,4,0.007376108,0.0049742525,0.005588467,0.051805105,0.8953771,0.0024881547,0.03239087,0.9077275,8.73234,0.9077275,composite,2,,43,composite_f2_s43_in22k_v5conf,last
ISIC_0034225,HAM_0002030,HAM_0002030,40-59,ham,5,False,5,0.010552473,0.0076950532,0.007267373,0.0680802,0.005609311,0.8564279,0.044367686,0.023856837,-7.478922,0.023856837,composite,2,,43,composite_f2_s43_in22k_v5conf,last
ISIC_0034239,HAM_0004578,HAM_0004578,60+,ham,4,True,4,0.008129985,0.005199153,0.0066985865,0.057805713,0.8794401,0.004298876,0.038427632,0.8927693,8.110036,0.8927693,composite,2,,43,composite_f2_s43_in22k_v5conf,last
ISIC_0034242,HAM_0005483,HAM_0005483,40-59,ham,4,True,4,0.01894971,0.013041725,0.013363067,0.109862976,0.43773553,0.3270165,0.080030434,0.46972698,-0.051296137,0.46972698,composite,2,,43,composite_f2_s43_in22k_v5conf,last
ISIC_0034245,HAM_0005594,HAM_0005594,40-59,ham,5,False,5,0.008431999,0.008121474,0.0066020433,0.06339771,0.026980048,0.846807,0.03965975,0.04353352,-5.1282883,0.04353352,composite,2,,43,composite_f2_s43_in22k_v5conf,last
ISIC_0034249,HAM_0004584,HAM_0004584,40-59,ham,5,False,5,0.011444079,0.0075780167,0.00907697,0.067889035,0.004755836,0.8544759,0.044780172,0.023777932,-7.6457124,0.023777932,composite,2,,43,composite_f2_s43_in22k_v5conf,last
ISIC_0034273,HAM_0002016,HAM_0002016,60+,ham,5,False,5,0.009383702,0.007682602,0.006848627,0.06926623,0.0058784317,0.85747445,0.043466054,0.022944735,-7.1842446,0.022944735,composite,2,,43,composite_f2_s43_in22k_v5conf,last
ISIC_0034285,HAM_0001673,HAM_0001673,<40,ham,5,False,5,0.010664985,0.0076639075,0.010882714,0.06967438,0.0048289467,0.85232776,0.043957386,0.023157839,-7.8488994,0.023157839,composite,2,,43,composite_f2_s43_in22k_v5conf,last
ISIC_0034287,HAM_0004578,HAM_0004578,60+,ham,4,True,4,0.008648482,0.0054694703,0.006501779,0.061335355,0.87382144,0.004731212,0.03949221,0.8879394,7.898251,0.8879394,composite,2,,43,composite_f2_s43_in22k_v5conf,last
ISIC_0034298,HAM_0007462,HAM_0007462,<40,ham,5,False,5,0.010383963,0.007450135,0.006796693,0.0677741,0.005691211,0.86030835,0.041595515,0.023525309,-7.61123,0.023525309,composite,2,,43,composite_f2_s43_in22k_v5conf,last
ISIC_0034307,HAM_0000439,HAM_0000439,60+,ham,5,False,5,0.013689101,0.0063078436,0.0042309924,0.075164475,0.009245339,0.84822613,0.043136064,0.029242285,-5.8789682,0.029242285,composite,2,,43,composite_f2_s43_in22k_v5conf,last
ISIC_0034320,HAM_0002244,HAM_0002244,<40,ham,5,False,4,0.007487075,0.004492305,0.004821498,0.06494569,0.8720175,0.009933986,0.036301948,0.8839969,6.359929,0.8839969,composite,2,,43,composite_f2_s43_in22k_v5conf,last
ISIC_0053469,BCN_0003352,BCN_0003352,60+,bcn20000,4,True,4,0.014091043,0.1821336,0.042165395,0.14734043,0.5558121,0.0044938587,0.05396356,0.75203675,8.126573,0.75203675,composite,2,,43,composite_f2_s43_in22k_v5conf,last
ISIC_0053479,BCN_0001437,BCN_0001437,60+,bcn20000,4,True,4,0.26277316,0.0071236826,0.0044208188,0.14531688,0.49759454,0.0074543143,0.07531656,0.76749134,7.745763,0.76749134,composite,2,,43,composite_f2_s43_in22k_v5conf,last
ISIC_0053482,BCN_0005484,BCN_0005484,<40,bcn20000,5,False,5,0.009824321,0.0069387797,0.0056104935,0.061235514,0.0045584207,0.87316626,0.03866613,0.02132152,-8.134076,0.02132152,composite,2,,43,composite_f2_s43_in22k_v5conf,last
ISIC_0053487,BCN_0002004,BCN_0002004,40-59,bcn20000,1,True,1,0.0087907715,0.88712597,0.004804386,0.053498495,0.004138939,0.0038704704,0.037770987,0.9000557,8.136858,0.9000557,composite,2,,43,composite_f2_s43_in22k_v5conf,last
ISIC_0053528,BCN_0004335,BCN_0004335,unknown,bcn20000,2,False,2,0.0103937425,0.007555092,0.44243982,0.1459429,0.007600893,0.32950297,0.056564514,0.025549727,-9.1793995,0.025549727,composite,2,,43,composite_f2_s43_in22k_v5conf,last
ISIC_0053534,BCN_0001745,BCN_0001745,60+,bcn20000,1,True,1,0.006894871,0.9003588,0.004929841,0.050381854,0.0034704541,0.0030601234,0.030904016,0.91072416,8.297778,0.91072416,composite,2,,43,composite_f2_s43_in22k_v5conf,last
ISIC_0053540,BCN_0005100,BCN_0005100,40-59,bcn20000,5,False,5,0.009568641,0.0078758225,0.00598893,0.06619345,0.0059640743,0.86311233,0.0412967,0.023408538,-7.093886,0.023408538,composite,2,,43,composite_f2_s43_in22k_v5conf,last
ISIC_0053541,BCN_0002598,BCN_0002598,60+,bcn20000,4,True,4,0.01836464,0.03607597,0.011145556,0.07855804,0.8007886,0.0048062983,0.05026086,0.8552292,8.772087,0.8552292,composite,2,,43,composite_f2_s43_in22k_v5conf,last
ISIC_0053549,BCN_0000938,BCN_0000938,60+,bcn20000,1,True,1,0.007215231,0.90741086,0.005926643,0.044330124,0.0034746134,0.0025822022,0.029060403,0.91810066,7.6305323,0.91810066,composite,2,,43,composite_f2_s43_in22k_v5conf,last
ISIC_0053563,BCN_0002759,BCN_0002759,60+,bcn20000,0,True,5,0.011257609,0.003953123,0.008647274,0.059615564,0.012187245,0.8710222,0.033316884,0.027397979,-6.46547,0.027397979,composite,2,,43,composite_f2_s43_in22k_v5conf,last
ISIC_0053569,BCN_0000480,BCN_0000480,40-59,bcn20000,2,False,5,0.011078388,0.006899228,0.0066620037,0.07221561,0.0055358484,0.8534247,0.044184234,0.023513464,-7.0833535,0.023513464,composite,2,,43,composite_f2_s43_in22k_v5conf,last
ISIC_0053594,BCN_0003408,BCN_0003408,60+,bcn20000,4,True,4,0.008089017,0.0057373093,0.010324932,0.05833552,0.8777874,0.004890377,0.03483548,0.8916137,7.523259,0.8916137,composite,2,,43,composite_f2_s43_in22k_v5conf,last
ISIC_0053635,BCN_0004052,BCN_0004052,60+,bcn20000,2,False,0,0.45932308,0.004356147,0.011048856,0.12674582,0.30089316,0.021375872,0.07625704,0.7645724,5.4761996,0.7645724,composite,2,,43,composite_f2_s43_in22k_v5conf,last
ISIC_0053643,BCN_0002988,BCN_0002988,60+,bcn20000,5,False,5,0.008564806,0.006431337,0.0051999795,0.062286317,0.009310535,0.86659104,0.041616008,0.024306677,-6.7483363,0.024306677,composite,2,,43,composite_f2_s43_in22k_v5conf,last
ISIC_0053649,BCN_0005326,BCN_0005326,60+,bcn20000,1,True,1,0.0055039404,0.904567,0.0044581364,0.04971798,0.0029591701,0.0030860868,0.02970764,0.91303015,8.080398,0.91303015,composite,2,,43,composite_f2_s43_in22k_v5conf,last
ISIC_0053659,BCN_0001821,BCN_0001821,<40,bcn20000,4,True,5,0.11233219,0.1716893,0.015444482,0.13902539,0.03489,0.47285652,0.053762168,0.3189115,0.13386247,0.3189115,composite,2,,43,composite_f2_s43_in22k_v5conf,last
ISIC_0053664,BCN_0002759,BCN_0002759,60+,bcn20000,0,True,0,0.8038215,0.005802527,0.028600441,0.048628666,0.043263864,0.018047579,0.051835373,0.85288787,4.0992594,0.85288787,composite,2,,43,composite_f2_s43_in22k_v5conf,last
ISIC_0053673,BCN_0003662,BCN_0003662,40-59,bcn20000,5,False,5,0.01093198,0.0063827974,0.007024111,0.06777404,0.0056731566,0.85840964,0.043804295,0.022987934,-7.55582,0.022987934,composite,2,,43,composite_f2_s43_in22k_v5conf,last
ISIC_0053674,BCN_0003055,BCN_0003055,60+,bcn20000,4,True,4,0.008128993,0.013124474,0.007940913,0.0741057,0.84753215,0.00473746,0.04443034,0.8687856,8.1497965,0.8687856,composite,2,,43,composite_f2_s43_in22k_v5conf,last
ISIC_0053695,BCN_0004680,BCN_0004680,60+,bcn20000,1,True,1,0.0067541157,0.89413095,0.0075988914,0.053647537,0.0042156316,0.0033001893,0.030352697,0.9051007,7.9426966,0.9051007,composite,2,,43,composite_f2_s43_in22k_v5conf,last
ISIC_0053698,BCN_0003408,BCN_0003408,60+,bcn20000,4,True,4,0.009252503,0.005282,0.008336728,0.05835243,0.88000435,0.004149582,0.03462246,0.8945389,7.9670877,0.8945389,composite,2,,43,composite_f2_s43_in22k_v5conf,last
ISIC_0053700,BCN_0000229,BCN_0000229,40-59,bcn20000,4,True,4,0.009384231,0.005529973,0.005142149,0.054431114,0.8838921,0.0051199305,0.036500487,0.89880633,7.7753563,0.89880633,composite,2,,43,composite_f2_s43_in22k_v5conf,last
ISIC_0053731,BCN_0003074,BCN_0003074,60+,bcn20000,1,True,1,0.006819288,0.9072713,0.006075021,0.043586314,0.0033050647,0.0034255327,0.029517483,0.9173957,7.172131,0.9173957,composite,2,,43,composite_f2_s43_in22k_v5conf,last
ISIC_0053740,BCN_0000939,BCN_0000939,60+,bcn20000,4,True,4,0.109288536,0.0032326696,0.012835907,0.12337547,0.6900296,0.0031324697,0.058105282,0.80255085,8.033305,0.80255085,composite,2,,43,composite_f2_s43_in22k_v5conf,last
ISIC_0053757,BCN_0003002,BCN_0003002,40-59,bcn20000,1,True,5,0.021675756,0.15960254,0.006912128,0.20655686,0.025199583,0.45632336,0.12372971,0.20647787,-1.0401942,0.20647787,composite,2,,43,composite_f2_s43_in22k_v5conf,last
ISIC_0053763,BCN_0003352,BCN_0003352,60+,bcn20000,4,True,4,0.026251094,0.0083112465,0.0540049,0.091583796,0.7559102,0.0059104534,0.058028206,0.79047257,4.9281063,0.79047257,composite,2,,43,composite_f2_s43_in22k_v5conf,last
ISIC_0053803,BCN_0003359,BCN_0003359,40-59,bcn20000,5,False,5,0.011449688,0.008015831,0.0072539616,0.07017024,0.0061153905,0.85307574,0.04391905,0.02558091,-7.2420845,0.02558091,composite,2,,43,composite_f2_s43_in22k_v5conf,last
ISIC_0053807,BCN_0004838,BCN_0004838,<40,bcn20000,5,False,1,0.022290114,0.86396104,0.01774998,0.045113888,0.007144669,0.0064459317,0.037294332,0.89339584,4.6702204,0.89339584,composite,2,,43,composite_f2_s43_in22k_v5conf,last
ISIC_0053816,BCN_0002717,BCN_0002717,60+,bcn20000,4,True,4,0.01136695,0.017134545,0.026883045,0.08666356,0.7994217,0.016046511,0.04248371,0.82792324,5.8102107,0.82792324,composite,2,,43,composite_f2_s43_in22k_v5conf,last
ISIC_0053839,BCN_0000846,BCN_0000846,60+,bcn20000,4,True,4,0.009207291,0.007886322,0.0053360816,0.057309467,0.8819658,0.0032269196,0.035068136,0.8990594,8.91636,0.8990594,composite,2,,43,composite_f2_s43_in22k_v5conf,last
ISIC_0053854,BCN_0005715,BCN_0005715,60+,bcn20000,4,True,4,0.010409115,0.006067033,0.008694495,0.061396558,0.870913,0.0053505776,0.037169214,0.8873892,8.073932,0.8873892,composite,2,,43,composite_f2_s43_in22k_v5conf,last
ISIC_0053863,BCN_0000031,BCN_0000031,40-59,bcn20000,1,True,0,0.49058482,0.09577246,0.0020704216,0.070666365,0.0031924695,0.002910978,0.33480248,0.5895498,5.9139466,0.5895498,composite,2,,43,composite_f2_s43_in22k_v5conf,last
ISIC_0053865,BCN_0004111,BCN_0004111,60+,bcn20000,2,False,5,0.01128503,0.0060320254,0.019696262,0.06433605,0.0043811575,0.8570691,0.03720039,0.021698214,-7.562959,0.021698214,composite,2,,43,composite_f2_s43_in22k_v5conf,last
ISIC_0053873,BCN_0002298,BCN_0002298,60+,bcn20000,1,True,1,0.008782947,0.84968436,0.015921965,0.06986689,0.012321267,0.009289411,0.034133192,0.8707886,6.266789,0.8707886,composite,2,,43,composite_f2_s43_in22k_v5conf,last
ISIC_0053880,BCN_0002652,BCN_0002652,40-59,bcn20000,5,False,4,0.0075876205,0.0034570156,0.008176059,0.048869368,0.8932971,0.0069456217,0.0316672,0.9043417,6.345878,0.9043417,composite,2,,43,composite_f2_s43_in22k_v5conf,last
ISIC_0053892,BCN_0004331,BCN_0004331,40-59,bcn20000,0,True,1,0.16189623,0.6930418,0.0046246136,0.08632807,0.0065983506,0.0044962782,0.04301465,0.8615364,9.3956,0.8615364,composite,2,,43,composite_f2_s43_in22k_v5conf,last
ISIC_0053894,BCN_0004491,BCN_0004491,40-59,bcn20000,5,False,5,0.010902239,0.0072116693,0.007053519,0.06536226,0.0054902593,0.86226827,0.0417118,0.023604166,-7.566106,0.023604166,composite,2,,43,composite_f2_s43_in22k_v5conf,last
ISIC_0053920,BCN_0001713,BCN_0001713,<40,bcn20000,5,False,5,0.011433126,0.0069660693,0.008718577,0.059032027,0.0062873624,0.8710545,0.036508385,0.024686558,-7.460721,0.024686558,composite,2,,43,composite_f2_s43_in22k_v5conf,last
ISIC_0053957,BCN_0002783,BCN_0002783,40-59,bcn20000,1,True,1,0.009911198,0.88548964,0.007067195,0.054945458,0.0035957617,0.0037198162,0.03527096,0.8989966,8.077366,0.8989966,composite,2,,43,composite_f2_s43_in22k_v5conf,last
ISIC_0053975,BCN_0002456,BCN_0002456,40-59,bcn20000,5,False,4,0.0062390147,0.008565546,0.008211403,0.06617356,0.8358591,0.024159193,0.05079215,0.85066366,4.8849535,0.85066366,composite,2,,43,composite_f2_s43_in22k_v5conf,last
ISIC_0053992,BCN_0000163,BCN_0000163,<40,bcn20000,5,False,5,0.009386858,0.0065166256,0.008257451,0.058934543,0.0054925596,0.8679761,0.043435905,0.021396045,-7.67168,0.021396045,composite,2,,43,composite_f2_s43_in22k_v5conf,last
ISIC_0053996,BCN_0002353,BCN_0002353,<40,bcn20000,4,True,5,0.011478677,0.0050459234,0.003947534,0.07171437,0.003912478,0.86176336,0.042137664,0.02043708,-7.140908,0.02043708,composite,2,,43,composite_f2_s43_in22k_v5conf,last
ISIC_0054023,BCN_0002049,BCN_0002049,unknown,bcn20000,5,False,5,0.012245483,0.009689006,0.006226433,0.077745885,0.016226813,0.8295315,0.048334923,0.0381613,-5.437764,0.0381613,composite,2,,43,composite_f2_s43_in22k_v5conf,last
ISIC_0054041,BCN_0000074,BCN_0000074,<40,bcn20000,5,False,4,0.007286957,0.0039019743,0.004569246,0.066204004,0.8761285,0.006990563,0.034918714,0.8873174,6.6321054,0.8873174,composite,2,,43,composite_f2_s43_in22k_v5conf,last
ISIC_0054057,BCN_0004698,BCN_0004698,60+,bcn20000,0,True,0,0.92684203,0.0016986174,0.007203622,0.034244813,0.0037295064,0.002826797,0.023454662,0.93227017,6.113304,0.93227017,composite,2,,43,composite_f2_s43_in22k_v5conf,last
ISIC_0054110,BCN_0000048,BCN_0000048,60+,bcn20000,4,True,4,0.0063243993,0.0063850232,0.006710999,0.06421936,0.86963195,0.01012653,0.03660181,0.8823414,6.1548634,0.8823414,composite,2,,43,composite_f2_s43_in22k_v5conf,last
ISIC_0054126,BCN_0003362,BCN_0003362,60+,bcn20000,5,False,5,0.009875023,0.0072972835,0.007110986,0.06590283,0.004790481,0.86312586,0.041897584,0.021962788,-7.7921734,0.021962788,composite,2,,43,composite_f2_s43_in22k_v5conf,last
ISIC_0054133,BCN_0002233,BCN_0002233,60+,bcn20000,1,True,2,0.004078429,0.352215,0.43851915,0.09829332,0.0039194245,0.03043219,0.07254247,0.36021283,-3.6800559,0.36021283,composite,2,,43,composite_f2_s43_in22k_v5conf,last
ISIC_0054141,BCN_0001437,BCN_0001437,60+,bcn20000,4,True,0,0.91817296,0.008785296,0.002813906,0.03232078,0.010567915,0.008636359,0.018702745,0.93752617,4.984172,0.93752617,composite,2,,43,composite_f2_s43_in22k_v5conf,last
ISIC_0054171,BCN_0003002,BCN_0003002,40-59,bcn20000,1,True,1,0.009570231,0.89262956,0.00553225,0.05252627,0.0052172868,0.0032683292,0.03125602,0.9074171,8.154505,0.9074171,composite,2,,43,composite_f2_s43_in22k_v5conf,last
ISIC_0054178,BCN_0002203,BCN_0002203,60+,bcn20000,0,True,0,0.95155036,0.0033892593,0.0024464193,0.024074486,0.0013304219,0.0014327028,0.015776357,0.95627004,7.093274,0.95627004,composite,2,,43,composite_f2_s43_in22k_v5conf,last
ISIC_0054205,BCN_0002598,BCN_0002598,60+,bcn20000,4,True,4,0.0307238,0.011565631,0.02227641,0.06588877,0.8243432,0.0057695615,0.03943263,0.86663264,6.4520187,0.86663264,composite,2,,43,composite_f2_s43_in22k_v5conf,last
ISIC_0054223,BCN_0002759,BCN_0002759,60+,bcn20000,0,True,2,0.16071165,0.011896871,0.6630693,0.09196992,0.007834846,0.0021901745,0.06232712,0.18044338,-1.3162382,0.18044338,composite,2,,43,composite_f2_s43_in22k_v5conf,last
ISIC_0054226,BCN_0003192,BCN_0003192,60+,bcn20000,4,True,4,0.014344326,0.006887437,0.0054665855,0.059374977,0.8704897,0.0038337067,0.03960328,0.8917215,8.412196,0.8917215,composite,2,,43,composite_f2_s43_in22k_v5conf,last
ISIC_0054227,BCN_0002385,BCN_0002385,60+,bcn20000,1,True,1,0.010947793,0.8959639,0.006938929,0.04703437,0.004127989,0.0031067545,0.031880338,0.91103965,7.9852324,0.91103965,composite,2,,43,composite_f2_s43_in22k_v5conf,last
ISIC_0054233,BCN_0002598,BCN_0002598,60+,bcn20000,4,True,4,0.017224591,0.120924495,0.0063993335,0.14102305,0.6285742,0.0038678162,0.081986494,0.7667233,9.96945,0.7667233,composite,2,,43,composite_f2_s43_in22k_v5conf,last
ISIC_0054234,BCN_0002651,BCN_0002651,60+,bcn20000,2,False,4,0.012795991,0.009885416,0.007689502,0.06784158,0.8576288,0.0037304193,0.040428277,0.88031024,8.608186,0.88031024,composite,2,,43,composite_f2_s43_in22k_v5conf,last
ISIC_0054240,BCN_0003264,BCN_0003264,40-59,bcn20000,1,True,1,0.0054213465,0.905595,0.006725604,0.048131265,0.0032118699,0.0027758456,0.02813903,0.9142282,7.6905413,0.9142282,composite,2,,43,composite_f2_s43_in22k_v5conf,last
ISIC_0054257,BCN_0005294,BCN_0005294,60+,bcn20000,2,False,2,0.009679104,0.0056054937,0.90872985,0.042526208,0.0036953785,0.0016896683,0.028074272,0.018979976,-6.685953,0.018979976,composite,2,,43,composite_f2_s43_in22k_v5conf,last
ISIC_0054287,BCN_0000406,BCN_0000406,60+,bcn20000,4,True,5,0.011472863,0.008108593,0.006821103,0.067963235,0.012355321,0.8496326,0.043646213,0.031936776,-6.308524,0.031936776,composite,2,,43,composite_f2_s43_in22k_v5conf,last
ISIC_0054302,BCN_0003258,BCN_0003258,40-59,bcn20000,4,True,1,0.016713979,0.65260845,0.0074487017,0.08810558,0.17367266,0.009698341,0.051752325,0.8429951,9.810964,0.8429951,composite,2,,43,composite_f2_s43_in22k_v5conf,last
ISIC_0054306,BCN_0004680,BCN_0004680,60+,bcn20000,1,True,1,0.007901616,0.8906384,0.010908568,0.051844265,0.0042859265,0.0031663727,0.03125475,0.90282595,7.5899076,0.90282595,composite,2,,43,composite_f2_s43_in22k_v5conf,last
ISIC_0054325,BCN_0002975,BCN_0002975,60+,bcn20000,2,False,2,0.010909972,0.006005674,0.8691832,0.07165665,0.002677237,0.001922042,0.03764523,0.019592883,-6.655628,0.019592883,composite,2,,43,composite_f2_s43_in22k_v5conf,last
ISIC_0054327,BCN_0001696,BCN_0001696,40-59,bcn20000,5,False,5,0.013284719,0.008379106,0.008451184,0.07357004,0.0059383307,0.8417214,0.04865527,0.027602157,-7.6967063,0.027602157,composite,2,,43,composite_f2_s43_in22k_v5conf,last
ISIC_0054338,BCN_0004025,BCN_0004025,60+,bcn20000,1,True,1,0.019248791,0.8868306,0.004882583,0.05300436,0.004250262,0.0028682756,0.028915089,0.9103297,9.174944,0.9103297,composite,2,,43,composite_f2_s43_in22k_v5conf,last
ISIC_0054344,BCN_0002161,BCN_0002161,60+,bcn20000,1,True,1,0.030176355,0.8506833,0.005260966,0.060826253,0.011359059,0.005247564,0.03644662,0.89221865,8.939516,0.89221865,composite,2,,43,composite_f2_s43_in22k_v5conf,last
ISIC_0054352,BCN_0001452,BCN_0001452,40-59,bcn20000,5,False,5,0.009937843,0.0059803943,0.0063344324,0.062327456,0.004377239,0.87212497,0.038917694,0.020295477,-8.144483,0.020295477,composite,2,,43,composite_f2_s43_in22k_v5conf,last
ISIC_0054357,BCN_0004789,BCN_0004789,<40,bcn20000,5,False,5,0.012122354,0.0074716746,0.008599599,0.070877574,0.0060888324,0.8531057,0.041734215,0.025682861,-7.666493,0.025682861,composite,2,,43,composite_f2_s43_in22k_v5conf,last
ISIC_0054362,BCN_0004228,BCN_0004228,60+,bcn20000,1,True,5,0.0087904595,0.007922327,0.0066662277,0.061567776,0.0032687595,0.8771555,0.034628928,0.019981546,-8.045652,0.019981546,composite,2,,43,composite_f2_s43_in22k_v5conf,last
ISIC_0054382,BCN_0000413,BCN_0000413,40-59,bcn20000,5,False,1,0.0053463792,0.87132174,0.0018855211,0.059294485,0.018633366,0.00959474,0.033923727,0.89530146,8.096017,0.89530146,composite,2,,43,composite_f2_s43_in22k_v5conf,last
ISIC_0054385,BCN_0000846,BCN_0000846,60+,bcn20000,4,True,4,0.015077322,0.003975004,0.0051522236,0.054561287,0.8836843,0.0022086345,0.035341386,0.9027366,9.126012,0.9027366,composite,2,,43,composite_f2_s43_in22k_v5conf,last
ISIC_0054392,BCN_0004766,BCN_0004766,40-59,bcn20000,2,False,2,0.015823485,0.011543379,0.39245456,0.15004806,0.0063610235,0.3301084,0.093661144,0.033727888,-10.016997,0.033727888,composite,2,,43,composite_f2_s43_in22k_v5conf,last
ISIC_0054395,BCN_0000846,BCN_0000846,60+,bcn20000,4,True,4,0.009995361,0.00584232,0.0075225136,0.07601465,0.8488213,0.0049038636,0.046900038,0.86465895,7.936921,0.86465895,composite,2,,43,composite_f2_s43_in22k_v5conf,last
ISIC_0054406,BCN_0000507,BCN_0000507,40-59,bcn20000,5,False,5,0.012287606,0.0074555143,0.0072447867,0.06814688,0.0057412977,0.85413766,0.044986278,0.025484418,-7.616958,0.025484418,composite,2,,43,composite_f2_s43_in22k_v5conf,last
ISIC_0054414,BCN_0002721,BCN_0002721,40-59,bcn20000,5,False,1,0.007244393,0.89421177,0.006084024,0.04587715,0.0045788027,0.0036895669,0.038314275,0.906035,7.8688316,0.906035,composite,2,,43,composite_f2_s43_in22k_v5conf,last
ISIC_0054423,BCN_0004766,BCN_0004766,40-59,bcn20000,2,False,2,0.0056511895,0.0034338,0.85552216,0.07650936,0.0032491535,0.015894663,0.039739665,0.012334143,-9.744521,0.012334143,composite,2,,43,composite_f2_s43_in22k_v5conf,last
ISIC_0054425,BCN_0004361,BCN_0004361,40-59,bcn20000,3,False,0,0.5026837,0.24731748,0.0037035344,0.14662997,0.002806793,0.0021747851,0.09468368,0.752808,7.8272033,0.752808,composite,2,,43,composite_f2_s43_in22k_v5conf,last
ISIC_0054432,BCN_0001984,BCN_0001984,60+,bcn20000,0,True,1,0.013089525,0.8896136,0.0076246057,0.05158035,0.0025009208,0.0030995698,0.032491468,0.90520406,7.6512804,0.90520406,composite,2,,43,composite_f2_s43_in22k_v5conf,last
ISIC_0054448,BCN_0000213,BCN_0000213,60+,bcn20000,1,True,1,0.008683768,0.9065645,0.0059038578,0.04486324,0.0031254764,0.002919475,0.027939726,0.9183737,7.688179,0.9183737,composite,2,,43,composite_f2_s43_in22k_v5conf,last
ISIC_0054451,BCN_0002801,BCN_0002801,40-59,bcn20000,1,True,1,0.05841197,0.82012194,0.009141272,0.060797743,0.0043184594,0.008417331,0.038791295,0.8828524,7.1066737,0.8828524,composite,2,,43,composite_f2_s43_in22k_v5conf,last
ISIC_0054463,BCN_0005394,BCN_0005394,60+,bcn20000,6,False,3,0.26283756,0.0172396,0.21291852,0.29318082,0.0011550984,0.0021734117,0.210495,0.28123227,-1.2408572,0.28123227,composite,2,,43,composite_f2_s43_in22k_v5conf,last
ISIC_0054492,BCN_0005715,BCN_0005715,60+,bcn20000,4,True,4,0.05571366,0.15335654,0.013330401,0.13484183,0.574382,0.0034261462,0.06494941,0.7834522,10.8306055,0.7834522,composite,2,,43,composite_f2_s43_in22k_v5conf,last
ISIC_0054504,BCN_0003833,BCN_0003833,40-59,bcn20000,1,True,1,0.007798769,0.897398,0.005463862,0.04800897,0.0048348284,0.0046570734,0.031838518,0.9100316,7.533513,0.9100316,composite,2,,43,composite_f2_s43_in22k_v5conf,last
ISIC_0054536,BCN_0004748,BCN_0004748,60+,bcn20000,4,True,1,0.06631872,0.5006584,0.013681262,0.13622326,0.17637956,0.008441445,0.09829735,0.7433567,8.2898035,0.7433567,composite,2,,43,composite_f2_s43_in22k_v5conf,last
ISIC_0054537,BCN_0002988,BCN_0002988,60+,bcn20000,5,False,5,0.01026124,0.0068018246,0.006470977,0.06377018,0.006702863,0.8629554,0.043037463,0.023765927,-7.208249,0.023765927,composite,2,,43,composite_f2_s43_in22k_v5conf,last
ISIC_0054546,BCN_0005394,BCN_0005394,60+,bcn20000,6,False,0,0.8062618,0.0028582376,0.016397933,0.059012227,0.00036212278,0.00043420997,0.11467345,0.8094821,3.031135,0.8094821,composite,2,,43,composite_f2_s43_in22k_v5conf,last
ISIC_0054556,BCN_0004835,BCN_0004835,60+,bcn20000,0,True,1,0.0062636137,0.8241115,0.07669275,0.04858449,0.0047639906,0.004880413,0.034703176,0.83513916,4.1023855,0.83513916,composite,2,,43,composite_f2_s43_in22k_v5conf,last
ISIC_0054562,BCN_0002652,BCN_0002652,40-59,bcn20000,5,False,4,0.009467846,0.003295487,0.006094105,0.050335962,0.88736224,0.0067740506,0.03667023,0.90012556,6.5452375,0.90012556,composite,2,,43,composite_f2_s43_in22k_v5conf,last
ISIC_0054576,BCN_0002018,BCN_0002018,<40,bcn20000,5,False,5,0.009268512,0.0061099962,0.006101184,0.0632626,0.006479244,0.8688563,0.039922096,0.021857753,-7.1198454,0.021857753,composite,2,,43,composite_f2_s43_in22k_v5conf,last
ISIC_0054582,BCN_0005100,BCN_0005100,40-59,bcn20000,5,False,5,0.012082622,0.0073428256,0.0073539154,0.067813575,0.006556502,0.85670537,0.042145148,0.02598195,-7.276738,0.02598195,composite,2,,43,composite_f2_s43_in22k_v5conf,last
ISIC_0054586,BCN_0004786,BCN_0004786,<40,bcn20000,5,False,5,0.0114487335,0.0072980872,0.009123514,0.06320174,0.0053566536,0.86119777,0.04237347,0.024103474,-7.48965,0.024103474,composite,2,,43,composite_f2_s43_in22k_v5conf,last
ISIC_0054588,BCN_0005100,BCN_0005100,40-59,bcn20000,5,False,5,0.011786864,0.006833284,0.007740998,0.06734741,0.0063863727,0.858931,0.040974148,0.025006521,-7.546201,0.025006521,composite,2,,43,composite_f2_s43_in22k_v5conf,last
ISIC_0054592,BCN_0002389,BCN_0002389,60+,bcn20000,0,True,0,0.95008993,0.0024457811,0.0032332889,0.024894586,0.0018130795,0.0009475422,0.016575765,0.95434874,6.895234,0.95434874,composite,2,,43,composite_f2_s43_in22k_v5conf,last
ISIC_0054632,BCN_0004766,BCN_0004766,40-59,bcn20000,2,False,5,0.0075612366,0.006033253,0.016923944,0.069426686,0.0042562983,0.8506117,0.04518687,0.017850788,-8.258117,0.017850788,composite,2,,43,composite_f2_s43_in22k_v5conf,last
ISIC_0054644,BCN_0002851,BCN_0002851,60+,bcn20000,0,True,1,0.03951076,0.83427495,0.0086238785,0.072312124,0.0046332055,0.0043278616,0.036317207,0.8784189,8.305302,0.8784189,composite,2,,43,composite_f2_s43_in22k_v5conf,last
ISIC_0054647,BCN_0004384,BCN_0004384,60+,bcn20000,1,True,1,0.0084842,0.85545075,0.006255552,0.06621853,0.019889615,0.0049107443,0.03879071,0.8838245,8.760793,0.8838245,composite,2,,43,composite_f2_s43_in22k_v5conf,last
ISIC_0054658,BCN_0000215,BCN_0000215,60+,bcn20000,1,True,1,0.0122831175,0.8944744,0.00566796,0.046915896,0.00432945,0.0040831086,0.03224611,0.911087,7.8681965,0.911087,composite,2,,43,composite_f2_s43_in22k_v5conf,last
ISIC_0054659,BCN_0002554,BCN_0002554,40-59,bcn20000,5,False,5,0.009881904,0.0073190425,0.0070213876,0.06590902,0.005029515,0.860623,0.044216026,0.022230461,-7.9964232,0.022230461,composite,2,,43,composite_f2_s43_in22k_v5conf,last
ISIC_0054660,BCN_0002851,BCN_0002851,60+,bcn20000,0,True,0,0.5924779,0.23438236,0.009363907,0.10402496,0.005144016,0.005329299,0.049277537,0.8320043,9.041812,0.8320043,composite,2,,43,composite_f2_s43_in22k_v5conf,last
ISIC_0054670,BCN_0001189,BCN_0001189,40-59,bcn20000,4,True,4,0.009359074,0.0056445505,0.006299957,0.056721386,0.87679976,0.0045902743,0.04058507,0.8918034,8.142959,0.8918034,composite,2,,43,composite_f2_s43_in22k_v5conf,last
ISIC_0054671,BCN_0002532,BCN_0002532,60+,bcn20000,4,True,4,0.012828957,0.004869174,0.0045975507,0.058683008,0.8730403,0.005931094,0.040049873,0.8907384,7.62191,0.8907384,composite,2,,43,composite_f2_s43_in22k_v5conf,last
ISIC_0054672,BCN_0000507,BCN_0000507,40-59,bcn20000,5,False,5,0.012177368,0.0074756145,0.006729161,0.06793906,0.006620792,0.85331476,0.045743234,0.026273774,-7.3833027,0.026273774,composite,2,,43,composite_f2_s43_in22k_v5conf,last
ISIC_0054708,BCN_0002521,BCN_0002521,60+,bcn20000,2,False,1,0.00090175343,0.8025683,0.041772112,0.084322676,0.0112073915,0.018097293,0.04113035,0.8146775,2.3697991,0.8146775,composite,2,,43,composite_f2_s43_in22k_v5conf,last
ISIC_0054751,BCN_0003607,BCN_0003607,40-59,bcn20000,5,False,5,0.011061624,0.0080364505,0.008055764,0.06920609,0.0060979556,0.8517368,0.045805275,0.025196029,-7.5155215,0.025196029,composite,2,,43,composite_f2_s43_in22k_v5conf,last
ISIC_0054759,BCN_0005446,BCN_0005446,60+,bcn20000,5,False,5,0.0051063765,0.008969383,0.01869231,0.12965201,0.20075364,0.574448,0.062378276,0.2148294,-2.5689037,0.2148294,composite,2,,43,composite_f2_s43_in22k_v5conf,last
ISIC_0054766,BCN_0001778,BCN_0001778,60+,bcn20000,5,False,4,0.00839295,0.0026152525,0.0025609196,0.06597277,0.86372626,0.013162781,0.0435691,0.87473446,5.6441393,0.87473446,composite,2,,43,composite_f2_s43_in22k_v5conf,last
ISIC_0054789,BCN_0004722,BCN_0004722,60+,bcn20000,1,True,1,0.010996323,0.8859183,0.005412311,0.05385319,0.0039793733,0.0034732998,0.03636716,0.90089405,8.026887,0.90089405,composite,2,,43,composite_f2_s43_in22k_v5conf,last
ISIC_0054811,BCN_0004258,BCN_0004258,40-59,bcn20000,2,False,2,0.14716747,0.011062707,0.6120225,0.12103072,0.029070754,0.0046601966,0.07498566,0.18730094,-1.0487086,0.18730094,composite,2,,43,composite_f2_s43_in22k_v5conf,last
ISIC_0054831,BCN_0002177,BCN_0002177,40-59,bcn20000,5,False,5,0.010376302,0.0074247546,0.0071429117,0.06649312,0.007787438,0.85618293,0.04459268,0.025588494,-6.46288,0.025588494,composite,2,,43,composite_f2_s43_in22k_v5conf,last
ISIC_0054838,BCN_0000447,BCN_0000447,40-59,bcn20000,5,False,5,0.011753118,0.008168565,0.010221589,0.06800522,0.004982284,0.85429054,0.04257871,0.024903966,-7.7825403,0.024903966,composite,2,,43,composite_f2_s43_in22k_v5conf,last
ISIC_0054852,BCN_0002059,BCN_0002059,60+,bcn20000,4,True,4,0.014704139,0.0061102477,0.02719107,0.093378365,0.767,0.010325996,0.081290126,0.7878144,5.0790997,0.7878144,composite,2,,43,composite_f2_s43_in22k_v5conf,last
ISIC_0054873,BCN_0003038,BCN_0003038,60+,bcn20000,1,True,1,0.009859936,0.90391076,0.004800995,0.040874727,0.0035062747,0.002276916,0.034770317,0.917277,8.518577,0.917277,composite,2,,43,composite_f2_s43_in22k_v5conf,last
ISIC_0054874,BCN_0003148,BCN_0003148,60+,bcn20000,4,True,4,0.006601543,0.005204955,0.005873914,0.0524259,0.88814926,0.0043478394,0.037396632,0.89995575,7.9217978,0.89995575,composite,2,,43,composite_f2_s43_in22k_v5conf,last
ISIC_0054903,BCN_0004207,BCN_0004207,<40,bcn20000,6,False,6,0.0008376157,0.0006763543,0.00069786597,0.0068157283,0.0005048134,0.0006236235,0.98984396,0.0020187832,-8.138726,0.0020187832,composite,2,,43,composite_f2_s43_in22k_v5conf,last
ISIC_0054929,BCN_0001400,BCN_0001400,60+,bcn20000,1,True,1,0.0111667225,0.58501107,0.011662249,0.12577228,0.18427563,0.0035055217,0.07860654,0.78045344,10.460961,0.78045344,composite,2,,43,composite_f2_s43_in22k_v5conf,last
ISIC_0054935,BCN_0003187,BCN_0003187,60+,bcn20000,0,True,0,0.9551509,0.003384118,0.0017317886,0.022945251,0.0023079251,0.0005255996,0.013954391,0.96084297,8.912543,0.96084297,composite,2,,43,composite_f2_s43_in22k_v5conf,last
ISIC_0054955,BCN_0001564,BCN_0001564,40-59,bcn20000,5,False,4,0.010025438,0.0054132254,0.0056920927,0.056875646,0.8749131,0.00822241,0.038858183,0.8903518,6.432048,0.8903518,composite,2,,43,composite_f2_s43_in22k_v5conf,last
ISIC_0054974,BCN_0002353,BCN_0002353,<40,bcn20000,4,True,5,0.011842082,0.0073103243,0.006944082,0.07068006,0.0062953876,0.85468924,0.042238917,0.025447793,-7.2719846,0.025447793,composite,2,,43,composite_f2_s43_in22k_v5conf,last
ISIC_0054979,BCN_0002268,BCN_0002268,60+,bcn20000,4,True,4,0.006012188,0.027018653,0.010566849,0.04275721,0.8864833,0.0022549846,0.024906833,0.9195142,8.463525,0.9195142,composite,2,,43,composite_f2_s43_in22k_v5conf,last
ISIC_0054983,BCN_0000583,BCN_0000583,unknown,bcn20000,2,False,0,0.93087447,0.002000959,0.008087138,0.03238054,0.0022193757,0.0022829035,0.02215452,0.93509483,5.3534737,0.93509483,composite,2,,43,composite_f2_s43_in22k_v5conf,last
ISIC_0054993,BCN_0003833,BCN_0003833,40-59,bcn20000,1,True,1,0.01008782,0.85041904,0.009217522,0.06691562,0.019118305,0.004185408,0.040056344,0.8796252,8.324385,0.8796252,composite,2,,43,composite_f2_s43_in22k_v5conf,last
ISIC_0054995,BCN_0002495,BCN_0002495,60+,bcn20000,4,True,4,0.0060769836,0.005183855,0.010942863,0.053098068,0.89614403,0.0020775127,0.026476739,0.9074049,8.088467,0.9074049,composite,2,,43,composite_f2_s43_in22k_v5conf,last
ISIC_0055007,BCN_0002598,BCN_0002598,60+,bcn20000,4,True,4,0.11447845,0.026534807,0.005195072,0.07752394,0.6915443,0.0016005099,0.08312286,0.83255756,9.190926,0.83255756,composite,2,,43,composite_f2_s43_in22k_v5conf,last
ISIC_0055021,BCN_0001586,BCN_0001586,60+,bcn20000,1,True,1,0.016921379,0.8481292,0.008853746,0.069141634,0.004669006,0.007088554,0.045196448,0.8697196,7.071431,0.8697196,composite,2,,43,composite_f2_s43_in22k_v5conf,last
ISIC_0055036,BCN_0004111,BCN_0004111,60+,bcn20000,2,False,5,0.116872214,0.006254006,0.26811928,0.16344404,0.011625919,0.3261277,0.10755685,0.13475214,-6.987687,0.13475214,composite,2,,43,composite_f2_s43_in22k_v5conf,last
ISIC_0055060,BCN_0005192,BCN_0005192,60+,bcn20000,1,True,1,0.006761619,0.89645785,0.005360199,0.051271427,0.003518043,0.003718318,0.03291251,0.9067375,7.969492,0.9067375,composite,2,,43,composite_f2_s43_in22k_v5conf,last
ISIC_0055061,BCN_0005484,BCN_0005484,<40,bcn20000,5,False,5,0.0095878495,0.007488658,0.006006627,0.061357968,0.004419598,0.8720946,0.03904475,0.021496106,-8.202153,0.021496106,composite,2,,43,composite_f2_s43_in22k_v5conf,last
ISIC_0055080,BCN_0003651,BCN_0003651,40-59,bcn20000,5,False,5,0.011806517,0.006905924,0.0065584816,0.06595134,0.005922493,0.8598128,0.043042503,0.024634933,-7.3819532,0.024634933,composite,2,,43,composite_f2_s43_in22k_v5conf,last
ISIC_0055089,BCN_0001400,BCN_0001400,60+,bcn20000,1,True,4,0.014778701,0.21301049,0.013234288,0.12412224,0.56403476,0.0049957125,0.06582385,0.791824,10.202064,0.791824,composite,2,,43,composite_f2_s43_in22k_v5conf,last
ISIC_0055139,BCN_0000541,BCN_0000541,<40,bcn20000,5,False,2,0.010234174,0.0014824449,0.89196014,0.025246534,0.00481512,0.040762227,0.02549925,0.01653174,-6.5472755,0.01653174,composite,2,,43,composite_f2_s43_in22k_v5conf,last
ISIC_0055155,BCN_0005307,BCN_0005307,40-59,bcn20000,5,False,4,0.014353937,0.006618748,0.009764647,0.09910472,0.79909176,0.01888275,0.05218345,0.8200644,4.8101826,0.8200644,composite,2,,43,composite_f2_s43_in22k_v5conf,last
ISIC_0055235,BCN_0003010,BCN_0003010,40-59,bcn20000,2,False,2,0.0053706323,0.003958529,0.90840185,0.045211636,0.0056832484,0.003811599,0.027562534,0.01501241,-7.3155165,0.01501241,composite,2,,43,composite_f2_s43_in22k_v5conf,last
ISIC_0055251,BCN_0002665,BCN_0002665,40-59,bcn20000,5,False,4,0.004649722,0.009602247,0.047412485,0.11813944,0.6697759,0.05678795,0.09363228,0.68402785,1.4880147,0.68402785,composite,2,,43,composite_f2_s43_in22k_v5conf,last
ISIC_0055256,BCN_0004111,BCN_0004111,60+,bcn20000,2,False,5,0.013782573,0.0090489695,0.008551304,0.07131989,0.0076730778,0.843942,0.045682173,0.03050462,-6.7355037,0.03050462,composite,2,,43,composite_f2_s43_in22k_v5conf,last
ISIC_0055259,BCN_0005057,BCN_0005057,60+,bcn20000,0,True,4,0.046585776,0.12632093,0.01684552,0.1345774,0.6015826,0.0019818495,0.07210601,0.7744893,10.638951,0.7744893,composite,2,,43,composite_f2_s43_in22k_v5conf,last
ISIC_0055260,BCN_0001120,BCN_0001120,60+,bcn20000,0,True,1,0.008418675,0.7697612,0.021361547,0.08348307,0.021776343,0.032559175,0.062640056,0.7999562,6.031042,0.7999562,composite,2,,43,composite_f2_s43_in22k_v5conf,last
ISIC_0055265,BCN_0001513,BCN_0001513,40-59,bcn20000,4,True,4,0.011038088,0.04914727,0.00789703,0.10485723,0.73929644,0.0036697274,0.08409428,0.7994818,10.123564,0.7994818,composite,2,,43,composite_f2_s43_in22k_v5conf,last
ISIC_0055279,BCN_0001189,BCN_0001189,40-59,bcn20000,4,True,4,0.008886024,0.005607104,0.005264381,0.050648272,0.8833281,0.0028301629,0.043436054,0.8978212,8.628064,0.8978212,composite,2,,43,composite_f2_s43_in22k_v5conf,last
ISIC_0055293,BCN_0001489,BCN_0001489,60+,bcn20000,4,True,4,0.010236249,0.011189699,0.009678924,0.06290498,0.8623811,0.0046480945,0.038960855,0.88380706,8.1960535,0.88380706,composite,2,,43,composite_f2_s43_in22k_v5conf,last
ISIC_0055295,BCN_0002598,BCN_0002598,60+,bcn20000,4,True,4,0.0044068913,0.0056683146,0.003932523,0.29806444,0.65213263,0.003434199,0.03236109,0.66220784,5.6875315,0.66220784,composite,2,,43,composite_f2_s43_in22k_v5conf,last
ISIC_0055311,BCN_0005525,BCN_0005525,40-59,bcn20000,4,True,5,0.009442194,0.0061817947,0.0070858276,0.06772384,0.009525217,0.85660714,0.04343405,0.025149206,-6.7311077,0.025149206,composite,2,,43,composite_f2_s43_in22k_v5conf,last
ISIC_0055322,BCN_0000951,BCN_0000951,<40,bcn20000,5,False,5,0.010502817,0.006060776,0.008981552,0.062626995,0.004221046,0.87021565,0.037391126,0.020784639,-8.088025,0.020784639,composite,2,,43,composite_f2_s43_in22k_v5conf,last
ISIC_0055327,BCN_0003850,BCN_0003850,60+,bcn20000,4,True,5,0.011686667,0.0072801844,0.007995962,0.06922147,0.0052054813,0.8560134,0.042596824,0.024172332,-7.6967616,0.024172332,composite,2,,43,composite_f2_s43_in22k_v5conf,last
ISIC_0055343,BCN_0005479,BCN_0005479,40-59,bcn20000,5,False,4,0.012925238,0.0065536313,0.006165975,0.06374674,0.83853495,0.025679214,0.04639423,0.8580138,4.7418933,0.8580138,composite,2,,43,composite_f2_s43_in22k_v5conf,last
ISIC_0055349,BCN_0001459,BCN_0001459,40-59,bcn20000,1,True,1,0.0051125493,0.86963004,0.004465514,0.03596751,0.0073589827,0.048399337,0.029066088,0.88210154,3.4160101,0.88210154,composite,2,,43,composite_f2_s43_in22k_v5conf,last
ISIC_0055353,BCN_0003074,BCN_0003074,60+,bcn20000,1,True,1,0.005310983,0.9187068,0.0063327737,0.036475718,0.0028476634,0.003930969,0.026395079,0.92686546,6.604681,0.92686546,composite,2,,43,composite_f2_s43_in22k_v5conf,last
ISIC_0055354,BCN_0000813,BCN_0000813,60+,bcn20000,5,False,5,0.0093424,0.0064888857,0.008399918,0.06357299,0.0051547554,0.86657417,0.040466815,0.020986041,-7.145669,0.020986041,composite,2,,43,composite_f2_s43_in22k_v5conf,last
ISIC_0055370,BCN_0002554,BCN_0002554,40-59,bcn20000,5,False,5,0.009918395,0.006897895,0.006723483,0.06783994,0.005227776,0.85844624,0.044946253,0.022044066,-7.872705,0.022044066,composite,2,,43,composite_f2_s43_in22k_v5conf,last
ISIC_0055388,BCN_0005064,BCN_0005064,40-59,bcn20000,5,False,5,0.013131625,0.0070551448,0.008187597,0.07982232,0.014131842,0.8289389,0.048732582,0.03431861,-6.356575,0.03431861,composite,2,,43,composite_f2_s43_in22k_v5conf,last
ISIC_0055392,BCN_0005326,BCN_0005326,60+,bcn20000,1,True,1,0.005847679,0.90041274,0.005421658,0.050259054,0.0043699294,0.0041574608,0.029531395,0.91063035,7.4253645,0.91063035,composite,2,,43,composite_f2_s43_in22k_v5conf,last
ISIC_0055415,BCN_0004335,BCN_0004335,unknown,bcn20000,2,False,5,0.011227207,0.0070743496,0.06314568,0.09485217,0.004852397,0.76536,0.053488273,0.023153955,-8.904149,0.023153955,composite,2,,43,composite_f2_s43_in22k_v5conf,last
ISIC_0055418,BCN_0000031,BCN_0000031,40-59,bcn20000,1,True,0,0.73650426,0.07806205,0.0021143542,0.0650478,0.0031222466,0.0014406093,0.11370869,0.8176886,7.916316,0.8176886,composite,2,,43,composite_f2_s43_in22k_v5conf,last
ISIC_0055444,BCN_0005190,BCN_0005190,60+,bcn20000,1,True,1,0.010527888,0.9013212,0.005279227,0.04761636,0.003877606,0.0033782271,0.02799953,0.91572666,7.93785,0.91572666,composite,2,,43,composite_f2_s43_in22k_v5conf,last
ISIC_0055452,BCN_0002617,BCN_0002617,60+,bcn20000,0,True,0,0.93265593,0.004646058,0.001744292,0.033747282,0.0024855789,0.0011385069,0.02358232,0.93978757,7.88886,0.93978757,composite,2,,43,composite_f2_s43_in22k_v5conf,last
ISIC_0055464,BCN_0003106,BCN_0003106,60+,bcn20000,4,True,4,0.013357399,0.005147789,0.004657904,0.057719074,0.88396585,0.0028553426,0.032296672,0.90247107,8.864047,0.90247107,composite,2,,43,composite_f2_s43_in22k_v5conf,last
ISIC_0055467,BCN_0001189,BCN_0001189,40-59,bcn20000,4,True,4,0.009491527,0.007930729,0.00724824,0.056241848,0.878776,0.004017442,0.036294173,0.8961983,8.310195,0.8961983,composite,2,,43,composite_f2_s43_in22k_v5conf,last
ISIC_0055483,BCN_0003074,BCN_0003074,60+,bcn20000,1,True,1,0.00712273,0.918942,0.005303481,0.03592172,0.0028513807,0.0036845156,0.026174176,0.9289161,7.051193,0.9289161,composite,2,,43,composite_f2_s43_in22k_v5conf,last
ISIC_0055504,BCN_0001452,BCN_0001452,40-59,bcn20000,5,False,5,0.012252953,0.0077764792,0.0059804115,0.06443416,0.0061242534,0.86359644,0.039835386,0.026153687,-7.203888,0.026153687,composite,2,,43,composite_f2_s43_in22k_v5conf,last
ISIC_0055534,BCN_0004415,BCN_0004415,40-59,bcn20000,5,False,1,0.36250216,0.40911233,0.02787441,0.10546673,0.0046388665,0.042548764,0.047856722,0.77625334,2.8495767,0.77625334,composite,2,,43,composite_f2_s43_in22k_v5conf,last
ISIC_0055569,BCN_0004111,BCN_0004111,60+,bcn20000,2,False,5,0.011756259,0.0075093172,0.008501571,0.060020655,0.0057913642,0.8650849,0.041335896,0.025056941,-6.9393644,0.025056941,composite,2,,43,composite_f2_s43_in22k_v5conf,last
ISIC_0055590,BCN_0001452,BCN_0001452,40-59,bcn20000,5,False,5,0.00845655,0.005991947,0.0034234002,0.059111442,0.007426244,0.88026917,0.035321258,0.02187474,-6.606677,0.02187474,composite,2,,43,composite_f2_s43_in22k_v5conf,last
ISIC_0055606,BCN_0003199,BCN_0003199,40-59,bcn20000,1,True,5,0.028923277,0.09043353,0.0042952886,0.13234182,0.16822132,0.4687428,0.107042,0.28757814,1.6622291,0.28757814,composite,2,,43,composite_f2_s43_in22k_v5conf,last
ISIC_0055612,BCN_0004882,BCN_0004882,60+,bcn20000,5,False,5,0.008509464,0.0073996005,0.007230113,0.066777356,0.013633176,0.85410947,0.042340774,0.029542241,-5.663864,0.029542241,composite,2,,43,composite_f2_s43_in22k_v5conf,last
ISIC_0055657,BCN_0002158,BCN_0002158,40-59,bcn20000,5,False,5,0.011285396,0.005603826,0.007953998,0.06436254,0.006874321,0.8654452,0.038474705,0.023763543,-7.047319,0.023763543,composite,2,,43,composite_f2_s43_in22k_v5conf,last
ISIC_0055661,BCN_0001031,BCN_0001031,<40,bcn20000,5,False,4,0.0058952193,0.004804832,0.0037198341,0.05159026,0.8750958,0.026762567,0.03213148,0.88579583,4.416606,0.88579583,composite,2,,43,composite_f2_s43_in22k_v5conf,last
ISIC_0055663,BCN_0004229,BCN_0004229,60+,bcn20000,1,True,5,0.0103945155,0.010531641,0.008532325,0.06698575,0.0029584512,0.85921264,0.04138464,0.023884606,-8.476518,0.023884606,composite,2,,43,composite_f2_s43_in22k_v5conf,last
ISIC_0055664,BCN_0002653,BCN_0002653,<40,bcn20000,5,False,4,0.010220213,0.005672673,0.007459838,0.0668711,0.8402105,0.02925478,0.040310945,0.85610336,4.010787,0.85610336,composite,2,,43,composite_f2_s43_in22k_v5conf,last
ISIC_0055677,BCN_0005672,BCN_0005672,40-59,bcn20000,1,True,1,0.007703321,0.8956985,0.00583507,0.051341005,0.0040170434,0.0036703432,0.031734686,0.90741885,8.139258,0.90741885,composite,2,,43,composite_f2_s43_in22k_v5conf,last
ISIC_0055689,BCN_0004702,BCN_0004702,60+,bcn20000,0,True,5,0.025576212,0.0034090313,0.035827987,0.05050335,0.007817939,0.8405113,0.03635417,0.036803182,-6.774829,0.036803182,composite,2,,43,composite_f2_s43_in22k_v5conf,last
ISIC_0055691,BCN_0000868,BCN_0000868,60+,bcn20000,5,False,5,0.018002128,0.031231353,0.007961791,0.112616114,0.08159743,0.6952757,0.05331545,0.13083091,-3.6093025,0.13083091,composite,2,,43,composite_f2_s43_in22k_v5conf,last
ISIC_0055701,BCN_0001991,BCN_0001991,60+,bcn20000,4,True,4,0.022740683,0.00799569,0.008188171,0.07511115,0.84010965,0.0025927082,0.043261923,0.87084603,8.753422,0.87084603,composite,2,,43,composite_f2_s43_in22k_v5conf,last
ISIC_0055705,BCN_0000196,BCN_0000196,40-59,bcn20000,5,False,5,0.011209048,0.0075744004,0.0077573163,0.07039733,0.006652926,0.8524988,0.04391018,0.025436375,-7.3308864,0.025436375,composite,2,,43,composite_f2_s43_in22k_v5conf,last
ISIC_0055714,BCN_0004126,BCN_0004126,60+,bcn20000,4,True,4,0.008992849,0.0081246495,0.0046521374,0.060456358,0.86801094,0.0156181175,0.034144945,0.88512844,5.9087763,0.88512844,composite,2,,43,composite_f2_s43_in22k_v5conf,last
ISIC_0055730,BCN_0005083,BCN_0005083,60+,bcn20000,1,True,4,0.005572415,0.0870359,0.0059005306,0.07581638,0.7686091,0.0057189246,0.05134676,0.86121744,9.275976,0.86121744,composite,2,,43,composite_f2_s43_in22k_v5conf,last
ISIC_0055731,BCN_0001031,BCN_0001031,<40,bcn20000,5,False,4,0.010427447,0.006827555,0.004748267,0.054463677,0.8733767,0.014222818,0.035933457,0.89063174,5.0213337,0.89063174,composite,2,,43,composite_f2_s43_in22k_v5conf,last
ISIC_0055759,BCN_0001437,BCN_0001437,60+,bcn20000,4,True,4,0.008904527,0.003637626,0.0040974417,0.043692518,0.8866843,0.005025536,0.047957975,0.8992264,5.9734864,0.8992264,composite,2,,43,composite_f2_s43_in22k_v5conf,last
ISIC_0055776,BCN_0003724,BCN_0003724,60+,bcn20000,4,True,4,0.008415334,0.004348791,0.008187826,0.06354757,0.87039757,0.008190922,0.03691202,0.88316166,6.8866796,0.88316166,composite,2,,43,composite_f2_s43_in22k_v5conf,last
ISIC_0055797,BCN_0004941,BCN_0004941,60+,bcn20000,4,True,4,0.012064647,0.017121894,0.007436291,0.0675528,0.851485,0.0024597554,0.041879617,0.88067156,9.57478,0.88067156,composite,2,,43,composite_f2_s43_in22k_v5conf,last
ISIC_0055806,BCN_0002183,BCN_0002183,40-59,bcn20000,1,True,1,0.008739483,0.9142424,0.0050627925,0.039702386,0.0019435404,0.0021020954,0.02820728,0.9249254,7.7663546,0.9249254,composite,2,,43,composite_f2_s43_in22k_v5conf,last
ISIC_0055826,BCN_0002184,BCN_0002184,60+,bcn20000,5,False,5,0.017712718,0.008227102,0.008430118,0.06302444,0.006445547,0.85716397,0.038996022,0.032385368,-6.5224466,0.032385368,composite,2,,43,composite_f2_s43_in22k_v5conf,last
ISIC_0055840,BCN_0001437,BCN_0001437,60+,bcn20000,4,True,4,0.022705214,0.0032561012,0.00410589,0.08936933,0.8226682,0.0116871,0.046208177,0.84862953,6.331938,0.84862953,composite,2,,43,composite_f2_s43_in22k_v5conf,last
ISIC_0055850,BCN_0002003,BCN_0002003,60+,bcn20000,1,True,1,0.24638693,0.42852655,0.007448532,0.15447557,0.08864669,0.036276273,0.038239457,0.7635602,6.5466585,0.7635602,composite,2,,43,composite_f2_s43_in22k_v5conf,last
ISIC_0055851,BCN_0005312,BCN_0005312,<40,bcn20000,5,False,5,0.010994627,0.0070486306,0.009715809,0.068858914,0.005070128,0.8594417,0.038870204,0.023113385,-7.538807,0.023113385,composite,2,,43,composite_f2_s43_in22k_v5conf,last
ISIC_0055888,BCN_0002247,BCN_0002247,40-59,bcn20000,5,False,4,0.009084662,0.106571354,0.00785168,0.15995021,0.6310651,0.0055703563,0.07990661,0.7467211,9.266262,0.7467211,composite,2,,43,composite_f2_s43_in22k_v5conf,last
ISIC_0055895,BCN_0005608,BCN_0005608,60+,bcn20000,1,True,1,0.005703093,0.9005624,0.0053435103,0.049045376,0.0049180426,0.004212294,0.030215265,0.91118354,7.9365845,0.91118354,composite,2,,43,composite_f2_s43_in22k_v5conf,last
ISIC_0055917,BCN_0000951,BCN_0000951,<40,bcn20000,5,False,5,0.010732567,0.006294761,0.009128326,0.061795417,0.0040429356,0.86992353,0.03808249,0.021070264,-8.153531,0.021070264,composite,2,,43,composite_f2_s43_in22k_v5conf,last
ISIC_0055939,BCN_0001958,BCN_0001958,60+,bcn20000,5,False,5,0.009283309,0.005591612,0.00558183,0.067652345,0.01653523,0.85232604,0.04302955,0.03141015,-5.5059586,0.03141015,composite,2,,43,composite_f2_s43_in22k_v5conf,last
ISIC_0055956,BCN_0004085,BCN_0004085,60+,bcn20000,0,True,2,0.20689261,0.1648284,0.36923158,0.15974398,0.017365946,0.002523934,0.07941353,0.38908696,1.3678274,0.38908696,composite,2,,43,composite_f2_s43_in22k_v5conf,last
ISIC_0055966,BCN_0002593,BCN_0002593,<40,bcn20000,5,False,5,0.010474592,0.00805893,0.009294659,0.06364679,0.0060325107,0.862541,0.039951567,0.024566032,-7.5159845,0.024566032,composite,2,,43,composite_f2_s43_in22k_v5conf,last
ISIC_0055973,BCN_0001235,BCN_0001235,60+,bcn20000,2,False,5,0.011071031,0.007023297,0.0090479925,0.06392539,0.006012405,0.8618292,0.04109068,0.024106732,-7.273179,0.024106732,composite,2,,43,composite_f2_s43_in22k_v5conf,last
ISIC_0055984,BCN_0001991,BCN_0001991,60+,bcn20000,4,True,4,0.03570102,0.005276338,0.012330488,0.10232437,0.7697154,0.033837404,0.04081507,0.8106928,5.137568,0.8106928,composite,2,,43,composite_f2_s43_in22k_v5conf,last
ISIC_0055994,BCN_0005648,BCN_0005648,<40,bcn20000,5,False,5,0.012229258,0.006571507,0.0057686795,0.076778434,0.005504828,0.8495255,0.043621797,0.024305593,-7.202218,0.024305593,composite,2,,43,composite_f2_s43_in22k_v5conf,last
ISIC_0056009,BCN_0003462,BCN_0003462,40-59,bcn20000,5,False,5,0.01028047,0.007394001,0.0068594697,0.067638226,0.006104052,0.8580931,0.043630693,0.023778524,-7.5177655,0.023778524,composite,2,,43,composite_f2_s43_in22k_v5conf,last
ISIC_0056025,BCN_0005184,BCN_0005184,60+,bcn20000,0,True,0,0.8380778,0.0110710645,0.024577975,0.0732662,0.0029421174,0.003946672,0.046118185,0.852091,4.4990087,0.852091,composite,2,,43,composite_f2_s43_in22k_v5conf,last
ISIC_0056037,BCN_0002617,BCN_0002617,60+,bcn20000,0,True,5,0.017835122,0.005527506,0.009383505,0.11854897,0.08768071,0.7057864,0.055237792,0.11104334,-1.0292886,0.11104334,composite,2,,43,composite_f2_s43_in22k_v5conf,last
ISIC_0056115,BCN_0002203,BCN_0002203,60+,bcn20000,0,True,0,0.9383156,0.0033122106,0.00352039,0.032129753,0.0014490994,0.0013411677,0.019931763,0.9430769,6.700766,0.9430769,composite,2,,43,composite_f2_s43_in22k_v5conf,last
ISIC_0056136,BCN_0004508,BCN_0004508,40-59,bcn20000,4,True,5,0.011083084,0.0069015184,0.005204025,0.0935622,0.07112252,0.7465482,0.06557848,0.089107126,-3.428994,0.089107126,composite,2,,43,composite_f2_s43_in22k_v5conf,last
ISIC_0056141,BCN_0004673,BCN_0004673,60+,bcn20000,4,True,5,0.0102478415,0.007438152,0.0075983303,0.069211416,0.007567585,0.85383296,0.04410378,0.025253579,-7.170667,0.025253579,composite,2,,43,composite_f2_s43_in22k_v5conf,last
ISIC_0056152,BCN_0005525,BCN_0005525,40-59,bcn20000,4,True,4,0.010432616,0.004717125,0.0055880384,0.06290556,0.86003315,0.01703409,0.039289314,0.87518287,5.599286,0.87518287,composite,2,,43,composite_f2_s43_in22k_v5conf,last
ISIC_0056157,BCN_0004682,BCN_0004682,60+,bcn20000,1,True,1,0.009252345,0.8005199,0.0065842215,0.08211771,0.050405126,0.0032868218,0.047834,0.8601774,10.323943,0.8601774,composite,2,,43,composite_f2_s43_in22k_v5conf,last
ISIC_0056187,BCN_0004384,BCN_0004384,60+,bcn20000,1,True,1,0.0070875217,0.89200115,0.0067684897,0.0487653,0.005434223,0.0036501742,0.036293197,0.9045229,7.746358,0.9045229,composite,2,,43,composite_f2_s43_in22k_v5conf,last
ISIC_0056193,BCN_0001707,BCN_0001707,60+,bcn20000,2,False,2,0.0068576285,0.0050561633,0.90845835,0.04213261,0.0046221367,0.0026709924,0.030202119,0.016535928,-7.08541,0.016535928,composite,2,,43,composite_f2_s43_in22k_v5conf,last
ISIC_0056219,BCN_0003038,BCN_0003038,60+,bcn20000,1,True,1,0.007168902,0.8985062,0.0043682125,0.044368654,0.00654942,0.0037897236,0.03524877,0.91222453,8.11323,0.91222453,composite,2,,43,composite_f2_s43_in22k_v5conf,last
ISIC_0056220,BCN_0000252,BCN_0000252,60+,bcn20000,1,True,1,0.012784166,0.860768,0.0060502295,0.0671821,0.0083313845,0.0037196137,0.04116443,0.88188356,8.175265,0.88188356,composite,2,,43,composite_f2_s43_in22k_v5conf,last
ISIC_0056226,BCN_0001821,BCN_0001821,<40,bcn20000,4,True,1,0.02415238,0.8314552,0.006093658,0.067097045,0.01926294,0.019472416,0.032466285,0.87487054,6.22545,0.87487054,composite,2,,43,composite_f2_s43_in22k_v5conf,last
ISIC_0056229,BCN_0001233,BCN_0001233,40-59,bcn20000,1,True,1,0.007521407,0.90425324,0.005132929,0.046987515,0.0045554014,0.0033583483,0.028191194,0.91633004,8.135076,0.91633004,composite,2,,43,composite_f2_s43_in22k_v5conf,last
ISIC_0056240,BCN_0000226,BCN_0000226,60+,bcn20000,2,False,5,0.012257211,0.0073808334,0.013148707,0.07466868,0.0054162233,0.8396699,0.0474585,0.025054269,-7.7835474,0.025054269,composite,2,,43,composite_f2_s43_in22k_v5conf,last
ISIC_0056245,BCN_0002645,BCN_0002645,40-59,bcn20000,2,False,0,0.25791073,0.09461054,0.15826504,0.21576644,0.009969543,0.13769044,0.12578729,0.3624908,-2.264909,0.3624908,composite,2,,43,composite_f2_s43_in22k_v5conf,last
ISIC_0056255,BCN_0002783,BCN_0002783,40-59,bcn20000,1,True,1,0.009001523,0.8830012,0.007399934,0.056516897,0.004123962,0.0038397708,0.036116716,0.8961267,8.037801,0.8961267,composite,2,,43,composite_f2_s43_in22k_v5conf,last
ISIC_0056271,BCN_0005561,BCN_0005561,60+,bcn20000,4,True,1,0.22607154,0.6015269,0.009937819,0.10084074,0.0036159053,0.003158889,0.05484818,0.83121437,8.954527,0.83121437,composite,2,,43,composite_f2_s43_in22k_v5conf,last
ISIC_0056292,BCN_0003055,BCN_0003055,60+,bcn20000,4,True,4,0.014275702,0.00851363,0.0037429887,0.053726375,0.8818573,0.0023436476,0.035540313,0.90464664,9.006547,0.90464664,composite,2,,43,composite_f2_s43_in22k_v5conf,last
ISIC_0056305,BCN_0002593,BCN_0002593,<40,bcn20000,5,False,2,0.009731496,0.0069371196,0.820603,0.08828247,0.002687603,0.026490603,0.045267604,0.01935622,-10.143655,0.01935622,composite,2,,43,composite_f2_s43_in22k_v5conf,last
ISIC_0056309,BCN_0001513,BCN_0001513,40-59,bcn20000,4,True,1,0.08946885,0.78255785,0.0037870798,0.058333956,0.016651087,0.0024001996,0.046800956,0.8886778,10.377651,0.8886778,composite,2,,43,composite_f2_s43_in22k_v5conf,last
ISIC_0056310,BCN_0002004,BCN_0002004,40-59,bcn20000,1,True,1,0.009135967,0.8942629,0.0041214903,0.048966806,0.004301928,0.0036113414,0.035599604,0.9077008,8.169623,0.9077008,composite,2,,43,composite_f2_s43_in22k_v5conf,last
ISIC_0056326,BCN_0004474,BCN_0004474,<40,bcn20000,5,False,5,0.009624903,0.0062507303,0.0057983347,0.06696392,0.008082962,0.86037683,0.04290235,0.023958595,-6.7171574,0.023958595,composite,2,,43,composite_f2_s43_in22k_v5conf,last
ISIC_0056348,BCN_0001240,BCN_0001240,<40,bcn20000,5,False,4,0.0055020475,0.006206931,0.007074524,0.07635302,0.8122137,0.020763354,0.071886465,0.8239227,4.502759,0.8239227,composite,2,,43,composite_f2_s43_in22k_v5conf,last
ISIC_0056349,BCN_0000839,BCN_0000839,40-59,bcn20000,5,False,4,0.012938322,0.0060875714,0.006046609,0.0687116,0.826429,0.02851486,0.05127191,0.84545493,4.5167794,0.84545493,composite,2,,43,composite_f2_s43_in22k_v5conf,last
ISIC_0056379,BCN_0000458,BCN_0000458,60+,bcn20000,1,True,4,0.006941969,0.04097311,0.0073783984,0.08416184,0.8142591,0.0031548939,0.043130595,0.8621742,10.218101,0.8621742,composite,2,,43,composite_f2_s43_in22k_v5conf,last
ISIC_0056389,BCN_0004062,BCN_0004062,60+,bcn20000,4,True,4,0.01145225,0.006932217,0.0061340355,0.05684469,0.87833077,0.0031997971,0.03710623,0.8967152,8.520146,0.8967152,composite,2,,43,composite_f2_s43_in22k_v5conf,last
ISIC_0056403,BCN_0001489,BCN_0001489,60+,bcn20000,4,True,4,0.006989712,0.009877834,0.0124640865,0.062170766,0.87050956,0.003537424,0.034450546,0.8873771,8.063523,0.8873771,composite,2,,43,composite_f2_s43_in22k_v5conf,last
ISIC_0056413,BCN_0002717,BCN_0002717,60+,bcn20000,4,True,5,0.011811574,0.006384366,0.007259886,0.06680664,0.003454349,0.8621986,0.0420846,0.021650288,-8.383632,0.021650288,composite,2,,43,composite_f2_s43_in22k_v5conf,last
ISIC_0056431,BCN_0004608,BCN_0004608,60+,bcn20000,2,False,1,0.006575579,0.9069658,0.005104617,0.04684251,0.0033260738,0.0029974831,0.02818796,0.91686743,7.93785,0.91686743,composite,2,,43,composite_f2_s43_in22k_v5conf,last
ISIC_0056459,BCN_0004566,BCN_0004566,40-59,bcn20000,5,False,5,0.011438567,0.0073189964,0.008553612,0.06972008,0.010873111,0.8438539,0.048241735,0.029630674,-6.3639507,0.029630674,composite,2,,43,composite_f2_s43_in22k_v5conf,last
ISIC_0056504,BCN_0004676,BCN_0004676,40-59,bcn20000,0,True,0,0.9003079,0.022629883,0.0028432973,0.04455889,0.004229105,0.0013799468,0.024050983,0.9271669,8.779794,0.9271669,composite,2,,43,composite_f2_s43_in22k_v5conf,last
ISIC_0056511,BCN_0005179,BCN_0005179,40-59,bcn20000,4,True,4,0.010790727,0.0028831814,0.010101654,0.071154594,0.8520056,0.00781669,0.04524755,0.8656795,5.7208786,0.8656795,composite,2,,43,composite_f2_s43_in22k_v5conf,last
ISIC_0056514,BCN_0001197,BCN_0001197,40-59,bcn20000,2,False,5,0.0088124145,0.03816188,0.0072505013,0.09696041,0.007326281,0.78424054,0.05724795,0.054300576,-5.4037814,0.054300576,composite,2,,43,composite_f2_s43_in22k_v5conf,last
ISIC_0056523,BCN_0004111,BCN_0004111,60+,bcn20000,2,False,0,0.45982376,0.0041092755,0.34992415,0.06659059,0.016337441,0.047359083,0.055855773,0.48027048,-2.5087373,0.48027048,composite,2,,43,composite_f2_s43_in22k_v5conf,last
ISIC_0056557,BCN_0001564,BCN_0001564,40-59,bcn20000,5,False,5,0.011722251,0.006655141,0.0065586455,0.065161414,0.007811439,0.85971826,0.042372916,0.026188832,-6.943268,0.026188832,composite,2,,43,composite_f2_s43_in22k_v5conf,last
ISIC_0056565,BCN_0005484,BCN_0005484,<40,bcn20000,5,False,5,0.011225102,0.007960172,0.0064031263,0.06535621,0.0045623668,0.8621943,0.04229874,0.023747642,-8.133975,0.023747642,composite,2,,43,composite_f2_s43_in22k_v5conf,last
ISIC_0056577,BCN_0003276,BCN_0003276,40-59,bcn20000,5,False,5,0.010218928,0.0072559025,0.0067036664,0.061970137,0.0055938545,0.8694857,0.038771957,0.023068685,-7.131104,0.023068685,composite,2,,43,composite_f2_s43_in22k_v5conf,last
ISIC_0056585,BCN_0001817,BCN_0001817,60+,bcn20000,1,True,0,0.6291011,0.21300778,0.014146657,0.08651541,0.0033642633,0.0034047468,0.0504601,0.8454731,8.677954,0.8454731,composite,2,,43,composite_f2_s43_in22k_v5conf,last
ISIC_0056604,BCN_0003352,BCN_0003352,60+,bcn20000,4,True,1,0.0055481507,0.8663194,0.0077257585,0.058782347,0.016536577,0.0025062403,0.04258156,0.8884042,8.250664,0.8884042,composite,2,,43,composite_f2_s43_in22k_v5conf,last
ISIC_0056611,BCN_0004085,BCN_0004085,60+,bcn20000,0,True,0,0.725528,0.06758712,0.07350909,0.08240513,0.0031907114,0.0005739823,0.04720592,0.79630584,3.9194934,0.79630584,composite,2,,43,composite_f2_s43_in22k_v5conf,last
ISIC_0056620,BCN_0001707,BCN_0001707,60+,bcn20000,2,False,2,0.0050852974,0.0051732888,0.9148321,0.040941145,0.0044949786,0.0034468453,0.026026357,0.014753565,-7.2774625,0.014753565,composite,2,,43,composite_f2_s43_in22k_v5conf,last
ISIC_0056625,BCN_0003192,BCN_0003192,60+,bcn20000,4,True,4,0.018125933,0.017402373,0.0057249265,0.0785058,0.8379153,0.0026244004,0.03970126,0.8734436,10.564196,0.8734436,composite,2,,43,composite_f2_s43_in22k_v5conf,last
ISIC_0056626,BCN_0003148,BCN_0003148,60+,bcn20000,4,True,4,0.0063289804,0.0042777695,0.0049102856,0.04771006,0.89804155,0.0036364214,0.035094958,0.9086483,7.883572,0.9086483,composite,2,,43,composite_f2_s43_in22k_v5conf,last
ISIC_0056649,BCN_0005446,BCN_0005446,60+,bcn20000,5,False,4,0.0026941574,0.01887302,0.0039811693,0.05143963,0.8825979,0.0058225966,0.034591466,0.9041651,8.008897,0.9041651,composite,2,,43,composite_f2_s43_in22k_v5conf,last
ISIC_0056655,BCN_0000406,BCN_0000406,60+,bcn20000,4,True,5,0.013643096,0.010287144,0.006481354,0.08413603,0.06591543,0.7688769,0.050659977,0.08984567,-3.4221642,0.08984567,composite,2,,43,composite_f2_s43_in22k_v5conf,last
ISIC_0056656,BCN_0005332,BCN_0005332,<40,bcn20000,5,False,5,0.013491534,0.00712879,0.00661444,0.06306799,0.0058590043,0.86707616,0.03676206,0.026479328,-7.332204,0.026479328,composite,2,,43,composite_f2_s43_in22k_v5conf,last
ISIC_0056681,BCN_0002520,BCN_0002520,60+,bcn20000,1,True,1,0.008218364,0.9011104,0.0041370806,0.04669404,0.008652614,0.0041787457,0.02700863,0.9179814,8.751626,0.9179814,composite,2,,43,composite_f2_s43_in22k_v5conf,last
ISIC_0056690,BCN_0000507,BCN_0000507,40-59,bcn20000,5,False,5,0.011593292,0.007087489,0.0068646,0.0652053,0.0061320695,0.8604876,0.042629607,0.024812851,-7.523568,0.024812851,composite,2,,43,composite_f2_s43_in22k_v5conf,last
ISIC_0056694,BCN_0004748,BCN_0004748,60+,bcn20000,4,True,1,0.03425481,0.5763459,0.13792095,0.15808085,0.011223114,0.0016905565,0.08048374,0.62182385,2.252071,0.62182385,composite,2,,43,composite_f2_s43_in22k_v5conf,last
ISIC_0056695,BCN_0001400,BCN_0001400,60+,bcn20000,1,True,1,0.0021667911,0.8976078,0.0064508477,0.043961167,0.0012840439,0.0014951243,0.04703422,0.9010587,5.636812,0.9010587,composite,2,,43,composite_f2_s43_in22k_v5conf,last
ISIC_0056703,BCN_0002231,BCN_0002231,60+,bcn20000,1,True,1,0.03221395,0.85227716,0.005125285,0.055215064,0.003126848,0.0018198538,0.050221764,0.88761795,9.126681,0.88761795,composite,2,,43,composite_f2_s43_in22k_v5conf,last
ISIC_0056708,BCN_0000507,BCN_0000507,40-59,bcn20000,5,False,5,0.011998808,0.0077159265,0.0074708057,0.067459665,0.0060376674,0.85481435,0.044502772,0.025752403,-7.561943,0.025752403,composite,2,,43,composite_f2_s43_in22k_v5conf,last
ISIC_0056723,BCN_0000846,BCN_0000846,60+,bcn20000,4,True,4,0.01047793,0.005486274,0.005966584,0.057825502,0.8836662,0.0030392746,0.033538204,0.8996304,8.724299,0.8996304,composite,2,,43,composite_f2_s43_in22k_v5conf,last
ISIC_0056725,BCN_0002495,BCN_0002495,60+,bcn20000,4,True,4,0.010464421,0.007842094,0.00787786,0.068522006,0.8651263,0.0032633848,0.036903914,0.8834328,8.660677,0.8834328,composite,2,,43,composite_f2_s43_in22k_v5conf,last
ISIC_0056736,BCN_0002593,BCN_0002593,<40,bcn20000,5,False,5,0.016322741,0.0102606565,0.2998326,0.15501757,0.003900126,0.44048315,0.074183114,0.030483523,-10.305062,0.030483523,composite,2,,43,composite_f2_s43_in22k_v5conf,last
ISIC_0056738,BCN_0002633,BCN_0002633,40-59,bcn20000,5,False,5,0.011275538,0.0066276044,0.0055586193,0.070206024,0.08172556,0.78988314,0.03472355,0.0996287,-2.8763514,0.0996287,composite,2,,43,composite_f2_s43_in22k_v5conf,last
ISIC_0056742,BCN_0005192,BCN_0005192,60+,bcn20000,1,True,1,0.005052556,0.903433,0.0052044736,0.04531851,0.004321671,0.003944178,0.032725576,0.9128073,7.8746343,0.9128073,composite,2,,43,composite_f2_s43_in22k_v5conf,last
ISIC_0056745,BCN_0000284,BCN_0000284,60+,bcn20000,0,True,0,0.9193764,0.0026706965,0.012306353,0.039867554,0.0028805216,0.001283262,0.021615176,0.9249276,5.582468,0.9249276,composite,2,,43,composite_f2_s43_in22k_v5conf,last
ISIC_0056747,BCN_0002004,BCN_0002004,40-59,bcn20000,1,True,1,0.007673697,0.89691603,0.0042948364,0.05052683,0.0048480555,0.0038052604,0.03193516,0.9094378,8.267935,0.9094378,composite,2,,43,composite_f2_s43_in22k_v5conf,last
ISIC_0056771,BCN_0004491,BCN_0004491,40-59,bcn20000,5,False,5,0.010158096,0.006115781,0.005502345,0.06615404,0.004971246,0.8667031,0.040395387,0.021245124,-7.620205,0.021245124,composite,2,,43,composite_f2_s43_in22k_v5conf,last
ISIC_0056779,BCN_0004418,BCN_0004418,40-59,bcn20000,5,False,4,0.018669674,0.101854615,0.08864352,0.12751825,0.6197894,0.010562743,0.032961734,0.7403137,6.1183977,0.7403137,composite,2,,43,composite_f2_s43_in22k_v5conf,last
ISIC_0056784,BCN_0003072,BCN_0003072,40-59,bcn20000,5,False,5,0.022066185,0.008992071,0.02190743,0.11011016,0.058529317,0.7050161,0.07337869,0.08958757,-4.4670925,0.08958757,composite,2,,43,composite_f2_s43_in22k_v5conf,last
ISIC_0056835,BCN_0000980,BCN_0000980,60+,bcn20000,1,True,1,0.24534534,0.42416286,0.00884533,0.1329274,0.09152549,0.002608896,0.09458466,0.7610337,10.487954,0.7610337,composite,2,,43,composite_f2_s43_in22k_v5conf,last
ISIC_0056843,BCN_0004025,BCN_0004025,60+,bcn20000,1,True,1,0.009983384,0.88296396,0.005306906,0.0543033,0.006019657,0.0037197822,0.037703037,0.89896697,8.599139,0.89896697,composite,2,,43,composite_f2_s43_in22k_v5conf,last
ISIC_0056849,BCN_0001513,BCN_0001513,40-59,bcn20000,4,True,4,0.015039966,0.018847078,0.0063470555,0.07555581,0.8302251,0.0037636848,0.05022128,0.86411214,9.369192,0.86411214,composite,2,,43,composite_f2_s43_in22k_v5conf,last
ISIC_0056871,BCN_0004748,BCN_0004748,60+,bcn20000,4,True,4,0.010702901,0.08105357,0.0108222645,0.115933165,0.71253735,0.0032829833,0.06566774,0.8042938,10.053395,0.8042938,composite,2,,43,composite_f2_s43_in22k_v5conf,last
ISIC_0056884,BCN_0002482,BCN_0002482,<40,bcn20000,5,False,5,0.015171311,0.009154031,0.025140561,0.08910779,0.0062587415,0.7956347,0.0595329,0.030584082,-7.9305973,0.030584082,composite,2,,43,composite_f2_s43_in22k_v5conf,last
ISIC_0056890,BCN_0000756,BCN_0000756,<40,bcn20000,5,False,5,0.010318989,0.0065515586,0.0076026125,0.070032425,0.005227208,0.86050034,0.03976692,0.022097755,-7.9243374,0.022097755,composite,2,,43,composite_f2_s43_in22k_v5conf,last
ISIC_0056898,BCN_0001248,BCN_0001248,40-59,bcn20000,0,True,2,0.014618039,0.0069140205,0.8975029,0.05021509,0.0029754478,0.001950907,0.025823602,0.024507506,-6.0275,0.024507506,composite,2,,43,composite_f2_s43_in22k_v5conf,last
ISIC_0056899,BCN_0004985,BCN_0004985,60+,bcn20000,1,True,1,0.19420163,0.58035916,0.006466312,0.15143594,0.0036982407,0.0033831298,0.060455624,0.77825904,8.104657,0.77825904,composite,2,,43,composite_f2_s43_in22k_v5conf,last
ISIC_0056914,BCN_0003352,BCN_0003352,60+,bcn20000,4,True,4,0.0072290846,0.009216414,0.0071169063,0.0566477,0.8766108,0.0034251655,0.0397539,0.89305633,8.692331,0.89305633,composite,2,,43,composite_f2_s43_in22k_v5conf,last
ISIC_0056937,BCN_0005715,BCN_0005715,60+,bcn20000,4,True,4,0.005055646,0.010499787,0.010927827,0.07142803,0.86414003,0.0025039832,0.035444587,0.8796955,8.269565,0.8796955,composite,2,,43,composite_f2_s43_in22k_v5conf,last
ISIC_0056942,BCN_0003102,BCN_0003102,60+,bcn20000,1,True,1,0.008143236,0.8501497,0.0073658708,0.06283915,0.013051288,0.019812249,0.038638562,0.8713442,5.4747705,0.8713442,composite,2,,43,composite_f2_s43_in22k_v5conf,last
ISIC_0056950,BCN_0003264,BCN_0003264,40-59,bcn20000,1,True,1,0.0062978016,0.9029262,0.006348155,0.048322666,0.0038348692,0.0028349985,0.029435385,0.9130589,7.909646,0.9130589,composite,2,,43,composite_f2_s43_in22k_v5conf,last
ISIC_0056953,BCN_0000466,BCN_0000466,40-59,bcn20000,1,True,1,0.0071019237,0.9024813,0.0045350622,0.04682881,0.0036433837,0.0030985526,0.032310963,0.91322666,8.07456,0.91322666,composite,2,,43,composite_f2_s43_in22k_v5conf,last
ISIC_0056958,BCN_0003440,BCN_0003440,<40,bcn20000,5,False,5,0.010947803,0.0063982387,0.008077618,0.06643016,0.0056470805,0.8590121,0.043486994,0.022993121,-7.858471,0.022993121,composite,2,,43,composite_f2_s43_in22k_v5conf,last
ISIC_0056967,BCN_0005603,BCN_0005603,40-59,bcn20000,4,True,4,0.009812396,0.007898928,0.008744137,0.068207726,0.856466,0.005862916,0.043008007,0.87417734,7.4571786,0.87417734,composite,2,,43,composite_f2_s43_in22k_v5conf,last
ISIC_0056989,BCN_0000839,BCN_0000839,40-59,bcn20000,5,False,4,0.015384658,0.011049966,0.0053276415,0.07916512,0.6956823,0.14818384,0.045206405,0.7221169,3.0849507,0.7221169,composite,2,,43,composite_f2_s43_in22k_v5conf,last
ISIC_0057015,BCN_0003569,BCN_0003569,60+,bcn20000,4,True,4,0.017716307,0.008224786,0.017552638,0.07290497,0.8226583,0.0024664183,0.058476605,0.8485994,7.4033575,0.8485994,composite,2,,43,composite_f2_s43_in22k_v5conf,last
ISIC_0057016,BCN_0003192,BCN_0003192,60+,bcn20000,4,True,4,0.007602406,0.0051808567,0.006332557,0.057688758,0.8838728,0.004160205,0.035162397,0.8966561,8.026029,0.8966561,composite,2,,43,composite_f2_s43_in22k_v5conf,last
ISIC_0057027,BCN_0004748,BCN_0004748,60+,bcn20000,4,True,1,0.0443214,0.53571874,0.0066057937,0.1588962,0.17322259,0.0054044537,0.07583084,0.75326276,10.306267,0.75326276,composite,2,,43,composite_f2_s43_in22k_v5conf,last
ISIC_0057028,BCN_0000756,BCN_0000756,<40,bcn20000,5,False,5,0.010366375,0.0068888958,0.006925118,0.06777659,0.005601941,0.8606022,0.041838877,0.022857212,-7.5790043,0.022857212,composite,2,,43,composite_f2_s43_in22k_v5conf,last
ISIC_0057033,BCN_0004062,BCN_0004062,60+,bcn20000,4,True,4,0.014580056,0.005797571,0.007060705,0.065770976,0.85840195,0.006266281,0.042122465,0.8787796,7.538872,0.8787796,composite,2,,43,composite_f2_s43_in22k_v5conf,last
ISIC_0057038,BCN_0002405,BCN_0002405,60+,bcn20000,0,True,1,0.008942226,0.9172786,0.0065483525,0.036457658,0.0030714024,0.0025948866,0.025106812,0.92929226,7.4952106,0.92929226,composite,2,,43,composite_f2_s43_in22k_v5conf,last
ISIC_0057046,BCN_0003009,BCN_0003009,60+,bcn20000,0,True,1,0.0065566297,0.8344593,0.021263046,0.05895525,0.0049172915,0.0467693,0.027079184,0.8459332,3.2780886,0.8459332,composite,2,,43,composite_f2_s43_in22k_v5conf,last
ISIC_0057063,BCN_0004111,BCN_0004111,60+,bcn20000,2,False,5,0.01618221,0.0075461604,0.0076675722,0.07404126,0.015203134,0.8277954,0.05156427,0.038931504,-5.022364,0.038931504,composite,2,,43,composite_f2_s43_in22k_v5conf,last
ISIC_0057075,BCN_0001894,BCN_0001894,60+,bcn20000,1,True,1,0.0029776695,0.8682144,0.0023909712,0.053246137,0.0372682,0.002047685,0.03385483,0.9084603,10.505637,0.9084603,composite,2,,43,composite_f2_s43_in22k_v5conf,last
ISIC_0057083,BCN_0003352,BCN_0003352,60+,bcn20000,4,True,2,0.0039432067,0.0068014846,0.5296355,0.076575294,0.0054885666,0.002703723,0.3748522,0.016233258,-7.9965315,0.016233258,composite,2,,43,composite_f2_s43_in22k_v5conf,last
ISIC_0057088,BCN_0001009,BCN_0001009,60+,bcn20000,1,True,1,0.015100353,0.88395953,0.0052060336,0.05361708,0.0022234493,0.002684392,0.037209183,0.9012833,8.124059,0.9012833,composite,2,,43,composite_f2_s43_in22k_v5conf,last
ISIC_0057164,BCN_0002560,BCN_0002560,40-59,bcn20000,4,True,4,0.009915571,0.0076044244,0.0062478837,0.059049554,0.87774235,0.004627122,0.03481326,0.89526236,8.442444,0.89526236,composite,2,,43,composite_f2_s43_in22k_v5conf,last
ISIC_0057179,BCN_0002964,BCN_0002964,60+,bcn20000,1,True,1,0.00840427,0.8968381,0.00478323,0.052018467,0.0044919527,0.0033553068,0.030108526,0.9097343,8.3307905,0.9097343,composite,2,,43,composite_f2_s43_in22k_v5conf,last
ISIC_0057199,BCN_0002532,BCN_0002532,60+,bcn20000,4,True,4,0.0074425624,0.005715408,0.0041869166,0.057334587,0.8819788,0.0045308075,0.038810935,0.8951368,8.04359,0.8951368,composite,2,,43,composite_f2_s43_in22k_v5conf,last
ISIC_0057235,BCN_0004126,BCN_0004126,60+,bcn20000,4,True,4,0.008279504,0.0069278963,0.0075008,0.05136785,0.8669258,0.02512209,0.03387607,0.8821332,4.6754513,0.8821332,composite,2,,43,composite_f2_s43_in22k_v5conf,last
ISIC_0057238,BCN_0004882,BCN_0004882,60+,bcn20000,5,False,5,0.022796044,0.008267216,0.026378304,0.071374446,0.2816644,0.5374002,0.05211943,0.31272766,-1.3332403,0.31272766,composite,2,,43,composite_f2_s43_in22k_v5conf,last
ISIC_0057242,BCN_0000031,BCN_0000031,40-59,bcn20000,1,True,0,0.84177023,0.042744152,0.0026316885,0.0594363,0.007106949,0.001990503,0.044320177,0.89162135,8.9683485,0.89162135,composite,2,,43,composite_f2_s43_in22k_v5conf,last
ISIC_0057254,BCN_0003587,BCN_0003587,40-59,bcn20000,5,False,5,0.010709039,0.007942568,0.007958012,0.062373597,0.0049274233,0.8650649,0.041024473,0.02357903,-7.8204455,0.02357903,composite,2,,43,composite_f2_s43_in22k_v5conf,last
ISIC_0057287,BCN_0000507,BCN_0000507,40-59,bcn20000,5,False,5,0.012826794,0.0077492506,0.007356895,0.06763954,0.0062459134,0.8519446,0.04623693,0.026821958,-7.5454636,0.026821958,composite,2,,43,composite_f2_s43_in22k_v5conf,last
ISIC_0057329,BCN_0002259,BCN_0002259,60+,bcn20000,2,False,0,0.9004121,0.0034440085,0.0043448997,0.042045284,0.019030523,0.0029047658,0.027818404,0.9228866,8.215926,0.9228866,composite,2,,43,composite_f2_s43_in22k_v5conf,last
ISIC_0057342,BCN_0002123,BCN_0002123,40-59,bcn20000,5,False,5,0.010779166,0.007546522,0.006485955,0.06880833,0.009461371,0.85076004,0.046158627,0.02778706,-6.1686196,0.02778706,composite,2,,43,composite_f2_s43_in22k_v5conf,last
ISIC_0057351,BCN_0004835,BCN_0004835,60+,bcn20000,0,True,1,0.0103888605,0.8790914,0.0105773285,0.055756636,0.0037173457,0.0030327984,0.0374357,0.8931976,7.7409744,0.8931976,composite,2,,43,composite_f2_s43_in22k_v5conf,last
ISIC_0057361,BCN_0004698,BCN_0004698,60+,bcn20000,0,True,0,0.9284078,0.0010588011,0.007401541,0.037425183,0.002789334,0.003866372,0.01905094,0.9322559,4.598979,0.9322559,composite,2,,43,composite_f2_s43_in22k_v5conf,last
ISIC_0057386,BCN_0001778,BCN_0001778,60+,bcn20000,5,False,5,0.012407022,0.006907171,0.0033850062,0.058415674,0.007577395,0.87487286,0.036434848,0.026891587,-6.059038,0.026891587,composite,2,,43,composite_f2_s43_in22k_v5conf,last
ISIC_0057392,BCN_0001817,BCN_0001817,60+,bcn20000,1,True,1,0.035748985,0.8284604,0.013354411,0.06586999,0.0038859865,0.004092171,0.048588097,0.86809534,7.9091425,0.86809534,composite,2,,43,composite_f2_s43_in22k_v5conf,last
ISIC_0057417,BCN_0001513,BCN_0001513,40-59,bcn20000,4,True,4,0.01069356,0.0433714,0.007840613,0.082834765,0.7979579,0.0040420066,0.053259794,0.8520229,9.852307,0.8520229,composite,2,,43,composite_f2_s43_in22k_v5conf,last
ISIC_0057446,BCN_0002975,BCN_0002975,60+,bcn20000,2,False,0,0.9418545,0.0044069774,0.0062813647,0.025688285,0.0013686321,0.00089827727,0.019501965,0.9476301,5.4117737,0.9476301,composite,2,,43,composite_f2_s43_in22k_v5conf,last
ISIC_0057456,BCN_0000449,BCN_0000449,60+,bcn20000,1,True,1,0.01540807,0.89067304,0.0043374687,0.051555965,0.00489589,0.0032363033,0.029893303,0.910977,8.742644,0.910977,composite,2,,43,composite_f2_s43_in22k_v5conf,last
ISIC_0057531,BCN_0005179,BCN_0005179,40-59,bcn20000,4,True,4,0.007347717,0.0031204543,0.0056047435,0.045867134,0.8894945,0.020138457,0.028426947,0.89996266,4.470933,0.89996266,composite,2,,43,composite_f2_s43_in22k_v5conf,last
ISIC_0057540,BCN_0002988,BCN_0002988,60+,bcn20000,5,False,5,0.009543618,0.0065993485,0.0058927606,0.066524655,0.005874443,0.8633053,0.042259865,0.022017408,-7.6553664,0.022017408,composite,2,,43,composite_f2_s43_in22k_v5conf,last
ISIC_0057561,BCN_0005334,BCN_0005334,60+,bcn20000,2,False,0,0.9163512,0.013673608,0.007221645,0.030295452,0.003717102,0.0014407857,0.02730011,0.9337419,7.5239067,0.9337419,composite,2,,43,composite_f2_s43_in22k_v5conf,last
ISIC_0057584,BCN_0004085,BCN_0004085,60+,bcn20000,0,True,0,0.62794,0.09745658,0.10600022,0.09714304,0.0034865981,0.0005937417,0.06737982,0.72888315,3.6558468,0.72888315,composite,2,,43,composite_f2_s43_in22k_v5conf,last
ISIC_0057586,BCN_0001248,BCN_0001248,40-59,bcn20000,0,True,0,0.94410384,0.0024839106,0.0030536426,0.025989337,0.0014394366,0.0009049028,0.022024978,0.9480272,6.9669676,0.9480272,composite,2,,43,composite_f2_s43_in22k_v5conf,last
ISIC_0057605,BCN_0001031,BCN_0001031,<40,bcn20000,5,False,4,0.0072297365,0.0066971853,0.0046986295,0.05419588,0.884964,0.0064145834,0.035800014,0.8988909,6.2404165,0.8988909,composite,2,,43,composite_f2_s43_in22k_v5conf,last
ISIC_0057611,BCN_0003408,BCN_0003408,60+,bcn20000,4,True,4,0.011051699,0.00614858,0.026074516,0.07991706,0.83393323,0.0034070776,0.039467838,0.8511335,6.6551466,0.8511335,composite,2,,43,composite_f2_s43_in22k_v5conf,last
ISIC_0057640,BCN_0005294,BCN_0005294,60+,bcn20000,2,False,2,0.0061927154,0.0055403775,0.9175937,0.03773306,0.0045376257,0.0014817044,0.026920754,0.016270718,-6.431821,0.016270718,composite,2,,43,composite_f2_s43_in22k_v5conf,last
ISIC_0057693,BCN_0000670,BCN_0000670,40-59,bcn20000,5,False,5,0.00565613,0.012015072,0.0048564193,0.066066094,0.0043691145,0.86073226,0.046304934,0.022040315,-6.9720306,0.022040315,composite,2,,43,composite_f2_s43_in22k_v5conf,last
ISIC_0057710,BCN_0001671,BCN_0001671,60+,bcn20000,5,False,5,0.007809907,0.01125163,0.006682305,0.06996425,0.012019475,0.8385874,0.05368496,0.031081013,-6.01277,0.031081013,composite,2,,43,composite_f2_s43_in22k_v5conf,last
ISIC_0057715,BCN_0000437,BCN_0000437,60+,bcn20000,1,True,1,0.005367753,0.89651906,0.0053512617,0.052275244,0.0038920045,0.0040851682,0.032509577,0.9057788,8.04942,0.9057788,composite,2,,43,composite_f2_s43_in22k_v5conf,last
ISIC_0057723,BCN_0003352,BCN_0003352,60+,bcn20000,4,True,4,0.0070402953,0.0127034,0.00907696,0.064144425,0.8670835,0.0026548964,0.037296522,0.8868272,8.841513,0.8868272,composite,2,,43,composite_f2_s43_in22k_v5conf,last
ISIC_0057740,BCN_0001167,BCN_0001167,60+,bcn20000,0,True,1,0.017845087,0.89505744,0.004496427,0.046556477,0.0029265757,0.0026012827,0.030516677,0.9158291,8.301834,0.9158291,composite,2,,43,composite_f2_s43_in22k_v5conf,last
ISIC_0057745,BCN_0004361,BCN_0004361,40-59,bcn20000,3,False,0,0.58176035,0.09412405,0.0025965578,0.19979042,0.0020087408,0.00057331333,0.11914653,0.6778931,7.422186,0.6778931,composite,2,,43,composite_f2_s43_in22k_v5conf,last
ISIC_0057758,BCN_0002547,BCN_0002547,40-59,bcn20000,2,False,5,0.18714325,0.044660702,0.09925522,0.15685496,0.12017859,0.31175652,0.080150746,0.35198253,-1.3098159,0.35198253,composite,2,,43,composite_f2_s43_in22k_v5conf,last
ISIC_0057760,BCN_0000604,BCN_0000604,40-59,bcn20000,5,False,5,0.0024894907,0.0025490765,0.014924635,0.047447335,0.0043040947,0.898353,0.029932342,0.009342661,-8.902551,0.009342661,composite,2,,43,composite_f2_s43_in22k_v5conf,last
ISIC_0057762,BCN_0004126,BCN_0004126,60+,bcn20000,4,True,4,0.012140253,0.007014322,0.0065519735,0.055039562,0.8773323,0.00440674,0.03751481,0.8964869,8.121351,0.8964869,composite,2,,43,composite_f2_s43_in22k_v5conf,last
ISIC_0057793,BCN_0005307,BCN_0005307,40-59,bcn20000,5,False,5,0.011657657,0.007985202,0.0067270077,0.06772916,0.0047618602,0.85760146,0.043537706,0.02440472,-8.12,0.02440472,composite,2,,43,composite_f2_s43_in22k_v5conf,last
ISIC_0057798,BCN_0002259,BCN_0002259,60+,bcn20000,2,False,4,0.11138961,0.0039782836,0.030480133,0.122105606,0.6424625,0.028912459,0.060671493,0.7578304,5.145046,0.7578304,composite,2,,43,composite_f2_s43_in22k_v5conf,last
ISIC_0057815,BCN_0004508,BCN_0004508,40-59,bcn20000,4,True,5,0.008373469,0.0036328647,0.0041340683,0.07224308,0.011333972,0.858638,0.04164451,0.023340307,-6.2592053,0.023340307,composite,2,,43,composite_f2_s43_in22k_v5conf,last
ISIC_0057845,BCN_0003850,BCN_0003850,60+,bcn20000,4,True,5,0.011242931,0.007288278,0.007684057,0.06799925,0.0051050084,0.8578748,0.042805657,0.023636218,-7.769888,0.023636218,composite,2,,43,composite_f2_s43_in22k_v5conf,last
ISIC_0057863,BCN_0000583,BCN_0000583,unknown,bcn20000,2,False,1,0.03388557,0.7232991,0.068914615,0.10346999,0.0047321157,0.008799846,0.056898795,0.76191676,4.875286,0.76191676,composite,2,,43,composite_f2_s43_in22k_v5conf,last
ISIC_0057872,BCN_0000163,BCN_0000163,<40,bcn20000,5,False,5,0.010169398,0.0059110327,0.008581153,0.05730782,0.005579339,0.86309034,0.04936097,0.021659771,-7.7951694,0.021659771,composite,2,,43,composite_f2_s43_in22k_v5conf,last
ISIC_0057875,BCN_0000813,BCN_0000813,60+,bcn20000,5,False,5,0.0096103735,0.00708758,0.0067450516,0.06833152,0.0066392953,0.85997975,0.04160645,0.023337249,-6.8900557,0.023337249,composite,2,,43,composite_f2_s43_in22k_v5conf,last
ISIC_0057893,BCN_0004985,BCN_0004985,60+,bcn20000,1,True,1,0.36758786,0.44189626,0.00522535,0.111158,0.0026248863,0.0033674247,0.068140194,0.812109,8.840232,0.812109,composite,2,,43,composite_f2_s43_in22k_v5conf,last
ISIC_0057901,BCN_0000640,BCN_0000640,60+,bcn20000,1,True,6,0.0020786363,0.10207981,0.22835444,0.19841893,0.14787407,0.0053408397,0.3158533,0.25203252,1.3652731,0.25203252,composite,2,,43,composite_f2_s43_in22k_v5conf,last
ISIC_0057903,BCN_0005083,BCN_0005083,60+,bcn20000,1,True,5,0.013509086,0.068009906,0.009762818,0.10249412,0.02601527,0.7077709,0.07243788,0.10753426,-3.5961263,0.10753426,composite,2,,43,composite_f2_s43_in22k_v5conf,last
ISIC_0057908,BCN_0005479,BCN_0005479,40-59,bcn20000,5,False,4,0.02203888,0.009028967,0.012735055,0.10966913,0.41758758,0.35379043,0.07514993,0.44865543,0.109165795,0.44865543,composite,2,,43,composite_f2_s43_in22k_v5conf,last
ISIC_0057946,BCN_0003440,BCN_0003440,<40,bcn20000,5,False,5,0.010721671,0.0067239134,0.008583367,0.06960794,0.005025994,0.8535875,0.045749646,0.022471579,-7.976909,0.022471579,composite,2,,43,composite_f2_s43_in22k_v5conf,last
ISIC_0057977,BCN_0001534,BCN_0001534,60+,bcn20000,1,True,1,0.06107536,0.7600752,0.0040337467,0.08143777,0.031606097,0.0035190072,0.058252845,0.8527566,10.532817,0.8527566,composite,2,,43,composite_f2_s43_in22k_v5conf,last
ISIC_0058006,BCN_0005192,BCN_0005192,60+,bcn20000,1,True,1,0.0060580014,0.9007585,0.004800651,0.049331952,0.0032562045,0.003532142,0.032262567,0.9100727,8.029043,0.9100727,composite,2,,43,composite_f2_s43_in22k_v5conf,last
ISIC_0058011,BCN_0004682,BCN_0004682,60+,bcn20000,1,True,1,0.012379625,0.8397837,0.0056615137,0.07372354,0.02265872,0.0037146946,0.04207818,0.8748221,9.825345,0.8748221,composite,2,,43,composite_f2_s43_in22k_v5conf,last
ISIC_0058016,BCN_0001286,BCN_0001286,60+,bcn20000,4,True,4,0.0067664413,0.004637688,0.0061070356,0.05817424,0.885665,0.004473456,0.034176107,0.89706916,7.975209,0.89706916,composite,2,,43,composite_f2_s43_in22k_v5conf,last
ISIC_0058029,BCN_0005184,BCN_0005184,60+,bcn20000,0,True,2,0.23085696,0.0033760578,0.67799366,0.05890761,0.0020857481,0.0082679475,0.01851205,0.23631875,-1.3231655,0.23631875,composite,2,,43,composite_f2_s43_in22k_v5conf,last
ISIC_0058030,BCN_0005615,BCN_0005615,<40,bcn20000,5,False,4,0.011043985,0.0022934629,0.010347548,0.101613455,0.78540957,0.031282384,0.05800955,0.798747,3.9986098,0.798747,composite,2,,43,composite_f2_s43_in22k_v5conf,last
ISIC_0058049,BCN_0004415,BCN_0004415,40-59,bcn20000,5,False,5,0.080702364,0.019209268,0.010333054,0.10910965,0.0046375208,0.7225025,0.053505655,0.104549155,-5.1125026,0.104549155,composite,2,,43,composite_f2_s43_in22k_v5conf,last
ISIC_0058051,BCN_0005665,BCN_0005665,60+,bcn20000,0,True,1,0.0053061633,0.9246174,0.0041364697,0.03653614,0.002205891,0.0024285868,0.024769375,0.9321295,7.667397,0.9321295,composite,2,,43,composite_f2_s43_in22k_v5conf,last
ISIC_0058056,BCN_0002651,BCN_0002651,60+,bcn20000,2,False,4,0.007770219,0.009259107,0.0069013634,0.05863877,0.8768533,0.003553266,0.037024092,0.89388263,8.738421,0.89388263,composite,2,,43,composite_f2_s43_in22k_v5conf,last
ISIC_0058080,BCN_0002645,BCN_0002645,40-59,bcn20000,2,False,2,0.014882006,0.005163607,0.86741847,0.060627967,0.0021179158,0.0024135998,0.047376473,0.022163527,-6.7420015,0.022163527,composite,2,,43,composite_f2_s43_in22k_v5conf,last
ISIC_0058094,BCN_0002412,BCN_0002412,<40,bcn20000,5,False,5,0.010552609,0.007152417,0.009060977,0.066385545,0.004954032,0.85837406,0.043520376,0.02265906,-8.039205,0.02265906,composite,2,,43,composite_f2_s43_in22k_v5conf,last
ISIC_0058116,BCN_0005075,BCN_0005075,40-59,bcn20000,1,True,0,0.87512493,0.022519462,0.009796636,0.05150081,0.0069279918,0.0013280716,0.032802142,0.90457237,8.105453,0.90457237,composite,2,,43,composite_f2_s43_in22k_v5conf,last
ISIC_0058132,BCN_0004222,BCN_0004222,<40,bcn20000,5,False,5,0.012918534,0.0070057423,0.0074315364,0.07078429,0.0055370615,0.8565033,0.039819527,0.025461337,-7.6722336,0.025461337,composite,2,,43,composite_f2_s43_in22k_v5conf,last
ISIC_0058136,BCN_0004508,BCN_0004508,40-59,bcn20000,4,True,5,0.01714251,0.006216074,0.006454316,0.061127197,0.008271926,0.8597326,0.04105529,0.03163051,-6.5246344,0.03163051,composite,2,,43,composite_f2_s43_in22k_v5conf,last
ISIC_0058144,BCN_0001924,BCN_0001924,60+,bcn20000,1,True,1,0.006395292,0.89030486,0.0057610157,0.05266982,0.007018555,0.0045248996,0.03332561,0.9037187,7.844001,0.9037187,composite,2,,43,composite_f2_s43_in22k_v5conf,last
ISIC_0058148,BCN_0000469,BCN_0000469,40-59,bcn20000,5,False,4,0.0024917182,0.017068587,0.01044072,0.042038247,0.8540225,0.031159364,0.042778816,0.8735828,4.0943527,0.8735828,composite,2,,43,composite_f2_s43_in22k_v5conf,last
ISIC_0058163,BCN_0004155,BCN_0004155,60+,bcn20000,0,True,0,0.91668487,0.005788214,0.008491474,0.036781315,0.0067956415,0.0025944153,0.022864183,0.9292687,6.476801,0.9292687,composite,2,,43,composite_f2_s43_in22k_v5conf,last
ISIC_0058183,BCN_0000276,BCN_0000276,40-59,bcn20000,5,False,5,0.010814839,0.008357176,0.006714878,0.06908448,0.0047643576,0.85698307,0.043281186,0.023936372,-7.9880686,0.023936372,composite,2,,43,composite_f2_s43_in22k_v5conf,last
ISIC_0058192,BCN_0002346,BCN_0002346,60+,bcn20000,0,True,1,0.008393533,0.91264606,0.004500698,0.040218703,0.0014149372,0.0020017987,0.030824298,0.92245454,7.930726,0.92245454,composite,2,,43,composite_f2_s43_in22k_v5conf,last
ISIC_0058198,BCN_0002921,BCN_0002921,40-59,bcn20000,5,False,5,0.010996964,0.0072704344,0.007859528,0.06695428,0.005205607,0.8583169,0.043396305,0.023473006,-7.880525,0.023473006,composite,2,,43,composite_f2_s43_in22k_v5conf,last
ISIC_0058208,BCN_0005241,BCN_0005241,40-59,bcn20000,5,False,5,0.0096400045,0.0065071024,0.00845036,0.063397005,0.00529927,0.86513287,0.041573383,0.021446377,-7.8697095,0.021446377,composite,2,,43,composite_f2_s43_in22k_v5conf,last
ISIC_0058230,BCN_0004052,BCN_0004052,60+,bcn20000,2,False,4,0.024462335,0.008280625,0.0047460604,0.07469166,0.83745915,0.0036787265,0.04668151,0.8702021,9.278303,0.8702021,composite,2,,43,composite_f2_s43_in22k_v5conf,last
ISIC_0058259,BCN_0002008,BCN_0002008,unknown,bcn20000,1,True,1,0.009901323,0.930508,0.0040613296,0.02994123,0.0023252917,0.0022849815,0.020977851,0.94273466,6.2607136,0.94273466,composite,2,,43,composite_f2_s43_in22k_v5conf,last
ISIC_0058267,BCN_0003352,BCN_0003352,60+,bcn20000,4,True,2,0.05307462,0.19099112,0.523936,0.13290663,0.03729407,0.002131959,0.05966569,0.2813598,1.4064823,0.2813598,composite,2,,43,composite_f2_s43_in22k_v5conf,last
ISIC_0058288,BCN_0002547,BCN_0002547,40-59,bcn20000,2,False,5,0.10874897,0.022913346,0.12888457,0.11795625,0.01911528,0.54514486,0.05723681,0.15077761,-4.66413,0.15077761,composite,2,,43,composite_f2_s43_in22k_v5conf,last
ISIC_0058321,BCN_0000229,BCN_0000229,40-59,bcn20000,4,True,4,0.009265465,0.0058150915,0.0050130035,0.05655766,0.8777065,0.0046666325,0.040975716,0.8927871,8.022712,0.8927871,composite,2,,43,composite_f2_s43_in22k_v5conf,last
ISIC_0058337,BCN_0004680,BCN_0004680,60+,bcn20000,1,True,1,0.0065639014,0.87605786,0.006759061,0.064763404,0.006714563,0.0032832595,0.0358579,0.88933635,8.323042,0.88933635,composite,2,,43,composite_f2_s43_in22k_v5conf,last
ISIC_0058346,BCN_0005179,BCN_0005179,40-59,bcn20000,4,True,4,0.010729898,0.003857535,0.0058560064,0.049753778,0.88634396,0.0064673554,0.036991466,0.9009314,6.702656,0.9009314,composite,2,,43,composite_f2_s43_in22k_v5conf,last
ISIC_0058350,BCN_0001452,BCN_0001452,40-59,bcn20000,5,False,5,0.009660426,0.007914955,0.006520069,0.06406257,0.005243836,0.864807,0.041791216,0.022819215,-7.8173923,0.022819215,composite,2,,43,composite_f2_s43_in22k_v5conf,last
ISIC_0058352,BCN_0003867,BCN_0003867,40-59,bcn20000,5,False,5,0.010445196,0.0077189784,0.0045422823,0.06597481,0.0075118826,0.8648153,0.038991537,0.025676057,-6.7571344,0.025676057,composite,2,,43,composite_f2_s43_in22k_v5conf,last
ISIC_0058361,BCN_0004824,BCN_0004824,40-59,bcn20000,5,False,4,0.0075216284,0.00883855,0.0058072885,0.0530472,0.8868931,0.0039363108,0.033955928,0.90325326,8.118718,0.90325326,composite,2,,43,composite_f2_s43_in22k_v5conf,last
ISIC_0058367,BCN_0001821,BCN_0001821,<40,bcn20000,4,True,5,0.08184471,0.010459273,0.04009278,0.1538811,0.2898436,0.34520286,0.078675725,0.38214758,0.0016779974,0.38214758,composite,2,,43,composite_f2_s43_in22k_v5conf,last
ISIC_0058380,BCN_0003258,BCN_0003258,40-59,bcn20000,4,True,1,0.004305139,0.49812633,0.005774257,0.08553494,0.10951162,0.0056892177,0.29105845,0.61194307,6.741585,0.61194307,composite,2,,43,composite_f2_s43_in22k_v5conf,last
ISIC_0058410,BCN_0002323,BCN_0002323,40-59,bcn20000,1,True,1,0.008311626,0.86914206,0.0038977233,0.059607673,0.012400354,0.005210798,0.04142978,0.889854,7.966771,0.889854,composite,2,,43,composite_f2_s43_in22k_v5conf,last
ISIC_0058429,BCN_0005446,BCN_0005446,60+,bcn20000,5,False,5,0.010952133,0.0079075545,0.009482715,0.06599674,0.004622692,0.8615427,0.039495457,0.02348238,-7.4712367,0.02348238,composite,2,,43,composite_f2_s43_in22k_v5conf,last
ISIC_0058439,BCN_0000229,BCN_0000229,40-59,bcn20000,4,True,4,0.011836637,0.006460927,0.0060944725,0.0628868,0.86407715,0.0047256597,0.043918364,0.8823747,8.146005,0.8823747,composite,2,,43,composite_f2_s43_in22k_v5conf,last
ISIC_0058458,BCN_0001489,BCN_0001489,60+,bcn20000,4,True,4,0.0047181887,0.01246181,0.006562242,0.042101815,0.9020606,0.0035801334,0.02851527,0.91924065,8.672458,0.91924065,composite,2,,43,composite_f2_s43_in22k_v5conf,last
ISIC_0058486,BCN_0000676,BCN_0000676,40-59,bcn20000,5,False,5,0.010483906,0.0062789433,0.009469974,0.07146086,0.004378744,0.850717,0.04721064,0.021141592,-7.909614,0.021141592,composite,2,,43,composite_f2_s43_in22k_v5conf,last
ISIC_0058500,BCN_0001024,BCN_0001024,60+,bcn20000,1,True,1,0.012180478,0.88727504,0.0037431004,0.056174465,0.0022588472,0.0030625395,0.035305597,0.9017144,7.740274,0.9017144,composite,2,,43,composite_f2_s43_in22k_v5conf,last
ISIC_0058513,BCN_0002598,BCN_0002598,60+,bcn20000,4,True,4,0.011714613,0.009579543,0.010650633,0.09499358,0.81406045,0.003632553,0.055368543,0.8353546,7.4876366,0.8353546,composite,2,,43,composite_f2_s43_in22k_v5conf,last
ISIC_0058517,BCN_0003587,BCN_0003587,40-59,bcn20000,5,False,5,0.013285623,0.0071093487,0.015558069,0.069275536,0.004433912,0.8467889,0.043548692,0.024828885,-8.139719,0.024828885,composite,2,,43,composite_f2_s43_in22k_v5conf,last
ISIC_0058542,BCN_0001739,BCN_0001739,60+,bcn20000,6,False,6,0.0009545941,0.00063095725,0.0006060985,0.00664933,0.001020401,0.00051636173,0.98962224,0.0026059523,-7.281201,0.0026059523,composite,2,,43,composite_f2_s43_in22k_v5conf,last
ISIC_0058549,BCN_0004985,BCN_0004985,60+,bcn20000,1,True,0,0.9081543,0.014085138,0.0035531763,0.04426358,0.00262031,0.0019273292,0.025396144,0.92485976,8.038199,0.92485976,composite,2,,43,composite_f2_s43_in22k_v5conf,last
ISIC_0058580,BCN_0002717,BCN_0002717,60+,bcn20000,4,True,5,0.012506212,0.006385328,0.0075069056,0.06714844,0.0045147417,0.8594349,0.04250342,0.023406282,-7.978986,0.023406282,composite,2,,43,composite_f2_s43_in22k_v5conf,last
ISIC_0058585,BCN_0001958,BCN_0001958,60+,bcn20000,5,False,4,0.006775638,0.0035191213,0.0047616116,0.05122537,0.8900903,0.008249506,0.03537835,0.900385,6.2024646,0.900385,composite,2,,43,composite_f2_s43_in22k_v5conf,last
ISIC_0058588,BCN_0003359,BCN_0003359,40-59,bcn20000,5,False,5,0.010368386,0.0066843624,0.0071973773,0.06562894,0.0063631344,0.8598728,0.04388498,0.023415884,-7.221186,0.023415884,composite,2,,43,composite_f2_s43_in22k_v5conf,last
ISIC_0058598,BCN_0004835,BCN_0004835,60+,bcn20000,0,True,1,0.006885037,0.85782677,0.012770334,0.06594721,0.003517535,0.0035689047,0.04948418,0.8682293,7.214242,0.8682293,composite,2,,43,composite_f2_s43_in22k_v5conf,last
ISIC_0058604,BCN_0000868,BCN_0000868,60+,bcn20000,5,False,5,0.02286973,0.016177697,0.010553467,0.09579631,0.08478852,0.7195014,0.050312985,0.12383595,-3.2387836,0.12383595,composite,2,,43,composite_f2_s43_in22k_v5conf,last
ISIC_0058625,BCN_0005525,BCN_0005525,40-59,bcn20000,4,True,5,0.009065474,0.005113632,0.005189954,0.060353063,0.010079221,0.8701909,0.040007826,0.024258327,-6.1582994,0.024258327,composite,2,,43,composite_f2_s43_in22k_v5conf,last
ISIC_0058639,BCN_0003461,BCN_0003461,60+,bcn20000,0,True,0,0.7442342,0.015741147,0.0030221774,0.04944372,0.13397042,0.0019183134,0.05167002,0.8939458,9.707851,0.8939458,composite,2,,43,composite_f2_s43_in22k_v5conf,last
ISIC_0058640,BCN_0005596,BCN_0005596,60+,bcn20000,0,True,1,0.005673553,0.9009487,0.011135485,0.046984885,0.0034013314,0.002801052,0.029055033,0.91002357,6.689194,0.91002357,composite,2,,43,composite_f2_s43_in22k_v5conf,last
ISIC_0058651,BCN_0003305,BCN_0003305,60+,bcn20000,1,True,1,0.0077212118,0.89802194,0.005296531,0.051266644,0.0036739446,0.0026999055,0.031319868,0.9094171,8.288906,0.9094171,composite,2,,43,composite_f2_s43_in22k_v5conf,last
ISIC_0058655,BCN_0001437,BCN_0001437,60+,bcn20000,4,True,5,0.2690382,0.017934302,0.009192775,0.17544372,0.016141484,0.47248855,0.039760955,0.30311397,-3.0195656,0.30311397,composite,2,,43,composite_f2_s43_in22k_v5conf,last
ISIC_0058656,BCN_0003867,BCN_0003867,40-59,bcn20000,5,False,5,0.009207367,0.007343379,0.0047411807,0.06492002,0.011347066,0.8597627,0.042678196,0.027897812,-6.1067524,0.027897812,composite,2,,43,composite_f2_s43_in22k_v5conf,last
ISIC_0058658,BCN_0002532,BCN_0002532,60+,bcn20000,4,True,4,0.0107487785,0.003830718,0.0041931137,0.052174803,0.88450694,0.0055075185,0.03903812,0.8990864,7.4444857,0.8990864,composite,2,,43,composite_f2_s43_in22k_v5conf,last
ISIC_0058686,BCN_0000654,BCN_0000654,40-59,bcn20000,5,False,5,0.010068971,0.0063844803,0.006160893,0.06430303,0.007902565,0.86167026,0.043509714,0.024356015,-6.991632,0.024356015,composite,2,,43,composite_f2_s43_in22k_v5conf,last
ISIC_0058692,BCN_0005192,BCN_0005192,60+,bcn20000,1,True,1,0.0059365714,0.8925365,0.005945906,0.0542761,0.005730722,0.0040953923,0.03147879,0.90420383,7.9713984,0.90420383,composite,2,,43,composite_f2_s43_in22k_v5conf,last
ISIC_0058735,BCN_0002992,BCN_0002992,60+,bcn20000,1,True,1,0.0058731744,0.88964844,0.0056882678,0.052407876,0.0067940783,0.006759135,0.032828983,0.90231574,7.329914,0.90231574,composite,2,,43,composite_f2_s43_in22k_v5conf,last
ISIC_0058745,BCN_0005192,BCN_0005192,60+,bcn20000,1,True,1,0.006384519,0.8982106,0.005494231,0.050729204,0.0049518156,0.003498114,0.030731553,0.9095469,8.017951,0.9095469,composite,2,,43,composite_f2_s43_in22k_v5conf,last
ISIC_0058752,BCN_0004786,BCN_0004786,<40,bcn20000,5,False,5,0.012217128,0.0071600405,0.00668685,0.06535744,0.005448477,0.85980654,0.043323506,0.024825646,-7.685031,0.024825646,composite,2,,43,composite_f2_s43_in22k_v5conf,last
ISIC_0058766,BCN_0001360,BCN_0001360,40-59,bcn20000,1,True,1,0.00589937,0.90006447,0.00532168,0.04821184,0.003544936,0.003816445,0.03314131,0.90950876,7.4425755,0.90950876,composite,2,,43,composite_f2_s43_in22k_v5conf,last
ISIC_0058780,BCN_0005446,BCN_0005446,60+,bcn20000,5,False,2,0.0034827706,0.008455597,0.8658812,0.069539145,0.012372918,0.009717953,0.030550374,0.024311285,-5.4701633,0.024311285,composite,2,,43,composite_f2_s43_in22k_v5conf,last
ISIC_0058785,BCN_0001235,BCN_0001235,60+,bcn20000,2,False,5,0.009621809,0.0066463994,0.007898563,0.062000845,0.005597449,0.8684916,0.039743494,0.021865658,-7.4601717,0.021865658,composite,2,,43,composite_f2_s43_in22k_v5conf,last
ISIC_0058798,BCN_0001513,BCN_0001513,40-59,bcn20000,4,True,4,0.009680735,0.010551071,0.005917452,0.059332747,0.87092763,0.004459621,0.039130684,0.8911594,8.770024,0.8911594,composite,2,,43,composite_f2_s43_in22k_v5conf,last
ISIC_0058804,BCN_0001452,BCN_0001452,40-59,bcn20000,5,False,5,0.021464173,0.010098996,0.01845579,0.08775714,0.00955861,0.8010966,0.051568624,0.04112178,-6.7704973,0.04112178,composite,2,,43,composite_f2_s43_in22k_v5conf,last
ISIC_0058823,BCN_0004474,BCN_0004474,<40,bcn20000,5,False,5,0.010803442,0.0071107456,0.0063351127,0.06847389,0.0064463774,0.8579811,0.042849343,0.024360564,-7.1544504,0.024360564,composite,2,,43,composite_f2_s43_in22k_v5conf,last
ISIC_0058824,BCN_0005307,BCN_0005307,40-59,bcn20000,5,False,5,0.010399809,0.005864038,0.011543569,0.07681462,0.003416861,0.84795135,0.044009734,0.019680707,-8.790311,0.019680707,composite,2,,43,composite_f2_s43_in22k_v5conf,last
ISIC_0058826,BCN_0004082,BCN_0004082,60+,bcn20000,1,True,1,0.007205886,0.88553226,0.0053420085,0.057373814,0.0056996886,0.0037530335,0.03509329,0.89843786,8.5273485,0.89843786,composite,2,,43,composite_f2_s43_in22k_v5conf,last
ISIC_0058837,BCN_0004616,BCN_0004616,60+,bcn20000,4,True,4,0.0070150713,0.004625997,0.0057099746,0.04918107,0.8932069,0.0039268713,0.03633419,0.904848,8.215772,0.904848,composite,2,,43,composite_f2_s43_in22k_v5conf,last
ISIC_0058852,BCN_0003632,BCN_0003632,60+,bcn20000,1,True,1,0.09248981,0.296179,0.1795352,0.15825066,0.007551009,0.0030457783,0.2629486,0.39621982,1.7748795,0.39621982,composite,2,,43,composite_f2_s43_in22k_v5conf,last
ISIC_0058882,BCN_0002123,BCN_0002123,40-59,bcn20000,5,False,5,0.013160434,0.007873022,0.00622976,0.073038414,0.008833421,0.84757346,0.043291558,0.029866876,-6.696303,0.029866876,composite,2,,43,composite_f2_s43_in22k_v5conf,last
ISIC_0058893,BCN_0003009,BCN_0003009,60+,bcn20000,0,True,1,0.03385314,0.40382585,0.12084731,0.15358129,0.044687137,0.15333426,0.089871004,0.48236614,1.3254069,0.48236614,composite,2,,43,composite_f2_s43_in22k_v5conf,last
ISIC_0058909,BCN_0003352,BCN_0003352,60+,bcn20000,4,True,4,0.005979816,0.013365901,0.018984312,0.06129593,0.86601675,0.0025745323,0.031782854,0.88536245,7.625083,0.88536245,composite,2,,43,composite_f2_s43_in22k_v5conf,last
ISIC_0058911,BCN_0001046,BCN_0001046,40-59,bcn20000,1,True,1,0.100143924,0.65636814,0.11388433,0.046603274,0.01069872,0.017597917,0.054703735,0.7672108,2.5557706,0.7672108,composite,2,,43,composite_f2_s43_in22k_v5conf,last
ISIC_0058915,BCN_0004680,BCN_0004680,60+,bcn20000,1,True,1,0.0068830284,0.89468086,0.008484084,0.048797045,0.003987282,0.002798269,0.034369472,0.90555114,7.7949057,0.90555114,composite,2,,43,composite_f2_s43_in22k_v5conf,last
ISIC_0058922,BCN_0002465,BCN_0002465,40-59,bcn20000,5,False,5,0.010640092,0.007255407,0.0076270443,0.06726947,0.0077019297,0.8587806,0.04072547,0.025597429,-7.2712355,0.025597429,composite,2,,43,composite_f2_s43_in22k_v5conf,last
ISIC_0058938,BCN_0004505,BCN_0004505,60+,bcn20000,2,False,4,0.014087068,0.0024296287,0.040228684,0.06647568,0.84257835,0.0030301358,0.03117048,0.85909504,4.9556556,0.85909504,composite,2,,43,composite_f2_s43_in22k_v5conf,last
ISIC_0058971,BCN_0002759,BCN_0002759,60+,bcn20000,0,True,0,0.94561356,0.002392449,0.0023566382,0.022250094,0.009247459,0.0028566478,0.015283209,0.9572535,7.9734526,0.9572535,composite,2,,43,composite_f2_s43_in22k_v5conf,last
ISIC_0058978,BCN_0000344,BCN_0000344,40-59,bcn20000,1,True,0,0.88208824,0.03205747,0.0034736358,0.050850496,0.0021890507,0.0027558017,0.026585264,0.91633475,8.34797,0.91633475,composite,2,,43,composite_f2_s43_in22k_v5conf,last
ISIC_0058983,BCN_0001248,BCN_0001248,40-59,bcn20000,0,True,0,0.56761634,0.26930955,0.007209591,0.094518736,0.0036977013,0.0052903164,0.05235777,0.84062356,8.677871,0.84062356,composite,2,,43,composite_f2_s43_in22k_v5conf,last
ISIC_0058984,BCN_0002871,BCN_0002871,60+,bcn20000,1,True,4,0.009063434,0.009809394,0.009941925,0.07414297,0.8514016,0.0046597444,0.040980946,0.8702744,7.992215,0.8702744,composite,2,,43,composite_f2_s43_in22k_v5conf,last
ISIC_0058988,BCN_0003707,BCN_0003707,40-59,bcn20000,0,True,0,0.95053554,0.0039798133,0.0023198978,0.02437828,0.0017257641,0.001278061,0.01578276,0.95624113,7.3558187,0.95624113,composite,2,,43,composite_f2_s43_in22k_v5conf,last
ISIC_0058993,BCN_0003362,BCN_0003362,60+,bcn20000,5,False,5,0.006848063,0.006781603,0.003897541,0.073435694,0.005696839,0.8586988,0.04464159,0.019326504,-7.1737638,0.019326504,composite,2,,43,composite_f2_s43_in22k_v5conf,last
ISIC_0059014,BCN_0001214,BCN_0001214,60+,bcn20000,0,True,1,0.0063572773,0.89661133,0.0070341434,0.048986174,0.004043252,0.0058092573,0.031158524,0.90701187,6.982978,0.90701187,composite,2,,43,composite_f2_s43_in22k_v5conf,last
ISIC_0059019,BCN_0001452,BCN_0001452,40-59,bcn20000,5,False,5,0.0134849185,0.010347912,0.011261705,0.06973436,0.006066966,0.83990043,0.04920377,0.029899798,-7.4331965,0.029899798,composite,2,,43,composite_f2_s43_in22k_v5conf,last
ISIC_0059062,BCN_0001397,BCN_0001397,40-59,bcn20000,5,False,5,0.009651677,0.0058439216,0.0042717555,0.074413955,0.016365202,0.84419423,0.045259316,0.0318608,-5.5116262,0.0318608,composite,2,,43,composite_f2_s43_in22k_v5conf,last
ISIC_0059072,BCN_0001696,BCN_0001696,40-59,bcn20000,5,False,5,0.012747585,0.007916393,0.007951303,0.07142029,0.0051295045,0.84862816,0.046206705,0.025793482,-7.923068,0.025793482,composite,2,,43,composite_f2_s43_in22k_v5conf,last
ISIC_0059080,BCN_0002004,BCN_0002004,40-59,bcn20000,1,True,1,0.007682509,0.9018362,0.0042226855,0.04755124,0.0040624486,0.0028873235,0.031757638,0.9135812,8.661675,0.9135812,composite,2,,43,composite_f2_s43_in22k_v5conf,last
ISIC_0059107,BCN_0005323,BCN_0005323,<40,bcn20000,5,False,5,0.010446712,0.005616336,0.005408607,0.061682675,0.004162606,0.87085253,0.041830577,0.020225655,-8.01264,0.020225655,composite,2,,43,composite_f2_s43_in22k_v5conf,last
ISIC_0059110,BCN_0002645,BCN_0002645,40-59,bcn20000,2,False,5,0.21528545,0.0071371873,0.06855298,0.07529605,0.005191671,0.5504488,0.078087896,0.22761431,-5.6482162,0.22761431,composite,2,,43,composite_f2_s43_in22k_v5conf,last
ISIC_0059111,BCN_0003833,BCN_0003833,40-59,bcn20000,1,True,1,0.008135718,0.88084745,0.0066167563,0.05553912,0.008922455,0.004752724,0.03518576,0.89790565,7.734236,0.89790565,composite,2,,43,composite_f2_s43_in22k_v5conf,last
ISIC_0059113,BCN_0002814,BCN_0002814,60+,bcn20000,1,True,1,0.0035343808,0.9153693,0.0058330526,0.03729732,0.0021160904,0.008803208,0.027046712,0.92101973,5.289623,0.92101973,composite,2,,43,composite_f2_s43_in22k_v5conf,last
ISIC_0059128,BCN_0004840,BCN_0004840,60+,bcn20000,1,True,1,0.0041524232,0.83688056,0.050306875,0.069921635,0.0021617578,0.003795579,0.03278106,0.8431947,2.647452,0.8431947,composite,2,,43,composite_f2_s43_in22k_v5conf,last
ISIC_0059135,BCN_0000252,BCN_0000252,60+,bcn20000,1,True,1,0.030407505,0.81443983,0.007927203,0.083039545,0.008393478,0.004154102,0.051638275,0.8532408,8.241656,0.8532408,composite,2,,43,composite_f2_s43_in22k_v5conf,last
ISIC_0059136,BCN_0000413,BCN_0000413,40-59,bcn20000,5,False,5,0.008805306,0.0063670767,0.0054091024,0.08577528,0.007780751,0.8420668,0.043795682,0.022953134,-6.718912,0.022953134,composite,2,,43,composite_f2_s43_in22k_v5conf,last
ISIC_0059221,BCN_0003867,BCN_0003867,40-59,bcn20000,5,False,5,0.012083542,0.00435189,0.0029529673,0.0676249,0.02669103,0.85248303,0.033812612,0.043126464,-4.646837,0.043126464,composite,2,,43,composite_f2_s43_in22k_v5conf,last
ISIC_0059232,BCN_0003408,BCN_0003408,60+,bcn20000,4,True,4,0.010943349,0.004364803,0.35726535,0.13541628,0.42628837,0.005059688,0.06066219,0.4415965,2.1493354,0.4415965,composite,2,,43,composite_f2_s43_in22k_v5conf,last
ISIC_0059266,BCN_0001696,BCN_0001696,40-59,bcn20000,5,False,5,0.012527989,0.007011943,0.0065662097,0.06770927,0.005205874,0.85452,0.046458673,0.024745805,-7.9925857,0.024745805,composite,2,,43,composite_f2_s43_in22k_v5conf,last
ISIC_0059274,BCN_0004460,BCN_0004460,<40,bcn20000,5,False,5,0.010007049,0.030222641,0.0057036555,0.08002648,0.011377964,0.81248295,0.050179232,0.051607653,-5.145399,0.051607653,composite,2,,43,composite_f2_s43_in22k_v5conf,last
ISIC_0059323,BCN_0003010,BCN_0003010,40-59,bcn20000,2,False,2,0.008177779,0.005607522,0.8919725,0.04858023,0.006626936,0.0041687503,0.03486624,0.020412236,-6.7252793,0.020412236,composite,2,,43,composite_f2_s43_in22k_v5conf,last
ISIC_0059327,BCN_0005479,BCN_0005479,40-59,bcn20000,5,False,4,0.008860886,0.004455956,0.001698905,0.050281134,0.86959267,0.037327666,0.027782906,0.88290954,4.5527344,0.88290954,composite,2,,43,composite_f2_s43_in22k_v5conf,last
ISIC_0059353,BCN_0000048,BCN_0000048,60+,bcn20000,4,True,4,0.0045318073,0.007278938,0.008482007,0.07180056,0.8555119,0.010694265,0.041700523,0.8673226,5.4695015,0.8673226,composite,2,,43,composite_f2_s43_in22k_v5conf,last
ISIC_0059364,BCN_0003897,BCN_0003897,<40,bcn20000,5,False,5,0.010971348,0.00695922,0.007795982,0.0679588,0.0058490224,0.85590076,0.044564847,0.02377959,-7.7148075,0.02377959,composite,2,,43,composite_f2_s43_in22k_v5conf,last
ISIC_0059366,BCN_0001894,BCN_0001894,60+,bcn20000,1,True,4,0.008279202,0.007675323,0.006682347,0.054156817,0.8832483,0.0039922916,0.03596575,0.8992028,8.346414,0.8992028,composite,2,,43,composite_f2_s43_in22k_v5conf,last
ISIC_0059384,BCN_0004838,BCN_0004838,<40,bcn20000,5,False,1,0.0061217262,0.9247918,0.009992395,0.023096075,0.003744344,0.0030474039,0.029206308,0.93465793,5.29082,0.93465793,composite,2,,43,composite_f2_s43_in22k_v5conf,last
ISIC_0059385,BCN_0004491,BCN_0004491,40-59,bcn20000,5,False,5,0.011123825,0.006970482,0.005687262,0.06879309,0.0061196764,0.8599147,0.041390944,0.024213983,-7.198926,0.024213983,composite,2,,43,composite_f2_s43_in22k_v5conf,last
ISIC_0059390,BCN_0005484,BCN_0005484,<40,bcn20000,5,False,5,0.009795157,0.006194208,0.007313932,0.06982406,0.0050330637,0.8593482,0.04249144,0.021022428,-8.311473,0.021022428,composite,2,,43,composite_f2_s43_in22k_v5conf,last
ISIC_0059397,BCN_0001248,BCN_0001248,40-59,bcn20000,0,True,0,0.8544644,0.015013704,0.052037895,0.043044027,0.008750136,0.0008990259,0.025790807,0.87822825,4.894719,0.87822825,composite,2,,43,composite_f2_s43_in22k_v5conf,last
ISIC_0059416,BCN_0001464,BCN_0001464,40-59,bcn20000,5,False,2,0.0042402884,0.0011691381,0.5435997,0.38227755,0.0019600405,0.02068039,0.046072844,0.007369467,-9.937653,0.007369467,composite,2,,43,composite_f2_s43_in22k_v5conf,last
ISIC_0059455,BCN_0004505,BCN_0004505,60+,bcn20000,2,False,0,0.88137954,0.0046771644,0.010511715,0.04576886,0.021090854,0.0025111886,0.034060735,0.9071476,7.7173247,0.9071476,composite,2,,43,composite_f2_s43_in22k_v5conf,last
ISIC_0059474,BCN_0001586,BCN_0001586,60+,bcn20000,1,True,1,0.03152391,0.8132925,0.009619682,0.07333545,0.0045986273,0.0060459026,0.061583914,0.849415,7.6120176,0.849415,composite,2,,43,composite_f2_s43_in22k_v5conf,last
ISIC_0059493,BCN_0002059,BCN_0002059,60+,bcn20000,4,True,4,0.0067494605,0.008599315,0.004543979,0.054559037,0.89271915,0.0033538546,0.029475104,0.90806794,8.41577,0.90806794,composite,2,,43,composite_f2_s43_in22k_v5conf,last
ISIC_0059512,BCN_0005505,BCN_0005505,40-59,bcn20000,4,True,5,0.0099444175,0.008675653,0.0056631863,0.06713993,0.01570243,0.8507704,0.04210394,0.0343225,-5.9106665,0.0343225,composite,2,,43,composite_f2_s43_in22k_v5conf,last
ISIC_0059513,BCN_0002717,BCN_0002717,60+,bcn20000,4,True,5,0.012070123,0.0057066735,0.010143722,0.060002938,0.002863476,0.86910397,0.040109098,0.020640273,-8.108649,0.020640273,composite,2,,43,composite_f2_s43_in22k_v5conf,last
ISIC_0059559,BCN_0004170,BCN_0004170,60+,bcn20000,1,True,1,0.031619187,0.85123307,0.0049530743,0.064844355,0.0036533559,0.0025078957,0.0411891,0.8865056,8.4630575,0.8865056,composite,2,,43,composite_f2_s43_in22k_v5conf,last
ISIC_0059572,BCN_0004683,BCN_0004683,60+,bcn20000,0,True,4,0.21615794,0.21939841,0.012835595,0.09452514,0.3966786,0.0027306564,0.057673667,0.832235,10.793626,0.832235,composite,2,,43,composite_f2_s43_in22k_v5conf,last
ISIC_0059577,BCN_0001117,BCN_0001117,60+,bcn20000,1,True,1,0.009486848,0.55221105,0.30232206,0.06609568,0.002666005,0.029409152,0.037809223,0.5643639,-1.440026,0.5643639,composite,2,,43,composite_f2_s43_in22k_v5conf,last
ISIC_0059592,BCN_0005627,BCN_0005627,60+,bcn20000,1,True,1,0.008258434,0.89081556,0.007497343,0.05028345,0.004771321,0.0046156957,0.033758204,0.9038453,7.4121733,0.9038453,composite,2,,43,composite_f2_s43_in22k_v5conf,last
ISIC_0059597,BCN_0003724,BCN_0003724,60+,bcn20000,4,True,4,0.007412668,0.003812359,0.0076480326,0.060070418,0.87838846,0.0071072117,0.03556086,0.8896135,7.0550485,0.8896135,composite,2,,43,composite_f2_s43_in22k_v5conf,last
ISIC_0059616,BCN_0002651,BCN_0002651,60+,bcn20000,2,False,4,0.006342594,0.0042948336,0.00508359,0.057261832,0.8784444,0.0043602795,0.044212416,0.8890818,8.0297,0.8890818,composite,2,,43,composite_f2_s43_in22k_v5conf,last
ISIC_0059648,BCN_0005446,BCN_0005446,60+,bcn20000,5,False,5,0.011855826,0.005658121,0.057896063,0.10119617,0.3270088,0.42670557,0.069679365,0.34452277,-1.6604551,0.34452277,composite,2,,43,composite_f2_s43_in22k_v5conf,last
ISIC_0059649,BCN_0001240,BCN_0001240,<40,bcn20000,5,False,4,0.00392325,0.004850147,0.006275706,0.056673024,0.8472192,0.024582319,0.056476347,0.8559926,4.0911694,0.8559926,composite,2,,43,composite_f2_s43_in22k_v5conf,last
ISIC_0059691,BCN_0003072,BCN_0003072,40-59,bcn20000,5,False,3,0.003976633,5.519789e-05,0.00036760466,0.9872612,0.0030140316,0.0025320721,0.0027932862,0.0070458623,-3.3585753,0.0070458623,composite,2,,43,composite_f2_s43_in22k_v5conf,last
ISIC_0059705,BCN_0003424,BCN_0003424,<40,bcn20000,5,False,5,0.008387105,0.0067377076,0.007050537,0.062276367,0.005766707,0.868754,0.041027524,0.02089152,-7.7673798,0.02089152,composite,2,,43,composite_f2_s43_in22k_v5conf,last
ISIC_0059719,BCN_0001898,BCN_0001898,<40,bcn20000,5,False,5,0.017998401,0.010555452,0.007383168,0.09662852,0.011350203,0.8067289,0.0493554,0.039904058,-5.8255453,0.039904058,composite,2,,43,composite_f2_s43_in22k_v5conf,last
ISIC_0059724,BCN_0001225,BCN_0001225,60+,bcn20000,1,True,0,0.8119409,0.043183334,0.0041685146,0.07113209,0.021264333,0.0022101095,0.0461007,0.87638855,10.255881,0.87638855,composite,2,,43,composite_f2_s43_in22k_v5conf,last
ISIC_0059725,BCN_0003115,BCN_0003115,60+,bcn20000,1,True,1,0.0074415067,0.89376247,0.0063073477,0.05241489,0.004320218,0.0036813435,0.032072205,0.9055242,7.788787,0.9055242,composite,2,,43,composite_f2_s43_in22k_v5conf,last
ISIC_0059741,BCN_0000215,BCN_0000215,60+,bcn20000,1,True,1,0.008317706,0.90748835,0.005390069,0.041222688,0.0037384338,0.004320294,0.029522443,0.9195445,7.509968,0.9195445,composite,2,,43,composite_f2_s43_in22k_v5conf,last
ISIC_0059752,BCN_0001817,BCN_0001817,60+,bcn20000,1,True,0,0.9305329,0.008846403,0.0032498694,0.0371988,0.0010577646,0.0010801419,0.018034043,0.940437,8.136911,0.940437,composite,2,,43,composite_f2_s43_in22k_v5conf,last
ISIC_0059753,BCN_0003739,BCN_0003739,<40,bcn20000,5,False,5,0.009365197,0.0073617683,0.0064720204,0.0657012,0.008032962,0.8614914,0.041575413,0.024759926,-7.0824013,0.024759926,composite,2,,43,composite_f2_s43_in22k_v5conf,last
ISIC_0059764,BCN_0000723,BCN_0000723,40-59,bcn20000,4,True,4,0.00877344,0.006078958,0.0077072973,0.05256339,0.8898795,0.0038210002,0.03117635,0.9047319,8.487827,0.9047319,composite,2,,43,composite_f2_s43_in22k_v5conf,last
ISIC_0059801,BCN_0000437,BCN_0000437,60+,bcn20000,1,True,1,0.0054428517,0.9006154,0.0053900527,0.04972424,0.003467046,0.0032244953,0.03213591,0.9095253,8.065698,0.9095253,composite,2,,43,composite_f2_s43_in22k_v5conf,last
ISIC_0059807,BCN_0005064,BCN_0005064,40-59,bcn20000,5,False,5,0.01360471,0.005561464,0.006426198,0.066773064,0.010079364,0.8538186,0.04373665,0.029245537,-6.7581096,0.029245537,composite,2,,43,composite_f2_s43_in22k_v5conf,last
ISIC_0059810,BCN_0005603,BCN_0005603,40-59,bcn20000,4,True,4,0.0100661,0.008019443,0.0071317893,0.06444505,0.8609302,0.006112401,0.043294974,0.87901574,7.2951794,0.87901574,composite,2,,43,composite_f2_s43_in22k_v5conf,last
ISIC_0059821,BCN_0004722,BCN_0004722,60+,bcn20000,1,True,1,0.017389655,0.86501026,0.0061064,0.06420163,0.0030362555,0.003212277,0.04104352,0.8854362,8.281187,0.8854362,composite,2,,43,composite_f2_s43_in22k_v5conf,last
ISIC_0059840,BCN_0002532,BCN_0002532,60+,bcn20000,4,True,4,0.014153353,0.004389939,0.0040968047,0.06303891,0.86376077,0.0066010933,0.04395928,0.8823041,7.3043494,0.8823041,composite,2,,43,composite_f2_s43_in22k_v5conf,last
ISIC_0059863,BCN_0004111,BCN_0004111,60+,bcn20000,2,False,5,0.015879592,0.008334937,0.01202734,0.07020474,0.00793712,0.8401202,0.045496102,0.032151647,-6.706921,0.032151647,composite,2,,43,composite_f2_s43_in22k_v5conf,last
ISIC_0059872,BCN_0004155,BCN_0004155,60+,bcn20000,0,True,0,0.6148504,0.012032171,0.24964358,0.07527087,0.0038393768,0.0021594178,0.042204212,0.6307219,1.3213553,0.6307219,composite,2,,43,composite_f2_s43_in22k_v5conf,last
ISIC_0059894,BCN_0002776,BCN_0002776,<40,bcn20000,5,False,5,0.008721346,0.0049607595,0.0063145356,0.072692566,0.006667473,0.85206294,0.04858046,0.020349579,-7.453845,0.020349579,composite,2,,43,composite_f2_s43_in22k_v5conf,last
ISIC_0059968,BCN_0000469,BCN_0000469,40-59,bcn20000,5,False,1,0.016585976,0.9172501,0.0022780045,0.03294424,0.001944636,0.0028772384,0.026119845,0.93578076,8.21099,0.93578076,composite,2,,43,composite_f2_s43_in22k_v5conf,last
ISIC_0059994,BCN_0002942,BCN_0002942,40-59,bcn20000,1,True,5,0.010039355,0.008870063,0.006099454,0.07783637,0.015579516,0.8384739,0.04310122,0.03448893,-6.046191,0.03448893,composite,2,,43,composite_f2_s43_in22k_v5conf,last
ISIC_0060003,BCN_0000437,BCN_0000437,60+,bcn20000,1,True,1,0.0064904164,0.892904,0.0055363993,0.051166423,0.005188903,0.004290904,0.034422953,0.9045833,7.730586,0.9045833,composite,2,,43,composite_f2_s43_in22k_v5conf,last
ISIC_0060012,BCN_0001778,BCN_0001778,60+,bcn20000,5,False,5,0.01123363,0.0056632063,0.0045379717,0.060447603,0.006192294,0.8773094,0.0346159,0.02308913,-6.751893,0.02308913,composite,2,,43,composite_f2_s43_in22k_v5conf,last
ISIC_0060017,BCN_0000846,BCN_0000846,60+,bcn20000,4,True,4,0.022362752,0.0049543623,0.0055318475,0.06359848,0.86044014,0.0026908095,0.040421594,0.88775724,9.301359,0.88775724,composite,2,,43,composite_f2_s43_in22k_v5conf,last
ISIC_0060021,BCN_0004025,BCN_0004025,60+,bcn20000,1,True,1,0.20191869,0.6641307,0.013433828,0.06038222,0.0008805894,0.0019015825,0.0573524,0.86693,7.1270514,0.86693,composite,2,,43,composite_f2_s43_in22k_v5conf,last
ISIC_0060035,BCN_0004698,BCN_0004698,60+,bcn20000,0,True,0,0.9092972,0.0024345901,0.0088864975,0.044958625,0.007855069,0.0032215025,0.023346426,0.9195869,6.7481666,0.9195869,composite,2,,43,composite_f2_s43_in22k_v5conf,last
ISIC_0060055,BCN_0001167,BCN_0001167,60+,bcn20000,0,True,2,0.12194147,0.03293129,0.6752978,0.08842062,0.0024321317,0.0035444996,0.07543218,0.1573049,-1.5451019,0.1573049,composite,2,,43,composite_f2_s43_in22k_v5conf,last
ISIC_0060078,BCN_0002759,BCN_0002759,60+,bcn20000,0,True,0,0.9402594,0.0014223668,0.001294105,0.030098317,0.0032217354,0.0025255082,0.021178572,0.9449035,7.503913,0.9449035,composite,2,,43,composite_f2_s43_in22k_v5conf,last
ISIC_0060081,BCN_0002004,BCN_0002004,40-59,bcn20000,1,True,1,0.0075986185,0.89123464,0.0048947833,0.05243058,0.004984862,0.0040868577,0.034769595,0.90381813,7.9969883,0.90381813,composite,2,,43,composite_f2_s43_in22k_v5conf,last
ISIC_0060093,BCN_0005091,BCN_0005091,60+,bcn20000,1,True,1,0.007571336,0.90264434,0.003665329,0.052091785,0.003216906,0.0025409267,0.02826936,0.9134326,8.628434,0.9134326,composite,2,,43,composite_f2_s43_in22k_v5conf,last
ISIC_0060118,BCN_0003724,BCN_0003724,60+,bcn20000,4,True,4,0.007073837,0.0038532477,0.0070575005,0.054474022,0.8851384,0.008871734,0.03353135,0.8960655,6.6131024,0.8960655,composite,2,,43,composite_f2_s43_in22k_v5conf,last
ISIC_0060156,BCN_0002048,BCN_0002048,<40,bcn20000,5,False,5,0.010458686,0.0076433183,0.006200258,0.06965346,0.012988504,0.850342,0.04271389,0.03109051,-5.5955715,0.03109051,composite,2,,43,composite_f2_s43_in22k_v5conf,last
ISIC_0060158,BCN_0002184,BCN_0002184,60+,bcn20000,5,False,5,0.014524121,0.0073899683,0.0070760073,0.06281327,0.006333737,0.86321104,0.038651846,0.028247826,-6.7692833,0.028247826,composite,2,,43,composite_f2_s43_in22k_v5conf,last
ISIC_0060164,BCN_0002123,BCN_0002123,40-59,bcn20000,5,False,5,0.01184122,0.0078062247,0.0076443697,0.07031891,0.0069365883,0.8511571,0.04429556,0.026584033,-7.348455,0.026584033,composite,2,,43,composite_f2_s43_in22k_v5conf,last
ISIC_0060194,BCN_0001189,BCN_0001189,40-59,bcn20000,4,True,4,0.009368715,0.007926526,0.0056192963,0.046947125,0.8899391,0.0030047263,0.037194468,0.9072344,9.28977,0.9072344,composite,2,,43,composite_f2_s43_in22k_v5conf,last
ISIC_0060209,BCN_0003305,BCN_0003305,60+,bcn20000,1,True,1,0.0112799145,0.8722226,0.008470466,0.05952734,0.005634506,0.004151135,0.03871389,0.889137,7.9154205,0.889137,composite,2,,43,composite_f2_s43_in22k_v5conf,last
ISIC_0060219,BCN_0002861,BCN_0002861,60+,bcn20000,4,True,3,0.428547,0.0023023277,0.03745415,0.42948157,0.04906576,0.016684826,0.036464363,0.47991508,0.96007544,0.47991508,composite,2,,43,composite_f2_s43_in22k_v5conf,last
ISIC_0060222,BCN_0004941,BCN_0004941,60+,bcn20000,4,True,4,0.009819728,0.25952703,0.0072769667,0.14024481,0.49592483,0.006056643,0.08115004,0.76527154,8.908606,0.76527154,composite,2,,43,composite_f2_s43_in22k_v5conf,last
ISIC_0060254,BCN_0003606,BCN_0003606,40-59,bcn20000,1,True,1,0.0074590985,0.89714795,0.004625302,0.050742157,0.0047307676,0.003019035,0.032275587,0.9093378,8.064981,0.9093378,composite,2,,43,composite_f2_s43_in22k_v5conf,last
ISIC_0060310,BCN_0001586,BCN_0001586,60+,bcn20000,1,True,1,0.0124544995,0.8785931,0.0073191514,0.053456094,0.005248853,0.0048410026,0.03808723,0.89629644,7.7526093,0.89629644,composite,2,,43,composite_f2_s43_in22k_v5conf,last
ISIC_0060314,BCN_0001459,BCN_0001459,40-59,bcn20000,1,True,1,0.06293384,0.3971148,0.009330043,0.16086423,0.07359794,0.20663373,0.08952538,0.5336466,3.4824433,0.5336466,composite,2,,43,composite_f2_s43_in22k_v5conf,last
ISIC_0060329,BCN_0003708,BCN_0003708,40-59,bcn20000,5,False,4,0.010824712,0.007599964,0.005360737,0.06861129,0.6267289,0.23208459,0.048789784,0.6451536,1.7528472,0.6451536,composite,2,,43,composite_f2_s43_in22k_v5conf,last
ISIC_0060341,BCN_0004941,BCN_0004941,60+,bcn20000,4,True,4,0.08510868,0.018880287,0.009300546,0.110394135,0.7056338,0.002878972,0.06780357,0.80962276,10.165277,0.80962276,composite,2,,43,composite_f2_s43_in22k_v5conf,last
ISIC_0060342,BCN_0005531,BCN_0005531,<40,bcn20000,4,True,4,0.007955281,0.0037156758,0.0045868387,0.05428394,0.8860288,0.007695591,0.03573387,0.8976998,6.536658,0.8976998,composite,2,,43,composite_f2_s43_in22k_v5conf,last
ISIC_0060358,BCN_0005100,BCN_0005100,40-59,bcn20000,5,False,5,0.010285218,0.0054715513,0.0077841887,0.06210558,0.0041051763,0.8727041,0.03754425,0.019861946,-7.968726,0.019861946,composite,2,,43,composite_f2_s43_in22k_v5conf,last
ISIC_0060392,BCN_0005083,BCN_0005083,60+,bcn20000,1,True,1,0.0026713344,0.9189586,0.0022989647,0.03308984,0.009985409,0.001437556,0.03155825,0.93161535,8.5590925,0.93161535,composite,2,,43,composite_f2_s43_in22k_v5conf,last
ISIC_0060457,BCN_0000756,BCN_0000756,<40,bcn20000,5,False,5,0.009097501,0.0059273364,0.007018736,0.06663422,0.0048589874,0.86724806,0.03921519,0.019883825,-7.759288,0.019883825,composite,2,,43,composite_f2_s43_in22k_v5conf,last
ISIC_0060468,BCN_0005312,BCN_0005312,<40,bcn20000,5,False,5,0.022055794,0.13818593,0.017125204,0.29922673,0.06848291,0.38219988,0.07272348,0.22872463,-1.3548229,0.22872463,composite,2,,43,composite_f2_s43_in22k_v5conf,last
ISIC_0060478,BCN_0003290,BCN_0003290,60+,bcn20000,0,True,0,0.950955,0.0028725623,0.0025068559,0.025574122,0.0020238091,0.00082991354,0.015237728,0.9558514,7.411517,0.9558514,composite,2,,43,composite_f2_s43_in22k_v5conf,last
ISIC_0060512,BCN_0004025,BCN_0004025,60+,bcn20000,1,True,1,0.028887406,0.7966138,0.03348002,0.06952441,0.00206368,0.022599408,0.046831273,0.8275649,2.5174387,0.8275649,composite,2,,43,composite_f2_s43_in22k_v5conf,last
ISIC_0060520,BCN_0003651,BCN_0003651,40-59,bcn20000,5,False,5,0.012706598,0.0064606676,0.005772937,0.06486608,0.0050024805,0.85970837,0.045482896,0.024169747,-7.517934,0.024169747,composite,2,,43,composite_f2_s43_in22k_v5conf,last
ISIC_0060535,BCN_0000898,BCN_0000898,40-59,bcn20000,5,False,5,0.012294504,0.0072143683,0.0068595274,0.06872365,0.0052302945,0.85599655,0.043681152,0.024739167,-7.592233,0.024739167,composite,2,,43,composite_f2_s43_in22k_v5conf,last
ISIC_0060543,BCN_0003587,BCN_0003587,40-59,bcn20000,5,False,5,0.009673948,0.010402999,0.008882793,0.059848823,0.0045709354,0.8602317,0.046388738,0.024647882,-7.5730643,0.024647882,composite,2,,43,composite_f2_s43_in22k_v5conf,last
ISIC_0060552,BCN_0001686,BCN_0001686,40-59,bcn20000,5,False,5,0.010721201,0.0071169813,0.007892142,0.06383247,0.0031430623,0.8634352,0.043858934,0.020981245,-8.7219,0.020981245,composite,2,,43,composite_f2_s43_in22k_v5conf,last
ISIC_0060556,BCN_0003724,BCN_0003724,60+,bcn20000,4,True,4,0.011236384,0.005384699,0.006102446,0.058049254,0.8798621,0.004039006,0.035326164,0.8964832,8.499091,0.8964832,composite,2,,43,composite_f2_s43_in22k_v5conf,last
ISIC_0060565,BCN_0002645,BCN_0002645,40-59,bcn20000,2,False,0,0.8454645,0.0025129546,0.032987088,0.042964485,0.010859059,0.0030243814,0.06218746,0.85883653,3.1151829,0.85883653,composite,2,,43,composite_f2_s43_in22k_v5conf,last
ISIC_0060580,BCN_0004698,BCN_0004698,60+,bcn20000,0,True,0,0.8640952,0.0014457841,0.03303311,0.05920751,0.0051228325,0.0028135744,0.03428201,0.8706638,3.7322867,0.8706638,composite,2,,43,composite_f2_s43_in22k_v5conf,last
ISIC_0060585,BCN_0003148,BCN_0003148,60+,bcn20000,4,True,4,0.0068777427,0.0052332464,0.0046523716,0.052355908,0.8906439,0.004319344,0.0359174,0.9027549,7.8987,0.9027549,composite,2,,43,composite_f2_s43_in22k_v5conf,last
ISIC_0060590,BCN_0000458,BCN_0000458,60+,bcn20000,1,True,2,0.013335874,0.0108179655,0.48150203,0.19194166,0.15569457,0.0032543489,0.14345355,0.17984842,-0.54663736,0.17984842,composite,2,,43,composite_f2_s43_in22k_v5conf,last
ISIC_0060612,BCN_0004762,BCN_0004762,40-59,bcn20000,5,False,5,0.009757373,0.007156583,0.006587049,0.06816517,0.007972838,0.85656565,0.043795284,0.024886794,-7.1858587,0.024886794,composite,2,,43,composite_f2_s43_in22k_v5conf,last
ISIC_0060622,BCN_0002349,BCN_0002349,60+,bcn20000,1,True,1,0.0060104546,0.8987273,0.0057385676,0.051954877,0.004571231,0.0039157188,0.029081939,0.909309,7.965934,0.909309,composite,2,,43,composite_f2_s43_in22k_v5conf,last
ISIC_0060625,BCN_0002591,BCN_0002591,60+,bcn20000,1,True,1,0.0059379097,0.89094824,0.0066115693,0.056667145,0.009571527,0.0026176062,0.02764606,0.9064577,8.198447,0.9064577,composite,2,,43,composite_f2_s43_in22k_v5conf,last
ISIC_0060637,BCN_0000458,BCN_0000458,60+,bcn20000,1,True,1,0.008341045,0.6049749,0.011867181,0.17284636,0.12530208,0.004044968,0.072623454,0.7386181,9.375428,0.7386181,composite,2,,43,composite_f2_s43_in22k_v5conf,last
ISIC_0060649,BCN_0001713,BCN_0001713,<40,bcn20000,5,False,4,0.32023618,0.004853939,0.011528756,0.12851852,0.45470288,0.01778349,0.06237628,0.779793,3.5621393,0.779793,composite,2,,43,composite_f2_s43_in22k_v5conf,last
ISIC_0060662,BCN_0002298,BCN_0002298,60+,bcn20000,1,True,1,0.009180965,0.9061461,0.0045549786,0.044587664,0.0053712367,0.007192281,0.022966757,0.9206983,6.815485,0.9206983,composite,2,,43,composite_f2_s43_in22k_v5conf,last
ISIC_0060670,BCN_0003189,BCN_0003189,60+,bcn20000,0,True,1,0.008464364,0.90913624,0.0048088003,0.04124026,0.0031976593,0.0027173196,0.030435435,0.92079824,7.8194427,0.92079824,composite,2,,43,composite_f2_s43_in22k_v5conf,last
ISIC_0060671,BCN_0001991,BCN_0001991,60+,bcn20000,4,True,4,0.008724614,0.00532796,0.0060092118,0.05580978,0.88393486,0.0033437114,0.036849912,0.8979874,7.952463,0.8979874,composite,2,,43,composite_f2_s43_in22k_v5conf,last
ISIC_0060700,BCN_0000880,BCN_0000880,40-59,bcn20000,4,True,2,0.00463682,0.005284296,0.6935757,0.08905894,0.096425034,0.044822708,0.06619648,0.10634615,-4.2969117,0.10634615,composite,2,,43,composite_f2_s43_in22k_v5conf,last
ISIC_0060706,BCN_0002617,BCN_0002617,60+,bcn20000,0,True,4,0.05529138,0.0059572016,0.0060255327,0.12917262,0.41409957,0.30734774,0.08210597,0.47534814,1.9632432,0.47534814,composite,2,,43,composite_f2_s43_in22k_v5conf,last
ISIC_0060719,BCN_0000259,BCN_0000259,<40,bcn20000,5,False,5,0.01243521,0.0072573037,0.0070210844,0.07005,0.005465023,0.85067016,0.047101285,0.025157537,-7.7040825,0.025157537,composite,2,,43,composite_f2_s43_in22k_v5conf,last
ISIC_0060732,BCN_0004824,BCN_0004824,40-59,bcn20000,5,False,4,0.009357353,0.0064566038,0.0060526505,0.05608319,0.881706,0.0053987936,0.034945447,0.89751995,7.8197446,0.89751995,composite,2,,43,composite_f2_s43_in22k_v5conf,last
ISIC_0060768,BCN_0004460,BCN_0004460,<40,bcn20000,5,False,0,0.90288395,0.0007972806,0.0099800415,0.050415102,0.005389045,0.010462525,0.020072019,0.90907025,2.1269429,0.90907025,composite,2,,43,composite_f2_s43_in22k_v5conf,last
ISIC_0060808,BCN_0001707,BCN_0001707,60+,bcn20000,2,False,2,0.005336976,0.004318099,0.92145324,0.037474003,0.0040226313,0.0031671813,0.024227817,0.013677707,-7.376974,0.013677707,composite,2,,43,composite_f2_s43_in22k_v5conf,last
ISIC_0060871,BCN_0001225,BCN_0001225,60+,bcn20000,1,True,1,0.020614363,0.7672328,0.003806167,0.086713865,0.0600709,0.00671995,0.054841932,0.84791803,9.721875,0.84791803,composite,2,,43,composite_f2_s43_in22k_v5conf,last
ISIC_0060873,BCN_0001189,BCN_0001189,40-59,bcn20000,4,True,4,0.007903076,0.008164152,0.005622339,0.053181577,0.87903994,0.0032905703,0.04279835,0.89510715,8.455472,0.89510715,composite,2,,43,composite_f2_s43_in22k_v5conf,last
ISIC_0060874,BCN_0005192,BCN_0005192,60+,bcn20000,1,True,1,0.006115843,0.8981656,0.005241302,0.050885115,0.0037303374,0.0037378713,0.03212396,0.9080118,8.131124,0.9080118,composite,2,,43,composite_f2_s43_in22k_v5conf,last
ISIC_0060887,BCN_0004789,BCN_0004789,<40,bcn20000,5,False,5,0.009851336,0.007419238,0.008039766,0.07029731,0.004934076,0.8568822,0.042575978,0.022204649,-7.5456295,0.022204649,composite,2,,43,composite_f2_s43_in22k_v5conf,last
ISIC_0060890,BCN_0001919,BCN_0001919,40-59,bcn20000,3,False,0,0.52609605,0.17666772,0.035468582,0.22602749,0.0014556019,0.0035191202,0.03076541,0.7042194,3.841731,0.7042194,composite,2,,43,composite_f2_s43_in22k_v5conf,last
ISIC_0060923,BCN_0000583,BCN_0000583,unknown,bcn20000,2,False,0,0.5196227,0.10273538,0.14820611,0.14203827,0.0075666173,0.019853387,0.059977528,0.6299247,3.785917,0.6299247,composite,2,,43,composite_f2_s43_in22k_v5conf,last
ISIC_0060946,BCN_0002598,BCN_0002598,60+,bcn20000,4,True,4,0.00682968,0.019693736,0.0070727444,0.07042056,0.8581309,0.0043829787,0.03346936,0.8846543,8.422607,0.8846543,composite,2,,43,composite_f2_s43_in22k_v5conf,last
ISIC_0060959,BCN_0002712,BCN_0002712,<40,bcn20000,5,False,5,0.011264629,0.0063656652,0.008314037,0.066166006,0.0052432767,0.85795194,0.04469444,0.022873571,-7.7911353,0.022873571,composite,2,,43,composite_f2_s43_in22k_v5conf,last
ISIC_0060982,BCN_0003637,BCN_0003637,unknown,bcn20000,5,False,5,0.011637989,0.0063286205,0.009510089,0.061495136,0.01035271,0.8592289,0.041446567,0.02831932,-6.95692,0.02831932,composite,2,,43,composite_f2_s43_in22k_v5conf,last
ISIC_0060997,BCN_0002049,BCN_0002049,unknown,bcn20000,5,False,5,0.009102592,0.00591113,0.0061843987,0.06605111,0.006948444,0.8647792,0.041023064,0.021962166,-7.32209,0.021962166,composite,2,,43,composite_f2_s43_in22k_v5conf,last
ISIC_0061005,BCN_0000676,BCN_0000676,40-59,bcn20000,5,False,5,0.008096445,0.013464599,0.006762459,0.07129645,0.013036666,0.83666813,0.05067526,0.03459771,-5.1875706,0.03459771,composite,2,,43,composite_f2_s43_in22k_v5conf,last
ISIC_0061020,BCN_0003057,BCN_0003057,60+,bcn20000,1,True,0,0.4750582,0.23033194,0.044076845,0.13229343,0.009974205,0.0054307054,0.10283461,0.71536434,6.7891335,0.71536434,composite,2,,43,composite_f2_s43_in22k_v5conf,last
ISIC_0061068,BCN_0000387,BCN_0000387,60+,bcn20000,0,True,1,0.009361816,0.9000969,0.0065945727,0.04576596,0.004147033,0.0030869578,0.030946814,0.91360575,7.798052,0.91360575,composite,2,,43,composite_f2_s43_in22k_v5conf,last
ISIC_0061070,BCN_0002861,BCN_0002861,60+,bcn20000,4,True,4,0.24862863,0.0019716267,0.007470349,0.10510985,0.5752195,0.006599888,0.05500016,0.82581973,7.768349,0.82581973,composite,2,,43,composite_f2_s43_in22k_v5conf,last
ISIC_0061077,BCN_0004126,BCN_0004126,60+,bcn20000,4,True,4,0.010623986,0.006249856,0.0068682167,0.055253666,0.87861043,0.0073984717,0.0349954,0.89548427,6.7708898,0.89548427,composite,2,,43,composite_f2_s43_in22k_v5conf,last
ISIC_0061087,BCN_0003662,BCN_0003662,40-59,bcn20000,5,False,5,0.011419163,0.0062873294,0.0077004367,0.069011964,0.00528578,0.8560976,0.044197798,0.022992272,-7.6005187,0.022992272,composite,2,,43,composite_f2_s43_in22k_v5conf,last
ISIC_0061124,BCN_0004680,BCN_0004680,60+,bcn20000,1,True,1,0.005669702,0.90475005,0.007406906,0.044885624,0.003551814,0.0024081299,0.031327758,0.9139716,7.6784105,0.9139716,composite,2,,43,composite_f2_s43_in22k_v5conf,last
ISIC_0061125,BCN_0005715,BCN_0005715,60+,bcn20000,4,True,4,0.005574226,0.0064139585,0.009999753,0.057917695,0.8843526,0.004298767,0.031443015,0.8963408,7.686577,0.8963408,composite,2,,43,composite_f2_s43_in22k_v5conf,last
ISIC_0061137,BCN_0003362,BCN_0003362,60+,bcn20000,5,False,5,0.0013506606,0.013906735,0.0035678886,0.061129343,0.010503213,0.88380075,0.02574141,0.02576061,-5.645805,0.02576061,composite,2,,43,composite_f2_s43_in22k_v5conf,last
ISIC_0061177,BCN_0004680,BCN_0004680,60+,bcn20000,1,True,1,0.0057874164,0.8910084,0.005799688,0.056547657,0.003908536,0.0038143075,0.033133965,0.9007043,7.736252,0.9007043,composite,2,,43,composite_f2_s43_in22k_v5conf,last
ISIC_0061182,BCN_0000604,BCN_0000604,40-59,bcn20000,5,False,5,0.0067619183,0.0043016244,0.34100294,0.10746082,0.0074394085,0.4479716,0.085061714,0.01850295,-10.144658,0.01850295,composite,2,,43,composite_f2_s43_in22k_v5conf,last
ISIC_0061188,BCN_0001189,BCN_0001189,40-59,bcn20000,4,True,5,0.0111837825,0.0077486304,0.005315301,0.0663002,0.011289749,0.8555671,0.0425952,0.030222163,-6.2809424,0.030222163,composite,2,,43,composite_f2_s43_in22k_v5conf,last
ISIC_0061195,BCN_0000846,BCN_0000846,60+,bcn20000,4,True,4,0.25333732,0.0070643974,0.018680533,0.22836587,0.27508968,0.110140495,0.10732169,0.5354914,2.0115767,0.5354914,composite,2,,43,composite_f2_s43_in22k_v5conf,last
ISIC_0061206,BCN_0003875,BCN_0003875,60+,bcn20000,1,True,1,0.041909352,0.83565515,0.0033215347,0.07282431,0.0067427717,0.005179495,0.034367364,0.88430727,8.8994055,0.88430727,composite,2,,43,composite_f2_s43_in22k_v5conf,last
ISIC_0061226,BCN_0000656,BCN_0000656,<40,bcn20000,2,False,5,0.01013611,0.007530058,0.01234702,0.06427401,0.0057274615,0.8585313,0.041454062,0.023393631,-7.322757,0.023393631,composite,2,,43,composite_f2_s43_in22k_v5conf,last
ISIC_0061234,BCN_0000031,BCN_0000031,40-59,bcn20000,1,True,0,0.6877139,0.058752757,0.0012987634,0.0607018,0.0069057215,0.004541865,0.18008511,0.75337243,7.084141,0.75337243,composite,2,,43,composite_f2_s43_in22k_v5conf,last
ISIC_0061239,BCN_0003222,BCN_0003222,60+,bcn20000,1,True,4,0.01202572,0.3461509,0.013130614,0.120195195,0.43315142,0.006129667,0.069216445,0.7913281,10.035132,0.7913281,composite,2,,43,composite_f2_s43_in22k_v5conf,last
ISIC_0061243,BCN_0003187,BCN_0003187,60+,bcn20000,0,True,0,0.89384174,0.013831409,0.0027121613,0.046024203,0.013397061,0.0009048615,0.029288583,0.9210702,9.918343,0.9210702,composite,2,,43,composite_f2_s43_in22k_v5conf,last
ISIC_0061270,BCN_0003115,BCN_0003115,60+,bcn20000,1,True,1,0.0068997354,0.89825976,0.0055533596,0.047286358,0.0039837267,0.0035160389,0.034501057,0.9091432,7.868967,0.9091432,composite,2,,43,composite_f2_s43_in22k_v5conf,last
ISIC_0061291,BCN_0005446,BCN_0005446,60+,bcn20000,5,False,4,0.0019390023,0.030762972,0.10143981,0.10621226,0.5072216,0.20717733,0.045247052,0.53992355,-0.50061435,0.53992355,composite,2,,43,composite_f2_s43_in22k_v5conf,last
ISIC_0061313,BCN_0002183,BCN_0002183,40-59,bcn20000,1,True,1,0.21471134,0.6105023,0.010390224,0.10237196,0.0030992287,0.0051278705,0.053797107,0.8283129,8.26902,0.8283129,composite,2,,43,composite_f2_s43_in22k_v5conf,last
ISIC_0061329,BCN_0000396,BCN_0000396,<40,bcn20000,5,False,5,0.010137993,0.0066689625,0.0073597124,0.0701563,0.0058262637,0.8579123,0.041938517,0.022633221,-7.806431,0.022633221,composite,2,,43,composite_f2_s43_in22k_v5conf,last
ISIC_0061336,BCN_0001991,BCN_0001991,60+,bcn20000,4,True,4,0.012959195,0.0053345053,0.0067354375,0.055818163,0.8784902,0.0025882276,0.038074303,0.8967839,8.260276,0.8967839,composite,2,,43,composite_f2_s43_in22k_v5conf,last
ISIC_0061345,BCN_0000723,BCN_0000723,40-59,bcn20000,4,True,2,0.0074922103,0.0041361065,0.8626871,0.07103304,0.006262902,0.008575141,0.039813533,0.017891219,-8.12411,0.017891219,composite,2,,43,composite_f2_s43_in22k_v5conf,last
ISIC_0061405,BCN_0004111,BCN_0004111,60+,bcn20000,2,False,0,0.59478354,0.0022084548,0.31649464,0.042560387,0.0052526216,0.0066748904,0.032025464,0.6022446,0.1450774,0.6022446,composite,2,,43,composite_f2_s43_in22k_v5conf,last
ISIC_0061409,BCN_0004418,BCN_0004418,40-59,bcn20000,5,False,5,0.0074974466,0.004340694,0.053885397,0.091162115,0.005875199,0.7915734,0.045665734,0.017713338,-8.334087,0.017713338,composite,2,,43,composite_f2_s43_in22k_v5conf,last
ISIC_0061450,BCN_0005192,BCN_0005192,60+,bcn20000,1,True,1,0.005487613,0.90202814,0.0051658493,0.043906752,0.0050387164,0.0037090715,0.03466399,0.9125545,7.92311,0.9125545,composite,2,,43,composite_f2_s43_in22k_v5conf,last
ISIC_0061481,BCN_0005627,BCN_0005627,60+,bcn20000,1,True,1,0.0075581227,0.9036228,0.0048795417,0.04544831,0.004749059,0.0044609285,0.029281244,0.91593,7.7457094,0.91593,composite,2,,43,composite_f2_s43_in22k_v5conf,last
ISIC_0061484,BCN_0001459,BCN_0001459,40-59,bcn20000,1,True,1,0.01689365,0.89124584,0.0042401585,0.04851996,0.0038241416,0.0028483658,0.03242792,0.9119636,8.29339,0.9119636,composite,2,,43,composite_f2_s43_in22k_v5conf,last
ISIC_0061491,BCN_0002268,BCN_0002268,60+,bcn20000,4,True,4,0.023543194,0.00992019,0.006082544,0.07538672,0.8321396,0.002627491,0.05030014,0.86560297,9.470276,0.86560297,composite,2,,43,composite_f2_s43_in22k_v5conf,last
ISIC_0061501,BCN_0005446,BCN_0005446,60+,bcn20000,5,False,5,0.010577434,0.009710879,0.0109620085,0.090556584,0.01807638,0.8065142,0.053602498,0.038364694,-5.8466306,0.038364694,composite,2,,43,composite_f2_s43_in22k_v5conf,last
ISIC_0061502,BCN_0004508,BCN_0004508,40-59,bcn20000,4,True,5,0.016375272,0.0054190056,0.0067770495,0.0620157,0.005722454,0.85431457,0.0493759,0.027516732,-7.1700997,0.027516732,composite,2,,43,composite_f2_s43_in22k_v5conf,last
ISIC_0061520,BCN_0004748,BCN_0004748,60+,bcn20000,4,True,1,0.010908843,0.8204672,0.008586392,0.08598752,0.012078059,0.0045271236,0.057444945,0.84345406,6.9978123,0.84345406,composite,2,,43,composite_f2_s43_in22k_v5conf,last
ISIC_0061525,BCN_0005100,BCN_0005100,40-59,bcn20000,5,False,5,0.010377953,0.0071137366,0.006936622,0.069088995,0.0062745973,0.8563184,0.043889742,0.023766287,-7.5087004,0.023766287,composite,2,,43,composite_f2_s43_in22k_v5conf,last
ISIC_0061530,BCN_0003658,BCN_0003658,40-59,bcn20000,5,False,5,0.013732096,0.010851991,0.0068680295,0.071167804,0.016987098,0.8322399,0.048153054,0.041571185,-5.160516,0.041571185,composite,2,,43,composite_f2_s43_in22k_v5conf,last
ISIC_0061535,BCN_0005446,BCN_0005446,60+,bcn20000,5,False,5,0.011876575,0.0070476383,0.012464314,0.07952874,0.010642109,0.8278244,0.050616197,0.029566323,-6.6691017,0.029566323,composite,2,,43,composite_f2_s43_in22k_v5conf,last
ISIC_0061551,BCN_0005227,BCN_0005227,40-59,bcn20000,5,False,5,0.011540155,0.007063248,0.0062581496,0.06761523,0.007182103,0.86054623,0.03979476,0.025785506,-6.802285,0.025785506,composite,2,,43,composite_f2_s43_in22k_v5conf,last
ISIC_0061554,BCN_0003724,BCN_0003724,60+,bcn20000,4,True,4,0.010299081,0.0062914016,0.006888629,0.06846761,0.86403674,0.0060070795,0.038009405,0.8806272,7.701559,0.8806272,composite,2,,43,composite_f2_s43_in22k_v5conf,last
ISIC_0061595,BCN_0005603,BCN_0005603,40-59,bcn20000,4,True,4,0.005769655,0.0091606965,0.08287145,0.08529562,0.7658612,0.001321958,0.049719375,0.7807916,5.06347,0.7807916,composite,2,,43,composite_f2_s43_in22k_v5conf,last
ISIC_0061599,BCN_0001040,BCN_0001040,60+,bcn20000,0,True,0,0.9362157,0.0023226326,0.00380653,0.029215435,0.003493385,0.0019287218,0.023017587,0.9420317,6.82135,0.9420317,composite,2,,43,composite_f2_s43_in22k_v5conf,last
ISIC_0061600,BCN_0000252,BCN_0000252,60+,bcn20000,1,True,1,0.010263801,0.8408951,0.0069189663,0.07412032,0.011209502,0.004546861,0.05204545,0.8623684,8.274081,0.8623684,composite,2,,43,composite_f2_s43_in22k_v5conf,last
ISIC_0061603,BCN_0005192,BCN_0005192,60+,bcn20000,1,True,1,0.0060051195,0.8935469,0.0058402643,0.053767726,0.005632955,0.003942075,0.031264976,0.9051849,8.046731,0.9051849,composite,2,,43,composite_f2_s43_in22k_v5conf,last
ISIC_0061615,BCN_0001894,BCN_0001894,60+,bcn20000,1,True,1,0.0028123271,0.7773443,0.00579102,0.0645122,0.09085787,0.003192713,0.055489622,0.8710145,9.417466,0.8710145,composite,2,,43,composite_f2_s43_in22k_v5conf,last
ISIC_0061632,BCN_0005658,BCN_0005658,40-59,bcn20000,5,False,5,0.014114129,0.01593506,0.008626203,0.082387194,0.007439351,0.8240142,0.04748379,0.037488542,-6.206914,0.037488542,composite,2,,43,composite_f2_s43_in22k_v5conf,last
ISIC_0061646,BCN_0000537,BCN_0000537,60+,bcn20000,2,False,4,0.008868935,0.005504247,0.007133732,0.058911808,0.8790999,0.0025661727,0.037915226,0.8934731,8.25479,0.8934731,composite,2,,43,composite_f2_s43_in22k_v5conf,last
ISIC_0061649,BCN_0001671,BCN_0001671,60+,bcn20000,5,False,5,0.009280802,0.0067015425,0.00637419,0.062929906,0.005362423,0.85754395,0.051807247,0.021344768,-7.713785,0.021344768,composite,2,,43,composite_f2_s43_in22k_v5conf,last
ISIC_0061675,BCN_0002665,BCN_0002665,40-59,bcn20000,5,False,5,0.006822165,0.006401009,0.01676273,0.07518958,0.007602003,0.85006154,0.03716088,0.020825177,-7.165411,0.020825177,composite,2,,43,composite_f2_s43_in22k_v5conf,last
ISIC_0061680,BCN_0001991,BCN_0001991,60+,bcn20000,4,True,4,0.009145139,0.005038372,0.0065227468,0.052818257,0.8878003,0.0032127572,0.03546246,0.9019838,8.087546,0.9019838,composite,2,,43,composite_f2_s43_in22k_v5conf,last
ISIC_0061687,BCN_0002759,BCN_0002759,60+,bcn20000,0,True,0,0.93544096,0.0014406089,0.0018563365,0.028959382,0.0052467003,0.0022391377,0.024816882,0.94212824,7.522938,0.94212824,composite,2,,43,composite_f2_s43_in22k_v5conf,last
ISIC_0061690,BCN_0005665,BCN_0005665,60+,bcn20000,0,True,1,0.009755383,0.8842169,0.0059442935,0.052783016,0.006097344,0.0046387347,0.036564313,0.9000696,7.9135857,0.9000696,composite,2,,43,composite_f2_s43_in22k_v5conf,last
ISIC_0061699,BCN_0000723,BCN_0000723,40-59,bcn20000,4,True,4,0.008055552,0.009360749,0.022349248,0.1401106,0.65986204,0.094689734,0.06557206,0.67727834,2.305527,0.67727834,composite,2,,43,composite_f2_s43_in22k_v5conf,last
ISIC_0061702,BCN_0001898,BCN_0001898,<40,bcn20000,5,False,5,0.011818324,0.008022144,0.007618849,0.07374177,0.006261903,0.8469979,0.045539055,0.026102372,-7.1826487,0.026102372,composite,2,,43,composite_f2_s43_in22k_v5conf,last
ISIC_0061719,BCN_0001117,BCN_0001117,60+,bcn20000,1,True,1,0.008374944,0.8957742,0.012273276,0.049679954,0.0032051427,0.005013763,0.025678799,0.90735424,6.2528906,0.90735424,composite,2,,43,composite_f2_s43_in22k_v5conf,last
ISIC_0061730,BCN_0005598,BCN_0005598,60+,bcn20000,0,True,1,0.007646736,0.6852151,0.0099673625,0.123567745,0.09957902,0.0077841296,0.06623992,0.7924409,9.044274,0.7924409,composite,2,,43,composite_f2_s43_in22k_v5conf,last
ISIC_0061747,BCN_0000480,BCN_0000480,40-59,bcn20000,2,False,5,0.0126151275,0.0056519182,0.009409556,0.07389946,0.008387999,0.85379356,0.036242343,0.026655044,-6.377767,0.026655044,composite,2,,43,composite_f2_s43_in22k_v5conf,last
ISIC_0061767,BCN_0002203,BCN_0002203,60+,bcn20000,0,True,0,0.9107377,0.020253807,0.0034530435,0.039906867,0.0028954195,0.0025765132,0.02017666,0.93388695,8.272775,0.93388695,composite,2,,43,composite_f2_s43_in22k_v5conf,last
ISIC_0061787,BCN_0000387,BCN_0000387,60+,bcn20000,0,True,1,0.011406927,0.9035437,0.0064360597,0.042431742,0.0031082456,0.0022969288,0.030776452,0.9180589,7.5631742,0.9180589,composite,2,,43,composite_f2_s43_in22k_v5conf,last
ISIC_0061797,BCN_0005227,BCN_0005227,40-59,bcn20000,5,False,5,0.015051358,0.008126017,0.0068400647,0.07324772,0.012093916,0.84004796,0.044592958,0.03527129,-5.7666125,0.03527129,composite,2,,43,composite_f2_s43_in22k_v5conf,last
ISIC_0061798,BCN_0003408,BCN_0003408,60+,bcn20000,4,True,2,0.005291078,0.0019076013,0.86538804,0.057981007,0.039572835,0.0029028002,0.026956614,0.046771515,-3.4480004,0.046771515,composite,2,,43,composite_f2_s43_in22k_v5conf,last
ISIC_0061803,BCN_0002158,BCN_0002158,40-59,bcn20000,5,False,5,0.011611662,0.008218586,0.0064787474,0.07517776,0.0071500847,0.8467667,0.044596307,0.026980333,-7.2232122,0.026980333,composite,2,,43,composite_f2_s43_in22k_v5conf,last
ISIC_0061814,BCN_0001248,BCN_0001248,40-59,bcn20000,0,True,2,0.03637566,0.009912772,0.8722396,0.043473367,0.0015932324,0.001461938,0.034943365,0.047881663,-4.585289,0.047881663,composite,2,,43,composite_f2_s43_in22k_v5conf,last
ISIC_0061819,BCN_0000466,BCN_0000466,40-59,bcn20000,1,True,1,0.005517115,0.9130577,0.00460118,0.039665133,0.0040366906,0.0037551767,0.029366955,0.9226115,7.639866,0.9226115,composite,2,,43,composite_f2_s43_in22k_v5conf,last
ISIC_0061839,BCN_0005574,BCN_0005574,<40,bcn20000,5,False,2,0.0035167786,0.0022327863,0.9348181,0.035980333,0.0029763398,0.0053975745,0.015078101,0.008725904,-8.194764,0.008725904,composite,2,,43,composite_f2_s43_in22k_v5conf,last
ISIC_0061894,BCN_0000723,BCN_0000723,40-59,bcn20000,4,True,1,0.013723122,0.87310123,0.009483548,0.052326106,0.002976436,0.0034922364,0.044897318,0.8898008,6.579952,0.8898008,composite,2,,43,composite_f2_s43_in22k_v5conf,last
ISIC_0061944,BCN_0001991,BCN_0001991,60+,bcn20000,4,True,0,0.3790924,0.04679981,0.013201033,0.15745384,0.32551336,0.002106583,0.075833,0.7514056,10.050073,0.7514056,composite,2,,43,composite_f2_s43_in22k_v5conf,last
ISIC_0061946,BCN_0003536,BCN_0003536,60+,bcn20000,1,True,1,0.031171355,0.75186723,0.00924495,0.09715362,0.0152904615,0.018782726,0.07648968,0.79832906,7.247205,0.79832906,composite,2,,43,composite_f2_s43_in22k_v5conf,last
ISIC_0061947,BCN_0001214,BCN_0001214,60+,bcn20000,0,True,1,0.0062812995,0.8996933,0.005793056,0.04858968,0.0037596757,0.005684062,0.030198956,0.9097343,7.0070405,0.9097343,composite,2,,43,composite_f2_s43_in22k_v5conf,last
ISIC_0061966,BCN_0003651,BCN_0003651,40-59,bcn20000,5,False,5,0.012838714,0.006112707,0.005341033,0.0651531,0.0066205054,0.86350393,0.040430006,0.025571926,-6.9173064,0.025571926,composite,2,,43,composite_f2_s43_in22k_v5conf,last
ISIC_0061970,BCN_0000541,BCN_0000541,<40,bcn20000,5,False,5,0.011982162,0.0059648133,0.0033780579,0.065901905,0.007236523,0.85515213,0.050384376,0.025183499,-6.6722307,0.025183499,composite,2,,43,composite_f2_s43_in22k_v5conf,last
ISIC_0061978,BCN_0004505,BCN_0004505,60+,bcn20000,2,False,4,0.018015428,0.006166945,0.009342395,0.056242917,0.8647554,0.003618797,0.04185807,0.8889378,8.378451,0.8889378,composite,2,,43,composite_f2_s43_in22k_v5conf,last
ISIC_0062008,BCN_0003651,BCN_0003651,40-59,bcn20000,5,False,5,0.021923315,0.007556642,0.004401844,0.08448481,0.04348422,0.78658897,0.051560245,0.07296418,-3.386805,0.07296418,composite,2,,43,composite_f2_s43_in22k_v5conf,last
ISIC_0062016,BCN_0002631,BCN_0002631,60+,bcn20000,4,True,4,0.0054888916,0.0026683165,0.0044440255,0.04770115,0.90987164,0.0042684716,0.025557537,0.91802883,7.1835656,0.91802883,composite,2,,43,composite_f2_s43_in22k_v5conf,last
ISIC_0062020,BCN_0001713,BCN_0001713,<40,bcn20000,5,False,5,0.009822347,0.006004841,0.00696427,0.061952226,0.012745808,0.87241375,0.030096853,0.028572995,-6.3808475,0.028572995,composite,2,,43,composite_f2_s43_in22k_v5conf,last
ISIC_0062034,BCN_0003072,BCN_0003072,40-59,bcn20000,5,False,5,0.03574755,0.009705452,0.033343866,0.1245468,0.03961394,0.6751687,0.08187363,0.085066944,-4.6001234,0.085066944,composite,2,,43,composite_f2_s43_in22k_v5conf,last
ISIC_0062058,BCN_0003083,BCN_0003083,60+,bcn20000,4,True,4,0.0058127106,0.004380684,0.006482299,0.06454033,0.87453985,0.004603647,0.03964052,0.88473326,7.0148573,0.88473326,composite,2,,43,composite_f2_s43_in22k_v5conf,last
ISIC_0062091,BCN_0001901,BCN_0001901,40-59,bcn20000,5,False,5,0.009149904,0.0053723273,0.007914018,0.06793056,0.0033478595,0.8611696,0.04511567,0.01787009,-8.722252,0.01787009,composite,2,,43,composite_f2_s43_in22k_v5conf,last
ISIC_0062098,BCN_0003258,BCN_0003258,40-59,bcn20000,4,True,4,0.009545482,0.009053509,0.0054781954,0.052702405,0.88227665,0.0050767907,0.035866924,0.9008756,7.888205,0.9008756,composite,2,,43,composite_f2_s43_in22k_v5conf,last
ISIC_0062099,BCN_0000229,BCN_0000229,40-59,bcn20000,4,True,4,0.008255784,0.004582581,0.0038030064,0.056482814,0.8784019,0.005973488,0.042500433,0.89124024,7.438092,0.89124024,composite,2,,43,composite_f2_s43_in22k_v5conf,last
ISIC_0062105,BCN_0001360,BCN_0001360,40-59,bcn20000,1,True,1,0.0052112513,0.9028286,0.005602457,0.046359755,0.0036255,0.0040948507,0.032277722,0.9116653,7.186043,0.9116653,composite,2,,43,composite_f2_s43_in22k_v5conf,last
ISIC_0062146,BCN_0002547,BCN_0002547,40-59,bcn20000,2,False,2,0.18444747,0.023507625,0.29485843,0.19355589,0.076240554,0.14431697,0.08307305,0.28419566,-2.3021734,0.28419566,composite,2,,43,composite_f2_s43_in22k_v5conf,last
ISIC_0062147,BCN_0005615,BCN_0005615,<40,bcn20000,5,False,4,0.0059734695,0.0052832523,0.2705172,0.10407303,0.5176601,0.03367871,0.062814236,0.5289168,-0.52492476,0.5289168,composite,2,,43,composite_f2_s43_in22k_v5conf,last
ISIC_0062151,BCN_0000196,BCN_0000196,40-59,bcn20000,5,False,5,0.01040923,0.0071356567,0.0062897103,0.06659173,0.0073215594,0.8614077,0.040844373,0.024866447,-7.0284076,0.024866447,composite,2,,43,composite_f2_s43_in22k_v5conf,last
ISIC_0062181,BCN_0004616,BCN_0004616,60+,bcn20000,4,True,4,0.007841177,0.0057717804,0.0038683405,0.05528962,0.85945296,0.00391137,0.063864805,0.87306595,8.121019,0.87306595,composite,2,,43,composite_f2_s43_in22k_v5conf,last
ISIC_0062243,BCN_0001901,BCN_0001901,40-59,bcn20000,5,False,5,0.008800747,0.0066934,0.0072361697,0.066977166,0.0032079273,0.8558537,0.051230934,0.018702075,-8.257785,0.018702075,composite,2,,43,composite_f2_s43_in22k_v5conf,last
ISIC_0062259,BCN_0002049,BCN_0002049,unknown,bcn20000,5,False,5,0.012211864,0.009275538,0.009534951,0.080008425,0.007491311,0.8338572,0.047620796,0.028978713,-7.4839277,0.028978713,composite,2,,43,composite_f2_s43_in22k_v5conf,last
ISIC_0062270,BCN_0004301,BCN_0004301,60+,bcn20000,1,True,1,0.008999541,0.8889563,0.0051262365,0.053942535,0.0049877153,0.0042961384,0.03369153,0.90294355,7.817235,0.90294355,composite,2,,43,composite_f2_s43_in22k_v5conf,last
ISIC_0062278,BCN_0002878,BCN_0002878,60+,bcn20000,1,True,1,0.00723324,0.89030427,0.006408271,0.052235264,0.00548071,0.0041802144,0.034157977,0.90301824,7.9993906,0.90301824,composite,2,,43,composite_f2_s43_in22k_v5conf,last
ISIC_0062296,BCN_0002532,BCN_0002532,60+,bcn20000,4,True,4,0.006909599,0.0028920667,0.0046399343,0.050887804,0.8879635,0.013774239,0.032932904,0.89776516,5.5465984,0.89776516,composite,2,,43,composite_f2_s43_in22k_v5conf,last
ISIC_0062320,BCN_0002177,BCN_0002177,40-59,bcn20000,5,False,5,0.012261198,0.008262315,0.008998768,0.069694825,0.005787807,0.8494733,0.04552185,0.02631132,-6.9638453,0.02631132,composite,2,,43,composite_f2_s43_in22k_v5conf,last
ISIC_0062359,BCN_0001029,BCN_0001029,40-59,bcn20000,4,True,1,0.13843502,0.33931354,0.022547198,0.21581598,0.062868305,0.080850184,0.14016978,0.54061687,5.4289274,0.54061687,composite,2,,43,composite_f2_s43_in22k_v5conf,last
ISIC_0062408,BCN_0001167,BCN_0001167,60+,bcn20000,0,True,1,0.052968428,0.7113009,0.08598099,0.09138967,0.002916397,0.0018773759,0.05356612,0.76718575,5.058924,0.76718575,composite,2,,43,composite_f2_s43_in22k_v5conf,last
ISIC_0062418,BCN_0005446,BCN_0005446,60+,bcn20000,5,False,4,0.008061489,0.004269335,0.0071115596,0.061748337,0.87634414,0.0043397364,0.038125355,0.888675,7.540512,0.888675,composite,2,,43,composite_f2_s43_in22k_v5conf,last
ISIC_0062425,BCN_0001286,BCN_0001286,60+,bcn20000,4,True,4,0.008714631,0.004891848,0.006190095,0.055635966,0.8861268,0.003649747,0.03479094,0.8997333,8.412686,0.8997333,composite,2,,43,composite_f2_s43_in22k_v5conf,last
ISIC_0062439,BCN_0002591,BCN_0002591,60+,bcn20000,1,True,1,0.007224219,0.89602053,0.0061586346,0.048064575,0.009382302,0.0035859775,0.029563794,0.91262704,8.209078,0.91262704,composite,2,,43,composite_f2_s43_in22k_v5conf,last
ISIC_0062442,BCN_0003352,BCN_0003352,60+,bcn20000,4,True,4,0.0070039653,0.009158887,0.009525447,0.061935313,0.87284464,0.0034208593,0.036110867,0.8890075,8.038587,0.8890075,composite,2,,43,composite_f2_s43_in22k_v5conf,last
ISIC_0062451,BCN_0003305,BCN_0003305,60+,bcn20000,1,True,1,0.010390394,0.87281585,0.007838142,0.06060632,0.0064879362,0.005003439,0.036857847,0.8896942,7.948246,0.8896942,composite,2,,43,composite_f2_s43_in22k_v5conf,last
ISIC_0062459,BCN_0002554,BCN_0002554,40-59,bcn20000,5,False,5,0.009943862,0.007701258,0.007374019,0.06612282,0.0060440865,0.8603563,0.042457696,0.023689207,-7.879951,0.023689207,composite,2,,43,composite_f2_s43_in22k_v5conf,last
ISIC_0062465,BCN_0002961,BCN_0002961,40-59,bcn20000,5,False,4,0.0028051238,0.009714345,0.0066089085,0.060558412,0.71901935,0.17344357,0.027850294,0.73153883,2.3478634,0.73153883,composite,2,,43,composite_f2_s43_in22k_v5conf,last
ISIC_0062490,BCN_0001686,BCN_0001686,40-59,bcn20000,5,False,5,0.009973304,0.0069899824,0.0071411864,0.06625309,0.0035933887,0.8626045,0.043444544,0.020556675,-8.445638,0.020556675,composite,2,,43,composite_f2_s43_in22k_v5conf,last
ISIC_0062494,BCN_0005184,BCN_0005184,60+,bcn20000,0,True,0,0.59241605,0.012328397,0.24426086,0.08784451,0.003843805,0.0065985285,0.05270784,0.6085882,1.7115824,0.6085882,composite,2,,43,composite_f2_s43_in22k_v5conf,last
ISIC_0062498,BCN_0001713,BCN_0001713,<40,bcn20000,5,False,5,0.012230931,0.0072557176,0.007514195,0.06540657,0.00537539,0.8618626,0.040354516,0.02486204,-7.6288023,0.02486204,composite,2,,43,composite_f2_s43_in22k_v5conf,last
ISIC_0062507,BCN_0001778,BCN_0001778,60+,bcn20000,5,False,4,0.01670806,0.0062349546,0.0035602334,0.081653446,0.5618303,0.27569425,0.054318838,0.5847733,1.302319,0.5847733,composite,2,,43,composite_f2_s43_in22k_v5conf,last
ISIC_0062561,BCN_0000537,BCN_0000537,60+,bcn20000,2,False,4,0.009724766,0.0075274114,0.0073938947,0.065988176,0.8686208,0.00382096,0.03692394,0.88587296,7.8261085,0.88587296,composite,2,,43,composite_f2_s43_in22k_v5conf,last
ISIC_0062657,BCN_0005627,BCN_0005627,60+,bcn20000,1,True,1,0.0076932893,0.89159375,0.008875441,0.04876246,0.004261463,0.004413061,0.034400553,0.9035485,7.164955,0.9035485,composite,2,,43,composite_f2_s43_in22k_v5conf,last
ISIC_0062666,BCN_0002603,BCN_0002603,60+,bcn20000,1,True,1,0.014511602,0.88149667,0.0049899123,0.052588187,0.003407421,0.003132513,0.039873723,0.8994157,8.013614,0.8994157,composite,2,,43,composite_f2_s43_in22k_v5conf,last
ISIC_0062684,BCN_0002268,BCN_0002268,60+,bcn20000,4,True,4,0.0018720432,0.00664577,0.02596754,0.056449424,0.8691181,0.0062750787,0.033672053,0.8776359,4.294687,0.8776359,composite,2,,43,composite_f2_s43_in22k_v5conf,last
ISIC_0062689,BCN_0001076,BCN_0001076,60+,bcn20000,2,False,2,0.09713957,0.0051715146,0.67782617,0.13728885,0.005289783,0.0015312254,0.07575292,0.10760087,-4.123725,0.10760087,composite,2,,43,composite_f2_s43_in22k_v5conf,last
ISIC_0062703,BCN_0000951,BCN_0000951,<40,bcn20000,5,False,5,0.012627277,0.008099197,0.011198092,0.070628956,0.0034413515,0.8545636,0.039441515,0.024167825,-8.470424,0.024167825,composite,2,,43,composite_f2_s43_in22k_v5conf,last
ISIC_0062708,BCN_0003352,BCN_0003352,60+,bcn20000,4,True,4,0.00587656,0.012903141,0.0076799253,0.05677043,0.87456894,0.0024400898,0.03976098,0.89334863,9.042539,0.89334863,composite,2,,43,composite_f2_s43_in22k_v5conf,last
ISIC_0062722,BCN_0005304,BCN_0005304,60+,bcn20000,1,True,1,0.006310284,0.8851018,0.0055225743,0.056616373,0.007348151,0.006009953,0.033090875,0.89876026,7.703132,0.89876026,composite,2,,43,composite_f2_s43_in22k_v5conf,last
ISIC_0062731,BCN_0003276,BCN_0003276,40-59,bcn20000,5,False,5,0.011541585,0.008293427,0.008469393,0.06981997,0.0062487214,0.847416,0.04821097,0.026083734,-7.6507254,0.026083734,composite,2,,43,composite_f2_s43_in22k_v5conf,last
ISIC_0062740,BCN_0003897,BCN_0003897,<40,bcn20000,5,False,5,0.011442763,0.007040507,0.007161442,0.072438695,0.0058438024,0.8491582,0.046914592,0.024327073,-7.467992,0.024327073,composite,2,,43,composite_f2_s43_in22k_v5conf,last
ISIC_0062778,BCN_0005307,BCN_0005307,40-59,bcn20000,5,False,5,0.010136062,0.007323465,0.006161059,0.0630398,0.005018765,0.8678996,0.040421244,0.022478292,-8.049979,0.022478292,composite,2,,43,composite_f2_s43_in22k_v5conf,last
ISIC_0062792,BCN_0000846,BCN_0000846,60+,bcn20000,4,True,4,0.0131079815,0.0023400094,0.0047624176,0.056730207,0.88345116,0.007371247,0.032236923,0.89889914,6.781082,0.89889914,composite,2,,43,composite_f2_s43_in22k_v5conf,last
ISIC_0062799,BCN_0004588,BCN_0004588,60+,bcn20000,1,True,1,0.06294903,0.7673996,0.016020978,0.08642762,0.0034109345,0.0038968031,0.059894964,0.83375955,7.6934075,0.83375955,composite,2,,43,composite_f2_s43_in22k_v5conf,last
ISIC_0062807,BCN_0000583,BCN_0000583,unknown,bcn20000,2,False,0,0.7560526,0.00762705,0.10852272,0.07940515,0.0036928004,0.0045237974,0.0401758,0.7673725,3.1688068,0.7673725,composite,2,,43,composite_f2_s43_in22k_v5conf,last
ISIC_0062817,BCN_0001894,BCN_0001894,60+,bcn20000,1,True,1,0.007086044,0.8368337,0.0043556774,0.07836548,0.01712771,0.0036815645,0.052549794,0.86104745,9.665755,0.86104745,composite,2,,43,composite_f2_s43_in22k_v5conf,last
ISIC_0062824,BCN_0005227,BCN_0005227,40-59,bcn20000,5,False,5,0.013449055,0.007733129,0.0062208977,0.0741778,0.009946006,0.84455395,0.043919154,0.03112819,-6.23961,0.03112819,composite,2,,43,composite_f2_s43_in22k_v5conf,last
ISIC_0062825,BCN_0001459,BCN_0001459,40-59,bcn20000,1,True,1,0.014590147,0.88498443,0.0038911176,0.054179613,0.00424093,0.005842504,0.03227126,0.9038155,7.2203035,0.9038155,composite,2,,43,composite_f2_s43_in22k_v5conf,last
ISIC_0062830,BCN_0001051,BCN_0001051,60+,bcn20000,0,True,0,0.95725125,0.0016677452,0.0045165024,0.017929394,0.002099911,0.0007460873,0.015789118,0.9610189,6.6122212,0.9610189,composite,2,,43,composite_f2_s43_in22k_v5conf,last
ISIC_0062837,BCN_0001024,BCN_0001024,60+,bcn20000,1,True,1,0.016407434,0.8894325,0.0068052905,0.04730023,0.003073509,0.0022233003,0.034757726,0.90891343,7.725577,0.90891343,composite,2,,43,composite_f2_s43_in22k_v5conf,last
ISIC_0062849,BCN_0001778,BCN_0001778,60+,bcn20000,5,False,5,0.010280604,0.0071487343,0.006152837,0.06329079,0.0059771906,0.8691335,0.03801638,0.023406528,-7.1514354,0.023406528,composite,2,,43,composite_f2_s43_in22k_v5conf,last
ISIC_0062906,BCN_0005312,BCN_0005312,<40,bcn20000,5,False,4,0.0051657227,0.01933299,0.0032511335,0.0631939,0.8709318,0.0086346995,0.029489756,0.8954305,6.887827,0.8954305,composite,2,,43,composite_f2_s43_in22k_v5conf,last
ISIC_0062909,BCN_0003708,BCN_0003708,40-59,bcn20000,5,False,2,0.0935885,0.016992183,0.30469215,0.24705511,0.036878277,0.21313223,0.087661535,0.14745896,-4.015566,0.14745896,composite,2,,43,composite_f2_s43_in22k_v5conf,last
ISIC_0062925,BCN_0003192,BCN_0003192,60+,bcn20000,4,True,4,0.009121513,0.005322744,0.0058464482,0.055219658,0.88718206,0.003159016,0.034148473,0.9016263,8.716789,0.9016263,composite,2,,43,composite_f2_s43_in22k_v5conf,last
ISIC_0062943,BCN_0000868,BCN_0000868,60+,bcn20000,5,False,5,0.015975913,0.019620057,0.0060145333,0.08311391,0.015753713,0.81751835,0.042003512,0.05134968,-5.586751,0.05134968,composite,2,,43,composite_f2_s43_in22k_v5conf,last
ISIC_0062961,BCN_0001081,BCN_0001081,60+,bcn20000,2,False,0,0.80620825,0.09586142,0.005720381,0.05604242,0.0027193574,0.0025309178,0.030917227,0.90478903,9.159465,0.90478903,composite,2,,43,composite_f2_s43_in22k_v5conf,last
ISIC_0062978,BCN_0001991,BCN_0001991,60+,bcn20000,4,True,4,0.023380252,0.01013848,0.009324319,0.06985477,0.84440327,0.0029669963,0.039931927,0.877922,8.511254,0.877922,composite,2,,43,composite_f2_s43_in22k_v5conf,last
ISIC_0062984,BCN_0001924,BCN_0001924,60+,bcn20000,1,True,1,0.0055172537,0.89057726,0.005701944,0.05212505,0.006568483,0.0048482358,0.034661822,0.902663,7.849286,0.902663,composite,2,,43,composite_f2_s43_in22k_v5conf,last
ISIC_0062994,BCN_0003083,BCN_0003083,60+,bcn20000,4,True,4,0.006202597,0.004766728,0.0044352026,0.046831597,0.9038115,0.0029374517,0.031014891,0.91478086,8.380154,0.91478086,composite,2,,43,composite_f2_s43_in22k_v5conf,last
ISIC_0063003,BCN_0003001,BCN_0003001,<40,bcn20000,5,False,5,0.010180539,0.007538292,0.0056411484,0.06639373,0.0074484334,0.8596928,0.043105114,0.025167264,-7.0453844,0.025167264,composite,2,,43,composite_f2_s43_in22k_v5conf,last
ISIC_0063013,BCN_0004474,BCN_0004474,<40,bcn20000,5,False,5,0.011939912,0.0077524516,0.006247421,0.068503745,0.008518334,0.8537568,0.04328136,0.028210696,-6.383749,0.028210696,composite,2,,43,composite_f2_s43_in22k_v5conf,last
ISIC_0063015,BCN_0000541,BCN_0000541,<40,bcn20000,5,False,5,0.01278121,0.0069110217,0.0047460655,0.06571189,0.00726272,0.8536757,0.048911307,0.02695495,-6.7049274,0.02695495,composite,2,,43,composite_f2_s43_in22k_v5conf,last
ISIC_0063036,BCN_0001174,BCN_0001174,60+,bcn20000,1,True,1,0.045676768,0.8150794,0.008158804,0.07047066,0.00493763,0.0044116443,0.05126499,0.8656938,7.956155,0.8656938,composite,2,,43,composite_f2_s43_in22k_v5conf,last
ISIC_0063037,BCN_0002346,BCN_0002346,60+,bcn20000,0,True,1,0.015853608,0.8902327,0.0051382766,0.048758432,0.0018558269,0.0026744725,0.035486735,0.9079421,7.903079,0.9079421,composite,2,,43,composite_f2_s43_in22k_v5conf,last
ISIC_0063045,BCN_0002759,BCN_0002759,60+,bcn20000,0,True,0,0.93706346,0.0061218445,0.0071051316,0.025715431,0.0028359822,0.0006446035,0.020513523,0.9460213,6.623891,0.9460213,composite,2,,43,composite_f2_s43_in22k_v5conf,last
ISIC_0063053,BCN_0005712,BCN_0005712,40-59,bcn20000,5,False,5,0.011064945,0.007933355,0.015731648,0.069539145,0.0044976794,0.8430472,0.04818601,0.023495978,-7.882514,0.023495978,composite,2,,43,composite_f2_s43_in22k_v5conf,last
ISIC_0063067,BCN_0000723,BCN_0000723,40-59,bcn20000,4,True,4,0.003908086,0.008450988,0.061425716,0.2005927,0.56891614,0.07189862,0.08480782,0.5812752,0.7206828,0.5812752,composite,2,,43,composite_f2_s43_in22k_v5conf,last
ISIC_0063116,BCN_0002554,BCN_0002554,40-59,bcn20000,5,False,5,0.01094282,0.0068597742,0.007795343,0.06624367,0.0055105537,0.8583117,0.044336084,0.023313148,-7.80099,0.023313148,composite,2,,43,composite_f2_s43_in22k_v5conf,last
ISIC_0063132,BCN_0001076,BCN_0001076,60+,bcn20000,2,False,2,0.014150305,0.004086707,0.9056446,0.043739814,0.003334323,0.0017507545,0.027293453,0.021571334,-6.897381,0.021571334,composite,2,,43,composite_f2_s43_in22k_v5conf,last
ISIC_0063144,BCN_0003009,BCN_0003009,60+,bcn20000,0,True,1,0.0077131684,0.90878314,0.008475954,0.038370572,0.0020190394,0.008420961,0.026217202,0.9185153,5.3023067,0.9185153,composite,2,,43,composite_f2_s43_in22k_v5conf,last
ISIC_0063168,BCN_0000229,BCN_0000229,40-59,bcn20000,4,True,4,0.011370932,0.006331116,0.0052884957,0.06160248,0.86813796,0.004309737,0.042959176,0.88584,8.330204,0.88584,composite,2,,43,composite_f2_s43_in22k_v5conf,last
ISIC_0063174,BCN_0002861,BCN_0002861,60+,bcn20000,4,True,4,0.007851271,0.0049742954,0.0070464914,0.06354179,0.8785732,0.0044775186,0.033535477,0.8913987,7.6446695,0.8913987,composite,2,,43,composite_f2_s43_in22k_v5conf,last
ISIC_0063212,BCN_0000163,BCN_0000163,<40,bcn20000,5,False,5,0.009969751,0.006822838,0.007999579,0.063880265,0.0055110413,0.8629064,0.04291016,0.022303632,-7.726943,0.022303632,composite,2,,43,composite_f2_s43_in22k_v5conf,last
ISIC_0063225,BCN_0001489,BCN_0001489,60+,bcn20000,4,True,4,0.01086023,0.0071268748,0.0101604555,0.061444834,0.87061536,0.0040523415,0.035739902,0.8886025,7.923114,0.8886025,composite,2,,43,composite_f2_s43_in22k_v5conf,last
ISIC_0063226,BCN_0002049,BCN_0002919,unknown,bcn20000,5,False,5,0.012211864,0.009275538,0.009534951,0.080008425,0.007491311,0.8338572,0.047620796,0.028978713,-7.4839277,0.028978713,composite,2,,43,composite_f2_s43_in22k_v5conf,last
ISIC_0063232,BCN_0005064,BCN_0005064,40-59,bcn20000,5,False,5,0.013686292,0.009438085,0.0077228206,0.08279567,0.059627898,0.77950025,0.047229044,0.08275227,-3.7778547,0.08275227,composite,2,,43,composite_f2_s43_in22k_v5conf,last
ISIC_0063236,BCN_0003038,BCN_0003038,60+,bcn20000,1,True,1,0.008103144,0.879193,0.005616776,0.05397744,0.007097143,0.004873064,0.041139424,0.89439327,7.9757605,0.89439327,composite,2,,43,composite_f2_s43_in22k_v5conf,last
ISIC_0063261,BCN_0001248,BCN_0001248,40-59,bcn20000,0,True,2,0.005010735,0.005201336,0.9016158,0.049512196,0.004550437,0.004939273,0.0291702,0.014762508,-7.6291513,0.014762508,composite,2,,43,composite_f2_s43_in22k_v5conf,last
ISIC_0063265,BCN_0000466,BCN_0000466,40-59,bcn20000,1,True,1,0.006023697,0.8774577,0.0077249277,0.053949572,0.007941353,0.0061335624,0.040769085,0.89142275,7.238192,0.89142275,composite,2,,43,composite_f2_s43_in22k_v5conf,last
ISIC_0063285,BCN_0003632,BCN_0003632,60+,bcn20000,1,True,1,0.20833617,0.34933385,0.09464136,0.15184006,0.009493605,0.004008808,0.18234612,0.5671636,3.6231558,0.5671636,composite,2,,43,composite_f2_s43_in22k_v5conf,last
ISIC_0063294,BCN_0004824,BCN_0004824,40-59,bcn20000,5,False,4,0.011957947,0.006732002,0.0058190324,0.05665094,0.88033026,0.0041900794,0.03431978,0.8990202,8.363612,0.8990202,composite,2,,43,composite_f2_s43_in22k_v5conf,last
ISIC_0063386,BCN_0004791,BCN_0004791,40-59,bcn20000,5,False,5,0.013235999,0.008145419,0.0057406016,0.06976827,0.024371233,0.831384,0.04735449,0.045752652,-4.738797,0.045752652,composite,2,,43,composite_f2_s43_in22k_v5conf,last
ISIC_0063411,BCN_0004882,BCN_0004882,60+,bcn20000,5,False,5,0.011849765,0.009287501,0.006128847,0.08207188,0.011816074,0.83134884,0.047497123,0.03295334,-6.0169687,0.03295334,composite,2,,43,composite_f2_s43_in22k_v5conf,last
ISIC_0063419,BCN_0005627,BCN_0005627,60+,bcn20000,1,True,1,0.0070409207,0.90113556,0.00545733,0.04768737,0.0043211933,0.0045158193,0.029841907,0.9124977,7.6824503,0.9124977,composite,2,,43,composite_f2_s43_in22k_v5conf,last
ISIC_0063453,BCN_0003833,BCN_0003833,40-59,bcn20000,1,True,1,0.0070311637,0.89356065,0.006087879,0.051730182,0.0065900725,0.004946782,0.030053202,0.90718186,7.564227,0.90718186,composite,2,,43,composite_f2_s43_in22k_v5conf,last
ISIC_0063457,BCN_0002717,BCN_0002717,60+,bcn20000,4,True,5,0.009892081,0.005342126,0.0077777305,0.058663648,0.0021689646,0.88309073,0.033064567,0.01740317,-8.694362,0.01740317,composite,2,,43,composite_f2_s43_in22k_v5conf,last
ISIC_0063485,BCN_0005608,BCN_0005608,60+,bcn20000,1,True,1,0.006302716,0.90964353,0.004309746,0.043906238,0.004059829,0.0036565738,0.02812142,0.9200061,8.012168,0.9200061,composite,2,,43,composite_f2_s43_in22k_v5conf,last
ISIC_0063506,BCN_0002715,BCN_0002715,60+,bcn20000,1,True,1,0.008249435,0.88927734,0.0057043806,0.05276947,0.0060084295,0.0034335523,0.03455742,0.90353525,8.555497,0.90353525,composite,2,,43,composite_f2_s43_in22k_v5conf,last
ISIC_0063542,BCN_0000537,BCN_0000537,60+,bcn20000,2,False,4,0.17481977,0.03226015,0.006757673,0.13881367,0.57264125,0.0025789642,0.0721286,0.77972114,10.563675,0.77972114,composite,2,,43,composite_f2_s43_in22k_v5conf,last
ISIC_0063563,BCN_0002846,BCN_0002846,60+,bcn20000,1,True,1,0.0047624204,0.8421631,0.003889724,0.06892429,0.02448523,0.0058478443,0.049927425,0.8714107,8.263617,0.8714107,composite,2,,43,composite_f2_s43_in22k_v5conf,last
ISIC_0063609,BCN_0000276,BCN_0000276,40-59,bcn20000,5,False,5,0.011267484,0.008720864,0.005949098,0.07043014,0.005207414,0.8539254,0.044499665,0.02519576,-7.8658295,0.02519576,composite,2,,43,composite_f2_s43_in22k_v5conf,last
ISIC_0063613,BCN_0003142,BCN_0003142,<40,bcn20000,5,False,4,0.007637224,0.005128517,0.014360495,0.16225444,0.37312022,0.35620487,0.08129426,0.38588595,-1.2070346,0.38588595,composite,2,,43,composite_f2_s43_in22k_v5conf,last
ISIC_0063640,BCN_0002846,BCN_0002846,60+,bcn20000,1,True,1,0.0062962407,0.8631018,0.023890406,0.066111244,0.003452214,0.003048414,0.03409973,0.87285024,4.8978086,0.87285024,composite,2,,43,composite_f2_s43_in22k_v5conf,last
ISIC_0063659,BCN_0002049,BCN_0002049,unknown,bcn20000,5,False,5,0.013564431,0.0092156185,0.006499788,0.09467166,0.025864087,0.79131013,0.05887429,0.048644137,-4.8874903,0.048644137,composite,2,,43,composite_f2_s43_in22k_v5conf,last
ISIC_0063694,BCN_0001901,BCN_0001901,40-59,bcn20000,5,False,5,0.008764914,0.0061540916,0.007224124,0.06728563,0.0035596297,0.86238074,0.044630926,0.018478636,-8.53301,0.018478636,composite,2,,43,composite_f2_s43_in22k_v5conf,last
ISIC_0063740,BCN_0005294,BCN_0005294,60+,bcn20000,2,False,2,0.008492065,0.0051386743,0.9204859,0.035415605,0.003589604,0.0011979523,0.02568023,0.017220343,-6.445735,0.017220343,composite,2,,43,composite_f2_s43_in22k_v5conf,last
ISIC_0063756,BCN_0003222,BCN_0003222,60+,bcn20000,1,True,1,0.0064340364,0.8883307,0.00538098,0.05013928,0.014986764,0.0029377826,0.031790394,0.9097515,9.117697,0.9097515,composite,2,,43,composite_f2_s43_in22k_v5conf,last
ISIC_0063792,BCN_0002861,BCN_0002861,60+,bcn20000,4,True,4,0.008911637,0.006634194,0.0069834753,0.06984727,0.8638415,0.006310732,0.037471294,0.8793873,7.1606083,0.8793873,composite,2,,43,composite_f2_s43_in22k_v5conf,last
ISIC_0063795,BCN_0001513,BCN_0001513,40-59,bcn20000,4,True,4,0.009389553,0.04408785,0.0056657232,0.06744154,0.8316312,0.0025458445,0.03923836,0.8851086,10.238456,0.8851086,composite,2,,43,composite_f2_s43_in22k_v5conf,last
ISIC_0063799,BCN_0001019,BCN_0001019,60+,bcn20000,2,False,0,0.4914485,0.24304895,0.036721267,0.1217504,0.005648559,0.02378672,0.077595584,0.740146,5.3344336,0.740146,composite,2,,43,composite_f2_s43_in22k_v5conf,last
ISIC_0063824,BCN_0001513,BCN_0001513,40-59,bcn20000,4,True,4,0.009662879,0.027310606,0.007201195,0.07835443,0.81691766,0.0038056883,0.0567476,0.85389113,9.347707,0.85389113,composite,2,,43,composite_f2_s43_in22k_v5conf,last
ISIC_0063831,BCN_0004361,BCN_0004361,40-59,bcn20000,3,False,1,0.06465926,0.7873598,0.0068861837,0.0842886,0.004594153,0.002170559,0.05004154,0.85661316,7.6192436,0.85661316,composite,2,,43,composite_f2_s43_in22k_v5conf,last
ISIC_0063853,BCN_0003142,BCN_0003142,<40,bcn20000,5,False,5,0.009226057,0.006020403,0.011517601,0.083292626,0.043766268,0.8011699,0.045007262,0.059012726,-4.96559,0.059012726,composite,2,,43,composite_f2_s43_in22k_v5conf,last
ISIC_0063878,BCN_0004835,BCN_0004835,60+,bcn20000,0,True,1,0.006712841,0.8964807,0.0059932973,0.05148399,0.0032792848,0.0025475132,0.03350248,0.9064728,8.348861,0.9064728,composite,2,,43,composite_f2_s43_in22k_v5conf,last
ISIC_0063880,BCN_0004530,BCN_0004530,60+,bcn20000,5,False,5,0.010204453,0.0057875547,0.010630313,0.06043215,0.0048512793,0.86347306,0.044621184,0.020843288,-7.13174,0.020843288,composite,2,,43,composite_f2_s43_in22k_v5conf,last
ISIC_0063895,BCN_0004465,BCN_0004465,40-59,bcn20000,5,False,5,0.009876042,0.006842444,0.0051457365,0.07012717,0.0070964927,0.855643,0.045269247,0.02381498,-7.1552553,0.02381498,composite,2,,43,composite_f2_s43_in22k_v5conf,last
ISIC_0063899,BCN_0004838,BCN_0004838,<40,bcn20000,5,False,1,0.08446273,0.3155511,0.077576816,0.18739066,0.047489583,0.16890787,0.118621245,0.44750342,-0.0033333376,0.44750342,composite,2,,43,composite_f2_s43_in22k_v5conf,last
ISIC_0063903,BCN_0004885,BCN_0004885,60+,bcn20000,5,False,4,0.0688613,0.016025636,0.006871607,0.098550595,0.71960825,0.046990395,0.043092236,0.8044952,5.2716475,0.8044952,composite,2,,43,composite_f2_s43_in22k_v5conf,last
ISIC_0063942,BCN_0001400,BCN_0001400,60+,bcn20000,1,True,1,0.006987392,0.870915,0.008070317,0.058105808,0.017286293,0.0014695049,0.037165675,0.8951887,9.052409,0.8951887,composite,2,,43,composite_f2_s43_in22k_v5conf,last
ISIC_0063944,BCN_0001379,BCN_0001379,40-59,bcn20000,3,False,1,0.0069393376,0.68590486,0.012691122,0.14610411,0.08122051,0.00827367,0.058866415,0.7740647,8.172576,0.7740647,composite,2,,43,composite_f2_s43_in22k_v5conf,last
ISIC_0063958,BCN_0003408,BCN_0003408,60+,bcn20000,4,True,4,0.010836907,0.0050995504,0.031013453,0.088898316,0.8215464,0.0035611328,0.03904422,0.8374828,6.4474554,0.8374828,composite,2,,43,composite_f2_s43_in22k_v5conf,last
ISIC_0063971,BCN_0003352,BCN_0003352,60+,bcn20000,4,True,4,0.0068212966,0.0074215317,0.0061209537,0.057601545,0.87748045,0.00481383,0.03974032,0.8917233,8.01938,0.8917233,composite,2,,43,composite_f2_s43_in22k_v5conf,last
ISIC_0063986,BCN_0001671,BCN_0001671,60+,bcn20000,5,False,1,0.0036452927,0.88098174,0.0056529893,0.04055808,0.028285084,0.006075178,0.03480163,0.91291213,7.504434,0.91291213,composite,2,,43,composite_f2_s43_in22k_v5conf,last
ISIC_0063997,BCN_0005446,BCN_0005446,60+,bcn20000,5,False,5,0.008399257,0.0065111592,0.014581534,0.13811281,0.15063447,0.5890982,0.0926626,0.16554488,-2.4951255,0.16554488,composite,2,,43,composite_f2_s43_in22k_v5conf,last
ISIC_0064007,BCN_0002049,BCN_0002049,unknown,bcn20000,5,False,5,0.011082085,0.0062749865,0.008381347,0.06972562,0.011268342,0.84493834,0.048329223,0.028625414,-6.922172,0.028625414,composite,2,,43,composite_f2_s43_in22k_v5conf,last
ISIC_0064016,BCN_0005053,BCN_0005053,60+,bcn20000,0,True,3,0.16493732,0.14781342,0.16906317,0.22268389,0.17816192,0.021817539,0.095522776,0.49091268,4.8184543,0.49091268,composite,2,,43,composite_f2_s43_in22k_v5conf,last
ISIC_0064028,BCN_0003424,BCN_0003424,<40,bcn20000,5,False,5,0.008656649,0.00746855,0.008176051,0.061956115,0.0050029797,0.86783725,0.04090238,0.021128178,-7.8083177,0.021128178,composite,2,,43,composite_f2_s43_in22k_v5conf,last
ISIC_0064033,BCN_0001513,BCN_0001513,40-59,bcn20000,4,True,4,0.014417662,0.01476472,0.0055881725,0.06995398,0.8311922,0.0040392666,0.060044054,0.86037457,9.387963,0.86037457,composite,2,,43,composite_f2_s43_in22k_v5conf,last
ISIC_0064044,BCN_0000472,BCN_0000472,40-59,bcn20000,5,False,5,0.0095204795,0.0066283606,0.0052571064,0.07009966,0.0076102265,0.8575385,0.043345742,0.023759065,-6.93293,0.023759065,composite,2,,43,composite_f2_s43_in22k_v5conf,last
ISIC_0064062,BCN_0005505,BCN_0005505,40-59,bcn20000,4,True,5,0.009969384,0.0074997065,0.005738651,0.06445724,0.007213398,0.86294216,0.042179517,0.024682488,-7.074983,0.024682488,composite,2,,43,composite_f2_s43_in22k_v5conf,last
ISIC_0064075,BCN_0003222,BCN_0003222,60+,bcn20000,1,True,1,0.0067719417,0.88357407,0.0042691473,0.0545331,0.0147912605,0.0026278924,0.03343252,0.90513724,9.6272335,0.90513724,composite,2,,43,composite_f2_s43_in22k_v5conf,last
ISIC_0064079,BCN_0000229,BCN_0000229,40-59,bcn20000,4,True,4,0.011283249,0.006257287,0.0059513855,0.0570563,0.87543136,0.004678523,0.039341874,0.8929719,8.150231,0.8929719,composite,2,,43,composite_f2_s43_in22k_v5conf,last
ISIC_0064089,BCN_0002268,BCN_0002268,60+,bcn20000,4,True,4,0.007128378,0.0045222207,0.0060893563,0.059072524,0.88596284,0.003859024,0.033365622,0.89761347,8.180924,0.89761347,composite,2,,43,composite_f2_s43_in22k_v5conf,last
ISIC_0064108,BCN_0005100,BCN_0005100,40-59,bcn20000,5,False,5,0.0121814525,0.0074445186,0.0074291965,0.06822472,0.0053788875,0.856691,0.04265016,0.025004858,-7.6372137,0.025004858,composite,2,,43,composite_f2_s43_in22k_v5conf,last
ISIC_0064127,BCN_0001669,BCN_0001669,60+,bcn20000,2,False,2,0.007685017,0.005543908,0.8428914,0.07187502,0.0029400557,0.020138739,0.0489258,0.01616898,-9.725173,0.01616898,composite,2,,43,composite_f2_s43_in22k_v5conf,last
ISIC_0064139,BCN_0004465,BCN_0004465,40-59,bcn20000,5,False,5,0.010694443,0.0071699535,0.0065163276,0.07526563,0.004387143,0.85074854,0.04521794,0.022251539,-8.154719,0.022251539,composite,2,,43,composite_f2_s43_in22k_v5conf,last
ISIC_0064141,BCN_0002631,BCN_0002631,60+,bcn20000,4,True,4,0.008590291,0.0016970353,0.0057482147,0.05471996,0.89764094,0.0067896205,0.024813896,0.9079283,6.7011275,0.9079283,composite,2,,43,composite_f2_s43_in22k_v5conf,last
ISIC_0064150,BCN_0001894,BCN_0001894,60+,bcn20000,1,True,4,0.0059189796,0.011185787,0.007006779,0.054630853,0.8783158,0.0044025253,0.038539354,0.89542055,8.439105,0.89542055,composite,2,,43,composite_f2_s43_in22k_v5conf,last
ISIC_0064191,BCN_0002456,BCN_0002456,40-59,bcn20000,5,False,4,0.010211537,0.0056129987,0.008612303,0.076734036,0.8299067,0.025395771,0.04352668,0.84573126,4.9101067,0.84573126,composite,2,,43,composite_f2_s43_in22k_v5conf,last
ISIC_0064195,BCN_0002861,BCN_0002861,60+,bcn20000,4,True,4,0.107048854,0.0073852246,0.015294291,0.12316764,0.67935187,0.0037638717,0.0639882,0.7937859,8.008649,0.7937859,composite,2,,43,composite_f2_s43_in22k_v5conf,last
ISIC_0064205,BCN_0004813,BCN_0004813,<40,bcn20000,5,False,5,0.009707485,0.0058853044,0.004132393,0.06277168,0.007959104,0.8667483,0.04279583,0.023551892,-6.2566366,0.023551892,composite,2,,43,composite_f2_s43_in22k_v5conf,last
ISIC_0064212,BCN_0002268,BCN_0002268,60+,bcn20000,4,True,4,0.23740785,0.23362285,0.025663167,0.15160581,0.23942065,0.003640165,0.1086395,0.71045136,8.630496,0.71045136,composite,2,,43,composite_f2_s43_in22k_v5conf,last
ISIC_0064227,BCN_0002633,BCN_0002633,40-59,bcn20000,5,False,4,0.013863691,0.008892342,0.010189085,0.08931123,0.74424046,0.089805394,0.04369778,0.7669965,2.6243265,0.7669965,composite,2,,43,composite_f2_s43_in22k_v5conf,last
ISIC_0064236,BCN_0000437,BCN_0000437,60+,bcn20000,1,True,1,0.006929341,0.89576995,0.005429069,0.05238646,0.004278693,0.003785889,0.031420533,0.906978,8.12814,0.906978,composite,2,,43,composite_f2_s43_in22k_v5conf,last
ISIC_0064288,BCN_0005446,BCN_0005446,60+,bcn20000,5,False,5,0.015011857,0.007207617,0.020848133,0.13135374,0.15263867,0.61224586,0.060694218,0.17485815,-2.0830085,0.17485815,composite,2,,43,composite_f2_s43_in22k_v5conf,last
ISIC_0064289,BCN_0002177,BCN_0002177,40-59,bcn20000,5,False,5,0.011606653,0.008196842,0.007850331,0.07040278,0.008033914,0.8488916,0.04501784,0.027837407,-6.233285,0.027837407,composite,2,,43,composite_f2_s43_in22k_v5conf,last
ISIC_0064312,BCN_0005332,BCN_0005332,<40,bcn20000,5,False,4,0.0028751327,0.0020043047,0.0031158759,0.0370789,0.927799,0.005045741,0.022081072,0.9326784,6.291299,0.9326784,composite,2,,43,composite_f2_s43_in22k_v5conf,last
ISIC_0064323,BCN_0001289,BCN_0001289,<40,bcn20000,6,False,5,0.004473581,0.1737428,0.03677383,0.09428502,0.0035987052,0.61780125,0.069324784,0.18181509,-4.2545805,0.18181509,composite,2,,43,composite_f2_s43_in22k_v5conf,last
ISIC_0064324,BCN_0005192,BCN_0005192,60+,bcn20000,1,True,1,0.0057792175,0.90045655,0.0050839125,0.050658144,0.0034562342,0.0036343844,0.030931504,0.909692,8.09448,0.909692,composite,2,,43,composite_f2_s43_in22k_v5conf,last
ISIC_0064330,BCN_0005596,BCN_0005596,60+,bcn20000,0,True,1,0.0045859455,0.74685055,0.09303573,0.092744194,0.0037571448,0.0035043056,0.055522103,0.7551936,3.1009543,0.7551936,composite,2,,43,composite_f2_s43_in22k_v5conf,last
ISIC_0064362,BCN_0004566,BCN_0004566,40-59,bcn20000,5,False,5,0.009980693,0.007510088,0.008722916,0.06533832,0.00471607,0.86006016,0.043671697,0.022206852,-7.909693,0.022206852,composite,2,,43,composite_f2_s43_in22k_v5conf,last
ISIC_0064378,BCN_0001304,BCN_0001304,40-59,bcn20000,2,False,2,0.007908783,0.004226673,0.9066095,0.046091627,0.0038464188,0.0023519248,0.028965041,0.015981873,-7.2030897,0.015981873,composite,2,,43,composite_f2_s43_in22k_v5conf,last
ISIC_0064383,BCN_0001707,BCN_0001707,60+,bcn20000,2,False,2,0.0068230405,0.0035434978,0.91944087,0.0353342,0.004233207,0.0021690414,0.028456105,0.014599746,-7.34825,0.014599746,composite,2,,43,composite_f2_s43_in22k_v5conf,last
ISIC_0064427,BCN_0003352,BCN_0003352,60+,bcn20000,4,True,2,0.017669003,0.006372444,0.6229418,0.14408618,0.010880441,0.13112575,0.06692439,0.03492189,-8.496096,0.03492189,composite,2,,43,composite_f2_s43_in22k_v5conf,last
ISIC_0064439,BCN_0005192,BCN_0005192,60+,bcn20000,1,True,1,0.0066633234,0.895744,0.005301826,0.05174386,0.0034914834,0.0036699679,0.03338558,0.9058988,7.9688025,0.9058988,composite,2,,43,composite_f2_s43_in22k_v5conf,last
ISIC_0064443,BCN_0005192,BCN_0005192,60+,bcn20000,1,True,1,0.005587179,0.9013291,0.0047965283,0.047071263,0.0049710344,0.0042966167,0.031948246,0.9118873,8.148815,0.9118873,composite,2,,43,composite_f2_s43_in22k_v5conf,last
ISIC_0064467,BCN_0002653,BCN_0002653,<40,bcn20000,5,False,5,0.011275176,0.007445755,0.0061679953,0.06770192,0.009598342,0.8571025,0.040708307,0.028319273,-6.438422,0.028319273,composite,2,,43,composite_f2_s43_in22k_v5conf,last
ISIC_0064478,BCN_0005712,BCN_0005712,40-59,bcn20000,5,False,5,0.011659801,0.007952424,0.017676882,0.06926804,0.0044482714,0.8413147,0.04767995,0.024060495,-8.268688,0.024060495,composite,2,,43,composite_f2_s43_in22k_v5conf,last
ISIC_0064507,BCN_0001437,BCN_0001437,60+,bcn20000,4,True,5,0.07148062,0.015516545,0.008774594,0.09165586,0.01783277,0.7482464,0.046493303,0.10482993,-3.581086,0.10482993,composite,2,,43,composite_f2_s43_in22k_v5conf,last
ISIC_0064545,BCN_0002049,BCN_0002919,unknown,bcn20000,5,False,5,0.012245483,0.009689006,0.006226433,0.077745885,0.016226813,0.8295315,0.048334923,0.0381613,-5.437764,0.0381613,composite,2,,43,composite_f2_s43_in22k_v5conf,last
ISIC_0064565,BCN_0004838,BCN_0004838,<40,bcn20000,5,False,5,0.030750884,0.10317792,0.097741574,0.2036005,0.010123478,0.37042734,0.1841783,0.14405228,-5.43541,0.14405228,composite,2,,43,composite_f2_s43_in22k_v5conf,last
ISIC_0064570,BCN_0000826,BCN_0000826,40-59,bcn20000,1,True,1,0.03492335,0.83385897,0.013700126,0.06259653,0.0026162576,0.0045145447,0.04779026,0.8713986,7.1833324,0.8713986,composite,2,,43,composite_f2_s43_in22k_v5conf,last
ISIC_0064602,BCN_0004838,BCN_0004838,<40,bcn20000,5,False,0,0.7447037,0.07976191,0.009282286,0.082363315,0.033131093,0.012494725,0.038263023,0.85759676,5.9877143,0.85759676,composite,2,,43,composite_f2_s43_in22k_v5conf,last
ISIC_0064603,BCN_0003632,BCN_0003632,60+,bcn20000,1,True,1,0.032077774,0.7286007,0.02719669,0.09787182,0.0041627684,0.0029186956,0.107171506,0.76484126,4.826349,0.76484126,composite,2,,43,composite_f2_s43_in22k_v5conf,last
ISIC_0064606,BCN_0000229,BCN_0000229,40-59,bcn20000,4,True,4,0.009315915,0.004536036,0.0031457094,0.048846066,0.89140254,0.0071758158,0.035577822,0.9052545,6.823016,0.9052545,composite,2,,43,composite_f2_s43_in22k_v5conf,last
ISIC_0064626,BCN_0003057,BCN_0003057,60+,bcn20000,1,True,0,0.5348474,0.14564525,0.053577967,0.13369164,0.011990928,0.0053030415,0.11494387,0.69248354,6.919132,0.69248354,composite,2,,43,composite_f2_s43_in22k_v5conf,last
ISIC_0064644,BCN_0001400,BCN_0001400,60+,bcn20000,1,True,1,0.002871855,0.8907429,0.009787712,0.04763149,0.002769667,0.0026335684,0.043562714,0.8963844,5.134861,0.8963844,composite,2,,43,composite_f2_s43_in22k_v5conf,last
ISIC_0064646,BCN_0000846,BCN_0000846,60+,bcn20000,4,True,4,0.016706882,0.0022060242,0.003054795,0.066217504,0.87840897,0.0040598763,0.029346019,0.8973219,7.673816,0.8973219,composite,2,,43,composite_f2_s43_in22k_v5conf,last
ISIC_0064666,BCN_0003462,BCN_0003462,40-59,bcn20000,5,False,5,0.009297185,0.008672829,0.006583929,0.065389216,0.008892481,0.8568514,0.044312924,0.026862495,-6.8376427,0.026862495,composite,2,,43,composite_f2_s43_in22k_v5conf,last
ISIC_0064688,BCN_0002243,BCN_0002243,40-59,bcn20000,5,False,4,0.0692267,0.2991316,0.0066910544,0.10846044,0.4153875,0.0037949327,0.09730776,0.7837458,10.906352,0.7837458,composite,2,,43,composite_f2_s43_in22k_v5conf,last
ISIC_0064693,BCN_0002861,BCN_0002861,60+,bcn20000,4,True,4,0.009451668,0.004512558,0.0061824517,0.06587662,0.87301624,0.005007548,0.03595292,0.8869805,7.448822,0.8869805,composite,2,,43,composite_f2_s43_in22k_v5conf,last
ISIC_0064706,BCN_0004530,BCN_0004530,60+,bcn20000,5,False,5,0.010804405,0.008972226,0.009186494,0.07164677,0.004803442,0.84639525,0.048191413,0.024580073,-7.5709167,0.024580073,composite,2,,43,composite_f2_s43_in22k_v5conf,last
ISIC_0064731,BCN_0004680,BCN_0004680,60+,bcn20000,1,True,1,0.005893962,0.90527505,0.006814264,0.045069627,0.0037479172,0.0024643796,0.03073472,0.91491693,8.016411,0.91491693,composite,2,,43,composite_f2_s43_in22k_v5conf,last
ISIC_0064735,BCN_0002203,BCN_0002203,60+,bcn20000,0,True,1,0.07015575,0.777089,0.004295188,0.046853065,0.006776688,0.0033262207,0.091504075,0.85402143,7.5727634,0.85402143,composite,2,,43,composite_f2_s43_in22k_v5conf,last
ISIC_0064740,BCN_0004258,BCN_0004258,40-59,bcn20000,2,False,2,0.0068759467,0.0044658612,0.9026173,0.04624056,0.0067117093,0.0028563258,0.030232403,0.018053517,-6.171729,0.018053517,composite,2,,43,composite_f2_s43_in22k_v5conf,last
ISIC_0064751,BCN_0003074,BCN_0003074,60+,bcn20000,1,True,1,0.0049313307,0.894822,0.003792987,0.041455466,0.0060628843,0.008634858,0.04030056,0.9058162,6.643953,0.9058162,composite,2,,43,composite_f2_s43_in22k_v5conf,last
ISIC_0064753,BCN_0002004,BCN_0002004,40-59,bcn20000,1,True,1,0.005607105,0.90835327,0.004123249,0.04452433,0.004084484,0.0031676579,0.030139888,0.91804487,8.314979,0.91804487,composite,2,,43,composite_f2_s43_in22k_v5conf,last
ISIC_0064760,BCN_0004698,BCN_0004698,60+,bcn20000,0,True,0,0.93118125,0.003000641,0.0052479696,0.033531766,0.004122189,0.0026075419,0.020308554,0.93830407,6.4377356,0.93830407,composite,2,,43,composite_f2_s43_in22k_v5conf,last
ISIC_0064767,BCN_0002961,BCN_0002961,40-59,bcn20000,5,False,5,0.011479557,0.013860438,0.0074702674,0.11994442,0.026648134,0.77268255,0.047914762,0.05198813,-5.005071,0.05198813,composite,2,,43,composite_f2_s43_in22k_v5conf,last
ISIC_0064772,BCN_0005446,BCN_0005446,60+,bcn20000,5,False,5,0.013974072,0.014629784,0.062380332,0.11371196,0.066852994,0.6593367,0.0691142,0.09545685,-4.2007446,0.09545685,composite,2,,43,composite_f2_s43_in22k_v5conf,last
ISIC_0064773,BCN_0001031,BCN_0001031,<40,bcn20000,5,False,4,0.0058155726,0.004168979,0.0026533946,0.046240877,0.9091198,0.002626748,0.029374724,0.91910434,7.8776174,0.91910434,composite,2,,43,composite_f2_s43_in22k_v5conf,last
ISIC_0064798,BCN_0004418,BCN_0004418,40-59,bcn20000,5,False,4,0.009620342,0.009298079,0.007635106,0.07644259,0.85514027,0.0064309794,0.035432555,0.87405866,7.539874,0.87405866,composite,2,,43,composite_f2_s43_in22k_v5conf,last
ISIC_0064811,BCN_0004702,BCN_0004702,60+,bcn20000,0,True,2,0.13868639,0.0021742983,0.7379904,0.07541613,0.008733991,0.002821229,0.03417765,0.14959468,-3.5556505,0.14959468,composite,2,,43,composite_f2_s43_in22k_v5conf,last
ISIC_0064829,BCN_0004748,BCN_0004748,60+,bcn20000,4,True,4,0.010598632,0.019661715,0.0065661105,0.07778418,0.85089576,0.0046133087,0.029880324,0.8811561,8.880144,0.8811561,composite,2,,43,composite_f2_s43_in22k_v5conf,last
ISIC_0064854,BCN_0004566,BCN_0004566,40-59,bcn20000,5,False,5,0.010270248,0.007486019,0.009721984,0.06592568,0.005045096,0.8584323,0.04311876,0.022801362,-7.7470694,0.022801362,composite,2,,43,composite_f2_s43_in22k_v5conf,last
ISIC_0064906,BCN_0000656,BCN_0000656,<40,bcn20000,2,False,5,0.012084436,0.007052975,0.012707747,0.066043906,0.005968775,0.85467005,0.0414721,0.025106186,-7.074513,0.025106186,composite,2,,43,composite_f2_s43_in22k_v5conf,last
ISIC_0064908,BCN_0004932,BCN_0004932,<40,bcn20000,5,False,5,0.01091465,0.0076779244,0.007580142,0.065005876,0.0065843533,0.86084807,0.04138901,0.025176927,-7.2965918,0.025176927,composite,2,,43,composite_f2_s43_in22k_v5conf,last
ISIC_0064912,BCN_0004530,BCN_0004530,60+,bcn20000,5,False,5,0.011148641,0.0087298835,0.0077212886,0.07434627,0.00786973,0.84572405,0.04446029,0.027748255,-6.9154496,0.027748255,composite,2,,43,composite_f2_s43_in22k_v5conf,last
ISIC_0064952,BCN_0004329,BCN_0004329,40-59,bcn20000,5,False,5,0.008114748,0.0046858657,0.014401386,0.06927971,0.11672606,0.7208732,0.065919146,0.12952667,-3.4604692,0.12952667,composite,2,,43,composite_f2_s43_in22k_v5conf,last
ISIC_0064960,BCN_0001739,BCN_0001739,60+,bcn20000,6,False,6,0.0012148888,0.0008915609,0.0011189346,0.008920275,0.0012042032,0.0016939922,0.9849561,0.003310653,-7.691402,0.003310653,composite,2,,43,composite_f2_s43_in22k_v5conf,last
ISIC_0064964,BCN_0004813,BCN_0004813,<40,bcn20000,5,False,5,0.010601676,0.006338028,0.004513556,0.06626232,0.0065025273,0.85736674,0.048415147,0.023442231,-6.7909594,0.023442231,composite,2,,43,composite_f2_s43_in22k_v5conf,last
ISIC_0064975,BCN_0003264,BCN_0003264,40-59,bcn20000,1,True,1,0.0044389893,0.9047312,0.006556489,0.051321246,0.0028083636,0.0027335943,0.027410096,0.9119786,7.5130043,0.9119786,composite,2,,43,composite_f2_s43_in22k_v5conf,last
ISIC_0064976,BCN_0001669,BCN_0001669,60+,bcn20000,2,False,5,0.017474316,0.009119966,0.12630238,0.12768814,0.0040943213,0.63171136,0.0836095,0.030688602,-9.966034,0.030688602,composite,2,,43,composite_f2_s43_in22k_v5conf,last
ISIC_0065041,BCN_0005083,BCN_0005083,60+,bcn20000,1,True,1,0.0013764369,0.9051761,0.002576393,0.037953753,0.012813651,0.0025925764,0.037511133,0.9193662,7.8867235,0.9193662,composite,2,,43,composite_f2_s43_in22k_v5conf,last
ISIC_0065043,BCN_0004882,BCN_0004882,60+,bcn20000,5,False,4,0.011386311,0.0054464424,0.005922181,0.047414605,0.8951749,0.0041592238,0.030496342,0.9120077,7.4957747,0.9120077,composite,2,,43,composite_f2_s43_in22k_v5conf,last
ISIC_0065061,BCN_0000437,BCN_0000437,60+,bcn20000,1,True,1,0.0051089562,0.89573187,0.0050142487,0.053861566,0.0039653927,0.004049218,0.032268774,0.9048062,8.04326,0.9048062,composite,2,,43,composite_f2_s43_in22k_v5conf,last
ISIC_0065084,BCN_0005352,BCN_0005352,60+,bcn20000,1,True,0,0.832312,0.04793752,0.0056227394,0.066850714,0.0029449307,0.0048260554,0.039506048,0.88319445,8.131313,0.88319445,composite,2,,43,composite_f2_s43_in22k_v5conf,last
ISIC_0065091,BCN_0002861,BCN_0002861,60+,bcn20000,4,True,4,0.009412193,0.0071534673,0.006182113,0.062208727,0.8742748,0.0038593686,0.0369094,0.8908405,8.344863,0.8908405,composite,2,,43,composite_f2_s43_in22k_v5conf,last
ISIC_0065105,BCN_0003142,BCN_0003142,<40,bcn20000,5,False,5,0.0066593504,0.0055210614,0.0054772412,0.06523942,0.009973339,0.8578301,0.04929948,0.02215375,-6.896746,0.02215375,composite,2,,43,composite_f2_s43_in22k_v5conf,last
ISIC_0065141,BCN_0005352,BCN_0005352,60+,bcn20000,1,True,1,0.17204385,0.62261945,0.008311823,0.11646191,0.004607984,0.0073312004,0.068623714,0.7992713,8.693707,0.7992713,composite,2,,43,composite_f2_s43_in22k_v5conf,last
ISIC_0065146,BCN_0004025,BCN_0004025,60+,bcn20000,1,True,1,0.045733858,0.8141864,0.005275412,0.07961277,0.011176587,0.004033306,0.039981708,0.87109685,9.549453,0.87109685,composite,2,,43,composite_f2_s43_in22k_v5conf,last
ISIC_0065157,BCN_0002846,BCN_0002846,60+,bcn20000,1,True,1,0.010972327,0.9014377,0.0048844363,0.04527335,0.003546492,0.0030916857,0.030794032,0.9159565,7.742528,0.9159565,composite,2,,43,composite_f2_s43_in22k_v5conf,last
ISIC_0065173,BCN_0002598,BCN_0002598,60+,bcn20000,4,True,4,0.044137925,0.1307455,0.010565178,0.118305445,0.6305983,0.0027902618,0.06285746,0.80548173,10.091473,0.80548173,composite,2,,43,composite_f2_s43_in22k_v5conf,last
ISIC_0065178,BCN_0001459,BCN_0001459,40-59,bcn20000,1,True,1,0.04296419,0.84991705,0.002173905,0.062423315,0.0069211265,0.0056451345,0.029955247,0.8998024,8.7034445,0.8998024,composite,2,,43,composite_f2_s43_in22k_v5conf,last
ISIC_0065200,BCN_0002554,BCN_0002554,40-59,bcn20000,5,False,5,0.009080558,0.008270876,0.0068156268,0.06472116,0.0052024056,0.8655735,0.04033581,0.022553839,-7.774142,0.022553839,composite,2,,43,composite_f2_s43_in22k_v5conf,last
ISIC_0065210,BCN_0002861,BCN_0002861,60+,bcn20000,4,True,4,0.018484041,0.006167539,0.011052997,0.07469472,0.8405594,0.0044962387,0.044545088,0.865211,7.633676,0.865211,composite,2,,43,composite_f2_s43_in22k_v5conf,last
ISIC_0065215,BCN_0003724,BCN_0003724,60+,bcn20000,4,True,4,0.008317925,0.005755018,0.005176383,0.058320034,0.8818797,0.0046010124,0.035949923,0.89595264,8.0672865,0.89595264,composite,2,,43,composite_f2_s43_in22k_v5conf,last
ISIC_0065235,BCN_0002560,BCN_0002560,40-59,bcn20000,4,True,4,0.009108556,0.00611619,0.0061855894,0.05376913,0.8873335,0.004094508,0.033392437,0.90255827,8.299286,0.90255827,composite,2,,43,composite_f2_s43_in22k_v5conf,last
ISIC_0065239,BCN_0001379,BCN_0001379,40-59,bcn20000,3,False,4,0.0040237904,0.024267199,0.0029655043,0.06519993,0.865797,0.003445108,0.034301534,0.894088,9.357249,0.894088,composite,2,,43,composite_f2_s43_in22k_v5conf,last
ISIC_0065254,BCN_0000448,BCN_0000448,40-59,bcn20000,5,False,5,0.011130084,0.0068662236,0.0075817136,0.06541354,0.0053657317,0.8643058,0.039336864,0.023362039,-7.633048,0.023362039,composite,2,,43,composite_f2_s43_in22k_v5conf,last
ISIC_0065256,BCN_0002934,BCN_0002934,60+,bcn20000,1,True,1,0.01855556,0.88103867,0.0048488677,0.054617055,0.003342494,0.003611855,0.033985544,0.90293676,8.266578,0.90293676,composite,2,,43,composite_f2_s43_in22k_v5conf,last
ISIC_0065258,BCN_0001190,BCN_0001190,40-59,bcn20000,5,False,5,0.012661876,0.008054732,0.006399108,0.06736701,0.0055186707,0.8556701,0.044328492,0.026235279,-7.774709,0.026235279,composite,2,,43,composite_f2_s43_in22k_v5conf,last
ISIC_0065260,BCN_0002665,BCN_0002665,40-59,bcn20000,5,False,5,0.011122783,0.008222758,0.009529302,0.07232897,0.008621236,0.85027474,0.03990024,0.027966777,-6.4734097,0.027966777,composite,2,,43,composite_f2_s43_in22k_v5conf,last
ISIC_0065295,BCN_0000507,BCN_0000507,40-59,bcn20000,5,False,5,0.010982535,0.0076438165,0.009364087,0.06597202,0.005739118,0.8564801,0.043818243,0.02436547,-7.7729926,0.02436547,composite,2,,43,composite_f2_s43_in22k_v5conf,last
ISIC_0065310,BCN_0004588,BCN_0004588,60+,bcn20000,1,True,1,0.011590916,0.90096843,0.0048320177,0.0488957,0.0029624673,0.002833878,0.027916608,0.9155218,8.155353,0.9155218,composite,2,,43,composite_f2_s43_in22k_v5conf,last
ISIC_0065320,BCN_0000676,BCN_0000676,40-59,bcn20000,5,False,5,0.010657971,0.008258202,0.0073292106,0.075147554,0.016122442,0.82762694,0.054857716,0.035038613,-5.494114,0.035038613,composite,2,,43,composite_f2_s43_in22k_v5conf,last
ISIC_0065332,BCN_0001671,BCN_0001671,60+,bcn20000,5,False,5,0.0072750496,0.013134023,0.004969345,0.0711713,0.0050070276,0.845927,0.052516233,0.025416102,-6.9697933,0.025416102,composite,2,,43,composite_f2_s43_in22k_v5conf,last
ISIC_0065362,BCN_0005352,BCN_0005352,60+,bcn20000,1,True,1,0.012648819,0.8773451,0.00651626,0.059527695,0.0037818733,0.0044250116,0.035755314,0.89377576,8.143059,0.89377576,composite,2,,43,composite_f2_s43_in22k_v5conf,last
ISIC_0065379,BCN_0001189,BCN_0001189,40-59,bcn20000,4,True,4,0.007791422,0.008919183,0.006990679,0.06126152,0.87353086,0.0040613,0.03744492,0.89024144,8.4411,0.89024144,composite,2,,43,composite_f2_s43_in22k_v5conf,last
ISIC_0065400,BCN_0004786,BCN_0004786,<40,bcn20000,5,False,5,0.012175448,0.00654619,0.0072150934,0.06629978,0.005120512,0.8574104,0.045232605,0.02384215,-7.6904936,0.02384215,composite,2,,43,composite_f2_s43_in22k_v5conf,last
ISIC_0065449,BCN_0001513,BCN_0001513,40-59,bcn20000,4,True,0,0.7464564,0.16823977,0.004903501,0.041728966,0.002813122,0.0010367904,0.034821454,0.91750926,7.632498,0.91750926,composite,2,,43,composite_f2_s43_in22k_v5conf,last
ISIC_0065455,BCN_0005184,BCN_0005184,60+,bcn20000,0,True,1,0.24339683,0.3817371,0.19101758,0.1179462,0.004030961,0.007454898,0.054416418,0.6291649,3.7910142,0.6291649,composite,2,,43,composite_f2_s43_in22k_v5conf,last
ISIC_0065465,BCN_0000839,BCN_0000839,40-59,bcn20000,5,False,5,0.010783123,0.006786692,0.0045588883,0.06902075,0.012883155,0.8552504,0.04071703,0.030452969,-5.2844963,0.030452969,composite,2,,43,composite_f2_s43_in22k_v5conf,last
ISIC_0065495,BCN_0002405,BCN_0002405,60+,bcn20000,0,True,2,0.016768383,0.01021304,0.8779101,0.057984725,0.0044465414,0.0031513295,0.029525913,0.031427965,-5.5769415,0.031427965,composite,2,,43,composite_f2_s43_in22k_v5conf,last
ISIC_0065508,BCN_0000458,BCN_0000458,60+,bcn20000,1,True,0,0.7301255,0.0011175831,0.0022418385,0.15826522,0.020296626,0.004623457,0.08332988,0.7515397,6.5187182,0.7515397,composite,2,,43,composite_f2_s43_in22k_v5conf,last
ISIC_0065528,BCN_0004415,BCN_0004415,40-59,bcn20000,5,False,1,0.24383438,0.45498413,0.024759928,0.1661948,0.028540239,0.035073433,0.046613082,0.72735876,4.5892706,0.72735876,composite,2,,43,composite_f2_s43_in22k_v5conf,last
ISIC_0065539,BCN_0003352,BCN_0003352,60+,bcn20000,4,True,1,0.011995944,0.8558187,0.029505715,0.056114446,0.009355116,0.003197314,0.03401274,0.8771698,5.647416,0.8771698,composite,2,,43,composite_f2_s43_in22k_v5conf,last
ISIC_0065585,BCN_0003264,BCN_0003264,40-59,bcn20000,1,True,1,0.006217435,0.8957348,0.00558902,0.051783856,0.0038358225,0.0032684735,0.03357071,0.905788,8.100935,0.905788,composite,2,,43,composite_f2_s43_in22k_v5conf,last
ISIC_0065612,BCN_0001248,BCN_0001248,40-59,bcn20000,0,True,0,0.83821213,0.060388964,0.0054529635,0.0567726,0.0019458185,0.0034719026,0.033755682,0.9005469,8.23758,0.9005469,composite,2,,43,composite_f2_s43_in22k_v5conf,last
ISIC_0065624,BCN_0002233,BCN_0002233,60+,bcn20000,1,True,1,0.003479957,0.8997591,0.0077672154,0.051101543,0.005769273,0.005807057,0.02631589,0.9090083,5.8617344,0.9090083,composite,2,,43,composite_f2_s43_in22k_v5conf,last
ISIC_0065627,BCN_0000723,BCN_0000723,40-59,bcn20000,4,True,4,0.006616114,0.0071751457,0.009309845,0.07151373,0.8508606,0.012478884,0.042045683,0.86465186,6.3182755,0.86465186,composite,2,,43,composite_f2_s43_in22k_v5conf,last
ISIC_0065629,BCN_0001304,BCN_0001304,40-59,bcn20000,2,False,2,0.006407282,0.0041225166,0.89948905,0.049741473,0.0048038857,0.0038731168,0.031562705,0.015333684,-7.5639143,0.015333684,composite,2,,43,composite_f2_s43_in22k_v5conf,last
ISIC_0065633,BCN_0003308,BCN_0003308,40-59,bcn20000,0,True,0,0.9447054,0.0024507064,0.0041363873,0.026082551,0.0015454702,0.0026646827,0.018414823,0.9487016,5.591699,0.9487016,composite,2,,43,composite_f2_s43_in22k_v5conf,last
ISIC_0065649,BCN_0002161,BCN_0002161,60+,bcn20000,1,True,1,0.053457744,0.8245952,0.0048610093,0.06430561,0.00542094,0.0031597663,0.04419973,0.8834739,9.224605,0.8834739,composite,2,,43,composite_f2_s43_in22k_v5conf,last
ISIC_0065665,BCN_0004082,BCN_0004082,60+,bcn20000,1,True,1,0.011919311,0.8623092,0.006207548,0.069287755,0.007126192,0.0042486098,0.03890142,0.88135475,8.800601,0.88135475,composite,2,,43,composite_f2_s43_in22k_v5conf,last
ISIC_0065675,BCN_0001367,BCN_0001367,60+,bcn20000,4,True,4,0.009525594,0.006427885,0.0064027268,0.060891025,0.87257355,0.004000852,0.040178273,0.88852704,8.135221,0.88852704,composite,2,,43,composite_f2_s43_in22k_v5conf,last
ISIC_0065723,BCN_0003352,BCN_0003352,60+,bcn20000,4,True,4,0.007622057,0.008348363,0.006630834,0.057987936,0.8739145,0.0036755556,0.041820772,0.8898849,8.576493,0.8898849,composite,2,,43,composite_f2_s43_in22k_v5conf,last
ISIC_0065732,BCN_0003072,BCN_0003072,40-59,bcn20000,5,False,5,0.05607601,0.010119155,0.03767419,0.11283057,0.3305673,0.3693095,0.0834232,0.39676246,-0.67220825,0.39676246,composite,2,,43,composite_f2_s43_in22k_v5conf,last
ISIC_0065743,BCN_0001894,BCN_0001894,60+,bcn20000,1,True,4,0.005298275,0.0154183395,0.006466456,0.06090812,0.8646814,0.005085381,0.042141967,0.88539803,8.696711,0.88539803,composite,2,,43,composite_f2_s43_in22k_v5conf,last
ISIC_0065757,BCN_0000955,BCN_0000955,60+,bcn20000,2,False,1,0.009096936,0.90674883,0.007089352,0.04143889,0.005061559,0.003433395,0.02713112,0.9209073,7.6794558,0.9209073,composite,2,,43,composite_f2_s43_in22k_v5conf,last
ISIC_0065804,BCN_0001894,BCN_0001894,60+,bcn20000,1,True,4,0.0054613426,0.010659455,0.0067702844,0.056056783,0.8692,0.0049992753,0.046852898,0.8853208,8.205068,0.8853208,composite,2,,43,composite_f2_s43_in22k_v5conf,last
ISIC_0065805,BCN_0003115,BCN_0003115,60+,bcn20000,1,True,1,0.008434488,0.9048459,0.0050089443,0.045546208,0.0034083405,0.0028567866,0.029899308,0.9166887,7.8878946,0.9166887,composite,2,,43,composite_f2_s43_in22k_v5conf,last
ISIC_0065826,BCN_0002801,BCN_0002801,40-59,bcn20000,1,True,0,0.7356149,0.13075915,0.0070183123,0.0771038,0.0034701424,0.0034734602,0.04256026,0.86984414,8.310353,0.86984414,composite,2,,43,composite_f2_s43_in22k_v5conf,last
ISIC_0065828,BCN_0004608,BCN_0004608,60+,bcn20000,2,False,1,0.007861965,0.9058331,0.005495932,0.047161568,0.0032017995,0.0029040542,0.027541565,0.9168969,7.7749944,0.9168969,composite,2,,43,composite_f2_s43_in22k_v5conf,last
ISIC_0065830,BCN_0004170,BCN_0004170,60+,bcn20000,1,True,0,0.6372947,0.20904651,0.0049840454,0.09524311,0.003580109,0.0017819079,0.048069663,0.84992135,9.058328,0.84992135,composite,2,,43,composite_f2_s43_in22k_v5conf,last
ISIC_0065833,BCN_0002003,BCN_0002003,60+,bcn20000,1,True,1,0.37919566,0.48093656,0.0026451158,0.0762766,0.005980271,0.0035115,0.051454358,0.8661125,9.977678,0.8661125,composite,2,,43,composite_f2_s43_in22k_v5conf,last
ISIC_0065885,BCN_0005627,BCN_0005627,60+,bcn20000,1,True,1,0.0076307394,0.9042274,0.005348125,0.04458212,0.004547274,0.0044456134,0.029218802,0.91640544,7.612344,0.91640544,composite,2,,43,composite_f2_s43_in22k_v5conf,last
ISIC_0065887,BCN_0000110,BCN_0000110,40-59,bcn20000,2,False,2,0.01146494,0.0031307212,0.8849511,0.05543533,0.010523978,0.002367738,0.032126173,0.02511964,-5.696418,0.02511964,composite,2,,43,composite_f2_s43_in22k_v5conf,last
ISIC_0065928,BCN_0003724,BCN_0003724,60+,bcn20000,4,True,4,0.0072656213,0.004949816,0.0062833778,0.05285285,0.8880289,0.005402006,0.03521746,0.90024436,7.522795,0.90024436,composite,2,,43,composite_f2_s43_in22k_v5conf,last
ISIC_0065951,BCN_0005294,BCN_0005294,60+,bcn20000,2,False,2,0.011512238,0.00626208,0.9099681,0.038971487,0.004055661,0.0011335708,0.028096817,0.021829978,-5.925263,0.021829978,composite,2,,43,composite_f2_s43_in22k_v5conf,last
ISIC_0065990,BCN_0005192,BCN_0005192,60+,bcn20000,1,True,1,0.006020241,0.901831,0.004573773,0.048912395,0.0032304695,0.003514891,0.03191725,0.9110817,8.082697,0.9110817,composite,2,,43,composite_f2_s43_in22k_v5conf,last
ISIC_0066007,BCN_0002547,BCN_0002547,40-59,bcn20000,2,False,2,0.017516602,0.012593974,0.39046922,0.17334752,0.00753108,0.31491554,0.08362603,0.037641656,-8.96003,0.037641656,composite,2,,43,composite_f2_s43_in22k_v5conf,last
ISIC_0066020,BCN_0002814,BCN_0002814,60+,bcn20000,1,True,1,0.0028067813,0.911941,0.0056921593,0.041757554,0.0026996324,0.008668128,0.026434692,0.9174474,5.5276227,0.9174474,composite,2,,43,composite_f2_s43_in22k_v5conf,last
ISIC_0066041,BCN_0005715,BCN_0005715,60+,bcn20000,4,True,4,0.009075034,0.0072990777,0.008731846,0.06295604,0.86962616,0.0043321806,0.037979607,0.8860003,8.048716,0.8860003,composite,2,,43,composite_f2_s43_in22k_v5conf,last
ISIC_0066048,BCN_0002177,BCN_0002177,40-59,bcn20000,5,False,5,0.010696178,0.007480222,0.006635055,0.06871383,0.0061341026,0.85293067,0.047410045,0.024310501,-6.89283,0.024310501,composite,2,,43,composite_f2_s43_in22k_v5conf,last
ISIC_0066054,BCN_0004588,BCN_0004588,60+,bcn20000,1,True,1,0.0061431862,0.9150633,0.0046266294,0.04098902,0.0032965594,0.002561473,0.027319826,0.9245031,8.109241,0.9245031,composite,2,,43,composite_f2_s43_in22k_v5conf,last
ISIC_0066058,BCN_0002598,BCN_0002598,60+,bcn20000,4,True,2,0.0077113095,0.013581525,0.82190335,0.09434764,0.019741522,0.008216627,0.034498014,0.041034356,-5.6991544,0.041034356,composite,2,,43,composite_f2_s43_in22k_v5conf,last
ISIC_0066071,BCN_0000901,BCN_0000901,60+,bcn20000,1,True,1,0.008859296,0.8514664,0.009093219,0.07015806,0.012125211,0.005204691,0.043093126,0.8724509,8.140006,0.8724509,composite,2,,43,composite_f2_s43_in22k_v5conf,last
ISIC_0066072,BCN_0002651,BCN_0002651,60+,bcn20000,2,False,4,0.013211267,0.0038957873,0.010605558,0.044381887,0.8974528,0.0018155713,0.02863716,0.91455984,8.165671,0.91455984,composite,2,,43,composite_f2_s43_in22k_v5conf,last
ISIC_0066078,BCN_0002554,BCN_0002554,40-59,bcn20000,5,False,5,0.00951905,0.006558767,0.007096843,0.07151673,0.0056262133,0.85328865,0.046393678,0.02170403,-7.950678,0.02170403,composite,2,,43,composite_f2_s43_in22k_v5conf,last
ISIC_0066087,BCN_0000163,BCN_0000163,<40,bcn20000,5,False,5,0.010794512,0.0073260083,0.00831471,0.065927476,0.005627573,0.85789424,0.044115487,0.023748092,-7.6216345,0.023748092,composite,2,,43,composite_f2_s43_in22k_v5conf,last
ISIC_0066098,BCN_0003352,BCN_0003352,60+,bcn20000,4,True,1,0.007001636,0.8916837,0.0077269087,0.050004568,0.0053151054,0.0031082046,0.03515993,0.90400046,6.686185,0.90400046,composite,2,,43,composite_f2_s43_in22k_v5conf,last
ISIC_0066101,BCN_0003408,BCN_0003408,60+,bcn20000,4,True,4,0.0071573895,0.003582111,0.01260177,0.072984934,0.8626098,0.0038862,0.037177846,0.8733493,7.3889475,0.8733493,composite,2,,43,composite_f2_s43_in22k_v5conf,last
ISIC_0066119,BCN_0001894,BCN_0001894,60+,bcn20000,1,True,4,0.005122397,0.02085128,0.008539837,0.074844696,0.8355053,0.006853109,0.048283357,0.861479,8.237193,0.861479,composite,2,,43,composite_f2_s43_in22k_v5conf,last
ISIC_0066138,BCN_0002521,BCN_0002521,60+,bcn20000,2,False,1,0.0014660005,0.9216375,0.007959443,0.038940694,0.0035408682,0.003554105,0.022901433,0.9266443,5.8968368,0.9266443,composite,2,,43,composite_f2_s43_in22k_v5conf,last
ISIC_0066150,BCN_0001189,BCN_0001189,40-59,bcn20000,4,True,4,0.009268484,0.004964455,0.0055852495,0.056164898,0.8796574,0.0039314604,0.040428173,0.8938903,8.453165,0.8938903,composite,2,,43,composite_f2_s43_in22k_v5conf,last
ISIC_0066182,BCN_0002560,BCN_0002560,40-59,bcn20000,4,True,5,0.009032309,0.030602187,0.0050399173,0.10865244,0.34417978,0.4176452,0.084848166,0.38381428,0.05905009,0.38381428,composite,2,,43,composite_f2_s43_in22k_v5conf,last
ISIC_0066190,BCN_0005075,BCN_0005075,40-59,bcn20000,1,True,0,0.7876576,0.033348374,0.05470038,0.07114373,0.004385637,0.00086752925,0.04789677,0.82539165,5.1974397,0.82539165,composite,2,,43,composite_f2_s43_in22k_v5conf,last
ISIC_0066222,BCN_0000942,BCN_0000942,<40,bcn20000,5,False,5,0.0109407045,0.0063126152,0.008369614,0.069065176,0.0048284554,0.8583716,0.042111892,0.022081776,-7.931793,0.022081776,composite,2,,43,composite_f2_s43_in22k_v5conf,last
ISIC_0066242,BCN_0005712,BCN_0005712,40-59,bcn20000,5,False,5,0.009305192,0.0070151854,0.011729731,0.058170773,0.0032945096,0.8726994,0.03778528,0.019614886,-8.225531,0.019614886,composite,2,,43,composite_f2_s43_in22k_v5conf,last
ISIC_0066247,BCN_0003255,BCN_0003255,60+,bcn20000,5,False,5,0.010929751,0.007919471,0.0065050544,0.07228642,0.008617292,0.8513771,0.04236491,0.027466513,-7.0763493,0.027466513,composite,2,,43,composite_f2_s43_in22k_v5conf,last
ISIC_0066251,BCN_0000654,BCN_0000654,40-59,bcn20000,5,False,5,0.011967066,0.005840255,0.0053931684,0.068826996,0.011167048,0.8511471,0.045658275,0.028974367,-6.0538707,0.028974367,composite,2,,43,composite_f2_s43_in22k_v5conf,last
ISIC_0066256,BCN_0000537,BCN_0000537,60+,bcn20000,2,False,4,0.041148245,0.010822516,0.013376003,0.079184584,0.80877495,0.0022610095,0.04443276,0.8607457,8.9556265,0.8607457,composite,2,,43,composite_f2_s43_in22k_v5conf,last
ISIC_0066288,BCN_0000226,BCN_0000226,60+,bcn20000,2,False,2,0.003931487,0.0038901332,0.914805,0.04313895,0.004098505,0.013529615,0.016606316,0.011920125,-8.571149,0.011920125,composite,2,,43,composite_f2_s43_in22k_v5conf,last
ISIC_0066292,BCN_0000640,BCN_0000640,60+,bcn20000,1,True,4,0.0059671067,0.077041484,0.05587476,0.2154609,0.36244577,0.0068756407,0.27633432,0.44545436,3.7102535,0.44545436,composite,2,,43,composite_f2_s43_in22k_v5conf,last
ISIC_0066321,BCN_0004789,BCN_0004789,<40,bcn20000,5,False,5,0.01362985,0.010534784,0.03945458,0.088802174,0.005724459,0.78323936,0.05861484,0.029889092,-8.054773,0.029889092,composite,2,,43,composite_f2_s43_in22k_v5conf,last
ISIC_0066330,BCN_0001671,BCN_0001671,60+,bcn20000,5,False,5,0.010712709,0.0074014394,0.0077330107,0.06665056,0.006090233,0.85595614,0.045455933,0.024204383,-7.6369677,0.024204383,composite,2,,43,composite_f2_s43_in22k_v5conf,last
ISIC_0066338,BCN_0005531,BCN_0005531,<40,bcn20000,4,True,4,0.0075593535,0.0053409883,0.00576036,0.05642785,0.87483305,0.014461636,0.035616763,0.8877334,5.66642,0.8877334,composite,2,,43,composite_f2_s43_in22k_v5conf,last
ISIC_0066345,BCN_0000226,BCN_0000226,60+,bcn20000,2,False,2,0.008628048,0.005037925,0.8259058,0.06977615,0.005135247,0.04888235,0.036634486,0.01880122,-9.063942,0.01880122,composite,2,,43,composite_f2_s43_in22k_v5conf,last
ISIC_0066347,BCN_0005715,BCN_0005715,60+,bcn20000,4,True,4,0.009449122,0.0069199293,0.008116576,0.06543009,0.86819446,0.005011064,0.036878657,0.8845635,8.015766,0.8845635,composite,2,,43,composite_f2_s43_in22k_v5conf,last
ISIC_0066349,BCN_0002158,BCN_0002158,40-59,bcn20000,5,False,4,0.004195064,0.0052327174,0.010352711,0.08133837,0.84677225,0.009397295,0.042711522,0.85620004,5.338439,0.85620004,composite,2,,43,composite_f2_s43_in22k_v5conf,last
ISIC_0066397,BCN_0001240,BCN_0001240,<40,bcn20000,5,False,4,0.006454095,0.0038018886,0.009601649,0.07612524,0.82205546,0.014868745,0.06709301,0.83231145,5.141678,0.83231145,composite,2,,43,composite_f2_s43_in22k_v5conf,last
ISIC_0066400,BCN_0004797,BCN_0004797,40-59,bcn20000,3,False,5,0.015096831,0.0047283247,0.011436618,0.072419785,0.031434137,0.8219967,0.042887624,0.051259294,-3.4589193,0.051259294,composite,2,,43,composite_f2_s43_in22k_v5conf,last
ISIC_0066403,BCN_0003352,BCN_0003352,60+,bcn20000,4,True,1,0.002010762,0.87391263,0.026827423,0.0404602,0.011417617,0.0006751344,0.04469618,0.887341,4.827036,0.887341,composite,2,,43,composite_f2_s43_in22k_v5conf,last
ISIC_0066405,BCN_0001240,BCN_0001240,<40,bcn20000,5,False,4,0.0057235863,0.006155906,0.0076198527,0.07242699,0.8103061,0.025543582,0.07222401,0.8221856,4.0116606,0.8221856,composite,2,,43,composite_f2_s43_in22k_v5conf,last
ISIC_0066411,BCN_0000196,BCN_0000196,40-59,bcn20000,5,False,5,0.009500011,0.006799843,0.0058574555,0.06767338,0.009899608,0.8595627,0.040706985,0.026199464,-6.65162,0.026199464,composite,2,,43,composite_f2_s43_in22k_v5conf,last
ISIC_0066434,BCN_0005100,BCN_0005100,40-59,bcn20000,5,False,5,0.009999476,0.040364288,0.014224197,0.103946716,0.10390602,0.6769605,0.050598715,0.15426978,-1.6641686,0.15426978,composite,2,,43,composite_f2_s43_in22k_v5conf,last
ISIC_0066448,BCN_0002861,BCN_0002861,60+,bcn20000,4,True,4,0.009267438,0.003906747,0.008260458,0.07256775,0.8580778,0.010663721,0.037256073,0.871252,5.852296,0.871252,composite,2,,43,composite_f2_s43_in22k_v5conf,last
ISIC_0066449,BCN_0001894,BCN_0001894,60+,bcn20000,1,True,4,0.006844783,0.0078113056,0.009413337,0.061521932,0.85321957,0.0057178475,0.055471234,0.86787564,7.404422,0.86787564,composite,2,,43,composite_f2_s43_in22k_v5conf,last
ISIC_0066454,BCN_0004530,BCN_0004530,60+,bcn20000,5,False,4,0.0070418054,0.005047302,0.006328417,0.0649703,0.8644701,0.0102568725,0.04188522,0.87655926,6.4894934,0.87655926,composite,2,,43,composite_f2_s43_in22k_v5conf,last
ISIC_0066478,BCN_0001654,BCN_0001654,60+,bcn20000,1,True,1,0.05524031,0.8356552,0.004913217,0.059731808,0.0048223585,0.0024700905,0.037166964,0.8957179,9.69009,0.8957179,composite,2,,43,composite_f2_s43_in22k_v5conf,last
ISIC_0066480,BCN_0002921,BCN_0002921,40-59,bcn20000,5,False,5,0.010525561,0.006853566,0.0074863955,0.0658806,0.005294392,0.86180055,0.042158976,0.02267352,-7.8551683,0.02267352,composite,2,,43,composite_f2_s43_in22k_v5conf,last
ISIC_0066484,BCN_0001919,BCN_0001919,40-59,bcn20000,3,False,4,0.13565905,0.03055078,0.012569359,0.103297085,0.5265978,0.10349527,0.08783065,0.6928076,4.470882,0.6928076,composite,2,,43,composite_f2_s43_in22k_v5conf,last
ISIC_0066497,BCN_0003724,BCN_0003724,60+,bcn20000,4,True,4,0.0069641564,0.0044868668,0.005038652,0.052158233,0.88829464,0.0064872173,0.036570173,0.89974564,7.1083975,0.89974564,composite,2,,43,composite_f2_s43_in22k_v5conf,last
ISIC_0066503,BCN_0005100,BCN_0005100,40-59,bcn20000,5,False,5,0.009851875,0.0059737633,0.0076199737,0.07228456,0.00488229,0.8565239,0.04286363,0.020707928,-7.9976807,0.020707928,composite,2,,43,composite_f2_s43_in22k_v5conf,last
ISIC_0066529,BCN_0001713,BCN_0001713,<40,bcn20000,5,False,4,0.01394958,0.014924731,0.009608399,0.09455186,0.6711474,0.1364007,0.05941734,0.70002174,2.2541254,0.70002174,composite,2,,43,composite_f2_s43_in22k_v5conf,last
ISIC_0066547,BCN_0003116,BCN_0003116,60+,bcn20000,2,False,0,0.9392399,0.0030212454,0.0033135735,0.029247994,0.0045876503,0.0011799721,0.01940964,0.9468488,7.8838615,0.9468488,composite,2,,43,composite_f2_s43_in22k_v5conf,last
ISIC_0066569,BCN_0002208,BCN_0002208,60+,bcn20000,1,True,1,0.008746464,0.8986358,0.0048672697,0.048859797,0.004982057,0.003741858,0.030166678,0.9123643,8.0304785,0.9123643,composite,2,,43,composite_f2_s43_in22k_v5conf,last
ISIC_0066574,BCN_0005658,BCN_0005658,40-59,bcn20000,5,False,1,0.004558195,0.9247743,0.0038997084,0.035871875,0.005857115,0.0028542958,0.022184571,0.9351896,7.6895237,0.9351896,composite,2,,43,composite_f2_s43_in22k_v5conf,last
ISIC_0066584,BCN_0001671,BCN_0001671,60+,bcn20000,5,False,1,0.0060078884,0.8962132,0.0045039654,0.043600366,0.008303423,0.0070683965,0.03430275,0.9105245,6.9085674,0.9105245,composite,2,,43,composite_f2_s43_in22k_v5conf,last
ISIC_0066594,BCN_0000110,BCN_0000110,40-59,bcn20000,2,False,0,0.39600047,0.007015143,0.3403223,0.1443153,0.0153684495,0.0076095625,0.08936881,0.41838408,-1.8090507,0.41838408,composite,2,,43,composite_f2_s43_in22k_v5conf,last
ISIC_0066598,BCN_0004985,BCN_0004985,60+,bcn20000,1,True,0,0.89231986,0.01885029,0.003912294,0.048327982,0.0027779234,0.002098716,0.031712905,0.91394806,7.898019,0.91394806,composite,2,,43,composite_f2_s43_in22k_v5conf,last
ISIC_0066608,BCN_0005190,BCN_0005190,60+,bcn20000,1,True,1,0.0124367075,0.87251973,0.008292447,0.05213049,0.008501444,0.0051299976,0.0409891,0.8934579,7.550003,0.8934579,composite,2,,43,composite_f2_s43_in22k_v5conf,last
ISIC_0066617,BCN_0005446,BCN_0005446,60+,bcn20000,5,False,4,0.008407317,0.014539923,0.00999031,0.09793507,0.45217302,0.32886714,0.08808719,0.47512028,0.5961235,0.47512028,composite,2,,43,composite_f2_s43_in22k_v5conf,last
ISIC_0066628,BCN_0001940,BCN_0001940,<40,bcn20000,5,False,5,0.0108691845,0.0069222753,0.007391037,0.06360017,0.006038758,0.8613753,0.043803375,0.023830216,-7.550111,0.023830216,composite,2,,43,composite_f2_s43_in22k_v5conf,last
ISIC_0066643,BCN_0002059,BCN_0002059,60+,bcn20000,4,True,4,0.0048446967,0.0080820015,0.004471029,0.04739907,0.8968932,0.004975899,0.033334114,0.9098199,7.372737,0.9098199,composite,2,,43,composite_f2_s43_in22k_v5conf,last
ISIC_0066646,BCN_0000583,BCN_0000583,unknown,bcn20000,2,False,1,0.011585404,0.8227113,0.038339436,0.071468525,0.0038025803,0.0071533015,0.044939496,0.8380993,5.1699758,0.8380993,composite,2,,43,composite_f2_s43_in22k_v5conf,last
ISIC_0066648,BCN_0001919,BCN_0001919,40-59,bcn20000,3,False,0,0.7558466,0.056993257,0.06986734,0.059992373,0.014804694,0.0049274485,0.03756826,0.8276446,4.5280786,0.8276446,composite,2,,43,composite_f2_s43_in22k_v5conf,last
ISIC_0066684,BCN_0005057,BCN_0005057,60+,bcn20000,0,True,4,0.028815748,0.014426481,0.011788246,0.08269875,0.81067044,0.0017022322,0.049898062,0.85391265,9.544375,0.85391265,composite,2,,43,composite_f2_s43_in22k_v5conf,last
ISIC_0066713,BCN_0000942,BCN_0000942,<40,bcn20000,5,False,5,0.010722323,0.007118775,0.0066119703,0.067350104,0.0063704597,0.86133695,0.0404895,0.02421156,-7.1571383,0.02421156,composite,2,,43,composite_f2_s43_in22k_v5conf,last
ISIC_0066724,BCN_0002665,BCN_0002665,40-59,bcn20000,5,False,2,0.00818669,0.009296971,0.7858566,0.10100784,0.0066639083,0.02091129,0.06807673,0.02414757,-7.948653,0.02414757,composite,2,,43,composite_f2_s43_in22k_v5conf,last
ISIC_0066729,BCN_0000507,BCN_0000507,40-59,bcn20000,5,False,5,0.010787024,0.007910952,0.0059748176,0.06364788,0.007888884,0.8596648,0.04412564,0.02658686,-7.2096233,0.02658686,composite,2,,43,composite_f2_s43_in22k_v5conf,last
ISIC_0066735,BCN_0004342,BCN_0004342,40-59,bcn20000,2,False,5,0.01044915,0.005908174,0.0065373327,0.060998384,0.0053996863,0.8692661,0.04144117,0.02175701,-7.2300425,0.02175701,composite,2,,43,composite_f2_s43_in22k_v5conf,last
ISIC_0066761,BCN_0001225,BCN_0001225,60+,bcn20000,1,True,0,0.8136298,0.065672874,0.0066724033,0.056774598,0.0052749435,0.0055756844,0.046399724,0.88457763,7.4530354,0.88457763,composite,2,,43,composite_f2_s43_in22k_v5conf,last
ISIC_0066776,BCN_0002598,BCN_0002598,60+,bcn20000,4,True,4,0.011495367,0.0028943229,0.0010948618,0.038116973,0.91669726,0.0021657948,0.027535468,0.93108696,8.6982355,0.93108696,composite,2,,43,composite_f2_s43_in22k_v5conf,last
ISIC_0066824,BCN_0002208,BCN_0002208,60+,bcn20000,1,True,1,0.008634256,0.9073389,0.0037224472,0.0437963,0.0037372732,0.0028942435,0.02987654,0.91971046,8.548744,0.91971046,composite,2,,43,composite_f2_s43_in22k_v5conf,last
ISIC_0066825,BCN_0002759,BCN_0002759,60+,bcn20000,0,True,0,0.35063955,0.0050459118,0.025776273,0.15570179,0.16139986,0.17316912,0.12826748,0.5170853,0.6362527,0.5170853,composite,2,,43,composite_f2_s43_in22k_v5conf,last
ISIC_0066889,BCN_0001190,BCN_0001190,40-59,bcn20000,5,False,5,0.010696134,0.007554523,0.006613848,0.065106794,0.0047620703,0.8625109,0.042755593,0.023012727,-8.080047,0.023012727,composite,2,,43,composite_f2_s43_in22k_v5conf,last
ISIC_0066932,BCN_0005091,BCN_0005091,60+,bcn20000,1,True,1,0.007609282,0.9039121,0.0042601284,0.0494719,0.0030571704,0.0026367928,0.029052619,0.9145786,8.393622,0.9145786,composite,2,,43,composite_f2_s43_in22k_v5conf,last
ISIC_0066963,BCN_0003662,BCN_0003662,40-59,bcn20000,5,False,5,0.010764443,0.0064336364,0.0067902273,0.06873483,0.005932211,0.856661,0.044683624,0.02313029,-7.473297,0.02313029,composite,2,,43,composite_f2_s43_in22k_v5conf,last
ISIC_0066997,BCN_0005075,BCN_0005075,40-59,bcn20000,1,True,0,0.6020479,0.023892958,0.22413217,0.087861,0.0032181137,0.0015474893,0.057300393,0.629159,0.45147812,0.629159,composite,2,,43,composite_f2_s43_in22k_v5conf,last
ISIC_0067031,BCN_0004530,BCN_0004530,60+,bcn20000,5,False,4,0.012067215,0.009576124,0.009766654,0.0989632,0.57627743,0.21591097,0.07743842,0.5979208,1.5172683,0.5979208,composite,2,,43,composite_f2_s43_in22k_v5conf,last
ISIC_0067039,BCN_0000537,BCN_0000537,60+,bcn20000,2,False,4,0.008654868,0.005214977,0.00783533,0.052787848,0.8861979,0.0043850904,0.034923866,0.90006775,7.4429703,0.90006775,composite,2,,43,composite_f2_s43_in22k_v5conf,last
ISIC_0067063,BCN_0002878,BCN_0002878,60+,bcn20000,1,True,1,0.00767152,0.8902489,0.0058418475,0.05378335,0.004859495,0.003860132,0.033734776,0.90277994,7.991207,0.90277994,composite,2,,43,composite_f2_s43_in22k_v5conf,last
ISIC_0067077,BCN_0001659,BCN_0001659,60+,bcn20000,5,False,5,0.010168753,0.007956447,0.005408219,0.057511065,0.0059731198,0.87787706,0.035105437,0.024098318,-6.317774,0.024098318,composite,2,,43,composite_f2_s43_in22k_v5conf,last
ISIC_0067080,BCN_0002783,BCN_0002783,40-59,bcn20000,1,True,1,0.011910641,0.8758267,0.0059751202,0.058222152,0.0040518674,0.00455045,0.039462958,0.8917892,7.848675,0.8917892,composite,2,,43,composite_f2_s43_in22k_v5conf,last
ISIC_0067122,BCN_0004698,BCN_0004698,60+,bcn20000,0,True,0,0.78579754,0.0507754,0.041091226,0.07794337,0.0045761415,0.005163274,0.03465303,0.8411491,5.5889587,0.8411491,composite,2,,43,composite_f2_s43_in22k_v5conf,last
ISIC_0067125,BCN_0000226,BCN_0000226,60+,bcn20000,2,False,2,0.026017584,0.080565654,0.41915146,0.21323511,0.011205024,0.14477316,0.10505199,0.11778826,-5.639632,0.11778826,composite,2,,43,composite_f2_s43_in22k_v5conf,last
ISIC_0067141,BCN_0002961,BCN_0002961,40-59,bcn20000,5,False,4,0.005104502,0.0057919337,0.0058636926,0.052928954,0.89402074,0.0035782317,0.032711938,0.9049172,7.5240993,0.9049172,composite,2,,43,composite_f2_s43_in22k_v5conf,last
ISIC_0067149,BCN_0004838,BCN_0004838,<40,bcn20000,5,False,0,0.6734498,0.04350371,0.1375861,0.084631436,0.002553212,0.00333055,0.05494525,0.71950674,0.8121399,0.71950674,composite,2,,43,composite_f2_s43_in22k_v5conf,last
ISIC_0067154,BCN_0003632,BCN_0003632,60+,bcn20000,1,True,1,0.21987234,0.6379676,0.013957296,0.074803375,0.005157845,0.0033003017,0.04494122,0.8629978,7.1919613,0.8629978,composite,2,,43,composite_f2_s43_in22k_v5conf,last
ISIC_0067156,BCN_0004789,BCN_0004789,<40,bcn20000,5,False,2,0.018725226,0.01456137,0.54790914,0.11275689,0.0060731927,0.23333202,0.06664221,0.039359786,-9.014956,0.039359786,composite,2,,43,composite_f2_s43_in22k_v5conf,last
ISIC_0067164,BCN_0002048,BCN_0002048,<40,bcn20000,5,False,5,0.011576258,0.007700003,0.008107084,0.0710569,0.0057386714,0.8507515,0.045069512,0.025014933,-7.5248694,0.025014933,composite,2,,43,composite_f2_s43_in22k_v5conf,last
ISIC_0067176,BCN_0003662,BCN_0003662,40-59,bcn20000,5,False,5,0.010524593,0.006048874,0.0075259795,0.06664438,0.0051904744,0.86081946,0.043246254,0.021763941,-7.605028,0.021763941,composite,2,,43,composite_f2_s43_in22k_v5conf,last
ISIC_0067220,BCN_0004563,BCN_0004563,60+,bcn20000,5,False,4,0.007081857,0.005224001,0.0050252145,0.051022504,0.892797,0.005348341,0.03350114,0.90510285,7.3729153,0.90510285,composite,2,,43,composite_f2_s43_in22k_v5conf,last
ISIC_0067228,BCN_0004680,BCN_0004680,60+,bcn20000,1,True,1,0.0066705206,0.8884678,0.007794715,0.054148734,0.004478233,0.003374577,0.035065357,0.89961654,7.5343413,0.89961654,composite,2,,43,composite_f2_s43_in22k_v5conf,last
ISIC_0067235,BCN_0005179,BCN_0005179,40-59,bcn20000,4,True,4,0.026536047,0.0019503613,0.005810885,0.054820944,0.8566562,0.02372614,0.030499347,0.8851426,4.414337,0.8851426,composite,2,,43,composite_f2_s43_in22k_v5conf,last
ISIC_0067240,BCN_0003724,BCN_0003724,60+,bcn20000,4,True,4,0.008763086,0.0051776124,0.006588245,0.060998924,0.8784004,0.004082698,0.03598911,0.8923411,8.182512,0.8923411,composite,2,,43,composite_f2_s43_in22k_v5conf,last
ISIC_0067243,BCN_0002861,BCN_0002861,60+,bcn20000,4,True,4,0.011337997,0.004825924,0.008516954,0.062111154,0.8723316,0.0037693817,0.037106916,0.88849556,7.9710712,0.88849556,composite,2,,43,composite_f2_s43_in22k_v5conf,last
ISIC_0067256,BCN_0000344,BCN_0000344,40-59,bcn20000,1,True,1,0.010502116,0.88473463,0.004950923,0.05624713,0.0046628797,0.0035283198,0.03537394,0.8998996,8.470435,0.8998996,composite,2,,43,composite_f2_s43_in22k_v5conf,last
ISIC_0067265,BCN_0002603,BCN_0002603,60+,bcn20000,1,True,1,0.00871121,0.89783704,0.004715172,0.05040138,0.004321757,0.0033459114,0.030667583,0.91087,8.46303,0.91087,composite,2,,43,composite_f2_s43_in22k_v5conf,last
ISIC_0067280,BCN_0005542,BCN_0005542,60+,bcn20000,0,True,1,0.24815106,0.5566224,0.009614729,0.103863955,0.0019390483,0.0015171116,0.07829168,0.8067125,8.094173,0.8067125,composite,2,,43,composite_f2_s43_in22k_v5conf,last
ISIC_0067281,BCN_0005672,BCN_0005672,40-59,bcn20000,1,True,1,0.0076346695,0.90983385,0.004750399,0.0433059,0.0030367603,0.002450366,0.028988054,0.9205053,8.065967,0.9205053,composite,2,,43,composite_f2_s43_in22k_v5conf,last
ISIC_0067295,BCN_0003477,BCN_0003477,60+,bcn20000,1,True,1,0.007136792,0.8890674,0.006100607,0.056842085,0.0051789503,0.0037470185,0.03192709,0.90138316,8.153647,0.90138316,composite,2,,43,composite_f2_s43_in22k_v5conf,last
ISIC_0067311,BCN_0002417,BCN_0002417,40-59,bcn20000,5,False,5,0.010688943,0.0067603025,0.0069835726,0.06458898,0.0052424143,0.8628168,0.042918894,0.02269166,-7.9372067,0.02269166,composite,2,,43,composite_f2_s43_in22k_v5conf,last
ISIC_0067327,BCN_0000196,BCN_0000196,40-59,bcn20000,5,False,5,0.010811637,0.00751969,0.007519761,0.06808524,0.0072744484,0.8554838,0.043305345,0.025605775,-7.19213,0.025605775,composite,2,,43,composite_f2_s43_in22k_v5conf,last
ISIC_0067357,BCN_0002520,BCN_0002520,60+,bcn20000,1,True,1,0.0044179526,0.8997844,0.0048011453,0.05035018,0.0068361233,0.0035785725,0.030231595,0.91103846,8.470136,0.91103846,composite,2,,43,composite_f2_s43_in22k_v5conf,last
ISIC_0067377,BCN_0000284,BCN_0000284,60+,bcn20000,0,True,0,0.9397033,0.002779619,0.0030680394,0.03184487,0.002473584,0.0019241404,0.01820651,0.9449565,7.047034,0.9449565,composite,2,,43,composite_f2_s43_in22k_v5conf,last
ISIC_0067394,BCN_0004683,BCN_0004683,60+,bcn20000,0,True,0,0.87253815,0.0036694452,0.006351801,0.049865764,0.037249934,0.0011703944,0.029154524,0.9134575,9.125771,0.9134575,composite,2,,43,composite_f2_s43_in22k_v5conf,last
ISIC_0067449,BCN_0001397,BCN_0001397,40-59,bcn20000,5,False,5,0.011661726,0.007045162,0.006359212,0.06808087,0.0056366636,0.8603846,0.040831752,0.024343552,-7.571375,0.024343552,composite,2,,43,composite_f2_s43_in22k_v5conf,last
ISIC_0067456,BCN_0001745,BCN_0001745,60+,bcn20000,1,True,1,0.00743928,0.8997255,0.004839244,0.049464583,0.0035433967,0.0031741832,0.031813726,0.9107081,8.340488,0.9107081,composite,2,,43,composite_f2_s43_in22k_v5conf,last
ISIC_0067488,BCN_0004941,BCN_0004941,60+,bcn20000,4,True,1,0.016573533,0.6784915,0.009675927,0.11390684,0.10194474,0.0033856537,0.076021835,0.79700977,9.935835,0.79700977,composite,2,,43,composite_f2_s43_in22k_v5conf,last
ISIC_0067507,BCN_0000353,BCN_0000353,40-59,bcn20000,5,False,5,0.010487198,0.0067723487,0.0054491824,0.06800001,0.004972939,0.8607108,0.043607533,0.022232484,-8.036655,0.022232484,composite,2,,43,composite_f2_s43_in22k_v5conf,last
ISIC_0067512,BCN_0003258,BCN_0003258,40-59,bcn20000,4,True,5,0.013869391,0.011798796,0.006857716,0.08028495,0.015047353,0.82477504,0.04736674,0.040715538,-5.743993,0.040715538,composite,2,,43,composite_f2_s43_in22k_v5conf,last
ISIC_0067532,BCN_0002846,BCN_0002846,60+,bcn20000,1,True,1,0.008443087,0.8841743,0.004376329,0.05256147,0.0051775207,0.0041443217,0.04112302,0.89779484,7.875113,0.89779484,composite,2,,43,composite_f2_s43_in22k_v5conf,last
ISIC_0067544,BCN_0001040,BCN_0001040,60+,bcn20000,0,True,0,0.94563407,0.0020141555,0.003523017,0.024609067,0.0033111388,0.0015253894,0.019383179,0.9509594,7.060605,0.9509594,composite,2,,43,composite_f2_s43_in22k_v5conf,last
ISIC_0067551,BCN_0004885,BCN_0004885,60+,bcn20000,5,False,4,0.03710405,0.22845638,0.013371985,0.14865458,0.45926705,0.040268596,0.07287738,0.72482747,6.0290766,0.72482747,composite,2,,43,composite_f2_s43_in22k_v5conf,last
ISIC_0067565,BCN_0002560,BCN_0002560,40-59,bcn20000,4,True,4,0.009303693,0.006508619,0.005382213,0.058071136,0.88189656,0.0047283927,0.034109384,0.8977089,8.3415985,0.8977089,composite,2,,43,composite_f2_s43_in22k_v5conf,last
ISIC_0067573,BCN_0005307,BCN_0005307,40-59,bcn20000,5,False,5,0.010842563,0.0060450877,0.011092744,0.07543854,0.0038434262,0.84788066,0.04485702,0.020731077,-8.673406,0.020731077,composite,2,,43,composite_f2_s43_in22k_v5conf,last
ISIC_0067603,BCN_0000472,BCN_0000472,40-59,bcn20000,5,False,5,0.009847983,0.006986886,0.0062580835,0.06803091,0.0068489895,0.8591582,0.04286894,0.023683857,-7.2419963,0.023683857,composite,2,,43,composite_f2_s43_in22k_v5conf,last
ISIC_0067626,BCN_0004085,BCN_0004085,60+,bcn20000,0,True,2,0.18010478,0.13474132,0.46686557,0.1318995,0.022067286,0.0035726351,0.060748916,0.33691338,0.12830377,0.33691338,composite,2,,43,composite_f2_s43_in22k_v5conf,last
ISIC_0067632,BCN_0003461,BCN_0003461,60+,bcn20000,0,True,0,0.91972125,0.023062637,0.0017719612,0.01901734,0.019645467,0.0010860164,0.015695317,0.96242934,9.2381735,0.96242934,composite,2,,43,composite_f2_s43_in22k_v5conf,last
ISIC_0067643,BCN_0005665,BCN_0005665,60+,bcn20000,0,True,1,0.07982626,0.79977787,0.0064634145,0.06585796,0.0028477455,0.0034982916,0.041728396,0.88245183,8.779222,0.88245183,composite,2,,43,composite_f2_s43_in22k_v5conf,last
ISIC_0067672,BCN_0000331,BCN_0000331,40-59,bcn20000,5,False,5,0.012136314,0.0084189745,0.007848279,0.06707303,0.0049137003,0.85530186,0.04430788,0.025468988,-8.027155,0.025468988,composite,2,,43,composite_f2_s43_in22k_v5conf,last
ISIC_0067676,BCN_0002346,BCN_0002346,60+,bcn20000,0,True,1,0.028615518,0.872625,0.0052394536,0.05926726,0.001802443,0.0020659287,0.030384414,0.903043,8.074317,0.903043,composite,2,,43,composite_f2_s43_in22k_v5conf,last
ISIC_0067692,BCN_0005294,BCN_0005294,60+,bcn20000,2,False,2,0.013701454,0.0061802375,0.86576587,0.05164257,0.010717502,0.0033478762,0.048644513,0.030599194,-5.2093177,0.030599194,composite,2,,43,composite_f2_s43_in22k_v5conf,last
ISIC_0067707,BCN_0002215,BCN_0002215,60+,bcn20000,1,True,0,0.6183158,0.24411513,0.011012426,0.079921894,0.0052974075,0.0012088793,0.040128488,0.86772835,9.313385,0.86772835,composite,2,,43,composite_f2_s43_in22k_v5conf,last
ISIC_0067718,BCN_0002177,BCN_0002177,40-59,bcn20000,5,False,5,0.011364555,0.00812741,0.0084305415,0.07393428,0.0138091,0.8381792,0.04615492,0.033301063,-5.200844,0.033301063,composite,2,,43,composite_f2_s43_in22k_v5conf,last
ISIC_0067730,BCN_0003038,BCN_0003038,60+,bcn20000,1,True,1,0.006477153,0.90223503,0.003912242,0.043994837,0.006119447,0.003466418,0.03379489,0.91483164,8.31492,0.91483164,composite,2,,43,composite_f2_s43_in22k_v5conf,last
ISIC_0067733,BCN_0001286,BCN_0001286,60+,bcn20000,4,True,4,0.009428521,0.0058459383,0.007022225,0.06131196,0.87491447,0.0037498162,0.03772714,0.89018893,8.393174,0.89018893,composite,2,,43,composite_f2_s43_in22k_v5conf,last
ISIC_0067734,BCN_0002259,BCN_0002259,60+,bcn20000,2,False,4,0.39178327,0.0061409795,0.014143325,0.10267786,0.41991243,0.006799282,0.058542825,0.81783664,8.809669,0.81783664,composite,2,,43,composite_f2_s43_in22k_v5conf,last
ISIC_0067736,BCN_0000428,BCN_0000428,40-59,bcn20000,1,True,4,0.010326991,0.021342685,0.004673203,0.076484196,0.83853304,0.005379239,0.043260694,0.8702027,8.635467,0.8702027,composite,2,,43,composite_f2_s43_in22k_v5conf,last
ISIC_0067738,BCN_0003912,BCN_0003912,<40,bcn20000,5,False,5,0.01773371,0.0067991964,0.006686097,0.069477044,0.005394092,0.85181296,0.04209695,0.029926999,-7.0525947,0.029926999,composite,2,,43,composite_f2_s43_in22k_v5conf,last
ISIC_0067747,BCN_0005525,BCN_0005525,40-59,bcn20000,4,True,4,0.04481585,0.009523005,0.010636619,0.18292454,0.4478823,0.18984063,0.114377074,0.50222117,0.7495842,0.50222117,composite,2,,43,composite_f2_s43_in22k_v5conf,last
ISIC_0067752,BCN_0002554,BCN_0002554,40-59,bcn20000,5,False,5,0.009952619,0.0073718675,0.008554129,0.0685251,0.006100094,0.85316277,0.04633333,0.02342458,-7.4607697,0.02342458,composite,2,,43,composite_f2_s43_in22k_v5conf,last
ISIC_0067755,BCN_0001051,BCN_0001051,60+,bcn20000,0,True,0,0.8952063,0.0054146834,0.02048278,0.046094563,0.0027658688,0.00080987706,0.029225955,0.90338683,5.0991554,0.90338683,composite,2,,43,composite_f2_s43_in22k_v5conf,last
ISIC_0067801,BCN_0004882,BCN_0004882,60+,bcn20000,5,False,5,0.009593992,0.006439694,0.00731593,0.06359983,0.003940875,0.8695396,0.03957001,0.019974561,-7.90693,0.019974561,composite,2,,43,composite_f2_s43_in22k_v5conf,last
ISIC_0067812,BCN_0002241,BCN_0002241,60+,bcn20000,1,True,1,0.0409736,0.8203494,0.0060198377,0.07897492,0.0038885032,0.0031775332,0.046616293,0.8652115,8.879645,0.8652115,composite,2,,43,composite_f2_s43_in22k_v5conf,last
ISIC_0067818,BCN_0002660,BCN_0002660,60+,bcn20000,1,True,1,0.0074106627,0.893001,0.0069919564,0.05110836,0.005898381,0.0035136114,0.03207601,0.90631,7.916293,0.90631,composite,2,,43,composite_f2_s43_in22k_v5conf,last
ISIC_0067855,BCN_0003308,BCN_0003308,40-59,bcn20000,0,True,0,0.94903225,0.0046468866,0.0031047892,0.025548398,0.0010292744,0.0017343722,0.014904046,0.9547084,6.615411,0.9547084,composite,2,,43,composite_f2_s43_in22k_v5conf,last
ISIC_0067856,BCN_0004052,BCN_0004052,60+,bcn20000,2,False,4,0.04077556,0.0051812283,0.009226378,0.049454715,0.8368752,0.024731627,0.033755198,0.882832,6.7727947,0.882832,composite,2,,43,composite_f2_s43_in22k_v5conf,last
ISIC_0067859,BCN_0000868,BCN_0000868,60+,bcn20000,5,False,4,0.010378223,0.009205291,0.0072621983,0.054700397,0.8823744,0.0029290363,0.033150505,0.9019579,8.208365,0.9019579,composite,2,,43,composite_f2_s43_in22k_v5conf,last
ISIC_0067906,BCN_0004838,BCN_0004838,<40,bcn20000,5,False,1,0.03649229,0.75643325,0.09076961,0.055679906,0.0076814448,0.007448766,0.045494787,0.80060697,3.7548187,0.80060697,composite,2,,43,composite_f2_s43_in22k_v5conf,last
ISIC_0067967,BCN_0001894,BCN_0001894,60+,bcn20000,1,True,1,0.005417656,0.8617037,0.0054896525,0.067474954,0.018448783,0.004985199,0.03648008,0.8855701,8.648935,0.8855701,composite,2,,43,composite_f2_s43_in22k_v5conf,last
ISIC_0067974,BCN_0000259,BCN_0000259,<40,bcn20000,5,False,5,0.016799273,0.009596968,0.008343857,0.12656668,0.112192325,0.64562625,0.080874614,0.13858856,-3.1035223,0.13858856,composite,2,,43,composite_f2_s43_in22k_v5conf,last
ISIC_0067979,BCN_0001991,BCN_0001991,60+,bcn20000,4,True,4,0.022719154,0.013198007,0.0057206834,0.076902956,0.8424239,0.0015233646,0.037511837,0.8783411,9.733906,0.8783411,composite,2,,43,composite_f2_s43_in22k_v5conf,last
ISIC_0067997,BCN_0004228,BCN_0004228,60+,bcn20000,1,True,1,0.0063173412,0.8312868,0.004693676,0.08082705,0.010917131,0.022986948,0.042971093,0.84852123,5.3967915,0.84852123,composite,2,,43,composite_f2_s43_in22k_v5conf,last
ISIC_0068001,BCN_0003462,BCN_0003462,40-59,bcn20000,5,False,5,0.01006727,0.0072391843,0.0064316243,0.06465081,0.0055608544,0.8642276,0.041822616,0.022867309,-7.6646414,0.022867309,composite,2,,43,composite_f2_s43_in22k_v5conf,last
ISIC_0068017,BCN_0003038,BCN_0003038,60+,bcn20000,1,True,1,0.0075315568,0.88624936,0.005639536,0.0531109,0.006214026,0.005165516,0.036089122,0.89999497,7.9965134,0.89999497,composite,2,,43,composite_f2_s43_in22k_v5conf,last
ISIC_0068032,BCN_0000437,BCN_0000437,60+,bcn20000,1,True,1,0.00648273,0.90182555,0.005189912,0.04883616,0.004059068,0.0033267552,0.030279795,0.91236734,8.000899,0.91236734,composite,2,,43,composite_f2_s43_in22k_v5conf,last
ISIC_0068033,BCN_0000466,BCN_0000466,40-59,bcn20000,1,True,1,0.00521324,0.9169054,0.0046271356,0.036248397,0.0036678067,0.0044745803,0.028863434,0.9257865,7.2168846,0.9257865,composite,2,,43,composite_f2_s43_in22k_v5conf,last
ISIC_0068087,BCN_0004608,BCN_0004608,60+,bcn20000,2,False,1,0.006796741,0.8972384,0.006907831,0.049821693,0.0048315236,0.0036769563,0.03072694,0.90886664,7.511944,0.90886664,composite,2,,43,composite_f2_s43_in22k_v5conf,last
ISIC_0068090,BCN_0003587,BCN_0003587,40-59,bcn20000,5,False,5,0.013884634,0.0074309725,0.015799351,0.0739505,0.004600882,0.8389988,0.045334786,0.025916489,-7.886809,0.025916489,composite,2,,43,composite_f2_s43_in22k_v5conf,last
ISIC_0068117,BCN_0004062,BCN_0004062,60+,bcn20000,4,True,4,0.018515935,0.005163674,0.0064612036,0.062434044,0.8595661,0.005992386,0.041866664,0.8832457,7.661811,0.8832457,composite,2,,43,composite_f2_s43_in22k_v5conf,last
ISIC_0068124,BCN_0004301,BCN_0004301,60+,bcn20000,1,True,1,0.009328857,0.8934492,0.004816277,0.052693047,0.004283196,0.0040270793,0.031402323,0.9070612,7.982338,0.9070612,composite,2,,43,composite_f2_s43_in22k_v5conf,last
ISIC_0068129,BCN_0000939,BCN_0000939,60+,bcn20000,4,True,0,0.42379296,0.0063592102,0.021884643,0.16745831,0.28977686,0.0061708516,0.08455712,0.71992904,6.8804994,0.71992904,composite,2,,43,composite_f2_s43_in22k_v5conf,last
ISIC_0068130,BCN_0005648,BCN_0005648,<40,bcn20000,5,False,5,0.010779189,0.010210106,0.008093317,0.0709261,0.034126192,0.8258502,0.040014822,0.055115487,-4.0549607,0.055115487,composite,2,,43,composite_f2_s43_in22k_v5conf,last
ISIC_0068137,BCN_0005249,BCN_0005249,60+,bcn20000,4,True,4,0.0075074746,0.006261302,0.006399575,0.054882344,0.88506293,0.0055716718,0.034314685,0.8988317,7.4623957,0.8988317,composite,2,,43,composite_f2_s43_in22k_v5conf,last
ISIC_0068155,BCN_0002417,BCN_0002417,40-59,bcn20000,5,False,5,0.010848605,0.0066792923,0.0069849207,0.06466929,0.005710884,0.8619865,0.043120548,0.023238782,-7.831148,0.023238782,composite,2,,43,composite_f2_s43_in22k_v5conf,last
ISIC_0068158,BCN_0002961,BCN_0002961,40-59,bcn20000,5,False,5,0.011325943,0.008077113,0.0060297395,0.07038391,0.011700599,0.85394025,0.0385424,0.031103656,-5.845939,0.031103656,composite,2,,43,composite_f2_s43_in22k_v5conf,last
ISIC_0068185,BCN_0005446,BCN_0005446,60+,bcn20000,5,False,5,0.009313295,0.006478511,0.0074481955,0.06525537,0.010892337,0.8555526,0.045059673,0.026684143,-6.3134,0.026684143,composite,2,,43,composite_f2_s43_in22k_v5conf,last
ISIC_0068187,BCN_0003607,BCN_0003607,40-59,bcn20000,5,False,5,0.011065233,0.007689702,0.0074319523,0.06647488,0.007067815,0.8563479,0.043922465,0.02582275,-7.2353077,0.02582275,composite,2,,43,composite_f2_s43_in22k_v5conf,last
ISIC_0068193,BCN_0004762,BCN_0004762,40-59,bcn20000,5,False,5,0.009950902,0.007569309,0.006940866,0.06671135,0.0072380966,0.8598982,0.041691203,0.02475831,-7.2222495,0.02475831,composite,2,,43,composite_f2_s43_in22k_v5conf,last
ISIC_0068201,BCN_0002554,BCN_0002554,40-59,bcn20000,5,False,5,0.009386465,0.007762359,0.0073883445,0.07773966,0.004351213,0.8411117,0.052260265,0.021500038,-7.429283,0.021500038,composite,2,,43,composite_f2_s43_in22k_v5conf,last
ISIC_0068229,BCN_0002851,BCN_0002851,60+,bcn20000,0,True,1,0.014476592,0.89310855,0.0072380058,0.049333476,0.0037035942,0.0031056248,0.029034173,0.91128874,7.6545196,0.91128874,composite,2,,43,composite_f2_s43_in22k_v5conf,last
ISIC_0068245,BCN_0003741,BCN_0003741,<40,bcn20000,5,False,5,0.011507715,0.007312866,0.0075880364,0.06810974,0.004599632,0.85647404,0.044407953,0.023420213,-8.197009,0.023420213,composite,2,,43,composite_f2_s43_in22k_v5conf,last
ISIC_0068265,BCN_0002934,BCN_0002934,60+,bcn20000,1,True,1,0.020150758,0.88285005,0.0039680577,0.05437887,0.003116665,0.0034440546,0.032091595,0.9061175,8.65746,0.9061175,composite,2,,43,composite_f2_s43_in22k_v5conf,last
ISIC_0068281,BCN_0005394,BCN_0005394,60+,bcn20000,6,False,6,0.17338519,0.12526451,0.01155446,0.10934797,0.0013490103,0.0007697725,0.5783291,0.2999987,4.182764,0.2999987,composite,2,,43,composite_f2_s43_in22k_v5conf,last
ISIC_0068310,BCN_0003258,BCN_0003258,40-59,bcn20000,4,True,4,0.02533585,0.12472472,0.006011283,0.09249006,0.66203374,0.004899739,0.08450465,0.81209433,10.183927,0.81209433,composite,2,,43,composite_f2_s43_in22k_v5conf,last
ISIC_0068314,BCN_0004415,BCN_0004415,40-59,bcn20000,5,False,0,0.34287313,0.32588467,0.030452013,0.15387696,0.018451462,0.068765916,0.0596959,0.68720925,3.0092688,0.68720925,composite,2,,43,composite_f2_s43_in22k_v5conf,last
ISIC_0068319,BCN_0000259,BCN_0000259,<40,bcn20000,5,False,4,0.014373793,0.008108537,0.007907604,0.122340195,0.60136515,0.15892069,0.08698399,0.6238475,1.2382638,0.6238475,composite,2,,43,composite_f2_s43_in22k_v5conf,last
ISIC_0068325,BCN_0004331,BCN_0004331,40-59,bcn20000,0,True,1,0.025416018,0.84801143,0.005286552,0.06745289,0.0042711794,0.0062093926,0.04335252,0.87769866,7.921403,0.87769866,composite,2,,43,composite_f2_s43_in22k_v5conf,last
ISIC_0068351,BCN_0005332,BCN_0005332,<40,bcn20000,5,False,5,0.0041443654,0.0028322488,0.0014767103,0.028731335,0.016168645,0.93131363,0.015333122,0.023145258,-5.0840178,0.023145258,composite,2,,43,composite_f2_s43_in22k_v5conf,last
ISIC_0068370,BCN_0004835,BCN_0004835,60+,bcn20000,0,True,1,0.006520159,0.6546712,0.21380176,0.06467427,0.004238957,0.007212985,0.04888068,0.6654303,1.9774952,0.6654303,composite,2,,43,composite_f2_s43_in22k_v5conf,last
ISIC_0068373,BCN_0003222,BCN_0003222,60+,bcn20000,1,True,1,0.32352138,0.47832492,0.007833019,0.11195508,0.022268647,0.0032375378,0.052859455,0.8241149,10.442932,0.8241149,composite,2,,43,composite_f2_s43_in22k_v5conf,last
ISIC_0068374,BCN_0004789,BCN_0004789,<40,bcn20000,5,False,5,0.012782615,0.007414333,0.008414996,0.06540068,0.006593101,0.85862213,0.040772095,0.026790049,-7.5078773,0.026790049,composite,2,,43,composite_f2_s43_in22k_v5conf,last
ISIC_0068386,BCN_0002606,BCN_0002606,<40,bcn20000,5,False,5,0.011437192,0.005713412,0.00610402,0.0638025,0.005075182,0.8665391,0.04132863,0.022225786,-7.8495836,0.022225786,composite,2,,43,composite_f2_s43_in22k_v5conf,last
ISIC_0068408,BCN_0003741,BCN_0003741,<40,bcn20000,5,False,5,0.010543935,0.0070637637,0.006853539,0.06646305,0.0060076066,0.86033213,0.042735986,0.023615304,-7.691313,0.023615304,composite,2,,43,composite_f2_s43_in22k_v5conf,last
ISIC_0068413,BCN_0002465,BCN_0002465,40-59,bcn20000,5,False,5,0.010482791,0.0069115027,0.0067539453,0.065421745,0.0060400334,0.86423045,0.04015954,0.023434326,-7.672434,0.023434326,composite,2,,43,composite_f2_s43_in22k_v5conf,last
ISIC_0068415,BCN_0000213,BCN_0000213,60+,bcn20000,1,True,1,0.008891657,0.91276264,0.005880564,0.04093479,0.0023661524,0.0024073378,0.026756948,0.9240204,7.9804525,0.9240204,composite,2,,43,composite_f2_s43_in22k_v5conf,last
ISIC_0068429,BCN_0002776,BCN_0002776,<40,bcn20000,5,False,5,0.009175215,0.0049370676,0.0076953094,0.09222311,0.028749952,0.79855084,0.058668498,0.042862236,-5.251063,0.042862236,composite,2,,43,composite_f2_s43_in22k_v5conf,last
ISIC_0068434,BCN_0002456,BCN_0002456,40-59,bcn20000,5,False,4,0.0074740243,0.0038847534,0.0064148856,0.06141841,0.87810504,0.0064387736,0.036264144,0.88946384,7.242755,0.88946384,composite,2,,43,composite_f2_s43_in22k_v5conf,last
ISIC_0068448,BCN_0003072,BCN_0003072,40-59,bcn20000,5,False,0,0.3790643,0.032930426,0.0071317796,0.13846087,0.17117144,0.19914424,0.07209694,0.5831662,2.9851162,0.5831662,composite,2,,43,composite_f2_s43_in22k_v5conf,last
ISIC_0068454,BCN_0004563,BCN_0004563,60+,bcn20000,5,False,4,0.008038432,0.0061333855,0.006597297,0.056103446,0.8828572,0.0052022277,0.03506801,0.89702904,7.5183005,0.89702904,composite,2,,43,composite_f2_s43_in22k_v5conf,last
ISIC_0068456,BCN_0002633,BCN_0002633,40-59,bcn20000,5,False,5,0.014965795,0.009391191,0.0031063973,0.058565024,0.028307639,0.84594303,0.03972093,0.052664626,-4.166795,0.052664626,composite,2,,43,composite_f2_s43_in22k_v5conf,last
ISIC_0068457,BCN_0004813,BCN_0004813,<40,bcn20000,5,False,5,0.01384614,0.0076001813,0.0048462125,0.06961056,0.006837597,0.8489215,0.048337907,0.028283918,-6.910296,0.028283918,composite,2,,43,composite_f2_s43_in22k_v5conf,last
ISIC_0068458,BCN_0002721,BCN_0002721,40-59,bcn20000,5,False,1,0.0063727396,0.8353817,0.01300086,0.06298065,0.008306017,0.015073288,0.058884725,0.85006046,6.031982,0.85006046,composite,2,,43,composite_f2_s43_in22k_v5conf,last
ISIC_0068486,BCN_0002846,BCN_0002846,60+,bcn20000,1,True,1,0.0066569652,0.89947325,0.006531589,0.04693667,0.005039437,0.0031493686,0.03221274,0.91116965,7.73291,0.91116965,composite,2,,43,composite_f2_s43_in22k_v5conf,last
ISIC_0068498,BCN_0004085,BCN_0004085,60+,bcn20000,0,True,0,0.958917,0.0030641975,0.0022800996,0.022207413,0.00063127937,0.00046118262,0.012438751,0.9626125,7.6910214,0.9626125,composite,2,,43,composite_f2_s43_in22k_v5conf,last
ISIC_0068508,BCN_0004885,BCN_0004885,60+,bcn20000,5,False,4,0.0272475,0.05385669,0.010662029,0.10590293,0.72386235,0.02130881,0.057159662,0.80496657,6.3629904,0.80496657,composite,2,,43,composite_f2_s43_in22k_v5conf,last
ISIC_0068525,BCN_0002123,BCN_0002123,40-59,bcn20000,5,False,5,0.013410877,0.010126122,0.00819025,0.07782299,0.007362012,0.834696,0.04839183,0.03089901,-6.7387323,0.03089901,composite,2,,43,composite_f2_s43_in22k_v5conf,last
ISIC_0068529,BCN_0000458,BCN_0000458,60+,bcn20000,1,True,2,0.0034030804,0.000666688,0.9236758,0.035621416,0.0025622665,0.0008339078,0.033236958,0.0066320347,-8.098828,0.0066320347,composite,2,,43,composite_f2_s43_in22k_v5conf,last
ISIC_0068532,BCN_0000331,BCN_0000331,40-59,bcn20000,5,False,5,0.011627065,0.008267507,0.007905627,0.067383334,0.005365385,0.85585886,0.04359225,0.025259957,-7.8622694,0.025259957,composite,2,,43,composite_f2_s43_in22k_v5conf,last
ISIC_0068576,BCN_0000406,BCN_0000406,60+,bcn20000,4,True,5,0.010350366,0.007656039,0.0054651056,0.07092615,0.018882556,0.84353095,0.04318878,0.03688896,-5.4937744,0.03688896,composite,2,,43,composite_f2_s43_in22k_v5conf,last
ISIC_0068586,BCN_0005603,BCN_0005603,40-59,bcn20000,4,True,4,0.008844736,0.007958839,0.00694183,0.060094465,0.86880106,0.007842974,0.039516035,0.8856046,6.6342587,0.8856046,composite,2,,43,composite_f2_s43_in22k_v5conf,last
ISIC_0068597,BCN_0003115,BCN_0003115,60+,bcn20000,1,True,1,0.009967565,0.8933976,0.0062086186,0.05191734,0.003339615,0.0032489088,0.031920303,0.9067048,7.8148556,0.9067048,composite,2,,43,composite_f2_s43_in22k_v5conf,last
ISIC_0068602,BCN_0002606,BCN_0002606,<40,bcn20000,5,False,5,0.011668009,0.0064418707,0.006356322,0.06538519,0.005115867,0.86257154,0.042461213,0.023225747,-7.8851786,0.023225747,composite,2,,43,composite_f2_s43_in22k_v5conf,last
ISIC_0068616,BCN_0002598,BCN_0002598,60+,bcn20000,4,True,4,0.005727795,0.013840703,0.0065617342,0.11324181,0.78998125,0.012631035,0.0580157,0.80954975,6.012407,0.80954975,composite,2,,43,composite_f2_s43_in22k_v5conf,last
ISIC_0068617,BCN_0001189,BCN_0001189,40-59,bcn20000,4,True,4,0.005962754,0.0045223483,0.004357382,0.0520969,0.8896056,0.0045825257,0.03887249,0.9000907,7.675988,0.9000907,composite,2,,43,composite_f2_s43_in22k_v5conf,last
ISIC_0068624,BCN_0000783,BCN_0000783,60+,bcn20000,2,False,1,0.006865935,0.90047693,0.006198669,0.04638573,0.0055830306,0.0038380024,0.030651765,0.9129259,7.6832514,0.9129259,composite,2,,43,composite_f2_s43_in22k_v5conf,last
ISIC_0068626,BCN_0002203,BCN_0002203,60+,bcn20000,0,True,0,0.58799374,0.23334296,0.0075543174,0.10956915,0.0033184532,0.0043373387,0.053883944,0.8246551,8.729558,0.8246551,composite,2,,43,composite_f2_s43_in22k_v5conf,last
ISIC_0068630,BCN_0004762,BCN_0004762,40-59,bcn20000,5,False,5,0.010220477,0.007416589,0.006847992,0.06800329,0.008313881,0.8557122,0.043485627,0.025950948,-7.0585794,0.025950948,composite,2,,43,composite_f2_s43_in22k_v5conf,last
ISIC_0068637,BCN_0001046,BCN_0001046,40-59,bcn20000,1,True,0,0.8522067,0.026153496,0.034668576,0.05004464,0.004662445,0.0019039998,0.03036025,0.88302267,6.2418756,0.88302267,composite,2,,43,composite_f2_s43_in22k_v5conf,last
ISIC_0068653,BCN_0001854,BCN_0001854,60+,bcn20000,0,True,1,0.032812607,0.8935716,0.0043675057,0.04068171,0.0014179688,0.0032904935,0.023858167,0.9278022,7.481042,0.9278022,composite,2,,43,composite_f2_s43_in22k_v5conf,last
ISIC_0068655,BCN_0000756,BCN_0000756,<40,bcn20000,5,False,5,0.009354491,0.006057341,0.0062764967,0.060106482,0.004819584,0.8763695,0.037016124,0.020231415,-7.8525467,0.020231415,composite,2,,43,composite_f2_s43_in22k_v5conf,last
ISIC_0068667,BCN_0001174,BCN_0001174,60+,bcn20000,1,True,1,0.016506007,0.8624967,0.009134267,0.056777306,0.006408146,0.0055452385,0.043132372,0.88541085,7.2361546,0.88541085,composite,2,,43,composite_f2_s43_in22k_v5conf,last
ISIC_0068669,BCN_0003536,BCN_0003536,60+,bcn20000,1,True,1,0.032551073,0.812042,0.006358336,0.0717923,0.009654629,0.013527044,0.054074645,0.8542477,7.6287594,0.8542477,composite,2,,43,composite_f2_s43_in22k_v5conf,last
ISIC_0068717,BCN_0004508,BCN_0004508,40-59,bcn20000,4,True,5,0.015185566,0.006107944,0.006484583,0.060000848,0.007607108,0.86330724,0.04130668,0.028900618,-6.8168535,0.028900618,composite,2,,43,composite_f2_s43_in22k_v5conf,last
ISIC_0068736,BCN_0000541,BCN_0000541,<40,bcn20000,5,False,5,0.012691884,0.006732026,0.008943773,0.063498676,0.004542399,0.85788035,0.0457109,0.023966309,-7.8491983,0.023966309,composite,2,,43,composite_f2_s43_in22k_v5conf,last
ISIC_0068793,BCN_0002241,BCN_0002241,60+,bcn20000,1,True,1,0.012225097,0.89288765,0.005075095,0.05340855,0.0033628666,0.0026860337,0.03035469,0.90847564,8.314589,0.90847564,composite,2,,43,composite_f2_s43_in22k_v5conf,last
ISIC_0068845,BCN_0003189,BCN_0003189,60+,bcn20000,0,True,1,0.029721305,0.8901239,0.006691769,0.038764186,0.0013834364,0.0015066838,0.031808723,0.92122865,7.94876,0.92122865,composite,2,,43,composite_f2_s43_in22k_v5conf,last
ISIC_0068849,BCN_0001464,BCN_0001464,40-59,bcn20000,5,False,3,0.0016164156,0.00039917274,0.0010100806,0.96465874,0.0014670427,0.013348178,0.017500378,0.003482631,-5.2974195,0.003482631,composite,2,,43,composite_f2_s43_in22k_v5conf,last
ISIC_0068856,BCN_0002349,BCN_0002349,60+,bcn20000,1,True,1,0.0063974303,0.901141,0.005630109,0.050837517,0.0040212674,0.0036250756,0.028347628,0.9115597,8.00208,0.9115597,composite,2,,43,composite_f2_s43_in22k_v5conf,last
ISIC_0068859,BCN_0004335,BCN_0004335,unknown,bcn20000,2,False,5,0.010772277,0.0058910903,0.01601522,0.070613906,0.0043205684,0.849491,0.04289591,0.020983934,-8.443557,0.020983934,composite,2,,43,composite_f2_s43_in22k_v5conf,last
ISIC_0068865,BCN_0000469,BCN_0000469,40-59,bcn20000,5,False,1,0.005682292,0.9193294,0.0027829509,0.037490986,0.0043447916,0.0027815155,0.027587958,0.9293565,7.9884863,0.9293565,composite,2,,43,composite_f2_s43_in22k_v5conf,last
ISIC_0068881,BCN_0002598,BCN_0002598,60+,bcn20000,4,True,2,0.008869637,0.014642111,0.8555554,0.07823895,0.005754685,0.0009534098,0.035985697,0.029266434,-5.2387815,0.029266434,composite,2,,43,composite_f2_s43_in22k_v5conf,last
ISIC_0068906,BCN_0000252,BCN_0000252,60+,bcn20000,1,True,1,0.012277607,0.87566334,0.0062828646,0.061067604,0.0042938143,0.0026991742,0.037715625,0.89223474,7.950885,0.89223474,composite,2,,43,composite_f2_s43_in22k_v5conf,last
ISIC_0068918,BCN_0005468,BCN_0005468,40-59,bcn20000,4,True,2,0.006698762,0.0028571065,0.89298224,0.058282852,0.003511774,0.0039964197,0.031670887,0.013067642,-8.239188,0.013067642,composite,2,,43,composite_f2_s43_in22k_v5conf,last
ISIC_0068924,BCN_0002532,BCN_0002532,60+,bcn20000,4,True,4,0.0060294815,0.0047144117,0.004131501,0.05467001,0.88108855,0.005479136,0.043886922,0.8918325,7.5448885,0.8918325,composite,2,,43,composite_f2_s43_in22k_v5conf,last
ISIC_0068928,BCN_0002598,BCN_0002598,60+,bcn20000,4,True,4,0.01383367,0.009245396,0.007834983,0.06468807,0.8639735,0.0025773773,0.03784702,0.88705254,8.632581,0.88705254,composite,2,,43,composite_f2_s43_in22k_v5conf,last
ISIC_0068944,BCN_0005064,BCN_0005064,40-59,bcn20000,5,False,5,0.016733779,0.0109149,0.009659098,0.0676322,0.056138266,0.8028296,0.036092073,0.08378695,-3.8398578,0.08378695,composite,2,,43,composite_f2_s43_in22k_v5conf,last
ISIC_0068966,BCN_0001367,BCN_0001367,60+,bcn20000,4,True,4,0.010790957,0.0070985625,0.006518152,0.06436703,0.86524105,0.004121133,0.04186299,0.88313055,8.158092,0.88313055,composite,2,,43,composite_f2_s43_in22k_v5conf,last
ISIC_0069010,BCN_0000110,BCN_0000110,40-59,bcn20000,2,False,5,0.09259437,0.0015501402,0.17728943,0.23828153,0.025611307,0.34769014,0.116983086,0.11975582,-5.891176,0.11975582,composite,2,,43,composite_f2_s43_in22k_v5conf,last
ISIC_0069011,BCN_0003477,BCN_0003477,60+,bcn20000,1,True,1,0.0076245335,0.900337,0.0051603164,0.051631518,0.004599302,0.003020457,0.02762694,0.91256076,8.644595,0.91256076,composite,2,,43,composite_f2_s43_in22k_v5conf,last
ISIC_0069025,BCN_0005241,BCN_0005241,40-59,bcn20000,5,False,5,0.009565008,0.0069222413,0.008260097,0.061857656,0.0056431936,0.8662355,0.04151638,0.02213044,-7.6520195,0.02213044,composite,2,,43,composite_f2_s43_in22k_v5conf,last
ISIC_0069125,BCN_0005057,BCN_0005057,60+,bcn20000,0,True,4,0.017530864,0.07643012,0.0066839964,0.09245314,0.7254327,0.0048097107,0.076659374,0.8193937,10.1168165,0.8193937,composite,2,,43,composite_f2_s43_in22k_v5conf,last
ISIC_0069136,BCN_0005484,BCN_0005484,<40,bcn20000,5,False,5,0.009723178,0.006569886,0.007438163,0.06967673,0.005202298,0.85869694,0.042692777,0.02149536,-8.277495,0.02149536,composite,2,,43,composite_f2_s43_in22k_v5conf,last
ISIC_0069144,BCN_0001459,BCN_0001459,40-59,bcn20000,1,True,1,0.014601995,0.8949901,0.0036945269,0.04478822,0.0029932875,0.007006772,0.031925164,0.9125854,6.5606217,0.9125854,composite,2,,43,composite_f2_s43_in22k_v5conf,last
ISIC_0069159,BCN_0000955,BCN_0000955,60+,bcn20000,2,False,0,0.7732722,0.084890865,0.053305272,0.050769825,0.016253648,0.008073807,0.013434349,0.8744167,4.3120975,0.8744167,composite,2,,43,composite_f2_s43_in22k_v5conf,last
ISIC_0069167,BCN_0002560,BCN_0002560,40-59,bcn20000,4,True,4,0.009222762,0.0066562295,0.005661986,0.05736315,0.8829609,0.0046131006,0.033521928,0.8988399,8.414422,0.8988399,composite,2,,43,composite_f2_s43_in22k_v5conf,last
ISIC_0069180,BCN_0000901,BCN_0000901,60+,bcn20000,1,True,1,0.0067493743,0.8729194,0.0071360823,0.0613876,0.01172686,0.0040776148,0.03600313,0.8913956,8.214306,0.8913956,composite,2,,43,composite_f2_s43_in22k_v5conf,last
ISIC_0069207,BCN_0005332,BCN_0005332,<40,bcn20000,5,False,5,0.010328668,0.0056892713,0.0038000543,0.053138494,0.004931645,0.8909212,0.031190753,0.020949585,-7.090985,0.020949585,composite,2,,43,composite_f2_s43_in22k_v5conf,last
ISIC_0069228,BCN_0005304,BCN_0005304,60+,bcn20000,1,True,1,0.0058537093,0.8948274,0.0047564683,0.05319702,0.004108783,0.0046267323,0.0326298,0.9047899,7.809302,0.9047899,composite,2,,43,composite_f2_s43_in22k_v5conf,last
ISIC_0069229,BCN_0000402,BCN_0000402,60+,bcn20000,5,False,4,0.012356731,0.006954931,0.0039388356,0.057907805,0.8705317,0.006874006,0.041435946,0.88984334,7.3563128,0.88984334,composite,2,,43,composite_f2_s43_in22k_v5conf,last
ISIC_0069262,BCN_0003192,BCN_0003192,60+,bcn20000,4,True,4,0.1016457,0.01388124,0.007095267,0.09476194,0.7199826,0.002508268,0.060124993,0.83550954,10.627755,0.83550954,composite,2,,43,composite_f2_s43_in22k_v5conf,last
ISIC_0069269,BCN_0001167,BCN_0001167,60+,bcn20000,0,True,0,0.6710969,0.10363366,0.050992437,0.08929843,0.004324889,0.0051322314,0.07552145,0.7790555,5.0026608,0.7790555,composite,2,,43,composite_f2_s43_in22k_v5conf,last
ISIC_0069273,BCN_0000880,BCN_0000880,40-59,bcn20000,4,True,2,0.001967519,0.004348721,0.9301909,0.034099534,0.003359771,0.0070876055,0.018945903,0.009676011,-8.295276,0.009676011,composite,2,,43,composite_f2_s43_in22k_v5conf,last
ISIC_0069276,BCN_0000226,BCN_0000226,60+,bcn20000,2,False,2,0.024009405,0.011183061,0.6141332,0.16505261,0.0059241946,0.096092366,0.083605155,0.041116662,-9.21123,0.041116662,composite,2,,43,composite_f2_s43_in22k_v5conf,last
ISIC_0069283,BCN_0001167,BCN_0001167,60+,bcn20000,0,True,0,0.6239952,0.1188208,0.06849071,0.10090859,0.005040084,0.0039326292,0.07881197,0.7478561,5.51748,0.7478561,composite,2,,43,composite_f2_s43_in22k_v5conf,last
ISIC_0069296,BCN_0000196,BCN_0000196,40-59,bcn20000,5,False,5,0.00976734,0.0066667744,0.0067855236,0.06626616,0.005029745,0.8651494,0.040335067,0.02146386,-7.870267,0.02146386,composite,2,,43,composite_f2_s43_in22k_v5conf,last
ISIC_0069300,BCN_0000573,BCN_0000573,60+,bcn20000,1,True,1,0.009025567,0.8834077,0.005223899,0.056910843,0.0038851944,0.0046174405,0.03692944,0.8963185,8.043144,0.8963185,composite,2,,43,composite_f2_s43_in22k_v5conf,last
ISIC_0069322,BCN_0001040,BCN_0001040,60+,bcn20000,0,True,0,0.92669326,0.002811874,0.004049291,0.03391473,0.0032974582,0.002392015,0.026841467,0.93280256,6.661502,0.93280256,composite,2,,43,composite_f2_s43_in22k_v5conf,last
ISIC_0069347,BCN_0002554,BCN_0002554,40-59,bcn20000,5,False,5,0.0111093465,0.0071972157,0.0072975988,0.066376045,0.005817929,0.8588552,0.043346647,0.024124492,-7.4339776,0.024124492,composite,2,,43,composite_f2_s43_in22k_v5conf,last
ISIC_0069349,BCN_0003912,BCN_0003912,<40,bcn20000,5,False,5,0.017945424,0.007532686,0.0054716617,0.07523365,0.01327593,0.8288224,0.051718295,0.03875404,-5.5885715,0.03875404,composite,2,,43,composite_f2_s43_in22k_v5conf,last
ISIC_0069357,BCN_0002018,BCN_0002018,<40,bcn20000,5,False,5,0.010342443,0.005736636,0.0057160724,0.06690703,0.008405448,0.8610931,0.04179927,0.024484526,-6.816871,0.024484526,composite,2,,43,composite_f2_s43_in22k_v5conf,last
ISIC_0069362,BCN_0001894,BCN_0001894,60+,bcn20000,1,True,1,0.005619899,0.78378606,0.0059548276,0.09283198,0.051055945,0.004951618,0.055799566,0.8404619,9.880601,0.8404619,composite,2,,43,composite_f2_s43_in22k_v5conf,last
ISIC_0069380,BCN_0000846,BCN_0000846,60+,bcn20000,4,True,4,0.009443748,0.004052549,0.005305479,0.054328796,0.8907989,0.002626212,0.033444285,0.9042952,8.706997,0.9042952,composite,2,,43,composite_f2_s43_in22k_v5conf,last
ISIC_0069384,BCN_0003189,BCN_0003189,60+,bcn20000,0,True,1,0.03573908,0.86904705,0.0053273723,0.050943196,0.0026301614,0.0025398487,0.03377334,0.9074163,9.123548,0.9074163,composite,2,,43,composite_f2_s43_in22k_v5conf,last
ISIC_0069386,BCN_0004062,BCN_0004062,60+,bcn20000,4,True,4,0.015001992,0.0050629475,0.006177752,0.060434315,0.86199075,0.00600128,0.04533099,0.8820557,7.7966547,0.8820557,composite,2,,43,composite_f2_s43_in22k_v5conf,last
ISIC_0069394,BCN_0004789,BCN_0004789,<40,bcn20000,5,False,5,0.022126721,0.027432384,0.27202207,0.11945082,0.011256553,0.47436112,0.073350355,0.06081566,-7.388221,0.06081566,composite,2,,43,composite_f2_s43_in22k_v5conf,last
ISIC_0069395,BCN_0002560,BCN_0002560,40-59,bcn20000,4,True,4,0.00901495,0.0065037487,0.006009675,0.05562641,0.8864242,0.0038997976,0.032521263,0.9019429,8.429932,0.9019429,composite,2,,43,composite_f2_s43_in22k_v5conf,last
ISIC_0069404,BCN_0001940,BCN_0001940,<40,bcn20000,5,False,5,0.010497373,0.0075663263,0.0065667825,0.06383291,0.005632909,0.8635962,0.04230756,0.023696607,-7.8492584,0.023696607,composite,2,,43,composite_f2_s43_in22k_v5conf,last
ISIC_0069435,BCN_0004766,BCN_0004766,40-59,bcn20000,2,False,2,0.0055948007,0.0035341892,0.8688725,0.06903221,0.0033738988,0.009683679,0.03990869,0.012502888,-9.308417,0.012502888,composite,2,,43,composite_f2_s43_in22k_v5conf,last
ISIC_0069462,BCN_0001713,BCN_0001713,<40,bcn20000,5,False,5,0.030590478,0.0020698777,0.057604853,0.07242847,0.015762327,0.77585673,0.0456872,0.048422687,-7.032945,0.048422687,composite,2,,43,composite_f2_s43_in22k_v5conf,last
ISIC_0069483,BCN_0001248,BCN_0001248,40-59,bcn20000,0,True,0,0.9371126,0.0033787603,0.0046256934,0.02945546,0.0018492461,0.0013846515,0.022193499,0.9423406,6.329712,0.9423406,composite,2,,43,composite_f2_s43_in22k_v5conf,last
ISIC_0069522,BCN_0002520,BCN_0002520,60+,bcn20000,1,True,1,0.0051126033,0.90263045,0.0036500653,0.04944407,0.005689318,0.0033592915,0.030114168,0.91343236,8.645241,0.91343236,composite,2,,43,composite_f2_s43_in22k_v5conf,last
ISIC_0069532,BCN_0002617,BCN_0002617,60+,bcn20000,0,True,0,0.9337212,0.0016723401,0.0028886916,0.036486965,0.0021536038,0.0015096999,0.021567555,0.9375471,6.343193,0.9375471,composite,2,,43,composite_f2_s43_in22k_v5conf,last
ISIC_0069565,BCN_0004329,BCN_0004329,40-59,bcn20000,5,False,5,0.007605672,0.0048509655,0.027098875,0.06264139,0.047775336,0.79520977,0.054818057,0.060231972,-5.000516,0.060231972,composite,2,,43,composite_f2_s43_in22k_v5conf,last
ISIC_0069577,BCN_0002942,BCN_0002942,40-59,bcn20000,1,True,1,0.006459098,0.8945721,0.004157346,0.05495076,0.0036458373,0.003558187,0.03265671,0.90467703,8.044854,0.90467703,composite,2,,43,composite_f2_s43_in22k_v5conf,last
ISIC_0069584,BCN_0000756,BCN_0000756,<40,bcn20000,5,False,5,0.010438251,0.0066809035,0.00749706,0.0699947,0.0043862974,0.85923904,0.041763708,0.021505453,-8.102581,0.021505453,composite,2,,43,composite_f2_s43_in22k_v5conf,last
ISIC_0069591,BCN_0005525,BCN_0005525,40-59,bcn20000,4,True,5,0.008940942,0.0046435497,0.0052330964,0.068569146,0.010619769,0.86174417,0.0402494,0.02420426,-6.786566,0.02420426,composite,2,,43,composite_f2_s43_in22k_v5conf,last
ISIC_0069593,BCN_0002717,BCN_0002717,60+,bcn20000,4,True,5,0.0070543992,0.007816372,0.008990222,0.05389232,0.0025533133,0.87454367,0.04514963,0.017424086,-7.995042,0.017424086,composite,2,,43,composite_f2_s43_in22k_v5conf,last
ISIC_0069626,BCN_0005531,BCN_0005531,<40,bcn20000,4,True,4,0.008637992,0.0050350516,0.005090639,0.05525273,0.8822745,0.0056115203,0.03809756,0.8959476,7.4194326,0.8959476,composite,2,,43,composite_f2_s43_in22k_v5conf,last
ISIC_0069628,BCN_0000428,BCN_0000428,40-59,bcn20000,1,True,1,0.009206764,0.8753335,0.004756124,0.053568058,0.0056974436,0.0034499266,0.04798814,0.8902377,8.108783,0.8902377,composite,2,,43,composite_f2_s43_in22k_v5conf,last
ISIC_0069635,BCN_0002598,BCN_0002598,60+,bcn20000,4,True,4,0.029413085,0.03624668,0.0038208282,0.10961994,0.7544933,0.0028099485,0.06359622,0.82015306,10.285197,0.82015306,composite,2,,43,composite_f2_s43_in22k_v5conf,last
ISIC_0069638,BCN_0002598,BCN_0002598,60+,bcn20000,4,True,4,0.034175448,0.0038768386,0.011024345,0.12217873,0.76616055,0.0027817169,0.05980249,0.8042128,8.600387,0.8042128,composite,2,,43,composite_f2_s43_in22k_v5conf,last
ISIC_0069649,BCN_0004170,BCN_0004170,60+,bcn20000,1,True,0,0.568767,0.26369765,0.0073818956,0.09750493,0.0038367102,0.0018174845,0.056994297,0.8363014,8.498444,0.8363014,composite,2,,43,composite_f2_s43_in22k_v5conf,last
ISIC_0069675,BCN_0000783,BCN_0000783,60+,bcn20000,2,False,1,0.0067300256,0.8999718,0.0062868004,0.048544314,0.004871448,0.0037463096,0.029849391,0.91157323,7.759492,0.91157323,composite,2,,43,composite_f2_s43_in22k_v5conf,last
ISIC_0069676,BCN_0000402,BCN_0000402,60+,bcn20000,5,False,4,0.012113522,0.0071078697,0.0041590836,0.059673835,0.8671459,0.0071079917,0.042691804,0.88636726,7.260647,0.88636726,composite,2,,43,composite_f2_s43_in22k_v5conf,last
ISIC_0069679,BCN_0003222,BCN_0003222,60+,bcn20000,1,True,4,0.009985309,0.05007391,0.0061516203,0.079847,0.80894464,0.002726929,0.042270537,0.8690039,10.710771,0.8690039,composite,2,,43,composite_f2_s43_in22k_v5conf,last
ISIC_0069715,BCN_0003222,BCN_0003222,60+,bcn20000,1,True,4,0.015528316,0.07896407,0.007815833,0.0967838,0.74166685,0.0031925566,0.05604856,0.8361592,10.752722,0.8361592,composite,2,,43,composite_f2_s43_in22k_v5conf,last
ISIC_0069780,BCN_0004882,BCN_0004882,60+,bcn20000,5,False,5,0.009982901,0.005206669,0.0068036285,0.0656979,0.004194775,0.8698186,0.03829552,0.019384345,-7.664519,0.019384345,composite,2,,43,composite_f2_s43_in22k_v5conf,last
ISIC_0069794,BCN_0005304,BCN_0005304,60+,bcn20000,1,True,1,0.0060131466,0.8913422,0.0049848743,0.056276124,0.004340392,0.0044835275,0.032559793,0.9016958,7.8796353,0.9016958,composite,2,,43,composite_f2_s43_in22k_v5conf,last
ISIC_0069818,BCN_0004835,BCN_0004835,60+,bcn20000,0,True,2,0.00813699,0.25560915,0.60663605,0.069480374,0.0038004583,0.0043624775,0.051974453,0.2675466,-0.4538298,0.2675466,composite,2,,43,composite_f2_s43_in22k_v5conf,last
ISIC_0069847,BCN_0002653,BCN_0002653,<40,bcn20000,5,False,5,0.013969378,0.00741572,0.016196197,0.07472794,0.006350752,0.84145314,0.039886896,0.02773585,-7.254305,0.02773585,composite,2,,43,composite_f2_s43_in22k_v5conf,last
ISIC_0069862,BCN_0001486,BCN_0001486,60+,bcn20000,5,False,1,0.034936596,0.46948597,0.050751776,0.15154642,0.13881639,0.042180486,0.11228235,0.6432389,4.1649194,0.6432389,composite,2,,43,composite_f2_s43_in22k_v5conf,last
ISIC_0069877,BCN_0001669,BCN_0001669,60+,bcn20000,2,False,5,0.010218643,0.006971167,0.008763497,0.06645103,0.0058790715,0.85945445,0.042262133,0.023068883,-7.587465,0.023068883,composite,2,,43,composite_f2_s43_in22k_v5conf,last
ISIC_0069881,BCN_0001240,BCN_0001240,<40,bcn20000,5,False,4,0.0038997845,0.0049252217,0.0039491965,0.0630359,0.83080006,0.013985558,0.07940435,0.83962506,5.119026,0.83962506,composite,2,,43,composite_f2_s43_in22k_v5conf,last
ISIC_0069909,BCN_0002992,BCN_0002992,60+,bcn20000,1,True,1,0.0068522897,0.89866894,0.004880701,0.049352653,0.0048292573,0.004264163,0.031152017,0.91035044,7.706174,0.91035044,composite,2,,43,composite_f2_s43_in22k_v5conf,last
ISIC_0069939,BCN_0005057,BCN_0005057,60+,bcn20000,0,True,4,0.019472977,0.010961735,0.0057068006,0.06539792,0.85839176,0.0021682421,0.03790054,0.8888265,9.661234,0.8888265,composite,2,,43,composite_f2_s43_in22k_v5conf,last
ISIC_0069951,BCN_0003724,BCN_0003724,60+,bcn20000,4,True,4,0.0069833505,0.0042838566,0.0047151013,0.05596887,0.8904209,0.0042947396,0.03333318,0.9016881,8.260932,0.9016881,composite,2,,43,composite_f2_s43_in22k_v5conf,last
ISIC_0069956,BCN_0002871,BCN_0002871,60+,bcn20000,1,True,1,0.0080969855,0.91304356,0.0063911993,0.03905061,0.005769776,0.0033259958,0.02432184,0.92691034,7.3315873,0.92691034,composite,2,,43,composite_f2_s43_in22k_v5conf,last
ISIC_0069985,BCN_0004334,BCN_0004334,40-59,bcn20000,5,False,5,0.012108394,0.007240168,0.009033257,0.067534365,0.0044750054,0.85528266,0.044326108,0.023823567,-7.7158604,0.023823567,composite,2,,43,composite_f2_s43_in22k_v5conf,last
ISIC_0069988,BCN_0001029,BCN_0001029,40-59,bcn20000,4,True,4,0.09430683,0.17474315,0.018684112,0.2257794,0.2619216,0.16850327,0.056061596,0.5309716,4.1699123,0.5309716,composite,2,,43,composite_f2_s43_in22k_v5conf,last
ISIC_0070021,BCN_0003875,BCN_0003875,60+,bcn20000,1,True,1,0.0062170015,0.87967664,0.0037828125,0.051177826,0.014316984,0.012111414,0.03271736,0.9002106,7.504576,0.9002106,composite,2,,43,composite_f2_s43_in22k_v5conf,last
ISIC_0070027,BCN_0002161,BCN_0002161,60+,bcn20000,1,True,1,0.2701995,0.5482899,0.0066582253,0.09916868,0.0062626516,0.0042492724,0.0651718,0.8247521,9.694073,0.8247521,composite,2,,43,composite_f2_s43_in22k_v5conf,last
ISIC_0070050,BCN_0004941,BCN_0004941,60+,bcn20000,4,True,4,0.0058392324,0.047457784,0.0038155892,0.06225652,0.83514655,0.003815218,0.041669153,0.8884436,8.901282,0.8884436,composite,2,,43,composite_f2_s43_in22k_v5conf,last
ISIC_0070083,BCN_0005184,BCN_0005184,60+,bcn20000,0,True,0,0.6008949,0.042969275,0.17524908,0.11173375,0.0035879652,0.0059567937,0.059608143,0.6474522,3.2365842,0.6474522,composite,2,,43,composite_f2_s43_in22k_v5conf,last
ISIC_0070098,BCN_0000396,BCN_0000396,<40,bcn20000,5,False,5,0.00949393,0.0061977054,0.0059381938,0.064118266,0.0059450977,0.8678322,0.040474627,0.021636734,-7.6220565,0.021636734,composite,2,,43,composite_f2_s43_in22k_v5conf,last
ISIC_0070165,BCN_0003606,BCN_0003606,40-59,bcn20000,1,True,1,0.014612649,0.8946873,0.0033832188,0.050213046,0.004972021,0.0025312642,0.0296005,0.914272,9.237643,0.914272,composite,2,,43,composite_f2_s43_in22k_v5conf,last
ISIC_0070175,BCN_0004676,BCN_0004676,40-59,bcn20000,0,True,1,0.010916152,0.9050943,0.00409434,0.04732981,0.0036572425,0.0035952635,0.025312833,0.9196677,7.8914256,0.9196677,composite,2,,43,composite_f2_s43_in22k_v5conf,last
ISIC_0070187,BCN_0002651,BCN_0002651,60+,bcn20000,2,False,4,0.0067393365,0.0042622974,0.0067334846,0.052423667,0.8920307,0.003262578,0.034547944,0.90303236,8.174135,0.90303236,composite,2,,43,composite_f2_s43_in22k_v5conf,last
ISIC_0070203,BCN_0000396,BCN_0000396,<40,bcn20000,5,False,5,0.01140655,0.009874822,0.006011001,0.07721094,0.04369092,0.8075368,0.04426898,0.0649723,-3.805428,0.0649723,composite,2,,43,composite_f2_s43_in22k_v5conf,last
ISIC_0070204,BCN_0002004,BCN_0002004,40-59,bcn20000,1,True,1,0.0065504396,0.8977702,0.004927695,0.04968819,0.0049154446,0.003652662,0.032495268,0.9092361,8.204342,0.9092361,composite,2,,43,composite_f2_s43_in22k_v5conf,last
ISIC_0070220,BCN_0005715,BCN_0005715,60+,bcn20000,4,True,4,0.023365676,0.014911531,0.017934527,0.09795758,0.793133,0.004913746,0.047783863,0.8314102,8.170207,0.8314102,composite,2,,43,composite_f2_s43_in22k_v5conf,last
ISIC_0070227,BCN_0003352,BCN_0003352,60+,bcn20000,4,True,1,0.006280819,0.9110987,0.0056682434,0.034330916,0.012290774,0.0015055647,0.028824948,0.92967033,8.75998,0.92967033,composite,2,,43,composite_f2_s43_in22k_v5conf,last
ISIC_0070235,BCN_0003724,BCN_0003724,60+,bcn20000,4,True,4,0.010275485,0.005252285,0.006014526,0.058361012,0.8789818,0.0045260563,0.036588807,0.8945096,8.327962,0.8945096,composite,2,,43,composite_f2_s43_in22k_v5conf,last
ISIC_0070244,BCN_0003897,BCN_0003897,<40,bcn20000,5,False,5,0.009767688,0.006478028,0.0068398262,0.06843147,0.0054178783,0.8597763,0.043288797,0.021663593,-7.941643,0.021663593,composite,2,,43,composite_f2_s43_in22k_v5conf,last
ISIC_0070247,BCN_0003072,BCN_0003072,40-59,bcn20000,5,False,3,0.018983468,0.0011345998,0.0010119408,0.8206752,0.116847806,0.023363966,0.017983085,0.13696587,2.1222134,0.13696587,composite,2,,43,composite_f2_s43_in22k_v5conf,last
ISIC_0070251,BCN_0002554,BCN_0002554,40-59,bcn20000,5,False,5,0.008619325,0.006894414,0.005433945,0.065961964,0.0058796126,0.86644727,0.04076349,0.021393351,-7.6771317,0.021393351,composite,2,,43,composite_f2_s43_in22k_v5conf,last
ISIC_0070256,BCN_0003461,BCN_0003461,60+,bcn20000,0,True,0,0.5304287,0.08365888,0.04270294,0.116473295,0.16532099,0.0076470063,0.053768136,0.7794086,7.208482,0.7794086,composite,2,,43,composite_f2_s43_in22k_v5conf,last
ISIC_0070260,BCN_0002389,BCN_0002389,60+,bcn20000,0,True,0,0.95186055,0.0030258272,0.0028629135,0.02309212,0.0015675861,0.00064050313,0.01695048,0.956454,7.0271673,0.956454,composite,2,,43,composite_f2_s43_in22k_v5conf,last
ISIC_0070294,BCN_0001713,BCN_0001713,<40,bcn20000,5,False,5,0.012024275,0.008383085,0.0075692725,0.06767857,0.005527106,0.8576145,0.041203123,0.025934465,-7.422477,0.025934465,composite,2,,43,composite_f2_s43_in22k_v5conf,last
ISIC_0070295,BCN_0000458,BCN_0000458,60+,bcn20000,1,True,4,0.002917661,0.006135071,0.097357705,0.1677824,0.55923843,0.05238382,0.11418496,0.5682912,1.3648542,0.5682912,composite,2,,43,composite_f2_s43_in22k_v5conf,last
ISIC_0070315,BCN_0005063,BCN_0005063,60+,bcn20000,1,True,1,0.006751011,0.9141743,0.005740934,0.040222846,0.0058650165,0.0037788763,0.023467002,0.92679036,8.057554,0.92679036,composite,2,,43,composite_f2_s43_in22k_v5conf,last
ISIC_0070317,BCN_0000507,BCN_0000507,40-59,bcn20000,5,False,5,0.011737856,0.0070627807,0.007054026,0.065835655,0.0056782,0.8601135,0.042517945,0.024478838,-7.765255,0.024478838,composite,2,,43,composite_f2_s43_in22k_v5conf,last
ISIC_0070321,BCN_0001854,BCN_0001854,60+,bcn20000,0,True,1,0.012489626,0.90564555,0.004354301,0.044337526,0.0026685693,0.0032846916,0.027219698,0.9208037,8.079739,0.9208037,composite,2,,43,composite_f2_s43_in22k_v5conf,last
ISIC_0070363,BCN_0003192,BCN_0003192,60+,bcn20000,4,True,4,0.010014277,0.005926547,0.0060380017,0.055305723,0.88544834,0.0029443041,0.034322884,0.9013892,8.885211,0.9013892,composite,2,,43,composite_f2_s43_in22k_v5conf,last
ISIC_0070364,BCN_0000846,BCN_0000846,60+,bcn20000,4,True,4,0.008920985,0.00556375,0.005756938,0.062273752,0.87736714,0.0037771652,0.036340233,0.8918519,8.27768,0.8918519,composite,2,,43,composite_f2_s43_in22k_v5conf,last
ISIC_0070374,BCN_0003408,BCN_0003408,60+,bcn20000,4,True,4,0.009140929,0.008044532,0.00879751,0.059778277,0.876574,0.003523211,0.034141507,0.8937594,7.6172295,0.8937594,composite,2,,43,composite_f2_s43_in22k_v5conf,last
ISIC_0070448,BCN_0000480,BCN_0000480,40-59,bcn20000,2,False,5,0.010232069,0.006391927,0.0068910145,0.06780712,0.0056267437,0.86306864,0.03998258,0.02225074,-7.5697327,0.02225074,composite,2,,43,composite_f2_s43_in22k_v5conf,last
ISIC_0070467,BCN_0002651,BCN_0002651,60+,bcn20000,2,False,4,0.006444056,0.003610557,0.00779845,0.04607989,0.90529674,0.0028547586,0.02791552,0.91535133,7.767873,0.91535133,composite,2,,43,composite_f2_s43_in22k_v5conf,last
ISIC_0070489,BCN_0001189,BCN_0001189,40-59,bcn20000,4,True,4,0.008434321,0.0066262665,0.0044894093,0.05254987,0.8894229,0.0032790948,0.035198182,0.9044835,8.86238,0.9044835,composite,2,,43,composite_f2_s43_in22k_v5conf,last
ISIC_0070505,BCN_0005598,BCN_0005598,60+,bcn20000,0,True,1,0.011068143,0.5604623,0.012906377,0.15864527,0.15864342,0.0076791383,0.09059538,0.7301739,9.592368,0.7301739,composite,2,,43,composite_f2_s43_in22k_v5conf,last
ISIC_0070507,BCN_0002389,BCN_0002389,60+,bcn20000,0,True,0,0.93157,0.003967644,0.0034659137,0.034857318,0.0023944827,0.001781439,0.02196318,0.93793213,6.980548,0.93793213,composite,2,,43,composite_f2_s43_in22k_v5conf,last
ISIC_0070511,BCN_0000830,BCN_0000830,60+,bcn20000,1,True,1,0.034237698,0.86395204,0.006350986,0.057800695,0.0021151016,0.0026308608,0.03291255,0.90030485,8.220906,0.90030485,composite,2,,43,composite_f2_s43_in22k_v5conf,last
ISIC_0070513,BCN_0004789,BCN_0004789,<40,bcn20000,5,False,5,0.011496557,0.0070876107,0.006785954,0.06904199,0.006518627,0.8545154,0.04455379,0.025102794,-7.4400005,0.025102794,composite,2,,43,composite_f2_s43_in22k_v5conf,last
ISIC_0070577,BCN_0001486,BCN_0001486,60+,bcn20000,5,False,5,0.01731522,0.034827653,0.064741805,0.13636719,0.03404707,0.6266316,0.08606939,0.08618994,-4.2869625,0.08618994,composite,2,,43,composite_f2_s43_in22k_v5conf,last
ISIC_0070589,BCN_0000583,BCN_0000583,unknown,bcn20000,2,False,1,0.010236475,0.78232443,0.085195474,0.073566414,0.0036139258,0.006017747,0.039045684,0.7961749,3.6010218,0.7961749,composite,2,,43,composite_f2_s43_in22k_v5conf,last
ISIC_0070614,BCN_0004508,BCN_0004508,40-59,bcn20000,4,True,4,0.012775198,0.003983829,0.004485107,0.08475646,0.79762226,0.032526426,0.063850716,0.8143813,4.4800234,0.8143813,composite,2,,43,composite_f2_s43_in22k_v5conf,last
ISIC_0070637,BCN_0002665,BCN_0002665,40-59,bcn20000,5,False,5,0.0108132195,0.006996245,0.009767891,0.066019714,0.006927737,0.8635055,0.03596967,0.024737202,-6.8904285,0.024737202,composite,2,,43,composite_f2_s43_in22k_v5conf,last
ISIC_0070657,BCN_0001991,BCN_0001991,60+,bcn20000,4,True,4,0.010653924,0.006008381,0.006010361,0.05632936,0.8785935,0.003289517,0.039114907,0.8952558,8.097232,0.8952558,composite,2,,43,composite_f2_s43_in22k_v5conf,last
ISIC_0070659,BCN_0002961,BCN_0002961,40-59,bcn20000,5,False,5,0.011199714,0.00591401,0.0076342677,0.07298722,0.011822122,0.8495073,0.04093543,0.028935846,-6.199954,0.028935846,composite,2,,43,composite_f2_s43_in22k_v5conf,last
ISIC_0070685,BCN_0005446,BCN_0005446,60+,bcn20000,5,False,5,0.009692982,0.005352048,0.008138613,0.072345756,0.009450365,0.8501011,0.044919144,0.024495395,-6.7188044,0.024495395,composite,2,,43,composite_f2_s43_in22k_v5conf,last
ISIC_0070689,BCN_0004673,BCN_0004673,60+,bcn20000,4,True,5,0.008825735,0.0069095423,0.00569866,0.06417188,0.0070658526,0.8659563,0.041372027,0.022801131,-7.1553574,0.022801131,composite,2,,43,composite_f2_s43_in22k_v5conf,last
ISIC_0070706,BCN_0002942,BCN_0002942,40-59,bcn20000,1,True,1,0.006103491,0.88558954,0.0050940267,0.055629447,0.0034465557,0.00528427,0.038852774,0.89513963,6.8527074,0.89513963,composite,2,,43,composite_f2_s43_in22k_v5conf,last
ISIC_0070709,BCN_0001029,BCN_0001029,40-59,bcn20000,4,True,1,0.10067169,0.35905686,0.01599552,0.23463735,0.050483998,0.1031087,0.13604593,0.51021254,4.3609877,0.51021254,composite,2,,43,composite_f2_s43_in22k_v5conf,last
ISIC_0070710,BCN_0003148,BCN_0003148,60+,bcn20000,4,True,4,0.008803034,0.0066013974,0.0058581796,0.057692725,0.87543684,0.004737301,0.040870544,0.89084125,7.8280334,0.89084125,composite,2,,43,composite_f2_s43_in22k_v5conf,last
ISIC_0070716,BCN_0005394,BCN_0005394,60+,bcn20000,6,False,0,0.91873085,0.0023522377,0.007256314,0.040112384,0.00095435954,0.0008794873,0.029714392,0.9220374,5.7692156,0.9220374,composite,2,,43,composite_f2_s43_in22k_v5conf,last
ISIC_0070727,BCN_0002059,BCN_0002059,60+,bcn20000,4,True,4,0.006056438,0.008759836,0.004596977,0.058267593,0.88020927,0.00390036,0.038209576,0.89502555,8.569168,0.89502555,composite,2,,43,composite_f2_s43_in22k_v5conf,last
ISIC_0070731,BCN_0003055,BCN_0003055,60+,bcn20000,4,True,4,0.0091973655,0.01504108,0.004525764,0.06698565,0.86067945,0.0029293702,0.040641394,0.8849179,8.590843,0.8849179,composite,2,,43,composite_f2_s43_in22k_v5conf,last
ISIC_0070752,BCN_0000474,BCN_0000474,<40,bcn20000,4,True,5,0.0103899,0.0069495556,0.0055795256,0.066129416,0.0057128044,0.8644117,0.040827174,0.02305226,-7.6177645,0.02305226,composite,2,,43,composite_f2_s43_in22k_v5conf,last
ISIC_0070765,BCN_0004465,BCN_0004465,40-59,bcn20000,5,False,5,0.009610465,0.0060041263,0.005895264,0.06715995,0.005208038,0.8624358,0.04368636,0.02082263,-7.981545,0.02082263,composite,2,,43,composite_f2_s43_in22k_v5conf,last
ISIC_0070784,BCN_0000229,BCN_0000229,40-59,bcn20000,4,True,4,0.009463298,0.0051168716,0.004508846,0.056574974,0.87696916,0.0042025987,0.043164276,0.89154935,8.232443,0.89154935,composite,2,,43,composite_f2_s43_in22k_v5conf,last
ISIC_0070809,BCN_0003083,BCN_0003083,60+,bcn20000,4,True,4,0.007628501,0.0047159167,0.00402632,0.050115146,0.8979206,0.0035018271,0.03209168,0.910265,8.269538,0.910265,composite,2,,43,composite_f2_s43_in22k_v5conf,last
ISIC_0070816,BCN_0002059,BCN_0002059,60+,bcn20000,4,True,4,0.015068817,0.0018894088,0.0039125704,0.026542922,0.9278491,0.0018364359,0.022900734,0.94480735,8.568719,0.94480735,composite,2,,43,composite_f2_s43_in22k_v5conf,last
ISIC_0070818,BCN_0002247,BCN_0002247,40-59,bcn20000,5,False,1,0.006905387,0.77511775,0.005453756,0.09554186,0.056941792,0.00568463,0.054354873,0.83896494,9.087991,0.83896494,composite,2,,43,composite_f2_s43_in22k_v5conf,last
ISIC_0070824,BCN_0004840,BCN_0004840,60+,bcn20000,1,True,2,0.009259881,0.16020085,0.6720678,0.11664521,0.0028028993,0.0055818944,0.03344143,0.17226362,-1.6534821,0.17226362,composite,2,,43,composite_f2_s43_in22k_v5conf,last
ISIC_0070833,BCN_0005091,BCN_0005091,60+,bcn20000,1,True,1,0.0071701556,0.8992108,0.0042124963,0.05164403,0.0035823232,0.002726945,0.03145325,0.90996325,8.677247,0.90996325,composite,2,,43,composite_f2_s43_in22k_v5conf,last
ISIC_0070838,BCN_0000583,BCN_0000583,unknown,bcn20000,2,False,0,0.7686973,0.0046841158,0.10878391,0.06915228,0.0038183124,0.005498459,0.039365586,0.77719975,2.4792182,0.77719975,composite,2,,43,composite_f2_s43_in22k_v5conf,last
ISIC_0070846,BCN_0001189,BCN_0001189,40-59,bcn20000,4,True,4,0.008895995,0.007976266,0.00618681,0.06251899,0.87084454,0.0036570178,0.039920248,0.8877168,8.64421,0.8877168,composite,2,,43,composite_f2_s43_in22k_v5conf,last
ISIC_0070849,BCN_0004882,BCN_0004882,60+,bcn20000,5,False,4,0.010633373,0.007011435,0.16603456,0.09098211,0.40559632,0.26189503,0.05784715,0.42324114,-1.9652113,0.42324114,composite,2,,43,composite_f2_s43_in22k_v5conf,last
ISIC_0070854,BCN_0005294,BCN_0005294,60+,bcn20000,2,False,2,0.0058038114,0.0051181684,0.92346954,0.032959066,0.0031599074,0.002819059,0.026670404,0.014081887,-7.4474697,0.014081887,composite,2,,43,composite_f2_s43_in22k_v5conf,last
ISIC_0070864,BCN_0005307,BCN_0005307,40-59,bcn20000,5,False,5,0.008700218,0.0068224054,0.0045289462,0.06394192,0.0058571454,0.870955,0.0391944,0.021379769,-7.611847,0.021379769,composite,2,,43,composite_f2_s43_in22k_v5conf,last
ISIC_0070920,BCN_0002598,BCN_0002598,60+,bcn20000,4,True,4,0.021550884,0.017841611,0.006681157,0.07544308,0.8358738,0.0023284808,0.04028101,0.87526625,9.577618,0.87526625,composite,2,,43,composite_f2_s43_in22k_v5conf,last
ISIC_0070927,BCN_0002598,BCN_0002598,60+,bcn20000,4,True,4,0.009847093,0.0057789087,0.008324922,0.074320234,0.84968203,0.003989735,0.048056986,0.86530805,7.155158,0.86530805,composite,2,,43,composite_f2_s43_in22k_v5conf,last
ISIC_0070945,BCN_0001117,BCN_0001117,60+,bcn20000,1,True,1,0.0080195,0.8958702,0.010996143,0.0503899,0.0033550677,0.0058331084,0.025536105,0.9072448,6.143729,0.9072448,composite,2,,43,composite_f2_s43_in22k_v5conf,last
ISIC_0070948,BCN_0000898,BCN_0000898,40-59,bcn20000,5,False,5,0.011988079,0.0069785384,0.0067207343,0.06928544,0.0048249364,0.8564655,0.043736733,0.023791553,-7.6658187,0.023791553,composite,2,,43,composite_f2_s43_in22k_v5conf,last
ISIC_0070962,BCN_0002554,BCN_0002554,40-59,bcn20000,5,False,5,0.010732925,0.0067241415,0.007182448,0.06585547,0.00442807,0.8616111,0.043465838,0.021885136,-8.168046,0.021885136,composite,2,,43,composite_f2_s43_in22k_v5conf,last
ISIC_0070973,BCN_0004673,BCN_0004673,60+,bcn20000,4,True,5,0.010360028,0.00723568,0.0071438085,0.068299964,0.007521524,0.85634434,0.043094575,0.025117233,-7.1633196,0.025117233,composite,2,,43,composite_f2_s43_in22k_v5conf,last
ISIC_0070992,BCN_0004413,BCN_0004413,40-59,bcn20000,4,True,4,0.010300715,0.006006629,0.0051021376,0.05612523,0.8825752,0.0036122843,0.036277834,0.89888257,8.379204,0.89888257,composite,2,,43,composite_f2_s43_in22k_v5conf,last
ISIC_0071001,BCN_0003741,BCN_0003741,<40,bcn20000,5,False,5,0.011880525,0.0075471457,0.007641223,0.06954948,0.0039809654,0.85496926,0.04443132,0.023408636,-8.454889,0.023408636,composite,2,,43,composite_f2_s43_in22k_v5conf,last
ISIC_0071020,BCN_0005596,BCN_0005596,60+,bcn20000,0,True,1,0.0049970658,0.6269136,0.17354128,0.11994306,0.0052587707,0.0075931167,0.061753068,0.6371695,2.4046872,0.6371695,composite,2,,43,composite_f2_s43_in22k_v5conf,last
ISIC_0071024,BCN_0005394,BCN_0005394,60+,bcn20000,6,False,6,0.18819198,0.20654552,0.024807038,0.13870414,0.0019226414,0.0015239357,0.43830478,0.39666012,5.039049,0.39666012,composite,2,,43,composite_f2_s43_in22k_v5conf,last
ISIC_0071043,BCN_0001489,BCN_0001489,60+,bcn20000,4,True,4,0.010926956,0.04802808,0.00948151,0.07794317,0.814064,0.0039111064,0.035645187,0.87301904,8.740551,0.87301904,composite,2,,43,composite_f2_s43_in22k_v5conf,last
ISIC_0071062,BCN_0001120,BCN_0001120,60+,bcn20000,0,True,1,0.18062095,0.6393749,0.013617355,0.074046485,0.032346524,0.004258704,0.055735063,0.8523424,8.82979,0.8523424,composite,2,,43,composite_f2_s43_in22k_v5conf,last
ISIC_0071071,BCN_0001040,BCN_0001040,60+,bcn20000,0,True,0,0.94245404,0.0018502106,0.0034732053,0.025787815,0.003228913,0.0016573907,0.021548405,0.94753313,6.9871125,0.94753313,composite,2,,43,composite_f2_s43_in22k_v5conf,last
ISIC_0071073,BCN_0002049,BCN_0002919,unknown,bcn20000,5,False,5,0.013564431,0.0092156185,0.006499788,0.09467166,0.025864087,0.79131013,0.05887429,0.048644137,-4.8874903,0.048644137,composite,2,,43,composite_f2_s43_in22k_v5conf,last
ISIC_0071085,BCN_0002814,BCN_0002814,60+,bcn20000,1,True,1,0.0035211435,0.91387457,0.005179202,0.038488086,0.0024502715,0.008615691,0.027871054,0.919846,5.715003,0.919846,composite,2,,43,composite_f2_s43_in22k_v5conf,last
ISIC_0071133,BCN_0004413,BCN_0004413,40-59,bcn20000,4,True,4,0.009952406,0.0050598215,0.0052604885,0.054621752,0.885627,0.0038715492,0.035606943,0.9006392,8.075029,0.9006392,composite,2,,43,composite_f2_s43_in22k_v5conf,last
ISIC_0071139,BCN_0003651,BCN_0003651,40-59,bcn20000,5,False,5,0.011089717,0.006497379,0.0067501646,0.0674206,0.0054527563,0.8568611,0.045928236,0.023039851,-7.7712746,0.023039851,composite,2,,43,composite_f2_s43_in22k_v5conf,last
ISIC_0071143,BCN_0003362,BCN_0003362,60+,bcn20000,5,False,5,0.0020424963,0.009011611,0.0032219188,0.051360097,0.006293723,0.9027142,0.02535593,0.017347831,-5.9694347,0.017347831,composite,2,,43,composite_f2_s43_in22k_v5conf,last
ISIC_0071155,BCN_0001739,BCN_0001739,60+,bcn20000,6,False,6,0.0006684778,0.00042608447,0.00053423323,0.005613063,0.0008386133,0.00070284004,0.9912168,0.0019331756,-7.92256,0.0019331756,composite,2,,43,composite_f2_s43_in22k_v5conf,last
ISIC_0071159,BCN_0002593,BCN_0002593,<40,bcn20000,5,False,2,0.012739736,0.009416115,0.7405236,0.117143884,0.0043984205,0.05378722,0.061991032,0.026554272,-10.045988,0.026554272,composite,2,,43,composite_f2_s43_in22k_v5conf,last
ISIC_0071172,BCN_0000458,BCN_0000458,60+,bcn20000,1,True,4,0.012354067,0.15429807,0.01304785,0.15970896,0.57711667,0.0057365336,0.07773781,0.7437688,9.824431,0.7437688,composite,2,,43,composite_f2_s43_in22k_v5conf,last
ISIC_0071194,BCN_0003001,BCN_0003001,<40,bcn20000,5,False,5,0.010571906,0.0077670845,0.0060572927,0.067473136,0.008510459,0.85642207,0.043198027,0.02684945,-6.721055,0.02684945,composite,2,,43,composite_f2_s43_in22k_v5conf,last
ISIC_0071200,BCN_0003635,BCN_0003635,<40,bcn20000,5,False,5,0.010588297,0.005976164,0.0060002003,0.0672596,0.008023544,0.85721093,0.04494128,0.024588004,-7.000832,0.024588004,composite,2,,43,composite_f2_s43_in22k_v5conf,last
ISIC_0071236,BCN_0000449,BCN_0000449,60+,bcn20000,1,True,1,0.00739438,0.89010125,0.0059291343,0.053102735,0.0049220603,0.004417942,0.034132443,0.90241766,7.770673,0.90241766,composite,2,,43,composite_f2_s43_in22k_v5conf,last
ISIC_0071267,BCN_0005394,BCN_0005394,60+,bcn20000,6,False,2,0.027510349,0.20376414,0.6288695,0.06883311,0.0022038182,0.0033487235,0.06547039,0.23347831,0.5024445,0.23347831,composite,2,,43,composite_f2_s43_in22k_v5conf,last
ISIC_0071303,BCN_0004062,BCN_0004062,60+,bcn20000,4,True,4,0.015072843,0.0066077323,0.006253373,0.05750506,0.8678125,0.00442005,0.042328443,0.8894931,8.095128,0.8894931,composite,2,,43,composite_f2_s43_in22k_v5conf,last
ISIC_0071331,BCN_0002603,BCN_0002603,60+,bcn20000,1,True,1,0.006535982,0.89644116,0.0046562958,0.052321825,0.005822391,0.0034166302,0.030805638,0.9087996,8.634769,0.9087996,composite,2,,43,composite_f2_s43_in22k_v5conf,last
ISIC_0071391,BCN_0001713,BCN_0001713,<40,bcn20000,5,False,5,0.010386471,0.0077458746,0.016828159,0.073845126,0.0041527636,0.83574,0.05130165,0.02228511,-8.84517,0.02228511,composite,2,,43,composite_f2_s43_in22k_v5conf,last
ISIC_0071399,BCN_0004111,BCN_0004111,60+,bcn20000,2,False,0,0.8643188,0.0015384046,0.0435921,0.03842414,0.023522016,0.005792447,0.022812119,0.8893792,4.458687,0.8893792,composite,2,,43,composite_f2_s43_in22k_v5conf,last
ISIC_0071417,BCN_0005598,BCN_0005598,60+,bcn20000,0,True,1,0.0052628606,0.90856284,0.003929208,0.04582399,0.0041313437,0.0035026146,0.028787158,0.917957,7.871574,0.917957,composite,2,,43,composite_f2_s43_in22k_v5conf,last
ISIC_0071437,BCN_0003255,BCN_0003255,60+,bcn20000,5,False,5,0.011210165,0.009791606,0.0060195923,0.07634897,0.0077777533,0.8447984,0.044053428,0.028779525,-6.840632,0.028779525,composite,2,,43,composite_f2_s43_in22k_v5conf,last
ISIC_0071468,BCN_0000276,BCN_0000276,40-59,bcn20000,5,False,5,0.010931225,0.0077084354,0.005302186,0.066475384,0.0048295604,0.86352044,0.041232817,0.02346922,-7.63812,0.02346922,composite,2,,43,composite_f2_s43_in22k_v5conf,last
ISIC_0071483,BCN_0000901,BCN_0000901,60+,bcn20000,1,True,1,0.0063359197,0.8362777,0.0058169044,0.067802764,0.03516525,0.005763614,0.042837884,0.8777789,8.744504,0.8777789,composite,2,,43,composite_f2_s43_in22k_v5conf,last
ISIC_0071493,BCN_0004932,BCN_0004932,<40,bcn20000,5,False,5,0.011210619,0.007286681,0.007925269,0.06658441,0.00580274,0.85924965,0.041940637,0.024300039,-7.4493876,0.024300039,composite,2,,43,composite_f2_s43_in22k_v5conf,last
ISIC_0071500,BCN_0002405,BCN_0002405,60+,bcn20000,0,True,1,0.009561196,0.91347706,0.0057636835,0.037912287,0.0038348325,0.003226756,0.026224112,0.9268731,7.610823,0.9268731,composite,2,,43,composite_f2_s43_in22k_v5conf,last
ISIC_0071505,BCN_0005307,BCN_0005307,40-59,bcn20000,5,False,5,0.015274854,0.007903365,0.013921516,0.08749634,0.027907947,0.80169773,0.045798257,0.051086165,-5.3548965,0.051086165,composite,2,,43,composite_f2_s43_in22k_v5conf,last
ISIC_0071509,BCN_0005184,BCN_0005184,60+,bcn20000,0,True,0,0.9269384,0.0030976764,0.008590624,0.036983218,0.0011026866,0.0015812197,0.021706155,0.93113875,5.4596863,0.93113875,composite,2,,43,composite_f2_s43_in22k_v5conf,last
ISIC_0071516,BCN_0002243,BCN_0002243,40-59,bcn20000,5,False,5,0.043095823,0.007792823,0.005287576,0.06444676,0.014623364,0.8112742,0.053479563,0.06551201,-4.5973196,0.06551201,composite,2,,43,composite_f2_s43_in22k_v5conf,last
ISIC_0071530,BCN_0002755,BCN_0002755,40-59,bcn20000,2,False,5,0.023935117,0.0029896921,0.1309787,0.06419685,0.0055603576,0.7116861,0.060653266,0.03248517,-7.512855,0.03248517,composite,2,,43,composite_f2_s43_in22k_v5conf,last
ISIC_0071532,BCN_0004673,BCN_0004673,60+,bcn20000,4,True,5,0.008372487,0.007389498,0.005488657,0.06677292,0.007151492,0.8627869,0.042038027,0.022913476,-7.080882,0.022913476,composite,2,,43,composite_f2_s43_in22k_v5conf,last
ISIC_0071538,BCN_0002717,BCN_0002717,60+,bcn20000,4,True,5,0.023220828,0.0042452384,0.20570344,0.09473862,0.014868867,0.60190076,0.055322293,0.042334933,-8.797757,0.042334933,composite,2,,43,composite_f2_s43_in22k_v5conf,last
ISIC_0071568,BCN_0000975,BCN_0000975,60+,bcn20000,4,True,5,0.012331456,0.06877706,0.015707491,0.10500772,0.13664342,0.5756776,0.08585531,0.21775195,-0.28836274,0.21775195,composite,2,,43,composite_f2_s43_in22k_v5conf,last
ISIC_0071619,BCN_0002759,BCN_0002759,60+,bcn20000,0,True,0,0.43334457,0.009289528,0.16199076,0.11631084,0.11105086,0.11473668,0.053276792,0.55368495,1.2020662,0.55368495,composite,2,,43,composite_f2_s43_in22k_v5conf,last
ISIC_0071623,BCN_0001713,BCN_0001713,<40,bcn20000,5,False,5,0.009184737,0.0069899415,0.0076181837,0.06829201,0.005922891,0.8610158,0.040976368,0.022097569,-7.859186,0.022097569,composite,2,,43,composite_f2_s43_in22k_v5conf,last
ISIC_0071630,BCN_0001657,BCN_0001657,40-59,bcn20000,5,False,5,0.009899031,0.009755852,0.006883578,0.06548482,0.0031189541,0.8517742,0.053083684,0.022773838,-7.2884126,0.022773838,composite,2,,43,composite_f2_s43_in22k_v5conf,last
ISIC_0071662,BCN_0004766,BCN_0004766,40-59,bcn20000,2,False,5,0.009282254,0.006456065,0.022133783,0.07951311,0.005965787,0.8236356,0.05301352,0.021704108,-7.777795,0.021704108,composite,2,,43,composite_f2_s43_in22k_v5conf,last
ISIC_0071664,BCN_0000868,BCN_0000868,60+,bcn20000,5,False,4,0.02352469,0.011322916,0.014227895,0.08112184,0.7892007,0.040748455,0.039853472,0.82404834,3.538602,0.82404834,composite,2,,43,composite_f2_s43_in22k_v5conf,last
ISIC_0071668,BCN_0005525,BCN_0005525,40-59,bcn20000,4,True,5,0.013961137,0.0074583627,0.006405812,0.08218569,0.023392735,0.81590927,0.050686885,0.044812232,-5.2349505,0.044812232,composite,2,,43,composite_f2_s43_in22k_v5conf,last
ISIC_0071678,BCN_0002532,BCN_0002532,60+,bcn20000,4,True,4,0.0077174697,0.0066692317,0.005078782,0.06170314,0.86752343,0.005712774,0.045595173,0.88191015,7.6798463,0.88191015,composite,2,,43,composite_f2_s43_in22k_v5conf,last
ISIC_0071699,BCN_0001821,BCN_0001821,<40,bcn20000,4,True,4,0.13428096,0.0051145707,0.019474154,0.15323423,0.3878618,0.24173307,0.058301196,0.5272573,1.087817,0.5272573,composite,2,,43,composite_f2_s43_in22k_v5conf,last
ISIC_0071730,BCN_0000215,BCN_0000215,60+,bcn20000,1,True,1,0.0073628025,0.9115394,0.0043771607,0.041474354,0.0032251189,0.003819007,0.028202176,0.9221273,7.9180365,0.9221273,composite,2,,43,composite_f2_s43_in22k_v5conf,last
ISIC_0071751,BCN_0004682,BCN_0004682,60+,bcn20000,1,True,4,0.009034459,0.26597422,0.008714618,0.10267769,0.54391336,0.0069623957,0.06272322,0.81892204,9.948678,0.81892204,composite,2,,43,composite_f2_s43_in22k_v5conf,last
ISIC_0071772,BCN_0002759,BCN_0002759,60+,bcn20000,0,True,0,0.9387147,0.0013839243,0.0016117949,0.030909013,0.0037604952,0.0028033836,0.020816686,0.9438591,7.290064,0.9438591,composite,2,,43,composite_f2_s43_in22k_v5conf,last
ISIC_0071782,BCN_0002598,BCN_0002598,60+,bcn20000,4,True,4,0.025198558,0.009863972,0.006109791,0.08017037,0.8318795,0.003222795,0.043555036,0.86694205,9.078659,0.86694205,composite,2,,43,composite_f2_s43_in22k_v5conf,last
ISIC_0071823,BCN_0001659,BCN_0001659,60+,bcn20000,5,False,5,0.010642259,0.0075111734,0.006488332,0.059390426,0.004731668,0.8729058,0.03833036,0.0228851,-7.211669,0.0228851,composite,2,,43,composite_f2_s43_in22k_v5conf,last
ISIC_0071827,BCN_0001189,BCN_0001189,40-59,bcn20000,4,True,4,0.006424941,0.00819271,0.005740258,0.0623352,0.86411864,0.0042640567,0.04892423,0.87873626,8.421098,0.87873626,composite,2,,43,composite_f2_s43_in22k_v5conf,last
ISIC_0071832,BCN_0001713,BCN_0001713,<40,bcn20000,5,False,5,0.014545195,0.00724296,0.007806556,0.07438023,0.010083136,0.83573365,0.05020826,0.03187129,-6.7305317,0.03187129,composite,2,,43,composite_f2_s43_in22k_v5conf,last
ISIC_0071833,BCN_0002645,BCN_0002645,40-59,bcn20000,2,False,2,0.012901245,0.009340253,0.82778275,0.084130205,0.00509756,0.014985843,0.04576216,0.027339058,-7.6873646,0.027339058,composite,2,,43,composite_f2_s43_in22k_v5conf,last
ISIC_0071850,BCN_0002049,BCN_0002919,unknown,bcn20000,5,False,5,0.011082085,0.0062749865,0.008381347,0.06972562,0.011268342,0.84493834,0.048329223,0.028625414,-6.922172,0.028625414,composite,2,,43,composite_f2_s43_in22k_v5conf,last
ISIC_0071875,BCN_0003408,BCN_0003408,60+,bcn20000,4,True,4,0.046353728,0.0077985395,0.06847422,0.13396835,0.67383295,0.0044607287,0.06511146,0.7279852,5.597075,0.7279852,composite,2,,43,composite_f2_s43_in22k_v5conf,last
ISIC_0071878,BCN_0004301,BCN_0004301,60+,bcn20000,1,True,1,0.009841362,0.89067614,0.004972556,0.051641963,0.0048534884,0.0040547466,0.033959627,0.905371,8.076383,0.905371,composite,2,,43,composite_f2_s43_in22k_v5conf,last
ISIC_0071882,BCN_0002520,BCN_0002520,60+,bcn20000,1,True,1,0.005422837,0.89880586,0.0057731313,0.048677895,0.0049585956,0.0036204916,0.032741208,0.90918726,7.827877,0.90918726,composite,2,,43,composite_f2_s43_in22k_v5conf,last
ISIC_0071883,BCN_0002961,BCN_0002961,40-59,bcn20000,5,False,4,0.0029543056,0.003783199,0.003963445,0.0347417,0.9157469,0.021247696,0.017562719,0.92248446,4.8761516,0.92248446,composite,2,,43,composite_f2_s43_in22k_v5conf,last
ISIC_0071890,BCN_0004588,BCN_0004588,60+,bcn20000,1,True,1,0.007702543,0.90813977,0.0043100715,0.046445455,0.0029190867,0.002654459,0.027828552,0.9187614,8.390384,0.9187614,composite,2,,43,composite_f2_s43_in22k_v5conf,last
ISIC_0071891,BCN_0005468,BCN_0005468,40-59,bcn20000,4,True,2,0.023736378,0.003240332,0.78883785,0.119732104,0.007659902,0.005449301,0.051344205,0.034636613,-6.0525455,0.034636613,composite,2,,43,composite_f2_s43_in22k_v5conf,last
ISIC_0071900,BCN_0002755,BCN_0002755,40-59,bcn20000,2,False,2,0.020808388,0.005345506,0.7729941,0.06862475,0.004026093,0.08533659,0.042864606,0.030179987,-8.493397,0.030179987,composite,2,,43,composite_f2_s43_in22k_v5conf,last
ISIC_0071902,BCN_0004342,BCN_0004342,40-59,bcn20000,2,False,5,0.009429545,0.005335856,0.010869892,0.056832965,0.004678044,0.8738316,0.039022125,0.019443445,-7.635379,0.019443445,composite,2,,43,composite_f2_s43_in22k_v5conf,last
ISIC_0071906,BCN_0002353,BCN_0002353,<40,bcn20000,4,True,4,0.010696159,0.004574415,0.005810217,0.0643618,0.8634186,0.014886415,0.036252413,0.87868917,5.5234575,0.87868917,composite,2,,43,composite_f2_s43_in22k_v5conf,last
ISIC_0071917,BCN_0000573,BCN_0000573,60+,bcn20000,1,True,1,0.009391427,0.829857,0.005421466,0.07850193,0.020557918,0.006001694,0.05026854,0.85980636,9.608125,0.85980636,composite,2,,43,composite_f2_s43_in22k_v5conf,last
ISIC_0071931,BCN_0004941,BCN_0004941,60+,bcn20000,4,True,4,0.012446718,0.016132569,0.0056480463,0.072158225,0.8424735,0.0025481798,0.048592843,0.8710528,9.080559,0.8710528,composite,2,,43,composite_f2_s43_in22k_v5conf,last
ISIC_0071944,BCN_0002560,BCN_0002560,40-59,bcn20000,4,True,4,0.0021863973,0.05674577,0.0054561426,0.066863894,0.8003011,0.0100708315,0.0583759,0.85923326,7.440384,0.85923326,composite,2,,43,composite_f2_s43_in22k_v5conf,last
ISIC_0071954,BCN_0000670,BCN_0000670,40-59,bcn20000,5,False,5,0.0023422716,0.045126893,0.011824021,0.072033964,0.015995253,0.80700594,0.045671634,0.06346442,-4.3471794,0.06346442,composite,2,,43,composite_f2_s43_in22k_v5conf,last
ISIC_0071960,BCN_0001745,BCN_0001745,60+,bcn20000,1,True,1,0.010981621,0.8933421,0.005032768,0.05322531,0.0035123648,0.0031610497,0.030744793,0.9078361,8.474015,0.9078361,composite,2,,43,composite_f2_s43_in22k_v5conf,last
ISIC_0071962,BCN_0001669,BCN_0001669,60+,bcn20000,2,False,2,0.006515666,0.004985518,0.881887,0.056799736,0.0029579105,0.009783132,0.037071027,0.014459094,-9.166229,0.014459094,composite,2,,43,composite_f2_s43_in22k_v5conf,last
ISIC_0071975,BCN_0002988,BCN_0002988,60+,bcn20000,5,False,5,0.011223183,0.007197092,0.009175766,0.06581016,0.0038770714,0.8580725,0.04464412,0.022297347,-8.352958,0.022297347,composite,2,,43,composite_f2_s43_in22k_v5conf,last
ISIC_0071987,BCN_0003336,BCN_0003336,60+,bcn20000,1,True,1,0.00935615,0.8943117,0.004597163,0.04860158,0.003882109,0.0032806506,0.035970625,0.90755,8.0785475,0.90755,composite,2,,43,composite_f2_s43_in22k_v5conf,last
ISIC_0071989,BCN_0002456,BCN_0002456,40-59,bcn20000,5,False,5,0.013305165,0.0077307685,0.00816776,0.07297168,0.005759771,0.84737474,0.044690136,0.026795704,-7.432932,0.026795704,composite,2,,43,composite_f2_s43_in22k_v5conf,last
ISIC_0072033,BCN_0004797,BCN_0004797,40-59,bcn20000,3,False,5,0.018281449,0.002864037,0.004695144,0.19726256,0.006494928,0.7303406,0.04006128,0.027640413,-6.820963,0.027640413,composite,2,,43,composite_f2_s43_in22k_v5conf,last
ISIC_0072034,BCN_0000830,BCN_0000830,60+,bcn20000,1,True,1,0.01794081,0.8930767,0.004339233,0.048146732,0.0024581423,0.0026489708,0.031389296,0.9134757,8.36877,0.9134757,composite,2,,43,composite_f2_s43_in22k_v5conf,last
ISIC_0072035,BCN_0000640,BCN_0000640,60+,bcn20000,1,True,4,0.002573975,0.10468411,0.092319794,0.19867994,0.30387866,0.0050453967,0.29281813,0.41113675,3.4932568,0.41113675,composite,2,,43,composite_f2_s43_in22k_v5conf,last
ISIC_0072036,BCN_0005307,BCN_0005307,40-59,bcn20000,5,False,4,0.013043621,0.0063977013,0.009014498,0.09000514,0.817688,0.017711472,0.04613958,0.8371293,4.9198956,0.8371293,composite,2,,43,composite_f2_s43_in22k_v5conf,last
ISIC_0072041,BCN_0001367,BCN_0001367,60+,bcn20000,4,True,4,0.007765715,0.005245754,0.005671252,0.0591461,0.8786681,0.006897229,0.036605805,0.8916796,7.037092,0.8916796,composite,2,,43,composite_f2_s43_in22k_v5conf,last
ISIC_0072056,BCN_0002554,BCN_0002554,40-59,bcn20000,5,False,5,0.0087649925,0.005573316,0.0069017434,0.06729547,0.004566661,0.8630751,0.04382275,0.01890497,-8.1705065,0.01890497,composite,2,,43,composite_f2_s43_in22k_v5conf,last
ISIC_0072058,BCN_0003116,BCN_0003116,60+,bcn20000,2,False,0,0.93277395,0.003197442,0.0041319514,0.030584034,0.0066377474,0.0012380683,0.021436846,0.94260913,7.8171206,0.94260913,composite,2,,43,composite_f2_s43_in22k_v5conf,last
ISIC_0072076,BCN_0002049,BCN_0002919,unknown,bcn20000,5,False,5,0.009102592,0.00591113,0.0061843987,0.06605111,0.006948444,0.8647792,0.041023064,0.021962166,-7.32209,0.021962166,composite,2,,43,composite_f2_s43_in22k_v5conf,last
ISIC_0072077,BCN_0000229,BCN_0000229,40-59,bcn20000,4,True,4,0.011837743,0.0066158553,0.007011143,0.062259402,0.86556953,0.005142287,0.041564047,0.88402313,7.9423437,0.88402313,composite,2,,43,composite_f2_s43_in22k_v5conf,last
ISIC_0072082,BCN_0003446,BCN_0003446,60+,bcn20000,1,True,1,0.016472524,0.8756982,0.004228278,0.063733615,0.0029976834,0.0029610898,0.0339086,0.8951684,8.750258,0.8951684,composite,2,,43,composite_f2_s43_in22k_v5conf,last
ISIC_0072096,BCN_0005446,BCN_0005446,60+,bcn20000,5,False,4,0.0035344923,0.0023677668,0.010045802,0.061201736,0.85145897,0.03331236,0.03807881,0.8573612,3.5500286,0.8573612,composite,2,,43,composite_f2_s43_in22k_v5conf,last
ISIC_0072099,BCN_0001437,BCN_0001437,60+,bcn20000,4,True,4,0.017856557,0.008830315,0.0061385185,0.071947634,0.84222835,0.0037450367,0.049253605,0.8689152,8.124058,0.8689152,composite,2,,43,composite_f2_s43_in22k_v5conf,last
ISIC_0072107,BCN_0002759,BCN_0002759,60+,bcn20000,0,True,0,0.9253597,0.001707742,0.0072288485,0.023378788,0.0016530572,0.00020845149,0.040463425,0.92872053,5.5989823,0.92872053,composite,2,,43,composite_f2_s43_in22k_v5conf,last
ISIC_0072108,BCN_0000458,BCN_0000458,60+,bcn20000,1,True,1,0.006322154,0.85492224,0.0054891515,0.07685315,0.014214258,0.0036301217,0.038568977,0.87545866,8.734736,0.87545866,composite,2,,43,composite_f2_s43_in22k_v5conf,last
ISIC_0072121,BCN_0003192,BCN_0003192,60+,bcn20000,4,True,4,0.014678542,0.012950141,0.0058584595,0.06649512,0.85414267,0.0021942663,0.04368082,0.8817713,9.836041,0.8817713,composite,2,,43,composite_f2_s43_in22k_v5conf,last
ISIC_0072124,BCN_0003336,BCN_0003336,60+,bcn20000,1,True,1,0.020442545,0.6471065,0.017006444,0.1208522,0.012949942,0.040722135,0.14092019,0.680499,2.8286152,0.680499,composite,2,,43,composite_f2_s43_in22k_v5conf,last
ISIC_0072185,BCN_0005312,BCN_0005312,<40,bcn20000,5,False,3,0.034301974,0.38526767,0.025774952,0.5072669,0.007574219,0.013147541,0.026666831,0.42714387,1.5785757,0.42714387,composite,2,,43,composite_f2_s43_in22k_v5conf,last
ISIC_0072189,BCN_0005672,BCN_0005672,40-59,bcn20000,1,True,1,0.0057779113,0.8985435,0.0044050426,0.051039103,0.0040118108,0.003918003,0.032304645,0.9083332,8.275481,0.9083332,composite,2,,43,composite_f2_s43_in22k_v5conf,last
ISIC_0072202,BCN_0003658,BCN_0003658,40-59,bcn20000,5,False,5,0.013858396,0.010163352,0.0074110455,0.07038193,0.01875126,0.83325815,0.04617578,0.04277301,-5.0323505,0.04277301,composite,2,,43,composite_f2_s43_in22k_v5conf,last
ISIC_0072210,BCN_0005312,BCN_0005312,<40,bcn20000,5,False,3,0.020537555,0.22122961,0.0122261485,0.33730528,0.22184911,0.13118234,0.055669982,0.46361628,2.347625,0.46361628,composite,2,,43,composite_f2_s43_in22k_v5conf,last
ISIC_0072211,BCN_0003199,BCN_0003199,40-59,bcn20000,1,True,4,0.051050067,0.19199641,0.0064218193,0.14288637,0.2754288,0.22503342,0.10718316,0.5184753,3.7298372,0.5184753,composite,2,,43,composite_f2_s43_in22k_v5conf,last
ISIC_0072271,BCN_0000474,BCN_0000474,<40,bcn20000,4,True,5,0.007983648,0.006806628,0.0052840654,0.066194706,0.013820224,0.86067355,0.0392372,0.028610501,-6.230777,0.028610501,composite,2,,43,composite_f2_s43_in22k_v5conf,last
ISIC_0072293,BCN_0005075,BCN_0005075,40-59,bcn20000,1,True,0,0.59884745,0.13089892,0.012827267,0.12015186,0.07181281,0.002308791,0.06315293,0.80155915,10.0674925,0.80155915,composite,2,,43,composite_f2_s43_in22k_v5conf,last
ISIC_0072313,BCN_0005484,BCN_0005484,<40,bcn20000,5,False,5,0.010279124,0.006794744,0.006509078,0.06507677,0.005352082,0.86521274,0.040775493,0.02242595,-7.8579783,0.02242595,composite,2,,43,composite_f2_s43_in22k_v5conf,last
ISIC_0072324,BCN_0003276,BCN_0003276,40-59,bcn20000,5,False,5,0.011619286,0.008365945,0.008015782,0.06860277,0.005426796,0.8537273,0.04424219,0.025412027,-7.8184266,0.025412027,composite,2,,43,composite_f2_s43_in22k_v5conf,last
ISIC_0072353,BCN_0001189,BCN_0001189,40-59,bcn20000,4,True,4,0.007448647,0.006305622,0.0045036795,0.047310933,0.898972,0.002636063,0.032823067,0.9127262,9.244229,0.9127262,composite,2,,43,composite_f2_s43_in22k_v5conf,last
ISIC_0072434,BCN_0005083,BCN_0005083,60+,bcn20000,1,True,1,0.0010343957,0.80667645,0.022138236,0.07995992,0.033031113,0.006232617,0.050927293,0.84074193,4.6445093,0.84074193,composite,2,,43,composite_f2_s43_in22k_v5conf,last
ISIC_0072448,BCN_0003651,BCN_0003651,40-59,bcn20000,5,False,5,0.011151614,0.0066530704,0.006594547,0.06631103,0.0054299687,0.86003417,0.04382562,0.023234652,-7.795438,0.023234652,composite,2,,43,composite_f2_s43_in22k_v5conf,last
ISIC_0072467,BCN_0004334,BCN_0004334,40-59,bcn20000,5,False,5,0.0119238505,0.007410938,0.0077336547,0.06780069,0.0046678884,0.8589136,0.041549373,0.024002679,-7.534449,0.024002679,composite,2,,43,composite_f2_s43_in22k_v5conf,last
ISIC_0072473,BCN_0001286,BCN_0001286,60+,bcn20000,4,True,4,0.009145198,0.005823334,0.0071388935,0.061124768,0.87509525,0.0038157373,0.037856802,0.89006376,8.368405,0.89006376,composite,2,,43,composite_f2_s43_in22k_v5conf,last
ISIC_0072484,BCN_0002645,BCN_0002645,40-59,bcn20000,2,False,0,0.48969486,0.2810817,0.020547815,0.09597997,0.0028720186,0.0027568408,0.107066885,0.77364856,4.90907,0.77364856,composite,2,,43,composite_f2_s43_in22k_v5conf,last
ISIC_0072515,BCN_0001400,BCN_0001400,60+,bcn20000,1,True,4,0.015497761,0.22001864,0.013885583,0.12350397,0.53736275,0.0026705547,0.087060735,0.7728791,10.339792,0.7728791,composite,2,,43,composite_f2_s43_in22k_v5conf,last
ISIC_0072534,BCN_0001437,BCN_0001437,60+,bcn20000,4,True,0,0.42085254,0.040485866,0.019973343,0.1351151,0.07074239,0.2344243,0.07840645,0.53208077,0.9494973,0.53208077,composite,2,,43,composite_f2_s43_in22k_v5conf,last
ISIC_0072568,BCN_0001189,BCN_0001189,40-59,bcn20000,4,True,4,0.0101665,0.00592438,0.0063121943,0.056382034,0.87404615,0.004784447,0.042384293,0.890137,8.155824,0.890137,composite,2,,43,composite_f2_s43_in22k_v5conf,last
ISIC_0072581,BCN_0005192,BCN_0005192,60+,bcn20000,1,True,1,0.006414724,0.89512706,0.0054161,0.05239943,0.0037907124,0.0038315682,0.033020437,0.9053325,8.071847,0.9053325,composite,2,,43,composite_f2_s43_in22k_v5conf,last
ISIC_0072601,BCN_0002861,BCN_0002861,60+,bcn20000,4,True,4,0.009072028,0.004330723,0.0075385943,0.058942318,0.886259,0.003216387,0.030641012,0.8996618,8.178219,0.8996618,composite,2,,43,composite_f2_s43_in22k_v5conf,last
ISIC_0072607,BCN_0000226,BCN_0000226,60+,bcn20000,2,False,2,0.025183553,0.1161723,0.52836865,0.19202876,0.00843275,0.028634693,0.10117928,0.1497886,-3.4001942,0.1497886,composite,2,,43,composite_f2_s43_in22k_v5conf,last
ISIC_0072628,BCN_0002851,BCN_0002851,60+,bcn20000,0,True,0,0.86832756,0.0023292995,0.05623726,0.046339493,0.0011343658,0.0009646354,0.024667326,0.87179124,2.515143,0.87179124,composite,2,,43,composite_f2_s43_in22k_v5conf,last
ISIC_0072649,BCN_0000458,BCN_0000458,60+,bcn20000,1,True,2,0.0018964722,0.0020214203,0.9169372,0.04799087,0.0023706793,0.004344706,0.024438763,0.0062885717,-8.495172,0.0062885717,composite,2,,43,composite_f2_s43_in22k_v5conf,last
ISIC_0072660,BCN_0002411,BCN_0002411,40-59,bcn20000,1,True,0,0.5029051,0.25838664,0.00689276,0.09420368,0.0039913217,0.0036415085,0.12997904,0.76528305,8.005345,0.76528305,composite,2,,43,composite_f2_s43_in22k_v5conf,last
ISIC_0072665,BCN_0004342,BCN_0004342,40-59,bcn20000,2,False,5,0.011095203,0.005920969,0.0050068074,0.06876313,0.0063317153,0.8571465,0.04573567,0.023347888,-6.9811583,0.023347888,composite,2,,43,composite_f2_s43_in22k_v5conf,last
ISIC_0072679,BCN_0002652,BCN_0002652,40-59,bcn20000,5,False,4,0.010677288,0.0033052824,0.00607933,0.05059576,0.88658667,0.006482198,0.036273465,0.90056926,6.861379,0.90056926,composite,2,,43,composite_f2_s43_in22k_v5conf,last
ISIC_0072697,BCN_0000031,BCN_0000031,40-59,bcn20000,1,True,0,0.4606784,0.12112436,0.0017438233,0.07559357,0.007140892,0.0021609801,0.331558,0.5889436,7.140439,0.5889436,composite,2,,43,composite_f2_s43_in22k_v5conf,last
ISIC_0072745,BCN_0003658,BCN_0003658,40-59,bcn20000,5,False,5,0.01965988,0.017471787,0.008736276,0.09520014,0.15814726,0.6372224,0.06356231,0.19527893,-1.6591914,0.19527893,composite,2,,43,composite_f2_s43_in22k_v5conf,last
ISIC_0072752,BCN_0002651,BCN_0002651,60+,bcn20000,2,False,4,0.008099778,0.005982674,0.0068039903,0.060120814,0.87850094,0.0030992301,0.03739257,0.8925834,8.411701,0.8925834,composite,2,,43,composite_f2_s43_in22k_v5conf,last
ISIC_0072754,BCN_0002759,BCN_0002759,60+,bcn20000,0,True,4,0.14665891,0.015363033,0.0442859,0.16411965,0.2685792,0.2369758,0.124017484,0.43060118,0.81210625,0.43060118,composite,2,,43,composite_f2_s43_in22k_v5conf,last
ISIC_0072767,BCN_0003047,BCN_0003047,40-59,bcn20000,5,False,5,0.011897121,0.0074249236,0.008461579,0.066088215,0.0051029823,0.85810375,0.042921457,0.024425028,-7.298212,0.024425028,composite,2,,43,composite_f2_s43_in22k_v5conf,last
ISIC_0072772,BCN_0004307,BCN_0004307,60+,bcn20000,1,True,3,0.00035338424,0.062229726,0.008361053,0.8646315,0.0026830079,0.008964053,0.052777298,0.06526612,-4.9580255,0.06526612,composite,2,,43,composite_f2_s43_in22k_v5conf,last
ISIC_0072776,BCN_0005190,BCN_0005190,60+,bcn20000,1,True,1,0.008395297,0.9032882,0.0057708644,0.042456873,0.0055224844,0.00462699,0.029939335,0.917206,7.5637817,0.917206,composite,2,,43,composite_f2_s43_in22k_v5conf,last
ISIC_0072777,BCN_0003462,BCN_0003462,40-59,bcn20000,5,False,5,0.010494305,0.007450421,0.0076219467,0.0693526,0.006158294,0.8520601,0.04686234,0.02410302,-7.704019,0.02410302,composite,2,,43,composite_f2_s43_in22k_v5conf,last
ISIC_0072815,BCN_0004111,BCN_0004111,60+,bcn20000,2,False,0,0.64053494,0.014923828,0.030542761,0.06459617,0.041013196,0.14121732,0.0671718,0.6964719,0.6201468,0.6964719,composite,2,,43,composite_f2_s43_in22k_v5conf,last
ISIC_0072821,BCN_0005446,BCN_0005446,60+,bcn20000,5,False,5,0.008005252,0.0043167616,0.0068103266,0.06950987,0.013566289,0.8531048,0.044686623,0.025888303,-6.3518724,0.025888303,composite,2,,43,composite_f2_s43_in22k_v5conf,last
ISIC_0072852,BCN_0004229,BCN_0004229,60+,bcn20000,1,True,1,0.008147418,0.8881365,0.0045183515,0.054316275,0.0050145867,0.0061605806,0.03370631,0.9012985,7.4429154,0.9012985,composite,2,,43,composite_f2_s43_in22k_v5conf,last
ISIC_0072855,BCN_0003047,BCN_0003047,40-59,bcn20000,5,False,5,0.010390891,0.0077523175,0.0085814465,0.067492865,0.0051413504,0.8580632,0.042577915,0.023284558,-7.709235,0.023284558,composite,2,,43,composite_f2_s43_in22k_v5conf,last
ISIC_0072864,BCN_0004608,BCN_0004608,60+,bcn20000,2,False,1,0.038240004,0.8558065,0.009037821,0.054330505,0.0030112439,0.0029478194,0.036626175,0.8970578,8.089577,0.8970578,composite,2,,43,composite_f2_s43_in22k_v5conf,last
ISIC_0072911,BCN_0003009,BCN_0003009,60+,bcn20000,0,True,2,0.061098702,0.20775184,0.29403237,0.17040473,0.013602467,0.15174949,0.101360425,0.282453,-0.63823754,0.282453,composite,2,,43,composite_f2_s43_in22k_v5conf,last
ISIC_0072926,BCN_0000604,BCN_0000604,40-59,bcn20000,5,False,2,0.007921255,0.0057009193,0.45723066,0.08796958,0.013734642,0.36843464,0.059008308,0.027356816,-8.958713,0.027356816,composite,2,,43,composite_f2_s43_in22k_v5conf,last
ISIC_0072966,BCN_0002598,BCN_0002598,60+,bcn20000,4,True,4,0.011669131,0.010391957,0.0122222,0.07991571,0.8261674,0.0034121207,0.056221507,0.8482285,7.7454786,0.8482285,composite,2,,43,composite_f2_s43_in22k_v5conf,last
ISIC_0072998,BCN_0003276,BCN_0003276,40-59,bcn20000,5,False,5,0.009683008,0.00627989,0.0055980375,0.06394476,0.0055868193,0.86911327,0.039794262,0.021549718,-7.478052,0.021549718,composite,2,,43,composite_f2_s43_in22k_v5conf,last
ISIC_0072999,BCN_0000110,BCN_0000110,40-59,bcn20000,2,False,2,0.060926434,0.0022553033,0.81731355,0.071247794,0.010655215,0.0010271063,0.03657456,0.07383695,-2.5760858,0.07383695,composite,2,,43,composite_f2_s43_in22k_v5conf,last
ISIC_0073004,BCN_0004563,BCN_0004563,60+,bcn20000,5,False,4,0.009422535,0.003172386,0.0063792034,0.04693679,0.89821887,0.005374785,0.030495478,0.9108138,6.9487667,0.9108138,composite,2,,43,composite_f2_s43_in22k_v5conf,last
ISIC_0073036,BCN_0001713,BCN_0001713,<40,bcn20000,5,False,5,0.011205515,0.0066680578,0.007844965,0.06854208,0.0066809985,0.8598148,0.039243493,0.024554571,-7.717516,0.024554571,composite,2,,43,composite_f2_s43_in22k_v5conf,last
ISIC_0073048,BCN_0004258,BCN_0004258,40-59,bcn20000,2,False,2,0.009114792,0.014427845,0.8803817,0.05516264,0.005390819,0.0018246602,0.033697534,0.028933456,-4.594015,0.028933456,composite,2,,43,composite_f2_s43_in22k_v5conf,last
ISIC_0073049,BCN_0000466,BCN_0000466,40-59,bcn20000,1,True,1,0.007553151,0.89345604,0.006881185,0.04851106,0.0060794735,0.0048061507,0.032712817,0.9070887,7.406643,0.9070887,composite,2,,43,composite_f2_s43_in22k_v5conf,last
ISIC_0073050,BCN_0000226,BCN_0000226,60+,bcn20000,2,False,5,0.017526666,0.022530723,0.264191,0.18523191,0.017386079,0.39545688,0.09767671,0.05744347,-6.9572763,0.05744347,composite,2,,43,composite_f2_s43_in22k_v5conf,last
ISIC_0073065,BCN_0005179,BCN_0005179,40-59,bcn20000,4,True,5,0.015073957,0.004701413,0.05207472,0.10920486,0.0035283677,0.75576866,0.059647996,0.023303738,-9.173325,0.023303738,composite,2,,43,composite_f2_s43_in22k_v5conf,last
ISIC_0073077,BCN_0000074,BCN_0000074,<40,bcn20000,5,False,4,0.0070900503,0.0038984942,0.0041111503,0.06176443,0.87182003,0.0154767465,0.035839118,0.88280857,5.526295,0.88280857,composite,2,,43,composite_f2_s43_in22k_v5conf,last
ISIC_0073081,BCN_0005678,BCN_0005678,60+,bcn20000,1,True,1,0.033874337,0.86893886,0.0045799203,0.054026134,0.0030763734,0.002372963,0.03313149,0.9058896,8.547553,0.9058896,composite,2,,43,composite_f2_s43_in22k_v5conf,last
ISIC_0073123,BCN_0004840,BCN_0004840,60+,bcn20000,1,True,1,0.007949981,0.89961725,0.00960145,0.050593194,0.001998079,0.002070682,0.028169459,0.9095653,6.5336747,0.9095653,composite,2,,43,composite_f2_s43_in22k_v5conf,last
ISIC_0073143,BCN_0002861,BCN_0002861,60+,bcn20000,4,True,4,0.008533082,0.004364133,0.007606204,0.06545177,0.8755235,0.004724543,0.03379674,0.8884207,7.370849,0.8884207,composite,2,,43,composite_f2_s43_in22k_v5conf,last
ISIC_0073151,BCN_0003038,BCN_0003038,60+,bcn20000,1,True,1,0.0072038234,0.8919614,0.00561957,0.048753716,0.0066993763,0.0050444743,0.034717582,0.9058646,8.0031185,0.9058646,composite,2,,43,composite_f2_s43_in22k_v5conf,last
ISIC_0073169,BCN_0005658,BCN_0005658,40-59,bcn20000,5,False,1,0.0078034373,0.33711582,0.012400089,0.11877425,0.28800896,0.16860083,0.06729666,0.63292825,2.0360515,0.63292825,composite,2,,43,composite_f2_s43_in22k_v5conf,last
ISIC_0073201,BCN_0002776,BCN_0002776,<40,bcn20000,5,False,5,0.010959072,0.0045903134,0.005887804,0.08226351,0.015674869,0.8233132,0.057311222,0.031224255,-5.915145,0.031224255,composite,2,,43,composite_f2_s43_in22k_v5conf,last
ISIC_0073222,BCN_0000951,BCN_0000951,<40,bcn20000,5,False,5,0.010226715,0.0065107876,0.008079788,0.06933995,0.0039599915,0.858749,0.04313372,0.020697493,-8.076531,0.020697493,composite,2,,43,composite_f2_s43_in22k_v5conf,last
ISIC_0073223,BCN_0005542,BCN_0005542,60+,bcn20000,0,True,1,0.33422846,0.51098865,0.009282045,0.09056296,0.00427868,0.0018042575,0.04885498,0.84949577,9.449016,0.84949577,composite,2,,43,composite_f2_s43_in22k_v5conf,last
ISIC_0073240,BCN_0002417,BCN_0002417,40-59,bcn20000,5,False,5,0.0102319755,0.006331579,0.006905872,0.06399347,0.005225989,0.8666615,0.04064963,0.021789543,-7.879402,0.021789543,composite,2,,43,composite_f2_s43_in22k_v5conf,last
ISIC_0073245,BCN_0003359,BCN_0003359,40-59,bcn20000,5,False,5,0.011936017,0.008273682,0.00705471,0.07081116,0.006867059,0.8498571,0.045200355,0.027076758,-7.0081954,0.027076758,composite,2,,43,composite_f2_s43_in22k_v5conf,last
