image_id,group_id,effective_lesion_id,age_band,archive,y_true,y_esc,pred_index,p_akiec,p_bcc,p_bkl,p_df,p_mel,p_nv,p_vasc,escalation_mass,s_esc,declared_score,arm,fold,loao_holdout,seed,run_id,checkpoint,best_epoch
ISIC_0000004,__singleton__ISIC_0000004,__singleton__ISIC_0000004,60+,mskcc,4,True,4,0.0020340849,0.036641553,0.0029303592,0.057716146,0.8014393,0.00111783,0.09812072,0.84011495,,0.84011495,control,1,,44,control_f1_s44_in22k_v5conf,best,19
ISIC_0000053_downsampled,__singleton__ISIC_0000053_downsampled,__singleton__ISIC_0000053_downsampled,<40,mskcc,5,False,5,0.0073963264,0.005969136,0.0068042274,0.065853134,0.025797553,0.8450714,0.043108173,0.039163016,,0.039163016,control,1,,44,control_f1_s44_in22k_v5conf,best,19
ISIC_0000075,__singleton__ISIC_0000075,__singleton__ISIC_0000075,40-59,mskcc,5,False,5,0.038194954,0.013778669,0.00553986,0.120861374,0.17213923,0.6060843,0.043401644,0.22411285,,0.22411285,control,1,,44,control_f1_s44_in22k_v5conf,best,19
ISIC_0000081_downsampled,__singleton__ISIC_0000081_downsampled,__singleton__ISIC_0000081_downsampled,unknown,mskcc,5,False,5,0.011259818,0.010474921,0.010657867,0.06156133,0.012215425,0.8458724,0.047958214,0.033950165,,0.033950165,control,1,,44,control_f1_s44_in22k_v5conf,best,19
ISIC_0000135_downsampled,__singleton__ISIC_0000135_downsampled,__singleton__ISIC_0000135_downsampled,unknown,mskcc,5,False,4,0.007536253,0.0065082083,0.006287369,0.055451598,0.87474227,0.007720965,0.04175331,0.88878673,,0.88878673,control,1,,44,control_f1_s44_in22k_v5conf,best,19
ISIC_0000146_downsampled,__singleton__ISIC_0000146_downsampled,__singleton__ISIC_0000146_downsampled,unknown,mskcc,4,True,4,0.009487868,0.011400208,0.0028853212,0.08784955,0.4707392,0.31077254,0.106865376,0.49162728,,0.49162728,control,1,,44,control_f1_s44_in22k_v5conf,best,19
ISIC_0000149_downsampled,__singleton__ISIC_0000149_downsampled,__singleton__ISIC_0000149_downsampled,unknown,mskcc,4,True,5,0.011168959,0.008592551,0.015226662,0.10705204,0.15113749,0.63669163,0.070130736,0.170899,,0.170899,control,1,,44,control_f1_s44_in22k_v5conf,best,19
ISIC_0000163,__singleton__ISIC_0000163,__singleton__ISIC_0000163,60+,mskcc,4,True,4,0.004508595,0.0075248065,0.0048922887,0.05538282,0.87122536,0.016559219,0.03990696,0.88325876,,0.88325876,control,1,,44,control_f1_s44_in22k_v5conf,best,19
ISIC_0000167,__singleton__ISIC_0000167,__singleton__ISIC_0000167,40-59,mskcc,4,True,4,0.008624078,0.004647025,0.004172892,0.054697234,0.88655275,0.0028608297,0.03844526,0.89982384,,0.89982384,control,1,,44,control_f1_s44_in22k_v5conf,best,19
ISIC_0000175,__singleton__ISIC_0000175,__singleton__ISIC_0000175,<40,mskcc,4,True,5,0.00980667,0.006212872,0.013040132,0.06449491,0.31544733,0.5435244,0.04747369,0.33146688,,0.33146688,control,1,,44,control_f1_s44_in22k_v5conf,best,19
ISIC_0000197_downsampled,__singleton__ISIC_0000197_downsampled,__singleton__ISIC_0000197_downsampled,<40,mskcc,5,False,5,0.010877398,0.006081996,0.0091169365,0.067674376,0.005270619,0.85236084,0.04861783,0.022230012,,0.022230012,control,1,,44,control_f1_s44_in22k_v5conf,best,19
ISIC_0000211,__singleton__ISIC_0000211,__singleton__ISIC_0000211,<40,mskcc,5,False,5,0.0101586385,0.008048875,0.007114504,0.06392543,0.009036524,0.85289955,0.048816483,0.027244037,,0.027244037,control,1,,44,control_f1_s44_in22k_v5conf,best,19
ISIC_0000214,__singleton__ISIC_0000214,__singleton__ISIC_0000214,60+,mskcc,5,False,5,0.0010189037,0.018890599,0.25613102,0.12292051,0.14902484,0.3807525,0.0712616,0.16893435,,0.16893435,control,1,,44,control_f1_s44_in22k_v5conf,best,19
ISIC_0000271,__singleton__ISIC_0000271,__singleton__ISIC_0000271,<40,mskcc,5,False,5,0.011910203,0.008064435,0.0072573484,0.065373875,0.0062136217,0.85014176,0.051038783,0.02618826,,0.02618826,control,1,,44,control_f1_s44_in22k_v5conf,best,19
ISIC_0000283,__singleton__ISIC_0000283,__singleton__ISIC_0000283,40-59,mskcc,4,True,4,0.011268032,0.0067225667,0.006987041,0.05938648,0.87022376,0.0020929172,0.043319196,0.88821435,,0.88821435,control,1,,44,control_f1_s44_in22k_v5conf,best,19
ISIC_0000287,__singleton__ISIC_0000287,__singleton__ISIC_0000287,40-59,mskcc,4,True,4,0.020990487,0.0069814953,0.004132088,0.07513317,0.83197874,0.007914546,0.052869536,0.8599507,,0.8599507,control,1,,44,control_f1_s44_in22k_v5conf,best,19
ISIC_0000290,__singleton__ISIC_0000290,__singleton__ISIC_0000290,60+,mskcc,4,True,4,0.0080269445,0.065886654,0.086818434,0.17290215,0.54326963,0.004818714,0.118277416,0.6171832,,0.6171832,control,1,,44,control_f1_s44_in22k_v5conf,best,19
ISIC_0000292,__singleton__ISIC_0000292,__singleton__ISIC_0000292,60+,mskcc,4,True,5,0.012084279,0.009710408,0.0053518773,0.06882533,0.012919205,0.8392966,0.051812317,0.034713894,,0.034713894,control,1,,44,control_f1_s44_in22k_v5conf,best,19
ISIC_0000388_downsampled,__singleton__ISIC_0000388_downsampled,__singleton__ISIC_0000388_downsampled,unknown,mskcc,5,False,5,0.01185892,0.008398702,0.01083374,0.06525324,0.015716301,0.8372736,0.05066554,0.03597392,,0.03597392,control,1,,44,control_f1_s44_in22k_v5conf,best,19
ISIC_0000396_downsampled,__singleton__ISIC_0000396_downsampled,__singleton__ISIC_0000396_downsampled,unknown,mskcc,5,False,4,0.014518604,0.009956225,0.010441223,0.11114588,0.5342362,0.23399955,0.08570232,0.55871105,,0.55871105,control,1,,44,control_f1_s44_in22k_v5conf,best,19
ISIC_0000403_downsampled,__singleton__ISIC_0000403_downsampled,__singleton__ISIC_0000403_downsampled,unknown,mskcc,5,False,4,0.014994175,0.007919145,0.006570936,0.07673903,0.50045717,0.32754338,0.06577614,0.5233705,,0.5233705,control,1,,44,control_f1_s44_in22k_v5conf,best,19
ISIC_0000413_downsampled,__singleton__ISIC_0000413_downsampled,__singleton__ISIC_0000413_downsampled,unknown,mskcc,4,True,4,0.0049310564,0.004589083,0.002418807,0.046135694,0.9070181,0.00077945454,0.034127798,0.91653824,,0.91653824,control,1,,44,control_f1_s44_in22k_v5conf,best,19
ISIC_0000415_downsampled,__singleton__ISIC_0000415_downsampled,__singleton__ISIC_0000415_downsampled,unknown,mskcc,4,True,4,0.00414689,0.004006418,0.006021457,0.0727412,0.84816885,0.012646383,0.05226876,0.85632217,,0.85632217,control,1,,44,control_f1_s44_in22k_v5conf,best,19
ISIC_0000416_downsampled,__singleton__ISIC_0000416_downsampled,__singleton__ISIC_0000416_downsampled,unknown,mskcc,5,False,5,0.019522237,0.0058356267,0.003796127,0.07079412,0.011866213,0.841817,0.046368755,0.037224077,,0.037224077,control,1,,44,control_f1_s44_in22k_v5conf,best,19
ISIC_0000474,__singleton__ISIC_0000474,__singleton__ISIC_0000474,unknown,mskcc,5,False,5,0.010711009,0.0074757524,0.008340032,0.07402962,0.008289007,0.84337276,0.04778174,0.026475769,,0.026475769,control,1,,44,control_f1_s44_in22k_v5conf,best,19
ISIC_0000488,__singleton__ISIC_0000488,__singleton__ISIC_0000488,unknown,mskcc,5,False,5,0.011061853,0.007401302,0.008238478,0.07082161,0.027350374,0.8184944,0.056631926,0.04581353,,0.04581353,control,1,,44,control_f1_s44_in22k_v5conf,best,19
ISIC_0000524,__singleton__ISIC_0000524,__singleton__ISIC_0000524,unknown,mskcc,5,False,4,0.007073924,0.0060612,0.0062675825,0.05513431,0.87037194,0.0149871055,0.040103965,0.8835071,,0.8835071,control,1,,44,control_f1_s44_in22k_v5conf,best,19
ISIC_0000525,__singleton__ISIC_0000525,__singleton__ISIC_0000525,unknown,mskcc,5,False,5,0.010368118,0.0066763465,0.007904252,0.06773295,0.0062180646,0.85100985,0.05009053,0.023262529,,0.023262529,control,1,,44,control_f1_s44_in22k_v5conf,best,19
ISIC_0000528,__singleton__ISIC_0000528,__singleton__ISIC_0000528,unknown,mskcc,5,False,0,0.8111192,0.000701192,0.002074377,0.055325832,0.059293885,0.025517967,0.045967493,0.87111425,,0.87111425,control,1,,44,control_f1_s44_in22k_v5conf,best,19
ISIC_0000531,__singleton__ISIC_0000531,__singleton__ISIC_0000531,unknown,mskcc,4,True,4,0.0068787485,0.0026868742,0.004264551,0.044092868,0.9042346,0.0013415992,0.036500774,0.91380024,,0.91380024,control,1,,44,control_f1_s44_in22k_v5conf,best,19
ISIC_0000556,__singleton__ISIC_0000556,__singleton__ISIC_0000556,unknown,mskcc,5,False,5,0.008387094,0.007605354,0.0058359834,0.0660141,0.00439313,0.8606251,0.04713926,0.020385578,,0.020385578,control,1,,44,control_f1_s44_in22k_v5conf,best,19
ISIC_0000882_downsampled,__singleton__ISIC_0000882_downsampled,__singleton__ISIC_0000882_downsampled,<40,mskcc,5,False,5,0.008842723,0.0062849927,0.004413751,0.059016377,0.0049784523,0.87107915,0.04538451,0.020106168,,0.020106168,control,1,,44,control_f1_s44_in22k_v5conf,best,19
ISIC_0000999_downsampled,__singleton__ISIC_0000999_downsampled,__singleton__ISIC_0000999_downsampled,<40,mskcc,5,False,5,0.009571096,0.004709468,0.0025923997,0.04883831,0.0075111147,0.88983566,0.036941953,0.021791678,,0.021791678,control,1,,44,control_f1_s44_in22k_v5conf,best,19
ISIC_0001128_downsampled,__singleton__ISIC_0001128_downsampled,__singleton__ISIC_0001128_downsampled,40-59,mskcc,4,True,4,0.0061506974,0.004647687,0.0046199947,0.044471238,0.8938687,0.0069572576,0.039284453,0.9046671,,0.9046671,control,1,,44,control_f1_s44_in22k_v5conf,best,19
ISIC_0001131_downsampled,__singleton__ISIC_0001131_downsampled,__singleton__ISIC_0001131_downsampled,40-59,mskcc,4,True,4,0.008051575,0.00497481,0.0057522887,0.0524477,0.8856767,0.0018729677,0.041223954,0.89870304,,0.89870304,control,1,,44,control_f1_s44_in22k_v5conf,best,19
ISIC_0001296_downsampled,__singleton__ISIC_0001296_downsampled,__singleton__ISIC_0001296_downsampled,<40,mskcc,5,False,5,0.006483755,0.0068511693,0.005216834,0.052572336,0.012118351,0.8583144,0.05844316,0.025453275,,0.025453275,control,1,,44,control_f1_s44_in22k_v5conf,best,19
ISIC_0001367_downsampled,__singleton__ISIC_0001367_downsampled,__singleton__ISIC_0001367_downsampled,<40,mskcc,5,False,5,0.010556752,0.005716682,0.0070598973,0.07010614,0.019949539,0.83548385,0.051127132,0.036222972,,0.036222972,control,1,,44,control_f1_s44_in22k_v5conf,best,19
ISIC_0002107_downsampled,__singleton__ISIC_0002107_downsampled,__singleton__ISIC_0002107_downsampled,<40,mskcc,5,False,5,0.011558498,0.0073523796,0.0058894195,0.06743623,0.006750858,0.8511611,0.04985159,0.025661735,,0.025661735,control,1,,44,control_f1_s44_in22k_v5conf,best,19
ISIC_0002206_downsampled,__singleton__ISIC_0002206_downsampled,__singleton__ISIC_0002206_downsampled,<40,mskcc,5,False,5,0.011556051,0.006328296,0.0056519927,0.06674577,0.004374825,0.8556283,0.049714763,0.022259172,,0.022259172,control,1,,44,control_f1_s44_in22k_v5conf,best,19
ISIC_0002439_downsampled,__singleton__ISIC_0002439_downsampled,__singleton__ISIC_0002439_downsampled,<40,mskcc,5,False,5,0.012122851,0.009155587,0.007754297,0.07129005,0.007829897,0.84402275,0.047824554,0.029108334,,0.029108334,control,1,,44,control_f1_s44_in22k_v5conf,best,19
ISIC_0004309_downsampled,__singleton__ISIC_0004309_downsampled,__singleton__ISIC_0004309_downsampled,<40,mskcc,5,False,5,0.017844247,0.0068029445,0.0068457094,0.06847937,0.004228665,0.8515067,0.044292342,0.028875856,,0.028875856,control,1,,44,control_f1_s44_in22k_v5conf,best,19
ISIC_0005620_downsampled,__singleton__ISIC_0005620_downsampled,__singleton__ISIC_0005620_downsampled,<40,mskcc,5,False,5,0.0125754215,0.0070753545,0.0069307964,0.07260549,0.006605704,0.84546393,0.048743278,0.02625648,,0.02625648,control,1,,44,control_f1_s44_in22k_v5conf,best,19
ISIC_0005666_downsampled,__singleton__ISIC_0005666_downsampled,__singleton__ISIC_0005666_downsampled,<40,mskcc,5,False,5,0.012052348,0.0064747753,0.007212141,0.07024292,0.00536951,0.85012054,0.04852774,0.023896635,,0.023896635,control,1,,44,control_f1_s44_in22k_v5conf,best,19
ISIC_0006795_downsampled,__singleton__ISIC_0006795_downsampled,__singleton__ISIC_0006795_downsampled,<40,mskcc,5,False,5,0.0102300765,0.006985164,0.006738478,0.06790954,0.005714787,0.8547684,0.047653504,0.022930028,,0.022930028,control,1,,44,control_f1_s44_in22k_v5conf,best,19
ISIC_0006940_downsampled,__singleton__ISIC_0006940_downsampled,__singleton__ISIC_0006940_downsampled,<40,mskcc,5,False,5,0.012086702,0.007646144,0.0068878336,0.0665083,0.0051678997,0.8545186,0.047184583,0.024900746,,0.024900746,control,1,,44,control_f1_s44_in22k_v5conf,best,19
ISIC_0007087_downsampled,__singleton__ISIC_0007087_downsampled,__singleton__ISIC_0007087_downsampled,<40,mskcc,5,False,5,0.013855148,0.007815101,0.005896412,0.07316219,0.0095151095,0.8364063,0.053349752,0.031185359,,0.031185359,control,1,,44,control_f1_s44_in22k_v5conf,best,19
ISIC_0007141_downsampled,__singleton__ISIC_0007141_downsampled,__singleton__ISIC_0007141_downsampled,<40,mskcc,5,False,5,0.01329198,0.0069648917,0.0069818497,0.068587326,0.0070886975,0.84844494,0.04864029,0.027345568,,0.027345568,control,1,,44,control_f1_s44_in22k_v5conf,best,19
ISIC_0007235_downsampled,__singleton__ISIC_0007235_downsampled,__singleton__ISIC_0007235_downsampled,<40,mskcc,5,False,5,0.011053629,0.0068339403,0.011740439,0.07607582,0.0069649573,0.83758986,0.049741305,0.024852527,,0.024852527,control,1,,44,control_f1_s44_in22k_v5conf,best,19
ISIC_0007241_downsampled,__singleton__ISIC_0007241_downsampled,__singleton__ISIC_0007241_downsampled,<40,mskcc,5,False,5,0.011478695,0.007743587,0.007689443,0.06908027,0.0069476077,0.84682834,0.050232068,0.026169889,,0.026169889,control,1,,44,control_f1_s44_in22k_v5conf,best,19
ISIC_0007557_downsampled,__singleton__ISIC_0007557_downsampled,__singleton__ISIC_0007557_downsampled,<40,mskcc,5,False,5,0.012455417,0.007994085,0.008077105,0.07086314,0.0076573673,0.84239364,0.0505592,0.028106868,,0.028106868,control,1,,44,control_f1_s44_in22k_v5conf,best,19
ISIC_0007796_downsampled,__singleton__ISIC_0007796_downsampled,__singleton__ISIC_0007796_downsampled,<40,mskcc,5,False,5,0.012536712,0.0075983335,0.0059688194,0.07004871,0.0062035634,0.84707516,0.050568786,0.026338609,,0.026338609,control,1,,44,control_f1_s44_in22k_v5conf,best,19
ISIC_0008294_downsampled,__singleton__ISIC_0008294_downsampled,__singleton__ISIC_0008294_downsampled,<40,mskcc,5,False,5,0.012342855,0.007239567,0.00853683,0.06732577,0.005333443,0.8490364,0.050185125,0.024915867,,0.024915867,control,1,,44,control_f1_s44_in22k_v5conf,best,19
ISIC_0008528_downsampled,__singleton__ISIC_0008528_downsampled,__singleton__ISIC_0008528_downsampled,<40,mskcc,5,False,5,0.0134137375,0.0076319254,0.0059484644,0.06823211,0.0057656774,0.8497931,0.04921509,0.026811339,,0.026811339,control,1,,44,control_f1_s44_in22k_v5conf,best,19
ISIC_0008552_downsampled,__singleton__ISIC_0008552_downsampled,__singleton__ISIC_0008552_downsampled,<40,mskcc,5,False,5,0.011872962,0.008093499,0.0068804123,0.06781893,0.008106469,0.8495742,0.047653552,0.02807293,,0.02807293,control,1,,44,control_f1_s44_in22k_v5conf,best,19
ISIC_0008879_downsampled,__singleton__ISIC_0008879_downsampled,__singleton__ISIC_0008879_downsampled,<40,mskcc,5,False,5,0.011786546,0.0076336544,0.0069795386,0.06521688,0.008294832,0.85272336,0.04736514,0.027715031,,0.027715031,control,1,,44,control_f1_s44_in22k_v5conf,best,19
ISIC_0008913_downsampled,__singleton__ISIC_0008913_downsampled,__singleton__ISIC_0008913_downsampled,<40,mskcc,5,False,5,0.011278927,0.006337291,0.0068068258,0.07038501,0.012747363,0.843914,0.048530605,0.030363582,,0.030363582,control,1,,44,control_f1_s44_in22k_v5conf,best,19
ISIC_0009188_downsampled,__singleton__ISIC_0009188_downsampled,__singleton__ISIC_0009188_downsampled,<40,mskcc,5,False,5,0.0106345955,0.0074630952,0.008027862,0.0589837,0.0034559306,0.8653413,0.04609361,0.021553623,,0.021553623,control,1,,44,control_f1_s44_in22k_v5conf,best,19
ISIC_0009880,__singleton__ISIC_0009880,__singleton__ISIC_0009880,40-59,mskcc,5,False,5,0.00963283,0.006117693,0.0056136353,0.06806724,0.010230793,0.85273767,0.04760016,0.025981316,,0.025981316,control,1,,44,control_f1_s44_in22k_v5conf,best,19
ISIC_0009889,__singleton__ISIC_0009889,__singleton__ISIC_0009889,<40,mskcc,5,False,5,0.006437841,0.0056265434,0.0027340085,0.038606554,0.011455239,0.90657127,0.028568612,0.023519624,,0.023519624,control,1,,44,control_f1_s44_in22k_v5conf,best,19
ISIC_0009904,__singleton__ISIC_0009904,__singleton__ISIC_0009904,<40,mskcc,5,False,4,0.006955706,0.0046377033,0.007803022,0.060252417,0.8478631,0.019652316,0.05283574,0.8594565,,0.8594565,control,1,,44,control_f1_s44_in22k_v5conf,best,19
ISIC_0009912,__singleton__ISIC_0009912,__singleton__ISIC_0009912,<40,mskcc,5,False,5,0.009722475,0.0088407975,0.006302033,0.07393987,0.007820622,0.8390551,0.05431903,0.026383895,,0.026383895,control,1,,44,control_f1_s44_in22k_v5conf,best,19
ISIC_0009927,__singleton__ISIC_0009927,__singleton__ISIC_0009927,40-59,mskcc,4,True,5,0.007586622,0.0071106474,0.012902553,0.061235297,0.0049000923,0.86250967,0.04375509,0.019597363,,0.019597363,control,1,,44,control_f1_s44_in22k_v5conf,best,19
ISIC_0009932,__singleton__ISIC_0009932,__singleton__ISIC_0009932,<40,mskcc,5,False,5,0.009117387,0.00555991,0.005544047,0.06324464,0.0062324656,0.865643,0.04465851,0.020909764,,0.020909764,control,1,,44,control_f1_s44_in22k_v5conf,best,19
ISIC_0009937,__singleton__ISIC_0009937,__singleton__ISIC_0009937,40-59,mskcc,5,False,4,0.023967944,0.16575499,0.0060257097,0.10103173,0.35143632,0.2811229,0.07066043,0.5411593,,0.5411593,control,1,,44,control_f1_s44_in22k_v5conf,best,19
ISIC_0009945,__singleton__ISIC_0009945,__singleton__ISIC_0009945,<40,mskcc,5,False,5,0.010897165,0.009662463,0.006070509,0.07726936,0.047017213,0.79893804,0.050145198,0.06757684,,0.06757684,control,1,,44,control_f1_s44_in22k_v5conf,best,19
ISIC_0009946,__singleton__ISIC_0009946,__singleton__ISIC_0009946,40-59,mskcc,5,False,2,0.011492143,0.0042924504,0.40173534,0.20361604,0.007935232,0.2984055,0.07252334,0.023719825,,0.023719825,control,1,,44,control_f1_s44_in22k_v5conf,best,19
ISIC_0009949,__singleton__ISIC_0009949,__singleton__ISIC_0009949,40-59,mskcc,5,False,4,0.009428421,0.010302529,0.006216444,0.0761504,0.63696194,0.20739944,0.053540766,0.65669286,,0.65669286,control,1,,44,control_f1_s44_in22k_v5conf,best,19
ISIC_0009954,__singleton__ISIC_0009954,__singleton__ISIC_0009954,40-59,mskcc,5,False,5,0.01204264,0.005925453,0.007514221,0.07212925,0.010514717,0.8412696,0.050604142,0.02848281,,0.02848281,control,1,,44,control_f1_s44_in22k_v5conf,best,19
ISIC_0009972,__singleton__ISIC_0009972,__singleton__ISIC_0009972,40-59,mskcc,5,False,5,0.026990404,0.007325541,0.0060307616,0.08312729,0.3023253,0.52060235,0.053598408,0.33664125,,0.33664125,control,1,,44,control_f1_s44_in22k_v5conf,best,19
ISIC_0009981,__singleton__ISIC_0009981,__singleton__ISIC_0009981,40-59,mskcc,5,False,5,0.011036872,0.007699535,0.008885248,0.07230463,0.01218717,0.8400743,0.04781229,0.030923577,,0.030923577,control,1,,44,control_f1_s44_in22k_v5conf,best,19
ISIC_0009993,__singleton__ISIC_0009993,__singleton__ISIC_0009993,60+,mskcc,4,True,5,0.0077169877,0.005576541,0.004740261,0.06952043,0.015209098,0.8498156,0.04742097,0.028502628,,0.028502628,control,1,,44,control_f1_s44_in22k_v5conf,best,19
ISIC_0009995,__singleton__ISIC_0009995,__singleton__ISIC_0009995,60+,mskcc,5,False,4,0.0024611687,0.0035674402,0.011919693,0.043398138,0.90859264,0.0016081132,0.0284528,0.91462123,,0.91462123,control,1,,44,control_f1_s44_in22k_v5conf,best,19
ISIC_0010003,__singleton__ISIC_0010003,__singleton__ISIC_0010003,<40,mskcc,5,False,4,0.14683364,0.008909219,0.032734547,0.08100539,0.5939779,0.09483742,0.041701928,0.7497208,,0.7497208,control,1,,44,control_f1_s44_in22k_v5conf,best,19
ISIC_0010020,__singleton__ISIC_0010020,__singleton__ISIC_0010020,60+,mskcc,5,False,5,0.010905517,0.0074075125,0.008135119,0.066934004,0.0061375834,0.84711665,0.053363677,0.024450613,,0.024450613,control,1,,44,control_f1_s44_in22k_v5conf,best,19
ISIC_0010021,__singleton__ISIC_0010021,__singleton__ISIC_0010021,<40,mskcc,5,False,5,0.009833579,0.0067573045,0.0052917968,0.06607272,0.012750171,0.85438305,0.04491145,0.029341055,,0.029341055,control,1,,44,control_f1_s44_in22k_v5conf,best,19
ISIC_0010025,__singleton__ISIC_0010025,__singleton__ISIC_0010025,40-59,mskcc,5,False,5,0.017125895,0.009020116,0.0061006155,0.0803896,0.033604786,0.794103,0.059655994,0.059750795,,0.059750795,control,1,,44,control_f1_s44_in22k_v5conf,best,19
ISIC_0010032,__singleton__ISIC_0010032,__singleton__ISIC_0010032,60+,mskcc,5,False,4,0.0060038217,0.006669231,0.00281862,0.062873125,0.848247,0.027783249,0.045604922,0.8609201,,0.8609201,control,1,,44,control_f1_s44_in22k_v5conf,best,19
ISIC_0010047,__singleton__ISIC_0010047,__singleton__ISIC_0010047,60+,mskcc,5,False,2,0.013545349,0.0044161617,0.89445275,0.025368808,0.001162001,0.033999007,0.027055899,0.019123513,,0.019123513,control,1,,44,control_f1_s44_in22k_v5conf,best,19
ISIC_0010053,__singleton__ISIC_0010053,__singleton__ISIC_0010053,60+,mskcc,5,False,5,0.02105804,0.00942029,0.021241158,0.086895674,0.14566974,0.6572908,0.05842422,0.17614807,,0.17614807,control,1,,44,control_f1_s44_in22k_v5conf,best,19
ISIC_0010057,__singleton__ISIC_0010057,__singleton__ISIC_0010057,40-59,mskcc,5,False,5,0.012591473,0.0055670347,0.007830215,0.0699244,0.011602454,0.84520805,0.04727641,0.02976096,,0.02976096,control,1,,44,control_f1_s44_in22k_v5conf,best,19
ISIC_0010060,__singleton__ISIC_0010060,__singleton__ISIC_0010060,<40,mskcc,5,False,5,0.009942728,0.007973548,0.0054747933,0.07036399,0.004004814,0.8559849,0.04625527,0.02192109,,0.02192109,control,1,,44,control_f1_s44_in22k_v5conf,best,19
ISIC_0010067,__singleton__ISIC_0010067,__singleton__ISIC_0010067,60+,mskcc,4,True,1,0.0074334485,0.84359515,0.0019295329,0.06346201,0.021626567,0.009459588,0.052493628,0.8726552,,0.8726552,control,1,,44,control_f1_s44_in22k_v5conf,best,19
ISIC_0010070,__singleton__ISIC_0010070,__singleton__ISIC_0010070,<40,mskcc,5,False,5,0.011479556,0.008118582,0.007281081,0.063185595,0.007792136,0.8533282,0.048814908,0.027390273,,0.027390273,control,1,,44,control_f1_s44_in22k_v5conf,best,19
ISIC_0010100,__singleton__ISIC_0010100,__singleton__ISIC_0010100,40-59,mskcc,5,False,5,0.010363613,0.008827493,0.0053338055,0.06966805,0.010383633,0.84697396,0.048449457,0.029574737,,0.029574737,control,1,,44,control_f1_s44_in22k_v5conf,best,19
ISIC_0010102,__singleton__ISIC_0010102,__singleton__ISIC_0010102,40-59,mskcc,5,False,2,0.005015013,0.016921626,0.6053,0.13753322,0.13714248,0.028549304,0.06953838,0.15907912,,0.15907912,control,1,,44,control_f1_s44_in22k_v5conf,best,19
ISIC_0010168,__singleton__ISIC_0010168,__singleton__ISIC_0010168,60+,mskcc,5,False,5,0.010480512,0.0073793773,0.0077421335,0.06736455,0.007763079,0.8491596,0.050110735,0.025622968,,0.025622968,control,1,,44,control_f1_s44_in22k_v5conf,best,19
ISIC_0010183,__singleton__ISIC_0010183,__singleton__ISIC_0010183,60+,mskcc,5,False,5,0.013661803,0.0064076665,0.008933764,0.057780672,0.008494581,0.8617728,0.042948697,0.02856405,,0.02856405,control,1,,44,control_f1_s44_in22k_v5conf,best,19
ISIC_0010185,__singleton__ISIC_0010185,__singleton__ISIC_0010185,40-59,mskcc,5,False,5,0.010060702,0.008534076,0.007410744,0.064623155,0.01026798,0.8494946,0.049608856,0.02886276,,0.02886276,control,1,,44,control_f1_s44_in22k_v5conf,best,19
ISIC_0010186,__singleton__ISIC_0010186,__singleton__ISIC_0010186,40-59,mskcc,5,False,5,0.0085024,0.006851496,0.006172954,0.072684646,0.008689116,0.84768564,0.049413707,0.024043012,,0.024043012,control,1,,44,control_f1_s44_in22k_v5conf,best,19
ISIC_0010191,__singleton__ISIC_0010191,__singleton__ISIC_0010191,60+,mskcc,5,False,4,0.010704935,0.0049079936,0.00396647,0.053462435,0.8867427,0.0021703234,0.03804513,0.9023556,,0.9023556,control,1,,44,control_f1_s44_in22k_v5conf,best,19
ISIC_0010215,__singleton__ISIC_0010215,__singleton__ISIC_0010215,60+,mskcc,5,False,5,0.008060708,0.005756636,0.00723495,0.06263821,0.008111357,0.86294234,0.045255765,0.021928702,,0.021928702,control,1,,44,control_f1_s44_in22k_v5conf,best,19
ISIC_0010219,__singleton__ISIC_0010219,__singleton__ISIC_0010219,<40,mskcc,5,False,5,0.01105144,0.006564552,0.007402527,0.073412076,0.009231278,0.84494627,0.047391836,0.02684727,,0.02684727,control,1,,44,control_f1_s44_in22k_v5conf,best,19
ISIC_0010226,__singleton__ISIC_0010226,__singleton__ISIC_0010226,40-59,mskcc,5,False,4,0.016784007,0.0073200595,0.004003105,0.075392485,0.81256044,0.018563801,0.065376095,0.8366645,,0.8366645,control,1,,44,control_f1_s44_in22k_v5conf,best,19
ISIC_0010248,__singleton__ISIC_0010248,__singleton__ISIC_0010248,<40,mskcc,5,False,5,0.019437095,0.005951172,0.0130862575,0.07086395,0.022189321,0.81962883,0.048843317,0.04757759,,0.04757759,control,1,,44,control_f1_s44_in22k_v5conf,best,19
ISIC_0010318,__singleton__ISIC_0010318,__singleton__ISIC_0010318,60+,mskcc,5,False,0,0.43885863,0.004368082,0.008660993,0.13824931,0.1623238,0.18819305,0.059346136,0.6055505,,0.6055505,control,1,,44,control_f1_s44_in22k_v5conf,best,19
ISIC_0010319,__singleton__ISIC_0010319,__singleton__ISIC_0010319,60+,mskcc,4,True,4,0.012264969,0.0033549655,0.012034054,0.058416475,0.8715432,0.0032152457,0.039171077,0.88716316,,0.88716316,control,1,,44,control_f1_s44_in22k_v5conf,best,19
ISIC_0010339,__singleton__ISIC_0010339,__singleton__ISIC_0010339,40-59,mskcc,5,False,4,0.0046420516,0.0073125833,0.0049231504,0.050364353,0.82160217,0.074085616,0.03707,0.8335568,,0.8335568,control,1,,44,control_f1_s44_in22k_v5conf,best,19
ISIC_0010346,__singleton__ISIC_0010346,__singleton__ISIC_0010346,<40,mskcc,5,False,5,0.009650293,0.00378697,0.009171686,0.06090271,0.034428563,0.8347627,0.04729708,0.047865827,,0.047865827,control,1,,44,control_f1_s44_in22k_v5conf,best,19
ISIC_0010350,__singleton__ISIC_0010350,__singleton__ISIC_0010350,<40,mskcc,4,True,5,0.0088581685,0.008997454,0.0059666117,0.07549813,0.048631344,0.79952276,0.052525543,0.06648697,,0.06648697,control,1,,44,control_f1_s44_in22k_v5conf,best,19
ISIC_0010356,__singleton__ISIC_0010356,__singleton__ISIC_0010356,<40,mskcc,5,False,5,0.011018361,0.007883341,0.0089863315,0.0690773,0.0051203645,0.8455555,0.052358843,0.024022067,,0.024022067,control,1,,44,control_f1_s44_in22k_v5conf,best,19
ISIC_0010368,__singleton__ISIC_0010368,__singleton__ISIC_0010368,60+,mskcc,5,False,5,0.014787156,0.0068124137,0.005969747,0.06882443,0.01941876,0.8339122,0.05027542,0.04101833,,0.04101833,control,1,,44,control_f1_s44_in22k_v5conf,best,19
ISIC_0010443,__singleton__ISIC_0010443,__singleton__ISIC_0010443,40-59,mskcc,5,False,5,0.012067914,0.0094702635,0.009457469,0.0676478,0.0068318676,0.842034,0.052490663,0.028370045,,0.028370045,control,1,,44,control_f1_s44_in22k_v5conf,best,19
ISIC_0010460,__singleton__ISIC_0010460,__singleton__ISIC_0010460,<40,mskcc,5,False,5,0.009578244,0.0026709384,0.012220194,0.050972193,0.0018181877,0.8967717,0.025968475,0.0140673695,,0.0140673695,control,1,,44,control_f1_s44_in22k_v5conf,best,19
ISIC_0010472,__singleton__ISIC_0010472,__singleton__ISIC_0010472,<40,mskcc,5,False,5,0.010255499,0.00642548,0.005471378,0.06575181,0.0057006623,0.85815156,0.048243575,0.022381641,,0.022381641,control,1,,44,control_f1_s44_in22k_v5conf,best,19
ISIC_0010481,__singleton__ISIC_0010481,__singleton__ISIC_0010481,<40,mskcc,5,False,5,0.009902815,0.008592019,0.0058104834,0.0697864,0.0084141465,0.8492774,0.04821674,0.026908979,,0.026908979,control,1,,44,control_f1_s44_in22k_v5conf,best,19
ISIC_0010492,__singleton__ISIC_0010492,__singleton__ISIC_0010492,<40,mskcc,5,False,4,0.011999238,0.002282393,0.0046517183,0.06147247,0.86517704,0.0077474792,0.046669662,0.87945867,,0.87945867,control,1,,44,control_f1_s44_in22k_v5conf,best,19
ISIC_0010562,__singleton__ISIC_0010562,__singleton__ISIC_0010562,60+,mskcc,5,False,5,0.020199304,0.0068992074,0.053040475,0.085559815,0.00761158,0.7819471,0.044742554,0.034710094,,0.034710094,control,1,,44,control_f1_s44_in22k_v5conf,best,19
ISIC_0010568,__singleton__ISIC_0010568,__singleton__ISIC_0010568,60+,mskcc,5,False,5,0.011213288,0.005404477,0.014706809,0.06904529,0.008674023,0.83697283,0.053983267,0.025291786,,0.025291786,control,1,,44,control_f1_s44_in22k_v5conf,best,19
ISIC_0010573,__singleton__ISIC_0010573,__singleton__ISIC_0010573,<40,mskcc,5,False,5,0.009108713,0.007470622,0.008464945,0.06668317,0.008659077,0.85120755,0.048405915,0.025238413,,0.025238413,control,1,,44,control_f1_s44_in22k_v5conf,best,19
ISIC_0010581,__singleton__ISIC_0010581,__singleton__ISIC_0010581,<40,mskcc,5,False,5,0.011648531,0.007693154,0.007348444,0.06195008,0.004624235,0.8569313,0.049804296,0.02396592,,0.02396592,control,1,,44,control_f1_s44_in22k_v5conf,best,19
ISIC_0010596,__singleton__ISIC_0010596,__singleton__ISIC_0010596,60+,mskcc,4,True,4,0.008098387,0.0043125106,0.0042780796,0.05001317,0.8932203,0.003226967,0.036850642,0.9056312,,0.9056312,control,1,,44,control_f1_s44_in22k_v5conf,best,19
ISIC_0010602,__singleton__ISIC_0010602,__singleton__ISIC_0010602,60+,mskcc,5,False,5,0.01133033,0.007449901,0.0059068836,0.08422369,0.018582236,0.81785196,0.054655008,0.037362467,,0.037362467,control,1,,44,control_f1_s44_in22k_v5conf,best,19
ISIC_0010849,__singleton__ISIC_0010849,__singleton__ISIC_0010849,<40,mskcc,5,False,4,0.0061211027,0.0048423917,0.03703335,0.07941966,0.7248133,0.06231657,0.08545366,0.7357768,,0.7357768,control,1,,44,control_f1_s44_in22k_v5conf,best,19
ISIC_0010856,__singleton__ISIC_0010856,__singleton__ISIC_0010856,60+,mskcc,5,False,5,0.013395297,0.009352358,0.009491517,0.074440576,0.009178025,0.83020437,0.053937823,0.03192568,,0.03192568,control,1,,44,control_f1_s44_in22k_v5conf,best,19
ISIC_0010858,__singleton__ISIC_0010858,__singleton__ISIC_0010858,<40,mskcc,5,False,4,0.022041265,0.003241795,0.01553556,0.04756994,0.84515613,0.033361174,0.03309412,0.8704392,,0.8704392,control,1,,44,control_f1_s44_in22k_v5conf,best,19
ISIC_0011101,__singleton__ISIC_0011101,__singleton__ISIC_0011101,<40,mskcc,5,False,5,0.012674163,0.0057820696,0.005439789,0.06637264,0.006187668,0.8527268,0.050816923,0.0246439,,0.0246439,control,1,,44,control_f1_s44_in22k_v5conf,best,19
ISIC_0011104,__singleton__ISIC_0011104,__singleton__ISIC_0011104,60+,mskcc,5,False,5,0.008842647,0.0049035028,0.007929434,0.06707307,0.008179328,0.85813135,0.044940762,0.02192548,,0.02192548,control,1,,44,control_f1_s44_in22k_v5conf,best,19
ISIC_0011120,__singleton__ISIC_0011120,__singleton__ISIC_0011120,<40,mskcc,5,False,5,0.0073878835,0.006369728,0.0038708427,0.056581955,0.015345455,0.86854136,0.041902665,0.029103067,,0.029103067,control,1,,44,control_f1_s44_in22k_v5conf,best,19
ISIC_0011140,__singleton__ISIC_0011140,__singleton__ISIC_0011140,60+,mskcc,4,True,5,0.010384851,0.01042924,0.002523075,0.049365826,0.0055122557,0.87729675,0.044488065,0.026326347,,0.026326347,control,1,,44,control_f1_s44_in22k_v5conf,best,19
ISIC_0011143,__singleton__ISIC_0011143,__singleton__ISIC_0011143,<40,mskcc,5,False,5,0.011161014,0.00722842,0.006908711,0.067718096,0.0057990393,0.848517,0.052667648,0.024188474,,0.024188474,control,1,,44,control_f1_s44_in22k_v5conf,best,19
ISIC_0011166,__singleton__ISIC_0011166,__singleton__ISIC_0011166,40-59,mskcc,4,True,4,0.016029282,0.010058908,0.006150128,0.048755977,0.8721909,0.0026902403,0.044124607,0.8982791,,0.8982791,control,1,,44,control_f1_s44_in22k_v5conf,best,19
ISIC_0011169,__singleton__ISIC_0011169,__singleton__ISIC_0011169,40-59,mskcc,4,True,5,0.011796189,0.006712992,0.0072964383,0.06759404,0.006575076,0.8527262,0.04729908,0.025084257,,0.025084257,control,1,,44,control_f1_s44_in22k_v5conf,best,19
ISIC_0011176,__singleton__ISIC_0011176,__singleton__ISIC_0011176,40-59,mskcc,4,True,4,0.003778793,0.0040451856,0.005730398,0.043845594,0.900941,0.005503378,0.036155544,0.908765,,0.908765,control,1,,44,control_f1_s44_in22k_v5conf,best,19
ISIC_0011223,__singleton__ISIC_0011223,__singleton__ISIC_0011223,40-59,mskcc,5,False,4,0.007875854,0.0055126385,0.00447024,0.07908809,0.6966509,0.14759678,0.058805436,0.71003944,,0.71003944,control,1,,44,control_f1_s44_in22k_v5conf,best,19
ISIC_0011328,__singleton__ISIC_0011328,__singleton__ISIC_0011328,<40,mskcc,5,False,4,0.005628299,0.005387322,0.0028158019,0.05552578,0.8813256,0.010377677,0.038939476,0.8923412,,0.8923412,control,1,,44,control_f1_s44_in22k_v5conf,best,19
ISIC_0011353,__singleton__ISIC_0011353,__singleton__ISIC_0011353,40-59,mskcc,5,False,5,0.009933066,0.0077221137,0.0068626683,0.07039627,0.006877724,0.8444994,0.053708732,0.024532903,,0.024532903,control,1,,44,control_f1_s44_in22k_v5conf,best,19
ISIC_0011363,__singleton__ISIC_0011363,__singleton__ISIC_0011363,40-59,mskcc,5,False,5,0.0076855244,0.006772588,0.0029763414,0.06751098,0.016679633,0.8480701,0.05030485,0.031137746,,0.031137746,control,1,,44,control_f1_s44_in22k_v5conf,best,19
ISIC_0012089_downsampled,__singleton__ISIC_0012089_downsampled,__singleton__ISIC_0012089_downsampled,40-59,mskcc,5,False,5,0.005696405,0.006367302,0.09828229,0.11682052,0.08268577,0.62889427,0.061253507,0.09474947,,0.09474947,control,1,,44,control_f1_s44_in22k_v5conf,best,19
ISIC_0012105_downsampled,__singleton__ISIC_0012105_downsampled,__singleton__ISIC_0012105_downsampled,<40,mskcc,5,False,5,0.007774372,0.0045269243,0.0066168904,0.0642454,0.010876369,0.8600696,0.04589043,0.023177665,,0.023177665,control,1,,44,control_f1_s44_in22k_v5conf,best,19
ISIC_0012118_downsampled,__singleton__ISIC_0012118_downsampled,__singleton__ISIC_0012118_downsampled,<40,mskcc,5,False,4,0.005331374,0.0031349752,0.0034277341,0.04773128,0.85724056,0.04986977,0.033264313,0.8657069,,0.8657069,control,1,,44,control_f1_s44_in22k_v5conf,best,19
ISIC_0012148_downsampled,__singleton__ISIC_0012148_downsampled,__singleton__ISIC_0012148_downsampled,40-59,mskcc,5,False,4,0.007425667,0.0064062984,0.011037546,0.07861577,0.5899165,0.24925925,0.057338934,0.6037485,,0.6037485,control,1,,44,control_f1_s44_in22k_v5conf,best,19
ISIC_0012170_downsampled,__singleton__ISIC_0012170_downsampled,__singleton__ISIC_0012170_downsampled,60+,mskcc,2,False,2,0.008960512,0.0020007263,0.9092333,0.044490695,0.0075860685,0.0010449364,0.026683766,0.018547308,,0.018547308,control,1,,44,control_f1_s44_in22k_v5conf,best,19
ISIC_0012246_downsampled,__singleton__ISIC_0012246_downsampled,__singleton__ISIC_0012246_downsampled,<40,mskcc,5,False,5,0.007430528,0.0045604315,0.0051509114,0.08669115,0.09578105,0.72718763,0.07319823,0.10777201,,0.10777201,control,1,,44,control_f1_s44_in22k_v5conf,best,19
ISIC_0012248_downsampled,__singleton__ISIC_0012248_downsampled,__singleton__ISIC_0012248_downsampled,60+,mskcc,2,False,2,0.0010219067,0.0030329304,0.92738926,0.033532556,0.013443553,0.0013401539,0.020239526,0.017498389,,0.017498389,control,1,,44,control_f1_s44_in22k_v5conf,best,19
ISIC_0012281_downsampled,__singleton__ISIC_0012281_downsampled,__singleton__ISIC_0012281_downsampled,<40,mskcc,5,False,5,0.007309781,0.003437411,0.008174025,0.05708499,0.009656294,0.8688407,0.045496836,0.020403486,,0.020403486,control,1,,44,control_f1_s44_in22k_v5conf,best,19
ISIC_0012299_downsampled,__singleton__ISIC_0012299_downsampled,__singleton__ISIC_0012299_downsampled,60+,mskcc,2,False,2,0.006672062,0.0007388614,0.9470125,0.016542941,0.001351045,0.01281903,0.014863641,0.008761968,,0.008761968,control,1,,44,control_f1_s44_in22k_v5conf,best,19
ISIC_0012309_downsampled,__singleton__ISIC_0012309_downsampled,__singleton__ISIC_0012309_downsampled,40-59,mskcc,5,False,5,0.009878339,0.0066853478,0.016589422,0.08981233,0.07545173,0.73004276,0.07154015,0.092015415,,0.092015415,control,1,,44,control_f1_s44_in22k_v5conf,best,19
ISIC_0012314_downsampled,__singleton__ISIC_0012314_downsampled,__singleton__ISIC_0012314_downsampled,60+,mskcc,2,False,2,0.047129724,0.005227638,0.79081833,0.06253686,0.037672106,0.0024998328,0.05411547,0.09002946,,0.09002946,control,1,,44,control_f1_s44_in22k_v5conf,best,19
ISIC_0012334_downsampled,__singleton__ISIC_0012334_downsampled,__singleton__ISIC_0012334_downsampled,60+,mskcc,5,False,4,0.011345498,0.0057295254,0.0065270592,0.07708244,0.52537256,0.32310593,0.050837006,0.54244757,,0.54244757,control,1,,44,control_f1_s44_in22k_v5conf,best,19
ISIC_0012339_downsampled,__singleton__ISIC_0012339_downsampled,__singleton__ISIC_0012339_downsampled,<40,mskcc,5,False,4,0.0058175134,0.004919946,0.0034499431,0.054903977,0.8646258,0.020079302,0.0462035,0.8753633,,0.8753633,control,1,,44,control_f1_s44_in22k_v5conf,best,19
ISIC_0012360_downsampled,__singleton__ISIC_0012360_downsampled,__singleton__ISIC_0012360_downsampled,40-59,mskcc,5,False,5,0.011584983,0.006397518,0.008953863,0.07205111,0.007908256,0.8418077,0.051296588,0.025890756,,0.025890756,control,1,,44,control_f1_s44_in22k_v5conf,best,19
ISIC_0012415_downsampled,__singleton__ISIC_0012415_downsampled,__singleton__ISIC_0012415_downsampled,40-59,mskcc,2,False,5,0.009272891,0.0051312917,0.0075078444,0.068714514,0.037228107,0.8269399,0.045205418,0.051632293,,0.051632293,control,1,,44,control_f1_s44_in22k_v5conf,best,19
ISIC_0012433_downsampled,__singleton__ISIC_0012433_downsampled,__singleton__ISIC_0012433_downsampled,60+,mskcc,2,False,2,0.004306705,0.004163882,0.9081036,0.0435087,0.006562681,0.0039991117,0.029355345,0.015033268,,0.015033268,control,1,,44,control_f1_s44_in22k_v5conf,best,19
ISIC_0012478_downsampled,__singleton__ISIC_0012478_downsampled,__singleton__ISIC_0012478_downsampled,60+,mskcc,2,False,2,0.0065048034,0.0098396465,0.896372,0.04560158,0.0069471304,0.0022905788,0.032444246,0.02329158,,0.02329158,control,1,,44,control_f1_s44_in22k_v5conf,best,19
ISIC_0012518_downsampled,__singleton__ISIC_0012518_downsampled,__singleton__ISIC_0012518_downsampled,40-59,mskcc,5,False,5,0.0057794135,0.0032481283,0.015725303,0.1250386,0.29014248,0.48203576,0.07803027,0.29917002,,0.29917002,control,1,,44,control_f1_s44_in22k_v5conf,best,19
ISIC_0012551_downsampled,__singleton__ISIC_0012551_downsampled,__singleton__ISIC_0012551_downsampled,<40,mskcc,5,False,2,0.005100169,0.0037640268,0.86548066,0.061794095,0.006862099,0.014021221,0.042977735,0.015726294,,0.015726294,control,1,,44,control_f1_s44_in22k_v5conf,best,19
ISIC_0012663_downsampled,MSK4_0011177,MSK4_0011177,<40,mskcc,5,False,5,0.01113645,0.0076673585,0.006288267,0.069012836,0.007166122,0.8482177,0.05051124,0.02596993,,0.02596993,control,1,,44,control_f1_s44_in22k_v5conf,best,19
ISIC_0012677_downsampled,MSK4_0010187,MSK4_0010187,40-59,mskcc,5,False,5,0.010074928,0.006161741,0.007862602,0.06516614,0.009671531,0.8516033,0.04945967,0.025908202,,0.025908202,control,1,,44,control_f1_s44_in22k_v5conf,best,19
ISIC_0012681_downsampled,MSK4_0010992,MSK4_0010992,40-59,mskcc,5,False,5,0.011638139,0.0061526485,0.008702995,0.066016816,0.007026203,0.8492992,0.05116407,0.02481699,,0.02481699,control,1,,44,control_f1_s44_in22k_v5conf,best,19
ISIC_0012757_downsampled,MSK4_0011269,MSK4_0011269,60+,mskcc,2,False,2,0.0043506753,0.0022244686,0.9075962,0.039249368,0.0036262185,0.014062519,0.028890578,0.010201363,,0.010201363,control,1,,44,control_f1_s44_in22k_v5conf,best,19
ISIC_0012785_downsampled,MSK4_0011297,MSK4_0011297,60+,mskcc,2,False,2,0.006387084,0.0028596027,0.9160984,0.03510098,0.0047266455,0.0054693525,0.029357903,0.013973332,,0.013973332,control,1,,44,control_f1_s44_in22k_v5conf,best,19
ISIC_0012814_downsampled,MSK4_0011326,MSK4_0011326,40-59,mskcc,5,False,2,0.0036862926,0.002768053,0.9031143,0.038208388,0.0024530978,0.013688945,0.036080983,0.008907444,,0.008907444,control,1,,44,control_f1_s44_in22k_v5conf,best,19
ISIC_0012826_downsampled,MSK4_0011337,MSK4_0011337,40-59,mskcc,5,False,5,0.007488703,0.0023275174,0.023362612,0.055018347,0.01011164,0.8576782,0.044012923,0.01992786,,0.01992786,control,1,,44,control_f1_s44_in22k_v5conf,best,19
ISIC_0012828_downsampled,MSK4_0011339,MSK4_0011339,60+,mskcc,2,False,2,0.0017004879,0.0019190479,0.9200935,0.029579753,0.0023519373,0.0017270419,0.04262835,0.005971473,,0.005971473,control,1,,44,control_f1_s44_in22k_v5conf,best,19
ISIC_0012833_downsampled,MSK4_0011343,MSK4_0011343,60+,mskcc,2,False,2,0.0028429234,0.002152344,0.75894636,0.0729748,0.03637125,0.040416267,0.08629614,0.041366518,,0.041366518,control,1,,44,control_f1_s44_in22k_v5conf,best,19
ISIC_0012836_downsampled,MSK4_0011346,MSK4_0011346,40-59,mskcc,5,False,5,0.009711692,0.00611583,0.013462495,0.06986203,0.014442806,0.8317691,0.054635976,0.030270327,,0.030270327,control,1,,44,control_f1_s44_in22k_v5conf,best,19
ISIC_0012837_downsampled,MSK4_0011347,MSK4_0011347,60+,mskcc,5,False,5,0.014513773,0.0089569045,0.07043211,0.11435965,0.014077109,0.6987996,0.07886084,0.037547786,,0.037547786,control,1,,44,control_f1_s44_in22k_v5conf,best,19
ISIC_0012854_downsampled,MSK4_0011361,MSK4_0011361,40-59,mskcc,2,False,2,0.005151183,0.22688758,0.5289327,0.12194424,0.0079919975,0.02442227,0.084670044,0.24003077,,0.24003077,control,1,,44,control_f1_s44_in22k_v5conf,best,19
ISIC_0012856_downsampled,MSK4_0011363,MSK4_0011363,60+,mskcc,2,False,5,0.008164921,0.005356662,0.16472131,0.075289786,0.006472379,0.6912041,0.048790842,0.01999396,,0.01999396,control,1,,44,control_f1_s44_in22k_v5conf,best,19
ISIC_0012883_downsampled,MSK4_0011387,MSK4_0011387,60+,mskcc,5,False,5,0.015383078,0.008438068,0.012415358,0.104594275,0.11943016,0.667391,0.07234808,0.1432513,,0.1432513,control,1,,44,control_f1_s44_in22k_v5conf,best,19
ISIC_0012898_downsampled,MSK4_0011402,MSK4_0011402,60+,mskcc,2,False,5,0.035837077,0.0009538088,0.15401752,0.10613895,0.021621892,0.6147902,0.06664061,0.058412775,,0.058412775,control,1,,44,control_f1_s44_in22k_v5conf,best,19
ISIC_0012904_downsampled,MSK4_0011408,MSK4_0011408,60+,mskcc,5,False,5,0.010059637,0.005333007,0.01098758,0.063144,0.0047001787,0.8574667,0.048308827,0.020092823,,0.020092823,control,1,,44,control_f1_s44_in22k_v5conf,best,19
ISIC_0012944_downsampled,MSK4_0011448,MSK4_0011448,40-59,mskcc,5,False,5,0.0054189484,0.0054691066,0.0103742555,0.05882281,0.008538886,0.86952466,0.041851353,0.019426942,,0.019426942,control,1,,44,control_f1_s44_in22k_v5conf,best,19
ISIC_0012950_downsampled,MSK4_0011452,MSK4_0011452,40-59,mskcc,5,False,4,0.0119501315,0.0032772708,0.016044917,0.05710248,0.8490447,0.008164426,0.054416146,0.86427206,,0.86427206,control,1,,44,control_f1_s44_in22k_v5conf,best,19
ISIC_0012952_downsampled,MSK4_0011454,MSK4_0011454,40-59,mskcc,2,False,2,0.004584003,0.0043027624,0.894331,0.04679515,0.0039470643,0.0069950284,0.03904502,0.01283383,,0.01283383,control,1,,44,control_f1_s44_in22k_v5conf,best,19
ISIC_0012956_downsampled,MSK4_0011458,MSK4_0011458,60+,mskcc,5,False,5,0.009309329,0.0049710306,0.0108148735,0.062816165,0.012698161,0.85116565,0.04822467,0.026978523,,0.026978523,control,1,,44,control_f1_s44_in22k_v5conf,best,19
ISIC_0012998,MSK4_0011499,MSK4_0011499,40-59,mskcc,2,False,2,0.0102109425,0.027912112,0.8745135,0.045775257,0.0012445147,0.0014236394,0.038920067,0.03936757,,0.03936757,control,1,,44,control_f1_s44_in22k_v5conf,best,19
ISIC_0012999_downsampled,MSK4_0011501,MSK4_0011501,60+,mskcc,5,False,4,0.008614926,0.0062844036,0.008509543,0.09212819,0.5703385,0.24171786,0.07240664,0.5852378,,0.5852378,control,1,,44,control_f1_s44_in22k_v5conf,best,19
ISIC_0013024_downsampled,MSK4_0010120,MSK4_0010120,<40,mskcc,5,False,5,0.0065779276,0.0019929064,0.19134589,0.0881428,0.0029144913,0.6431243,0.06590169,0.011485325,,0.011485325,control,1,,44,control_f1_s44_in22k_v5conf,best,19
ISIC_0013031_downsampled,MSK4_0011532,MSK4_0011532,40-59,mskcc,5,False,5,0.0063935746,0.0033288563,0.27536008,0.075289235,0.093048036,0.49327704,0.053303163,0.10277047,,0.10277047,control,1,,44,control_f1_s44_in22k_v5conf,best,19
ISIC_0013034_downsampled,MSK4_0011535,MSK4_0011535,40-59,mskcc,2,False,2,0.0086131105,0.0031676,0.84473205,0.056154177,0.039550327,0.0058919378,0.04189083,0.051331036,,0.051331036,control,1,,44,control_f1_s44_in22k_v5conf,best,19
ISIC_0013053_downsampled,MSK4_0011552,MSK4_0011552,40-59,mskcc,5,False,5,0.0110357255,0.005479163,0.0036337595,0.059717998,0.004559766,0.8604415,0.055132072,0.021074655,,0.021074655,control,1,,44,control_f1_s44_in22k_v5conf,best,19
ISIC_0013055_downsampled,MSK4_0011555,MSK4_0011555,40-59,mskcc,5,False,5,0.008129487,0.013321846,0.010907345,0.072122544,0.029123282,0.8132255,0.05316998,0.050574616,,0.050574616,control,1,,44,control_f1_s44_in22k_v5conf,best,19
ISIC_0013075_downsampled,MSK4_0010386,MSK4_0010386,40-59,mskcc,5,False,5,0.009411457,0.004262216,0.012087345,0.06659008,0.0043219314,0.85480773,0.04851919,0.017995603,,0.017995603,control,1,,44,control_f1_s44_in22k_v5conf,best,19
ISIC_0013084_downsampled,MSK4_0011577,MSK4_0011577,40-59,mskcc,5,False,5,0.017419059,0.0069395453,0.021098912,0.07676704,0.004769439,0.81106836,0.061937705,0.029128043,,0.029128043,control,1,,44,control_f1_s44_in22k_v5conf,best,19
ISIC_0013124_downsampled,MSK4_0011606,MSK4_0011606,60+,mskcc,5,False,2,0.0012342423,0.0050194305,0.792801,0.041417472,0.018314106,0.08596853,0.055245087,0.02456778,,0.02456778,control,1,,44,control_f1_s44_in22k_v5conf,best,19
ISIC_0013126_downsampled,MSK4_0011608,MSK4_0011608,40-59,mskcc,5,False,5,0.011781684,0.0066918856,0.0314638,0.11631669,0.25575674,0.48480645,0.09318275,0.2742303,,0.2742303,control,1,,44,control_f1_s44_in22k_v5conf,best,19
ISIC_0013146_downsampled,MSK4_0011621,MSK4_0011621,60+,mskcc,2,False,1,0.015999116,0.5793278,0.06588028,0.17837504,0.029657563,0.053121716,0.07763846,0.6249845,,0.6249845,control,1,,44,control_f1_s44_in22k_v5conf,best,19
ISIC_0013167_downsampled,MSK4_0010591,MSK4_0010591,40-59,mskcc,2,False,2,0.005890826,0.002596137,0.92348176,0.036495373,0.002479597,0.00262696,0.026429407,0.010966561,,0.010966561,control,1,,44,control_f1_s44_in22k_v5conf,best,19
ISIC_0013176_downsampled,MSK4_0011641,MSK4_0011641,<40,mskcc,5,False,4,0.003701433,0.0017268508,0.005495189,0.05143952,0.87406325,0.022352055,0.04122165,0.8794915,,0.8794915,control,1,,44,control_f1_s44_in22k_v5conf,best,19
ISIC_0013212_downsampled,MSK4_0010568,MSK4_0010568,<40,mskcc,5,False,5,0.0014617547,0.020775711,0.007923259,0.06035449,0.0018408378,0.8907532,0.016890783,0.024078304,,0.024078304,control,1,,44,control_f1_s44_in22k_v5conf,best,19
ISIC_0013223_downsampled,MSK4_0011682,MSK4_0011682,40-59,mskcc,2,False,2,0.0064930376,0.0030252212,0.9236251,0.03563079,0.0018332521,0.0013764945,0.02801605,0.011351511,,0.011351511,control,1,,44,control_f1_s44_in22k_v5conf,best,19
ISIC_0013230_downsampled,MSK4_0011687,MSK4_0011687,40-59,mskcc,5,False,5,0.012500968,0.0067072962,0.0061706533,0.070999004,0.010181293,0.842585,0.050855827,0.029389556,,0.029389556,control,1,,44,control_f1_s44_in22k_v5conf,best,19
ISIC_0013233_downsampled,MSK4_0011689,MSK4_0011689,60+,mskcc,5,False,5,0.008456916,0.005622016,0.009868559,0.058987774,0.021543665,0.84920686,0.046314254,0.035622597,,0.035622597,control,1,,44,control_f1_s44_in22k_v5conf,best,19
ISIC_0013242_downsampled,MSK4_0010725,MSK4_0010725,60+,mskcc,4,True,4,0.0040534595,0.004644319,0.007450346,0.05575155,0.783488,0.095633194,0.04897917,0.7921858,,0.7921858,control,1,,44,control_f1_s44_in22k_v5conf,best,19
ISIC_0013302_downsampled,MSK4_0011746,MSK4_0011746,40-59,mskcc,5,False,5,0.012720112,0.00843545,0.040301323,0.08665632,0.007244916,0.7765337,0.06810818,0.028400479,,0.028400479,control,1,,44,control_f1_s44_in22k_v5conf,best,19
ISIC_0013310_downsampled,MSK4_0011749,MSK4_0011749,60+,mskcc,5,False,5,0.0049792966,0.00316614,0.012884624,0.058734026,0.0058106105,0.8734277,0.040997624,0.013956048,,0.013956048,control,1,,44,control_f1_s44_in22k_v5conf,best,19
ISIC_0013359_downsampled,MSK4_0010062,MSK4_0010062,60+,mskcc,4,True,4,0.0024683138,0.0019872535,0.0037036506,0.032598615,0.9291178,0.0021372235,0.027987171,0.93357337,,0.93357337,control,1,,44,control_f1_s44_in22k_v5conf,best,19
ISIC_0013364_downsampled,MSK4_0011782,MSK4_0011782,40-59,mskcc,2,False,2,0.0037813485,0.0015569647,0.9301731,0.028703788,0.011211343,0.001948703,0.02262473,0.016549656,,0.016549656,control,1,,44,control_f1_s44_in22k_v5conf,best,19
ISIC_0013374_downsampled,MSK4_0010877,MSK4_0010877,60+,mskcc,4,True,4,0.006387244,0.0024269996,0.0030317786,0.044200882,0.9155839,0.0011232264,0.027246015,0.9243981,,0.9243981,control,1,,44,control_f1_s44_in22k_v5conf,best,19
ISIC_0013428_downsampled,MSK4_0010253,MSK4_0010253,40-59,mskcc,5,False,4,0.0051075364,0.0032352465,0.0037609488,0.071663424,0.7775281,0.10541712,0.033287622,0.7858709,,0.7858709,control,1,,44,control_f1_s44_in22k_v5conf,best,19
ISIC_0013430_downsampled,MSK4_0011826,MSK4_0011826,<40,mskcc,5,False,5,0.014443428,0.009324676,0.011553464,0.07031555,0.00963552,0.83153415,0.053193215,0.033403624,,0.033403624,control,1,,44,control_f1_s44_in22k_v5conf,best,19
ISIC_0013579_downsampled,MSK4_0010783,MSK4_0010783,60+,mskcc,4,True,4,0.0035436305,0.0011399735,0.021319132,0.05659363,0.8721081,0.0034169704,0.041878633,0.8767917,,0.8767917,control,1,,44,control_f1_s44_in22k_v5conf,best,19
ISIC_0013625_downsampled,MSK4_0010251,MSK4_0010251,60+,mskcc,2,False,2,0.006156356,0.0020440472,0.84392536,0.05778207,0.008065092,0.04114574,0.040881325,0.016265497,,0.016265497,control,1,,44,control_f1_s44_in22k_v5conf,best,19
ISIC_0013651_downsampled,MSK4_0010312,MSK4_0010312,60+,mskcc,4,True,2,0.0038198389,0.0059987344,0.78636163,0.061690103,0.04723785,0.048978247,0.04591357,0.057056423,,0.057056423,control,1,,44,control_f1_s44_in22k_v5conf,best,19
ISIC_0013663_downsampled,MSK4_0010102,MSK4_0010102,40-59,mskcc,4,True,4,0.0013232324,0.0018581258,0.033164226,0.0724662,0.8081976,0.046423245,0.036567323,0.81137896,,0.81137896,control,1,,44,control_f1_s44_in22k_v5conf,best,19
ISIC_0013690_downsampled,MSK4_0010456,MSK4_0010456,40-59,mskcc,5,False,5,0.012234933,0.005019588,0.021810513,0.06762361,0.0042974134,0.83972263,0.04929139,0.021551933,,0.021551933,control,1,,44,control_f1_s44_in22k_v5conf,best,19
ISIC_0013721_downsampled,MSK4_0010361,MSK4_0010361,60+,mskcc,5,False,5,0.004268576,0.0031417985,0.02262034,0.068146445,0.007999321,0.84879714,0.045026343,0.015409696,,0.015409696,control,1,,44,control_f1_s44_in22k_v5conf,best,19
ISIC_0013766_downsampled,MSK4_0010680,MSK4_0010680,60+,mskcc,4,True,4,0.008462756,0.0045311903,0.0041124835,0.06025465,0.872847,0.003222123,0.04656982,0.88584095,,0.88584095,control,1,,44,control_f1_s44_in22k_v5conf,best,19
ISIC_0013782_downsampled,MSK4_0010562,MSK4_0010562,60+,mskcc,2,False,2,0.006043271,0.0040334393,0.9106112,0.041632082,0.0010351955,0.0051183305,0.031526476,0.011111907,,0.011111907,control,1,,44,control_f1_s44_in22k_v5conf,best,19
ISIC_0013803_downsampled,MSK4_0011092,MSK4_0011092,40-59,mskcc,5,False,5,0.010651432,0.007311195,0.0068696183,0.06907573,0.013648187,0.8402244,0.052219536,0.031610813,,0.031610813,control,1,,44,control_f1_s44_in22k_v5conf,best,19
ISIC_0013819_downsampled,MSK4_0010281,MSK4_0010281,60+,mskcc,5,False,5,0.0015719815,0.0017730126,0.0045508314,0.1689197,0.008079141,0.7757536,0.039351787,0.011424135,,0.011424135,control,1,,44,control_f1_s44_in22k_v5conf,best,19
ISIC_0013845_downsampled,MSK4_0010758,MSK4_0010758,60+,mskcc,4,True,4,0.0038215257,0.0015491962,0.0017774501,0.041659683,0.88258046,0.0295836,0.03902815,0.8879512,,0.8879512,control,1,,44,control_f1_s44_in22k_v5conf,best,19
ISIC_0013888_downsampled,MSK4_0010521,MSK4_0010521,60+,mskcc,5,False,5,0.011683857,0.005621876,0.07313106,0.07480938,0.002607865,0.77449536,0.057650644,0.019913599,,0.019913599,control,1,,44,control_f1_s44_in22k_v5conf,best,19
ISIC_0013890_downsampled,MSK4_0010631,MSK4_0010631,60+,mskcc,2,False,2,0.0027823693,0.002170272,0.8428689,0.062325716,0.021160342,0.016024722,0.052667677,0.026112983,,0.026112983,control,1,,44,control_f1_s44_in22k_v5conf,best,19
ISIC_0013987_downsampled,MSK4_0010905,MSK4_0010905,60+,mskcc,4,True,4,0.0039915377,0.0015414356,0.0034899742,0.05872792,0.81835175,0.08298463,0.030912716,0.8238847,,0.8238847,control,1,,44,control_f1_s44_in22k_v5conf,best,19
ISIC_0013998_downsampled,MSK4_0010010,MSK4_0010010,40-59,mskcc,5,False,5,0.007021182,0.008154305,0.01777282,0.06530932,0.006649254,0.8447763,0.05031688,0.02182474,,0.02182474,control,1,,44,control_f1_s44_in22k_v5conf,best,19
ISIC_0014038_downsampled,MSK4_0011904,MSK4_0011904,40-59,mskcc,2,False,2,0.0061562266,0.0033950007,0.911438,0.041956574,0.0047748783,0.002497658,0.029781707,0.014326105,,0.014326105,control,1,,44,control_f1_s44_in22k_v5conf,best,19
ISIC_0014080_downsampled,MSK4_0010263,MSK4_0010263,60+,mskcc,5,False,5,0.013530288,0.0058098217,0.014038472,0.09031624,0.39509615,0.41424224,0.06696682,0.41443625,,0.41443625,control,1,,44,control_f1_s44_in22k_v5conf,best,19
ISIC_0014103_downsampled,MSK4_0010022,MSK4_0010022,60+,mskcc,4,True,4,0.002564929,0.0021882143,0.014740025,0.03323072,0.9163115,0.0073766992,0.023587877,0.9210647,,0.9210647,control,1,,44,control_f1_s44_in22k_v5conf,best,19
ISIC_0014120_downsampled,MSK4_0011927,MSK4_0011927,60+,mskcc,2,False,2,0.0050069033,0.0027385063,0.92712927,0.029732935,0.0018796026,0.006210425,0.027302362,0.009625012,,0.009625012,control,1,,44,control_f1_s44_in22k_v5conf,best,19
ISIC_0014132_downsampled,MSK4_0011929,MSK4_0011929,40-59,mskcc,4,True,4,0.005397294,0.0027669389,0.0060327016,0.04815084,0.89985543,0.0028856937,0.03491105,0.90801966,,0.90801966,control,1,,44,control_f1_s44_in22k_v5conf,best,19
ISIC_0014160_downsampled,MSK4_0010927,MSK4_0010927,40-59,mskcc,4,True,4,0.005418505,0.0027006534,0.0029348407,0.047663517,0.9042119,0.0029654892,0.034105092,0.91233104,,0.91233104,control,1,,44,control_f1_s44_in22k_v5conf,best,19
ISIC_0014169_downsampled,MSK4_0010633,MSK4_0010633,60+,mskcc,2,False,2,0.006006078,0.0032914185,0.91026145,0.043046378,0.0033828262,0.0014380137,0.03257383,0.012680323,,0.012680323,control,1,,44,control_f1_s44_in22k_v5conf,best,19
ISIC_0014171_downsampled,MSK4_0010022,MSK4_0010022,60+,mskcc,4,True,4,0.011465703,0.0011022158,0.0757314,0.059853617,0.8088658,0.0076778624,0.035303432,0.8214337,,0.8214337,control,1,,44,control_f1_s44_in22k_v5conf,best,19
ISIC_0014190_downsampled,MSK4_0010788,MSK4_0010788,60+,mskcc,4,True,4,0.029879658,0.0019556773,0.009583038,0.090302266,0.785699,0.019373123,0.06320723,0.8175343,,0.8175343,control,1,,44,control_f1_s44_in22k_v5conf,best,19
ISIC_0014284_downsampled,MSK4_0010898,MSK4_0010898,40-59,mskcc,4,True,4,0.0071184575,0.0915002,0.0074705873,0.057598148,0.78684664,0.00879112,0.040674843,0.88546526,,0.88546526,control,1,,44,control_f1_s44_in22k_v5conf,best,19
ISIC_0014308_downsampled,MSK4_0010888,MSK4_0010888,60+,mskcc,4,True,4,0.004127735,0.0013621005,0.002363704,0.03065217,0.9242862,0.01219992,0.025008207,0.929776,,0.929776,control,1,,44,control_f1_s44_in22k_v5conf,best,19
ISIC_0014316_downsampled,MSK4_0010416,MSK4_0010416,60+,mskcc,4,True,4,0.004322073,0.001360742,0.0031783585,0.04558115,0.90991193,0.0029436797,0.03270211,0.91559476,,0.91559476,control,1,,44,control_f1_s44_in22k_v5conf,best,19
ISIC_0014325_downsampled,MSK4_0010896,MSK4_0010896,60+,mskcc,4,True,4,0.0093086455,0.0025575997,0.009616763,0.048940364,0.89569306,0.0017733867,0.03211018,0.90755934,,0.90755934,control,1,,44,control_f1_s44_in22k_v5conf,best,19
ISIC_0014410_downsampled,MSK4_0010397,MSK4_0010397,40-59,mskcc,2,False,2,0.009703713,0.005070843,0.89298177,0.048154976,0.005312819,0.0076938407,0.031082042,0.020087374,,0.020087374,control,1,,44,control_f1_s44_in22k_v5conf,best,19
ISIC_0014458_downsampled,MSK4_0010764,MSK4_0010764,40-59,mskcc,5,False,4,0.0043046167,0.0025330854,0.0027474954,0.04156065,0.9128858,0.0054627233,0.030505558,0.9197235,,0.9197235,control,1,,44,control_f1_s44_in22k_v5conf,best,19
ISIC_0014473_downsampled,MSK4_0010619,MSK4_0010619,60+,mskcc,5,False,4,0.012249172,0.00077143725,0.011235752,0.05539391,0.8646962,0.0051402645,0.050513264,0.87771684,,0.87771684,control,1,,44,control_f1_s44_in22k_v5conf,best,19
ISIC_0014476_downsampled,MSK4_0010722,MSK4_0010722,60+,mskcc,4,True,4,0.005627589,0.00977497,0.004524996,0.087304994,0.60427,0.22247212,0.066025354,0.61967254,,0.61967254,control,1,,44,control_f1_s44_in22k_v5conf,best,19
ISIC_0014480_downsampled,MSK4_0010023,MSK4_0010023,60+,mskcc,4,True,4,0.0051862905,0.0019184665,0.0035441068,0.05166645,0.89583385,0.0032856576,0.038565103,0.9029386,,0.9029386,control,1,,44,control_f1_s44_in22k_v5conf,best,19
ISIC_0014500_downsampled,MSK4_0010233,MSK4_0010233,60+,mskcc,2,False,4,0.008769862,0.0013313503,0.1252607,0.16034617,0.32877818,0.24862064,0.12689306,0.33887938,,0.33887938,control,1,,44,control_f1_s44_in22k_v5conf,best,19
ISIC_0014507_downsampled,MSK4_0010023,MSK4_0010023,60+,mskcc,4,True,4,0.005447052,0.0023834042,0.004804985,0.046726122,0.90409017,0.0018331838,0.03471501,0.9119206,,0.9119206,control,1,,44,control_f1_s44_in22k_v5conf,best,19
ISIC_0014515_downsampled,MSK4_0010234,MSK4_0010234,60+,mskcc,2,False,2,0.0049454635,0.0024926662,0.9300936,0.034157224,0.003966957,0.0011647294,0.023179354,0.011405086,,0.011405086,control,1,,44,control_f1_s44_in22k_v5conf,best,19
ISIC_0014518_downsampled,MSK4_0010753,MSK4_0010753,60+,mskcc,4,True,4,0.0011202787,0.003996683,0.038975563,0.047389645,0.87203103,0.0024922246,0.033994615,0.877148,,0.877148,control,1,,44,control_f1_s44_in22k_v5conf,best,19
ISIC_0014526_downsampled,MSK4_0010105,MSK4_0010105,60+,mskcc,2,False,2,0.0072904853,0.0016354951,0.9429,0.023906084,0.006393051,0.0014686064,0.016406316,0.015319031,,0.015319031,control,1,,44,control_f1_s44_in22k_v5conf,best,19
ISIC_0014527_downsampled,MSK4_0010971,MSK4_0010971,60+,mskcc,4,True,4,0.0016199605,0.001154536,0.0017923703,0.037821107,0.93074477,0.0037100103,0.023157256,0.93351924,,0.93351924,control,1,,44,control_f1_s44_in22k_v5conf,best,19
ISIC_0014541_downsampled,MSK4_0010446,MSK4_0010446,60+,mskcc,4,True,4,0.0035124135,0.0021269273,0.0063551,0.037706334,0.90792745,0.0118284905,0.03054327,0.91356677,,0.91356677,control,1,,44,control_f1_s44_in22k_v5conf,best,19
ISIC_0014542_downsampled,MSK4_0010447,MSK4_0010447,60+,mskcc,4,True,4,0.0026767626,0.004830206,0.01535242,0.047984034,0.89266235,0.005068372,0.031425893,0.9001693,,0.9001693,control,1,,44,control_f1_s44_in22k_v5conf,best,19
ISIC_0014571_downsampled,__singleton__ISIC_0014571_downsampled,__singleton__ISIC_0014571_downsampled,60+,mskcc,2,False,2,0.008144194,0.005107249,0.90547025,0.041385196,0.0030025488,0.0032669222,0.03362357,0.016253993,,0.016253993,control,1,,44,control_f1_s44_in22k_v5conf,best,19
ISIC_0014600_downsampled,__singleton__ISIC_0014600_downsampled,__singleton__ISIC_0014600_downsampled,60+,mskcc,2,False,2,0.13735516,0.0034802104,0.72496676,0.067730196,0.023315644,0.0034475033,0.039704487,0.16415101,,0.16415101,control,1,,44,control_f1_s44_in22k_v5conf,best,19
ISIC_0014619_downsampled,__singleton__ISIC_0014619_downsampled,__singleton__ISIC_0014619_downsampled,60+,mskcc,2,False,2,0.027043525,0.026354395,0.8163919,0.066922985,0.0051439637,0.0062703793,0.051872864,0.058541883,,0.058541883,control,1,,44,control_f1_s44_in22k_v5conf,best,19
ISIC_0014622_downsampled,__singleton__ISIC_0014622_downsampled,__singleton__ISIC_0014622_downsampled,60+,mskcc,2,False,2,0.009185436,0.0052622766,0.89992696,0.045461908,0.0031789218,0.0028133795,0.03417101,0.017626636,,0.017626636,control,1,,44,control_f1_s44_in22k_v5conf,best,19
ISIC_0014632_downsampled,__singleton__ISIC_0014632_downsampled,__singleton__ISIC_0014632_downsampled,60+,mskcc,2,False,2,0.0060992176,0.0064493297,0.89874583,0.044251353,0.0035998856,0.002375373,0.038478978,0.016148433,,0.016148433,control,1,,44,control_f1_s44_in22k_v5conf,best,19
ISIC_0014641_downsampled,__singleton__ISIC_0014641_downsampled,__singleton__ISIC_0014641_downsampled,60+,mskcc,2,False,2,0.007145819,0.0049619176,0.9015514,0.042520653,0.0067694588,0.0033257124,0.033724856,0.018877195,,0.018877195,control,1,,44,control_f1_s44_in22k_v5conf,best,19
ISIC_0014644_downsampled,__singleton__ISIC_0014644_downsampled,__singleton__ISIC_0014644_downsampled,60+,mskcc,2,False,2,0.017556146,0.0050574513,0.891762,0.048853297,0.0023628594,0.0017678629,0.03264044,0.024976455,,0.024976455,control,1,,44,control_f1_s44_in22k_v5conf,best,19
ISIC_0014663_downsampled,__singleton__ISIC_0014663_downsampled,__singleton__ISIC_0014663_downsampled,60+,mskcc,4,True,5,0.018942917,0.006388864,0.009967248,0.0646431,0.012735818,0.83754295,0.049779188,0.038067598,,0.038067598,control,1,,44,control_f1_s44_in22k_v5conf,best,19
ISIC_0014687_downsampled,__singleton__ISIC_0014687_downsampled,__singleton__ISIC_0014687_downsampled,40-59,mskcc,5,False,5,0.010849297,0.0076606614,0.006933515,0.06988365,0.0071562417,0.8499277,0.04758893,0.0256662,,0.0256662,control,1,,44,control_f1_s44_in22k_v5conf,best,19
ISIC_0014694_downsampled,__singleton__ISIC_0014694_downsampled,__singleton__ISIC_0014694_downsampled,<40,mskcc,5,False,4,0.00940626,0.009220242,0.008358868,0.109961234,0.59767824,0.18317272,0.08220241,0.61630476,,0.61630476,control,1,,44,control_f1_s44_in22k_v5conf,best,19
ISIC_0014695_downsampled,__singleton__ISIC_0014695_downsampled,__singleton__ISIC_0014695_downsampled,40-59,mskcc,4,True,2,0.008985237,0.04394417,0.79387856,0.07863536,0.0041475124,0.0076837987,0.062725425,0.057076916,,0.057076916,control,1,,44,control_f1_s44_in22k_v5conf,best,19
ISIC_0014712_downsampled,__singleton__ISIC_0014712_downsampled,__singleton__ISIC_0014712_downsampled,unknown,mskcc,2,False,2,0.006851607,0.004467517,0.903277,0.043571334,0.004425262,0.005529304,0.03187792,0.015744386,,0.015744386,control,1,,44,control_f1_s44_in22k_v5conf,best,19
ISIC_0014720_downsampled,__singleton__ISIC_0014720_downsampled,__singleton__ISIC_0014720_downsampled,<40,mskcc,5,False,5,0.01254122,0.009137212,0.008875463,0.090696044,0.24978788,0.56124604,0.06771619,0.2714663,,0.2714663,control,1,,44,control_f1_s44_in22k_v5conf,best,19
ISIC_0014770_downsampled,__singleton__ISIC_0014770_downsampled,__singleton__ISIC_0014770_downsampled,40-59,mskcc,2,False,2,0.015899459,0.012477836,0.7689312,0.08554768,0.006901504,0.044361673,0.06588065,0.035278797,,0.035278797,control,1,,44,control_f1_s44_in22k_v5conf,best,19
ISIC_0014784_downsampled,__singleton__ISIC_0014784_downsampled,__singleton__ISIC_0014784_downsampled,40-59,mskcc,4,True,4,0.005647121,0.003499125,0.019692034,0.08487142,0.76258427,0.07522985,0.048476133,0.77173054,,0.77173054,control,1,,44,control_f1_s44_in22k_v5conf,best,19
ISIC_0014787_downsampled,__singleton__ISIC_0014787_downsampled,__singleton__ISIC_0014787_downsampled,40-59,mskcc,5,False,5,0.010101025,0.0074407123,0.0074442583,0.056947146,0.013160394,0.85946816,0.045438357,0.030702129,,0.030702129,control,1,,44,control_f1_s44_in22k_v5conf,best,19
ISIC_0014796_downsampled,__singleton__ISIC_0014796_downsampled,__singleton__ISIC_0014796_downsampled,unknown,mskcc,5,False,5,0.010226101,0.0074520656,0.0065646097,0.05813657,0.025596032,0.8492746,0.042749997,0.043274198,,0.043274198,control,1,,44,control_f1_s44_in22k_v5conf,best,19
ISIC_0014803_downsampled,__singleton__ISIC_0014803_downsampled,__singleton__ISIC_0014803_downsampled,<40,mskcc,5,False,5,0.014846999,0.006459922,0.0062965625,0.053120326,0.0047831447,0.87423545,0.040257677,0.026090065,,0.026090065,control,1,,44,control_f1_s44_in22k_v5conf,best,19
ISIC_0014808_downsampled,__singleton__ISIC_0014808_downsampled,__singleton__ISIC_0014808_downsampled,40-59,mskcc,5,False,5,0.009651702,0.006476022,0.005723747,0.06553608,0.00889014,0.8550918,0.048630547,0.025017865,,0.025017865,control,1,,44,control_f1_s44_in22k_v5conf,best,19
ISIC_0014809_downsampled,__singleton__ISIC_0014809_downsampled,__singleton__ISIC_0014809_downsampled,60+,mskcc,4,True,4,0.008448011,0.0054052826,0.006678291,0.055094972,0.8804163,0.0032502525,0.04070685,0.8942696,,0.8942696,control,1,,44,control_f1_s44_in22k_v5conf,best,19
ISIC_0014815_downsampled,__singleton__ISIC_0014815_downsampled,__singleton__ISIC_0014815_downsampled,unknown,mskcc,5,False,5,0.010192754,0.008183358,0.008742532,0.07717001,0.1036094,0.73622346,0.055878546,0.12198551,,0.12198551,control,1,,44,control_f1_s44_in22k_v5conf,best,19
ISIC_0014826_downsampled,__singleton__ISIC_0014826_downsampled,__singleton__ISIC_0014826_downsampled,40-59,mskcc,4,True,5,0.01399964,0.0042546317,0.0035789649,0.06801489,0.024007967,0.84325874,0.042885136,0.04226224,,0.04226224,control,1,,44,control_f1_s44_in22k_v5conf,best,19
ISIC_0014831_downsampled,__singleton__ISIC_0014831_downsampled,__singleton__ISIC_0014831_downsampled,40-59,mskcc,2,False,2,0.005045068,0.0040958966,0.8820877,0.053099904,0.011731493,0.008075238,0.035864715,0.020872459,,0.020872459,control,1,,44,control_f1_s44_in22k_v5conf,best,19
ISIC_0014834_downsampled,__singleton__ISIC_0014834_downsampled,__singleton__ISIC_0014834_downsampled,unknown,mskcc,5,False,4,0.0056979503,0.0059820362,0.00942123,0.07120965,0.71074224,0.16058601,0.03636084,0.72242224,,0.72242224,control,1,,44,control_f1_s44_in22k_v5conf,best,19
ISIC_0014857_downsampled,__singleton__ISIC_0014857_downsampled,__singleton__ISIC_0014857_downsampled,60+,mskcc,4,True,4,0.23341057,0.023041554,0.023352101,0.09644656,0.52877164,0.009184122,0.085793465,0.7852237,,0.7852237,control,1,,44,control_f1_s44_in22k_v5conf,best,19
ISIC_0014910_downsampled,__singleton__ISIC_0014910_downsampled,__singleton__ISIC_0014910_downsampled,<40,mskcc,5,False,5,0.009047575,0.006404425,0.005904254,0.0620053,0.0114340605,0.85623074,0.048973657,0.02688606,,0.02688606,control,1,,44,control_f1_s44_in22k_v5conf,best,19
ISIC_0014915_downsampled,__singleton__ISIC_0014915_downsampled,__singleton__ISIC_0014915_downsampled,<40,mskcc,5,False,5,0.010409544,0.0057194917,0.01184277,0.07817508,0.019751323,0.81684333,0.057258446,0.035880357,,0.035880357,control,1,,44,control_f1_s44_in22k_v5conf,best,19
ISIC_0014929_downsampled,__singleton__ISIC_0014929_downsampled,__singleton__ISIC_0014929_downsampled,<40,mskcc,5,False,5,0.01122846,0.0073075434,0.0053897477,0.06823512,0.0064347303,0.85264784,0.048756514,0.024970733,,0.024970733,control,1,,44,control_f1_s44_in22k_v5conf,best,19
ISIC_0014932_downsampled,__singleton__ISIC_0014932_downsampled,__singleton__ISIC_0014932_downsampled,unknown,mskcc,4,True,5,0.007857503,0.0026577471,0.018778047,0.09091967,0.15766163,0.66264725,0.059478156,0.16817689,,0.16817689,control,1,,44,control_f1_s44_in22k_v5conf,best,19
ISIC_0014933_downsampled,__singleton__ISIC_0014933_downsampled,__singleton__ISIC_0014933_downsampled,<40,mskcc,5,False,5,0.010367475,0.0068883426,0.0053873817,0.06838463,0.0048024543,0.85522866,0.04894113,0.022058273,,0.022058273,control,1,,44,control_f1_s44_in22k_v5conf,best,19
ISIC_0014949_downsampled,__singleton__ISIC_0014949_downsampled,__singleton__ISIC_0014949_downsampled,60+,mskcc,5,False,5,0.010727845,0.007363804,0.006655311,0.06611576,0.011344319,0.8522675,0.04552551,0.029435968,,0.029435968,control,1,,44,control_f1_s44_in22k_v5conf,best,19
ISIC_0014952_downsampled,__singleton__ISIC_0014952_downsampled,__singleton__ISIC_0014952_downsampled,40-59,mskcc,5,False,4,0.004428216,0.0031765609,0.0040332344,0.057067595,0.84156,0.05114207,0.0385923,0.8491648,,0.8491648,control,1,,44,control_f1_s44_in22k_v5conf,best,19
ISIC_0014968_downsampled,__singleton__ISIC_0014968_downsampled,__singleton__ISIC_0014968_downsampled,unknown,mskcc,5,False,5,0.012467448,0.007477326,0.005767419,0.06220218,0.034918975,0.82683784,0.050328698,0.05486375,,0.05486375,control,1,,44,control_f1_s44_in22k_v5conf,best,19
ISIC_0014979_downsampled,__singleton__ISIC_0014979_downsampled,__singleton__ISIC_0014979_downsampled,60+,mskcc,4,True,5,0.026654059,0.0054209214,0.010216137,0.07417817,0.10792649,0.728636,0.046968166,0.14000148,,0.14000148,control,1,,44,control_f1_s44_in22k_v5conf,best,19
ISIC_0015004_downsampled,__singleton__ISIC_0015004_downsampled,__singleton__ISIC_0015004_downsampled,60+,mskcc,4,True,4,0.009405595,0.0082588475,0.0019553597,0.042950593,0.87078846,0.031119455,0.035521753,0.8884529,,0.8884529,control,1,,44,control_f1_s44_in22k_v5conf,best,19
ISIC_0015016_downsampled,__singleton__ISIC_0015016_downsampled,__singleton__ISIC_0015016_downsampled,<40,mskcc,5,False,5,0.010013064,0.00676061,0.007240916,0.06821754,0.0068247165,0.85178685,0.049156316,0.023598392,,0.023598392,control,1,,44,control_f1_s44_in22k_v5conf,best,19
ISIC_0015062_downsampled,__singleton__ISIC_0015062_downsampled,__singleton__ISIC_0015062_downsampled,40-59,mskcc,2,False,2,0.005777404,0.008658449,0.843578,0.06030542,0.03276531,0.0029060366,0.046009395,0.047201164,,0.047201164,control,1,,44,control_f1_s44_in22k_v5conf,best,19
ISIC_0015119_downsampled,__singleton__ISIC_0015119_downsampled,__singleton__ISIC_0015119_downsampled,40-59,mskcc,4,True,4,0.02242842,0.012728809,0.0049866014,0.05660727,0.8599251,0.0023987421,0.04092508,0.8950823,,0.8950823,control,1,,44,control_f1_s44_in22k_v5conf,best,19
ISIC_0015144_downsampled,__singleton__ISIC_0015144_downsampled,__singleton__ISIC_0015144_downsampled,<40,mskcc,5,False,5,0.010834245,0.0066708643,0.0070670894,0.06622357,0.008261953,0.85413903,0.04680327,0.025767062,,0.025767062,control,1,,44,control_f1_s44_in22k_v5conf,best,19
ISIC_0015163_downsampled,__singleton__ISIC_0015163_downsampled,__singleton__ISIC_0015163_downsampled,60+,mskcc,4,True,4,0.012078314,0.006234305,0.0055346903,0.052774977,0.8754376,0.004528979,0.04341104,0.89375025,,0.89375025,control,1,,44,control_f1_s44_in22k_v5conf,best,19
ISIC_0015167_downsampled,__singleton__ISIC_0015167_downsampled,__singleton__ISIC_0015167_downsampled,unknown,mskcc,4,True,4,0.008687171,0.008812264,0.008747924,0.05627857,0.8732042,0.0027514766,0.041518323,0.8907036,,0.8907036,control,1,,44,control_f1_s44_in22k_v5conf,best,19
ISIC_0015182_downsampled,__singleton__ISIC_0015182_downsampled,__singleton__ISIC_0015182_downsampled,40-59,mskcc,2,False,2,0.012678232,0.011613775,0.61881065,0.09942251,0.00631987,0.15767172,0.09348328,0.030611876,,0.030611876,control,1,,44,control_f1_s44_in22k_v5conf,best,19
ISIC_0015206_downsampled,__singleton__ISIC_0015206_downsampled,__singleton__ISIC_0015206_downsampled,40-59,mskcc,4,True,5,0.010767945,0.0079051815,0.011393247,0.08231267,0.15876234,0.6678718,0.060986783,0.17743546,,0.17743546,control,1,,44,control_f1_s44_in22k_v5conf,best,19
ISIC_0015229_downsampled,__singleton__ISIC_0015229_downsampled,__singleton__ISIC_0015229_downsampled,60+,mskcc,4,True,4,0.012112374,0.004827557,0.006564162,0.056756716,0.87330574,0.0033099372,0.04312349,0.8902457,,0.8902457,control,1,,44,control_f1_s44_in22k_v5conf,best,19
ISIC_0015256_downsampled,__singleton__ISIC_0015256_downsampled,__singleton__ISIC_0015256_downsampled,60+,mskcc,4,True,5,0.0066399425,0.003273619,0.0070642536,0.04673957,0.01075779,0.8872541,0.038270626,0.020671353,,0.020671353,control,1,,44,control_f1_s44_in22k_v5conf,best,19
ISIC_0015283_downsampled,__singleton__ISIC_0015283_downsampled,__singleton__ISIC_0015283_downsampled,<40,mskcc,5,False,5,0.010921137,0.007912505,0.008007326,0.07149838,0.007508619,0.8407122,0.053439822,0.026342262,,0.026342262,control,1,,44,control_f1_s44_in22k_v5conf,best,19
ISIC_0015310_downsampled,__singleton__ISIC_0015310_downsampled,__singleton__ISIC_0015310_downsampled,<40,mskcc,5,False,5,0.007996361,0.006896338,0.008823437,0.06251353,0.00599034,0.8628319,0.04494811,0.020883039,,0.020883039,control,1,,44,control_f1_s44_in22k_v5conf,best,19
ISIC_0015386_downsampled,__singleton__ISIC_0015386_downsampled,__singleton__ISIC_0015386_downsampled,40-59,mskcc,5,False,4,0.010154046,0.0055686934,0.00369526,0.05515292,0.8291231,0.04914919,0.047156822,0.84484583,,0.84484583,control,1,,44,control_f1_s44_in22k_v5conf,best,19
ISIC_0015416_downsampled,__singleton__ISIC_0015416_downsampled,__singleton__ISIC_0015416_downsampled,<40,mskcc,5,False,5,0.011609884,0.006127193,0.007955527,0.0739774,0.1584374,0.67809296,0.06379956,0.17617448,,0.17617448,control,1,,44,control_f1_s44_in22k_v5conf,best,19
ISIC_0015436_downsampled,__singleton__ISIC_0015436_downsampled,__singleton__ISIC_0015436_downsampled,60+,mskcc,5,False,5,0.012212998,0.010397783,0.0070999386,0.065321974,0.011658165,0.8383899,0.054919276,0.034268945,,0.034268945,control,1,,44,control_f1_s44_in22k_v5conf,best,19
ISIC_0015447_downsampled,__singleton__ISIC_0015447_downsampled,__singleton__ISIC_0015447_downsampled,40-59,mskcc,5,False,5,0.10838737,0.0045843315,0.020939296,0.08937293,0.012579913,0.69202006,0.07211611,0.12555163,,0.12555163,control,1,,44,control_f1_s44_in22k_v5conf,best,19
ISIC_0015485_downsampled,__singleton__ISIC_0015485_downsampled,__singleton__ISIC_0015485_downsampled,unknown,mskcc,5,False,2,0.003601852,0.006212887,0.44771475,0.12623781,0.23724087,0.083472356,0.09551947,0.2470556,,0.2470556,control,1,,44,control_f1_s44_in22k_v5conf,best,19
ISIC_0015544_downsampled,__singleton__ISIC_0015544_downsampled,__singleton__ISIC_0015544_downsampled,unknown,mskcc,5,False,5,0.008603868,0.0055620186,0.0051656025,0.055632338,0.043862853,0.8360085,0.045164805,0.05802874,,0.05802874,control,1,,44,control_f1_s44_in22k_v5conf,best,19
ISIC_0015559_downsampled,__singleton__ISIC_0015559_downsampled,__singleton__ISIC_0015559_downsampled,<40,mskcc,5,False,5,0.009843553,0.005619128,0.006690709,0.0632776,0.013561193,0.8550336,0.045974262,0.029023875,,0.029023875,control,1,,44,control_f1_s44_in22k_v5conf,best,19
ISIC_0015614_downsampled,__singleton__ISIC_0015614_downsampled,__singleton__ISIC_0015614_downsampled,<40,mskcc,5,False,5,0.009437319,0.004751758,0.011501038,0.066033155,0.012126579,0.84883845,0.047311615,0.026315656,,0.026315656,control,1,,44,control_f1_s44_in22k_v5conf,best,19
ISIC_0015617_downsampled,__singleton__ISIC_0015617_downsampled,__singleton__ISIC_0015617_downsampled,60+,mskcc,5,False,5,0.012776259,0.008076651,0.0071757403,0.062360846,0.0058993218,0.85820717,0.04550398,0.026752232,,0.026752232,control,1,,44,control_f1_s44_in22k_v5conf,best,19
ISIC_0015936_downsampled,__singleton__ISIC_0015936_downsampled,__singleton__ISIC_0015936_downsampled,40-59,mskcc,5,False,5,0.0097156875,0.0050814957,0.0096649565,0.09060061,0.17149769,0.6514045,0.06203504,0.18629487,,0.18629487,control,1,,44,control_f1_s44_in22k_v5conf,best,19
ISIC_0015939_downsampled,__singleton__ISIC_0015939_downsampled,__singleton__ISIC_0015939_downsampled,40-59,mskcc,5,False,5,0.009279877,0.004261233,0.007333531,0.07148836,0.01364889,0.84653866,0.047449388,0.02719,,0.02719,control,1,,44,control_f1_s44_in22k_v5conf,best,19
ISIC_0015942_downsampled,__singleton__ISIC_0015942_downsampled,__singleton__ISIC_0015942_downsampled,<40,mskcc,5,False,5,0.009987383,0.006072223,0.0070815408,0.065383956,0.011560827,0.8504067,0.049507406,0.027620435,,0.027620435,control,1,,44,control_f1_s44_in22k_v5conf,best,19
ISIC_0015950_downsampled,__singleton__ISIC_0015950_downsampled,__singleton__ISIC_0015950_downsampled,<40,mskcc,5,False,5,0.010632613,0.006562806,0.009867614,0.07063155,0.009053646,0.8408335,0.052418336,0.026249064,,0.026249064,control,1,,44,control_f1_s44_in22k_v5conf,best,19
ISIC_0015951_downsampled,__singleton__ISIC_0015951_downsampled,__singleton__ISIC_0015951_downsampled,60+,mskcc,5,False,5,0.012989493,0.008983215,0.012420676,0.07902026,0.0068793455,0.8149948,0.06471217,0.028852053,,0.028852053,control,1,,44,control_f1_s44_in22k_v5conf,best,19
ISIC_0015956_downsampled,__singleton__ISIC_0015956_downsampled,__singleton__ISIC_0015956_downsampled,40-59,mskcc,5,False,5,0.012121165,0.007034353,0.009179785,0.07558081,0.008938661,0.8341512,0.052994013,0.028094178,,0.028094178,control,1,,44,control_f1_s44_in22k_v5conf,best,19
ISIC_0015958_downsampled,__singleton__ISIC_0015958_downsampled,__singleton__ISIC_0015958_downsampled,40-59,mskcc,5,False,2,0.0060468805,0.0033830146,0.5239481,0.11461425,0.060820393,0.25189194,0.039295454,0.07025029,,0.07025029,control,1,,44,control_f1_s44_in22k_v5conf,best,19
ISIC_0015966_downsampled,__singleton__ISIC_0015966_downsampled,__singleton__ISIC_0015966_downsampled,60+,mskcc,5,False,2,0.0014288768,0.001460406,0.73374856,0.084399626,0.0070088496,0.1187297,0.05322396,0.009898133,,0.009898133,control,1,,44,control_f1_s44_in22k_v5conf,best,19
ISIC_0015989_downsampled,__singleton__ISIC_0015989_downsampled,__singleton__ISIC_0015989_downsampled,60+,mskcc,5,False,5,0.009380494,0.007036844,0.012978178,0.058783654,0.018765882,0.8485772,0.04447768,0.03518322,,0.03518322,control,1,,44,control_f1_s44_in22k_v5conf,best,19
ISIC_0015990_downsampled,__singleton__ISIC_0015990_downsampled,__singleton__ISIC_0015990_downsampled,<40,mskcc,5,False,5,0.01100234,0.0072451266,0.0068836445,0.06988199,0.012821955,0.8429531,0.049211882,0.03106942,,0.03106942,control,1,,44,control_f1_s44_in22k_v5conf,best,19
ISIC_0015998_downsampled,__singleton__ISIC_0015998_downsampled,__singleton__ISIC_0015998_downsampled,60+,mskcc,5,False,4,0.007638744,0.0026110117,0.0051439274,0.03882085,0.90874946,0.0037004345,0.033335607,0.9189992,,0.9189992,control,1,,44,control_f1_s44_in22k_v5conf,best,19
ISIC_0016012_downsampled,__singleton__ISIC_0016012_downsampled,__singleton__ISIC_0016012_downsampled,60+,mskcc,5,False,5,0.010813442,0.00530035,0.009148185,0.06807365,0.01472229,0.84014386,0.0517981,0.030836083,,0.030836083,control,1,,44,control_f1_s44_in22k_v5conf,best,19
ISIC_0016013_downsampled,__singleton__ISIC_0016013_downsampled,__singleton__ISIC_0016013_downsampled,60+,mskcc,5,False,5,0.0083267195,0.004037199,0.013722498,0.06484237,0.0062429793,0.8583062,0.044522088,0.018606897,,0.018606897,control,1,,44,control_f1_s44_in22k_v5conf,best,19
ISIC_0016025_downsampled,__singleton__ISIC_0016025_downsampled,__singleton__ISIC_0016025_downsampled,<40,mskcc,5,False,5,0.0085131135,0.0056002415,0.00700734,0.06588217,0.010078249,0.858497,0.04442188,0.024191603,,0.024191603,control,1,,44,control_f1_s44_in22k_v5conf,best,19
ISIC_0016028_downsampled,__singleton__ISIC_0016028_downsampled,__singleton__ISIC_0016028_downsampled,40-59,mskcc,5,False,5,0.012155687,0.010221785,0.018321695,0.06887793,0.0040465994,0.84086967,0.04550659,0.026424073,,0.026424073,control,1,,44,control_f1_s44_in22k_v5conf,best,19
ISIC_0016040_downsampled,__singleton__ISIC_0016040_downsampled,__singleton__ISIC_0016040_downsampled,40-59,mskcc,5,False,2,0.005941562,0.0034579074,0.89463806,0.044794276,0.0064693186,0.0072301524,0.03746871,0.015868787,,0.015868787,control,1,,44,control_f1_s44_in22k_v5conf,best,19
ISIC_0016045_downsampled,__singleton__ISIC_0016045_downsampled,__singleton__ISIC_0016045_downsampled,60+,mskcc,5,False,5,0.010706055,0.004684427,0.009437847,0.06478356,0.020016769,0.84468186,0.04568952,0.035407253,,0.035407253,control,1,,44,control_f1_s44_in22k_v5conf,best,19
ISIC_0016049_downsampled,__singleton__ISIC_0016049_downsampled,__singleton__ISIC_0016049_downsampled,40-59,mskcc,5,False,4,0.009438695,0.005497478,0.0065238113,0.080923624,0.5147714,0.32334104,0.059503935,0.52970755,,0.52970755,control,1,,44,control_f1_s44_in22k_v5conf,best,19
ISIC_0024307,HAM_0003577,HAM_0003577,40-59,ham,5,False,5,0.012058655,0.0060125664,0.009151066,0.06668837,0.0051621487,0.8559785,0.044948835,0.023233369,,0.023233369,control,1,,44,control_f1_s44_in22k_v5conf,best,19
ISIC_0024316,HAM_0002718,HAM_0002718,40-59,ham,5,False,5,0.011261222,0.0075964583,0.0074292994,0.067253,0.005205321,0.85360426,0.047650386,0.024063002,,0.024063002,control,1,,44,control_f1_s44_in22k_v5conf,best,19
ISIC_0024325,HAM_0002044,HAM_0002044,40-59,ham,5,False,5,0.0124866525,0.0064387135,0.008228272,0.065814115,0.005796702,0.8537324,0.04750311,0.024722068,,0.024722068,control,1,,44,control_f1_s44_in22k_v5conf,best,19
ISIC_0024333,HAM_0007511,HAM_0007511,60+,ham,4,True,4,0.0027745129,0.020684807,0.018353142,0.061494976,0.85051274,0.0021444305,0.04403536,0.87397206,,0.87397206,control,1,,44,control_f1_s44_in22k_v5conf,best,19
ISIC_0024348,HAM_0002426,HAM_0002426,40-59,ham,5,False,5,0.011860987,0.005742804,0.027235208,0.07038554,0.004456553,0.82762384,0.052695025,0.022060346,,0.022060346,control,1,,44,control_f1_s44_in22k_v5conf,best,19
ISIC_0024351,HAM_0001349,HAM_0001349,60+,ham,4,True,5,0.015171946,0.00959371,0.011475053,0.12212399,0.13748012,0.6272113,0.07694389,0.16224578,,0.16224578,control,1,,44,control_f1_s44_in22k_v5conf,best,19
ISIC_0024364,HAM_0004535,HAM_0004535,40-59,ham,5,False,2,0.010829449,0.0050201947,0.853797,0.07491231,0.0018032227,0.010397916,0.043239806,0.017652865,,0.017652865,control,1,,44,control_f1_s44_in22k_v5conf,best,19
ISIC_0024370,HAM_0001780,HAM_0001780,40-59,ham,6,False,6,0.0010012968,0.00048565108,0.0006333048,0.006896436,0.00025013994,0.00048957067,0.9902436,0.0017370878,,0.0017370878,control,1,,44,control_f1_s44_in22k_v5conf,best,19
ISIC_0024373,HAM_0003297,HAM_0003297,60+,ham,5,False,5,0.012140986,0.008282615,0.00850917,0.06830282,0.00716129,0.84717214,0.048430983,0.02758489,,0.02758489,control,1,,44,control_f1_s44_in22k_v5conf,best,19
ISIC_0024376,HAM_0000984,HAM_0000984,40-59,ham,5,False,5,0.010848651,0.0076808413,0.007527106,0.06659404,0.006029328,0.8545654,0.046754636,0.02455882,,0.02455882,control,1,,44,control_f1_s44_in22k_v5conf,best,19
ISIC_0024398,HAM_0001672,HAM_0001672,60+,ham,5,False,5,0.011024343,0.006854659,0.007617464,0.06478307,0.006606996,0.85544276,0.047670685,0.024485998,,0.024485998,control,1,,44,control_f1_s44_in22k_v5conf,best,19
ISIC_0024400,HAM_0006751,HAM_0006751,60+,ham,4,True,2,0.009089481,0.0058016214,0.89225966,0.049551286,0.011613938,0.0007928704,0.030891152,0.026505042,,0.026505042,control,1,,44,control_f1_s44_in22k_v5conf,best,19
ISIC_0024420,HAM_0006201,HAM_0006201,40-59,ham,2,False,2,0.035540327,0.0040685805,0.86149883,0.05431653,0.006358118,0.0030491052,0.035168488,0.045967024,,0.045967024,control,1,,44,control_f1_s44_in22k_v5conf,best,19
ISIC_0024421,HAM_0001260,HAM_0001260,<40,ham,5,False,5,0.010840088,0.0080588125,0.0074618314,0.06405684,0.0051088086,0.85664135,0.047832273,0.02400771,,0.02400771,control,1,,44,control_f1_s44_in22k_v5conf,best,19
ISIC_0024435,HAM_0003317,HAM_0003317,40-59,ham,2,False,2,0.0064484365,0.0047544315,0.9072457,0.038293965,0.0032916174,0.004108883,0.035856932,0.014494485,,0.014494485,control,1,,44,control_f1_s44_in22k_v5conf,best,19
ISIC_0024464,HAM_0005604,HAM_0005604,<40,ham,5,False,5,0.013009588,0.0075126668,0.006882738,0.0659586,0.0053466093,0.8512862,0.05000362,0.025868865,,0.025868865,control,1,,44,control_f1_s44_in22k_v5conf,best,19
ISIC_0024468,HAM_0006301,HAM_0006301,60+,ham,0,True,0,0.92862135,0.0058128457,0.0012658302,0.036076546,0.0026753119,0.0016367653,0.023911374,0.9371095,,0.9371095,control,1,,44,control_f1_s44_in22k_v5conf,best,19
ISIC_0024495,HAM_0006466,HAM_0006466,40-59,ham,2,False,5,0.011765407,0.0052441163,0.070125766,0.06480884,0.051952444,0.7499932,0.046110194,0.06896196,,0.06896196,control,1,,44,control_f1_s44_in22k_v5conf,best,19
ISIC_0024525,HAM_0005540,HAM_0005540,60+,ham,4,True,4,0.013163642,0.0031852461,0.029350888,0.06050988,0.8426668,0.0065510394,0.044572458,0.8590157,,0.8590157,control,1,,44,control_f1_s44_in22k_v5conf,best,19
ISIC_0024534,HAM_0003207,HAM_0003207,40-59,ham,5,False,5,0.0112233395,0.007460836,0.008093691,0.06511868,0.0055638277,0.8529282,0.049611364,0.024248002,,0.024248002,control,1,,44,control_f1_s44_in22k_v5conf,best,19
ISIC_0024538,HAM_0000397,HAM_0000397,<40,ham,5,False,5,0.010853881,0.0071899397,0.0061784014,0.06343447,0.0055572107,0.85952866,0.04725739,0.02360103,,0.02360103,control,1,,44,control_f1_s44_in22k_v5conf,best,19
ISIC_0024546,HAM_0000952,HAM_0000952,60+,ham,4,True,2,0.06975096,0.00095101236,0.7941276,0.045273285,0.019550394,0.018605024,0.051741716,0.09025237,,0.09025237,control,1,,44,control_f1_s44_in22k_v5conf,best,19
ISIC_0024548,HAM_0007441,HAM_0007441,60+,ham,5,False,5,0.011919366,0.0074524353,0.007380297,0.065945506,0.0048127077,0.8536506,0.048839074,0.02418451,,0.02418451,control,1,,44,control_f1_s44_in22k_v5conf,best,19
ISIC_0024549,HAM_0002385,HAM_0002385,60+,ham,5,False,5,0.010317033,0.0059284247,0.010403868,0.065627605,0.0062733595,0.8559494,0.045500237,0.022518817,,0.022518817,control,1,,44,control_f1_s44_in22k_v5conf,best,19
ISIC_0024553,HAM_0005330,HAM_0005330,40-59,ham,3,False,3,0.0016329179,0.001099239,0.0005406883,0.99088633,0.0003393104,0.00034779185,0.005153769,0.0030714672,,0.0030714672,control,1,,44,control_f1_s44_in22k_v5conf,best,19
ISIC_0024591,HAM_0006068,HAM_0006068,<40,ham,5,False,5,0.010738481,0.007370837,0.0061519374,0.06625537,0.0064228643,0.8557623,0.047298186,0.024532182,,0.024532182,control,1,,44,control_f1_s44_in22k_v5conf,best,19
ISIC_0024598,HAM_0000748,HAM_0000748,60+,ham,5,False,5,0.013674962,0.00698472,0.008396802,0.066917144,0.005011038,0.8509375,0.048077878,0.025670718,,0.025670718,control,1,,44,control_f1_s44_in22k_v5conf,best,19
ISIC_0024604,HAM_0003767,HAM_0003767,60+,ham,5,False,5,0.014892884,0.020021481,0.030161435,0.089651935,0.002287333,0.7958582,0.047126714,0.0372017,,0.0372017,control,1,,44,control_f1_s44_in22k_v5conf,best,19
ISIC_0024620,HAM_0001881,HAM_0001881,<40,ham,5,False,5,0.010937842,0.0068237362,0.013372272,0.059280235,0.011082193,0.8535342,0.044969566,0.02884377,,0.02884377,control,1,,44,control_f1_s44_in22k_v5conf,best,19
ISIC_0024624,HAM_0000210,HAM_0000210,60+,ham,4,True,2,0.011676039,0.0052623083,0.8538569,0.05901115,0.019258948,0.0015170523,0.04941761,0.036197297,,0.036197297,control,1,,44,control_f1_s44_in22k_v5conf,best,19
ISIC_0024626,HAM_0007621,HAM_0007621,60+,ham,2,False,2,0.010371662,0.0045167436,0.9099785,0.04318642,0.0026012918,0.0022349406,0.027110336,0.017489698,,0.017489698,control,1,,44,control_f1_s44_in22k_v5conf,best,19
ISIC_0024630,HAM_0007511,HAM_0007511,60+,ham,4,True,4,0.0056442483,0.0069830227,0.0034472933,0.046599172,0.90271854,0.0014310132,0.033176668,0.9153458,,0.9153458,control,1,,44,control_f1_s44_in22k_v5conf,best,19
ISIC_0024639,HAM_0003797,HAM_0003797,60+,ham,5,False,5,0.014545968,0.0071434113,0.01006475,0.06857368,0.006062326,0.84305483,0.050555028,0.027751707,,0.027751707,control,1,,44,control_f1_s44_in22k_v5conf,best,19
ISIC_0024643,HAM_0005101,HAM_0005101,<40,ham,2,False,2,0.005406213,0.0037675872,0.92656,0.034049883,0.0015845586,0.0019746064,0.026657168,0.010758359,,0.010758359,control,1,,44,control_f1_s44_in22k_v5conf,best,19
ISIC_0024657,HAM_0005537,HAM_0005537,60+,ham,5,False,5,0.013411054,0.004966858,0.01379379,0.0727444,0.10162693,0.7449563,0.04850069,0.12000485,,0.12000485,control,1,,44,control_f1_s44_in22k_v5conf,best,19
ISIC_0024664,HAM_0001604,HAM_0001604,40-59,ham,5,False,5,0.017327752,0.00956469,0.01118345,0.06773337,0.009024199,0.8339158,0.051250696,0.03591664,,0.03591664,control,1,,44,control_f1_s44_in22k_v5conf,best,19
ISIC_0024667,HAM_0000248,HAM_0000248,40-59,ham,5,False,5,0.011876373,0.0075332155,0.00682257,0.06853087,0.0063749827,0.8505236,0.04833842,0.02578457,,0.02578457,control,1,,44,control_f1_s44_in22k_v5conf,best,19
ISIC_0024675,HAM_0001600,HAM_0001600,60+,ham,4,True,5,0.009778908,0.0052528568,0.0036567883,0.06145286,0.0069737737,0.86957955,0.043305255,0.02200554,,0.02200554,control,1,,44,control_f1_s44_in22k_v5conf,best,19
ISIC_0024676,HAM_0007513,HAM_0007513,60+,ham,2,False,2,0.022994317,0.002364919,0.90338117,0.035227165,0.0062404047,0.001687467,0.028104518,0.03159964,,0.03159964,control,1,,44,control_f1_s44_in22k_v5conf,best,19
ISIC_0024687,HAM_0005247,HAM_0005247,40-59,ham,5,False,5,0.0128734745,0.0068528815,0.0146773,0.063552245,0.0055657076,0.84721965,0.049258716,0.025292065,,0.025292065,control,1,,44,control_f1_s44_in22k_v5conf,best,19
ISIC_0024698,HAM_0001751,HAM_0001751,60+,ham,5,False,5,0.0136041455,0.014368817,0.006981006,0.07940616,0.16976717,0.6518274,0.064045265,0.19774014,,0.19774014,control,1,,44,control_f1_s44_in22k_v5conf,best,19
ISIC_0024704,HAM_0001936,HAM_0001936,60+,ham,5,False,5,0.011632269,0.006285746,0.010060399,0.05872444,0.12907082,0.7349122,0.04931413,0.14698884,,0.14698884,control,1,,44,control_f1_s44_in22k_v5conf,best,19
ISIC_0024706,HAM_0001038,HAM_0001038,40-59,ham,6,False,6,0.001401947,0.0005916882,0.00065473135,0.006276221,0.0005288057,0.00040629943,0.99014026,0.0025224409,,0.0025224409,control,1,,44,control_f1_s44_in22k_v5conf,best,19
ISIC_0024708,HAM_0003868,HAM_0003868,60+,ham,2,False,2,0.015678369,0.005614886,0.6159687,0.08990575,0.1371231,0.0538723,0.08183689,0.15841635,,0.15841635,control,1,,44,control_f1_s44_in22k_v5conf,best,19
ISIC_0024713,HAM_0005955,HAM_0005955,40-59,ham,5,False,5,0.0116215935,0.007175492,0.007902057,0.06814134,0.005617992,0.850655,0.048886407,0.024415076,,0.024415076,control,1,,44,control_f1_s44_in22k_v5conf,best,19
ISIC_0024720,HAM_0002076,HAM_0002076,40-59,ham,5,False,5,0.014056798,0.0138911605,0.016790254,0.11248446,0.13725527,0.6184897,0.087032326,0.16520323,,0.16520323,control,1,,44,control_f1_s44_in22k_v5conf,best,19
ISIC_0024724,HAM_0000679,HAM_0000679,40-59,ham,5,False,5,0.012197744,0.0069438,0.0069917706,0.066980354,0.0058801896,0.85127306,0.049733058,0.025021734,,0.025021734,control,1,,44,control_f1_s44_in22k_v5conf,best,19
ISIC_0024744,HAM_0004434,HAM_0004434,40-59,ham,5,False,5,0.012716233,0.008097276,0.008445367,0.06657261,0.0052360427,0.8511192,0.047813185,0.026049552,,0.026049552,control,1,,44,control_f1_s44_in22k_v5conf,best,19
ISIC_0024745,HAM_0007437,HAM_0007437,<40,ham,5,False,5,0.012574667,0.0070306524,0.0032852695,0.059543658,0.004597489,0.870077,0.042891227,0.024202809,,0.024202809,control,1,,44,control_f1_s44_in22k_v5conf,best,19
ISIC_0024747,HAM_0001566,HAM_0001566,60+,ham,6,False,6,0.0032132126,0.0016695256,0.0017362463,0.009377264,0.00060008845,0.0004684732,0.98293513,0.0054828264,,0.0054828264,control,1,,44,control_f1_s44_in22k_v5conf,best,19
ISIC_0024751,HAM_0004870,HAM_0004870,40-59,ham,5,False,5,0.012991839,0.0066883336,0.008217671,0.06852156,0.018745573,0.83093905,0.053896025,0.038425744,,0.038425744,control,1,,44,control_f1_s44_in22k_v5conf,best,19
ISIC_0024756,HAM_0007272,HAM_0007272,60+,ham,4,True,5,0.0071164425,0.005996616,0.007121059,0.06891756,0.007329693,0.85748434,0.046034258,0.020442752,,0.020442752,control,1,,44,control_f1_s44_in22k_v5conf,best,19
ISIC_0024759,HAM_0006249,HAM_0006249,40-59,ham,5,False,5,0.012503879,0.008582749,0.008611659,0.069536984,0.0058795535,0.84386426,0.051020905,0.026966183,,0.026966183,control,1,,44,control_f1_s44_in22k_v5conf,best,19
ISIC_0024764,HAM_0007246,HAM_0007246,40-59,ham,5,False,5,0.011775672,0.008097184,0.008396198,0.06716083,0.0060587763,0.8507809,0.04773038,0.025931632,,0.025931632,control,1,,44,control_f1_s44_in22k_v5conf,best,19
ISIC_0024766,HAM_0004386,HAM_0004386,40-59,ham,5,False,5,0.011344912,0.007190073,0.0072562816,0.06598706,0.006166604,0.8538334,0.048221704,0.024701588,,0.024701588,control,1,,44,control_f1_s44_in22k_v5conf,best,19
ISIC_0024771,HAM_0006301,HAM_0006301,60+,ham,0,True,0,0.916243,0.006586875,0.0014110084,0.041202735,0.0021402775,0.0017998706,0.03061622,0.92497015,,0.92497015,control,1,,44,control_f1_s44_in22k_v5conf,best,19
ISIC_0024773,HAM_0000844,HAM_0000844,60+,ham,2,False,2,0.006266235,0.0027272042,0.90930223,0.041754987,0.003860298,0.0020450433,0.034043953,0.012853738,,0.012853738,control,1,,44,control_f1_s44_in22k_v5conf,best,19
ISIC_0024793,HAM_0000996,HAM_0000996,60+,ham,5,False,5,0.012933147,0.005907281,0.022090271,0.07786844,0.0054595266,0.81616086,0.059580512,0.024299955,,0.024299955,control,1,,44,control_f1_s44_in22k_v5conf,best,19
ISIC_0024804,HAM_0006733,HAM_0006733,40-59,ham,5,False,5,0.010405344,0.0063882708,0.006946849,0.06494493,0.00658536,0.85621256,0.048516713,0.023378974,,0.023378974,control,1,,44,control_f1_s44_in22k_v5conf,best,19
ISIC_0024816,HAM_0007434,HAM_0007434,60+,ham,5,False,5,0.010353096,0.005812176,0.00602717,0.06748336,0.006389133,0.857249,0.046686083,0.022554405,,0.022554405,control,1,,44,control_f1_s44_in22k_v5conf,best,19
ISIC_0024828,HAM_0001587,HAM_0001587,60+,ham,5,False,5,0.011262173,0.0070129107,0.0073061786,0.06208481,0.004172279,0.86246014,0.045701552,0.022447363,,0.022447363,control,1,,44,control_f1_s44_in22k_v5conf,best,19
ISIC_0024829,HAM_0007535,HAM_0007535,60+,ham,1,True,1,0.011306289,0.87187904,0.0035749574,0.06514927,0.003991119,0.0043125404,0.03978679,0.88717645,,0.88717645,control,1,,44,control_f1_s44_in22k_v5conf,best,19
ISIC_0024840,HAM_0006705,HAM_0006705,40-59,ham,5,False,5,0.010380172,0.008061709,0.009014192,0.06669475,0.006305302,0.8519569,0.047586996,0.024747184,,0.024747184,control,1,,44,control_f1_s44_in22k_v5conf,best,19
ISIC_0024846,HAM_0001212,HAM_0001212,40-59,ham,5,False,4,0.0060537034,0.009959077,0.006235584,0.074917585,0.8117471,0.034380473,0.05670653,0.82775986,,0.82775986,control,1,,44,control_f1_s44_in22k_v5conf,best,19
ISIC_0024848,HAM_0007474,HAM_0007474,60+,ham,1,True,1,0.006822723,0.8834255,0.008443253,0.056311015,0.0044060606,0.004776306,0.03581514,0.8946542,,0.8946542,control,1,,44,control_f1_s44_in22k_v5conf,best,19
ISIC_0024852,HAM_0003870,HAM_0003870,60+,ham,5,False,5,0.011297288,0.0060427506,0.007973461,0.063236706,0.006455517,0.85916555,0.045828767,0.023795554,,0.023795554,control,1,,44,control_f1_s44_in22k_v5conf,best,19
ISIC_0024853,HAM_0000645,HAM_0000645,60+,ham,4,True,4,0.013917826,0.0045251255,0.008692185,0.053408682,0.8801263,0.0011340998,0.038195647,0.8985692,,0.8985692,control,1,,44,control_f1_s44_in22k_v5conf,best,19
ISIC_0024854,HAM_0000226,HAM_0000226,<40,ham,5,False,5,0.010402861,0.0069238935,0.007480301,0.062165346,0.008564447,0.85573643,0.048726667,0.0258912,,0.0258912,control,1,,44,control_f1_s44_in22k_v5conf,best,19
ISIC_0024863,HAM_0002359,HAM_0002359,40-59,ham,5,False,5,0.011415391,0.0055833915,0.012738299,0.07128053,0.0043653166,0.8471338,0.04748323,0.0213641,,0.0213641,control,1,,44,control_f1_s44_in22k_v5conf,best,19
ISIC_0024865,HAM_0001734,HAM_0001734,40-59,ham,4,True,4,0.007928792,0.0062880893,0.006905832,0.058831442,0.87345415,0.0033109274,0.04328076,0.88767105,,0.88767105,control,1,,44,control_f1_s44_in22k_v5conf,best,19
ISIC_0024872,HAM_0005823,HAM_0005823,40-59,ham,5,False,5,0.011842279,0.007105133,0.0068672528,0.066621445,0.0067874347,0.8484711,0.05230525,0.025734846,,0.025734846,control,1,,44,control_f1_s44_in22k_v5conf,best,19
ISIC_0024884,HAM_0001140,HAM_0001140,40-59,ham,5,False,5,0.011651999,0.0075450395,0.007874654,0.0675296,0.0054205796,0.8492137,0.05076439,0.02461762,,0.02461762,control,1,,44,control_f1_s44_in22k_v5conf,best,19
ISIC_0024906,HAM_0002217,HAM_0002217,<40,ham,5,False,5,0.012197045,0.0077353055,0.007561658,0.06940863,0.005826439,0.84567314,0.051597852,0.025758788,,0.025758788,control,1,,44,control_f1_s44_in22k_v5conf,best,19
ISIC_0024909,HAM_0002757,HAM_0002757,60+,ham,2,False,2,0.016720688,0.003701049,0.8516831,0.046995405,0.00290534,0.035780903,0.04221355,0.023327075,,0.023327075,control,1,,44,control_f1_s44_in22k_v5conf,best,19
ISIC_0024916,HAM_0003590,HAM_0003590,40-59,ham,5,False,5,0.012081809,0.008938411,0.0141983535,0.06624483,0.004126902,0.8333833,0.061026424,0.025147123,,0.025147123,control,1,,44,control_f1_s44_in22k_v5conf,best,19
ISIC_0024923,HAM_0001004,HAM_0001004,60+,ham,0,True,0,0.8576247,0.032890305,0.015616823,0.03382242,0.017411243,0.0029039516,0.039730657,0.90792626,,0.90792626,control,1,,44,control_f1_s44_in22k_v5conf,best,19
ISIC_0024924,HAM_0004724,HAM_0004724,40-59,ham,5,False,4,0.0069286996,0.0049208296,0.0063416455,0.053020023,0.8820606,0.0057553486,0.040972818,0.8939101,,0.8939101,control,1,,44,control_f1_s44_in22k_v5conf,best,19
ISIC_0024931,HAM_0005488,HAM_0005488,60+,ham,1,True,1,0.0083713075,0.86187184,0.0061157984,0.06221889,0.0047416855,0.010841132,0.045839388,0.8749848,,0.8749848,control,1,,44,control_f1_s44_in22k_v5conf,best,19
ISIC_0024935,HAM_0005160,HAM_0005160,60+,ham,5,False,5,0.011405234,0.02135732,0.0048744557,0.0742129,0.0023009628,0.82946324,0.056385938,0.035063516,,0.035063516,control,1,,44,control_f1_s44_in22k_v5conf,best,19
ISIC_0024953,HAM_0000252,HAM_0000252,40-59,ham,5,False,5,0.011494455,0.007640949,0.007224863,0.06256839,0.0056997044,0.85840505,0.046966568,0.02483511,,0.02483511,control,1,,44,control_f1_s44_in22k_v5conf,best,19
ISIC_0024964,HAM_0007251,HAM_0007251,40-59,ham,5,False,5,0.009924623,0.005484981,0.009038283,0.06932848,0.0055734906,0.8501344,0.050515834,0.020983094,,0.020983094,control,1,,44,control_f1_s44_in22k_v5conf,best,19
ISIC_0024972,HAM_0001284,HAM_0001284,60+,ham,4,True,4,0.0046293056,0.012108464,0.0074275476,0.085353404,0.82463837,0.018695682,0.04714728,0.8413761,,0.8413761,control,1,,44,control_f1_s44_in22k_v5conf,best,19
ISIC_0024974,HAM_0006093,HAM_0006093,40-59,ham,5,False,5,0.012288492,0.008090702,0.00789696,0.06780395,0.0061364397,0.84911937,0.04866404,0.026515633,,0.026515633,control,1,,44,control_f1_s44_in22k_v5conf,best,19
ISIC_0024980,HAM_0005806,HAM_0005806,40-59,ham,5,False,5,0.011612076,0.00694587,0.007953173,0.06455155,0.0066347267,0.852897,0.049405593,0.025192674,,0.025192674,control,1,,44,control_f1_s44_in22k_v5conf,best,19
ISIC_0024984,HAM_0005856,HAM_0005856,40-59,ham,1,True,1,0.012587164,0.8170087,0.003238126,0.07566931,0.005198708,0.025817059,0.060480963,0.8347946,,0.8347946,control,1,,44,control_f1_s44_in22k_v5conf,best,19
ISIC_0024987,HAM_0007560,HAM_0007560,60+,ham,4,True,1,0.010373717,0.84662646,0.018480655,0.06254216,0.00902682,0.017116275,0.035833847,0.866027,,0.866027,control,1,,44,control_f1_s44_in22k_v5conf,best,19
ISIC_0025010,HAM_0002590,HAM_0002590,60+,ham,5,False,5,0.012091389,0.0068443897,0.006791777,0.067211494,0.004746739,0.85505617,0.047257934,0.023682518,,0.023682518,control,1,,44,control_f1_s44_in22k_v5conf,best,19
ISIC_0025012,HAM_0000873,HAM_0000873,40-59,ham,5,False,5,0.011660216,0.007206212,0.00798678,0.06550318,0.006982193,0.8504803,0.05018097,0.02584862,,0.02584862,control,1,,44,control_f1_s44_in22k_v5conf,best,19
ISIC_0025018,HAM_0004265,HAM_0004265,40-59,ham,4,True,5,0.032878213,0.0079740295,0.0033855075,0.08475908,0.03179491,0.7797253,0.059482954,0.072647154,,0.072647154,control,1,,44,control_f1_s44_in22k_v5conf,best,19
ISIC_0025020,HAM_0001669,HAM_0001669,<40,ham,5,False,5,0.010299907,0.00767256,0.008396287,0.06898662,0.0070631453,0.8479186,0.04966286,0.025035612,,0.025035612,control,1,,44,control_f1_s44_in22k_v5conf,best,19
ISIC_0025029,HAM_0003105,HAM_0003105,60+,ham,0,True,2,0.005466365,0.0030838312,0.93805474,0.02689809,0.0030147235,0.0010019542,0.02248024,0.01156492,,0.01156492,control,1,,44,control_f1_s44_in22k_v5conf,best,19
ISIC_0025031,HAM_0002934,HAM_0002934,60+,ham,1,True,1,0.011408913,0.8634511,0.0062242807,0.0640688,0.0054897326,0.005313237,0.04404388,0.88034976,,0.88034976,control,1,,44,control_f1_s44_in22k_v5conf,best,19
ISIC_0025052,HAM_0005424,HAM_0005424,40-59,ham,5,False,5,0.011406966,0.007984432,0.007755807,0.068119295,0.007365227,0.8470084,0.05035987,0.026756626,,0.026756626,control,1,,44,control_f1_s44_in22k_v5conf,best,19
ISIC_0025066,HAM_0002749,HAM_0002749,60+,ham,2,False,2,0.0724628,0.0067237094,0.8029737,0.059626512,0.0052150474,0.003451701,0.049546506,0.084401555,,0.084401555,control,1,,44,control_f1_s44_in22k_v5conf,best,19
ISIC_0025073,HAM_0002217,HAM_0002217,<40,ham,5,False,5,0.009541766,0.012553902,0.009651622,0.05770794,0.0052855993,0.8625921,0.04266708,0.027381267,,0.027381267,control,1,,44,control_f1_s44_in22k_v5conf,best,19
ISIC_0025077,HAM_0003456,HAM_0003456,40-59,ham,5,False,5,0.009647398,0.0073183677,0.0049313386,0.06402115,0.006166299,0.86034673,0.04756868,0.023132063,,0.023132063,control,1,,44,control_f1_s44_in22k_v5conf,best,19
ISIC_0025082,HAM_0000158,HAM_0000158,40-59,ham,5,False,5,0.010643718,0.0060839583,0.0066523743,0.060577363,0.005573777,0.85958874,0.050879996,0.022301454,,0.022301454,control,1,,44,control_f1_s44_in22k_v5conf,best,19
ISIC_0025086,HAM_0004050,HAM_0004050,60+,ham,2,False,2,0.0015967638,0.0033104287,0.57249945,0.06417608,0.21033128,0.09036757,0.057718337,0.21523847,,0.21523847,control,1,,44,control_f1_s44_in22k_v5conf,best,19
ISIC_0025095,HAM_0006847,HAM_0006847,60+,ham,5,False,5,0.010212138,0.005656953,0.0101020895,0.065795295,0.007039359,0.8561456,0.045048695,0.022908451,,0.022908451,control,1,,44,control_f1_s44_in22k_v5conf,best,19
ISIC_0025100,HAM_0000448,HAM_0000448,<40,ham,5,False,5,0.013360594,0.009349423,0.007436954,0.0663076,0.008512406,0.84243214,0.052600883,0.031222424,,0.031222424,control,1,,44,control_f1_s44_in22k_v5conf,best,19
ISIC_0025119,HAM_0002859,HAM_0002859,40-59,ham,5,False,5,0.011124051,0.011382634,0.00617369,0.071538836,0.0060457317,0.8439959,0.049739055,0.028552417,,0.028552417,control,1,,44,control_f1_s44_in22k_v5conf,best,19
ISIC_0025127,HAM_0002436,HAM_0002436,60+,ham,4,True,4,0.032597635,0.0064239837,0.0062047504,0.09832723,0.46030068,0.34253615,0.053609602,0.4993223,,0.4993223,control,1,,44,control_f1_s44_in22k_v5conf,best,19
ISIC_0025133,HAM_0005319,HAM_0005319,60+,ham,5,False,5,0.0029759046,0.010083219,0.010655387,0.04218817,0.012631755,0.887177,0.03428852,0.02569088,,0.02569088,control,1,,44,control_f1_s44_in22k_v5conf,best,19
ISIC_0025135,HAM_0000530,HAM_0000530,60+,ham,5,False,5,0.012873649,0.006251043,0.00840797,0.068238154,0.0052785045,0.8517714,0.047179323,0.024403196,,0.024403196,control,1,,44,control_f1_s44_in22k_v5conf,best,19
ISIC_0025138,HAM_0002174,HAM_0002174,40-59,ham,5,False,5,0.01134702,0.0070186257,0.006550204,0.06897236,0.0069294022,0.8522022,0.046980236,0.025295049,,0.025295049,control,1,,44,control_f1_s44_in22k_v5conf,best,19
ISIC_0025140,HAM_0000907,HAM_0000907,60+,ham,2,False,5,0.029119838,0.008142912,0.16155635,0.08228752,0.010310359,0.6425703,0.06601263,0.04757311,,0.04757311,control,1,,44,control_f1_s44_in22k_v5conf,best,19
ISIC_0025148,HAM_0002511,HAM_0002511,<40,ham,5,False,4,0.1841648,0.003836493,0.019503482,0.11510028,0.44464308,0.1339722,0.09877961,0.6326444,,0.6326444,control,1,,44,control_f1_s44_in22k_v5conf,best,19
ISIC_0025153,HAM_0005381,HAM_0005381,40-59,ham,4,True,4,0.0081786215,0.0077735363,0.0053162132,0.09718646,0.6525629,0.16930534,0.0596769,0.6685151,,0.6685151,control,1,,44,control_f1_s44_in22k_v5conf,best,19
ISIC_0025165,HAM_0003033,HAM_0003033,60+,ham,5,False,4,0.010743926,0.008230986,0.012470505,0.082776636,0.5163902,0.31545416,0.053933524,0.5353651,,0.5353651,control,1,,44,control_f1_s44_in22k_v5conf,best,19
ISIC_0025173,HAM_0000376,HAM_0000376,40-59,ham,5,False,4,0.015139225,0.010142647,0.0054868213,0.089868344,0.6663615,0.14472537,0.06827609,0.69164336,,0.69164336,control,1,,44,control_f1_s44_in22k_v5conf,best,19
ISIC_0025181,HAM_0001347,HAM_0001347,60+,ham,5,False,5,0.009840562,0.006787777,0.008061627,0.060830932,0.08156706,0.7907627,0.04214933,0.0981954,,0.0981954,control,1,,44,control_f1_s44_in22k_v5conf,best,19
ISIC_0025185,HAM_0006971,HAM_0006971,40-59,ham,5,False,5,0.014791491,0.0063855136,0.01382601,0.06900865,0.012409734,0.8370418,0.046536747,0.03358674,,0.03358674,control,1,,44,control_f1_s44_in22k_v5conf,best,19
ISIC_0025208,HAM_0000397,HAM_0000397,<40,ham,5,False,5,0.010605409,0.0074969376,0.006187413,0.062312562,0.0052559013,0.8616119,0.046529792,0.023358248,,0.023358248,control,1,,44,control_f1_s44_in22k_v5conf,best,19
ISIC_0025218,HAM_0003093,HAM_0003093,40-59,ham,5,False,5,0.013460439,0.00684434,0.0074584885,0.064596355,0.0039954106,0.8578056,0.045839347,0.02430019,,0.02430019,control,1,,44,control_f1_s44_in22k_v5conf,best,19
ISIC_0025235,HAM_0000534,HAM_0000534,40-59,ham,4,True,5,0.012008212,0.006808583,0.010775317,0.08075651,0.017180216,0.8174891,0.054982048,0.03599701,,0.03599701,control,1,,44,control_f1_s44_in22k_v5conf,best,19
ISIC_0025236,HAM_0004262,HAM_0004262,40-59,ham,5,False,5,0.01104432,0.0075258664,0.007951583,0.06728974,0.0053936495,0.85286605,0.047928866,0.023963835,,0.023963835,control,1,,44,control_f1_s44_in22k_v5conf,best,19
ISIC_0025243,HAM_0001933,HAM_0001933,60+,ham,5,False,5,0.01173861,0.006324354,0.036299363,0.07759844,0.009092045,0.81196296,0.046984196,0.027155008,,0.027155008,control,1,,44,control_f1_s44_in22k_v5conf,best,19
ISIC_0025246,HAM_0001042,HAM_0001042,<40,ham,5,False,5,0.010377213,0.0077956608,0.010199196,0.07248069,0.0059385328,0.84400916,0.049199525,0.024111409,,0.024111409,control,1,,44,control_f1_s44_in22k_v5conf,best,19
ISIC_0025247,HAM_0005231,HAM_0005231,60+,ham,0,True,2,0.06810437,0.014845986,0.7927325,0.0732903,0.005170741,0.0019346853,0.043921445,0.088121094,,0.088121094,control,1,,44,control_f1_s44_in22k_v5conf,best,19
ISIC_0025253,HAM_0005365,HAM_0005365,<40,ham,5,False,5,0.011024203,0.00699077,0.0043221554,0.059581388,0.007112854,0.8686681,0.042300593,0.025127828,,0.025127828,control,1,,44,control_f1_s44_in22k_v5conf,best,19
ISIC_0025256,HAM_0006774,HAM_0006774,40-59,ham,5,False,5,0.011547961,0.0038178498,0.01937275,0.06188365,0.0065277875,0.85283303,0.044017013,0.021893598,,0.021893598,control,1,,44,control_f1_s44_in22k_v5conf,best,19
ISIC_0025258,HAM_0006519,HAM_0006519,40-59,ham,5,False,5,0.011990365,0.007941584,0.008502903,0.070584714,0.0062408764,0.8471193,0.04762018,0.026172826,,0.026172826,control,1,,44,control_f1_s44_in22k_v5conf,best,19
ISIC_0025269,HAM_0004155,HAM_0004155,60+,ham,5,False,5,0.011864849,0.0073404796,0.008391448,0.067281246,0.005427975,0.8518565,0.047837485,0.024633303,,0.024633303,control,1,,44,control_f1_s44_in22k_v5conf,best,19
ISIC_0025270,HAM_0004764,HAM_0004764,60+,ham,5,False,5,0.0092886835,0.006060868,0.008583872,0.058756307,0.00661395,0.86502886,0.045667447,0.021963501,,0.021963501,control,1,,44,control_f1_s44_in22k_v5conf,best,19
ISIC_0025271,HAM_0003430,HAM_0003430,60+,ham,5,False,5,0.011152683,0.0063539012,0.0088968435,0.07141436,0.009060857,0.8479572,0.045164146,0.02656744,,0.02656744,control,1,,44,control_f1_s44_in22k_v5conf,best,19
ISIC_0025283,HAM_0004693,HAM_0004693,40-59,ham,5,False,5,0.013494486,0.008922594,0.009072487,0.07227088,0.0066261957,0.8372974,0.05231592,0.029043276,,0.029043276,control,1,,44,control_f1_s44_in22k_v5conf,best,19
ISIC_0025291,HAM_0003616,HAM_0003616,40-59,ham,5,False,5,0.012615503,0.007509308,0.00868823,0.06715324,0.005983934,0.8497184,0.048331317,0.026108745,,0.026108745,control,1,,44,control_f1_s44_in22k_v5conf,best,19
ISIC_0025297,HAM_0007513,HAM_0007513,60+,ham,2,False,2,0.2608662,0.006397527,0.5585893,0.09591397,0.009004377,0.0058947266,0.06333393,0.2762681,,0.2762681,control,1,,44,control_f1_s44_in22k_v5conf,best,19
ISIC_0025298,HAM_0002815,HAM_0002815,<40,ham,5,False,5,0.010012204,0.0058537456,0.006837459,0.06293318,0.007266089,0.8608372,0.04626019,0.02313204,,0.02313204,control,1,,44,control_f1_s44_in22k_v5conf,best,19
ISIC_0025302,HAM_0007421,HAM_0007421,60+,ham,3,False,3,0.0019869464,0.0008733652,0.00020406005,0.77330023,0.21271318,0.00070944935,0.010212758,0.21557349,,0.21557349,control,1,,44,control_f1_s44_in22k_v5conf,best,19
ISIC_0025312,HAM_0005610,HAM_0005610,60+,ham,2,False,2,0.008816436,0.0063633444,0.899036,0.04283089,0.0076242145,0.0024170217,0.032912083,0.022803996,,0.022803996,control,1,,44,control_f1_s44_in22k_v5conf,best,19
ISIC_0025332,HAM_0001261,HAM_0001261,40-59,ham,5,False,5,0.011007582,0.007583734,0.007089764,0.06710274,0.0060429885,0.8524809,0.04869237,0.024634305,,0.024634305,control,1,,44,control_f1_s44_in22k_v5conf,best,19
ISIC_0025340,HAM_0006968,HAM_0006968,60+,ham,5,False,5,0.025614396,0.006372083,0.012021993,0.0746557,0.026447937,0.8102597,0.044628225,0.058434416,,0.058434416,control,1,,44,control_f1_s44_in22k_v5conf,best,19
ISIC_0025344,HAM_0000937,HAM_0000937,40-59,ham,5,False,5,0.011519783,0.0074098185,0.0077159116,0.067302056,0.006057831,0.8523381,0.04765651,0.024987431,,0.024987431,control,1,,44,control_f1_s44_in22k_v5conf,best,19
ISIC_0025362,HAM_0002959,HAM_0002959,60+,ham,1,True,1,0.013953687,0.864006,0.006468782,0.058960862,0.006647511,0.006085314,0.043877948,0.8846072,,0.8846072,control,1,,44,control_f1_s44_in22k_v5conf,best,19
ISIC_0025365,HAM_0000532,HAM_0000532,40-59,ham,5,False,5,0.007898371,0.0066144424,0.0067208833,0.063776575,0.011885616,0.85304004,0.05006411,0.026398428,,0.026398428,control,1,,44,control_f1_s44_in22k_v5conf,best,19
ISIC_0025367,HAM_0005859,HAM_0005859,<40,ham,5,False,5,0.010108749,0.008747333,0.0073506073,0.060940772,0.011267993,0.8509052,0.05067934,0.030124076,,0.030124076,control,1,,44,control_f1_s44_in22k_v5conf,best,19
ISIC_0025368,HAM_0004472,HAM_0004472,40-59,ham,0,True,0,0.911955,0.008171165,0.0024865284,0.045367315,0.0019983915,0.0029022289,0.027119374,0.9221245,,0.9221245,control,1,,44,control_f1_s44_in22k_v5conf,best,19
ISIC_0025369,HAM_0004896,HAM_0004896,40-59,ham,5,False,5,0.01292987,0.007547128,0.007908892,0.06726599,0.0065175914,0.8497709,0.04805962,0.026994588,,0.026994588,control,1,,44,control_f1_s44_in22k_v5conf,best,19
ISIC_0025371,HAM_0002272,HAM_0002272,60+,ham,5,False,5,0.00869914,0.005312087,0.012932584,0.067748904,0.008018641,0.8516195,0.04566918,0.022029867,,0.022029867,control,1,,44,control_f1_s44_in22k_v5conf,best,19
ISIC_0025381,HAM_0002324,HAM_0002324,40-59,ham,5,False,5,0.016040785,0.007542843,0.0054323697,0.061535258,0.0035332977,0.85816205,0.04775339,0.027116926,,0.027116926,control,1,,44,control_f1_s44_in22k_v5conf,best,19
ISIC_0025382,HAM_0003793,HAM_0003793,40-59,ham,5,False,5,0.01260768,0.0071494463,0.008920489,0.0688191,0.0049915104,0.8479331,0.04957859,0.024748636,,0.024748636,control,1,,44,control_f1_s44_in22k_v5conf,best,19
ISIC_0025396,HAM_0000019,HAM_0000019,40-59,ham,5,False,5,0.009863834,0.008044675,0.0073656864,0.066244,0.008708257,0.85061747,0.049156077,0.026616767,,0.026616767,control,1,,44,control_f1_s44_in22k_v5conf,best,19
ISIC_0025404,HAM_0000251,HAM_0000251,60+,ham,5,False,5,0.0108378865,0.0066455654,0.0074174055,0.06479771,0.0071207196,0.8556227,0.047558013,0.024604172,,0.024604172,control,1,,44,control_f1_s44_in22k_v5conf,best,19
ISIC_0025411,HAM_0002158,HAM_0002158,40-59,ham,0,True,4,0.020858744,0.0025331962,0.003310943,0.052621763,0.87886184,0.0026377095,0.039175723,0.9022538,,0.9022538,control,1,,44,control_f1_s44_in22k_v5conf,best,19
ISIC_0025415,HAM_0005619,HAM_0005619,40-59,ham,5,False,5,0.009997851,0.006660719,0.006906558,0.06286392,0.0071181506,0.85905933,0.04739354,0.023776721,,0.023776721,control,1,,44,control_f1_s44_in22k_v5conf,best,19
ISIC_0025416,HAM_0005683,HAM_0005683,40-59,ham,5,False,5,0.011183047,0.007677955,0.0076530674,0.067312256,0.0073781684,0.8491888,0.049606703,0.02623917,,0.02623917,control,1,,44,control_f1_s44_in22k_v5conf,best,19
ISIC_0025422,HAM_0002572,HAM_0002572,<40,ham,5,False,5,0.011687457,0.0063673505,0.0066028307,0.063615285,0.020031985,0.84630036,0.045394626,0.038086794,,0.038086794,control,1,,44,control_f1_s44_in22k_v5conf,best,19
ISIC_0025425,HAM_0002787,HAM_0002787,40-59,ham,6,False,6,0.0025228611,0.0008334896,0.0008572894,0.012369638,0.00048826006,0.0018473081,0.9810812,0.0038446106,,0.0038446106,control,1,,44,control_f1_s44_in22k_v5conf,best,19
ISIC_0025427,HAM_0001416,HAM_0001416,60+,ham,0,True,0,0.49210352,0.004067475,0.35313857,0.06909088,0.0034516228,0.002138905,0.076009035,0.4996226,,0.4996226,control,1,,44,control_f1_s44_in22k_v5conf,best,19
ISIC_0025430,HAM_0002972,HAM_0002972,40-59,ham,5,False,5,0.014691712,0.006480013,0.006443461,0.06407149,0.0037107468,0.85770535,0.046897233,0.024882473,,0.024882473,control,1,,44,control_f1_s44_in22k_v5conf,best,19
ISIC_0025441,HAM_0001198,HAM_0001198,40-59,ham,5,False,5,0.010621798,0.007009568,0.007864225,0.06291075,0.0057005566,0.8583144,0.047578633,0.023331923,,0.023331923,control,1,,44,control_f1_s44_in22k_v5conf,best,19
ISIC_0025457,HAM_0002108,HAM_0002108,40-59,ham,5,False,5,0.011165691,0.0062012654,0.01229979,0.06835018,0.004944747,0.8486669,0.04837145,0.022311704,,0.022311704,control,1,,44,control_f1_s44_in22k_v5conf,best,19
ISIC_0025458,HAM_0001604,HAM_0001604,40-59,ham,5,False,5,0.009556963,0.0076307557,0.37055916,0.102044895,0.013088633,0.41530105,0.0818185,0.03027635,,0.03027635,control,1,,44,control_f1_s44_in22k_v5conf,best,19
ISIC_0025459,HAM_0002727,HAM_0002727,40-59,ham,5,False,5,0.010943386,0.007795659,0.007693159,0.066220775,0.0060805865,0.85312235,0.04814408,0.024819631,,0.024819631,control,1,,44,control_f1_s44_in22k_v5conf,best,19
ISIC_0025469,HAM_0005319,HAM_0005319,60+,ham,5,False,5,0.005279872,0.0074941204,0.010414194,0.044087995,0.01452913,0.88292384,0.035270967,0.027303122,,0.027303122,control,1,,44,control_f1_s44_in22k_v5conf,best,19
ISIC_0025475,HAM_0003196,HAM_0003196,40-59,ham,5,False,5,0.010848846,0.0073801316,0.008387509,0.06271052,0.006960555,0.85696346,0.046749,0.025189534,,0.025189534,control,1,,44,control_f1_s44_in22k_v5conf,best,19
ISIC_0025479,HAM_0005220,HAM_0005220,<40,ham,5,False,5,0.011356114,0.007426061,0.0066073355,0.06477657,0.0052237352,0.8543221,0.05028809,0.024005912,,0.024005912,control,1,,44,control_f1_s44_in22k_v5conf,best,19
ISIC_0025481,HAM_0001909,HAM_0001909,40-59,ham,5,False,5,0.011349625,0.0062847426,0.0074124048,0.0682241,0.0060830745,0.8487698,0.051876277,0.023717443,,0.023717443,control,1,,44,control_f1_s44_in22k_v5conf,best,19
ISIC_0025497,HAM_0007006,HAM_0007006,40-59,ham,5,False,5,0.011463577,0.007797879,0.007267296,0.06566663,0.0066303555,0.8525623,0.04861191,0.025891813,,0.025891813,control,1,,44,control_f1_s44_in22k_v5conf,best,19
ISIC_0025498,HAM_0003518,HAM_0003518,<40,ham,5,False,5,0.011981686,0.0073768636,0.009508084,0.06780177,0.006169531,0.84863675,0.04852528,0.02552808,,0.02552808,control,1,,44,control_f1_s44_in22k_v5conf,best,19
ISIC_0025502,HAM_0002125,HAM_0002125,40-59,ham,5,False,5,0.011445981,0.00821386,0.007511158,0.06802526,0.006665926,0.8484462,0.04969159,0.026325768,,0.026325768,control,1,,44,control_f1_s44_in22k_v5conf,best,19
ISIC_0025506,HAM_0005393,HAM_0005393,<40,ham,5,False,5,0.012509104,0.0062605287,0.0153715005,0.06459006,0.0068714074,0.84893054,0.0454668,0.02564104,,0.02564104,control,1,,44,control_f1_s44_in22k_v5conf,best,19
ISIC_0025517,HAM_0005848,HAM_0005848,40-59,ham,5,False,5,0.014223808,0.0082201455,0.009624353,0.07161377,0.013026765,0.8329687,0.050322473,0.035470717,,0.035470717,control,1,,44,control_f1_s44_in22k_v5conf,best,19
ISIC_0025518,HAM_0003698,HAM_0003698,40-59,ham,5,False,5,0.010096516,0.008482766,0.00684267,0.06721834,0.0051664095,0.84668005,0.055513225,0.023745691,,0.023745691,control,1,,44,control_f1_s44_in22k_v5conf,best,19
ISIC_0025520,HAM_0005600,HAM_0005600,60+,ham,4,True,4,0.0075296587,0.0055073425,0.009774681,0.061321743,0.8712727,0.0035436866,0.04105011,0.8843097,,0.8843097,control,1,,44,control_f1_s44_in22k_v5conf,best,19
ISIC_0025529,HAM_0000898,HAM_0000898,60+,ham,2,False,2,0.0050138887,0.0013846841,0.93428844,0.026603471,0.003959074,0.009513392,0.019236907,0.010357646,,0.010357646,control,1,,44,control_f1_s44_in22k_v5conf,best,19
ISIC_0025538,HAM_0000661,HAM_0000661,40-59,ham,5,False,5,0.009572459,0.007746826,0.007055941,0.06446029,0.014672305,0.8500017,0.046490476,0.03199159,,0.03199159,control,1,,44,control_f1_s44_in22k_v5conf,best,19
ISIC_0025540,HAM_0001083,HAM_0001083,<40,ham,5,False,5,0.008364713,0.0070317574,0.0038029307,0.058387313,0.02082742,0.8594764,0.04210951,0.03622389,,0.03622389,control,1,,44,control_f1_s44_in22k_v5conf,best,19
ISIC_0025554,HAM_0000907,HAM_0000907,60+,ham,2,False,2,0.0058226036,0.0045773587,0.90292585,0.04726483,0.010053719,0.0066698347,0.02268583,0.02045368,,0.02045368,control,1,,44,control_f1_s44_in22k_v5conf,best,19
ISIC_0025557,HAM_0001900,HAM_0001900,60+,ham,1,True,1,0.036106963,0.8307362,0.01045244,0.066475786,0.0056364136,0.0023801601,0.048212063,0.87247956,,0.87247956,control,1,,44,control_f1_s44_in22k_v5conf,best,19
ISIC_0025565,HAM_0003153,HAM_0003153,40-59,ham,5,False,5,0.0118198,0.008094725,0.009611569,0.06984127,0.0077020694,0.84209764,0.050832897,0.027616596,,0.027616596,control,1,,44,control_f1_s44_in22k_v5conf,best,19
ISIC_0025570,HAM_0003985,HAM_0003985,40-59,ham,5,False,5,0.0121923955,0.008331828,0.007631593,0.065927945,0.006055115,0.8514766,0.048384544,0.026579337,,0.026579337,control,1,,44,control_f1_s44_in22k_v5conf,best,19
ISIC_0025583,HAM_0004131,HAM_0004131,60+,ham,2,False,2,0.02674938,0.0065810937,0.87505865,0.050348077,0.004436654,0.0018554677,0.03497073,0.037767127,,0.037767127,control,1,,44,control_f1_s44_in22k_v5conf,best,19
ISIC_0025584,HAM_0000791,HAM_0000791,60+,ham,1,True,4,0.0061859265,0.00699662,0.0049860184,0.06447236,0.8675725,0.0074538705,0.042332627,0.880755,,0.880755,control,1,,44,control_f1_s44_in22k_v5conf,best,19
ISIC_0025592,HAM_0001105,HAM_0001105,40-59,ham,4,True,5,0.031381335,0.0070012915,0.077171944,0.08955435,0.048085213,0.6938405,0.052965354,0.08646784,,0.08646784,control,1,,44,control_f1_s44_in22k_v5conf,best,19
ISIC_0025614,HAM_0002089,HAM_0002089,60+,ham,5,False,5,0.010416202,0.0067824586,0.008444295,0.06365709,0.0067331884,0.8589746,0.044992294,0.02393185,,0.02393185,control,1,,44,control_f1_s44_in22k_v5conf,best,19
ISIC_0025619,HAM_0000801,HAM_0000801,<40,ham,5,False,5,0.005478345,0.019869834,0.024237776,0.06458735,0.01759314,0.8119024,0.05633113,0.042941317,,0.042941317,control,1,,44,control_f1_s44_in22k_v5conf,best,19
ISIC_0025624,HAM_0006783,HAM_0006783,40-59,ham,5,False,5,0.010788238,0.007128685,0.0070857806,0.061480578,0.004499836,0.861785,0.047231916,0.022416757,,0.022416757,control,1,,44,control_f1_s44_in22k_v5conf,best,19
ISIC_0025626,HAM_0007177,HAM_0007177,<40,ham,5,False,5,0.013005791,0.0074874465,0.008320864,0.06614467,0.005945832,0.85019857,0.048896868,0.026439069,,0.026439069,control,1,,44,control_f1_s44_in22k_v5conf,best,19
ISIC_0025628,HAM_0005475,HAM_0005475,60+,ham,6,False,6,0.0014426652,0.00052565266,0.0007982532,0.006643248,0.00036425848,0.0003141112,0.98991185,0.0023325763,,0.0023325763,control,1,,44,control_f1_s44_in22k_v5conf,best,19
ISIC_0025643,HAM_0000156,HAM_0000156,40-59,ham,5,False,5,0.011308367,0.007971468,0.007753412,0.068278275,0.006852676,0.8498712,0.047964614,0.026132513,,0.026132513,control,1,,44,control_f1_s44_in22k_v5conf,best,19
ISIC_0025669,HAM_0003860,HAM_0003860,<40,ham,5,False,5,0.01134734,0.007450416,0.00617878,0.065819524,0.004780011,0.8577267,0.04669733,0.023577768,,0.023577768,control,1,,44,control_f1_s44_in22k_v5conf,best,19
ISIC_0025676,HAM_0004082,HAM_0004082,40-59,ham,5,False,5,0.0115643265,0.0077179144,0.006912302,0.063813254,0.005226711,0.854433,0.050332427,0.024508951,,0.024508951,control,1,,44,control_f1_s44_in22k_v5conf,best,19
ISIC_0025684,HAM_0006941,HAM_0006941,40-59,ham,5,False,5,0.010823804,0.0036244397,0.011128711,0.05367101,0.017279353,0.869276,0.034196705,0.031727597,,0.031727597,control,1,,44,control_f1_s44_in22k_v5conf,best,19
ISIC_0025686,HAM_0002146,HAM_0002146,60+,ham,5,False,5,0.013066471,0.0062057893,0.009402419,0.062344298,0.0056268713,0.8576413,0.045712844,0.024899133,,0.024899133,control,1,,44,control_f1_s44_in22k_v5conf,best,19
ISIC_0025687,HAM_0002097,HAM_0002097,<40,ham,5,False,5,0.011246189,0.007757054,0.003764053,0.06481618,0.011795052,0.8464647,0.054156832,0.030798294,,0.030798294,control,1,,44,control_f1_s44_in22k_v5conf,best,19
ISIC_0025688,HAM_0007612,HAM_0007612,40-59,ham,5,False,5,0.011635186,0.007417933,0.008861975,0.066757746,0.0056254044,0.85195416,0.047747567,0.024678525,,0.024678525,control,1,,44,control_f1_s44_in22k_v5conf,best,19
ISIC_0025690,HAM_0007282,HAM_0007282,40-59,ham,5,False,5,0.011138338,0.0064303214,0.0076765707,0.061329953,0.006353639,0.8589779,0.04809336,0.023922298,,0.023922298,control,1,,44,control_f1_s44_in22k_v5conf,best,19
ISIC_0025695,HAM_0003667,HAM_0003667,<40,ham,5,False,5,0.008931666,0.00990972,0.0045341696,0.06624205,0.012799108,0.84841144,0.049171746,0.031640492,,0.031640492,control,1,,44,control_f1_s44_in22k_v5conf,best,19
ISIC_0025698,HAM_0002654,HAM_0002654,40-59,ham,5,False,5,0.011665672,0.0075169327,0.007037162,0.06547136,0.008040509,0.84885436,0.05141403,0.027223114,,0.027223114,control,1,,44,control_f1_s44_in22k_v5conf,best,19
ISIC_0025699,HAM_0005082,HAM_0005082,60+,ham,2,False,5,0.009830814,0.0046739713,0.018907934,0.06411569,0.012592703,0.84176517,0.04811372,0.027097488,,0.027097488,control,1,,44,control_f1_s44_in22k_v5conf,best,19
ISIC_0025705,HAM_0004961,HAM_0004961,40-59,ham,5,False,5,0.011716062,0.008235387,0.007011854,0.067444675,0.0089797955,0.8459032,0.050709,0.028931243,,0.028931243,control,1,,44,control_f1_s44_in22k_v5conf,best,19
ISIC_0025712,HAM_0005117,HAM_0005117,60+,ham,0,True,2,0.06776172,0.13221726,0.595492,0.109024696,0.017763423,0.0015459061,0.07619499,0.2177424,,0.2177424,control,1,,44,control_f1_s44_in22k_v5conf,best,19
ISIC_0025715,HAM_0007111,HAM_0007111,40-59,ham,5,False,5,0.011204238,0.007897308,0.007005601,0.06512379,0.0065183192,0.8554967,0.04675412,0.025619864,,0.025619864,control,1,,44,control_f1_s44_in22k_v5conf,best,19
ISIC_0025716,HAM_0001200,HAM_0001200,60+,ham,2,False,4,0.019402906,0.011118253,0.006432894,0.054836657,0.8664368,0.0017748134,0.039997622,0.89695793,,0.89695793,control,1,,44,control_f1_s44_in22k_v5conf,best,19
ISIC_0025719,HAM_0000833,HAM_0000833,40-59,ham,2,False,2,0.008706909,0.004791109,0.9025381,0.038730096,0.0049390527,0.004272405,0.036022343,0.01843707,,0.01843707,control,1,,44,control_f1_s44_in22k_v5conf,best,19
ISIC_0025729,HAM_0003609,HAM_0003609,<40,ham,5,False,5,0.013335086,0.007668735,0.009160545,0.06593777,0.0049388967,0.8493751,0.049583882,0.025942719,,0.025942719,control,1,,44,control_f1_s44_in22k_v5conf,best,19
ISIC_0025730,HAM_0007374,HAM_0007374,<40,ham,5,False,5,0.011664316,0.007530129,0.0072998116,0.06644832,0.022409515,0.8350409,0.049606938,0.04160396,,0.04160396,control,1,,44,control_f1_s44_in22k_v5conf,best,19
ISIC_0025731,HAM_0003981,HAM_0003981,60+,ham,1,True,1,0.010761239,0.85837525,0.01687314,0.059653364,0.004680263,0.007696958,0.041959748,0.8738168,,0.8738168,control,1,,44,control_f1_s44_in22k_v5conf,best,19
ISIC_0025736,HAM_0004948,HAM_0004948,40-59,ham,5,False,5,0.012041014,0.008089075,0.0075227637,0.06982395,0.0054746624,0.84717256,0.049875997,0.025604751,,0.025604751,control,1,,44,control_f1_s44_in22k_v5conf,best,19
ISIC_0025737,HAM_0000091,HAM_0000091,40-59,ham,5,False,5,0.010868441,0.0072431886,0.0066032773,0.064213306,0.0054838713,0.85761285,0.047975015,0.0235955,,0.0235955,control,1,,44,control_f1_s44_in22k_v5conf,best,19
ISIC_0025748,HAM_0002752,HAM_0002752,60+,ham,4,True,4,0.00478511,0.006337327,0.002543319,0.042963568,0.90654135,0.0034000794,0.033429176,0.9176638,,0.9176638,control,1,,44,control_f1_s44_in22k_v5conf,best,19
ISIC_0025750,HAM_0007056,HAM_0007056,40-59,ham,5,False,5,0.010094941,0.005771956,0.009092697,0.06793,0.0065140147,0.85393965,0.046656772,0.02238091,,0.02238091,control,1,,44,control_f1_s44_in22k_v5conf,best,19
ISIC_0025762,HAM_0005189,HAM_0005189,<40,ham,5,False,5,0.014131817,0.008030761,0.007738923,0.066434324,0.005438476,0.8487047,0.04952098,0.027601056,,0.027601056,control,1,,44,control_f1_s44_in22k_v5conf,best,19
ISIC_0025763,HAM_0007508,HAM_0007508,40-59,ham,5,False,5,0.011812827,0.0064146984,0.008246163,0.07140552,0.0060614385,0.84338856,0.052670795,0.024288964,,0.024288964,control,1,,44,control_f1_s44_in22k_v5conf,best,19
ISIC_0025769,HAM_0001943,HAM_0001943,<40,ham,5,False,5,0.011936168,0.005774236,0.011733876,0.071383975,0.008760343,0.83877146,0.051639836,0.026470747,,0.026470747,control,1,,44,control_f1_s44_in22k_v5conf,best,19
ISIC_0025775,HAM_0004516,HAM_0004516,40-59,ham,5,False,5,0.011953111,0.0076006604,0.0075181196,0.06817647,0.0058574937,0.8511675,0.047726635,0.025411265,,0.025411265,control,1,,44,control_f1_s44_in22k_v5conf,best,19
ISIC_0025790,HAM_0001004,HAM_0001004,60+,ham,0,True,4,0.046986178,0.013704487,0.003408554,0.08377841,0.7692857,0.017926613,0.064910024,0.8299763,,0.8299763,control,1,,44,control_f1_s44_in22k_v5conf,best,19
ISIC_0025791,HAM_0006223,HAM_0006223,60+,ham,4,True,5,0.007346484,0.008209072,0.010323558,0.060636103,0.008259598,0.85912937,0.046095826,0.023815155,,0.023815155,control,1,,44,control_f1_s44_in22k_v5conf,best,19
ISIC_0025794,HAM_0001810,HAM_0001810,40-59,ham,5,False,5,0.012067174,0.008167811,0.008951062,0.066951096,0.0049458984,0.84795874,0.05095813,0.025180882,,0.025180882,control,1,,44,control_f1_s44_in22k_v5conf,best,19
ISIC_0025799,HAM_0004531,HAM_0004531,60+,ham,2,False,4,0.0040272255,0.0040135165,0.0044598053,0.042350646,0.8947338,0.009426409,0.040988732,0.9027745,,0.9027745,control,1,,44,control_f1_s44_in22k_v5conf,best,19
ISIC_0025809,HAM_0004663,HAM_0004663,40-59,ham,5,False,5,0.013201275,0.007725038,0.003872631,0.072978854,0.048129003,0.80624014,0.04785308,0.06905532,,0.06905532,control,1,,44,control_f1_s44_in22k_v5conf,best,19
ISIC_0025824,HAM_0001331,HAM_0001331,60+,ham,1,True,1,0.0106852865,0.8808106,0.006741929,0.05456764,0.0047964575,0.0043049143,0.038093064,0.8962923,,0.8962923,control,1,,44,control_f1_s44_in22k_v5conf,best,19
ISIC_0025839,HAM_0003385,HAM_0003385,40-59,ham,5,False,5,0.010605671,0.008004951,0.0067337034,0.06433702,0.007591526,0.8557201,0.047006987,0.02620215,,0.02620215,control,1,,44,control_f1_s44_in22k_v5conf,best,19
ISIC_0025844,HAM_0006840,HAM_0006840,<40,ham,5,False,5,0.01058905,0.006217378,0.008671454,0.065852605,0.004962912,0.8559562,0.047750384,0.02176934,,0.02176934,control,1,,44,control_f1_s44_in22k_v5conf,best,19
ISIC_0025849,HAM_0001153,HAM_0001153,40-59,ham,5,False,5,0.011093767,0.0071745524,0.007759139,0.06997998,0.0055998135,0.8505822,0.047810614,0.023868134,,0.023868134,control,1,,44,control_f1_s44_in22k_v5conf,best,19
ISIC_0025851,HAM_0005845,HAM_0005845,60+,ham,2,False,2,0.022263978,0.007584924,0.88532335,0.04824238,0.0041027158,0.0020162954,0.030466408,0.033951618,,0.033951618,control,1,,44,control_f1_s44_in22k_v5conf,best,19
ISIC_0025857,HAM_0002091,HAM_0002091,60+,ham,5,False,5,0.012200793,0.007324086,0.009409656,0.0680497,0.0064090234,0.84712183,0.049484883,0.025933903,,0.025933903,control,1,,44,control_f1_s44_in22k_v5conf,best,19
ISIC_0025865,HAM_0005160,HAM_0005160,60+,ham,5,False,5,0.015526489,0.012534753,0.005952329,0.07574004,0.0029803654,0.83226806,0.054998044,0.031041607,,0.031041607,control,1,,44,control_f1_s44_in22k_v5conf,best,19
ISIC_0025876,HAM_0002957,HAM_0002957,60+,ham,2,False,2,0.007082783,0.004088832,0.9248314,0.035064563,0.0021807905,0.0016891087,0.025062514,0.013352405,,0.013352405,control,1,,44,control_f1_s44_in22k_v5conf,best,19
ISIC_0025877,HAM_0005123,HAM_0005123,40-59,ham,5,False,5,0.011749055,0.008303327,0.0083361985,0.07052832,0.0067188675,0.84460706,0.049757168,0.026771247,,0.026771247,control,1,,44,control_f1_s44_in22k_v5conf,best,19
ISIC_0025891,HAM_0001600,HAM_0001600,60+,ham,4,True,5,0.02150627,0.010933749,0.010510838,0.077326335,0.2803188,0.5478853,0.05151866,0.3127588,,0.3127588,control,1,,44,control_f1_s44_in22k_v5conf,best,19
ISIC_0025892,HAM_0002754,HAM_0002754,40-59,ham,5,False,5,0.025511852,0.007679181,0.022628011,0.059254054,0.1279346,0.72010696,0.03688535,0.16112563,,0.16112563,control,1,,44,control_f1_s44_in22k_v5conf,best,19
ISIC_0025894,HAM_0000017,HAM_0000017,40-59,ham,5,False,5,0.01153223,0.0074866023,0.007252013,0.06588172,0.0070322575,0.8524985,0.048316754,0.02605109,,0.02605109,control,1,,44,control_f1_s44_in22k_v5conf,best,19
ISIC_0025896,HAM_0005922,HAM_0005922,60+,ham,5,False,5,0.011935316,0.007997307,0.008306119,0.06970286,0.0072726505,0.84475493,0.050030828,0.027205274,,0.027205274,control,1,,44,control_f1_s44_in22k_v5conf,best,19
ISIC_0025909,HAM_0006856,HAM_0006856,<40,ham,5,False,4,0.002978508,0.008651267,0.0038504158,0.04693288,0.9005177,0.0035090449,0.03356011,0.91214746,,0.91214746,control,1,,44,control_f1_s44_in22k_v5conf,best,19
ISIC_0025910,HAM_0000235,HAM_0000235,40-59,ham,5,False,5,0.011400887,0.0066998363,0.008721137,0.0677694,0.0053244475,0.85139346,0.0486909,0.023425171,,0.023425171,control,1,,44,control_f1_s44_in22k_v5conf,best,19
ISIC_0025911,HAM_0004648,HAM_0004648,60+,ham,3,False,3,0.0010936676,0.0012566866,0.0005857544,0.9904517,0.0015864365,0.00041057248,0.0046151937,0.003936791,,0.003936791,control,1,,44,control_f1_s44_in22k_v5conf,best,19
ISIC_0025916,HAM_0002382,HAM_0002382,40-59,ham,5,False,5,0.011487426,0.007805987,0.009579454,0.067391135,0.0069946395,0.8469901,0.049751267,0.026288051,,0.026288051,control,1,,44,control_f1_s44_in22k_v5conf,best,19
ISIC_0025924,HAM_0006748,HAM_0006748,<40,ham,6,False,6,0.0016279992,0.00049334014,0.0013682985,0.007151538,0.001022084,0.00023027508,0.9881065,0.0031434232,,0.0031434232,control,1,,44,control_f1_s44_in22k_v5conf,best,19
ISIC_0025930,HAM_0000154,HAM_0000154,<40,ham,5,False,5,0.010380842,0.0077506304,0.0083437385,0.067986555,0.0067272373,0.84743136,0.051379617,0.02485871,,0.02485871,control,1,,44,control_f1_s44_in22k_v5conf,best,19
ISIC_0025933,HAM_0006095,HAM_0006095,40-59,ham,5,False,5,0.011858053,0.008091125,0.008939782,0.066997595,0.006495294,0.84968793,0.04793023,0.026444472,,0.026444472,control,1,,44,control_f1_s44_in22k_v5conf,best,19
ISIC_0025949,HAM_0005050,HAM_0005050,60+,ham,5,False,5,0.012782443,0.0074224854,0.006835238,0.067286454,0.0053151995,0.8503647,0.04999347,0.025520127,,0.025520127,control,1,,44,control_f1_s44_in22k_v5conf,best,19
ISIC_0025951,HAM_0002200,HAM_0002200,40-59,ham,5,False,5,0.011973565,0.0077581005,0.0076741795,0.06913698,0.006540123,0.84728473,0.049632255,0.02627179,,0.02627179,control,1,,44,control_f1_s44_in22k_v5conf,best,19
ISIC_0025960,HAM_0002142,HAM_0002142,60+,ham,5,False,5,0.008564193,0.005895409,0.0072188564,0.075822115,0.090008624,0.7617688,0.050722018,0.10446823,,0.10446823,control,1,,44,control_f1_s44_in22k_v5conf,best,19
ISIC_0025962,HAM_0006297,HAM_0006297,<40,ham,5,False,5,0.012432587,0.0076184,0.007304361,0.06489367,0.0050109155,0.8536749,0.049065135,0.025061904,,0.025061904,control,1,,44,control_f1_s44_in22k_v5conf,best,19
ISIC_0025970,HAM_0003033,HAM_0003033,60+,ham,5,False,4,0.006464849,0.004989982,0.0046387557,0.06538351,0.80106467,0.063326895,0.05413129,0.8125195,,0.8125195,control,1,,44,control_f1_s44_in22k_v5conf,best,19
ISIC_0025980,HAM_0005529,HAM_0005529,40-59,ham,3,False,3,0.0050930404,0.0012504926,0.005494716,0.7471681,0.00086810376,0.20978591,0.030339686,0.007211637,,0.007211637,control,1,,44,control_f1_s44_in22k_v5conf,best,19
ISIC_0025985,HAM_0004545,HAM_0004545,60+,ham,2,False,1,0.010162037,0.46678686,0.24674697,0.1287716,0.0015239823,0.040459283,0.105549276,0.47847286,,0.47847286,control,1,,44,control_f1_s44_in22k_v5conf,best,19
ISIC_0025989,HAM_0003033,HAM_0003033,60+,ham,5,False,5,0.009960851,0.0071851136,0.0061262874,0.086846694,0.07342917,0.75474346,0.06170845,0.09057513,,0.09057513,control,1,,44,control_f1_s44_in22k_v5conf,best,19
ISIC_0025992,HAM_0005480,HAM_0005480,60+,ham,0,True,0,0.95292604,0.0013187112,0.0013092384,0.023959594,0.0023786419,0.0018270826,0.01628065,0.9566234,,0.9566234,control,1,,44,control_f1_s44_in22k_v5conf,best,19
ISIC_0026000,HAM_0003071,HAM_0003071,60+,ham,5,False,5,0.011850835,0.008245631,0.009883012,0.06929359,0.0063985386,0.84417516,0.05015329,0.026495004,,0.026495004,control,1,,44,control_f1_s44_in22k_v5conf,best,19
ISIC_0026001,HAM_0004907,HAM_0004907,40-59,ham,5,False,5,0.011258006,0.0076751416,0.009653757,0.0663984,0.005354138,0.85120946,0.048451148,0.024287285,,0.024287285,control,1,,44,control_f1_s44_in22k_v5conf,best,19
ISIC_0026007,HAM_0003931,HAM_0003931,60+,ham,5,False,5,0.012294391,0.006789624,0.00847521,0.067755975,0.0068443054,0.8490366,0.048803948,0.025928322,,0.025928322,control,1,,44,control_f1_s44_in22k_v5conf,best,19
ISIC_0026009,HAM_0000952,HAM_0000952,60+,ham,4,True,2,0.06979456,0.00069941196,0.7490751,0.056830592,0.05945435,0.020546982,0.04359907,0.12994832,,0.12994832,control,1,,44,control_f1_s44_in22k_v5conf,best,19
ISIC_0026011,HAM_0004513,HAM_0004513,40-59,ham,5,False,5,0.010411203,0.0074354685,0.0072782207,0.06608642,0.009091605,0.8522836,0.04741342,0.026938278,,0.026938278,control,1,,44,control_f1_s44_in22k_v5conf,best,19
ISIC_0026013,HAM_0004671,HAM_0004671,40-59,ham,5,False,5,0.011715766,0.007935264,0.006625477,0.0682775,0.005868974,0.8501783,0.049398784,0.025520004,,0.025520004,control,1,,44,control_f1_s44_in22k_v5conf,best,19
ISIC_0026025,HAM_0002396,HAM_0002396,40-59,ham,5,False,5,0.011980781,0.008193067,0.008465939,0.06782809,0.0069491896,0.84824055,0.048342343,0.027123038,,0.027123038,control,1,,44,control_f1_s44_in22k_v5conf,best,19
ISIC_0026029,HAM_0004225,HAM_0004225,<40,ham,5,False,5,0.0070774737,0.023439806,0.009001548,0.061980505,0.013524817,0.82721657,0.057759214,0.044042096,,0.044042096,control,1,,44,control_f1_s44_in22k_v5conf,best,19
ISIC_0026041,HAM_0001072,HAM_0001072,40-59,ham,5,False,5,0.01124663,0.007211052,0.0075077065,0.06574738,0.005193824,0.85347396,0.049619373,0.023651505,,0.023651505,control,1,,44,control_f1_s44_in22k_v5conf,best,19
ISIC_0026043,HAM_0000362,HAM_0000362,<40,ham,5,False,5,0.013862282,0.0069686323,0.00914937,0.07291696,0.027061041,0.82010347,0.049938224,0.047891956,,0.047891956,control,1,,44,control_f1_s44_in22k_v5conf,best,19
ISIC_0026044,HAM_0006945,HAM_0006945,60+,ham,2,False,5,0.011871247,0.007475921,0.00999338,0.06910758,0.009111628,0.84517443,0.047265787,0.028458796,,0.028458796,control,1,,44,control_f1_s44_in22k_v5conf,best,19
ISIC_0026057,HAM_0000038,HAM_0000038,40-59,ham,5,False,5,0.010368407,0.007965887,0.006925101,0.06702436,0.0056322133,0.8510031,0.051081054,0.023966506,,0.023966506,control,1,,44,control_f1_s44_in22k_v5conf,best,19
ISIC_0026062,HAM_0000625,HAM_0000625,40-59,ham,5,False,5,0.011807407,0.008483698,0.008268447,0.06729037,0.0064106802,0.84703666,0.050702684,0.026701786,,0.026701786,control,1,,44,control_f1_s44_in22k_v5conf,best,19
ISIC_0026068,HAM_0004413,HAM_0004413,40-59,ham,6,False,6,0.0009391081,0.00038563454,0.0005172417,0.005104781,0.0003625373,0.00031085347,0.9923799,0.0016872799,,0.0016872799,control,1,,44,control_f1_s44_in22k_v5conf,best,19
ISIC_0026076,HAM_0001361,HAM_0001361,40-59,ham,5,False,5,0.0116074,0.0077457526,0.010208781,0.06729142,0.036574796,0.81903225,0.047539577,0.055927947,,0.055927947,control,1,,44,control_f1_s44_in22k_v5conf,best,19
ISIC_0026078,HAM_0005108,HAM_0005108,40-59,ham,5,False,5,0.009491218,0.005029648,0.0041411584,0.11610391,0.0031525865,0.82132214,0.040759273,0.017673453,,0.017673453,control,1,,44,control_f1_s44_in22k_v5conf,best,19
ISIC_0026088,HAM_0002958,HAM_0002958,40-59,ham,5,False,5,0.011694782,0.007970838,0.0064691394,0.060803745,0.0036553969,0.8528827,0.056523345,0.023321018,,0.023321018,control,1,,44,control_f1_s44_in22k_v5conf,best,19
ISIC_0026101,HAM_0003698,HAM_0003698,40-59,ham,5,False,5,0.010465076,0.00827302,0.006415682,0.0669285,0.0070653693,0.848353,0.052499328,0.025803465,,0.025803465,control,1,,44,control_f1_s44_in22k_v5conf,best,19
ISIC_0026103,HAM_0000039,HAM_0000039,40-59,ham,5,False,5,0.011735119,0.0064355317,0.0062939273,0.062674455,0.0074269343,0.8560153,0.049418613,0.025597585,,0.025597585,control,1,,44,control_f1_s44_in22k_v5conf,best,19
ISIC_0026106,HAM_0001669,HAM_0001669,<40,ham,5,False,5,0.010113238,0.007709475,0.008200985,0.06804803,0.0065747243,0.8497404,0.049613126,0.024397437,,0.024397437,control,1,,44,control_f1_s44_in22k_v5conf,best,19
ISIC_0026108,HAM_0003159,HAM_0003159,<40,ham,5,False,5,0.011754533,0.008820332,0.0057897056,0.06485941,0.006315295,0.8552772,0.047183543,0.026890159,,0.026890159,control,1,,44,control_f1_s44_in22k_v5conf,best,19
ISIC_0026113,HAM_0002714,HAM_0002714,40-59,ham,4,True,4,0.0071323854,0.004577626,0.004380792,0.050869863,0.88946503,0.0033644831,0.0402098,0.901175,,0.901175,control,1,,44,control_f1_s44_in22k_v5conf,best,19
ISIC_0026129,HAM_0001035,HAM_0001035,60+,ham,5,False,5,0.012380911,0.008031898,0.007343349,0.065315954,0.006126342,0.8513408,0.049460728,0.026539152,,0.026539152,control,1,,44,control_f1_s44_in22k_v5conf,best,19
ISIC_0026135,HAM_0006772,HAM_0006772,60+,ham,2,False,2,0.00467396,0.004639043,0.9121903,0.041059658,0.003563658,0.0020969403,0.031776506,0.0128766615,,0.0128766615,control,1,,44,control_f1_s44_in22k_v5conf,best,19
ISIC_0026137,HAM_0006669,HAM_0006669,<40,ham,5,False,5,0.010377385,0.0066877455,0.0073983227,0.06390376,0.011768675,0.85516286,0.044701245,0.028833807,,0.028833807,control,1,,44,control_f1_s44_in22k_v5conf,best,19
ISIC_0026142,HAM_0006945,HAM_0006945,60+,ham,2,False,5,0.010896549,0.0075461767,0.009765033,0.06695964,0.0059755268,0.85116506,0.047692005,0.024418253,,0.024418253,control,1,,44,control_f1_s44_in22k_v5conf,best,19
ISIC_0026149,HAM_0005480,HAM_0005480,60+,ham,0,True,0,0.9257292,0.0026470392,0.0025142948,0.036912173,0.0038993445,0.003978194,0.024319895,0.9322756,,0.9322756,control,1,,44,control_f1_s44_in22k_v5conf,best,19
ISIC_0026152,HAM_0000549,HAM_0000549,60+,ham,0,True,0,0.82708174,0.063814536,0.005921883,0.03990961,0.01087699,0.002560604,0.049834624,0.9017733,,0.9017733,control,1,,44,control_f1_s44_in22k_v5conf,best,19
ISIC_0026153,HAM_0002957,HAM_0002957,60+,ham,2,False,2,0.008535549,0.005895853,0.90487146,0.04395424,0.0043749004,0.0020937969,0.03027423,0.018806303,,0.018806303,control,1,,44,control_f1_s44_in22k_v5conf,best,19
ISIC_0026156,HAM_0005068,HAM_0005068,60+,ham,1,True,1,0.05981107,0.58973074,0.1460062,0.11433037,0.015275782,0.0013148183,0.073531084,0.6648176,,0.6648176,control,1,,44,control_f1_s44_in22k_v5conf,best,19
ISIC_0026167,HAM_0003400,HAM_0003400,40-59,ham,4,True,4,0.006091531,0.0046845283,0.027176803,0.07220827,0.8314928,0.0016732224,0.056672852,0.8422688,,0.8422688,control,1,,44,control_f1_s44_in22k_v5conf,best,19
ISIC_0026180,HAM_0000755,HAM_0000755,40-59,ham,5,False,5,0.010694715,0.0065585794,0.008079853,0.06673213,0.006446955,0.85229033,0.049197514,0.023700248,,0.023700248,control,1,,44,control_f1_s44_in22k_v5conf,best,19
ISIC_0026195,HAM_0002384,HAM_0002384,40-59,ham,5,False,5,0.0151079735,0.006424049,0.008960971,0.06727726,0.0051981057,0.845756,0.051275585,0.026730128,,0.026730128,control,1,,44,control_f1_s44_in22k_v5conf,best,19
ISIC_0026203,HAM_0003895,HAM_0003895,60+,ham,0,True,5,0.02315473,0.0038018466,0.01911416,0.07283559,0.024298752,0.8156931,0.041101884,0.05125533,,0.05125533,control,1,,44,control_f1_s44_in22k_v5conf,best,19
ISIC_0026209,HAM_0001111,HAM_0001111,60+,ham,5,False,4,0.009340129,0.0051757074,0.0044686757,0.055060405,0.8750186,0.0028198936,0.04811657,0.8895344,,0.8895344,control,1,,44,control_f1_s44_in22k_v5conf,best,19
ISIC_0026210,HAM_0000448,HAM_0000448,<40,ham,5,False,5,0.010046095,0.007329252,0.015505872,0.05518498,0.016222203,0.8539518,0.041759856,0.03359755,,0.03359755,control,1,,44,control_f1_s44_in22k_v5conf,best,19
ISIC_0026211,HAM_0005366,HAM_0005366,40-59,ham,5,False,5,0.010655486,0.006291502,0.008010221,0.065062575,0.0052297967,0.85530525,0.049445204,0.022176785,,0.022176785,control,1,,44,control_f1_s44_in22k_v5conf,best,19
ISIC_0026231,HAM_0006581,HAM_0006581,<40,ham,5,False,5,0.010221857,0.006459232,0.0049251188,0.06784638,0.010945445,0.84825736,0.051344555,0.027626533,,0.027626533,control,1,,44,control_f1_s44_in22k_v5conf,best,19
ISIC_0026236,HAM_0005785,HAM_0005785,60+,ham,4,True,5,0.022549514,0.0075085205,0.0059923953,0.062430076,0.051050026,0.8119952,0.038474325,0.08110806,,0.08110806,control,1,,44,control_f1_s44_in22k_v5conf,best,19
ISIC_0026246,HAM_0003788,HAM_0003788,40-59,ham,5,False,5,0.010986297,0.0065208278,0.0072454405,0.071885005,0.004886931,0.84909457,0.049380947,0.022394056,,0.022394056,control,1,,44,control_f1_s44_in22k_v5conf,best,19
ISIC_0026247,HAM_0004676,HAM_0004676,60+,ham,4,True,4,0.013732703,0.005593613,0.004999927,0.056720592,0.77785605,0.105299994,0.03579718,0.7971824,,0.7971824,control,1,,44,control_f1_s44_in22k_v5conf,best,19
ISIC_0026250,HAM_0003955,HAM_0003955,40-59,ham,5,False,5,0.011936567,0.007962273,0.007752512,0.0662444,0.0074620405,0.8499351,0.048707042,0.027360879,,0.027360879,control,1,,44,control_f1_s44_in22k_v5conf,best,19
ISIC_0026252,HAM_0003651,HAM_0003651,40-59,ham,5,False,5,0.0116626965,0.006909309,0.0067160316,0.065797575,0.00498799,0.8545254,0.049401052,0.023559997,,0.023559997,control,1,,44,control_f1_s44_in22k_v5conf,best,19
ISIC_0026257,HAM_0002630,HAM_0002630,60+,ham,5,False,5,0.012096955,0.00798096,0.009094677,0.069574304,0.006206953,0.846492,0.048554096,0.02628487,,0.02628487,control,1,,44,control_f1_s44_in22k_v5conf,best,19
ISIC_0026258,HAM_0000534,HAM_0000534,40-59,ham,4,True,5,0.013639154,0.007089473,0.010338765,0.07190775,0.02002976,0.82360476,0.053390343,0.040758386,,0.040758386,control,1,,44,control_f1_s44_in22k_v5conf,best,19
ISIC_0026266,HAM_0002436,HAM_0002436,60+,ham,4,True,4,0.14895318,0.0016049073,0.16994184,0.102360085,0.5072082,0.0078002703,0.062131513,0.65776634,,0.65776634,control,1,,44,control_f1_s44_in22k_v5conf,best,19
ISIC_0026267,HAM_0007325,HAM_0007325,40-59,ham,5,False,5,0.008829861,0.005649653,0.009815898,0.06569675,0.023902558,0.83992904,0.04617623,0.038382072,,0.038382072,control,1,,44,control_f1_s44_in22k_v5conf,best,19
ISIC_0026269,HAM_0007205,HAM_0007205,60+,ham,5,False,5,0.0110684,0.008419311,0.006737447,0.06845757,0.006282363,0.8507705,0.04826431,0.025770074,,0.025770074,control,1,,44,control_f1_s44_in22k_v5conf,best,19
ISIC_0026277,HAM_0000696,HAM_0000696,60+,ham,2,False,2,0.0034589595,0.02577952,0.8035814,0.080147035,0.005042767,0.025658028,0.056332286,0.034281246,,0.034281246,control,1,,44,control_f1_s44_in22k_v5conf,best,19
ISIC_0026288,HAM_0000932,HAM_0000932,<40,ham,5,False,5,0.012148441,0.0069689704,0.008528128,0.06913426,0.005518909,0.8476018,0.050099533,0.02463632,,0.02463632,control,1,,44,control_f1_s44_in22k_v5conf,best,19
ISIC_0026294,HAM_0000848,HAM_0000848,40-59,ham,5,False,5,0.012093622,0.008176171,0.007996823,0.06928308,0.0061297286,0.84769374,0.048626687,0.026399521,,0.026399521,control,1,,44,control_f1_s44_in22k_v5conf,best,19
ISIC_0026296,HAM_0004265,HAM_0004265,40-59,ham,4,True,5,0.012343346,0.0066965087,0.0047079236,0.06777822,0.0055899103,0.85550386,0.047380183,0.024629764,,0.024629764,control,1,,44,control_f1_s44_in22k_v5conf,best,19
ISIC_0026301,HAM_0004917,HAM_0004917,60+,ham,2,False,4,0.005170681,0.004390923,0.0036100026,0.05275383,0.8932002,0.006633454,0.034240894,0.9027618,,0.9027618,control,1,,44,control_f1_s44_in22k_v5conf,best,19
ISIC_0026304,HAM_0007200,HAM_0007200,40-59,ham,5,False,5,0.0107496865,0.008701236,0.0077830967,0.06777615,0.0057720146,0.8476198,0.05159804,0.025222937,,0.025222937,control,1,,44,control_f1_s44_in22k_v5conf,best,19
ISIC_0026314,HAM_0000233,HAM_0000233,40-59,ham,4,True,5,0.0102784205,0.008729461,0.033230904,0.050370242,0.023865353,0.83457047,0.038955145,0.042873234,,0.042873234,control,1,,44,control_f1_s44_in22k_v5conf,best,19
ISIC_0026315,HAM_0000808,HAM_0000808,60+,ham,5,False,5,0.010241411,0.005092938,0.0067511788,0.063803196,0.015444085,0.8535291,0.04513805,0.030778434,,0.030778434,control,1,,44,control_f1_s44_in22k_v5conf,best,19
ISIC_0026331,HAM_0005940,HAM_0005940,40-59,ham,5,False,5,0.010715156,0.00823676,0.007319801,0.06627622,0.0065760994,0.8534264,0.04744951,0.025528014,,0.025528014,control,1,,44,control_f1_s44_in22k_v5conf,best,19
ISIC_0026334,HAM_0003550,HAM_0003550,40-59,ham,5,False,5,0.01199304,0.007735402,0.008322262,0.06478297,0.007102531,0.85158676,0.048477072,0.026830973,,0.026830973,control,1,,44,control_f1_s44_in22k_v5conf,best,19
ISIC_0026348,HAM_0001002,HAM_0001002,40-59,ham,5,False,5,0.009660777,0.005414906,0.0058903885,0.05619885,0.01223232,0.867327,0.043275695,0.027308002,,0.027308002,control,1,,44,control_f1_s44_in22k_v5conf,best,19
ISIC_0026355,HAM_0005015,HAM_0005015,60+,ham,5,False,5,0.0106458785,0.0064120954,0.006071432,0.05656549,0.007094609,0.8679712,0.045239404,0.024152583,,0.024152583,control,1,,44,control_f1_s44_in22k_v5conf,best,19
ISIC_0026362,HAM_0005301,HAM_0005301,60+,ham,0,True,2,0.01889419,0.006627023,0.8563567,0.059064154,0.0059013623,0.0100406185,0.043115955,0.031422574,,0.031422574,control,1,,44,control_f1_s44_in22k_v5conf,best,19
ISIC_0026365,HAM_0006723,HAM_0006723,40-59,ham,2,False,5,0.044112675,0.005245675,0.029057587,0.088109046,0.005766636,0.7653145,0.06239385,0.055124987,,0.055124987,control,1,,44,control_f1_s44_in22k_v5conf,best,19
ISIC_0026374,HAM_0002238,HAM_0002238,60+,ham,5,False,2,0.076714404,0.015544145,0.784099,0.055975698,0.010617203,0.0029506579,0.054098792,0.102875754,,0.102875754,control,1,,44,control_f1_s44_in22k_v5conf,best,19
ISIC_0026379,HAM_0003658,HAM_0003658,40-59,ham,5,False,5,0.011481592,0.0059902705,0.00939937,0.0627096,0.0049654003,0.8610086,0.04444513,0.022437263,,0.022437263,control,1,,44,control_f1_s44_in22k_v5conf,best,19
ISIC_0026384,HAM_0005127,HAM_0005127,40-59,ham,5,False,5,0.009694201,0.004845238,0.004807431,0.06381284,0.021982657,0.84488344,0.049974177,0.036522098,,0.036522098,control,1,,44,control_f1_s44_in22k_v5conf,best,19
ISIC_0026386,HAM_0002885,HAM_0002885,40-59,ham,5,False,5,0.009951817,0.0067997267,0.006901319,0.060437836,0.008164915,0.8607727,0.046971705,0.024916459,,0.024916459,control,1,,44,control_f1_s44_in22k_v5conf,best,19
ISIC_0026388,HAM_0003105,HAM_0003105,60+,ham,0,True,2,0.03403665,0.0051595196,0.86702657,0.051606644,0.0065038498,0.00093222584,0.03473458,0.04570002,,0.04570002,control,1,,44,control_f1_s44_in22k_v5conf,best,19
ISIC_0026390,HAM_0004066,HAM_0004066,<40,ham,5,False,5,0.012024678,0.007872008,0.008349715,0.06719692,0.007957702,0.84435844,0.05224052,0.027854387,,0.027854387,control,1,,44,control_f1_s44_in22k_v5conf,best,19
ISIC_0026392,HAM_0004305,HAM_0004305,40-59,ham,5,False,5,0.011149146,0.0071963286,0.008195139,0.06690601,0.004726093,0.85380566,0.048021562,0.023071568,,0.023071568,control,1,,44,control_f1_s44_in22k_v5conf,best,19
ISIC_0026396,HAM_0004734,HAM_0004734,40-59,ham,5,False,5,0.010150293,0.007700855,0.008109627,0.067208394,0.0067882845,0.8524419,0.047600675,0.024639431,,0.024639431,control,1,,44,control_f1_s44_in22k_v5conf,best,19
ISIC_0026417,HAM_0005663,HAM_0005663,<40,ham,3,False,3,0.0032492927,0.00084632414,0.0015804422,0.9076318,0.0012418715,0.065961495,0.019488813,0.0053374884,,0.0053374884,control,1,,44,control_f1_s44_in22k_v5conf,best,19
ISIC_0026419,HAM_0000752,HAM_0000752,<40,ham,5,False,5,0.008250929,0.03767845,0.0035525623,0.09942583,0.0058976626,0.7298035,0.11539103,0.051827043,,0.051827043,control,1,,44,control_f1_s44_in22k_v5conf,best,19
ISIC_0026427,HAM_0003667,HAM_0003667,<40,ham,5,False,5,0.0062749106,0.010471674,0.0027691843,0.06591889,0.021250604,0.84491974,0.048394974,0.037997186,,0.037997186,control,1,,44,control_f1_s44_in22k_v5conf,best,19
ISIC_0026430,HAM_0007570,HAM_0007570,60+,ham,4,True,4,0.0672572,0.004423346,0.012508001,0.053246226,0.8120652,0.0007948481,0.0497052,0.88374573,,0.88374573,control,1,,44,control_f1_s44_in22k_v5conf,best,19
ISIC_0026435,HAM_0006532,HAM_0006532,40-59,ham,5,False,5,0.011572888,0.007825998,0.00682959,0.0680229,0.0055641667,0.8502295,0.04995501,0.024963053,,0.024963053,control,1,,44,control_f1_s44_in22k_v5conf,best,19
ISIC_0026448,HAM_0002659,HAM_0002659,60+,ham,5,False,5,0.009349919,0.0055283597,0.008239531,0.06242281,0.01074685,0.8583103,0.04540224,0.025625128,,0.025625128,control,1,,44,control_f1_s44_in22k_v5conf,best,19
ISIC_0026456,HAM_0006203,HAM_0006203,60+,ham,6,False,1,0.0040081376,0.73803765,0.003649985,0.07929114,0.0050001503,0.0040301536,0.16598281,0.74704593,,0.74704593,control,1,,44,control_f1_s44_in22k_v5conf,best,19
ISIC_0026462,HAM_0001845,HAM_0001845,40-59,ham,5,False,5,0.011910395,0.007329039,0.0076915934,0.06710686,0.0047068554,0.85497326,0.046282027,0.023946289,,0.023946289,control,1,,44,control_f1_s44_in22k_v5conf,best,19
ISIC_0026463,HAM_0006948,HAM_0006948,40-59,ham,5,False,5,0.010086283,0.007128073,0.006296219,0.06361535,0.005591709,0.8618555,0.04542683,0.022806065,,0.022806065,control,1,,44,control_f1_s44_in22k_v5conf,best,19
ISIC_0026466,HAM_0000456,HAM_0000456,60+,ham,0,True,5,0.14732037,0.004129537,0.06284832,0.073636085,0.014946767,0.6517009,0.045417976,0.16639669,,0.16639669,control,1,,44,control_f1_s44_in22k_v5conf,best,19
ISIC_0026467,HAM_0001537,HAM_0001537,40-59,ham,6,False,6,0.00607024,0.0041982513,0.0025400985,0.03889582,0.0014340482,0.047883093,0.8989785,0.011702539,,0.011702539,control,1,,44,control_f1_s44_in22k_v5conf,best,19
ISIC_0026482,HAM_0006788,HAM_0006788,60+,ham,5,False,5,0.010297281,0.007235928,0.00771678,0.065862425,0.0078057772,0.8538708,0.0472111,0.025338987,,0.025338987,control,1,,44,control_f1_s44_in22k_v5conf,best,19
ISIC_0026485,HAM_0006414,HAM_0006414,40-59,ham,5,False,5,0.009886074,0.0070025083,0.006802853,0.068771094,0.0059942654,0.8533145,0.048228722,0.022882847,,0.022882847,control,1,,44,control_f1_s44_in22k_v5conf,best,19
ISIC_0026487,HAM_0006430,HAM_0006430,<40,ham,5,False,5,0.009417371,0.007933955,0.0064748535,0.06047413,0.014366795,0.85845065,0.04288223,0.03171812,,0.03171812,control,1,,44,control_f1_s44_in22k_v5conf,best,19
ISIC_0026491,HAM_0005786,HAM_0005786,40-59,ham,5,False,2,0.048228852,0.0028195698,0.6697037,0.040382545,0.19204499,0.0053006974,0.041519642,0.2430934,,0.2430934,control,1,,44,control_f1_s44_in22k_v5conf,best,19
ISIC_0026508,HAM_0005807,HAM_0005807,60+,ham,5,False,5,0.009965831,0.006086163,0.0080601955,0.05765775,0.0036937513,0.8640973,0.050439104,0.019745747,,0.019745747,control,1,,44,control_f1_s44_in22k_v5conf,best,19
ISIC_0026511,HAM_0002242,HAM_0002242,40-59,ham,2,False,2,0.0053593447,0.0043305024,0.9242988,0.037045736,0.0017844365,0.001815506,0.025365712,0.011474283,,0.011474283,control,1,,44,control_f1_s44_in22k_v5conf,best,19
ISIC_0026521,HAM_0004939,HAM_0004939,60+,ham,5,False,5,0.011885359,0.007974911,0.007951535,0.06583416,0.0051917494,0.85381997,0.04734228,0.025052018,,0.025052018,control,1,,44,control_f1_s44_in22k_v5conf,best,19
ISIC_0026526,HAM_0005146,HAM_0005146,60+,ham,2,False,2,0.07191528,0.005139717,0.77736676,0.073194094,0.022375364,0.0024357259,0.047573023,0.09943035,,0.09943035,control,1,,44,control_f1_s44_in22k_v5conf,best,19
ISIC_0026536,HAM_0006480,HAM_0006480,40-59,ham,5,False,5,0.0106525915,0.0069646062,0.007049099,0.066034354,0.0075434046,0.85331374,0.04844223,0.025160603,,0.025160603,control,1,,44,control_f1_s44_in22k_v5conf,best,19
ISIC_0026541,HAM_0006974,HAM_0006974,40-59,ham,5,False,5,0.010315133,0.009331126,0.0066788695,0.06539553,0.010197677,0.8470756,0.051006157,0.029843936,,0.029843936,control,1,,44,control_f1_s44_in22k_v5conf,best,19
ISIC_0026546,HAM_0000971,HAM_0000971,<40,ham,5,False,5,0.008805592,0.008453291,0.008109438,0.0714288,0.008917014,0.84432244,0.04996348,0.026175898,,0.026175898,control,1,,44,control_f1_s44_in22k_v5conf,best,19
ISIC_0026557,HAM_0000598,HAM_0000598,40-59,ham,5,False,5,0.011406939,0.006628854,0.008998848,0.06332526,0.005671173,0.85677505,0.04719385,0.023706965,,0.023706965,control,1,,44,control_f1_s44_in22k_v5conf,best,19
ISIC_0026561,HAM_0004546,HAM_0004546,40-59,ham,5,False,5,0.011199042,0.013357943,0.003933335,0.06832597,0.0029855864,0.8529286,0.047269646,0.027542572,,0.027542572,control,1,,44,control_f1_s44_in22k_v5conf,best,19
ISIC_0026565,HAM_0002465,HAM_0002465,40-59,ham,5,False,5,0.012658078,0.006987448,0.008913253,0.06818116,0.004876216,0.8497259,0.04865796,0.024521742,,0.024521742,control,1,,44,control_f1_s44_in22k_v5conf,best,19
ISIC_0026574,HAM_0005660,HAM_0005660,60+,ham,1,True,1,0.009115383,0.89974654,0.005324135,0.04010456,0.008532638,0.0032014656,0.03397522,0.9173946,,0.9173946,control,1,,44,control_f1_s44_in22k_v5conf,best,19
ISIC_0026588,HAM_0003821,HAM_0003821,60+,ham,5,False,5,0.0068625067,0.0073690545,0.007790134,0.07945262,0.12996124,0.7128553,0.05570915,0.1441928,,0.1441928,control,1,,44,control_f1_s44_in22k_v5conf,best,19
ISIC_0026590,HAM_0003317,HAM_0003317,40-59,ham,2,False,2,0.006735432,0.004967168,0.8936411,0.041901663,0.003469076,0.008429614,0.04085602,0.015171676,,0.015171676,control,1,,44,control_f1_s44_in22k_v5conf,best,19
ISIC_0026594,HAM_0003383,HAM_0003383,40-59,ham,5,False,5,0.012679253,0.0065943063,0.009232471,0.064195886,0.0054316553,0.8525386,0.04932787,0.024705214,,0.024705214,control,1,,44,control_f1_s44_in22k_v5conf,best,19
ISIC_0026601,HAM_0002899,HAM_0002899,<40,ham,5,False,5,0.0053512743,0.007501105,0.0037445214,0.06608846,0.02380845,0.8511774,0.042328723,0.036660828,,0.036660828,control,1,,44,control_f1_s44_in22k_v5conf,best,19
ISIC_0026609,HAM_0000162,HAM_0000162,40-59,ham,5,False,5,0.01165534,0.006540039,0.0069461283,0.06922775,0.0063553993,0.85278714,0.046488296,0.024550779,,0.024550779,control,1,,44,control_f1_s44_in22k_v5conf,best,19
ISIC_0026612,HAM_0006561,HAM_0006561,40-59,ham,5,False,5,0.010962458,0.007824678,0.007851116,0.064148724,0.005019939,0.8584792,0.045713827,0.023807075,,0.023807075,control,1,,44,control_f1_s44_in22k_v5conf,best,19
ISIC_0026613,HAM_0004116,HAM_0004116,40-59,ham,5,False,5,0.010540558,0.007576192,0.0056559416,0.06661246,0.007198051,0.8553198,0.047096994,0.0253148,,0.0253148,control,1,,44,control_f1_s44_in22k_v5conf,best,19
ISIC_0026618,HAM_0006916,HAM_0006916,60+,ham,5,False,4,0.011698278,0.01783219,0.01599633,0.14817107,0.3797176,0.3471528,0.07943176,0.40924805,,0.40924805,control,1,,44,control_f1_s44_in22k_v5conf,best,19
ISIC_0026643,HAM_0005469,HAM_0005469,60+,ham,1,True,0,0.8459175,0.029235974,0.006437488,0.032078132,0.05699888,0.0011352904,0.028196726,0.9321524,,0.9321524,control,1,,44,control_f1_s44_in22k_v5conf,best,19
ISIC_0026654,HAM_0000591,HAM_0000591,60+,ham,5,False,5,0.010856833,0.005851248,0.00995423,0.06497172,0.012365864,0.8493611,0.04663902,0.029073946,,0.029073946,control,1,,44,control_f1_s44_in22k_v5conf,best,19
ISIC_0026661,HAM_0000992,HAM_0000992,60+,ham,2,False,2,0.016317401,0.0028901987,0.92167354,0.029223919,0.0017403685,0.007306396,0.020848146,0.020947969,,0.020947969,control,1,,44,control_f1_s44_in22k_v5conf,best,19
ISIC_0026669,HAM_0000511,HAM_0000511,40-59,ham,5,False,5,0.01097398,0.0072587626,0.007573978,0.06389282,0.0060817027,0.85892224,0.04529661,0.024314445,,0.024314445,control,1,,44,control_f1_s44_in22k_v5conf,best,19
ISIC_0026670,HAM_0006916,HAM_0006916,60+,ham,5,False,5,0.010156185,0.009469481,0.00735921,0.082673125,0.04896133,0.79085433,0.050526332,0.068587,,0.068587,control,1,,44,control_f1_s44_in22k_v5conf,best,19
ISIC_0026671,HAM_0006526,HAM_0006526,40-59,ham,5,False,5,0.013863223,0.0062283645,0.005812507,0.058165636,0.0055539045,0.86903626,0.041340105,0.025645493,,0.025645493,control,1,,44,control_f1_s44_in22k_v5conf,best,19
ISIC_0026689,HAM_0005003,HAM_0005003,<40,ham,5,False,5,0.011951985,0.0073848246,0.006986522,0.06444854,0.0065126424,0.8519992,0.05071635,0.02584945,,0.02584945,control,1,,44,control_f1_s44_in22k_v5conf,best,19
ISIC_0026696,HAM_0006473,HAM_0006473,40-59,ham,5,False,5,0.01236209,0.008425306,0.008620744,0.06917098,0.0063408897,0.8457774,0.049302608,0.027128285,,0.027128285,control,1,,44,control_f1_s44_in22k_v5conf,best,19
ISIC_0026697,HAM_0004364,HAM_0004364,60+,ham,4,True,4,0.007537769,0.006486877,0.18093614,0.07091807,0.675449,0.0011100321,0.057562094,0.6894737,,0.6894737,control,1,,44,control_f1_s44_in22k_v5conf,best,19
ISIC_0026702,HAM_0005228,HAM_0005228,60+,ham,0,True,0,0.9309683,0.0017780697,0.0025423965,0.03428228,0.0037782558,0.0027905672,0.023860212,0.9365246,,0.9365246,control,1,,44,control_f1_s44_in22k_v5conf,best,19
ISIC_0026719,HAM_0000602,HAM_0000602,<40,ham,5,False,5,0.011231583,0.007482468,0.0073351962,0.06857506,0.005224526,0.85093594,0.049215186,0.023938578,,0.023938578,control,1,,44,control_f1_s44_in22k_v5conf,best,19
ISIC_0026725,HAM_0001289,HAM_0001289,40-59,ham,5,False,5,0.0120710805,0.008277214,0.008657793,0.06653203,0.0063837166,0.8490807,0.04899754,0.026732013,,0.026732013,control,1,,44,control_f1_s44_in22k_v5conf,best,19
ISIC_0026732,HAM_0001761,HAM_0001761,<40,ham,5,False,5,0.012478194,0.007259978,0.008519247,0.067952424,0.0059641367,0.84818834,0.04963775,0.025702309,,0.025702309,control,1,,44,control_f1_s44_in22k_v5conf,best,19
ISIC_0026734,HAM_0007161,HAM_0007161,40-59,ham,5,False,5,0.0111673325,0.0069764517,0.007963553,0.06698019,0.0071958285,0.8511943,0.04852226,0.025339613,,0.025339613,control,1,,44,control_f1_s44_in22k_v5conf,best,19
ISIC_0026737,HAM_0004423,HAM_0004423,60+,ham,2,False,2,0.023229925,0.010772696,0.8889665,0.037509616,0.0013846357,0.0044224206,0.03371412,0.035387255,,0.035387255,control,1,,44,control_f1_s44_in22k_v5conf,best,19
ISIC_0026741,HAM_0005987,HAM_0005987,60+,ham,5,False,5,0.011148573,0.0071799704,0.007528427,0.06544383,0.037999485,0.82057524,0.050124362,0.05632803,,0.05632803,control,1,,44,control_f1_s44_in22k_v5conf,best,19
ISIC_0026744,HAM_0001820,HAM_0001820,60+,ham,2,False,5,0.0150425695,0.016779812,0.1699699,0.08807308,0.004211801,0.65081537,0.05510748,0.036034185,,0.036034185,control,1,,44,control_f1_s44_in22k_v5conf,best,19
ISIC_0026758,HAM_0000615,HAM_0000615,40-59,ham,5,False,5,0.010184586,0.0071162754,0.006598032,0.06692665,0.005298415,0.8568801,0.04699596,0.022599276,,0.022599276,control,1,,44,control_f1_s44_in22k_v5conf,best,19
ISIC_0026766,HAM_0005982,HAM_0005982,60+,ham,1,True,1,0.0129678305,0.87861127,0.007303761,0.05301078,0.005782504,0.0031996805,0.039124265,0.8973616,,0.8973616,control,1,,44,control_f1_s44_in22k_v5conf,best,19
ISIC_0026770,HAM_0002491,HAM_0002491,60+,ham,4,True,4,0.0075094025,0.0077430895,0.0102109695,0.059603516,0.8714487,0.0033151605,0.04016906,0.88670117,,0.88670117,control,1,,44,control_f1_s44_in22k_v5conf,best,19
ISIC_0026773,HAM_0000021,HAM_0000021,40-59,ham,5,False,5,0.0108498875,0.009157582,0.0073232157,0.06527249,0.0066459836,0.8531285,0.047622368,0.026653452,,0.026653452,control,1,,44,control_f1_s44_in22k_v5conf,best,19
ISIC_0026774,HAM_0007242,HAM_0007242,60+,ham,4,True,4,0.008421826,0.0054792822,0.0063519636,0.07021659,0.7408995,0.12629767,0.042333122,0.7548006,,0.7548006,control,1,,44,control_f1_s44_in22k_v5conf,best,19
ISIC_0026775,HAM_0001389,HAM_0001389,60+,ham,2,False,2,0.023063188,0.0029263839,0.8860729,0.04358264,0.006536726,0.0019389531,0.035879128,0.0325263,,0.0325263,control,1,,44,control_f1_s44_in22k_v5conf,best,19
ISIC_0026782,HAM_0002110,HAM_0002110,<40,ham,5,False,4,0.010351759,0.0099170115,0.010327848,0.10811678,0.57283926,0.221679,0.066768356,0.59310806,,0.59310806,control,1,,44,control_f1_s44_in22k_v5conf,best,19
ISIC_0026790,HAM_0005779,HAM_0005779,40-59,ham,2,False,2,0.0059839487,0.0044429703,0.92214346,0.036877856,0.0019733072,0.0013850625,0.027193435,0.012400227,,0.012400227,control,1,,44,control_f1_s44_in22k_v5conf,best,19
ISIC_0026793,HAM_0004478,HAM_0004478,40-59,ham,5,False,5,0.01051967,0.005304064,0.0058153532,0.06228153,0.00490141,0.8685866,0.042591322,0.020725146,,0.020725146,control,1,,44,control_f1_s44_in22k_v5conf,best,19
ISIC_0026827,HAM_0005465,HAM_0005465,60+,ham,2,False,2,0.004159269,0.0032967841,0.9244614,0.03396978,0.0030776302,0.0029400496,0.028095046,0.010533683,,0.010533683,control,1,,44,control_f1_s44_in22k_v5conf,best,19
ISIC_0026836,HAM_0006871,HAM_0006871,40-59,ham,5,False,5,0.01109512,0.006630805,0.007410189,0.06869415,0.006440488,0.8489685,0.050760675,0.024166413,,0.024166413,control,1,,44,control_f1_s44_in22k_v5conf,best,19
ISIC_0026843,HAM_0005082,HAM_0005082,60+,ham,2,False,5,0.0124315405,0.006189648,0.027368214,0.07242025,0.0051059066,0.8232402,0.0532442,0.023727095,,0.023727095,control,1,,44,control_f1_s44_in22k_v5conf,best,19
ISIC_0026844,HAM_0004114,HAM_0004114,60+,ham,2,False,0,0.89554703,0.004823414,0.04901514,0.02782758,0.0005203837,0.002552754,0.019713791,0.9008908,,0.9008908,control,1,,44,control_f1_s44_in22k_v5conf,best,19
ISIC_0026849,HAM_0004545,HAM_0004545,60+,ham,2,False,2,0.01202304,0.32966277,0.46576983,0.1213422,0.004814141,0.0052758935,0.06111201,0.34649995,,0.34649995,control,1,,44,control_f1_s44_in22k_v5conf,best,19
ISIC_0026852,HAM_0001001,HAM_0001001,40-59,ham,5,False,4,0.007087291,0.0052729063,0.0036672642,0.04791136,0.8841281,0.017184546,0.034748577,0.8964883,,0.8964883,control,1,,44,control_f1_s44_in22k_v5conf,best,19
ISIC_0026860,HAM_0000334,HAM_0000334,<40,ham,5,False,5,0.012481595,0.008893352,0.00880161,0.06628225,0.006035368,0.84852463,0.04898108,0.027410317,,0.027410317,control,1,,44,control_f1_s44_in22k_v5conf,best,19
ISIC_0026866,HAM_0002754,HAM_0002754,40-59,ham,5,False,5,0.02080237,0.0050387257,0.0052763335,0.0501106,0.017886633,0.86758274,0.033302613,0.043727726,,0.043727726,control,1,,44,control_f1_s44_in22k_v5conf,best,19
ISIC_0026872,HAM_0006746,HAM_0006746,60+,ham,0,True,4,0.02955248,0.004835378,0.006408691,0.057749514,0.86240876,0.0009802394,0.038064852,0.8967966,,0.8967966,control,1,,44,control_f1_s44_in22k_v5conf,best,19
ISIC_0026873,HAM_0001866,HAM_0001866,40-59,ham,5,False,5,0.011924084,0.0076472084,0.008083318,0.06748289,0.005884821,0.84926736,0.049710296,0.025456114,,0.025456114,control,1,,44,control_f1_s44_in22k_v5conf,best,19
ISIC_0026881,HAM_0006021,HAM_0006021,40-59,ham,5,False,5,0.011371258,0.007131219,0.0079904,0.066063926,0.005673837,0.8523748,0.049394514,0.024176314,,0.024176314,control,1,,44,control_f1_s44_in22k_v5conf,best,19
ISIC_0026892,HAM_0007560,HAM_0007560,60+,ham,4,True,5,0.007158795,0.053342614,0.21744385,0.08448521,0.011437164,0.54628193,0.0798504,0.071938574,,0.071938574,control,1,,44,control_f1_s44_in22k_v5conf,best,19
ISIC_0026903,HAM_0005394,HAM_0005394,60+,ham,5,False,5,0.013301762,0.009216313,0.0087050265,0.07108244,0.006554413,0.841609,0.04953113,0.02907249,,0.02907249,control,1,,44,control_f1_s44_in22k_v5conf,best,19
ISIC_0026904,HAM_0004626,HAM_0004626,40-59,ham,5,False,5,0.012154257,0.0063794376,0.007570743,0.06599369,0.0055917334,0.8540109,0.048299193,0.024125429,,0.024125429,control,1,,44,control_f1_s44_in22k_v5conf,best,19
ISIC_0026906,HAM_0005782,HAM_0005782,40-59,ham,5,False,5,0.011820822,0.0078026876,0.009030583,0.06871386,0.0060811536,0.8466568,0.049894217,0.025704663,,0.025704663,control,1,,44,control_f1_s44_in22k_v5conf,best,19
ISIC_0026910,HAM_0003661,HAM_0003661,<40,ham,5,False,5,0.01064036,0.007869498,0.00856695,0.06475893,0.0065498394,0.85388595,0.047728483,0.025059696,,0.025059696,control,1,,44,control_f1_s44_in22k_v5conf,best,19
ISIC_0026932,HAM_0001096,HAM_0001096,40-59,ham,5,False,5,0.012137874,0.008263307,0.007730824,0.06893218,0.005668322,0.84838307,0.048884396,0.026069501,,0.026069501,control,1,,44,control_f1_s44_in22k_v5conf,best,19
ISIC_0026952,HAM_0002167,HAM_0002167,40-59,ham,1,True,1,0.012540731,0.865726,0.0057145623,0.06320343,0.005233877,0.005453708,0.042127706,0.88350064,,0.88350064,control,1,,44,control_f1_s44_in22k_v5conf,best,19
ISIC_0026953,HAM_0001332,HAM_0001332,40-59,ham,5,False,5,0.011837443,0.00862326,0.008607165,0.06936599,0.0056431717,0.8479484,0.04797468,0.026103875,,0.026103875,control,1,,44,control_f1_s44_in22k_v5conf,best,19
ISIC_0026964,HAM_0004372,HAM_0004372,60+,ham,5,False,5,0.018567465,0.0050951857,0.024218887,0.06557588,0.0059368247,0.8187554,0.061850358,0.029599477,,0.029599477,control,1,,44,control_f1_s44_in22k_v5conf,best,19
ISIC_0026967,HAM_0007027,HAM_0007027,60+,ham,2,False,1,0.0056149755,0.3624694,0.25455582,0.15875833,0.022187812,0.071380705,0.12503295,0.39027217,,0.39027217,control,1,,44,control_f1_s44_in22k_v5conf,best,19
ISIC_0026984,HAM_0001903,HAM_0001903,40-59,ham,0,True,0,0.8606827,0.003324483,0.004740093,0.04537875,0.052145522,0.0025982126,0.031130226,0.9161528,,0.9161528,control,1,,44,control_f1_s44_in22k_v5conf,best,19
ISIC_0026993,HAM_0005186,HAM_0005186,40-59,ham,4,True,4,0.010002094,0.006754708,0.00827419,0.06253709,0.8610113,0.002303688,0.049116842,0.87776816,,0.87776816,control,1,,44,control_f1_s44_in22k_v5conf,best,19
ISIC_0026997,HAM_0004972,HAM_0004972,40-59,ham,5,False,5,0.0114617795,0.007677043,0.0066158124,0.070112474,0.0053795637,0.8507755,0.047977872,0.024518386,,0.024518386,control,1,,44,control_f1_s44_in22k_v5conf,best,19
ISIC_0027017,HAM_0003183,HAM_0003183,60+,ham,2,False,2,0.039280236,0.010769438,0.85975385,0.0495047,0.0057205213,0.000752279,0.034218986,0.055770196,,0.055770196,control,1,,44,control_f1_s44_in22k_v5conf,best,19
ISIC_0027029,HAM_0000838,HAM_0000838,40-59,ham,5,False,5,0.008875643,0.005576208,0.00488491,0.06209883,0.010522656,0.86422807,0.04381371,0.024974506,,0.024974506,control,1,,44,control_f1_s44_in22k_v5conf,best,19
ISIC_0027032,HAM_0002093,HAM_0002093,40-59,ham,5,False,5,0.012536697,0.0074765575,0.0074584153,0.06460611,0.005676688,0.8537105,0.048535038,0.025689943,,0.025689943,control,1,,44,control_f1_s44_in22k_v5conf,best,19
ISIC_0027052,HAM_0000752,HAM_0000752,<40,ham,5,False,5,0.007824857,0.020996299,0.0029769961,0.07126424,0.004511562,0.8191368,0.07328923,0.033332717,,0.033332717,control,1,,44,control_f1_s44_in22k_v5conf,best,19
ISIC_0027093,HAM_0002959,HAM_0002959,60+,ham,1,True,1,0.008631551,0.87183344,0.008372235,0.061106484,0.0041925376,0.0047625075,0.041101266,0.8846575,,0.8846575,control,1,,44,control_f1_s44_in22k_v5conf,best,19
ISIC_0027122,HAM_0000996,HAM_0000996,60+,ham,5,False,5,0.0122442795,0.0053593344,0.06357906,0.093968935,0.005340772,0.752779,0.06672861,0.022944385,,0.022944385,control,1,,44,control_f1_s44_in22k_v5conf,best,19
ISIC_0027140,HAM_0006411,HAM_0006411,<40,ham,5,False,5,0.007909959,0.006797885,0.0050723366,0.060788535,0.009806895,0.86198026,0.0476441,0.024514738,,0.024514738,control,1,,44,control_f1_s44_in22k_v5conf,best,19
ISIC_0027144,HAM_0005064,HAM_0005064,40-59,ham,4,True,4,0.007835162,0.007799434,0.011588718,0.047927,0.8136356,0.07679492,0.034419175,0.8292702,,0.8292702,control,1,,44,control_f1_s44_in22k_v5conf,best,19
ISIC_0027170,HAM_0000323,HAM_0000323,40-59,ham,5,False,5,0.012375068,0.008297044,0.0065953108,0.0669346,0.004893321,0.85315853,0.0477461,0.025565434,,0.025565434,control,1,,44,control_f1_s44_in22k_v5conf,best,19
ISIC_0027206,HAM_0007158,HAM_0007158,40-59,ham,5,False,5,0.011531937,0.007927848,0.0070631644,0.06770405,0.006421872,0.85082966,0.048521485,0.025881656,,0.025881656,control,1,,44,control_f1_s44_in22k_v5conf,best,19
ISIC_0027209,HAM_0001849,HAM_0001849,<40,ham,5,False,5,0.008089329,0.008403746,0.0050467313,0.06743377,0.02031424,0.84250677,0.048205424,0.036807314,,0.036807314,control,1,,44,control_f1_s44_in22k_v5conf,best,19
ISIC_0027210,HAM_0006748,HAM_0006748,<40,ham,6,False,6,0.0020917943,0.0004999141,0.0012526767,0.007895449,0.0012399744,0.00024099031,0.9867792,0.0038316827,,0.0038316827,control,1,,44,control_f1_s44_in22k_v5conf,best,19
ISIC_0027212,HAM_0003341,HAM_0003341,40-59,ham,5,False,5,0.010968541,0.0071785287,0.007004204,0.06251842,0.005017843,0.8615812,0.045731194,0.023164913,,0.023164913,control,1,,44,control_f1_s44_in22k_v5conf,best,19
ISIC_0027219,HAM_0000202,HAM_0000202,40-59,ham,2,False,2,0.005400411,0.0036689118,0.900807,0.050956942,0.0030919532,0.004689312,0.03138536,0.012161275,,0.012161275,control,1,,44,control_f1_s44_in22k_v5conf,best,19
ISIC_0027225,HAM_0000405,HAM_0000405,60+,ham,5,False,5,0.010381732,0.00580434,0.015833843,0.06453942,0.0050074654,0.85006845,0.04836483,0.021193538,,0.021193538,control,1,,44,control_f1_s44_in22k_v5conf,best,19
ISIC_0027231,HAM_0005310,HAM_0005310,60+,ham,0,True,2,0.017339233,0.0020646187,0.89668113,0.045586474,0.007583445,0.0014530071,0.029292142,0.026987297,,0.026987297,control,1,,44,control_f1_s44_in22k_v5conf,best,19
ISIC_0027262,HAM_0003590,HAM_0003590,40-59,ham,5,False,5,0.012216018,0.009110076,0.008987877,0.0664982,0.0065988265,0.8374747,0.059114266,0.027924921,,0.027924921,control,1,,44,control_f1_s44_in22k_v5conf,best,19
ISIC_0027266,HAM_0003430,HAM_0003430,60+,ham,5,False,5,0.012030845,0.0059697772,0.018559676,0.07880055,0.0070155323,0.82511324,0.052510373,0.025016153,,0.025016153,control,1,,44,control_f1_s44_in22k_v5conf,best,19
ISIC_0027275,HAM_0002280,HAM_0002280,40-59,ham,2,False,2,0.005669897,0.0042272527,0.913353,0.04160926,0.002181298,0.0024044204,0.030554831,0.012078448,,0.012078448,control,1,,44,control_f1_s44_in22k_v5conf,best,19
ISIC_0027283,HAM_0000265,HAM_0000265,40-59,ham,5,False,5,0.012108042,0.006703594,0.008491481,0.06781499,0.0046260487,0.8532447,0.047011048,0.023437684,,0.023437684,control,1,,44,control_f1_s44_in22k_v5conf,best,19
ISIC_0027290,HAM_0003502,HAM_0003502,60+,ham,5,False,5,0.008975654,0.006597965,0.007191869,0.062658265,0.005440044,0.8649107,0.0442255,0.021013662,,0.021013662,control,1,,44,control_f1_s44_in22k_v5conf,best,19
ISIC_0027296,HAM_0001746,HAM_0001746,60+,ham,5,False,5,0.010274111,0.0074767387,0.009328594,0.06619887,0.005506698,0.8523278,0.048887152,0.023257548,,0.023257548,control,1,,44,control_f1_s44_in22k_v5conf,best,19
ISIC_0027297,HAM_0003186,HAM_0003186,60+,ham,1,True,1,0.011206224,0.8366961,0.031287815,0.06338182,0.006715951,0.0044233073,0.04628876,0.85461825,,0.85461825,control,1,,44,control_f1_s44_in22k_v5conf,best,19
ISIC_0027301,HAM_0003092,HAM_0003092,40-59,ham,5,False,5,0.011052652,0.008399169,0.0071699945,0.06707688,0.0069958246,0.84912294,0.05018246,0.026447646,,0.026447646,control,1,,44,control_f1_s44_in22k_v5conf,best,19
ISIC_0027308,HAM_0003496,HAM_0003496,40-59,ham,5,False,5,0.014298689,0.008330184,0.007958996,0.068754785,0.010806638,0.83651257,0.053338114,0.033435512,,0.033435512,control,1,,44,control_f1_s44_in22k_v5conf,best,19
ISIC_0027313,HAM_0001108,HAM_0001108,60+,ham,5,False,5,0.010754431,0.007325035,0.008080347,0.06570373,0.006319768,0.85435957,0.047457132,0.024399232,,0.024399232,control,1,,44,control_f1_s44_in22k_v5conf,best,19
ISIC_0027314,HAM_0006293,HAM_0006293,60+,ham,5,False,5,0.012220452,0.006545467,0.010066615,0.06469281,0.005655466,0.854352,0.046467204,0.024421385,,0.024421385,control,1,,44,control_f1_s44_in22k_v5conf,best,19
ISIC_0027320,HAM_0004506,HAM_0004506,60+,ham,2,False,4,0.039914377,0.0032392908,0.056409266,0.10450384,0.68051666,0.044041056,0.07137547,0.7236703,,0.7236703,control,1,,44,control_f1_s44_in22k_v5conf,best,19
ISIC_0027322,HAM_0001044,HAM_0001044,60+,ham,5,False,5,0.011577863,0.0075280014,0.008208795,0.06975924,0.00624388,0.8466282,0.050054077,0.025349744,,0.025349744,control,1,,44,control_f1_s44_in22k_v5conf,best,19
ISIC_0027323,HAM_0006077,HAM_0006077,40-59,ham,5,False,4,0.00911791,0.0056492956,0.0052988874,0.051858053,0.8822628,0.0077449223,0.03806798,0.89703006,,0.89703006,control,1,,44,control_f1_s44_in22k_v5conf,best,19
ISIC_0027328,HAM_0004651,HAM_0004651,60+,ham,4,True,4,0.08420192,0.0056945537,0.016090255,0.08894689,0.7354437,0.0006418953,0.0689807,0.82534015,,0.82534015,control,1,,44,control_f1_s44_in22k_v5conf,best,19
ISIC_0027345,HAM_0005091,HAM_0005091,40-59,ham,5,False,5,0.0068878117,0.007421774,0.0076378267,0.046988964,0.0060571083,0.88370186,0.04130469,0.020366693,,0.020366693,control,1,,44,control_f1_s44_in22k_v5conf,best,19
ISIC_0027358,HAM_0003767,HAM_0003767,60+,ham,5,False,5,0.012363628,0.006579641,0.023593139,0.0900354,0.0047587496,0.81334895,0.04932043,0.023702018,,0.023702018,control,1,,44,control_f1_s44_in22k_v5conf,best,19
ISIC_0027372,HAM_0004567,HAM_0004567,60+,ham,5,False,5,0.006612535,0.008035062,0.010168231,0.0829873,0.2888235,0.56179,0.041583348,0.3034711,,0.3034711,control,1,,44,control_f1_s44_in22k_v5conf,best,19
ISIC_0027381,HAM_0004452,HAM_0004452,<40,ham,5,False,5,0.012776877,0.007415359,0.007368624,0.06338599,0.0044032536,0.8554747,0.04917518,0.02459549,,0.02459549,control,1,,44,control_f1_s44_in22k_v5conf,best,19
ISIC_0027390,HAM_0005261,HAM_0005261,<40,ham,5,False,5,0.011479745,0.007829924,0.0076489677,0.07034657,0.006241756,0.8449954,0.05145762,0.025551425,,0.025551425,control,1,,44,control_f1_s44_in22k_v5conf,best,19
ISIC_0027391,HAM_0000037,HAM_0000037,40-59,ham,5,False,5,0.01119775,0.007937048,0.0073017455,0.06460322,0.006014291,0.8551652,0.047780793,0.025149088,,0.025149088,control,1,,44,control_f1_s44_in22k_v5conf,best,19
ISIC_0027404,HAM_0000570,HAM_0000570,<40,ham,5,False,5,0.010895164,0.0076440414,0.007893243,0.07355973,0.0037844193,0.84486806,0.051355306,0.022323625,,0.022323625,control,1,,44,control_f1_s44_in22k_v5conf,best,19
ISIC_0027405,HAM_0004628,HAM_0004628,40-59,ham,5,False,5,0.009725291,0.0063078897,0.0067114937,0.064593665,0.0045792554,0.86241174,0.04567072,0.020612435,,0.020612435,control,1,,44,control_f1_s44_in22k_v5conf,best,19
ISIC_0027412,HAM_0000184,HAM_0000184,40-59,ham,5,False,4,0.010797866,0.010053558,0.009725928,0.089589775,0.4803785,0.3378007,0.061653607,0.50122994,,0.50122994,control,1,,44,control_f1_s44_in22k_v5conf,best,19
ISIC_0027413,HAM_0007287,HAM_0007287,40-59,ham,5,False,5,0.011332882,0.0074563064,0.0078650825,0.06653619,0.005833943,0.8521816,0.048793953,0.02462313,,0.02462313,control,1,,44,control_f1_s44_in22k_v5conf,best,19
ISIC_0027416,HAM_0006192,HAM_0006192,40-59,ham,5,False,5,0.0130548235,0.00610317,0.010185992,0.06717345,0.00890969,0.84392035,0.050652485,0.028067686,,0.028067686,control,1,,44,control_f1_s44_in22k_v5conf,best,19
ISIC_0027429,HAM_0002853,HAM_0002853,40-59,ham,5,False,5,0.009158706,0.0069286707,0.0077497996,0.06440775,0.006720569,0.85605127,0.04898322,0.022807946,,0.022807946,control,1,,44,control_f1_s44_in22k_v5conf,best,19
ISIC_0027434,HAM_0001668,HAM_0001668,40-59,ham,5,False,5,0.008704352,0.0075793527,0.0042862752,0.06303631,0.009405969,0.8634321,0.04355562,0.025689675,,0.025689675,control,1,,44,control_f1_s44_in22k_v5conf,best,19
ISIC_0027438,HAM_0006808,HAM_0006808,60+,ham,5,False,5,0.010775393,0.0080120675,0.0075877425,0.066449,0.004834285,0.85705644,0.04528503,0.023621745,,0.023621745,control,1,,44,control_f1_s44_in22k_v5conf,best,19
ISIC_0027453,HAM_0000780,HAM_0000780,60+,ham,5,False,5,0.011078938,0.006798562,0.009701167,0.06827921,0.006065242,0.85120124,0.046875633,0.023942742,,0.023942742,control,1,,44,control_f1_s44_in22k_v5conf,best,19
ISIC_0027455,HAM_0004673,HAM_0004673,40-59,ham,2,False,5,0.0086061,0.005285702,0.059602104,0.08232975,0.22931148,0.56734735,0.047517467,0.24320328,,0.24320328,control,1,,44,control_f1_s44_in22k_v5conf,best,19
ISIC_0027467,HAM_0002531,HAM_0002531,<40,ham,5,False,5,0.011346039,0.007917927,0.006264444,0.06534229,0.00713705,0.8500166,0.051975746,0.026401017,,0.026401017,control,1,,44,control_f1_s44_in22k_v5conf,best,19
ISIC_0027472,HAM_0004256,HAM_0004256,<40,ham,5,False,5,0.0097995605,0.0064206277,0.008296012,0.06617088,0.0062763337,0.856156,0.04688058,0.022496521,,0.022496521,control,1,,44,control_f1_s44_in22k_v5conf,best,19
ISIC_0027473,HAM_0002959,HAM_0002959,60+,ham,1,True,1,0.011205714,0.8844382,0.006784437,0.052458,0.0049110763,0.003478931,0.036723632,0.900555,,0.900555,control,1,,44,control_f1_s44_in22k_v5conf,best,19
ISIC_0027479,HAM_0002180,HAM_0002180,40-59,ham,5,False,5,0.011326426,0.0075680516,0.006738232,0.06636273,0.006580302,0.85221493,0.04920935,0.02547478,,0.02547478,control,1,,44,control_f1_s44_in22k_v5conf,best,19
ISIC_0027489,HAM_0006565,HAM_0006565,60+,ham,5,False,5,0.011590949,0.007646063,0.008514186,0.06511185,0.0091459425,0.84955484,0.048436236,0.028382953,,0.028382953,control,1,,44,control_f1_s44_in22k_v5conf,best,19
ISIC_0027507,HAM_0003601,HAM_0003601,60+,ham,4,True,5,0.011892966,0.007141123,0.009858214,0.0753341,0.048649244,0.79705876,0.050065704,0.06768333,,0.06768333,control,1,,44,control_f1_s44_in22k_v5conf,best,19
ISIC_0027513,HAM_0004748,HAM_0004748,40-59,ham,2,False,2,0.016113907,0.007416039,0.9081361,0.038510934,0.00087143865,0.0008155095,0.028136011,0.024401385,,0.024401385,control,1,,44,control_f1_s44_in22k_v5conf,best,19
ISIC_0027514,HAM_0000637,HAM_0000637,60+,ham,5,False,5,0.009073537,0.005961388,0.0053666695,0.05887708,0.0074047674,0.86713207,0.04618452,0.022439692,,0.022439692,control,1,,44,control_f1_s44_in22k_v5conf,best,19
ISIC_0027516,HAM_0001685,HAM_0001685,<40,ham,5,False,5,0.010520808,0.006293892,0.0072099846,0.06623948,0.005839127,0.85657364,0.047323145,0.02265383,,0.02265383,control,1,,44,control_f1_s44_in22k_v5conf,best,19
ISIC_0027542,HAM_0007509,HAM_0007509,60+,ham,5,False,5,0.012497945,0.006930009,0.007967866,0.06405091,0.005937701,0.8565512,0.046064343,0.025365654,,0.025365654,control,1,,44,control_f1_s44_in22k_v5conf,best,19
ISIC_0027551,HAM_0006035,HAM_0006035,60+,ham,5,False,5,0.013238497,0.0066647027,0.010170201,0.06739854,0.005136594,0.8512489,0.046142533,0.025039794,,0.025039794,control,1,,44,control_f1_s44_in22k_v5conf,best,19
ISIC_0027561,HAM_0004565,HAM_0004565,60+,ham,4,True,2,0.011917256,0.0047053876,0.83862966,0.04488371,0.051878884,0.0044531426,0.043532,0.06850153,,0.06850153,control,1,,44,control_f1_s44_in22k_v5conf,best,19
ISIC_0027562,HAM_0007622,HAM_0007622,60+,ham,0,True,0,0.9050386,0.0010027459,0.03239592,0.026214506,0.010157037,0.0018486156,0.023342708,0.9161984,,0.9161984,control,1,,44,control_f1_s44_in22k_v5conf,best,19
ISIC_0027563,HAM_0002788,HAM_0002788,60+,ham,6,False,5,0.009596002,0.021373492,0.005716049,0.075814724,0.003639499,0.48102227,0.4028379,0.034608994,,0.034608994,control,1,,44,control_f1_s44_in22k_v5conf,best,19
ISIC_0027566,HAM_0004664,HAM_0004664,<40,ham,5,False,5,0.010529688,0.006637153,0.0069127358,0.06490037,0.0070726685,0.8572139,0.046733424,0.02423951,,0.02423951,control,1,,44,control_f1_s44_in22k_v5conf,best,19
ISIC_0027568,HAM_0006398,HAM_0006398,60+,ham,5,False,4,0.015211978,0.008526012,0.01086024,0.06731489,0.6663953,0.18588698,0.045804583,0.6901333,,0.6901333,control,1,,44,control_f1_s44_in22k_v5conf,best,19
ISIC_0027575,HAM_0002758,HAM_0002758,40-59,ham,5,False,5,0.011461676,0.007748202,0.013738136,0.07058717,0.0036881168,0.8398267,0.052950002,0.022897996,,0.022897996,control,1,,44,control_f1_s44_in22k_v5conf,best,19
ISIC_0027593,HAM_0004552,HAM_0004552,60+,ham,5,False,5,0.01259211,0.0082083,0.010476123,0.06520287,0.0056800675,0.8479487,0.04989181,0.026480477,,0.026480477,control,1,,44,control_f1_s44_in22k_v5conf,best,19
ISIC_0027602,HAM_0001006,HAM_0001006,40-59,ham,5,False,5,0.012046885,0.0073396126,0.007355599,0.06587907,0.0056353947,0.8523211,0.049422335,0.025021892,,0.025021892,control,1,,44,control_f1_s44_in22k_v5conf,best,19
ISIC_0027608,HAM_0005610,HAM_0005610,60+,ham,2,False,2,0.0074811233,0.013412679,0.8894171,0.04712001,0.0041900375,0.0014743432,0.036904745,0.025083838,,0.025083838,control,1,,44,control_f1_s44_in22k_v5conf,best,19
ISIC_0027616,HAM_0007620,HAM_0007620,40-59,ham,4,True,5,0.022439264,0.0028040318,0.0054584458,0.042005476,0.0071868156,0.88770217,0.032403816,0.032430112,,0.032430112,control,1,,44,control_f1_s44_in22k_v5conf,best,19
ISIC_0027622,HAM_0006467,HAM_0006467,40-59,ham,4,True,4,0.011377322,0.00686996,0.008062764,0.057203062,0.8665891,0.0034513723,0.046446323,0.88483644,,0.88483644,control,1,,44,control_f1_s44_in22k_v5conf,best,19
ISIC_0027629,HAM_0002427,HAM_0002427,60+,ham,1,True,1,0.0076590064,0.8839641,0.0010491208,0.046138074,0.0037124697,0.015901607,0.041575704,0.8953356,,0.8953356,control,1,,44,control_f1_s44_in22k_v5conf,best,19
ISIC_0027631,HAM_0004440,HAM_0004440,60+,ham,1,True,1,0.007673535,0.8615452,0.0031857751,0.06193044,0.0022364964,0.015687682,0.047740933,0.87145525,,0.87145525,control,1,,44,control_f1_s44_in22k_v5conf,best,19
ISIC_0027632,HAM_0005548,HAM_0005548,40-59,ham,5,False,5,0.010117935,0.006586645,0.0068364544,0.061255325,0.00822136,0.8604556,0.046526756,0.02492594,,0.02492594,control,1,,44,control_f1_s44_in22k_v5conf,best,19
ISIC_0027641,HAM_0006084,HAM_0006084,60+,ham,5,False,5,0.012606313,0.008633991,0.008071989,0.06959177,0.0059258807,0.8474666,0.04770351,0.027166186,,0.027166186,control,1,,44,control_f1_s44_in22k_v5conf,best,19
ISIC_0027643,HAM_0003215,HAM_0003215,40-59,ham,5,False,5,0.009904218,0.0059291585,0.005228155,0.06190173,0.0070944573,0.86131227,0.048629917,0.022927834,,0.022927834,control,1,,44,control_f1_s44_in22k_v5conf,best,19
ISIC_0027650,HAM_0002648,HAM_0002648,40-59,ham,0,True,0,0.4125412,0.008594641,0.12774731,0.06857192,0.33016437,0.0015495677,0.050831072,0.7513002,,0.7513002,control,1,,44,control_f1_s44_in22k_v5conf,best,19
ISIC_0027652,HAM_0004958,HAM_0004958,60+,ham,2,False,2,0.0047333734,0.0033745007,0.9321677,0.028371792,0.0037137284,0.0052846135,0.022354335,0.011821603,,0.011821603,control,1,,44,control_f1_s44_in22k_v5conf,best,19
ISIC_0027656,HAM_0002578,HAM_0002578,40-59,ham,5,False,5,0.010510566,0.0056442125,0.0072435946,0.06412092,0.004512703,0.8619798,0.045988314,0.02066748,,0.02066748,control,1,,44,control_f1_s44_in22k_v5conf,best,19
ISIC_0027666,HAM_0001856,HAM_0001856,40-59,ham,5,False,5,0.012311708,0.008270366,0.008610406,0.068864204,0.0053568184,0.84744656,0.049139965,0.025938893,,0.025938893,control,1,,44,control_f1_s44_in22k_v5conf,best,19
ISIC_0027668,HAM_0001386,HAM_0001386,60+,ham,0,True,4,0.0074632396,0.0030434774,0.00335638,0.04722262,0.8863578,0.009264011,0.043292504,0.8968645,,0.8968645,control,1,,44,control_f1_s44_in22k_v5conf,best,19
ISIC_0027671,HAM_0000971,HAM_0000971,<40,ham,5,False,5,0.0080079725,0.0074433424,0.007970141,0.06495911,0.009712616,0.855157,0.046749778,0.02516393,,0.02516393,control,1,,44,control_f1_s44_in22k_v5conf,best,19
ISIC_0027673,HAM_0002430,HAM_0002430,60+,ham,4,True,4,0.007959521,0.0042584203,0.0068783215,0.050106473,0.88741595,0.002085503,0.04129588,0.8996339,,0.8996339,control,1,,44,control_f1_s44_in22k_v5conf,best,19
ISIC_0027683,HAM_0005738,HAM_0005738,40-59,ham,5,False,5,0.010183636,0.005665161,0.014497806,0.064220496,0.0053622373,0.853136,0.046934687,0.021211034,,0.021211034,control,1,,44,control_f1_s44_in22k_v5conf,best,19
ISIC_0027688,HAM_0001936,HAM_0001936,60+,ham,5,False,5,0.01426635,0.0049821194,0.023075873,0.0706502,0.006762033,0.8294578,0.05080565,0.026010504,,0.026010504,control,1,,44,control_f1_s44_in22k_v5conf,best,19
ISIC_0027689,HAM_0003819,HAM_0003819,40-59,ham,5,False,5,0.00782778,0.0058211084,0.007243067,0.07525122,0.0047594467,0.85206753,0.04702986,0.018408336,,0.018408336,control,1,,44,control_f1_s44_in22k_v5conf,best,19
ISIC_0027694,HAM_0007405,HAM_0007405,40-59,ham,5,False,5,0.0099806655,0.0072517013,0.009675447,0.06362184,0.006845107,0.8548855,0.047739573,0.024077473,,0.024077473,control,1,,44,control_f1_s44_in22k_v5conf,best,19
ISIC_0027704,HAM_0001440,HAM_0001440,60+,ham,1,True,1,0.006678643,0.87914866,0.0073497444,0.053367577,0.005098869,0.0051532667,0.043203153,0.8909262,,0.8909262,control,1,,44,control_f1_s44_in22k_v5conf,best,19
ISIC_0027715,HAM_0006126,HAM_0006126,40-59,ham,5,False,5,0.0112312585,0.006241269,0.0057440926,0.061716985,0.0077836537,0.85675174,0.050531015,0.025256181,,0.025256181,control,1,,44,control_f1_s44_in22k_v5conf,best,19
ISIC_0027721,HAM_0004364,HAM_0004364,60+,ham,4,True,4,0.006913575,0.004702239,0.029621558,0.061414696,0.8484543,0.0014457703,0.047447816,0.8600701,,0.8600701,control,1,,44,control_f1_s44_in22k_v5conf,best,19
ISIC_0027725,HAM_0005775,HAM_0005775,40-59,ham,5,False,4,0.00629707,0.0063392064,0.005517602,0.0716912,0.80486244,0.049780164,0.055512287,0.81749874,,0.81749874,control,1,,44,control_f1_s44_in22k_v5conf,best,19
ISIC_0027731,HAM_0000437,HAM_0000437,40-59,ham,5,False,5,0.010669271,0.0076331836,0.006538358,0.066626094,0.005940567,0.8573418,0.04525071,0.024243023,,0.024243023,control,1,,44,control_f1_s44_in22k_v5conf,best,19
ISIC_0027732,HAM_0006132,HAM_0006132,40-59,ham,5,False,5,0.011249648,0.0071039745,0.0060956376,0.06635073,0.006613998,0.852542,0.050043967,0.02496762,,0.02496762,control,1,,44,control_f1_s44_in22k_v5conf,best,19
ISIC_0027734,HAM_0002670,HAM_0002670,60+,ham,5,False,5,0.009461542,0.004099268,0.009632496,0.045384716,0.020613074,0.8603895,0.050419435,0.034173883,,0.034173883,control,1,,44,control_f1_s44_in22k_v5conf,best,19
ISIC_0027747,HAM_0005932,HAM_0005932,40-59,ham,2,False,5,0.014604518,0.0040797065,0.29287744,0.10287049,0.0046087955,0.51248926,0.068469815,0.02329302,,0.02329302,control,1,,44,control_f1_s44_in22k_v5conf,best,19
ISIC_0027749,HAM_0000466,HAM_0000466,40-59,ham,5,False,5,0.012365393,0.00857677,0.008394705,0.06855194,0.005564366,0.8458473,0.050699547,0.026506528,,0.026506528,control,1,,44,control_f1_s44_in22k_v5conf,best,19
ISIC_0027773,HAM_0007360,HAM_0007360,<40,ham,5,False,5,0.009419098,0.0057263356,0.00548085,0.055554204,0.010678124,0.86785585,0.045285545,0.025823556,,0.025823556,control,1,,44,control_f1_s44_in22k_v5conf,best,19
ISIC_0027794,HAM_0002072,HAM_0002072,40-59,ham,5,False,5,0.010894212,0.0055664806,0.012690267,0.06936342,0.0055737467,0.85220486,0.043707058,0.02203444,,0.02203444,control,1,,44,control_f1_s44_in22k_v5conf,best,19
ISIC_0027812,HAM_0004546,HAM_0004546,40-59,ham,5,False,5,0.009915753,0.008409373,0.005328464,0.06465711,0.0053042187,0.8594818,0.04690332,0.023629347,,0.023629347,control,1,,44,control_f1_s44_in22k_v5conf,best,19
ISIC_0027821,HAM_0006126,HAM_0006126,40-59,ham,5,False,5,0.010118672,0.0055995733,0.008034562,0.05967007,0.012748788,0.8541788,0.049649514,0.028467033,,0.028467033,control,1,,44,control_f1_s44_in22k_v5conf,best,19
ISIC_0027824,HAM_0000343,HAM_0000343,60+,ham,5,False,5,0.012875084,0.0074590202,0.008136127,0.068126544,0.0060846824,0.8481286,0.04918989,0.026418786,,0.026418786,control,1,,44,control_f1_s44_in22k_v5conf,best,19
ISIC_0027832,HAM_0003509,HAM_0003509,60+,ham,4,True,5,0.0067123524,0.0052469787,0.034643963,0.027052527,0.07774111,0.8142313,0.034371823,0.08970044,,0.08970044,control,1,,44,control_f1_s44_in22k_v5conf,best,19
ISIC_0027834,HAM_0002138,HAM_0002138,40-59,ham,5,False,5,0.011142728,0.007823498,0.009399498,0.066560134,0.0046814447,0.8512428,0.04914982,0.02364767,,0.02364767,control,1,,44,control_f1_s44_in22k_v5conf,best,19
ISIC_0027848,HAM_0000930,HAM_0000930,<40,ham,5,False,5,0.0130170705,0.007736315,0.0070884246,0.067799255,0.008187956,0.84728664,0.04888433,0.02894134,,0.02894134,control,1,,44,control_f1_s44_in22k_v5conf,best,19
ISIC_0027853,HAM_0004068,HAM_0004068,<40,ham,5,False,4,0.012503599,0.0026101782,0.16162278,0.08843809,0.42568645,0.23295884,0.076180026,0.44080022,,0.44080022,control,1,,44,control_f1_s44_in22k_v5conf,best,19
ISIC_0027867,HAM_0003430,HAM_0003430,60+,ham,5,False,5,0.01045956,0.006504521,0.00922564,0.07218621,0.006383663,0.84904516,0.046195254,0.023347745,,0.023347745,control,1,,44,control_f1_s44_in22k_v5conf,best,19
ISIC_0027872,HAM_0004784,HAM_0004784,40-59,ham,4,True,4,0.0020506422,0.008008092,0.011477365,0.04934694,0.8955057,0.0029812707,0.030629987,0.9055645,,0.9055645,control,1,,44,control_f1_s44_in22k_v5conf,best,19
ISIC_0027882,HAM_0001823,HAM_0001823,40-59,ham,5,False,5,0.012749272,0.0072753076,0.0074895085,0.06424629,0.005957304,0.8530043,0.049278,0.025981883,,0.025981883,control,1,,44,control_f1_s44_in22k_v5conf,best,19
ISIC_0027891,HAM_0003417,HAM_0003417,40-59,ham,5,False,5,0.011144372,0.008125223,0.0080527635,0.06514199,0.00633263,0.8529169,0.048286133,0.025602225,,0.025602225,control,1,,44,control_f1_s44_in22k_v5conf,best,19
ISIC_0027905,HAM_0006770,HAM_0006770,60+,ham,2,False,5,0.013934627,0.010608931,0.027038792,0.07691907,0.018329706,0.79696167,0.05620713,0.042873263,,0.042873263,control,1,,44,control_f1_s44_in22k_v5conf,best,19
ISIC_0027909,HAM_0000139,HAM_0000139,40-59,ham,5,False,5,0.011310634,0.0072493586,0.008331533,0.06614067,0.00674017,0.8532078,0.047019754,0.025300162,,0.025300162,control,1,,44,control_f1_s44_in22k_v5conf,best,19
ISIC_0027926,HAM_0006360,HAM_0006360,40-59,ham,5,False,5,0.011228483,0.0074063297,0.010097764,0.0661054,0.0058507347,0.8502883,0.049023047,0.024485547,,0.024485547,control,1,,44,control_f1_s44_in22k_v5conf,best,19
ISIC_0027927,HAM_0006614,HAM_0006614,40-59,ham,5,False,5,0.011306814,0.007928404,0.007299963,0.0679439,0.0064484095,0.8504095,0.048663035,0.025683627,,0.025683627,control,1,,44,control_f1_s44_in22k_v5conf,best,19
ISIC_0027933,HAM_0000070,HAM_0000070,40-59,ham,5,False,5,0.013691353,0.0078458,0.005570256,0.059354067,0.0101176305,0.8618743,0.041546628,0.031654783,,0.031654783,control,1,,44,control_f1_s44_in22k_v5conf,best,19
ISIC_0027936,HAM_0000428,HAM_0000428,40-59,ham,5,False,5,0.012533874,0.0070339316,0.007565034,0.065899245,0.0049185883,0.8529942,0.04905506,0.024486395,,0.024486395,control,1,,44,control_f1_s44_in22k_v5conf,best,19
ISIC_0027947,HAM_0004416,HAM_0004416,40-59,ham,5,False,5,0.011390702,0.0067986315,0.00858126,0.06257168,0.0052433717,0.8618837,0.043530703,0.023432706,,0.023432706,control,1,,44,control_f1_s44_in22k_v5conf,best,19
ISIC_0027953,HAM_0006907,HAM_0006907,<40,ham,2,False,0,0.59143496,0.0024605023,0.2945934,0.059416793,0.0065709637,0.004755884,0.040767457,0.6004664,,0.6004664,control,1,,44,control_f1_s44_in22k_v5conf,best,19
ISIC_0027961,HAM_0005365,HAM_0005365,<40,ham,5,False,5,0.010953505,0.00715601,0.0046170256,0.06590427,0.0035869237,0.86395293,0.04382924,0.021696439,,0.021696439,control,1,,44,control_f1_s44_in22k_v5conf,best,19
ISIC_0027969,HAM_0006170,HAM_0006170,60+,ham,2,False,2,0.025324233,0.0042503253,0.6637231,0.060766164,0.0039686575,0.19881555,0.043151923,0.033543214,,0.033543214,control,1,,44,control_f1_s44_in22k_v5conf,best,19
ISIC_0027970,HAM_0006551,HAM_0006551,<40,ham,5,False,5,0.010103919,0.0072485595,0.005998723,0.06781432,0.0046711224,0.85137784,0.052785493,0.022023601,,0.022023601,control,1,,44,control_f1_s44_in22k_v5conf,best,19
ISIC_0027971,HAM_0007082,HAM_0007082,40-59,ham,5,False,5,0.01214467,0.007380125,0.008078391,0.07012422,0.0059922277,0.8473351,0.04894533,0.025517022,,0.025517022,control,1,,44,control_f1_s44_in22k_v5conf,best,19
ISIC_0027980,HAM_0004144,HAM_0004144,<40,ham,5,False,5,0.011280441,0.00748027,0.00669161,0.06367942,0.0053686304,0.8558414,0.0496582,0.024129342,,0.024129342,control,1,,44,control_f1_s44_in22k_v5conf,best,19
ISIC_0027982,HAM_0004423,HAM_0004423,60+,ham,2,False,2,0.01558922,0.0032957012,0.67392886,0.05034453,0.0048016165,0.18712892,0.06491112,0.023686538,,0.023686538,control,1,,44,control_f1_s44_in22k_v5conf,best,19
ISIC_0027989,HAM_0000113,HAM_0000113,60+,ham,2,False,5,0.011760658,0.006076311,0.08486557,0.09217275,0.015703477,0.6418097,0.14761153,0.033540446,,0.033540446,control,1,,44,control_f1_s44_in22k_v5conf,best,19
ISIC_0027991,HAM_0002722,HAM_0002722,40-59,ham,2,False,0,0.89483756,0.00033932956,0.033011887,0.024852704,0.015557977,0.0006671907,0.030733407,0.9107349,,0.9107349,control,1,,44,control_f1_s44_in22k_v5conf,best,19
ISIC_0027994,HAM_0007525,HAM_0007525,60+,ham,5,False,5,0.011482819,0.006543346,0.011827539,0.07328537,0.006760735,0.8388129,0.05128723,0.0247869,,0.0247869,control,1,,44,control_f1_s44_in22k_v5conf,best,19
ISIC_0027995,HAM_0001317,HAM_0001317,40-59,ham,5,False,5,0.011845431,0.006425329,0.007420487,0.06604894,0.00513235,0.8556855,0.047442004,0.023403112,,0.023403112,control,1,,44,control_f1_s44_in22k_v5conf,best,19
ISIC_0028002,HAM_0002168,HAM_0002168,<40,ham,5,False,5,0.01352934,0.008438615,0.0050088004,0.07044501,0.0036110685,0.8517219,0.047245283,0.025579024,,0.025579024,control,1,,44,control_f1_s44_in22k_v5conf,best,19
ISIC_0028018,HAM_0002468,HAM_0002468,40-59,ham,5,False,5,0.011166149,0.0078660315,0.0065993946,0.06598139,0.0051312735,0.8543066,0.04894928,0.024163455,,0.024163455,control,1,,44,control_f1_s44_in22k_v5conf,best,19
ISIC_0028041,HAM_0000796,HAM_0000796,60+,ham,4,True,3,0.0009660888,0.00023666241,0.13903648,0.8464921,0.002005346,0.0010436291,0.010219713,0.003208097,,0.003208097,control,1,,44,control_f1_s44_in22k_v5conf,best,19
ISIC_0028046,HAM_0003719,HAM_0003719,40-59,ham,5,False,5,0.010520872,0.008037927,0.007790915,0.066191226,0.0063725347,0.85461557,0.04647104,0.024931334,,0.024931334,control,1,,44,control_f1_s44_in22k_v5conf,best,19
ISIC_0028049,HAM_0004051,HAM_0004051,40-59,ham,5,False,5,0.011004645,0.007991285,0.0072269337,0.064984255,0.006152854,0.854502,0.04813792,0.025148783,,0.025148783,control,1,,44,control_f1_s44_in22k_v5conf,best,19
ISIC_0028051,HAM_0006636,HAM_0006636,40-59,ham,4,True,5,0.02047848,0.008035944,0.008290011,0.06769434,0.06660932,0.7792727,0.04961921,0.095123746,,0.095123746,control,1,,44,control_f1_s44_in22k_v5conf,best,19
ISIC_0028055,HAM_0002697,HAM_0002697,40-59,ham,5,False,5,0.010838022,0.007862343,0.007381742,0.06603116,0.008071658,0.853217,0.046597965,0.026772022,,0.026772022,control,1,,44,control_f1_s44_in22k_v5conf,best,19
ISIC_0028064,HAM_0006392,HAM_0006392,<40,ham,5,False,5,0.010811671,0.008472657,0.007888687,0.066143505,0.006524778,0.85181004,0.048348587,0.025809105,,0.025809105,control,1,,44,control_f1_s44_in22k_v5conf,best,19
ISIC_0028068,HAM_0002331,HAM_0002331,<40,ham,5,False,5,0.012423859,0.0077258884,0.0077899485,0.06819483,0.0062798625,0.84882885,0.04875676,0.026429608,,0.026429608,control,1,,44,control_f1_s44_in22k_v5conf,best,19
ISIC_0028093,HAM_0004073,HAM_0004073,<40,ham,5,False,5,0.010126482,0.0074958866,0.007042413,0.06532863,0.0057492475,0.8594135,0.044843916,0.023371616,,0.023371616,control,1,,44,control_f1_s44_in22k_v5conf,best,19
ISIC_0028095,HAM_0001926,HAM_0001926,60+,ham,1,True,1,0.018194303,0.73989993,0.046899706,0.09076659,0.012435907,0.02131184,0.07049174,0.77053016,,0.77053016,control,1,,44,control_f1_s44_in22k_v5conf,best,19
ISIC_0028100,HAM_0001510,HAM_0001510,60+,ham,2,False,1,0.0067418236,0.50097305,0.05368048,0.15407789,0.004268962,0.23091377,0.049344055,0.5119838,,0.5119838,control,1,,44,control_f1_s44_in22k_v5conf,best,19
ISIC_0028102,HAM_0004793,HAM_0004793,60+,ham,5,False,5,0.011119755,0.0070196055,0.0067258677,0.06761618,0.0053296387,0.8516069,0.050582036,0.023469,,0.023469,control,1,,44,control_f1_s44_in22k_v5conf,best,19
ISIC_0028110,HAM_0002803,HAM_0002803,40-59,ham,5,False,5,0.009565371,0.0067944285,0.007409861,0.06548063,0.0053996174,0.8570076,0.04834248,0.021759417,,0.021759417,control,1,,44,control_f1_s44_in22k_v5conf,best,19
ISIC_0028114,HAM_0002430,HAM_0002430,60+,ham,4,True,4,0.007698623,0.0043960037,0.0068801893,0.050020408,0.8887708,0.0021297496,0.04010433,0.90086544,,0.90086544,control,1,,44,control_f1_s44_in22k_v5conf,best,19
ISIC_0028134,HAM_0004022,HAM_0004022,<40,ham,5,False,5,0.010598505,0.0071808025,0.0061174813,0.06437282,0.008750269,0.85476273,0.048217457,0.026529577,,0.026529577,control,1,,44,control_f1_s44_in22k_v5conf,best,19
ISIC_0028148,HAM_0003176,HAM_0003176,60+,ham,4,True,5,0.011528931,0.008805139,0.008909683,0.08971142,0.1788411,0.6307758,0.07142796,0.19917516,,0.19917516,control,1,,44,control_f1_s44_in22k_v5conf,best,19
ISIC_0028154,HAM_0002856,HAM_0002856,60+,ham,5,False,5,0.013482734,0.01019365,0.0058323615,0.075108625,0.004179482,0.8359382,0.05526497,0.027855866,,0.027855866,control,1,,44,control_f1_s44_in22k_v5conf,best,19
ISIC_0028164,HAM_0006443,HAM_0006443,40-59,ham,5,False,5,0.013511269,0.0067637516,0.010707306,0.07170373,0.005461853,0.8398124,0.0520397,0.025736874,,0.025736874,control,1,,44,control_f1_s44_in22k_v5conf,best,19
ISIC_0028173,HAM_0005927,HAM_0005927,40-59,ham,4,True,5,0.00873956,0.009563591,0.0082827145,0.0729563,0.018830951,0.82070035,0.06092657,0.037134103,,0.037134103,control,1,,44,control_f1_s44_in22k_v5conf,best,19
ISIC_0028177,HAM_0000031,HAM_0000031,40-59,ham,5,False,5,0.013208842,0.0077077025,0.008388778,0.06961454,0.0067871423,0.8458021,0.0484909,0.027703686,,0.027703686,control,1,,44,control_f1_s44_in22k_v5conf,best,19
ISIC_0028178,HAM_0006083,HAM_0006083,<40,ham,5,False,5,0.012703878,0.0077483356,0.0076217228,0.066091515,0.007948287,0.84916097,0.048725326,0.0284005,,0.0284005,control,1,,44,control_f1_s44_in22k_v5conf,best,19
ISIC_0028183,HAM_0003159,HAM_0003159,<40,ham,5,False,5,0.012116485,0.009741363,0.006660553,0.06653067,0.005848801,0.84922665,0.049875442,0.02770665,,0.02770665,control,1,,44,control_f1_s44_in22k_v5conf,best,19
ISIC_0028185,HAM_0005252,HAM_0005252,40-59,ham,5,False,5,0.018528506,0.010674465,0.008611872,0.06948291,0.007206968,0.8296194,0.055875845,0.03640994,,0.03640994,control,1,,44,control_f1_s44_in22k_v5conf,best,19
ISIC_0028187,HAM_0006471,HAM_0006471,60+,ham,5,False,5,0.0120455185,0.005692217,0.008916204,0.06473489,0.006031832,0.857369,0.04521047,0.023769567,,0.023769567,control,1,,44,control_f1_s44_in22k_v5conf,best,19
ISIC_0028192,HAM_0006656,HAM_0006656,40-59,ham,5,False,5,0.013225362,0.008294481,0.009282045,0.06942559,0.0073199933,0.8408196,0.05163286,0.028839838,,0.028839838,control,1,,44,control_f1_s44_in22k_v5conf,best,19
ISIC_0028193,HAM_0007554,HAM_0007554,40-59,ham,5,False,5,0.011740552,0.007972029,0.009176296,0.06332472,0.004057142,0.85334384,0.05038546,0.023769725,,0.023769725,control,1,,44,control_f1_s44_in22k_v5conf,best,19
ISIC_0028198,HAM_0005064,HAM_0005064,40-59,ham,4,True,4,0.0072660153,0.0045679277,0.008024141,0.051584736,0.8641862,0.016457131,0.04791381,0.8760202,,0.8760202,control,1,,44,control_f1_s44_in22k_v5conf,best,19
ISIC_0028202,HAM_0004942,HAM_0004942,60+,ham,5,False,4,0.0068602087,0.0050836713,0.0043603727,0.057032693,0.8695056,0.018059088,0.039098416,0.88144946,,0.88144946,control,1,,44,control_f1_s44_in22k_v5conf,best,19
ISIC_0028208,HAM_0002398,HAM_0002398,60+,ham,5,False,5,0.008711291,0.005588891,0.010109779,0.06288322,0.004774611,0.86412734,0.043804906,0.019074792,,0.019074792,control,1,,44,control_f1_s44_in22k_v5conf,best,19
ISIC_0028215,HAM_0005557,HAM_0005557,60+,ham,4,True,4,0.0073813726,0.007004343,0.005762176,0.05010939,0.8858011,0.0028972025,0.04104453,0.9001868,,0.9001868,control,1,,44,control_f1_s44_in22k_v5conf,best,19
ISIC_0028219,HAM_0000233,HAM_0000233,40-59,ham,4,True,5,0.011805079,0.006512458,0.008746734,0.071064755,0.00969196,0.8389829,0.05319619,0.028009497,,0.028009497,control,1,,44,control_f1_s44_in22k_v5conf,best,19
ISIC_0028220,HAM_0004559,HAM_0004559,60+,ham,4,True,5,0.006608167,0.0048726266,0.021454442,0.058878366,0.0049309335,0.86326516,0.03999034,0.016411727,,0.016411727,control,1,,44,control_f1_s44_in22k_v5conf,best,19
ISIC_0028225,HAM_0001349,HAM_0001349,60+,ham,4,True,4,0.008253584,0.0032947261,0.0053249747,0.045476127,0.8976881,0.004213251,0.03574926,0.9092364,,0.9092364,control,1,,44,control_f1_s44_in22k_v5conf,best,19
ISIC_0028230,HAM_0004519,HAM_0004519,<40,ham,5,False,5,0.013555804,0.008506065,0.006019506,0.08133143,0.33368975,0.49987414,0.05702331,0.35575163,,0.35575163,control,1,,44,control_f1_s44_in22k_v5conf,best,19
ISIC_0028232,HAM_0003123,HAM_0003123,60+,ham,0,True,0,0.91326773,0.007342505,0.0049893116,0.04089135,0.0031212803,0.002495778,0.027892072,0.9237315,,0.9237315,control,1,,44,control_f1_s44_in22k_v5conf,best,19
ISIC_0028236,HAM_0002731,HAM_0002731,60+,ham,2,False,5,0.011408531,0.0058732415,0.048854586,0.05821713,0.005468204,0.8140187,0.056159563,0.022749977,,0.022749977,control,1,,44,control_f1_s44_in22k_v5conf,best,19
ISIC_0028244,HAM_0001533,HAM_0001533,40-59,ham,5,False,5,0.009663324,0.0067700306,0.007231158,0.06659613,0.027723497,0.83626986,0.04574593,0.04415685,,0.04415685,control,1,,44,control_f1_s44_in22k_v5conf,best,19
ISIC_0028245,HAM_0006067,HAM_0006067,40-59,ham,5,False,5,0.012078508,0.008517281,0.007431346,0.069178015,0.006045307,0.8462343,0.050515283,0.026641097,,0.026641097,control,1,,44,control_f1_s44_in22k_v5conf,best,19
ISIC_0028250,HAM_0004727,HAM_0004727,40-59,ham,5,False,5,0.011523765,0.0070930035,0.008639523,0.065574944,0.007431366,0.85246634,0.047270987,0.026048133,,0.026048133,control,1,,44,control_f1_s44_in22k_v5conf,best,19
ISIC_0028258,HAM_0002757,HAM_0002757,60+,ham,2,False,2,0.020603564,0.0027288427,0.8974532,0.03335347,0.0016104502,0.007854346,0.036396127,0.024942856,,0.024942856,control,1,,44,control_f1_s44_in22k_v5conf,best,19
ISIC_0028260,HAM_0005139,HAM_0005139,40-59,ham,5,False,5,0.010678015,0.007832347,0.0060427203,0.06753598,0.0060320715,0.8527716,0.049107317,0.024542434,,0.024542434,control,1,,44,control_f1_s44_in22k_v5conf,best,19
ISIC_0028270,HAM_0004710,HAM_0004710,40-59,ham,5,False,5,0.011888816,0.006973322,0.006716442,0.063223645,0.005956413,0.85878265,0.04645868,0.02481855,,0.02481855,control,1,,44,control_f1_s44_in22k_v5conf,best,19
ISIC_0028275,HAM_0000991,HAM_0000991,<40,ham,5,False,5,0.011956614,0.007348258,0.0076887934,0.06985809,0.0057957913,0.8497848,0.0475676,0.025100663,,0.025100663,control,1,,44,control_f1_s44_in22k_v5conf,best,19
ISIC_0028278,HAM_0002191,HAM_0002191,40-59,ham,5,False,5,0.009608739,0.0064623156,0.013063615,0.06680495,0.0064465916,0.85157657,0.04603726,0.022517648,,0.022517648,control,1,,44,control_f1_s44_in22k_v5conf,best,19
ISIC_0028280,HAM_0001002,HAM_0001002,40-59,ham,5,False,4,0.0050432044,0.0049196486,0.0060550924,0.059524916,0.83534825,0.03997975,0.049129147,0.8453111,,0.8453111,control,1,,44,control_f1_s44_in22k_v5conf,best,19
ISIC_0028290,HAM_0000348,HAM_0000348,<40,ham,5,False,5,0.010061874,0.007416486,0.006187311,0.06769051,0.0048426082,0.8538013,0.049999878,0.022320967,,0.022320967,control,1,,44,control_f1_s44_in22k_v5conf,best,19
ISIC_0028309,HAM_0006770,HAM_0006770,60+,ham,2,False,5,0.012674326,0.006415136,0.03610564,0.08478628,0.014279056,0.7854531,0.060286544,0.03336852,,0.03336852,control,1,,44,control_f1_s44_in22k_v5conf,best,19
ISIC_0028310,HAM_0000693,HAM_0000693,40-59,ham,5,False,5,0.013214127,0.036733095,0.004481243,0.07287521,0.006196533,0.80484456,0.061655335,0.056143753,,0.056143753,control,1,,44,control_f1_s44_in22k_v5conf,best,19
ISIC_0028313,HAM_0004166,HAM_0004166,40-59,ham,5,False,5,0.0098043205,0.007295997,0.0059694177,0.064064905,0.006519918,0.8595322,0.046813183,0.023620235,,0.023620235,control,1,,44,control_f1_s44_in22k_v5conf,best,19
ISIC_0028323,HAM_0001900,HAM_0001900,60+,ham,1,True,1,0.03251498,0.84085786,0.009967452,0.063130714,0.007358585,0.0025556332,0.043614686,0.88073146,,0.88073146,control,1,,44,control_f1_s44_in22k_v5conf,best,19
ISIC_0028333,HAM_0002259,HAM_0002259,60+,ham,5,False,5,0.0074246093,0.017287945,0.05126392,0.12540653,0.0062847757,0.7385585,0.0537737,0.03099733,,0.03099733,control,1,,44,control_f1_s44_in22k_v5conf,best,19
ISIC_0028341,HAM_0006804,HAM_0006804,40-59,ham,5,False,5,0.010096031,0.007902998,0.0066685206,0.06630349,0.0063821417,0.8555127,0.047134217,0.02438117,,0.02438117,control,1,,44,control_f1_s44_in22k_v5conf,best,19
ISIC_0028342,HAM_0006008,HAM_0006008,<40,ham,5,False,5,0.0116557935,0.007982048,0.007567709,0.06577526,0.005253998,0.8540452,0.04772006,0.02489184,,0.02489184,control,1,,44,control_f1_s44_in22k_v5conf,best,19
ISIC_0028345,HAM_0007298,HAM_0007298,40-59,ham,5,False,5,0.009575035,0.007839508,0.006415599,0.065055676,0.008911132,0.85615224,0.04605077,0.026325677,,0.026325677,control,1,,44,control_f1_s44_in22k_v5conf,best,19
ISIC_0028365,HAM_0007209,HAM_0007209,40-59,ham,5,False,5,0.008410937,0.005329423,0.008522997,0.063108735,0.0061279223,0.86440724,0.044092827,0.019868283,,0.019868283,control,1,,44,control_f1_s44_in22k_v5conf,best,19
ISIC_0028378,HAM_0001001,HAM_0001001,40-59,ham,5,False,4,0.00689002,0.0046801916,0.0026330599,0.049376983,0.88745433,0.010894238,0.03807121,0.89902455,,0.89902455,control,1,,44,control_f1_s44_in22k_v5conf,best,19
ISIC_0028403,HAM_0003309,HAM_0003309,40-59,ham,5,False,5,0.011858717,0.007620842,0.008054363,0.06643919,0.007997037,0.84929806,0.048731778,0.027476594,,0.027476594,control,1,,44,control_f1_s44_in22k_v5conf,best,19
ISIC_0028404,HAM_0000881,HAM_0000881,60+,ham,2,False,0,0.8397564,0.0030136523,0.039910354,0.054098684,0.012918236,0.0041157976,0.046186846,0.85568833,,0.85568833,control,1,,44,control_f1_s44_in22k_v5conf,best,19
ISIC_0028414,HAM_0001733,HAM_0001733,60+,ham,2,False,2,0.013074242,0.0035728454,0.8974276,0.04791232,0.0029253257,0.0055837715,0.029503798,0.019572413,,0.019572413,control,1,,44,control_f1_s44_in22k_v5conf,best,19
ISIC_0028415,HAM_0000796,HAM_0000796,60+,ham,4,True,4,0.0010078182,0.011709674,0.004259302,0.20889583,0.73164815,0.014736226,0.02774303,0.74436563,,0.74436563,control,1,,44,control_f1_s44_in22k_v5conf,best,19
ISIC_0028416,HAM_0003332,HAM_0003332,40-59,ham,5,False,5,0.011008789,0.008119625,0.0070270333,0.06636338,0.0054357694,0.8547117,0.04733382,0.024564184,,0.024564184,control,1,,44,control_f1_s44_in22k_v5conf,best,19
ISIC_0028425,HAM_0003867,HAM_0003867,<40,ham,5,False,5,0.012913575,0.007849075,0.007472339,0.072537355,0.011768057,0.83233106,0.055128455,0.032530706,,0.032530706,control,1,,44,control_f1_s44_in22k_v5conf,best,19
ISIC_0028435,HAM_0001324,HAM_0001324,<40,ham,5,False,5,0.011599817,0.0073050815,0.007533291,0.067379236,0.004916552,0.8534872,0.04777893,0.02382145,,0.02382145,control,1,,44,control_f1_s44_in22k_v5conf,best,19
ISIC_0028436,HAM_0005127,HAM_0005127,40-59,ham,5,False,5,0.015773175,0.008563852,0.006570652,0.07685993,0.24057744,0.59599483,0.055660132,0.26491448,,0.26491448,control,1,,44,control_f1_s44_in22k_v5conf,best,19
ISIC_0028446,HAM_0006498,HAM_0006498,40-59,ham,5,False,5,0.0111178905,0.008336955,0.006970425,0.06825467,0.006091468,0.849251,0.049977634,0.025546312,,0.025546312,control,1,,44,control_f1_s44_in22k_v5conf,best,19
ISIC_0028453,HAM_0002856,HAM_0002856,60+,ham,5,False,5,0.012902035,0.0075262827,0.004972022,0.0697149,0.002676624,0.82457626,0.077631846,0.023104943,,0.023104943,control,1,,44,control_f1_s44_in22k_v5conf,best,19
ISIC_0028465,HAM_0002491,HAM_0002491,60+,ham,4,True,4,0.004215498,0.007719268,0.0126973605,0.0840329,0.80211306,0.040169913,0.04905205,0.8140478,,0.8140478,control,1,,44,control_f1_s44_in22k_v5conf,best,19
ISIC_0028467,HAM_0004676,HAM_0004676,60+,ham,4,True,5,0.016229052,0.010833654,0.018403174,0.10705214,0.3399732,0.44105238,0.06645633,0.36703593,,0.36703593,control,1,,44,control_f1_s44_in22k_v5conf,best,19
ISIC_0028483,HAM_0003709,HAM_0003709,40-59,ham,5,False,5,0.009781777,0.0067390827,0.006373591,0.05427384,0.0066982834,0.87026066,0.045872767,0.023219142,,0.023219142,control,1,,44,control_f1_s44_in22k_v5conf,best,19
ISIC_0028484,HAM_0006258,HAM_0006258,<40,ham,5,False,5,0.011052839,0.007802343,0.006333277,0.065664634,0.008065262,0.8508819,0.050199855,0.026920445,,0.026920445,control,1,,44,control_f1_s44_in22k_v5conf,best,19
ISIC_0028489,HAM_0005785,HAM_0005785,60+,ham,4,True,5,0.047534626,0.004736548,0.05245708,0.0811113,0.005690127,0.7562294,0.052240923,0.0579613,,0.0579613,control,1,,44,control_f1_s44_in22k_v5conf,best,19
ISIC_0028491,HAM_0004758,HAM_0004758,40-59,ham,5,False,5,0.012264267,0.0077673267,0.009375504,0.068779826,0.007388741,0.84352463,0.0508997,0.027420335,,0.027420335,control,1,,44,control_f1_s44_in22k_v5conf,best,19
ISIC_0028493,HAM_0003534,HAM_0003534,60+,ham,4,True,5,0.008747457,0.023319338,0.014447376,0.112073496,0.36460757,0.42915428,0.04765052,0.39667436,,0.39667436,control,1,,44,control_f1_s44_in22k_v5conf,best,19
ISIC_0028499,HAM_0004976,HAM_0004976,60+,ham,0,True,2,0.16427793,0.004797886,0.68952185,0.058430847,0.009736799,0.029147582,0.044087082,0.17881262,,0.17881262,control,1,,44,control_f1_s44_in22k_v5conf,best,19
ISIC_0028503,HAM_0003726,HAM_0003726,60+,ham,2,False,2,0.0064054597,0.0031559148,0.92499065,0.037581388,0.0015901332,0.0019162697,0.02436017,0.0111515075,,0.0111515075,control,1,,44,control_f1_s44_in22k_v5conf,best,19
ISIC_0028513,HAM_0000070,HAM_0000070,40-59,ham,5,False,5,0.013284145,0.0071568615,0.005535377,0.059834905,0.010645812,0.86367506,0.03986783,0.03108682,,0.03108682,control,1,,44,control_f1_s44_in22k_v5conf,best,19
ISIC_0028518,HAM_0002919,HAM_0002919,<40,ham,5,False,5,0.00971679,0.010342914,0.009515036,0.09181385,0.3411186,0.4711164,0.06637639,0.3611783,,0.3611783,control,1,,44,control_f1_s44_in22k_v5conf,best,19
ISIC_0028525,HAM_0005722,HAM_0005722,60+,ham,2,False,2,0.018597906,0.00095427776,0.78264767,0.06485256,0.012130765,0.068934634,0.051882192,0.03168295,,0.03168295,control,1,,44,control_f1_s44_in22k_v5conf,best,19
ISIC_0028529,HAM_0002171,HAM_0002171,40-59,ham,5,False,4,0.027804306,0.0036470313,0.016475745,0.07009001,0.57359606,0.24948001,0.058906794,0.6050474,,0.6050474,control,1,,44,control_f1_s44_in22k_v5conf,best,19
ISIC_0028533,HAM_0001404,HAM_0001404,60+,ham,5,False,5,0.012171547,0.0071012424,0.0073388168,0.06536798,0.005845923,0.85588706,0.04628745,0.025118712,,0.025118712,control,1,,44,control_f1_s44_in22k_v5conf,best,19
ISIC_0028534,HAM_0003653,HAM_0003653,40-59,ham,5,False,5,0.008585201,0.00879161,0.0040969853,0.07452974,0.0704623,0.7812022,0.052331936,0.08783911,,0.08783911,control,1,,44,control_f1_s44_in22k_v5conf,best,19
ISIC_0028535,HAM_0005493,HAM_0005493,40-59,ham,5,False,5,0.011649827,0.007523167,0.0073877214,0.06684446,0.0059625637,0.85126024,0.049372006,0.025135556,,0.025135556,control,1,,44,control_f1_s44_in22k_v5conf,best,19
ISIC_0028540,HAM_0002023,HAM_0002023,<40,ham,5,False,5,0.009572825,0.008323656,0.008798915,0.0645964,0.012585085,0.84786844,0.048254732,0.030481566,,0.030481566,control,1,,44,control_f1_s44_in22k_v5conf,best,19
ISIC_0028544,HAM_0003044,HAM_0003044,40-59,ham,5,False,5,0.015393051,0.007997411,0.02984043,0.07544959,0.004448584,0.80948514,0.057385832,0.027839046,,0.027839046,control,1,,44,control_f1_s44_in22k_v5conf,best,19
ISIC_0028545,HAM_0004068,HAM_0004068,<40,ham,5,False,4,0.013176083,0.0014828825,0.23939891,0.08797363,0.4174963,0.17057267,0.06989953,0.43215525,,0.43215525,control,1,,44,control_f1_s44_in22k_v5conf,best,19
ISIC_0028546,HAM_0007512,HAM_0007512,40-59,ham,5,False,5,0.010988178,0.0073343995,0.0072208727,0.06753371,0.004538718,0.8547667,0.04761742,0.022861296,,0.022861296,control,1,,44,control_f1_s44_in22k_v5conf,best,19
ISIC_0028551,HAM_0000667,HAM_0000667,60+,ham,5,False,5,0.019163791,0.0023283614,0.2628326,0.06119572,0.090788,0.52338994,0.04030156,0.11228015,,0.11228015,control,1,,44,control_f1_s44_in22k_v5conf,best,19
ISIC_0028566,HAM_0004417,HAM_0004417,<40,ham,5,False,5,0.011742176,0.008269362,0.0077715325,0.068516105,0.006192237,0.8481481,0.04936056,0.026203774,,0.026203774,control,1,,44,control_f1_s44_in22k_v5conf,best,19
ISIC_0028568,HAM_0001434,HAM_0001434,60+,ham,1,True,1,0.3251644,0.46527475,0.007893126,0.11449112,0.006138327,0.0043773213,0.076660946,0.79657745,,0.79657745,control,1,,44,control_f1_s44_in22k_v5conf,best,19
ISIC_0028571,HAM_0006273,HAM_0006273,60+,ham,5,False,4,0.008284006,0.004463502,0.00399587,0.052284345,0.88126343,0.010109812,0.039599013,0.89401096,,0.89401096,control,1,,44,control_f1_s44_in22k_v5conf,best,19
ISIC_0028582,HAM_0004302,HAM_0004302,60+,ham,4,True,5,0.00950995,0.0070185657,0.0067368266,0.0647822,0.014369924,0.84949446,0.0480881,0.030898439,,0.030898439,control,1,,44,control_f1_s44_in22k_v5conf,best,19
ISIC_0028587,HAM_0001735,HAM_0001735,60+,ham,2,False,2,0.004735691,0.0027771345,0.936921,0.031859655,0.001702903,0.0011554543,0.020848243,0.009215728,,0.009215728,control,1,,44,control_f1_s44_in22k_v5conf,best,19
ISIC_0028594,HAM_0006228,HAM_0006228,<40,ham,5,False,5,0.00832209,0.004585849,0.011773555,0.05662479,0.006935009,0.8604895,0.0512692,0.019842949,,0.019842949,control,1,,44,control_f1_s44_in22k_v5conf,best,19
ISIC_0028604,HAM_0006449,HAM_0006449,40-59,ham,5,False,5,0.011793001,0.007713115,0.008413123,0.06837262,0.006544307,0.8470502,0.050113697,0.026050422,,0.026050422,control,1,,44,control_f1_s44_in22k_v5conf,best,19
ISIC_0028612,HAM_0002403,HAM_0002403,60+,ham,5,False,5,0.010285284,0.007864423,0.008244958,0.06565522,0.0057491222,0.85383916,0.048361715,0.023898829,,0.023898829,control,1,,44,control_f1_s44_in22k_v5conf,best,19
ISIC_0028618,HAM_0001633,HAM_0001633,60+,ham,5,False,4,0.008740041,0.011502973,0.0031855598,0.057236,0.85853183,0.02437836,0.036425192,0.8787748,,0.8787748,control,1,,44,control_f1_s44_in22k_v5conf,best,19
ISIC_0028636,HAM_0002097,HAM_0002097,<40,ham,5,False,5,0.010328506,0.007394231,0.0048201294,0.069392934,0.0067078723,0.83962715,0.061729178,0.02443061,,0.02443061,control,1,,44,control_f1_s44_in22k_v5conf,best,19
ISIC_0028639,HAM_0006340,HAM_0006340,40-59,ham,5,False,5,0.010230655,0.006697743,0.007851853,0.062329117,0.004102721,0.8603014,0.048486594,0.021031119,,0.021031119,control,1,,44,control_f1_s44_in22k_v5conf,best,19
ISIC_0028643,HAM_0005537,HAM_0005537,60+,ham,5,False,5,0.0145320315,0.005649269,0.025020353,0.06686424,0.030727774,0.80863345,0.048572913,0.050909072,,0.050909072,control,1,,44,control_f1_s44_in22k_v5conf,best,19
ISIC_0028653,HAM_0005837,HAM_0005837,40-59,ham,1,True,1,0.015962355,0.8266482,0.005388539,0.065385185,0.011463199,0.018032113,0.057120457,0.85407376,,0.85407376,control,1,,44,control_f1_s44_in22k_v5conf,best,19
ISIC_0028654,HAM_0002179,HAM_0002179,<40,ham,5,False,5,0.014055914,0.007224857,0.006273814,0.06461224,0.004541207,0.8566109,0.046681114,0.025821978,,0.025821978,control,1,,44,control_f1_s44_in22k_v5conf,best,19
ISIC_0028657,HAM_0006597,HAM_0006597,60+,ham,5,False,5,0.011827037,0.008349034,0.007679306,0.06729514,0.005359156,0.84944594,0.050044343,0.025535228,,0.025535228,control,1,,44,control_f1_s44_in22k_v5conf,best,19
ISIC_0028659,HAM_0002070,HAM_0002070,60+,ham,0,True,0,0.93682456,0.0028825405,0.0014489971,0.030538652,0.0027764882,0.0038557025,0.021673054,0.9424836,,0.9424836,control,1,,44,control_f1_s44_in22k_v5conf,best,19
ISIC_0028668,HAM_0003197,HAM_0003197,40-59,ham,5,False,5,0.011026205,0.008887905,0.008209455,0.06866084,0.0057782927,0.84419066,0.053246677,0.025692401,,0.025692401,control,1,,44,control_f1_s44_in22k_v5conf,best,19
ISIC_0028670,HAM_0003981,HAM_0003981,60+,ham,1,True,1,0.010347531,0.8480477,0.022388944,0.06269225,0.0048195072,0.00932181,0.04238224,0.86321473,,0.86321473,control,1,,44,control_f1_s44_in22k_v5conf,best,19
ISIC_0028676,HAM_0006198,HAM_0006198,60+,ham,5,False,5,0.0124221025,0.0073394557,0.0077156113,0.06546857,0.006570449,0.8508922,0.049591612,0.026332008,,0.026332008,control,1,,44,control_f1_s44_in22k_v5conf,best,19
ISIC_0028677,HAM_0001711,HAM_0001711,60+,ham,1,True,1,0.03413508,0.76261115,0.00611925,0.091620736,0.003421068,0.03598982,0.066102944,0.8001673,,0.8001673,control,1,,44,control_f1_s44_in22k_v5conf,best,19
ISIC_0028691,HAM_0001161,HAM_0001161,40-59,ham,5,False,5,0.010444411,0.008030266,0.008450953,0.065531075,0.0069809523,0.8542013,0.046361018,0.025455628,,0.025455628,control,1,,44,control_f1_s44_in22k_v5conf,best,19
ISIC_0028694,HAM_0004841,HAM_0004841,40-59,ham,5,False,5,0.009764558,0.008063712,0.012960238,0.06389159,0.0029776741,0.8524108,0.049931385,0.020805946,,0.020805946,control,1,,44,control_f1_s44_in22k_v5conf,best,19
ISIC_0028696,HAM_0003330,HAM_0003330,60+,ham,4,True,5,0.0077891466,0.006690827,0.0062695886,0.068966,0.034604136,0.8257229,0.04995738,0.049084112,,0.049084112,control,1,,44,control_f1_s44_in22k_v5conf,best,19
ISIC_0028698,HAM_0003033,HAM_0003033,60+,ham,5,False,5,0.008350771,0.0058362144,0.008372454,0.06862859,0.018191608,0.8413744,0.049245916,0.03237859,,0.03237859,control,1,,44,control_f1_s44_in22k_v5conf,best,19
ISIC_0028705,HAM_0002353,HAM_0002353,40-59,ham,5,False,5,0.008291148,0.0058946265,0.006869704,0.060901444,0.007996697,0.86181676,0.048229646,0.022182472,,0.022182472,control,1,,44,control_f1_s44_in22k_v5conf,best,19
ISIC_0028706,HAM_0002986,HAM_0002986,60+,ham,5,False,6,0.0026592738,0.019006861,0.0014495247,0.11412696,0.11340333,0.15528631,0.5940677,0.13506946,,0.13506946,control,1,,44,control_f1_s44_in22k_v5conf,best,19
ISIC_0028709,HAM_0002197,HAM_0002197,40-59,ham,4,True,4,0.010135684,0.065106094,0.0045409133,0.085814014,0.7714305,0.003440768,0.059531976,0.8466723,,0.8466723,control,1,,44,control_f1_s44_in22k_v5conf,best,19
ISIC_0028721,HAM_0007173,HAM_0007173,40-59,ham,5,False,5,0.011728339,0.0070060496,0.007912661,0.07125216,0.00482129,0.848668,0.048611406,0.023555677,,0.023555677,control,1,,44,control_f1_s44_in22k_v5conf,best,19
ISIC_0028735,HAM_0005663,HAM_0005663,<40,ham,3,False,5,0.019683247,0.008373367,0.005207672,0.14640534,0.0011992253,0.77737486,0.041756224,0.029255839,,0.029255839,control,1,,44,control_f1_s44_in22k_v5conf,best,19
ISIC_0028738,HAM_0004576,HAM_0004576,40-59,ham,5,False,5,0.012574047,0.008013253,0.00767988,0.069740385,0.0064563174,0.8442702,0.051266015,0.027043616,,0.027043616,control,1,,44,control_f1_s44_in22k_v5conf,best,19
ISIC_0028742,HAM_0004062,HAM_0004062,40-59,ham,5,False,5,0.012414292,0.005460848,0.009050752,0.067751296,0.005616493,0.8540848,0.045621593,0.023491634,,0.023491634,control,1,,44,control_f1_s44_in22k_v5conf,best,19
ISIC_0028753,HAM_0001303,HAM_0001303,40-59,ham,5,False,5,0.011413804,0.007523423,0.008746637,0.06918523,0.005866572,0.84914815,0.048116114,0.024803799,,0.024803799,control,1,,44,control_f1_s44_in22k_v5conf,best,19
ISIC_0028782,HAM_0000528,HAM_0000528,40-59,ham,5,False,5,0.009187242,0.0053245965,0.0056538,0.05948861,0.0079308385,0.87053233,0.04188255,0.022442676,,0.022442676,control,1,,44,control_f1_s44_in22k_v5conf,best,19
ISIC_0028799,HAM_0001727,HAM_0001727,40-59,ham,5,False,5,0.010657804,0.0064763757,0.006256628,0.06559035,0.0050664046,0.85892475,0.047027655,0.022200584,,0.022200584,control,1,,44,control_f1_s44_in22k_v5conf,best,19
ISIC_0028804,HAM_0006618,HAM_0006618,60+,ham,5,False,5,0.009213412,0.009981054,0.087996855,0.087481715,0.0059336447,0.7359575,0.0634358,0.02512811,,0.02512811,control,1,,44,control_f1_s44_in22k_v5conf,best,19
ISIC_0028805,HAM_0006166,HAM_0006166,40-59,ham,5,False,5,0.010759072,0.008000109,0.007932343,0.06928486,0.0056987647,0.8491742,0.049150743,0.024457946,,0.024457946,control,1,,44,control_f1_s44_in22k_v5conf,best,19
ISIC_0028811,HAM_0003795,HAM_0003795,40-59,ham,5,False,5,0.012561301,0.0070961085,0.0072893607,0.065032735,0.004723515,0.854826,0.048470955,0.024380924,,0.024380924,control,1,,44,control_f1_s44_in22k_v5conf,best,19
ISIC_0028816,HAM_0003123,HAM_0003123,60+,ham,0,True,0,0.9212049,0.0037475973,0.003496019,0.04011856,0.0029066636,0.003762276,0.02476393,0.9278592,,0.9278592,control,1,,44,control_f1_s44_in22k_v5conf,best,19
ISIC_0028817,HAM_0003294,HAM_0003294,60+,ham,5,False,5,0.0129696205,0.00747519,0.0074531054,0.065798804,0.005119409,0.8523115,0.048872452,0.02556422,,0.02556422,control,1,,44,control_f1_s44_in22k_v5conf,best,19
ISIC_0028822,HAM_0005126,HAM_0005126,60+,ham,2,False,2,0.20198266,0.00880891,0.6320457,0.07385799,0.011954981,0.0033163803,0.068033405,0.22274655,,0.22274655,control,1,,44,control_f1_s44_in22k_v5conf,best,19
ISIC_0028825,HAM_0001517,HAM_0001517,<40,ham,5,False,5,0.008958758,0.0067416555,0.009085106,0.064471066,0.013873904,0.85012597,0.04674362,0.029574316,,0.029574316,control,1,,44,control_f1_s44_in22k_v5conf,best,19
ISIC_0028827,HAM_0001816,HAM_0001816,40-59,ham,5,False,5,0.010859726,0.007787241,0.0073570255,0.06613859,0.0067279735,0.85076416,0.05036525,0.02537494,,0.02537494,control,1,,44,control_f1_s44_in22k_v5conf,best,19
ISIC_0028829,HAM_0006191,HAM_0006191,40-59,ham,5,False,5,0.00951576,0.00862677,0.007816674,0.06607748,0.006678914,0.8556641,0.045620292,0.024821443,,0.024821443,control,1,,44,control_f1_s44_in22k_v5conf,best,19
ISIC_0028831,HAM_0006856,HAM_0006856,<40,ham,5,False,4,0.01053004,0.0068394463,0.0027679491,0.055505972,0.840838,0.05013751,0.033381037,0.8582075,,0.8582075,control,1,,44,control_f1_s44_in22k_v5conf,best,19
ISIC_0028841,HAM_0007143,HAM_0007143,40-59,ham,5,False,5,0.011928421,0.007679162,0.0065995352,0.0673656,0.006240543,0.8508679,0.049318817,0.025848126,,0.025848126,control,1,,44,control_f1_s44_in22k_v5conf,best,19
ISIC_0028844,HAM_0003184,HAM_0003184,<40,ham,5,False,5,0.01097435,0.007577857,0.005612012,0.06370878,0.005244737,0.86038834,0.04649396,0.023796944,,0.023796944,control,1,,44,control_f1_s44_in22k_v5conf,best,19
ISIC_0028848,HAM_0004828,HAM_0004828,40-59,ham,5,False,5,0.012034905,0.008036556,0.0068000387,0.06502568,0.0056466176,0.8506472,0.051808994,0.02571808,,0.02571808,control,1,,44,control_f1_s44_in22k_v5conf,best,19
ISIC_0028850,HAM_0003837,HAM_0003837,40-59,ham,5,False,5,0.012205158,0.008195992,0.008649678,0.069718815,0.0070079872,0.8439983,0.050224096,0.027409136,,0.027409136,control,1,,44,control_f1_s44_in22k_v5conf,best,19
ISIC_0028854,HAM_0005356,HAM_0005356,60+,ham,0,True,0,0.9196405,0.0016578449,0.013673302,0.0369499,0.0022182683,0.001844686,0.024015525,0.9235166,,0.9235166,control,1,,44,control_f1_s44_in22k_v5conf,best,19
ISIC_0028856,HAM_0004501,HAM_0004501,60+,ham,2,False,2,0.012195524,0.0012912261,0.9225074,0.031702656,0.0003598422,0.009366523,0.022576777,0.013846593,,0.013846593,control,1,,44,control_f1_s44_in22k_v5conf,best,19
ISIC_0028866,HAM_0006554,HAM_0006554,40-59,ham,5,False,5,0.0106636975,0.007904623,0.0068088644,0.064257555,0.008445974,0.85014683,0.051772486,0.027014295,,0.027014295,control,1,,44,control_f1_s44_in22k_v5conf,best,19
ISIC_0028876,HAM_0003030,HAM_0003030,60+,ham,2,False,2,0.0052682,0.008448721,0.8842661,0.05267727,0.0024138077,0.0052291667,0.04169677,0.016130729,,0.016130729,control,1,,44,control_f1_s44_in22k_v5conf,best,19
ISIC_0028878,HAM_0000062,HAM_0000062,40-59,ham,4,True,2,0.002657,0.0036413104,0.5370877,0.051470056,0.3375199,0.029865671,0.037758347,0.34381822,,0.34381822,control,1,,44,control_f1_s44_in22k_v5conf,best,19
ISIC_0028887,HAM_0006225,HAM_0006225,40-59,ham,5,False,5,0.013091846,0.0072541847,0.0059862495,0.07763945,0.027891805,0.8109849,0.057151638,0.048237838,,0.048237838,control,1,,44,control_f1_s44_in22k_v5conf,best,19
ISIC_0028896,HAM_0005659,HAM_0005659,<40,ham,5,False,5,0.011969709,0.0073771263,0.007079357,0.06562383,0.0056026895,0.85719967,0.045147613,0.024949525,,0.024949525,control,1,,44,control_f1_s44_in22k_v5conf,best,19
ISIC_0028905,HAM_0004399,HAM_0004399,<40,ham,5,False,5,0.0112133,0.0066673253,0.006570196,0.06672343,0.015132065,0.84713286,0.04656086,0.033012692,,0.033012692,control,1,,44,control_f1_s44_in22k_v5conf,best,19
ISIC_0028911,HAM_0006058,HAM_0006058,40-59,ham,5,False,5,0.010884619,0.007588304,0.007709048,0.06454007,0.006946122,0.85550344,0.04682839,0.025419045,,0.025419045,control,1,,44,control_f1_s44_in22k_v5conf,best,19
ISIC_0028921,HAM_0000507,HAM_0000507,60+,ham,5,False,5,0.011725638,0.0075207246,0.007630298,0.06187014,0.005701503,0.85994446,0.045607284,0.024947865,,0.024947865,control,1,,44,control_f1_s44_in22k_v5conf,best,19
ISIC_0028928,HAM_0002998,HAM_0002998,40-59,ham,1,True,1,0.02665058,0.8720411,0.008115691,0.043786906,0.006905814,0.008278865,0.034220926,0.9055975,,0.9055975,control,1,,44,control_f1_s44_in22k_v5conf,best,19
ISIC_0028931,HAM_0001733,HAM_0001733,60+,ham,2,False,2,0.025209857,0.003854077,0.84377223,0.054156616,0.009212137,0.020939458,0.042855643,0.038276073,,0.038276073,control,1,,44,control_f1_s44_in22k_v5conf,best,19
ISIC_0028949,HAM_0001066,HAM_0001066,40-59,ham,5,False,5,0.012473722,0.008331699,0.01064128,0.06681867,0.0072044455,0.84395796,0.050572254,0.028009867,,0.028009867,control,1,,44,control_f1_s44_in22k_v5conf,best,19
ISIC_0028959,HAM_0004974,HAM_0004974,40-59,ham,5,False,5,0.0139098475,0.007596786,0.008995346,0.066330306,0.004783912,0.8509657,0.047418058,0.026290545,,0.026290545,control,1,,44,control_f1_s44_in22k_v5conf,best,19
ISIC_0028966,HAM_0001849,HAM_0001849,<40,ham,5,False,5,0.008645386,0.0074943304,0.0058417497,0.06224548,0.008380562,0.860584,0.04680835,0.024520278,,0.024520278,control,1,,44,control_f1_s44_in22k_v5conf,best,19
ISIC_0028971,HAM_0000930,HAM_0000930,<40,ham,5,False,5,0.014776106,0.006347329,0.009204157,0.06904988,0.00558627,0.8434936,0.05154265,0.026709706,,0.026709706,control,1,,44,control_f1_s44_in22k_v5conf,best,19
ISIC_0028984,HAM_0003400,HAM_0003400,40-59,ham,4,True,4,0.051372156,0.0049290652,0.1806091,0.13727926,0.52257895,0.0012147293,0.10201671,0.5788802,,0.5788802,control,1,,44,control_f1_s44_in22k_v5conf,best,19
ISIC_0028987,HAM_0006409,HAM_0006409,60+,ham,5,False,4,0.012485241,0.0072957627,0.0060830736,0.06939733,0.8490712,0.003757545,0.051909797,0.8688522,,0.8688522,control,1,,44,control_f1_s44_in22k_v5conf,best,19
ISIC_0028995,HAM_0006945,HAM_0006945,60+,ham,2,False,5,0.011387452,0.00694959,0.008194986,0.07288966,0.009215486,0.8413553,0.050007436,0.027552526,,0.027552526,control,1,,44,control_f1_s44_in22k_v5conf,best,19
ISIC_0029007,HAM_0000672,HAM_0000672,40-59,ham,5,False,5,0.01129462,0.0064818026,0.009841009,0.068304054,0.0061298837,0.8501822,0.047766455,0.023906305,,0.023906305,control,1,,44,control_f1_s44_in22k_v5conf,best,19
ISIC_0029019,HAM_0005221,HAM_0005221,40-59,ham,5,False,5,0.011237617,0.0075000683,0.0099107325,0.06944478,0.0075592855,0.8450684,0.049279004,0.02629697,,0.02629697,control,1,,44,control_f1_s44_in22k_v5conf,best,19
ISIC_0029024,HAM_0003942,HAM_0003942,40-59,ham,5,False,5,0.011684959,0.007901517,0.007412074,0.06603998,0.005805084,0.85517687,0.04597948,0.02539156,,0.02539156,control,1,,44,control_f1_s44_in22k_v5conf,best,19
ISIC_0029025,HAM_0004384,HAM_0004384,60+,ham,0,True,0,0.93226635,0.0044032014,0.0021068654,0.03198138,0.0025018512,0.0029639415,0.023776451,0.9391714,,0.9391714,control,1,,44,control_f1_s44_in22k_v5conf,best,19
ISIC_0029033,HAM_0002719,HAM_0002719,<40,ham,4,True,4,0.008124975,0.0058553815,0.006679162,0.055686034,0.875999,0.005625781,0.042029716,0.8899793,,0.8899793,control,1,,44,control_f1_s44_in22k_v5conf,best,19
ISIC_0029034,HAM_0005921,HAM_0005921,60+,ham,1,True,1,0.01493669,0.87587065,0.005539414,0.05777416,0.0038517013,0.0027197518,0.039307732,0.89465904,,0.89465904,control,1,,44,control_f1_s44_in22k_v5conf,best,19
ISIC_0029038,HAM_0004857,HAM_0004857,60+,ham,5,False,5,0.010716616,0.005306835,0.005210983,0.064472154,0.025290394,0.84244657,0.046556562,0.041313846,,0.041313846,control,1,,44,control_f1_s44_in22k_v5conf,best,19
ISIC_0029043,HAM_0005231,HAM_0005231,60+,ham,0,True,2,0.12280335,0.023323163,0.7512219,0.06181536,0.005345173,0.0025379807,0.032953035,0.15147167,,0.15147167,control,1,,44,control_f1_s44_in22k_v5conf,best,19
ISIC_0029070,HAM_0005126,HAM_0005126,60+,ham,2,False,2,0.37381348,0.008374008,0.4667552,0.06274542,0.013697105,0.0038034662,0.070811205,0.3958846,,0.3958846,control,1,,44,control_f1_s44_in22k_v5conf,best,19
ISIC_0029075,HAM_0006225,HAM_0006225,40-59,ham,5,False,5,0.013612388,0.007496898,0.0026627688,0.07920032,0.061964512,0.77660006,0.05846306,0.083073795,,0.083073795,control,1,,44,control_f1_s44_in22k_v5conf,best,19
ISIC_0029078,HAM_0004808,HAM_0004808,60+,ham,5,False,5,0.010268403,0.0056093875,0.009981901,0.0664957,0.0048465407,0.8581475,0.044650607,0.020724332,,0.020724332,control,1,,44,control_f1_s44_in22k_v5conf,best,19
ISIC_0029084,HAM_0003552,HAM_0003552,40-59,ham,5,False,5,0.012228266,0.008471408,0.0070195384,0.066662006,0.005641576,0.85065436,0.049322773,0.02634125,,0.02634125,control,1,,44,control_f1_s44_in22k_v5conf,best,19
ISIC_0029089,HAM_0000624,HAM_0000624,60+,ham,4,True,0,0.93383574,0.003399771,0.00590385,0.028231645,0.007290083,0.0013476807,0.01999117,0.9445256,,0.9445256,control,1,,44,control_f1_s44_in22k_v5conf,best,19
ISIC_0029104,HAM_0003221,HAM_0003221,40-59,ham,5,False,5,0.01324058,0.00749208,0.0069759786,0.06818799,0.010072293,0.84596795,0.04806315,0.030804953,,0.030804953,control,1,,44,control_f1_s44_in22k_v5conf,best,19
ISIC_0029128,HAM_0001436,HAM_0001436,60+,ham,5,False,5,0.011802576,0.007283467,0.007248881,0.068510376,0.006689567,0.8496076,0.04885758,0.02577561,,0.02577561,control,1,,44,control_f1_s44_in22k_v5conf,best,19
ISIC_0029135,HAM_0007043,HAM_0007043,60+,ham,2,False,2,0.010069772,0.0041960445,0.90214634,0.046537716,0.0032208813,0.0030327418,0.030796446,0.017486699,,0.017486699,control,1,,44,control_f1_s44_in22k_v5conf,best,19
ISIC_0029137,HAM_0002048,HAM_0002048,60+,ham,5,False,5,0.0083576925,0.005624577,0.006874237,0.059393264,0.0063883928,0.87006885,0.043292996,0.020370662,,0.020370662,control,1,,44,control_f1_s44_in22k_v5conf,best,19
ISIC_0029140,HAM_0004646,HAM_0004646,<40,ham,5,False,5,0.014403624,0.0030665856,0.008736161,0.063845575,0.013636985,0.84453976,0.051771294,0.031107195,,0.031107195,control,1,,44,control_f1_s44_in22k_v5conf,best,19
ISIC_0029173,HAM_0003292,HAM_0003292,60+,ham,5,False,5,0.012808741,0.007715622,0.008427387,0.07005755,0.0049474416,0.8460444,0.049998887,0.025471807,,0.025471807,control,1,,44,control_f1_s44_in22k_v5conf,best,19
ISIC_0029205,HAM_0002247,HAM_0002247,40-59,ham,5,False,5,0.012183916,0.007885628,0.006842458,0.06623473,0.005803022,0.84968424,0.05136602,0.025872566,,0.025872566,control,1,,44,control_f1_s44_in22k_v5conf,best,19
ISIC_0029233,HAM_0003757,HAM_0003757,60+,ham,2,False,2,0.0063917693,0.004566811,0.9094527,0.0421874,0.0023201683,0.0024457506,0.032635413,0.013278749,,0.013278749,control,1,,44,control_f1_s44_in22k_v5conf,best,19
ISIC_0029253,HAM_0000306,HAM_0000306,60+,ham,5,False,5,0.010211116,0.007302735,0.010437098,0.06795022,0.0048776846,0.8007875,0.09843372,0.022391535,,0.022391535,control,1,,44,control_f1_s44_in22k_v5conf,best,19
ISIC_0029257,HAM_0005085,HAM_0005085,60+,ham,5,False,5,0.015831139,0.00883613,0.0072772657,0.10273514,0.3628381,0.43905887,0.063423365,0.38750535,,0.38750535,control,1,,44,control_f1_s44_in22k_v5conf,best,19
ISIC_0029259,HAM_0003132,HAM_0003132,<40,ham,5,False,5,0.01182598,0.007872578,0.008109469,0.06824016,0.0055779773,0.8497346,0.04863931,0.025276534,,0.025276534,control,1,,44,control_f1_s44_in22k_v5conf,best,19
ISIC_0029271,HAM_0005783,HAM_0005783,60+,ham,4,True,5,0.008203319,0.0054951813,0.018809805,0.07033145,0.030589005,0.82285804,0.043713164,0.044287506,,0.044287506,control,1,,44,control_f1_s44_in22k_v5conf,best,19
ISIC_0029276,HAM_0004719,HAM_0004719,<40,ham,5,False,5,0.015529599,0.0074972715,0.032384045,0.07430212,0.0044596274,0.80097187,0.064855486,0.027486498,,0.027486498,control,1,,44,control_f1_s44_in22k_v5conf,best,19
ISIC_0029284,HAM_0007048,HAM_0007048,40-59,ham,5,False,5,0.011027499,0.008604499,0.0071338792,0.06978799,0.0062032286,0.8496195,0.04762335,0.025835225,,0.025835225,control,1,,44,control_f1_s44_in22k_v5conf,best,19
ISIC_0029287,HAM_0000715,HAM_0000715,40-59,ham,5,False,5,0.012699641,0.007994197,0.008343311,0.06834747,0.006397657,0.8486321,0.0475856,0.027091496,,0.027091496,control,1,,44,control_f1_s44_in22k_v5conf,best,19
ISIC_0029305,HAM_0002459,HAM_0002459,40-59,ham,5,False,5,0.0101031875,0.007608093,0.008951019,0.067335084,0.0072098677,0.8505081,0.048284598,0.024921147,,0.024921147,control,1,,44,control_f1_s44_in22k_v5conf,best,19
ISIC_0029318,HAM_0002609,HAM_0002609,60+,ham,4,True,0,0.6780785,0.008279375,0.019710915,0.07632814,0.15650363,0.0013208253,0.059778612,0.8428615,,0.8428615,control,1,,44,control_f1_s44_in22k_v5conf,best,19
ISIC_0029328,HAM_0001169,HAM_0001169,<40,ham,5,False,2,0.007422399,0.002891455,0.87943375,0.05553085,0.0015948492,0.010429779,0.04269693,0.011908703,,0.011908703,control,1,,44,control_f1_s44_in22k_v5conf,best,19
ISIC_0029336,HAM_0005863,HAM_0005863,40-59,ham,5,False,5,0.012436324,0.007488596,0.0078104166,0.06648072,0.004902427,0.84988433,0.05099724,0.024827346,,0.024827346,control,1,,44,control_f1_s44_in22k_v5conf,best,19
ISIC_0029337,HAM_0002506,HAM_0002506,60+,ham,1,True,1,0.013640477,0.8748274,0.0055918777,0.057855435,0.0054331417,0.002506665,0.0401451,0.893901,,0.893901,control,1,,44,control_f1_s44_in22k_v5conf,best,19
ISIC_0029343,HAM_0003330,HAM_0003330,60+,ham,4,True,5,0.011615773,0.008370713,0.0054330723,0.06903152,0.029797731,0.8249875,0.050763655,0.049784217,,0.049784217,control,1,,44,control_f1_s44_in22k_v5conf,best,19
ISIC_0029344,HAM_0004638,HAM_0004638,40-59,ham,5,False,5,0.013000041,0.006637828,0.007977755,0.07188506,0.015538542,0.8351368,0.049824033,0.03517641,,0.03517641,control,1,,44,control_f1_s44_in22k_v5conf,best,19
ISIC_0029351,HAM_0006224,HAM_0006224,40-59,ham,5,False,5,0.010020066,0.0060103824,0.0070072412,0.06407684,0.0047258954,0.86392707,0.044232532,0.020756345,,0.020756345,control,1,,44,control_f1_s44_in22k_v5conf,best,19
ISIC_0029360,HAM_0000549,HAM_0000549,60+,ham,0,True,0,0.6142833,0.009182258,0.17212622,0.16678575,0.0028969476,0.0007579192,0.0339676,0.62636256,,0.62636256,control,1,,44,control_f1_s44_in22k_v5conf,best,19
ISIC_0029363,HAM_0005400,HAM_0005400,60+,ham,4,True,4,0.016720558,0.005473371,0.0063044964,0.05185659,0.8832508,0.0031240191,0.033270262,0.9054447,,0.9054447,control,1,,44,control_f1_s44_in22k_v5conf,best,19
ISIC_0029373,HAM_0003671,HAM_0003671,40-59,ham,5,False,5,0.011629219,0.0082664145,0.007211491,0.0690901,0.0065825447,0.84832865,0.048891578,0.026478179,,0.026478179,control,1,,44,control_f1_s44_in22k_v5conf,best,19
ISIC_0029374,HAM_0006738,HAM_0006738,40-59,ham,5,False,5,0.01207766,0.0056115575,0.0087753115,0.072299615,0.0049502747,0.8471277,0.049157906,0.02263949,,0.02263949,control,1,,44,control_f1_s44_in22k_v5conf,best,19
ISIC_0029381,HAM_0002681,HAM_0002681,<40,ham,5,False,5,0.011884608,0.0066682184,0.0076593226,0.06704173,0.0071651726,0.8532801,0.04630085,0.025718,,0.025718,control,1,,44,control_f1_s44_in22k_v5conf,best,19
ISIC_0029388,HAM_0006144,HAM_0006144,40-59,ham,5,False,5,0.012808667,0.007858562,0.007130909,0.06789322,0.0061203423,0.84675133,0.051437017,0.026787572,,0.026787572,control,1,,44,control_f1_s44_in22k_v5conf,best,19
ISIC_0029393,HAM_0001755,HAM_0001755,<40,ham,5,False,4,0.013423464,0.0071483804,0.00646902,0.09421221,0.6208838,0.19355227,0.06431081,0.64145565,,0.64145565,control,1,,44,control_f1_s44_in22k_v5conf,best,19
ISIC_0029411,HAM_0002866,HAM_0002866,40-59,ham,5,False,5,0.011791487,0.006194138,0.008106946,0.06741305,0.0054014586,0.85102063,0.050072357,0.023387084,,0.023387084,control,1,,44,control_f1_s44_in22k_v5conf,best,19
ISIC_0029418,HAM_0004673,HAM_0004673,40-59,ham,2,False,5,0.009555323,0.004608552,0.008035347,0.058380682,0.009169918,0.86996365,0.040286493,0.023333792,,0.023333792,control,1,,44,control_f1_s44_in22k_v5conf,best,19
ISIC_0029421,HAM_0003203,HAM_0003203,40-59,ham,5,False,5,0.011019434,0.006942043,0.0072375876,0.06760296,0.004963176,0.85315907,0.049075685,0.022924652,,0.022924652,control,1,,44,control_f1_s44_in22k_v5conf,best,19
ISIC_0029431,HAM_0000167,HAM_0000167,40-59,ham,5,False,5,0.006454341,0.0071326736,0.0037061796,0.05784851,0.026661988,0.8538517,0.044344604,0.040249005,,0.040249005,control,1,,44,control_f1_s44_in22k_v5conf,best,19
ISIC_0029435,HAM_0006062,HAM_0006062,<40,ham,5,False,4,0.01130125,0.010645016,0.007867229,0.08932154,0.43484008,0.38105592,0.064969026,0.45678633,,0.45678633,control,1,,44,control_f1_s44_in22k_v5conf,best,19
ISIC_0029442,HAM_0007175,HAM_0007175,40-59,ham,5,False,5,0.012026775,0.007686938,0.009125279,0.06872319,0.0072849817,0.8453778,0.049774986,0.026998695,,0.026998695,control,1,,44,control_f1_s44_in22k_v5conf,best,19
ISIC_0029444,HAM_0001128,HAM_0001128,40-59,ham,5,False,5,0.011182248,0.0073667928,0.007504782,0.069477014,0.0049352436,0.8505181,0.049015835,0.023484284,,0.023484284,control,1,,44,control_f1_s44_in22k_v5conf,best,19
ISIC_0029449,HAM_0000957,HAM_0000957,40-59,ham,5,False,5,0.011415691,0.0081657395,0.006959679,0.068414696,0.0064765913,0.8496319,0.048935622,0.026058022,,0.026058022,control,1,,44,control_f1_s44_in22k_v5conf,best,19
ISIC_0029454,HAM_0007019,HAM_0007019,60+,ham,4,True,4,0.019590678,0.0036921764,0.062096737,0.07215613,0.779183,0.0011111072,0.062170208,0.8024658,,0.8024658,control,1,,44,control_f1_s44_in22k_v5conf,best,19
ISIC_0029457,HAM_0001846,HAM_0001846,<40,ham,5,False,5,0.010960817,0.0073982268,0.0076370947,0.06825737,0.0101114875,0.84441835,0.051216766,0.028470531,,0.028470531,control,1,,44,control_f1_s44_in22k_v5conf,best,19
ISIC_0029459,HAM_0006884,HAM_0006884,40-59,ham,5,False,4,0.028196396,0.0049838535,0.014896339,0.10562336,0.3955312,0.38780233,0.062966496,0.42871147,,0.42871147,control,1,,44,control_f1_s44_in22k_v5conf,best,19
ISIC_0029481,HAM_0004421,HAM_0004421,<40,ham,5,False,5,0.012223673,0.007678267,0.0070443954,0.06794115,0.0053142677,0.8527142,0.047084015,0.025216209,,0.025216209,control,1,,44,control_f1_s44_in22k_v5conf,best,19
ISIC_0029485,HAM_0004457,HAM_0004457,40-59,ham,5,False,5,0.010199597,0.0067898943,0.0060847676,0.06686354,0.0061899503,0.8555706,0.048301633,0.023179442,,0.023179442,control,1,,44,control_f1_s44_in22k_v5conf,best,19
ISIC_0029494,HAM_0003486,HAM_0003486,40-59,ham,5,False,5,0.011487302,0.008215263,0.0076164664,0.06760509,0.0069515114,0.849351,0.0487734,0.026654076,,0.026654076,control,1,,44,control_f1_s44_in22k_v5conf,best,19
ISIC_0029499,HAM_0000397,HAM_0000397,<40,ham,5,False,5,0.010230581,0.006930978,0.0062089795,0.06395821,0.006553338,0.85932857,0.046789363,0.023714896,,0.023714896,control,1,,44,control_f1_s44_in22k_v5conf,best,19
ISIC_0029512,HAM_0004784,HAM_0004784,40-59,ham,4,True,4,0.0010697142,0.017931104,0.02563594,0.07482041,0.8311337,0.0061625903,0.04324642,0.85013455,,0.85013455,control,1,,44,control_f1_s44_in22k_v5conf,best,19
ISIC_0029513,HAM_0000645,HAM_0000645,60+,ham,4,True,4,0.091990955,0.0078723775,0.09903544,0.08726051,0.6378372,0.0016400114,0.07436352,0.7377005,,0.7377005,control,1,,44,control_f1_s44_in22k_v5conf,best,19
ISIC_0029527,HAM_0003030,HAM_0003030,60+,ham,2,False,2,0.011050938,0.007971348,0.8785627,0.053634875,0.002889549,0.0040924596,0.041798104,0.021911835,,0.021911835,control,1,,44,control_f1_s44_in22k_v5conf,best,19
ISIC_0029531,HAM_0004412,HAM_0004412,<40,ham,5,False,4,0.0064338213,0.006865381,0.006617949,0.056111008,0.8728698,0.008728311,0.042373765,0.886169,,0.886169,control,1,,44,control_f1_s44_in22k_v5conf,best,19
ISIC_0029542,HAM_0006388,HAM_0006388,60+,ham,5,False,5,0.012255842,0.008382663,0.008663249,0.069184415,0.0051598474,0.8402525,0.056101434,0.025798352,,0.025798352,control,1,,44,control_f1_s44_in22k_v5conf,best,19
ISIC_0029546,HAM_0005482,HAM_0005482,40-59,ham,1,True,1,0.010407468,0.8778477,0.0054324544,0.06032767,0.004055806,0.0042179083,0.037711028,0.8923109,,0.8923109,control,1,,44,control_f1_s44_in22k_v5conf,best,19
ISIC_0029548,HAM_0000113,HAM_0000113,60+,ham,2,False,5,0.0103503885,0.0054398407,0.037459116,0.076623455,0.008852279,0.7509676,0.110307276,0.024642508,,0.024642508,control,1,,44,control_f1_s44_in22k_v5conf,best,19
ISIC_0029553,HAM_0005048,HAM_0005048,<40,ham,5,False,5,0.0101532675,0.005521934,0.011831957,0.07317473,0.0064382777,0.8410687,0.051811192,0.02211348,,0.02211348,control,1,,44,control_f1_s44_in22k_v5conf,best,19
ISIC_0029555,HAM_0007090,HAM_0007090,60+,ham,2,False,2,0.010407519,0.007596739,0.86632645,0.055464488,0.0028201307,0.0064859856,0.05089866,0.020824388,,0.020824388,control,1,,44,control_f1_s44_in22k_v5conf,best,19
ISIC_0029557,HAM_0006170,HAM_0006170,60+,ham,2,False,5,0.017215172,0.0037910508,0.22765207,0.060528502,0.008624065,0.6503221,0.03186707,0.029630288,,0.029630288,control,1,,44,control_f1_s44_in22k_v5conf,best,19
ISIC_0029583,HAM_0003585,HAM_0003585,60+,ham,5,False,5,0.018701047,0.0030474868,0.014650009,0.06865768,0.014645778,0.8339777,0.046320274,0.036394313,,0.036394313,control,1,,44,control_f1_s44_in22k_v5conf,best,19
ISIC_0029605,HAM_0005502,HAM_0005502,40-59,ham,5,False,5,0.01207976,0.008120016,0.008447024,0.066672735,0.0057952385,0.8510459,0.047839306,0.025995014,,0.025995014,control,1,,44,control_f1_s44_in22k_v5conf,best,19
ISIC_0029617,HAM_0005082,HAM_0005082,60+,ham,2,False,5,0.052148297,0.0065185474,0.059889395,0.060665242,0.07778655,0.6974635,0.04552845,0.13645339,,0.13645339,control,1,,44,control_f1_s44_in22k_v5conf,best,19
ISIC_0029619,HAM_0002080,HAM_0002080,40-59,ham,5,False,5,0.0096404245,0.007369886,0.008869562,0.0672477,0.0085665975,0.8517029,0.046602845,0.025576908,,0.025576908,control,1,,44,control_f1_s44_in22k_v5conf,best,19
ISIC_0029620,HAM_0004800,HAM_0004800,40-59,ham,5,False,5,0.010272313,0.007137736,0.0062257443,0.066451006,0.007047609,0.85741585,0.04544961,0.024457658,,0.024457658,control,1,,44,control_f1_s44_in22k_v5conf,best,19
ISIC_0029627,HAM_0004531,HAM_0004531,60+,ham,2,False,4,0.009762339,0.0033033588,0.02662442,0.07016112,0.62913483,0.20593883,0.055075027,0.6422005,,0.6422005,control,1,,44,control_f1_s44_in22k_v5conf,best,19
ISIC_0029628,HAM_0004227,HAM_0004227,60+,ham,5,False,5,0.0107151605,0.007259643,0.007556779,0.06676657,0.0054571196,0.854825,0.047419623,0.023431923,,0.023431923,control,1,,44,control_f1_s44_in22k_v5conf,best,19
ISIC_0029653,HAM_0006738,HAM_0006738,40-59,ham,5,False,5,0.01669904,0.009067071,0.010928603,0.115331054,0.022546038,0.7558098,0.06961843,0.04831215,,0.04831215,control,1,,44,control_f1_s44_in22k_v5conf,best,19
ISIC_0029661,HAM_0001699,HAM_0001699,60+,ham,5,False,5,0.01021937,0.007748642,0.006766928,0.059624404,0.006932107,0.8531298,0.055578683,0.02490012,,0.02490012,control,1,,44,control_f1_s44_in22k_v5conf,best,19
ISIC_0029675,HAM_0001314,HAM_0001314,60+,ham,5,False,5,0.011413325,0.0078099333,0.006908941,0.06809636,0.007351482,0.8490739,0.04934599,0.02657474,,0.02657474,control,1,,44,control_f1_s44_in22k_v5conf,best,19
ISIC_0029677,HAM_0000567,HAM_0000567,<40,ham,5,False,5,0.011626805,0.0076889913,0.008458552,0.06748325,0.007643447,0.84728265,0.049816266,0.026959242,,0.026959242,control,1,,44,control_f1_s44_in22k_v5conf,best,19
ISIC_0029683,HAM_0002774,HAM_0002774,60+,ham,2,False,4,0.017255206,0.008525702,0.018261893,0.076564506,0.81899446,0.0018455541,0.05855262,0.8447754,,0.8447754,control,1,,44,control_f1_s44_in22k_v5conf,best,19
ISIC_0029689,HAM_0006976,HAM_0006976,60+,ham,5,False,5,0.010852821,0.0063806465,0.005109719,0.07505941,0.0054518143,0.85061216,0.04653346,0.022685282,,0.022685282,control,1,,44,control_f1_s44_in22k_v5conf,best,19
ISIC_0029690,HAM_0006455,HAM_0006455,40-59,ham,5,False,5,0.0114769675,0.0074452423,0.006974193,0.068730555,0.0058338786,0.85230833,0.047230832,0.024756089,,0.024756089,control,1,,44,control_f1_s44_in22k_v5conf,best,19
ISIC_0029694,HAM_0006590,HAM_0006590,60+,ham,5,False,5,0.013311534,0.007128359,0.0072918725,0.06621197,0.004725122,0.85556626,0.045764927,0.025165014,,0.025165014,control,1,,44,control_f1_s44_in22k_v5conf,best,19
ISIC_0029696,HAM_0005183,HAM_0005183,60+,ham,5,False,5,0.016487991,0.0035515835,0.07653941,0.06886101,0.020374574,0.7649264,0.04925906,0.040414147,,0.040414147,control,1,,44,control_f1_s44_in22k_v5conf,best,19
ISIC_0029697,HAM_0005671,HAM_0005671,40-59,ham,5,False,5,0.010827753,0.0071100597,0.009548909,0.068764366,0.006701056,0.8513321,0.045715716,0.024638869,,0.024638869,control,1,,44,control_f1_s44_in22k_v5conf,best,19
ISIC_0029711,HAM_0002544,HAM_0002544,40-59,ham,5,False,5,0.011513737,0.007804684,0.007212335,0.06787902,0.0060844235,0.8501953,0.049310565,0.025402844,,0.025402844,control,1,,44,control_f1_s44_in22k_v5conf,best,19
ISIC_0029725,HAM_0004724,HAM_0004724,40-59,ham,5,False,5,0.014743131,0.008299701,0.008991923,0.070679516,0.18929338,0.6607243,0.04726804,0.21233621,,0.21233621,control,1,,44,control_f1_s44_in22k_v5conf,best,19
ISIC_0029754,HAM_0000389,HAM_0000389,40-59,ham,5,False,5,0.012133525,0.008386116,0.0073027974,0.06874356,0.006187814,0.8481745,0.049071714,0.026707454,,0.026707454,control,1,,44,control_f1_s44_in22k_v5conf,best,19
ISIC_0029756,HAM_0003221,HAM_0003221,40-59,ham,5,False,5,0.011273089,0.0077426797,0.0073510776,0.06973408,0.025411943,0.83012193,0.048365146,0.04442771,,0.04442771,control,1,,44,control_f1_s44_in22k_v5conf,best,19
ISIC_0029785,HAM_0005468,HAM_0005468,60+,ham,5,False,5,0.0121362945,0.007286949,0.0071512316,0.061755944,0.0074904505,0.85518265,0.048996452,0.026913693,,0.026913693,control,1,,44,control_f1_s44_in22k_v5conf,best,19
ISIC_0029794,HAM_0006734,HAM_0006734,40-59,ham,5,False,5,0.010326978,0.011632912,0.011541476,0.06784902,0.0032883617,0.8492043,0.046156965,0.025248252,,0.025248252,control,1,,44,control_f1_s44_in22k_v5conf,best,19
ISIC_0029798,HAM_0003517,HAM_0003517,40-59,ham,5,False,5,0.014199006,0.011365609,0.009363551,0.07089067,0.004238727,0.83853275,0.051409595,0.029803341,,0.029803341,control,1,,44,control_f1_s44_in22k_v5conf,best,19
ISIC_0029808,HAM_0003540,HAM_0003540,60+,ham,5,False,5,0.010647579,0.0069789314,0.006630996,0.0654195,0.00585228,0.85568845,0.048782296,0.023478791,,0.023478791,control,1,,44,control_f1_s44_in22k_v5conf,best,19
ISIC_0029829,HAM_0006992,HAM_0006992,60+,ham,5,False,5,0.011794797,0.008255097,0.008014517,0.06619768,0.005185721,0.8523691,0.04818301,0.025235616,,0.025235616,control,1,,44,control_f1_s44_in22k_v5conf,best,19
ISIC_0029848,HAM_0001993,HAM_0001993,40-59,ham,5,False,5,0.011392979,0.008119015,0.007996407,0.0664448,0.0061230203,0.8497788,0.050144993,0.025635015,,0.025635015,control,1,,44,control_f1_s44_in22k_v5conf,best,19
ISIC_0029857,HAM_0005856,HAM_0005856,40-59,ham,1,True,1,0.0137445405,0.8455791,0.002485416,0.067193866,0.004144806,0.021229077,0.045623235,0.8634684,,0.8634684,control,1,,44,control_f1_s44_in22k_v5conf,best,19
ISIC_0029873,HAM_0005824,HAM_0005824,40-59,ham,5,False,5,0.0115494765,0.0063458877,0.00885934,0.06644167,0.0060302145,0.85415494,0.0466184,0.023925578,,0.023925578,control,1,,44,control_f1_s44_in22k_v5conf,best,19
ISIC_0029875,HAM_0003584,HAM_0003584,40-59,ham,5,False,5,0.013626306,0.0076996824,0.008093,0.07198797,0.0047677173,0.84656614,0.047259226,0.026093706,,0.026093706,control,1,,44,control_f1_s44_in22k_v5conf,best,19
ISIC_0029876,HAM_0002286,HAM_0002286,40-59,ham,5,False,5,0.01021422,0.0069581694,0.006484493,0.06777093,0.0045652986,0.8581756,0.04583132,0.021737687,,0.021737687,control,1,,44,control_f1_s44_in22k_v5conf,best,19
ISIC_0029883,HAM_0006382,HAM_0006382,40-59,ham,5,False,5,0.010590484,0.007477597,0.0076361657,0.064105764,0.0057228683,0.8557163,0.048750874,0.023790948,,0.023790948,control,1,,44,control_f1_s44_in22k_v5conf,best,19
ISIC_0029901,HAM_0006022,HAM_0006022,<40,ham,5,False,5,0.012126362,0.007392227,0.006792083,0.06840218,0.0058995974,0.85231096,0.047076575,0.025418187,,0.025418187,control,1,,44,control_f1_s44_in22k_v5conf,best,19
ISIC_0029906,HAM_0001644,HAM_0001644,40-59,ham,5,False,5,0.011994805,0.0073807347,0.009826842,0.06942269,0.004838163,0.84691024,0.049626417,0.024213703,,0.024213703,control,1,,44,control_f1_s44_in22k_v5conf,best,19
ISIC_0029910,HAM_0006045,HAM_0006045,40-59,ham,5,False,5,0.0131958425,0.007247024,0.0077091996,0.06335279,0.003840625,0.8559004,0.04875419,0.024283491,,0.024283491,control,1,,44,control_f1_s44_in22k_v5conf,best,19
ISIC_0029914,HAM_0006626,HAM_0006626,60+,ham,4,True,4,0.0070400336,0.005278653,0.00686975,0.05093728,0.8866694,0.0022651884,0.04093967,0.89898807,,0.89898807,control,1,,44,control_f1_s44_in22k_v5conf,best,19
ISIC_0029930,HAM_0005889,HAM_0005889,60+,ham,0,True,0,0.946613,0.0011717107,0.0040145926,0.028397191,0.002196925,0.0021384775,0.015468006,0.94998163,,0.94998163,control,1,,44,control_f1_s44_in22k_v5conf,best,19
ISIC_0029942,HAM_0003211,HAM_0003211,40-59,ham,5,False,5,0.0105734635,0.007067274,0.0076412135,0.06612087,0.005589106,0.8531608,0.049847335,0.023229845,,0.023229845,control,1,,44,control_f1_s44_in22k_v5conf,best,19
ISIC_0029943,HAM_0002632,HAM_0002632,40-59,ham,5,False,5,0.012318607,0.0063751894,0.006918926,0.06283471,0.0053775534,0.8595753,0.04659968,0.02407135,,0.02407135,control,1,,44,control_f1_s44_in22k_v5conf,best,19
ISIC_0029947,HAM_0007043,HAM_0007043,60+,ham,2,False,2,0.0060853264,0.008921623,0.68046117,0.10732445,0.021040201,0.09753977,0.07862745,0.036047153,,0.036047153,control,1,,44,control_f1_s44_in22k_v5conf,best,19
ISIC_0029950,HAM_0000232,HAM_0000232,40-59,ham,5,False,5,0.016128376,0.0105863605,0.044280246,0.093113825,0.0060177683,0.7632003,0.066673175,0.032732505,,0.032732505,control,1,,44,control_f1_s44_in22k_v5conf,best,19
ISIC_0029953,HAM_0002793,HAM_0002793,<40,ham,5,False,5,0.012261237,0.006700383,0.0062174117,0.0722535,0.014320307,0.8377125,0.050534613,0.033281926,,0.033281926,control,1,,44,control_f1_s44_in22k_v5conf,best,19
ISIC_0029957,HAM_0005418,HAM_0005418,60+,ham,5,False,5,0.01110458,0.0065809777,0.0089204535,0.06644199,0.0061726826,0.8517052,0.04907418,0.023858242,,0.023858242,control,1,,44,control_f1_s44_in22k_v5conf,best,19
ISIC_0029971,HAM_0004459,HAM_0004459,40-59,ham,5,False,5,0.011107928,0.0076253843,0.007023792,0.06445646,0.0069878427,0.85499597,0.04780254,0.025721155,,0.025721155,control,1,,44,control_f1_s44_in22k_v5conf,best,19
ISIC_0029974,HAM_0004627,HAM_0004627,60+,ham,1,True,0,0.4806209,0.32612273,0.037481457,0.08704646,0.005293787,0.024412174,0.039022528,0.8120374,,0.8120374,control,1,,44,control_f1_s44_in22k_v5conf,best,19
ISIC_0029976,HAM_0002323,HAM_0002323,40-59,ham,5,False,5,0.007274265,0.0053080725,0.004210224,0.05925741,0.010951545,0.8748612,0.038137365,0.023533883,,0.023533883,control,1,,44,control_f1_s44_in22k_v5conf,best,19
ISIC_0029978,HAM_0006040,HAM_0006040,40-59,ham,5,False,2,0.03689434,0.0022361937,0.79484665,0.04256271,0.009642938,0.08092526,0.03289182,0.048773475,,0.048773475,control,1,,44,control_f1_s44_in22k_v5conf,best,19
ISIC_0029980,HAM_0000379,HAM_0000379,60+,ham,5,False,5,0.01129323,0.007916251,0.008577985,0.06830545,0.0055443347,0.8487004,0.04966241,0.024753816,,0.024753816,control,1,,44,control_f1_s44_in22k_v5conf,best,19
ISIC_0029981,HAM_0005357,HAM_0005357,40-59,ham,5,False,5,0.011847386,0.0063795,0.00802602,0.06687763,0.0050138994,0.85304236,0.048813235,0.023240786,,0.023240786,control,1,,44,control_f1_s44_in22k_v5conf,best,19
ISIC_0029982,HAM_0005886,HAM_0005886,40-59,ham,5,False,5,0.012037609,0.01500919,0.00415986,0.07071169,0.0038376516,0.8452611,0.048982937,0.030884452,,0.030884452,control,1,,44,control_f1_s44_in22k_v5conf,best,19
ISIC_0029984,HAM_0004523,HAM_0004523,40-59,ham,5,False,5,0.011311626,0.007322352,0.006400111,0.064949706,0.0054522064,0.8573407,0.047223344,0.024086185,,0.024086185,control,1,,44,control_f1_s44_in22k_v5conf,best,19
ISIC_0029989,HAM_0000834,HAM_0000834,40-59,ham,5,False,5,0.01077976,0.0079295905,0.0071246293,0.06380887,0.0073407893,0.85498774,0.048028618,0.02605014,,0.02605014,control,1,,44,control_f1_s44_in22k_v5conf,best,19
ISIC_0029993,HAM_0005987,HAM_0005987,60+,ham,5,False,5,0.013885235,0.008357888,0.007114557,0.07428801,0.1789616,0.66860837,0.048784293,0.20120473,,0.20120473,control,1,,44,control_f1_s44_in22k_v5conf,best,19
ISIC_0030009,HAM_0006454,HAM_0006454,40-59,ham,5,False,5,0.012177167,0.008825507,0.007916499,0.06952839,0.0048744474,0.84707016,0.049607772,0.025877122,,0.025877122,control,1,,44,control_f1_s44_in22k_v5conf,best,19
ISIC_0030022,HAM_0002347,HAM_0002347,40-59,ham,5,False,5,0.01109234,0.0066178143,0.008536308,0.06720753,0.004968286,0.85281795,0.048759855,0.022678439,,0.022678439,control,1,,44,control_f1_s44_in22k_v5conf,best,19
ISIC_0030024,HAM_0001650,HAM_0001650,40-59,ham,5,False,5,0.011502507,0.0074053425,0.00640487,0.06648805,0.006128612,0.85581833,0.046252374,0.025036462,,0.025036462,control,1,,44,control_f1_s44_in22k_v5conf,best,19
ISIC_0030033,HAM_0002572,HAM_0002572,<40,ham,5,False,5,0.012218953,0.0076041287,0.0073619788,0.08169783,0.11674722,0.7227308,0.05163902,0.1365703,,0.1365703,control,1,,44,control_f1_s44_in22k_v5conf,best,19
ISIC_0030047,HAM_0007242,HAM_0007242,60+,ham,4,True,5,0.014797949,0.005840057,0.021835003,0.06807728,0.09902049,0.7449045,0.045524698,0.11965849,,0.11965849,control,1,,44,control_f1_s44_in22k_v5conf,best,19
ISIC_0030049,HAM_0007469,HAM_0007469,<40,ham,5,False,5,0.009860237,0.0070679006,0.006845778,0.06908997,0.004280609,0.85420775,0.04864775,0.021208748,,0.021208748,control,1,,44,control_f1_s44_in22k_v5conf,best,19
ISIC_0030054,HAM_0001377,HAM_0001377,<40,ham,5,False,5,0.012880504,0.007436884,0.0077599636,0.067226,0.0049074795,0.85008216,0.049707074,0.025224868,,0.025224868,control,1,,44,control_f1_s44_in22k_v5conf,best,19
ISIC_0030059,HAM_0005246,HAM_0005246,<40,ham,5,False,5,0.027109016,0.0063875844,0.109869234,0.083398305,0.003412353,0.7016841,0.068139344,0.036908954,,0.036908954,control,1,,44,control_f1_s44_in22k_v5conf,best,19
ISIC_0030060,HAM_0004126,HAM_0004126,60+,ham,4,True,4,0.010793432,0.00637763,0.008984778,0.060304496,0.8645185,0.00234432,0.046676844,0.8816896,,0.8816896,control,1,,44,control_f1_s44_in22k_v5conf,best,19
ISIC_0030071,HAM_0002883,HAM_0002883,40-59,ham,5,False,5,0.0110708475,0.007566478,0.0074806083,0.070749566,0.0068584764,0.8492001,0.047073763,0.025495801,,0.025495801,control,1,,44,control_f1_s44_in22k_v5conf,best,19
ISIC_0030089,HAM_0007620,HAM_0007620,40-59,ham,4,True,1,0.0067463927,0.7372986,0.05101226,0.13702439,0.0013394916,0.028913561,0.037665274,0.7453845,,0.7453845,control,1,,44,control_f1_s44_in22k_v5conf,best,19
ISIC_0030103,HAM_0001148,HAM_0001148,40-59,ham,5,False,5,0.009959492,0.007897598,0.0065235198,0.06271715,0.0060807,0.86044186,0.04637971,0.02393779,,0.02393779,control,1,,44,control_f1_s44_in22k_v5conf,best,19
ISIC_0030117,HAM_0001361,HAM_0001361,40-59,ham,5,False,5,0.012096232,0.007102292,0.006637506,0.069183715,0.008820597,0.8462663,0.04989341,0.02801912,,0.02801912,control,1,,44,control_f1_s44_in22k_v5conf,best,19
ISIC_0030118,HAM_0003613,HAM_0003613,60+,ham,2,False,2,0.006831404,0.0036205596,0.929964,0.032351892,0.0040992643,0.0010519462,0.022080904,0.014551228,,0.014551228,control,1,,44,control_f1_s44_in22k_v5conf,best,19
ISIC_0030119,HAM_0005557,HAM_0005557,60+,ham,4,True,4,0.008530852,0.0072638416,0.0057837493,0.046645395,0.892978,0.002008058,0.03679002,0.9087727,,0.9087727,control,1,,44,control_f1_s44_in22k_v5conf,best,19
ISIC_0030131,HAM_0002064,HAM_0002064,40-59,ham,5,False,5,0.011081262,0.008013223,0.008235714,0.06839236,0.007918914,0.8476676,0.048690982,0.027013399,,0.027013399,control,1,,44,control_f1_s44_in22k_v5conf,best,19
ISIC_0030139,HAM_0003653,HAM_0003653,40-59,ham,5,False,5,0.008722151,0.0072523057,0.0044837133,0.0600655,0.0066884677,0.8693941,0.043393813,0.022662925,,0.022662925,control,1,,44,control_f1_s44_in22k_v5conf,best,19
ISIC_0030164,HAM_0002828,HAM_0002828,40-59,ham,5,False,5,0.01260026,0.007866073,0.008533453,0.068965405,0.0066071,0.8433441,0.052083526,0.027073434,,0.027073434,control,1,,44,control_f1_s44_in22k_v5conf,best,19
ISIC_0030167,HAM_0004372,HAM_0004372,60+,ham,5,False,5,0.021296024,0.003792839,0.03881616,0.065367244,0.010230957,0.79722404,0.06327281,0.03531982,,0.03531982,control,1,,44,control_f1_s44_in22k_v5conf,best,19
ISIC_0030168,HAM_0000966,HAM_0000966,40-59,ham,5,False,5,0.013090529,0.0074659036,0.015612125,0.06712959,0.0026505338,0.8401798,0.05387151,0.023206964,,0.023206964,control,1,,44,control_f1_s44_in22k_v5conf,best,19
ISIC_0030169,HAM_0005240,HAM_0005240,60+,ham,5,False,5,0.013029396,0.0066856635,0.0067856614,0.06309044,0.006124333,0.85990614,0.04437838,0.025839392,,0.025839392,control,1,,44,control_f1_s44_in22k_v5conf,best,19
ISIC_0030172,HAM_0002722,HAM_0002722,40-59,ham,2,False,2,0.044080015,0.015566319,0.79981893,0.07396119,0.00090316246,0.0018841401,0.063786134,0.060549498,,0.060549498,control,1,,44,control_f1_s44_in22k_v5conf,best,19
ISIC_0030180,HAM_0000362,HAM_0000362,<40,ham,5,False,0,0.4322083,0.0029431698,0.03875898,0.1109399,0.26590565,0.0872824,0.06196155,0.7010571,,0.7010571,control,1,,44,control_f1_s44_in22k_v5conf,best,19
ISIC_0030202,HAM_0003644,HAM_0003644,40-59,ham,5,False,5,0.00971639,0.0064529916,0.0063890857,0.06792812,0.005149075,0.85550636,0.04885798,0.021318454,,0.021318454,control,1,,44,control_f1_s44_in22k_v5conf,best,19
ISIC_0030207,HAM_0001399,HAM_0001399,60+,ham,2,False,2,0.0055403356,0.0070573557,0.88948154,0.050683912,0.0018818125,0.0043176594,0.04103737,0.014479504,,0.014479504,control,1,,44,control_f1_s44_in22k_v5conf,best,19
ISIC_0030211,HAM_0004126,HAM_0004126,60+,ham,4,True,4,0.0123681985,0.0063120164,0.009034315,0.05931538,0.86309034,0.0021185903,0.047761124,0.88177055,,0.88177055,control,1,,44,control_f1_s44_in22k_v5conf,best,19
ISIC_0030225,HAM_0005085,HAM_0005085,60+,ham,5,False,5,0.015200626,0.008620253,0.007388557,0.10753645,0.31066564,0.48494917,0.06563929,0.3344865,,0.3344865,control,1,,44,control_f1_s44_in22k_v5conf,best,19
ISIC_0030227,HAM_0004917,HAM_0004917,60+,ham,2,False,4,0.005037308,0.01714857,0.00873762,0.05927545,0.8659543,0.0009888818,0.04285788,0.88814014,,0.88814014,control,1,,44,control_f1_s44_in22k_v5conf,best,19
ISIC_0030234,HAM_0002152,HAM_0002152,40-59,ham,5,False,5,0.013833049,0.008834966,0.0098769255,0.06548591,0.007163745,0.8448662,0.04993921,0.02983176,,0.02983176,control,1,,44,control_f1_s44_in22k_v5conf,best,19
ISIC_0030247,HAM_0003767,HAM_0003767,60+,ham,5,False,5,0.012708054,0.008372105,0.023378443,0.07330898,0.0046670204,0.83263725,0.044928174,0.02574718,,0.02574718,control,1,,44,control_f1_s44_in22k_v5conf,best,19
ISIC_0030261,HAM_0004871,HAM_0004871,60+,ham,1,True,1,0.009990558,0.8805524,0.00844698,0.058256228,0.004425084,0.0031268662,0.035201836,0.8949681,,0.8949681,control,1,,44,control_f1_s44_in22k_v5conf,best,19
ISIC_0030264,HAM_0007221,HAM_0007221,<40,ham,5,False,5,0.008802866,0.00518031,0.005827846,0.06487402,0.011705559,0.8593775,0.044232003,0.025688734,,0.025688734,control,1,,44,control_f1_s44_in22k_v5conf,best,19
ISIC_0030271,HAM_0005469,HAM_0005469,60+,ham,1,True,0,0.5989482,0.29700568,0.0015401299,0.049856424,0.012221055,0.0026227213,0.037805796,0.90817493,,0.90817493,control,1,,44,control_f1_s44_in22k_v5conf,best,19
ISIC_0030274,HAM_0005100,HAM_0005100,40-59,ham,5,False,5,0.012452347,0.006686446,0.0063963505,0.063847065,0.005313409,0.85820305,0.047101345,0.024452202,,0.024452202,control,1,,44,control_f1_s44_in22k_v5conf,best,19
ISIC_0030299,HAM_0006554,HAM_0006554,40-59,ham,5,False,5,0.011860111,0.00767048,0.0035033622,0.07079676,0.07589714,0.77906567,0.05120647,0.09542774,,0.09542774,control,1,,44,control_f1_s44_in22k_v5conf,best,19
ISIC_0030309,HAM_0006322,HAM_0006322,40-59,ham,5,False,5,0.011260782,0.007116507,0.006866455,0.07298458,0.004893183,0.84994036,0.046938095,0.023270473,,0.023270473,control,1,,44,control_f1_s44_in22k_v5conf,best,19
ISIC_0030317,HAM_0001050,HAM_0001050,40-59,ham,5,False,5,0.012050262,0.007995296,0.0074207336,0.0660066,0.0052974676,0.85147524,0.049754474,0.025343025,,0.025343025,control,1,,44,control_f1_s44_in22k_v5conf,best,19
ISIC_0030318,HAM_0004423,HAM_0004423,60+,ham,2,False,2,0.006077933,0.008943335,0.8797011,0.04779375,0.0044433177,0.012468655,0.04057201,0.019464586,,0.019464586,control,1,,44,control_f1_s44_in22k_v5conf,best,19
ISIC_0030320,HAM_0006646,HAM_0006646,40-59,ham,5,False,5,0.013537303,0.007965003,0.008224842,0.06676763,0.0053510675,0.84835476,0.049799412,0.026853371,,0.026853371,control,1,,44,control_f1_s44_in22k_v5conf,best,19
ISIC_0030336,HAM_0006551,HAM_0006551,<40,ham,5,False,5,0.011221054,0.007984462,0.0073428503,0.0690868,0.006398363,0.8461384,0.05182803,0.02560388,,0.02560388,control,1,,44,control_f1_s44_in22k_v5conf,best,19
ISIC_0030346,HAM_0005146,HAM_0005146,60+,ham,2,False,2,0.0054835607,0.0023783692,0.9157568,0.041555736,0.009371038,0.0031298662,0.02232464,0.017232968,,0.017232968,control,1,,44,control_f1_s44_in22k_v5conf,best,19
ISIC_0030350,HAM_0006822,HAM_0006822,<40,ham,5,False,5,0.011510649,0.007085863,0.0063303127,0.06939001,0.010667861,0.84494585,0.050069477,0.029264372,,0.029264372,control,1,,44,control_f1_s44_in22k_v5conf,best,19
ISIC_0030351,HAM_0004017,HAM_0004017,40-59,ham,5,False,5,0.0122834705,0.0066146506,0.0063428343,0.06454008,0.005755132,0.8545366,0.04992729,0.024653254,,0.024653254,control,1,,44,control_f1_s44_in22k_v5conf,best,19
ISIC_0030357,HAM_0004026,HAM_0004026,40-59,ham,5,False,5,0.011425258,0.007875752,0.008506591,0.0657671,0.007450033,0.8511298,0.047845468,0.026751041,,0.026751041,control,1,,44,control_f1_s44_in22k_v5conf,best,19
ISIC_0030359,HAM_0007435,HAM_0007435,40-59,ham,5,False,5,0.01144059,0.007246532,0.0069710687,0.06708436,0.0066208728,0.8520919,0.048544608,0.025307994,,0.025307994,control,1,,44,control_f1_s44_in22k_v5conf,best,19
ISIC_0030369,HAM_0003514,HAM_0003514,60+,ham,2,False,2,0.004207961,0.013571713,0.8743354,0.044757858,0.007337499,0.021431623,0.034358013,0.025117174,,0.025117174,control,1,,44,control_f1_s44_in22k_v5conf,best,19
ISIC_0030372,HAM_0000881,HAM_0000881,60+,ham,2,False,0,0.89098066,0.015917307,0.01910484,0.039416496,0.0024590043,0.0014196632,0.030701894,0.90935695,,0.90935695,control,1,,44,control_f1_s44_in22k_v5conf,best,19
ISIC_0030375,HAM_0007037,HAM_0007037,60+,ham,0,True,0,0.94543993,0.00085803296,0.007676984,0.02396367,0.0035746177,0.00109473,0.01739188,0.94987255,,0.94987255,control,1,,44,control_f1_s44_in22k_v5conf,best,19
ISIC_0030379,HAM_0003416,HAM_0003416,40-59,ham,5,False,5,0.011838177,0.0077917813,0.00874634,0.067614034,0.0065937242,0.8466498,0.050766163,0.026223684,,0.026223684,control,1,,44,control_f1_s44_in22k_v5conf,best,19
ISIC_0030381,HAM_0005702,HAM_0005702,40-59,ham,5,False,5,0.011222068,0.008939734,0.0081761265,0.069693394,0.008508476,0.84440035,0.049059894,0.028670277,,0.028670277,control,1,,44,control_f1_s44_in22k_v5conf,best,19
ISIC_0030384,HAM_0001169,HAM_0001169,<40,ham,5,False,2,0.0057330905,0.0050595263,0.88674337,0.053033035,0.002928647,0.004549626,0.04195281,0.013721264,,0.013721264,control,1,,44,control_f1_s44_in22k_v5conf,best,19
ISIC_0030415,HAM_0005317,HAM_0005317,40-59,ham,5,False,5,0.011530666,0.0077760024,0.01112108,0.06972262,0.0073281657,0.84277564,0.049745858,0.026634833,,0.026634833,control,1,,44,control_f1_s44_in22k_v5conf,best,19
ISIC_0030424,HAM_0006452,HAM_0006452,40-59,ham,5,False,5,0.01167362,0.008262755,0.007975638,0.06657345,0.0062949713,0.85141814,0.04780143,0.026231347,,0.026231347,control,1,,44,control_f1_s44_in22k_v5conf,best,19
ISIC_0030426,HAM_0002670,HAM_0002670,60+,ham,5,False,5,0.008110978,0.0033444192,0.0124025075,0.04461561,0.0146618225,0.8787883,0.038076323,0.02611722,,0.02611722,control,1,,44,control_f1_s44_in22k_v5conf,best,19
ISIC_0030437,HAM_0003746,HAM_0003746,<40,ham,5,False,5,0.011591987,0.007898315,0.00776994,0.068214096,0.007266921,0.847811,0.049447767,0.026757222,,0.026757222,control,1,,44,control_f1_s44_in22k_v5conf,best,19
ISIC_0030439,HAM_0002743,HAM_0002743,40-59,ham,5,False,5,0.010825934,0.0063975696,0.0063403687,0.06421477,0.0053111715,0.86248547,0.04442472,0.022534676,,0.022534676,control,1,,44,control_f1_s44_in22k_v5conf,best,19
ISIC_0030441,HAM_0000479,HAM_0000479,40-59,ham,5,False,5,0.011649753,0.006881202,0.0063268547,0.068180144,0.005329367,0.85386527,0.047767323,0.023860322,,0.023860322,control,1,,44,control_f1_s44_in22k_v5conf,best,19
ISIC_0030444,HAM_0004923,HAM_0004923,<40,ham,5,False,5,0.010732865,0.006160995,0.010705949,0.06321613,0.010648651,0.85162973,0.046905715,0.027542511,,0.027542511,control,1,,44,control_f1_s44_in22k_v5conf,best,19
ISIC_0030454,HAM_0001267,HAM_0001267,40-59,ham,5,False,5,0.01086896,0.0065043136,0.005999528,0.066505104,0.0050124535,0.85932386,0.045785837,0.022385728,,0.022385728,control,1,,44,control_f1_s44_in22k_v5conf,best,19
ISIC_0030461,HAM_0004252,HAM_0004252,40-59,ham,5,False,5,0.011970488,0.0068633826,0.008298233,0.067230806,0.0060331044,0.8511312,0.048472803,0.024866976,,0.024866976,control,1,,44,control_f1_s44_in22k_v5conf,best,19
ISIC_0030465,HAM_0002335,HAM_0002335,60+,ham,2,False,2,0.0040971874,0.004636779,0.9158498,0.037360385,0.003008772,0.001932746,0.033114444,0.011742738,,0.011742738,control,1,,44,control_f1_s44_in22k_v5conf,best,19
ISIC_0030469,HAM_0005810,HAM_0005810,40-59,ham,5,False,5,0.01172084,0.008027646,0.01817258,0.08061977,0.004748063,0.8140284,0.06268274,0.02449655,,0.02449655,control,1,,44,control_f1_s44_in22k_v5conf,best,19
ISIC_0030470,HAM_0001876,HAM_0001876,40-59,ham,5,False,5,0.010533452,0.006149635,0.00832419,0.06767512,0.007799495,0.8535522,0.045965903,0.024482582,,0.024482582,control,1,,44,control_f1_s44_in22k_v5conf,best,19
ISIC_0030493,HAM_0004981,HAM_0004981,60+,ham,5,False,5,0.0116537465,0.007686076,0.008405742,0.06506186,0.0078091808,0.8522137,0.04716974,0.027149003,,0.027149003,control,1,,44,control_f1_s44_in22k_v5conf,best,19
ISIC_0030496,HAM_0005808,HAM_0005808,60+,ham,5,False,5,0.01395015,0.015387132,0.007261007,0.07665659,0.0044010025,0.82770187,0.05464212,0.033738285,,0.033738285,control,1,,44,control_f1_s44_in22k_v5conf,best,19
ISIC_0030520,HAM_0003221,HAM_0003221,40-59,ham,5,False,5,0.011856974,0.007730365,0.010461283,0.07227383,0.006361044,0.8381255,0.053191036,0.025948383,,0.025948383,control,1,,44,control_f1_s44_in22k_v5conf,best,19
ISIC_0030524,HAM_0005419,HAM_0005419,<40,ham,5,False,5,0.012246586,0.0072979527,0.011942303,0.07246016,0.004578483,0.8385041,0.052970316,0.02412302,,0.02412302,control,1,,44,control_f1_s44_in22k_v5conf,best,19
ISIC_0030534,HAM_0002647,HAM_0002647,40-59,ham,5,False,5,0.007037984,0.0061914297,0.0042430717,0.061861888,0.021078689,0.8561098,0.04347711,0.034308102,,0.034308102,control,1,,44,control_f1_s44_in22k_v5conf,best,19
ISIC_0030535,HAM_0001762,HAM_0001762,60+,ham,5,False,5,0.011222023,0.007116922,0.011009341,0.067007266,0.012230256,0.84183997,0.049574308,0.0305692,,0.0305692,control,1,,44,control_f1_s44_in22k_v5conf,best,19
ISIC_0030538,HAM_0003630,HAM_0003630,60+,ham,5,False,5,0.011620429,0.008226362,0.007527166,0.06672585,0.008897011,0.84733665,0.049666557,0.028743804,,0.028743804,control,1,,44,control_f1_s44_in22k_v5conf,best,19
ISIC_0030550,HAM_0000219,HAM_0000219,40-59,ham,5,False,5,0.010396898,0.008204928,0.0067692758,0.06753465,0.007374512,0.8505195,0.049200233,0.025976337,,0.025976337,control,1,,44,control_f1_s44_in22k_v5conf,best,19
ISIC_0030553,HAM_0005848,HAM_0005848,40-59,ham,5,False,5,0.012110983,0.007948199,0.010145655,0.065877795,0.0069667776,0.8515089,0.04544163,0.02702596,,0.02702596,control,1,,44,control_f1_s44_in22k_v5conf,best,19
ISIC_0030557,HAM_0004646,HAM_0004646,<40,ham,5,False,5,0.01465929,0.00837461,0.0056819967,0.0714633,0.009525119,0.83725303,0.05304268,0.03255902,,0.03255902,control,1,,44,control_f1_s44_in22k_v5conf,best,19
ISIC_0030567,HAM_0003609,HAM_0003609,<40,ham,5,False,5,0.011357977,0.0073024593,0.007033189,0.069196515,0.0046771746,0.84940606,0.05102664,0.023337612,,0.023337612,control,1,,44,control_f1_s44_in22k_v5conf,best,19
ISIC_0030569,HAM_0003924,HAM_0003924,60+,ham,5,False,4,0.0060429783,0.003951451,0.010066944,0.05951171,0.8474045,0.029564349,0.043458045,0.8573989,,0.8573989,control,1,,44,control_f1_s44_in22k_v5conf,best,19
ISIC_0030570,HAM_0004885,HAM_0004885,<40,ham,5,False,5,0.010347513,0.0082440935,0.008457975,0.06717403,0.006814002,0.85038185,0.04858049,0.025405608,,0.025405608,control,1,,44,control_f1_s44_in22k_v5conf,best,19
ISIC_0030571,HAM_0003190,HAM_0003190,40-59,ham,5,False,5,0.011991599,0.00710331,0.0069943573,0.065684296,0.005747284,0.855913,0.04656611,0.024842191,,0.024842191,control,1,,44,control_f1_s44_in22k_v5conf,best,19
ISIC_0030575,HAM_0002032,HAM_0002032,<40,ham,4,True,5,0.011540105,0.00394104,0.022974769,0.051781025,0.117156774,0.7502117,0.042394616,0.13263792,,0.13263792,control,1,,44,control_f1_s44_in22k_v5conf,best,19
ISIC_0030581,HAM_0002916,HAM_0002916,<40,ham,5,False,5,0.0102176005,0.007614606,0.0061183004,0.067496054,0.010283263,0.848967,0.04930315,0.02811547,,0.02811547,control,1,,44,control_f1_s44_in22k_v5conf,best,19
ISIC_0030584,HAM_0005458,HAM_0005458,40-59,ham,5,False,5,0.011962691,0.007294516,0.008649842,0.0666118,0.004952915,0.85381347,0.046714786,0.024210121,,0.024210121,control,1,,44,control_f1_s44_in22k_v5conf,best,19
ISIC_0030587,HAM_0001848,HAM_0001848,<40,ham,5,False,5,0.011186277,0.006831808,0.005988062,0.06322519,0.0061565423,0.8592547,0.047357317,0.024174627,,0.024174627,control,1,,44,control_f1_s44_in22k_v5conf,best,19
ISIC_0030603,HAM_0006921,HAM_0006921,60+,ham,5,False,2,0.22579063,0.038924273,0.6006645,0.072583124,0.0017731206,0.004565835,0.05569857,0.26648802,,0.26648802,control,1,,44,control_f1_s44_in22k_v5conf,best,19
ISIC_0030605,HAM_0001820,HAM_0001820,60+,ham,2,False,4,0.0052847844,0.008561984,0.03922638,0.077907585,0.59164435,0.21812096,0.05925393,0.6054911,,0.6054911,control,1,,44,control_f1_s44_in22k_v5conf,best,19
ISIC_0030614,HAM_0001568,HAM_0001568,40-59,ham,5,False,5,0.011780525,0.007497801,0.006423771,0.066188134,0.005704064,0.85538775,0.047018044,0.024982389,,0.024982389,control,1,,44,control_f1_s44_in22k_v5conf,best,19
ISIC_0030620,HAM_0006409,HAM_0006409,60+,ham,5,False,5,0.012953773,0.0071764113,0.006435605,0.06570517,0.08242766,0.77998084,0.045320496,0.10255784,,0.10255784,control,1,,44,control_f1_s44_in22k_v5conf,best,19
ISIC_0030624,HAM_0006771,HAM_0006771,40-59,ham,5,False,5,0.011227576,0.0073562725,0.0074830595,0.065463394,0.005836319,0.8531403,0.049493123,0.024420168,,0.024420168,control,1,,44,control_f1_s44_in22k_v5conf,best,19
ISIC_0030626,HAM_0001031,HAM_0001031,40-59,ham,5,False,5,0.008295049,0.006278659,0.0055590277,0.061889447,0.005954123,0.8691965,0.04282721,0.020527832,,0.020527832,control,1,,44,control_f1_s44_in22k_v5conf,best,19
ISIC_0030641,HAM_0006079,HAM_0006079,<40,ham,5,False,5,0.01130175,0.0077974894,0.0076583866,0.06862676,0.0066818465,0.8482916,0.04964214,0.025781086,,0.025781086,control,1,,44,control_f1_s44_in22k_v5conf,best,19
ISIC_0030668,HAM_0006579,HAM_0006579,40-59,ham,5,False,5,0.011303588,0.0076688523,0.008031374,0.06657612,0.006226574,0.8496421,0.050551496,0.025199015,,0.025199015,control,1,,44,control_f1_s44_in22k_v5conf,best,19
ISIC_0030682,HAM_0002924,HAM_0002924,40-59,ham,5,False,5,0.0109759,0.0062317904,0.007139777,0.06760382,0.006993182,0.8540693,0.04698621,0.024200872,,0.024200872,control,1,,44,control_f1_s44_in22k_v5conf,best,19
ISIC_0030687,HAM_0000791,HAM_0000791,60+,ham,1,True,4,0.008168992,0.010520866,0.005339653,0.08951902,0.7496843,0.08256371,0.054203447,0.76837415,,0.76837415,control,1,,44,control_f1_s44_in22k_v5conf,best,19
ISIC_0030689,HAM_0000952,HAM_0000952,60+,ham,4,True,2,0.008591151,0.0008874927,0.9264986,0.025596123,0.0111146225,0.002794582,0.024517434,0.020593267,,0.020593267,control,1,,44,control_f1_s44_in22k_v5conf,best,19
ISIC_0030706,HAM_0003089,HAM_0003089,60+,ham,2,False,4,0.0595419,0.0034876647,0.011355296,0.08541956,0.7716639,0.003619107,0.064912595,0.8346935,,0.8346935,control,1,,44,control_f1_s44_in22k_v5conf,best,19
ISIC_0030726,HAM_0002255,HAM_0002255,40-59,ham,5,False,5,0.011117579,0.0071854834,0.008739946,0.065485604,0.004976154,0.8564038,0.046091344,0.023279216,,0.023279216,control,1,,44,control_f1_s44_in22k_v5conf,best,19
ISIC_0030748,HAM_0000540,HAM_0000540,60+,ham,5,False,5,0.011722975,0.007297655,0.0070225247,0.065143906,0.005137363,0.85533637,0.048339203,0.024157993,,0.024157993,control,1,,44,control_f1_s44_in22k_v5conf,best,19
ISIC_0030750,HAM_0005277,HAM_0005277,40-59,ham,5,False,5,0.012642464,0.008002081,0.008209883,0.06536845,0.00561553,0.8516517,0.04850985,0.026260076,,0.026260076,control,1,,44,control_f1_s44_in22k_v5conf,best,19
ISIC_0030756,HAM_0003176,HAM_0003176,60+,ham,4,True,4,0.0062182434,0.004696404,0.0053703105,0.04419622,0.8982632,0.0034501958,0.037805457,0.90917784,,0.90917784,control,1,,44,control_f1_s44_in22k_v5conf,best,19
ISIC_0030767,HAM_0004685,HAM_0004685,60+,ham,1,True,1,0.01634564,0.8783833,0.011955967,0.04798761,0.005323601,0.004162855,0.03584105,0.9000525,,0.9000525,control,1,,44,control_f1_s44_in22k_v5conf,best,19
ISIC_0030769,HAM_0000131,HAM_0000131,<40,ham,5,False,5,0.01111532,0.006917369,0.0060171485,0.06500058,0.0044756867,0.86114895,0.04532497,0.022508375,,0.022508375,control,1,,44,control_f1_s44_in22k_v5conf,best,19
ISIC_0030772,HAM_0005086,HAM_0005086,<40,ham,5,False,5,0.009075681,0.0060455855,0.0068791616,0.07977101,0.043081243,0.8077576,0.04738971,0.05820251,,0.05820251,control,1,,44,control_f1_s44_in22k_v5conf,best,19
ISIC_0030777,HAM_0001224,HAM_0001224,40-59,ham,5,False,5,0.0121469,0.0076790107,0.0067186146,0.06527475,0.0050291377,0.8534786,0.04967296,0.02485505,,0.02485505,control,1,,44,control_f1_s44_in22k_v5conf,best,19
ISIC_0030786,HAM_0000682,HAM_0000682,40-59,ham,5,False,1,0.009339886,0.86741066,0.004655278,0.06426732,0.00481924,0.008073914,0.041433655,0.88156974,,0.88156974,control,1,,44,control_f1_s44_in22k_v5conf,best,19
ISIC_0030795,HAM_0003601,HAM_0003601,60+,ham,4,True,5,0.010223633,0.0089686215,0.020021409,0.10472032,0.32649133,0.46753424,0.062040415,0.34568357,,0.34568357,control,1,,44,control_f1_s44_in22k_v5conf,best,19
ISIC_0030797,HAM_0006691,HAM_0006691,40-59,ham,5,False,5,0.012538283,0.007662343,0.0091850525,0.067328244,0.0062798737,0.8480531,0.04895303,0.0264805,,0.0264805,control,1,,44,control_f1_s44_in22k_v5conf,best,19
ISIC_0030800,HAM_0005921,HAM_0005921,60+,ham,1,True,1,0.010243988,0.9023827,0.004632528,0.045610357,0.004277209,0.0021479914,0.030705223,0.9169039,,0.9169039,control,1,,44,control_f1_s44_in22k_v5conf,best,19
ISIC_0030801,HAM_0006201,HAM_0006201,40-59,ham,2,False,2,0.049561378,0.009473719,0.7192086,0.06896415,0.09415686,0.0028189735,0.055816296,0.15319195,,0.15319195,control,1,,44,control_f1_s44_in22k_v5conf,best,19
ISIC_0030805,HAM_0003200,HAM_0003200,40-59,ham,5,False,5,0.012916042,0.008230466,0.009091372,0.06845025,0.0055695144,0.8365083,0.05923399,0.026716022,,0.026716022,control,1,,44,control_f1_s44_in22k_v5conf,best,19
ISIC_0030818,HAM_0002838,HAM_0002838,60+,ham,4,True,5,0.011796549,0.007983346,0.004760199,0.06794501,0.017159875,0.84102887,0.04932601,0.03693977,,0.03693977,control,1,,44,control_f1_s44_in22k_v5conf,best,19
ISIC_0030826,HAM_0004384,HAM_0004384,60+,ham,0,True,0,0.71497166,0.10888265,0.004582624,0.08753583,0.010397836,0.0020964341,0.0715329,0.8342522,,0.8342522,control,1,,44,control_f1_s44_in22k_v5conf,best,19
ISIC_0030829,HAM_0005859,HAM_0005859,<40,ham,5,False,5,0.010700382,0.008083371,0.007988908,0.06520259,0.008897834,0.8475164,0.05161047,0.02768159,,0.02768159,control,1,,44,control_f1_s44_in22k_v5conf,best,19
ISIC_0030830,HAM_0006794,HAM_0006794,40-59,ham,3,False,5,0.008808144,0.003221369,0.020027539,0.09043917,0.008370858,0.8267679,0.042365022,0.020400371,,0.020400371,control,1,,44,control_f1_s44_in22k_v5conf,best,19
ISIC_0030836,HAM_0001554,HAM_0001554,<40,ham,5,False,5,0.010622444,0.0066980696,0.013129483,0.06093285,0.0031140705,0.85859174,0.046911404,0.020434584,,0.020434584,control,1,,44,control_f1_s44_in22k_v5conf,best,19
ISIC_0030845,HAM_0000093,HAM_0000093,<40,ham,5,False,4,0.004570943,0.0034130495,0.006895427,0.06743932,0.854587,0.02254074,0.040553518,0.862571,,0.862571,control,1,,44,control_f1_s44_in22k_v5conf,best,19
ISIC_0030846,HAM_0006242,HAM_0006242,40-59,ham,5,False,5,0.010527157,0.0070409114,0.008708784,0.06780635,0.0053971545,0.85317165,0.047348015,0.022965223,,0.022965223,control,1,,44,control_f1_s44_in22k_v5conf,best,19
ISIC_0030848,HAM_0003166,HAM_0003166,40-59,ham,5,False,5,0.009982469,0.0069640796,0.007843579,0.064974405,0.0064111426,0.85800844,0.045815837,0.023357691,,0.023357691,control,1,,44,control_f1_s44_in22k_v5conf,best,19
ISIC_0030859,HAM_0006822,HAM_0006822,<40,ham,5,False,5,0.016627433,0.0083445925,0.0078552505,0.075926475,0.1232718,0.71865624,0.049318146,0.14824383,,0.14824383,control,1,,44,control_f1_s44_in22k_v5conf,best,19
ISIC_0030885,HAM_0000631,HAM_0000631,40-59,ham,5,False,5,0.011265571,0.0073262015,0.0073659522,0.063628115,0.007463684,0.8527161,0.050234295,0.026055457,,0.026055457,control,1,,44,control_f1_s44_in22k_v5conf,best,19
ISIC_0030899,HAM_0004222,HAM_0004222,<40,ham,5,False,5,0.010462797,0.00797188,0.0057809516,0.06418549,0.003927414,0.8599558,0.04771568,0.02236209,,0.02236209,control,1,,44,control_f1_s44_in22k_v5conf,best,19
ISIC_0030913,HAM_0002969,HAM_0002969,60+,ham,5,False,5,0.00923018,0.0071537225,0.008343907,0.06679605,0.011067013,0.8531987,0.044210475,0.027450915,,0.027450915,control,1,,44,control_f1_s44_in22k_v5conf,best,19
ISIC_0030918,HAM_0001103,HAM_0001103,40-59,ham,5,False,5,0.01889155,0.008398972,0.20910446,0.13348033,0.0025308444,0.54711926,0.08047454,0.029821368,,0.029821368,control,1,,44,control_f1_s44_in22k_v5conf,best,19
ISIC_0030921,HAM_0000350,HAM_0000350,60+,ham,5,False,5,0.011292337,0.007296052,0.007682751,0.06586524,0.007125927,0.85131466,0.04942305,0.025714317,,0.025714317,control,1,,44,control_f1_s44_in22k_v5conf,best,19
ISIC_0030932,HAM_0000241,HAM_0000241,60+,ham,4,True,4,0.006583336,0.0032305082,0.016318444,0.05430685,0.8739309,0.0036869855,0.04194289,0.8837447,,0.8837447,control,1,,44,control_f1_s44_in22k_v5conf,best,19
ISIC_0030947,HAM_0001850,HAM_0001850,40-59,ham,5,False,5,0.012168859,0.007615088,0.00850937,0.068884365,0.0061529316,0.8479891,0.048680298,0.02593688,,0.02593688,control,1,,44,control_f1_s44_in22k_v5conf,best,19
ISIC_0030961,HAM_0004412,HAM_0004412,<40,ham,5,False,4,0.005396707,0.008370541,0.0055918973,0.05493573,0.87254995,0.010325209,0.04282994,0.8863172,,0.8863172,control,1,,44,control_f1_s44_in22k_v5conf,best,19
ISIC_0030972,HAM_0002181,HAM_0002181,60+,ham,5,False,5,0.0114778755,0.007205675,0.008330264,0.06691676,0.005106434,0.85244197,0.048520967,0.023789985,,0.023789985,control,1,,44,control_f1_s44_in22k_v5conf,best,19
ISIC_0030973,HAM_0004923,HAM_0004923,<40,ham,5,False,5,0.010841913,0.0063030026,0.010050447,0.063859485,0.0103374105,0.8516917,0.04691611,0.027482325,,0.027482325,control,1,,44,control_f1_s44_in22k_v5conf,best,19
ISIC_0030975,HAM_0005767,HAM_0005767,<40,ham,5,False,5,0.012795763,0.007866133,0.008310325,0.06612554,0.0056408416,0.8528174,0.046443995,0.026302738,,0.026302738,control,1,,44,control_f1_s44_in22k_v5conf,best,19
ISIC_0030985,HAM_0004679,HAM_0004679,40-59,ham,5,False,5,0.010849194,0.007554088,0.007641694,0.06785085,0.006673644,0.8527296,0.04670101,0.025076924,,0.025076924,control,1,,44,control_f1_s44_in22k_v5conf,best,19
ISIC_0030988,HAM_0006723,HAM_0006723,40-59,ham,2,False,4,0.009326774,0.005641165,0.18900345,0.07634289,0.63196677,0.033349678,0.054369267,0.6469347,,0.6469347,control,1,,44,control_f1_s44_in22k_v5conf,best,19
ISIC_0031001,HAM_0002323,HAM_0002323,40-59,ham,5,False,5,0.0073279804,0.0076477076,0.011897244,0.056057744,0.0041806847,0.876613,0.036275513,0.019156372,,0.019156372,control,1,,44,control_f1_s44_in22k_v5conf,best,19
ISIC_0031009,HAM_0001434,HAM_0001434,60+,ham,1,True,1,0.014550647,0.88863194,0.005630267,0.047448974,0.003081068,0.0020748456,0.038582318,0.90626365,,0.90626365,control,1,,44,control_f1_s44_in22k_v5conf,best,19
ISIC_0031015,HAM_0007518,HAM_0007518,60+,ham,5,False,5,0.009554128,0.004266189,0.008979815,0.056924753,0.018950539,0.8681269,0.033197597,0.032770857,,0.032770857,control,1,,44,control_f1_s44_in22k_v5conf,best,19
ISIC_0031016,HAM_0001603,HAM_0001603,60+,ham,2,False,2,0.0067764088,0.0022642,0.9328357,0.03209002,0.0011341501,0.0026068937,0.022292683,0.010174759,,0.010174759,control,1,,44,control_f1_s44_in22k_v5conf,best,19
ISIC_0031052,HAM_0007174,HAM_0007174,40-59,ham,5,False,5,0.01061795,0.0069462582,0.0068354993,0.06437462,0.005787605,0.8583524,0.047085654,0.023351813,,0.023351813,control,1,,44,control_f1_s44_in22k_v5conf,best,19
ISIC_0031053,HAM_0001052,HAM_0001052,<40,ham,5,False,5,0.0097736595,0.0069510853,0.0069355797,0.06555744,0.0110262185,0.85102093,0.04873505,0.027750963,,0.027750963,control,1,,44,control_f1_s44_in22k_v5conf,best,19
ISIC_0031082,HAM_0001932,HAM_0001932,60+,ham,5,False,5,0.011506894,0.00759682,0.008705533,0.063594356,0.005067542,0.85733587,0.046193004,0.024171256,,0.024171256,control,1,,44,control_f1_s44_in22k_v5conf,best,19
ISIC_0031088,HAM_0001430,HAM_0001430,40-59,ham,2,False,2,0.01360669,0.009005441,0.79958916,0.08303607,0.004780615,0.028026478,0.061955534,0.027392747,,0.027392747,control,1,,44,control_f1_s44_in22k_v5conf,best,19
ISIC_0031092,HAM_0006492,HAM_0006492,<40,ham,5,False,5,0.008738866,0.0056298543,0.0052420343,0.058021292,0.010269666,0.86785036,0.04424789,0.024638386,,0.024638386,control,1,,44,control_f1_s44_in22k_v5conf,best,19
ISIC_0031104,HAM_0000945,HAM_0000945,60+,ham,5,False,5,0.0124482,0.008348575,0.008494952,0.06559851,0.0056817476,0.8487979,0.050630122,0.026478523,,0.026478523,control,1,,44,control_f1_s44_in22k_v5conf,best,19
ISIC_0031109,HAM_0000869,HAM_0000869,40-59,ham,5,False,5,0.011358079,0.007779226,0.006183602,0.070613995,0.0053538093,0.84903556,0.049675737,0.024491113,,0.024491113,control,1,,44,control_f1_s44_in22k_v5conf,best,19
ISIC_0031110,HAM_0004510,HAM_0004510,60+,ham,5,False,5,0.011515191,0.007487859,0.007731442,0.066946834,0.007083764,0.85206896,0.04716585,0.026086815,,0.026086815,control,1,,44,control_f1_s44_in22k_v5conf,best,19
ISIC_0031122,HAM_0003389,HAM_0003389,60+,ham,1,True,1,0.017549433,0.78769815,0.050462432,0.07978099,0.004396982,0.0021882101,0.0579239,0.8096446,,0.8096446,control,1,,44,control_f1_s44_in22k_v5conf,best,19
ISIC_0031129,HAM_0006848,HAM_0006848,40-59,ham,5,False,5,0.010678407,0.007713519,0.006852153,0.066088736,0.004101832,0.8543337,0.050231613,0.022493757,,0.022493757,control,1,,44,control_f1_s44_in22k_v5conf,best,19
ISIC_0031133,HAM_0007395,HAM_0007395,60+,ham,2,False,2,0.0032866376,0.0035161497,0.9349781,0.028261432,0.0008975657,0.0016002929,0.027459746,0.007700353,,0.007700353,control,1,,44,control_f1_s44_in22k_v5conf,best,19
ISIC_0031135,HAM_0000401,HAM_0000401,40-59,ham,5,False,5,0.012429091,0.007867757,0.008175078,0.066467285,0.005112177,0.8497575,0.05019102,0.025409026,,0.025409026,control,1,,44,control_f1_s44_in22k_v5conf,best,19
ISIC_0031136,HAM_0001970,HAM_0001970,40-59,ham,5,False,5,0.012417897,0.00793316,0.007643319,0.065466285,0.005180038,0.8501892,0.051169988,0.025531095,,0.025531095,control,1,,44,control_f1_s44_in22k_v5conf,best,19
ISIC_0031148,HAM_0005091,HAM_0005091,40-59,ham,5,False,5,0.008331529,0.0062325387,0.007303168,0.05598245,0.0043842182,0.8732208,0.04454527,0.018948285,,0.018948285,control,1,,44,control_f1_s44_in22k_v5conf,best,19
ISIC_0031161,HAM_0001195,HAM_0001195,60+,ham,5,False,5,0.012733259,0.005340565,0.010889885,0.064370975,0.0030967074,0.8538884,0.049680203,0.02117053,,0.02117053,control,1,,44,control_f1_s44_in22k_v5conf,best,19
ISIC_0031163,HAM_0001031,HAM_0001031,40-59,ham,5,False,5,0.00791503,0.0047928514,0.0059628356,0.05811321,0.005835988,0.8772135,0.04016668,0.01854387,,0.01854387,control,1,,44,control_f1_s44_in22k_v5conf,best,19
ISIC_0031173,HAM_0005802,HAM_0005802,<40,ham,5,False,5,0.010411419,0.007824325,0.0075136134,0.06359909,0.0059291534,0.85613906,0.048583332,0.024164896,,0.024164896,control,1,,44,control_f1_s44_in22k_v5conf,best,19
ISIC_0031176,HAM_0003952,HAM_0003952,40-59,ham,5,False,5,0.012259742,0.0078112045,0.008594377,0.06750479,0.005382814,0.84977144,0.04867562,0.025453761,,0.025453761,control,1,,44,control_f1_s44_in22k_v5conf,best,19
ISIC_0031200,HAM_0006267,HAM_0006267,40-59,ham,2,False,4,0.006997214,0.005760062,0.04781052,0.06983162,0.79754317,0.02500765,0.047049765,0.81030047,,0.81030047,control,1,,44,control_f1_s44_in22k_v5conf,best,19
ISIC_0031211,HAM_0004563,HAM_0004563,60+,ham,0,True,0,0.9478528,0.0009739618,0.0024733974,0.02426239,0.0019428338,0.0040684706,0.018426234,0.95076954,,0.95076954,control,1,,44,control_f1_s44_in22k_v5conf,best,19
ISIC_0031222,HAM_0004857,HAM_0004857,60+,ham,5,False,5,0.010518287,0.0060692807,0.0047087725,0.0594097,0.007062792,0.87133205,0.040899184,0.02365036,,0.02365036,control,1,,44,control_f1_s44_in22k_v5conf,best,19
ISIC_0031238,HAM_0002238,HAM_0002238,60+,ham,5,False,2,0.10488127,0.012703387,0.75483423,0.06176999,0.0071357773,0.0018502938,0.056825038,0.12472044,,0.12472044,control,1,,44,control_f1_s44_in22k_v5conf,best,19
ISIC_0031248,HAM_0004731,HAM_0004731,40-59,ham,5,False,5,0.012172704,0.007191697,0.0075353957,0.06636928,0.006206084,0.850472,0.050052915,0.025570486,,0.025570486,control,1,,44,control_f1_s44_in22k_v5conf,best,19
ISIC_0031250,HAM_0005812,HAM_0005812,40-59,ham,5,False,5,0.012681426,0.0074503664,0.007094062,0.067640774,0.0051850234,0.8508639,0.049084455,0.025316816,,0.025316816,control,1,,44,control_f1_s44_in22k_v5conf,best,19
ISIC_0031251,HAM_0005012,HAM_0005012,40-59,ham,5,False,5,0.011327869,0.007810149,0.008320646,0.06869603,0.006236374,0.8473634,0.050245475,0.025374392,,0.025374392,control,1,,44,control_f1_s44_in22k_v5conf,best,19
ISIC_0031253,HAM_0000613,HAM_0000613,60+,ham,2,False,0,0.6529613,0.00895852,0.1861732,0.08179457,0.0022468814,0.0073656566,0.06049981,0.6641667,,0.6641667,control,1,,44,control_f1_s44_in22k_v5conf,best,19
ISIC_0031256,HAM_0005065,HAM_0005065,<40,ham,5,False,5,0.009709548,0.0068059056,0.008089994,0.069700144,0.005322814,0.85309356,0.047278002,0.021838268,,0.021838268,control,1,,44,control_f1_s44_in22k_v5conf,best,19
ISIC_0031278,HAM_0001014,HAM_0001014,60+,ham,5,False,4,0.02198028,0.0028494361,0.0028606867,0.06146834,0.84742624,0.022433963,0.040981065,0.8722559,,0.8722559,control,1,,44,control_f1_s44_in22k_v5conf,best,19
ISIC_0031281,HAM_0006974,HAM_0006974,40-59,ham,5,False,5,0.011593657,0.007801601,0.008938525,0.06990173,0.007838092,0.8441015,0.04982492,0.027233351,,0.027233351,control,1,,44,control_f1_s44_in22k_v5conf,best,19
ISIC_0031289,HAM_0002722,HAM_0002722,40-59,ham,2,False,2,0.010266277,0.009373766,0.90686506,0.041868538,0.0029591476,0.0008367289,0.027830446,0.02259919,,0.02259919,control,1,,44,control_f1_s44_in22k_v5conf,best,19
ISIC_0031302,HAM_0001846,HAM_0001846,<40,ham,5,False,5,0.010993646,0.007380539,0.007680997,0.07050301,0.010732304,0.8403285,0.05238105,0.02910649,,0.02910649,control,1,,44,control_f1_s44_in22k_v5conf,best,19
ISIC_0031312,HAM_0005000,HAM_0005000,40-59,ham,5,False,5,0.012223979,0.0072721355,0.0069151027,0.06780069,0.0061041988,0.84996206,0.049721733,0.025600314,,0.025600314,control,1,,44,control_f1_s44_in22k_v5conf,best,19
ISIC_0031318,HAM_0001424,HAM_0001424,60+,ham,1,True,1,0.012374982,0.8905965,0.0034449184,0.04914944,0.004792176,0.003936782,0.03570513,0.90776366,,0.90776366,control,1,,44,control_f1_s44_in22k_v5conf,best,19
ISIC_0031319,HAM_0002845,HAM_0002845,40-59,ham,5,False,5,0.011052284,0.0075162626,0.008467724,0.06708417,0.0065639587,0.850445,0.04887057,0.025132507,,0.025132507,control,1,,44,control_f1_s44_in22k_v5conf,best,19
ISIC_0031321,HAM_0007621,HAM_0007621,60+,ham,2,False,2,0.018351682,0.004215229,0.8934003,0.045662306,0.004096464,0.0009856523,0.03328845,0.026663374,,0.026663374,control,1,,44,control_f1_s44_in22k_v5conf,best,19
ISIC_0031322,HAM_0006411,HAM_0006411,<40,ham,5,False,5,0.0095264185,0.008706124,0.004655999,0.067498356,0.009877997,0.8515281,0.048206996,0.028110541,,0.028110541,control,1,,44,control_f1_s44_in22k_v5conf,best,19
ISIC_0031330,HAM_0002495,HAM_0002495,40-59,ham,5,False,5,0.0106334975,0.0071719177,0.0088185975,0.06715549,0.0059173773,0.8517936,0.04850958,0.023722794,,0.023722794,control,1,,44,control_f1_s44_in22k_v5conf,best,19
ISIC_0031332,HAM_0001021,HAM_0001021,40-59,ham,5,False,5,0.011683252,0.007035971,0.007644769,0.06647137,0.006413556,0.8518919,0.04885927,0.025132779,,0.025132779,control,1,,44,control_f1_s44_in22k_v5conf,best,19
ISIC_0031340,HAM_0000996,HAM_0000996,60+,ham,5,False,5,0.011576961,0.0054928944,0.02493885,0.07100972,0.0054236352,0.8284095,0.05314843,0.022493491,,0.022493491,control,1,,44,control_f1_s44_in22k_v5conf,best,19
ISIC_0031345,HAM_0002691,HAM_0002691,60+,ham,2,False,2,0.018436646,0.03605676,0.7883886,0.088498205,0.0023264464,0.013057278,0.05323606,0.056819852,,0.056819852,control,1,,44,control_f1_s44_in22k_v5conf,best,19
ISIC_0031346,HAM_0001566,HAM_0001566,60+,ham,6,False,6,0.0005550045,0.0011049157,0.0005398406,0.005176897,0.000368209,8.784684e-05,0.9921673,0.0020281293,,0.0020281293,control,1,,44,control_f1_s44_in22k_v5conf,best,19
ISIC_0031348,HAM_0003274,HAM_0003274,40-59,ham,5,False,5,0.010513672,0.007575968,0.007382812,0.06300885,0.0077765044,0.8556751,0.04806709,0.025866143,,0.025866143,control,1,,44,control_f1_s44_in22k_v5conf,best,19
ISIC_0031351,HAM_0006274,HAM_0006274,60+,ham,1,True,1,0.015874928,0.8785193,0.0036749425,0.052747335,0.0050203665,0.003482554,0.040680636,0.8994146,,0.8994146,control,1,,44,control_f1_s44_in22k_v5conf,best,19
ISIC_0031376,HAM_0005862,HAM_0005862,60+,ham,2,False,2,0.011873098,0.0053542433,0.8953665,0.045294084,0.004322621,0.002606418,0.035183113,0.021549962,,0.021549962,control,1,,44,control_f1_s44_in22k_v5conf,best,19
ISIC_0031378,HAM_0002998,HAM_0002998,40-59,ham,1,True,1,0.036317315,0.82988995,0.011596677,0.055830397,0.005823422,0.01717342,0.043368768,0.8720307,,0.8720307,control,1,,44,control_f1_s44_in22k_v5conf,best,19
ISIC_0031384,HAM_0002427,HAM_0002427,60+,ham,1,True,1,0.035800338,0.74552965,0.0029755589,0.059833672,0.0040360643,0.097863115,0.053961545,0.78536606,,0.78536606,control,1,,44,control_f1_s44_in22k_v5conf,best,19
ISIC_0031400,HAM_0001331,HAM_0001331,60+,ham,1,True,1,0.010780983,0.8681372,0.0059633967,0.0604944,0.0072427327,0.0045981137,0.042783204,0.8861609,,0.8861609,control,1,,44,control_f1_s44_in22k_v5conf,best,19
ISIC_0031402,HAM_0002505,HAM_0002505,<40,ham,5,False,5,0.012071038,0.0081531815,0.007649993,0.07022352,0.006173337,0.84459305,0.051135905,0.026397556,,0.026397556,control,1,,44,control_f1_s44_in22k_v5conf,best,19
ISIC_0031421,HAM_0004976,HAM_0004976,60+,ham,0,True,2,0.26476443,0.006257273,0.60720867,0.058052752,0.006614893,0.014857794,0.042244207,0.2776366,,0.2776366,control,1,,44,control_f1_s44_in22k_v5conf,best,19
ISIC_0031429,HAM_0007225,HAM_0007225,60+,ham,3,False,3,0.11189537,0.0061372602,0.20326293,0.3240115,0.26810512,0.0005502155,0.08603756,0.38613775,,0.38613775,control,1,,44,control_f1_s44_in22k_v5conf,best,19
ISIC_0031434,HAM_0003425,HAM_0003425,60+,ham,5,False,5,0.01095809,0.0071608187,0.008896604,0.06638813,0.0049667996,0.85487586,0.046753727,0.023085708,,0.023085708,control,1,,44,control_f1_s44_in22k_v5conf,best,19
ISIC_0031442,HAM_0005982,HAM_0005982,60+,ham,1,True,1,0.009195266,0.8723515,0.006563594,0.05776767,0.0047344575,0.006851542,0.04253593,0.88628125,,0.88628125,control,1,,44,control_f1_s44_in22k_v5conf,best,19
ISIC_0031456,HAM_0006055,HAM_0006055,60+,ham,5,False,5,0.013010548,0.005547216,0.010563141,0.06597804,0.0056269974,0.8509468,0.04832725,0.024184762,,0.024184762,control,1,,44,control_f1_s44_in22k_v5conf,best,19
ISIC_0031470,HAM_0001424,HAM_0001424,60+,ham,1,True,1,0.011167282,0.8850517,0.004041366,0.05270568,0.0053212424,0.0045267176,0.03718593,0.9015403,,0.9015403,control,1,,44,control_f1_s44_in22k_v5conf,best,19
ISIC_0031472,HAM_0003316,HAM_0003316,40-59,ham,5,False,5,0.012842272,0.007974316,0.007975778,0.06656987,0.005792859,0.84979683,0.049048085,0.026609447,,0.026609447,control,1,,44,control_f1_s44_in22k_v5conf,best,19
ISIC_0031488,HAM_0001633,HAM_0001633,60+,ham,5,False,5,0.013735621,0.010463741,0.0049985405,0.07608493,0.04454958,0.7991714,0.05099621,0.06874894,,0.06874894,control,1,,44,control_f1_s44_in22k_v5conf,best,19
ISIC_0031490,HAM_0005685,HAM_0005685,40-59,ham,5,False,5,0.011674443,0.009276466,0.008588952,0.06876789,0.005808783,0.8433667,0.05251676,0.026759693,,0.026759693,control,1,,44,control_f1_s44_in22k_v5conf,best,19
ISIC_0031492,HAM_0003638,HAM_0003638,60+,ham,5,False,5,0.012400418,0.007397364,0.007817079,0.0679132,0.006358602,0.8486679,0.04944543,0.026156384,,0.026156384,control,1,,44,control_f1_s44_in22k_v5conf,best,19
ISIC_0031493,HAM_0007146,HAM_0007146,60+,ham,5,False,5,0.010876416,0.0051555056,0.008967662,0.063842356,0.0052491454,0.8580534,0.04785545,0.021281067,,0.021281067,control,1,,44,control_f1_s44_in22k_v5conf,best,19
ISIC_0031496,HAM_0001733,HAM_0001733,60+,ham,2,False,2,0.080295116,0.010670748,0.46809286,0.114377394,0.012064706,0.24831043,0.066188686,0.10303057,,0.10303057,control,1,,44,control_f1_s44_in22k_v5conf,best,19
ISIC_0031504,HAM_0006103,HAM_0006103,40-59,ham,5,False,5,0.011025852,0.0073331334,0.0064620497,0.06928748,0.0049008434,0.8533682,0.047622323,0.023259828,,0.023259828,control,1,,44,control_f1_s44_in22k_v5conf,best,19
ISIC_0031510,HAM_0000525,HAM_0000525,60+,ham,5,False,0,0.400654,0.0035332306,0.048774872,0.088511415,0.058757067,0.32832375,0.07144565,0.4629443,,0.4629443,control,1,,44,control_f1_s44_in22k_v5conf,best,19
ISIC_0031512,HAM_0003124,HAM_0003124,60+,ham,5,False,5,0.014321147,0.007900543,0.0074161286,0.06625079,0.004142286,0.853807,0.04616222,0.026363976,,0.026363976,control,1,,44,control_f1_s44_in22k_v5conf,best,19
ISIC_0031523,HAM_0000686,HAM_0000686,60+,ham,5,False,5,0.009833959,0.005308558,0.007573244,0.06505555,0.0061414777,0.858089,0.04799813,0.021283995,,0.021283995,control,1,,44,control_f1_s44_in22k_v5conf,best,19
ISIC_0031547,HAM_0000102,HAM_0000102,<40,ham,5,False,5,0.010105085,0.0065528047,0.0075817667,0.065539956,0.00603317,0.85136694,0.052820332,0.02269106,,0.02269106,control,1,,44,control_f1_s44_in22k_v5conf,best,19
ISIC_0031548,HAM_0003575,HAM_0003575,60+,ham,5,False,5,0.011024641,0.007676431,0.0073535494,0.06950067,0.0059185335,0.85039943,0.04812664,0.024619605,,0.024619605,control,1,,44,control_f1_s44_in22k_v5conf,best,19
ISIC_0031551,HAM_0001674,HAM_0001674,40-59,ham,5,False,5,0.012434985,0.007770454,0.0065302276,0.06854675,0.0052596657,0.8496421,0.049815822,0.025465105,,0.025465105,control,1,,44,control_f1_s44_in22k_v5conf,best,19
ISIC_0031559,HAM_0006760,HAM_0006760,<40,ham,5,False,5,0.00945207,0.007381191,0.006165778,0.065925784,0.008335187,0.8547813,0.047958672,0.025168449,,0.025168449,control,1,,44,control_f1_s44_in22k_v5conf,best,19
ISIC_0031560,HAM_0004663,HAM_0004663,40-59,ham,5,False,5,0.010172208,0.004942859,0.005292213,0.064497195,0.036335535,0.8343124,0.044447668,0.051450603,,0.051450603,control,1,,44,control_f1_s44_in22k_v5conf,best,19
ISIC_0031568,HAM_0001380,HAM_0001380,40-59,ham,5,False,5,0.011645877,0.0073798546,0.0068122735,0.066337876,0.0061273165,0.85052544,0.051171403,0.025153048,,0.025153048,control,1,,44,control_f1_s44_in22k_v5conf,best,19
ISIC_0031570,HAM_0001178,HAM_0001178,60+,ham,0,True,0,0.915205,0.0075601214,0.0020662013,0.03987458,0.0017094057,0.003576747,0.030007899,0.92447454,,0.92447454,control,1,,44,control_f1_s44_in22k_v5conf,best,19
ISIC_0031572,HAM_0002662,HAM_0002662,40-59,ham,5,False,5,0.011602653,0.0077251606,0.008517258,0.0652025,0.007614461,0.84812015,0.05121793,0.026942275,,0.026942275,control,1,,44,control_f1_s44_in22k_v5conf,best,19
ISIC_0031573,HAM_0006273,HAM_0006273,60+,ham,5,False,4,0.009318793,0.013898283,0.004768354,0.04546114,0.8857828,0.0024780147,0.038292598,0.90899986,,0.90899986,control,1,,44,control_f1_s44_in22k_v5conf,best,19
ISIC_0031579,HAM_0003020,HAM_0003020,60+,ham,5,False,5,0.012576001,0.006748221,0.010461238,0.066219315,0.006721695,0.8517301,0.045543298,0.026045915,,0.026045915,control,1,,44,control_f1_s44_in22k_v5conf,best,19
ISIC_0031583,HAM_0007374,HAM_0007374,<40,ham,5,False,5,0.011706184,0.006527382,0.0067934813,0.067198865,0.019138223,0.84017086,0.048464965,0.03737179,,0.03737179,control,1,,44,control_f1_s44_in22k_v5conf,best,19
ISIC_0031591,HAM_0004249,HAM_0004249,60+,ham,2,False,2,0.004711315,0.0077770366,0.9011538,0.039883137,0.006954534,0.0044829277,0.035037313,0.019442886,,0.019442886,control,1,,44,control_f1_s44_in22k_v5conf,best,19
ISIC_0031592,HAM_0000569,HAM_0000569,40-59,ham,5,False,5,0.014468016,0.01189254,0.0077479393,0.06649724,0.004499514,0.8437555,0.05113918,0.03086007,,0.03086007,control,1,,44,control_f1_s44_in22k_v5conf,best,19
ISIC_0031597,HAM_0004627,HAM_0004627,60+,ham,1,True,1,0.07351181,0.66313046,0.007696788,0.090395674,0.010967666,0.10851908,0.04577852,0.7476099,,0.7476099,control,1,,44,control_f1_s44_in22k_v5conf,best,19
ISIC_0031598,HAM_0005381,HAM_0005381,40-59,ham,4,True,5,0.0071098,0.0071232375,0.0057855425,0.083030246,0.40026358,0.45932478,0.037362874,0.4144966,,0.4144966,control,1,,44,control_f1_s44_in22k_v5conf,best,19
ISIC_0031610,HAM_0004157,HAM_0004157,40-59,ham,5,False,5,0.011764938,0.007968165,0.0076065003,0.0683392,0.0055533126,0.8505454,0.048222385,0.025286416,,0.025286416,control,1,,44,control_f1_s44_in22k_v5conf,best,19
ISIC_0031614,HAM_0006049,HAM_0006049,40-59,ham,1,True,1,0.011684951,0.87051886,0.0048620366,0.056445595,0.0065359715,0.0072042705,0.042748276,0.88873976,,0.88873976,control,1,,44,control_f1_s44_in22k_v5conf,best,19
ISIC_0031615,HAM_0000569,HAM_0000569,40-59,ham,5,False,5,0.0041587795,0.02306204,0.010494235,0.0329747,0.0098357415,0.8982347,0.02123984,0.03705656,,0.03705656,control,1,,44,control_f1_s44_in22k_v5conf,best,19
ISIC_0031617,HAM_0000376,HAM_0000376,40-59,ham,5,False,5,0.01624683,0.0109309545,0.0062104734,0.084659584,0.08797753,0.7289357,0.06503898,0.11515531,,0.11515531,control,1,,44,control_f1_s44_in22k_v5conf,best,19
ISIC_0031622,HAM_0005886,HAM_0005886,40-59,ham,5,False,5,0.01187177,0.008145594,0.006822704,0.06456052,0.0042809104,0.85457796,0.049740598,0.024298273,,0.024298273,control,1,,44,control_f1_s44_in22k_v5conf,best,19
ISIC_0031655,HAM_0003854,HAM_0003854,40-59,ham,5,False,5,0.011566763,0.0073912465,0.0071443324,0.070777304,0.0058797635,0.8500327,0.047207862,0.024837773,,0.024837773,control,1,,44,control_f1_s44_in22k_v5conf,best,19
ISIC_0031676,HAM_0007553,HAM_0007553,40-59,ham,5,False,5,0.0102149965,0.011732416,0.0071006035,0.12854508,0.30092227,0.45879826,0.08268633,0.3228697,,0.3228697,control,1,,44,control_f1_s44_in22k_v5conf,best,19
ISIC_0031689,HAM_0001478,HAM_0001478,40-59,ham,5,False,5,0.01493231,0.008365696,0.010360056,0.07305629,0.007057466,0.8321154,0.05411279,0.030355472,,0.030355472,control,1,,44,control_f1_s44_in22k_v5conf,best,19
ISIC_0031717,HAM_0001228,HAM_0001228,40-59,ham,5,False,5,0.011778103,0.0069856993,0.0075659445,0.06335747,0.0054696817,0.85742545,0.04741774,0.024233485,,0.024233485,control,1,,44,control_f1_s44_in22k_v5conf,best,19
ISIC_0031746,HAM_0003534,HAM_0003534,60+,ham,4,True,4,0.0039260034,0.0086573195,0.14297836,0.08718978,0.42324844,0.28289697,0.05110318,0.43583176,,0.43583176,control,1,,44,control_f1_s44_in22k_v5conf,best,19
ISIC_0031757,HAM_0004222,HAM_0004222,<40,ham,5,False,5,0.010806447,0.008613115,0.0070630265,0.06336821,0.0030136614,0.8636867,0.043448903,0.022433223,,0.022433223,control,1,,44,control_f1_s44_in22k_v5conf,best,19
ISIC_0031778,HAM_0003509,HAM_0003509,60+,ham,4,True,5,0.004850108,0.0039489567,0.0049740802,0.035873473,0.035257127,0.8698403,0.04525593,0.044056192,,0.044056192,control,1,,44,control_f1_s44_in22k_v5conf,best,19
ISIC_0031779,HAM_0001284,HAM_0001284,60+,ham,4,True,2,0.0091095595,0.0049951985,0.89747334,0.04456541,0.0042793667,0.0036383267,0.03593882,0.018384125,,0.018384125,control,1,,44,control_f1_s44_in22k_v5conf,best,19
ISIC_0031784,HAM_0002051,HAM_0002051,40-59,ham,4,True,4,0.007487444,0.0046346043,0.008868872,0.06471928,0.8675289,0.006626985,0.040134005,0.87965095,,0.87965095,control,1,,44,control_f1_s44_in22k_v5conf,best,19
ISIC_0031799,HAM_0003348,HAM_0003348,60+,ham,3,False,3,0.00050171465,0.00020075467,0.0011522799,0.993119,0.00073212705,0.00086676533,0.0034273155,0.0014345964,,0.0014345964,control,1,,44,control_f1_s44_in22k_v5conf,best,19
ISIC_0031801,HAM_0000990,HAM_0000990,40-59,ham,5,False,5,0.010976249,0.0076725357,0.006297779,0.06656541,0.006338852,0.8536088,0.04854043,0.024987636,,0.024987636,control,1,,44,control_f1_s44_in22k_v5conf,best,19
ISIC_0031805,HAM_0005023,HAM_0005023,40-59,ham,5,False,5,0.009956517,0.0067386897,0.0074694282,0.062750414,0.007817893,0.8591629,0.04610411,0.0245131,,0.0245131,control,1,,44,control_f1_s44_in22k_v5conf,best,19
ISIC_0031812,HAM_0002335,HAM_0002335,60+,ham,2,False,2,0.0034977447,0.0026332822,0.9258702,0.03282254,0.003624667,0.0023972464,0.029154295,0.009755693,,0.009755693,control,1,,44,control_f1_s44_in22k_v5conf,best,19
ISIC_0031816,HAM_0005321,HAM_0005321,<40,ham,5,False,5,0.011736697,0.006550916,0.006701992,0.06696685,0.005381393,0.8550384,0.047623783,0.023669004,,0.023669004,control,1,,44,control_f1_s44_in22k_v5conf,best,19
ISIC_0031823,HAM_0006301,HAM_0006301,60+,ham,0,True,0,0.92947656,0.0024513013,0.0015434957,0.036719903,0.0023349582,0.002749931,0.024723882,0.9342628,,0.9342628,control,1,,44,control_f1_s44_in22k_v5conf,best,19
ISIC_0031835,HAM_0006289,HAM_0006289,60+,ham,5,False,5,0.011062284,0.007111124,0.00701819,0.06589197,0.0059881215,0.85488623,0.048042033,0.024161529,,0.024161529,control,1,,44,control_f1_s44_in22k_v5conf,best,19
ISIC_0031845,HAM_0007203,HAM_0007203,40-59,ham,5,False,5,0.01300297,0.008300927,0.007329462,0.06543081,0.0049604336,0.84861565,0.052359805,0.026264329,,0.026264329,control,1,,44,control_f1_s44_in22k_v5conf,best,19
ISIC_0031846,HAM_0001286,HAM_0001286,60+,ham,5,False,5,0.010214263,0.007961057,0.007737986,0.06738204,0.0065971664,0.8493366,0.050770875,0.024772486,,0.024772486,control,1,,44,control_f1_s44_in22k_v5conf,best,19
ISIC_0031855,HAM_0002843,HAM_0002843,40-59,ham,5,False,5,0.010777585,0.008077229,0.006730903,0.06573426,0.005739861,0.8544152,0.048524953,0.024594676,,0.024594676,control,1,,44,control_f1_s44_in22k_v5conf,best,19
ISIC_0031856,HAM_0007197,HAM_0007197,40-59,ham,5,False,5,0.011227662,0.008394103,0.009335243,0.06882254,0.0075080143,0.84659314,0.04811923,0.027129777,,0.027129777,control,1,,44,control_f1_s44_in22k_v5conf,best,19
ISIC_0031859,HAM_0001574,HAM_0001574,60+,ham,5,False,5,0.01185932,0.0076422854,0.007827412,0.06714627,0.005360001,0.8485839,0.051580854,0.024861608,,0.024861608,control,1,,44,control_f1_s44_in22k_v5conf,best,19
ISIC_0031864,HAM_0001394,HAM_0001394,40-59,ham,5,False,5,0.012047822,0.007353116,0.010136381,0.066277556,0.006295109,0.84916127,0.048728738,0.025696047,,0.025696047,control,1,,44,control_f1_s44_in22k_v5conf,best,19
ISIC_0031871,HAM_0006225,HAM_0006225,40-59,ham,5,False,4,0.008292377,0.007727823,0.0073125,0.099411175,0.45884982,0.34647113,0.07193523,0.47487003,,0.47487003,control,1,,44,control_f1_s44_in22k_v5conf,best,19
ISIC_0031873,HAM_0004362,HAM_0004362,40-59,ham,5,False,5,0.011359121,0.007964869,0.0070646782,0.067488745,0.00620996,0.8518484,0.0480642,0.02553395,,0.02553395,control,1,,44,control_f1_s44_in22k_v5conf,best,19
ISIC_0031885,HAM_0004821,HAM_0004821,40-59,ham,5,False,5,0.01159724,0.007475155,0.0075118546,0.06758294,0.0065929014,0.85089874,0.048341192,0.025665296,,0.025665296,control,1,,44,control_f1_s44_in22k_v5conf,best,19
ISIC_0031904,HAM_0005700,HAM_0005700,40-59,ham,5,False,5,0.011485532,0.0065911273,0.005345345,0.06917327,0.0112640355,0.8451763,0.050964296,0.029340694,,0.029340694,control,1,,44,control_f1_s44_in22k_v5conf,best,19
ISIC_0031907,HAM_0004177,HAM_0004177,40-59,ham,5,False,5,0.012300127,0.0077304184,0.008257155,0.06918817,0.006251678,0.84411746,0.052154947,0.026282223,,0.026282223,control,1,,44,control_f1_s44_in22k_v5conf,best,19
ISIC_0031909,HAM_0007266,HAM_0007266,40-59,ham,5,False,5,0.0128307035,0.008148116,0.007635374,0.06935763,0.0062009147,0.84682894,0.048998408,0.027179735,,0.027179735,control,1,,44,control_f1_s44_in22k_v5conf,best,19
ISIC_0031916,HAM_0000938,HAM_0000938,40-59,ham,5,False,5,0.011636997,0.008534611,0.009469044,0.070127316,0.0058467356,0.8446164,0.049768873,0.026018344,,0.026018344,control,1,,44,control_f1_s44_in22k_v5conf,best,19
ISIC_0031919,HAM_0004681,HAM_0004681,60+,ham,5,False,5,0.010469895,0.0072369045,0.007955476,0.07598995,0.005666125,0.83991563,0.052766018,0.023372926,,0.023372926,control,1,,44,control_f1_s44_in22k_v5conf,best,19
ISIC_0031928,HAM_0007214,HAM_0007214,40-59,ham,5,False,5,0.0107410755,0.007574164,0.007560152,0.06393753,0.007838736,0.8531383,0.04921003,0.026153974,,0.026153974,control,1,,44,control_f1_s44_in22k_v5conf,best,19
ISIC_0031929,HAM_0001499,HAM_0001499,60+,ham,0,True,4,0.25222486,0.0019000481,0.07456624,0.08014412,0.48179555,0.01785851,0.09151055,0.7359204,,0.7359204,control,1,,44,control_f1_s44_in22k_v5conf,best,19
ISIC_0031937,HAM_0000833,HAM_0000833,40-59,ham,2,False,2,0.004759215,0.003784639,0.9174971,0.03895221,0.0020868618,0.0031353224,0.029784653,0.010630716,,0.010630716,control,1,,44,control_f1_s44_in22k_v5conf,best,19
ISIC_0031938,HAM_0004613,HAM_0004613,60+,ham,5,False,5,0.012500563,0.0057591572,0.009949485,0.066297345,0.0058212373,0.8542128,0.045459382,0.024080956,,0.024080956,control,1,,44,control_f1_s44_in22k_v5conf,best,19
ISIC_0031944,HAM_0004162,HAM_0004162,60+,ham,5,False,5,0.012711225,0.006763492,0.0108107105,0.06494891,0.0046631927,0.85169697,0.048405502,0.02413791,,0.02413791,control,1,,44,control_f1_s44_in22k_v5conf,best,19
ISIC_0031962,HAM_0001092,HAM_0001092,40-59,ham,5,False,5,0.013793829,0.007507031,0.0075781853,0.06477504,0.004460287,0.8522379,0.04964776,0.025761146,,0.025761146,control,1,,44,control_f1_s44_in22k_v5conf,best,19
ISIC_0031965,HAM_0002511,HAM_0002511,<40,ham,5,False,5,0.02412395,0.0072287107,0.2670141,0.08239216,0.029990071,0.5364552,0.05279582,0.06134273,,0.06134273,control,1,,44,control_f1_s44_in22k_v5conf,best,19
ISIC_0031968,HAM_0003485,HAM_0003485,40-59,ham,5,False,5,0.011349363,0.008932451,0.007968527,0.0687685,0.0060172314,0.8485285,0.04843537,0.026299044,,0.026299044,control,1,,44,control_f1_s44_in22k_v5conf,best,19
ISIC_0031984,HAM_0006430,HAM_0006430,<40,ham,5,False,5,0.009835068,0.008675063,0.0065542203,0.06187996,0.014355688,0.8537264,0.044973567,0.03286582,,0.03286582,control,1,,44,control_f1_s44_in22k_v5conf,best,19
ISIC_0031996,HAM_0003480,HAM_0003480,60+,ham,6,False,6,0.00095070974,0.0004628509,0.00046260952,0.0037016564,0.0002229392,0.00037255726,0.9938267,0.0016364999,,0.0016364999,control,1,,44,control_f1_s44_in22k_v5conf,best,19
ISIC_0032010,HAM_0000445,HAM_0000445,40-59,ham,5,False,5,0.011845667,0.007600961,0.0071039475,0.06727082,0.005269166,0.85161525,0.049294196,0.024715794,,0.024715794,control,1,,44,control_f1_s44_in22k_v5conf,best,19
ISIC_0032015,HAM_0005643,HAM_0005643,40-59,ham,5,False,5,0.009704202,0.006576664,0.010744202,0.061437357,0.009446704,0.85627085,0.04582007,0.02572757,,0.02572757,control,1,,44,control_f1_s44_in22k_v5conf,best,19
ISIC_0032020,HAM_0007437,HAM_0007437,<40,ham,5,False,5,0.012516438,0.007452316,0.0038211385,0.058029678,0.0051719286,0.8673477,0.04566071,0.025140682,,0.025140682,control,1,,44,control_f1_s44_in22k_v5conf,best,19
ISIC_0032032,HAM_0000681,HAM_0000681,40-59,ham,5,False,5,0.010340695,0.008050293,0.0065217884,0.066250294,0.0059521664,0.8554216,0.047463227,0.024343153,,0.024343153,control,1,,44,control_f1_s44_in22k_v5conf,best,19
ISIC_0032051,HAM_0001947,HAM_0001947,40-59,ham,2,False,2,0.007797118,0.0039148964,0.89433247,0.042095285,0.0026163056,0.0056293253,0.0436146,0.0143283205,,0.0143283205,control,1,,44,control_f1_s44_in22k_v5conf,best,19
ISIC_0032059,HAM_0001661,HAM_0001661,40-59,ham,5,False,5,0.011671902,0.0069641164,0.007092111,0.06284721,0.0041941297,0.8587374,0.048493173,0.022830147,,0.022830147,control,1,,44,control_f1_s44_in22k_v5conf,best,19
ISIC_0032061,HAM_0004685,HAM_0004685,60+,ham,1,True,1,0.013707972,0.8604638,0.0070520374,0.055462893,0.0061769704,0.009350084,0.047786348,0.88034874,,0.88034874,control,1,,44,control_f1_s44_in22k_v5conf,best,19
ISIC_0032070,HAM_0002609,HAM_0002609,60+,ham,4,True,4,0.2166768,0.009843677,0.019604448,0.07880333,0.6016204,0.0015644084,0.071886994,0.82814085,,0.82814085,control,1,,44,control_f1_s44_in22k_v5conf,best,19
ISIC_0032079,HAM_0005555,HAM_0005555,60+,ham,4,True,1,0.010543356,0.8615928,0.003011934,0.059448373,0.008647876,0.008068286,0.04868742,0.88078403,,0.88078403,control,1,,44,control_f1_s44_in22k_v5conf,best,19
ISIC_0032085,HAM_0003377,HAM_0003377,40-59,ham,5,False,5,0.012405827,0.008010717,0.006737916,0.065885045,0.0070075146,0.84831774,0.051635172,0.027424058,,0.027424058,control,1,,44,control_f1_s44_in22k_v5conf,best,19
ISIC_0032088,HAM_0007045,HAM_0007045,40-59,ham,5,False,5,0.013875571,0.008186201,0.0078055295,0.06881211,0.004851359,0.8456968,0.0507724,0.026913133,,0.026913133,control,1,,44,control_f1_s44_in22k_v5conf,best,19
ISIC_0032089,HAM_0002887,HAM_0002887,60+,ham,5,False,5,0.011298932,0.00815643,0.008248142,0.06814752,0.006217282,0.84878236,0.049149305,0.025672644,,0.025672644,control,1,,44,control_f1_s44_in22k_v5conf,best,19
ISIC_0032093,HAM_0004005,HAM_0004005,40-59,ham,5,False,5,0.011756957,0.0074935523,0.0074109444,0.065938435,0.0064672916,0.8541867,0.04674605,0.0257178,,0.0257178,control,1,,44,control_f1_s44_in22k_v5conf,best,19
ISIC_0032113,HAM_0003393,HAM_0003393,40-59,ham,2,False,5,0.034225825,0.007614473,0.06910675,0.06703503,0.0067505823,0.76412725,0.051140085,0.048590884,,0.048590884,control,1,,44,control_f1_s44_in22k_v5conf,best,19
ISIC_0032119,HAM_0000874,HAM_0000874,<40,ham,5,False,5,0.011487226,0.0075047975,0.0065595396,0.06742388,0.0062615955,0.8503227,0.050440356,0.02525362,,0.02525362,control,1,,44,control_f1_s44_in22k_v5conf,best,19
ISIC_0032123,HAM_0006170,HAM_0006170,60+,ham,2,False,2,0.009421107,0.005329099,0.875036,0.0575658,0.0031989738,0.010013021,0.039435923,0.01794918,,0.01794918,control,1,,44,control_f1_s44_in22k_v5conf,best,19
ISIC_0032134,HAM_0002430,HAM_0002430,60+,ham,4,True,4,0.0071835904,0.0041057654,0.00653501,0.050213028,0.890803,0.0022521392,0.038907487,0.90209234,,0.90209234,control,1,,44,control_f1_s44_in22k_v5conf,best,19
ISIC_0032137,HAM_0006354,HAM_0006354,60+,ham,5,False,5,0.011273053,0.006992899,0.008092398,0.06631034,0.0061537833,0.8532771,0.047900364,0.024419734,,0.024419734,control,1,,44,control_f1_s44_in22k_v5conf,best,19
ISIC_0032138,HAM_0005492,HAM_0005492,<40,ham,3,False,3,0.012966916,0.000252237,0.002533287,0.97859496,0.00038109973,0.00016911393,0.005102398,0.013600253,,0.013600253,control,1,,44,control_f1_s44_in22k_v5conf,best,19
ISIC_0032143,HAM_0004796,HAM_0004796,60+,ham,5,False,5,0.012950505,0.006729978,0.0075766137,0.067848876,0.0059531857,0.85033244,0.048608404,0.025633669,,0.025633669,control,1,,44,control_f1_s44_in22k_v5conf,best,19
ISIC_0032151,HAM_0007553,HAM_0007553,40-59,ham,5,False,4,0.005294195,0.010417564,0.003733912,0.09004225,0.7680288,0.06434287,0.058140427,0.7837406,,0.7837406,control,1,,44,control_f1_s44_in22k_v5conf,best,19
ISIC_0032162,HAM_0001188,HAM_0001188,<40,ham,5,False,5,0.009634685,0.008149572,0.007421752,0.066900864,0.013358651,0.84948677,0.045047756,0.031142907,,0.031142907,control,1,,44,control_f1_s44_in22k_v5conf,best,19
ISIC_0032172,HAM_0007517,HAM_0007517,40-59,ham,5,False,5,0.00802148,0.004356441,0.009995024,0.072501145,0.0037679297,0.857608,0.043749895,0.016145851,,0.016145851,control,1,,44,control_f1_s44_in22k_v5conf,best,19
ISIC_0032179,HAM_0005903,HAM_0005903,60+,ham,2,False,2,0.007321322,0.0052508437,0.89651966,0.048143126,0.0031263614,0.0033249645,0.036313806,0.015698526,,0.015698526,control,1,,44,control_f1_s44_in22k_v5conf,best,19
ISIC_0032189,HAM_0006028,HAM_0006028,40-59,ham,5,False,3,0.00539689,0.009596485,0.002355522,0.62676233,0.024595048,0.28530347,0.04599019,0.03958842,,0.03958842,control,1,,44,control_f1_s44_in22k_v5conf,best,19
ISIC_0032191,HAM_0006618,HAM_0006618,60+,ham,5,False,2,0.017162463,0.007912133,0.5777356,0.15381925,0.11319234,0.04754301,0.08263523,0.13826694,,0.13826694,control,1,,44,control_f1_s44_in22k_v5conf,best,19
ISIC_0032193,HAM_0007492,HAM_0007492,<40,ham,5,False,5,0.010044175,0.006947415,0.007151334,0.067186095,0.010292619,0.8480805,0.05029783,0.027284209,,0.027284209,control,1,,44,control_f1_s44_in22k_v5conf,best,19
ISIC_0032197,HAM_0003400,HAM_0003400,40-59,ham,4,True,4,0.0581013,0.0057076938,0.10989567,0.13797933,0.59846133,0.00084274437,0.08901186,0.6622703,,0.6622703,control,1,,44,control_f1_s44_in22k_v5conf,best,19
ISIC_0032207,HAM_0000513,HAM_0000513,<40,ham,4,True,5,0.012222798,0.0070068897,0.0074537476,0.07054847,0.010537876,0.83755916,0.054671016,0.029767564,,0.029767564,control,1,,44,control_f1_s44_in22k_v5conf,best,19
ISIC_0032210,HAM_0001227,HAM_0001227,40-59,ham,5,False,5,0.012901944,0.008205637,0.0078541795,0.06291375,0.004044395,0.8544088,0.049671292,0.025151975,,0.025151975,control,1,,44,control_f1_s44_in22k_v5conf,best,19
ISIC_0032212,HAM_0004932,HAM_0004932,40-59,ham,5,False,5,0.011021466,0.008247539,0.0075369203,0.06752665,0.006072076,0.8513095,0.04828586,0.02534108,,0.02534108,control,1,,44,control_f1_s44_in22k_v5conf,best,19
ISIC_0032220,HAM_0003521,HAM_0003521,60+,ham,4,True,5,0.0075276527,0.02541039,0.006081527,0.06958436,0.01916908,0.7921651,0.08006186,0.052107118,,0.052107118,control,1,,44,control_f1_s44_in22k_v5conf,best,19
ISIC_0032221,HAM_0000102,HAM_0000102,<40,ham,5,False,5,0.009827171,0.0070578693,0.008101368,0.06907899,0.0055013495,0.8492098,0.051223513,0.02238639,,0.02238639,control,1,,44,control_f1_s44_in22k_v5conf,best,19
ISIC_0032223,HAM_0003059,HAM_0003059,40-59,ham,5,False,5,0.012556959,0.007948297,0.009645676,0.066443056,0.006724962,0.8495727,0.047108255,0.027230218,,0.027230218,control,1,,44,control_f1_s44_in22k_v5conf,best,19
ISIC_0032231,HAM_0001591,HAM_0001591,40-59,ham,5,False,5,0.010945361,0.008060061,0.006475426,0.06884467,0.0060294406,0.85026395,0.049381,0.025034862,,0.025034862,control,1,,44,control_f1_s44_in22k_v5conf,best,19
ISIC_0032247,HAM_0007225,HAM_0007225,60+,ham,3,False,4,0.009885363,0.0034336485,0.048307657,0.108515546,0.76671016,0.00085491146,0.062292714,0.7800292,,0.7800292,control,1,,44,control_f1_s44_in22k_v5conf,best,19
ISIC_0032249,HAM_0005834,HAM_0005834,40-59,ham,2,False,2,0.011818274,0.005408553,0.847488,0.077734016,0.0025884649,0.0055687744,0.049393866,0.019815292,,0.019815292,control,1,,44,control_f1_s44_in22k_v5conf,best,19
ISIC_0032256,HAM_0006424,HAM_0006424,<40,ham,5,False,5,0.011068111,0.0075477613,0.006783251,0.06383111,0.005878802,0.8574637,0.0474272,0.024494674,,0.024494674,control,1,,44,control_f1_s44_in22k_v5conf,best,19
ISIC_0032258,HAM_0003521,HAM_0003521,60+,ham,4,True,4,0.005613487,0.011868717,0.0020510394,0.05108318,0.82388526,0.05942225,0.04607608,0.8413675,,0.8413675,control,1,,44,control_f1_s44_in22k_v5conf,best,19
ISIC_0032265,HAM_0002714,HAM_0002714,40-59,ham,4,True,4,0.0074966494,0.003989553,0.003915059,0.045688204,0.9003326,0.0030659002,0.03551197,0.91181886,,0.91181886,control,1,,44,control_f1_s44_in22k_v5conf,best,19
ISIC_0032277,HAM_0001624,HAM_0001624,60+,ham,0,True,0,0.8084711,0.0016885573,0.010257718,0.035991844,0.10305468,0.006377863,0.034158204,0.9132143,,0.9132143,control,1,,44,control_f1_s44_in22k_v5conf,best,19
ISIC_0032284,HAM_0002647,HAM_0002647,40-59,ham,5,False,5,0.006376234,0.009746325,0.0033813694,0.07420718,0.112269886,0.74572504,0.048293993,0.12839244,,0.12839244,control,1,,44,control_f1_s44_in22k_v5conf,best,19
ISIC_0032287,HAM_0006223,HAM_0006223,60+,ham,4,True,5,0.01153499,0.010012252,0.010141628,0.06118056,0.015390504,0.84434855,0.04739153,0.036937747,,0.036937747,control,1,,44,control_f1_s44_in22k_v5conf,best,19
ISIC_0032294,HAM_0007448,HAM_0007448,40-59,ham,5,False,5,0.010108043,0.0059687095,0.005079326,0.057698704,0.018422179,0.85904765,0.043675385,0.03449893,,0.03449893,control,1,,44,control_f1_s44_in22k_v5conf,best,19
ISIC_0032311,HAM_0005086,HAM_0005086,<40,ham,5,False,5,0.008561833,0.0058903033,0.006042667,0.06796163,0.010793686,0.8540048,0.046744987,0.025245823,,0.025245823,control,1,,44,control_f1_s44_in22k_v5conf,best,19
ISIC_0032323,HAM_0003070,HAM_0003070,40-59,ham,5,False,5,0.012165839,0.01001614,0.008982143,0.106651105,0.2288934,0.5649408,0.06835055,0.2510754,,0.2510754,control,1,,44,control_f1_s44_in22k_v5conf,best,19
ISIC_0032333,HAM_0001083,HAM_0001083,<40,ham,5,False,5,0.011627883,0.006494099,0.004794606,0.063909024,0.009024083,0.8547896,0.049360693,0.027146064,,0.027146064,control,1,,44,control_f1_s44_in22k_v5conf,best,19
ISIC_0032335,HAM_0005498,HAM_0005498,60+,ham,2,False,2,0.005627952,0.010468918,0.8997255,0.03838911,0.004631549,0.0027667056,0.038390182,0.020728419,,0.020728419,control,1,,44,control_f1_s44_in22k_v5conf,best,19
ISIC_0032340,HAM_0001881,HAM_0001881,<40,ham,5,False,5,0.011816709,0.006814292,0.011975354,0.06601314,0.0091204485,0.8458724,0.048387714,0.02775145,,0.02775145,control,1,,44,control_f1_s44_in22k_v5conf,best,19
ISIC_0032341,HAM_0003221,HAM_0003221,40-59,ham,5,False,5,0.012448893,0.008222827,0.007559274,0.07190771,0.005481199,0.8412705,0.05310959,0.026152918,,0.026152918,control,1,,44,control_f1_s44_in22k_v5conf,best,19
ISIC_0032348,HAM_0006294,HAM_0006294,60+,ham,2,False,2,0.008496494,0.0034205704,0.91303205,0.03688247,0.0046654376,0.0034691785,0.03003378,0.016582502,,0.016582502,control,1,,44,control_f1_s44_in22k_v5conf,best,19
ISIC_0032358,HAM_0006267,HAM_0006267,40-59,ham,2,False,5,0.01086317,0.010997927,0.019906286,0.09331973,0.18253854,0.6067753,0.07559909,0.20439963,,0.20439963,control,1,,44,control_f1_s44_in22k_v5conf,best,19
ISIC_0032359,HAM_0002419,HAM_0002419,60+,ham,2,False,2,0.0029240611,0.0040294975,0.8958125,0.04357082,0.0018808444,0.003898685,0.047883652,0.008834403,,0.008834403,control,1,,44,control_f1_s44_in22k_v5conf,best,19
ISIC_0032362,HAM_0007127,HAM_0007127,<40,ham,5,False,5,0.01246375,0.013078227,0.01112633,0.0736885,0.0029728469,0.83025527,0.056415033,0.028514823,,0.028514823,control,1,,44,control_f1_s44_in22k_v5conf,best,19
ISIC_0032387,HAM_0005867,HAM_0005867,60+,ham,5,False,5,0.014034665,0.005211125,0.014946707,0.06674245,0.011535158,0.83997494,0.04755503,0.030780949,,0.030780949,control,1,,44,control_f1_s44_in22k_v5conf,best,19
ISIC_0032411,HAM_0000034,HAM_0000034,40-59,ham,5,False,5,0.012516789,0.00640913,0.008035807,0.067566484,0.005559519,0.84987706,0.050035127,0.024485439,,0.024485439,control,1,,44,control_f1_s44_in22k_v5conf,best,19
ISIC_0032414,HAM_0001926,HAM_0001926,60+,ham,1,True,1,0.020204283,0.8444732,0.01376798,0.05010371,0.0104482025,0.022028139,0.0389746,0.8751257,,0.8751257,control,1,,44,control_f1_s44_in22k_v5conf,best,19
ISIC_0032422,HAM_0004384,HAM_0004384,60+,ham,0,True,0,0.9396579,0.0018931803,0.00528847,0.02969042,0.0012297767,0.0035138107,0.018726371,0.94278085,,0.94278085,control,1,,44,control_f1_s44_in22k_v5conf,best,19
ISIC_0032423,HAM_0001014,HAM_0001014,60+,ham,5,False,4,0.08603498,0.0038575174,0.016501922,0.12451542,0.526522,0.17760728,0.06496088,0.6164145,,0.6164145,control,1,,44,control_f1_s44_in22k_v5conf,best,19
ISIC_0032425,HAM_0001349,HAM_0001349,60+,ham,4,True,5,0.022994092,0.015184425,0.035157874,0.13178349,0.20672548,0.49891979,0.089234896,0.244904,,0.244904,control,1,,44,control_f1_s44_in22k_v5conf,best,19
ISIC_0032431,HAM_0000234,HAM_0000234,60+,ham,5,False,5,0.014851016,0.008356827,0.0075143273,0.06868354,0.0042229793,0.8479189,0.04845232,0.027430823,,0.027430823,control,1,,44,control_f1_s44_in22k_v5conf,best,19
ISIC_0032436,HAM_0001207,HAM_0001207,40-59,ham,5,False,5,0.008682829,0.004071971,0.012750139,0.06290554,0.011284499,0.859626,0.040679004,0.024039298,,0.024039298,control,1,,44,control_f1_s44_in22k_v5conf,best,19
ISIC_0032448,HAM_0003232,HAM_0003232,<40,ham,5,False,5,0.015957851,0.0061391965,0.014518804,0.06871945,0.0058476194,0.83811545,0.050701514,0.027944667,,0.027944667,control,1,,44,control_f1_s44_in22k_v5conf,best,19
ISIC_0032449,HAM_0006127,HAM_0006127,40-59,ham,5,False,5,0.011947256,0.007946526,0.0071503893,0.067573845,0.0057749273,0.846926,0.052681107,0.025668707,,0.025668707,control,1,,44,control_f1_s44_in22k_v5conf,best,19
ISIC_0032459,HAM_0003590,HAM_0003590,40-59,ham,5,False,5,0.012239915,0.008328577,0.009449024,0.06882583,0.004636152,0.8384962,0.058024272,0.025204644,,0.025204644,control,1,,44,control_f1_s44_in22k_v5conf,best,19
ISIC_0032473,HAM_0004631,HAM_0004631,40-59,ham,5,False,5,0.011840704,0.008128858,0.00895809,0.069931276,0.005658707,0.84706837,0.04841398,0.025628269,,0.025628269,control,1,,44,control_f1_s44_in22k_v5conf,best,19
ISIC_0032475,HAM_0007448,HAM_0007448,40-59,ham,5,False,5,0.010951997,0.0076390533,0.006324979,0.06578553,0.007890188,0.85043913,0.0509691,0.026481237,,0.026481237,control,1,,44,control_f1_s44_in22k_v5conf,best,19
ISIC_0032477,HAM_0000430,HAM_0000430,<40,ham,5,False,5,0.011774905,0.007268296,0.0066892495,0.06830181,0.0043889466,0.8533907,0.04818608,0.023432149,,0.023432149,control,1,,44,control_f1_s44_in22k_v5conf,best,19
ISIC_0032481,HAM_0002769,HAM_0002769,60+,ham,2,False,2,0.005814275,0.002694592,0.8815239,0.058736783,0.0026865725,0.013165599,0.035378315,0.011195439,,0.011195439,control,1,,44,control_f1_s44_in22k_v5conf,best,19
ISIC_0032486,HAM_0002121,HAM_0002121,60+,ham,2,False,4,0.0048565124,0.0032413623,0.004678817,0.039618514,0.9101521,0.005625026,0.031827703,0.91824996,,0.91824996,control,1,,44,control_f1_s44_in22k_v5conf,best,19
ISIC_0032492,HAM_0004068,HAM_0004068,<40,ham,5,False,4,0.015855955,0.0025575883,0.046052996,0.10295013,0.45671338,0.3082414,0.0676285,0.47512692,,0.47512692,control,1,,44,control_f1_s44_in22k_v5conf,best,19
ISIC_0032493,HAM_0007011,HAM_0007011,40-59,ham,5,False,5,0.0102998065,0.00674674,0.009567991,0.067693464,0.006092097,0.85266215,0.04693774,0.023138644,,0.023138644,control,1,,44,control_f1_s44_in22k_v5conf,best,19
ISIC_0032510,HAM_0002601,HAM_0002601,<40,ham,5,False,5,0.01085067,0.006991072,0.0075115995,0.06511264,0.007085157,0.8528817,0.049567208,0.024926899,,0.024926899,control,1,,44,control_f1_s44_in22k_v5conf,best,19
ISIC_0032522,HAM_0005303,HAM_0005303,60+,ham,4,True,4,0.008924954,0.003585217,0.024890592,0.0517939,0.8616868,0.0039616935,0.045156885,0.874197,,0.874197,control,1,,44,control_f1_s44_in22k_v5conf,best,19
ISIC_0032528,HAM_0003945,HAM_0003945,<40,ham,5,False,5,0.011509408,0.007874439,0.007979556,0.068554394,0.007848102,0.8461949,0.05003915,0.02723195,,0.02723195,control,1,,44,control_f1_s44_in22k_v5conf,best,19
ISIC_0032531,HAM_0005409,HAM_0005409,40-59,ham,4,True,4,0.010819255,0.004100836,0.0044659018,0.050207272,0.8903327,0.0018912614,0.038182683,0.9052528,,0.9052528,control,1,,44,control_f1_s44_in22k_v5conf,best,19
ISIC_0032533,HAM_0003602,HAM_0003602,<40,ham,4,True,5,0.010074384,0.007022042,0.004756624,0.06222304,0.02060747,0.8504438,0.04487263,0.037703894,,0.037703894,control,1,,44,control_f1_s44_in22k_v5conf,best,19
ISIC_0032539,HAM_0004581,HAM_0004581,40-59,ham,5,False,4,0.017827721,0.0074152406,0.005224042,0.08422195,0.4962324,0.31767336,0.07140526,0.5214754,,0.5214754,control,1,,44,control_f1_s44_in22k_v5conf,best,19
ISIC_0032543,HAM_0002413,HAM_0002413,<40,ham,5,False,5,0.0109419925,0.0072527495,0.0068926164,0.068995476,0.010331038,0.8459253,0.049660817,0.02852578,,0.02852578,control,1,,44,control_f1_s44_in22k_v5conf,best,19
ISIC_0032552,HAM_0001105,HAM_0001105,40-59,ham,4,True,4,0.0038736656,0.0035780342,0.0052550077,0.043180346,0.8587221,0.049054213,0.036336515,0.8661738,,0.8661738,control,1,,44,control_f1_s44_in22k_v5conf,best,19
ISIC_0032558,HAM_0006869,HAM_0006869,40-59,ham,5,False,4,0.012420986,0.009283657,0.007716214,0.09751298,0.51329106,0.29007283,0.06970219,0.5349957,,0.5349957,control,1,,44,control_f1_s44_in22k_v5conf,best,19
ISIC_0032559,HAM_0000709,HAM_0000709,40-59,ham,4,True,4,0.008973427,0.016006865,0.0070049264,0.0664557,0.84258366,0.010889918,0.048085503,0.86756396,,0.86756396,control,1,,44,control_f1_s44_in22k_v5conf,best,19
ISIC_0032562,HAM_0004191,HAM_0004191,40-59,ham,5,False,5,0.010403202,0.0048345476,0.009736632,0.064401776,0.016284384,0.8460083,0.048331123,0.031522132,,0.031522132,control,1,,44,control_f1_s44_in22k_v5conf,best,19
ISIC_0032570,HAM_0006801,HAM_0006801,60+,ham,2,False,2,0.0075184153,0.0049850997,0.9049303,0.046507765,0.0019425062,0.0026376243,0.031478282,0.014446021,,0.014446021,control,1,,44,control_f1_s44_in22k_v5conf,best,19
ISIC_0032582,HAM_0004038,HAM_0004038,40-59,ham,5,False,5,0.0058654416,0.004995444,0.0035056851,0.056523588,0.07238384,0.79584867,0.06087733,0.083244726,,0.083244726,control,1,,44,control_f1_s44_in22k_v5conf,best,19
ISIC_0032598,HAM_0006545,HAM_0006545,40-59,ham,4,True,5,0.008177772,0.0060963025,0.005480491,0.058781225,0.01225218,0.86422414,0.044987887,0.026526254,,0.026526254,control,1,,44,control_f1_s44_in22k_v5conf,best,19
ISIC_0032607,HAM_0004071,HAM_0004071,40-59,ham,5,False,5,0.011599612,0.0073222704,0.009275862,0.0628824,0.0048019434,0.85697925,0.047138724,0.023723826,,0.023723826,control,1,,44,control_f1_s44_in22k_v5conf,best,19
ISIC_0032623,HAM_0001484,HAM_0001484,40-59,ham,5,False,5,0.009413928,0.007187305,0.012735051,0.06675386,0.005237152,0.8484191,0.050253674,0.021838386,,0.021838386,control,1,,44,control_f1_s44_in22k_v5conf,best,19
ISIC_0032635,HAM_0004185,HAM_0004185,40-59,ham,5,False,5,0.012751819,0.0076115173,0.007155376,0.07004423,0.010220516,0.84069353,0.051523075,0.030583851,,0.030583851,control,1,,44,control_f1_s44_in22k_v5conf,best,19
ISIC_0032639,HAM_0003018,HAM_0003018,<40,ham,5,False,5,0.011859737,0.0076333834,0.004653704,0.06270599,0.01055007,0.85316324,0.04943391,0.030043192,,0.030043192,control,1,,44,control_f1_s44_in22k_v5conf,best,19
ISIC_0032664,HAM_0000294,HAM_0000294,40-59,ham,5,False,5,0.01146504,0.004517526,0.017288232,0.06117658,0.02761994,0.8347973,0.043135334,0.043602504,,0.043602504,control,1,,44,control_f1_s44_in22k_v5conf,best,19
ISIC_0032665,HAM_0002928,HAM_0002928,60+,ham,2,False,2,0.007980644,0.0067948094,0.7895532,0.07644858,0.009728657,0.07659541,0.03289879,0.02450411,,0.02450411,control,1,,44,control_f1_s44_in22k_v5conf,best,19
ISIC_0032666,HAM_0002574,HAM_0002574,40-59,ham,5,False,5,0.013132486,0.0076410896,0.009786973,0.06902829,0.0137666855,0.8364514,0.050193112,0.03454026,,0.03454026,control,1,,44,control_f1_s44_in22k_v5conf,best,19
ISIC_0032673,HAM_0003441,HAM_0003441,40-59,ham,5,False,4,0.004877034,0.006394846,0.026316414,0.066085875,0.74268234,0.0996162,0.054027375,0.75395423,,0.75395423,control,1,,44,control_f1_s44_in22k_v5conf,best,19
ISIC_0032680,HAM_0001358,HAM_0001358,40-59,ham,5,False,4,0.004842712,0.0053855106,0.0035191262,0.044385746,0.8792562,0.023897856,0.03871285,0.8894844,,0.8894844,control,1,,44,control_f1_s44_in22k_v5conf,best,19
ISIC_0032685,HAM_0005608,HAM_0005608,60+,ham,4,True,5,0.018339638,0.0036814166,0.053959686,0.067301236,0.0033090468,0.8043719,0.049037017,0.025330102,,0.025330102,control,1,,44,control_f1_s44_in22k_v5conf,best,19
ISIC_0032686,HAM_0004581,HAM_0004581,40-59,ham,5,False,5,0.0107728625,0.007684492,0.0059673404,0.053399242,0.019002875,0.8633195,0.039853677,0.03746023,,0.03746023,control,1,,44,control_f1_s44_in22k_v5conf,best,19
ISIC_0032688,HAM_0006801,HAM_0006801,60+,ham,2,False,2,0.008910041,0.0054188706,0.90648365,0.046152934,0.0020285775,0.0021291804,0.028876781,0.016357489,,0.016357489,control,1,,44,control_f1_s44_in22k_v5conf,best,19
ISIC_0032690,HAM_0000706,HAM_0000706,40-59,ham,4,True,4,0.016170563,0.012317141,0.014674354,0.086369835,0.6543297,0.15707713,0.059061214,0.6828174,,0.6828174,control,1,,44,control_f1_s44_in22k_v5conf,best,19
ISIC_0032692,HAM_0000940,HAM_0000940,<40,ham,6,False,6,0.0017052152,0.0023664986,0.0008560626,0.005670166,0.00510561,0.00022297273,0.9840735,0.009177323,,0.009177323,control,1,,44,control_f1_s44_in22k_v5conf,best,19
ISIC_0032703,HAM_0003447,HAM_0003447,60+,ham,5,False,5,0.013438827,0.007370885,0.007472882,0.06807648,0.004672467,0.8460108,0.052957743,0.025482178,,0.025482178,control,1,,44,control_f1_s44_in22k_v5conf,best,19
ISIC_0032708,HAM_0003130,HAM_0003130,60+,ham,5,False,5,0.009542018,0.008246909,0.009158101,0.07908544,0.14039217,0.6968571,0.056718316,0.1581811,,0.1581811,control,1,,44,control_f1_s44_in22k_v5conf,best,19
ISIC_0032711,HAM_0006869,HAM_0006869,40-59,ham,5,False,5,0.010648701,0.007105795,0.0060172905,0.06468732,0.026844542,0.8362759,0.048420362,0.04459904,,0.04459904,control,1,,44,control_f1_s44_in22k_v5conf,best,19
ISIC_0032712,HAM_0006353,HAM_0006353,40-59,ham,5,False,5,0.010088829,0.005800114,0.005978573,0.068214096,0.024796562,0.8345373,0.05058443,0.040685505,,0.040685505,control,1,,44,control_f1_s44_in22k_v5conf,best,19
ISIC_0032715,HAM_0006852,HAM_0006852,40-59,ham,6,False,6,0.0011601003,0.0014935641,0.0007866879,0.007832634,0.00043158876,0.00062603666,0.9876693,0.0030852533,,0.0030852533,control,1,,44,control_f1_s44_in22k_v5conf,best,19
ISIC_0032727,HAM_0004848,HAM_0004848,60+,ham,1,True,1,0.01434216,0.89163953,0.004135165,0.046325315,0.0041304138,0.0040680184,0.03535937,0.91011214,,0.91011214,control,1,,44,control_f1_s44_in22k_v5conf,best,19
ISIC_0032759,HAM_0004186,HAM_0004186,40-59,ham,5,False,5,0.01033876,0.008138857,0.007959152,0.06716665,0.008714889,0.84615237,0.05152931,0.027192507,,0.027192507,control,1,,44,control_f1_s44_in22k_v5conf,best,19
ISIC_0032777,HAM_0002243,HAM_0002243,60+,ham,1,True,1,0.011092781,0.8834411,0.007010833,0.057869393,0.004068476,0.0023639605,0.03415344,0.89860237,,0.89860237,control,1,,44,control_f1_s44_in22k_v5conf,best,19
ISIC_0032782,HAM_0005303,HAM_0005303,60+,ham,4,True,4,0.0032129542,0.0033298554,0.052822758,0.062382296,0.79148763,0.04177337,0.04499106,0.79803044,,0.79803044,control,1,,44,control_f1_s44_in22k_v5conf,best,19
ISIC_0032811,HAM_0002574,HAM_0002574,40-59,ham,5,False,5,0.010977318,0.006497701,0.010898256,0.06704542,0.008409957,0.8487477,0.04742366,0.025884975,,0.025884975,control,1,,44,control_f1_s44_in22k_v5conf,best,19
ISIC_0032819,HAM_0001720,HAM_0001720,40-59,ham,5,False,4,0.014813591,0.0048562563,0.002248196,0.07318841,0.75161177,0.10823523,0.04504657,0.7712816,,0.7712816,control,1,,44,control_f1_s44_in22k_v5conf,best,19
ISIC_0032830,HAM_0003002,HAM_0003002,40-59,ham,5,False,5,0.008604076,0.005637911,0.007573388,0.058555074,0.02010962,0.84822905,0.0512909,0.034351606,,0.034351606,control,1,,44,control_f1_s44_in22k_v5conf,best,19
ISIC_0032835,HAM_0004788,HAM_0004788,60+,ham,2,False,2,0.009617818,0.004559512,0.8794073,0.051674496,0.011206589,0.0024434095,0.041090865,0.02538392,,0.02538392,control,1,,44,control_f1_s44_in22k_v5conf,best,19
ISIC_0032836,HAM_0003073,HAM_0003073,40-59,ham,4,True,4,0.0045678383,0.0041975304,0.007435491,0.06399624,0.8534294,0.013077014,0.053296544,0.8621947,,0.8621947,control,1,,44,control_f1_s44_in22k_v5conf,best,19
ISIC_0032840,HAM_0003679,HAM_0003679,40-59,ham,4,True,5,0.0103621455,0.024958333,0.0017737553,0.07354049,0.28259277,0.5659129,0.040859587,0.31791326,,0.31791326,control,1,,44,control_f1_s44_in22k_v5conf,best,19
ISIC_0032847,HAM_0002004,HAM_0002004,40-59,ham,4,True,4,0.005246277,0.004865722,0.006966107,0.04821562,0.8884798,0.008917114,0.03730935,0.8985918,,0.8985918,control,1,,44,control_f1_s44_in22k_v5conf,best,19
ISIC_0032848,HAM_0002596,HAM_0002596,<40,ham,5,False,5,0.01387651,0.008571863,0.006782092,0.06879952,0.0070625334,0.8423736,0.052533943,0.029510906,,0.029510906,control,1,,44,control_f1_s44_in22k_v5conf,best,19
ISIC_0032854,HAM_0000239,HAM_0000239,60+,ham,0,True,0,0.93402725,0.0029751053,0.0031224526,0.03138313,0.0042051133,0.004019088,0.020267872,0.94120747,,0.94120747,control,1,,44,control_f1_s44_in22k_v5conf,best,19
ISIC_0032870,HAM_0007245,HAM_0007245,60+,ham,4,True,2,0.00567702,0.0053494107,0.9030343,0.043740865,0.007004865,0.002631286,0.032562166,0.018031295,,0.018031295,control,1,,44,control_f1_s44_in22k_v5conf,best,19
ISIC_0032890,HAM_0003480,HAM_0003480,60+,ham,6,False,6,0.0026587937,0.0009118374,0.00081174244,0.0074524027,0.00065240014,0.0010777973,0.98643506,0.0042230315,,0.0042230315,control,1,,44,control_f1_s44_in22k_v5conf,best,19
ISIC_0032903,HAM_0005608,HAM_0005608,60+,ham,4,True,2,0.023119384,0.0032295766,0.7529342,0.057833888,0.0113516925,0.109266706,0.04226461,0.037700653,,0.037700653,control,1,,44,control_f1_s44_in22k_v5conf,best,19
ISIC_0032908,HAM_0006666,HAM_0006666,<40,ham,5,False,5,0.010975307,0.016061464,0.017227586,0.08045079,0.011160142,0.797501,0.06662371,0.038196914,,0.038196914,control,1,,44,control_f1_s44_in22k_v5conf,best,19
ISIC_0032909,HAM_0001943,HAM_0001943,<40,ham,5,False,5,0.013383557,0.004726087,0.04188788,0.08967763,0.003890533,0.7827662,0.063668065,0.022000177,,0.022000177,control,1,,44,control_f1_s44_in22k_v5conf,best,19
ISIC_0032918,HAM_0000706,HAM_0000706,40-59,ham,4,True,4,0.02052121,0.006077378,0.023420736,0.07487752,0.8187817,0.005068014,0.0512534,0.84538025,,0.84538025,control,1,,44,control_f1_s44_in22k_v5conf,best,19
ISIC_0032927,HAM_0001734,HAM_0001734,40-59,ham,4,True,4,0.0051129134,0.004483545,0.0072676535,0.05144093,0.88004977,0.013136115,0.038509037,0.88964623,,0.88964623,control,1,,44,control_f1_s44_in22k_v5conf,best,19
ISIC_0032930,HAM_0000488,HAM_0000488,40-59,ham,5,False,5,0.015593493,0.007972409,0.0072658043,0.06939047,0.007468719,0.842119,0.05019009,0.031034622,,0.031034622,control,1,,44,control_f1_s44_in22k_v5conf,best,19
ISIC_0032933,HAM_0002595,HAM_0002595,<40,ham,5,False,4,0.021255389,0.0039532925,0.10652761,0.09422604,0.5384821,0.17111693,0.06443863,0.5636908,,0.5636908,control,1,,44,control_f1_s44_in22k_v5conf,best,19
ISIC_0032941,HAM_0001785,HAM_0001785,40-59,ham,3,False,4,0.009857531,0.012973282,0.0034426297,0.06051679,0.6853425,0.19968231,0.028185008,0.7081733,,0.7081733,control,1,,44,control_f1_s44_in22k_v5conf,best,19
ISIC_0032949,HAM_0006085,HAM_0006085,60+,ham,2,False,2,0.018951003,0.002143624,0.7116871,0.0674427,0.012494172,0.13707048,0.050210968,0.033588797,,0.033588797,control,1,,44,control_f1_s44_in22k_v5conf,best,19
ISIC_0032950,HAM_0001097,HAM_0001097,40-59,ham,5,False,5,0.013905342,0.0060093445,0.011833225,0.068882085,0.011898242,0.8401824,0.047289383,0.03181293,,0.03181293,control,1,,44,control_f1_s44_in22k_v5conf,best,19
ISIC_0032958,HAM_0006824,HAM_0006824,60+,ham,4,True,4,0.027025966,0.0069890767,0.011942911,0.05320633,0.85757816,0.0016767672,0.041580763,0.8915932,,0.8915932,control,1,,44,control_f1_s44_in22k_v5conf,best,19
ISIC_0032962,HAM_0007216,HAM_0007216,<40,ham,5,False,5,0.011106985,0.007202686,0.009983087,0.0650294,0.0075084628,0.85238457,0.046784736,0.025818134,,0.025818134,control,1,,44,control_f1_s44_in22k_v5conf,best,19
ISIC_0032970,HAM_0005409,HAM_0005409,40-59,ham,4,True,4,0.011602067,0.0050134435,0.005801947,0.057744514,0.8751785,0.0023197928,0.042339712,0.891794,,0.891794,control,1,,44,control_f1_s44_in22k_v5conf,best,19
ISIC_0032983,HAM_0002008,HAM_0002008,60+,ham,2,False,2,0.0060396916,0.0047536804,0.9081947,0.04095008,0.0038656658,0.0037516414,0.032444462,0.014659038,,0.014659038,control,1,,44,control_f1_s44_in22k_v5conf,best,19
ISIC_0032986,HAM_0002519,HAM_0002519,40-59,ham,5,False,5,0.011092764,0.0074286563,0.006267293,0.06853636,0.005822065,0.8498336,0.051019307,0.024343485,,0.024343485,control,1,,44,control_f1_s44_in22k_v5conf,best,19
ISIC_0032990,HAM_0004038,HAM_0004038,40-59,ham,5,False,5,0.0083115725,0.004438706,0.0044074957,0.062268946,0.009502684,0.865959,0.04511157,0.022252962,,0.022252962,control,1,,44,control_f1_s44_in22k_v5conf,best,19
ISIC_0032991,HAM_0004849,HAM_0004849,60+,ham,1,True,0,0.9387769,0.00039793472,0.004847022,0.037657242,0.005051859,0.002963134,0.010305959,0.9442267,,0.9442267,control,1,,44,control_f1_s44_in22k_v5conf,best,19
ISIC_0033004,HAM_0003602,HAM_0003602,<40,ham,4,True,4,0.00564513,0.004890753,0.0055613928,0.043103542,0.90185356,0.0047294814,0.034216203,0.91238946,,0.91238946,control,1,,44,control_f1_s44_in22k_v5conf,best,19
ISIC_0033007,HAM_0006550,HAM_0006550,40-59,ham,5,False,2,0.0062380563,0.002779546,0.7359914,0.09182253,0.09798338,0.01632818,0.04885692,0.107000984,,0.107000984,control,1,,44,control_f1_s44_in22k_v5conf,best,19
ISIC_0033008,HAM_0005115,HAM_0005115,<40,ham,5,False,4,0.0092895115,0.009885351,0.01532922,0.12201961,0.40413338,0.34585613,0.09348675,0.42330825,,0.42330825,control,1,,44,control_f1_s44_in22k_v5conf,best,19
ISIC_0033019,HAM_0002243,HAM_0002243,60+,ham,1,True,1,0.009313849,0.88563323,0.005981297,0.056652404,0.005404262,0.0024714714,0.03454347,0.9003513,,0.9003513,control,1,,44,control_f1_s44_in22k_v5conf,best,19
ISIC_0033029,HAM_0004302,HAM_0004302,60+,ham,4,True,5,0.010760836,0.007568071,0.0067417347,0.05915038,0.01565158,0.854533,0.045594282,0.03398049,,0.03398049,control,1,,44,control_f1_s44_in22k_v5conf,best,19
ISIC_0033032,HAM_0003505,HAM_0003505,40-59,ham,5,False,5,0.011491674,0.008380939,0.008320525,0.0660267,0.0052283294,0.85177755,0.0487743,0.025100943,,0.025100943,control,1,,44,control_f1_s44_in22k_v5conf,best,19
ISIC_0033033,HAM_0001405,HAM_0001405,40-59,ham,5,False,5,0.011942628,0.007593072,0.0072826883,0.068191655,0.012127325,0.8435705,0.04929222,0.031663023,,0.031663023,control,1,,44,control_f1_s44_in22k_v5conf,best,19
ISIC_0033040,HAM_0007478,HAM_0007478,<40,ham,5,False,5,0.009877062,0.00705253,0.0103563005,0.06594666,0.013660107,0.84689504,0.04621237,0.0305897,,0.0305897,control,1,,44,control_f1_s44_in22k_v5conf,best,19
ISIC_0033041,HAM_0002040,HAM_0002040,40-59,ham,2,False,2,0.008211213,0.004845969,0.88841087,0.048470374,0.005446023,0.0051855543,0.03943006,0.018503204,,0.018503204,control,1,,44,control_f1_s44_in22k_v5conf,best,19
ISIC_0033052,HAM_0004038,HAM_0004038,40-59,ham,5,False,5,0.008844586,0.005158126,0.004943345,0.055451266,0.00823299,0.8738468,0.043522812,0.022235703,,0.022235703,control,1,,44,control_f1_s44_in22k_v5conf,best,19
ISIC_0033068,HAM_0002671,HAM_0002671,60+,ham,4,True,4,0.018339112,0.003634292,0.009682595,0.06511413,0.8547758,0.0036855207,0.044768494,0.8767492,,0.8767492,control,1,,44,control_f1_s44_in22k_v5conf,best,19
ISIC_0033072,HAM_0004193,HAM_0004193,40-59,ham,5,False,5,0.010434486,0.0066451365,0.0062854914,0.066884756,0.0066984687,0.85069025,0.05236146,0.02377809,,0.02377809,control,1,,44,control_f1_s44_in22k_v5conf,best,19
ISIC_0033085,HAM_0003181,HAM_0003181,<40,ham,5,False,5,0.00859913,0.006017307,0.0105832005,0.056788307,0.00832613,0.86643726,0.04324868,0.022942567,,0.022942567,control,1,,44,control_f1_s44_in22k_v5conf,best,19
ISIC_0033090,HAM_0001870,HAM_0001870,60+,ham,5,False,5,0.010617593,0.0053128083,0.0051309285,0.06366264,0.01203123,0.85731137,0.04593342,0.02796163,,0.02796163,control,1,,44,control_f1_s44_in22k_v5conf,best,19
ISIC_0033095,HAM_0004392,HAM_0004392,<40,ham,5,False,5,0.0096451035,0.0074842945,0.00612338,0.060683876,0.007372588,0.8614811,0.04720961,0.024501987,,0.024501987,control,1,,44,control_f1_s44_in22k_v5conf,best,19
ISIC_0033098,HAM_0004071,HAM_0004071,40-59,ham,5,False,5,0.013368062,0.008906153,0.008940087,0.06990148,0.0063902056,0.8406427,0.051851265,0.028664421,,0.028664421,control,1,,44,control_f1_s44_in22k_v5conf,best,19
ISIC_0033109,HAM_0002519,HAM_0002519,40-59,ham,5,False,5,0.010173329,0.00791029,0.0055163875,0.06762246,0.007528741,0.85000455,0.051244248,0.02561236,,0.02561236,control,1,,44,control_f1_s44_in22k_v5conf,best,19
ISIC_0033114,HAM_0000709,HAM_0000709,40-59,ham,4,True,4,0.015361872,0.013353513,0.0068271523,0.059252974,0.85694265,0.002878117,0.045383684,0.885658,,0.885658,control,1,,44,control_f1_s44_in22k_v5conf,best,19
ISIC_0033116,HAM_0001905,HAM_0001905,40-59,ham,5,False,5,0.011390819,0.0061832103,0.007956928,0.06684829,0.005113206,0.8550573,0.04745015,0.022687234,,0.022687234,control,1,,44,control_f1_s44_in22k_v5conf,best,19
ISIC_0033127,HAM_0006085,HAM_0006085,60+,ham,2,False,2,0.006625991,0.005046399,0.91122806,0.036274303,0.002650217,0.002792473,0.035382573,0.014322607,,0.014322607,control,1,,44,control_f1_s44_in22k_v5conf,best,19
ISIC_0033130,HAM_0002928,HAM_0002928,60+,ham,2,False,2,0.004751045,0.0027179013,0.9048084,0.05010634,0.0021023075,0.01909695,0.016417105,0.009571254,,0.009571254,control,1,,44,control_f1_s44_in22k_v5conf,best,19
ISIC_0033131,HAM_0001870,HAM_0001870,60+,ham,5,False,5,0.009211818,0.0061251386,0.007750817,0.069032505,0.006321588,0.8575631,0.043995086,0.021658545,,0.021658545,control,1,,44,control_f1_s44_in22k_v5conf,best,19
ISIC_0033134,HAM_0001943,HAM_0001943,<40,ham,5,False,5,0.014378792,0.0054329974,0.037827574,0.08571484,0.0061652027,0.78891426,0.061566263,0.025976991,,0.025976991,control,1,,44,control_f1_s44_in22k_v5conf,best,19
ISIC_0033142,HAM_0003447,HAM_0003447,60+,ham,5,False,5,0.013413256,0.0076520285,0.0076733637,0.06865789,0.0048656072,0.8451172,0.05262064,0.02593089,,0.02593089,control,1,,44,control_f1_s44_in22k_v5conf,best,19
ISIC_0033148,HAM_0002519,HAM_0002519,40-59,ham,5,False,5,0.01040745,0.007790079,0.005718145,0.06691917,0.006118443,0.8524433,0.05060338,0.024315972,,0.024315972,control,1,,44,control_f1_s44_in22k_v5conf,best,19
ISIC_0033157,HAM_0002574,HAM_0002574,40-59,ham,5,False,5,0.010528475,0.0065014665,0.012565809,0.06431702,0.0064037847,0.85223174,0.047451735,0.023433726,,0.023433726,control,1,,44,control_f1_s44_in22k_v5conf,best,19
ISIC_0033164,HAM_0006353,HAM_0006353,40-59,ham,5,False,5,0.010213974,0.006214447,0.0057488848,0.06504138,0.0068285353,0.8579499,0.048002888,0.023256956,,0.023256956,control,1,,44,control_f1_s44_in22k_v5conf,best,19
ISIC_0033167,HAM_0006813,HAM_0006813,<40,ham,5,False,5,0.013046642,0.0071241483,0.007430057,0.06697401,0.008050876,0.8461081,0.05126634,0.028221665,,0.028221665,control,1,,44,control_f1_s44_in22k_v5conf,best,19
ISIC_0033168,HAM_0003447,HAM_0003447,60+,ham,5,False,5,0.013562395,0.007887785,0.008670394,0.069080964,0.005723628,0.84283787,0.05223687,0.02717381,,0.02717381,control,1,,44,control_f1_s44_in22k_v5conf,best,19
ISIC_0033170,HAM_0001358,HAM_0001358,40-59,ham,5,False,5,0.011077543,0.0068208664,0.004970992,0.0689003,0.075473204,0.782465,0.050292127,0.093371615,,0.093371615,control,1,,44,control_f1_s44_in22k_v5conf,best,19
ISIC_0033176,HAM_0001490,HAM_0001490,<40,ham,5,False,5,0.011852584,0.006032881,0.008562245,0.067074075,0.0056762355,0.8498247,0.05097728,0.023561701,,0.023561701,control,1,,44,control_f1_s44_in22k_v5conf,best,19
ISIC_0033191,HAM_0001175,HAM_0001175,<40,ham,5,False,5,0.0108678145,0.007984428,0.0069191223,0.06658749,0.0061908765,0.85288507,0.048565216,0.025043119,,0.025043119,control,1,,44,control_f1_s44_in22k_v5conf,best,19
ISIC_0033201,HAM_0006663,HAM_0006663,60+,ham,2,False,2,0.007516395,0.004409059,0.8850044,0.050051544,0.00557324,0.01225782,0.035187602,0.017498694,,0.017498694,control,1,,44,control_f1_s44_in22k_v5conf,best,19
ISIC_0033207,HAM_0006869,HAM_0006869,40-59,ham,5,False,5,0.014896701,0.010623231,0.008137072,0.101675,0.38660106,0.40719065,0.07087624,0.412121,,0.412121,control,1,,44,control_f1_s44_in22k_v5conf,best,19
ISIC_0033221,HAM_0005887,HAM_0005887,60+,ham,5,False,5,0.011924748,0.007896975,0.008302743,0.0695356,0.0061967555,0.8461939,0.049949337,0.026018478,,0.026018478,control,1,,44,control_f1_s44_in22k_v5conf,best,19
ISIC_0033224,HAM_0001883,HAM_0001883,<40,ham,5,False,5,0.007425189,0.007919473,0.006211775,0.06567371,0.009861278,0.85782886,0.045079622,0.02520594,,0.02520594,control,1,,44,control_f1_s44_in22k_v5conf,best,19
ISIC_0033228,HAM_0002606,HAM_0002606,<40,ham,5,False,5,0.010811263,0.005933152,0.0058484194,0.06663782,0.0056045474,0.8578365,0.047328316,0.022348963,,0.022348963,control,1,,44,control_f1_s44_in22k_v5conf,best,19
ISIC_0033240,HAM_0005303,HAM_0005303,60+,ham,4,True,4,0.00815867,0.003278572,0.013345281,0.0461619,0.885126,0.0028948067,0.0410348,0.89656323,,0.89656323,control,1,,44,control_f1_s44_in22k_v5conf,best,19
ISIC_0033241,HAM_0006545,HAM_0006545,40-59,ham,4,True,5,0.009902626,0.0066321352,0.0061425297,0.061444968,0.0074155866,0.8601045,0.048357688,0.023950348,,0.023950348,control,1,,44,control_f1_s44_in22k_v5conf,best,19
ISIC_0033250,HAM_0006610,HAM_0006610,40-59,ham,5,False,5,0.010847356,0.01345362,0.006009708,0.04641629,0.008629951,0.87036115,0.044281855,0.032930925,,0.032930925,control,1,,44,control_f1_s44_in22k_v5conf,best,19
ISIC_0033252,HAM_0006801,HAM_0006801,60+,ham,2,False,2,0.012816687,0.0040622167,0.9075661,0.05110532,0.0026615742,0.0015968218,0.0201913,0.019540478,,0.019540478,control,1,,44,control_f1_s44_in22k_v5conf,best,19
ISIC_0033262,HAM_0005258,HAM_0005258,60+,ham,2,False,2,0.005154773,0.003117092,0.91530144,0.03941873,0.004598307,0.0040736976,0.02833586,0.012870172,,0.012870172,control,1,,44,control_f1_s44_in22k_v5conf,best,19
ISIC_0033264,HAM_0004255,HAM_0004255,60+,ham,2,False,2,0.012778725,0.0043946668,0.8996776,0.03689519,0.007068091,0.0034920797,0.03569365,0.024241481,,0.024241481,control,1,,44,control_f1_s44_in22k_v5conf,best,19
ISIC_0033276,HAM_0000304,HAM_0000304,40-59,ham,5,False,5,0.010137724,0.006924561,0.005208932,0.06347968,0.0073767155,0.85649455,0.05037789,0.024439,,0.024439,control,1,,44,control_f1_s44_in22k_v5conf,best,19
ISIC_0033284,HAM_0003978,HAM_0003978,60+,ham,2,False,2,0.006453237,0.005528794,0.9038943,0.04254967,0.00267008,0.0034354806,0.03546846,0.014652111,,0.014652111,control,1,,44,control_f1_s44_in22k_v5conf,best,19
ISIC_0033304,HAM_0004998,HAM_0004998,60+,ham,4,True,4,0.011907286,0.009028013,0.006904645,0.064889215,0.85892826,0.002588016,0.045754503,0.87986356,,0.87986356,control,1,,44,control_f1_s44_in22k_v5conf,best,19
ISIC_0033315,HAM_0006516,HAM_0006516,<40,ham,5,False,5,0.009651586,0.007503091,0.011068205,0.08399875,0.058334995,0.7665779,0.0628655,0.07548967,,0.07548967,control,1,,44,control_f1_s44_in22k_v5conf,best,19
ISIC_0033316,HAM_0000304,HAM_0000304,40-59,ham,5,False,5,0.0103167435,0.006171993,0.0056382054,0.07082304,0.0059460946,0.85045266,0.05065126,0.02243483,,0.02243483,control,1,,44,control_f1_s44_in22k_v5conf,best,19
ISIC_0033321,HAM_0001354,HAM_0001354,60+,ham,2,False,2,0.0066492283,0.0017878305,0.91961765,0.03396941,0.0063601346,0.0005125726,0.031103188,0.014797194,,0.014797194,control,1,,44,control_f1_s44_in22k_v5conf,best,19
ISIC_0033322,HAM_0006085,HAM_0006085,60+,ham,2,False,2,0.006641218,0.0038985969,0.90039295,0.039996613,0.001482391,0.006802916,0.040785335,0.012022206,,0.012022206,control,1,,44,control_f1_s44_in22k_v5conf,best,19
ISIC_0033323,HAM_0005608,HAM_0005608,60+,ham,4,True,5,0.038893092,0.003182919,0.32093644,0.11065696,0.009096929,0.45009896,0.06713462,0.05117294,,0.05117294,control,1,,44,control_f1_s44_in22k_v5conf,best,19
ISIC_0033330,HAM_0005156,HAM_0005156,unknown,ham,5,False,5,0.010372334,0.009663115,0.01670654,0.069419146,0.020346379,0.82254803,0.050944373,0.040381826,,0.040381826,control,1,,44,control_f1_s44_in22k_v5conf,best,19
ISIC_0033336,HAM_0003506,HAM_0003506,60+,ham,4,True,5,0.010097747,0.01682596,0.00786916,0.07357285,0.0048046224,0.8485593,0.03827036,0.031728327,,0.031728327,control,1,,44,control_f1_s44_in22k_v5conf,best,19
ISIC_0033340,HAM_0005887,HAM_0005887,60+,ham,5,False,5,0.01190132,0.0075221625,0.008368619,0.06758393,0.00530423,0.8512387,0.04808092,0.024727713,,0.024727713,control,1,,44,control_f1_s44_in22k_v5conf,best,19
ISIC_0033346,HAM_0004165,HAM_0004165,60+,ham,5,False,2,0.015572154,0.0058481903,0.70847386,0.094103515,0.008567143,0.087695196,0.0797399,0.029987488,,0.029987488,control,1,,44,control_f1_s44_in22k_v5conf,best,19
ISIC_0033351,HAM_0001870,HAM_0001870,60+,ham,5,False,5,0.016140202,0.005825004,0.0045840284,0.06887473,0.045995783,0.8137124,0.044867773,0.06796099,,0.06796099,control,1,,44,control_f1_s44_in22k_v5conf,best,19
ISIC_0033355,HAM_0004392,HAM_0004392,<40,ham,5,False,5,0.009782328,0.0071451804,0.006572218,0.061680768,0.007489363,0.8585092,0.04882095,0.024416871,,0.024416871,control,1,,44,control_f1_s44_in22k_v5conf,best,19
ISIC_0033360,HAM_0001883,HAM_0001883,<40,ham,5,False,5,0.009512159,0.0062891375,0.008434316,0.06780149,0.007223199,0.8501814,0.050558314,0.023024496,,0.023024496,control,1,,44,control_f1_s44_in22k_v5conf,best,19
ISIC_0033361,HAM_0002040,HAM_0002040,40-59,ham,2,False,2,0.0064986483,0.0037218211,0.90152043,0.045077167,0.006436946,0.0015148463,0.035230104,0.016657416,,0.016657416,control,1,,44,control_f1_s44_in22k_v5conf,best,19
ISIC_0033370,HAM_0001484,HAM_0001484,40-59,ham,5,False,5,0.011773994,0.0073971287,0.008831663,0.06618539,0.0066606235,0.8491627,0.049988538,0.025831746,,0.025831746,control,1,,44,control_f1_s44_in22k_v5conf,best,19
ISIC_0033379,HAM_0002008,HAM_0002008,60+,ham,2,False,2,0.005232379,0.0035553803,0.8589661,0.05521615,0.0026005923,0.034024443,0.040404994,0.011388351,,0.011388351,control,1,,44,control_f1_s44_in22k_v5conf,best,19
ISIC_0033384,HAM_0003002,HAM_0003002,40-59,ham,5,False,5,0.0094389655,0.0062771672,0.0061807893,0.060914434,0.007964412,0.8619356,0.047288626,0.023680544,,0.023680544,control,1,,44,control_f1_s44_in22k_v5conf,best,19
ISIC_0033387,HAM_0001105,HAM_0001105,40-59,ham,4,True,4,0.0070734224,0.004533131,0.0063077165,0.045781456,0.8688676,0.029950306,0.03748649,0.88047415,,0.88047415,control,1,,44,control_f1_s44_in22k_v5conf,best,19
ISIC_0033390,HAM_0001405,HAM_0001405,40-59,ham,5,False,5,0.009979627,0.007137432,0.0075447657,0.064463034,0.008126001,0.8581115,0.044637624,0.025243059,,0.025243059,control,1,,44,control_f1_s44_in22k_v5conf,best,19
ISIC_0033395,HAM_0004392,HAM_0004392,<40,ham,5,False,5,0.009157431,0.007123533,0.0052657565,0.060116578,0.008461918,0.86374515,0.046129655,0.024742883,,0.024742883,control,1,,44,control_f1_s44_in22k_v5conf,best,19
ISIC_0033400,HAM_0005258,HAM_0005258,60+,ham,2,False,2,0.0072504366,0.0034295965,0.9243628,0.033081513,0.0074701416,0.0032994186,0.021106021,0.018150175,,0.018150175,control,1,,44,control_f1_s44_in22k_v5conf,best,19
ISIC_0033404,HAM_0006623,HAM_0006623,40-59,ham,5,False,2,0.005502385,0.007996209,0.6906722,0.074931264,0.028145617,0.13265237,0.060099933,0.04164421,,0.04164421,control,1,,44,control_f1_s44_in22k_v5conf,best,19
ISIC_0033405,HAM_0003506,HAM_0003506,60+,ham,4,True,5,0.0053588566,0.0076620155,0.0054618674,0.061734393,0.006951867,0.8892659,0.02356507,0.01997274,,0.01997274,control,1,,44,control_f1_s44_in22k_v5conf,best,19
ISIC_0033406,HAM_0006550,HAM_0006550,40-59,ham,5,False,2,0.0053354925,0.003184202,0.9031849,0.04436695,0.00787963,0.0057195267,0.03032924,0.016399324,,0.016399324,control,1,,44,control_f1_s44_in22k_v5conf,best,19
ISIC_0033413,HAM_0002615,HAM_0002615,60+,ham,0,True,0,0.94482434,0.0016114379,0.002514168,0.025175901,0.0025577296,0.0030724313,0.020243855,0.9489935,,0.9489935,control,1,,44,control_f1_s44_in22k_v5conf,best,19
ISIC_0033418,HAM_0000675,HAM_0000675,<40,ham,5,False,5,0.010634203,0.0069964244,0.01023341,0.07681635,0.0364072,0.8074976,0.05141473,0.054037824,,0.054037824,control,1,,44,control_f1_s44_in22k_v5conf,best,19
ISIC_0033423,HAM_0006516,HAM_0006516,<40,ham,5,False,5,0.009058699,0.008527684,0.008017147,0.06393062,0.013692826,0.8496707,0.04710223,0.03127921,,0.03127921,control,1,,44,control_f1_s44_in22k_v5conf,best,19
ISIC_0033434,HAM_0001839,HAM_0001839,60+,ham,5,False,5,0.007861134,0.0074234796,0.009531523,0.0643411,0.0045113796,0.8575799,0.048751507,0.019795991,,0.019795991,control,1,,44,control_f1_s44_in22k_v5conf,best,19
ISIC_0033438,HAM_0002008,HAM_0002008,60+,ham,2,False,2,0.0031644593,0.0032161963,0.8908433,0.043681595,0.0026382015,0.020226598,0.036229707,0.009018857,,0.009018857,control,1,,44,control_f1_s44_in22k_v5conf,best,19
ISIC_0033444,HAM_0003073,HAM_0003073,40-59,ham,4,True,5,0.013310764,0.007072793,0.0070922356,0.07176817,0.115836985,0.73376715,0.051151887,0.13622054,,0.13622054,control,1,,44,control_f1_s44_in22k_v5conf,best,19
ISIC_0033454,HAM_0005021,HAM_0005021,60+,ham,4,True,2,0.0023752032,0.008385774,0.6061582,0.06336609,0.25334576,0.008698815,0.057670202,0.26410672,,0.26410672,control,1,,44,control_f1_s44_in22k_v5conf,best,19
ISIC_0033456,HAM_0002615,HAM_0002615,60+,ham,0,True,0,0.949988,0.0019718243,0.0023675752,0.022901922,0.0022588652,0.001761894,0.018749949,0.9542187,,0.9542187,control,1,,44,control_f1_s44_in22k_v5conf,best,19
ISIC_0033461,HAM_0000294,HAM_0000294,40-59,ham,5,False,5,0.012281751,0.0077574872,0.007185082,0.06918963,0.008170326,0.8454445,0.04997119,0.028209563,,0.028209563,control,1,,44,control_f1_s44_in22k_v5conf,best,19
ISIC_0033462,HAM_0001175,HAM_0001175,<40,ham,5,False,5,0.0144511815,0.008508933,0.010470743,0.06200714,0.0075284922,0.84471655,0.052316993,0.030488607,,0.030488607,control,1,,44,control_f1_s44_in22k_v5conf,best,19
ISIC_0033478,HAM_0006623,HAM_0006623,40-59,ham,5,False,2,0.0024693517,0.00643043,0.6579603,0.07089632,0.07254021,0.12682869,0.06287471,0.08143999,,0.08143999,control,1,,44,control_f1_s44_in22k_v5conf,best,19
ISIC_0033480,HAM_0004788,HAM_0004788,60+,ham,2,False,2,0.012918464,0.0020688947,0.86960715,0.051808354,0.024324259,0.0026914983,0.03658134,0.039311618,,0.039311618,control,1,,44,control_f1_s44_in22k_v5conf,best,19
ISIC_0033482,HAM_0006663,HAM_0006663,60+,ham,2,False,2,0.006601968,0.0038613654,0.8873789,0.049313683,0.00911448,0.0057483315,0.03798131,0.019577812,,0.019577812,control,1,,44,control_f1_s44_in22k_v5conf,best,19
ISIC_0033487,HAM_0005673,HAM_0005673,60+,ham,4,True,4,0.009145899,0.016227707,0.0090155555,0.13582094,0.4887914,0.2566205,0.084377974,0.514165,,0.514165,control,1,,44,control_f1_s44_in22k_v5conf,best,19
ISIC_0033493,HAM_0006550,HAM_0006550,40-59,ham,5,False,5,0.0135536045,0.005534168,0.008694992,0.06531296,0.16481948,0.7061479,0.03593681,0.18390726,,0.18390726,control,1,,44,control_f1_s44_in22k_v5conf,best,19
ISIC_0033494,HAM_0002615,HAM_0002615,60+,ham,0,True,0,0.9346064,0.0022220693,0.0025860947,0.029888837,0.0027818906,0.0044757132,0.023439087,0.9396103,,0.9396103,control,1,,44,control_f1_s44_in22k_v5conf,best,19
ISIC_0033496,HAM_0001734,HAM_0001734,40-59,ham,4,True,4,0.0051216865,0.0034149138,0.006110018,0.043949537,0.8999897,0.008593644,0.032820474,0.9085263,,0.9085263,control,1,,44,control_f1_s44_in22k_v5conf,best,19
ISIC_0033497,HAM_0001697,HAM_0001697,<40,ham,5,False,5,0.00919049,0.0066515426,0.0076811616,0.06354508,0.006300444,0.85843486,0.048196442,0.022142475,,0.022142475,control,1,,44,control_f1_s44_in22k_v5conf,best,19
ISIC_0033498,HAM_0002051,HAM_0002051,40-59,ham,4,True,4,0.0064335708,0.0028624954,0.01811878,0.0625507,0.8662251,0.0025344058,0.04127499,0.8755212,,0.8755212,control,1,,44,control_f1_s44_in22k_v5conf,best,19
ISIC_0033505,HAM_0005386,HAM_0005386,40-59,ham,2,False,5,0.014189707,0.0073515405,0.02398836,0.07241416,0.0049869195,0.8200032,0.057066143,0.026528167,,0.026528167,control,1,,44,control_f1_s44_in22k_v5conf,best,19
ISIC_0033507,HAM_0006281,HAM_0006281,60+,ham,2,False,2,0.004876692,0.0041081985,0.9072368,0.045096833,0.0056604072,0.005115625,0.027905436,0.014645297,,0.014645297,control,1,,44,control_f1_s44_in22k_v5conf,best,19
ISIC_0033508,HAM_0004581,HAM_0004581,40-59,ham,5,False,5,0.013905502,0.0061182543,0.008856514,0.05381605,0.05581624,0.81994593,0.04154142,0.07584,,0.07584,control,1,,44,control_f1_s44_in22k_v5conf,best,19
ISIC_0033521,HAM_0001484,HAM_0001484,40-59,ham,5,False,5,0.010567323,0.0067872554,0.009941804,0.06762045,0.0048153563,0.85044956,0.04981826,0.022169935,,0.022169935,control,1,,44,control_f1_s44_in22k_v5conf,best,19
ISIC_0033525,HAM_0003018,HAM_0003018,<40,ham,5,False,5,0.011203201,0.0072752917,0.0049670963,0.06474845,0.014649267,0.84866863,0.048488084,0.03312776,,0.03312776,control,1,,44,control_f1_s44_in22k_v5conf,best,19
ISIC_0033530,HAM_0006191,HAM_0006191,40-59,ham,5,False,5,0.009900337,0.007368119,0.0069602826,0.0653561,0.008963986,0.8548277,0.046623528,0.026232444,,0.026232444,control,1,,44,control_f1_s44_in22k_v5conf,best,19
ISIC_0033538,HAM_0006824,HAM_0006824,60+,ham,4,True,4,0.042604394,0.0065712957,0.012014304,0.04989022,0.84204125,0.0014888205,0.045389663,0.89121693,,0.89121693,control,1,,44,control_f1_s44_in22k_v5conf,best,19
ISIC_0033563,HAM_0003505,HAM_0003505,40-59,ham,5,False,5,0.012625013,0.008195494,0.00844209,0.06764694,0.005859617,0.8475192,0.04971162,0.026680123,,0.026680123,control,1,,44,control_f1_s44_in22k_v5conf,best,19
ISIC_0033570,HAM_0003679,HAM_0003679,40-59,ham,4,True,4,0.008578511,0.059366867,0.0019383931,0.07696494,0.66144794,0.14621113,0.045492247,0.7293933,,0.7293933,control,1,,44,control_f1_s44_in22k_v5conf,best,19
ISIC_0033572,HAM_0003208,HAM_0003208,<40,ham,5,False,5,0.011413879,0.0035565894,0.022443255,0.061982196,0.004985665,0.84459776,0.051020704,0.019956134,,0.019956134,control,1,,44,control_f1_s44_in22k_v5conf,best,19
ISIC_0033573,HAM_0006435,HAM_0006435,40-59,ham,4,True,4,0.0041018496,0.0037842235,0.0064781993,0.04967081,0.88108927,0.01511006,0.039765593,0.8889753,,0.8889753,control,1,,44,control_f1_s44_in22k_v5conf,best,19
ISIC_0033574,HAM_0003130,HAM_0003130,60+,ham,5,False,5,0.008516436,0.006217177,0.0063157915,0.066266835,0.03867308,0.82928395,0.044726722,0.053406693,,0.053406693,control,1,,44,control_f1_s44_in22k_v5conf,best,19
ISIC_0033577,HAM_0004346,HAM_0004346,40-59,ham,5,False,5,0.01084984,0.007164856,0.0067164158,0.066154584,0.0061858506,0.856194,0.04673447,0.024200546,,0.024200546,control,1,,44,control_f1_s44_in22k_v5conf,best,19
ISIC_0033596,HAM_0003208,HAM_0003208,<40,ham,5,False,5,0.015132525,0.0059087225,0.29761767,0.10016147,0.003214524,0.48938197,0.088583075,0.024255771,,0.024255771,control,1,,44,control_f1_s44_in22k_v5conf,best,19
ISIC_0033608,HAM_0000940,HAM_0000940,<40,ham,6,False,6,0.0016378883,0.0012088289,0.0010010635,0.0074242298,0.003286746,0.00022606748,0.98521507,0.0061334632,,0.0061334632,control,1,,44,control_f1_s44_in22k_v5conf,best,19
ISIC_0033609,HAM_0002243,HAM_0002243,60+,ham,1,True,1,0.0106197,0.8832486,0.0062980903,0.05366261,0.004961796,0.0028725055,0.038336687,0.8988301,,0.8988301,control,1,,44,control_f1_s44_in22k_v5conf,best,19
ISIC_0033634,HAM_0001905,HAM_0001905,40-59,ham,5,False,5,0.015129873,0.004997546,0.0212265,0.084664516,0.005435706,0.8070466,0.06149923,0.025563125,,0.025563125,control,1,,44,control_f1_s44_in22k_v5conf,best,19
ISIC_0033635,HAM_0001837,HAM_0001837,60+,ham,2,False,5,0.010599693,0.0049382523,0.2197361,0.10597368,0.022256998,0.5585302,0.07796502,0.037794944,,0.037794944,control,1,,44,control_f1_s44_in22k_v5conf,best,19
ISIC_0033645,HAM_0006191,HAM_0006191,40-59,ham,5,False,5,0.009838142,0.0074683963,0.0060986704,0.06585413,0.0094960695,0.85436636,0.04687822,0.026802607,,0.026802607,control,1,,44,control_f1_s44_in22k_v5conf,best,19
ISIC_0033651,HAM_0004998,HAM_0004998,60+,ham,4,True,4,0.00883258,0.008375972,0.005864731,0.05898059,0.8753192,0.0025050703,0.040121887,0.89252776,,0.89252776,control,1,,44,control_f1_s44_in22k_v5conf,best,19
ISIC_0033654,HAM_0002004,HAM_0002004,40-59,ham,4,True,4,0.00624688,0.004862862,0.005407828,0.048440456,0.88814956,0.0077224686,0.03916992,0.8992593,,0.8992593,control,1,,44,control_f1_s44_in22k_v5conf,best,19
ISIC_0033668,HAM_0000706,HAM_0000706,40-59,ham,4,True,4,0.009201932,0.005281192,0.044451118,0.072597735,0.8171343,0.004864016,0.046469614,0.8316175,,0.8316175,control,1,,44,control_f1_s44_in22k_v5conf,best,19
ISIC_0033674,HAM_0001358,HAM_0001358,40-59,ham,5,False,5,0.015320677,0.006577146,0.0036552192,0.07297799,0.070635706,0.7805621,0.05027111,0.09253353,,0.09253353,control,1,,44,control_f1_s44_in22k_v5conf,best,19
ISIC_0033677,HAM_0005258,HAM_0005258,60+,ham,2,False,2,0.0052875574,0.0032386952,0.92831427,0.034136493,0.0043456336,0.0023203753,0.022356888,0.012871886,,0.012871886,control,1,,44,control_f1_s44_in22k_v5conf,best,19
ISIC_0033684,HAM_0003441,HAM_0003441,40-59,ham,5,False,4,0.0040781465,0.0038496016,0.037880473,0.06255162,0.82387275,0.012569293,0.05519809,0.8318005,,0.8318005,control,1,,44,control_f1_s44_in22k_v5conf,best,19
ISIC_0033693,HAM_0004258,HAM_0004258,60+,ham,2,False,2,0.006993885,0.00776292,0.89822197,0.04705571,0.0037210083,0.002788915,0.033455607,0.018477814,,0.018477814,control,1,,44,control_f1_s44_in22k_v5conf,best,19
ISIC_0033722,HAM_0006438,HAM_0006438,40-59,ham,2,False,5,0.0114052305,0.010081614,0.036788225,0.08831249,0.0045539266,0.79016274,0.058695834,0.026040772,,0.026040772,control,1,,44,control_f1_s44_in22k_v5conf,best,19
ISIC_0033735,HAM_0001433,HAM_0001433,unknown,ham,5,False,4,0.0045383153,0.0042198724,0.005595329,0.047351167,0.89088565,0.009036491,0.03837314,0.89964384,,0.89964384,control,1,,44,control_f1_s44_in22k_v5conf,best,19
ISIC_0033737,HAM_0004303,HAM_0004303,60+,ham,5,False,5,0.014840723,0.004505912,0.004406967,0.054748937,0.017586723,0.8610402,0.04287059,0.03693336,,0.03693336,control,1,,44,control_f1_s44_in22k_v5conf,best,19
ISIC_0033761,HAM_0005386,HAM_0005386,40-59,ham,2,False,2,0.015289125,0.008501535,0.63968325,0.075587675,0.05797217,0.11960454,0.08336163,0.081762835,,0.081762835,control,1,,44,control_f1_s44_in22k_v5conf,best,19
ISIC_0033766,HAM_0005115,HAM_0005115,<40,ham,5,False,5,0.009355444,0.008661653,0.012500763,0.09603199,0.06552638,0.73311484,0.07480893,0.08354348,,0.08354348,control,1,,44,control_f1_s44_in22k_v5conf,best,19
ISIC_0033782,HAM_0003935,HAM_0003935,unknown,ham,5,False,5,0.010428471,0.0081956955,0.006916335,0.06943481,0.004757237,0.8488092,0.051458333,0.023381403,,0.023381403,control,1,,44,control_f1_s44_in22k_v5conf,best,19
ISIC_0033783,HAM_0004258,HAM_0004258,60+,ham,2,False,2,0.006203193,0.0062843557,0.9039053,0.04487033,0.0027096374,0.0031139378,0.032913186,0.015197187,,0.015197187,control,1,,44,control_f1_s44_in22k_v5conf,best,19
ISIC_0033791,HAM_0006281,HAM_0006281,60+,ham,2,False,2,0.0033275655,0.005689,0.90263253,0.04498092,0.010680225,0.0021629601,0.030526869,0.01969679,,0.01969679,control,1,,44,control_f1_s44_in22k_v5conf,best,19
ISIC_0033797,HAM_0004205,HAM_0004205,40-59,ham,5,False,5,0.010327707,0.0062466487,0.006156326,0.067425765,0.012813711,0.84485,0.052179717,0.029388066,,0.029388066,control,1,,44,control_f1_s44_in22k_v5conf,best,19
ISIC_0033817,HAM_0001249,HAM_0001249,60+,ham,6,False,6,0.0012583683,0.0009890845,0.00064668246,0.0075006927,0.00036020513,0.0007370383,0.9885079,0.0026076578,,0.0026076578,control,1,,44,control_f1_s44_in22k_v5conf,best,19
ISIC_0033826,HAM_0004206,HAM_0004206,40-59,ham,5,False,5,0.0113106705,0.007891627,0.006458617,0.06576218,0.006793688,0.85238594,0.049397234,0.025995985,,0.025995985,control,1,,44,control_f1_s44_in22k_v5conf,best,19
ISIC_0033827,HAM_0001697,HAM_0001697,<40,ham,5,False,5,0.010458279,0.00697627,0.008254833,0.06463511,0.005691841,0.8548777,0.049105927,0.02312639,,0.02312639,control,1,,44,control_f1_s44_in22k_v5conf,best,19
ISIC_0033836,HAM_0001405,HAM_0001405,40-59,ham,5,False,5,0.011403321,0.007308475,0.007399658,0.069180325,0.010275011,0.84576136,0.048671864,0.028986808,,0.028986808,control,1,,44,control_f1_s44_in22k_v5conf,best,19
ISIC_0033844,HAM_0003480,HAM_0003480,60+,ham,6,False,6,0.0016360313,0.00062872533,0.00060952135,0.008466227,0.0011196153,0.0006871713,0.9868527,0.003384372,,0.003384372,control,1,,44,control_f1_s44_in22k_v5conf,best,19
ISIC_0033846,HAM_0006516,HAM_0006516,<40,ham,5,False,5,0.008350204,0.0075114146,0.008868644,0.063588634,0.059494916,0.8094604,0.042725835,0.075356536,,0.075356536,control,1,,44,control_f1_s44_in22k_v5conf,best,19
ISIC_0033861,HAM_0004599,HAM_0004599,<40,ham,5,False,5,0.0087875575,0.005878629,0.0056223157,0.058201596,0.009681076,0.8665312,0.04529761,0.024347262,,0.024347262,control,1,,44,control_f1_s44_in22k_v5conf,best,19
ISIC_0033866,HAM_0000239,HAM_0000239,60+,ham,0,True,0,0.8595824,0.013616473,0.056281134,0.04261756,0.0027376683,0.002270044,0.022894684,0.87593657,,0.87593657,control,1,,44,control_f1_s44_in22k_v5conf,best,19
ISIC_0033868,HAM_0001837,HAM_0001837,60+,ham,2,False,2,0.0057798126,0.0036726217,0.90777206,0.03825444,0.0020381848,0.004796438,0.03768649,0.011490619,,0.011490619,control,1,,44,control_f1_s44_in22k_v5conf,best,19
ISIC_0033900,HAM_0002040,HAM_0002040,40-59,ham,2,False,2,0.0085368315,0.003849727,0.906443,0.044047605,0.0033592633,0.0024398698,0.031323664,0.015745822,,0.015745822,control,1,,44,control_f1_s44_in22k_v5conf,best,19
ISIC_0033903,HAM_0003367,HAM_0003367,40-59,ham,5,False,5,0.008906697,0.0074978955,0.008874369,0.06457255,0.007998849,0.85651207,0.045637585,0.024403442,,0.024403442,control,1,,44,control_f1_s44_in22k_v5conf,best,19
ISIC_0033908,HAM_0003978,HAM_0003978,60+,ham,2,False,2,0.0051850663,0.005649446,0.91349596,0.03746019,0.0020063482,0.003451585,0.032751366,0.0128408605,,0.0128408605,control,1,,44,control_f1_s44_in22k_v5conf,best,19
ISIC_0033932,HAM_0004303,HAM_0004303,60+,ham,5,False,5,0.011738015,0.005684134,0.0042047817,0.056078378,0.016927479,0.8606508,0.044716474,0.034349628,,0.034349628,control,1,,44,control_f1_s44_in22k_v5conf,best,19
ISIC_0033936,HAM_0000216,HAM_0000216,<40,ham,5,False,4,0.009813391,0.007877269,0.013946783,0.06392911,0.84513664,0.01036011,0.04893677,0.8628273,,0.8628273,control,1,,44,control_f1_s44_in22k_v5conf,best,19
ISIC_0033937,HAM_0006813,HAM_0006813,<40,ham,5,False,5,0.0128269885,0.00729512,0.0058793677,0.06774392,0.018989129,0.8339652,0.053300317,0.039111238,,0.039111238,control,1,,44,control_f1_s44_in22k_v5conf,best,19
ISIC_0033943,HAM_0001839,HAM_0001839,60+,ham,5,False,5,0.006613446,0.007185047,0.013754113,0.060807277,0.0028125162,0.8665251,0.042302426,0.01661101,,0.01661101,control,1,,44,control_f1_s44_in22k_v5conf,best,19
ISIC_0033969,HAM_0000940,HAM_0000940,<40,ham,6,False,6,0.002642935,0.0017864464,0.0009603667,0.011410121,0.003829984,0.00038208126,0.97898805,0.008259365,,0.008259365,control,1,,44,control_f1_s44_in22k_v5conf,best,19
ISIC_0033973,HAM_0005386,HAM_0005386,40-59,ham,2,False,5,0.013029724,0.0064765043,0.030054115,0.07998132,0.011715212,0.79271317,0.06602998,0.031221442,,0.031221442,control,1,,44,control_f1_s44_in22k_v5conf,best,19
ISIC_0033976,HAM_0003181,HAM_0003181,<40,ham,5,False,5,0.013270881,0.00715171,0.007095987,0.07055459,0.020889403,0.83016014,0.050877217,0.041311994,,0.041311994,control,1,,44,control_f1_s44_in22k_v5conf,best,19
ISIC_0033979,HAM_0004848,HAM_0004848,60+,ham,1,True,1,0.012467424,0.8617841,0.0062881303,0.060849495,0.0052802246,0.0061628083,0.047167815,0.87953174,,0.87953174,control,1,,44,control_f1_s44_in22k_v5conf,best,19
ISIC_0033980,HAM_0003602,HAM_0003602,<40,ham,4,True,4,0.014586261,0.010885478,0.006453876,0.088896655,0.47839716,0.33399132,0.066789284,0.5038689,,0.5038689,control,1,,44,control_f1_s44_in22k_v5conf,best,19
ISIC_0033986,HAM_0003602,HAM_0003602,<40,ham,4,True,4,0.0053905086,0.007229995,0.0059030666,0.048134487,0.8844397,0.010561589,0.038340654,0.8970602,,0.8970602,control,1,,44,control_f1_s44_in22k_v5conf,best,19
ISIC_0033987,HAM_0006148,HAM_0006148,60+,ham,2,False,2,0.0065345904,0.00466889,0.9163151,0.039951093,0.0026159456,0.0019296767,0.027984727,0.013819426,,0.013819426,control,1,,44,control_f1_s44_in22k_v5conf,best,19
ISIC_0033991,HAM_0006852,HAM_0006852,40-59,ham,6,False,6,0.0013169383,0.0022870842,0.0009249539,0.0061267368,0.0002470542,0.00046512464,0.98863214,0.0038510768,,0.0038510768,control,1,,44,control_f1_s44_in22k_v5conf,best,19
ISIC_0033995,HAM_0005673,HAM_0005673,60+,ham,4,True,4,0.0054980647,0.0046363804,0.0049770162,0.04926787,0.89361244,0.0031436128,0.03886469,0.9037469,,0.9037469,control,1,,44,control_f1_s44_in22k_v5conf,best,19
ISIC_0033997,HAM_0006353,HAM_0006353,40-59,ham,5,False,5,0.009921278,0.006002016,0.0056271884,0.06257219,0.009851799,0.85988694,0.04613855,0.025775094,,0.025775094,control,1,,44,control_f1_s44_in22k_v5conf,best,19
ISIC_0034006,HAM_0000709,HAM_0000709,40-59,ham,4,True,4,0.010922447,0.023209102,0.009768802,0.056557227,0.8534057,0.0032881957,0.042848438,0.88753724,,0.88753724,control,1,,44,control_f1_s44_in22k_v5conf,best,19
ISIC_0034008,HAM_0006610,HAM_0006610,40-59,ham,5,False,5,0.01253001,0.0095830085,0.0061071925,0.06963508,0.00910555,0.84160393,0.05143521,0.031218568,,0.031218568,control,1,,44,control_f1_s44_in22k_v5conf,best,19
ISIC_0034010,HAM_0001720,HAM_0001720,40-59,ham,5,False,5,0.010382992,0.0102122845,0.0056711924,0.08474498,0.21409006,0.62428534,0.050613195,0.23468535,,0.23468535,control,1,,44,control_f1_s44_in22k_v5conf,best,19
ISIC_0034017,HAM_0000067,HAM_0000067,40-59,ham,5,False,5,0.1907898,0.013102271,0.0039471607,0.10992757,0.006219639,0.6175394,0.058474213,0.21011172,,0.21011172,control,1,,44,control_f1_s44_in22k_v5conf,best,19
ISIC_0034024,HAM_0002008,HAM_0002008,60+,ham,2,False,2,0.0070987046,0.0048100515,0.90597564,0.041625284,0.0036804404,0.003093134,0.03371677,0.015589197,,0.015589197,control,1,,44,control_f1_s44_in22k_v5conf,best,19
ISIC_0034030,HAM_0003181,HAM_0003181,<40,ham,5,False,5,0.010394679,0.0063683107,0.0070513166,0.061439473,0.011891689,0.85632336,0.046531215,0.02865468,,0.02865468,control,1,,44,control_f1_s44_in22k_v5conf,best,19
ISIC_0034054,HAM_0000675,HAM_0000675,<40,ham,5,False,4,0.005018214,0.004217765,0.005988835,0.048293255,0.8874235,0.008849945,0.04020842,0.8966595,,0.8966595,control,1,,44,control_f1_s44_in22k_v5conf,best,19
ISIC_0034063,HAM_0002596,HAM_0002596,<40,ham,5,False,5,0.011845802,0.009021226,0.006494899,0.06637022,0.009834395,0.84625804,0.050175395,0.030701421,,0.030701421,control,1,,44,control_f1_s44_in22k_v5conf,best,19
ISIC_0034069,HAM_0003441,HAM_0003441,40-59,ham,5,False,5,0.010337997,0.009524063,0.011046874,0.08677646,0.29520732,0.52777964,0.05932764,0.31506938,,0.31506938,control,1,,44,control_f1_s44_in22k_v5conf,best,19
ISIC_0034071,HAM_0006435,HAM_0006435,40-59,ham,4,True,4,0.0057711448,0.0033382196,0.009229651,0.056740157,0.86411047,0.014036716,0.04677368,0.87321985,,0.87321985,control,1,,44,control_f1_s44_in22k_v5conf,best,19
ISIC_0034083,HAM_0000304,HAM_0000304,40-59,ham,5,False,5,0.008881279,0.007292031,0.0042271814,0.061083235,0.014634874,0.8573074,0.04657406,0.030808184,,0.030808184,control,1,,44,control_f1_s44_in22k_v5conf,best,19
ISIC_0034088,HAM_0006666,HAM_0006666,<40,ham,5,False,5,0.013843798,0.020875689,0.0065345215,0.079100415,0.008796289,0.81718844,0.053660862,0.043515775,,0.043515775,control,1,,44,control_f1_s44_in22k_v5conf,best,19
ISIC_0034114,HAM_0004212,HAM_0004212,40-59,ham,5,False,5,0.010604011,0.008305073,0.008598305,0.06825651,0.007020916,0.8434557,0.053759452,0.025929999,,0.025929999,control,1,,44,control_f1_s44_in22k_v5conf,best,19
ISIC_0034121,HAM_0000216,HAM_0000216,<40,ham,5,False,5,0.013739613,0.008855766,0.009848105,0.08232712,0.39371482,0.43716103,0.054353517,0.4163102,,0.4163102,control,1,,44,control_f1_s44_in22k_v5conf,best,19
ISIC_0034124,HAM_0004599,HAM_0004599,<40,ham,5,False,5,0.009003983,0.004388444,0.0061175805,0.048490245,0.007416971,0.8891496,0.03543327,0.020809397,,0.020809397,control,1,,44,control_f1_s44_in22k_v5conf,best,19
ISIC_0034153,HAM_0000067,HAM_0000067,40-59,ham,5,False,5,0.014575487,0.020519307,0.0045155506,0.062828,0.0034976362,0.84048176,0.05358236,0.03859243,,0.03859243,control,1,,44,control_f1_s44_in22k_v5conf,best,19
ISIC_0034156,HAM_0001097,HAM_0001097,40-59,ham,5,False,5,0.011210727,0.005966858,0.009800178,0.06371838,0.006776596,0.8570139,0.045513384,0.023954181,,0.023954181,control,1,,44,control_f1_s44_in22k_v5conf,best,19
ISIC_0034169,HAM_0001785,HAM_0001785,40-59,ham,3,False,4,0.0070351064,0.22026114,0.007699799,0.12020813,0.5208616,0.066857636,0.05707655,0.74815786,,0.74815786,control,1,,44,control_f1_s44_in22k_v5conf,best,19
ISIC_0034173,HAM_0005021,HAM_0005021,60+,ham,4,True,4,0.004917025,0.006175653,0.009356296,0.043861058,0.89254785,0.004651212,0.038490977,0.9036405,,0.9036405,control,1,,44,control_f1_s44_in22k_v5conf,best,19
ISIC_0034177,HAM_0006239,HAM_0006239,60+,ham,5,False,5,0.013027648,0.0074887434,0.007973124,0.068283826,0.0059843077,0.8451147,0.052127637,0.0265007,,0.0265007,control,1,,44,control_f1_s44_in22k_v5conf,best,19
ISIC_0034183,HAM_0003073,HAM_0003073,40-59,ham,4,True,4,0.0037243802,0.004604685,0.008251503,0.06592643,0.8526541,0.013480137,0.051358815,0.8609832,,0.8609832,control,1,,44,control_f1_s44_in22k_v5conf,best,19
ISIC_0034188,HAM_0003506,HAM_0003506,60+,ham,4,True,5,0.012582295,0.017518368,0.006157692,0.070350714,0.0074985283,0.84337175,0.042520702,0.03759919,,0.03759919,control,1,,44,control_f1_s44_in22k_v5conf,best,19
ISIC_0034190,HAM_0003325,HAM_0003325,<40,ham,5,False,5,0.0041435184,0.040296875,0.005833481,0.070137024,0.17800641,0.6238158,0.07776697,0.2224468,,0.2224468,control,1,,44,control_f1_s44_in22k_v5conf,best,19
ISIC_0034218,HAM_0002671,HAM_0002671,60+,ham,4,True,4,0.012978504,0.0035219933,0.016342746,0.059698705,0.86121994,0.0025046023,0.04373348,0.8777204,,0.8777204,control,1,,44,control_f1_s44_in22k_v5conf,best,19
ISIC_0034219,HAM_0004165,HAM_0004165,60+,ham,5,False,5,0.015878294,0.0058758534,0.045700766,0.08397207,0.007892006,0.78136873,0.059312303,0.029646154,,0.029646154,control,1,,44,control_f1_s44_in22k_v5conf,best,19
ISIC_0034226,HAM_0001905,HAM_0001905,40-59,ham,5,False,5,0.014040985,0.010279749,0.008963045,0.076577775,0.0074044014,0.8277888,0.05494531,0.031725135,,0.031725135,control,1,,44,control_f1_s44_in22k_v5conf,best,19
ISIC_0034227,HAM_0003505,HAM_0003505,40-59,ham,5,False,5,0.012440088,0.008333881,0.009037715,0.0681233,0.006184716,0.84474766,0.051132623,0.026958685,,0.026958685,control,1,,44,control_f1_s44_in22k_v5conf,best,19
ISIC_0034228,HAM_0004213,HAM_0004213,40-59,ham,5,False,5,0.009982393,0.0061500827,0.00884221,0.069375314,0.006777587,0.84810376,0.05076864,0.022910062,,0.022910062,control,1,,44,control_f1_s44_in22k_v5conf,best,19
ISIC_0034232,HAM_0000216,HAM_0000216,<40,ham,5,False,5,0.00875417,0.008304529,0.010625433,0.06338863,0.036192335,0.82621795,0.046517007,0.053251036,,0.053251036,control,1,,44,control_f1_s44_in22k_v5conf,best,19
ISIC_0034250,HAM_0004352,HAM_0004352,40-59,ham,5,False,5,0.013506512,0.006473231,0.006075068,0.06860388,0.005752118,0.8511662,0.048423026,0.025731862,,0.025731862,control,1,,44,control_f1_s44_in22k_v5conf,best,19
ISIC_0034263,HAM_0002671,HAM_0002671,60+,ham,4,True,4,0.0127588175,0.0038429378,0.009598552,0.056552745,0.8768296,0.0019292256,0.038488135,0.89343137,,0.89343137,control,1,,44,control_f1_s44_in22k_v5conf,best,19
ISIC_0034268,HAM_0006666,HAM_0006666,<40,ham,5,False,5,0.010122076,0.006981614,0.008163883,0.06464972,0.006360322,0.8578787,0.045843817,0.023464013,,0.023464013,control,1,,44,control_f1_s44_in22k_v5conf,best,19
ISIC_0034289,HAM_0006545,HAM_0006545,40-59,ham,4,True,5,0.009107978,0.0068186535,0.006698538,0.06438611,0.027760427,0.8372415,0.047986887,0.04368706,,0.04368706,control,1,,44,control_f1_s44_in22k_v5conf,best,19
ISIC_0034301,HAM_0001943,HAM_0001943,<40,ham,5,False,5,0.012740359,0.0070460406,0.009280713,0.063265726,0.0076177693,0.852732,0.047317404,0.027404169,,0.027404169,control,1,,44,control_f1_s44_in22k_v5conf,best,19
ISIC_0034302,HAM_0004215,HAM_0004215,40-59,ham,5,False,5,0.010672576,0.008194025,0.0068144617,0.069853656,0.008657908,0.8463905,0.049416937,0.027524509,,0.027524509,control,1,,44,control_f1_s44_in22k_v5conf,best,19
ISIC_0034313,HAM_0003679,HAM_0003679,40-59,ham,4,True,4,0.006359454,0.00490039,0.00360517,0.042215988,0.9042835,0.004429967,0.034205455,0.9155434,,0.9155434,control,1,,44,control_f1_s44_in22k_v5conf,best,19
ISIC_0053466,BCN_0002221,BCN_0002221,40-59,bcn20000,5,False,5,0.014033462,0.008357217,0.007551856,0.07173055,0.005646339,0.84055275,0.052127793,0.028037017,,0.028037017,control,1,,44,control_f1_s44_in22k_v5conf,best,19
ISIC_0053491,BCN_0001747,BCN_0001747,60+,bcn20000,4,True,4,0.17490195,0.02966557,0.004391732,0.07957175,0.64895874,0.0009373571,0.06157294,0.85352623,,0.85352623,control,1,,44,control_f1_s44_in22k_v5conf,best,19
ISIC_0053508,BCN_0005607,BCN_0005607,60+,bcn20000,4,True,4,0.021333916,0.057354998,0.0025811596,0.06500979,0.80663747,0.0012493964,0.045833226,0.8853264,,0.8853264,control,1,,44,control_f1_s44_in22k_v5conf,best,19
ISIC_0053522,BCN_0004638,BCN_0004638,60+,bcn20000,2,False,2,0.0007618152,0.004222149,0.94602287,0.032757197,0.0011148073,0.0026806917,0.012440526,0.0060987715,,0.0060987715,control,1,,44,control_f1_s44_in22k_v5conf,best,19
ISIC_0053556,BCN_0004165,BCN_0004165,60+,bcn20000,5,False,5,0.015550185,0.006837082,0.12615107,0.10450565,0.011657802,0.66676253,0.06853569,0.03404507,,0.03404507,control,1,,44,control_f1_s44_in22k_v5conf,best,19
ISIC_0053588,BCN_0002007,BCN_0002007,<40,bcn20000,5,False,5,0.025774669,0.010468878,0.014358147,0.09681018,0.21006297,0.58490705,0.05761822,0.24630651,,0.24630651,control,1,,44,control_f1_s44_in22k_v5conf,best,19
ISIC_0053609,BCN_0003520,BCN_0003520,60+,bcn20000,5,False,5,0.012872707,0.008246998,0.007558245,0.072503135,0.0068827732,0.83152765,0.060408533,0.02800248,,0.02800248,control,1,,44,control_f1_s44_in22k_v5conf,best,19
ISIC_0053648,BCN_0004938,BCN_0004938,40-59,bcn20000,1,True,1,0.021817772,0.86015636,0.03088842,0.046154782,0.0016758253,0.0016419659,0.03766483,0.88364995,,0.88364995,control,1,,44,control_f1_s44_in22k_v5conf,best,19
ISIC_0053677,BCN_0002933,BCN_0002933,<40,bcn20000,5,False,4,0.008307747,0.005499604,0.0064288517,0.050048452,0.8907975,0.0032824513,0.03563533,0.90460485,,0.90460485,control,1,,44,control_f1_s44_in22k_v5conf,best,19
ISIC_0053712,BCN_0005104,BCN_0005104,60+,bcn20000,1,True,0,0.6495378,0.010098745,0.0024619463,0.06880501,0.22619243,0.0013123569,0.041591663,0.885829,,0.885829,control,1,,44,control_f1_s44_in22k_v5conf,best,19
ISIC_0053713,BCN_0004532,BCN_0004532,40-59,bcn20000,5,False,5,0.022142123,0.0059216996,0.005170303,0.07170195,0.008462675,0.8333814,0.05321982,0.036526497,,0.036526497,control,1,,44,control_f1_s44_in22k_v5conf,best,19
ISIC_0053732,BCN_0004472,BCN_0004472,<40,bcn20000,5,False,4,0.008133775,0.00556882,0.005307897,0.06597941,0.7893836,0.07984605,0.045780428,0.80308616,,0.80308616,control,1,,44,control_f1_s44_in22k_v5conf,best,19
ISIC_0053736,BCN_0004556,BCN_0004556,60+,bcn20000,0,True,0,0.8577251,0.02423048,0.0018681778,0.051451504,0.018172994,0.0017770544,0.044774737,0.90012854,,0.90012854,control,1,,44,control_f1_s44_in22k_v5conf,best,19
ISIC_0053761,BCN_0000728,BCN_0000728,60+,bcn20000,4,True,4,0.04821207,0.019744847,0.004723033,0.08027801,0.77805483,0.0010149039,0.06797231,0.84601176,,0.84601176,control,1,,44,control_f1_s44_in22k_v5conf,best,19
ISIC_0053762,BCN_0004942,BCN_0004942,60+,bcn20000,1,True,2,0.018567074,0.24154675,0.5529359,0.10871709,0.0069002747,0.013923896,0.057409007,0.26701412,,0.26701412,control,1,,44,control_f1_s44_in22k_v5conf,best,19
ISIC_0053771,BCN_0003565,BCN_0003565,40-59,bcn20000,1,True,5,0.008540867,0.040337954,0.0028866103,0.070138864,0.0017133928,0.84093446,0.035447873,0.05059221,,0.05059221,control,1,,44,control_f1_s44_in22k_v5conf,best,19
ISIC_0053772,BCN_0001264,BCN_0001264,40-59,bcn20000,1,True,1,0.01154187,0.8950773,0.0056155208,0.04577068,0.004845206,0.0031429664,0.03400646,0.91146433,,0.91146433,control,1,,44,control_f1_s44_in22k_v5conf,best,19
ISIC_0053801,BCN_0001087,BCN_0001087,60+,bcn20000,4,True,5,0.0107487645,0.007415961,0.004174108,0.07491959,0.019767193,0.83237755,0.05059683,0.03793192,,0.03793192,control,1,,44,control_f1_s44_in22k_v5conf,best,19
ISIC_0053811,BCN_0000070,BCN_0000070,<40,bcn20000,5,False,4,0.01607696,0.007041384,0.012257481,0.06811339,0.59438854,0.25581047,0.046311755,0.61750686,,0.61750686,control,1,,44,control_f1_s44_in22k_v5conf,best,19
ISIC_0053813,BCN_0003393,BCN_0003393,unknown,bcn20000,1,True,1,0.013865662,0.8925474,0.0027462824,0.051750686,0.004052922,0.0026927583,0.032344267,0.910466,,0.910466,control,1,,44,control_f1_s44_in22k_v5conf,best,19
ISIC_0053861,BCN_0002619,BCN_0002619,40-59,bcn20000,5,False,5,0.022218827,0.03756008,0.01150064,0.084539525,0.0020328118,0.77946305,0.062685035,0.06181172,,0.06181172,control,1,,44,control_f1_s44_in22k_v5conf,best,19
ISIC_0053903,BCN_0003082,BCN_0003082,60+,bcn20000,0,True,0,0.83507216,0.068923056,0.020339353,0.037388165,0.005493587,0.0008295089,0.031954207,0.9094888,,0.9094888,control,1,,44,control_f1_s44_in22k_v5conf,best,19
ISIC_0053918,BCN_0005502,BCN_0005502,40-59,bcn20000,5,False,5,0.009697504,0.010011712,0.009715703,0.056473047,0.016694082,0.8547733,0.04263478,0.0364033,,0.0364033,control,1,,44,control_f1_s44_in22k_v5conf,best,19
ISIC_0053928,BCN_0003169,BCN_0003169,40-59,bcn20000,1,True,1,0.0028786014,0.79234284,0.005550703,0.057994172,0.008431155,0.01147747,0.12132499,0.8036526,,0.8036526,control,1,,44,control_f1_s44_in22k_v5conf,best,19
ISIC_0053932,BCN_0003580,BCN_0003580,40-59,bcn20000,2,False,2,0.118203215,0.011578541,0.606272,0.11142043,0.013963824,0.05386515,0.08469679,0.14374557,,0.14374557,control,1,,44,control_f1_s44_in22k_v5conf,best,19
ISIC_0053940,BCN_0000085,BCN_0000085,40-59,bcn20000,5,False,5,0.012238519,0.0072864257,0.0064126966,0.06582305,0.0033620016,0.8548636,0.050013747,0.022886947,,0.022886947,control,1,,44,control_f1_s44_in22k_v5conf,best,19
ISIC_0053948,BCN_0004122,BCN_0004122,60+,bcn20000,5,False,4,0.006426681,0.0038640357,0.015958136,0.04877943,0.8790061,0.005617173,0.040348474,0.8892968,,0.8892968,control,1,,44,control_f1_s44_in22k_v5conf,best,19
ISIC_0053950,BCN_0000079,BCN_0000079,60+,bcn20000,0,True,1,0.11901449,0.73523396,0.01920098,0.05429432,0.0061975764,0.020368543,0.045690108,0.86044604,,0.86044604,control,1,,44,control_f1_s44_in22k_v5conf,best,19
ISIC_0053960,BCN_0002558,BCN_0002558,40-59,bcn20000,4,True,4,0.014371264,0.005898422,0.006278849,0.055707157,0.87376946,0.0024492315,0.041525643,0.89403915,,0.89403915,control,1,,44,control_f1_s44_in22k_v5conf,best,19
ISIC_0053972,BCN_0000023,BCN_0000023,60+,bcn20000,1,True,0,0.8438089,0.025378667,0.044258974,0.039833125,0.012625385,0.00081661774,0.033278305,0.88181293,,0.88181293,control,1,,44,control_f1_s44_in22k_v5conf,best,19
ISIC_0053980,BCN_0004592,BCN_0004592,60+,bcn20000,4,True,0,0.9337931,0.017407509,0.003275425,0.023862153,0.0010939356,0.0010714569,0.019496417,0.9522946,,0.9522946,control,1,,44,control_f1_s44_in22k_v5conf,best,19
ISIC_0053982,BCN_0000645,BCN_0000645,40-59,bcn20000,5,False,5,0.021829018,0.010172801,0.0024262052,0.08099333,0.06311057,0.7666916,0.05477642,0.09511238,,0.09511238,control,1,,44,control_f1_s44_in22k_v5conf,best,19
ISIC_0053990,BCN_0002676,BCN_0002676,60+,bcn20000,2,False,5,0.029583307,0.010136646,0.02118101,0.111996226,0.006372052,0.76701033,0.05372044,0.046092007,,0.046092007,control,1,,44,control_f1_s44_in22k_v5conf,best,19
ISIC_0054002,BCN_0003829,BCN_0003829,40-59,bcn20000,2,False,5,0.027346704,0.0111315595,0.017294062,0.065374136,0.057730056,0.7722252,0.048898283,0.09620832,,0.09620832,control,1,,44,control_f1_s44_in22k_v5conf,best,19
ISIC_0054022,BCN_0001636,BCN_0001636,<40,bcn20000,5,False,5,0.0093862815,0.0075359233,0.0058630505,0.07077408,0.005856937,0.8536178,0.046965882,0.022779142,,0.022779142,control,1,,44,control_f1_s44_in22k_v5conf,best,19
ISIC_0054024,BCN_0002312,BCN_0002312,60+,bcn20000,4,True,4,0.010143921,0.005142861,0.0059478944,0.053456113,0.88136333,0.0016948435,0.042251185,0.89665014,,0.89665014,control,1,,44,control_f1_s44_in22k_v5conf,best,19
ISIC_0054039,BCN_0004438,BCN_0004438,40-59,bcn20000,5,False,4,0.0068390924,0.0041908664,0.0052279825,0.057835896,0.87547064,0.009223965,0.041211594,0.8865006,,0.8865006,control,1,,44,control_f1_s44_in22k_v5conf,best,19
ISIC_0054043,BCN_0002074,BCN_0002074,60+,bcn20000,4,True,4,0.005593508,0.003909979,0.0051096193,0.047135316,0.8981557,0.002609412,0.03748651,0.9076592,,0.9076592,control,1,,44,control_f1_s44_in22k_v5conf,best,19
ISIC_0054052,BCN_0002611,BCN_0002611,60+,bcn20000,0,True,0,0.6611596,0.17779861,0.02526971,0.07690625,0.0040023103,0.002495698,0.05236784,0.84296054,,0.84296054,control,1,,44,control_f1_s44_in22k_v5conf,best,19
ISIC_0054053,BCN_0005263,BCN_0005263,60+,bcn20000,4,True,4,0.0030465317,0.025619332,0.004733673,0.06570831,0.8255752,0.012005588,0.06331138,0.854241,,0.854241,control,1,,44,control_f1_s44_in22k_v5conf,best,19
ISIC_0054063,BCN_0001264,BCN_0001264,40-59,bcn20000,1,True,1,0.010028128,0.9029994,0.0053890836,0.04332754,0.0038111003,0.0026920016,0.031752672,0.91683865,,0.91683865,control,1,,44,control_f1_s44_in22k_v5conf,best,19
ISIC_0054075,BCN_0000650,BCN_0000650,60+,bcn20000,1,True,1,0.3405452,0.48080602,0.0064710593,0.08325956,0.012923516,0.003598801,0.07239586,0.83427477,,0.83427477,control,1,,44,control_f1_s44_in22k_v5conf,best,19
ISIC_0054090,BCN_0001878,BCN_0001878,40-59,bcn20000,4,True,5,0.011032738,0.006329529,0.00832437,0.06860067,0.005078482,0.8498906,0.05074356,0.022440748,,0.022440748,control,1,,44,control_f1_s44_in22k_v5conf,best,19
ISIC_0054119,BCN_0004423,BCN_0004423,<40,bcn20000,5,False,1,0.15851207,0.72143054,0.006269105,0.06347169,0.0035302746,0.004720872,0.0420655,0.88347286,,0.88347286,control,1,,44,control_f1_s44_in22k_v5conf,best,19
ISIC_0054131,BCN_0002887,BCN_0002887,60+,bcn20000,6,False,6,0.00081523706,0.00041911856,0.0005604063,0.006558193,0.00053390843,0.00014637716,0.9909667,0.001768264,,0.001768264,control,1,,44,control_f1_s44_in22k_v5conf,best,19
ISIC_0054138,BCN_0002675,BCN_0002675,60+,bcn20000,4,True,4,0.013083875,0.0038326713,0.013187958,0.06352729,0.85692847,0.0022888666,0.047150936,0.87384504,,0.87384504,control,1,,44,control_f1_s44_in22k_v5conf,best,19
ISIC_0054157,BCN_0003624,BCN_0003624,60+,bcn20000,5,False,4,0.0058220066,0.023106841,0.0052578943,0.04966864,0.8639372,0.0067635784,0.045443885,0.8928661,,0.8928661,control,1,,44,control_f1_s44_in22k_v5conf,best,19
ISIC_0054165,BCN_0003126,BCN_0003126,60+,bcn20000,2,False,4,0.0071638143,0.013082844,0.12309309,0.10180901,0.6767716,0.0034931477,0.07458649,0.69701827,,0.69701827,control,1,,44,control_f1_s44_in22k_v5conf,best,19
ISIC_0054168,BCN_0004165,BCN_0004165,60+,bcn20000,5,False,2,0.0060774097,0.006246915,0.8527596,0.0592532,0.007272611,0.017589018,0.05080133,0.019596936,,0.019596936,control,1,,44,control_f1_s44_in22k_v5conf,best,19
ISIC_0054169,BCN_0005428,BCN_0005428,60+,bcn20000,1,True,1,0.023897361,0.8423557,0.006556852,0.06785979,0.0048230775,0.0039769276,0.05053032,0.87107617,,0.87107617,control,1,,44,control_f1_s44_in22k_v5conf,best,19
ISIC_0054189,BCN_0004759,BCN_0004759,60+,bcn20000,1,True,2,0.0074528274,0.009993192,0.5849711,0.10261946,0.004996398,0.22074136,0.06922577,0.022442417,,0.022442417,control,1,,44,control_f1_s44_in22k_v5conf,best,19
ISIC_0054190,BCN_0000023,BCN_0000023,60+,bcn20000,1,True,1,0.11545567,0.6813213,0.06820081,0.07265119,0.0073132263,0.0009784653,0.054079264,0.80409026,,0.80409026,control,1,,44,control_f1_s44_in22k_v5conf,best,19
ISIC_0054239,BCN_0001087,BCN_0001087,60+,bcn20000,4,True,4,0.0069249324,0.0051789605,0.0042835176,0.08569131,0.67762554,0.16742551,0.052870158,0.68972945,,0.68972945,control,1,,44,control_f1_s44_in22k_v5conf,best,19
ISIC_0054243,BCN_0003890,BCN_0003890,60+,bcn20000,1,True,1,0.0034596196,0.6992817,0.0011473546,0.060923908,0.0047916514,0.0067299725,0.22366582,0.707533,,0.707533,control,1,,44,control_f1_s44_in22k_v5conf,best,19
ISIC_0054271,BCN_0000740,BCN_0000740,40-59,bcn20000,0,True,0,0.747431,0.023342261,0.09521215,0.08067199,0.007447776,0.0019850065,0.043909866,0.778221,,0.778221,control,1,,44,control_f1_s44_in22k_v5conf,best,19
ISIC_0054272,BCN_0004918,BCN_0004918,40-59,bcn20000,0,True,1,0.012094076,0.87370485,0.0069125295,0.060101528,0.004798743,0.004518187,0.037870158,0.8905977,,0.8905977,control,1,,44,control_f1_s44_in22k_v5conf,best,19
ISIC_0054274,BCN_0000728,BCN_0000728,60+,bcn20000,4,True,4,0.05318104,0.01002193,0.0074265865,0.07751672,0.7847661,0.0017219469,0.06536566,0.84796906,,0.84796906,control,1,,44,control_f1_s44_in22k_v5conf,best,19
ISIC_0054286,BCN_0003080,BCN_0003080,<40,bcn20000,5,False,5,0.008734021,0.004830994,0.015765214,0.06740816,0.008226189,0.84956086,0.04547457,0.021791205,,0.021791205,control,1,,44,control_f1_s44_in22k_v5conf,best,19
ISIC_0054298,BCN_0001116,BCN_0001116,<40,bcn20000,5,False,2,0.008559424,0.005783621,0.48201808,0.1524816,0.0035488014,0.2743138,0.07329465,0.017891847,,0.017891847,control,1,,44,control_f1_s44_in22k_v5conf,best,19
ISIC_0054308,BCN_0005101,BCN_0005101,40-59,bcn20000,5,False,5,0.06192306,0.008065044,0.0051441756,0.09149039,0.02580512,0.7576582,0.04991407,0.09579322,,0.09579322,control,1,,44,control_f1_s44_in22k_v5conf,best,19
ISIC_0054317,BCN_0004288,BCN_0004288,60+,bcn20000,4,True,4,0.004391909,0.1365124,0.019257277,0.15200533,0.5470505,0.07085833,0.069924295,0.6879548,,0.6879548,control,1,,44,control_f1_s44_in22k_v5conf,best,19
ISIC_0054332,BCN_0001426,BCN_0001426,40-59,bcn20000,4,True,4,0.0063276077,0.004819102,0.0058914013,0.049954835,0.8935752,0.002759445,0.03667232,0.9047219,,0.9047219,control,1,,44,control_f1_s44_in22k_v5conf,best,19
ISIC_0054333,BCN_0004556,BCN_0004556,60+,bcn20000,0,True,1,0.005852476,0.9136144,0.0036613625,0.03920092,0.0055268,0.00452036,0.027623793,0.92499363,,0.92499363,control,1,,44,control_f1_s44_in22k_v5conf,best,19
ISIC_0054336,BCN_0000655,BCN_0000655,60+,bcn20000,2,False,2,0.05580779,0.009317418,0.4187032,0.10491691,0.001699563,0.33667794,0.072877236,0.06682477,,0.06682477,control,1,,44,control_f1_s44_in22k_v5conf,best,19
ISIC_0054347,BCN_0000083,BCN_0000083,60+,bcn20000,1,True,1,0.009587226,0.90765154,0.0033630026,0.043946687,0.0031826424,0.002932894,0.029335966,0.9204214,,0.9204214,control,1,,44,control_f1_s44_in22k_v5conf,best,19
ISIC_0054350,BCN_0002789,BCN_0002789,60+,bcn20000,4,True,4,0.011012608,0.0042864108,0.004738824,0.05364161,0.88557214,0.0017340371,0.03901435,0.90087116,,0.90087116,control,1,,44,control_f1_s44_in22k_v5conf,best,19
ISIC_0054387,BCN_0001216,BCN_0001216,<40,bcn20000,5,False,5,0.007821093,0.01198677,0.008104789,0.052885443,0.0043410575,0.86154336,0.053317454,0.024148922,,0.024148922,control,1,,44,control_f1_s44_in22k_v5conf,best,19
ISIC_0054390,BCN_0003156,BCN_0003156,60+,bcn20000,1,True,1,0.012163726,0.87214553,0.0057045994,0.058646586,0.006540193,0.00377042,0.041029003,0.8908494,,0.8908494,control,1,,44,control_f1_s44_in22k_v5conf,best,19
ISIC_0054404,BCN_0001737,BCN_0001737,<40,bcn20000,5,False,4,0.008989015,0.00585814,0.005780131,0.0981426,0.52694637,0.29917794,0.05510576,0.5417935,,0.5417935,control,1,,44,control_f1_s44_in22k_v5conf,best,19
ISIC_0054418,BCN_0005207,BCN_0005207,<40,bcn20000,5,False,5,0.009853596,0.0063092243,0.0054014395,0.06859162,0.008516872,0.8525983,0.04872896,0.024679692,,0.024679692,control,1,,44,control_f1_s44_in22k_v5conf,best,19
ISIC_0054427,BCN_0001516,BCN_0001516,60+,bcn20000,4,True,4,0.007690275,0.0042111576,0.0048488523,0.05454805,0.8917674,0.0023155303,0.034618735,0.9036688,,0.9036688,control,1,,44,control_f1_s44_in22k_v5conf,best,19
ISIC_0054444,BCN_0001204,BCN_0001204,60+,bcn20000,4,True,5,0.01114838,0.008871868,0.01189135,0.075168334,0.0064429855,0.8371942,0.049282905,0.026463233,,0.026463233,control,1,,44,control_f1_s44_in22k_v5conf,best,19
ISIC_0054459,BCN_0001724,BCN_0001724,60+,bcn20000,4,True,4,0.00816239,0.004533542,0.004780727,0.054006144,0.8869424,0.002408343,0.03916652,0.8996383,,0.8996383,control,1,,44,control_f1_s44_in22k_v5conf,best,19
ISIC_0054475,BCN_0001492,BCN_0001492,<40,bcn20000,5,False,5,0.008595127,0.0067661344,0.0069882288,0.07482181,0.007788423,0.84196514,0.05307515,0.023149684,,0.023149684,control,1,,44,control_f1_s44_in22k_v5conf,best,19
ISIC_0054478,BCN_0002808,BCN_0002808,<40,bcn20000,5,False,5,0.010480856,0.0070088403,0.0063173533,0.067154184,0.007272918,0.85393625,0.0478296,0.024762614,,0.024762614,control,1,,44,control_f1_s44_in22k_v5conf,best,19
ISIC_0054502,BCN_0004989,BCN_0004989,40-59,bcn20000,5,False,4,0.003985253,0.009512587,0.005759555,0.052444626,0.79537666,0.06937005,0.06355126,0.8088745,,0.8088745,control,1,,44,control_f1_s44_in22k_v5conf,best,19
ISIC_0054508,BCN_0003267,BCN_0003267,<40,bcn20000,5,False,5,0.011946687,0.008432549,0.00669154,0.068552926,0.0050979625,0.84862834,0.050649937,0.025477199,,0.025477199,control,1,,44,control_f1_s44_in22k_v5conf,best,19
ISIC_0054510,BCN_0000545,BCN_0000545,<40,bcn20000,5,False,4,0.0057266997,0.0041634664,0.008270808,0.06794452,0.8323523,0.035329096,0.04621305,0.8422424,,0.8422424,control,1,,44,control_f1_s44_in22k_v5conf,best,19
ISIC_0054514,BCN_0001595,BCN_0001595,<40,bcn20000,5,False,5,0.011151248,0.006705213,0.008709184,0.06866773,0.0074512027,0.85004044,0.047275003,0.025307663,,0.025307663,control,1,,44,control_f1_s44_in22k_v5conf,best,19
ISIC_0054542,BCN_0001254,BCN_0001254,60+,bcn20000,1,True,1,0.011455022,0.7043317,0.01281694,0.13873303,0.01516614,0.0438996,0.07359762,0.73095286,,0.73095286,control,1,,44,control_f1_s44_in22k_v5conf,best,19
ISIC_0054543,BCN_0002676,BCN_0002676,60+,bcn20000,2,False,5,0.08562782,0.007981489,0.019383702,0.065979846,0.03420407,0.74297535,0.043847818,0.12781337,,0.12781337,control,1,,44,control_f1_s44_in22k_v5conf,best,19
ISIC_0054570,BCN_0004217,BCN_0004217,40-59,bcn20000,4,True,4,0.011909397,0.0058289743,0.003357627,0.057917632,0.87594825,0.0054078377,0.039630145,0.89368665,,0.89368665,control,1,,44,control_f1_s44_in22k_v5conf,best,19
ISIC_0054575,BCN_0004570,BCN_0004570,40-59,bcn20000,1,True,5,0.050301384,0.07140318,0.027017897,0.12973844,0.00097045756,0.65290254,0.06766606,0.122675024,,0.122675024,control,1,,44,control_f1_s44_in22k_v5conf,best,19
ISIC_0054583,BCN_0000740,BCN_0000740,40-59,bcn20000,0,True,2,0.08019567,0.20967828,0.5614128,0.08255079,0.021288658,0.0009324615,0.043941267,0.31116262,,0.31116262,control,1,,44,control_f1_s44_in22k_v5conf,best,19
ISIC_0054596,BCN_0004532,BCN_0004532,40-59,bcn20000,5,False,5,0.01377665,0.007172773,0.004698944,0.06787274,0.0047588293,0.84929127,0.05242876,0.025708253,,0.025708253,control,1,,44,control_f1_s44_in22k_v5conf,best,19
ISIC_0054606,BCN_0000732,BCN_0000732,60+,bcn20000,0,True,0,0.90640336,0.006085425,0.023791034,0.022908261,0.009093814,0.0047741146,0.026944008,0.9215826,,0.9215826,control,1,,44,control_f1_s44_in22k_v5conf,best,19
ISIC_0054629,BCN_0003849,BCN_0003849,60+,bcn20000,4,True,3,0.1002842,0.015777104,0.009708565,0.3881445,0.3180598,0.0696843,0.09834159,0.4341211,,0.4341211,control,1,,44,control_f1_s44_in22k_v5conf,best,19
ISIC_0054653,BCN_0000018,BCN_0000018,60+,bcn20000,1,True,1,0.005925879,0.86992794,0.012420672,0.06036641,0.004852073,0.0077100117,0.03879694,0.8807059,,0.8807059,control,1,,44,control_f1_s44_in22k_v5conf,best,19
ISIC_0054665,BCN_0004759,BCN_0004759,60+,bcn20000,1,True,5,0.010836031,0.0074026296,0.009096324,0.066242315,0.0034586967,0.85689783,0.04606621,0.021697357,,0.021697357,control,1,,44,control_f1_s44_in22k_v5conf,best,19
ISIC_0054677,BCN_0005069,BCN_0005069,40-59,bcn20000,4,True,4,0.0065055517,0.0055536195,0.0063316636,0.057352714,0.8700818,0.008888161,0.045286495,0.88214093,,0.88214093,control,1,,44,control_f1_s44_in22k_v5conf,best,19
ISIC_0054689,BCN_0004040,BCN_0004040,60+,bcn20000,0,True,0,0.9103383,0.0033672752,0.0015072519,0.033535343,0.023641877,0.0016870723,0.025922947,0.9373475,,0.9373475,control,1,,44,control_f1_s44_in22k_v5conf,best,19
ISIC_0054711,BCN_0002007,BCN_0002007,<40,bcn20000,5,False,5,0.011136039,0.008959835,0.0074801,0.069824964,0.0063234647,0.84955424,0.046721313,0.026419338,,0.026419338,control,1,,44,control_f1_s44_in22k_v5conf,best,19
ISIC_0054717,BCN_0003824,BCN_0003824,60+,bcn20000,1,True,1,0.019435372,0.86784655,0.009269653,0.058048017,0.0033976736,0.001994595,0.04000814,0.8906796,,0.8906796,control,1,,44,control_f1_s44_in22k_v5conf,best,19
ISIC_0054723,BCN_0001559,BCN_0001559,60+,bcn20000,1,True,1,0.009401008,0.8488297,0.020040432,0.07102533,0.0012857787,0.0060285567,0.043389115,0.8595165,,0.8595165,control,1,,44,control_f1_s44_in22k_v5conf,best,19
ISIC_0054727,BCN_0005325,BCN_0005325,40-59,bcn20000,5,False,5,0.00993229,0.008941286,0.0071284105,0.071721144,0.006520958,0.8385207,0.057235215,0.025394535,,0.025394535,control,1,,44,control_f1_s44_in22k_v5conf,best,19
ISIC_0054745,BCN_0002255,BCN_0002255,60+,bcn20000,1,True,2,0.01295402,0.07261922,0.6979801,0.13312045,0.013266135,0.008398104,0.061661992,0.09883937,,0.09883937,control,1,,44,control_f1_s44_in22k_v5conf,best,19
ISIC_0054758,BCN_0000320,BCN_0000320,40-59,bcn20000,5,False,1,0.008580971,0.87871563,0.007262316,0.060795117,0.003080807,0.004555413,0.037009716,0.8903774,,0.8903774,control,1,,44,control_f1_s44_in22k_v5conf,best,19
ISIC_0054780,BCN_0004982,BCN_0004982,<40,bcn20000,2,False,5,0.027579278,0.0073706363,0.0038332322,0.09414119,0.23716258,0.5700662,0.059846822,0.2721125,,0.2721125,control,1,,44,control_f1_s44_in22k_v5conf,best,19
ISIC_0054787,BCN_0000680,BCN_0000680,40-59,bcn20000,4,True,5,0.023712711,0.007130364,0.008614393,0.06426545,0.027287208,0.8256114,0.043378495,0.058130283,,0.058130283,control,1,,44,control_f1_s44_in22k_v5conf,best,19
ISIC_0054792,BCN_0003820,BCN_0003820,60+,bcn20000,5,False,5,0.009768749,0.0071694837,0.004886828,0.05737614,0.004113877,0.8724874,0.04419747,0.02105211,,0.02105211,control,1,,44,control_f1_s44_in22k_v5conf,best,19
ISIC_0054804,BCN_0001363,BCN_0001363,40-59,bcn20000,2,False,0,0.87715346,0.0027355968,0.0040429863,0.048803613,0.023068853,0.0023301332,0.04186534,0.9029579,,0.9029579,control,1,,44,control_f1_s44_in22k_v5conf,best,19
ISIC_0054836,BCN_0005554,BCN_0005554,60+,bcn20000,1,True,4,0.027082441,0.05924248,0.004401501,0.054867417,0.82970744,0.0005408221,0.024157783,0.9160324,,0.9160324,control,1,,44,control_f1_s44_in22k_v5conf,best,19
ISIC_0054850,BCN_0004128,BCN_0004128,40-59,bcn20000,5,False,5,0.010481869,0.006937838,0.004830347,0.06773662,0.014518636,0.848282,0.047212686,0.031938344,,0.031938344,control,1,,44,control_f1_s44_in22k_v5conf,best,19
ISIC_0054870,BCN_0004305,BCN_0004305,60+,bcn20000,4,True,4,0.009061151,0.0060403384,0.0072483127,0.05492416,0.878309,0.0031428232,0.041274246,0.8934105,,0.8934105,control,1,,44,control_f1_s44_in22k_v5conf,best,19
ISIC_0054899,BCN_0000001,BCN_0000001,60+,bcn20000,0,True,5,0.3071382,0.0148522295,0.031904344,0.07395312,0.009826655,0.54015064,0.022174818,0.3318171,,0.3318171,control,1,,44,control_f1_s44_in22k_v5conf,best,19
ISIC_0054908,BCN_0003914,BCN_0003914,60+,bcn20000,0,True,0,0.5182852,0.021718271,0.24304053,0.13392678,0.010053278,0.0050894576,0.067886524,0.55005676,,0.55005676,control,1,,44,control_f1_s44_in22k_v5conf,best,19
ISIC_0054911,BCN_0002557,BCN_0002557,60+,bcn20000,2,False,0,0.88380855,0.006820759,0.007812766,0.040625952,0.02439382,0.0022334547,0.03430474,0.9150231,,0.9150231,control,1,,44,control_f1_s44_in22k_v5conf,best,19
ISIC_0054948,BCN_0001636,BCN_0001636,<40,bcn20000,5,False,5,0.0047201407,0.004926643,0.01120045,0.07122904,0.005795699,0.8651786,0.036949433,0.015442483,,0.015442483,control,1,,44,control_f1_s44_in22k_v5conf,best,19
ISIC_0054957,BCN_0005609,BCN_0005609,60+,bcn20000,1,True,4,0.011993449,0.038888693,0.0045628287,0.07209738,0.81485206,0.001308471,0.056297116,0.8657342,,0.8657342,control,1,,44,control_f1_s44_in22k_v5conf,best,19
ISIC_0054962,BCN_0000496,BCN_0000496,<40,bcn20000,5,False,5,0.01014051,0.008630335,0.005551104,0.076306306,0.016342275,0.83005047,0.052979074,0.03511312,,0.03511312,control,1,,44,control_f1_s44_in22k_v5conf,best,19
ISIC_0054978,BCN_0002549,BCN_0002549,40-59,bcn20000,3,False,3,0.20638764,0.04914809,0.018353727,0.6517109,0.03313491,0.00045398434,0.040810693,0.28867063,,0.28867063,control,1,,44,control_f1_s44_in22k_v5conf,best,19
ISIC_0055014,BCN_0000315,BCN_0000315,60+,bcn20000,1,True,1,0.038224615,0.82688946,0.0062340377,0.06595644,0.004644086,0.0021200683,0.055931274,0.8697582,,0.8697582,control,1,,44,control_f1_s44_in22k_v5conf,best,19
ISIC_0055034,BCN_0005039,BCN_0005039,60+,bcn20000,5,False,5,0.011355432,0.0051130615,0.011318153,0.07918796,0.007585995,0.83080405,0.05463538,0.024054488,,0.024054488,control,1,,44,control_f1_s44_in22k_v5conf,best,19
ISIC_0055038,BCN_0005554,BCN_0005554,60+,bcn20000,1,True,1,0.004074394,0.89605165,0.003586157,0.058415946,0.016778508,0.00081843627,0.020274892,0.91690457,,0.91690457,control,1,,44,control_f1_s44_in22k_v5conf,best,19
ISIC_0055039,BCN_0004592,BCN_0004592,60+,bcn20000,4,True,4,0.014124154,0.0036829636,0.0060494677,0.050377835,0.88289064,0.0018331965,0.0410417,0.90069777,,0.90069777,control,1,,44,control_f1_s44_in22k_v5conf,best,19
ISIC_0055065,BCN_0005269,BCN_0005269,60+,bcn20000,1,True,1,0.0056844624,0.89633775,0.0060655577,0.04944476,0.006436731,0.0016550074,0.034375712,0.9084589,,0.9084589,control,1,,44,control_f1_s44_in22k_v5conf,best,19
ISIC_0055075,BCN_0002826,BCN_0002826,60+,bcn20000,1,True,1,0.08031391,0.8006217,0.004268956,0.060944602,0.0029074322,0.0017229988,0.049220435,0.88384306,,0.88384306,control,1,,44,control_f1_s44_in22k_v5conf,best,19
ISIC_0055083,BCN_0005391,BCN_0005391,40-59,bcn20000,5,False,5,0.0119738225,0.0070121093,0.006433127,0.06215699,0.0029039143,0.8634272,0.046092823,0.021889845,,0.021889845,control,1,,44,control_f1_s44_in22k_v5conf,best,19
ISIC_0055098,BCN_0003929,BCN_0003929,40-59,bcn20000,1,True,1,0.010382815,0.85898125,0.007171155,0.06759994,0.0048670974,0.0051349225,0.045862865,0.87423116,,0.87423116,control,1,,44,control_f1_s44_in22k_v5conf,best,19
ISIC_0055119,BCN_0003903,BCN_0003903,40-59,bcn20000,1,True,1,0.013814966,0.86425805,0.009809235,0.06011465,0.0041263723,0.0044132844,0.043463446,0.8821994,,0.8821994,control,1,,44,control_f1_s44_in22k_v5conf,best,19
ISIC_0055132,BCN_0003737,BCN_0003737,<40,bcn20000,5,False,5,0.014001058,0.0059415926,0.014090559,0.07811628,0.008106484,0.82400584,0.0557382,0.028049134,,0.028049134,control,1,,44,control_f1_s44_in22k_v5conf,best,19
ISIC_0055148,BCN_0005502,BCN_0005502,40-59,bcn20000,5,False,5,0.012102803,0.009445028,0.006284291,0.070385374,0.00452511,0.8441966,0.05306075,0.026072942,,0.026072942,control,1,,44,control_f1_s44_in22k_v5conf,best,19
ISIC_0055215,BCN_0002588,BCN_0002588,40-59,bcn20000,2,False,2,0.04444929,0.05974309,0.7415214,0.07418209,0.00679124,0.004558445,0.06875437,0.11098362,,0.11098362,control,1,,44,control_f1_s44_in22k_v5conf,best,19
ISIC_0055218,BCN_0002611,BCN_0002611,60+,bcn20000,0,True,0,0.61438084,0.22767578,0.014466825,0.080031045,0.004185039,0.0035044025,0.055756025,0.84624165,,0.84624165,control,1,,44,control_f1_s44_in22k_v5conf,best,19
ISIC_0055236,BCN_0005607,BCN_0005607,60+,bcn20000,4,True,1,0.008654212,0.8797155,0.0055175936,0.05883019,0.00758862,0.0034259993,0.036267813,0.89595836,,0.89595836,control,1,,44,control_f1_s44_in22k_v5conf,best,19
ISIC_0055261,BCN_0003341,BCN_0003341,40-59,bcn20000,2,False,5,0.15484598,0.011220319,0.19012272,0.08564011,0.0060393177,0.48068455,0.071446985,0.17210563,,0.17210563,control,1,,44,control_f1_s44_in22k_v5conf,best,19
ISIC_0055277,BCN_0004972,BCN_0004972,40-59,bcn20000,5,False,5,0.0068276827,0.0059838924,0.01359304,0.06740702,0.0047734627,0.8442022,0.057212766,0.017585037,,0.017585037,control,1,,44,control_f1_s44_in22k_v5conf,best,19
ISIC_0055282,BCN_0000086,BCN_0000086,<40,bcn20000,4,True,5,0.009956276,0.008125747,0.0059117777,0.067639485,0.015063479,0.84834033,0.04496291,0.033145502,,0.033145502,control,1,,44,control_f1_s44_in22k_v5conf,best,19
ISIC_0055291,BCN_0005554,BCN_0005554,60+,bcn20000,1,True,1,0.021004431,0.70817864,0.005714153,0.08437166,0.13927269,0.002758455,0.038699944,0.86845577,,0.86845577,control,1,,44,control_f1_s44_in22k_v5conf,best,19
ISIC_0055292,BCN_0003692,BCN_0003692,40-59,bcn20000,2,False,2,0.011511083,0.009163954,0.8232927,0.07609543,0.003179887,0.012454648,0.064302266,0.023854924,,0.023854924,control,1,,44,control_f1_s44_in22k_v5conf,best,19
ISIC_0055301,BCN_0004158,BCN_0004158,<40,bcn20000,5,False,5,0.014068734,0.008129032,0.007064977,0.07104822,0.0064130663,0.8452478,0.048028134,0.028610833,,0.028610833,control,1,,44,control_f1_s44_in22k_v5conf,best,19
ISIC_0055312,BCN_0002155,BCN_0002155,60+,bcn20000,0,True,0,0.9024823,0.0047633094,0.007610708,0.040266387,0.0031720873,0.0019096232,0.03979554,0.9104177,,0.9104177,control,1,,44,control_f1_s44_in22k_v5conf,best,19
ISIC_0055326,BCN_0004079,BCN_0004079,40-59,bcn20000,5,False,5,0.0032705767,0.021625647,0.006461066,0.05711978,0.02067007,0.8380753,0.052777626,0.04556629,,0.04556629,control,1,,44,control_f1_s44_in22k_v5conf,best,19
ISIC_0055348,BCN_0005291,BCN_0005291,60+,bcn20000,2,False,1,0.021827614,0.78528816,0.0029250707,0.052753106,0.09336717,0.001137095,0.04270187,0.90048295,,0.90048295,control,1,,44,control_f1_s44_in22k_v5conf,best,19
ISIC_0055352,BCN_0002887,BCN_0002887,60+,bcn20000,6,False,6,0.0018333119,0.00037307933,0.0010231342,0.010608442,0.00058358535,0.00017632384,0.9854021,0.0027899765,,0.0027899765,control,1,,44,control_f1_s44_in22k_v5conf,best,19
ISIC_0055367,BCN_0002789,BCN_0002789,60+,bcn20000,4,True,4,0.009152077,0.0039933794,0.0059781424,0.05226709,0.88708526,0.0018424102,0.039681792,0.9002307,,0.9002307,control,1,,44,control_f1_s44_in22k_v5conf,best,19
ISIC_0055369,BCN_0005653,BCN_0005653,40-59,bcn20000,5,False,5,0.01412354,0.011657384,0.0047307033,0.06865411,0.0032396836,0.8457562,0.051838435,0.029020607,,0.029020607,control,1,,44,control_f1_s44_in22k_v5conf,best,19
ISIC_0055374,BCN_0003585,BCN_0003585,60+,bcn20000,0,True,4,0.110131785,0.0048122345,0.027777111,0.09949322,0.6756775,0.0036741516,0.07843409,0.7906215,,0.7906215,control,1,,44,control_f1_s44_in22k_v5conf,best,19
ISIC_0055376,BCN_0004305,BCN_0004305,60+,bcn20000,4,True,4,0.008536369,0.004226107,0.006421398,0.05377861,0.88892365,0.0016245476,0.036489356,0.90168613,,0.90168613,control,1,,44,control_f1_s44_in22k_v5conf,best,19
ISIC_0055397,BCN_0001556,BCN_0001556,60+,bcn20000,1,True,1,0.1250598,0.73064584,0.0068781255,0.072217576,0.00837668,0.0028604264,0.05396149,0.8640823,,0.8640823,control,1,,44,control_f1_s44_in22k_v5conf,best,19
ISIC_0055406,BCN_0003354,BCN_0003354,60+,bcn20000,5,False,5,0.008346546,0.006609312,0.005935551,0.063849956,0.006194998,0.8594975,0.049566127,0.021150855,,0.021150855,control,1,,44,control_f1_s44_in22k_v5conf,best,19
ISIC_0055407,BCN_0001036,BCN_0001036,60+,bcn20000,5,False,4,0.032047678,0.025155606,0.046190403,0.12661642,0.70027286,0.04159023,0.028126763,0.75747615,,0.75747615,control,1,,44,control_f1_s44_in22k_v5conf,best,19
ISIC_0055420,BCN_0004991,BCN_0004991,40-59,bcn20000,5,False,5,0.016956324,0.006791169,0.008511672,0.06630939,0.012355795,0.8453581,0.0437175,0.036103286,,0.036103286,control,1,,44,control_f1_s44_in22k_v5conf,best,19
ISIC_0055434,BCN_0003443,BCN_0003443,60+,bcn20000,2,False,4,0.11163512,0.01046381,0.006947674,0.14232616,0.5202193,0.10088545,0.107522435,0.64231825,,0.64231825,control,1,,44,control_f1_s44_in22k_v5conf,best,19
ISIC_0055441,BCN_0003817,BCN_0003817,60+,bcn20000,1,True,1,0.013117328,0.8744844,0.005482763,0.05779303,0.0055183023,0.00432948,0.039274707,0.89312005,,0.89312005,control,1,,44,control_f1_s44_in22k_v5conf,best,19
ISIC_0055443,BCN_0002857,BCN_0002857,<40,bcn20000,5,False,5,0.010359153,0.007172258,0.009037405,0.06836703,0.009584663,0.8456556,0.04982386,0.027116075,,0.027116075,control,1,,44,control_f1_s44_in22k_v5conf,best,19
ISIC_0055451,BCN_0000043,BCN_0000043,<40,bcn20000,4,True,4,0.0046437737,0.0044064736,0.0035321107,0.050387017,0.8840457,0.014633115,0.03835189,0.89309597,,0.89309597,control,1,,44,control_f1_s44_in22k_v5conf,best,19
ISIC_0055462,BCN_0002675,BCN_0002675,60+,bcn20000,4,True,4,0.0070585306,0.0058706813,0.012022221,0.049314637,0.8791289,0.0017430413,0.04486202,0.8920581,,0.8920581,control,1,,44,control_f1_s44_in22k_v5conf,best,19
ISIC_0055469,BCN_0005117,BCN_0005117,60+,bcn20000,0,True,0,0.61432624,0.0061726132,0.1586085,0.076537624,0.09056982,0.0028389322,0.050946284,0.71106863,,0.71106863,control,1,,44,control_f1_s44_in22k_v5conf,best,19
ISIC_0055486,BCN_0001928,BCN_0001928,40-59,bcn20000,5,False,5,0.03273156,0.005875517,0.0052823913,0.083788544,0.0781641,0.74257463,0.0515832,0.11677118,,0.11677118,control,1,,44,control_f1_s44_in22k_v5conf,best,19
ISIC_0055498,BCN_0001724,BCN_0001724,60+,bcn20000,4,True,4,0.00823564,0.0050707688,0.007313601,0.062928036,0.86681956,0.0040240656,0.0456084,0.880126,,0.880126,control,1,,44,control_f1_s44_in22k_v5conf,best,19
ISIC_0055524,BCN_0004469,BCN_0004469,40-59,bcn20000,5,False,5,0.0076675364,0.0059098946,0.0038309796,0.059199482,0.013762509,0.8666255,0.043004,0.02733994,,0.02733994,control,1,,44,control_f1_s44_in22k_v5conf,best,19
ISIC_0055526,BCN_0002958,BCN_0002958,60+,bcn20000,4,True,1,0.005791472,0.84139836,0.011295468,0.060553286,0.03557944,0.002370613,0.04301125,0.8827693,,0.8827693,control,1,,44,control_f1_s44_in22k_v5conf,best,19
ISIC_0055557,BCN_0003937,BCN_0003937,60+,bcn20000,2,False,4,0.044118933,0.002889031,0.12065725,0.10277184,0.6068266,0.04153868,0.08119771,0.6538346,,0.6538346,control,1,,44,control_f1_s44_in22k_v5conf,best,19
ISIC_0055596,BCN_0003790,BCN_0003790,60+,bcn20000,0,True,0,0.9421961,0.002032548,0.0022629541,0.027512755,0.0024676602,0.0038488512,0.019679166,0.9466962,,0.9466962,control,1,,44,control_f1_s44_in22k_v5conf,best,19
ISIC_0055608,BCN_0000645,BCN_0000645,40-59,bcn20000,5,False,5,0.017382974,0.010120522,0.0029219768,0.08358334,0.078204766,0.7491905,0.058595948,0.105708264,,0.105708264,control,1,,44,control_f1_s44_in22k_v5conf,best,19
ISIC_0055626,BCN_0000120,BCN_0000120,<40,bcn20000,5,False,5,0.0129886195,0.16825463,0.0032420696,0.10640318,0.005216046,0.62863606,0.075259395,0.18645929,,0.18645929,control,1,,44,control_f1_s44_in22k_v5conf,best,19
ISIC_0055630,BCN_0003015,BCN_0003015,unknown,bcn20000,5,False,5,0.010401073,0.007135216,0.0065164054,0.06660745,0.004402976,0.8540612,0.050875712,0.021939266,,0.021939266,control,1,,44,control_f1_s44_in22k_v5conf,best,19
ISIC_0055634,BCN_0000036,BCN_0000036,40-59,bcn20000,5,False,5,0.009390169,0.0069619976,0.004906145,0.063698635,0.010900564,0.85804445,0.046098102,0.02725273,,0.02725273,control,1,,44,control_f1_s44_in22k_v5conf,best,19
ISIC_0055681,BCN_0000158,BCN_0000158,40-59,bcn20000,1,True,5,0.0035887777,0.008368102,0.0049214903,0.058061823,0.00079522125,0.8981555,0.026109,0.012752101,,0.012752101,control,1,,44,control_f1_s44_in22k_v5conf,best,19
ISIC_0055702,BCN_0005299,BCN_0005299,<40,bcn20000,5,False,5,0.008801232,0.0072357515,0.0052060974,0.061065413,0.0074788784,0.8622955,0.047917183,0.023515861,,0.023515861,control,1,,44,control_f1_s44_in22k_v5conf,best,19
ISIC_0055727,BCN_0002272,BCN_0002272,<40,bcn20000,5,False,5,0.009696435,0.007610917,0.00610688,0.06391433,0.0074833226,0.8560531,0.04913504,0.024790674,,0.024790674,control,1,,44,control_f1_s44_in22k_v5conf,best,19
ISIC_0055739,BCN_0001516,BCN_0001516,60+,bcn20000,4,True,4,0.014822729,0.0051232358,0.007920861,0.062226143,0.86444724,0.0022656433,0.043194156,0.8843932,,0.8843932,control,1,,44,control_f1_s44_in22k_v5conf,best,19
ISIC_0055762,BCN_0000493,BCN_0000493,60+,bcn20000,1,True,1,0.017475514,0.86031467,0.0100247525,0.06072398,0.0040383916,0.006081085,0.041341715,0.88182855,,0.88182855,control,1,,44,control_f1_s44_in22k_v5conf,best,19
ISIC_0055766,BCN_0001169,BCN_0001169,60+,bcn20000,1,True,1,0.1678828,0.4539681,0.014515132,0.110532895,0.14452338,0.0021238578,0.10645378,0.7663743,,0.7663743,control,1,,44,control_f1_s44_in22k_v5conf,best,19
ISIC_0055795,BCN_0005376,BCN_0005376,60+,bcn20000,2,False,0,0.93507016,0.01476723,0.0037033893,0.023402082,0.0014257798,0.0016212437,0.020010043,0.9512632,,0.9512632,control,1,,44,control_f1_s44_in22k_v5conf,best,19
ISIC_0055800,BCN_0002676,BCN_0002676,60+,bcn20000,2,False,2,0.03996804,0.0038748542,0.87144446,0.04084154,0.0034142707,0.013388149,0.027068712,0.047257163,,0.047257163,control,1,,44,control_f1_s44_in22k_v5conf,best,19
ISIC_0055805,BCN_0001770,BCN_0001770,60+,bcn20000,5,False,4,0.00993004,0.01772258,0.012237703,0.080550194,0.826914,0.004084587,0.048560843,0.85456663,,0.85456663,control,1,,44,control_f1_s44_in22k_v5conf,best,19
ISIC_0055818,BCN_0002074,BCN_0002074,60+,bcn20000,4,True,4,0.004772165,0.00975495,0.0036101562,0.05075383,0.89016104,0.002142172,0.038805675,0.9046882,,0.9046882,control,1,,44,control_f1_s44_in22k_v5conf,best,19
ISIC_0055819,BCN_0001026,BCN_0001026,unknown,bcn20000,5,False,5,0.011422638,0.004019833,0.007843195,0.058032483,0.007737543,0.8697745,0.04116972,0.023180014,,0.023180014,control,1,,44,control_f1_s44_in22k_v5conf,best,19
ISIC_0055856,BCN_0002007,BCN_0002007,<40,bcn20000,5,False,5,0.010322389,0.008261342,0.007609561,0.06941915,0.0055610836,0.85092133,0.047905218,0.024144813,,0.024144813,control,1,,44,control_f1_s44_in22k_v5conf,best,19
ISIC_0055861,BCN_0000134,BCN_0000134,40-59,bcn20000,1,True,1,0.012346964,0.91449445,0.0040174318,0.03819924,0.0017439089,0.0017742262,0.027423754,0.92858535,,0.92858535,control,1,,44,control_f1_s44_in22k_v5conf,best,19
ISIC_0055862,BCN_0002558,BCN_0002558,40-59,bcn20000,4,True,4,0.008937572,0.005895949,0.00549363,0.050919957,0.8864384,0.0029254055,0.03938905,0.90127194,,0.90127194,control,1,,44,control_f1_s44_in22k_v5conf,best,19
ISIC_0055863,BCN_0003175,BCN_0003175,<40,bcn20000,5,False,4,0.010356481,0.012820095,0.0027061636,0.10466907,0.75355965,0.055674545,0.06021407,0.7767362,,0.7767362,control,1,,44,control_f1_s44_in22k_v5conf,best,19
ISIC_0055886,BCN_0000701,BCN_0000701,60+,bcn20000,1,True,2,0.027762942,0.007933314,0.8864058,0.048470344,0.001014247,0.0014925709,0.026920803,0.036710504,,0.036710504,control,1,,44,control_f1_s44_in22k_v5conf,best,19
ISIC_0055893,BCN_0000158,BCN_0000158,40-59,bcn20000,1,True,1,0.021158641,0.7618091,0.0031920436,0.08912696,0.044012915,0.021474354,0.059226062,0.82698065,,0.82698065,control,1,,44,control_f1_s44_in22k_v5conf,best,19
ISIC_0055894,BCN_0003745,BCN_0003745,<40,bcn20000,2,False,2,0.097694054,0.001636127,0.77338517,0.060158,0.010246582,0.0064073303,0.05047276,0.10957676,,0.10957676,control,1,,44,control_f1_s44_in22k_v5conf,best,19
ISIC_0055908,BCN_0000740,BCN_0000740,40-59,bcn20000,0,True,3,0.0029147617,0.016960183,0.40088645,0.43756008,0.11197766,0.0016341867,0.028066633,0.1318526,,0.1318526,control,1,,44,control_f1_s44_in22k_v5conf,best,19
ISIC_0055944,BCN_0001254,BCN_0001254,60+,bcn20000,1,True,1,0.017165383,0.85607564,0.003911647,0.056644533,0.019604111,0.0051311976,0.041467473,0.8928451,,0.8928451,control,1,,44,control_f1_s44_in22k_v5conf,best,19
ISIC_0055961,BCN_0005428,BCN_0005428,60+,bcn20000,1,True,0,0.75279343,0.118230626,0.0069434126,0.070052505,0.0022264183,0.0025399253,0.047213636,0.8732505,,0.8732505,control,1,,44,control_f1_s44_in22k_v5conf,best,19
ISIC_0055972,BCN_0001363,BCN_0001363,40-59,bcn20000,2,False,0,0.8660877,0.0025599801,0.0039520203,0.050290328,0.033884674,0.0035509267,0.039674398,0.90253234,,0.90253234,control,1,,44,control_f1_s44_in22k_v5conf,best,19
ISIC_0056014,BCN_0003467,BCN_0003467,60+,bcn20000,1,True,1,0.006997014,0.89829564,0.0033885355,0.04534751,0.0040063993,0.0029481193,0.03901679,0.909299,,0.909299,control,1,,44,control_f1_s44_in22k_v5conf,best,19
ISIC_0056064,BCN_0001244,BCN_0001244,40-59,bcn20000,5,False,5,0.0087094875,0.015115311,0.016154395,0.05987967,0.012421895,0.8431838,0.044535466,0.036246695,,0.036246695,control,1,,44,control_f1_s44_in22k_v5conf,best,19
ISIC_0056083,BCN_0004570,BCN_0004570,40-59,bcn20000,1,True,0,0.34923,0.27240652,0.01774323,0.1533949,0.0034603754,0.14590836,0.057856604,0.62509686,,0.62509686,control,1,,44,control_f1_s44_in22k_v5conf,best,19
ISIC_0056097,BCN_0003979,BCN_0003979,60+,bcn20000,1,True,1,0.048581257,0.850301,0.0047653685,0.05235211,0.0038944834,0.0036710834,0.036434762,0.9027768,,0.9027768,control,1,,44,control_f1_s44_in22k_v5conf,best,19
ISIC_0056110,BCN_0002445,BCN_0002445,40-59,bcn20000,5,False,5,0.01201885,0.007837502,0.00846062,0.076724075,0.0050532552,0.83481836,0.05508725,0.024909608,,0.024909608,control,1,,44,control_f1_s44_in22k_v5conf,best,19
ISIC_0056112,BCN_0003820,BCN_0003820,60+,bcn20000,5,False,5,0.0055943974,0.008588811,0.002470117,0.047223557,0.0020828808,0.89759886,0.036441293,0.016266089,,0.016266089,control,1,,44,control_f1_s44_in22k_v5conf,best,19
ISIC_0056117,BCN_0001026,BCN_0001026,unknown,bcn20000,5,False,5,0.030213336,0.0046966374,0.3295728,0.11705302,0.011416152,0.42557916,0.081468895,0.046326123,,0.046326123,control,1,,44,control_f1_s44_in22k_v5conf,best,19
ISIC_0056135,BCN_0003554,BCN_0003554,40-59,bcn20000,5,False,5,0.013924731,0.008203817,0.005413489,0.06817398,0.0035499749,0.8462692,0.054464784,0.025678523,,0.025678523,control,1,,44,control_f1_s44_in22k_v5conf,best,19
ISIC_0056151,BCN_0000493,BCN_0000493,60+,bcn20000,1,True,1,0.012200687,0.8514492,0.010528623,0.0678633,0.0063296477,0.004243729,0.047384772,0.86997956,,0.86997956,control,1,,44,control_f1_s44_in22k_v5conf,best,19
ISIC_0056165,BCN_0001199,BCN_0001199,<40,bcn20000,5,False,5,0.013613067,0.00733975,0.006679914,0.07693509,0.01078101,0.8319712,0.052679993,0.031733826,,0.031733826,control,1,,44,control_f1_s44_in22k_v5conf,best,19
ISIC_0056166,BCN_0003914,BCN_0003914,60+,bcn20000,0,True,0,0.42355785,0.1705698,0.15248197,0.14942667,0.0031980635,0.0016285907,0.09913703,0.59732574,,0.59732574,control,1,,44,control_f1_s44_in22k_v5conf,best,19
ISIC_0056167,BCN_0000194,BCN_0000194,60+,bcn20000,4,True,0,0.5368795,0.0042343303,0.023205549,0.071859024,0.29456806,0.0030684902,0.0661851,0.83568186,,0.83568186,control,1,,44,control_f1_s44_in22k_v5conf,best,19
ISIC_0056172,BCN_0004561,BCN_0004561,60+,bcn20000,1,True,0,0.7196128,0.009167098,0.0054215943,0.07317849,0.13932517,0.0011754931,0.0521194,0.86810505,,0.86810505,control,1,,44,control_f1_s44_in22k_v5conf,best,19
ISIC_0056175,BCN_0003692,BCN_0003692,40-59,bcn20000,2,False,0,0.699797,0.010083998,0.05407759,0.091643706,0.07352677,0.012568531,0.058302388,0.7834077,,0.7834077,control,1,,44,control_f1_s44_in22k_v5conf,best,19
ISIC_0056179,BCN_0002681,BCN_0002681,60+,bcn20000,2,False,1,0.0067604478,0.87674505,0.0019097847,0.05176287,0.008115063,0.022457058,0.03224975,0.8916205,,0.8916205,control,1,,44,control_f1_s44_in22k_v5conf,best,19
ISIC_0056205,BCN_0002666,BCN_0002666,40-59,bcn20000,1,True,1,0.00885809,0.88447195,0.010370225,0.05391988,0.005336432,0.0041348133,0.032908566,0.89866644,,0.89866644,control,1,,44,control_f1_s44_in22k_v5conf,best,19
ISIC_0056207,BCN_0005325,BCN_0005325,40-59,bcn20000,5,False,5,0.011703092,0.007770795,0.00762667,0.07329856,0.008039985,0.8401155,0.0514454,0.027513871,,0.027513871,control,1,,44,control_f1_s44_in22k_v5conf,best,19
ISIC_0056212,BCN_0002916,BCN_0002916,60+,bcn20000,0,True,0,0.9037814,0.0014302135,0.0024643186,0.050210446,0.001546408,0.005253031,0.0353142,0.906758,,0.906758,control,1,,44,control_f1_s44_in22k_v5conf,best,19
ISIC_0056237,BCN_0001036,BCN_0001036,60+,bcn20000,5,False,4,0.0059964983,0.0062705455,0.010159961,0.05728113,0.87364477,0.003981096,0.042666025,0.8859118,,0.8859118,control,1,,44,control_f1_s44_in22k_v5conf,best,19
ISIC_0056259,BCN_0005104,BCN_0005104,60+,bcn20000,1,True,1,0.020769415,0.85595185,0.006222296,0.06375193,0.0037935968,0.0033877657,0.046123147,0.88051486,,0.88051486,control,1,,44,control_f1_s44_in22k_v5conf,best,19
ISIC_0056266,BCN_0003554,BCN_0003554,40-59,bcn20000,5,False,5,0.013028019,0.007960849,0.0055897827,0.061265834,0.0031430027,0.8605306,0.048481975,0.024131872,,0.024131872,control,1,,44,control_f1_s44_in22k_v5conf,best,19
ISIC_0056276,BCN_0000645,BCN_0000645,40-59,bcn20000,5,False,5,0.022827707,0.014266659,0.0022527776,0.09144936,0.2384423,0.5739854,0.056775752,0.27553666,,0.27553666,control,1,,44,control_f1_s44_in22k_v5conf,best,19
ISIC_0056287,BCN_0001169,BCN_0001169,60+,bcn20000,1,True,1,0.073565185,0.39415482,0.24098474,0.1250689,0.07393531,0.0069022747,0.085388795,0.5416553,,0.5416553,control,1,,44,control_f1_s44_in22k_v5conf,best,19
ISIC_0056293,BCN_0003431,BCN_0003431,60+,bcn20000,1,True,1,0.009493799,0.8938643,0.0035799623,0.0487937,0.008282739,0.0023383715,0.03364709,0.9116408,,0.9116408,control,1,,44,control_f1_s44_in22k_v5conf,best,19
ISIC_0056314,BCN_0000545,BCN_0000545,<40,bcn20000,5,False,4,0.006110753,0.005564379,0.0061602048,0.06739114,0.8188138,0.046292096,0.049667556,0.8304889,,0.8304889,control,1,,44,control_f1_s44_in22k_v5conf,best,19
ISIC_0056319,BCN_0005422,BCN_0005422,40-59,bcn20000,4,True,5,0.01630905,0.015167583,0.2889124,0.07641773,0.031479225,0.50891286,0.06280122,0.06295586,,0.06295586,control,1,,44,control_f1_s44_in22k_v5conf,best,19
ISIC_0056421,BCN_0000079,BCN_0000079,60+,bcn20000,0,True,0,0.8498462,0.023694362,0.035958882,0.046465814,0.0037870703,0.0026055197,0.03764222,0.87732756,,0.87732756,control,1,,44,control_f1_s44_in22k_v5conf,best,19
ISIC_0056432,BCN_0001336,BCN_0001336,60+,bcn20000,2,False,2,0.021940676,0.009165773,0.59270775,0.08265446,0.009602356,0.22797939,0.05594961,0.040708806,,0.040708806,control,1,,44,control_f1_s44_in22k_v5conf,best,19
ISIC_0056439,BCN_0002967,BCN_0002967,60+,bcn20000,5,False,5,0.0073552113,0.015838055,0.012454388,0.05077022,0.00315973,0.8722706,0.038151838,0.026352996,,0.026352996,control,1,,44,control_f1_s44_in22k_v5conf,best,19
ISIC_0056440,BCN_0002675,BCN_0002675,60+,bcn20000,4,True,4,0.009798812,0.0037893413,0.0040437523,0.04930822,0.8858878,0.008687535,0.03848458,0.89947593,,0.89947593,control,1,,44,control_f1_s44_in22k_v5conf,best,19
ISIC_0056442,BCN_0000070,BCN_0000070,<40,bcn20000,5,False,5,0.008432204,0.0036936004,0.032142617,0.06854268,0.0076271994,0.837042,0.042519767,0.019753003,,0.019753003,control,1,,44,control_f1_s44_in22k_v5conf,best,19
ISIC_0056452,BCN_0003901,BCN_0003901,60+,bcn20000,5,False,5,0.014094013,0.007250591,0.0050857044,0.07038157,0.006615169,0.84415907,0.052413937,0.027959773,,0.027959773,control,1,,44,control_f1_s44_in22k_v5conf,best,19
ISIC_0056458,BCN_0004158,BCN_0004158,<40,bcn20000,5,False,5,0.013394929,0.009604476,0.008534316,0.08062872,0.010310706,0.82230616,0.05522079,0.03331011,,0.03331011,control,1,,44,control_f1_s44_in22k_v5conf,best,19
ISIC_0056470,BCN_0003234,BCN_0003234,40-59,bcn20000,5,False,5,0.011010576,0.005789157,0.007195223,0.07063989,0.012496271,0.84816515,0.04470369,0.029296003,,0.029296003,control,1,,44,control_f1_s44_in22k_v5conf,best,19
ISIC_0056490,BCN_0001092,BCN_0001092,40-59,bcn20000,5,False,5,0.0055774134,0.007336372,0.003833613,0.06708177,0.022390101,0.849208,0.044572726,0.035303887,,0.035303887,control,1,,44,control_f1_s44_in22k_v5conf,best,19
ISIC_0056502,BCN_0002979,BCN_0002979,40-59,bcn20000,5,False,5,0.0103979,0.0075832317,0.003371727,0.07940288,0.032525487,0.81257695,0.054141812,0.050506618,,0.050506618,control,1,,44,control_f1_s44_in22k_v5conf,best,19
ISIC_0056512,BCN_0001670,BCN_0001670,40-59,bcn20000,5,False,4,0.0100172665,0.0051859673,0.008643329,0.058899138,0.8721111,0.002698445,0.04244473,0.8873143,,0.8873143,control,1,,44,control_f1_s44_in22k_v5conf,best,19
ISIC_0056525,BCN_0004592,BCN_0004592,60+,bcn20000,4,True,4,0.0029898603,0.0047348863,0.0040713274,0.03650043,0.9228805,0.0041221096,0.024700811,0.93060523,,0.93060523,control,1,,44,control_f1_s44_in22k_v5conf,best,19
ISIC_0056541,BCN_0000070,BCN_0000070,<40,bcn20000,5,False,2,0.002940314,0.010045622,0.62230605,0.07212399,0.13500376,0.079276204,0.0783041,0.14798969,,0.14798969,control,1,,44,control_f1_s44_in22k_v5conf,best,19
ISIC_0056543,BCN_0002931,BCN_0002931,40-59,bcn20000,5,False,5,0.013673346,0.005110835,0.03040284,0.07106691,0.005722077,0.8201587,0.05386531,0.024506258,,0.024506258,control,1,,44,control_f1_s44_in22k_v5conf,best,19
ISIC_0056564,BCN_0003128,BCN_0003128,40-59,bcn20000,2,False,2,0.011057908,0.010929699,0.88775414,0.05493073,0.0027843514,0.0011899832,0.031353228,0.024771957,,0.024771957,control,1,,44,control_f1_s44_in22k_v5conf,best,19
ISIC_0056607,BCN_0004008,BCN_0004008,40-59,bcn20000,1,True,1,0.010326552,0.8654327,0.009582016,0.05994578,0.0057932977,0.00435942,0.044560216,0.8815525,,0.8815525,control,1,,44,control_f1_s44_in22k_v5conf,best,19
ISIC_0056617,BCN_0005299,BCN_0005299,<40,bcn20000,5,False,5,0.0071828263,0.005818544,0.0051086275,0.059931852,0.007751451,0.8705281,0.043678608,0.020752821,,0.020752821,control,1,,44,control_f1_s44_in22k_v5conf,best,19
ISIC_0056621,BCN_0003261,BCN_0003261,60+,bcn20000,0,True,2,0.27349365,0.056550734,0.34162953,0.10905978,0.16234389,0.001877927,0.055044517,0.49238828,,0.49238828,control,1,,44,control_f1_s44_in22k_v5conf,best,19
ISIC_0056638,BCN_0001426,BCN_0001426,40-59,bcn20000,4,True,4,0.009332351,0.0042124563,0.008838129,0.060854938,0.86928374,0.002608035,0.044870432,0.88282853,,0.88282853,control,1,,44,control_f1_s44_in22k_v5conf,best,19
ISIC_0056661,BCN_0000393,BCN_0000393,60+,bcn20000,1,True,1,0.010412243,0.89681417,0.0037859995,0.046608955,0.0052271355,0.0027518473,0.03439962,0.91245353,,0.91245353,control,1,,44,control_f1_s44_in22k_v5conf,best,19
ISIC_0056693,BCN_0003829,BCN_0003829,40-59,bcn20000,2,False,5,0.019610658,0.009699082,0.012954722,0.07327978,0.007877086,0.8221944,0.05438428,0.037186828,,0.037186828,control,1,,44,control_f1_s44_in22k_v5conf,best,19
ISIC_0056712,BCN_0002468,BCN_0002468,40-59,bcn20000,5,False,5,0.01203693,0.011487712,0.0032911904,0.062007308,0.021258589,0.8480689,0.041849412,0.04478323,,0.04478323,control,1,,44,control_f1_s44_in22k_v5conf,best,19
ISIC_0056714,BCN_0003940,BCN_0003940,60+,bcn20000,1,True,0,0.88940233,0.047521,0.004708706,0.031792637,0.001985744,0.0016279356,0.022961669,0.93890905,,0.93890905,control,1,,44,control_f1_s44_in22k_v5conf,best,19
ISIC_0056720,BCN_0002272,BCN_0002272,<40,bcn20000,5,False,5,0.009962781,0.0074885977,0.0060705557,0.06425928,0.006983553,0.85456514,0.05067,0.024434932,,0.024434932,control,1,,44,control_f1_s44_in22k_v5conf,best,19
ISIC_0056800,BCN_0005607,BCN_0005607,60+,bcn20000,4,True,1,0.010655912,0.8785843,0.0051784567,0.058285315,0.006104711,0.0043250322,0.036866147,0.895345,,0.895345,control,1,,44,control_f1_s44_in22k_v5conf,best,19
ISIC_0056805,BCN_0002240,BCN_0002240,40-59,bcn20000,5,False,4,0.020836633,0.009564757,0.016202735,0.10375848,0.42190403,0.3574782,0.07025515,0.4523054,,0.4523054,control,1,,44,control_f1_s44_in22k_v5conf,best,19
ISIC_0056815,BCN_0004250,BCN_0004250,<40,bcn20000,5,False,5,0.009643863,0.0074101766,0.0068730796,0.060172714,0.0062426343,0.8655377,0.044119805,0.023296675,,0.023296675,control,1,,44,control_f1_s44_in22k_v5conf,best,19
ISIC_0056845,BCN_0004408,BCN_0004408,60+,bcn20000,5,False,5,0.010079408,0.009417918,0.0045901933,0.063909225,0.022516824,0.8373682,0.052118327,0.04201415,,0.04201415,control,1,,44,control_f1_s44_in22k_v5conf,best,19
ISIC_0056869,BCN_0003300,BCN_0003300,40-59,bcn20000,5,False,5,0.012237739,0.007523004,0.006826173,0.06993545,0.006325596,0.84690285,0.05024917,0.026086338,,0.026086338,control,1,,44,control_f1_s44_in22k_v5conf,best,19
ISIC_0056872,BCN_0000496,BCN_0000496,<40,bcn20000,5,False,5,0.011533984,0.008759292,0.0066312277,0.074248634,0.0060645984,0.8416795,0.051082715,0.026357874,,0.026357874,control,1,,44,control_f1_s44_in22k_v5conf,best,19
ISIC_0056888,BCN_0001589,BCN_0001589,40-59,bcn20000,2,False,0,0.93854374,0.002879859,0.015396365,0.024981473,0.0011595797,0.000890439,0.016148673,0.9425832,,0.9425832,control,1,,44,control_f1_s44_in22k_v5conf,best,19
ISIC_0056901,BCN_0000194,BCN_0000194,60+,bcn20000,4,True,4,0.04281676,0.009073447,0.15979142,0.0608669,0.66314834,0.00082025415,0.06348281,0.71503854,,0.71503854,control,1,,44,control_f1_s44_in22k_v5conf,best,19
ISIC_0056903,BCN_0003937,BCN_0003937,60+,bcn20000,2,False,2,0.006415024,0.003423964,0.6100728,0.12129444,0.121875115,0.06317378,0.073744945,0.1317141,,0.1317141,control,1,,44,control_f1_s44_in22k_v5conf,best,19
ISIC_0056916,BCN_0003664,BCN_0003664,40-59,bcn20000,1,True,1,0.029085802,0.8568839,0.0052743126,0.056456394,0.0055412026,0.0024167064,0.044341713,0.8915109,,0.8915109,control,1,,44,control_f1_s44_in22k_v5conf,best,19
ISIC_0056917,BCN_0002400,BCN_0002400,40-59,bcn20000,1,True,1,0.007887853,0.8719549,0.0041008326,0.061872326,0.01287271,0.0057050115,0.035606373,0.89271545,,0.89271545,control,1,,44,control_f1_s44_in22k_v5conf,best,19
ISIC_0056930,BCN_0000798,BCN_0000798,<40,bcn20000,5,False,5,0.010515497,0.0075646653,0.0059901895,0.068153486,0.0066454434,0.849471,0.051659796,0.024725605,,0.024725605,control,1,,44,control_f1_s44_in22k_v5conf,best,19
ISIC_0056941,BCN_0000268,BCN_0000268,40-59,bcn20000,1,True,0,0.47770715,0.10657477,0.20440525,0.12923996,0.007694267,0.0029040324,0.07147459,0.59197617,,0.59197617,control,1,,44,control_f1_s44_in22k_v5conf,best,19
ISIC_0056969,BCN_0002626,BCN_0002626,60+,bcn20000,4,True,2,0.022462068,0.041484516,0.42409357,0.17889802,0.21776296,0.0041031316,0.1111957,0.28170955,,0.28170955,control,1,,44,control_f1_s44_in22k_v5conf,best,19
ISIC_0056980,BCN_0001244,BCN_0001244,40-59,bcn20000,5,False,5,0.0033490618,0.032909933,0.016728949,0.051617373,0.0507483,0.8035503,0.04109605,0.0870073,,0.0870073,control,1,,44,control_f1_s44_in22k_v5conf,best,19
ISIC_0056998,BCN_0001516,BCN_0001516,60+,bcn20000,4,True,4,0.008567685,0.004489938,0.0064361626,0.05161848,0.88552964,0.002550049,0.040808003,0.8985873,,0.8985873,control,1,,44,control_f1_s44_in22k_v5conf,best,19
ISIC_0057010,BCN_0001137,BCN_0001137,40-59,bcn20000,1,True,1,0.009624364,0.89198273,0.0055275187,0.04682689,0.0039712917,0.0036233624,0.038443778,0.9055784,,0.9055784,control,1,,44,control_f1_s44_in22k_v5conf,best,19
ISIC_0057054,BCN_0002244,BCN_0002244,60+,bcn20000,1,True,1,0.019612957,0.8654777,0.006283874,0.052955464,0.002637073,0.0043926747,0.048640206,0.88772774,,0.88772774,control,1,,44,control_f1_s44_in22k_v5conf,best,19
ISIC_0057069,BCN_0001006,BCN_0001006,60+,bcn20000,1,True,1,0.013898693,0.88303053,0.004864281,0.052229933,0.005980527,0.0044708387,0.03552522,0.90290976,,0.90290976,control,1,,44,control_f1_s44_in22k_v5conf,best,19
ISIC_0057070,BCN_0004421,BCN_0004421,40-59,bcn20000,5,False,5,0.012352965,0.0073672617,0.008713127,0.065315634,0.006484989,0.8530067,0.046759278,0.026205216,,0.026205216,control,1,,44,control_f1_s44_in22k_v5conf,best,19
ISIC_0057092,BCN_0004158,BCN_0004158,<40,bcn20000,5,False,5,0.013013609,0.007522238,0.0077572824,0.07566173,0.00729874,0.8351242,0.053622197,0.027834587,,0.027834587,control,1,,44,control_f1_s44_in22k_v5conf,best,19
ISIC_0057106,BCN_0004532,BCN_0004532,40-59,bcn20000,5,False,5,0.006559613,0.030284407,0.0020856936,0.08276793,0.22318973,0.57493633,0.08017629,0.26003376,,0.26003376,control,1,,44,control_f1_s44_in22k_v5conf,best,19
ISIC_0057141,BCN_0001087,BCN_0001087,60+,bcn20000,4,True,5,0.009890604,0.009039718,0.004679219,0.07249454,0.014488868,0.8417415,0.047665607,0.03341919,,0.03341919,control,1,,44,control_f1_s44_in22k_v5conf,best,19
ISIC_0057151,BCN_0004531,BCN_0004531,unknown,bcn20000,5,False,5,0.008957644,0.0052054757,0.014071268,0.064424835,0.010031172,0.84809196,0.04921769,0.024194293,,0.024194293,control,1,,44,control_f1_s44_in22k_v5conf,best,19
ISIC_0057153,BCN_0000644,BCN_0000644,40-59,bcn20000,5,False,5,0.009073173,0.0061514997,0.0044416026,0.062785536,0.017442793,0.85334134,0.046764128,0.032667466,,0.032667466,control,1,,44,control_f1_s44_in22k_v5conf,best,19
ISIC_0057162,BCN_0004158,BCN_0004158,<40,bcn20000,5,False,5,0.012543474,0.00742847,0.0067327893,0.06985477,0.0049668746,0.8511271,0.047346592,0.024938818,,0.024938818,control,1,,44,control_f1_s44_in22k_v5conf,best,19
ISIC_0057190,BCN_0000632,BCN_0000632,60+,bcn20000,1,True,1,0.012705113,0.8758259,0.0040750043,0.057513293,0.005139347,0.0034761694,0.04126515,0.8936703,,0.8936703,control,1,,44,control_f1_s44_in22k_v5conf,best,19
ISIC_0057230,BCN_0002229,BCN_0002229,60+,bcn20000,5,False,4,0.016978081,0.016079262,0.08697052,0.10995936,0.5938062,0.11195258,0.06425395,0.62686354,,0.62686354,control,1,,44,control_f1_s44_in22k_v5conf,best,19
ISIC_0057245,BCN_0003580,BCN_0003580,40-59,bcn20000,2,False,2,0.0073192217,0.0035752007,0.8868709,0.055108476,0.0017690369,0.0043809772,0.040976122,0.012663459,,0.012663459,control,1,,44,control_f1_s44_in22k_v5conf,best,19
ISIC_0057277,BCN_0003518,BCN_0003518,40-59,bcn20000,5,False,2,0.0063349227,0.0041648024,0.8869707,0.05159705,0.0037805194,0.0065567107,0.040595166,0.014280245,,0.014280245,control,1,,44,control_f1_s44_in22k_v5conf,best,19
ISIC_0057312,BCN_0003354,BCN_0003354,60+,bcn20000,5,False,5,0.009672749,0.009097177,0.005140093,0.07100733,0.0065064547,0.8437196,0.054856572,0.02527638,,0.02527638,control,1,,44,control_f1_s44_in22k_v5conf,best,19
ISIC_0057336,BCN_0001378,BCN_0001378,60+,bcn20000,1,True,1,0.0023578762,0.77160937,0.0020310797,0.07424975,0.071315594,0.029620668,0.048815735,0.84528285,,0.84528285,control,1,,44,control_f1_s44_in22k_v5conf,best,19
ISIC_0057352,BCN_0000494,BCN_0000494,60+,bcn20000,1,True,1,0.008729801,0.7109201,0.002575403,0.19985025,0.011296739,0.021784717,0.04484298,0.73094666,,0.73094666,control,1,,44,control_f1_s44_in22k_v5conf,best,19
ISIC_0057370,BCN_0003468,BCN_0003468,40-59,bcn20000,4,True,4,0.006971415,0.0030217147,0.0033895413,0.037259415,0.90638787,0.017811239,0.025158832,0.916381,,0.916381,control,1,,44,control_f1_s44_in22k_v5conf,best,19
ISIC_0057394,BCN_0001636,BCN_0001636,<40,bcn20000,5,False,5,0.0093403915,0.00866256,0.005142781,0.07363625,0.071634255,0.78915983,0.042424005,0.089637205,,0.089637205,control,1,,44,control_f1_s44_in22k_v5conf,best,19
ISIC_0057408,BCN_0002675,BCN_0002675,60+,bcn20000,4,True,4,0.0058779446,0.0041351435,0.010885108,0.055777952,0.87068045,0.0028271708,0.04981624,0.88069355,,0.88069355,control,1,,44,control_f1_s44_in22k_v5conf,best,19
ISIC_0057436,BCN_0003311,BCN_0003311,60+,bcn20000,4,True,4,0.010727783,0.0028789574,0.0018954722,0.05023363,0.8885345,0.0030561585,0.042673606,0.9021412,,0.9021412,control,1,,44,control_f1_s44_in22k_v5conf,best,19
ISIC_0057442,BCN_0004561,BCN_0004561,60+,bcn20000,1,True,1,0.015520133,0.8772908,0.00499514,0.05549386,0.004879102,0.0044946074,0.037326463,0.89769006,,0.89769006,control,1,,44,control_f1_s44_in22k_v5conf,best,19
ISIC_0057463,BCN_0001336,BCN_0001336,60+,bcn20000,2,False,2,0.014936618,0.006081392,0.8995138,0.042494617,0.0018836274,0.003859928,0.031230018,0.022901637,,0.022901637,control,1,,44,control_f1_s44_in22k_v5conf,best,19
ISIC_0057473,BCN_0005362,BCN_0005362,60+,bcn20000,1,True,0,0.66265595,0.17905241,0.020116158,0.08041819,0.0031694795,0.0018582385,0.05272953,0.84487784,,0.84487784,control,1,,44,control_f1_s44_in22k_v5conf,best,19
ISIC_0057482,BCN_0001878,BCN_0001878,40-59,bcn20000,4,True,5,0.010507627,0.0064285584,0.0057321135,0.065800875,0.006974248,0.8548843,0.049672246,0.023910435,,0.023910435,control,1,,44,control_f1_s44_in22k_v5conf,best,19
ISIC_0057489,BCN_0000095,BCN_0000095,40-59,bcn20000,5,False,5,0.024957666,0.0059729437,0.006366056,0.082479276,0.014445539,0.80990493,0.055873632,0.045376148,,0.045376148,control,1,,44,control_f1_s44_in22k_v5conf,best,19
ISIC_0057498,BCN_0004665,BCN_0004665,40-59,bcn20000,5,False,5,0.008880959,0.0043565305,0.011773334,0.06271609,0.002821164,0.8602091,0.04924288,0.016058654,,0.016058654,control,1,,44,control_f1_s44_in22k_v5conf,best,19
ISIC_0057504,BCN_0001559,BCN_0001559,60+,bcn20000,1,True,1,0.0113953855,0.8512318,0.021882739,0.068976775,0.0016907055,0.004238586,0.040583998,0.8643179,,0.8643179,control,1,,44,control_f1_s44_in22k_v5conf,best,19
ISIC_0057517,BCN_0000431,BCN_0000431,60+,bcn20000,0,True,0,0.92538196,0.0036360174,0.003997459,0.03772218,0.0016663538,0.0037871483,0.023808796,0.9306843,,0.9306843,control,1,,44,control_f1_s44_in22k_v5conf,best,19
ISIC_0057552,BCN_0005599,BCN_0005599,40-59,bcn20000,2,False,4,0.012941383,0.0040098326,0.0069656796,0.052808765,0.8791998,0.0016617592,0.042412754,0.896151,,0.896151,control,1,,44,control_f1_s44_in22k_v5conf,best,19
ISIC_0057560,BCN_0001220,BCN_0001220,60+,bcn20000,1,True,0,0.6524307,0.19694804,0.02605865,0.07746133,0.0033761065,0.001868872,0.04185623,0.8527549,,0.8527549,control,1,,44,control_f1_s44_in22k_v5conf,best,19
ISIC_0057571,BCN_0001922,BCN_0001922,40-59,bcn20000,5,False,1,0.16609985,0.38304818,0.004075709,0.15712154,0.08199054,0.120625325,0.08703881,0.63113856,,0.63113856,control,1,,44,control_f1_s44_in22k_v5conf,best,19
ISIC_0057616,BCN_0004040,BCN_0004040,60+,bcn20000,0,True,0,0.9502306,0.008731747,0.001218323,0.022473441,0.0020705299,0.0007104332,0.014564936,0.96103287,,0.96103287,control,1,,44,control_f1_s44_in22k_v5conf,best,19
ISIC_0057627,BCN_0005499,BCN_0005499,60+,bcn20000,1,True,1,0.0101424,0.8925495,0.0049327984,0.049335822,0.005949924,0.0030367002,0.03405283,0.9086418,,0.9086418,control,1,,44,control_f1_s44_in22k_v5conf,best,19
ISIC_0057635,BCN_0000120,BCN_0002991,60+,bcn20000,2,False,2,0.04747915,0.018081201,0.8166157,0.056985367,0.0065337783,0.0027911796,0.05151362,0.07209413,,0.07209413,control,1,,44,control_f1_s44_in22k_v5conf,best,19
ISIC_0057690,BCN_0002469,BCN_0002469,40-59,bcn20000,5,False,5,0.008976924,0.006981725,0.005939125,0.06788149,0.0122054145,0.8563489,0.041666463,0.028164063,,0.028164063,control,1,,44,control_f1_s44_in22k_v5conf,best,19
ISIC_0057738,BCN_0004638,BCN_0004638,60+,bcn20000,2,False,2,0.0095316125,0.06606645,0.76083606,0.079146184,0.003661558,0.03630998,0.044448223,0.07925962,,0.07925962,control,1,,44,control_f1_s44_in22k_v5conf,best,19
ISIC_0057739,BCN_0005140,BCN_0005140,60+,bcn20000,0,True,0,0.8046364,0.09324458,0.005600124,0.05486869,0.002488106,0.0030038317,0.03615828,0.9003691,,0.9003691,control,1,,44,control_f1_s44_in22k_v5conf,best,19
ISIC_0057743,BCN_0002972,BCN_0002972,<40,bcn20000,5,False,5,0.011839934,0.0081096925,0.0077504204,0.06764629,0.006522433,0.8482626,0.049868673,0.026472058,,0.026472058,control,1,,44,control_f1_s44_in22k_v5conf,best,19
ISIC_0057749,BCN_0003641,BCN_0003641,<40,bcn20000,5,False,5,0.011736965,0.00768861,0.0053587332,0.06382413,0.0066890926,0.8546196,0.05008295,0.026114667,,0.026114667,control,1,,44,control_f1_s44_in22k_v5conf,best,19
ISIC_0057854,BCN_0003518,BCN_0003518,40-59,bcn20000,5,False,2,0.0082446,0.0043643913,0.8898384,0.051019076,0.0029674447,0.0059885946,0.037577614,0.015576437,,0.015576437,control,1,,44,control_f1_s44_in22k_v5conf,best,19
ISIC_0057858,BCN_0002802,BCN_0002802,<40,bcn20000,5,False,5,0.009309175,0.0064302227,0.004323741,0.070934586,0.01282439,0.8467194,0.049458567,0.028563788,,0.028563788,control,1,,44,control_f1_s44_in22k_v5conf,best,19
ISIC_0057864,BCN_0005470,BCN_0005470,60+,bcn20000,4,True,5,0.0167539,0.048977647,0.018713485,0.09397231,0.005844867,0.75512075,0.06061701,0.07157642,,0.07157642,control,1,,44,control_f1_s44_in22k_v5conf,best,19
ISIC_0057880,BCN_0005079,BCN_0005079,40-59,bcn20000,2,False,0,0.9301588,0.008240239,0.01496281,0.02028735,0.0017143091,0.0014896155,0.023147002,0.9401133,,0.9401133,control,1,,44,control_f1_s44_in22k_v5conf,best,19
ISIC_0057881,BCN_0003886,BCN_0003886,40-59,bcn20000,4,True,5,0.015022988,0.0074019325,0.007355637,0.063159026,0.0063490607,0.8571805,0.043530922,0.028773982,,0.028773982,control,1,,44,control_f1_s44_in22k_v5conf,best,19
ISIC_0057886,BCN_0000070,BCN_0000070,<40,bcn20000,5,False,5,0.01648186,0.007024645,0.00771807,0.067997634,0.011646294,0.8376592,0.05147235,0.035152797,,0.035152797,control,1,,44,control_f1_s44_in22k_v5conf,best,19
ISIC_0057887,BCN_0002228,BCN_0002228,40-59,bcn20000,5,False,5,0.009560998,0.006650504,0.0056768744,0.06206319,0.008543689,0.8639331,0.043571584,0.024755191,,0.024755191,control,1,,44,control_f1_s44_in22k_v5conf,best,19
ISIC_0057925,BCN_0000408,BCN_0000408,<40,bcn20000,5,False,5,0.023513196,0.2019252,0.007185667,0.1104639,0.004035729,0.5512454,0.10163094,0.22947413,,0.22947413,control,1,,44,control_f1_s44_in22k_v5conf,best,19
ISIC_0057935,BCN_0004991,BCN_0004991,40-59,bcn20000,5,False,5,0.011508046,0.007097904,0.007811128,0.0945193,0.011717722,0.8114616,0.05588414,0.030323671,,0.030323671,control,1,,44,control_f1_s44_in22k_v5conf,best,19
ISIC_0057987,BCN_0005140,BCN_0005140,60+,bcn20000,0,True,0,0.76138806,0.13249254,0.00600876,0.055400874,0.003221799,0.0025040167,0.038983986,0.8971024,,0.8971024,control,1,,44,control_f1_s44_in22k_v5conf,best,19
ISIC_0057994,BCN_0000116,BCN_0000116,60+,bcn20000,6,False,6,0.00094742735,0.0004615618,0.00051537337,0.008253058,0.0016018536,0.0008158421,0.9874049,0.003010843,,0.003010843,control,1,,44,control_f1_s44_in22k_v5conf,best,19
ISIC_0058003,BCN_0003886,BCN_0003886,40-59,bcn20000,4,True,5,0.016227853,0.010161641,0.0062621934,0.070616014,0.005339342,0.8402865,0.05110649,0.031728838,,0.031728838,control,1,,44,control_f1_s44_in22k_v5conf,best,19
ISIC_0058022,BCN_0002958,BCN_0002958,60+,bcn20000,4,True,1,0.012212313,0.5273184,0.019149944,0.11618147,0.23330277,0.0021987006,0.0896364,0.7728335,,0.7728335,control,1,,44,control_f1_s44_in22k_v5conf,best,19
ISIC_0058032,BCN_0002549,BCN_0002549,40-59,bcn20000,3,False,3,0.42601693,0.0032124622,0.044021938,0.49725774,0.0053241663,0.00022391882,0.023942804,0.43455353,,0.43455353,control,1,,44,control_f1_s44_in22k_v5conf,best,19
ISIC_0058036,BCN_0002199,BCN_0002199,60+,bcn20000,4,True,4,0.0086249495,0.004412181,0.011930011,0.07637181,0.8300726,0.010703319,0.05788516,0.8431097,,0.8431097,control,1,,44,control_f1_s44_in22k_v5conf,best,19
ISIC_0058050,BCN_0000043,BCN_0000043,<40,bcn20000,4,True,5,0.023832792,0.0124344835,0.0061484254,0.116749585,0.3842686,0.38436276,0.0722034,0.4205359,,0.4205359,control,1,,44,control_f1_s44_in22k_v5conf,best,19
ISIC_0058071,BCN_0001116,BCN_0001116,<40,bcn20000,5,False,5,0.01482874,0.014524352,0.00795283,0.06760895,0.0056165764,0.82831323,0.061155267,0.03496967,,0.03496967,control,1,,44,control_f1_s44_in22k_v5conf,best,19
ISIC_0058072,BCN_0002852,BCN_0002852,40-59,bcn20000,5,False,5,0.010090296,0.007278505,0.006935161,0.07015496,0.00514637,0.84911907,0.051275615,0.02251517,,0.02251517,control,1,,44,control_f1_s44_in22k_v5conf,best,19
ISIC_0058091,BCN_0000393,BCN_0000393,60+,bcn20000,1,True,1,0.011026985,0.89264643,0.0039291144,0.04786074,0.0060024504,0.0033340652,0.0352002,0.90967584,,0.90967584,control,1,,44,control_f1_s44_in22k_v5conf,best,19
ISIC_0058110,BCN_0005101,BCN_0005101,40-59,bcn20000,5,False,5,0.018761912,0.006846429,0.006240183,0.07809258,0.03219695,0.8124372,0.045424737,0.057805292,,0.057805292,control,1,,44,control_f1_s44_in22k_v5conf,best,19
ISIC_0058138,BCN_0004592,BCN_0004592,60+,bcn20000,4,True,4,0.016045699,0.0065085525,0.009514241,0.05960828,0.86024654,0.0022161275,0.045860585,0.8828008,,0.8828008,control,1,,44,control_f1_s44_in22k_v5conf,best,19
ISIC_0058145,BCN_0002671,BCN_0002671,unknown,bcn20000,5,False,5,0.008774033,0.0055930195,0.009034017,0.06760524,0.004785259,0.8618635,0.042344984,0.019152312,,0.019152312,control,1,,44,control_f1_s44_in22k_v5conf,best,19
ISIC_0058150,BCN_0005675,BCN_0005675,40-59,bcn20000,1,True,1,0.008577406,0.8974552,0.008162068,0.046596963,0.0036218045,0.0036567764,0.031929772,0.90965444,,0.90965444,control,1,,44,control_f1_s44_in22k_v5conf,best,19
ISIC_0058151,BCN_0002318,BCN_0002318,40-59,bcn20000,4,True,4,0.005178937,0.006464892,0.006617528,0.06829201,0.7269167,0.13902424,0.04750578,0.7385605,,0.7385605,control,1,,44,control_f1_s44_in22k_v5conf,best,19
ISIC_0058168,BCN_0003726,BCN_0003726,40-59,bcn20000,4,True,4,0.008942299,0.008216126,0.009553049,0.0929512,0.5871033,0.22972931,0.063504696,0.60426176,,0.60426176,control,1,,44,control_f1_s44_in22k_v5conf,best,19
ISIC_0058174,BCN_0001516,BCN_0001516,60+,bcn20000,4,True,4,0.010287245,0.0048838016,0.005996226,0.055696327,0.8826832,0.0021820662,0.038271137,0.89785427,,0.89785427,control,1,,44,control_f1_s44_in22k_v5conf,best,19
ISIC_0058193,BCN_0000158,BCN_0000158,40-59,bcn20000,1,True,5,0.0073080966,0.015825545,0.0027595095,0.061594713,0.0018731764,0.8605706,0.050068293,0.02500682,,0.02500682,control,1,,44,control_f1_s44_in22k_v5conf,best,19
ISIC_0058221,BCN_0000483,BCN_0000483,<40,bcn20000,5,False,5,0.010589786,0.006206039,0.0058090608,0.07099928,0.0070663574,0.85155416,0.04777534,0.023862183,,0.023862183,control,1,,44,control_f1_s44_in22k_v5conf,best,19
ISIC_0058222,BCN_0001559,BCN_0001559,60+,bcn20000,1,True,1,0.007750765,0.8955703,0.008340498,0.05155863,0.0046910495,0.002801466,0.029287303,0.9080121,,0.9080121,control,1,,44,control_f1_s44_in22k_v5conf,best,19
ISIC_0058231,BCN_0002599,BCN_0002599,<40,bcn20000,5,False,5,0.019383699,0.012533728,0.010484529,0.08387019,0.01159256,0.8071962,0.05493913,0.043509986,,0.043509986,control,1,,44,control_f1_s44_in22k_v5conf,best,19
ISIC_0058232,BCN_0000312,BCN_0000312,40-59,bcn20000,1,True,1,0.010655537,0.90947676,0.0055283178,0.0409388,0.0039847507,0.0022098345,0.027205996,0.924117,,0.924117,control,1,,44,control_f1_s44_in22k_v5conf,best,19
ISIC_0058248,BCN_0002445,BCN_0002445,40-59,bcn20000,5,False,5,0.011075099,0.006857141,0.0069998517,0.06892369,0.0061096223,0.85011756,0.04991711,0.024041861,,0.024041861,control,1,,44,control_f1_s44_in22k_v5conf,best,19
ISIC_0058264,BCN_0002400,BCN_0002400,40-59,bcn20000,1,True,1,0.010628224,0.8378326,0.0050787707,0.063767895,0.039372012,0.0039784163,0.03934208,0.8878329,,0.8878329,control,1,,44,control_f1_s44_in22k_v5conf,best,19
ISIC_0058293,BCN_0003684,BCN_0003684,60+,bcn20000,2,False,0,0.9255674,0.0028671208,0.014292344,0.02929099,0.005119476,0.0010442705,0.021818427,0.933554,,0.933554,control,1,,44,control_f1_s44_in22k_v5conf,best,19
ISIC_0058298,BCN_0004468,BCN_0004468,40-59,bcn20000,4,True,2,0.06642213,0.01021347,0.7691488,0.079828516,0.012519995,0.003802178,0.05806485,0.08915559,,0.08915559,control,1,,44,control_f1_s44_in22k_v5conf,best,19
ISIC_0058303,BCN_0000549,BCN_0000549,60+,bcn20000,4,True,4,0.012613559,0.008350323,0.008691805,0.05659921,0.87252927,0.0018996085,0.039316278,0.8934932,,0.8934932,control,1,,44,control_f1_s44_in22k_v5conf,best,19
ISIC_0058344,BCN_0001724,BCN_0001724,60+,bcn20000,4,True,4,0.008886965,0.0049001477,0.004092273,0.055889394,0.8849668,0.0028655522,0.038398847,0.8987539,,0.8987539,control,1,,44,control_f1_s44_in22k_v5conf,best,19
ISIC_0058397,BCN_0001375,BCN_0001375,60+,bcn20000,5,False,5,0.049454328,0.3061197,0.004070206,0.076217756,0.0097419545,0.48938197,0.06501399,0.365316,,0.365316,control,1,,44,control_f1_s44_in22k_v5conf,best,19
ISIC_0058399,BCN_0005263,BCN_0005263,60+,bcn20000,4,True,4,0.0073256544,0.010331637,0.0018069104,0.046709567,0.89620495,0.0014153094,0.03620612,0.9138622,,0.9138622,control,1,,44,control_f1_s44_in22k_v5conf,best,19
ISIC_0058426,BCN_0001087,BCN_0001087,60+,bcn20000,4,True,5,0.01069775,0.006866359,0.00435737,0.07237759,0.006919286,0.85034806,0.048433583,0.024483398,,0.024483398,control,1,,44,control_f1_s44_in22k_v5conf,best,19
ISIC_0058460,BCN_0001387,BCN_0001387,40-59,bcn20000,0,True,1,0.208607,0.63244,0.033207003,0.07154687,0.0025456042,0.0019097585,0.049743798,0.8435926,,0.8435926,control,1,,44,control_f1_s44_in22k_v5conf,best,19
ISIC_0058477,BCN_0004665,BCN_0004665,40-59,bcn20000,5,False,5,0.010882429,0.005260274,0.0066565694,0.061780736,0.005311723,0.85534143,0.054766938,0.021454427,,0.021454427,control,1,,44,control_f1_s44_in22k_v5conf,best,19
ISIC_0058482,BCN_0005696,BCN_0005696,60+,bcn20000,1,True,1,0.010711812,0.9060513,0.004944853,0.043250874,0.0036510872,0.0025039325,0.028886184,0.92041415,,0.92041415,control,1,,44,control_f1_s44_in22k_v5conf,best,19
ISIC_0058526,BCN_0002074,BCN_0002074,60+,bcn20000,4,True,4,0.005867637,0.0076088356,0.007311451,0.05744845,0.868963,0.003372812,0.04942783,0.8824395,,0.8824395,control,1,,44,control_f1_s44_in22k_v5conf,best,19
ISIC_0058532,BCN_0005193,BCN_0005193,40-59,bcn20000,2,False,4,0.020976052,0.09164661,0.03328485,0.082398765,0.6658197,0.0006511255,0.105222814,0.7784424,,0.7784424,control,1,,44,control_f1_s44_in22k_v5conf,best,19
ISIC_0058538,BCN_0003520,BCN_0003520,60+,bcn20000,5,False,5,0.011837304,0.0075301914,0.007382123,0.06553037,0.013352671,0.83587015,0.058497258,0.032720167,,0.032720167,control,1,,44,control_f1_s44_in22k_v5conf,best,19
ISIC_0058563,BCN_0003443,BCN_0003443,60+,bcn20000,2,False,4,0.017004183,0.0039013172,0.0061595286,0.07017906,0.85422534,0.0023599472,0.046170715,0.87513083,,0.87513083,control,1,,44,control_f1_s44_in22k_v5conf,best,19
ISIC_0058565,BCN_0002549,BCN_0002549,40-59,bcn20000,3,False,3,0.26160908,0.13244303,0.018958716,0.51366955,0.0283994,0.0007048509,0.04421538,0.4224515,,0.4224515,control,1,,44,control_f1_s44_in22k_v5conf,best,19
ISIC_0058569,BCN_0003629,BCN_0003629,60+,bcn20000,4,True,4,0.011649306,0.0054003433,0.009161905,0.060988132,0.8667401,0.0019528843,0.04410733,0.8837898,,0.8837898,control,1,,44,control_f1_s44_in22k_v5conf,best,19
ISIC_0058576,BCN_0000665,BCN_0000665,60+,bcn20000,1,True,1,0.012632856,0.87952924,0.0055036014,0.054743204,0.005143863,0.004772482,0.037674744,0.89730597,,0.89730597,control,1,,44,control_f1_s44_in22k_v5conf,best,19
ISIC_0058593,BCN_0000079,BCN_0000079,60+,bcn20000,0,True,0,0.86651725,0.022789082,0.015794031,0.05162923,0.0045500025,0.0015627518,0.037157603,0.8938563,,0.8938563,control,1,,44,control_f1_s44_in22k_v5conf,best,19
ISIC_0058602,BCN_0004525,BCN_0004525,60+,bcn20000,1,True,1,0.011186329,0.8816477,0.006008552,0.054784123,0.0054113953,0.004993926,0.03596792,0.8982454,,0.8982454,control,1,,44,control_f1_s44_in22k_v5conf,best,19
ISIC_0058606,BCN_0004158,BCN_0004158,<40,bcn20000,5,False,5,0.013281968,0.008710319,0.006454965,0.07173749,0.006592622,0.8424312,0.05079153,0.02858491,,0.02858491,control,1,,44,control_f1_s44_in22k_v5conf,best,19
ISIC_0058615,BCN_0004567,BCN_0004567,<40,bcn20000,5,False,5,0.011263663,0.0090916725,0.00828871,0.07436641,0.0060411394,0.83248514,0.058463223,0.026396476,,0.026396476,control,1,,44,control_f1_s44_in22k_v5conf,best,19
ISIC_0058642,BCN_0000162,BCN_0000162,40-59,bcn20000,5,False,5,0.028184121,0.007421466,0.01870781,0.11221685,0.36079612,0.38197264,0.09070102,0.3964017,,0.3964017,control,1,,44,control_f1_s44_in22k_v5conf,best,19
ISIC_0058649,BCN_0001747,BCN_0001747,60+,bcn20000,4,True,4,0.027873965,0.036947165,0.0043203225,0.06565403,0.81358135,0.0006484348,0.050974686,0.8784025,,0.8784025,control,1,,44,control_f1_s44_in22k_v5conf,best,19
ISIC_0058662,BCN_0003555,BCN_0003555,60+,bcn20000,1,True,1,0.095422395,0.7478381,0.0041589746,0.08067196,0.0058939937,0.0042786067,0.06173599,0.8491545,,0.8491545,control,1,,44,control_f1_s44_in22k_v5conf,best,19
ISIC_0058666,BCN_0002316,BCN_0002316,60+,bcn20000,4,True,4,0.009511127,0.064775705,0.008088927,0.085774906,0.76810586,0.0026475338,0.061095815,0.8423927,,0.8423927,control,1,,44,control_f1_s44_in22k_v5conf,best,19
ISIC_0058670,BCN_0001490,BCN_0001490,40-59,bcn20000,1,True,1,0.011278437,0.8728826,0.0059038647,0.06195984,0.004785256,0.0044690794,0.03872091,0.8889463,,0.8889463,control,1,,44,control_f1_s44_in22k_v5conf,best,19
ISIC_0058676,BCN_0002316,BCN_0002316,60+,bcn20000,4,True,4,0.008326049,0.0062591885,0.0067303623,0.05599411,0.8821713,0.0019715433,0.038547494,0.89675653,,0.89675653,control,1,,44,control_f1_s44_in22k_v5conf,best,19
ISIC_0058680,BCN_0000791,BCN_0000791,40-59,bcn20000,1,True,1,0.013569165,0.8976989,0.004098074,0.045684244,0.0054407674,0.0025410892,0.030967824,0.9167088,,0.9167088,control,1,,44,control_f1_s44_in22k_v5conf,best,19
ISIC_0058709,BCN_0004259,BCN_0004259,60+,bcn20000,1,True,1,0.006267653,0.88607514,0.019765042,0.043423418,0.0034594375,0.005818797,0.03519054,0.89580226,,0.89580226,control,1,,44,control_f1_s44_in22k_v5conf,best,19
ISIC_0058717,BCN_0005193,BCN_0005193,40-59,bcn20000,2,False,4,0.013287197,0.13409139,0.038381293,0.10840568,0.42328128,0.001087784,0.28146538,0.5706599,,0.5706599,control,1,,44,control_f1_s44_in22k_v5conf,best,19
ISIC_0058719,BCN_0005621,BCN_0005621,40-59,bcn20000,5,False,5,0.006407142,0.0060776724,0.0034761075,0.07002754,0.027181149,0.8379561,0.04887444,0.039665964,,0.039665964,control,1,,44,control_f1_s44_in22k_v5conf,best,19
ISIC_0058761,BCN_0004079,BCN_0004079,40-59,bcn20000,5,False,5,0.004641425,0.050769113,0.0061033047,0.08774499,0.04847379,0.7276829,0.074584514,0.103884324,,0.103884324,control,1,,44,control_f1_s44_in22k_v5conf,best,19
ISIC_0058765,BCN_0000315,BCN_0000315,60+,bcn20000,1,True,1,0.011866489,0.8829846,0.0067031146,0.04957931,0.0063254265,0.0025104436,0.040030587,0.9011765,,0.9011765,control,1,,44,control_f1_s44_in22k_v5conf,best,19
ISIC_0058778,BCN_0004638,BCN_0004638,60+,bcn20000,2,False,2,0.0049105603,0.024691822,0.8795666,0.04721687,0.0026812016,0.004354943,0.03657805,0.032283586,,0.032283586,control,1,,44,control_f1_s44_in22k_v5conf,best,19
ISIC_0058812,BCN_0001216,BCN_0001216,<40,bcn20000,5,False,5,0.011077622,0.008557996,0.0063168514,0.057864387,0.0043774624,0.86511415,0.04669151,0.02401308,,0.02401308,control,1,,44,control_f1_s44_in22k_v5conf,best,19
ISIC_0058815,BCN_0005193,BCN_0005193,40-59,bcn20000,2,False,4,0.014111492,0.23432085,0.024401834,0.08300301,0.52988464,0.0005798921,0.113698356,0.778317,,0.778317,control,1,,44,control_f1_s44_in22k_v5conf,best,19
ISIC_0058819,BCN_0001864,BCN_0001864,60+,bcn20000,1,True,1,0.005941463,0.82301766,0.0024165711,0.09967124,0.0053894906,0.013270188,0.050293483,0.8343486,,0.8343486,control,1,,44,control_f1_s44_in22k_v5conf,best,19
ISIC_0058820,BCN_0001770,BCN_0001770,60+,bcn20000,5,False,4,0.00990303,0.0072301854,0.0069593373,0.060900524,0.85621893,0.010361702,0.048426267,0.87335217,,0.87335217,control,1,,44,control_f1_s44_in22k_v5conf,best,19
ISIC_0058863,BCN_0000680,BCN_0000680,40-59,bcn20000,4,True,4,0.010781067,0.011068586,0.0046256282,0.07538496,0.64511263,0.20527026,0.04775686,0.66696227,,0.66696227,control,1,,44,control_f1_s44_in22k_v5conf,best,19
ISIC_0058895,BCN_0005039,BCN_0005039,60+,bcn20000,5,False,5,0.022412535,0.011538065,0.0046222317,0.0718972,0.10097871,0.7294494,0.05910184,0.13492931,,0.13492931,control,1,,44,control_f1_s44_in22k_v5conf,best,19
ISIC_0058920,BCN_0002155,BCN_0002155,60+,bcn20000,0,True,0,0.92693543,0.0020885016,0.0023757971,0.03412689,0.005927743,0.0023585602,0.02618705,0.93495166,,0.93495166,control,1,,44,control_f1_s44_in22k_v5conf,best,19
ISIC_0058924,BCN_0004918,BCN_0004918,40-59,bcn20000,0,True,1,0.014388327,0.87690085,0.0075403955,0.057515033,0.0044594915,0.0038264536,0.03536945,0.8957487,,0.8957487,control,1,,44,control_f1_s44_in22k_v5conf,best,19
ISIC_0058946,BCN_0003983,BCN_0003983,<40,bcn20000,5,False,5,0.010691915,0.008995246,0.007080676,0.0712062,0.010971725,0.8397048,0.051349465,0.030658886,,0.030658886,control,1,,44,control_f1_s44_in22k_v5conf,best,19
ISIC_0058967,BCN_0001290,BCN_0001290,60+,bcn20000,0,True,2,0.09118828,0.00385313,0.75950354,0.061306175,0.00493659,0.025981495,0.053230755,0.099978,,0.099978,control,1,,44,control_f1_s44_in22k_v5conf,best,19
ISIC_0058974,BCN_0001363,BCN_0001363,40-59,bcn20000,2,False,0,0.91740006,0.0017366782,0.0020547442,0.0390794,0.006329821,0.0022659597,0.031133262,0.9254666,,0.9254666,control,1,,44,control_f1_s44_in22k_v5conf,best,19
ISIC_0058994,BCN_0001619,BCN_0001619,40-59,bcn20000,0,True,0,0.5905062,0.16126966,0.07494564,0.09111962,0.0021572192,0.0037781366,0.07622345,0.7539331,,0.7539331,control,1,,44,control_f1_s44_in22k_v5conf,best,19
ISIC_0058998,BCN_0000320,BCN_0000320,40-59,bcn20000,5,False,1,0.009396311,0.8748741,0.0072829663,0.06501134,0.0023679216,0.0034344092,0.037632965,0.88663834,,0.88663834,control,1,,44,control_f1_s44_in22k_v5conf,best,19
ISIC_0059006,BCN_0000107,BCN_0000107,40-59,bcn20000,1,True,1,0.009860071,0.87730163,0.008410874,0.05592044,0.004030696,0.003963301,0.040513,0.89119244,,0.89119244,control,1,,44,control_f1_s44_in22k_v5conf,best,19
ISIC_0059018,BCN_0004843,BCN_0004843,<40,bcn20000,5,False,5,0.011539447,0.011387108,0.0061761285,0.06751843,0.009813844,0.8451212,0.048443764,0.0327404,,0.0327404,control,1,,44,control_f1_s44_in22k_v5conf,best,19
ISIC_0059032,BCN_0000079,BCN_0000079,60+,bcn20000,0,True,0,0.9226052,0.005267595,0.009292868,0.026039375,0.010655834,0.00078390667,0.025355207,0.93852866,,0.93852866,control,1,,44,control_f1_s44_in22k_v5conf,best,19
ISIC_0059033,BCN_0001254,BCN_0001254,60+,bcn20000,1,True,1,0.0040053963,0.88566774,0.0048311767,0.058739267,0.008591229,0.0026581436,0.035507098,0.89826435,,0.89826435,control,1,,44,control_f1_s44_in22k_v5conf,best,19
ISIC_0059035,BCN_0002588,BCN_0002588,40-59,bcn20000,2,False,2,0.024049556,0.054290693,0.75214404,0.081280984,0.011347086,0.010622971,0.06626467,0.08968733,,0.08968733,control,1,,44,control_f1_s44_in22k_v5conf,best,19
ISIC_0059058,BCN_0000740,BCN_0000740,40-59,bcn20000,0,True,2,0.012420027,0.27105695,0.37700388,0.22484013,0.023720229,0.029659074,0.06129965,0.3071972,,0.3071972,control,1,,44,control_f1_s44_in22k_v5conf,best,19
ISIC_0059065,BCN_0001747,BCN_0001747,60+,bcn20000,4,True,2,0.094793014,0.011807855,0.6823798,0.06643994,0.079523765,0.0041122027,0.06094346,0.18612462,,0.18612462,control,1,,44,control_f1_s44_in22k_v5conf,best,19
ISIC_0059067,BCN_0000408,BCN_0000408,<40,bcn20000,5,False,5,0.021887986,0.0501171,0.0034913719,0.079992324,0.0040994333,0.7635144,0.076897405,0.07610452,,0.07610452,control,1,,44,control_f1_s44_in22k_v5conf,best,19
ISIC_0059069,BCN_0001687,BCN_0001687,60+,bcn20000,4,True,4,0.008226566,0.005785399,0.009153416,0.05362029,0.87604624,0.004973604,0.04219449,0.8900582,,0.8900582,control,1,,44,control_f1_s44_in22k_v5conf,best,19
ISIC_0059091,BCN_0002611,BCN_0002611,60+,bcn20000,0,True,1,0.14635076,0.6109039,0.09352024,0.08355059,0.0037207336,0.0034154868,0.058538247,0.7609754,,0.7609754,control,1,,44,control_f1_s44_in22k_v5conf,best,19
ISIC_0059092,BCN_0003215,BCN_0003215,40-59,bcn20000,4,True,4,0.072128944,0.0044587976,0.012716288,0.08379107,0.76134485,0.00347902,0.06208106,0.8379326,,0.8379326,control,1,,44,control_f1_s44_in22k_v5conf,best,19
ISIC_0059109,BCN_0003128,BCN_0003128,40-59,bcn20000,2,False,2,0.0063620494,0.010135248,0.8999955,0.04246715,0.013598296,0.007844018,0.019597745,0.030095592,,0.030095592,control,1,,44,control_f1_s44_in22k_v5conf,best,19
ISIC_0059121,BCN_0002666,BCN_0002666,40-59,bcn20000,1,True,1,0.013121215,0.8817564,0.005943166,0.052792963,0.0052812193,0.0055746655,0.03553031,0.9001588,,0.9001588,control,1,,44,control_f1_s44_in22k_v5conf,best,19
ISIC_0059122,BCN_0004558,BCN_0004558,60+,bcn20000,5,False,1,0.016490925,0.4645603,0.009127186,0.13460772,0.0067989067,0.2708689,0.09754613,0.48785013,,0.48785013,control,1,,44,control_f1_s44_in22k_v5conf,best,19
ISIC_0059131,BCN_0004227,BCN_0004227,60+,bcn20000,5,False,5,0.008171405,0.006120832,0.010854573,0.060745247,0.022857543,0.8487106,0.042539723,0.03714978,,0.03714978,control,1,,44,control_f1_s44_in22k_v5conf,best,19
ISIC_0059166,BCN_0002632,BCN_0002632,<40,bcn20000,5,False,5,0.009164728,0.0060659205,0.021685898,0.06512588,0.007522792,0.83950907,0.05092575,0.02275344,,0.02275344,control,1,,44,control_f1_s44_in22k_v5conf,best,19
ISIC_0059183,BCN_0002599,BCN_0002599,<40,bcn20000,5,False,5,0.0162828,0.010093896,0.01046866,0.082746066,0.02648181,0.7999968,0.05392988,0.052858505,,0.052858505,control,1,,44,control_f1_s44_in22k_v5conf,best,19
ISIC_0059187,BCN_0002857,BCN_0002857,<40,bcn20000,5,False,5,0.010845284,0.0074189794,0.012047626,0.069259286,0.011066473,0.84201574,0.04734659,0.029330738,,0.029330738,control,1,,44,control_f1_s44_in22k_v5conf,best,19
ISIC_0059192,BCN_0003128,BCN_0003128,40-59,bcn20000,2,False,2,0.008397102,0.015542288,0.9088114,0.036008,0.007997445,0.004386484,0.0188572,0.031936835,,0.031936835,control,1,,44,control_f1_s44_in22k_v5conf,best,19
ISIC_0059201,BCN_0005428,BCN_0005428,60+,bcn20000,1,True,1,0.018717188,0.8775018,0.0046239947,0.05456422,0.003980582,0.003438936,0.03717333,0.90019953,,0.90019953,control,1,,44,control_f1_s44_in22k_v5conf,best,19
ISIC_0059208,BCN_0002979,BCN_0002979,40-59,bcn20000,5,False,5,0.008939565,0.005765889,0.0066293944,0.07168059,0.05533951,0.7991049,0.052540217,0.070044965,,0.070044965,control,1,,44,control_f1_s44_in22k_v5conf,best,19
ISIC_0059209,BCN_0005470,BCN_0005470,60+,bcn20000,4,True,1,0.012960249,0.7048338,0.0826581,0.100384206,0.005090207,0.03460325,0.059470102,0.7228843,,0.7228843,control,1,,44,control_f1_s44_in22k_v5conf,best,19
ISIC_0059210,BCN_0003431,BCN_0003431,60+,bcn20000,1,True,1,0.008418037,0.89855784,0.0032805651,0.046673715,0.0078092813,0.0028084726,0.032452025,0.91478515,,0.91478515,control,1,,44,control_f1_s44_in22k_v5conf,best,19
ISIC_0059220,BCN_0003354,BCN_0003354,60+,bcn20000,5,False,5,0.00985674,0.008553,0.0044105514,0.067362286,0.004958526,0.85357463,0.05128425,0.023368265,,0.023368265,control,1,,44,control_f1_s44_in22k_v5conf,best,19
ISIC_0059223,BCN_0000120,BCN_0002991,60+,bcn20000,2,False,2,0.011031848,0.0047006435,0.9148084,0.037278913,0.004036233,0.0013270614,0.026816946,0.019768724,,0.019768724,control,1,,44,control_f1_s44_in22k_v5conf,best,19
ISIC_0059226,BCN_0003979,BCN_0003979,60+,bcn20000,1,True,1,0.3203657,0.5243784,0.00869173,0.07669413,0.0028178745,0.004844105,0.062208053,0.84756196,,0.84756196,control,1,,44,control_f1_s44_in22k_v5conf,best,19
ISIC_0059228,BCN_0000713,BCN_0000713,40-59,bcn20000,5,False,1,0.012224569,0.86627173,0.006119208,0.06317943,0.004997453,0.004724557,0.042483035,0.8834937,,0.8834937,control,1,,44,control_f1_s44_in22k_v5conf,best,19
ISIC_0059235,BCN_0003267,BCN_0003267,<40,bcn20000,5,False,5,0.011682897,0.008413843,0.0071015134,0.0693201,0.0053661657,0.8472862,0.050829172,0.025462905,,0.025462905,control,1,,44,control_f1_s44_in22k_v5conf,best,19
ISIC_0059245,BCN_0005101,BCN_0005101,40-59,bcn20000,5,False,5,0.0225993,0.0066322326,0.005155559,0.0782836,0.008312597,0.83003026,0.048986524,0.03754413,,0.03754413,control,1,,44,control_f1_s44_in22k_v5conf,best,19
ISIC_0059264,BCN_0000728,BCN_0000728,60+,bcn20000,4,True,4,0.0611377,0.013054393,0.006950885,0.07893786,0.7711721,0.0015931786,0.06715386,0.8453642,,0.8453642,control,1,,44,control_f1_s44_in22k_v5conf,best,19
ISIC_0059295,BCN_0004440,BCN_0004440,40-59,bcn20000,6,False,5,0.00048621456,0.015458499,0.0045874454,0.03173677,0.057610717,0.8421831,0.047937218,0.07355543,,0.07355543,control,1,,44,control_f1_s44_in22k_v5conf,best,19
ISIC_0059324,BCN_0003890,BCN_0003890,60+,bcn20000,1,True,1,0.00900327,0.5595886,0.0020857458,0.12435791,0.006970072,0.1496876,0.14830682,0.57556194,,0.57556194,control,1,,44,control_f1_s44_in22k_v5conf,best,19
ISIC_0059330,BCN_0003726,BCN_0003726,40-59,bcn20000,4,True,4,0.0046512485,0.0029080352,0.0049337363,0.045578174,0.8981228,0.010151251,0.033654813,0.9056821,,0.9056821,control,1,,44,control_f1_s44_in22k_v5conf,best,19
ISIC_0059342,BCN_0003261,BCN_0003261,60+,bcn20000,0,True,1,0.009318101,0.88706017,0.0023962515,0.038891394,0.019100353,0.002437083,0.040796537,0.91547865,,0.91547865,control,1,,44,control_f1_s44_in22k_v5conf,best,19
ISIC_0059354,BCN_0003820,BCN_0003820,60+,bcn20000,5,False,5,0.009776243,0.007337488,0.0049082995,0.058666326,0.0044157133,0.8720175,0.042878315,0.021529444,,0.021529444,control,1,,44,control_f1_s44_in22k_v5conf,best,19
ISIC_0059358,BCN_0004305,BCN_0004305,60+,bcn20000,4,True,4,0.0066860016,0.005060959,0.0038624378,0.04209789,0.9086322,0.0017612512,0.031899214,0.92037916,,0.92037916,control,1,,44,control_f1_s44_in22k_v5conf,best,19
ISIC_0059363,BCN_0000120,BCN_0002991,60+,bcn20000,2,False,2,0.01699281,0.0068485592,0.8834691,0.049714338,0.0037391777,0.0027292005,0.036506847,0.027580546,,0.027580546,control,1,,44,control_f1_s44_in22k_v5conf,best,19
ISIC_0059376,BCN_0002445,BCN_0002445,40-59,bcn20000,5,False,5,0.012720555,0.007695044,0.008142452,0.07555461,0.005917165,0.83439595,0.055574197,0.026332764,,0.026332764,control,1,,44,control_f1_s44_in22k_v5conf,best,19
ISIC_0059387,BCN_0000728,BCN_0000728,60+,bcn20000,4,True,4,0.02625943,0.019737022,0.008448024,0.07542154,0.8136113,0.0016927547,0.054829773,0.85960776,,0.85960776,control,1,,44,control_f1_s44_in22k_v5conf,best,19
ISIC_0059423,BCN_0001204,BCN_0001204,60+,bcn20000,4,True,5,0.048794083,0.01293923,0.008851547,0.08512129,0.04568218,0.74342376,0.05518795,0.1074155,,0.1074155,control,1,,44,control_f1_s44_in22k_v5conf,best,19
ISIC_0059443,BCN_0003726,BCN_0003726,40-59,bcn20000,4,True,4,0.006262604,0.0051933522,0.013103228,0.094325595,0.74880755,0.06948319,0.06282441,0.7602635,,0.7602635,control,1,,44,control_f1_s44_in22k_v5conf,best,19
ISIC_0059457,BCN_0005101,BCN_0005101,40-59,bcn20000,5,False,5,0.014806515,0.010000785,0.0049378234,0.068868235,0.09994632,0.7659033,0.03553709,0.124753624,,0.124753624,control,1,,44,control_f1_s44_in22k_v5conf,best,19
ISIC_0059462,BCN_0005704,BCN_0005704,60+,bcn20000,1,True,1,0.020535301,0.86757106,0.0026182327,0.06601873,0.0033698943,0.0032293573,0.03665736,0.8914762,,0.8914762,control,1,,44,control_f1_s44_in22k_v5conf,best,19
ISIC_0059465,BCN_0004128,BCN_0004128,40-59,bcn20000,5,False,5,0.011776704,0.0086218575,0.006849601,0.07367239,0.010360566,0.8418278,0.046891082,0.030759126,,0.030759126,control,1,,44,control_f1_s44_in22k_v5conf,best,19
ISIC_0059468,BCN_0001116,BCN_0001116,<40,bcn20000,5,False,5,0.05085574,0.11933632,0.123349905,0.1424039,0.014661019,0.46633872,0.08305439,0.18485308,,0.18485308,control,1,,44,control_f1_s44_in22k_v5conf,best,19
ISIC_0059484,BCN_0000811,BCN_0000811,<40,bcn20000,6,False,1,0.0066743423,0.7985865,0.03300623,0.08978847,0.01277843,0.005816789,0.053349234,0.81803924,,0.81803924,control,1,,44,control_f1_s44_in22k_v5conf,best,19
ISIC_0059486,BCN_0001687,BCN_0001687,60+,bcn20000,4,True,4,0.009867135,0.01150732,0.005150111,0.059972573,0.8660804,0.003560558,0.04386199,0.88745487,,0.88745487,control,1,,44,control_f1_s44_in22k_v5conf,best,19
ISIC_0059517,BCN_0002193,BCN_0002193,40-59,bcn20000,1,True,1,0.011253615,0.8900738,0.0043472988,0.052199338,0.0046372977,0.003283003,0.034205683,0.9059647,,0.9059647,control,1,,44,control_f1_s44_in22k_v5conf,best,19
ISIC_0059524,BCN_0000327,BCN_0000327,40-59,bcn20000,1,True,2,0.008514111,0.0117023215,0.8817785,0.051391028,0.0024682458,0.0056814766,0.03846445,0.022684677,,0.022684677,control,1,,44,control_f1_s44_in22k_v5conf,best,19
ISIC_0059593,BCN_0001964,BCN_0001964,<40,bcn20000,4,True,5,0.0037824083,0.0013274082,0.003497819,0.17248447,0.0020891072,0.7933377,0.023481028,0.007198924,,0.007198924,control,1,,44,control_f1_s44_in22k_v5conf,best,19
ISIC_0059599,BCN_0004759,BCN_0004759,60+,bcn20000,1,True,5,0.0087556355,0.0084186625,0.003915899,0.06343548,0.0030663211,0.86738235,0.045025665,0.02024062,,0.02024062,control,1,,44,control_f1_s44_in22k_v5conf,best,19
ISIC_0059608,BCN_0002694,BCN_0002694,40-59,bcn20000,4,True,4,0.017097771,0.015018292,0.006668454,0.06696401,0.7669725,0.072393395,0.05488572,0.79908854,,0.79908854,control,1,,44,control_f1_s44_in22k_v5conf,best,19
ISIC_0059621,BCN_0003901,BCN_0003901,60+,bcn20000,5,False,5,0.011640562,0.0077302232,0.0054016756,0.06878846,0.007366975,0.8493249,0.04974715,0.02673776,,0.02673776,control,1,,44,control_f1_s44_in22k_v5conf,best,19
ISIC_0059661,BCN_0003820,BCN_0003820,60+,bcn20000,5,False,5,0.010541535,0.007866868,0.00552231,0.059343997,0.0041866573,0.8675213,0.045017313,0.02259506,,0.02259506,control,1,,44,control_f1_s44_in22k_v5conf,best,19
ISIC_0059671,BCN_0001724,BCN_0001724,60+,bcn20000,4,True,4,0.009094086,0.004822675,0.004874751,0.05799598,0.88082445,0.0018385603,0.040549543,0.8947412,,0.8947412,control,1,,44,control_f1_s44_in22k_v5conf,best,19
ISIC_0059697,BCN_0002626,BCN_0002626,60+,bcn20000,4,True,4,0.011164803,0.0036160508,0.014388308,0.049334455,0.87503225,0.0018185959,0.04464546,0.8898131,,0.8898131,control,1,,44,control_f1_s44_in22k_v5conf,best,19
ISIC_0059703,BCN_0000086,BCN_0000086,<40,bcn20000,4,True,5,0.011986142,0.009848663,0.0063403174,0.072197914,0.0076808804,0.8403479,0.051598232,0.029515686,,0.029515686,control,1,,44,control_f1_s44_in22k_v5conf,best,19
ISIC_0059713,BCN_0002747,BCN_0002747,<40,bcn20000,5,False,5,0.0034842207,0.0009085576,0.0009628728,0.24042374,0.0029455998,0.7234527,0.027822373,0.0073383786,,0.0073383786,control,1,,44,control_f1_s44_in22k_v5conf,best,19
ISIC_0059720,BCN_0003585,BCN_0003585,60+,bcn20000,0,True,4,0.009123886,0.004104564,0.0051669655,0.050687462,0.8910101,0.0011989194,0.038708095,0.9042386,,0.9042386,control,1,,44,control_f1_s44_in22k_v5conf,best,19
ISIC_0059721,BCN_0005164,BCN_0005164,<40,bcn20000,5,False,5,0.012344566,0.017282853,0.0055180388,0.07390746,0.08900197,0.7409417,0.061003357,0.11862939,,0.11862939,control,1,,44,control_f1_s44_in22k_v5conf,best,19
ISIC_0059750,BCN_0004592,BCN_0004592,60+,bcn20000,4,True,4,0.18966085,0.026319506,0.0064523905,0.08264947,0.6357616,0.0015839603,0.057572138,0.85174197,,0.85174197,control,1,,44,control_f1_s44_in22k_v5conf,best,19
ISIC_0059756,BCN_0001845,BCN_0001845,<40,bcn20000,5,False,4,0.0050755744,0.0057149627,0.0073085558,0.059067648,0.86981785,0.008289134,0.0447263,0.8806084,,0.8806084,control,1,,44,control_f1_s44_in22k_v5conf,best,19
ISIC_0059761,BCN_0004019,BCN_0004019,60+,bcn20000,5,False,5,0.009924213,0.007449488,0.005413295,0.07624486,0.07184286,0.78531516,0.043810166,0.08921656,,0.08921656,control,1,,44,control_f1_s44_in22k_v5conf,best,19
ISIC_0059785,BCN_0004592,BCN_0004592,60+,bcn20000,4,True,4,0.012534441,0.0047106915,0.0066221366,0.06808376,0.848147,0.0029858032,0.056916144,0.8653921,,0.8653921,control,1,,44,control_f1_s44_in22k_v5conf,best,19
ISIC_0059806,BCN_0005362,BCN_0005362,60+,bcn20000,1,True,1,0.0372449,0.835209,0.009129283,0.06375512,0.003023153,0.0027144398,0.048924077,0.8754771,,0.8754771,control,1,,44,control_f1_s44_in22k_v5conf,best,19
ISIC_0059811,BCN_0000120,BCN_0001123,40-59,bcn20000,1,True,1,0.00957706,0.89655614,0.00355171,0.052733146,0.0025004037,0.0032889796,0.031792466,0.9086336,,0.9086336,control,1,,44,control_f1_s44_in22k_v5conf,best,19
ISIC_0059814,BCN_0004592,BCN_0004592,60+,bcn20000,4,True,4,0.2705315,0.010142809,0.0027490358,0.10762868,0.52169025,0.0026378059,0.08461993,0.8023646,,0.8023646,control,1,,44,control_f1_s44_in22k_v5conf,best,19
ISIC_0059914,BCN_0005076,BCN_0005076,60+,bcn20000,1,True,1,0.016800586,0.92708194,0.0017685603,0.028315794,0.0021263282,0.002372482,0.021534307,0.94600886,,0.94600886,control,1,,44,control_f1_s44_in22k_v5conf,best,19
ISIC_0059920,BCN_0000286,BCN_0000286,40-59,bcn20000,1,True,1,0.009969989,0.88357055,0.005110569,0.051184293,0.0036244458,0.00668832,0.039851822,0.897165,,0.897165,control,1,,44,control_f1_s44_in22k_v5conf,best,19
ISIC_0059937,BCN_0000460,BCN_0000460,40-59,bcn20000,5,False,5,0.005091443,0.008966634,0.110221036,0.12887716,0.074940845,0.5726091,0.09929378,0.08899892,,0.08899892,control,1,,44,control_f1_s44_in22k_v5conf,best,19
ISIC_0059939,BCN_0003234,BCN_0003234,40-59,bcn20000,5,False,5,0.008706991,0.0048792767,0.0064098393,0.067335784,0.010713587,0.85729295,0.044661555,0.024299854,,0.024299854,control,1,,44,control_f1_s44_in22k_v5conf,best,19
ISIC_0059941,BCN_0001747,BCN_0001747,60+,bcn20000,4,True,4,0.2438331,0.006048434,0.06438475,0.038356964,0.60206723,0.0013213804,0.043988124,0.85194874,,0.85194874,control,1,,44,control_f1_s44_in22k_v5conf,best,19
ISIC_0059970,BCN_0001363,BCN_0001363,40-59,bcn20000,2,False,0,0.9331603,0.0015842647,0.0053728633,0.031171964,0.0051902067,0.0025359744,0.020984417,0.9399348,,0.9399348,control,1,,44,control_f1_s44_in22k_v5conf,best,19
ISIC_0059985,BCN_0000740,BCN_0000740,40-59,bcn20000,0,True,0,0.7582792,0.005567623,0.16435282,0.034652382,0.010167457,0.00048459033,0.02649597,0.7740143,,0.7740143,control,1,,44,control_f1_s44_in22k_v5conf,best,19
ISIC_0059999,BCN_0004775,BCN_0004775,60+,bcn20000,1,True,1,0.005488912,0.8584212,0.0053427913,0.049817417,0.0030245672,0.037581895,0.04032318,0.8669347,,0.8669347,control,1,,44,control_f1_s44_in22k_v5conf,best,19
ISIC_0060001,BCN_0000746,BCN_0000746,<40,bcn20000,5,False,5,0.008636384,0.008596801,0.0059577613,0.09472404,0.19523326,0.6240573,0.0627944,0.21246645,,0.21246645,control,1,,44,control_f1_s44_in22k_v5conf,best,19
ISIC_0060004,BCN_0001336,BCN_0001336,60+,bcn20000,2,False,2,0.08004917,0.008104792,0.72782016,0.063775994,0.01147302,0.059467055,0.0493098,0.09962699,,0.09962699,control,1,,44,control_f1_s44_in22k_v5conf,best,19
ISIC_0060008,BCN_0003890,BCN_0003890,60+,bcn20000,1,True,5,0.02063504,0.393281,0.0024526573,0.066063374,0.007886931,0.43972135,0.0699597,0.421803,,0.421803,control,1,,44,control_f1_s44_in22k_v5conf,best,19
ISIC_0060026,BCN_0003811,BCN_0003811,60+,bcn20000,5,False,4,0.020304635,0.0030635693,0.0051675574,0.09112286,0.6809315,0.12886618,0.07054364,0.7042997,,0.7042997,control,1,,44,control_f1_s44_in22k_v5conf,best,19
ISIC_0060099,BCN_0002675,BCN_0002675,60+,bcn20000,4,True,4,0.003238934,0.003243467,0.008269168,0.05300438,0.8819618,0.0017859316,0.048496325,0.88844424,,0.88844424,control,1,,44,control_f1_s44_in22k_v5conf,best,19
ISIC_0060101,BCN_0003156,BCN_0003156,60+,bcn20000,1,True,1,0.015435341,0.86420083,0.0058937785,0.06426879,0.005551515,0.0036575466,0.04099227,0.8851877,,0.8851877,control,1,,44,control_f1_s44_in22k_v5conf,best,19
ISIC_0060106,BCN_0000415,BCN_0000415,60+,bcn20000,5,False,5,0.014300049,0.012793509,0.11924695,0.09059615,0.016201379,0.6901196,0.056742318,0.043294936,,0.043294936,control,1,,44,control_f1_s44_in22k_v5conf,best,19
ISIC_0060107,BCN_0000158,BCN_0000158,40-59,bcn20000,1,True,5,0.010413013,0.019159855,0.0020533851,0.06750375,0.0014675162,0.8588341,0.040568266,0.031040385,,0.031040385,control,1,,44,control_f1_s44_in22k_v5conf,best,19
ISIC_0060135,BCN_0005269,BCN_0005269,60+,bcn20000,1,True,1,0.013831337,0.84754235,0.011495963,0.06585063,0.005570202,0.001626496,0.054083098,0.86694384,,0.86694384,control,1,,44,control_f1_s44_in22k_v5conf,best,19
ISIC_0060140,BCN_0004288,BCN_0004288,60+,bcn20000,4,True,1,0.0037100585,0.635607,0.013348748,0.07414445,0.23139308,0.0045720707,0.03722463,0.87071013,,0.87071013,control,1,,44,control_f1_s44_in22k_v5conf,best,19
ISIC_0060163,BCN_0001426,BCN_0001426,40-59,bcn20000,4,True,4,0.006120759,0.007850076,0.0038527932,0.07396206,0.82186145,0.024701988,0.06165083,0.8358323,,0.8358323,control,1,,44,control_f1_s44_in22k_v5conf,best,19
ISIC_0060168,BCN_0004515,BCN_0004515,40-59,bcn20000,1,True,1,0.011996643,0.8729084,0.006255511,0.05855,0.005316989,0.004146302,0.040826034,0.890222,,0.890222,control,1,,44,control_f1_s44_in22k_v5conf,best,19
ISIC_0060170,BCN_0003442,BCN_0003442,<40,bcn20000,5,False,5,0.010116311,0.0074287727,0.004189301,0.055271327,0.0034275004,0.8793517,0.040215082,0.020972583,,0.020972583,control,1,,44,control_f1_s44_in22k_v5conf,best,19
ISIC_0060180,BCN_0005428,BCN_0005428,60+,bcn20000,1,True,1,0.029800063,0.85609215,0.005041999,0.05913114,0.004309949,0.0026604624,0.04296421,0.89020216,,0.89020216,control,1,,44,control_f1_s44_in22k_v5conf,best,19
ISIC_0060195,BCN_0004561,BCN_0004561,60+,bcn20000,1,True,4,0.033700902,0.30499908,0.0049820254,0.12163327,0.44217718,0.0025499808,0.08995755,0.7808772,,0.7808772,control,1,,44,control_f1_s44_in22k_v5conf,best,19
ISIC_0060216,BCN_0000680,BCN_0000680,40-59,bcn20000,4,True,0,0.84835166,0.0050423522,0.024998143,0.043821216,0.033945557,0.0070556207,0.03678549,0.8873396,,0.8873396,control,1,,44,control_f1_s44_in22k_v5conf,best,19
ISIC_0060231,BCN_0000757,BCN_0000757,<40,bcn20000,5,False,4,0.010889184,0.010287721,0.014715898,0.0837518,0.8091263,0.015314477,0.055914674,0.8303032,,0.8303032,control,1,,44,control_f1_s44_in22k_v5conf,best,19
ISIC_0060256,BCN_0004305,BCN_0004305,60+,bcn20000,4,True,4,0.006191103,0.006339676,0.0038335773,0.050903074,0.8935519,0.0023481403,0.03683259,0.9060827,,0.9060827,control,1,,44,control_f1_s44_in22k_v5conf,best,19
ISIC_0060257,BCN_0000001,BCN_0000001,60+,bcn20000,0,True,1,0.01435308,0.87077254,0.0045945756,0.053042468,0.007468643,0.008038366,0.04173029,0.8925943,,0.8925943,control,1,,44,control_f1_s44_in22k_v5conf,best,19
ISIC_0060260,BCN_0003287,BCN_0003287,60+,bcn20000,2,False,0,0.8606535,0.002107803,0.009926241,0.039196625,0.04970561,0.0013170459,0.037093148,0.91246694,,0.91246694,control,1,,44,control_f1_s44_in22k_v5conf,best,19
ISIC_0060264,BCN_0003624,BCN_0003624,60+,bcn20000,5,False,4,0.0048968764,0.020939615,0.004190866,0.05675051,0.7889261,0.07712035,0.04717574,0.8147626,,0.8147626,control,1,,44,control_f1_s44_in22k_v5conf,best,19
ISIC_0060266,BCN_0003629,BCN_0003629,60+,bcn20000,4,True,4,0.010595475,0.005307692,0.008747851,0.06291402,0.8680731,0.0023381435,0.042023666,0.8839763,,0.8839763,control,1,,44,control_f1_s44_in22k_v5conf,best,19
ISIC_0060271,BCN_0003128,BCN_0003128,40-59,bcn20000,2,False,5,0.015913632,0.013824289,0.0064916657,0.0757846,0.012893135,0.8314635,0.043629196,0.042631052,,0.042631052,control,1,,44,control_f1_s44_in22k_v5conf,best,19
ISIC_0060282,BCN_0005599,BCN_0005599,40-59,bcn20000,2,False,4,0.0043546865,0.0030554663,0.0075397897,0.05080167,0.89282703,0.0011297504,0.040291633,0.9002372,,0.9002372,control,1,,44,control_f1_s44_in22k_v5conf,best,19
ISIC_0060331,BCN_0001974,BCN_0001974,60+,bcn20000,0,True,0,0.9688947,0.0021798061,0.0011138676,0.0139835,0.0024715601,0.0006385073,0.010717917,0.9735461,,0.9735461,control,1,,44,control_f1_s44_in22k_v5conf,best,19
ISIC_0060354,BCN_0003790,BCN_0003790,60+,bcn20000,0,True,0,0.9233576,0.0025073958,0.005548584,0.03437546,0.0013652529,0.009749661,0.023095943,0.92723024,,0.92723024,control,1,,44,control_f1_s44_in22k_v5conf,best,19
ISIC_0060357,BCN_0000079,BCN_0000079,60+,bcn20000,0,True,0,0.93875873,0.0044433307,0.0016534983,0.02883429,0.006242621,0.0006384754,0.019429084,0.9494447,,0.9494447,control,1,,44,control_f1_s44_in22k_v5conf,best,19
ISIC_0060360,BCN_0005164,BCN_0005164,<40,bcn20000,5,False,5,0.015295047,0.01332705,0.004546687,0.068195656,0.031680595,0.81414354,0.052811347,0.060302693,,0.060302693,control,1,,44,control_f1_s44_in22k_v5conf,best,19
ISIC_0060400,BCN_0000018,BCN_0000018,60+,bcn20000,1,True,1,0.015680106,0.8890908,0.009858495,0.047943812,0.003207683,0.001799063,0.032420024,0.9079786,,0.9079786,control,1,,44,control_f1_s44_in22k_v5conf,best,19
ISIC_0060418,BCN_0000315,BCN_0000315,60+,bcn20000,1,True,0,0.9294048,0.011519623,0.001777622,0.030795347,0.0021162576,0.001775396,0.022611003,0.94304067,,0.94304067,control,1,,44,control_f1_s44_in22k_v5conf,best,19
ISIC_0060419,BCN_0005391,BCN_0005391,40-59,bcn20000,5,False,5,0.011392473,0.0070687025,0.0072813635,0.06382826,0.0035323782,0.8619244,0.044972338,0.021993553,,0.021993553,control,1,,44,control_f1_s44_in22k_v5conf,best,19
ISIC_0060427,BCN_0000644,BCN_0000644,40-59,bcn20000,5,False,5,0.01716255,0.006188773,0.0066451305,0.07526297,0.011867586,0.8350523,0.04782073,0.03521891,,0.03521891,control,1,,44,control_f1_s44_in22k_v5conf,best,19
ISIC_0060492,BCN_0002808,BCN_0002808,<40,bcn20000,5,False,5,0.011289635,0.0070815072,0.006232636,0.06932032,0.006699118,0.8504546,0.048922133,0.025070261,,0.025070261,control,1,,44,control_f1_s44_in22k_v5conf,best,19
ISIC_0060496,BCN_0003737,BCN_0003737,<40,bcn20000,5,False,5,0.017768111,0.008552447,0.010712604,0.075076066,0.007895831,0.82530713,0.0546878,0.03421639,,0.03421639,control,1,,44,control_f1_s44_in22k_v5conf,best,19
ISIC_0060501,BCN_0001273,BCN_0001273,40-59,bcn20000,5,False,5,0.0091897845,0.0049403613,0.007241697,0.06749335,0.012081547,0.8559567,0.043096613,0.026211692,,0.026211692,control,1,,44,control_f1_s44_in22k_v5conf,best,19
ISIC_0060521,BCN_0001426,BCN_0001426,40-59,bcn20000,4,True,4,0.011048429,0.0048060473,0.0092264535,0.057761803,0.8739889,0.00291089,0.04025731,0.8898434,,0.8898434,control,1,,44,control_f1_s44_in22k_v5conf,best,19
ISIC_0060533,BCN_0003163,BCN_0003163,60+,bcn20000,1,True,1,0.033666007,0.8906079,0.0046056793,0.038830534,0.0017726603,0.0027286238,0.027788598,0.92604655,,0.92604655,control,1,,44,control_f1_s44_in22k_v5conf,best,19
ISIC_0060549,BCN_0002155,BCN_0002155,60+,bcn20000,0,True,0,0.78440124,0.085089736,0.020547818,0.06063973,0.0016050598,0.0020935636,0.045622878,0.871096,,0.871096,control,1,,44,control_f1_s44_in22k_v5conf,best,19
ISIC_0060555,BCN_0002558,BCN_0002558,40-59,bcn20000,4,True,4,0.008907418,0.008557264,0.006317459,0.052978132,0.8854556,0.0017728584,0.036011316,0.9029203,,0.9029203,control,1,,44,control_f1_s44_in22k_v5conf,best,19
ISIC_0060559,BCN_0003311,BCN_0003311,60+,bcn20000,4,True,4,0.14914347,0.0041456586,0.22021282,0.21419838,0.2537599,0.0040936084,0.15444613,0.407049,,0.407049,control,1,,44,control_f1_s44_in22k_v5conf,best,19
ISIC_0060567,BCN_0005291,BCN_0005291,60+,bcn20000,2,False,1,0.19247259,0.3744677,0.0044669886,0.090827495,0.2620102,0.0010526467,0.07470242,0.8289505,,0.8289505,control,1,,44,control_f1_s44_in22k_v5conf,best,19
ISIC_0060572,BCN_0003556,BCN_0003556,60+,bcn20000,5,False,5,0.009546924,0.006821412,0.005148971,0.066341266,0.01236668,0.8536265,0.04614826,0.028735017,,0.028735017,control,1,,44,control_f1_s44_in22k_v5conf,best,19
ISIC_0060603,BCN_0001169,BCN_0001169,60+,bcn20000,1,True,0,0.31971997,0.12664217,0.023353526,0.123001084,0.31618392,0.010672965,0.08042633,0.76254606,,0.76254606,control,1,,44,control_f1_s44_in22k_v5conf,best,19
ISIC_0060630,BCN_0002316,BCN_0002316,60+,bcn20000,4,True,4,0.0119146835,0.0112770675,0.0053938585,0.05650203,0.8676685,0.002375961,0.044867944,0.89086026,,0.89086026,control,1,,44,control_f1_s44_in22k_v5conf,best,19
ISIC_0060646,BCN_0002967,BCN_0002967,60+,bcn20000,5,False,5,0.011097838,0.010532327,0.004275245,0.056615032,0.0033523466,0.86313784,0.050989315,0.02498251,,0.02498251,control,1,,44,control_f1_s44_in22k_v5conf,best,19
ISIC_0060657,BCN_0000381,BCN_0000381,40-59,bcn20000,1,True,1,0.013656666,0.91122913,0.0025531093,0.03863466,0.0032118806,0.0024206368,0.028293826,0.92809767,,0.92809767,control,1,,44,control_f1_s44_in22k_v5conf,best,19
ISIC_0060674,BCN_0004982,BCN_0004982,<40,bcn20000,2,False,5,0.013436991,0.0049697952,0.0072448286,0.060907524,0.0042610588,0.8633447,0.045834992,0.022667844,,0.022667844,control,1,,44,control_f1_s44_in22k_v5conf,best,19
ISIC_0060679,BCN_0003629,BCN_0003629,60+,bcn20000,4,True,4,0.010852673,0.0072904006,0.010070641,0.063552976,0.858748,0.0030584435,0.04642682,0.8768911,,0.8768911,control,1,,44,control_f1_s44_in22k_v5conf,best,19
ISIC_0060697,BCN_0001246,BCN_0001246,40-59,bcn20000,2,False,4,0.069138214,0.1638791,0.0076936046,0.24873951,0.24905941,0.17615344,0.085336626,0.4820767,,0.4820767,control,1,,44,control_f1_s44_in22k_v5conf,best,19
ISIC_0060718,BCN_0004592,BCN_0004592,60+,bcn20000,4,True,4,0.005281866,0.009662758,0.006278361,0.059075557,0.87138915,0.0033757405,0.044936597,0.88633376,,0.88633376,control,1,,44,control_f1_s44_in22k_v5conf,best,19
ISIC_0060793,BCN_0003983,BCN_0003983,<40,bcn20000,5,False,5,0.010253007,0.0073121106,0.00688783,0.055238597,0.006605478,0.8718118,0.04189123,0.024170594,,0.024170594,control,1,,44,control_f1_s44_in22k_v5conf,best,19
ISIC_0060798,BCN_0003890,BCN_0003890,60+,bcn20000,1,True,1,0.014608211,0.75520676,0.002522982,0.09382146,0.008569235,0.049699325,0.07557204,0.7783842,,0.7783842,control,1,,44,control_f1_s44_in22k_v5conf,best,19
ISIC_0060810,BCN_0004556,BCN_0004556,60+,bcn20000,0,True,1,0.0073586614,0.90412664,0.004250163,0.045799095,0.0059674857,0.0027967351,0.029701328,0.9174528,,0.9174528,control,1,,44,control_f1_s44_in22k_v5conf,best,19
ISIC_0060833,BCN_0000608,BCN_0000608,60+,bcn20000,2,False,1,0.18713364,0.72846496,0.005091891,0.04302859,0.0024992432,0.0025891366,0.031192537,0.91809785,,0.91809785,control,1,,44,control_f1_s44_in22k_v5conf,best,19
ISIC_0060839,BCN_0004250,BCN_0004250,<40,bcn20000,5,False,5,0.0060678455,0.0057730484,0.01109938,0.055574585,0.009166761,0.87604845,0.036269948,0.021007655,,0.021007655,control,1,,44,control_f1_s44_in22k_v5conf,best,19
ISIC_0060842,BCN_0003664,BCN_0003664,40-59,bcn20000,1,True,1,0.0129895955,0.8902618,0.006454683,0.048686977,0.004607933,0.003146729,0.033852346,0.9078593,,0.9078593,control,1,,44,control_f1_s44_in22k_v5conf,best,19
ISIC_0060864,BCN_0005629,BCN_0005629,<40,bcn20000,5,False,5,0.012666111,0.0052050794,0.0042436393,0.06329436,0.016728943,0.84548277,0.052379098,0.03460013,,0.03460013,control,1,,44,control_f1_s44_in22k_v5conf,best,19
ISIC_0060880,BCN_0000083,BCN_0000083,60+,bcn20000,1,True,1,0.011481061,0.89901286,0.00496914,0.051018003,0.0020193115,0.0016059354,0.029893745,0.9125132,,0.9125132,control,1,,44,control_f1_s44_in22k_v5conf,best,19
ISIC_0060903,BCN_0004677,BCN_0004677,60+,bcn20000,1,True,1,0.008767288,0.85173684,0.0037217718,0.06414943,0.00866451,0.012040504,0.05091959,0.86916864,,0.86916864,control,1,,44,control_f1_s44_in22k_v5conf,best,19
ISIC_0060926,BCN_0000079,BCN_0000079,60+,bcn20000,0,True,0,0.8724791,0.019527398,0.0051452904,0.05716343,0.007860549,0.004815255,0.03300894,0.899867,,0.899867,control,1,,44,control_f1_s44_in22k_v5conf,best,19
ISIC_0060935,BCN_0003396,BCN_0003396,60+,bcn20000,0,True,0,0.85661954,0.0061275847,0.06050494,0.04015293,0.0016997865,0.003002348,0.03189292,0.86444694,,0.86444694,control,1,,44,control_f1_s44_in22k_v5conf,best,19
ISIC_0060973,BCN_0001378,BCN_0001378,60+,bcn20000,1,True,1,0.001999161,0.70526403,0.0018024177,0.08360199,0.12197646,0.022354687,0.06300123,0.8292396,,0.8292396,control,1,,44,control_f1_s44_in22k_v5conf,best,19
ISIC_0060994,BCN_0000043,BCN_0000043,<40,bcn20000,4,True,5,0.016558351,0.010720716,0.0047881436,0.08502866,0.37877926,0.4393928,0.06473206,0.40605834,,0.40605834,control,1,,44,control_f1_s44_in22k_v5conf,best,19
ISIC_0061000,BCN_0002675,BCN_0002675,60+,bcn20000,4,True,4,0.0038824796,0.0067264596,0.006888646,0.060416277,0.8543949,0.020399874,0.04729134,0.8650038,,0.8650038,control,1,,44,control_f1_s44_in22k_v5conf,best,19
ISIC_0061040,BCN_0004158,BCN_0004158,<40,bcn20000,5,False,5,0.018863698,0.010104148,0.008790712,0.089602605,0.011804747,0.7993687,0.061465453,0.040772595,,0.040772595,control,1,,44,control_f1_s44_in22k_v5conf,best,19
ISIC_0061052,BCN_0000680,BCN_0000680,40-59,bcn20000,4,True,5,0.039502684,0.021264134,0.0068770265,0.09037999,0.12835857,0.6444072,0.069210365,0.18912539,,0.18912539,control,1,,44,control_f1_s44_in22k_v5conf,best,19
ISIC_0061057,BCN_0002558,BCN_0002558,40-59,bcn20000,4,True,4,0.0074606445,0.0048604975,0.0068050125,0.048586603,0.8882121,0.002685138,0.041390024,0.9005332,,0.9005332,control,1,,44,control_f1_s44_in22k_v5conf,best,19
ISIC_0061059,BCN_0002333,BCN_0002333,60+,bcn20000,0,True,0,0.50785834,0.054019842,0.021618105,0.097152345,0.2667458,0.0028473304,0.04975824,0.828624,,0.828624,control,1,,44,control_f1_s44_in22k_v5conf,best,19
ISIC_0061062,BCN_0001319,BCN_0001319,60+,bcn20000,1,True,1,0.0106995115,0.84947646,0.007156693,0.0670985,0.0063091675,0.008965836,0.05029383,0.8664851,,0.8664851,control,1,,44,control_f1_s44_in22k_v5conf,best,19
ISIC_0061092,BCN_0001687,BCN_0001687,60+,bcn20000,4,True,4,0.008152326,0.006222541,0.006270618,0.053524792,0.8820174,0.004390416,0.039421946,0.8963922,,0.8963922,control,1,,44,control_f1_s44_in22k_v5conf,best,19
ISIC_0061105,BCN_0004705,BCN_0004705,60+,bcn20000,1,True,1,0.011038145,0.8841315,0.0041894615,0.053850047,0.007458928,0.0043738578,0.034958098,0.90262854,,0.90262854,control,1,,44,control_f1_s44_in22k_v5conf,best,19
ISIC_0061112,BCN_0001687,BCN_0001687,60+,bcn20000,4,True,4,0.010082799,0.009900636,0.0052133393,0.055566754,0.87389356,0.003222871,0.0421201,0.89387697,,0.89387697,control,1,,44,control_f1_s44_in22k_v5conf,best,19
ISIC_0061115,BCN_0000706,BCN_0000706,60+,bcn20000,5,False,5,0.010887155,0.008945125,0.011846789,0.07381652,0.006808358,0.83650047,0.05119556,0.026640637,,0.026640637,control,1,,44,control_f1_s44_in22k_v5conf,best,19
ISIC_0061117,BCN_0001905,BCN_0001905,<40,bcn20000,5,False,0,0.5834427,0.0027033035,0.050227836,0.11494741,0.073550716,0.096071474,0.07905656,0.6596967,,0.6596967,control,1,,44,control_f1_s44_in22k_v5conf,best,19
ISIC_0061147,BCN_0000394,BCN_0000394,40-59,bcn20000,5,False,5,0.012839232,0.008304697,0.00786063,0.06852297,0.0032300858,0.84797186,0.05127052,0.024374014,,0.024374014,control,1,,44,control_f1_s44_in22k_v5conf,best,19
ISIC_0061148,BCN_0003261,BCN_0003261,60+,bcn20000,0,True,1,0.023531096,0.8561984,0.006531905,0.061568685,0.007953676,0.0023720078,0.04184413,0.88768315,,0.88768315,control,1,,44,control_f1_s44_in22k_v5conf,best,19
ISIC_0061149,BCN_0003684,BCN_0003684,60+,bcn20000,2,False,2,0.010136194,0.017572694,0.87546194,0.040956035,0.009226989,0.014338532,0.032307737,0.036935877,,0.036935877,control,1,,44,control_f1_s44_in22k_v5conf,best,19
ISIC_0061178,BCN_0004942,BCN_0004942,60+,bcn20000,1,True,1,0.010697212,0.7382804,0.059318617,0.094961464,0.012306658,0.026529377,0.05790627,0.76128423,,0.76128423,control,1,,44,control_f1_s44_in22k_v5conf,best,19
ISIC_0061232,BCN_0005650,BCN_0005650,<40,bcn20000,3,False,5,0.013187922,0.0046563074,0.0018709444,0.13276039,0.00040843032,0.81976694,0.027349053,0.01825266,,0.01825266,control,1,,44,control_f1_s44_in22k_v5conf,best,19
ISIC_0061235,BCN_0003684,BCN_0003684,60+,bcn20000,2,False,2,0.22381653,0.0644531,0.5307325,0.08353289,0.0306032,0.0025570805,0.06430461,0.31887284,,0.31887284,control,1,,44,control_f1_s44_in22k_v5conf,best,19
ISIC_0061269,BCN_0003442,BCN_0003442,<40,bcn20000,5,False,5,0.014493238,0.008560243,0.0062114266,0.06541281,0.00384821,0.85566354,0.045810536,0.026901692,,0.026901692,control,1,,44,control_f1_s44_in22k_v5conf,best,19
ISIC_0061277,BCN_0001006,BCN_0001006,60+,bcn20000,1,True,1,0.04003396,0.7535577,0.015348972,0.09687231,0.042587977,0.009841413,0.04175767,0.8361796,,0.8361796,control,1,,44,control_f1_s44_in22k_v5conf,best,19
ISIC_0061302,BCN_0000460,BCN_0000460,40-59,bcn20000,5,False,5,0.007085778,0.006362906,0.005580167,0.06260944,0.0062359334,0.86604625,0.04607952,0.019684616,,0.019684616,control,1,,44,control_f1_s44_in22k_v5conf,best,19
ISIC_0061303,BCN_0002666,BCN_0002666,40-59,bcn20000,1,True,1,0.013664221,0.867856,0.006850653,0.059755724,0.0054263948,0.0069862455,0.039460756,0.8869467,,0.8869467,control,1,,44,control_f1_s44_in22k_v5conf,best,19
ISIC_0061322,BCN_0001974,BCN_0001974,60+,bcn20000,0,True,0,0.9174748,0.00509378,0.002197888,0.038706176,0.003962395,0.0053107496,0.027254252,0.92653096,,0.92653096,control,1,,44,control_f1_s44_in22k_v5conf,best,19
ISIC_0061326,BCN_0001026,BCN_0001026,unknown,bcn20000,5,False,5,0.042865425,0.009859663,0.16040975,0.08994507,0.033849787,0.5923719,0.07069843,0.086574875,,0.086574875,control,1,,44,control_f1_s44_in22k_v5conf,best,19
ISIC_0061328,BCN_0000107,BCN_0000107,40-59,bcn20000,1,True,1,0.008910658,0.8958019,0.0052725845,0.048732243,0.0035055676,0.002688104,0.03508899,0.90821815,,0.90821815,control,1,,44,control_f1_s44_in22k_v5conf,best,19
ISIC_0061331,BCN_0003170,BCN_0003170,60+,bcn20000,0,True,2,0.046559054,0.0071281847,0.8387208,0.06520935,0.0035185271,0.0015112091,0.0373529,0.057205763,,0.057205763,control,1,,44,control_f1_s44_in22k_v5conf,best,19
ISIC_0061346,BCN_0001378,BCN_0001378,60+,bcn20000,1,True,1,0.0038426914,0.6651773,0.032843262,0.073329754,0.13908553,0.04111571,0.04460575,0.8081055,,0.8081055,control,1,,44,control_f1_s44_in22k_v5conf,best,19
ISIC_0061376,BCN_0001619,BCN_0001619,40-59,bcn20000,0,True,4,0.007828226,0.0008862378,0.043292385,0.03345176,0.8803274,0.006185851,0.028028207,0.88904184,,0.88904184,control,1,,44,control_f1_s44_in22k_v5conf,best,19
ISIC_0061398,BCN_0004122,BCN_0004122,60+,bcn20000,5,False,4,0.015370773,0.0052075833,0.019671816,0.08350914,0.6598304,0.1391421,0.077268146,0.6804088,,0.6804088,control,1,,44,control_f1_s44_in22k_v5conf,best,19
ISIC_0061414,BCN_0002619,BCN_0002619,40-59,bcn20000,5,False,2,0.02282287,0.015165854,0.82290727,0.07685668,0.0034151701,0.012454346,0.04637786,0.041403893,,0.041403893,control,1,,44,control_f1_s44_in22k_v5conf,best,19
ISIC_0061454,BCN_0004592,BCN_0004592,60+,bcn20000,4,True,0,0.96156925,0.0027967398,0.0053116367,0.016548216,0.00074374175,0.0011761836,0.011854222,0.96510977,,0.96510977,control,1,,44,control_f1_s44_in22k_v5conf,best,19
ISIC_0061457,BCN_0000545,BCN_0000545,<40,bcn20000,5,False,5,0.017334413,0.011488687,0.009327047,0.11846504,0.23735678,0.509267,0.09676113,0.2661799,,0.2661799,control,1,,44,control_f1_s44_in22k_v5conf,best,19
ISIC_0061465,BCN_0000393,BCN_0000393,60+,bcn20000,1,True,1,0.010580907,0.91044956,0.0040505463,0.037135996,0.0051286905,0.0028581107,0.02979613,0.92615914,,0.92615914,control,1,,44,control_f1_s44_in22k_v5conf,best,19
ISIC_0061470,BCN_0001864,BCN_0001864,60+,bcn20000,1,True,1,0.0032585792,0.6994168,0.0066366564,0.21234915,0.0046408894,0.017615616,0.056082238,0.7073163,,0.7073163,control,1,,44,control_f1_s44_in22k_v5conf,best,19
ISIC_0061472,BCN_0005629,BCN_0005629,<40,bcn20000,5,False,4,0.0066974824,0.003698929,0.0043222927,0.05696331,0.86700183,0.01248407,0.04883206,0.87739825,,0.87739825,control,1,,44,control_f1_s44_in22k_v5conf,best,19
ISIC_0061475,BCN_0001747,BCN_0001747,60+,bcn20000,4,True,0,0.64895207,0.0049384004,0.006635085,0.045593668,0.2557462,0.0004625781,0.037672028,0.9096367,,0.9096367,control,1,,44,control_f1_s44_in22k_v5conf,best,19
ISIC_0061476,BCN_0003684,BCN_0003684,60+,bcn20000,2,False,0,0.935481,0.0031356616,0.009689202,0.026515696,0.0020795097,0.0015697097,0.02152926,0.9406962,,0.9406962,control,1,,44,control_f1_s44_in22k_v5conf,best,19
ISIC_0061478,BCN_0002747,BCN_0002747,<40,bcn20000,5,False,5,0.008173441,0.009219646,0.003606503,0.066840135,0.0104558,0.8554762,0.04622825,0.027848886,,0.027848886,control,1,,44,control_f1_s44_in22k_v5conf,best,19
ISIC_0061483,BCN_0001220,BCN_0001220,60+,bcn20000,1,True,1,0.010821461,0.8787543,0.008969976,0.057877224,0.0029303094,0.0039748643,0.036671847,0.89250606,,0.89250606,control,1,,44,control_f1_s44_in22k_v5conf,best,19
ISIC_0061488,BCN_0003811,BCN_0003811,60+,bcn20000,5,False,4,0.019231893,0.0037906033,0.0035769066,0.061749864,0.7216443,0.14684238,0.043164156,0.74466676,,0.74466676,control,1,,44,control_f1_s44_in22k_v5conf,best,19
ISIC_0061500,BCN_0001039,BCN_0001039,40-59,bcn20000,5,False,5,0.011414509,0.008049855,0.0063907765,0.07733796,0.0042675408,0.8401451,0.05239432,0.023731906,,0.023731906,control,1,,44,control_f1_s44_in22k_v5conf,best,19
ISIC_0061508,BCN_0004118,BCN_0004118,60+,bcn20000,4,True,5,0.01805768,0.01049513,0.013677448,0.08842704,0.18126325,0.6283251,0.05975433,0.20981607,,0.20981607,control,1,,44,control_f1_s44_in22k_v5conf,best,19
ISIC_0061512,BCN_0000329,BCN_0000329,60+,bcn20000,1,True,1,0.0130264945,0.8737114,0.006749976,0.059576117,0.0049337773,0.003179237,0.03882306,0.89167166,,0.89167166,control,1,,44,control_f1_s44_in22k_v5conf,best,19
ISIC_0061513,BCN_0003126,BCN_0003126,40-59,bcn20000,2,False,2,0.006293998,0.0069800857,0.8398331,0.05280562,0.05575288,0.0016244831,0.03670982,0.06902696,,0.06902696,control,1,,44,control_f1_s44_in22k_v5conf,best,19
ISIC_0061515,BCN_0003871,BCN_0003871,40-59,bcn20000,1,True,1,0.006053575,0.9139976,0.001893566,0.031310182,0.0054216743,0.0046139793,0.036709398,0.92547286,,0.92547286,control,1,,44,control_f1_s44_in22k_v5conf,best,19
ISIC_0061538,BCN_0001636,BCN_0001636,<40,bcn20000,5,False,5,0.0062743467,0.0064219474,0.0049990905,0.056206286,0.019243486,0.87164074,0.03521414,0.031939782,,0.031939782,control,1,,44,control_f1_s44_in22k_v5conf,best,19
ISIC_0061549,BCN_0002074,BCN_0002074,60+,bcn20000,4,True,4,0.008500658,0.004196853,0.0048125233,0.053744003,0.88528013,0.0035098318,0.03995609,0.89797765,,0.89797765,control,1,,44,control_f1_s44_in22k_v5conf,best,19
ISIC_0061562,BCN_0000394,BCN_0000394,40-59,bcn20000,5,False,2,0.021224089,0.011618356,0.5022872,0.12459265,0.0033007388,0.24988142,0.08709552,0.036143184,,0.036143184,control,1,,44,control_f1_s44_in22k_v5conf,best,19
ISIC_0061563,BCN_0003624,BCN_0003624,60+,bcn20000,5,False,4,0.00728731,0.006007758,0.0025695304,0.049610108,0.8317716,0.06653603,0.03621764,0.84506667,,0.84506667,control,1,,44,control_f1_s44_in22k_v5conf,best,19
ISIC_0061587,BCN_0005428,BCN_0005428,60+,bcn20000,1,True,1,0.18151808,0.6430359,0.010295313,0.09468955,0.0037505734,0.0031749574,0.063535705,0.8283045,,0.8283045,control,1,,44,control_f1_s44_in22k_v5conf,best,19
ISIC_0061593,BCN_0004918,BCN_0004918,40-59,bcn20000,0,True,1,0.012204855,0.8599945,0.0064549977,0.06663807,0.0064248824,0.0058449088,0.042437796,0.8786242,,0.8786242,control,1,,44,control_f1_s44_in22k_v5conf,best,19
ISIC_0061601,BCN_0005621,BCN_0005621,40-59,bcn20000,5,False,5,0.007881149,0.005937296,0.004811529,0.069761194,0.018423362,0.84733284,0.045852643,0.032241806,,0.032241806,control,1,,44,control_f1_s44_in22k_v5conf,best,19
ISIC_0061606,BCN_0004305,BCN_0004305,60+,bcn20000,4,True,4,0.005817887,0.003938425,0.0031789965,0.04361877,0.90810657,0.0021611836,0.033178102,0.9178629,,0.9178629,control,1,,44,control_f1_s44_in22k_v5conf,best,19
ISIC_0061674,BCN_0000811,BCN_0000811,<40,bcn20000,6,False,4,0.0041486938,0.018659148,0.0030663193,0.0964771,0.80327994,0.004332622,0.07003617,0.8260878,,0.8260878,control,1,,44,control_f1_s44_in22k_v5conf,best,19
ISIC_0061676,BCN_0003565,BCN_0003565,40-59,bcn20000,1,True,5,0.013505141,0.024766259,0.0034893022,0.06193211,0.013934207,0.8290219,0.05335114,0.052205607,,0.052205607,control,1,,44,control_f1_s44_in22k_v5conf,best,19
ISIC_0061683,BCN_0004419,BCN_0004419,<40,bcn20000,1,True,5,0.0058499775,0.00565181,0.041163787,0.062920704,0.003448021,0.83053297,0.0504327,0.014949808,,0.014949808,control,1,,44,control_f1_s44_in22k_v5conf,best,19
ISIC_0061685,BCN_0002318,BCN_0002318,40-59,bcn20000,4,True,5,0.0057183094,0.007720303,0.006608367,0.07361171,0.2939559,0.55696744,0.05541796,0.3073945,,0.3073945,control,1,,44,control_f1_s44_in22k_v5conf,best,19
ISIC_0061686,BCN_0002626,BCN_0002626,60+,bcn20000,4,True,4,0.005748411,0.0031606026,0.050626706,0.083618954,0.7948055,0.0026671186,0.05937273,0.8037145,,0.8037145,control,1,,44,control_f1_s44_in22k_v5conf,best,19
ISIC_0061715,BCN_0002199,BCN_0002199,60+,bcn20000,4,True,4,0.014297278,0.022294791,0.0063878293,0.070078045,0.8409879,0.0022928235,0.043661315,0.87758,,0.87758,control,1,,44,control_f1_s44_in22k_v5conf,best,19
ISIC_0061745,BCN_0001036,BCN_0001036,60+,bcn20000,5,False,4,0.014147612,0.01609809,0.035730824,0.13019194,0.42216292,0.2946407,0.08702791,0.4524086,,0.4524086,control,1,,44,control_f1_s44_in22k_v5conf,best,19
ISIC_0061766,BCN_0002835,BCN_0002835,40-59,bcn20000,5,False,5,0.011252008,0.0058711004,0.006941754,0.06806268,0.0072473977,0.85658264,0.044042535,0.024370506,,0.024370506,control,1,,44,control_f1_s44_in22k_v5conf,best,19
ISIC_0061772,BCN_0000059,BCN_0000059,<40,bcn20000,5,False,5,0.013303835,0.0076070544,0.00708685,0.07181027,0.0060753273,0.84487337,0.049243346,0.026986215,,0.026986215,control,1,,44,control_f1_s44_in22k_v5conf,best,19
ISIC_0061825,BCN_0000657,BCN_0000657,60+,bcn20000,4,True,4,0.014040181,0.00584061,0.0065479353,0.056587182,0.8718442,0.002161535,0.042978384,0.89172494,,0.89172494,control,1,,44,control_f1_s44_in22k_v5conf,best,19
ISIC_0061843,BCN_0000036,BCN_0000036,40-59,bcn20000,5,False,4,0.008572801,0.008327354,0.006317394,0.079321094,0.6862039,0.15440542,0.05685209,0.7031041,,0.7031041,control,1,,44,control_f1_s44_in22k_v5conf,best,19
ISIC_0061850,BCN_0002632,BCN_0002632,<40,bcn20000,5,False,2,0.004315775,0.002542391,0.70866746,0.0665508,0.012954124,0.13909744,0.065872066,0.01981229,,0.01981229,control,1,,44,control_f1_s44_in22k_v5conf,best,19
ISIC_0061859,BCN_0002599,BCN_0002599,<40,bcn20000,5,False,5,0.0163817,0.009292569,0.0069729937,0.07390771,0.005521031,0.8337562,0.054167796,0.0311953,,0.0311953,control,1,,44,control_f1_s44_in22k_v5conf,best,19
ISIC_0061861,BCN_0000650,BCN_0000650,60+,bcn20000,1,True,1,0.3405452,0.48080602,0.0064710593,0.08325956,0.012923516,0.003598801,0.07239586,0.83427477,,0.83427477,control,1,,44,control_f1_s44_in22k_v5conf,best,19
ISIC_0061868,BCN_0003354,BCN_0003354,60+,bcn20000,5,False,5,0.011698019,0.009797326,0.0041386355,0.07126823,0.0051107765,0.8444475,0.053539526,0.026606122,,0.026606122,control,1,,44,control_f1_s44_in22k_v5conf,best,19
ISIC_0061884,BCN_0001964,BCN_0001964,<40,bcn20000,4,True,5,0.06420943,0.0020113343,0.06722864,0.104125656,0.09646183,0.62167686,0.044286326,0.1626826,,0.1626826,control,1,,44,control_f1_s44_in22k_v5conf,best,19
ISIC_0061921,BCN_0001516,BCN_0001516,60+,bcn20000,4,True,4,0.008406914,0.0041185967,0.005486918,0.048393853,0.8943385,0.002660806,0.036594488,0.906864,,0.906864,control,1,,44,control_f1_s44_in22k_v5conf,best,19
ISIC_0061943,BCN_0001213,BCN_0001213,<40,bcn20000,5,False,5,0.006539396,0.013097728,0.003938147,0.071378864,0.07952574,0.7683333,0.057186823,0.09916286,,0.09916286,control,1,,44,control_f1_s44_in22k_v5conf,best,19
ISIC_0061968,BCN_0002333,BCN_0002333,60+,bcn20000,0,True,0,0.37485176,0.31931993,0.0063302065,0.17997865,0.04126782,0.013987429,0.06426416,0.7354395,,0.7354395,control,1,,44,control_f1_s44_in22k_v5conf,best,19
ISIC_0061987,BCN_0003811,BCN_0003811,60+,bcn20000,5,False,4,0.082182504,0.011334986,0.2909023,0.0916914,0.41115063,0.01790024,0.09483789,0.5046681,,0.5046681,control,1,,44,control_f1_s44_in22k_v5conf,best,19
ISIC_0062000,BCN_0002074,BCN_0002074,60+,bcn20000,4,True,4,0.0058431136,0.006276648,0.00534409,0.053407356,0.8865779,0.003505808,0.03904516,0.8986977,,0.8986977,control,1,,44,control_f1_s44_in22k_v5conf,best,19
ISIC_0062006,BCN_0003126,BCN_0003126,60+,bcn20000,2,False,2,0.004763369,0.011797517,0.456689,0.11701206,0.3106903,0.0032696344,0.095778145,0.3272512,,0.3272512,control,1,,44,control_f1_s44_in22k_v5conf,best,19
ISIC_0062014,BCN_0000757,BCN_0000757,<40,bcn20000,5,False,4,0.010007083,0.0068067736,0.004707734,0.058896173,0.86381626,0.0061787316,0.049587246,0.88063014,,0.88063014,control,1,,44,control_f1_s44_in22k_v5conf,best,19
ISIC_0062017,BCN_0002610,BCN_0002610,60+,bcn20000,2,False,1,0.0064954483,0.5670347,0.007658748,0.11276084,0.008451846,0.09967025,0.19792813,0.581982,,0.581982,control,1,,44,control_f1_s44_in22k_v5conf,best,19
ISIC_0062024,BCN_0003585,BCN_0003585,60+,bcn20000,0,True,4,0.19528176,0.01191163,0.008204807,0.0745649,0.64718145,0.0010060982,0.061849374,0.8543748,,0.8543748,control,1,,44,control_f1_s44_in22k_v5conf,best,19
ISIC_0062026,BCN_0002558,BCN_0002558,40-59,bcn20000,4,True,4,0.012185923,0.0059780935,0.0063930666,0.05667309,0.8760382,0.0022148362,0.040516768,0.89420223,,0.89420223,control,1,,44,control_f1_s44_in22k_v5conf,best,19
ISIC_0062037,BCN_0000194,BCN_0000194,60+,bcn20000,4,True,4,0.03672398,0.0030398746,0.017916584,0.06595315,0.8278152,0.0010554673,0.04749571,0.86757904,,0.86757904,control,1,,44,control_f1_s44_in22k_v5conf,best,19
ISIC_0062046,BCN_0000070,BCN_0000070,<40,bcn20000,5,False,2,0.018513033,0.0036875491,0.84664613,0.041726932,0.020141853,0.031183759,0.038100764,0.042342436,,0.042342436,control,1,,44,control_f1_s44_in22k_v5conf,best,19
ISIC_0062055,BCN_0003355,BCN_0003355,60+,bcn20000,2,False,2,0.018679056,0.0046151704,0.5617578,0.07233228,0.29343072,0.00382176,0.045363232,0.31672496,,0.31672496,control,1,,44,control_f1_s44_in22k_v5conf,best,19
ISIC_0062088,BCN_0000713,BCN_0000713,40-59,bcn20000,5,False,1,0.0118742185,0.87045175,0.0056855166,0.060947824,0.004911879,0.0054777837,0.04065093,0.88723785,,0.88723785,control,1,,44,control_f1_s44_in22k_v5conf,best,19
ISIC_0062092,BCN_0002240,BCN_0002240,40-59,bcn20000,5,False,5,0.01323714,0.0075989612,0.0055652126,0.067976765,0.023476744,0.8344724,0.047672786,0.044312846,,0.044312846,control,1,,44,control_f1_s44_in22k_v5conf,best,19
ISIC_0062111,BCN_0004118,BCN_0004118,60+,bcn20000,4,True,4,0.00879497,0.0039291247,0.005509176,0.044126555,0.8994388,0.0041064187,0.034094986,0.9121629,,0.9121629,control,1,,44,control_f1_s44_in22k_v5conf,best,19
ISIC_0062112,BCN_0002675,BCN_0002675,60+,bcn20000,4,True,4,0.038228612,0.005624896,0.11287381,0.13085862,0.5854832,0.0011519144,0.12577897,0.6293367,,0.6293367,control,1,,44,control_f1_s44_in22k_v5conf,best,19
ISIC_0062113,BCN_0003604,BCN_0003604,40-59,bcn20000,5,False,5,0.0122962985,0.004952592,0.007717819,0.072958075,0.005820401,0.84863317,0.047621652,0.023069292,,0.023069292,control,1,,44,control_f1_s44_in22k_v5conf,best,19
ISIC_0062121,BCN_0001169,BCN_0001169,60+,bcn20000,1,True,1,0.010931204,0.8800701,0.0064990986,0.05110489,0.009877809,0.0018023925,0.03971448,0.9008791,,0.9008791,control,1,,44,control_f1_s44_in22k_v5conf,best,19
ISIC_0062138,BCN_0005607,BCN_0005607,60+,bcn20000,4,True,1,0.035551637,0.6460834,0.0057578604,0.09577698,0.1821586,0.0021598053,0.032511737,0.8637936,,0.8637936,control,1,,44,control_f1_s44_in22k_v5conf,best,19
ISIC_0062148,BCN_0002676,BCN_0002676,60+,bcn20000,2,False,2,0.025411235,0.011351323,0.8842152,0.042040873,0.0025104613,0.004635018,0.029835917,0.03927302,,0.03927302,control,1,,44,control_f1_s44_in22k_v5conf,best,19
ISIC_0062161,BCN_0002558,BCN_0002558,40-59,bcn20000,4,True,4,0.01274954,0.0067429557,0.006004944,0.05505044,0.87591344,0.0026295613,0.04090908,0.89540595,,0.89540595,control,1,,44,control_f1_s44_in22k_v5conf,best,19
ISIC_0062164,BCN_0001058,BCN_0001058,<40,bcn20000,5,False,5,0.010389387,0.0074446746,0.0058144378,0.070162654,0.005857267,0.845872,0.05445958,0.023691328,,0.023691328,control,1,,44,control_f1_s44_in22k_v5conf,best,19
ISIC_0062172,BCN_0005444,BCN_0005444,60+,bcn20000,1,True,0,0.44104472,0.42400986,0.008022532,0.065269135,0.004380584,0.0030802127,0.054192968,0.8694352,,0.8694352,control,1,,44,control_f1_s44_in22k_v5conf,best,19
ISIC_0062173,BCN_0000483,BCN_0000483,<40,bcn20000,5,False,5,0.01109363,0.006365702,0.0063897395,0.068892516,0.0069985935,0.85067964,0.049580112,0.024457926,,0.024457926,control,1,,44,control_f1_s44_in22k_v5conf,best,19
ISIC_0062185,BCN_0005708,BCN_0005708,<40,bcn20000,5,False,4,0.01204408,0.012711957,0.008201369,0.052012872,0.8844779,0.0024472685,0.0281045,0.9092339,,0.9092339,control,1,,44,control_f1_s44_in22k_v5conf,best,19
ISIC_0062196,BCN_0000549,BCN_0000549,60+,bcn20000,4,True,4,0.012393994,0.007799053,0.007790712,0.05608747,0.87289006,0.0021417076,0.040897038,0.8930831,,0.8930831,control,1,,44,control_f1_s44_in22k_v5conf,best,19
ISIC_0062197,BCN_0002228,BCN_0002228,40-59,bcn20000,5,False,5,0.012017686,0.007718959,0.006090017,0.06458987,0.00830529,0.8532107,0.048067443,0.028041933,,0.028041933,control,1,,44,control_f1_s44_in22k_v5conf,best,19
ISIC_0062202,BCN_0001213,BCN_0001213,<40,bcn20000,5,False,4,0.0061392486,0.012802128,0.0050310586,0.06082323,0.7321167,0.13254085,0.05054676,0.7510581,,0.7510581,control,1,,44,control_f1_s44_in22k_v5conf,best,19
ISIC_0062233,BCN_0002611,BCN_0002611,60+,bcn20000,0,True,0,0.7514009,0.112536386,0.022051604,0.067846,0.004289138,0.0024679978,0.039408002,0.8682264,,0.8682264,control,1,,44,control_f1_s44_in22k_v5conf,best,19
ISIC_0062242,BCN_0001747,BCN_0001747,60+,bcn20000,4,True,1,0.045420427,0.8394274,0.020535972,0.049565155,0.014469122,0.00061723986,0.029964691,0.89931697,,0.89931697,control,1,,44,control_f1_s44_in22k_v5conf,best,19
ISIC_0062261,BCN_0003104,BCN_0003104,40-59,bcn20000,0,True,0,0.92342025,0.013966318,0.011739199,0.026592914,0.0035962698,0.006709205,0.013975746,0.9409828,,0.9409828,control,1,,44,control_f1_s44_in22k_v5conf,best,19
ISIC_0062268,BCN_0000415,BCN_0000415,60+,bcn20000,5,False,2,0.025065541,0.014503564,0.5182676,0.097592495,0.008563375,0.27015,0.065857455,0.04813248,,0.04813248,control,1,,44,control_f1_s44_in22k_v5conf,best,19
ISIC_0062295,BCN_0003624,BCN_0003624,60+,bcn20000,5,False,4,0.005003104,0.014781006,0.003174022,0.050065987,0.8629351,0.0235028,0.040537942,0.8827192,,0.8827192,control,1,,44,control_f1_s44_in22k_v5conf,best,19
ISIC_0062297,BCN_0004053,BCN_0004053,40-59,bcn20000,5,False,5,0.006662769,0.018487008,0.0026083235,0.04782777,0.027307536,0.8450976,0.052008912,0.052457314,,0.052457314,control,1,,44,control_f1_s44_in22k_v5conf,best,19
ISIC_0062332,BCN_0004515,BCN_0004515,40-59,bcn20000,1,True,1,0.015161001,0.86904246,0.005745351,0.06006559,0.0050008222,0.004671285,0.04031344,0.88920426,,0.88920426,control,1,,44,control_f1_s44_in22k_v5conf,best,19
ISIC_0062334,BCN_0003093,BCN_0003093,<40,bcn20000,5,False,5,0.009717894,0.006786166,0.0068478067,0.068504214,0.010887745,0.85212386,0.04513232,0.027391806,,0.027391806,control,1,,44,control_f1_s44_in22k_v5conf,best,19
ISIC_0062339,BCN_0002675,BCN_0002675,60+,bcn20000,4,True,4,0.005594935,0.005604275,0.012799797,0.046702202,0.8834185,0.0023229825,0.0435573,0.89461774,,0.89461774,control,1,,44,control_f1_s44_in22k_v5conf,best,19
ISIC_0062342,BCN_0003871,BCN_0003871,40-59,bcn20000,1,True,1,0.007116075,0.9026008,0.0031367592,0.044792037,0.004743697,0.0027606362,0.03484999,0.9144606,,0.9144606,control,1,,44,control_f1_s44_in22k_v5conf,best,19
ISIC_0062349,BCN_0005098,BCN_0005098,60+,bcn20000,1,True,1,0.008014273,0.8709904,0.0060226195,0.05991567,0.0058149146,0.005187823,0.044054233,0.88481957,,0.88481957,control,1,,44,control_f1_s44_in22k_v5conf,best,19
ISIC_0062350,BCN_0003215,BCN_0003215,40-59,bcn20000,4,True,0,0.41413388,0.0040157684,0.016134754,0.106126815,0.3531898,0.0045061153,0.10189287,0.7713394,,0.7713394,control,1,,44,control_f1_s44_in22k_v5conf,best,19
ISIC_0062361,BCN_0002557,BCN_0002557,60+,bcn20000,2,False,4,0.028842913,0.0040465365,0.008966767,0.07140008,0.8332149,0.00096543913,0.052563388,0.8661043,,0.8661043,control,1,,44,control_f1_s44_in22k_v5conf,best,19
ISIC_0062368,BCN_0002557,BCN_0002557,60+,bcn20000,2,False,0,0.88380855,0.006820759,0.007812766,0.040625952,0.02439382,0.0022334547,0.03430474,0.9150231,,0.9150231,control,1,,44,control_f1_s44_in22k_v5conf,best,19
ISIC_0062375,BCN_0000070,BCN_0000070,<40,bcn20000,5,False,2,0.15384626,0.0037977882,0.628001,0.0853427,0.028021779,0.049925905,0.051064566,0.18566583,,0.18566583,control,1,,44,control_f1_s44_in22k_v5conf,best,19
ISIC_0062414,BCN_0005248,BCN_0005248,40-59,bcn20000,5,False,5,0.011590437,0.013241025,0.010662098,0.06839077,0.041559868,0.800267,0.05428887,0.066391334,,0.066391334,control,1,,44,control_f1_s44_in22k_v5conf,best,19
ISIC_0062420,BCN_0004305,BCN_0004305,60+,bcn20000,4,True,4,0.015012757,0.022466324,0.0037384196,0.058134537,0.8563586,0.0010200957,0.043269243,0.8938377,,0.8938377,control,1,,44,control_f1_s44_in22k_v5conf,best,19
ISIC_0062429,BCN_0003483,BCN_0003483,60+,bcn20000,5,False,5,0.011440421,0.006092002,0.003983499,0.06501768,0.008767656,0.8588413,0.04585741,0.02630008,,0.02630008,control,1,,44,control_f1_s44_in22k_v5conf,best,19
ISIC_0062431,BCN_0000070,BCN_0000070,<40,bcn20000,5,False,2,0.026943777,0.0040746364,0.81228495,0.04774868,0.032380108,0.03224683,0.04432105,0.063398525,,0.063398525,control,1,,44,control_f1_s44_in22k_v5conf,best,19
ISIC_0062434,BCN_0000680,BCN_0000680,40-59,bcn20000,4,True,4,0.015299446,0.012966101,0.005113385,0.07028292,0.846285,0.0035703175,0.04648281,0.8745505,,0.8745505,control,1,,44,control_f1_s44_in22k_v5conf,best,19
ISIC_0062456,BCN_0002240,BCN_0002240,40-59,bcn20000,5,False,5,0.015969353,0.0070615113,0.008081738,0.072562985,0.04766683,0.8001096,0.048547965,0.070697695,,0.070697695,control,1,,44,control_f1_s44_in22k_v5conf,best,19
ISIC_0062474,BCN_0002675,BCN_0002675,60+,bcn20000,4,True,4,0.010156259,0.008144323,0.006963579,0.055439446,0.87504804,0.0033407714,0.04090754,0.89334863,,0.89334863,control,1,,44,control_f1_s44_in22k_v5conf,best,19
ISIC_0062483,BCN_0001928,BCN_0001928,40-59,bcn20000,5,False,5,0.01080974,0.005446541,0.008132669,0.069115214,0.0068754675,0.8554088,0.04421152,0.023131747,,0.023131747,control,1,,44,control_f1_s44_in22k_v5conf,best,19
ISIC_0062493,BCN_0003396,BCN_0003396,60+,bcn20000,0,True,0,0.6665303,0.014095947,0.20959316,0.056710463,0.0011673331,0.0031112973,0.048791494,0.68179363,,0.68179363,control,1,,44,control_f1_s44_in22k_v5conf,best,19
ISIC_0062495,BCN_0001058,BCN_0001058,<40,bcn20000,5,False,5,0.010723048,0.011504376,0.0070147538,0.07612611,0.012575076,0.81310976,0.068946846,0.0348025,,0.0348025,control,1,,44,control_f1_s44_in22k_v5conf,best,19
ISIC_0062535,BCN_0002918,BCN_0002918,60+,bcn20000,5,False,4,0.007537365,0.004356769,0.014153931,0.068252586,0.8375733,0.015613374,0.052512735,0.8494674,,0.8494674,control,1,,44,control_f1_s44_in22k_v5conf,best,19
ISIC_0062544,BCN_0000327,BCN_0000327,40-59,bcn20000,1,True,2,0.0093646245,0.022440057,0.8689588,0.055871848,0.002313305,0.0025073944,0.038544018,0.034117986,,0.034117986,control,1,,44,control_f1_s44_in22k_v5conf,best,19
ISIC_0062546,BCN_0005207,BCN_0005207,<40,bcn20000,5,False,5,0.00977211,0.008584134,0.0070053847,0.068457,0.01694861,0.84025866,0.04897411,0.035304856,,0.035304856,control,1,,44,control_f1_s44_in22k_v5conf,best,19
ISIC_0062566,BCN_0005376,BCN_0005376,60+,bcn20000,2,False,0,0.87915474,0.02331946,0.02613313,0.037834425,0.0022597387,0.0028242627,0.028474167,0.90473396,,0.90473396,control,1,,44,control_f1_s44_in22k_v5conf,best,19
ISIC_0062571,BCN_0004037,BCN_0004037,60+,bcn20000,2,False,2,0.03455536,0.0061739036,0.7133548,0.08683411,0.06977443,0.002663297,0.08664413,0.11050369,,0.11050369,control,1,,44,control_f1_s44_in22k_v5conf,best,19
ISIC_0062576,BCN_0002221,BCN_0002221,40-59,bcn20000,5,False,5,0.01291878,0.0076995622,0.0075825886,0.07076037,0.0053600753,0.84447825,0.05120038,0.025978416,,0.025978416,control,1,,44,control_f1_s44_in22k_v5conf,best,19
ISIC_0062590,BCN_0002557,BCN_0002557,60+,bcn20000,2,False,4,0.28190503,0.008977953,0.016472643,0.07100318,0.549155,0.0018845078,0.07060167,0.84003794,,0.84003794,control,1,,44,control_f1_s44_in22k_v5conf,best,19
ISIC_0062628,BCN_0002199,BCN_0002199,60+,bcn20000,4,True,4,0.0091885645,0.006600525,0.0058124466,0.05543601,0.8805767,0.0031056185,0.03928001,0.8963658,,0.8963658,control,1,,44,control_f1_s44_in22k_v5conf,best,19
ISIC_0062637,BCN_0004995,BCN_0004995,60+,bcn20000,1,True,1,0.331358,0.49336675,0.011667264,0.090524875,0.0028071832,0.0026605583,0.06761539,0.82753193,,0.82753193,control,1,,44,control_f1_s44_in22k_v5conf,best,19
ISIC_0062641,BCN_0004040,BCN_0004040,60+,bcn20000,0,True,0,0.95009166,0.0074026096,0.0011811514,0.023777397,0.0029076254,0.0006275986,0.014011907,0.9604019,,0.9604019,control,1,,44,control_f1_s44_in22k_v5conf,best,19
ISIC_0062645,BCN_0003555,BCN_0003555,60+,bcn20000,1,True,1,0.04110138,0.82709575,0.0038424004,0.06949343,0.004736521,0.003591947,0.050138626,0.8729337,,0.8729337,control,1,,44,control_f1_s44_in22k_v5conf,best,19
ISIC_0062685,BCN_0000107,BCN_0000107,40-59,bcn20000,1,True,1,0.008011698,0.8824757,0.006253489,0.056240804,0.0045910557,0.003704515,0.038722843,0.8950784,,0.8950784,control,1,,44,control_f1_s44_in22k_v5conf,best,19
ISIC_0062699,BCN_0000608,BCN_0000608,60+,bcn20000,2,False,1,0.025988653,0.88491666,0.0043333694,0.044637427,0.0018536975,0.0019155338,0.036354676,0.912759,,0.912759,control,1,,44,control_f1_s44_in22k_v5conf,best,19
ISIC_0062705,BCN_0000545,BCN_0000545,<40,bcn20000,5,False,4,0.051731307,0.0031700348,0.01011969,0.063395575,0.8097926,0.006386058,0.05540486,0.86469394,,0.86469394,control,1,,44,control_f1_s44_in22k_v5conf,best,19
ISIC_0062725,BCN_0004166,BCN_0004166,<40,bcn20000,5,False,5,0.008574177,0.0060608652,0.008412551,0.06297605,0.010500233,0.8615094,0.04196689,0.025135275,,0.025135275,control,1,,44,control_f1_s44_in22k_v5conf,best,19
ISIC_0062752,BCN_0003467,BCN_0003467,60+,bcn20000,1,True,1,0.0038320469,0.9086026,0.0061424156,0.0410569,0.0033494178,0.0056782216,0.03133842,0.91578406,,0.91578406,control,1,,44,control_f1_s44_in22k_v5conf,best,19
ISIC_0062766,BCN_0000079,BCN_0000079,60+,bcn20000,0,True,4,0.2460297,0.0037150998,0.08817874,0.090894684,0.5192464,0.0016848356,0.05025053,0.76899123,,0.76899123,control,1,,44,control_f1_s44_in22k_v5conf,best,19
ISIC_0062777,BCN_0002000,BCN_0002000,40-59,bcn20000,5,False,5,0.014655374,0.020465547,0.0048668333,0.052004747,0.0052847294,0.85482824,0.047894537,0.04040565,,0.04040565,control,1,,44,control_f1_s44_in22k_v5conf,best,19
ISIC_0062801,BCN_0000036,BCN_0000036,40-59,bcn20000,5,False,4,0.006679528,0.0059858863,0.0051418357,0.058555614,0.8300861,0.049789473,0.043761637,0.8427515,,0.8427515,control,1,,44,control_f1_s44_in22k_v5conf,best,19
ISIC_0062839,BCN_0001737,BCN_0001737,<40,bcn20000,5,False,5,0.0126309665,0.0059042554,0.006132116,0.07346115,0.018037286,0.83760726,0.046226986,0.03657251,,0.03657251,control,1,,44,control_f1_s44_in22k_v5conf,best,19
ISIC_0062842,BCN_0005299,BCN_0005299,<40,bcn20000,5,False,5,0.009250449,0.0060194195,0.0056679165,0.063028134,0.0055246307,0.8624744,0.048035037,0.0207945,,0.0207945,control,1,,44,control_f1_s44_in22k_v5conf,best,19
ISIC_0062858,BCN_0003229,BCN_0003229,60+,bcn20000,5,False,5,0.0119475005,0.0067353738,0.010639645,0.0681246,0.004825675,0.84626794,0.05145934,0.023508549,,0.023508549,control,1,,44,control_f1_s44_in22k_v5conf,best,19
ISIC_0062863,BCN_0005039,BCN_0005039,60+,bcn20000,5,False,5,0.010921065,0.010896035,0.0045208978,0.060617853,0.016035737,0.84671825,0.05029017,0.03785284,,0.03785284,control,1,,44,control_f1_s44_in22k_v5conf,best,19
ISIC_0062878,BCN_0001387,BCN_0001387,40-59,bcn20000,0,True,1,0.08445577,0.7957733,0.008047433,0.06337891,0.002487304,0.0025165635,0.043340646,0.8827164,,0.8827164,control,1,,44,control_f1_s44_in22k_v5conf,best,19
ISIC_0062889,BCN_0002931,BCN_0002931,40-59,bcn20000,5,False,5,0.010475982,0.008943411,0.120257795,0.06628694,0.014903957,0.72200847,0.057123527,0.03432335,,0.03432335,control,1,,44,control_f1_s44_in22k_v5conf,best,19
ISIC_0062892,BCN_0002228,BCN_0002228,40-59,bcn20000,5,False,5,0.012278603,0.007329939,0.0066582565,0.0672713,0.007827501,0.85020584,0.048428614,0.027436044,,0.027436044,control,1,,44,control_f1_s44_in22k_v5conf,best,19
ISIC_0062931,BCN_0002632,BCN_0002632,<40,bcn20000,5,False,5,0.0054074987,0.0033122988,0.031339258,0.04882893,0.024085235,0.84422994,0.042796828,0.032805033,,0.032805033,control,1,,44,control_f1_s44_in22k_v5conf,best,19
ISIC_0062936,BCN_0001378,BCN_0001378,60+,bcn20000,1,True,1,0.009261743,0.8632599,0.021283412,0.049435236,0.0132542215,0.012618779,0.030886777,0.88577586,,0.88577586,control,1,,44,control_f1_s44_in22k_v5conf,best,19
ISIC_0062989,BCN_0003442,BCN_0003442,<40,bcn20000,5,False,5,0.023475148,0.3605672,0.00942239,0.12370543,0.0061020367,0.38458875,0.092139035,0.39014438,,0.39014438,control,1,,44,control_f1_s44_in22k_v5conf,best,19
ISIC_0062997,BCN_0001905,BCN_0001905,<40,bcn20000,5,False,5,0.11849059,0.0046966514,0.033359654,0.09462687,0.026493868,0.64347935,0.07885295,0.1496811,,0.1496811,control,1,,44,control_f1_s44_in22k_v5conf,best,19
ISIC_0063014,BCN_0001336,BCN_0001336,60+,bcn20000,2,False,2,0.014008685,0.007130839,0.89373314,0.046992004,0.0019471198,0.0036259003,0.032562226,0.023086645,,0.023086645,control,1,,44,control_f1_s44_in22k_v5conf,best,19
ISIC_0063038,BCN_0003696,BCN_0003696,60+,bcn20000,0,True,1,0.046985086,0.7984892,0.0033105751,0.06526207,0.017852582,0.0019888217,0.06611171,0.8633269,,0.8633269,control,1,,44,control_f1_s44_in22k_v5conf,best,19
ISIC_0063046,BCN_0003886,BCN_0003886,40-59,bcn20000,4,True,5,0.015298321,0.008913469,0.0071760453,0.07134662,0.007951245,0.8380008,0.051313616,0.032163035,,0.032163035,control,1,,44,control_f1_s44_in22k_v5conf,best,19
ISIC_0063066,BCN_0002826,BCN_0002826,60+,bcn20000,1,True,1,0.01693233,0.8805128,0.0038354746,0.05361542,0.0034446782,0.0023855297,0.03927373,0.90088975,,0.90088975,control,1,,44,control_f1_s44_in22k_v5conf,best,19
ISIC_0063077,BCN_0001878,BCN_0001878,40-59,bcn20000,4,True,5,0.013001981,0.008113372,0.004464994,0.06439489,0.007644491,0.85297585,0.04940445,0.028759845,,0.028759845,control,1,,44,control_f1_s44_in22k_v5conf,best,19
ISIC_0063122,BCN_0000895,BCN_0000895,60+,bcn20000,0,True,0,0.7184842,0.17204042,0.017137902,0.04180053,0.0028009224,0.010004074,0.0377319,0.89332557,,0.89332557,control,1,,44,control_f1_s44_in22k_v5conf,best,19
ISIC_0063135,BCN_0002558,BCN_0002558,40-59,bcn20000,4,True,4,0.013268819,0.0055489554,0.0061076568,0.055858262,0.87742496,0.0022026263,0.03958881,0.89624274,,0.89624274,control,1,,44,control_f1_s44_in22k_v5conf,best,19
ISIC_0063136,BCN_0000120,BCN_0000917,60+,bcn20000,2,False,2,0.008869015,0.0038327388,0.8784278,0.04969035,0.0025362251,0.019882264,0.036761604,0.015237979,,0.015237979,control,1,,44,control_f1_s44_in22k_v5conf,best,19
ISIC_0063139,BCN_0003624,BCN_0003624,60+,bcn20000,5,False,4,0.007577467,0.0039922884,0.0032663525,0.03589075,0.7666598,0.15072909,0.031884328,0.77822953,,0.77822953,control,1,,44,control_f1_s44_in22k_v5conf,best,19
ISIC_0063149,BCN_0005269,BCN_0005269,60+,bcn20000,1,True,0,0.92725277,0.0034961312,0.005993071,0.032801837,0.0021169796,0.0024783527,0.025860814,0.93286586,,0.93286586,control,1,,44,control_f1_s44_in22k_v5conf,best,19
ISIC_0063160,BCN_0000158,BCN_0000158,40-59,bcn20000,1,True,1,0.011399015,0.8315666,0.004425861,0.06721604,0.0015861752,0.038934615,0.044871815,0.8445518,,0.8445518,control,1,,44,control_f1_s44_in22k_v5conf,best,19
ISIC_0063164,BCN_0002958,BCN_0002958,60+,bcn20000,4,True,1,0.008085797,0.7878478,0.009065366,0.06385275,0.08309868,0.0015144807,0.046535168,0.87903225,,0.87903225,control,1,,44,control_f1_s44_in22k_v5conf,best,19
ISIC_0063184,BCN_0005248,BCN_0005248,40-59,bcn20000,5,False,2,0.006040408,0.0022432674,0.5933646,0.071080744,0.14657483,0.10328557,0.07741057,0.1548585,,0.1548585,control,1,,44,control_f1_s44_in22k_v5conf,best,19
ISIC_0063228,BCN_0000194,BCN_0000194,60+,bcn20000,4,True,2,0.09431269,0.0034889702,0.6564625,0.08787731,0.09675491,0.00087110954,0.060232457,0.19455656,,0.19455656,control,1,,44,control_f1_s44_in22k_v5conf,best,19
ISIC_0063231,BCN_0004192,BCN_0004192,40-59,bcn20000,1,True,1,0.0312811,0.855137,0.004330219,0.06260926,0.0036974568,0.002817222,0.040127795,0.89011556,,0.89011556,control,1,,44,control_f1_s44_in22k_v5conf,best,19
ISIC_0063243,BCN_0000549,BCN_0000549,60+,bcn20000,4,True,4,0.012504189,0.009751187,0.008992184,0.05469004,0.87021935,0.0022326286,0.041610356,0.8924747,,0.8924747,control,1,,44,control_f1_s44_in22k_v5conf,best,19
ISIC_0063251,BCN_0002632,BCN_0002632,<40,bcn20000,5,False,5,0.004433126,0.0028800091,0.20371759,0.06547388,0.027014747,0.6242214,0.072259255,0.034327883,,0.034327883,control,1,,44,control_f1_s44_in22k_v5conf,best,19
ISIC_0063298,BCN_0004008,BCN_0004008,40-59,bcn20000,1,True,1,0.01107763,0.8649507,0.0068383305,0.06115326,0.0061426475,0.005770667,0.044066697,0.88217103,,0.88217103,control,1,,44,control_f1_s44_in22k_v5conf,best,19
ISIC_0063322,BCN_0001394,BCN_0001394,60+,bcn20000,0,True,4,0.24726602,0.10122932,0.0047076275,0.068513,0.4989862,0.0028083865,0.07648942,0.84748155,,0.84748155,control,1,,44,control_f1_s44_in22k_v5conf,best,19
ISIC_0063349,BCN_0003726,BCN_0003726,40-59,bcn20000,4,True,5,0.010040081,0.009020584,0.0073035858,0.085805364,0.042331792,0.7791937,0.06630489,0.061392456,,0.061392456,control,1,,44,control_f1_s44_in22k_v5conf,best,19
ISIC_0063364,BCN_0004552,BCN_0004552,40-59,bcn20000,5,False,4,0.004373309,0.0015632361,0.16750407,0.077137865,0.68142813,0.017862836,0.050130535,0.6873647,,0.6873647,control,1,,44,control_f1_s44_in22k_v5conf,best,19
ISIC_0063365,BCN_0000002,BCN_0000002,40-59,bcn20000,5,False,2,0.011569059,0.1581784,0.6580793,0.09209974,0.0058776992,0.01762735,0.056568418,0.17562516,,0.17562516,control,1,,44,control_f1_s44_in22k_v5conf,best,19
ISIC_0063374,BCN_0000757,BCN_0000757,<40,bcn20000,5,False,4,0.007988618,0.0034290461,0.0041939532,0.05972526,0.882001,0.0057570753,0.036905047,0.89341867,,0.89341867,control,1,,44,control_f1_s44_in22k_v5conf,best,19
ISIC_0063410,BCN_0004305,BCN_0004305,60+,bcn20000,4,True,4,0.01048157,0.0054324563,0.010046979,0.052712522,0.87779605,0.0032731688,0.04025721,0.8937101,,0.8937101,control,1,,44,control_f1_s44_in22k_v5conf,best,19
ISIC_0063413,BCN_0001864,BCN_0001864,60+,bcn20000,1,True,1,0.0026771515,0.79790336,0.0050081713,0.0919017,0.004882269,0.003299708,0.094327636,0.8054628,,0.8054628,control,1,,44,control_f1_s44_in22k_v5conf,best,19
ISIC_0063424,BCN_0002240,BCN_0002240,40-59,bcn20000,5,False,5,0.006848694,0.0070717176,0.004279048,0.0973856,0.40507317,0.4123227,0.06701904,0.4189936,,0.4189936,control,1,,44,control_f1_s44_in22k_v5conf,best,19
ISIC_0063440,BCN_0002632,BCN_0002632,<40,bcn20000,5,False,5,0.0068050893,0.004312649,0.006102827,0.04695933,0.00794248,0.88841444,0.039463155,0.019060217,,0.019060217,control,1,,44,control_f1_s44_in22k_v5conf,best,19
ISIC_0063477,BCN_0000002,BCN_0000002,40-59,bcn20000,5,False,2,0.0045747682,0.025969552,0.8553721,0.05846133,0.0036942272,0.013426959,0.038501106,0.034238547,,0.034238547,control,1,,44,control_f1_s44_in22k_v5conf,best,19
ISIC_0063479,BCN_0001612,BCN_0001612,60+,bcn20000,1,True,1,0.03917694,0.84998935,0.009469674,0.0584996,0.0035750852,0.0026835373,0.036605828,0.8927414,,0.8927414,control,1,,44,control_f1_s44_in22k_v5conf,best,19
ISIC_0063493,BCN_0000043,BCN_0000043,<40,bcn20000,4,True,4,0.0058888216,0.0021332712,0.0071542775,0.053322624,0.89897066,0.0032938702,0.029236518,0.90699273,,0.90699273,control,1,,44,control_f1_s44_in22k_v5conf,best,19
ISIC_0063519,BCN_0005396,BCN_0005396,<40,bcn20000,3,False,5,0.19857955,0.054382414,0.0030416148,0.13266,0.000839424,0.562971,0.04752601,0.25380138,,0.25380138,control,1,,44,control_f1_s44_in22k_v5conf,best,19
ISIC_0063547,BCN_0004166,BCN_0004166,<40,bcn20000,5,False,5,0.012295234,0.009911991,0.01003569,0.071747944,0.006656481,0.8387725,0.05058022,0.028863706,,0.028863706,control,1,,44,control_f1_s44_in22k_v5conf,best,19
ISIC_0063560,BCN_0000329,BCN_0000329,60+,bcn20000,1,True,1,0.0113150375,0.8829169,0.0057884934,0.054091536,0.0048512984,0.0035750885,0.037461527,0.89908326,,0.89908326,control,1,,44,control_f1_s44_in22k_v5conf,best,19
ISIC_0063574,BCN_0003229,BCN_0003229,60+,bcn20000,5,False,5,0.010896885,0.0055081346,0.01106264,0.06876347,0.0064640576,0.8474897,0.04981516,0.022869077,,0.022869077,control,1,,44,control_f1_s44_in22k_v5conf,best,19
ISIC_0063575,BCN_0005554,BCN_0005554,60+,bcn20000,1,True,4,0.013361658,0.06671778,0.13432008,0.07084112,0.67632306,0.0044415616,0.033994786,0.7564025,,0.7564025,control,1,,44,control_f1_s44_in22k_v5conf,best,19
ISIC_0063585,BCN_0003452,BCN_0003452,40-59,bcn20000,5,False,5,0.011906717,0.00673058,0.006224476,0.06797389,0.0037339353,0.84832925,0.0551011,0.02237123,,0.02237123,control,1,,44,control_f1_s44_in22k_v5conf,best,19
ISIC_0063588,BCN_0000431,BCN_0000431,60+,bcn20000,0,True,0,0.8957337,0.0021123786,0.014046673,0.050820142,0.001976182,0.0067323144,0.028578658,0.8998223,,0.8998223,control,1,,44,control_f1_s44_in22k_v5conf,best,19
ISIC_0063590,BCN_0004567,BCN_0004567,<40,bcn20000,5,False,5,0.012234651,0.010399974,0.0083871,0.07669586,0.0070668706,0.8211132,0.06410223,0.029701496,,0.029701496,control,1,,44,control_f1_s44_in22k_v5conf,best,19
ISIC_0063592,BCN_0002326,BCN_0002326,<40,bcn20000,5,False,5,0.114828855,0.058153514,0.0020357552,0.13793068,0.25303566,0.36577922,0.06823631,0.42601803,,0.42601803,control,1,,44,control_f1_s44_in22k_v5conf,best,19
ISIC_0063597,BCN_0004596,BCN_0004596,60+,bcn20000,1,True,1,0.20352979,0.64493996,0.008829701,0.059790343,0.030969545,0.0009741854,0.050966546,0.8794393,,0.8794393,control,1,,44,control_f1_s44_in22k_v5conf,best,19
ISIC_0063610,BCN_0001169,BCN_0001169,60+,bcn20000,1,True,1,0.03727125,0.7427622,0.0062686857,0.094006404,0.05464952,0.0028823824,0.0621596,0.834683,,0.834683,control,1,,44,control_f1_s44_in22k_v5conf,best,19
ISIC_0063611,BCN_0002221,BCN_0002221,40-59,bcn20000,5,False,5,0.0137035735,0.008091141,0.007260512,0.07486682,0.005498914,0.83587754,0.054701522,0.027293628,,0.027293628,control,1,,44,control_f1_s44_in22k_v5conf,best,19
ISIC_0063630,BCN_0004305,BCN_0004305,60+,bcn20000,4,True,4,0.010330946,0.006812377,0.0061153895,0.056431174,0.8743671,0.0032111977,0.04273182,0.8915104,,0.8915104,control,1,,44,control_f1_s44_in22k_v5conf,best,19
ISIC_0063669,BCN_0003261,BCN_0003261,60+,bcn20000,0,True,1,0.021241268,0.8499909,0.011494148,0.0635601,0.008603204,0.0028717946,0.042238552,0.87983537,,0.87983537,control,1,,44,control_f1_s44_in22k_v5conf,best,19
ISIC_0063672,BCN_0003080,BCN_0003080,<40,bcn20000,5,False,5,0.008307212,0.0056321984,0.013621865,0.067669496,0.010765736,0.84374726,0.05025617,0.024705146,,0.024705146,control,1,,44,control_f1_s44_in22k_v5conf,best,19
ISIC_0063682,BCN_0001567,BCN_0001567,40-59,bcn20000,5,False,5,0.012570798,0.008241934,0.00812056,0.0707829,0.011021948,0.83967316,0.049588628,0.03183468,,0.03183468,control,1,,44,control_f1_s44_in22k_v5conf,best,19
ISIC_0063683,BCN_0004480,BCN_0004480,40-59,bcn20000,5,False,4,0.004808411,0.0043085204,0.0042487797,0.047493104,0.89346755,0.009503341,0.036170386,0.9025845,,0.9025845,control,1,,44,control_f1_s44_in22k_v5conf,best,19
ISIC_0063687,BCN_0002675,BCN_0002675,60+,bcn20000,4,True,4,0.00927089,0.0060163746,0.0063044275,0.05084689,0.8873862,0.0023384627,0.037836783,0.9026735,,0.9026735,control,1,,44,control_f1_s44_in22k_v5conf,best,19
ISIC_0063688,BCN_0004972,BCN_0004972,40-59,bcn20000,5,False,5,0.003677245,0.0345615,0.1036172,0.07815036,0.30119726,0.37599742,0.10279899,0.339436,,0.339436,control,1,,44,control_f1_s44_in22k_v5conf,best,19
ISIC_0063705,BCN_0005708,BCN_0005708,<40,bcn20000,5,False,4,0.00946106,0.016836958,0.2086837,0.1289207,0.4742679,0.091743566,0.070086084,0.50056595,,0.50056595,control,1,,44,control_f1_s44_in22k_v5conf,best,19
ISIC_0063718,BCN_0000608,BCN_0000608,60+,bcn20000,2,False,1,0.08650864,0.8264342,0.0037016722,0.044767935,0.0020215434,0.0022691477,0.03429685,0.9149644,,0.9149644,control,1,,44,control_f1_s44_in22k_v5conf,best,19
ISIC_0063729,BCN_0002681,BCN_0002681,60+,bcn20000,2,False,1,0.0027743569,0.8652335,0.0016747013,0.047552295,0.020083696,0.02009935,0.04258213,0.88809156,,0.88809156,control,1,,44,control_f1_s44_in22k_v5conf,best,19
ISIC_0063735,BCN_0002468,BCN_0002468,40-59,bcn20000,5,False,5,0.011879441,0.008149413,0.0044583566,0.069474995,0.014908515,0.8427137,0.048415523,0.03493737,,0.03493737,control,1,,44,control_f1_s44_in22k_v5conf,best,19
ISIC_0063779,BCN_0003940,BCN_0003940,60+,bcn20000,1,True,0,0.9170398,0.026441857,0.0029168946,0.028774975,0.0015515225,0.001175424,0.022099437,0.9450332,,0.9450332,control,1,,44,control_f1_s44_in22k_v5conf,best,19
ISIC_0063786,BCN_0000070,BCN_0000070,<40,bcn20000,5,False,4,0.006254572,0.0068979,0.0058222017,0.059329495,0.8147759,0.063448824,0.04347108,0.82792836,,0.82792836,control,1,,44,control_f1_s44_in22k_v5conf,best,19
ISIC_0063794,BCN_0004259,BCN_0004259,60+,bcn20000,1,True,1,0.006690129,0.878828,0.017915593,0.05258111,0.005142544,0.0033923623,0.03545034,0.8906607,,0.8906607,control,1,,44,control_f1_s44_in22k_v5conf,best,19
ISIC_0063821,BCN_0000070,BCN_0000070,<40,bcn20000,5,False,2,0.0049150856,0.0022269292,0.93538237,0.025519922,0.0034172307,0.0034007265,0.025137728,0.010559246,,0.010559246,control,1,,44,control_f1_s44_in22k_v5conf,best,19
ISIC_0063832,BCN_0005629,BCN_0005629,<40,bcn20000,5,False,4,0.0066301543,0.0038440903,0.00493097,0.05385689,0.87058,0.014016728,0.046141103,0.8810543,,0.8810543,control,1,,44,control_f1_s44_in22k_v5conf,best,19
ISIC_0063848,BCN_0001768,BCN_0001768,40-59,bcn20000,5,False,1,0.26578283,0.63517827,0.0020530247,0.048544005,0.0075606303,0.013692786,0.027188517,0.9085217,,0.9085217,control,1,,44,control_f1_s44_in22k_v5conf,best,19
ISIC_0063850,BCN_0003811,BCN_0003811,60+,bcn20000,5,False,4,0.020369928,0.00437759,0.008642273,0.096788704,0.7106323,0.07372263,0.08546655,0.7353798,,0.7353798,control,1,,44,control_f1_s44_in22k_v5conf,best,19
ISIC_0063883,BCN_0003790,BCN_0003790,60+,bcn20000,0,True,0,0.9432889,0.0013053506,0.0023950445,0.027074862,0.0025005909,0.0038248405,0.019610383,0.94709486,,0.94709486,control,1,,44,control_f1_s44_in22k_v5conf,best,19
ISIC_0063890,BCN_0003790,BCN_0003790,60+,bcn20000,0,True,0,0.93831664,0.0027961724,0.0034992846,0.030771196,0.0015429227,0.0025605415,0.020513186,0.94265574,,0.94265574,control,1,,44,control_f1_s44_in22k_v5conf,best,19
ISIC_0063923,BCN_0000023,BCN_0000023,60+,bcn20000,1,True,0,0.6496936,0.17572816,0.043664873,0.061310027,0.018454345,0.0014311918,0.04971776,0.8438761,,0.8438761,control,1,,44,control_f1_s44_in22k_v5conf,best,19
ISIC_0063949,BCN_0001807,BCN_0001807,40-59,bcn20000,5,False,5,0.008821578,0.0058131916,0.0045937286,0.058296,0.008405098,0.8726543,0.04141602,0.023039866,,0.023039866,control,1,,44,control_f1_s44_in22k_v5conf,best,19
ISIC_0063961,BCN_0000657,BCN_0000657,60+,bcn20000,4,True,4,0.014916919,0.005705773,0.0060889614,0.05558765,0.8725501,0.0021352395,0.043015335,0.89317274,,0.89317274,control,1,,44,control_f1_s44_in22k_v5conf,best,19
ISIC_0063962,BCN_0004989,BCN_0004989,40-59,bcn20000,5,False,4,0.0052291756,0.0135122845,0.010489596,0.07170962,0.41563588,0.36797014,0.11545323,0.43437734,,0.43437734,control,1,,44,control_f1_s44_in22k_v5conf,best,19
ISIC_0063964,BCN_0005023,BCN_0005023,60+,bcn20000,1,True,1,0.011245906,0.87111765,0.0052595744,0.05903424,0.005444838,0.005538053,0.042359773,0.8878084,,0.8878084,control,1,,44,control_f1_s44_in22k_v5conf,best,19
ISIC_0063966,BCN_0005629,BCN_0005629,<40,bcn20000,5,False,5,0.014543243,0.00926745,0.006529096,0.09605014,0.091932125,0.7079431,0.073734805,0.11574282,,0.11574282,control,1,,44,control_f1_s44_in22k_v5conf,best,19
ISIC_0063967,BCN_0001137,BCN_0001137,40-59,bcn20000,1,True,1,0.012202932,0.88949025,0.005460406,0.049079,0.0037903963,0.0032670535,0.036710005,0.90548354,,0.90548354,control,1,,44,control_f1_s44_in22k_v5conf,best,19
ISIC_0063976,BCN_0001273,BCN_0001273,40-59,bcn20000,5,False,5,0.0100037595,0.005264989,0.0051008225,0.070597805,0.0044260416,0.8597921,0.04481458,0.01969479,,0.01969479,control,1,,44,control_f1_s44_in22k_v5conf,best,19
ISIC_0063990,BCN_0005629,BCN_0005629,<40,bcn20000,5,False,5,0.011075381,0.005574652,0.0056401305,0.062541746,0.007156903,0.8603232,0.047687996,0.023806935,,0.023806935,control,1,,44,control_f1_s44_in22k_v5conf,best,19
ISIC_0064025,BCN_0001363,BCN_0001363,40-59,bcn20000,2,False,0,0.9476479,0.0011504982,0.0039358013,0.02350408,0.0044068987,0.0029398173,0.016414966,0.9532053,,0.9532053,control,1,,44,control_f1_s44_in22k_v5conf,best,19
ISIC_0064055,BCN_0004008,BCN_0004008,40-59,bcn20000,1,True,1,0.011094366,0.8691611,0.0075247213,0.05774367,0.006690851,0.004116918,0.04366839,0.8869464,,0.8869464,control,1,,44,control_f1_s44_in22k_v5conf,best,19
ISIC_0064057,BCN_0003555,BCN_0003555,60+,bcn20000,1,True,1,0.039505403,0.8326039,0.0037510004,0.0679055,0.005444339,0.0030046962,0.047785144,0.87755364,,0.87755364,control,1,,44,control_f1_s44_in22k_v5conf,best,19
ISIC_0064064,BCN_0003555,BCN_0003555,60+,bcn20000,1,True,1,0.021108553,0.8778222,0.0041676415,0.05167658,0.004227604,0.0029197629,0.038077585,0.90315837,,0.90315837,control,1,,44,control_f1_s44_in22k_v5conf,best,19
ISIC_0064073,BCN_0001964,BCN_0001964,<40,bcn20000,4,True,5,0.010324458,0.0065164454,0.009132114,0.07603769,0.004821239,0.8426396,0.050528467,0.021662142,,0.021662142,control,1,,44,control_f1_s44_in22k_v5conf,best,19
ISIC_0064128,BCN_0003664,BCN_0003664,40-59,bcn20000,1,True,1,0.013106861,0.8936096,0.005534746,0.047227975,0.004341253,0.0030491836,0.033130337,0.9110577,,0.9110577,control,1,,44,control_f1_s44_in22k_v5conf,best,19
ISIC_0064138,BCN_0003554,BCN_0003554,40-59,bcn20000,5,False,5,0.014956716,0.012532065,0.0029562518,0.06139345,0.0022828507,0.86632,0.039558664,0.029771632,,0.029771632,control,1,,44,control_f1_s44_in22k_v5conf,best,19
ISIC_0064142,BCN_0002972,BCN_0002972,<40,bcn20000,5,False,5,0.010045636,0.0072045224,0.0069862204,0.064749554,0.0067211324,0.85607815,0.048214857,0.02397129,,0.02397129,control,1,,44,control_f1_s44_in22k_v5conf,best,19
ISIC_0064153,BCN_0002671,BCN_0002671,unknown,bcn20000,5,False,5,0.010630731,0.0070833657,0.0039551724,0.066083156,0.0097530885,0.85747206,0.045022447,0.027467184,,0.027467184,control,1,,44,control_f1_s44_in22k_v5conf,best,19
ISIC_0064181,BCN_0001026,BCN_0001026,unknown,bcn20000,5,False,5,0.010391924,0.005917792,0.0065855915,0.0683874,0.010159695,0.8500907,0.048466947,0.02646941,,0.02646941,control,1,,44,control_f1_s44_in22k_v5conf,best,19
ISIC_0064211,BCN_0001518,BCN_0001518,60+,bcn20000,0,True,0,0.9285431,0.005510688,0.005130736,0.02632478,0.011753253,0.0016232292,0.021114213,0.94580704,,0.94580704,control,1,,44,control_f1_s44_in22k_v5conf,best,19
ISIC_0064219,BCN_0003510,BCN_0003510,40-59,bcn20000,5,False,5,0.07731003,0.007973573,0.005966249,0.11598454,0.14838924,0.58917886,0.055197574,0.23367284,,0.23367284,control,1,,44,control_f1_s44_in22k_v5conf,best,19
ISIC_0064233,BCN_0000083,BCN_0000083,60+,bcn20000,1,True,1,0.011833283,0.90506405,0.0032565559,0.043991536,0.0035468566,0.0023964273,0.029911296,0.9204442,,0.9204442,control,1,,44,control_f1_s44_in22k_v5conf,best,19
ISIC_0064237,BCN_0002193,BCN_0002193,40-59,bcn20000,1,True,1,0.27566928,0.5683688,0.004908793,0.09025138,0.0054666866,0.0029133856,0.052421633,0.84950477,,0.84950477,control,1,,44,control_f1_s44_in22k_v5conf,best,19
ISIC_0064261,BCN_0005263,BCN_0005263,60+,bcn20000,4,True,4,0.003721435,0.004585756,0.001634496,0.03791573,0.9117861,0.0016577926,0.038698666,0.9200933,,0.9200933,control,1,,44,control_f1_s44_in22k_v5conf,best,19
ISIC_0064262,BCN_0004556,BCN_0004556,60+,bcn20000,0,True,1,0.006950315,0.87957484,0.0062295306,0.055651784,0.0069723804,0.0076207076,0.037000377,0.8934975,,0.8934975,control,1,,44,control_f1_s44_in22k_v5conf,best,19
ISIC_0064267,BCN_0001974,BCN_0001974,60+,bcn20000,0,True,0,0.9505975,0.0070824674,0.0033393512,0.019781653,0.0022734606,0.0009932431,0.015932338,0.9599534,,0.9599534,control,1,,44,control_f1_s44_in22k_v5conf,best,19
ISIC_0064277,BCN_0003483,BCN_0003483,60+,bcn20000,5,False,5,0.013053173,0.0058862064,0.003214656,0.070028774,0.011841222,0.84903073,0.04694531,0.030780602,,0.030780602,control,1,,44,control_f1_s44_in22k_v5conf,best,19
ISIC_0064292,BCN_0004035,BCN_0004035,60+,bcn20000,1,True,1,0.010619227,0.868382,0.004451478,0.05735627,0.006235483,0.01120627,0.041749336,0.8852367,,0.8852367,control,1,,44,control_f1_s44_in22k_v5conf,best,19
ISIC_0064301,BCN_0003126,BCN_0003126,60+,bcn20000,2,False,4,0.005884516,0.008117327,0.11145153,0.097752854,0.7076338,0.0036279045,0.06553208,0.72163564,,0.72163564,control,1,,44,control_f1_s44_in22k_v5conf,best,19
ISIC_0064326,BCN_0002870,BCN_0002870,40-59,bcn20000,5,False,5,0.117036976,0.022718675,0.033117764,0.107933946,0.005031708,0.6451181,0.069042794,0.14478736,,0.14478736,control,1,,44,control_f1_s44_in22k_v5conf,best,19
ISIC_0064353,BCN_0001490,BCN_0001490,40-59,bcn20000,1,True,1,0.008603721,0.8883706,0.0039454075,0.055153515,0.0031973715,0.0037448674,0.036984492,0.90017164,,0.90017164,control,1,,44,control_f1_s44_in22k_v5conf,best,19
ISIC_0064360,BCN_0004592,BCN_0004592,60+,bcn20000,4,True,4,0.054446112,0.007549041,0.0039454065,0.08247253,0.7864177,0.0022670676,0.06290214,0.8484129,,0.8484129,control,1,,44,control_f1_s44_in22k_v5conf,best,19
ISIC_0064368,BCN_0005621,BCN_0005621,40-59,bcn20000,5,False,5,0.009593403,0.0062283124,0.0064848037,0.06925603,0.015663592,0.846658,0.046115834,0.031485308,,0.031485308,control,1,,44,control_f1_s44_in22k_v5conf,best,19
ISIC_0064376,BCN_0002958,BCN_0002958,60+,bcn20000,4,True,4,0.0061198114,0.010789095,0.006806275,0.052718695,0.8798719,0.0021812506,0.041512944,0.8967808,,0.8967808,control,1,,44,control_f1_s44_in22k_v5conf,best,19
ISIC_0064401,BCN_0002469,BCN_0002469,40-59,bcn20000,5,False,5,0.010799289,0.006789789,0.0036570088,0.065513365,0.040423248,0.83203894,0.040778406,0.058012325,,0.058012325,control,1,,44,control_f1_s44_in22k_v5conf,best,19
ISIC_0064403,BCN_0002870,BCN_0002870,40-59,bcn20000,5,False,5,0.07074184,0.0048312093,0.19859025,0.085522875,0.0035112419,0.5780398,0.0587628,0.07908429,,0.07908429,control,1,,44,control_f1_s44_in22k_v5conf,best,19
ISIC_0064413,BCN_0002584,BCN_0002584,40-59,bcn20000,3,False,4,0.0053904043,0.003440698,0.003667494,0.12541007,0.80775535,0.0044989577,0.049836993,0.81658643,,0.81658643,control,1,,44,control_f1_s44_in22k_v5conf,best,19
ISIC_0064414,BCN_0003510,BCN_0003510,40-59,bcn20000,5,False,5,0.009867601,0.008072848,0.0082741715,0.07818995,0.03115194,0.8088215,0.055621948,0.04909239,,0.04909239,control,1,,44,control_f1_s44_in22k_v5conf,best,19
ISIC_0064418,BCN_0000095,BCN_0000095,40-59,bcn20000,5,False,5,0.017977258,0.0069250036,0.009495506,0.07924799,0.009452279,0.820749,0.05615299,0.03435454,,0.03435454,control,1,,44,control_f1_s44_in22k_v5conf,best,19
ISIC_0064455,BCN_0002318,BCN_0002318,40-59,bcn20000,4,True,4,0.0046451744,0.0052570044,0.00496541,0.059080638,0.8443569,0.04196589,0.039728988,0.8542591,,0.8542591,control,1,,44,control_f1_s44_in22k_v5conf,best,19
ISIC_0064471,BCN_0000713,BCN_0000713,40-59,bcn20000,5,False,1,0.011831554,0.8757472,0.005370557,0.058810715,0.004167154,0.004053714,0.04001915,0.8917459,,0.8917459,control,1,,44,control_f1_s44_in22k_v5conf,best,19
ISIC_0064472,BCN_0002384,BCN_0002384,40-59,bcn20000,4,True,5,0.010947457,0.006540392,0.0050821337,0.07030736,0.010626315,0.8487953,0.0477011,0.028114162,,0.028114162,control,1,,44,control_f1_s44_in22k_v5conf,best,19
ISIC_0064496,BCN_0002193,BCN_0002193,40-59,bcn20000,1,True,1,0.01219318,0.88355666,0.004101174,0.056041483,0.0054358654,0.0035179087,0.03515363,0.90118575,,0.90118575,control,1,,44,control_f1_s44_in22k_v5conf,best,19
ISIC_0064501,BCN_0001199,BCN_0001199,<40,bcn20000,5,False,5,0.009860202,0.0059816833,0.007878391,0.069365285,0.013936963,0.8455138,0.04746363,0.029778847,,0.029778847,control,1,,44,control_f1_s44_in22k_v5conf,best,19
ISIC_0064502,BCN_0002584,BCN_0002584,40-59,bcn20000,3,False,4,0.0045484807,0.002920089,0.0027031698,0.06739298,0.8833515,0.006374752,0.032709017,0.8908201,,0.8908201,control,1,,44,control_f1_s44_in22k_v5conf,best,19
ISIC_0064515,BCN_0002312,BCN_0002312,60+,bcn20000,4,True,4,0.008861752,0.0049960343,0.005265209,0.050344992,0.8901329,0.001693986,0.038705062,0.9039907,,0.9039907,control,1,,44,control_f1_s44_in22k_v5conf,best,19
ISIC_0064522,BCN_0002155,BCN_0002155,60+,bcn20000,0,True,0,0.92832446,0.018646529,0.0042116316,0.02537077,0.0018423127,0.0013767775,0.020227442,0.9488133,,0.9488133,control,1,,44,control_f1_s44_in22k_v5conf,best,19
ISIC_0064543,BCN_0005117,BCN_0005117,60+,bcn20000,0,True,0,0.39658085,0.016091943,0.38692102,0.10059335,0.030193053,0.0056514973,0.06396838,0.44286585,,0.44286585,control,1,,44,control_f1_s44_in22k_v5conf,best,19
ISIC_0064553,BCN_0001518,BCN_0001518,60+,bcn20000,0,True,0,0.94032496,0.0054620947,0.0026761484,0.027156794,0.002397681,0.0020273637,0.019954944,0.9481847,,0.9481847,control,1,,44,control_f1_s44_in22k_v5conf,best,19
ISIC_0064574,BCN_0000644,BCN_0000644,40-59,bcn20000,5,False,4,0.01117418,0.009519731,0.008415775,0.062024392,0.83446705,0.025203036,0.04919574,0.85516095,,0.85516095,control,1,,44,control_f1_s44_in22k_v5conf,best,19
ISIC_0064579,BCN_0000291,BCN_0000291,60+,bcn20000,0,True,0,0.4719775,0.008690411,0.38589188,0.07441273,0.0059851464,0.0023128253,0.05072951,0.48665306,,0.48665306,control,1,,44,control_f1_s44_in22k_v5conf,best,19
ISIC_0064605,BCN_0000548,BCN_0000548,60+,bcn20000,1,True,0,0.8061727,0.07483529,0.0045711854,0.06647948,0.0038444414,0.0040263934,0.040070385,0.88485247,,0.88485247,control,1,,44,control_f1_s44_in22k_v5conf,best,19
ISIC_0064625,BCN_0001516,BCN_0001516,60+,bcn20000,4,True,4,0.01079288,0.005504353,0.006088076,0.056251295,0.87983054,0.0018756395,0.03965716,0.89612776,,0.89612776,control,1,,44,control_f1_s44_in22k_v5conf,best,19
ISIC_0064654,BCN_0000963,BCN_0000963,60+,bcn20000,2,False,1,0.017535007,0.46082664,0.0103742285,0.11120633,0.09692004,0.24634384,0.056793947,0.5752817,,0.5752817,control,1,,44,control_f1_s44_in22k_v5conf,best,19
ISIC_0064663,BCN_0002857,BCN_0002857,<40,bcn20000,5,False,5,0.010938302,0.007446217,0.013634738,0.066004835,0.014183456,0.8402935,0.047499,0.032567974,,0.032567974,control,1,,44,control_f1_s44_in22k_v5conf,best,19
ISIC_0064686,BCN_0003215,BCN_0003215,40-59,bcn20000,4,True,4,0.07277868,0.0024872897,0.01895165,0.08902073,0.7179875,0.023499787,0.0752744,0.7932534,,0.7932534,control,1,,44,control_f1_s44_in22k_v5conf,best,19
ISIC_0064719,BCN_0000545,BCN_0000545,<40,bcn20000,5,False,5,0.0142515395,0.011882504,0.0065842816,0.122143075,0.20720133,0.5503213,0.087616004,0.23333538,,0.23333538,control,1,,44,control_f1_s44_in22k_v5conf,best,19
ISIC_0064721,BCN_0004592,BCN_0004592,60+,bcn20000,4,True,0,0.9655034,0.0013894035,0.0003510188,0.015950978,0.000808423,0.0027326785,0.01326413,0.9677012,,0.9677012,control,1,,44,control_f1_s44_in22k_v5conf,best,19
ISIC_0064750,BCN_0000120,BCN_0002991,60+,bcn20000,2,False,2,0.03681185,0.114727974,0.6957096,0.07998106,0.005836835,0.0028486983,0.06408401,0.15737666,,0.15737666,control,1,,44,control_f1_s44_in22k_v5conf,best,19
ISIC_0064778,BCN_0003287,BCN_0003287,60+,bcn20000,2,False,2,0.033821248,0.020625098,0.5854896,0.10650838,0.13207062,0.0048131943,0.11667192,0.18651697,,0.18651697,control,1,,44,control_f1_s44_in22k_v5conf,best,19
ISIC_0064783,BCN_0004217,BCN_0004217,40-59,bcn20000,4,True,4,0.009363647,0.0110713,0.012976644,0.08823213,0.71943945,0.11294382,0.045973018,0.73987436,,0.73987436,control,1,,44,control_f1_s44_in22k_v5conf,best,19
ISIC_0064802,BCN_0001375,BCN_0001375,60+,bcn20000,5,False,5,0.018255126,0.008350903,0.02520613,0.06365696,0.0043437877,0.83134615,0.04884088,0.030949816,,0.030949816,control,1,,44,control_f1_s44_in22k_v5conf,best,19
ISIC_0064814,BCN_0001012,BCN_0001012,40-59,bcn20000,1,True,1,0.021907832,0.8708301,0.006713356,0.056565728,0.0036140094,0.0027700546,0.037598897,0.89635193,,0.89635193,control,1,,44,control_f1_s44_in22k_v5conf,best,19
ISIC_0064864,BCN_0003555,BCN_0003555,60+,bcn20000,1,True,1,0.21326885,0.5944562,0.0037521478,0.11430089,0.0063865245,0.003284098,0.06455137,0.8141116,,0.8141116,control,1,,44,control_f1_s44_in22k_v5conf,best,19
ISIC_0064866,BCN_0004423,BCN_0004423,<40,bcn20000,5,False,1,0.02332251,0.93076,0.0034636965,0.022811266,0.0008307102,0.0054842406,0.013327467,0.95491326,,0.95491326,control,1,,44,control_f1_s44_in22k_v5conf,best,19
ISIC_0064909,BCN_0003629,BCN_0003629,60+,bcn20000,4,True,4,0.010804248,0.07796622,0.020574309,0.089497276,0.71106625,0.0032020404,0.0868897,0.7998367,,0.7998367,control,1,,44,control_f1_s44_in22k_v5conf,best,19
ISIC_0064930,BCN_0002584,BCN_0002584,40-59,bcn20000,3,False,4,0.0050416947,0.0034070753,0.0036463784,0.06937667,0.8698086,0.005676642,0.043042902,0.8782574,,0.8782574,control,1,,44,control_f1_s44_in22k_v5conf,best,19
ISIC_0064932,BCN_0001977,BCN_0001977,<40,bcn20000,5,False,1,0.008772035,0.83308387,0.008488977,0.053888068,0.0076378286,0.051053137,0.037076,0.84949374,,0.84949374,control,1,,44,control_f1_s44_in22k_v5conf,best,19
ISIC_0064933,BCN_0002316,BCN_0002316,60+,bcn20000,4,True,4,0.015499381,0.014202261,0.0044591627,0.058522068,0.8608531,0.0016947056,0.044769432,0.8905547,,0.8905547,control,1,,44,control_f1_s44_in22k_v5conf,best,19
ISIC_0064961,BCN_0004158,BCN_0004158,<40,bcn20000,5,False,5,0.013782706,0.010262212,0.007218292,0.07348506,0.0065625883,0.837722,0.05096705,0.030607507,,0.030607507,control,1,,44,control_f1_s44_in22k_v5conf,best,19
ISIC_0064965,BCN_0001087,BCN_0001087,60+,bcn20000,4,True,5,0.013891554,0.0072855884,0.005105502,0.07220026,0.008411615,0.8409607,0.05214479,0.029588759,,0.029588759,control,1,,44,control_f1_s44_in22k_v5conf,best,19
ISIC_0064992,BCN_0004592,BCN_0004592,60+,bcn20000,4,True,4,0.04163869,0.010802176,0.005863191,0.09075665,0.7949332,0.004730115,0.05127599,0.8473741,,0.8473741,control,1,,44,control_f1_s44_in22k_v5conf,best,19
ISIC_0065021,BCN_0001612,BCN_0001612,60+,bcn20000,1,True,1,0.026274193,0.86167854,0.003229332,0.0579818,0.003427707,0.010553868,0.0368545,0.8913804,,0.8913804,control,1,,44,control_f1_s44_in22k_v5conf,best,19
ISIC_0065038,BCN_0001199,BCN_0001199,<40,bcn20000,5,False,5,0.010768345,0.006736643,0.007084586,0.073659964,0.014520215,0.83835125,0.048879083,0.032025203,,0.032025203,control,1,,44,control_f1_s44_in22k_v5conf,best,19
ISIC_0065044,BCN_0000494,BCN_0000494,60+,bcn20000,1,True,3,0.0016144109,0.041143484,0.0002544534,0.9430099,0.0008375434,0.0010169069,0.012123208,0.043595437,,0.043595437,control,1,,44,control_f1_s44_in22k_v5conf,best,19
ISIC_0065052,BCN_0000740,BCN_0000740,40-59,bcn20000,0,True,0,0.85951734,0.024977706,0.021520274,0.049506374,0.001118275,0.002398761,0.040961325,0.8856133,,0.8856133,control,1,,44,control_f1_s44_in22k_v5conf,best,19
ISIC_0065076,BCN_0000032,BCN_0000032,60+,bcn20000,1,True,1,0.012636412,0.8919242,0.0048964433,0.046345755,0.0047910954,0.00324369,0.03616236,0.9093517,,0.9093517,control,1,,44,control_f1_s44_in22k_v5conf,best,19
ISIC_0065083,BCN_0005104,BCN_0005104,60+,bcn20000,1,True,1,0.011207979,0.8812573,0.0073229135,0.058802497,0.0034450614,0.003394293,0.034569953,0.8959104,,0.8959104,control,1,,44,control_f1_s44_in22k_v5conf,best,19
ISIC_0065090,BCN_0003267,BCN_0003267,<40,bcn20000,5,False,5,0.01252069,0.009764803,0.0058372254,0.06600006,0.006013637,0.850129,0.049734604,0.02829913,,0.02829913,control,1,,44,control_f1_s44_in22k_v5conf,best,19
ISIC_0065095,BCN_0003170,BCN_0003170,60+,bcn20000,0,True,0,0.83428293,0.008312951,0.0692629,0.05285965,0.0037659577,0.00167052,0.029845197,0.8463618,,0.8463618,control,1,,44,control_f1_s44_in22k_v5conf,best,19
ISIC_0065108,BCN_0004526,BCN_0004526,60+,bcn20000,1,True,1,0.008002675,0.8961828,0.0055036424,0.051855385,0.004002832,0.0034942464,0.030958438,0.9081883,,0.9081883,control,1,,44,control_f1_s44_in22k_v5conf,best,19
ISIC_0065121,BCN_0000657,BCN_0000657,60+,bcn20000,4,True,4,0.009631357,0.0039807707,0.0050167656,0.04869418,0.89617246,0.0014462973,0.03505823,0.9097846,,0.9097846,control,1,,44,control_f1_s44_in22k_v5conf,best,19
ISIC_0065129,BCN_0000158,BCN_0000158,40-59,bcn20000,1,True,1,0.056385178,0.6104296,0.0006286152,0.1071481,0.022294275,0.15556885,0.047545422,0.689109,,0.689109,control,1,,44,control_f1_s44_in22k_v5conf,best,19
ISIC_0065132,BCN_0001792,BCN_0001792,60+,bcn20000,4,True,5,0.002777239,0.0049068495,0.033627063,0.06956792,0.10206255,0.748575,0.0384834,0.10974664,,0.10974664,control,1,,44,control_f1_s44_in22k_v5conf,best,19
ISIC_0065150,BCN_0001619,BCN_0001619,40-59,bcn20000,0,True,2,0.25771967,0.143178,0.41766983,0.098255344,0.0031788251,0.0024756668,0.077522725,0.40407652,,0.40407652,control,1,,44,control_f1_s44_in22k_v5conf,best,19
ISIC_0065180,BCN_0004305,BCN_0004305,60+,bcn20000,4,True,4,0.008718443,0.006927506,0.005316824,0.05363513,0.88293904,0.00313321,0.039329816,0.89858496,,0.89858496,control,1,,44,control_f1_s44_in22k_v5conf,best,19
ISIC_0065181,BCN_0001426,BCN_0001426,40-59,bcn20000,4,True,4,0.007304543,0.0037770402,0.008588403,0.0658057,0.8602281,0.0045908806,0.04970532,0.8713097,,0.8713097,control,1,,44,control_f1_s44_in22k_v5conf,best,19
ISIC_0065261,BCN_0004438,BCN_0004438,40-59,bcn20000,5,False,4,0.011524792,0.007945783,0.008554544,0.12326545,0.61247915,0.1519688,0.084261544,0.6319497,,0.6319497,control,1,,44,control_f1_s44_in22k_v5conf,best,19
ISIC_0065264,BCN_0000120,BCN_0000120,<40,bcn20000,5,False,1,0.0049667233,0.9313251,0.00055182,0.022277515,0.0005660768,0.023886254,0.016426593,0.9368579,,0.9368579,control,1,,44,control_f1_s44_in22k_v5conf,best,19
ISIC_0065305,BCN_0002694,BCN_0002694,40-59,bcn20000,4,True,4,0.02859846,0.006484484,0.0039554136,0.06970671,0.8340238,0.0042111506,0.05302006,0.8691067,,0.8691067,control,1,,44,control_f1_s44_in22k_v5conf,best,19
ISIC_0065314,BCN_0004239,BCN_0004239,60+,bcn20000,1,True,1,0.06350389,0.8079437,0.01208607,0.064857684,0.0023322494,0.0021803193,0.047095962,0.87377983,,0.87377983,control,1,,44,control_f1_s44_in22k_v5conf,best,19
ISIC_0065321,BCN_0005599,BCN_0005599,40-59,bcn20000,2,False,2,0.015052077,0.003789171,0.7098215,0.07492331,0.11907497,0.00559945,0.071739495,0.13791622,,0.13791622,control,1,,44,control_f1_s44_in22k_v5conf,best,19
ISIC_0065328,BCN_0000381,BCN_0000381,40-59,bcn20000,1,True,1,0.012403304,0.881032,0.0059261313,0.054410808,0.0050360705,0.003887245,0.03730436,0.89847136,,0.89847136,control,1,,44,control_f1_s44_in22k_v5conf,best,19
ISIC_0065359,BCN_0005079,BCN_0005079,40-59,bcn20000,2,False,2,0.049161147,0.010512525,0.81044686,0.07148823,0.015282086,0.002433175,0.040675987,0.07495576,,0.07495576,control,1,,44,control_f1_s44_in22k_v5conf,best,19
ISIC_0065427,BCN_0004305,BCN_0004305,60+,bcn20000,4,True,4,0.010751814,0.007466036,0.006512989,0.061144635,0.86526096,0.003663541,0.04520005,0.8834788,,0.8834788,control,1,,44,control_f1_s44_in22k_v5conf,best,19
ISIC_0065463,BCN_0005263,BCN_0005263,60+,bcn20000,4,True,4,0.010394682,0.006118378,0.013228568,0.083187334,0.58710223,0.2224659,0.07750292,0.6036153,,0.6036153,control,1,,44,control_f1_s44_in22k_v5conf,best,19
ISIC_0065472,BCN_0003700,BCN_0003700,60+,bcn20000,0,True,1,0.100602746,0.7598244,0.0032998214,0.06696642,0.011227335,0.0042912844,0.053787965,0.87165445,,0.87165445,control,1,,44,control_f1_s44_in22k_v5conf,best,19
ISIC_0065476,BCN_0003790,BCN_0003790,60+,bcn20000,0,True,0,0.9390276,0.0028070689,0.0051927804,0.029843118,0.0014278486,0.0021261384,0.019575523,0.9432625,,0.9432625,control,1,,44,control_f1_s44_in22k_v5conf,best,19
ISIC_0065498,BCN_0002610,BCN_0002610,60+,bcn20000,2,False,6,0.0009980458,0.30180338,0.009178134,0.070550725,0.0040656603,0.09044702,0.522957,0.3068671,,0.3068671,control,1,,44,control_f1_s44_in22k_v5conf,best,19
ISIC_0065501,BCN_0002229,BCN_0002229,60+,bcn20000,5,False,4,0.008789378,0.01050654,0.010217402,0.06250501,0.8537806,0.004030363,0.050170667,0.87307656,,0.87307656,control,1,,44,control_f1_s44_in22k_v5conf,best,19
ISIC_0065510,BCN_0002599,BCN_0002599,<40,bcn20000,5,False,4,0.0075016245,0.004434831,0.0032177214,0.052380305,0.87836593,0.016317358,0.03778228,0.8903024,,0.8903024,control,1,,44,control_f1_s44_in22k_v5conf,best,19
ISIC_0065514,BCN_0002557,BCN_0002557,60+,bcn20000,2,False,2,0.011577766,0.009130271,0.8914671,0.04046477,0.012449783,0.00061657757,0.034293734,0.03315782,,0.03315782,control,1,,44,control_f1_s44_in22k_v5conf,best,19
ISIC_0065521,BCN_0004568,BCN_0004568,60+,bcn20000,4,True,0,0.6532698,0.11318829,0.004099599,0.112650394,0.013248606,0.0025990433,0.10094419,0.7797067,,0.7797067,control,1,,44,control_f1_s44_in22k_v5conf,best,19
ISIC_0065525,BCN_0003311,BCN_0003311,60+,bcn20000,4,True,4,0.22022098,0.004263393,0.055574153,0.16455974,0.4441285,0.0032814678,0.10797177,0.6686129,,0.6686129,control,1,,44,control_f1_s44_in22k_v5conf,best,19
ISIC_0065537,BCN_0004217,BCN_0004217,40-59,bcn20000,4,True,4,0.010419622,0.0059812204,0.0036748457,0.05686653,0.8778115,0.00514339,0.040102895,0.8942123,,0.8942123,control,1,,44,control_f1_s44_in22k_v5conf,best,19
ISIC_0065549,BCN_0005690,BCN_0005690,60+,bcn20000,1,True,1,0.011298503,0.89049166,0.009537181,0.048267342,0.003507521,0.0032372356,0.03366056,0.90529764,,0.90529764,control,1,,44,control_f1_s44_in22k_v5conf,best,19
ISIC_0065556,BCN_0001561,BCN_0001561,60+,bcn20000,1,True,1,0.01436289,0.86946183,0.0068635414,0.060275935,0.0051501454,0.0038948297,0.039990894,0.88897485,,0.88897485,control,1,,44,control_f1_s44_in22k_v5conf,best,19
ISIC_0065565,BCN_0004372,BCN_0004372,60+,bcn20000,1,True,1,0.0052159275,0.8401608,0.003740595,0.107190296,0.0036085343,0.0032851675,0.036798712,0.84898525,,0.84898525,control,1,,44,control_f1_s44_in22k_v5conf,best,19
ISIC_0065569,BCN_0003126,BCN_0003126,40-59,bcn20000,2,False,2,0.0036682026,0.0065600052,0.9088669,0.04007228,0.004114214,0.0019491209,0.034769174,0.014342422,,0.014342422,control,1,,44,control_f1_s44_in22k_v5conf,best,19
ISIC_0065570,BCN_0000268,BCN_0000268,40-59,bcn20000,1,True,1,0.044442464,0.378617,0.14486697,0.13420974,0.17541902,0.062159427,0.06028536,0.5984785,,0.5984785,control,1,,44,control_f1_s44_in22k_v5conf,best,19
ISIC_0065577,BCN_0001964,BCN_0001964,<40,bcn20000,4,True,5,0.028982062,0.0067314534,0.09952363,0.23587342,0.032683387,0.53804934,0.058156643,0.0683969,,0.0683969,control,1,,44,control_f1_s44_in22k_v5conf,best,19
ISIC_0065579,BCN_0000493,BCN_0000493,60+,bcn20000,1,True,1,0.008151021,0.8755571,0.007606283,0.05762602,0.005292286,0.0034860617,0.042281173,0.8890004,,0.8890004,control,1,,44,control_f1_s44_in22k_v5conf,best,19
ISIC_0065584,BCN_0003914,BCN_0003914,60+,bcn20000,0,True,1,0.028318979,0.82601327,0.016169056,0.07981765,0.0047516446,0.0042123576,0.04071709,0.8590839,,0.8590839,control,1,,44,control_f1_s44_in22k_v5conf,best,19
ISIC_0065613,BCN_0004287,BCN_0004287,40-59,bcn20000,5,False,5,0.011571196,0.007982343,0.0052040964,0.06574561,0.008885653,0.8525111,0.048100006,0.02843919,,0.02843919,control,1,,44,control_f1_s44_in22k_v5conf,best,19
ISIC_0065622,BCN_0003629,BCN_0003629,60+,bcn20000,4,True,4,0.006873587,0.005896029,0.0048541008,0.053133536,0.8932955,0.0021210567,0.033826143,0.90606517,,0.90606517,control,1,,44,control_f1_s44_in22k_v5conf,best,19
ISIC_0065666,BCN_0004008,BCN_0004008,40-59,bcn20000,1,True,1,0.07018623,0.8055959,0.007812188,0.063357964,0.0041012648,0.0021728294,0.046773527,0.8798834,,0.8798834,control,1,,44,control_f1_s44_in22k_v5conf,best,19
ISIC_0065668,BCN_0004288,BCN_0004288,60+,bcn20000,4,True,5,0.006320861,0.29580846,0.026106367,0.106822066,0.10899389,0.36025834,0.09569004,0.41112322,,0.41112322,control,1,,44,control_f1_s44_in22k_v5conf,best,19
ISIC_0065677,BCN_0001036,BCN_0001036,60+,bcn20000,5,False,2,0.06881445,0.030865634,0.5329653,0.16261227,0.13885061,0.007686917,0.058204852,0.2385307,,0.2385307,control,1,,44,control_f1_s44_in22k_v5conf,best,19
ISIC_0065684,BCN_0000032,BCN_0000032,60+,bcn20000,1,True,1,0.011453234,0.90802526,0.0049735326,0.03878077,0.0049137776,0.0022671206,0.029586317,0.9243923,,0.9243923,control,1,,44,control_f1_s44_in22k_v5conf,best,19
ISIC_0065699,BCN_0001337,BCN_0001337,60+,bcn20000,1,True,1,0.015435624,0.8882385,0.008854061,0.048847284,0.0015755435,0.0011899673,0.0358591,0.90524966,,0.90524966,control,1,,44,control_f1_s44_in22k_v5conf,best,19
ISIC_0065735,BCN_0001687,BCN_0001687,60+,bcn20000,4,True,4,0.005976606,0.0043149483,0.008383158,0.05016395,0.8893134,0.004349728,0.03749818,0.899605,,0.899605,control,1,,44,control_f1_s44_in22k_v5conf,best,19
ISIC_0065739,BCN_0003871,BCN_0003871,40-59,bcn20000,1,True,1,0.0050560595,0.89547324,0.0018915748,0.04129531,0.0066610365,0.00602168,0.043601073,0.9071904,,0.9071904,control,1,,44,control_f1_s44_in22k_v5conf,best,19
ISIC_0065766,BCN_0004305,BCN_0004305,60+,bcn20000,4,True,4,0.01084291,0.005860196,0.0069094407,0.05978414,0.87318707,0.0028054623,0.0406108,0.8898902,,0.8898902,control,1,,44,control_f1_s44_in22k_v5conf,best,19
ISIC_0065779,BCN_0002747,BCN_0002747,<40,bcn20000,5,False,5,0.0050948155,0.0020429124,0.0029689255,0.22531204,0.07207671,0.64982414,0.042680454,0.07921444,,0.07921444,control,1,,44,control_f1_s44_in22k_v5conf,best,19
ISIC_0065819,BCN_0003983,BCN_0003983,<40,bcn20000,5,False,5,0.016042063,0.009513291,0.029175336,0.079966016,0.016364565,0.79433775,0.05460102,0.041919917,,0.041919917,control,1,,44,control_f1_s44_in22k_v5conf,best,19
ISIC_0065836,BCN_0000757,BCN_0000757,<40,bcn20000,5,False,4,0.009119117,0.0064760246,0.008678664,0.055189185,0.8679932,0.003650286,0.048893552,0.8835883,,0.8835883,control,1,,44,control_f1_s44_in22k_v5conf,best,19
ISIC_0065852,BCN_0001737,BCN_0001737,<40,bcn20000,5,False,4,0.007602822,0.0071860976,0.00355243,0.052812535,0.84604156,0.039436452,0.043368075,0.8608305,,0.8608305,control,1,,44,control_f1_s44_in22k_v5conf,best,19
ISIC_0065879,BCN_0003431,BCN_0003431,60+,bcn20000,1,True,4,0.0063234274,0.015768457,0.0037877187,0.067949,0.85895133,0.00603949,0.041180573,0.8810432,,0.8810432,control,1,,44,control_f1_s44_in22k_v5conf,best,19
ISIC_0065880,BCN_0004300,BCN_0004300,60+,bcn20000,0,True,2,0.0024353296,0.0015342669,0.9445947,0.017332103,0.016213862,0.0013885866,0.016501155,0.020183459,,0.020183459,control,1,,44,control_f1_s44_in22k_v5conf,best,19
ISIC_0065888,BCN_0002916,BCN_0002916,60+,bcn20000,0,True,0,0.8984,0.0011470187,0.004367992,0.05158686,0.0015723638,0.0024457995,0.04047991,0.9011194,,0.9011194,control,1,,44,control_f1_s44_in22k_v5conf,best,19
ISIC_0065922,BCN_0001169,BCN_0001169,60+,bcn20000,1,True,1,0.08228069,0.32277954,0.03437657,0.15508918,0.2919219,0.0018525614,0.11169956,0.69698215,,0.69698215,control,1,,44,control_f1_s44_in22k_v5conf,best,19
ISIC_0065938,BCN_0001619,BCN_0001619,40-59,bcn20000,0,True,2,0.092408344,0.010850657,0.7609793,0.07998205,0.0032923843,0.0020962674,0.05039104,0.10655138,,0.10655138,control,1,,44,control_f1_s44_in22k_v5conf,best,19
ISIC_0065970,BCN_0004552,BCN_0004552,40-59,bcn20000,5,False,5,0.007289542,0.0027206044,0.23085773,0.12906979,0.17309612,0.3787858,0.078180455,0.18310627,,0.18310627,control,1,,44,control_f1_s44_in22k_v5conf,best,19
ISIC_0065992,BCN_0000079,BCN_0000079,60+,bcn20000,0,True,0,0.92036855,0.013935239,0.0025339564,0.033263505,0.0031285796,0.0011984897,0.025571631,0.9374324,,0.9374324,control,1,,44,control_f1_s44_in22k_v5conf,best,19
ISIC_0066014,BCN_0003979,BCN_0003979,60+,bcn20000,1,True,1,0.037555218,0.87251973,0.0046698735,0.045398805,0.0034988832,0.0035164354,0.03284097,0.91357386,,0.91357386,control,1,,44,control_f1_s44_in22k_v5conf,best,19
ISIC_0066061,BCN_0003629,BCN_0003629,60+,bcn20000,4,True,4,0.012468135,0.004965915,0.0071926937,0.061380994,0.87166506,0.001938556,0.040388707,0.8890991,,0.8890991,control,1,,44,control_f1_s44_in22k_v5conf,best,19
ISIC_0066063,BCN_0002979,BCN_0002979,40-59,bcn20000,5,False,5,0.010564642,0.006344534,0.0036530907,0.06374388,0.0073581985,0.8637293,0.04460631,0.024267375,,0.024267375,control,1,,44,control_f1_s44_in22k_v5conf,best,19
ISIC_0066066,BCN_0002199,BCN_0002199,60+,bcn20000,4,True,4,0.008407163,0.005752853,0.00629376,0.053022508,0.8844779,0.0038759147,0.03816982,0.89863795,,0.89863795,control,1,,44,control_f1_s44_in22k_v5conf,best,19
ISIC_0066111,BCN_0002599,BCN_0002599,<40,bcn20000,5,False,5,0.018329749,0.011268171,0.010430944,0.08985015,0.008796048,0.80505484,0.05627014,0.038393967,,0.038393967,control,1,,44,control_f1_s44_in22k_v5conf,best,19
ISIC_0066113,BCN_0002747,BCN_0002747,<40,bcn20000,5,False,5,0.0090471255,0.007227203,0.0047680256,0.06947836,0.0055705016,0.85792345,0.045985322,0.02184483,,0.02184483,control,1,,44,control_f1_s44_in22k_v5conf,best,19
ISIC_0066127,BCN_0001724,BCN_0001724,60+,bcn20000,4,True,4,0.011620407,0.0051535005,0.005706508,0.060396608,0.8733056,0.00234462,0.041472767,0.8900795,,0.8900795,control,1,,44,control_f1_s44_in22k_v5conf,best,19
ISIC_0066129,BCN_0002676,BCN_0002676,60+,bcn20000,2,False,5,0.058291983,0.010618571,0.007379872,0.057514578,0.0047234963,0.83114624,0.030325301,0.07363405,,0.07363405,control,1,,44,control_f1_s44_in22k_v5conf,best,19
ISIC_0066157,BCN_0000665,BCN_0000665,60+,bcn20000,1,True,1,0.012278625,0.8745655,0.0058361297,0.05981207,0.0045462945,0.004491613,0.03846987,0.8913904,,0.8913904,control,1,,44,control_f1_s44_in22k_v5conf,best,19
ISIC_0066178,BCN_0002588,BCN_0002588,40-59,bcn20000,2,False,2,0.027756788,0.02429187,0.8324798,0.05856523,0.0050241947,0.006198171,0.045683976,0.05707285,,0.05707285,control,1,,44,control_f1_s44_in22k_v5conf,best,19
ISIC_0066202,BCN_0001220,BCN_0001220,60+,bcn20000,1,True,1,0.011138764,0.8825322,0.0090401275,0.05581074,0.003023663,0.0028530995,0.035601392,0.8966946,,0.8966946,control,1,,44,control_f1_s44_in22k_v5conf,best,19
ISIC_0066233,BCN_0005428,BCN_0005428,60+,bcn20000,1,True,1,0.012439296,0.8661383,0.0051498436,0.062068846,0.0058830087,0.00489665,0.043424107,0.8844606,,0.8844606,control,1,,44,control_f1_s44_in22k_v5conf,best,19
ISIC_0066254,BCN_0001273,BCN_0001273,40-59,bcn20000,5,False,4,0.013166389,0.0048243836,0.008922277,0.047745448,0.7856622,0.09774213,0.0419371,0.80365294,,0.80365294,control,1,,44,control_f1_s44_in22k_v5conf,best,19
ISIC_0066255,BCN_0002007,BCN_0002007,<40,bcn20000,5,False,5,0.011081064,0.006206371,0.0048396895,0.06954819,0.0100371195,0.84910524,0.04918226,0.027324554,,0.027324554,control,1,,44,control_f1_s44_in22k_v5conf,best,19
ISIC_0066279,BCN_0004438,BCN_0004438,40-59,bcn20000,5,False,4,0.0069373776,0.0036978833,0.0069642467,0.061164327,0.87508076,0.004185089,0.041970357,0.885716,,0.885716,control,1,,44,control_f1_s44_in22k_v5conf,best,19
ISIC_0066322,BCN_0003163,BCN_0003163,60+,bcn20000,1,True,0,0.59139884,0.31374398,0.0047939885,0.04908831,0.0037221909,0.00250671,0.034746017,0.908865,,0.908865,control,1,,44,control_f1_s44_in22k_v5conf,best,19
ISIC_0066326,BCN_0003820,BCN_0003820,60+,bcn20000,5,False,5,0.010541535,0.007866868,0.00552231,0.059343997,0.0041866573,0.8675213,0.045017313,0.02259506,,0.02259506,control,1,,44,control_f1_s44_in22k_v5conf,best,19
ISIC_0066331,BCN_0005104,BCN_0005104,60+,bcn20000,1,True,1,0.017311549,0.86567116,0.006973827,0.060650766,0.004623178,0.0036330884,0.041136358,0.8876059,,0.8876059,control,1,,44,control_f1_s44_in22k_v5conf,best,19
ISIC_0066367,BCN_0001516,BCN_0001516,60+,bcn20000,4,True,4,0.007482383,0.0045492016,0.005429426,0.049309034,0.8962836,0.0014619139,0.03548447,0.9083152,,0.9083152,control,1,,44,control_f1_s44_in22k_v5conf,best,19
ISIC_0066371,BCN_0002979,BCN_0002979,40-59,bcn20000,5,False,5,0.010365294,0.0063909106,0.0038095561,0.06817657,0.011495124,0.8520061,0.047756508,0.028251328,,0.028251328,control,1,,44,control_f1_s44_in22k_v5conf,best,19
ISIC_0066374,BCN_0000740,BCN_0000740,40-59,bcn20000,0,True,0,0.46678022,0.06694799,0.32499686,0.08864219,0.0028269736,0.0029113423,0.046894453,0.5365552,,0.5365552,control,1,,44,control_f1_s44_in22k_v5conf,best,19
ISIC_0066376,BCN_0001204,BCN_0001204,60+,bcn20000,4,True,5,0.010259723,0.005266481,0.004951359,0.055236652,0.010178372,0.8736077,0.040499743,0.025704578,,0.025704578,control,1,,44,control_f1_s44_in22k_v5conf,best,19
ISIC_0066389,BCN_0001053,BCN_0001053,40-59,bcn20000,2,False,0,0.9028372,0.019787272,0.005475425,0.036439326,0.0018741873,0.0012801219,0.03230646,0.9244987,,0.9244987,control,1,,44,control_f1_s44_in22k_v5conf,best,19
ISIC_0066430,BCN_0001087,BCN_0001087,60+,bcn20000,4,True,4,0.005331129,0.004956018,0.006701746,0.09479205,0.6750738,0.1561936,0.056951586,0.68536097,,0.68536097,control,1,,44,control_f1_s44_in22k_v5conf,best,19
ISIC_0066431,BCN_0005104,BCN_0005104,60+,bcn20000,1,True,0,0.91107607,0.0065404014,0.0011031493,0.037736926,0.014778191,0.0022590081,0.026506322,0.9323947,,0.9323947,control,1,,44,control_f1_s44_in22k_v5conf,best,19
ISIC_0066436,BCN_0003565,BCN_0003565,40-59,bcn20000,1,True,1,0.024458943,0.70629466,0.003392698,0.08301195,0.007415873,0.100662425,0.074763425,0.7381695,,0.7381695,control,1,,44,control_f1_s44_in22k_v5conf,best,19
ISIC_0066439,BCN_0004250,BCN_0004250,<40,bcn20000,5,False,5,0.0064244117,0.0073794792,0.026805239,0.06378905,0.014813347,0.83436525,0.04642329,0.028617237,,0.028617237,control,1,,44,control_f1_s44_in22k_v5conf,best,19
ISIC_0066441,BCN_0001378,BCN_0001378,60+,bcn20000,1,True,1,0.0025359844,0.67164457,0.0027324571,0.08987922,0.078764535,0.09080658,0.063636646,0.7529451,,0.7529451,control,1,,44,control_f1_s44_in22k_v5conf,best,19
ISIC_0066442,BCN_0005104,BCN_0005104,60+,bcn20000,1,True,1,0.14925067,0.70609397,0.0087186145,0.07332429,0.0028500424,0.0032001392,0.056562185,0.8581947,,0.8581947,control,1,,44,control_f1_s44_in22k_v5conf,best,19
ISIC_0066446,BCN_0000811,BCN_0000811,<40,bcn20000,6,False,1,0.002793945,0.53672934,0.005027482,0.12643114,0.0063320925,0.19400463,0.1286813,0.5458554,,0.5458554,control,1,,44,control_f1_s44_in22k_v5conf,best,19
ISIC_0066469,BCN_0000301,BCN_0000301,40-59,bcn20000,1,True,1,0.02754679,0.8443562,0.013066125,0.063324906,0.004330138,0.001845085,0.04553073,0.8762331,,0.8762331,control,1,,44,control_f1_s44_in22k_v5conf,best,19
ISIC_0066476,BCN_0003849,BCN_0003849,60+,bcn20000,4,True,4,0.016215665,0.0019599916,0.0031604406,0.047302738,0.89403874,0.00047947105,0.036842994,0.9122144,,0.9122144,control,1,,44,control_f1_s44_in22k_v5conf,best,19
ISIC_0066489,BCN_0001012,BCN_0001012,40-59,bcn20000,1,True,1,0.014333684,0.8819928,0.00623905,0.052769434,0.0042821313,0.0033050326,0.03707782,0.9006086,,0.9006086,control,1,,44,control_f1_s44_in22k_v5conf,best,19
ISIC_0066511,BCN_0004239,BCN_0004239,60+,bcn20000,1,True,1,0.10038833,0.7776226,0.009023806,0.06759425,0.0039005657,0.0013999789,0.040070564,0.8819115,,0.8819115,control,1,,44,control_f1_s44_in22k_v5conf,best,19
ISIC_0066570,BCN_0001220,BCN_0001220,60+,bcn20000,1,True,3,0.20230445,0.16557944,0.008299172,0.59231466,0.00042042253,0.0009527455,0.030129142,0.3683043,,0.3683043,control,1,,44,control_f1_s44_in22k_v5conf,best,19
ISIC_0066586,BCN_0000079,BCN_0000079,60+,bcn20000,0,True,0,0.72447014,0.04301617,0.027386015,0.06556073,0.08817048,0.0011050216,0.050291408,0.8556568,,0.8556568,control,1,,44,control_f1_s44_in22k_v5conf,best,19
ISIC_0066588,BCN_0002312,BCN_0002312,60+,bcn20000,4,True,4,0.011823949,0.006680658,0.007108382,0.061878223,0.8610741,0.0027203201,0.04871443,0.8795787,,0.8795787,control,1,,44,control_f1_s44_in22k_v5conf,best,19
ISIC_0066589,BCN_0002199,BCN_0002199,60+,bcn20000,4,True,4,0.0097787855,0.003975071,0.0056401403,0.05326501,0.88598186,0.003416546,0.03794259,0.8997357,,0.8997357,control,1,,44,control_f1_s44_in22k_v5conf,best,19
ISIC_0066592,BCN_0004938,BCN_0004938,40-59,bcn20000,1,True,1,0.014420905,0.8981203,0.009623852,0.039681032,0.0020702963,0.0016364793,0.034447122,0.9146115,,0.9146115,control,1,,44,control_f1_s44_in22k_v5conf,best,19
ISIC_0066597,BCN_0003234,BCN_0003234,40-59,bcn20000,5,False,5,0.0105758915,0.005945638,0.007259022,0.06947699,0.005242248,0.8551376,0.046362594,0.021763775,,0.021763775,control,1,,44,control_f1_s44_in22k_v5conf,best,19
ISIC_0066637,BCN_0005422,BCN_0005422,40-59,bcn20000,4,True,2,0.004753423,0.0035290213,0.8705514,0.04318791,0.027011478,0.013167159,0.037799593,0.03529392,,0.03529392,control,1,,44,control_f1_s44_in22k_v5conf,best,19
ISIC_0066663,BCN_0001770,BCN_0001770,60+,bcn20000,5,False,4,0.011107307,0.023679694,0.0099778315,0.07899836,0.81744283,0.0033309672,0.055463046,0.85222983,,0.85222983,control,1,,44,control_f1_s44_in22k_v5conf,best,19
ISIC_0066674,BCN_0004975,BCN_0004975,60+,bcn20000,5,False,1,0.012237623,0.797557,0.0055708033,0.07583248,0.037839614,0.016217804,0.054744657,0.8476342,,0.8476342,control,1,,44,control_f1_s44_in22k_v5conf,best,19
ISIC_0066679,BCN_0004127,BCN_0004127,60+,bcn20000,2,False,1,0.015279755,0.8052977,0.019872436,0.07406001,0.007110465,0.019100772,0.05927884,0.8276879,,0.8276879,control,1,,44,control_f1_s44_in22k_v5conf,best,19
ISIC_0066689,BCN_0000134,BCN_0000134,40-59,bcn20000,1,True,1,0.01070169,0.8867005,0.0057356004,0.05216372,0.0044073593,0.003578202,0.03671297,0.9018096,,0.9018096,control,1,,44,control_f1_s44_in22k_v5conf,best,19
ISIC_0066690,BCN_0005607,BCN_0005607,60+,bcn20000,4,True,4,0.011287391,0.14760476,0.0039542257,0.064485125,0.720322,0.001819032,0.050527442,0.87921417,,0.87921417,control,1,,44,control_f1_s44_in22k_v5conf,best,19
ISIC_0066694,BCN_0003983,BCN_0003983,<40,bcn20000,5,False,5,0.011168099,0.008581384,0.00513832,0.05619099,0.013014538,0.8729727,0.032933887,0.03276402,,0.03276402,control,1,,44,control_f1_s44_in22k_v5conf,best,19
ISIC_0066699,BCN_0003585,BCN_0003585,60+,bcn20000,0,True,4,0.022658551,0.0049124737,0.011362145,0.05435845,0.8671007,0.0037251003,0.035882507,0.89467174,,0.89467174,control,1,,44,control_f1_s44_in22k_v5conf,best,19
ISIC_0066709,BCN_0005039,BCN_0005039,60+,bcn20000,5,False,5,0.018000826,0.0031609552,0.07445234,0.07411533,0.0036106303,0.76858664,0.05807331,0.024772411,,0.024772411,control,1,,44,control_f1_s44_in22k_v5conf,best,19
ISIC_0066745,BCN_0000315,BCN_0000315,60+,bcn20000,1,True,1,0.17219405,0.6734562,0.010794176,0.07267683,0.009682086,0.0024296928,0.058766935,0.8553323,,0.8553323,control,1,,44,control_f1_s44_in22k_v5conf,best,19
ISIC_0066747,BCN_0000665,BCN_0000665,60+,bcn20000,1,True,1,0.012103564,0.884605,0.004404384,0.05318129,0.0047680642,0.0048936475,0.036044117,0.9014766,,0.9014766,control,1,,44,control_f1_s44_in22k_v5conf,best,19
ISIC_0066749,BCN_0001516,BCN_0001516,60+,bcn20000,4,True,4,0.009607197,0.004671712,0.007177882,0.055226963,0.87964374,0.003262762,0.04040968,0.8939226,,0.8939226,control,1,,44,control_f1_s44_in22k_v5conf,best,19
ISIC_0066772,BCN_0004408,BCN_0004408,60+,bcn20000,5,False,5,0.00979106,0.007335382,0.010206445,0.06854958,0.013910118,0.84302855,0.047178835,0.03103656,,0.03103656,control,1,,44,control_f1_s44_in22k_v5conf,best,19
ISIC_0066782,BCN_0003467,BCN_0003467,60+,bcn20000,1,True,1,0.003380994,0.8675815,0.0036936419,0.06589407,0.011057566,0.0041921698,0.04420011,0.88202006,,0.88202006,control,1,,44,control_f1_s44_in22k_v5conf,best,19
ISIC_0066784,BCN_0004122,BCN_0004122,60+,bcn20000,5,False,4,0.014202536,0.0055548274,0.029665256,0.055035263,0.83967716,0.0048638973,0.051001154,0.85943455,,0.85943455,control,1,,44,control_f1_s44_in22k_v5conf,best,19
ISIC_0066795,BCN_0003080,BCN_0003080,<40,bcn20000,5,False,4,0.11394708,0.006676391,0.1402511,0.11379787,0.5447849,0.005113243,0.075429365,0.6654084,,0.6654084,control,1,,44,control_f1_s44_in22k_v5conf,best,19
ISIC_0066797,BCN_0001765,BCN_0001765,40-59,bcn20000,5,False,2,0.0026974392,0.004976158,0.86673087,0.052598793,0.033216808,0.0010855647,0.038694285,0.040890403,,0.040890403,control,1,,44,control_f1_s44_in22k_v5conf,best,19
ISIC_0066818,BCN_0001273,BCN_0001273,40-59,bcn20000,5,False,5,0.004920429,0.008535372,0.0044889245,0.07613179,0.08738947,0.7742428,0.044291295,0.10084527,,0.10084527,control,1,,44,control_f1_s44_in22k_v5conf,best,19
ISIC_0066878,BCN_0001426,BCN_0001426,40-59,bcn20000,4,True,4,0.0074811587,0.0054098167,0.008392007,0.059594933,0.8644084,0.006505291,0.048208263,0.87729937,,0.87729937,control,1,,44,control_f1_s44_in22k_v5conf,best,19
ISIC_0066885,BCN_0005140,BCN_0005140,60+,bcn20000,0,True,0,0.58985645,0.28043047,0.005058156,0.0677298,0.0041195014,0.0022378839,0.050567787,0.87440646,,0.87440646,control,1,,44,control_f1_s44_in22k_v5conf,best,19
ISIC_0066919,BCN_0004122,BCN_0004122,60+,bcn20000,5,False,4,0.014164217,0.0051995525,0.03641446,0.052599806,0.8395123,0.003668694,0.048441082,0.85887605,,0.85887605,control,1,,44,control_f1_s44_in22k_v5conf,best,19
ISIC_0066946,BCN_0001363,BCN_0001363,40-59,bcn20000,2,False,0,0.91567606,0.0013656816,0.0031672842,0.039061893,0.004931053,0.0029032708,0.032894716,0.92197275,,0.92197275,control,1,,44,control_f1_s44_in22k_v5conf,best,19
ISIC_0066965,BCN_0005675,BCN_0005675,40-59,bcn20000,1,True,1,0.010394472,0.90005875,0.008668626,0.04432131,0.002894066,0.0029670924,0.030695535,0.91334724,,0.91334724,control,1,,44,control_f1_s44_in22k_v5conf,best,19
ISIC_0067009,BCN_0003726,BCN_0003726,40-59,bcn20000,4,True,4,0.008055238,0.004856163,0.006128167,0.05506439,0.8815896,0.0046383417,0.039668128,0.894501,,0.894501,control,1,,44,control_f1_s44_in22k_v5conf,best,19
ISIC_0067014,BCN_0003287,BCN_0003287,60+,bcn20000,2,False,4,0.01052031,0.003938834,0.013624612,0.05119111,0.8786738,0.00031955208,0.041731805,0.8931329,,0.8931329,control,1,,44,control_f1_s44_in22k_v5conf,best,19
ISIC_0067015,BCN_0002918,BCN_0002918,60+,bcn20000,5,False,5,0.010237881,0.008642011,0.012074854,0.11172805,0.14749654,0.64151734,0.06830333,0.16637643,,0.16637643,control,1,,44,control_f1_s44_in22k_v5conf,best,19
ISIC_0067029,BCN_0004440,BCN_0004440,40-59,bcn20000,6,False,5,0.0051482725,0.20462428,0.018795304,0.12731872,0.025231771,0.5448405,0.07404116,0.23500434,,0.23500434,control,1,,44,control_f1_s44_in22k_v5conf,best,19
ISIC_0067034,BCN_0001336,BCN_0001336,60+,bcn20000,2,False,2,0.017442957,0.006158701,0.8922178,0.042826034,0.0018602412,0.0059254603,0.033568837,0.0254619,,0.0254619,control,1,,44,control_f1_s44_in22k_v5conf,best,19
ISIC_0067036,BCN_0000706,BCN_0000706,60+,bcn20000,5,False,5,0.011203664,0.008368581,0.009115892,0.06728561,0.0060062553,0.8485844,0.049435604,0.0255785,,0.0255785,control,1,,44,control_f1_s44_in22k_v5conf,best,19
ISIC_0067037,BCN_0005502,BCN_0005502,40-59,bcn20000,5,False,5,0.013964079,0.0063776197,0.008572049,0.05840189,0.05124064,0.82565874,0.035785,0.07158234,,0.07158234,control,1,,44,control_f1_s44_in22k_v5conf,best,19
ISIC_0067044,BCN_0001439,BCN_0001439,60+,bcn20000,0,True,0,0.92233104,0.0011861218,0.0011089478,0.049832232,0.001917375,0.0017995741,0.021824712,0.9254345,,0.9254345,control,1,,44,control_f1_s44_in22k_v5conf,best,19
ISIC_0067048,BCN_0004166,BCN_0004166,<40,bcn20000,5,False,5,0.0125411,0.01124976,0.009001718,0.07581502,0.0076878667,0.8309836,0.05272098,0.031478725,,0.031478725,control,1,,44,control_f1_s44_in22k_v5conf,best,19
ISIC_0067051,BCN_0005428,BCN_0005428,60+,bcn20000,1,True,0,0.57957107,0.2537857,0.007044368,0.09348592,0.0034119673,0.0031141867,0.059586775,0.8367687,,0.8367687,control,1,,44,control_f1_s44_in22k_v5conf,best,19
ISIC_0067071,BCN_0000120,BCN_0000120,<40,bcn20000,5,False,1,0.007262642,0.91515696,0.00080969883,0.026176427,0.00066542486,0.031915367,0.01801352,0.92308503,,0.92308503,control,1,,44,control_f1_s44_in22k_v5conf,best,19
ISIC_0067074,BCN_0002979,BCN_0002979,40-59,bcn20000,5,False,5,0.0116355065,0.007431598,0.0044295657,0.068597816,0.008168663,0.8498572,0.049879715,0.027235769,,0.027235769,control,1,,44,control_f1_s44_in22k_v5conf,best,19
ISIC_0067079,BCN_0000120,BCN_0001123,40-59,bcn20000,1,True,1,0.008005865,0.8739471,0.0026362902,0.077030286,0.0015350635,0.0028827547,0.03396262,0.883488,,0.883488,control,1,,44,control_f1_s44_in22k_v5conf,best,19
ISIC_0067086,BCN_0003604,BCN_0003604,40-59,bcn20000,5,False,5,0.011528184,0.004664037,0.007977746,0.07363142,0.0036166264,0.8513765,0.047205534,0.019808847,,0.019808847,control,1,,44,control_f1_s44_in22k_v5conf,best,19
ISIC_0067109,BCN_0002312,BCN_0002312,60+,bcn20000,4,True,4,0.00826132,0.004216903,0.004618954,0.051062413,0.8928453,0.0019418251,0.03705333,0.9053235,,0.9053235,control,1,,44,control_f1_s44_in22k_v5conf,best,19
ISIC_0067127,BCN_0004305,BCN_0004305,60+,bcn20000,4,True,4,0.005871268,0.004916822,0.002956776,0.048527043,0.90303594,0.0023455403,0.03234656,0.913824,,0.913824,control,1,,44,control_f1_s44_in22k_v5conf,best,19
ISIC_0067159,BCN_0002384,BCN_0002384,40-59,bcn20000,4,True,5,0.009096829,0.00603385,0.0037307187,0.07027844,0.021738641,0.84278834,0.046333216,0.03686932,,0.03686932,control,1,,44,control_f1_s44_in22k_v5conf,best,19
ISIC_0067165,BCN_0002599,BCN_0002599,<40,bcn20000,5,False,5,0.017441064,0.009177657,0.0066583133,0.08119279,0.019110186,0.8082657,0.058154248,0.045728907,,0.045728907,control,1,,44,control_f1_s44_in22k_v5conf,best,19
ISIC_0067170,BCN_0004305,BCN_0004305,60+,bcn20000,4,True,4,0.008724407,0.0047625774,0.0057011726,0.05393483,0.8842622,0.0021142536,0.040500525,0.8977492,,0.8977492,control,1,,44,control_f1_s44_in22k_v5conf,best,19
ISIC_0067179,BCN_0002326,BCN_0002326,<40,bcn20000,5,False,0,0.7485805,0.10350567,0.0036462652,0.050291803,0.002742002,0.068348475,0.02288525,0.8548282,,0.8548282,control,1,,44,control_f1_s44_in22k_v5conf,best,19
ISIC_0067233,BCN_0002199,BCN_0002199,60+,bcn20000,4,True,4,0.012168409,0.0129926335,0.006880569,0.06612064,0.85246384,0.00286007,0.046513837,0.87762487,,0.87762487,control,1,,44,control_f1_s44_in22k_v5conf,best,19
ISIC_0067282,BCN_0000644,BCN_0000644,40-59,bcn20000,5,False,5,0.01109296,0.007184102,0.0051982407,0.06521355,0.008089437,0.85340506,0.049816735,0.026366498,,0.026366498,control,1,,44,control_f1_s44_in22k_v5conf,best,19
ISIC_0067283,BCN_0002588,BCN_0002588,40-59,bcn20000,2,False,2,0.032391258,0.027712867,0.8437589,0.05227539,0.0039042966,0.0055696876,0.03438751,0.06400842,,0.06400842,control,1,,44,control_f1_s44_in22k_v5conf,best,19
ISIC_0067286,BCN_0005023,BCN_0005023,60+,bcn20000,1,True,1,0.012244459,0.86634696,0.0055913455,0.061506677,0.005767563,0.0060003116,0.042542696,0.884359,,0.884359,control,1,,44,control_f1_s44_in22k_v5conf,best,19
ISIC_0067306,BCN_0004469,BCN_0004469,40-59,bcn20000,5,False,4,0.011084282,0.0072428016,0.007761585,0.070512146,0.7733561,0.07974324,0.050299898,0.79168314,,0.79168314,control,1,,44,control_f1_s44_in22k_v5conf,best,19
ISIC_0067307,BCN_0002789,BCN_0002789,60+,bcn20000,4,True,4,0.19795477,0.004604684,0.011575965,0.11808192,0.5699912,0.0018034035,0.095988095,0.77255064,,0.77255064,control,1,,44,control_f1_s44_in22k_v5conf,best,19
ISIC_0067323,BCN_0000545,BCN_0000545,<40,bcn20000,5,False,4,0.034891915,0.0067120926,0.0046138247,0.054864928,0.84229136,0.0036148778,0.053010985,0.88389534,,0.88389534,control,1,,44,control_f1_s44_in22k_v5conf,best,19
ISIC_0067340,BCN_0003820,BCN_0003820,60+,bcn20000,5,False,5,0.009802063,0.006227903,0.0059381397,0.051678862,0.00513514,0.8740855,0.047132436,0.021165105,,0.021165105,control,1,,44,control_f1_s44_in22k_v5conf,best,19
ISIC_0067376,BCN_0001319,BCN_0001319,60+,bcn20000,1,True,1,0.012789865,0.8437677,0.00693967,0.07432762,0.0044398773,0.009159352,0.048575822,0.86099744,,0.86099744,control,1,,44,control_f1_s44_in22k_v5conf,best,19
ISIC_0067420,BCN_0004158,BCN_0004158,<40,bcn20000,5,False,2,0.02084518,0.00871925,0.36290678,0.13983499,0.003918898,0.35622784,0.1075471,0.033483326,,0.033483326,control,1,,44,control_f1_s44_in22k_v5conf,best,19
ISIC_0067425,BCN_0000079,BCN_0000079,60+,bcn20000,0,True,0,0.7719361,0.008540508,0.050727803,0.053848065,0.06369263,0.001338828,0.049916066,0.84416926,,0.84416926,control,1,,44,control_f1_s44_in22k_v5conf,best,19
ISIC_0067432,BCN_0005431,BCN_0005431,60+,bcn20000,0,True,0,0.7908138,0.08676573,0.005053274,0.055692777,0.008639293,0.003499943,0.04953513,0.8862188,,0.8862188,control,1,,44,control_f1_s44_in22k_v5conf,best,19
ISIC_0067439,BCN_0001571,BCN_0001571,40-59,bcn20000,1,True,1,0.008927637,0.88328874,0.006534551,0.054830365,0.0051528355,0.0035439616,0.037721913,0.8973692,,0.8973692,control,1,,44,control_f1_s44_in22k_v5conf,best,19
ISIC_0067463,BCN_0001770,BCN_0001770,60+,bcn20000,5,False,4,0.018658753,0.01678834,0.006104227,0.08665339,0.79755944,0.012434016,0.061801847,0.8330065,,0.8330065,control,1,,44,control_f1_s44_in22k_v5conf,best,19
ISIC_0067497,BCN_0001220,BCN_0001220,60+,bcn20000,1,True,0,0.7430125,0.09031808,0.020088034,0.0759193,0.004569045,0.0025628402,0.063530244,0.8378996,,0.8378996,control,1,,44,control_f1_s44_in22k_v5conf,best,19
ISIC_0067508,BCN_0003979,BCN_0003979,60+,bcn20000,1,True,1,0.016764434,0.87776023,0.005202139,0.05275025,0.004365614,0.0032559556,0.03990137,0.8988903,,0.8988903,control,1,,44,control_f1_s44_in22k_v5conf,best,19
ISIC_0067510,BCN_0003886,BCN_0003886,40-59,bcn20000,4,True,5,0.019942576,0.011851842,0.005691318,0.07124567,0.0060492167,0.8371897,0.04802969,0.037843633,,0.037843633,control,1,,44,control_f1_s44_in22k_v5conf,best,19
ISIC_0067524,BCN_0003903,BCN_0003903,40-59,bcn20000,1,True,1,0.013664254,0.86001545,0.0077358955,0.06438754,0.004751114,0.005312814,0.04413301,0.8784308,,0.8784308,control,1,,44,control_f1_s44_in22k_v5conf,best,19
ISIC_0067536,BCN_0004305,BCN_0004305,60+,bcn20000,4,True,4,0.006799906,0.008628628,0.0054871202,0.056636546,0.87964684,0.0017453029,0.041055698,0.8950754,,0.8950754,control,1,,44,control_f1_s44_in22k_v5conf,best,19
ISIC_0067559,BCN_0005291,BCN_0005291,60+,bcn20000,2,False,0,0.89147997,0.003385834,0.008556872,0.040205006,0.028233854,0.0019418701,0.026196556,0.92309964,,0.92309964,control,1,,44,control_f1_s44_in22k_v5conf,best,19
ISIC_0067564,BCN_0001724,BCN_0001724,60+,bcn20000,4,True,4,0.007827184,0.0035777772,0.0067494754,0.06599856,0.8517333,0.009537432,0.054576233,0.8631383,,0.8631383,control,1,,44,control_f1_s44_in22k_v5conf,best,19
ISIC_0067580,BCN_0004461,BCN_0004461,60+,bcn20000,1,True,1,0.01696059,0.89118624,0.002981191,0.04393747,0.0027973186,0.0057681934,0.03636902,0.9109441,,0.9109441,control,1,,44,control_f1_s44_in22k_v5conf,best,19
ISIC_0067582,BCN_0004982,BCN_0004982,<40,bcn20000,2,False,5,0.06151641,0.0025050987,0.031467345,0.06468694,0.06302297,0.7249318,0.05186951,0.12704448,,0.12704448,control,1,,44,control_f1_s44_in22k_v5conf,best,19
ISIC_0067611,BCN_0005079,BCN_0005079,40-59,bcn20000,2,False,2,0.017884651,0.0024953042,0.9070096,0.03984537,0.004338652,0.0026925432,0.025733974,0.024718607,,0.024718607,control,1,,44,control_f1_s44_in22k_v5conf,best,19
ISIC_0067612,BCN_0002599,BCN_0002599,<40,bcn20000,5,False,5,0.016078494,0.009290136,0.006592267,0.07573537,0.010603094,0.8266136,0.055087026,0.035971723,,0.035971723,control,1,,44,control_f1_s44_in22k_v5conf,best,19
ISIC_0067631,BCN_0002870,BCN_0002870,40-59,bcn20000,5,False,5,0.08616994,0.014340767,0.01663582,0.090213716,0.002765008,0.73745507,0.052419696,0.10327572,,0.10327572,control,1,,44,control_f1_s44_in22k_v5conf,best,19
ISIC_0067653,BCN_0004592,BCN_0004592,60+,bcn20000,4,True,4,0.004282705,0.0017809651,0.02702215,0.041453216,0.8909524,0.002867263,0.031641353,0.89701605,,0.89701605,control,1,,44,control_f1_s44_in22k_v5conf,best,19
ISIC_0067663,BCN_0002155,BCN_0002155,60+,bcn20000,0,True,1,0.15108906,0.72830015,0.004045923,0.06552117,0.0066230893,0.0027404763,0.041680165,0.8860123,,0.8860123,control,1,,44,control_f1_s44_in22k_v5conf,best,19
ISIC_0067681,BCN_0003903,BCN_0003903,40-59,bcn20000,1,True,1,0.011908691,0.8647199,0.006663195,0.061013956,0.005733541,0.0055150604,0.044445593,0.8823622,,0.8823622,control,1,,44,control_f1_s44_in22k_v5conf,best,19
ISIC_0067696,BCN_0004288,BCN_0004288,60+,bcn20000,4,True,1,0.007063872,0.72886604,0.015550705,0.07025044,0.14406729,0.003327731,0.03087397,0.8799972,,0.8799972,control,1,,44,control_f1_s44_in22k_v5conf,best,19
ISIC_0067697,BCN_0003726,BCN_0003726,40-59,bcn20000,4,True,4,0.006000926,0.0051533342,0.0059938994,0.07050847,0.81623995,0.045386694,0.050716713,0.8273942,,0.8273942,control,1,,44,control_f1_s44_in22k_v5conf,best,19
ISIC_0067709,BCN_0005117,BCN_0005117,60+,bcn20000,0,True,0,0.80973244,0.010437087,0.10097651,0.039022207,0.0059654214,0.0009025979,0.032963753,0.8261349,,0.8261349,control,1,,44,control_f1_s44_in22k_v5conf,best,19
ISIC_0067775,BCN_0004888,BCN_0004888,<40,bcn20000,5,False,5,0.0125311315,0.008130138,0.006410727,0.06623309,0.0120942,0.84785914,0.04674151,0.032755468,,0.032755468,control,1,,44,control_f1_s44_in22k_v5conf,best,19
ISIC_0067790,BCN_0003442,BCN_0003442,<40,bcn20000,5,False,5,0.00993327,0.007665736,0.0057828818,0.061502207,0.004539668,0.86764663,0.04292962,0.022138674,,0.022138674,control,1,,44,control_f1_s44_in22k_v5conf,best,19
ISIC_0067803,BCN_0003261,BCN_0003261,60+,bcn20000,0,True,1,0.018069128,0.8615331,0.009027265,0.054475,0.017046882,0.0017003401,0.038148325,0.8966491,,0.8966491,control,1,,44,control_f1_s44_in22k_v5conf,best,19
ISIC_0067805,BCN_0004592,BCN_0004592,60+,bcn20000,4,True,4,0.013324829,0.0060919086,0.0070824446,0.053698495,0.8786884,0.0021556052,0.038958315,0.89810514,,0.89810514,control,1,,44,control_f1_s44_in22k_v5conf,best,19
ISIC_0067809,BCN_0004469,BCN_0004469,40-59,bcn20000,5,False,4,0.009131023,0.006501747,0.007180612,0.083129555,0.77546066,0.05700669,0.061589617,0.7910934,,0.7910934,control,1,,44,control_f1_s44_in22k_v5conf,best,19
ISIC_0067819,BCN_0001556,BCN_0001556,60+,bcn20000,1,True,1,0.06716986,0.79559976,0.0065627056,0.06973979,0.007872822,0.0025601864,0.050494913,0.8706424,,0.8706424,control,1,,44,control_f1_s44_in22k_v5conf,best,19
ISIC_0067830,BCN_0004592,BCN_0004592,60+,bcn20000,4,True,0,0.31709293,0.28887984,0.006608385,0.1456705,0.13132547,0.0087498445,0.10167296,0.73729825,,0.73729825,control,1,,44,control_f1_s44_in22k_v5conf,best,19
ISIC_0067887,BCN_0004300,BCN_0004300,60+,bcn20000,0,True,4,0.0013130261,0.0019372714,0.08824241,0.031851206,0.8136404,0.035033766,0.027982019,0.8168907,,0.8168907,control,1,,44,control_f1_s44_in22k_v5conf,best,19
ISIC_0067890,BCN_0002558,BCN_0002558,40-59,bcn20000,4,True,4,0.00769047,0.004522682,0.0055213873,0.04824322,0.8942708,0.002090283,0.03766112,0.90648395,,0.90648395,control,1,,44,control_f1_s44_in22k_v5conf,best,19
ISIC_0067892,BCN_0000083,BCN_0000083,60+,bcn20000,1,True,1,0.031066636,0.87501335,0.0032014805,0.07119811,0.00070761703,0.00073076953,0.018082067,0.90678763,,0.90678763,control,1,,44,control_f1_s44_in22k_v5conf,best,19
ISIC_0067913,BCN_0002192,BCN_0002192,<40,bcn20000,2,False,2,0.01102606,0.005229988,0.7387962,0.07074521,0.0076510226,0.11124036,0.055311132,0.023907073,,0.023907073,control,1,,44,control_f1_s44_in22k_v5conf,best,19
ISIC_0067924,BCN_0004158,BCN_0004158,<40,bcn20000,5,False,5,0.014860245,0.030328033,0.010009189,0.092601575,0.008503163,0.77785677,0.06584105,0.05369144,,0.05369144,control,1,,44,control_f1_s44_in22k_v5conf,best,19
ISIC_0067927,BCN_0004288,BCN_0004288,60+,bcn20000,4,True,1,0.0067556472,0.7172857,0.083259955,0.096318506,0.040065065,0.013639354,0.042675775,0.7641064,,0.7641064,control,1,,44,control_f1_s44_in22k_v5conf,best,19
ISIC_0067932,BCN_0000545,BCN_0000545,<40,bcn20000,5,False,4,0.007260173,0.001557342,0.009518217,0.06886351,0.8580598,0.012829164,0.041911818,0.8668773,,0.8668773,control,1,,44,control_f1_s44_in22k_v5conf,best,19
ISIC_0067934,BCN_0003849,BCN_0003849,60+,bcn20000,4,True,4,0.0037105803,0.002919281,0.00310516,0.04504027,0.90364075,0.00091953424,0.040664423,0.91027063,,0.91027063,control,1,,44,control_f1_s44_in22k_v5conf,best,19
ISIC_0067944,BCN_0003700,BCN_0003700,60+,bcn20000,0,True,1,0.026666662,0.8586399,0.0040478357,0.056654412,0.0065029957,0.0049436954,0.042544484,0.8918095,,0.8918095,control,1,,44,control_f1_s44_in22k_v5conf,best,19
ISIC_0067961,BCN_0000002,BCN_0000002,40-59,bcn20000,5,False,2,0.006661822,0.030996071,0.64627606,0.08713216,0.039425932,0.12444504,0.06506291,0.077083826,,0.077083826,control,1,,44,control_f1_s44_in22k_v5conf,best,19
ISIC_0067966,BCN_0004079,BCN_0004079,40-59,bcn20000,5,False,5,0.005208166,0.01744106,0.0055389055,0.06508879,0.015923204,0.8411412,0.049658637,0.03857243,,0.03857243,control,1,,44,control_f1_s44_in22k_v5conf,best,19
ISIC_0067988,BCN_0002400,BCN_0002400,40-59,bcn20000,1,True,1,0.01360192,0.87655926,0.0028319473,0.054861754,0.012914437,0.0017245773,0.037506104,0.9030756,,0.9030756,control,1,,44,control_f1_s44_in22k_v5conf,best,19
ISIC_0067999,BCN_0003903,BCN_0003903,40-59,bcn20000,1,True,1,0.013193704,0.8647239,0.007211422,0.05965383,0.005578196,0.005170578,0.04446846,0.88349587,,0.88349587,control,1,,44,control_f1_s44_in22k_v5conf,best,19
ISIC_0068007,BCN_0004991,BCN_0004991,40-59,bcn20000,5,False,4,0.005306051,0.00894428,0.0061007165,0.06482483,0.85143274,0.019022144,0.044369314,0.8656831,,0.8656831,control,1,,44,control_f1_s44_in22k_v5conf,best,19
ISIC_0068011,BCN_0002558,BCN_0002558,40-59,bcn20000,4,True,4,0.00858906,0.009626994,0.0075077508,0.05013231,0.88363177,0.0015816271,0.038930483,0.90184784,,0.90184784,control,1,,44,control_f1_s44_in22k_v5conf,best,19
ISIC_0068012,BCN_0004118,BCN_0004118,60+,bcn20000,4,True,4,0.007797135,0.003450807,0.004288967,0.04185342,0.90186733,0.0076603945,0.033081982,0.91311526,,0.91311526,control,1,,44,control_f1_s44_in22k_v5conf,best,19
ISIC_0068021,BCN_0001220,BCN_0001220,60+,bcn20000,1,True,1,0.011304848,0.871386,0.013704061,0.06338652,0.002328402,0.0027696772,0.035120454,0.88501924,,0.88501924,control,1,,44,control_f1_s44_in22k_v5conf,best,19
ISIC_0068047,BCN_0004849,BCN_0004849,60+,bcn20000,1,True,1,0.009829714,0.88679403,0.0067117806,0.055760264,0.004202926,0.0042125946,0.03248869,0.90082663,,0.90082663,control,1,,44,control_f1_s44_in22k_v5conf,best,19
ISIC_0068062,BCN_0003983,BCN_0003983,<40,bcn20000,5,False,5,0.0046990286,0.011484976,0.039844774,0.066041745,0.08765886,0.74342984,0.046840705,0.10384286,,0.10384286,control,1,,44,control_f1_s44_in22k_v5conf,best,19
ISIC_0068071,BCN_0003261,BCN_0003261,60+,bcn20000,0,True,0,0.74925125,0.08232867,0.045314856,0.03966087,0.04545806,0.0017606866,0.036225576,0.877038,,0.877038,control,1,,44,control_f1_s44_in22k_v5conf,best,19
ISIC_0068072,BCN_0003790,BCN_0003790,60+,bcn20000,0,True,0,0.61237913,0.1966257,0.015034772,0.10143297,0.0021278863,0.018597117,0.053802464,0.8111327,,0.8111327,control,1,,44,control_f1_s44_in22k_v5conf,best,19
ISIC_0068076,BCN_0001036,BCN_0001036,60+,bcn20000,5,False,4,0.047726005,0.051011104,0.24338399,0.14206412,0.35529235,0.10272983,0.057792585,0.45402944,,0.45402944,control,1,,44,control_f1_s44_in22k_v5conf,best,19
ISIC_0068088,BCN_0002979,BCN_0002979,40-59,bcn20000,5,False,5,0.011743978,0.007585473,0.0039831395,0.068590604,0.008103928,0.8532689,0.04672392,0.027433379,,0.027433379,control,1,,44,control_f1_s44_in22k_v5conf,best,19
ISIC_0068089,BCN_0004665,BCN_0004665,40-59,bcn20000,5,False,5,0.0108755175,0.0045490814,0.008379411,0.06380327,0.004436474,0.85799724,0.049959067,0.019861072,,0.019861072,control,1,,44,control_f1_s44_in22k_v5conf,best,19
ISIC_0068113,BCN_0003824,BCN_0003824,60+,bcn20000,1,True,1,0.023431947,0.8559877,0.0074989353,0.06435508,0.0038278704,0.002749337,0.04214918,0.88324755,,0.88324755,control,1,,44,control_f1_s44_in22k_v5conf,best,19
ISIC_0068122,BCN_0005502,BCN_0005502,40-59,bcn20000,5,False,5,0.007524174,0.009174712,0.035458725,0.059860665,0.088947885,0.75898504,0.040048733,0.105646774,,0.105646774,control,1,,44,control_f1_s44_in22k_v5conf,best,19
ISIC_0068126,BCN_0002802,BCN_0002802,<40,bcn20000,5,False,5,0.009558301,0.0075074285,0.004912509,0.074329816,0.023494102,0.8298241,0.05037373,0.040559832,,0.040559832,control,1,,44,control_f1_s44_in22k_v5conf,best,19
ISIC_0068142,BCN_0005023,BCN_0005023,60+,bcn20000,1,True,1,0.010702016,0.87120026,0.0048002186,0.060913637,0.005216099,0.0054291063,0.041738585,0.8871184,,0.8871184,control,1,,44,control_f1_s44_in22k_v5conf,best,19
ISIC_0068144,BCN_0000798,BCN_0000798,<40,bcn20000,5,False,5,0.010261763,0.0074606375,0.005531278,0.06510136,0.010276924,0.8522023,0.049165778,0.027999323,,0.027999323,control,1,,44,control_f1_s44_in22k_v5conf,best,19
ISIC_0068152,BCN_0005069,BCN_0005069,40-59,bcn20000,4,True,5,0.0123157855,0.0101005705,0.007837725,0.09973451,0.35845938,0.44310188,0.068450175,0.38087574,,0.38087574,control,1,,44,control_f1_s44_in22k_v5conf,best,19
ISIC_0068159,BCN_0005444,BCN_0005444,60+,bcn20000,1,True,0,0.77972674,0.077363834,0.010380202,0.067909904,0.0075302226,0.0047060098,0.05238318,0.8646208,,0.8646208,control,1,,44,control_f1_s44_in22k_v5conf,best,19
ISIC_0068178,BCN_0002626,BCN_0002626,60+,bcn20000,4,True,4,0.010739772,0.005512498,0.024447756,0.06405453,0.8345148,0.0038981303,0.05683257,0.8507671,,0.8507671,control,1,,44,control_f1_s44_in22k_v5conf,best,19
ISIC_0068205,BCN_0004469,BCN_0004469,40-59,bcn20000,5,False,4,0.0060852575,0.0052763755,0.006027428,0.056095418,0.8728238,0.010030325,0.04366138,0.88418543,,0.88418543,control,1,,44,control_f1_s44_in22k_v5conf,best,19
ISIC_0068221,BCN_0001724,BCN_0001724,60+,bcn20000,4,True,4,0.011833194,0.004855115,0.005850327,0.06503095,0.86731213,0.0027933847,0.04232496,0.8840004,,0.8840004,control,1,,44,control_f1_s44_in22k_v5conf,best,19
ISIC_0068231,BCN_0000806,BCN_0000806,60+,bcn20000,1,True,2,0.005685835,0.017059568,0.88683265,0.050818104,0.0030598233,0.0011297705,0.03541417,0.025805227,,0.025805227,control,1,,44,control_f1_s44_in22k_v5conf,best,19
ISIC_0068246,BCN_0002979,BCN_0002979,40-59,bcn20000,5,False,5,0.022500312,0.006265744,0.009006917,0.08190805,0.034256782,0.794938,0.051124223,0.06302284,,0.06302284,control,1,,44,control_f1_s44_in22k_v5conf,best,19
ISIC_0068280,BCN_0002626,BCN_0002626,60+,bcn20000,4,True,4,0.0063007046,0.0030606096,0.044452995,0.06582443,0.81133866,0.005715371,0.06330729,0.8207,,0.8207,control,1,,44,control_f1_s44_in22k_v5conf,best,19
ISIC_0068299,BCN_0004288,BCN_0004288,60+,bcn20000,4,True,4,0.0053039817,0.04668851,0.004694971,0.07137172,0.81172246,0.010074893,0.050143417,0.86371493,,0.86371493,control,1,,44,control_f1_s44_in22k_v5conf,best,19
ISIC_0068302,BCN_0003664,BCN_0003664,40-59,bcn20000,1,True,1,0.0129227135,0.87813586,0.0075628385,0.056487087,0.00410198,0.0030810067,0.0377085,0.89516056,,0.89516056,control,1,,44,control_f1_s44_in22k_v5conf,best,19
ISIC_0068327,BCN_0003234,BCN_0003234,40-59,bcn20000,5,False,5,0.025044693,0.00626375,0.011833338,0.072764404,0.017732851,0.81873316,0.047627892,0.049041294,,0.049041294,control,1,,44,control_f1_s44_in22k_v5conf,best,19
ISIC_0068342,BCN_0001595,BCN_0001595,<40,bcn20000,5,False,5,0.0138275325,0.0066610384,0.0066138147,0.07498986,0.0048426664,0.8396411,0.053424034,0.025331238,,0.025331238,control,1,,44,control_f1_s44_in22k_v5conf,best,19
ISIC_0068367,BCN_0000003,BCN_0000003,60+,bcn20000,0,True,1,0.014314025,0.72038525,0.079769984,0.12511104,0.0028661268,0.006372111,0.051181436,0.7375654,,0.7375654,control,1,,44,control_f1_s44_in22k_v5conf,best,19
ISIC_0068382,BCN_0001964,BCN_0001964,<40,bcn20000,4,True,5,0.04454181,0.0037836137,0.15313075,0.13495778,0.011720457,0.5773946,0.074470975,0.06004588,,0.06004588,control,1,,44,control_f1_s44_in22k_v5conf,best,19
ISIC_0068388,BCN_0004759,BCN_0004759,60+,bcn20000,1,True,5,0.008806777,0.032241803,0.004602965,0.09671631,0.0040565277,0.7869299,0.066645764,0.045105107,,0.045105107,control,1,,44,control_f1_s44_in22k_v5conf,best,19
ISIC_0068400,BCN_0001571,BCN_0001571,40-59,bcn20000,1,True,1,0.011993582,0.8698661,0.006062,0.06013219,0.0060468544,0.006200183,0.039699096,0.8879065,,0.8879065,control,1,,44,control_f1_s44_in22k_v5conf,best,19
ISIC_0068403,BCN_0002558,BCN_0002558,40-59,bcn20000,4,True,4,0.008282394,0.005198898,0.0073514143,0.10953069,0.6910851,0.1004276,0.07812398,0.7045664,,0.7045664,control,1,,44,control_f1_s44_in22k_v5conf,best,19
ISIC_0068419,BCN_0002929,BCN_0002929,60+,bcn20000,0,True,1,0.42090458,0.4540083,0.0010442968,0.06766741,0.009408185,0.0027432567,0.04422398,0.88432103,,0.88432103,control,1,,44,control_f1_s44_in22k_v5conf,best,19
ISIC_0068438,BCN_0004288,BCN_0004288,60+,bcn20000,4,True,4,0.0035619545,0.100313105,0.0017375472,0.05454725,0.79321027,0.00867327,0.03795651,0.8970853,,0.8970853,control,1,,44,control_f1_s44_in22k_v5conf,best,19
ISIC_0068440,BCN_0003354,BCN_0003354,60+,bcn20000,5,False,5,0.009143309,0.005614183,0.006744825,0.06617658,0.005177081,0.85886234,0.048281748,0.019934572,,0.019934572,control,1,,44,control_f1_s44_in22k_v5conf,best,19
ISIC_0068478,BCN_0002468,BCN_0002468,40-59,bcn20000,5,False,5,0.014305426,0.011980671,0.0034648809,0.06501421,0.011440652,0.8470214,0.04677285,0.03772675,,0.03772675,control,1,,44,control_f1_s44_in22k_v5conf,best,19
ISIC_0068480,BCN_0001220,BCN_0001220,60+,bcn20000,1,True,1,0.015235134,0.84232146,0.020902703,0.07481787,0.0030455843,0.004284857,0.03939234,0.86060214,,0.86060214,control,1,,44,control_f1_s44_in22k_v5conf,best,19
ISIC_0068497,BCN_0001737,BCN_0001737,<40,bcn20000,5,False,4,0.00959002,0.0075274375,0.003433788,0.06417382,0.80950505,0.058718864,0.047051016,0.8266225,,0.8266225,control,1,,44,control_f1_s44_in22k_v5conf,best,19
ISIC_0068527,BCN_0002316,BCN_0002316,60+,bcn20000,4,True,4,0.009376136,0.0059917346,0.005957633,0.052723974,0.8829621,0.0025157651,0.040472705,0.89833,,0.89833,control,1,,44,control_f1_s44_in22k_v5conf,best,19
ISIC_0068550,BCN_0001246,BCN_0001246,40-59,bcn20000,2,False,1,0.082980715,0.7222171,0.006324613,0.11315733,0.013843576,0.0090689175,0.05240774,0.8190414,,0.8190414,control,1,,44,control_f1_s44_in22k_v5conf,best,19
ISIC_0068560,BCN_0001087,BCN_0001087,60+,bcn20000,4,True,5,0.011763071,0.006833322,0.0043076896,0.06392099,0.008819834,0.85233885,0.052016247,0.027416226,,0.027416226,control,1,,44,control_f1_s44_in22k_v5conf,best,19
ISIC_0068573,BCN_0003624,BCN_0003624,60+,bcn20000,5,False,4,0.0069023063,0.005975924,0.0054425052,0.053569365,0.8840767,0.004674043,0.03935911,0.89695495,,0.89695495,control,1,,44,control_f1_s44_in22k_v5conf,best,19
ISIC_0068581,BCN_0001878,BCN_0001878,40-59,bcn20000,4,True,4,0.011994472,0.006924049,0.0072850613,0.097030275,0.7105094,0.085860156,0.08039663,0.72942793,,0.72942793,control,1,,44,control_f1_s44_in22k_v5conf,best,19
ISIC_0068598,BCN_0005428,BCN_0005428,60+,bcn20000,1,True,1,0.026412245,0.86988753,0.004350609,0.054586902,0.004125728,0.0033249133,0.037312143,0.9004255,,0.9004255,control,1,,44,control_f1_s44_in22k_v5conf,best,19
ISIC_0068601,BCN_0004158,BCN_0004158,<40,bcn20000,5,False,5,0.009632636,0.007220872,0.0059291157,0.052481283,0.010737819,0.8729119,0.041086376,0.027591325,,0.027591325,control,1,,44,control_f1_s44_in22k_v5conf,best,19
ISIC_0068615,BCN_0000003,BCN_0000003,60+,bcn20000,0,True,1,0.009827688,0.8518992,0.013879956,0.07755556,0.00301239,0.0035922076,0.040232982,0.8647393,,0.8647393,control,1,,44,control_f1_s44_in22k_v5conf,best,19
ISIC_0068642,BCN_0004419,BCN_0004419,<40,bcn20000,1,True,2,0.007371271,0.009667298,0.47720808,0.114024825,0.00682364,0.29127032,0.09363461,0.02386221,,0.02386221,control,1,,44,control_f1_s44_in22k_v5conf,best,19
ISIC_0068651,BCN_0003300,BCN_0003300,40-59,bcn20000,5,False,5,0.012098828,0.007188918,0.0064599365,0.07025284,0.0066224476,0.84713554,0.050241508,0.025910195,,0.025910195,control,1,,44,control_f1_s44_in22k_v5conf,best,19
ISIC_0068654,BCN_0002599,BCN_0002599,<40,bcn20000,5,False,4,0.016575364,0.010745503,0.016140698,0.08865539,0.71533126,0.10128529,0.051266577,0.7426521,,0.7426521,control,1,,44,control_f1_s44_in22k_v5conf,best,19
ISIC_0068658,BCN_0003901,BCN_0003901,60+,bcn20000,5,False,5,0.012021645,0.006308152,0.004947809,0.06488092,0.0047339443,0.8581202,0.04898726,0.023063742,,0.023063742,control,1,,44,control_f1_s44_in22k_v5conf,best,19
ISIC_0068673,BCN_0002626,BCN_0002626,60+,bcn20000,4,True,4,0.043854814,0.006530556,0.025338685,0.102392524,0.72873837,0.0018369895,0.09130801,0.7791237,,0.7791237,control,1,,44,control_f1_s44_in22k_v5conf,best,19
ISIC_0068680,BCN_0005696,BCN_0005696,60+,bcn20000,1,True,1,0.009595034,0.8941969,0.005414994,0.050501607,0.0049173515,0.0034842019,0.031889904,0.9087093,,0.9087093,control,1,,44,control_f1_s44_in22k_v5conf,best,19
ISIC_0068682,BCN_0002694,BCN_0002694,40-59,bcn20000,4,True,5,0.008835181,0.017369142,0.0037339877,0.059138473,0.19516017,0.6606018,0.05516123,0.22136448,,0.22136448,control,1,,44,control_f1_s44_in22k_v5conf,best,19
ISIC_0068692,BCN_0002626,BCN_0002626,60+,bcn20000,4,True,4,0.007145357,0.003627845,0.007003906,0.051216356,0.89215577,0.0019856477,0.036865097,0.90292895,,0.90292895,control,1,,44,control_f1_s44_in22k_v5conf,best,19
ISIC_0068693,BCN_0004019,BCN_0004019,60+,bcn20000,5,False,5,0.011329801,0.0075219087,0.009535746,0.07014891,0.07214764,0.78549695,0.043819044,0.09099935,,0.09099935,control,1,,44,control_f1_s44_in22k_v5conf,best,19
ISIC_0068707,BCN_0001220,BCN_0001220,60+,bcn20000,1,True,0,0.7860932,0.04634908,0.04289239,0.07052057,0.00421112,0.0024218117,0.04751181,0.8366534,,0.8366534,control,1,,44,control_f1_s44_in22k_v5conf,best,19
ISIC_0068711,BCN_0000545,BCN_0000545,<40,bcn20000,5,False,4,0.009242588,0.0039827973,0.0032005482,0.06440606,0.8756988,0.0038317277,0.039637413,0.8889242,,0.8889242,control,1,,44,control_f1_s44_in22k_v5conf,best,19
ISIC_0068718,BCN_0002599,BCN_0002599,<40,bcn20000,5,False,5,0.013034719,0.0077889105,0.004549438,0.06544657,0.01141265,0.84921896,0.04854874,0.032236278,,0.032236278,control,1,,44,control_f1_s44_in22k_v5conf,best,19
ISIC_0068722,BCN_0001518,BCN_0001518,60+,bcn20000,0,True,0,0.5072548,0.35484383,0.012332758,0.06158733,0.021198642,0.004941371,0.03784127,0.8832972,,0.8832972,control,1,,44,control_f1_s44_in22k_v5conf,best,19
ISIC_0068724,BCN_0002469,BCN_0002469,40-59,bcn20000,5,False,5,0.008207755,0.007990709,0.00550864,0.056224912,0.01748154,0.86470145,0.039885033,0.033680003,,0.033680003,control,1,,44,control_f1_s44_in22k_v5conf,best,19
ISIC_0068747,BCN_0000657,BCN_0000657,60+,bcn20000,4,True,4,0.00983216,0.004821601,0.005029715,0.049486857,0.8929215,0.0014025905,0.036505558,0.90757525,,0.90757525,control,1,,44,control_f1_s44_in22k_v5conf,best,19
ISIC_0068762,BCN_0002199,BCN_0002199,60+,bcn20000,4,True,4,0.012731353,0.01352948,0.009708872,0.0664937,0.84600765,0.0038473469,0.047681626,0.8722685,,0.8722685,control,1,,44,control_f1_s44_in22k_v5conf,best,19
ISIC_0068850,BCN_0003311,BCN_0003311,60+,bcn20000,4,True,4,0.023966659,0.004004961,0.022321435,0.09927406,0.7783236,0.0032655196,0.06884371,0.8062952,,0.8062952,control,1,,44,control_f1_s44_in22k_v5conf,best,19
ISIC_0068861,BCN_0003175,BCN_0003175,<40,bcn20000,5,False,5,0.0071536535,0.008345326,0.0017003932,0.08697369,0.015858408,0.83440614,0.04556234,0.03135739,,0.03135739,control,1,,44,control_f1_s44_in22k_v5conf,best,19
ISIC_0068870,BCN_0000811,BCN_0000811,<40,bcn20000,6,False,1,0.0021384645,0.35424593,0.0050554476,0.25531754,0.09974578,0.01926097,0.26423588,0.45613018,,0.45613018,control,1,,44,control_f1_s44_in22k_v5conf,best,19
ISIC_0068875,BCN_0003229,BCN_0003229,60+,bcn20000,5,False,5,0.0152676515,0.007258828,0.016616495,0.071753606,0.010909982,0.82934606,0.048847422,0.033436462,,0.033436462,control,1,,44,control_f1_s44_in22k_v5conf,best,19
ISIC_0068878,BCN_0003824,BCN_0003824,60+,bcn20000,1,True,1,0.13527262,0.6787186,0.006950257,0.09529042,0.004266301,0.0031622672,0.076339535,0.8182576,,0.8182576,control,1,,44,control_f1_s44_in22k_v5conf,best,19
ISIC_0068889,BCN_0002326,BCN_0002326,<40,bcn20000,5,False,5,0.042505033,0.28393856,0.0030429007,0.09524881,0.013736622,0.5151919,0.04633614,0.34018022,,0.34018022,control,1,,44,control_f1_s44_in22k_v5conf,best,19
ISIC_0068901,BCN_0000036,BCN_0000036,40-59,bcn20000,5,False,5,0.010099326,0.007039998,0.0053849355,0.06740525,0.009054122,0.8520999,0.048916522,0.026193447,,0.026193447,control,1,,44,control_f1_s44_in22k_v5conf,best,19
ISIC_0068935,BCN_0001273,BCN_0001273,40-59,bcn20000,5,False,5,0.010519127,0.00538378,0.007787173,0.06893538,0.0062999637,0.85340744,0.04766702,0.02220287,,0.02220287,control,1,,44,control_f1_s44_in22k_v5conf,best,19
ISIC_0068942,BCN_0003811,BCN_0003811,60+,bcn20000,5,False,5,0.017166797,0.0066462294,0.008142021,0.06305814,0.0039114547,0.8507673,0.050308093,0.02772448,,0.02772448,control,1,,44,control_f1_s44_in22k_v5conf,best,19
ISIC_0068946,BCN_0004596,BCN_0004596,60+,bcn20000,1,True,1,0.10250762,0.7191513,0.0073413746,0.057376064,0.063305475,0.0009002178,0.049417846,0.88496447,,0.88496447,control,1,,44,control_f1_s44_in22k_v5conf,best,19
ISIC_0068949,BCN_0003940,BCN_0003940,60+,bcn20000,1,True,1,0.009632482,0.9006487,0.0068112304,0.043579556,0.0024924343,0.0032684524,0.033567213,0.9127736,,0.9127736,control,1,,44,control_f1_s44_in22k_v5conf,best,19
ISIC_0068952,BCN_0000120,BCN_0002991,60+,bcn20000,2,False,1,0.084247224,0.80508953,0.021589944,0.046194598,0.0021783204,0.0065169972,0.03418338,0.8915151,,0.8915151,control,1,,44,control_f1_s44_in22k_v5conf,best,19
ISIC_0068954,BCN_0004561,BCN_0004561,60+,bcn20000,1,True,4,0.2152845,0.006798397,0.0078086485,0.08056011,0.58090746,0.029271474,0.07936941,0.8029904,,0.8029904,control,1,,44,control_f1_s44_in22k_v5conf,best,19
ISIC_0068955,BCN_0003104,BCN_0003104,40-59,bcn20000,0,True,0,0.94252497,0.0037747656,0.0021433926,0.02970842,0.0017814975,0.0021664018,0.017900545,0.94808125,,0.94808125,control,1,,44,control_f1_s44_in22k_v5conf,best,19
ISIC_0068983,BCN_0004053,BCN_0004053,40-59,bcn20000,5,False,5,0.012426178,0.009446186,0.008598398,0.06885676,0.012126113,0.8247381,0.06380833,0.03399848,,0.03399848,control,1,,44,control_f1_s44_in22k_v5conf,best,19
ISIC_0068985,BCN_0000650,BCN_0000650,60+,bcn20000,1,True,1,0.03417009,0.8764137,0.0052141408,0.04709257,0.0035487309,0.0021420575,0.03141867,0.91413254,,0.91413254,control,1,,44,control_f1_s44_in22k_v5conf,best,19
ISIC_0068992,BCN_0001026,BCN_0001026,unknown,bcn20000,5,False,5,0.0045293355,0.0044308086,0.023567228,0.05410789,0.01900269,0.8493862,0.04497583,0.027962836,,0.027962836,control,1,,44,control_f1_s44_in22k_v5conf,best,19
ISIC_0069015,BCN_0002373,BCN_0002373,60+,bcn20000,2,False,0,0.8661151,0.0037437372,0.06780941,0.03098506,0.0020131834,0.001355049,0.02797846,0.871872,,0.871872,control,1,,44,control_f1_s44_in22k_v5conf,best,19
ISIC_0069080,BCN_0000162,BCN_0000162,40-59,bcn20000,5,False,5,0.010340434,0.0064990083,0.007950531,0.07043314,0.0058315243,0.84695226,0.051993087,0.022670966,,0.022670966,control,1,,44,control_f1_s44_in22k_v5conf,best,19
ISIC_0069085,BCN_0001053,BCN_0001053,40-59,bcn20000,2,False,1,0.08356904,0.8001474,0.024117094,0.049242273,0.0029313944,0.0042307815,0.035761904,0.8866479,,0.8866479,control,1,,44,control_f1_s44_in22k_v5conf,best,19
ISIC_0069090,BCN_0003354,BCN_0003354,60+,bcn20000,5,False,5,0.009888186,0.008231864,0.0044429586,0.0678377,0.004676411,0.8546706,0.050252285,0.022796461,,0.022796461,control,1,,44,control_f1_s44_in22k_v5conf,best,19
ISIC_0069106,BCN_0001273,BCN_0001273,40-59,bcn20000,5,False,5,0.0076113637,0.0058264206,0.0046536014,0.066343985,0.01817098,0.85848176,0.03891187,0.031608764,,0.031608764,control,1,,44,control_f1_s44_in22k_v5conf,best,19
ISIC_0069119,BCN_0004288,BCN_0004288,60+,bcn20000,4,True,1,0.009338389,0.46133116,0.041660927,0.14445949,0.16679534,0.09306053,0.083354056,0.6374649,,0.6374649,control,1,,44,control_f1_s44_in22k_v5conf,best,19
ISIC_0069154,BCN_0001687,BCN_0001687,60+,bcn20000,4,True,4,0.009130793,0.0063705924,0.005918139,0.05837676,0.8754563,0.0048753805,0.03987208,0.89095765,,0.89095765,control,1,,44,control_f1_s44_in22k_v5conf,best,19
ISIC_0069183,BCN_0003604,BCN_0003604,40-59,bcn20000,5,False,5,0.011738919,0.0056648646,0.0065010423,0.067677036,0.0042660823,0.8576827,0.04646931,0.021669865,,0.021669865,control,1,,44,control_f1_s44_in22k_v5conf,best,19
ISIC_0069195,BCN_0001290,BCN_0001290,60+,bcn20000,0,True,0,0.94133234,0.0071879015,0.0012162875,0.02319307,0.008876724,0.0009919861,0.017201686,0.957397,,0.957397,control,1,,44,control_f1_s44_in22k_v5conf,best,19
ISIC_0069197,BCN_0004305,BCN_0004305,60+,bcn20000,4,True,4,0.005451443,0.004752879,0.0063942526,0.06791071,0.87003267,0.003865206,0.041592844,0.880237,,0.880237,control,1,,44,control_f1_s44_in22k_v5conf,best,19
ISIC_0069201,BCN_0005117,BCN_0005117,60+,bcn20000,0,True,0,0.8979174,0.0081753535,0.031997487,0.030805904,0.003609024,0.0007869414,0.026707895,0.90970176,,0.90970176,control,1,,44,control_f1_s44_in22k_v5conf,best,19
ISIC_0069213,BCN_0003510,BCN_0003510,40-59,bcn20000,5,False,5,0.06066962,0.011567253,0.010958253,0.114225596,0.13057496,0.61126816,0.06073611,0.20281184,,0.20281184,control,1,,44,control_f1_s44_in22k_v5conf,best,19
ISIC_0069226,BCN_0002857,BCN_0002857,<40,bcn20000,5,False,5,0.0080578625,0.0046047806,0.008201584,0.06479283,0.009971785,0.8696194,0.034751795,0.022634428,,0.022634428,control,1,,44,control_f1_s44_in22k_v5conf,best,19
ISIC_0069227,BCN_0001039,BCN_0001039,40-59,bcn20000,5,False,5,0.007257744,0.014820617,0.01417279,0.056854293,0.0076027517,0.8623431,0.03694873,0.029681113,,0.029681113,control,1,,44,control_f1_s44_in22k_v5conf,best,19
ISIC_0069235,BCN_0004515,BCN_0004515,40-59,bcn20000,1,True,1,0.012883932,0.8721784,0.0060036303,0.06042075,0.004318391,0.003722064,0.0404728,0.88938075,,0.88938075,control,1,,44,control_f1_s44_in22k_v5conf,best,19
ISIC_0069247,BCN_0000545,BCN_0000545,<40,bcn20000,5,False,4,0.01885106,0.012979907,0.010529936,0.1286762,0.50706154,0.2243657,0.09753569,0.5388925,,0.5388925,control,1,,44,control_f1_s44_in22k_v5conf,best,19
ISIC_0069254,BCN_0001426,BCN_0001426,40-59,bcn20000,4,True,4,0.008167069,0.0036482369,0.008392429,0.059820607,0.8756486,0.0032839954,0.041038994,0.8874639,,0.8874639,control,1,,44,control_f1_s44_in22k_v5conf,best,19
ISIC_0069274,BCN_0000415,BCN_0000415,60+,bcn20000,5,False,5,0.017132698,0.0097176945,0.07485825,0.08697811,0.011802068,0.7356363,0.06387486,0.038652457,,0.038652457,control,1,,44,control_f1_s44_in22k_v5conf,best,19
ISIC_0069284,BCN_0002557,BCN_0002557,60+,bcn20000,2,False,2,0.014330107,0.0048136665,0.87340856,0.033640865,0.039978996,0.0008900817,0.032937754,0.05912277,,0.05912277,control,1,,44,control_f1_s44_in22k_v5conf,best,19
ISIC_0069305,BCN_0004227,BCN_0004227,60+,bcn20000,5,False,5,0.006506296,0.012469146,0.0031852226,0.06404494,0.04010107,0.84321684,0.030476447,0.05907651,,0.05907651,control,1,,44,control_f1_s44_in22k_v5conf,best,19
ISIC_0069316,BCN_0005193,BCN_0005193,40-59,bcn20000,2,False,1,0.006081579,0.38835195,0.106266476,0.13359453,0.10846255,0.03313115,0.22411177,0.5028961,,0.5028961,control,1,,44,control_f1_s44_in22k_v5conf,best,19
ISIC_0069337,BCN_0005269,BCN_0005269,60+,bcn20000,1,True,0,0.60387576,0.19247206,0.009784839,0.13275741,0.008792384,0.0005691119,0.051748436,0.8051402,,0.8051402,control,1,,44,control_f1_s44_in22k_v5conf,best,19
ISIC_0069341,BCN_0002588,BCN_0002588,40-59,bcn20000,2,False,2,0.14092559,0.022574529,0.6895343,0.07157304,0.005109227,0.007870303,0.06241307,0.16860934,,0.16860934,control,1,,44,control_f1_s44_in22k_v5conf,best,19
ISIC_0069370,BCN_0002958,BCN_0002958,60+,bcn20000,4,True,1,0.0067588123,0.8852762,0.005853715,0.050889604,0.016145533,0.0019631644,0.033113122,0.90818053,,0.90818053,control,1,,44,control_f1_s44_in22k_v5conf,best,19
ISIC_0069385,BCN_0001878,BCN_0001878,40-59,bcn20000,4,True,5,0.01224155,0.0067236354,0.008809795,0.07051086,0.009155954,0.837882,0.0546762,0.02812114,,0.02812114,control,1,,44,control_f1_s44_in22k_v5conf,best,19
ISIC_0069391,BCN_0001087,BCN_0001087,60+,bcn20000,4,True,5,0.015393661,0.0127862645,0.0039799223,0.103054695,0.13937919,0.65839386,0.0670124,0.16755912,,0.16755912,control,1,,44,control_f1_s44_in22k_v5conf,best,19
ISIC_0069414,BCN_0005299,BCN_0005299,<40,bcn20000,5,False,5,0.010594495,0.008001782,0.0063233054,0.06814711,0.00713018,0.84962445,0.050178688,0.025726456,,0.025726456,control,1,,44,control_f1_s44_in22k_v5conf,best,19
ISIC_0069441,BCN_0000545,BCN_0000545,<40,bcn20000,5,False,4,0.00750753,0.004102381,0.004288658,0.06151594,0.86946315,0.012941385,0.04018094,0.88107306,,0.88107306,control,1,,44,control_f1_s44_in22k_v5conf,best,19
ISIC_0069458,BCN_0005098,BCN_0005098,60+,bcn20000,1,True,1,0.009378074,0.87352806,0.006098331,0.060154248,0.0051044603,0.0051978696,0.040538933,0.8880106,,0.8880106,control,1,,44,control_f1_s44_in22k_v5conf,best,19
ISIC_0069467,BCN_0001012,BCN_0001012,40-59,bcn20000,1,True,1,0.012820659,0.8706644,0.0059529846,0.05921266,0.0054860557,0.004316205,0.041547116,0.88897115,,0.88897115,control,1,,44,control_f1_s44_in22k_v5conf,best,19
ISIC_0069471,BCN_0000070,BCN_0000070,<40,bcn20000,5,False,4,0.010879647,0.008182571,0.017539062,0.07420234,0.67639196,0.1544466,0.05835788,0.6954542,,0.6954542,control,1,,44,control_f1_s44_in22k_v5conf,best,19
ISIC_0069485,BCN_0003871,BCN_0003871,40-59,bcn20000,1,True,1,0.0021439465,0.8372553,0.004289814,0.03178896,0.012510463,0.0027239723,0.10928759,0.8519097,,0.8519097,control,1,,44,control_f1_s44_in22k_v5conf,best,19
ISIC_0069512,BCN_0003229,BCN_0003229,60+,bcn20000,5,False,5,0.011683844,0.005110016,0.016123235,0.071941,0.006918597,0.83644533,0.051777877,0.023712456,,0.023712456,control,1,,44,control_f1_s44_in22k_v5conf,best,19
ISIC_0069513,BCN_0003375,BCN_0003375,<40,bcn20000,1,True,4,0.03168705,0.058476113,0.0030198535,0.07864416,0.76684475,0.0020281184,0.059300076,0.8570079,,0.8570079,control,1,,44,control_f1_s44_in22k_v5conf,best,19
ISIC_0069530,BCN_0001928,BCN_0001928,40-59,bcn20000,5,False,5,0.0145425955,0.0060243183,0.0057793567,0.06776148,0.0056143967,0.8545455,0.04573234,0.02618131,,0.02618131,control,1,,44,control_f1_s44_in22k_v5conf,best,19
ISIC_0069536,BCN_0003726,BCN_0003726,40-59,bcn20000,4,True,5,0.009810159,0.0054475158,0.0070369444,0.095188886,0.1620113,0.6509783,0.06952689,0.17726897,,0.17726897,control,1,,44,control_f1_s44_in22k_v5conf,best,19
ISIC_0069582,BCN_0004775,BCN_0004775,60+,bcn20000,1,True,1,0.008061954,0.8668542,0.0068322946,0.05146858,0.002116297,0.022954972,0.04171172,0.87703246,,0.87703246,control,1,,44,control_f1_s44_in22k_v5conf,best,19
ISIC_0069585,BCN_0000963,BCN_0000963,60+,bcn20000,2,False,1,0.013753171,0.75418395,0.021005942,0.08050296,0.02264432,0.059528437,0.048381165,0.79058146,,0.79058146,control,1,,44,control_f1_s44_in22k_v5conf,best,19
ISIC_0069589,BCN_0001378,BCN_0001378,60+,bcn20000,1,True,1,0.009452017,0.78077114,0.0821585,0.057001516,0.018780882,0.0036619822,0.048174057,0.80900407,,0.80900407,control,1,,44,control_f1_s44_in22k_v5conf,best,19
ISIC_0069595,BCN_0000549,BCN_0000549,60+,bcn20000,4,True,4,0.008400228,0.008748303,0.0097718425,0.06080801,0.8622955,0.003990824,0.04598536,0.87944406,,0.87944406,control,1,,44,control_f1_s44_in22k_v5conf,best,19
ISIC_0069597,BCN_0004412,BCN_0004412,60+,bcn20000,5,False,1,0.012473986,0.8721273,0.006729749,0.055048734,0.006103306,0.0064205094,0.041096315,0.8907046,,0.8907046,control,1,,44,control_f1_s44_in22k_v5conf,best,19
ISIC_0069605,BCN_0002557,BCN_0002557,60+,bcn20000,2,False,4,0.115041405,0.002446854,0.033956654,0.10388615,0.6856354,0.00052441424,0.058509137,0.80312365,,0.80312365,control,1,,44,control_f1_s44_in22k_v5conf,best,19
ISIC_0069619,BCN_0001492,BCN_0001492,<40,bcn20000,5,False,5,0.009307382,0.0064361887,0.0063716113,0.06514451,0.0052534346,0.8588037,0.04868327,0.020997005,,0.020997005,control,1,,44,control_f1_s44_in22k_v5conf,best,19
ISIC_0069642,BCN_0000164,BCN_0000164,40-59,bcn20000,2,False,2,0.005945782,0.007367817,0.8510295,0.06072308,0.0018790084,0.024782093,0.048272766,0.015192607,,0.015192607,control,1,,44,control_f1_s44_in22k_v5conf,best,19
ISIC_0069646,BCN_0005428,BCN_0005428,60+,bcn20000,1,True,0,0.7731705,0.1029145,0.0052061644,0.069639646,0.002513553,0.0023487327,0.044207003,0.8785985,,0.8785985,control,1,,44,control_f1_s44_in22k_v5conf,best,19
ISIC_0069650,BCN_0000301,BCN_0000301,40-59,bcn20000,1,True,1,0.027300186,0.8681934,0.007791644,0.050113577,0.0068380483,0.0021335375,0.037629493,0.9023316,,0.9023316,control,1,,44,control_f1_s44_in22k_v5conf,best,19
ISIC_0069653,BCN_0005396,BCN_0005396,<40,bcn20000,3,False,1,0.028159905,0.8668625,0.0023701706,0.052485783,0.0010997191,0.014577013,0.03444498,0.8961221,,0.8961221,control,1,,44,control_f1_s44_in22k_v5conf,best,19
ISIC_0069655,BCN_0005291,BCN_0005291,60+,bcn20000,2,False,0,0.9361088,0.0015728559,0.005576801,0.030247673,0.0039245663,0.0026510765,0.01991812,0.9416062,,0.9416062,control,1,,44,control_f1_s44_in22k_v5conf,best,19
ISIC_0069663,BCN_0000129,BCN_0000129,60+,bcn20000,2,False,5,0.10613741,0.29269326,0.0042294604,0.11931089,0.013071362,0.36154935,0.10300827,0.411902,,0.411902,control,1,,44,control_f1_s44_in22k_v5conf,best,19
ISIC_0069691,BCN_0001737,BCN_0001737,<40,bcn20000,5,False,4,0.008543195,0.006771753,0.0054910136,0.0955053,0.6614658,0.16938646,0.052836493,0.67678076,,0.67678076,control,1,,44,control_f1_s44_in22k_v5conf,best,19
ISIC_0069701,BCN_0004705,BCN_0004705,60+,bcn20000,1,True,1,0.014910407,0.8682582,0.004833584,0.061664738,0.0071082404,0.004543466,0.038681395,0.8902768,,0.8902768,control,1,,44,control_f1_s44_in22k_v5conf,best,19
ISIC_0069705,BCN_0001878,BCN_0001878,40-59,bcn20000,4,True,5,0.01986868,0.013113335,0.007167689,0.11156652,0.11061974,0.6595551,0.07810905,0.14360175,,0.14360175,control,1,,44,control_f1_s44_in22k_v5conf,best,19
ISIC_0069727,BCN_0002558,BCN_0002558,40-59,bcn20000,4,True,4,0.0072499546,0.0045613265,0.004973831,0.0517505,0.8852825,0.0022200344,0.043961767,0.8970938,,0.8970938,control,1,,44,control_f1_s44_in22k_v5conf,best,19
ISIC_0069728,BCN_0004972,BCN_0004972,40-59,bcn20000,5,False,5,0.010950229,0.0055545135,0.018178606,0.08017191,0.003689468,0.8167227,0.06473253,0.02019421,,0.02019421,control,1,,44,control_f1_s44_in22k_v5conf,best,19
ISIC_0069753,BCN_0001426,BCN_0001426,40-59,bcn20000,4,True,4,0.0077590975,0.005187518,0.009830323,0.057554528,0.8761358,0.0025360666,0.0409966,0.88908243,,0.88908243,control,1,,44,control_f1_s44_in22k_v5conf,best,19
ISIC_0069763,BCN_0003745,BCN_0003745,<40,bcn20000,2,False,2,0.39864075,0.003487702,0.4210564,0.08854908,0.018586278,0.0066655646,0.0630142,0.42071474,,0.42071474,control,1,,44,control_f1_s44_in22k_v5conf,best,19
ISIC_0069773,BCN_0003565,BCN_0003565,40-59,bcn20000,1,True,1,0.03949817,0.5823709,0.008620088,0.10134512,0.019656464,0.15411127,0.09439806,0.6415255,,0.6415255,control,1,,44,control_f1_s44_in22k_v5conf,best,19
ISIC_0069796,BCN_0005675,BCN_0005675,40-59,bcn20000,1,True,1,0.010997768,0.8906493,0.0068367654,0.050510246,0.003053853,0.003743847,0.03420818,0.90470093,,0.90470093,control,1,,44,control_f1_s44_in22k_v5conf,best,19
ISIC_0069800,BCN_0002599,BCN_0002599,<40,bcn20000,5,False,5,0.011916253,0.0067661447,0.0044375295,0.06507265,0.0076626125,0.8572072,0.04693767,0.02634501,,0.02634501,control,1,,44,control_f1_s44_in22k_v5conf,best,19
ISIC_0069826,BCN_0002676,BCN_0002676,60+,bcn20000,2,False,5,0.061289288,0.008123755,0.008803973,0.048517223,0.006466744,0.8362015,0.030597562,0.07587979,,0.07587979,control,1,,44,control_f1_s44_in22k_v5conf,best,19
ISIC_0069848,BCN_0005291,BCN_0005291,60+,bcn20000,2,False,0,0.9221046,0.001313858,0.014345426,0.034486316,0.00447281,0.0023601847,0.020916801,0.92789125,,0.92789125,control,1,,44,control_f1_s44_in22k_v5conf,best,19
ISIC_0069849,BCN_0002557,BCN_0002557,60+,bcn20000,2,False,4,0.028842913,0.0040465365,0.008966767,0.07140008,0.8332149,0.00096543913,0.052563388,0.8661043,,0.8661043,control,1,,44,control_f1_s44_in22k_v5conf,best,19
ISIC_0069856,BCN_0003664,BCN_0003664,40-59,bcn20000,1,True,1,0.01683423,0.88044435,0.0045945537,0.05166535,0.0051101614,0.0035172964,0.037834052,0.9023887,,0.9023887,control,1,,44,control_f1_s44_in22k_v5conf,best,19
ISIC_0069858,BCN_0000408,BCN_0000408,<40,bcn20000,5,False,5,0.015920602,0.023278922,0.004249599,0.07134945,0.003537871,0.8290973,0.052566182,0.042737395,,0.042737395,control,1,,44,control_f1_s44_in22k_v5conf,best,19
ISIC_0069871,BCN_0004480,BCN_0004480,40-59,bcn20000,5,False,4,0.010241476,0.008387348,0.0039133388,0.073671095,0.7563184,0.09168219,0.055786155,0.7749472,,0.7749472,control,1,,44,control_f1_s44_in22k_v5conf,best,19
ISIC_0069875,BCN_0005291,BCN_0005291,60+,bcn20000,2,False,0,0.9215423,0.0028517516,0.0027110495,0.03818246,0.0069387173,0.0036457418,0.02412798,0.9313327,,0.9313327,control,1,,44,control_f1_s44_in22k_v5conf,best,19
ISIC_0069889,BCN_0000657,BCN_0000657,60+,bcn20000,4,True,4,0.013665081,0.007571806,0.007001894,0.058385864,0.86764926,0.00198966,0.043736394,0.88888615,,0.88888615,control,1,,44,control_f1_s44_in22k_v5conf,best,19
ISIC_0069891,BCN_0001792,BCN_0001792,60+,bcn20000,4,True,4,0.0014498564,0.0063751475,0.0031590164,0.041432105,0.912644,0.0065505207,0.02838937,0.92046905,,0.92046905,control,1,,44,control_f1_s44_in22k_v5conf,best,19
ISIC_0069913,BCN_0004372,BCN_0004372,60+,bcn20000,1,True,1,0.011378132,0.88667846,0.0036976922,0.05510334,0.007779692,0.0027947498,0.03256789,0.9058363,,0.9058363,control,1,,44,control_f1_s44_in22k_v5conf,best,19
ISIC_0069915,BCN_0003905,BCN_0003905,40-59,bcn20000,1,True,0,0.79720825,0.04154949,0.012980743,0.05999315,0.0041237865,0.044531457,0.039613105,0.84288156,,0.84288156,control,1,,44,control_f1_s44_in22k_v5conf,best,19
ISIC_0069926,BCN_0004849,BCN_0004849,60+,bcn20000,1,True,1,0.00969682,0.8720864,0.0035613372,0.05800109,0.004023338,0.012135262,0.040495746,0.88580656,,0.88580656,control,1,,44,control_f1_s44_in22k_v5conf,best,19
ISIC_0069937,BCN_0001244,BCN_0001244,40-59,bcn20000,5,False,5,0.012691894,0.13677008,0.2759581,0.112031534,0.040984277,0.34683907,0.074725084,0.19044626,,0.19044626,control,1,,44,control_f1_s44_in22k_v5conf,best,19
ISIC_0069941,BCN_0003624,BCN_0003624,60+,bcn20000,5,False,5,0.0079294,0.012487081,0.0047399164,0.06836864,0.09610059,0.7596067,0.05076774,0.11651707,,0.11651707,control,1,,44,control_f1_s44_in22k_v5conf,best,19
ISIC_0069944,BCN_0000798,BCN_0000798,<40,bcn20000,5,False,5,0.0106097935,0.007524363,0.0059838295,0.064738706,0.006465215,0.8549488,0.049729273,0.024599371,,0.024599371,control,1,,44,control_f1_s44_in22k_v5conf,best,19
ISIC_0069949,BCN_0001974,BCN_0001974,60+,bcn20000,0,True,0,0.9174062,0.023499453,0.002047171,0.03196886,0.0020161322,0.0016490254,0.021413215,0.94292176,,0.94292176,control,1,,44,control_f1_s44_in22k_v5conf,best,19
ISIC_0070033,BCN_0000268,BCN_0000268,40-59,bcn20000,1,True,0,0.823402,0.011103759,0.085237265,0.047450196,0.003753875,0.0007776114,0.028275251,0.83825964,,0.83825964,control,1,,44,control_f1_s44_in22k_v5conf,best,19
ISIC_0070046,BCN_0002199,BCN_0002199,60+,bcn20000,4,True,1,0.0014593508,0.93105733,0.0025579769,0.03381277,0.0068603726,0.0022580374,0.021994153,0.93937707,,0.93937707,control,1,,44,control_f1_s44_in22k_v5conf,best,19
ISIC_0070068,BCN_0002789,BCN_0002789,60+,bcn20000,4,True,4,0.0077373814,0.0031735697,0.004534474,0.044210244,0.904266,0.0018283325,0.034249946,0.9151769,,0.9151769,control,1,,44,control_f1_s44_in22k_v5conf,best,19
ISIC_0070084,BCN_0003287,BCN_0003287,60+,bcn20000,2,False,0,0.8089666,0.00877443,0.023535663,0.060605425,0.04177751,0.0014802311,0.05486023,0.8595185,,0.8595185,control,1,,44,control_f1_s44_in22k_v5conf,best,19
ISIC_0070085,BCN_0000001,BCN_0000001,60+,bcn20000,0,True,4,0.13105163,0.100672856,0.0146789,0.10482491,0.43228835,0.16112779,0.05535557,0.66401285,,0.66401285,control,1,,44,control_f1_s44_in22k_v5conf,best,19
ISIC_0070108,BCN_0000657,BCN_0000657,60+,bcn20000,4,True,4,0.010177338,0.00613027,0.008413213,0.052177478,0.88142943,0.0025801784,0.039092116,0.897737,,0.897737,control,1,,44,control_f1_s44_in22k_v5conf,best,19
ISIC_0070120,BCN_0002558,BCN_0002558,40-59,bcn20000,4,True,4,0.005944232,0.013181492,0.0106897745,0.051126853,0.87407637,0.001740991,0.043240283,0.89320207,,0.89320207,control,1,,44,control_f1_s44_in22k_v5conf,best,19
ISIC_0070123,BCN_0003726,BCN_0003726,40-59,bcn20000,4,True,4,0.0062139314,0.0063281264,0.006690332,0.056077782,0.87225854,0.010578367,0.04185296,0.8848006,,0.8848006,control,1,,44,control_f1_s44_in22k_v5conf,best,19
ISIC_0070131,BCN_0003721,BCN_0003721,60+,bcn20000,1,True,1,0.012155184,0.8588919,0.00538416,0.05853466,0.011916984,0.0035055417,0.049611557,0.8829641,,0.8829641,control,1,,44,control_f1_s44_in22k_v5conf,best,19
ISIC_0070132,BCN_0000120,BCN_0000120,<40,bcn20000,5,False,5,0.0075416933,0.03744224,0.0013360602,0.0477688,0.0010690847,0.87031233,0.03452982,0.04605302,,0.04605302,control,1,,44,control_f1_s44_in22k_v5conf,best,19
ISIC_0070154,BCN_0000286,BCN_0000286,40-59,bcn20000,1,True,1,0.009263708,0.8500404,0.0071696783,0.062085513,0.0042134984,0.01659135,0.050635878,0.8635176,,0.8635176,control,1,,44,control_f1_s44_in22k_v5conf,best,19
ISIC_0070156,BCN_0004239,BCN_0004239,60+,bcn20000,1,True,0,0.43066382,0.36751634,0.01598689,0.10848699,0.005189682,0.004665527,0.06749073,0.8033698,,0.8033698,control,1,,44,control_f1_s44_in22k_v5conf,best,19
ISIC_0070173,BCN_0001977,BCN_0001977,<40,bcn20000,5,False,5,0.0356337,0.1685436,0.006717534,0.09369696,0.009659849,0.6235509,0.062197473,0.21383715,,0.21383715,control,1,,44,control_f1_s44_in22k_v5conf,best,19
ISIC_0070180,BCN_0002221,BCN_0002221,40-59,bcn20000,5,False,5,0.013974585,0.0067610005,0.0077799205,0.074996985,0.0044742925,0.83769387,0.05431934,0.025209878,,0.025209878,control,1,,44,control_f1_s44_in22k_v5conf,best,19
ISIC_0070201,BCN_0000381,BCN_0000381,40-59,bcn20000,1,True,1,0.29717046,0.55602676,0.022572363,0.07905761,0.0055611213,0.0020799444,0.037531808,0.85875833,,0.85875833,control,1,,44,control_f1_s44_in22k_v5conf,best,19
ISIC_0070208,BCN_0002229,BCN_0002229,60+,bcn20000,5,False,5,0.012136697,0.008216173,0.007499773,0.07027891,0.01710288,0.83492535,0.049840193,0.037455752,,0.037455752,control,1,,44,control_f1_s44_in22k_v5conf,best,19
ISIC_0070209,BCN_0003565,BCN_0003565,40-59,bcn20000,1,True,5,0.013554038,0.017324053,0.006121703,0.060800828,0.010388556,0.8388746,0.052936304,0.041266646,,0.041266646,control,1,,44,control_f1_s44_in22k_v5conf,best,19
ISIC_0070215,BCN_0002074,BCN_0002074,60+,bcn20000,4,True,4,0.0053106546,0.008242315,0.005016218,0.050226424,0.89132065,0.002869333,0.037014462,0.9048736,,0.9048736,control,1,,44,control_f1_s44_in22k_v5conf,best,19
ISIC_0070216,BCN_0002337,BCN_0002337,<40,bcn20000,5,False,5,0.02306905,0.012773663,0.010962407,0.07699454,0.0033570935,0.8115908,0.061252456,0.039199807,,0.039199807,control,1,,44,control_f1_s44_in22k_v5conf,best,19
ISIC_0070224,BCN_0005117,BCN_0005117,60+,bcn20000,0,True,0,0.8771882,0.0037073777,0.037520412,0.031890523,0.019583942,0.0011794129,0.02893001,0.9004795,,0.9004795,control,1,,44,control_f1_s44_in22k_v5conf,best,19
ISIC_0070254,BCN_0003354,BCN_0003354,60+,bcn20000,5,False,5,0.00956296,0.00522137,0.008062482,0.07045829,0.004429038,0.84972674,0.052539065,0.01921337,,0.01921337,control,1,,44,control_f1_s44_in22k_v5conf,best,19
ISIC_0070280,BCN_0001670,BCN_0001670,40-59,bcn20000,5,False,4,0.011056278,0.0061973175,0.005901195,0.059540324,0.87221545,0.0026544277,0.042434923,0.889469,,0.889469,control,1,,44,control_f1_s44_in22k_v5conf,best,19
ISIC_0070297,BCN_0001387,BCN_0001387,40-59,bcn20000,0,True,1,0.07297111,0.7959355,0.015674304,0.06555778,0.0015926287,0.001915488,0.046353158,0.87049925,,0.87049925,control,1,,44,control_f1_s44_in22k_v5conf,best,19
ISIC_0070309,BCN_0000301,BCN_0000301,40-59,bcn20000,1,True,1,0.015837077,0.86643547,0.0094751315,0.058731627,0.0058306158,0.0027586473,0.040931415,0.8881031,,0.8881031,control,1,,44,control_f1_s44_in22k_v5conf,best,19
ISIC_0070310,BCN_0002588,BCN_0002588,40-59,bcn20000,2,False,2,0.052972615,0.03408476,0.77590525,0.06808069,0.004925359,0.004489207,0.059542198,0.09198274,,0.09198274,control,1,,44,control_f1_s44_in22k_v5conf,best,19
ISIC_0070336,BCN_0001850,BCN_0001850,40-59,bcn20000,5,False,2,0.006249911,0.004105599,0.78385884,0.069902815,0.027459342,0.03612515,0.07229832,0.03781485,,0.03781485,control,1,,44,control_f1_s44_in22k_v5conf,best,19
ISIC_0070339,BCN_0004412,BCN_0004412,60+,bcn20000,5,False,1,0.0050403606,0.85111076,0.009932341,0.058706842,0.007045647,0.021380112,0.046783943,0.86319673,,0.86319673,control,1,,44,control_f1_s44_in22k_v5conf,best,19
ISIC_0070340,BCN_0002933,BCN_0002933,<40,bcn20000,5,False,4,0.0077357483,0.006681863,0.0064028045,0.05460408,0.8787266,0.004792375,0.041056495,0.8931442,,0.8931442,control,1,,44,control_f1_s44_in22k_v5conf,best,19
ISIC_0070382,BCN_0003341,BCN_0003341,40-59,bcn20000,2,False,5,0.049037464,0.011388975,0.2096471,0.085898615,0.009142911,0.5759954,0.058889575,0.06956935,,0.06956935,control,1,,44,control_f1_s44_in22k_v5conf,best,19
ISIC_0070383,BCN_0005653,BCN_0005653,40-59,bcn20000,5,False,5,0.0122769475,0.009499493,0.0057617384,0.07075324,0.0057314867,0.8464694,0.049507663,0.027507927,,0.027507927,control,1,,44,control_f1_s44_in22k_v5conf,best,19
ISIC_0070398,BCN_0002312,BCN_0002312,60+,bcn20000,4,True,4,0.0087030735,0.003693258,0.0061622933,0.05361574,0.88651556,0.0016756817,0.039634384,0.8989119,,0.8989119,control,1,,44,control_f1_s44_in22k_v5conf,best,19
ISIC_0070410,BCN_0003629,BCN_0003629,60+,bcn20000,4,True,4,0.010699381,0.0053648255,0.0053454516,0.055367615,0.8846486,0.0019603234,0.03661378,0.90071285,,0.90071285,control,1,,44,control_f1_s44_in22k_v5conf,best,19
ISIC_0070417,BCN_0000194,BCN_0000194,60+,bcn20000,4,True,4,0.03980314,0.004026003,0.025846044,0.08313209,0.78928936,0.001309842,0.056593485,0.8331185,,0.8331185,control,1,,44,control_f1_s44_in22k_v5conf,best,19
ISIC_0070435,BCN_0004592,BCN_0004592,60+,bcn20000,4,True,4,0.012427218,0.0043535195,0.00476426,0.050602634,0.88342553,0.0018697776,0.042557098,0.90020627,,0.90020627,control,1,,44,control_f1_s44_in22k_v5conf,best,19
ISIC_0070436,BCN_0001738,BCN_0001738,60+,bcn20000,1,True,4,0.07144875,0.114090465,0.2401389,0.16181684,0.34483677,0.007875757,0.059792478,0.53037596,,0.53037596,control,1,,44,control_f1_s44_in22k_v5conf,best,19
ISIC_0070453,BCN_0001864,BCN_0001864,60+,bcn20000,1,True,1,0.0022287776,0.77228653,0.0046095215,0.09004048,0.005078127,0.0036780064,0.122078545,0.77959347,,0.77959347,control,1,,44,control_f1_s44_in22k_v5conf,best,19
ISIC_0070486,BCN_0003585,BCN_0003585,60+,bcn20000,0,True,4,0.10562399,0.0056105643,0.019083785,0.07046902,0.74647284,0.00709511,0.04564469,0.8577074,,0.8577074,control,1,,44,control_f1_s44_in22k_v5conf,best,19
ISIC_0070491,BCN_0001319,BCN_0001319,60+,bcn20000,1,True,1,0.012976837,0.8668944,0.005469163,0.06119768,0.005287719,0.0052267285,0.04294745,0.88515896,,0.88515896,control,1,,44,control_f1_s44_in22k_v5conf,best,19
ISIC_0070503,BCN_0002676,BCN_0002676,60+,bcn20000,2,False,5,0.3697685,0.010177381,0.06703166,0.08582645,0.019821279,0.38649565,0.060879096,0.39976716,,0.39976716,control,1,,44,control_f1_s44_in22k_v5conf,best,19
ISIC_0070508,BCN_0000120,BCN_0002991,60+,bcn20000,2,False,2,0.28930128,0.09554823,0.45272848,0.10871942,0.0027283926,0.0023343302,0.048639785,0.3875779,,0.3875779,control,1,,44,control_f1_s44_in22k_v5conf,best,19
ISIC_0070519,BCN_0003234,BCN_0003234,40-59,bcn20000,5,False,5,0.013240328,0.00569577,0.0061082477,0.072138056,0.021628873,0.83453244,0.046656363,0.04056497,,0.04056497,control,1,,44,control_f1_s44_in22k_v5conf,best,19
ISIC_0070532,BCN_0005554,BCN_0005554,60+,bcn20000,1,True,2,0.006326488,0.061024405,0.59985393,0.101866834,0.0077511603,0.1725631,0.050614115,0.07510205,,0.07510205,control,1,,44,control_f1_s44_in22k_v5conf,best,19
ISIC_0070536,BCN_0001738,BCN_0001738,60+,bcn20000,1,True,2,0.018450689,0.023771696,0.8552774,0.05089838,0.023637857,0.002613279,0.02535065,0.06586024,,0.06586024,control,1,,44,control_f1_s44_in22k_v5conf,best,19
ISIC_0070538,BCN_0000460,BCN_0000460,40-59,bcn20000,5,False,5,0.009116807,0.008789277,0.006832215,0.092472784,0.30707818,0.5120476,0.06366324,0.32498425,,0.32498425,control,1,,44,control_f1_s44_in22k_v5conf,best,19
ISIC_0070579,BCN_0000545,BCN_0000545,<40,bcn20000,5,False,4,0.0118550975,0.005303007,0.0041346187,0.06939638,0.82779133,0.03609127,0.045428284,0.8449494,,0.8449494,control,1,,44,control_f1_s44_in22k_v5conf,best,19
ISIC_0070606,BCN_0003973,BCN_0003973,40-59,bcn20000,5,False,5,0.013364831,0.009059575,0.0074420474,0.06642846,0.0023969603,0.8491457,0.0521624,0.024821367,,0.024821367,control,1,,44,control_f1_s44_in22k_v5conf,best,19
ISIC_0070609,BCN_0001771,BCN_0001771,<40,bcn20000,5,False,2,0.0044060037,0.07863487,0.7742744,0.07674507,0.0029867366,0.0036151425,0.059337854,0.086027615,,0.086027615,control,1,,44,control_f1_s44_in22k_v5conf,best,19
ISIC_0070643,BCN_0000079,BCN_0000079,60+,bcn20000,0,True,0,0.32404858,0.26689082,0.21970478,0.07841402,0.02261076,0.026453855,0.061877176,0.6135502,,0.6135502,control,1,,44,control_f1_s44_in22k_v5conf,best,19
ISIC_0070665,BCN_0003979,BCN_0003979,60+,bcn20000,1,True,1,0.01966804,0.89100385,0.0033868619,0.04215594,0.0059943944,0.0017225611,0.036068317,0.91666627,,0.91666627,control,1,,44,control_f1_s44_in22k_v5conf,best,19
ISIC_0070680,BCN_0002584,BCN_0002584,40-59,bcn20000,3,False,3,0.003168102,0.0029654412,0.0010393399,0.5148859,0.111921884,0.3251901,0.04082922,0.118055426,,0.118055426,control,1,,44,control_f1_s44_in22k_v5conf,best,19
ISIC_0070681,BCN_0003126,BCN_0003126,40-59,bcn20000,2,False,2,0.006326413,0.008647312,0.8696786,0.053391546,0.021260858,0.0023809886,0.03831419,0.036234584,,0.036234584,control,1,,44,control_f1_s44_in22k_v5conf,best,19
ISIC_0070700,BCN_0003375,BCN_0003375,<40,bcn20000,1,True,4,0.07803431,0.02397586,0.003997161,0.06832072,0.76475203,0.0020211607,0.0588987,0.8667622,,0.8667622,control,1,,44,control_f1_s44_in22k_v5conf,best,19
ISIC_0070715,BCN_0003267,BCN_0003267,<40,bcn20000,5,False,5,0.012090757,0.010027963,0.0058744536,0.06614764,0.0066934135,0.8472823,0.051883426,0.028812133,,0.028812133,control,1,,44,control_f1_s44_in22k_v5conf,best,19
ISIC_0070717,BCN_0003871,BCN_0003871,40-59,bcn20000,1,True,1,0.009307316,0.9014346,0.004234988,0.042173687,0.0032245656,0.0050275414,0.034597266,0.9139665,,0.9139665,control,1,,44,control_f1_s44_in22k_v5conf,best,19
ISIC_0070720,BCN_0004165,BCN_0004165,60+,bcn20000,5,False,5,0.016854933,0.00771609,0.15001848,0.11621402,0.012521901,0.62248594,0.07418859,0.037092924,,0.037092924,control,1,,44,control_f1_s44_in22k_v5conf,best,19
ISIC_0070738,BCN_0002675,BCN_0002675,60+,bcn20000,4,True,4,0.008041716,0.006601978,0.005187314,0.057039663,0.8766664,0.0048546065,0.041608267,0.8913101,,0.8913101,control,1,,44,control_f1_s44_in22k_v5conf,best,19
ISIC_0070742,BCN_0005193,BCN_0005193,40-59,bcn20000,2,False,1,0.0059996075,0.66485614,0.061889578,0.07426168,0.029075004,0.0026110872,0.16130683,0.6999308,,0.6999308,control,1,,44,control_f1_s44_in22k_v5conf,best,19
ISIC_0070766,BCN_0001567,BCN_0001567,40-59,bcn20000,5,False,5,0.008159407,0.011259227,0.005319283,0.07300836,0.0313031,0.8286893,0.042261347,0.050721735,,0.050721735,control,1,,44,control_f1_s44_in22k_v5conf,best,19
ISIC_0070794,BCN_0003726,BCN_0003726,40-59,bcn20000,4,True,4,0.0068894355,0.0071280063,0.0053060004,0.066886835,0.84216344,0.029224012,0.04240227,0.8561809,,0.8561809,control,1,,44,control_f1_s44_in22k_v5conf,best,19
ISIC_0070827,BCN_0003067,BCN_0003067,60+,bcn20000,1,True,1,0.009046012,0.878227,0.0071365605,0.055716697,0.0047370917,0.005250693,0.039886013,0.8920101,,0.8920101,control,1,,44,control_f1_s44_in22k_v5conf,best,19
ISIC_0070840,BCN_0001845,BCN_0001845,<40,bcn20000,5,False,4,0.004888411,0.006117791,0.0073294737,0.050675847,0.8771705,0.00948998,0.044328056,0.8881767,,0.8881767,control,1,,44,control_f1_s44_in22k_v5conf,best,19
ISIC_0070877,BCN_0000079,BCN_0000079,60+,bcn20000,0,True,4,0.09889321,0.0034285719,0.028633444,0.12624098,0.65323186,0.0014798165,0.08809218,0.75555366,,0.75555366,control,1,,44,control_f1_s44_in22k_v5conf,best,19
ISIC_0070884,BCN_0002272,BCN_0002272,<40,bcn20000,5,False,5,0.011249945,0.0071286615,0.006100832,0.06925538,0.0073025655,0.8480428,0.050919812,0.025681172,,0.025681172,control,1,,44,control_f1_s44_in22k_v5conf,best,19
ISIC_0070885,BCN_0002747,BCN_0002747,<40,bcn20000,5,False,5,0.010807036,0.0062147565,0.004894589,0.07698416,0.004061226,0.8506677,0.04637043,0.02108302,,0.02108302,control,1,,44,control_f1_s44_in22k_v5conf,best,19
ISIC_0070911,BCN_0003375,BCN_0003375,<40,bcn20000,1,True,1,0.01403584,0.88064283,0.0024347242,0.049408063,0.013228969,0.0025311224,0.037718523,0.9079076,,0.9079076,control,1,,44,control_f1_s44_in22k_v5conf,best,19
ISIC_0070915,BCN_0005502,BCN_0005502,40-59,bcn20000,5,False,5,0.009222853,0.011802111,0.012117266,0.08874964,0.12327314,0.69619375,0.058641255,0.1442981,,0.1442981,control,1,,44,control_f1_s44_in22k_v5conf,best,19
ISIC_0070924,BCN_0001220,BCN_0001220,60+,bcn20000,1,True,1,0.010091197,0.8727475,0.013989477,0.060775373,0.0018198198,0.0030990709,0.03747765,0.8846585,,0.8846585,control,1,,44,control_f1_s44_in22k_v5conf,best,19
ISIC_0070959,BCN_0002675,BCN_0002675,60+,bcn20000,4,True,4,0.007662572,0.005802076,0.0048512244,0.055406764,0.88527644,0.0033581487,0.037642732,0.89874107,,0.89874107,control,1,,44,control_f1_s44_in22k_v5conf,best,19
ISIC_0070980,BCN_0001589,BCN_0001589,40-59,bcn20000,2,False,2,0.008675831,0.002198007,0.93892735,0.025444884,0.0022039968,0.0008792107,0.02167077,0.013077835,,0.013077835,control,1,,44,control_f1_s44_in22k_v5conf,best,19
ISIC_0070991,BCN_0004305,BCN_0004305,60+,bcn20000,4,True,4,0.0068569486,0.004007018,0.004151727,0.047022067,0.9022353,0.0016443733,0.034082495,0.9130993,,0.9130993,control,1,,44,control_f1_s44_in22k_v5conf,best,19
ISIC_0071004,BCN_0004991,BCN_0004991,40-59,bcn20000,5,False,5,0.043605376,0.013924969,0.0185486,0.103042856,0.098633476,0.634697,0.08754766,0.15616381,,0.15616381,control,1,,44,control_f1_s44_in22k_v5conf,best,19
ISIC_0071035,BCN_0004592,BCN_0004592,60+,bcn20000,4,True,4,0.008186926,0.0048685353,0.005715559,0.037220087,0.9153716,0.0011875881,0.02744977,0.92842704,,0.92842704,control,1,,44,control_f1_s44_in22k_v5conf,best,19
ISIC_0071054,BCN_0003684,BCN_0003684,60+,bcn20000,2,False,2,0.037745185,0.011987192,0.8278355,0.060720295,0.014794839,0.003011577,0.043905318,0.06452721,,0.06452721,control,1,,44,control_f1_s44_in22k_v5conf,best,19
ISIC_0071056,BCN_0000158,BCN_0000158,40-59,bcn20000,1,True,1,0.0023885148,0.7353167,0.0019013784,0.13152239,0.019005219,0.05416616,0.055699643,0.75671047,,0.75671047,control,1,,44,control_f1_s44_in22k_v5conf,best,19
ISIC_0071058,BCN_0002516,BCN_0002516,60+,bcn20000,0,True,0,0.8356287,0.035925623,0.012059429,0.050734457,0.0045515127,0.002459911,0.05864036,0.87610584,,0.87610584,control,1,,44,control_f1_s44_in22k_v5conf,best,19
ISIC_0071069,BCN_0002789,BCN_0002789,60+,bcn20000,4,True,4,0.024537822,0.00653242,0.0060343803,0.066743344,0.8369013,0.002055572,0.057195146,0.86797154,,0.86797154,control,1,,44,control_f1_s44_in22k_v5conf,best,19
ISIC_0071075,BCN_0003692,BCN_0003692,40-59,bcn20000,2,False,2,0.008343826,0.0054429104,0.8600375,0.062170897,0.0025042924,0.0069339816,0.054566555,0.01629103,,0.01629103,control,1,,44,control_f1_s44_in22k_v5conf,best,19
ISIC_0071080,BCN_0000120,BCN_0002991,60+,bcn20000,2,False,2,0.022759829,0.003692586,0.89010465,0.037148047,0.01338605,0.0014475103,0.03146138,0.039838463,,0.039838463,control,1,,44,control_f1_s44_in22k_v5conf,best,19
ISIC_0071093,BCN_0001518,BCN_0001518,60+,bcn20000,0,True,0,0.8984566,0.0017696325,0.0065373085,0.032734893,0.029347556,0.0016170297,0.029536907,0.9295738,,0.9295738,control,1,,44,control_f1_s44_in22k_v5conf,best,19
ISIC_0071094,BCN_0001770,BCN_0001770,60+,bcn20000,5,False,1,0.02762868,0.47103125,0.11093755,0.1608156,0.038034916,0.121674955,0.06987709,0.5366949,,0.5366949,control,1,,44,control_f1_s44_in22k_v5conf,best,19
ISIC_0071099,BCN_0002687,BCN_0002687,60+,bcn20000,1,True,1,0.010976209,0.8893304,0.0037225657,0.053010494,0.0048287855,0.0032797921,0.034851804,0.9051354,,0.9051354,control,1,,44,control_f1_s44_in22k_v5conf,best,19
ISIC_0071108,BCN_0000431,BCN_0000431,60+,bcn20000,0,True,0,0.51744515,0.006126074,0.299958,0.11058727,0.0015129491,0.008596331,0.05577426,0.52508414,,0.52508414,control,1,,44,control_f1_s44_in22k_v5conf,best,19
ISIC_0071149,BCN_0002918,BCN_0002918,60+,bcn20000,5,False,4,0.006896815,0.0056143133,0.015273982,0.062007826,0.8582366,0.0066389777,0.045331467,0.87074775,,0.87074775,control,1,,44,control_f1_s44_in22k_v5conf,best,19
ISIC_0071156,BCN_0003810,BCN_0003810,60+,bcn20000,1,True,1,0.05356325,0.80361104,0.0085695,0.06573468,0.004820128,0.0062733246,0.05742803,0.8619944,,0.8619944,control,1,,44,control_f1_s44_in22k_v5conf,best,19
ISIC_0071162,BCN_0000070,BCN_0000070,<40,bcn20000,5,False,5,0.017704418,0.0038899353,0.015384805,0.075795345,0.0034165257,0.83853185,0.045277093,0.025010878,,0.025010878,control,1,,44,control_f1_s44_in22k_v5conf,best,19
ISIC_0071165,BCN_0000746,BCN_0000746,<40,bcn20000,5,False,5,0.008937261,0.0072743627,0.0045898766,0.08550377,0.07468889,0.7639278,0.055077992,0.09090051,,0.09090051,control,1,,44,control_f1_s44_in22k_v5conf,best,19
ISIC_0071189,BCN_0003737,BCN_0003737,<40,bcn20000,5,False,5,0.012749924,0.0079883905,0.011611801,0.06983382,0.0056705032,0.8439668,0.048178803,0.026408818,,0.026408818,control,1,,44,control_f1_s44_in22k_v5conf,best,19
ISIC_0071195,BCN_0000644,BCN_0000644,40-59,bcn20000,5,False,5,0.010965725,0.0067730206,0.0048392736,0.06705031,0.007378585,0.85478806,0.048204996,0.025117332,,0.025117332,control,1,,44,control_f1_s44_in22k_v5conf,best,19
ISIC_0071211,BCN_0000608,BCN_0000608,60+,bcn20000,2,False,1,0.1147919,0.80416435,0.010286261,0.034811497,0.0030349332,0.0021145407,0.030796489,0.9219912,,0.9219912,control,1,,44,control_f1_s44_in22k_v5conf,best,19
ISIC_0071214,BCN_0000158,BCN_0000158,40-59,bcn20000,1,True,1,0.01953766,0.77409506,0.0050698076,0.089489296,0.005142559,0.05682824,0.049837373,0.7987753,,0.7987753,control,1,,44,control_f1_s44_in22k_v5conf,best,19
ISIC_0071250,BCN_0004372,BCN_0004372,60+,bcn20000,1,True,1,0.015142829,0.8798887,0.0043748147,0.054406833,0.008020987,0.0025799829,0.03558589,0.90305257,,0.90305257,control,1,,44,control_f1_s44_in22k_v5conf,best,19
ISIC_0071286,BCN_0002918,BCN_0002918,60+,bcn20000,5,False,4,0.010452765,0.009799526,0.013988162,0.11362876,0.54547626,0.23404011,0.07261444,0.56572855,,0.56572855,control,1,,44,control_f1_s44_in22k_v5conf,best,19
ISIC_0071307,BCN_0005248,BCN_0005248,40-59,bcn20000,5,False,2,0.0127738025,0.004853225,0.4124354,0.0978723,0.036287326,0.3396427,0.09613518,0.053914353,,0.053914353,control,1,,44,control_f1_s44_in22k_v5conf,best,19
ISIC_0071327,BCN_0003811,BCN_0003811,60+,bcn20000,5,False,5,0.011915703,0.005741871,0.0046102293,0.06578867,0.008029738,0.8550449,0.048868872,0.025687313,,0.025687313,control,1,,44,control_f1_s44_in22k_v5conf,best,19
ISIC_0071334,BCN_0001811,BCN_0001811,40-59,bcn20000,5,False,0,0.9601272,0.004332854,0.0007373164,0.014485325,0.0002664203,0.0008367895,0.019214075,0.96472645,,0.96472645,control,1,,44,control_f1_s44_in22k_v5conf,best,19
ISIC_0071341,BCN_0005101,BCN_0005101,40-59,bcn20000,5,False,5,0.018126352,0.0079978965,0.004766687,0.07044061,0.052800585,0.80604756,0.039820228,0.078924835,,0.078924835,control,1,,44,control_f1_s44_in22k_v5conf,best,19
ISIC_0071344,BCN_0005599,BCN_0005599,40-59,bcn20000,2,False,4,0.0008281482,0.002099184,0.01588516,0.026411263,0.9226471,0.0042703818,0.02785874,0.9255744,,0.9255744,control,1,,44,control_f1_s44_in22k_v5conf,best,19
ISIC_0071352,BCN_0000483,BCN_0000483,<40,bcn20000,5,False,5,0.010504908,0.006359841,0.0060927444,0.067525946,0.005407597,0.8541469,0.04996214,0.022272345,,0.022272345,control,1,,44,control_f1_s44_in22k_v5conf,best,19
ISIC_0071377,BCN_0005269,BCN_0005269,60+,bcn20000,1,True,1,0.014740935,0.82609546,0.008993078,0.09060605,0.0040245126,0.004091466,0.051448494,0.8448609,,0.8448609,control,1,,44,control_f1_s44_in22k_v5conf,best,19
ISIC_0071381,BCN_0001625,BCN_0001625,60+,bcn20000,1,True,1,0.014014966,0.8960977,0.004091873,0.044701606,0.0034486563,0.0030671214,0.034578066,0.91356134,,0.91356134,control,1,,44,control_f1_s44_in22k_v5conf,best,19
ISIC_0071388,BCN_0002958,BCN_0002958,60+,bcn20000,4,True,4,0.008397892,0.025690932,0.0070338054,0.068872556,0.8324235,0.0022999921,0.055281416,0.86651236,,0.86651236,control,1,,44,control_f1_s44_in22k_v5conf,best,19
ISIC_0071415,BCN_0001516,BCN_0001516,60+,bcn20000,4,True,4,0.007953247,0.0038744383,0.0058212313,0.050153688,0.89397746,0.0025904567,0.035629384,0.9058052,,0.9058052,control,1,,44,control_f1_s44_in22k_v5conf,best,19
ISIC_0071416,BCN_0000023,BCN_0000023,60+,bcn20000,1,True,1,0.24659407,0.6099171,0.013042888,0.07221731,0.0031150181,0.0012750773,0.0538385,0.8596262,,0.8596262,control,1,,44,control_f1_s44_in22k_v5conf,best,19
ISIC_0071419,BCN_0003905,BCN_0003905,40-59,bcn20000,1,True,1,0.18387651,0.49860144,0.035411157,0.071095906,0.0075002494,0.114802994,0.088711835,0.6899782,,0.6899782,control,1,,44,control_f1_s44_in22k_v5conf,best,19
ISIC_0071421,BCN_0000655,BCN_0000655,60+,bcn20000,2,False,2,0.04250835,0.008547467,0.49337643,0.09686485,0.0014698914,0.29349068,0.06374232,0.052525707,,0.052525707,control,1,,44,control_f1_s44_in22k_v5conf,best,19
ISIC_0071423,BCN_0001387,BCN_0001387,40-59,bcn20000,0,True,0,0.8855583,0.04492135,0.0056895786,0.034860026,0.00081977993,0.0014477064,0.026703209,0.93129945,,0.93129945,control,1,,44,control_f1_s44_in22k_v5conf,best,19
ISIC_0071470,BCN_0005493,BCN_0005493,40-59,bcn20000,4,True,1,0.00980867,0.8191703,0.002135723,0.059284355,0.0035291563,0.06073269,0.04533907,0.8325081,,0.8325081,control,1,,44,control_f1_s44_in22k_v5conf,best,19
ISIC_0071485,BCN_0000545,BCN_0000545,<40,bcn20000,5,False,4,0.0066878237,0.006155233,0.006162969,0.082894154,0.7264606,0.11231628,0.05932298,0.73930365,,0.73930365,control,1,,44,control_f1_s44_in22k_v5conf,best,19
ISIC_0071535,BCN_0000079,BCN_0000079,60+,bcn20000,0,True,0,0.9058673,0.006326916,0.014639488,0.041967165,0.005243027,0.0026504402,0.023305716,0.9174372,,0.9174372,control,1,,44,control_f1_s44_in22k_v5conf,best,19
ISIC_0071548,BCN_0000791,BCN_0000791,40-59,bcn20000,1,True,1,0.016335595,0.8797666,0.0041045346,0.05514092,0.0056657004,0.0047006872,0.034285974,0.9017679,,0.9017679,control,1,,44,control_f1_s44_in22k_v5conf,best,19
ISIC_0071552,BCN_0002933,BCN_0002933,<40,bcn20000,5,False,4,0.007082035,0.0065138065,0.0055263275,0.055092704,0.8820547,0.0036233591,0.04010709,0.8956505,,0.8956505,control,1,,44,control_f1_s44_in22k_v5conf,best,19
ISIC_0071574,BCN_0003287,BCN_0003287,60+,bcn20000,2,False,4,0.08063396,0.007502606,0.017702585,0.069113135,0.7537669,0.0027230643,0.06855772,0.84190345,,0.84190345,control,1,,44,control_f1_s44_in22k_v5conf,best,19
ISIC_0071580,BCN_0003629,BCN_0003629,60+,bcn20000,4,True,4,0.011038226,0.005464316,0.0068667904,0.05668145,0.8793361,0.0018307879,0.038782377,0.8958387,,0.8958387,control,1,,44,control_f1_s44_in22k_v5conf,best,19
ISIC_0071593,BCN_0003229,BCN_0003229,60+,bcn20000,5,False,5,0.011350033,0.0051241345,0.013916017,0.07149319,0.00649474,0.8404342,0.051187802,0.022968907,,0.022968907,control,1,,44,control_f1_s44_in22k_v5conf,best,19
ISIC_0071615,BCN_0002557,BCN_0002557,60+,bcn20000,2,False,4,0.010947472,0.0034460633,0.01550129,0.048469294,0.8841875,0.0013198865,0.036128454,0.898581,,0.898581,control,1,,44,control_f1_s44_in22k_v5conf,best,19
ISIC_0071616,BCN_0002240,BCN_0002240,40-59,bcn20000,5,False,5,0.00688724,0.0042863325,0.0023127066,0.059606325,0.022045424,0.8639288,0.040933058,0.033218995,,0.033218995,control,1,,44,control_f1_s44_in22k_v5conf,best,19
ISIC_0071629,BCN_0004982,BCN_0004982,<40,bcn20000,2,False,5,0.014875602,0.0048450255,0.01052221,0.06326606,0.0049247723,0.8551991,0.046367135,0.0246454,,0.0246454,control,1,,44,control_f1_s44_in22k_v5conf,best,19
ISIC_0071646,BCN_0005098,BCN_0005098,60+,bcn20000,1,True,1,0.009000298,0.87337685,0.0061531626,0.059482347,0.0056029432,0.0050252913,0.04135914,0.8879801,,0.8879801,control,1,,44,control_f1_s44_in22k_v5conf,best,19
ISIC_0071651,BCN_0004568,BCN_0004568,60+,bcn20000,4,True,1,0.083610535,0.7534478,0.0050192303,0.085981,0.004364931,0.0036358822,0.06394059,0.8414232,,0.8414232,control,1,,44,control_f1_s44_in22k_v5conf,best,19
ISIC_0071681,BCN_0003726,BCN_0003726,40-59,bcn20000,4,True,5,0.0093228,0.0054249475,0.027987987,0.09666752,0.15460898,0.6399732,0.06601452,0.16935673,,0.16935673,control,1,,44,control_f1_s44_in22k_v5conf,best,19
ISIC_0071711,BCN_0002929,BCN_0002929,60+,bcn20000,0,True,1,0.11085767,0.80457604,0.0012129477,0.047874313,0.012793138,0.0019806775,0.02070526,0.9282268,,0.9282268,control,1,,44,control_f1_s44_in22k_v5conf,best,19
ISIC_0071725,BCN_0001516,BCN_0001516,60+,bcn20000,4,True,4,0.008140144,0.0064865593,0.009926888,0.047857866,0.88908595,0.0014118892,0.037090622,0.90371263,,0.90371263,control,1,,44,control_f1_s44_in22k_v5conf,best,19
ISIC_0071742,BCN_0005674,BCN_0005674,60+,bcn20000,1,True,4,0.0052105384,0.005426614,0.0081606945,0.046081834,0.89546186,0.00417125,0.035487186,0.906099,,0.906099,control,1,,44,control_f1_s44_in22k_v5conf,best,19
ISIC_0071743,BCN_0000134,BCN_0000134,40-59,bcn20000,1,True,1,0.012350995,0.8936074,0.005243804,0.05001261,0.0032522262,0.002786617,0.032746352,0.90921056,,0.90921056,control,1,,44,control_f1_s44_in22k_v5conf,best,19
ISIC_0071748,BCN_0003624,BCN_0003624,60+,bcn20000,5,False,4,0.006135337,0.005437998,0.0021169516,0.0466624,0.8606941,0.045436352,0.03351687,0.8722674,,0.8722674,control,1,,44,control_f1_s44_in22k_v5conf,best,19
ISIC_0071758,BCN_0005554,BCN_0005554,60+,bcn20000,1,True,5,0.012004359,0.06967331,0.020962115,0.094973974,0.23581225,0.5062794,0.060294565,0.31748992,,0.31748992,control,1,,44,control_f1_s44_in22k_v5conf,best,19
ISIC_0071768,BCN_0003629,BCN_0003629,60+,bcn20000,4,True,4,0.009477578,0.0044778236,0.005184068,0.050928738,0.8923767,0.0016015553,0.03595359,0.90633214,,0.90633214,control,1,,44,control_f1_s44_in22k_v5conf,best,19
ISIC_0071801,BCN_0003287,BCN_0003287,60+,bcn20000,2,False,2,0.08444123,0.0037052284,0.4974562,0.08352191,0.23503211,0.00116681,0.09467647,0.32317856,,0.32317856,control,1,,44,control_f1_s44_in22k_v5conf,best,19
ISIC_0071806,BCN_0003726,BCN_0003726,40-59,bcn20000,4,True,4,0.008001398,0.0058394615,0.0074346922,0.056868013,0.87470645,0.0040889094,0.043061037,0.8885473,,0.8885473,control,1,,44,control_f1_s44_in22k_v5conf,best,19
ISIC_0071819,BCN_0000070,BCN_0000070,<40,bcn20000,5,False,5,0.013501961,0.008531476,0.005919522,0.068524584,0.005912732,0.8464531,0.051156536,0.02794617,,0.02794617,control,1,,44,control_f1_s44_in22k_v5conf,best,19
ISIC_0071855,BCN_0003820,BCN_0003820,60+,bcn20000,5,False,5,0.009776243,0.007337488,0.0049082995,0.058666326,0.0044157133,0.8720175,0.042878315,0.021529444,,0.021529444,control,1,,44,control_f1_s44_in22k_v5conf,best,19
ISIC_0071861,BCN_0000070,BCN_0000070,<40,bcn20000,5,False,5,0.014082784,0.0068122596,0.0067993365,0.06822926,0.0058425507,0.84879124,0.04944253,0.026737593,,0.026737593,control,1,,44,control_f1_s44_in22k_v5conf,best,19
ISIC_0071865,BCN_0003468,BCN_0003468,40-59,bcn20000,4,True,4,0.0046694437,0.0027646984,0.0048543536,0.037428424,0.91006297,0.013920776,0.026299398,0.9174971,,0.9174971,control,1,,44,control_f1_s44_in22k_v5conf,best,19
ISIC_0071873,BCN_0000178,BCN_0000178,60+,bcn20000,1,True,1,0.009053594,0.9104012,0.0029382785,0.038821544,0.0075129773,0.003095532,0.028176796,0.9269678,,0.9269678,control,1,,44,control_f1_s44_in22k_v5conf,best,19
ISIC_0071884,BCN_0003300,BCN_0003300,40-59,bcn20000,5,False,5,0.0093274135,0.007015052,0.0063042776,0.06944636,0.007025248,0.8535921,0.047289535,0.023367712,,0.023367712,control,1,,44,control_f1_s44_in22k_v5conf,best,19
ISIC_0071885,BCN_0005104,BCN_0005104,60+,bcn20000,1,True,1,0.30188215,0.5141681,0.0038461897,0.097334035,0.003938962,0.008811062,0.07001949,0.8199892,,0.8199892,control,1,,44,control_f1_s44_in22k_v5conf,best,19
ISIC_0071911,BCN_0002632,BCN_0002632,<40,bcn20000,5,False,2,0.005535109,0.0042420826,0.7536497,0.06877664,0.007421607,0.08816525,0.072209574,0.0171988,,0.0171988,control,1,,44,control_f1_s44_in22k_v5conf,best,19
ISIC_0071932,BCN_0000895,BCN_0000895,60+,bcn20000,0,True,0,0.43410984,0.07798009,0.32058182,0.08695468,0.0011238286,0.015774863,0.06347483,0.51321375,,0.51321375,control,1,,44,control_f1_s44_in22k_v5conf,best,19
ISIC_0071947,BCN_0003588,BCN_0003588,60+,bcn20000,5,False,4,0.014157392,0.01658575,0.006042627,0.085294135,0.6789945,0.14307697,0.05584867,0.7097376,,0.7097376,control,1,,44,control_f1_s44_in22k_v5conf,best,19
ISIC_0071952,BCN_0003287,BCN_0003287,60+,bcn20000,2,False,0,0.9497602,0.0067676376,0.005357787,0.01965764,0.0014140719,0.00091025495,0.016132286,0.9579419,,0.9579419,control,1,,44,control_f1_s44_in22k_v5conf,best,19
ISIC_0071967,BCN_0000083,BCN_0000083,60+,bcn20000,1,True,1,0.007507907,0.91462725,0.004080665,0.043218806,0.0024420838,0.0017825922,0.026340704,0.92457724,,0.92457724,control,1,,44,control_f1_s44_in22k_v5conf,best,19
ISIC_0071968,BCN_0003810,BCN_0003810,60+,bcn20000,1,True,1,0.03799729,0.8226587,0.006397957,0.07080919,0.00729486,0.00355605,0.051285844,0.86795086,,0.86795086,control,1,,44,control_f1_s44_in22k_v5conf,best,19
ISIC_0072012,BCN_0000811,BCN_0000811,<40,bcn20000,6,False,1,0.0046282583,0.8852886,0.0026738485,0.05314337,0.0054493165,0.008080636,0.040735967,0.89536613,,0.89536613,control,1,,44,control_f1_s44_in22k_v5conf,best,19
ISIC_0072025,BCN_0004305,BCN_0004305,60+,bcn20000,4,True,4,0.007398783,0.0041955835,0.0038062413,0.044924736,0.90945125,0.0012351637,0.028988175,0.9210456,,0.9210456,control,1,,44,control_f1_s44_in22k_v5conf,best,19
ISIC_0072030,BCN_0002074,BCN_0002074,60+,bcn20000,4,True,4,0.0064400295,0.0068415464,0.006064382,0.055017047,0.88542736,0.0022572677,0.037952356,0.89870894,,0.89870894,control,1,,44,control_f1_s44_in22k_v5conf,best,19
ISIC_0072046,BCN_0000070,BCN_0000070,<40,bcn20000,5,False,5,0.122155614,0.00678495,0.1764788,0.10917965,0.081126675,0.42021158,0.08406265,0.21006724,,0.21006724,control,1,,44,control_f1_s44_in22k_v5conf,best,19
ISIC_0072048,BCN_0000312,BCN_0000312,40-59,bcn20000,1,True,1,0.014533861,0.8981334,0.0054395134,0.043944776,0.0045942646,0.0022651062,0.031089153,0.91726154,,0.91726154,control,1,,44,control_f1_s44_in22k_v5conf,best,19
ISIC_0072054,BCN_0004638,BCN_0004638,60+,bcn20000,2,False,2,0.0012820141,0.005640821,0.92393875,0.042258356,0.0014370341,0.0018068488,0.023636192,0.008359869,,0.008359869,control,1,,44,control_f1_s44_in22k_v5conf,best,19
ISIC_0072074,BCN_0001567,BCN_0001567,40-59,bcn20000,5,False,5,0.012854658,0.011224678,0.008615978,0.0919639,0.06076041,0.755489,0.059091303,0.08483975,,0.08483975,control,1,,44,control_f1_s44_in22k_v5conf,best,19
ISIC_0072084,BCN_0001803,BCN_0001803,40-59,bcn20000,1,True,1,0.016204832,0.8666642,0.0034324706,0.057687506,0.0055292584,0.0062638754,0.044217955,0.8883983,,0.8883983,control,1,,44,control_f1_s44_in22k_v5conf,best,19
ISIC_0072086,BCN_0000848,BCN_0000848,60+,bcn20000,1,True,1,0.0076810783,0.8698923,0.009020229,0.062008433,0.006433312,0.0056432458,0.039321408,0.8840067,,0.8840067,control,1,,44,control_f1_s44_in22k_v5conf,best,19
ISIC_0072106,BCN_0000070,BCN_0000070,<40,bcn20000,5,False,5,0.050546348,0.003930607,0.11729923,0.07088409,0.019834528,0.6844665,0.053038806,0.07431148,,0.07431148,control,1,,44,control_f1_s44_in22k_v5conf,best,19
ISIC_0072111,BCN_0004288,BCN_0004288,60+,bcn20000,4,True,1,0.006052381,0.6022039,0.004255349,0.09930106,0.05187233,0.16137321,0.07494173,0.6601286,,0.6601286,control,1,,44,control_f1_s44_in22k_v5conf,best,19
ISIC_0072114,BCN_0001439,BCN_0001439,60+,bcn20000,0,True,0,0.92616326,0.0010870112,0.0011220301,0.047681868,0.0017940415,0.0016006305,0.020551149,0.9290443,,0.9290443,control,1,,44,control_f1_s44_in22k_v5conf,best,19
ISIC_0072129,BCN_0003929,BCN_0003929,40-59,bcn20000,1,True,1,0.009858778,0.8800254,0.008406459,0.056491446,0.0032103471,0.0027662297,0.039241333,0.89309454,,0.89309454,control,1,,44,control_f1_s44_in22k_v5conf,best,19
ISIC_0072135,BCN_0003104,BCN_0003104,40-59,bcn20000,0,True,0,0.9437633,0.0019960594,0.0013509074,0.030719165,0.002145334,0.0023413002,0.017683819,0.9479047,,0.9479047,control,1,,44,control_f1_s44_in22k_v5conf,best,19
ISIC_0072153,BCN_0003829,BCN_0003829,40-59,bcn20000,2,False,5,0.018876752,0.015341325,0.013314901,0.063396186,0.02460499,0.8185646,0.045901295,0.058823064,,0.058823064,control,1,,44,control_f1_s44_in22k_v5conf,best,19
ISIC_0072157,BCN_0003629,BCN_0003629,60+,bcn20000,4,True,4,0.01266525,0.007106205,0.0069702175,0.058234613,0.8683466,0.0023791005,0.04429808,0.888118,,0.888118,control,1,,44,control_f1_s44_in22k_v5conf,best,19
ISIC_0072159,BCN_0001737,BCN_0001737,<40,bcn20000,5,False,5,0.01164274,0.0055939783,0.005391517,0.07511779,0.05275581,0.8034958,0.04600237,0.06999253,,0.06999253,control,1,,44,control_f1_s44_in22k_v5conf,best,19
ISIC_0072175,BCN_0000657,BCN_0000657,60+,bcn20000,4,True,4,0.012697646,0.0062639685,0.006060617,0.058078155,0.87225384,0.001897937,0.042747937,0.89121544,,0.89121544,control,1,,44,control_f1_s44_in22k_v5conf,best,19
ISIC_0072204,BCN_0001426,BCN_0001426,40-59,bcn20000,4,True,4,0.0054943953,0.006249543,0.0067544584,0.05596063,0.87941855,0.0049291286,0.041193347,0.8911625,,0.8911625,control,1,,44,control_f1_s44_in22k_v5conf,best,19
ISIC_0072205,BCN_0001619,BCN_0001619,40-59,bcn20000,0,True,0,0.9481758,0.0019327083,0.0024121855,0.024369184,0.0024951687,0.0028316937,0.01778326,0.95260364,,0.95260364,control,1,,44,control_f1_s44_in22k_v5conf,best,19
ISIC_0072221,BCN_0004480,BCN_0004480,40-59,bcn20000,5,False,4,0.0068178903,0.0053562,0.006685201,0.050336927,0.8862604,0.0044463146,0.040097002,0.89843446,,0.89843446,control,1,,44,control_f1_s44_in22k_v5conf,best,19
ISIC_0072239,BCN_0005428,BCN_0005428,60+,bcn20000,1,True,1,0.012439927,0.87173533,0.0050694547,0.05898413,0.0053331857,0.0046125455,0.041825414,0.8895084,,0.8895084,control,1,,44,control_f1_s44_in22k_v5conf,best,19
ISIC_0072241,BCN_0004592,BCN_0004592,60+,bcn20000,4,True,4,0.0206488,0.0068220883,0.0060126972,0.06520803,0.8419264,0.003139518,0.05624247,0.8693973,,0.8693973,control,1,,44,control_f1_s44_in22k_v5conf,best,19
ISIC_0072252,BCN_0003886,BCN_0003886,40-59,bcn20000,4,True,5,0.014139969,0.011479209,0.0064071394,0.07494865,0.006456581,0.8345642,0.052004255,0.03207576,,0.03207576,control,1,,44,control_f1_s44_in22k_v5conf,best,19
ISIC_0072272,BCN_0003820,BCN_0003820,60+,bcn20000,5,False,5,0.009768749,0.0071694837,0.004886828,0.05737614,0.004113877,0.8724874,0.04419747,0.02105211,,0.02105211,control,1,,44,control_f1_s44_in22k_v5conf,best,19
ISIC_0072282,BCN_0001039,BCN_0001039,40-59,bcn20000,5,False,5,0.011271494,0.0090933675,0.0057558403,0.07462347,0.0044347867,0.8420925,0.052728526,0.024799649,,0.024799649,control,1,,44,control_f1_s44_in22k_v5conf,best,19
ISIC_0072286,BCN_0005347,BCN_0005347,<40,bcn20000,4,True,0,0.9286632,0.0027700642,0.003405259,0.032832462,0.008621794,0.0028732887,0.020833846,0.9400551,,0.9400551,control,1,,44,control_f1_s44_in22k_v5conf,best,19
ISIC_0072301,BCN_0004468,BCN_0004468,40-59,bcn20000,4,True,5,0.021259503,0.006211077,0.0023823304,0.0687871,0.01966826,0.83834076,0.04335096,0.04713884,,0.04713884,control,1,,44,control_f1_s44_in22k_v5conf,best,19
ISIC_0072319,BCN_0000545,BCN_0000545,<40,bcn20000,5,False,4,0.013679672,0.013019337,0.010013527,0.12503421,0.4970898,0.2472451,0.09391837,0.5237888,,0.5237888,control,1,,44,control_f1_s44_in22k_v5conf,best,19
ISIC_0072329,BCN_0003983,BCN_0003983,<40,bcn20000,5,False,5,0.008095063,0.008312242,0.008565605,0.055950623,0.007830381,0.87377805,0.03746798,0.024237687,,0.024237687,control,1,,44,control_f1_s44_in22k_v5conf,best,19
ISIC_0072337,BCN_0004217,BCN_0004217,40-59,bcn20000,4,True,4,0.010884839,0.0062156124,0.0028424885,0.06411349,0.86582154,0.014740069,0.035381965,0.882922,,0.882922,control,1,,44,control_f1_s44_in22k_v5conf,best,19
ISIC_0072388,BCN_0001026,BCN_0001026,unknown,bcn20000,5,False,5,0.039574727,0.027641188,0.09257054,0.10033681,0.008135961,0.65384454,0.077896275,0.07535188,,0.07535188,control,1,,44,control_f1_s44_in22k_v5conf,best,19
ISIC_0072421,BCN_0003443,BCN_0003443,60+,bcn20000,2,False,4,0.15486373,0.0060865097,0.070478365,0.23360921,0.24603581,0.12367686,0.16524948,0.40698606,,0.40698606,control,1,,44,control_f1_s44_in22k_v5conf,best,19
ISIC_0072422,BCN_0004592,BCN_0004592,60+,bcn20000,4,True,0,0.47056094,0.32366192,0.03188234,0.082649186,0.055346068,0.0005859018,0.03531367,0.8495689,,0.8495689,control,1,,44,control_f1_s44_in22k_v5conf,best,19
ISIC_0072431,BCN_0004259,BCN_0004259,60+,bcn20000,1,True,1,0.0073660617,0.69330424,0.17539635,0.061823856,0.014589498,0.008106099,0.039414003,0.7152598,,0.7152598,control,1,,44,control_f1_s44_in22k_v5conf,best,19
ISIC_0072432,BCN_0004408,BCN_0004408,60+,bcn20000,5,False,5,0.010848361,0.010959419,0.007595133,0.08034307,0.21940333,0.61533314,0.05551754,0.2412111,,0.2412111,control,1,,44,control_f1_s44_in22k_v5conf,best,19
ISIC_0072443,BCN_0000070,BCN_0000070,<40,bcn20000,5,False,4,0.007413099,0.011626528,0.006867277,0.07567082,0.543471,0.29822877,0.05672252,0.5625106,,0.5625106,control,1,,44,control_f1_s44_in22k_v5conf,best,19
ISIC_0072444,BCN_0003811,BCN_0003811,60+,bcn20000,5,False,2,0.07785545,0.0063350084,0.300016,0.10802284,0.118383594,0.29821342,0.09117363,0.20257404,,0.20257404,control,1,,44,control_f1_s44_in22k_v5conf,best,19
ISIC_0072451,BCN_0002676,BCN_0002676,60+,bcn20000,2,False,5,0.045084517,0.017581785,0.005192417,0.039935865,0.010707426,0.8482029,0.03329513,0.07337373,,0.07337373,control,1,,44,control_f1_s44_in22k_v5conf,best,19
ISIC_0072454,BCN_0004305,BCN_0004305,60+,bcn20000,4,True,4,0.005788719,0.0031152542,0.0030905998,0.041012306,0.9186478,0.0016242064,0.026721036,0.9275518,,0.9275518,control,1,,44,control_f1_s44_in22k_v5conf,best,19
ISIC_0072496,BCN_0002789,BCN_0002789,60+,bcn20000,4,True,4,0.007276346,0.0032780003,0.006645403,0.04590782,0.89799446,0.0019043538,0.036993697,0.90854883,,0.90854883,control,1,,44,control_f1_s44_in22k_v5conf,best,19
ISIC_0072512,BCN_0002967,BCN_0002967,60+,bcn20000,5,False,5,0.0116917575,0.010847607,0.006075122,0.065491505,0.0026912119,0.85041755,0.05278521,0.025230575,,0.025230575,control,1,,44,control_f1_s44_in22k_v5conf,best,19
ISIC_0072518,BCN_0002979,BCN_0002979,40-59,bcn20000,5,False,5,0.0171416,0.012731706,0.0071041454,0.09795603,0.21135291,0.58258706,0.07112658,0.24122623,,0.24122623,control,1,,44,control_f1_s44_in22k_v5conf,best,19
ISIC_0072537,BCN_0004079,BCN_0004079,40-59,bcn20000,5,False,5,0.0051806225,0.011711446,0.004919766,0.048383314,0.013003897,0.8749491,0.04185179,0.029895965,,0.029895965,control,1,,44,control_f1_s44_in22k_v5conf,best,19
ISIC_0072546,BCN_0003082,BCN_0003082,60+,bcn20000,0,True,0,0.9285304,0.006647701,0.002239605,0.029434303,0.009012774,0.0010378542,0.023097457,0.94419086,,0.94419086,control,1,,44,control_f1_s44_in22k_v5conf,best,19
ISIC_0072552,BCN_0004122,BCN_0004122,60+,bcn20000,5,False,5,0.016048476,0.007276304,0.082386404,0.088591345,0.042770043,0.70610905,0.05681842,0.06609482,,0.06609482,control,1,,44,control_f1_s44_in22k_v5conf,best,19
ISIC_0072567,BCN_0002687,BCN_0002687,60+,bcn20000,1,True,1,0.013384078,0.8770058,0.0043450077,0.056966662,0.0053783115,0.0033273578,0.03959281,0.8957682,,0.8957682,control,1,,44,control_f1_s44_in22k_v5conf,best,19
ISIC_0072573,BCN_0003169,BCN_0003169,40-59,bcn20000,1,True,1,0.0054469556,0.7330362,0.008763556,0.0883192,0.008072893,0.055979118,0.100382075,0.7465561,,0.7465561,control,1,,44,control_f1_s44_in22k_v5conf,best,19
ISIC_0072600,BCN_0000070,BCN_0000070,<40,bcn20000,5,False,5,0.065037996,0.007697779,0.060270496,0.087138966,0.091317445,0.6275827,0.06095458,0.16405322,,0.16405322,control,1,,44,control_f1_s44_in22k_v5conf,best,19
ISIC_0072616,BCN_0002255,BCN_0002255,60+,bcn20000,1,True,2,0.02567939,0.11519115,0.4419509,0.26381275,0.03553304,0.040600885,0.07723178,0.17640358,,0.17640358,control,1,,44,control_f1_s44_in22k_v5conf,best,19
ISIC_0072626,BCN_0002675,BCN_0002675,60+,bcn20000,4,True,4,0.015098711,0.0043690586,0.007534039,0.0606632,0.8578895,0.0021707346,0.05227473,0.87735724,,0.87735724,control,1,,44,control_f1_s44_in22k_v5conf,best,19
ISIC_0072637,BCN_0001273,BCN_0001273,40-59,bcn20000,5,False,4,0.0041043125,0.0070353113,0.036953703,0.060559273,0.7498591,0.08150666,0.059981562,0.7609987,,0.7609987,control,1,,44,control_f1_s44_in22k_v5conf,best,19
ISIC_0072646,BCN_0000895,BCN_0000895,60+,bcn20000,0,True,0,0.91281694,0.004312857,0.0131760845,0.0384013,0.0023447783,0.002344842,0.026603276,0.9194746,,0.9194746,control,1,,44,control_f1_s44_in22k_v5conf,best,19
ISIC_0072661,BCN_0001768,BCN_0001768,40-59,bcn20000,5,False,4,0.018167779,0.18570855,0.0012288719,0.09676363,0.612744,0.04000096,0.045386273,0.8166203,,0.8166203,control,1,,44,control_f1_s44_in22k_v5conf,best,19
ISIC_0072666,BCN_0002193,BCN_0002193,40-59,bcn20000,1,True,1,0.009935602,0.8838745,0.004809361,0.056118958,0.0046398486,0.004078615,0.036543213,0.89844996,,0.89844996,control,1,,44,control_f1_s44_in22k_v5conf,best,19
ISIC_0072670,BCN_0003890,BCN_0003890,60+,bcn20000,1,True,1,0.0074322363,0.8393203,0.0037017274,0.068207696,0.0056319213,0.011003913,0.06470221,0.85238445,,0.85238445,control,1,,44,control_f1_s44_in22k_v5conf,best,19
ISIC_0072675,BCN_0004421,BCN_0004421,40-59,bcn20000,5,False,5,0.011165429,0.009233981,0.008933901,0.0669994,0.015322283,0.842348,0.04599702,0.035721693,,0.035721693,control,1,,44,control_f1_s44_in22k_v5conf,best,19
ISIC_0072690,BCN_0001244,BCN_0001244,40-59,bcn20000,5,False,5,0.004095734,0.0057642832,0.006822273,0.044228423,0.042504866,0.85965586,0.036928646,0.052364882,,0.052364882,control,1,,44,control_f1_s44_in22k_v5conf,best,19
ISIC_0072750,BCN_0001561,BCN_0001561,60+,bcn20000,1,True,1,0.013426359,0.866183,0.0055015343,0.06334086,0.004927082,0.0058683255,0.040752877,0.88453645,,0.88453645,control,1,,44,control_f1_s44_in22k_v5conf,best,19
ISIC_0072773,BCN_0005422,BCN_0005422,40-59,bcn20000,4,True,5,0.011265211,0.008909734,0.009935115,0.06765746,0.011893907,0.84108377,0.049254857,0.032068852,,0.032068852,control,1,,44,control_f1_s44_in22k_v5conf,best,19
ISIC_0072778,BCN_0001492,BCN_0001492,<40,bcn20000,5,False,5,0.008860107,0.0062828767,0.006419694,0.07032798,0.0041565136,0.85331076,0.05064204,0.019299496,,0.019299496,control,1,,44,control_f1_s44_in22k_v5conf,best,19
ISIC_0072788,BCN_0001619,BCN_0001619,40-59,bcn20000,0,True,0,0.9450986,0.0020635764,0.0027285228,0.026158694,0.0024907046,0.0021224553,0.019337451,0.94965285,,0.94965285,control,1,,44,control_f1_s44_in22k_v5conf,best,19
ISIC_0072789,BCN_0003431,BCN_0003431,60+,bcn20000,1,True,1,0.008812195,0.896102,0.0038298715,0.047860585,0.0082102185,0.0026092555,0.03257593,0.91312444,,0.91312444,control,1,,44,control_f1_s44_in22k_v5conf,best,19
ISIC_0072799,BCN_0002074,BCN_0002074,60+,bcn20000,4,True,4,0.017388487,0.0055263983,0.0049691354,0.07860036,0.83356166,0.0087231295,0.051230885,0.85647655,,0.85647655,control,1,,44,control_f1_s44_in22k_v5conf,best,19
ISIC_0072805,BCN_0004419,BCN_0004419,<40,bcn20000,1,True,2,0.0040153484,0.003424426,0.90269816,0.038322985,0.0019932846,0.0131221665,0.036423612,0.009433059,,0.009433059,control,1,,44,control_f1_s44_in22k_v5conf,best,19
ISIC_0072807,BCN_0002687,BCN_0002687,60+,bcn20000,1,True,1,0.010546727,0.8921831,0.0034801299,0.050929267,0.0054542837,0.003092387,0.034314107,0.9081842,,0.9081842,control,1,,44,control_f1_s44_in22k_v5conf,best,19
ISIC_0072814,BCN_0003170,BCN_0003170,60+,bcn20000,0,True,0,0.83070725,0.012544823,0.060637522,0.053851184,0.003958825,0.001350433,0.036949925,0.8472109,,0.8472109,control,1,,44,control_f1_s44_in22k_v5conf,best,19
ISIC_0072822,BCN_0002240,BCN_0002240,40-59,bcn20000,5,False,5,0.021468338,0.0064106765,0.0044140914,0.07036451,0.020390077,0.8289464,0.04800592,0.048269093,,0.048269093,control,1,,44,control_f1_s44_in22k_v5conf,best,19
ISIC_0072846,BCN_0002835,BCN_0002835,40-59,bcn20000,5,False,5,0.011427203,0.0077047315,0.006702844,0.06624029,0.009201603,0.84979194,0.048931476,0.028333537,,0.028333537,control,1,,44,control_f1_s44_in22k_v5conf,best,19
ISIC_0072850,BCN_0001347,BCN_0001347,40-59,bcn20000,5,False,2,0.056181062,0.0018071738,0.4944166,0.089619994,0.05373317,0.24380088,0.06044107,0.11172141,,0.11172141,control,1,,44,control_f1_s44_in22k_v5conf,best,19
ISIC_0072851,BCN_0003871,BCN_0003871,40-59,bcn20000,1,True,1,0.025207605,0.7158551,0.004286907,0.07769548,0.00683275,0.02620559,0.14391662,0.7478955,,0.7478955,control,1,,44,control_f1_s44_in22k_v5conf,best,19
ISIC_0072866,BCN_0004843,BCN_0004843,<40,bcn20000,5,False,5,0.008381826,0.010254562,0.005438649,0.07536737,0.057015564,0.7912633,0.052278705,0.07565195,,0.07565195,control,1,,44,control_f1_s44_in22k_v5conf,best,19
ISIC_0072872,BCN_0002316,BCN_0002316,60+,bcn20000,4,True,4,0.015278205,0.013150167,0.0049079503,0.058253147,0.86393774,0.0018799694,0.04259293,0.8923661,,0.8923661,control,1,,44,control_f1_s44_in22k_v5conf,best,19
ISIC_0072891,BCN_0000301,BCN_0000301,40-59,bcn20000,1,True,1,0.07389881,0.77871156,0.0085691195,0.07541855,0.0050576325,0.002613253,0.0557311,0.857668,,0.857668,control,1,,44,control_f1_s44_in22k_v5conf,best,19
ISIC_0072892,BCN_0005502,BCN_0005502,40-59,bcn20000,5,False,5,0.008937482,0.0078124204,0.0051793805,0.0773976,0.12439423,0.7320199,0.044258907,0.14114413,,0.14114413,control,1,,44,control_f1_s44_in22k_v5conf,best,19
ISIC_0072901,BCN_0002557,BCN_0002557,60+,bcn20000,2,False,4,0.013318304,0.003560845,0.05653688,0.0697152,0.7994889,0.0007411568,0.0566387,0.81636804,,0.81636804,control,1,,44,control_f1_s44_in22k_v5conf,best,19
ISIC_0072916,BCN_0005690,BCN_0005690,60+,bcn20000,1,True,1,0.010605859,0.8939456,0.0059033413,0.04892884,0.0038172824,0.0041686967,0.03263036,0.9083687,,0.9083687,control,1,,44,control_f1_s44_in22k_v5conf,best,19
ISIC_0072929,BCN_0005164,BCN_0005164,<40,bcn20000,5,False,5,0.013262376,0.017710296,0.0101193,0.113862395,0.19314791,0.5732539,0.0786438,0.22412059,,0.22412059,control,1,,44,control_f1_s44_in22k_v5conf,best,19
ISIC_0073011,BCN_0002610,BCN_0002610,60+,bcn20000,2,False,6,0.0032994254,0.1621094,0.047998633,0.08215656,0.0151243815,0.30260465,0.38670698,0.18053322,,0.18053322,control,1,,44,control_f1_s44_in22k_v5conf,best,19
ISIC_0073030,BCN_0003104,BCN_0003104,40-59,bcn20000,0,True,0,0.94006395,0.0035352823,0.018204834,0.020347368,0.0042390306,0.0022818819,0.011327656,0.94783825,,0.94783825,control,1,,44,control_f1_s44_in22k_v5conf,best,19
ISIC_0073037,BCN_0005609,BCN_0005609,60+,bcn20000,1,True,4,0.012781768,0.02646685,0.008441564,0.07541714,0.8192299,0.0016877339,0.05597495,0.85847855,,0.85847855,control,1,,44,control_f1_s44_in22k_v5conf,best,19
ISIC_0073061,BCN_0001559,BCN_0001559,60+,bcn20000,1,True,1,0.009872283,0.8949478,0.0061441115,0.053430934,0.0014610811,0.0025240993,0.03161965,0.9062812,,0.9062812,control,1,,44,control_f1_s44_in22k_v5conf,best,19
ISIC_0073088,BCN_0002516,BCN_0002516,60+,bcn20000,0,True,1,0.03705097,0.8172052,0.030126942,0.0658498,0.0036144936,0.0018646158,0.044288065,0.85787064,,0.85787064,control,1,,44,control_f1_s44_in22k_v5conf,best,19
ISIC_0073091,BCN_0003664,BCN_0003664,40-59,bcn20000,1,True,1,0.01594457,0.8830426,0.0060393712,0.052034553,0.004240248,0.0031643196,0.035534356,0.90322745,,0.90322745,control,1,,44,control_f1_s44_in22k_v5conf,best,19
ISIC_0073110,BCN_0000811,BCN_0000811,<40,bcn20000,6,False,4,0.0028570802,0.02438349,0.0028091352,0.09663539,0.78043973,0.0028800226,0.08999509,0.8076803,,0.8076803,control,1,,44,control_f1_s44_in22k_v5conf,best,19
ISIC_0073135,BCN_0002747,BCN_0002747,<40,bcn20000,5,False,5,0.008082338,0.0041355686,0.0032600113,0.08636281,0.004450164,0.8518718,0.04183724,0.01666807,,0.01666807,control,1,,44,control_f1_s44_in22k_v5conf,best,19
ISIC_0073161,BCN_0000301,BCN_0000301,40-59,bcn20000,1,True,1,0.012585877,0.8798211,0.00702785,0.053282835,0.0074796057,0.0027299407,0.03707288,0.8998866,,0.8998866,control,1,,44,control_f1_s44_in22k_v5conf,best,19
ISIC_0073187,BCN_0001347,BCN_0001347,40-59,bcn20000,5,False,4,0.052435014,0.0028891875,0.18414298,0.114666425,0.35610163,0.22476329,0.06500146,0.41142583,,0.41142583,control,1,,44,control_f1_s44_in22k_v5conf,best,19
ISIC_0073207,BCN_0005708,BCN_0005708,<40,bcn20000,5,False,4,0.010276899,0.02023943,0.015226981,0.05795259,0.8625163,0.0041737086,0.029614177,0.8930326,,0.8930326,control,1,,44,control_f1_s44_in22k_v5conf,best,19
ISIC_0073215,BCN_0001946,BCN_0001946,60+,bcn20000,1,True,1,0.0099759735,0.8783765,0.0063321376,0.05773352,0.0051874593,0.0041265823,0.038267814,0.8935399,,0.8935399,control,1,,44,control_f1_s44_in22k_v5conf,best,19
ISIC_0073225,BCN_0000286,BCN_0000286,40-59,bcn20000,1,True,1,0.010476505,0.87600875,0.0061791665,0.05282996,0.004395025,0.0077530835,0.04235746,0.8908803,,0.8908803,control,1,,44,control_f1_s44_in22k_v5conf,best,19
