image_id,group_id,effective_lesion_id,age_band,archive,y_true,y_esc,pred_index,p_akiec,p_bcc,p_bkl,p_df,p_mel,p_nv,p_vasc,escalation_mass,s_esc,declared_score,arm,fold,loao_holdout,seed,run_id,checkpoint
ISIC_0000006,__singleton__ISIC_0000006,__singleton__ISIC_0000006,<40,mskcc,5,False,5,0.008048835,0.005498196,0.0062255654,0.062299192,0.004830545,0.868251,0.044846624,0.018377576,,0.018377576,look,0,,42,look_f0_s42_in22k_v5scr,last
ISIC_0000007,__singleton__ISIC_0000007,__singleton__ISIC_0000007,<40,mskcc,5,False,5,0.008545391,0.0058987387,0.0058164243,0.0652573,0.004083586,0.8651632,0.045235332,0.018527716,,0.018527716,look,0,,42,look_f0_s42_in22k_v5scr,last
ISIC_0000047_downsampled,__singleton__ISIC_0000047_downsampled,__singleton__ISIC_0000047_downsampled,60+,mskcc,5,False,5,0.008757307,0.005193092,0.0053179767,0.06085847,0.0065765264,0.86532354,0.047973122,0.020526925,,0.020526925,look,0,,42,look_f0_s42_in22k_v5scr,last
ISIC_0000058_downsampled,__singleton__ISIC_0000058_downsampled,__singleton__ISIC_0000058_downsampled,40-59,mskcc,5,False,5,0.009735634,0.0045519075,0.004085449,0.06257707,0.009401481,0.8658771,0.043771304,0.02368902,,0.02368902,look,0,,42,look_f0_s42_in22k_v5scr,last
ISIC_0000062_downsampled,__singleton__ISIC_0000062_downsampled,__singleton__ISIC_0000062_downsampled,40-59,mskcc,5,False,5,0.007599989,0.004362536,0.005915576,0.061342143,0.006352766,0.87233293,0.04209412,0.018315291,,0.018315291,look,0,,42,look_f0_s42_in22k_v5scr,last
ISIC_0000067,__singleton__ISIC_0000067,__singleton__ISIC_0000067,40-59,mskcc,5,False,2,0.01950408,0.0046767914,0.4512122,0.107667565,0.0056300038,0.32982773,0.08148159,0.029810874,,0.029810874,look,0,,42,look_f0_s42_in22k_v5scr,last
ISIC_0000068,__singleton__ISIC_0000068,__singleton__ISIC_0000068,<40,mskcc,5,False,5,0.00936301,0.0059509687,0.0050329193,0.06598572,0.0056093205,0.86214316,0.045914862,0.020923298,,0.020923298,look,0,,42,look_f0_s42_in22k_v5scr,last
ISIC_0000071,__singleton__ISIC_0000071,__singleton__ISIC_0000071,<40,mskcc,5,False,5,0.012057537,0.007086057,0.0074226237,0.071476996,0.003419832,0.8523173,0.04621964,0.022563426,,0.022563426,look,0,,42,look_f0_s42_in22k_v5scr,last
ISIC_0000096_downsampled,__singleton__ISIC_0000096_downsampled,__singleton__ISIC_0000096_downsampled,unknown,mskcc,5,False,5,0.010158679,0.007086756,0.00664333,0.066288725,0.0053957226,0.8584123,0.046014473,0.02264116,,0.02264116,look,0,,42,look_f0_s42_in22k_v5scr,last
ISIC_0000097_downsampled,__singleton__ISIC_0000097_downsampled,__singleton__ISIC_0000097_downsampled,unknown,mskcc,5,False,5,0.009453272,0.006417555,0.0060659824,0.06391047,0.0059512034,0.8611532,0.047048382,0.021822032,,0.021822032,look,0,,42,look_f0_s42_in22k_v5scr,last
ISIC_0000102_downsampled,__singleton__ISIC_0000102_downsampled,__singleton__ISIC_0000102_downsampled,unknown,mskcc,5,False,5,0.009121699,0.005893106,0.0056801196,0.06708417,0.0066702343,0.8560717,0.049479015,0.02168504,,0.02168504,look,0,,42,look_f0_s42_in22k_v5scr,last
ISIC_0000103_downsampled,__singleton__ISIC_0000103_downsampled,__singleton__ISIC_0000103_downsampled,unknown,mskcc,5,False,5,0.008490465,0.0054179775,0.004430575,0.061121434,0.017737444,0.8558771,0.046925038,0.031645887,,0.031645887,look,0,,42,look_f0_s42_in22k_v5scr,last
ISIC_0000109_downsampled,__singleton__ISIC_0000109_downsampled,__singleton__ISIC_0000109_downsampled,unknown,mskcc,5,False,4,0.007553989,0.0046511134,0.007780389,0.063298285,0.86716175,0.0072235265,0.042330842,0.8793669,,0.8793669,look,0,,42,look_f0_s42_in22k_v5scr,last
ISIC_0000112_downsampled,__singleton__ISIC_0000112_downsampled,__singleton__ISIC_0000112_downsampled,unknown,mskcc,5,False,5,0.012441519,0.007131894,0.006073162,0.06606683,0.01133654,0.85219043,0.04475967,0.030909952,,0.030909952,look,0,,42,look_f0_s42_in22k_v5scr,last
ISIC_0000118_downsampled,__singleton__ISIC_0000118_downsampled,__singleton__ISIC_0000118_downsampled,unknown,mskcc,5,False,5,0.009901909,0.007985903,0.00911786,0.09696441,0.2788858,0.5331755,0.06396853,0.2967736,,0.2967736,look,0,,42,look_f0_s42_in22k_v5scr,last
ISIC_0000123_downsampled,__singleton__ISIC_0000123_downsampled,__singleton__ISIC_0000123_downsampled,unknown,mskcc,5,False,5,0.00982137,0.0063876673,0.0062288553,0.06370665,0.0068830145,0.8585908,0.048381686,0.023092052,,0.023092052,look,0,,42,look_f0_s42_in22k_v5scr,last
ISIC_0000133_downsampled,__singleton__ISIC_0000133_downsampled,__singleton__ISIC_0000133_downsampled,unknown,mskcc,5,False,5,0.0068424814,0.0055416785,0.0062694405,0.07678791,0.07193403,0.78528863,0.04733581,0.08431819,,0.08431819,look,0,,42,look_f0_s42_in22k_v5scr,last
ISIC_0000141_downsampled,__singleton__ISIC_0000141_downsampled,__singleton__ISIC_0000141_downsampled,unknown,mskcc,4,True,5,0.007669297,0.0047221445,0.0054321885,0.0629127,0.009097997,0.8654158,0.044749983,0.021489438,,0.021489438,look,0,,42,look_f0_s42_in22k_v5scr,last
ISIC_0000152_downsampled,__singleton__ISIC_0000152_downsampled,__singleton__ISIC_0000152_downsampled,unknown,mskcc,4,True,5,0.0087084165,0.0061451313,0.0053545753,0.06922018,0.02151231,0.84457695,0.044482466,0.03636586,,0.03636586,look,0,,42,look_f0_s42_in22k_v5scr,last
ISIC_0000154_downsampled,__singleton__ISIC_0000154_downsampled,__singleton__ISIC_0000154_downsampled,unknown,mskcc,4,True,5,0.0067787482,0.0040312926,0.0039436654,0.06528697,0.022295779,0.84868646,0.048977118,0.03310582,,0.03310582,look,0,,42,look_f0_s42_in22k_v5scr,last
ISIC_0000164,__singleton__ISIC_0000164,__singleton__ISIC_0000164,60+,mskcc,4,True,4,0.009006739,0.0067414264,0.006274832,0.0591486,0.8640518,0.010451204,0.044325367,0.87979996,,0.87979996,look,0,,42,look_f0_s42_in22k_v5scr,last
ISIC_0000177_downsampled,__singleton__ISIC_0000177_downsampled,__singleton__ISIC_0000177_downsampled,<40,mskcc,5,False,5,0.0095346635,0.0057547023,0.034573495,0.07417589,0.006766576,0.81488264,0.054312143,0.022055943,,0.022055943,look,0,,42,look_f0_s42_in22k_v5scr,last
ISIC_0000185_downsampled,__singleton__ISIC_0000185_downsampled,__singleton__ISIC_0000185_downsampled,<40,mskcc,5,False,5,0.011399939,0.006432872,0.006422843,0.06934058,0.0063222013,0.8535787,0.04650277,0.024155011,,0.024155011,look,0,,42,look_f0_s42_in22k_v5scr,last
ISIC_0000202_downsampled,__singleton__ISIC_0000202_downsampled,__singleton__ISIC_0000202_downsampled,<40,mskcc,5,False,5,0.008453384,0.005036583,0.005366889,0.06298669,0.004150633,0.8671667,0.046839125,0.0176406,,0.0176406,look,0,,42,look_f0_s42_in22k_v5scr,last
ISIC_0000206_downsampled,__singleton__ISIC_0000206_downsampled,__singleton__ISIC_0000206_downsampled,60+,mskcc,5,False,5,0.007988428,0.004742102,0.0053494307,0.06476779,0.008088566,0.86111575,0.04794801,0.020819096,,0.020819096,look,0,,42,look_f0_s42_in22k_v5scr,last
ISIC_0000210,__singleton__ISIC_0000210,__singleton__ISIC_0000210,60+,mskcc,5,False,5,0.011002222,0.006152738,0.0058242786,0.07283795,0.0059881117,0.8427375,0.055457234,0.023143072,,0.023143072,look,0,,42,look_f0_s42_in22k_v5scr,last
ISIC_0000216,__singleton__ISIC_0000216,__singleton__ISIC_0000216,<40,mskcc,5,False,5,0.00786491,0.0052308124,0.0040308144,0.059615076,0.009839162,0.87147915,0.041940045,0.022934884,,0.022934884,look,0,,42,look_f0_s42_in22k_v5scr,last
ISIC_0000235,__singleton__ISIC_0000235,__singleton__ISIC_0000235,<40,mskcc,5,False,6,0.00079036824,0.00055548025,0.001103963,0.012607184,0.0031578373,0.16722438,0.8145608,0.004503686,,0.004503686,look,0,,42,look_f0_s42_in22k_v5scr,last
ISIC_0000252,__singleton__ISIC_0000252,__singleton__ISIC_0000252,60+,mskcc,5,False,5,0.008398467,0.0065344917,0.006030981,0.070312716,0.01150432,0.84776753,0.049451575,0.026437279,,0.026437279,look,0,,42,look_f0_s42_in22k_v5scr,last
ISIC_0000255,__singleton__ISIC_0000255,__singleton__ISIC_0000255,60+,mskcc,5,False,5,0.01217236,0.0059340345,0.007821685,0.081550054,0.006582003,0.83304125,0.05289855,0.024688397,,0.024688397,look,0,,42,look_f0_s42_in22k_v5scr,last
ISIC_0000256,__singleton__ISIC_0000256,__singleton__ISIC_0000256,60+,mskcc,5,False,5,0.008019965,0.0049290336,0.0077496725,0.06691536,0.005474527,0.8588464,0.04806506,0.018423526,,0.018423526,look,0,,42,look_f0_s42_in22k_v5scr,last
ISIC_0000262,__singleton__ISIC_0000262,__singleton__ISIC_0000262,<40,mskcc,5,False,5,0.009197282,0.00561409,0.0058562146,0.06612134,0.0055775265,0.86141145,0.04622214,0.020388898,,0.020388898,look,0,,42,look_f0_s42_in22k_v5scr,last
ISIC_0000264,__singleton__ISIC_0000264,__singleton__ISIC_0000264,<40,mskcc,5,False,5,0.011361899,0.007341651,0.0066632763,0.07249516,0.0034867784,0.85206527,0.046585962,0.022190329,,0.022190329,look,0,,42,look_f0_s42_in22k_v5scr,last
ISIC_0000269,__singleton__ISIC_0000269,__singleton__ISIC_0000269,<40,mskcc,5,False,5,0.0090511525,0.0060895984,0.0060689733,0.0666987,0.006360651,0.8576322,0.048098784,0.021501403,,0.021501403,look,0,,42,look_f0_s42_in22k_v5scr,last
ISIC_0000282,__singleton__ISIC_0000282,__singleton__ISIC_0000282,60+,mskcc,4,True,1,0.015402152,0.78995067,0.017049255,0.07041529,0.044140156,0.0025407106,0.060501795,0.84949297,,0.84949297,look,0,,42,look_f0_s42_in22k_v5scr,last
ISIC_0000288,__singleton__ISIC_0000288,__singleton__ISIC_0000288,60+,mskcc,4,True,4,0.01136957,0.005196557,0.006188665,0.07989599,0.7553371,0.08538587,0.056626216,0.7719033,,0.7719033,look,0,,42,look_f0_s42_in22k_v5scr,last
ISIC_0000289,__singleton__ISIC_0000289,__singleton__ISIC_0000289,60+,mskcc,4,True,4,0.008737103,0.004807969,0.0041943053,0.06346177,0.8631262,0.005306722,0.05036584,0.8766713,,0.8766713,look,0,,42,look_f0_s42_in22k_v5scr,last
ISIC_0000306,__singleton__ISIC_0000306,__singleton__ISIC_0000306,40-59,mskcc,4,True,5,0.009516167,0.0058115805,0.0066940333,0.06674997,0.0057205795,0.85975564,0.045752082,0.021048328,,0.021048328,look,0,,42,look_f0_s42_in22k_v5scr,last
ISIC_0000321,__singleton__ISIC_0000321,__singleton__ISIC_0000321,<40,mskcc,5,False,5,0.0092467535,0.0059541636,0.0069908937,0.060581166,0.004956378,0.8683183,0.043952223,0.020157294,,0.020157294,look,0,,42,look_f0_s42_in22k_v5scr,last
ISIC_0000332,__singleton__ISIC_0000332,__singleton__ISIC_0000332,<40,mskcc,5,False,5,0.011297261,0.0053559244,0.005930911,0.06840918,0.0058479942,0.8592865,0.043872245,0.02250118,,0.02250118,look,0,,42,look_f0_s42_in22k_v5scr,last
ISIC_0000333,__singleton__ISIC_0000333,__singleton__ISIC_0000333,<40,mskcc,5,False,5,0.013777826,0.0075860694,0.0054859286,0.07433909,0.023960993,0.82396996,0.05088007,0.045324888,,0.045324888,look,0,,42,look_f0_s42_in22k_v5scr,last
ISIC_0000347,__singleton__ISIC_0000347,__singleton__ISIC_0000347,unknown,mskcc,5,False,5,0.009889657,0.0032233046,0.014493692,0.059075274,0.008792566,0.84232134,0.062204104,0.021905527,,0.021905527,look,0,,42,look_f0_s42_in22k_v5scr,last
ISIC_0000352,__singleton__ISIC_0000352,__singleton__ISIC_0000352,unknown,mskcc,5,False,5,0.011329093,0.007163916,0.0055412482,0.072455764,0.006694851,0.84477276,0.052042287,0.02518786,,0.02518786,look,0,,42,look_f0_s42_in22k_v5scr,last
ISIC_0000380_downsampled,__singleton__ISIC_0000380_downsampled,__singleton__ISIC_0000380_downsampled,unknown,mskcc,5,False,5,0.006757032,0.006563878,0.0040844544,0.072952166,0.024530338,0.83929825,0.045813903,0.037851248,,0.037851248,look,0,,42,look_f0_s42_in22k_v5scr,last
ISIC_0000384_downsampled,__singleton__ISIC_0000384_downsampled,__singleton__ISIC_0000384_downsampled,unknown,mskcc,5,False,5,0.009726619,0.005370036,0.008546196,0.09794409,0.13222809,0.67215395,0.07403103,0.14732474,,0.14732474,look,0,,42,look_f0_s42_in22k_v5scr,last
ISIC_0000412_downsampled,__singleton__ISIC_0000412_downsampled,__singleton__ISIC_0000412_downsampled,unknown,mskcc,4,True,4,0.007041876,0.013023902,0.014903503,0.053257428,0.86863995,0.0009888408,0.04214443,0.88870573,,0.88870573,look,0,,42,look_f0_s42_in22k_v5scr,last
ISIC_0000426_downsampled,__singleton__ISIC_0000426_downsampled,__singleton__ISIC_0000426_downsampled,unknown,mskcc,5,False,4,0.0074133556,0.0047066645,0.014181722,0.08106605,0.83038,0.018247018,0.04400507,0.84250003,,0.84250003,look,0,,42,look_f0_s42_in22k_v5scr,last
ISIC_0000448_downsampled,__singleton__ISIC_0000448_downsampled,__singleton__ISIC_0000448_downsampled,unknown,mskcc,5,False,5,0.011218343,0.005321818,0.005913083,0.07074693,0.0071618664,0.8570271,0.04261089,0.023702027,,0.023702027,look,0,,42,look_f0_s42_in22k_v5scr,last
ISIC_0000451_downsampled,__singleton__ISIC_0000451_downsampled,__singleton__ISIC_0000451_downsampled,unknown,mskcc,5,False,5,0.009923793,0.0069924127,0.007026491,0.06766053,0.004996532,0.85469717,0.048703067,0.021912739,,0.021912739,look,0,,42,look_f0_s42_in22k_v5scr,last
ISIC_0000456_downsampled,__singleton__ISIC_0000456_downsampled,__singleton__ISIC_0000456_downsampled,unknown,mskcc,5,False,5,0.009352188,0.007394832,0.009728931,0.060041536,0.0046969038,0.8628188,0.04596682,0.021443924,,0.021443924,look,0,,42,look_f0_s42_in22k_v5scr,last
ISIC_0000463_downsampled,__singleton__ISIC_0000463_downsampled,__singleton__ISIC_0000463_downsampled,unknown,mskcc,4,True,4,0.01472209,0.01067777,0.009243612,0.14000869,0.50260407,0.24013448,0.08260929,0.52800393,,0.52800393,look,0,,42,look_f0_s42_in22k_v5scr,last
ISIC_0000473_downsampled,__singleton__ISIC_0000473_downsampled,__singleton__ISIC_0000473_downsampled,unknown,mskcc,5,False,5,0.011641756,0.0061299023,0.0065861507,0.067152314,0.004952126,0.85700643,0.04653131,0.022723783,,0.022723783,look,0,,42,look_f0_s42_in22k_v5scr,last
ISIC_0000483,__singleton__ISIC_0000483,__singleton__ISIC_0000483,unknown,mskcc,5,False,5,0.009927497,0.0070180353,0.0072091823,0.06941205,0.008268537,0.849929,0.048235737,0.02521407,,0.02521407,look,0,,42,look_f0_s42_in22k_v5scr,last
ISIC_0000499,__singleton__ISIC_0000499,__singleton__ISIC_0000499,unknown,mskcc,5,False,5,0.009501613,0.006215243,0.0073467875,0.067760326,0.006221814,0.85206515,0.050888985,0.02193867,,0.02193867,look,0,,42,look_f0_s42_in22k_v5scr,last
ISIC_0000506,__singleton__ISIC_0000506,__singleton__ISIC_0000506,unknown,mskcc,5,False,5,0.011961447,0.0071289674,0.007175157,0.07375185,0.006272423,0.83812845,0.055581715,0.025362838,,0.025362838,look,0,,42,look_f0_s42_in22k_v5scr,last
ISIC_0000533,__singleton__ISIC_0000533,__singleton__ISIC_0000533,unknown,mskcc,4,True,5,0.0101448605,0.0068110405,0.008547033,0.07115061,0.006040486,0.84795177,0.04935425,0.022996387,,0.022996387,look,0,,42,look_f0_s42_in22k_v5scr,last
ISIC_0000535,__singleton__ISIC_0000535,__singleton__ISIC_0000535,unknown,mskcc,5,False,5,0.009413196,0.0059831627,0.005416644,0.06430356,0.0066671935,0.86294633,0.04526985,0.022063551,,0.022063551,look,0,,42,look_f0_s42_in22k_v5scr,last
ISIC_0000542,__singleton__ISIC_0000542,__singleton__ISIC_0000542,unknown,mskcc,5,False,5,0.013641155,0.009485266,0.0076187323,0.071374685,0.006287385,0.8427983,0.04879446,0.029413806,,0.029413806,look,0,,42,look_f0_s42_in22k_v5scr,last
ISIC_0001105_downsampled,__singleton__ISIC_0001105_downsampled,__singleton__ISIC_0001105_downsampled,<40,mskcc,4,True,5,0.008988768,0.005582434,0.0053583523,0.060570728,0.006171153,0.8689353,0.044393346,0.020742355,,0.020742355,look,0,,42,look_f0_s42_in22k_v5scr,last
ISIC_0001242_downsampled,__singleton__ISIC_0001242_downsampled,__singleton__ISIC_0001242_downsampled,<40,mskcc,5,False,5,0.020064197,0.010604964,0.016904611,0.08452195,0.0060464144,0.81039125,0.051466532,0.036715575,,0.036715575,look,0,,42,look_f0_s42_in22k_v5scr,last
ISIC_0001299_downsampled,__singleton__ISIC_0001299_downsampled,__singleton__ISIC_0001299_downsampled,<40,mskcc,5,False,5,0.011539946,0.0051385313,0.005748873,0.06490013,0.012332111,0.8484717,0.05186873,0.02901059,,0.02901059,look,0,,42,look_f0_s42_in22k_v5scr,last
ISIC_0001871_downsampled,__singleton__ISIC_0001871_downsampled,__singleton__ISIC_0001871_downsampled,<40,mskcc,5,False,5,0.010239954,0.0066722757,0.0060786447,0.06337991,0.0040537384,0.86452705,0.045048404,0.020965967,,0.020965967,look,0,,42,look_f0_s42_in22k_v5scr,last
ISIC_0001960_downsampled,__singleton__ISIC_0001960_downsampled,__singleton__ISIC_0001960_downsampled,<40,mskcc,5,False,5,0.009484746,0.0060620504,0.0054931254,0.0628139,0.00453572,0.8659406,0.045669846,0.020082517,,0.020082517,look,0,,42,look_f0_s42_in22k_v5scr,last
ISIC_0002287_downsampled,__singleton__ISIC_0002287_downsampled,__singleton__ISIC_0002287_downsampled,<40,mskcc,5,False,5,0.012877675,0.007783585,0.0077229976,0.07255452,0.0073440755,0.8403567,0.05136042,0.028005335,,0.028005335,look,0,,42,look_f0_s42_in22k_v5scr,last
ISIC_0002673_downsampled,__singleton__ISIC_0002673_downsampled,__singleton__ISIC_0002673_downsampled,<40,mskcc,5,False,5,0.006868317,0.003904606,0.003791128,0.05881683,0.00383049,0.87557554,0.047213085,0.014603413,,0.014603413,look,0,,42,look_f0_s42_in22k_v5scr,last
ISIC_0002806_downsampled,__singleton__ISIC_0002806_downsampled,__singleton__ISIC_0002806_downsampled,<40,mskcc,5,False,5,0.013042257,0.0063165748,0.007849893,0.07361982,0.0051947185,0.8455761,0.048400585,0.02455355,,0.02455355,look,0,,42,look_f0_s42_in22k_v5scr,last
ISIC_0002829_downsampled,__singleton__ISIC_0002829_downsampled,__singleton__ISIC_0002829_downsampled,<40,mskcc,5,False,5,0.0109630395,0.006605811,0.0063360925,0.06371963,0.0062148687,0.85998124,0.046179313,0.02378372,,0.02378372,look,0,,42,look_f0_s42_in22k_v5scr,last
ISIC_0003056_downsampled,__singleton__ISIC_0003056_downsampled,__singleton__ISIC_0003056_downsampled,<40,mskcc,5,False,5,0.008225167,0.0041854302,0.0039319545,0.054291938,0.0059346003,0.8861295,0.037301388,0.018345198,,0.018345198,look,0,,42,look_f0_s42_in22k_v5scr,last
ISIC_0003728_downsampled,__singleton__ISIC_0003728_downsampled,__singleton__ISIC_0003728_downsampled,<40,mskcc,5,False,5,0.010193942,0.00656903,0.006188885,0.06413242,0.0057936367,0.86133087,0.0457911,0.022556609,,0.022556609,look,0,,42,look_f0_s42_in22k_v5scr,last
ISIC_0006671_downsampled,__singleton__ISIC_0006671_downsampled,__singleton__ISIC_0006671_downsampled,<40,mskcc,5,False,5,0.009362792,0.0055045737,0.0054173474,0.0606832,0.0035111238,0.86915,0.04637112,0.018378489,,0.018378489,look,0,,42,look_f0_s42_in22k_v5scr,last
ISIC_0006776_downsampled,__singleton__ISIC_0006776_downsampled,__singleton__ISIC_0006776_downsampled,<40,mskcc,5,False,5,0.011532228,0.008127222,0.0050072246,0.06973759,0.0039700205,0.85243046,0.049195394,0.023629472,,0.023629472,look,0,,42,look_f0_s42_in22k_v5scr,last
ISIC_0006800_downsampled,__singleton__ISIC_0006800_downsampled,__singleton__ISIC_0006800_downsampled,<40,mskcc,5,False,5,0.009424991,0.006417899,0.0063125137,0.06823249,0.0054810867,0.85401225,0.05011885,0.021323977,,0.021323977,look,0,,42,look_f0_s42_in22k_v5scr,last
ISIC_0006815_downsampled,__singleton__ISIC_0006815_downsampled,__singleton__ISIC_0006815_downsampled,<40,mskcc,5,False,5,0.013739021,0.0076184114,0.008900122,0.075251505,0.0048445477,0.83627295,0.053373355,0.02620198,,0.02620198,look,0,,42,look_f0_s42_in22k_v5scr,last
ISIC_0008025_downsampled,__singleton__ISIC_0008025_downsampled,__singleton__ISIC_0008025_downsampled,<40,mskcc,5,False,5,0.009433566,0.005837793,0.005065763,0.060068462,0.0062005436,0.8709148,0.042479083,0.021471903,,0.021471903,look,0,,42,look_f0_s42_in22k_v5scr,last
ISIC_0008256_downsampled,__singleton__ISIC_0008256_downsampled,__singleton__ISIC_0008256_downsampled,<40,mskcc,5,False,5,0.009134414,0.005532675,0.005809471,0.0660614,0.004741324,0.86063945,0.04808126,0.019408412,,0.019408412,look,0,,42,look_f0_s42_in22k_v5scr,last
ISIC_0008626_downsampled,__singleton__ISIC_0008626_downsampled,__singleton__ISIC_0008626_downsampled,<40,mskcc,5,False,5,0.010173653,0.0062114834,0.007083357,0.06370573,0.0048406213,0.8616898,0.046295382,0.021225758,,0.021225758,look,0,,42,look_f0_s42_in22k_v5scr,last
ISIC_0009599_downsampled,__singleton__ISIC_0009599_downsampled,__singleton__ISIC_0009599_downsampled,<40,mskcc,5,False,5,0.013208603,0.0071582026,0.0068449033,0.06687412,0.005137432,0.850988,0.049788773,0.025504237,,0.025504237,look,0,,42,look_f0_s42_in22k_v5scr,last
ISIC_0009875,__singleton__ISIC_0009875,__singleton__ISIC_0009875,<40,mskcc,5,False,0,0.5340727,0.0013645008,0.33186078,0.071508475,0.00438615,0.009024389,0.047782995,0.53982335,,0.53982335,look,0,,42,look_f0_s42_in22k_v5scr,last
ISIC_0009884,__singleton__ISIC_0009884,__singleton__ISIC_0009884,60+,mskcc,5,False,5,0.01091689,0.0058872825,0.0066424827,0.07067859,0.0077708242,0.8507918,0.047312245,0.024574995,,0.024574995,look,0,,42,look_f0_s42_in22k_v5scr,last
ISIC_0009939,__singleton__ISIC_0009939,__singleton__ISIC_0009939,<40,mskcc,5,False,5,0.009320018,0.0060430593,0.005154654,0.06895677,0.009833525,0.8572635,0.04342851,0.0251966,,0.0251966,look,0,,42,look_f0_s42_in22k_v5scr,last
ISIC_0009951,__singleton__ISIC_0009951,__singleton__ISIC_0009951,40-59,mskcc,5,False,4,0.010382262,0.1313958,0.03503009,0.11082479,0.601499,0.021715,0.089153,0.7432771,,0.7432771,look,0,,42,look_f0_s42_in22k_v5scr,last
ISIC_0009963,__singleton__ISIC_0009963,__singleton__ISIC_0009963,40-59,mskcc,5,False,5,0.013238492,0.007884217,0.009495152,0.06973675,0.010451597,0.83697945,0.0522144,0.031574305,,0.031574305,look,0,,42,look_f0_s42_in22k_v5scr,last
ISIC_0010013,__singleton__ISIC_0010013,__singleton__ISIC_0010013,40-59,mskcc,5,False,5,0.0097410325,0.00666242,0.007381343,0.06094077,0.005845377,0.86528015,0.04414894,0.022248829,,0.022248829,look,0,,42,look_f0_s42_in22k_v5scr,last
ISIC_0010015,__singleton__ISIC_0010015,__singleton__ISIC_0010015,40-59,mskcc,5,False,5,0.013402492,0.008236835,0.004414081,0.09635346,0.17291218,0.63371354,0.070967436,0.19455151,,0.19455151,look,0,,42,look_f0_s42_in22k_v5scr,last
ISIC_0010019,__singleton__ISIC_0010019,__singleton__ISIC_0010019,60+,mskcc,5,False,5,0.01128089,0.0068483152,0.007244872,0.075201504,0.008568174,0.8354203,0.05543596,0.026697379,,0.026697379,look,0,,42,look_f0_s42_in22k_v5scr,last
ISIC_0010034,__singleton__ISIC_0010034,__singleton__ISIC_0010034,40-59,mskcc,4,True,4,0.0057296674,0.0037874363,0.0055831,0.045808014,0.8946909,0.013629057,0.030771947,0.90420794,,0.90420794,look,0,,42,look_f0_s42_in22k_v5scr,last
ISIC_0010055,__singleton__ISIC_0010055,__singleton__ISIC_0010055,60+,mskcc,5,False,4,0.0064696637,0.006153784,0.0024505495,0.054664478,0.8877741,0.0043202187,0.038167197,0.90039754,,0.90039754,look,0,,42,look_f0_s42_in22k_v5scr,last
ISIC_0010064,__singleton__ISIC_0010064,__singleton__ISIC_0010064,<40,mskcc,5,False,5,0.011094962,0.005657311,0.005106852,0.06403406,0.004635421,0.86072266,0.048748817,0.021387694,,0.021387694,look,0,,42,look_f0_s42_in22k_v5scr,last
ISIC_0010073,__singleton__ISIC_0010073,__singleton__ISIC_0010073,<40,mskcc,5,False,5,0.007880362,0.0057589915,0.002410519,0.06800371,0.020173019,0.84340125,0.05237211,0.033812374,,0.033812374,look,0,,42,look_f0_s42_in22k_v5scr,last
ISIC_0010088,__singleton__ISIC_0010088,__singleton__ISIC_0010088,40-59,mskcc,5,False,5,0.014332537,0.0089036515,0.0065653194,0.13210501,0.10837616,0.63500375,0.09471365,0.13161235,,0.13161235,look,0,,42,look_f0_s42_in22k_v5scr,last
ISIC_0010104,__singleton__ISIC_0010104,__singleton__ISIC_0010104,<40,mskcc,5,False,5,0.012363669,0.0055344445,0.0067004897,0.067512795,0.0043840623,0.85389775,0.04960673,0.022282176,,0.022282176,look,0,,42,look_f0_s42_in22k_v5scr,last
ISIC_0010189,__singleton__ISIC_0010189,__singleton__ISIC_0010189,40-59,mskcc,4,True,4,0.08526618,0.0031384404,0.019320892,0.16722746,0.5801391,0.02624717,0.11866074,0.6685437,,0.6685437,look,0,,42,look_f0_s42_in22k_v5scr,last
ISIC_0010322,__singleton__ISIC_0010322,__singleton__ISIC_0010322,60+,mskcc,4,True,0,0.41505572,0.0013540977,0.0039791763,0.13577309,0.33088025,0.015926803,0.097030886,0.7472901,,0.7472901,look,0,,42,look_f0_s42_in22k_v5scr,last
ISIC_0010358,__singleton__ISIC_0010358,__singleton__ISIC_0010358,40-59,mskcc,4,True,5,0.008915533,0.005171723,0.0060504554,0.057422645,0.009074147,0.87303853,0.04032689,0.023161404,,0.023161404,look,0,,42,look_f0_s42_in22k_v5scr,last
ISIC_0010382,__singleton__ISIC_0010382,__singleton__ISIC_0010382,40-59,mskcc,5,False,4,0.0057225684,0.0016026197,0.006644553,0.050431427,0.8060293,0.083178945,0.046390526,0.8133545,,0.8133545,look,0,,42,look_f0_s42_in22k_v5scr,last
ISIC_0010441,__singleton__ISIC_0010441,__singleton__ISIC_0010441,60+,mskcc,4,True,2,0.016024387,0.039015964,0.8118444,0.071660675,0.0032557514,0.009726137,0.048472777,0.058296103,,0.058296103,look,0,,42,look_f0_s42_in22k_v5scr,last
ISIC_0010455,__singleton__ISIC_0010455,__singleton__ISIC_0010455,40-59,mskcc,5,False,5,0.012920731,0.0069928123,0.0060720346,0.07464341,0.0044181794,0.85108453,0.04386839,0.024331722,,0.024331722,look,0,,42,look_f0_s42_in22k_v5scr,last
ISIC_0010459,__singleton__ISIC_0010459,__singleton__ISIC_0010459,<40,mskcc,5,False,5,0.016415596,0.008375292,0.013799175,0.07873754,0.0077504446,0.82227665,0.05264525,0.03254133,,0.03254133,look,0,,42,look_f0_s42_in22k_v5scr,last
ISIC_0010462,__singleton__ISIC_0010462,__singleton__ISIC_0010462,60+,mskcc,5,False,5,0.010192001,0.006629238,0.0072670374,0.06957498,0.0065641543,0.85090303,0.048869565,0.023385394,,0.023385394,look,0,,42,look_f0_s42_in22k_v5scr,last
ISIC_0010467,__singleton__ISIC_0010467,__singleton__ISIC_0010467,60+,mskcc,5,False,5,0.0120436875,0.0063263844,0.007910259,0.0706943,0.006449294,0.8439871,0.052588977,0.024819365,,0.024819365,look,0,,42,look_f0_s42_in22k_v5scr,last
ISIC_0010474,__singleton__ISIC_0010474,__singleton__ISIC_0010474,<40,mskcc,5,False,5,0.011813472,0.00474076,0.004531584,0.080025405,0.03693972,0.80576247,0.056186575,0.053493954,,0.053493954,look,0,,42,look_f0_s42_in22k_v5scr,last
ISIC_0010479,__singleton__ISIC_0010479,__singleton__ISIC_0010479,60+,mskcc,5,False,5,0.007976299,0.005523515,0.031239873,0.07733645,0.0039061757,0.8146552,0.05936256,0.01740599,,0.01740599,look,0,,42,look_f0_s42_in22k_v5scr,last
ISIC_0010483,__singleton__ISIC_0010483,__singleton__ISIC_0010483,40-59,mskcc,5,False,5,0.010586259,0.006204508,0.0061684065,0.07959552,0.06693433,0.7693768,0.06113409,0.083725095,,0.083725095,look,0,,42,look_f0_s42_in22k_v5scr,last
ISIC_0010558,__singleton__ISIC_0010558,__singleton__ISIC_0010558,<40,mskcc,5,False,5,0.010765555,0.0067862775,0.006772326,0.065677576,0.005833298,0.85919434,0.04497062,0.02338513,,0.02338513,look,0,,42,look_f0_s42_in22k_v5scr,last
ISIC_0010863,__singleton__ISIC_0010863,__singleton__ISIC_0010863,60+,mskcc,4,True,5,0.013699548,0.0059994007,0.00494772,0.05945775,0.0090442505,0.85911566,0.047735576,0.0287432,,0.0287432,look,0,,42,look_f0_s42_in22k_v5scr,last
ISIC_0011121,__singleton__ISIC_0011121,__singleton__ISIC_0011121,60+,mskcc,4,True,4,0.006314638,0.0022424827,0.007285419,0.034016047,0.91742,0.003412333,0.029309038,0.9259772,,0.9259772,look,0,,42,look_f0_s42_in22k_v5scr,last
ISIC_0011124,__singleton__ISIC_0011124,__singleton__ISIC_0011124,40-59,mskcc,5,False,5,0.008609111,0.0062118038,0.005686307,0.062104773,0.004624143,0.8689424,0.043821424,0.019445058,,0.019445058,look,0,,42,look_f0_s42_in22k_v5scr,last
ISIC_0011126,__singleton__ISIC_0011126,__singleton__ISIC_0011126,40-59,mskcc,4,True,4,0.0051258625,0.0028580702,0.006185247,0.032109525,0.90411437,0.01841982,0.031187117,0.9120983,,0.9120983,look,0,,42,look_f0_s42_in22k_v5scr,last
ISIC_0011129,__singleton__ISIC_0011129,__singleton__ISIC_0011129,40-59,mskcc,5,False,4,0.0073754024,0.004230203,0.0053477325,0.051410206,0.89966685,0.0026576936,0.02931188,0.91127247,,0.91127247,look,0,,42,look_f0_s42_in22k_v5scr,last
ISIC_0011155,__singleton__ISIC_0011155,__singleton__ISIC_0011155,60+,mskcc,5,False,5,0.006957814,0.0035976483,0.007648689,0.058241054,0.0054873177,0.8721946,0.045872774,0.01604278,,0.01604278,look,0,,42,look_f0_s42_in22k_v5scr,last
ISIC_0011162,__singleton__ISIC_0011162,__singleton__ISIC_0011162,60+,mskcc,5,False,1,0.010790243,0.88823277,0.005056943,0.04847929,0.0045579094,0.0046923407,0.03819054,0.9035809,,0.9035809,look,0,,42,look_f0_s42_in22k_v5scr,last
ISIC_0011163,__singleton__ISIC_0011163,__singleton__ISIC_0011163,60+,mskcc,4,True,5,0.009133385,0.005881385,0.006692449,0.06742958,0.008278759,0.8525833,0.05000112,0.023293529,,0.023293529,look,0,,42,look_f0_s42_in22k_v5scr,last
ISIC_0011170,__singleton__ISIC_0011170,__singleton__ISIC_0011170,40-59,mskcc,5,False,5,0.010476366,0.006539868,0.0071927886,0.06896517,0.0053880904,0.8514772,0.049960427,0.022404324,,0.022404324,look,0,,42,look_f0_s42_in22k_v5scr,last
ISIC_0011204,__singleton__ISIC_0011204,__singleton__ISIC_0011204,<40,mskcc,5,False,5,0.009601888,0.0060304827,0.006213772,0.061550945,0.0058993963,0.8669274,0.043776233,0.021531766,,0.021531766,look,0,,42,look_f0_s42_in22k_v5scr,last
ISIC_0011208,__singleton__ISIC_0011208,__singleton__ISIC_0011208,<40,mskcc,5,False,5,0.008517306,0.025051968,0.006137718,0.08104336,0.0054808822,0.81932217,0.054446567,0.039050158,,0.039050158,look,0,,42,look_f0_s42_in22k_v5scr,last
ISIC_0011211,__singleton__ISIC_0011211,__singleton__ISIC_0011211,40-59,mskcc,5,False,5,0.010732031,0.0063194623,0.009311466,0.07389683,0.011400881,0.8348217,0.053517673,0.028452374,,0.028452374,look,0,,42,look_f0_s42_in22k_v5scr,last
ISIC_0011227,__singleton__ISIC_0011227,__singleton__ISIC_0011227,40-59,mskcc,5,False,5,0.0153840175,0.029933395,0.0052264566,0.0778787,0.0026461866,0.81787556,0.051055714,0.047963597,,0.047963597,look,0,,42,look_f0_s42_in22k_v5scr,last
ISIC_0011230,__singleton__ISIC_0011230,__singleton__ISIC_0011230,40-59,mskcc,5,False,5,0.009490332,0.007613317,0.008266621,0.06709666,0.020600313,0.8441854,0.042747326,0.03770396,,0.03770396,look,0,,42,look_f0_s42_in22k_v5scr,last
ISIC_0011292,__singleton__ISIC_0011292,__singleton__ISIC_0011292,40-59,mskcc,5,False,5,0.009428614,0.005480804,0.00905696,0.064178646,0.008587237,0.85843676,0.044831023,0.023496656,,0.023496656,look,0,,42,look_f0_s42_in22k_v5scr,last
ISIC_0011298,__singleton__ISIC_0011298,__singleton__ISIC_0011298,40-59,mskcc,5,False,5,0.007467168,0.0051901275,0.0038425815,0.063106105,0.024669444,0.85412246,0.041602157,0.03732674,,0.03732674,look,0,,42,look_f0_s42_in22k_v5scr,last
ISIC_0011304,__singleton__ISIC_0011304,__singleton__ISIC_0011304,<40,mskcc,5,False,5,0.008242242,0.005596437,0.00543422,0.062375642,0.005832205,0.8682833,0.04423596,0.019670883,,0.019670883,look,0,,42,look_f0_s42_in22k_v5scr,last
ISIC_0011322,__singleton__ISIC_0011322,__singleton__ISIC_0011322,<40,mskcc,5,False,5,0.01133398,0.0065751304,0.008416989,0.07341574,0.008052673,0.8430526,0.049152892,0.025961783,,0.025961783,look,0,,42,look_f0_s42_in22k_v5scr,last
ISIC_0011367,__singleton__ISIC_0011367,__singleton__ISIC_0011367,40-59,mskcc,5,False,5,0.010439284,0.004335658,0.0074401363,0.07571228,0.0037898796,0.8451158,0.053166978,0.018564822,,0.018564822,look,0,,42,look_f0_s42_in22k_v5scr,last
ISIC_0011390,__singleton__ISIC_0011390,__singleton__ISIC_0011390,60+,mskcc,4,True,5,0.010143293,0.006064527,0.0054141,0.07073827,0.0050605196,0.855052,0.04752731,0.02126834,,0.02126834,look,0,,42,look_f0_s42_in22k_v5scr,last
ISIC_0012152_downsampled,__singleton__ISIC_0012152_downsampled,__singleton__ISIC_0012152_downsampled,40-59,mskcc,5,False,5,0.009192539,0.005210462,0.004562766,0.060631257,0.013729643,0.8615899,0.045083478,0.028132644,,0.028132644,look,0,,42,look_f0_s42_in22k_v5scr,last
ISIC_0012156_downsampled,__singleton__ISIC_0012156_downsampled,__singleton__ISIC_0012156_downsampled,<40,mskcc,5,False,5,0.006613019,0.003132477,0.0055509075,0.06524815,0.005513194,0.8673472,0.046595097,0.015258689,,0.015258689,look,0,,42,look_f0_s42_in22k_v5scr,last
ISIC_0012191_downsampled,__singleton__ISIC_0012191_downsampled,__singleton__ISIC_0012191_downsampled,60+,mskcc,5,False,5,0.009873211,0.00570499,0.0049592294,0.062168844,0.00701082,0.86670417,0.043578766,0.02258902,,0.02258902,look,0,,42,look_f0_s42_in22k_v5scr,last
ISIC_0012206_downsampled,__singleton__ISIC_0012206_downsampled,__singleton__ISIC_0012206_downsampled,60+,mskcc,5,False,2,0.0042440523,0.0022768003,0.7139883,0.07309514,0.028591935,0.11720979,0.060593937,0.035112787,,0.035112787,look,0,,42,look_f0_s42_in22k_v5scr,last
ISIC_0012216_downsampled,__singleton__ISIC_0012216_downsampled,__singleton__ISIC_0012216_downsampled,40-59,mskcc,5,False,5,0.005110014,0.004286884,0.089405306,0.08454557,0.00269572,0.73073566,0.0832208,0.012092617,,0.012092617,look,0,,42,look_f0_s42_in22k_v5scr,last
ISIC_0012233_downsampled,__singleton__ISIC_0012233_downsampled,__singleton__ISIC_0012233_downsampled,<40,mskcc,5,False,5,0.0085653495,0.004741275,0.0052723605,0.059241988,0.0047359657,0.8731971,0.044246063,0.01804259,,0.01804259,look,0,,42,look_f0_s42_in22k_v5scr,last
ISIC_0012258_downsampled,__singleton__ISIC_0012258_downsampled,__singleton__ISIC_0012258_downsampled,40-59,mskcc,4,True,5,0.0057011857,0.0022558188,0.1377221,0.12664461,0.0051409854,0.65691507,0.06562021,0.013097989,,0.013097989,look,0,,42,look_f0_s42_in22k_v5scr,last
ISIC_0012294_downsampled,__singleton__ISIC_0012294_downsampled,__singleton__ISIC_0012294_downsampled,40-59,mskcc,2,False,2,0.013334244,0.008236959,0.8807507,0.05095044,0.004986717,0.0027683673,0.038972605,0.026557919,,0.026557919,look,0,,42,look_f0_s42_in22k_v5scr,last
ISIC_0012311_downsampled,__singleton__ISIC_0012311_downsampled,__singleton__ISIC_0012311_downsampled,40-59,mskcc,5,False,5,0.010798314,0.0056548207,0.008002268,0.06623476,0.0038718774,0.85578054,0.049657453,0.02032501,,0.02032501,look,0,,42,look_f0_s42_in22k_v5scr,last
ISIC_0012316_downsampled,__singleton__ISIC_0012316_downsampled,__singleton__ISIC_0012316_downsampled,40-59,mskcc,5,False,5,0.012239299,0.0072037946,0.008280146,0.07193552,0.0045998152,0.8491003,0.046641253,0.024042908,,0.024042908,look,0,,42,look_f0_s42_in22k_v5scr,last
ISIC_0012325_downsampled,__singleton__ISIC_0012325_downsampled,__singleton__ISIC_0012325_downsampled,40-59,mskcc,5,False,4,0.010523837,0.0025122333,0.02498319,0.058865994,0.8444286,0.0081568705,0.05052934,0.8574647,,0.8574647,look,0,,42,look_f0_s42_in22k_v5scr,last
ISIC_0012329_downsampled,__singleton__ISIC_0012329_downsampled,__singleton__ISIC_0012329_downsampled,40-59,mskcc,2,False,2,0.0054786783,0.007661266,0.8880179,0.052047078,0.003982871,0.002720643,0.040091507,0.017122816,,0.017122816,look,0,,42,look_f0_s42_in22k_v5scr,last
ISIC_0012333_downsampled,__singleton__ISIC_0012333_downsampled,__singleton__ISIC_0012333_downsampled,40-59,mskcc,5,False,5,0.00862299,0.0049257744,0.0051086866,0.06387813,0.0053227977,0.8670703,0.045071345,0.018871563,,0.018871563,look,0,,42,look_f0_s42_in22k_v5scr,last
ISIC_0012359_downsampled,__singleton__ISIC_0012359_downsampled,__singleton__ISIC_0012359_downsampled,60+,mskcc,2,False,0,0.42645866,0.0061603147,0.27639118,0.11792557,0.027210483,0.004706368,0.14114736,0.45982945,,0.45982945,look,0,,42,look_f0_s42_in22k_v5scr,last
ISIC_0012364_downsampled,__singleton__ISIC_0012364_downsampled,__singleton__ISIC_0012364_downsampled,60+,mskcc,2,False,2,0.008839577,0.0034536219,0.8934991,0.0477141,0.007236369,0.0043164017,0.034940843,0.019529568,,0.019529568,look,0,,42,look_f0_s42_in22k_v5scr,last
ISIC_0012369_downsampled,__singleton__ISIC_0012369_downsampled,__singleton__ISIC_0012369_downsampled,40-59,mskcc,4,True,2,0.0082597,0.0047865645,0.53565437,0.11350554,0.008995872,0.24348252,0.0853154,0.022042137,,0.022042137,look,0,,42,look_f0_s42_in22k_v5scr,last
ISIC_0012377_downsampled,__singleton__ISIC_0012377_downsampled,__singleton__ISIC_0012377_downsampled,60+,mskcc,2,False,2,0.00650292,0.007420022,0.8383678,0.06963396,0.0033335185,0.021968955,0.052772783,0.017256461,,0.017256461,look,0,,42,look_f0_s42_in22k_v5scr,last
ISIC_0012387_downsampled,__singleton__ISIC_0012387_downsampled,__singleton__ISIC_0012387_downsampled,60+,mskcc,2,False,2,0.01098294,0.0063602696,0.8129903,0.09592174,0.01628555,0.012580965,0.044878196,0.03362876,,0.03362876,look,0,,42,look_f0_s42_in22k_v5scr,last
ISIC_0012397_downsampled,__singleton__ISIC_0012397_downsampled,__singleton__ISIC_0012397_downsampled,60+,mskcc,2,False,5,0.013626503,0.0062910523,0.060631853,0.13364817,0.07921175,0.633719,0.07287169,0.099129304,,0.099129304,look,0,,42,look_f0_s42_in22k_v5scr,last
ISIC_0012432_downsampled,__singleton__ISIC_0012432_downsampled,__singleton__ISIC_0012432_downsampled,40-59,mskcc,2,False,2,0.005784711,0.0029974915,0.89238185,0.050332475,0.0063323984,0.0086189015,0.033552095,0.015114601,,0.015114601,look,0,,42,look_f0_s42_in22k_v5scr,last
ISIC_0012481_downsampled,__singleton__ISIC_0012481_downsampled,__singleton__ISIC_0012481_downsampled,40-59,mskcc,5,False,5,0.012537289,0.007950519,0.008912018,0.07757369,0.004452944,0.8368526,0.051720973,0.024940751,,0.024940751,look,0,,42,look_f0_s42_in22k_v5scr,last
ISIC_0012506_downsampled,__singleton__ISIC_0012506_downsampled,__singleton__ISIC_0012506_downsampled,40-59,mskcc,5,False,5,0.008924696,0.005898388,0.006240301,0.06621337,0.0060858205,0.8599256,0.046711843,0.020908903,,0.020908903,look,0,,42,look_f0_s42_in22k_v5scr,last
ISIC_0012510_downsampled,__singleton__ISIC_0012510_downsampled,__singleton__ISIC_0012510_downsampled,60+,mskcc,2,False,2,0.009307166,0.0050639426,0.8698454,0.05721299,0.01582092,0.0038683654,0.038881175,0.030192029,,0.030192029,look,0,,42,look_f0_s42_in22k_v5scr,last
ISIC_0012529_downsampled,__singleton__ISIC_0012529_downsampled,__singleton__ISIC_0012529_downsampled,<40,mskcc,5,False,5,0.01019738,0.005807093,0.006013038,0.06530369,0.0055584367,0.85925233,0.047868077,0.02156291,,0.02156291,look,0,,42,look_f0_s42_in22k_v5scr,last
ISIC_0012544_downsampled,__singleton__ISIC_0012544_downsampled,__singleton__ISIC_0012544_downsampled,40-59,mskcc,5,False,5,0.018436152,0.011317657,0.009673653,0.08313427,0.0052193087,0.8179109,0.054308027,0.03497312,,0.03497312,look,0,,42,look_f0_s42_in22k_v5scr,last
ISIC_0012659_downsampled,MSK4_0010119,MSK4_0010119,<40,mskcc,5,False,5,0.014322996,0.008509973,0.0075022834,0.07242654,0.00466688,0.8428519,0.04971944,0.027499849,,0.027499849,look,0,,42,look_f0_s42_in22k_v5scr,last
ISIC_0012665_downsampled,MSK4_0011179,MSK4_0011179,60+,mskcc,5,False,5,0.011224797,0.0063172034,0.010119712,0.081028335,0.005890455,0.831139,0.054280557,0.023432456,,0.023432456,look,0,,42,look_f0_s42_in22k_v5scr,last
ISIC_0012672_downsampled,MSK4_0010383,MSK4_0010383,40-59,mskcc,5,False,5,0.011262762,0.0047612307,0.005459059,0.06699035,0.00460812,0.85752517,0.049393266,0.020632114,,0.020632114,look,0,,42,look_f0_s42_in22k_v5scr,last
ISIC_0012675_downsampled,MSK4_0011188,MSK4_0011188,40-59,mskcc,5,False,5,0.009812276,0.004783896,0.008954646,0.062891126,0.0065674265,0.8608919,0.04609875,0.021163598,,0.021163598,look,0,,42,look_f0_s42_in22k_v5scr,last
ISIC_0012704_downsampled,MSK4_0011212,MSK4_0011212,60+,mskcc,2,False,5,0.012225902,0.0073775863,0.09697615,0.14746307,0.0033745144,0.64534545,0.08723735,0.022978002,,0.022978002,look,0,,42,look_f0_s42_in22k_v5scr,last
ISIC_0012705_downsampled,MSK4_0010345,MSK4_0010345,60+,mskcc,2,False,5,0.0113144,0.0075867465,0.04928934,0.09403214,0.09055263,0.67468524,0.07253949,0.109453775,,0.109453775,look,0,,42,look_f0_s42_in22k_v5scr,last
ISIC_0012744_downsampled,MSK4_0011260,MSK4_0011260,60+,mskcc,5,False,5,0.012377539,0.00652734,0.006986194,0.070350304,0.0032577056,0.85225534,0.04824553,0.022162585,,0.022162585,look,0,,42,look_f0_s42_in22k_v5scr,last
ISIC_0012787_downsampled,MSK4_0011299,MSK4_0011299,60+,mskcc,5,False,5,0.0092729265,0.0044728727,0.006642444,0.061220396,0.002594804,0.8697819,0.04601464,0.016340604,,0.016340604,look,0,,42,look_f0_s42_in22k_v5scr,last
ISIC_0012800_downsampled,MSK4_0011312,MSK4_0011312,60+,mskcc,2,False,2,0.0084500555,0.0065875095,0.8803301,0.0526137,0.0062606614,0.003256513,0.042501524,0.021298226,,0.021298226,look,0,,42,look_f0_s42_in22k_v5scr,last
ISIC_0012806_downsampled,MSK4_0010996,MSK4_0010996,60+,mskcc,5,False,5,0.0150877675,0.004330111,0.017859481,0.08250082,0.0045678657,0.82208735,0.053566586,0.023985744,,0.023985744,look,0,,42,look_f0_s42_in22k_v5scr,last
ISIC_0012823_downsampled,MSK4_0011334,MSK4_0011334,60+,mskcc,5,False,5,0.013157274,0.0077467095,0.008283142,0.073788956,0.005811529,0.84006387,0.05114849,0.026715511,,0.026715511,look,0,,42,look_f0_s42_in22k_v5scr,last
ISIC_0012848_downsampled,MSK4_0010348,MSK4_0010348,60+,mskcc,2,False,4,0.009326914,0.0053584585,0.048419174,0.1491289,0.6838628,0.05256532,0.051338423,0.6985482,,0.6985482,look,0,,42,look_f0_s42_in22k_v5scr,last
ISIC_0012851_downsampled,MSK4_0011358,MSK4_0011358,40-59,mskcc,2,False,2,0.0069598244,0.0030160807,0.9038839,0.049385153,0.0029561569,0.005257759,0.028541084,0.012932061,,0.012932061,look,0,,42,look_f0_s42_in22k_v5scr,last
ISIC_0012855_downsampled,MSK4_0011362,MSK4_0011362,60+,mskcc,5,False,5,0.007884838,0.0040688976,0.0042908043,0.062142547,0.011880673,0.86835194,0.041380208,0.023834407,,0.023834407,look,0,,42,look_f0_s42_in22k_v5scr,last
ISIC_0012865_downsampled,MSK4_0010004,MSK4_0010004,40-59,mskcc,5,False,5,0.012100449,0.0068251193,0.011435179,0.082201086,0.0033832444,0.8353256,0.04872927,0.022308812,,0.022308812,look,0,,42,look_f0_s42_in22k_v5scr,last
ISIC_0012876_downsampled,MSK4_0011380,MSK4_0011380,40-59,mskcc,5,False,5,0.01572831,0.0041113594,0.008848344,0.09449334,0.042716347,0.76064074,0.07346159,0.06255601,,0.06255601,look,0,,42,look_f0_s42_in22k_v5scr,last
ISIC_0012888_downsampled,MSK4_0011391,MSK4_0011391,<40,mskcc,5,False,5,0.009406228,0.005405644,0.0061017666,0.06278289,0.0064208,0.86211675,0.04776593,0.021232672,,0.021232672,look,0,,42,look_f0_s42_in22k_v5scr,last
ISIC_0012907_downsampled,MSK4_0011410,MSK4_0011410,60+,mskcc,5,False,5,0.011387246,0.0051802774,0.009564071,0.060930684,0.0038661044,0.85711545,0.05195622,0.020433627,,0.020433627,look,0,,42,look_f0_s42_in22k_v5scr,last
ISIC_0012949_downsampled,MSK4_0011451,MSK4_0011451,<40,mskcc,5,False,5,0.01308344,0.007951385,0.007559372,0.07321886,0.0064525492,0.84033287,0.051401425,0.027487375,,0.027487375,look,0,,42,look_f0_s42_in22k_v5scr,last
ISIC_0012959_downsampled,MSK4_0011460,MSK4_0011460,60+,mskcc,2,False,2,0.007637027,0.009029456,0.8890494,0.05019164,0.0052062618,0.0035839675,0.035302207,0.021872744,,0.021872744,look,0,,42,look_f0_s42_in22k_v5scr,last
ISIC_0012988_downsampled,MSK4_0011000,MSK4_0011000,40-59,mskcc,4,True,4,0.015079535,0.007353235,0.0060305353,0.08334496,0.45372665,0.36568776,0.06877732,0.47615942,,0.47615942,look,0,,42,look_f0_s42_in22k_v5scr,last
ISIC_0013012_downsampled,MSK4_0011514,MSK4_0011514,40-59,mskcc,5,False,4,0.011457725,0.007413774,0.005189437,0.068167664,0.8506762,0.004260093,0.05283512,0.86954767,,0.86954767,look,0,,42,look_f0_s42_in22k_v5scr,last
ISIC_0013132_downsampled,MSK4_0011613,MSK4_0011613,<40,mskcc,5,False,5,0.009345839,0.0061145606,0.009127436,0.06411306,0.0050946996,0.8618088,0.044395685,0.0205551,,0.0205551,look,0,,42,look_f0_s42_in22k_v5scr,last
ISIC_0013155_downsampled,MSK4_0011626,MSK4_0011626,<40,mskcc,5,False,5,0.009972295,0.0053827646,0.009435895,0.0713078,0.0048334007,0.8461243,0.05294352,0.02018846,,0.02018846,look,0,,42,look_f0_s42_in22k_v5scr,last
ISIC_0013165_downsampled,MSK4_0010391,MSK4_0010391,40-59,mskcc,2,False,2,0.0084264,0.00551725,0.8956005,0.04853995,0.0047777225,0.0039031801,0.033235013,0.018721372,,0.018721372,look,0,,42,look_f0_s42_in22k_v5scr,last
ISIC_0013173_downsampled,MSK4_0011639,MSK4_0011639,40-59,mskcc,5,False,5,0.013605356,0.008751046,0.00863055,0.068060055,0.0037181145,0.8462583,0.050976694,0.026074518,,0.026074518,look,0,,42,look_f0_s42_in22k_v5scr,last
ISIC_0013203_downsampled,MSK4_0011663,MSK4_0011663,60+,mskcc,2,False,2,0.003411251,0.0043897033,0.44382954,0.103726305,0.01363413,0.31366917,0.11733988,0.021435086,,0.021435086,look,0,,42,look_f0_s42_in22k_v5scr,last
ISIC_0013213_downsampled,MSK4_0011673,MSK4_0011673,40-59,mskcc,5,False,5,0.009951594,0.0045641367,0.015185685,0.071275994,0.014840486,0.8377195,0.046462562,0.029356219,,0.029356219,look,0,,42,look_f0_s42_in22k_v5scr,last
ISIC_0013257_downsampled,MSK4_0011709,MSK4_0011709,<40,mskcc,5,False,5,0.009341691,0.0059747035,0.0046165977,0.07128767,0.023548927,0.8348505,0.05037993,0.03886532,,0.03886532,look,0,,42,look_f0_s42_in22k_v5scr,last
ISIC_0013268_downsampled,MSK4_0011008,MSK4_0011008,40-59,mskcc,2,False,2,0.0043104873,0.0028657173,0.90717775,0.044165093,0.0038646327,0.0028222464,0.034794036,0.0110408375,,0.0110408375,look,0,,42,look_f0_s42_in22k_v5scr,last
ISIC_0013311_downsampled,MSK4_0011750,MSK4_0011750,<40,mskcc,5,False,5,0.0076344535,0.0036233112,0.004174743,0.056886077,0.004732645,0.8841131,0.03883565,0.01599041,,0.01599041,look,0,,42,look_f0_s42_in22k_v5scr,last
ISIC_0013326_downsampled,MSK4_0011758,MSK4_0011758,60+,mskcc,5,False,5,0.005930515,0.0051642735,0.397643,0.09892301,0.0063922,0.4284946,0.057452425,0.017486988,,0.017486988,look,0,,42,look_f0_s42_in22k_v5scr,last
ISIC_0013393_downsampled,MSK4_0011805,MSK4_0011805,60+,mskcc,2,False,2,0.007362124,0.0017988248,0.88027924,0.05619213,0.0030220926,0.017862245,0.033483338,0.012183041,,0.012183041,look,0,,42,look_f0_s42_in22k_v5scr,last
ISIC_0013405_downsampled,MSK4_0010148,MSK4_0010148,60+,mskcc,5,False,5,0.011718124,0.005551111,0.019279106,0.076085255,0.0025305003,0.8328872,0.051948845,0.019799735,,0.019799735,look,0,,42,look_f0_s42_in22k_v5scr,last
ISIC_0013409_downsampled,MSK4_0011817,MSK4_0011817,60+,mskcc,2,False,2,0.006534778,0.0034977128,0.8855745,0.051664066,0.009660687,0.0036588835,0.039409347,0.019693177,,0.019693177,look,0,,42,look_f0_s42_in22k_v5scr,last
ISIC_0013424_downsampled,MSK4_0010677,MSK4_0010677,60+,mskcc,5,False,5,0.015241779,0.006727025,0.017481076,0.10582982,0.0101810135,0.77097416,0.07356511,0.032149818,,0.032149818,look,0,,42,look_f0_s42_in22k_v5scr,last
ISIC_0013437_downsampled,MSK4_0011831,MSK4_0011831,<40,mskcc,5,False,5,0.00973358,0.0062595997,0.0045168363,0.064538494,0.011432088,0.8614892,0.04203023,0.027425267,,0.027425267,look,0,,42,look_f0_s42_in22k_v5scr,last
ISIC_0013438_downsampled,MSK4_0011832,MSK4_0011832,60+,mskcc,5,False,5,0.014698641,0.0074923513,0.007909742,0.07509366,0.003677644,0.8325049,0.05862291,0.025868636,,0.025868636,look,0,,42,look_f0_s42_in22k_v5scr,last
ISIC_0013458_downsampled,MSK4_0011836,MSK4_0011836,40-59,mskcc,2,False,2,0.010081553,0.0042078905,0.83452535,0.068728864,0.029322315,0.0063889753,0.04674503,0.043611757,,0.043611757,look,0,,42,look_f0_s42_in22k_v5scr,last
ISIC_0013488_downsampled,MSK4_0010433,MSK4_0010433,60+,mskcc,5,False,5,0.009961052,0.004497355,0.0069924355,0.059974514,0.008467822,0.8640107,0.046096157,0.02292623,,0.02292623,look,0,,42,look_f0_s42_in22k_v5scr,last
ISIC_0013526_downsampled,MSK4_0010531,MSK4_0010531,40-59,mskcc,5,False,5,0.009134378,0.006238049,0.007148153,0.067350246,0.0057150493,0.857132,0.047282007,0.021087477,,0.021087477,look,0,,42,look_f0_s42_in22k_v5scr,last
ISIC_0013529_downsampled,MSK4_0010534,MSK4_0010534,40-59,mskcc,5,False,5,0.008244726,0.0037334706,0.005876863,0.064070426,0.008592175,0.86287427,0.046608075,0.020570371,,0.020570371,look,0,,42,look_f0_s42_in22k_v5scr,last
ISIC_0013584_downsampled,MSK4_0011843,MSK4_0011843,60+,mskcc,2,False,5,0.012147065,0.007816164,0.0062344247,0.09225315,0.01840904,0.8058521,0.057288054,0.03837227,,0.03837227,look,0,,42,look_f0_s42_in22k_v5scr,last
ISIC_0013618_downsampled,MSK4_0010712,MSK4_0010712,60+,mskcc,4,True,4,0.006662065,0.0041064117,0.0018578548,0.046982553,0.89999455,0.0033609846,0.037035707,0.910763,,0.910763,look,0,,42,look_f0_s42_in22k_v5scr,last
ISIC_0013644_downsampled,MSK4_0010827,MSK4_0010827,40-59,mskcc,4,True,4,0.010906315,0.0032072233,0.029110022,0.05622694,0.86520493,0.0040074466,0.031337228,0.8793185,,0.8793185,look,0,,42,look_f0_s42_in22k_v5scr,last
ISIC_0013667_downsampled,MSK4_0010553,MSK4_0010553,40-59,mskcc,2,False,5,0.014892329,0.008482772,0.010137016,0.09199352,0.24286501,0.56035227,0.071277104,0.26624012,,0.26624012,look,0,,42,look_f0_s42_in22k_v5scr,last
ISIC_0013675_downsampled,MSK4_0011853,MSK4_0011853,60+,mskcc,5,False,5,0.0122971125,0.006054467,0.006888079,0.06598997,0.004905615,0.8541527,0.049712125,0.023257194,,0.023257194,look,0,,42,look_f0_s42_in22k_v5scr,last
ISIC_0013676_downsampled,MSK4_0010981,MSK4_0010981,40-59,mskcc,5,False,5,0.012452258,0.0062291482,0.006558206,0.07090758,0.00782934,0.84758765,0.048435807,0.026510747,,0.026510747,look,0,,42,look_f0_s42_in22k_v5scr,last
ISIC_0013682_downsampled,MSK4_0011854,MSK4_0011854,60+,mskcc,2,False,2,0.010011738,0.19409204,0.34576142,0.12473169,0.008339102,0.23995198,0.077112,0.21244287,,0.21244287,look,0,,42,look_f0_s42_in22k_v5scr,last
ISIC_0013707_downsampled,MSK4_0010180,MSK4_0010180,60+,mskcc,2,False,2,0.015669892,0.0043960754,0.8753219,0.054357123,0.0041026175,0.003042653,0.043109696,0.024168584,,0.024168584,look,0,,42,look_f0_s42_in22k_v5scr,last
ISIC_0013737_downsampled,MSK4_0011860,MSK4_0011860,<40,mskcc,5,False,5,0.008771131,0.0058375387,0.0065334416,0.068187535,0.0052820514,0.8563843,0.049003914,0.019890722,,0.019890722,look,0,,42,look_f0_s42_in22k_v5scr,last
ISIC_0013739_downsampled,MSK4_0010964,MSK4_0010964,40-59,mskcc,4,True,5,0.007689582,0.003726549,0.0055448,0.065914564,0.005055806,0.8669239,0.04514474,0.016471937,,0.016471937,look,0,,42,look_f0_s42_in22k_v5scr,last
ISIC_0013748_downsampled,MSK4_0011079,MSK4_0011079,40-59,mskcc,5,False,4,0.008470454,0.0044375663,0.004720173,0.053456295,0.8893137,0.0031333093,0.036468584,0.90222174,,0.90222174,look,0,,42,look_f0_s42_in22k_v5scr,last
ISIC_0013762_downsampled,MSK4_0010014,MSK4_0010014,60+,mskcc,4,True,4,0.0070789363,0.0050693895,0.008236376,0.066037685,0.87179804,0.004063041,0.037716568,0.88394636,,0.88394636,look,0,,42,look_f0_s42_in22k_v5scr,last
ISIC_0013777_downsampled,MSK4_0010919,MSK4_0010919,60+,mskcc,4,True,5,0.013049723,0.006586483,0.0073335418,0.08764949,0.03116531,0.79634386,0.05787163,0.050801516,,0.050801516,look,0,,42,look_f0_s42_in22k_v5scr,last
ISIC_0013801_downsampled,MSK4_0011090,MSK4_0011090,40-59,mskcc,5,False,4,0.010327013,0.0063147093,0.005715208,0.074436404,0.76726687,0.08600557,0.049934257,0.7839086,,0.7839086,look,0,,42,look_f0_s42_in22k_v5scr,last
ISIC_0013805_downsampled,MSK4_0011095,MSK4_0011095,40-59,mskcc,5,False,5,0.007515987,0.0032684174,0.0047591967,0.058928587,0.01337363,0.86794,0.04421412,0.024158034,,0.024158034,look,0,,42,look_f0_s42_in22k_v5scr,last
ISIC_0013807_downsampled,MSK4_0011097,MSK4_0011097,40-59,mskcc,5,False,5,0.009401236,0.006327249,0.0076229977,0.07455626,0.0057214866,0.8480529,0.04831789,0.021449972,,0.021449972,look,0,,42,look_f0_s42_in22k_v5scr,last
ISIC_0013835_downsampled,MSK4_0011865,MSK4_0011865,40-59,mskcc,5,False,5,0.011185662,0.32490692,0.022414548,0.15436277,0.04294742,0.3340701,0.11011263,0.37904,,0.37904,look,0,,42,look_f0_s42_in22k_v5scr,last
ISIC_0013836_downsampled,MSK4_0011866,MSK4_0011866,<40,mskcc,5,False,5,0.013414043,0.007446683,0.00812329,0.071801335,0.0060149683,0.8430026,0.05019696,0.026875693,,0.026875693,look,0,,42,look_f0_s42_in22k_v5scr,last
ISIC_0013842_downsampled,MSK4_0010755,MSK4_0010755,60+,mskcc,4,True,5,0.01800304,0.009296989,0.005751854,0.11112598,0.038540892,0.7547047,0.062576436,0.06584092,,0.06584092,look,0,,42,look_f0_s42_in22k_v5scr,last
ISIC_0013861_downsampled,MSK4_0010014,MSK4_0010014,60+,mskcc,4,True,4,0.0059086066,0.0051692585,0.0068680085,0.065416075,0.87129563,0.003287942,0.042054363,0.8823735,,0.8823735,look,0,,42,look_f0_s42_in22k_v5scr,last
ISIC_0013863_downsampled,MSK4_0010535,MSK4_0010535,40-59,mskcc,2,False,5,0.0062211887,0.005785029,0.33552817,0.12564243,0.006212094,0.43112773,0.0894834,0.018218312,,0.018218312,look,0,,42,look_f0_s42_in22k_v5scr,last
ISIC_0013927_downsampled,MSK4_0011881,MSK4_0011881,60+,mskcc,2,False,2,0.009694882,0.0038795506,0.89075994,0.04766453,0.0057729385,0.0045503266,0.03767785,0.019347372,,0.019347372,look,0,,42,look_f0_s42_in22k_v5scr,last
ISIC_0014004_downsampled,MSK4_0010474,MSK4_0010474,40-59,mskcc,5,False,5,0.009201041,0.0051989555,0.0064099915,0.0639404,0.0022366478,0.86807203,0.044940915,0.016636645,,0.016636645,look,0,,42,look_f0_s42_in22k_v5scr,last
ISIC_0014032_downsampled,MSK4_0010292,MSK4_0010292,60+,mskcc,2,False,2,0.0064817574,0.0035343189,0.8797931,0.057559192,0.0086996285,0.0034379032,0.040494125,0.018715706,,0.018715706,look,0,,42,look_f0_s42_in22k_v5scr,last
ISIC_0014045_downsampled,MSK4_0011113,MSK4_0011113,60+,mskcc,5,False,4,0.0071596876,0.0032635562,0.00866081,0.041559283,0.9147098,0.001801421,0.022845386,0.92513305,,0.92513305,look,0,,42,look_f0_s42_in22k_v5scr,last
ISIC_0014046_downsampled,MSK4_0011114,MSK4_0011114,60+,mskcc,5,False,5,0.0109293,0.006862274,0.005251963,0.07333565,0.0054907566,0.84865236,0.049477693,0.02328233,,0.02328233,look,0,,42,look_f0_s42_in22k_v5scr,last
ISIC_0014082_downsampled,MSK4_0010710,MSK4_0010710,60+,mskcc,4,True,4,0.006825436,0.0038231218,0.005328646,0.05845749,0.88435346,0.004811864,0.036400028,0.895002,,0.895002,look,0,,42,look_f0_s42_in22k_v5scr,last
ISIC_0014088_downsampled,MSK4_0010394,MSK4_0010394,40-59,mskcc,4,True,4,0.0053048935,0.0026157533,0.0013096121,0.050722674,0.8915186,0.013104718,0.03542366,0.8994392,,0.8994392,look,0,,42,look_f0_s42_in22k_v5scr,last
ISIC_0014089_downsampled,MSK4_0010395,MSK4_0010395,40-59,mskcc,5,False,5,0.009109095,0.0057995566,0.0056083817,0.06541483,0.0051369197,0.86321807,0.045713183,0.020045571,,0.020045571,look,0,,42,look_f0_s42_in22k_v5scr,last
ISIC_0014090_downsampled,MSK4_0011917,MSK4_0011917,60+,mskcc,5,False,5,0.009460556,0.0065117483,0.0068072267,0.06614762,0.0046740766,0.8598739,0.046524998,0.020646382,,0.020646382,look,0,,42,look_f0_s42_in22k_v5scr,last
ISIC_0014110_downsampled,MSK4_0010849,MSK4_0010849,60+,mskcc,4,True,4,0.0353393,0.0081649,0.0061678677,0.08272487,0.7001756,0.10131305,0.06611452,0.74367976,,0.74367976,look,0,,42,look_f0_s42_in22k_v5scr,last
ISIC_0014127_downsampled,MSK4_0010380,MSK4_0010380,40-59,mskcc,4,True,5,0.018110242,0.00725892,0.010031462,0.120911375,0.2227339,0.5519131,0.06904103,0.24810307,,0.24810307,look,0,,42,look_f0_s42_in22k_v5scr,last
ISIC_0014144_downsampled,MSK4_0010943,MSK4_0010943,60+,mskcc,4,True,5,0.009441521,0.0049981186,0.0043133735,0.06273811,0.0070761214,0.8669259,0.044506896,0.02151576,,0.02151576,look,0,,42,look_f0_s42_in22k_v5scr,last
ISIC_0014219_downsampled,MSK4_0010841,MSK4_0010841,60+,mskcc,4,True,4,0.00774017,0.0035127304,0.0075499457,0.05828514,0.8810953,0.003913261,0.037903443,0.8923482,,0.8923482,look,0,,42,look_f0_s42_in22k_v5scr,last
ISIC_0014255_downsampled,MSK4_0010462,MSK4_0010462,60+,mskcc,4,True,2,0.10392288,0.0009982113,0.5506423,0.16160232,0.04026936,0.050570562,0.09199432,0.14519045,,0.14519045,look,0,,42,look_f0_s42_in22k_v5scr,last
ISIC_0014288_downsampled,MSK4_0010820,MSK4_0010820,60+,mskcc,4,True,5,0.010115475,0.0046998975,0.006022717,0.06964475,0.004902803,0.8528058,0.05180864,0.019718176,,0.019718176,look,0,,42,look_f0_s42_in22k_v5scr,last
ISIC_0014290_downsampled,MSK4_0010945,MSK4_0010945,60+,mskcc,4,True,5,0.011272591,0.00935764,0.007047563,0.09505855,0.091414094,0.7258841,0.059965473,0.11204432,,0.11204432,look,0,,42,look_f0_s42_in22k_v5scr,last
ISIC_0014311_downsampled,MSK4_0010830,MSK4_0010830,40-59,mskcc,2,False,2,0.0051908856,0.0028525542,0.91475374,0.043154906,0.0029701667,0.0022805878,0.028797127,0.011013607,,0.011013607,look,0,,42,look_f0_s42_in22k_v5scr,last
ISIC_0014336_downsampled,MSK4_0010876,MSK4_0010876,60+,mskcc,4,True,4,0.007725948,0.004037272,0.0023201169,0.05879141,0.8841619,0.0033908822,0.039572503,0.8959251,,0.8959251,look,0,,42,look_f0_s42_in22k_v5scr,last
ISIC_0014365_downsampled,MSK4_0010689,MSK4_0010689,40-59,mskcc,5,False,4,0.034724865,0.018108394,0.00972616,0.12562798,0.365654,0.3519547,0.09420391,0.41848725,,0.41848725,look,0,,42,look_f0_s42_in22k_v5scr,last
ISIC_0014433_downsampled,MSK4_0010593,MSK4_0010593,60+,mskcc,5,False,4,0.0068085045,0.0026993463,0.004380064,0.057409763,0.88457793,0.0050837253,0.039040778,0.89408576,,0.89408576,look,0,,42,look_f0_s42_in22k_v5scr,last
ISIC_0014434_downsampled,MSK4_0010330,MSK4_0010330,<40,mskcc,4,True,2,0.0059488514,0.0037203887,0.40956065,0.16475259,0.018650142,0.32023892,0.077128455,0.028319383,,0.028319383,look,0,,42,look_f0_s42_in22k_v5scr,last
ISIC_0014503_downsampled,MSK4_0010469,MSK4_0010469,40-59,mskcc,2,False,2,0.004102946,0.0021633655,0.9146789,0.038027026,0.0031216391,0.011135857,0.026770325,0.00938795,,0.00938795,look,0,,42,look_f0_s42_in22k_v5scr,last
ISIC_0014581_downsampled,__singleton__ISIC_0014581_downsampled,__singleton__ISIC_0014581_downsampled,60+,mskcc,2,False,2,0.005962515,0.004147726,0.9019742,0.044317767,0.004710231,0.0026139815,0.036273636,0.014820471,,0.014820471,look,0,,42,look_f0_s42_in22k_v5scr,last
ISIC_0014591_downsampled,__singleton__ISIC_0014591_downsampled,__singleton__ISIC_0014591_downsampled,60+,mskcc,2,False,2,0.008086525,0.0046722726,0.88980246,0.053136934,0.0048137344,0.004063078,0.035425037,0.017572531,,0.017572531,look,0,,42,look_f0_s42_in22k_v5scr,last
ISIC_0014598_downsampled,__singleton__ISIC_0014598_downsampled,__singleton__ISIC_0014598_downsampled,60+,mskcc,2,False,2,0.007610445,0.008630057,0.6487301,0.098680116,0.0078249015,0.16023146,0.068292946,0.024065403,,0.024065403,look,0,,42,look_f0_s42_in22k_v5scr,last
ISIC_0014605_downsampled,__singleton__ISIC_0014605_downsampled,__singleton__ISIC_0014605_downsampled,60+,mskcc,2,False,2,0.0061393618,0.0036007427,0.91525716,0.041277908,0.0034446388,0.0023960054,0.02788419,0.013184744,,0.013184744,look,0,,42,look_f0_s42_in22k_v5scr,last
ISIC_0014606_downsampled,__singleton__ISIC_0014606_downsampled,__singleton__ISIC_0014606_downsampled,60+,mskcc,2,False,5,0.017926354,0.005401916,0.030232998,0.096593514,0.007846036,0.7687481,0.07325108,0.031174306,,0.031174306,look,0,,42,look_f0_s42_in22k_v5scr,last
ISIC_0014609_downsampled,__singleton__ISIC_0014609_downsampled,__singleton__ISIC_0014609_downsampled,60+,mskcc,2,False,2,0.0046037906,0.0044694976,0.9117466,0.04122322,0.0051472043,0.004831695,0.027978012,0.014220493,,0.014220493,look,0,,42,look_f0_s42_in22k_v5scr,last
ISIC_0014616_downsampled,__singleton__ISIC_0014616_downsampled,__singleton__ISIC_0014616_downsampled,60+,mskcc,2,False,2,0.010562501,0.0058721644,0.78228027,0.07638219,0.003365351,0.06570683,0.0558307,0.019800017,,0.019800017,look,0,,42,look_f0_s42_in22k_v5scr,last
ISIC_0014618_downsampled,__singleton__ISIC_0014618_downsampled,__singleton__ISIC_0014618_downsampled,60+,mskcc,2,False,2,0.008118089,0.00531266,0.8783354,0.057192676,0.0055579217,0.0039687604,0.04151446,0.01898867,,0.01898867,look,0,,42,look_f0_s42_in22k_v5scr,last
ISIC_0014620_downsampled,__singleton__ISIC_0014620_downsampled,__singleton__ISIC_0014620_downsampled,60+,mskcc,2,False,2,0.01136493,0.008422654,0.88270605,0.05240127,0.0030681433,0.0057639666,0.03627291,0.022855727,,0.022855727,look,0,,42,look_f0_s42_in22k_v5scr,last
ISIC_0014627_downsampled,__singleton__ISIC_0014627_downsampled,__singleton__ISIC_0014627_downsampled,60+,mskcc,2,False,2,0.007166643,0.003464916,0.87688684,0.05203084,0.0033790236,0.015469958,0.041601703,0.014010583,,0.014010583,look,0,,42,look_f0_s42_in22k_v5scr,last
ISIC_0014633_downsampled,__singleton__ISIC_0014633_downsampled,__singleton__ISIC_0014633_downsampled,60+,mskcc,2,False,2,0.013214669,0.0035680458,0.8693685,0.052130442,0.0025528253,0.022311036,0.036854476,0.019335542,,0.019335542,look,0,,42,look_f0_s42_in22k_v5scr,last
ISIC_0014636_downsampled,__singleton__ISIC_0014636_downsampled,__singleton__ISIC_0014636_downsampled,60+,mskcc,2,False,2,0.0067570307,0.0036636926,0.84386885,0.074880585,0.0027901514,0.020798199,0.04724157,0.013210874,,0.013210874,look,0,,42,look_f0_s42_in22k_v5scr,last
ISIC_0014643_downsampled,__singleton__ISIC_0014643_downsampled,__singleton__ISIC_0014643_downsampled,60+,mskcc,2,False,2,0.006760838,0.0043508885,0.89588046,0.046850767,0.003573841,0.0058409437,0.036742315,0.0146855675,,0.0146855675,look,0,,42,look_f0_s42_in22k_v5scr,last
ISIC_0014648_downsampled,__singleton__ISIC_0014648_downsampled,__singleton__ISIC_0014648_downsampled,60+,mskcc,2,False,2,0.008514487,0.006541492,0.88950634,0.05281829,0.002853409,0.0027788896,0.03698713,0.017909387,,0.017909387,look,0,,42,look_f0_s42_in22k_v5scr,last
ISIC_0014651_downsampled,__singleton__ISIC_0014651_downsampled,__singleton__ISIC_0014651_downsampled,60+,mskcc,2,False,2,0.008224687,0.0050760475,0.9038131,0.04377475,0.002863963,0.00247626,0.03377105,0.016164696,,0.016164696,look,0,,42,look_f0_s42_in22k_v5scr,last
ISIC_0014654_downsampled,__singleton__ISIC_0014654_downsampled,__singleton__ISIC_0014654_downsampled,60+,mskcc,2,False,2,0.008363925,0.005627878,0.8949031,0.048426636,0.0038659938,0.0027639475,0.0360485,0.017857797,,0.017857797,look,0,,42,look_f0_s42_in22k_v5scr,last
ISIC_0014665_downsampled,__singleton__ISIC_0014665_downsampled,__singleton__ISIC_0014665_downsampled,40-59,mskcc,5,False,5,0.010090275,0.0047398517,0.014270963,0.056046993,0.0045344504,0.8684129,0.04190454,0.019364577,,0.019364577,look,0,,42,look_f0_s42_in22k_v5scr,last
ISIC_0014666_downsampled,__singleton__ISIC_0014666_downsampled,__singleton__ISIC_0014666_downsampled,60+,mskcc,4,True,4,0.011789553,0.0029941055,0.008929371,0.052766252,0.87640685,0.0060064704,0.04110733,0.8911905,,0.8911905,look,0,,42,look_f0_s42_in22k_v5scr,last
ISIC_0014680_downsampled,__singleton__ISIC_0014680_downsampled,__singleton__ISIC_0014680_downsampled,<40,mskcc,5,False,5,0.008786046,0.0053012995,0.0044460003,0.060064174,0.0049394984,0.875411,0.041051965,0.019026844,,0.019026844,look,0,,42,look_f0_s42_in22k_v5scr,last
ISIC_0014692_downsampled,__singleton__ISIC_0014692_downsampled,__singleton__ISIC_0014692_downsampled,40-59,mskcc,5,False,5,0.010100848,0.00461386,0.0070883282,0.06616422,0.00596062,0.85841936,0.04765279,0.020675328,,0.020675328,look,0,,42,look_f0_s42_in22k_v5scr,last
ISIC_0014693_downsampled,__singleton__ISIC_0014693_downsampled,__singleton__ISIC_0014693_downsampled,40-59,mskcc,5,False,4,0.011625852,0.0028637734,0.007801994,0.07615237,0.6711317,0.17675593,0.05366838,0.6856213,,0.6856213,look,0,,42,look_f0_s42_in22k_v5scr,last
ISIC_0014739_downsampled,__singleton__ISIC_0014739_downsampled,__singleton__ISIC_0014739_downsampled,unknown,mskcc,5,False,5,0.009602249,0.004490712,0.006021594,0.06630602,0.0053974134,0.8579675,0.050214525,0.019490374,,0.019490374,look,0,,42,look_f0_s42_in22k_v5scr,last
ISIC_0014749_downsampled,__singleton__ISIC_0014749_downsampled,__singleton__ISIC_0014749_downsampled,<40,mskcc,5,False,5,0.008222788,0.0040407144,0.004353166,0.06310999,0.0035361028,0.8742271,0.042510167,0.015799604,,0.015799604,look,0,,42,look_f0_s42_in22k_v5scr,last
ISIC_0014755_downsampled,__singleton__ISIC_0014755_downsampled,__singleton__ISIC_0014755_downsampled,<40,mskcc,5,False,5,0.009198926,0.0038236328,0.0049690236,0.061474513,0.006124738,0.8695952,0.044813912,0.019147297,,0.019147297,look,0,,42,look_f0_s42_in22k_v5scr,last
ISIC_0014766_downsampled,__singleton__ISIC_0014766_downsampled,__singleton__ISIC_0014766_downsampled,40-59,mskcc,4,True,4,0.009420382,0.005756494,0.0076329117,0.056486476,0.87574977,0.0037391642,0.04121474,0.89092666,,0.89092666,look,0,,42,look_f0_s42_in22k_v5scr,last
ISIC_0014771_downsampled,__singleton__ISIC_0014771_downsampled,__singleton__ISIC_0014771_downsampled,40-59,mskcc,5,False,5,0.012145173,0.0063044867,0.009566697,0.12934561,0.05652997,0.71727216,0.06883582,0.07497963,,0.07497963,look,0,,42,look_f0_s42_in22k_v5scr,last
ISIC_0014783_downsampled,__singleton__ISIC_0014783_downsampled,__singleton__ISIC_0014783_downsampled,<40,mskcc,5,False,5,0.009441926,0.004892519,0.0066079097,0.067398675,0.00887057,0.85367185,0.04911661,0.023205016,,0.023205016,look,0,,42,look_f0_s42_in22k_v5scr,last
ISIC_0014788_downsampled,__singleton__ISIC_0014788_downsampled,__singleton__ISIC_0014788_downsampled,unknown,mskcc,4,True,4,0.011622909,0.0064518168,0.009891989,0.057977445,0.8725338,0.0049105566,0.036611516,0.89060855,,0.89060855,look,0,,42,look_f0_s42_in22k_v5scr,last
ISIC_0014790_downsampled,__singleton__ISIC_0014790_downsampled,__singleton__ISIC_0014790_downsampled,60+,mskcc,4,True,4,0.010218099,0.0034741447,0.008573899,0.06227668,0.8670673,0.0066450243,0.04174488,0.88075954,,0.88075954,look,0,,42,look_f0_s42_in22k_v5scr,last
ISIC_0014797_downsampled,__singleton__ISIC_0014797_downsampled,__singleton__ISIC_0014797_downsampled,60+,mskcc,5,False,6,0.0015443165,0.00038925675,0.00041202726,0.008881472,0.00054275687,0.0007640468,0.98746616,0.0024763301,,0.0024763301,look,0,,42,look_f0_s42_in22k_v5scr,last
ISIC_0014869_downsampled,__singleton__ISIC_0014869_downsampled,__singleton__ISIC_0014869_downsampled,40-59,mskcc,5,False,5,0.008070354,0.0032707043,0.004061899,0.060016774,0.007602879,0.8725926,0.04438473,0.018943937,,0.018943937,look,0,,42,look_f0_s42_in22k_v5scr,last
ISIC_0014936_downsampled,__singleton__ISIC_0014936_downsampled,__singleton__ISIC_0014936_downsampled,40-59,mskcc,5,False,5,0.009775709,0.0048310845,0.008212656,0.07321291,0.005518845,0.8471823,0.051266592,0.020125639,,0.020125639,look,0,,42,look_f0_s42_in22k_v5scr,last
ISIC_0014955_downsampled,__singleton__ISIC_0014955_downsampled,__singleton__ISIC_0014955_downsampled,60+,mskcc,5,False,5,0.007583949,0.0041265897,0.0046761706,0.05944783,0.009610562,0.87600607,0.03854876,0.0213211,,0.0213211,look,0,,42,look_f0_s42_in22k_v5scr,last
ISIC_0014957_downsampled,__singleton__ISIC_0014957_downsampled,__singleton__ISIC_0014957_downsampled,<40,mskcc,5,False,5,0.0073622838,0.0046516913,0.005452927,0.06213668,0.005695953,0.87103593,0.04366456,0.01770993,,0.01770993,look,0,,42,look_f0_s42_in22k_v5scr,last
ISIC_0014963_downsampled,__singleton__ISIC_0014963_downsampled,__singleton__ISIC_0014963_downsampled,60+,mskcc,4,True,4,0.007144399,0.004077509,0.0050452417,0.06806151,0.8557261,0.011043961,0.048901327,0.866948,,0.866948,look,0,,42,look_f0_s42_in22k_v5scr,last
ISIC_0014989_downsampled,__singleton__ISIC_0014989_downsampled,__singleton__ISIC_0014989_downsampled,<40,mskcc,5,False,5,0.006626266,0.0035244164,0.0036361057,0.058229618,0.004298362,0.88265246,0.041032787,0.014449044,,0.014449044,look,0,,42,look_f0_s42_in22k_v5scr,last
ISIC_0015031_downsampled,__singleton__ISIC_0015031_downsampled,__singleton__ISIC_0015031_downsampled,<40,mskcc,5,False,5,0.009616778,0.004899038,0.0062209154,0.0606864,0.002475902,0.8665168,0.04958416,0.016991718,,0.016991718,look,0,,42,look_f0_s42_in22k_v5scr,last
ISIC_0015043_downsampled,__singleton__ISIC_0015043_downsampled,__singleton__ISIC_0015043_downsampled,<40,mskcc,5,False,5,0.0075038676,0.005926132,0.0042288243,0.05733841,0.004153487,0.88005966,0.04078959,0.017583486,,0.017583486,look,0,,42,look_f0_s42_in22k_v5scr,last
ISIC_0015056_downsampled,__singleton__ISIC_0015056_downsampled,__singleton__ISIC_0015056_downsampled,60+,mskcc,5,False,4,0.012061431,0.004574064,0.008160506,0.06468959,0.8597573,0.0033987067,0.047358375,0.8763928,,0.8763928,look,0,,42,look_f0_s42_in22k_v5scr,last
ISIC_0015110_downsampled,__singleton__ISIC_0015110_downsampled,__singleton__ISIC_0015110_downsampled,60+,mskcc,4,True,4,0.019895472,0.006028212,0.22085941,0.15913774,0.49045816,0.005677249,0.097943835,0.51638186,,0.51638186,look,0,,42,look_f0_s42_in22k_v5scr,last
ISIC_0015132_downsampled,__singleton__ISIC_0015132_downsampled,__singleton__ISIC_0015132_downsampled,60+,mskcc,4,True,4,0.008636977,0.0043015187,0.004064663,0.05456338,0.8852082,0.0025059832,0.04071919,0.8981467,,0.8981467,look,0,,42,look_f0_s42_in22k_v5scr,last
ISIC_0015149_downsampled,__singleton__ISIC_0015149_downsampled,__singleton__ISIC_0015149_downsampled,60+,mskcc,5,False,4,0.025953734,0.009100119,0.011570207,0.13940693,0.36933666,0.347228,0.0974043,0.4043905,,0.4043905,look,0,,42,look_f0_s42_in22k_v5scr,last
ISIC_0015156_downsampled,__singleton__ISIC_0015156_downsampled,__singleton__ISIC_0015156_downsampled,60+,mskcc,4,True,4,0.0070737535,0.0037122343,0.0066383546,0.061740167,0.869074,0.008375256,0.04338637,0.87986,,0.87986,look,0,,42,look_f0_s42_in22k_v5scr,last
ISIC_0015161_downsampled,__singleton__ISIC_0015161_downsampled,__singleton__ISIC_0015161_downsampled,<40,mskcc,5,False,5,0.008959555,0.006044725,0.0064057964,0.06486348,0.004661934,0.8628635,0.046200994,0.019666214,,0.019666214,look,0,,42,look_f0_s42_in22k_v5scr,last
ISIC_0015166_downsampled,__singleton__ISIC_0015166_downsampled,__singleton__ISIC_0015166_downsampled,unknown,mskcc,4,True,4,0.0103392145,0.0037783147,0.004837802,0.05431709,0.8784088,0.003266513,0.045052268,0.8925263,,0.8925263,look,0,,42,look_f0_s42_in22k_v5scr,last
ISIC_0015171_downsampled,__singleton__ISIC_0015171_downsampled,__singleton__ISIC_0015171_downsampled,unknown,mskcc,5,False,4,0.020402823,0.0042959917,0.0066537494,0.085878454,0.6083647,0.20817263,0.06623167,0.6330635,,0.6330635,look,0,,42,look_f0_s42_in22k_v5scr,last
ISIC_0015174_downsampled,__singleton__ISIC_0015174_downsampled,__singleton__ISIC_0015174_downsampled,40-59,mskcc,5,False,5,0.013425371,0.0057613933,0.0054468163,0.08287977,0.043311525,0.78989685,0.059278376,0.06249829,,0.06249829,look,0,,42,look_f0_s42_in22k_v5scr,last
ISIC_0015180_downsampled,__singleton__ISIC_0015180_downsampled,__singleton__ISIC_0015180_downsampled,60+,mskcc,4,True,4,0.006136563,0.0032187514,0.08148666,0.107822366,0.7274906,0.017282361,0.056562703,0.7368459,,0.7368459,look,0,,42,look_f0_s42_in22k_v5scr,last
ISIC_0015181_downsampled,__singleton__ISIC_0015181_downsampled,__singleton__ISIC_0015181_downsampled,40-59,mskcc,2,False,4,0.005971107,0.004018312,0.004460565,0.057980165,0.86650026,0.01897714,0.04209244,0.8764897,,0.8764897,look,0,,42,look_f0_s42_in22k_v5scr,last
ISIC_0015208_downsampled,__singleton__ISIC_0015208_downsampled,__singleton__ISIC_0015208_downsampled,40-59,mskcc,5,False,5,0.0073547675,0.004463858,0.0050287275,0.05796147,0.0051753796,0.87704825,0.04296748,0.016994005,,0.016994005,look,0,,42,look_f0_s42_in22k_v5scr,last
ISIC_0015211_downsampled,__singleton__ISIC_0015211_downsampled,__singleton__ISIC_0015211_downsampled,40-59,mskcc,5,False,5,0.008121081,0.004985503,0.0058780625,0.05976437,0.0034131766,0.8745702,0.04326771,0.01651976,,0.01651976,look,0,,42,look_f0_s42_in22k_v5scr,last
ISIC_0015220_downsampled,__singleton__ISIC_0015220_downsampled,__singleton__ISIC_0015220_downsampled,60+,mskcc,2,False,4,0.14527045,0.000826883,0.01021146,0.11444656,0.65703464,0.0093486225,0.06286145,0.80313194,,0.80313194,look,0,,42,look_f0_s42_in22k_v5scr,last
ISIC_0015223_downsampled,__singleton__ISIC_0015223_downsampled,__singleton__ISIC_0015223_downsampled,<40,mskcc,5,False,5,0.013257437,0.007819584,0.0074006594,0.07581779,0.006744009,0.8382312,0.050729267,0.02782103,,0.02782103,look,0,,42,look_f0_s42_in22k_v5scr,last
ISIC_0015224_downsampled,__singleton__ISIC_0015224_downsampled,__singleton__ISIC_0015224_downsampled,40-59,mskcc,5,False,5,0.009001027,0.0056083077,0.004694939,0.06548333,0.003607725,0.86825943,0.04334525,0.01821706,,0.01821706,look,0,,42,look_f0_s42_in22k_v5scr,last
ISIC_0015237_downsampled,__singleton__ISIC_0015237_downsampled,__singleton__ISIC_0015237_downsampled,unknown,mskcc,5,False,4,0.0097816,0.0075211497,0.005811944,0.10796767,0.66736376,0.11651996,0.08503393,0.6846665,,0.6846665,look,0,,42,look_f0_s42_in22k_v5scr,last
ISIC_0015244_downsampled,__singleton__ISIC_0015244_downsampled,__singleton__ISIC_0015244_downsampled,40-59,mskcc,5,False,5,0.013196721,0.004702645,0.00781367,0.08652813,0.036644064,0.7952393,0.055875435,0.054543428,,0.054543428,look,0,,42,look_f0_s42_in22k_v5scr,last
ISIC_0015270_downsampled,__singleton__ISIC_0015270_downsampled,__singleton__ISIC_0015270_downsampled,60+,mskcc,5,False,5,0.010823121,0.006138673,0.0065403003,0.07199509,0.005362688,0.84806365,0.051076457,0.022324482,,0.022324482,look,0,,42,look_f0_s42_in22k_v5scr,last
ISIC_0015279_downsampled,__singleton__ISIC_0015279_downsampled,__singleton__ISIC_0015279_downsampled,unknown,mskcc,5,False,5,0.009057418,0.0057062646,0.0060479143,0.06732533,0.005941821,0.8574374,0.048483938,0.020705504,,0.020705504,look,0,,42,look_f0_s42_in22k_v5scr,last
ISIC_0015312_downsampled,__singleton__ISIC_0015312_downsampled,__singleton__ISIC_0015312_downsampled,unknown,mskcc,5,False,5,0.0075088325,0.0032488515,0.003208303,0.06410679,0.0046628877,0.8729743,0.04429,0.015420571,,0.015420571,look,0,,42,look_f0_s42_in22k_v5scr,last
ISIC_0015331_downsampled,__singleton__ISIC_0015331_downsampled,__singleton__ISIC_0015331_downsampled,<40,mskcc,5,False,5,0.00850922,0.0051810956,0.0052234423,0.062317036,0.0048357523,0.8707859,0.04314759,0.018526068,,0.018526068,look,0,,42,look_f0_s42_in22k_v5scr,last
ISIC_0015482_downsampled,__singleton__ISIC_0015482_downsampled,__singleton__ISIC_0015482_downsampled,60+,mskcc,5,False,5,0.012825696,0.0053185853,0.005733156,0.07550987,0.059427436,0.78146833,0.059716977,0.07757172,,0.07757172,look,0,,42,look_f0_s42_in22k_v5scr,last
ISIC_0015483_downsampled,__singleton__ISIC_0015483_downsampled,__singleton__ISIC_0015483_downsampled,40-59,mskcc,5,False,5,0.0075256396,0.013424669,0.005165836,0.064626575,0.0061784196,0.8398112,0.06326769,0.02712873,,0.02712873,look,0,,42,look_f0_s42_in22k_v5scr,last
ISIC_0015563_downsampled,__singleton__ISIC_0015563_downsampled,__singleton__ISIC_0015563_downsampled,40-59,mskcc,5,False,5,0.011183695,0.007961192,0.016343663,0.06227864,0.0032881068,0.8538955,0.045049235,0.022432994,,0.022432994,look,0,,42,look_f0_s42_in22k_v5scr,last
ISIC_0015641_downsampled,__singleton__ISIC_0015641_downsampled,__singleton__ISIC_0015641_downsampled,<40,mskcc,5,False,5,0.010576004,0.004526481,0.008163516,0.07473072,0.00396358,0.84839964,0.049640115,0.019066066,,0.019066066,look,0,,42,look_f0_s42_in22k_v5scr,last
ISIC_0015645_downsampled,__singleton__ISIC_0015645_downsampled,__singleton__ISIC_0015645_downsampled,60+,mskcc,5,False,5,0.011203961,0.004990689,0.005485333,0.0792837,0.022109104,0.819602,0.057325147,0.038303755,,0.038303755,look,0,,42,look_f0_s42_in22k_v5scr,last
ISIC_0015946_downsampled,__singleton__ISIC_0015946_downsampled,__singleton__ISIC_0015946_downsampled,<40,mskcc,5,False,5,0.009817774,0.005791758,0.0061833914,0.06683884,0.0055646044,0.8584295,0.047374174,0.021174137,,0.021174137,look,0,,42,look_f0_s42_in22k_v5scr,last
ISIC_0015969_downsampled,__singleton__ISIC_0015969_downsampled,__singleton__ISIC_0015969_downsampled,60+,mskcc,5,False,5,0.010093178,0.0057086903,0.0042496515,0.072156355,0.02163087,0.82985026,0.056310963,0.037432738,,0.037432738,look,0,,42,look_f0_s42_in22k_v5scr,last
ISIC_0015981_downsampled,__singleton__ISIC_0015981_downsampled,__singleton__ISIC_0015981_downsampled,40-59,mskcc,5,False,5,0.009169745,0.005690893,0.006780301,0.061961588,0.007399133,0.86216867,0.04682974,0.022259772,,0.022259772,look,0,,42,look_f0_s42_in22k_v5scr,last
ISIC_0015996_downsampled,__singleton__ISIC_0015996_downsampled,__singleton__ISIC_0015996_downsampled,<40,mskcc,5,False,5,0.008020797,0.004650933,0.00471945,0.056200657,0.0041897595,0.88119,0.04102845,0.016861489,,0.016861489,look,0,,42,look_f0_s42_in22k_v5scr,last
ISIC_0016000_downsampled,__singleton__ISIC_0016000_downsampled,__singleton__ISIC_0016000_downsampled,60+,mskcc,5,False,5,0.014558568,0.0058685686,0.005956544,0.07475075,0.012974002,0.8378552,0.04803629,0.03340114,,0.03340114,look,0,,42,look_f0_s42_in22k_v5scr,last
ISIC_0016006_downsampled,__singleton__ISIC_0016006_downsampled,__singleton__ISIC_0016006_downsampled,60+,mskcc,5,False,5,0.0036724806,0.002291619,0.009691151,0.05071533,0.0039044241,0.90433,0.025394976,0.009868523,,0.009868523,look,0,,42,look_f0_s42_in22k_v5scr,last
ISIC_0016031_downsampled,__singleton__ISIC_0016031_downsampled,__singleton__ISIC_0016031_downsampled,60+,mskcc,5,False,4,0.0063113132,0.0035728484,0.01125697,0.119240575,0.7959799,0.026177494,0.03746087,0.8058641,,0.8058641,look,0,,42,look_f0_s42_in22k_v5scr,last
ISIC_0016036_downsampled,__singleton__ISIC_0016036_downsampled,__singleton__ISIC_0016036_downsampled,60+,mskcc,5,False,5,0.0036745998,0.005050484,0.012309783,0.056784917,0.013506365,0.8798916,0.028782303,0.022231448,,0.022231448,look,0,,42,look_f0_s42_in22k_v5scr,last
ISIC_0016064_downsampled,__singleton__ISIC_0016064_downsampled,__singleton__ISIC_0016064_downsampled,60+,mskcc,5,False,5,0.008787096,0.004245468,0.006154566,0.06189105,0.004476466,0.8682335,0.04621197,0.017509028,,0.017509028,look,0,,42,look_f0_s42_in22k_v5scr,last
ISIC_0016069_downsampled,__singleton__ISIC_0016069_downsampled,__singleton__ISIC_0016069_downsampled,<40,mskcc,5,False,5,0.010888417,0.0066697057,0.007075754,0.06739644,0.0049430085,0.8555428,0.04748386,0.022501133,,0.022501133,look,0,,42,look_f0_s42_in22k_v5scr,last
ISIC_0024342,HAM_0001981,HAM_0001981,40-59,ham,5,False,5,0.01220376,0.00801794,0.009139702,0.07082482,0.004750425,0.8458496,0.049213845,0.024972126,,0.024972126,look,0,,42,look_f0_s42_in22k_v5scr,last
ISIC_0024372,HAM_0005389,HAM_0005389,60+,ham,0,True,0,0.9265106,0.0026034126,0.013258582,0.027937295,0.0035897947,0.0028352772,0.023265,0.9327038,,0.9327038,look,0,,42,look_f0_s42_in22k_v5scr,last
ISIC_0024375,HAM_0005245,HAM_0005245,60+,ham,6,False,6,0.002003815,0.0015215607,0.0009222112,0.008902779,0.00075959647,0.0004022145,0.98548776,0.0042849723,,0.0042849723,look,0,,42,look_f0_s42_in22k_v5scr,last
ISIC_0024378,HAM_0001580,HAM_0001580,<40,ham,5,False,6,0.0009814601,0.0004122127,0.0005018844,0.011312027,0.00082815235,0.0047717746,0.98119247,0.002221825,,0.002221825,look,0,,42,look_f0_s42_in22k_v5scr,last
ISIC_0024381,HAM_0001057,HAM_0001057,60+,ham,2,False,2,0.006453952,0.0023898124,0.88819486,0.048814464,0.0169917,0.0020839344,0.035071246,0.025835464,,0.025835464,look,0,,42,look_f0_s42_in22k_v5scr,last
ISIC_0024384,HAM_0001029,HAM_0001029,<40,ham,5,False,5,0.008556149,0.0054541444,0.005904694,0.06551305,0.004954177,0.86277026,0.046847608,0.01896447,,0.01896447,look,0,,42,look_f0_s42_in22k_v5scr,last
ISIC_0024393,HAM_0001432,HAM_0001432,60+,ham,5,False,5,0.009114481,0.0057107992,0.0061506825,0.06748019,0.006244649,0.8570404,0.048258744,0.021069929,,0.021069929,look,0,,42,look_f0_s42_in22k_v5scr,last
ISIC_0024399,HAM_0004064,HAM_0004064,40-59,ham,5,False,5,0.00934189,0.0058563678,0.006346012,0.06725746,0.0056134607,0.85637724,0.0492075,0.020811718,,0.020811718,look,0,,42,look_f0_s42_in22k_v5scr,last
ISIC_0024403,HAM_0003680,HAM_0003680,60+,ham,1,True,1,0.019886713,0.84211755,0.0053768964,0.072549775,0.005959699,0.003828858,0.050280493,0.86796397,,0.86796397,look,0,,42,look_f0_s42_in22k_v5scr,last
ISIC_0024408,HAM_0004768,HAM_0004768,<40,ham,2,False,2,0.008245454,0.005107055,0.888638,0.051899955,0.003837957,0.0041808886,0.038090706,0.017190468,,0.017190468,look,0,,42,look_f0_s42_in22k_v5scr,last
ISIC_0024413,HAM_0001110,HAM_0001110,40-59,ham,5,False,5,0.009732112,0.006202908,0.0063140183,0.067235045,0.00539744,0.85639656,0.048721954,0.021332461,,0.021332461,look,0,,42,look_f0_s42_in22k_v5scr,last
ISIC_0024414,HAM_0006226,HAM_0006226,60+,ham,5,False,5,0.009632927,0.006337637,0.0073546553,0.065861,0.00633386,0.8592488,0.045231044,0.022304425,,0.022304425,look,0,,42,look_f0_s42_in22k_v5scr,last
ISIC_0024416,HAM_0002172,HAM_0002172,60+,ham,5,False,5,0.009247892,0.0074164714,0.0061086453,0.06836144,0.00436708,0.8573543,0.0471441,0.021031443,,0.021031443,look,0,,42,look_f0_s42_in22k_v5scr,last
ISIC_0024424,HAM_0006333,HAM_0006333,<40,ham,5,False,4,0.016265774,0.0076710377,0.015128633,0.07855184,0.75489956,0.06968906,0.057794083,0.77883637,,0.77883637,look,0,,42,look_f0_s42_in22k_v5scr,last
ISIC_0024428,HAM_0000923,HAM_0000923,<40,ham,5,False,5,0.010330438,0.0066325,0.0063119344,0.06581452,0.0057497025,0.85783875,0.04732213,0.02271264,,0.02271264,look,0,,42,look_f0_s42_in22k_v5scr,last
ISIC_0024434,HAM_0006716,HAM_0006716,40-59,ham,5,False,5,0.010830805,0.0064584715,0.007256616,0.06506098,0.0049995496,0.8586387,0.046754885,0.022288827,,0.022288827,look,0,,42,look_f0_s42_in22k_v5scr,last
ISIC_0024439,HAM_0005631,HAM_0005631,40-59,ham,5,False,4,0.009694826,0.005477044,0.0038675335,0.067465894,0.8480695,0.021904958,0.043520194,0.8632414,,0.8632414,look,0,,42,look_f0_s42_in22k_v5scr,last
ISIC_0024442,HAM_0001439,HAM_0001439,40-59,ham,5,False,5,0.010617066,0.006976301,0.0058094715,0.0638834,0.0042809406,0.8630675,0.045365363,0.021874309,,0.021874309,look,0,,42,look_f0_s42_in22k_v5scr,last
ISIC_0024446,HAM_0001475,HAM_0001475,40-59,ham,2,False,2,0.0067767957,0.007959741,0.81998104,0.0970821,0.0066146185,0.013473656,0.04811207,0.021351155,,0.021351155,look,0,,42,look_f0_s42_in22k_v5scr,last
ISIC_0024452,HAM_0005971,HAM_0005971,40-59,ham,1,True,1,0.008178522,0.8872971,0.0044856677,0.055441327,0.0042823264,0.0040348363,0.03628012,0.899758,,0.899758,look,0,,42,look_f0_s42_in22k_v5scr,last
ISIC_0024459,HAM_0005846,HAM_0005846,60+,ham,4,True,2,0.01323699,0.0087385755,0.4864875,0.14251989,0.22994037,0.007316936,0.11175977,0.25191593,,0.25191593,look,0,,42,look_f0_s42_in22k_v5scr,last
ISIC_0024476,HAM_0002007,HAM_0002007,60+,ham,5,False,4,0.008856184,0.008831312,0.30640197,0.096448876,0.5014426,0.0035122081,0.07450684,0.5191301,,0.5191301,look,0,,42,look_f0_s42_in22k_v5scr,last
ISIC_0024479,HAM_0006469,HAM_0006469,<40,ham,5,False,5,0.011666936,0.006379797,0.0072843526,0.06600993,0.0049689724,0.85839695,0.045293037,0.023015706,,0.023015706,look,0,,42,look_f0_s42_in22k_v5scr,last
ISIC_0024489,HAM_0000710,HAM_0000710,60+,ham,2,False,2,0.004198639,0.017734444,0.89571697,0.04497816,0.0038510473,0.0014487503,0.032072004,0.02578413,,0.02578413,look,0,,42,look_f0_s42_in22k_v5scr,last
ISIC_0024496,HAM_0001703,HAM_0001703,60+,ham,4,True,5,0.008246684,0.0057209795,0.0056209727,0.06040894,0.0060231555,0.86856407,0.04541519,0.01999082,,0.01999082,look,0,,42,look_f0_s42_in22k_v5scr,last
ISIC_0024497,HAM_0006757,HAM_0006757,40-59,ham,5,False,4,0.02199555,0.009656712,0.006308496,0.080684856,0.73297876,0.09227755,0.05609807,0.76463103,,0.76463103,look,0,,42,look_f0_s42_in22k_v5scr,last
ISIC_0024501,HAM_0007044,HAM_0007044,<40,ham,5,False,5,0.009861227,0.005700563,0.006774753,0.06740831,0.007715344,0.85610855,0.046431232,0.023277134,,0.023277134,look,0,,42,look_f0_s42_in22k_v5scr,last
ISIC_0024502,HAM_0001732,HAM_0001732,40-59,ham,5,False,5,0.008179072,0.0053105196,0.005797898,0.06360241,0.0049103177,0.86485624,0.04734355,0.01839991,,0.01839991,look,0,,42,look_f0_s42_in22k_v5scr,last
ISIC_0024514,HAM_0002201,HAM_0002201,40-59,ham,5,False,5,0.017224386,0.01170312,0.00564732,0.109335266,0.17095217,0.6142947,0.07084298,0.19987968,,0.19987968,look,0,,42,look_f0_s42_in22k_v5scr,last
ISIC_0024516,HAM_0002523,HAM_0002523,40-59,ham,4,True,4,0.030277325,0.0031176205,0.0068008974,0.0460986,0.8815481,0.003112076,0.029045353,0.91494304,,0.91494304,look,0,,42,look_f0_s42_in22k_v5scr,last
ISIC_0024528,HAM_0002857,HAM_0002857,<40,ham,5,False,5,0.009270576,0.005389059,0.0056705815,0.06175803,0.0040010004,0.8700172,0.043893535,0.018660635,,0.018660635,look,0,,42,look_f0_s42_in22k_v5scr,last
ISIC_0024533,HAM_0003239,HAM_0003239,40-59,ham,5,False,5,0.009030989,0.0054637385,0.005317738,0.06430919,0.004910174,0.86414945,0.04681878,0.019404903,,0.019404903,look,0,,42,look_f0_s42_in22k_v5scr,last
ISIC_0024542,HAM_0000224,HAM_0000224,40-59,ham,5,False,5,0.008678236,0.0057131704,0.005362967,0.062943846,0.0040353592,0.866905,0.046361387,0.018426765,,0.018426765,look,0,,42,look_f0_s42_in22k_v5scr,last
ISIC_0024543,HAM_0004749,HAM_0004749,40-59,ham,5,False,5,0.009244675,0.006104104,0.006441074,0.06433185,0.0053935032,0.86168164,0.046803135,0.020742282,,0.020742282,look,0,,42,look_f0_s42_in22k_v5scr,last
ISIC_0024544,HAM_0007336,HAM_0007336,40-59,ham,5,False,5,0.010737648,0.0075443815,0.007640767,0.06672993,0.005673378,0.8566803,0.044993572,0.023955408,,0.023955408,look,0,,42,look_f0_s42_in22k_v5scr,last
ISIC_0024552,HAM_0000653,HAM_0000653,60+,ham,4,True,4,0.009785983,0.0046815337,0.0049275877,0.05591406,0.8684278,0.01029934,0.045963693,0.88289535,,0.88289535,look,0,,42,look_f0_s42_in22k_v5scr,last
ISIC_0024554,HAM_0004507,HAM_0004507,60+,ham,4,True,2,0.049013432,0.0009573534,0.86827034,0.037399825,0.008283868,0.0010745911,0.035000503,0.058254655,,0.058254655,look,0,,42,look_f0_s42_in22k_v5scr,last
ISIC_0024562,HAM_0002745,HAM_0002745,60+,ham,0,True,5,0.01926828,0.007665434,0.29938707,0.08950831,0.053660735,0.482475,0.048035208,0.08059445,,0.08059445,look,0,,42,look_f0_s42_in22k_v5scr,last
ISIC_0024572,HAM_0005657,HAM_0005657,60+,ham,1,True,1,0.009846122,0.9040128,0.00402018,0.04231396,0.0024948956,0.003028579,0.034283407,0.9163538,,0.9163538,look,0,,42,look_f0_s42_in22k_v5scr,last
ISIC_0024573,HAM_0005804,HAM_0005804,60+,ham,1,True,1,0.007834433,0.9038557,0.0050916756,0.04364812,0.0042885733,0.004467271,0.03081427,0.91597867,,0.91597867,look,0,,42,look_f0_s42_in22k_v5scr,last
ISIC_0024588,HAM_0006931,HAM_0006931,40-59,ham,5,False,5,0.010855758,0.0060827686,0.006691932,0.06739498,0.0059750266,0.8547758,0.04822375,0.022913553,,0.022913553,look,0,,42,look_f0_s42_in22k_v5scr,last
ISIC_0024596,HAM_0004802,HAM_0004802,40-59,ham,5,False,5,0.010494131,0.005025976,0.0062844893,0.067835644,0.008238595,0.85189974,0.05022144,0.023758702,,0.023758702,look,0,,42,look_f0_s42_in22k_v5scr,last
ISIC_0024597,HAM_0003303,HAM_0003303,<40,ham,5,False,5,0.015460417,0.008907839,0.007246198,0.075790495,0.0030632978,0.8366489,0.052882887,0.027431555,,0.027431555,look,0,,42,look_f0_s42_in22k_v5scr,last
ISIC_0024611,HAM_0000385,HAM_0000385,40-59,ham,5,False,5,0.009853078,0.0064408574,0.0057628998,0.064068176,0.004125368,0.86205137,0.047698237,0.020419303,,0.020419303,look,0,,42,look_f0_s42_in22k_v5scr,last
ISIC_0024612,HAM_0000383,HAM_0000383,60+,ham,2,False,5,0.0055170427,0.0033403572,0.008624377,0.10092898,0.22722189,0.5837432,0.07062413,0.23607929,,0.23607929,look,0,,42,look_f0_s42_in22k_v5scr,last
ISIC_0024617,HAM_0003035,HAM_0003035,<40,ham,5,False,5,0.009381466,0.006398067,0.00826957,0.068418406,0.009136312,0.84644586,0.05195033,0.024915844,,0.024915844,look,0,,42,look_f0_s42_in22k_v5scr,last
ISIC_0024628,HAM_0002454,HAM_0002454,40-59,ham,5,False,5,0.009930695,0.0059425556,0.0062239864,0.063188985,0.0047116983,0.8612437,0.048758276,0.02058495,,0.02058495,look,0,,42,look_f0_s42_in22k_v5scr,last
ISIC_0024632,HAM_0001666,HAM_0001666,60+,ham,1,True,1,0.008206243,0.89414155,0.0072507286,0.04919976,0.0027550024,0.003328121,0.035118558,0.9051028,,0.9051028,look,0,,42,look_f0_s42_in22k_v5scr,last
ISIC_0024644,HAM_0004171,HAM_0004171,60+,ham,4,True,4,0.007983237,0.005926692,0.0042597246,0.06852299,0.86383814,0.002953123,0.046516106,0.8777481,,0.8777481,look,0,,42,look_f0_s42_in22k_v5scr,last
ISIC_0024645,HAM_0000004,HAM_0000004,40-59,ham,5,False,5,0.011099462,0.00748284,0.008374244,0.06844706,0.00647071,0.8487883,0.049337424,0.025053013,,0.025053013,look,0,,42,look_f0_s42_in22k_v5scr,last
ISIC_0024646,HAM_0006252,HAM_0006252,60+,ham,0,True,0,0.8786718,0.0012105802,0.0305393,0.048613623,0.0040088966,0.005767825,0.031187857,0.8838913,,0.8838913,look,0,,42,look_f0_s42_in22k_v5scr,last
ISIC_0024648,HAM_0002304,HAM_0002304,40-59,ham,5,False,5,0.013505593,0.0063424287,0.0067037013,0.07053894,0.0043273307,0.8502411,0.04834093,0.024175353,,0.024175353,look,0,,42,look_f0_s42_in22k_v5scr,last
ISIC_0024649,HAM_0001151,HAM_0001151,40-59,ham,5,False,5,0.010682298,0.00721593,0.0065105376,0.0684736,0.0040077493,0.85579735,0.047312476,0.021905977,,0.021905977,look,0,,42,look_f0_s42_in22k_v5scr,last
ISIC_0024673,HAM_0003429,HAM_0003429,60+,ham,1,True,1,0.011241963,0.88604695,0.0054589384,0.051827993,0.0048329025,0.0063427566,0.03424843,0.90212184,,0.90212184,look,0,,42,look_f0_s42_in22k_v5scr,last
ISIC_0024689,HAM_0000610,HAM_0000610,40-59,ham,5,False,5,0.009374695,0.0067635924,0.0071035116,0.06843815,0.0066105123,0.85349274,0.048216835,0.0227488,,0.0227488,look,0,,42,look_f0_s42_in22k_v5scr,last
ISIC_0024693,HAM_0000559,HAM_0000559,40-59,ham,5,False,5,0.010640316,0.0066300123,0.0076138875,0.07423336,0.0023246072,0.84860396,0.049953803,0.019594936,,0.019594936,look,0,,42,look_f0_s42_in22k_v5scr,last
ISIC_0024697,HAM_0006108,HAM_0006108,<40,ham,5,False,5,0.008968408,0.0046060234,0.008723176,0.0692234,0.018967552,0.84341323,0.04609812,0.032541983,,0.032541983,look,0,,42,look_f0_s42_in22k_v5scr,last
ISIC_0024703,HAM_0001295,HAM_0001295,<40,ham,5,False,5,0.010135503,0.005443168,0.006545773,0.066322505,0.005593948,0.85878813,0.04717089,0.021172618,,0.021172618,look,0,,42,look_f0_s42_in22k_v5scr,last
ISIC_0024707,HAM_0005448,HAM_0005448,60+,ham,0,True,2,0.011799712,0.009700539,0.87186193,0.060445607,0.0038253362,0.0033115125,0.039055377,0.025325587,,0.025325587,look,0,,42,look_f0_s42_in22k_v5scr,last
ISIC_0024710,HAM_0004609,HAM_0004609,60+,ham,0,True,1,0.010747668,0.88908577,0.004934925,0.050905265,0.005625186,0.0028832846,0.03581789,0.9054586,,0.9054586,look,0,,42,look_f0_s42_in22k_v5scr,last
ISIC_0024752,HAM_0002708,HAM_0002708,<40,ham,5,False,5,0.011507263,0.007602595,0.009036048,0.06609099,0.0063599893,0.8505953,0.048807856,0.025469847,,0.025469847,look,0,,42,look_f0_s42_in22k_v5scr,last
ISIC_0024768,HAM_0003024,HAM_0003024,<40,ham,5,False,5,0.006171426,0.0032448731,0.019524373,0.04908258,0.002732793,0.8880559,0.031188026,0.012149092,,0.012149092,look,0,,42,look_f0_s42_in22k_v5scr,last
ISIC_0024782,HAM_0004004,HAM_0004004,60+,ham,2,False,2,0.007526122,0.004453612,0.8862854,0.049873084,0.012275066,0.0047769668,0.034809727,0.0242548,,0.0242548,look,0,,42,look_f0_s42_in22k_v5scr,last
ISIC_0024791,HAM_0002940,HAM_0002940,40-59,ham,5,False,5,0.009281296,0.0058162347,0.004501327,0.061445832,0.0040017497,0.86224806,0.05270549,0.01909928,,0.01909928,look,0,,42,look_f0_s42_in22k_v5scr,last
ISIC_0024795,HAM_0004420,HAM_0004420,40-59,ham,1,True,1,0.011475577,0.8701905,0.005376484,0.055893585,0.009745858,0.004105012,0.043213,0.8914119,,0.8914119,look,0,,42,look_f0_s42_in22k_v5scr,last
ISIC_0024805,HAM_0005724,HAM_0005724,60+,ham,4,True,5,0.05008363,0.009740838,0.3102669,0.114080794,0.071265854,0.34134367,0.103218265,0.13109031,,0.13109031,look,0,,42,look_f0_s42_in22k_v5scr,last
ISIC_0024811,HAM_0007452,HAM_0007452,40-59,ham,5,False,5,0.0121695725,0.007306229,0.0074344757,0.06731099,0.0063401265,0.8539412,0.045497335,0.025815926,,0.025815926,look,0,,42,look_f0_s42_in22k_v5scr,last
ISIC_0024812,HAM_0000036,HAM_0000036,<40,ham,5,False,5,0.009713821,0.0059880908,0.005904422,0.06343679,0.0047492688,0.86394536,0.046262257,0.02045118,,0.02045118,look,0,,42,look_f0_s42_in22k_v5scr,last
ISIC_0024817,HAM_0000447,HAM_0000447,40-59,ham,5,False,5,0.013345068,0.008750377,0.008414421,0.070843324,0.0049417266,0.84620297,0.047502156,0.027037172,,0.027037172,look,0,,42,look_f0_s42_in22k_v5scr,last
ISIC_0024827,HAM_0001125,HAM_0001125,60+,ham,5,False,5,0.007486872,0.007962125,0.009018042,0.0816934,0.09989728,0.74395835,0.049983885,0.115346275,,0.115346275,look,0,,42,look_f0_s42_in22k_v5scr,last
ISIC_0024838,HAM_0002264,HAM_0002264,40-59,ham,5,False,5,0.009851801,0.0064272177,0.006558413,0.06683239,0.0049235574,0.8578042,0.04760237,0.021202577,,0.021202577,look,0,,42,look_f0_s42_in22k_v5scr,last
ISIC_0024841,HAM_0002368,HAM_0002368,60+,ham,5,False,5,0.0062767277,0.0035026858,0.0045888205,0.057380613,0.010833774,0.8825555,0.03486184,0.020613186,,0.020613186,look,0,,42,look_f0_s42_in22k_v5scr,last
ISIC_0024842,HAM_0000977,HAM_0000977,40-59,ham,5,False,5,0.009517503,0.005358734,0.006262513,0.07068649,0.006163661,0.85084563,0.051165473,0.021039898,,0.021039898,look,0,,42,look_f0_s42_in22k_v5scr,last
ISIC_0024844,HAM_0007217,HAM_0007217,60+,ham,5,False,5,0.010052914,0.0059568477,0.007371803,0.066585734,0.004611898,0.8583184,0.047102414,0.02062166,,0.02062166,look,0,,42,look_f0_s42_in22k_v5scr,last
ISIC_0024867,HAM_0007568,HAM_0007568,60+,ham,6,False,6,0.0011513712,0.000570836,0.0007448525,0.008040373,0.0005211503,0.00034181686,0.9886297,0.0022433575,,0.0022433575,look,0,,42,look_f0_s42_in22k_v5scr,last
ISIC_0024874,HAM_0000403,HAM_0000403,40-59,ham,5,False,6,0.015848506,0.0067339162,0.0033252905,0.07406619,0.0073964302,0.33390656,0.55872303,0.029978853,,0.029978853,look,0,,42,look_f0_s42_in22k_v5scr,last
ISIC_0024875,HAM_0007617,HAM_0007617,60+,ham,4,True,1,0.011184394,0.6000016,0.011588728,0.119974665,0.171871,0.0049504894,0.08042914,0.783057,,0.783057,look,0,,42,look_f0_s42_in22k_v5scr,last
ISIC_0024881,HAM_0004696,HAM_0004696,60+,ham,2,False,2,0.0095113525,0.011955512,0.7385955,0.08602318,0.0028433546,0.101430126,0.04964099,0.024310218,,0.024310218,look,0,,42,look_f0_s42_in22k_v5scr,last
ISIC_0024882,HAM_0000961,HAM_0000961,60+,ham,5,False,5,0.009220461,0.0033458911,0.0074254107,0.0725106,0.0031727843,0.85637337,0.047951397,0.015739137,,0.015739137,look,0,,42,look_f0_s42_in22k_v5scr,last
ISIC_0024886,HAM_0001353,HAM_0001353,40-59,ham,4,True,4,0.013554483,0.007419746,0.019725425,0.09588869,0.60488135,0.17995824,0.078572065,0.62585557,,0.62585557,look,0,,42,look_f0_s42_in22k_v5scr,last
ISIC_0024893,HAM_0002058,HAM_0002058,60+,ham,2,False,2,0.0107429065,0.007588052,0.85734254,0.072567955,0.0064286618,0.0027725413,0.042557266,0.02475962,,0.02475962,look,0,,42,look_f0_s42_in22k_v5scr,last
ISIC_0024901,HAM_0001606,HAM_0001606,<40,ham,5,False,5,0.008891388,0.0058380202,0.0053954488,0.068730526,0.0075473804,0.8588625,0.044734627,0.022276789,,0.022276789,look,0,,42,look_f0_s42_in22k_v5scr,last
ISIC_0024912,HAM_0007613,HAM_0007613,40-59,ham,5,False,5,0.01076398,0.006658372,0.007562598,0.06533486,0.007306789,0.8561195,0.04625398,0.02472914,,0.02472914,look,0,,42,look_f0_s42_in22k_v5scr,last
ISIC_0024920,HAM_0005731,HAM_0005731,40-59,ham,5,False,5,0.009320412,0.005768625,0.0064079547,0.06488957,0.0063443985,0.8596801,0.04758898,0.021433435,,0.021433435,look,0,,42,look_f0_s42_in22k_v5scr,last
ISIC_0024921,HAM_0005936,HAM_0005936,60+,ham,5,False,5,0.010509493,0.0060571576,0.0075712414,0.065500505,0.0049421526,0.8575349,0.047884505,0.021508804,,0.021508804,look,0,,42,look_f0_s42_in22k_v5scr,last
ISIC_0024927,HAM_0002964,HAM_0002964,40-59,ham,5,False,5,0.010788602,0.0070440914,0.0076380065,0.068536356,0.0058147907,0.8515446,0.048633512,0.023647483,,0.023647483,look,0,,42,look_f0_s42_in22k_v5scr,last
ISIC_0024941,HAM_0004133,HAM_0004133,40-59,ham,5,False,5,0.010306516,0.004934288,0.0070436485,0.06685592,0.006244443,0.8561858,0.04842937,0.021485247,,0.021485247,look,0,,42,look_f0_s42_in22k_v5scr,last
ISIC_0024946,HAM_0005264,HAM_0005264,40-59,ham,0,True,1,0.01096069,0.8844592,0.00863553,0.051606804,0.0053275805,0.0027359044,0.03627427,0.9007475,,0.9007475,look,0,,42,look_f0_s42_in22k_v5scr,last
ISIC_0024968,HAM_0000128,HAM_0000128,40-59,ham,5,False,5,0.011337703,0.008203498,0.008539359,0.07244126,0.0062640216,0.84743404,0.045780122,0.025805222,,0.025805222,look,0,,42,look_f0_s42_in22k_v5scr,last
ISIC_0024979,HAM_0006490,HAM_0006490,40-59,ham,5,False,5,0.011136225,0.007845515,0.008839734,0.06690273,0.006565231,0.85040736,0.04830327,0.025546972,,0.025546972,look,0,,42,look_f0_s42_in22k_v5scr,last
ISIC_0024988,HAM_0000573,HAM_0000573,40-59,ham,5,False,5,0.0101237595,0.006270238,0.0063855713,0.06402021,0.0037980408,0.8632752,0.04612692,0.020192038,,0.020192038,look,0,,42,look_f0_s42_in22k_v5scr,last
ISIC_0024992,HAM_0004740,HAM_0004740,40-59,ham,5,False,5,0.010094656,0.0058793784,0.0059844223,0.061083093,0.0047821715,0.86918026,0.04299607,0.020756206,,0.020756206,look,0,,42,look_f0_s42_in22k_v5scr,last
ISIC_0025000,HAM_0001643,HAM_0001643,40-59,ham,5,False,5,0.007832929,0.0031383403,0.0057451692,0.06175108,0.0038565628,0.87292725,0.044748653,0.014827832,,0.014827832,look,0,,42,look_f0_s42_in22k_v5scr,last
ISIC_0025006,HAM_0007218,HAM_0007218,40-59,ham,5,False,5,0.008885503,0.0058709146,0.006152848,0.063751884,0.005249924,0.864204,0.04588502,0.02000634,,0.02000634,look,0,,42,look_f0_s42_in22k_v5scr,last
ISIC_0025008,HAM_0002349,HAM_0002349,60+,ham,5,False,4,0.0067235297,0.004168582,0.011185266,0.03933316,0.8712565,0.035097484,0.032235563,0.88214856,,0.88214856,look,0,,42,look_f0_s42_in22k_v5scr,last
ISIC_0025014,HAM_0000066,HAM_0000066,<40,ham,5,False,5,0.011366102,0.0045062765,0.005685404,0.05656316,0.0031177173,0.88074267,0.038018692,0.018990096,,0.018990096,look,0,,42,look_f0_s42_in22k_v5scr,last
ISIC_0025019,HAM_0001415,HAM_0001415,60+,ham,1,True,0,0.73016447,0.0098429,0.14451836,0.029386675,0.058730308,0.0011830977,0.026174186,0.79873765,,0.79873765,look,0,,42,look_f0_s42_in22k_v5scr,last
ISIC_0025021,HAM_0002222,HAM_0002222,40-59,ham,5,False,5,0.011351862,0.0076550203,0.008264675,0.06847402,0.0051352074,0.85394746,0.045171697,0.02414209,,0.02414209,look,0,,42,look_f0_s42_in22k_v5scr,last
ISIC_0025025,HAM_0004781,HAM_0004781,<40,ham,5,False,5,0.008753449,0.0050840876,0.0051670154,0.06387178,0.0047309636,0.86723965,0.045153014,0.0185685,,0.0185685,look,0,,42,look_f0_s42_in22k_v5scr,last
ISIC_0025030,HAM_0000118,HAM_0000118,60+,ham,2,False,2,0.0086718565,0.005541753,0.88905734,0.05287756,0.0051068217,0.005722091,0.033022594,0.019320432,,0.019320432,look,0,,42,look_f0_s42_in22k_v5scr,last
ISIC_0025041,HAM_0001307,HAM_0001307,40-59,ham,5,False,5,0.011038856,0.006819269,0.0073853736,0.06727644,0.0064269565,0.854186,0.046867136,0.024285082,,0.024285082,look,0,,42,look_f0_s42_in22k_v5scr,last
ISIC_0025044,HAM_0000339,HAM_0000339,40-59,ham,5,False,5,0.009777838,0.0061134547,0.006687196,0.06618718,0.006683227,0.8575801,0.046971004,0.02257452,,0.02257452,look,0,,42,look_f0_s42_in22k_v5scr,last
ISIC_0025045,HAM_0001745,HAM_0001745,60+,ham,5,False,5,0.0105911875,0.0065588276,0.007212241,0.06912748,0.0060597807,0.8504681,0.04998242,0.023209795,,0.023209795,look,0,,42,look_f0_s42_in22k_v5scr,last
ISIC_0025053,HAM_0005661,HAM_0005661,40-59,ham,5,False,5,0.010304206,0.006945586,0.0064859334,0.063226014,0.005055645,0.8623197,0.04566295,0.022305438,,0.022305438,look,0,,42,look_f0_s42_in22k_v5scr,last
ISIC_0025069,HAM_0006222,HAM_0006222,60+,ham,0,True,0,0.50945395,0.0065089096,0.3435772,0.07406877,0.0067526605,0.0063092867,0.05332921,0.5227155,,0.5227155,look,0,,42,look_f0_s42_in22k_v5scr,last
ISIC_0025085,HAM_0000888,HAM_0000888,60+,ham,4,True,5,0.01575486,0.00627367,0.005837685,0.10433982,0.100874774,0.692213,0.074706204,0.1229033,,0.1229033,look,0,,42,look_f0_s42_in22k_v5scr,last
ISIC_0025088,HAM_0001643,HAM_0002423,<40,ham,5,False,5,0.0073582907,0.0038200896,0.006835953,0.05909478,0.0059654126,0.870639,0.046286386,0.017143793,,0.017143793,look,0,,42,look_f0_s42_in22k_v5scr,last
ISIC_0025090,HAM_0007258,HAM_0007258,<40,ham,5,False,5,0.010086371,0.005682166,0.0071695927,0.06840053,0.005695776,0.8515889,0.05137668,0.021464314,,0.021464314,look,0,,42,look_f0_s42_in22k_v5scr,last
ISIC_0025091,HAM_0000124,HAM_0000124,40-59,ham,5,False,5,0.009560471,0.0060666925,0.0066556577,0.066216476,0.0061351964,0.8568807,0.04848477,0.02176236,,0.02176236,look,0,,42,look_f0_s42_in22k_v5scr,last
ISIC_0025098,HAM_0005337,HAM_0005337,40-59,ham,5,False,5,0.010292009,0.006731669,0.007243312,0.062430058,0.005028361,0.86082405,0.04745055,0.02205204,,0.02205204,look,0,,42,look_f0_s42_in22k_v5scr,last
ISIC_0025116,HAM_0004316,HAM_0004316,40-59,ham,5,False,5,0.007831822,0.006654147,0.0066543724,0.06460284,0.004490295,0.862396,0.047370415,0.018976264,,0.018976264,look,0,,42,look_f0_s42_in22k_v5scr,last
ISIC_0025131,HAM_0006124,HAM_0006124,60+,ham,2,False,2,0.006526223,0.0041229296,0.9054557,0.043980822,0.0036461581,0.002891504,0.03337666,0.01429531,,0.01429531,look,0,,42,look_f0_s42_in22k_v5scr,last
ISIC_0025139,HAM_0007584,HAM_0007584,<40,ham,5,False,5,0.00938533,0.005947696,0.0069062323,0.06624813,0.0050674183,0.85851353,0.04793174,0.020400444,,0.020400444,look,0,,42,look_f0_s42_in22k_v5scr,last
ISIC_0025141,HAM_0006599,HAM_0006599,60+,ham,5,False,5,0.009823665,0.0055649276,0.0048370743,0.067571975,0.010173731,0.84941244,0.05261615,0.025562324,,0.025562324,look,0,,42,look_f0_s42_in22k_v5scr,last
ISIC_0025145,HAM_0002477,HAM_0002477,60+,ham,4,True,4,0.0062424894,0.002838533,0.003999699,0.050863005,0.8963695,0.003376884,0.036309876,0.9054505,,0.9054505,look,0,,42,look_f0_s42_in22k_v5scr,last
ISIC_0025155,HAM_0006521,HAM_0006521,60+,ham,4,True,5,0.01528757,0.014198574,0.009725466,0.0769827,0.23866956,0.58253634,0.062599756,0.2681557,,0.2681557,look,0,,42,look_f0_s42_in22k_v5scr,last
ISIC_0025156,HAM_0002106,HAM_0002106,40-59,ham,5,False,5,0.010030011,0.006436315,0.0059750075,0.065914124,0.00387771,0.86173594,0.046030875,0.020344036,,0.020344036,look,0,,42,look_f0_s42_in22k_v5scr,last
ISIC_0025158,HAM_0007300,HAM_0007300,40-59,ham,5,False,5,0.010983641,0.0064923456,0.0063894056,0.06109453,0.009836507,0.8585235,0.04668003,0.027312495,,0.027312495,look,0,,42,look_f0_s42_in22k_v5scr,last
ISIC_0025159,HAM_0000283,HAM_0000283,<40,ham,5,False,5,0.009599233,0.0057836664,0.006525249,0.06337445,0.005278674,0.8650249,0.044413764,0.020661574,,0.020661574,look,0,,42,look_f0_s42_in22k_v5scr,last
ISIC_0025162,HAM_0003353,HAM_0003353,40-59,ham,5,False,5,0.009858678,0.0063719605,0.0093410555,0.06367505,0.005096859,0.86166275,0.043993726,0.021327497,,0.021327497,look,0,,42,look_f0_s42_in22k_v5scr,last
ISIC_0025168,HAM_0003035,HAM_0003035,<40,ham,5,False,5,0.008759552,0.0059022554,0.00555249,0.065980256,0.007386218,0.85862535,0.04779382,0.022048026,,0.022048026,look,0,,42,look_f0_s42_in22k_v5scr,last
ISIC_0025169,HAM_0002025,HAM_0002025,<40,ham,5,False,5,0.009265633,0.0048699523,0.0040700478,0.06527057,0.01437542,0.85824126,0.043907106,0.028511006,,0.028511006,look,0,,42,look_f0_s42_in22k_v5scr,last
ISIC_0025175,HAM_0002124,HAM_0002124,40-59,ham,5,False,5,0.010960997,0.0081650615,0.0067204405,0.07068288,0.0044897506,0.8475412,0.05143966,0.023615807,,0.023615807,look,0,,42,look_f0_s42_in22k_v5scr,last
ISIC_0025180,HAM_0003265,HAM_0003265,<40,ham,2,False,2,0.011841661,0.0049493136,0.7669706,0.087442264,0.0054274593,0.062247362,0.06112136,0.022218434,,0.022218434,look,0,,42,look_f0_s42_in22k_v5scr,last
ISIC_0025191,HAM_0001341,HAM_0001341,40-59,ham,5,False,5,0.010188793,0.0054568388,0.005507408,0.06165445,0.0052994033,0.86476195,0.04713106,0.020945035,,0.020945035,look,0,,42,look_f0_s42_in22k_v5scr,last
ISIC_0025193,HAM_0006469,HAM_0006469,<40,ham,5,False,5,0.015089367,0.0092337355,0.007606221,0.07589775,0.0050600437,0.8349021,0.052210838,0.029383145,,0.029383145,look,0,,42,look_f0_s42_in22k_v5scr,last
ISIC_0025203,HAM_0004048,HAM_0004048,40-59,ham,5,False,5,0.0096286405,0.005769674,0.0063761743,0.064378045,0.0060641216,0.86169404,0.046089213,0.021462437,,0.021462437,look,0,,42,look_f0_s42_in22k_v5scr,last
ISIC_0025214,HAM_0004356,HAM_0004356,40-59,ham,5,False,0,0.5241907,0.002628529,0.19945186,0.10005833,0.109037206,0.0055184606,0.05911494,0.63585645,,0.63585645,look,0,,42,look_f0_s42_in22k_v5scr,last
ISIC_0025216,HAM_0007549,HAM_0007549,40-59,ham,5,False,5,0.010788136,0.0069440105,0.006959269,0.06489717,0.005689238,0.85731107,0.047411088,0.023421384,,0.023421384,look,0,,42,look_f0_s42_in22k_v5scr,last
ISIC_0025230,HAM_0001966,HAM_0001966,40-59,ham,5,False,5,0.0111551015,0.0071960134,0.008244021,0.06347385,0.004792397,0.8597192,0.04541936,0.023143511,,0.023143511,look,0,,42,look_f0_s42_in22k_v5scr,last
ISIC_0025233,HAM_0003718,HAM_0003718,40-59,ham,5,False,5,0.010373511,0.006853419,0.0071522333,0.06927965,0.0064947787,0.85148656,0.04835986,0.02372171,,0.02372171,look,0,,42,look_f0_s42_in22k_v5scr,last
ISIC_0025242,HAM_0002747,HAM_0002747,60+,ham,5,False,5,0.008774618,0.0058668214,0.0058762063,0.06607409,0.006969987,0.85815865,0.0482796,0.021611426,,0.021611426,look,0,,42,look_f0_s42_in22k_v5scr,last
ISIC_0025264,HAM_0007623,HAM_0007623,60+,ham,0,True,5,0.020335846,0.035723783,0.33286256,0.1906506,0.0023943016,0.36082134,0.057211637,0.05845393,,0.05845393,look,0,,42,look_f0_s42_in22k_v5scr,last
ISIC_0025265,HAM_0002770,HAM_0002770,<40,ham,4,True,5,0.007834843,0.0044995775,0.0041161072,0.056642644,0.014010188,0.8704298,0.042466845,0.026344609,,0.026344609,look,0,,42,look_f0_s42_in22k_v5scr,last
ISIC_0025266,HAM_0004300,HAM_0004300,60+,ham,1,True,1,0.011009023,0.8918457,0.0065587587,0.046562754,0.0041829753,0.0022318074,0.037609037,0.90703773,,0.90703773,look,0,,42,look_f0_s42_in22k_v5scr,last
ISIC_0025268,HAM_0003749,HAM_0003749,60+,ham,4,True,4,0.012177888,0.008038768,0.17635456,0.07520592,0.6672761,0.008278287,0.05266851,0.6874927,,0.6874927,look,0,,42,look_f0_s42_in22k_v5scr,last
ISIC_0025272,HAM_0004915,HAM_0004915,40-59,ham,5,False,5,0.009991305,0.006566051,0.0059141144,0.06231511,0.005499,0.8657312,0.04398313,0.022056356,,0.022056356,look,0,,42,look_f0_s42_in22k_v5scr,last
ISIC_0025280,HAM_0001583,HAM_0001583,<40,ham,5,False,5,0.009220963,0.0057138684,0.005530597,0.06316404,0.004959565,0.8664728,0.044938195,0.019894397,,0.019894397,look,0,,42,look_f0_s42_in22k_v5scr,last
ISIC_0025281,HAM_0007416,HAM_0007416,40-59,ham,5,False,5,0.010036989,0.0058620465,0.0059036156,0.06243502,0.005492567,0.86439514,0.045874603,0.021391604,,0.021391604,look,0,,42,look_f0_s42_in22k_v5scr,last
ISIC_0025294,HAM_0006015,HAM_0006015,<40,ham,5,False,5,0.009332367,0.0063944887,0.0069575612,0.06656944,0.006547659,0.85592204,0.048276447,0.022274517,,0.022274517,look,0,,42,look_f0_s42_in22k_v5scr,last
ISIC_0025295,HAM_0001230,HAM_0001230,60+,ham,5,False,4,0.0027291572,0.041990105,0.015915094,0.091649204,0.73458934,0.027577603,0.08554949,0.7793086,,0.7793086,look,0,,42,look_f0_s42_in22k_v5scr,last
ISIC_0025305,HAM_0001492,HAM_0001492,<40,ham,5,False,5,0.009456333,0.0055304416,0.003881704,0.061874773,0.0046835733,0.8728918,0.04168139,0.019670347,,0.019670347,look,0,,42,look_f0_s42_in22k_v5scr,last
ISIC_0025324,HAM_0004121,HAM_0004121,40-59,ham,4,True,5,0.007983376,0.004590916,0.0043175546,0.0658527,0.007651403,0.8621372,0.047466796,0.020225696,,0.020225696,look,0,,42,look_f0_s42_in22k_v5scr,last
ISIC_0025325,HAM_0002561,HAM_0002561,40-59,ham,5,False,5,0.008828023,0.0054923813,0.0054644267,0.060565237,0.0045706052,0.8717855,0.04329371,0.01889101,,0.01889101,look,0,,42,look_f0_s42_in22k_v5scr,last
ISIC_0025334,HAM_0006557,HAM_0006557,40-59,ham,5,False,5,0.009223306,0.0052251434,0.0060307416,0.06440508,0.005507153,0.86357236,0.04603623,0.019955602,,0.019955602,look,0,,42,look_f0_s42_in22k_v5scr,last
ISIC_0025336,HAM_0007300,HAM_0007300,40-59,ham,5,False,5,0.011869023,0.0075838286,0.0074391416,0.06894816,0.006205557,0.84824485,0.049709443,0.025658408,,0.025658408,look,0,,42,look_f0_s42_in22k_v5scr,last
ISIC_0025353,HAM_0003148,HAM_0003148,40-59,ham,5,False,5,0.00940631,0.0061691497,0.0063493284,0.06435194,0.0052316985,0.8606739,0.04781771,0.020807158,,0.020807158,look,0,,42,look_f0_s42_in22k_v5scr,last
ISIC_0025361,HAM_0004901,HAM_0004901,<40,ham,5,False,5,0.00985988,0.0059250523,0.0064564017,0.06517707,0.0062432587,0.85825586,0.048082486,0.022028191,,0.022028191,look,0,,42,look_f0_s42_in22k_v5scr,last
ISIC_0025373,HAM_0007569,HAM_0007569,<40,ham,3,False,3,0.00048228944,0.00042180705,0.0003859804,0.9943902,0.000483093,0.0005350247,0.003301601,0.0013871895,,0.0013871895,look,0,,42,look_f0_s42_in22k_v5scr,last
ISIC_0025375,HAM_0007600,HAM_0007600,<40,ham,5,False,5,0.010507503,0.005993187,0.006584975,0.06725456,0.008782618,0.84908825,0.05178891,0.025283307,,0.025283307,look,0,,42,look_f0_s42_in22k_v5scr,last
ISIC_0025390,HAM_0001631,HAM_0001631,40-59,ham,5,False,5,0.0089319665,0.00615412,0.0075227143,0.062432457,0.0039703813,0.866425,0.04456339,0.019056467,,0.019056467,look,0,,42,look_f0_s42_in22k_v5scr,last
ISIC_0025393,HAM_0004358,HAM_0004358,<40,ham,5,False,5,0.009870865,0.0058039357,0.005774594,0.06521072,0.005535229,0.8586775,0.049127135,0.02121003,,0.02121003,look,0,,42,look_f0_s42_in22k_v5scr,last
ISIC_0025395,HAM_0000371,HAM_0000371,40-59,ham,5,False,5,0.009626566,0.00630944,0.0065044733,0.06603261,0.0051349755,0.8595753,0.046816636,0.021070981,,0.021070981,look,0,,42,look_f0_s42_in22k_v5scr,last
ISIC_0025406,HAM_0002073,HAM_0002073,<40,ham,5,False,5,0.012345695,0.008035363,0.00828259,0.07087974,0.004899072,0.84767056,0.04788689,0.02528013,,0.02528013,look,0,,42,look_f0_s42_in22k_v5scr,last
ISIC_0025420,HAM_0007537,HAM_0007537,40-59,ham,5,False,5,0.009241459,0.005529255,0.006142632,0.063530356,0.0054576686,0.86444855,0.045650065,0.020228382,,0.020228382,look,0,,42,look_f0_s42_in22k_v5scr,last
ISIC_0025434,HAM_0001878,HAM_0001878,60+,ham,2,False,2,0.0028206576,0.0037496544,0.92744064,0.033461593,0.0018880251,0.005328231,0.02531121,0.008458337,,0.008458337,look,0,,42,look_f0_s42_in22k_v5scr,last
ISIC_0025443,HAM_0002497,HAM_0002497,60+,ham,5,False,5,0.009501352,0.0054952805,0.006616788,0.063931316,0.0041918894,0.8656197,0.044643648,0.019188523,,0.019188523,look,0,,42,look_f0_s42_in22k_v5scr,last
ISIC_0025447,HAM_0003248,HAM_0003248,<40,ham,5,False,5,0.009854009,0.0058033546,0.0060608247,0.06643447,0.0072790575,0.85690886,0.04765949,0.02293642,,0.02293642,look,0,,42,look_f0_s42_in22k_v5scr,last
ISIC_0025451,HAM_0002143,HAM_0002143,<40,ham,4,True,5,0.009420336,0.004972007,0.005550913,0.06999101,0.008814551,0.8523297,0.048921596,0.023206893,,0.023206893,look,0,,42,look_f0_s42_in22k_v5scr,last
ISIC_0025452,HAM_0004257,HAM_0004257,40-59,ham,6,False,6,0.0012804166,0.00060047355,0.000546312,0.007905627,0.00051356206,0.00042457815,0.988729,0.0023944522,,0.0023944522,look,0,,42,look_f0_s42_in22k_v5scr,last
ISIC_0025465,HAM_0003996,HAM_0003996,60+,ham,2,False,2,0.00709741,0.006454178,0.862824,0.0643658,0.004193902,0.0071484963,0.0479162,0.017745491,,0.017745491,look,0,,42,look_f0_s42_in22k_v5scr,last
ISIC_0025472,HAM_0000433,HAM_0000433,40-59,ham,4,True,5,0.008186213,0.005171865,0.00483935,0.057611514,0.0046202536,0.8766308,0.042940065,0.017978331,,0.017978331,look,0,,42,look_f0_s42_in22k_v5scr,last
ISIC_0025483,HAM_0007170,HAM_0007170,40-59,ham,5,False,5,0.009868533,0.0067752516,0.0074457866,0.066011466,0.006950142,0.85391533,0.049033433,0.023593927,,0.023593927,look,0,,42,look_f0_s42_in22k_v5scr,last
ISIC_0025485,HAM_0005260,HAM_0005260,60+,ham,2,False,2,0.0049114744,0.003107094,0.87834036,0.05920836,0.013642906,0.0049905432,0.035799354,0.021661475,,0.021661475,look,0,,42,look_f0_s42_in22k_v5scr,last
ISIC_0025489,HAM_0002770,HAM_0002770,<40,ham,4,True,5,0.013275054,0.00794838,0.006060838,0.11503158,0.22268079,0.54701823,0.08798509,0.24390423,,0.24390423,look,0,,42,look_f0_s42_in22k_v5scr,last
ISIC_0025491,HAM_0006608,HAM_0006608,60+,ham,5,False,5,0.008035419,0.0061928993,0.006297149,0.06708974,0.014666809,0.85129404,0.046423882,0.028895127,,0.028895127,look,0,,42,look_f0_s42_in22k_v5scr,last
ISIC_0025492,HAM_0005631,HAM_0005631,40-59,ham,5,False,4,0.014333997,0.005710042,0.007718282,0.06652212,0.85304636,0.005438209,0.047230963,0.8730904,,0.8730904,look,0,,42,look_f0_s42_in22k_v5scr,last
ISIC_0025495,HAM_0001275,HAM_0001275,40-59,ham,5,False,5,0.009217083,0.0066973385,0.006527354,0.06321446,0.0044178716,0.864002,0.04592385,0.020332294,,0.020332294,look,0,,42,look_f0_s42_in22k_v5scr,last
ISIC_0025496,HAM_0002996,HAM_0002996,40-59,ham,5,False,5,0.011047722,0.006992744,0.0063820425,0.06533258,0.0049898047,0.8587781,0.04647703,0.02303027,,0.02303027,look,0,,42,look_f0_s42_in22k_v5scr,last
ISIC_0025499,HAM_0005696,HAM_0005696,<40,ham,5,False,5,0.0139656775,0.009393892,0.009382947,0.07437722,0.005655997,0.83539456,0.051829647,0.029015567,,0.029015567,look,0,,42,look_f0_s42_in22k_v5scr,last
ISIC_0025503,HAM_0005423,HAM_0005423,40-59,ham,5,False,5,0.008354733,0.005819995,0.0060148085,0.06539716,0.005493934,0.8625011,0.046418197,0.019668661,,0.019668661,look,0,,42,look_f0_s42_in22k_v5scr,last
ISIC_0025515,HAM_0001781,HAM_0001781,<40,ham,2,False,2,0.008092121,0.005052095,0.8913979,0.0529766,0.004900629,0.0044413283,0.033139285,0.018044844,,0.018044844,look,0,,42,look_f0_s42_in22k_v5scr,last
ISIC_0025519,HAM_0006211,HAM_0006211,40-59,ham,2,False,2,0.008041367,0.003446429,0.89946777,0.0471515,0.0047128983,0.005307644,0.031872384,0.016200695,,0.016200695,look,0,,42,look_f0_s42_in22k_v5scr,last
ISIC_0025527,HAM_0001500,HAM_0001500,60+,ham,5,False,5,0.013532986,0.0075649163,0.00786562,0.06697085,0.0053102477,0.85183555,0.046919856,0.02640815,,0.02640815,look,0,,42,look_f0_s42_in22k_v5scr,last
ISIC_0025532,HAM_0000438,HAM_0000438,40-59,ham,5,False,5,0.0093436,0.006187512,0.0059324703,0.0625258,0.0060017025,0.8649155,0.045093395,0.021532815,,0.021532815,look,0,,42,look_f0_s42_in22k_v5scr,last
ISIC_0025533,HAM_0004836,HAM_0004836,<40,ham,5,False,5,0.009047805,0.005011084,0.010297396,0.07045792,0.0043408945,0.8492407,0.051604245,0.018399784,,0.018399784,look,0,,42,look_f0_s42_in22k_v5scr,last
ISIC_0025534,HAM_0000163,HAM_0000163,60+,ham,5,False,5,0.007821563,0.0053147245,0.005387529,0.060882647,0.0066868546,0.86775523,0.046151422,0.019823141,,0.019823141,look,0,,42,look_f0_s42_in22k_v5scr,last
ISIC_0025559,HAM_0002354,HAM_0002354,40-59,ham,5,False,5,0.012475303,0.0074214404,0.007765577,0.07338734,0.0054441965,0.8460615,0.047444623,0.02534094,,0.02534094,look,0,,42,look_f0_s42_in22k_v5scr,last
ISIC_0025563,HAM_0006086,HAM_0006086,<40,ham,5,False,5,0.012913684,0.012864517,0.00698621,0.06882632,0.009041858,0.8448738,0.044493638,0.034820057,,0.034820057,look,0,,42,look_f0_s42_in22k_v5scr,last
ISIC_0025572,HAM_0003268,HAM_0003268,40-59,ham,5,False,5,0.009483551,0.0067082546,0.0063156695,0.06459477,0.003988639,0.86559176,0.04331736,0.020180443,,0.020180443,look,0,,42,look_f0_s42_in22k_v5scr,last
ISIC_0025573,HAM_0004936,HAM_0004936,60+,ham,4,True,4,0.008860485,0.0031445532,0.011946875,0.04174457,0.9049191,0.0016452516,0.027739193,0.9169241,,0.9169241,look,0,,42,look_f0_s42_in22k_v5scr,last
ISIC_0025574,HAM_0005583,HAM_0005583,40-59,ham,5,False,5,0.008903285,0.005539945,0.006613253,0.06443237,0.0072738715,0.85985917,0.04737801,0.021717101,,0.021717101,look,0,,42,look_f0_s42_in22k_v5scr,last
ISIC_0025580,HAM_0002938,HAM_0002938,40-59,ham,5,False,5,0.010573779,0.006894786,0.007217361,0.06882544,0.0060208123,0.85204554,0.048422318,0.023489377,,0.023489377,look,0,,42,look_f0_s42_in22k_v5scr,last
ISIC_0025590,HAM_0006819,HAM_0006819,40-59,ham,5,False,5,0.009451346,0.005681146,0.006147982,0.064515054,0.007497611,0.8607178,0.045989044,0.022630103,,0.022630103,look,0,,42,look_f0_s42_in22k_v5scr,last
ISIC_0025598,HAM_0004986,HAM_0004986,60+,ham,5,False,5,0.0077484506,0.0026800565,0.06239124,0.08295012,0.009143882,0.7686209,0.066465266,0.019572388,,0.019572388,look,0,,42,look_f0_s42_in22k_v5scr,last
ISIC_0025601,HAM_0001528,HAM_0001528,40-59,ham,1,True,1,0.0063977716,0.90308785,0.0059572337,0.047476623,0.0035255225,0.0039734067,0.029581614,0.91301113,,0.91301113,look,0,,42,look_f0_s42_in22k_v5scr,last
ISIC_0025615,HAM_0006568,HAM_0006568,40-59,ham,5,False,5,0.009854122,0.006319781,0.005744691,0.06759559,0.0066345823,0.85782546,0.04602573,0.022808485,,0.022808485,look,0,,42,look_f0_s42_in22k_v5scr,last
ISIC_0025633,HAM_0000783,HAM_0000783,60+,ham,5,False,5,0.009638052,0.007822226,0.008339591,0.065887496,0.0073337466,0.85216194,0.04881697,0.024794025,,0.024794025,look,0,,42,look_f0_s42_in22k_v5scr,last
ISIC_0025635,HAM_0004639,HAM_0004639,40-59,ham,5,False,5,0.011331348,0.0076575675,0.0077105723,0.06936706,0.006759862,0.84793085,0.04924261,0.025748776,,0.025748776,look,0,,42,look_f0_s42_in22k_v5scr,last
ISIC_0025638,HAM_0007003,HAM_0007003,<40,ham,5,False,5,0.009481883,0.0043158224,0.0044005015,0.060458854,0.0042124684,0.8796158,0.037514705,0.018010173,,0.018010173,look,0,,42,look_f0_s42_in22k_v5scr,last
ISIC_0025644,HAM_0004536,HAM_0004536,40-59,ham,1,True,1,0.01001537,0.8728741,0.0046865675,0.060608625,0.004589678,0.006232681,0.040992983,0.8874791,,0.8874791,look,0,,42,look_f0_s42_in22k_v5scr,last
ISIC_0025646,HAM_0005988,HAM_0005988,<40,ham,5,False,5,0.011959059,0.0072097564,0.007856886,0.06730815,0.006930272,0.8492751,0.049460832,0.02609909,,0.02609909,look,0,,42,look_f0_s42_in22k_v5scr,last
ISIC_0025648,HAM_0004298,HAM_0004298,40-59,ham,5,False,5,0.009826984,0.005986258,0.006669717,0.061734945,0.0048722825,0.86666155,0.04424832,0.020685526,,0.020685526,look,0,,42,look_f0_s42_in22k_v5scr,last
ISIC_0025649,HAM_0005269,HAM_0005269,40-59,ham,5,False,5,0.009180554,0.005914153,0.0068149306,0.064878196,0.0055028433,0.8583037,0.04940566,0.020597551,,0.020597551,look,0,,42,look_f0_s42_in22k_v5scr,last
ISIC_0025652,HAM_0003965,HAM_0003965,<40,ham,5,False,5,0.009670247,0.0056584547,0.005742558,0.064903185,0.006756089,0.8604547,0.046814714,0.022084791,,0.022084791,look,0,,42,look_f0_s42_in22k_v5scr,last
ISIC_0025655,HAM_0000759,HAM_0000759,60+,ham,5,False,5,0.0116405655,0.00669336,0.012952081,0.073455825,0.007934614,0.83887917,0.04844437,0.026268538,,0.026268538,look,0,,42,look_f0_s42_in22k_v5scr,last
ISIC_0025661,HAM_0002730,HAM_0002730,60+,ham,2,False,0,0.60198045,0.10699211,0.0022066797,0.109458864,0.1046983,0.0018397557,0.0728238,0.8136709,,0.8136709,look,0,,42,look_f0_s42_in22k_v5scr,last
ISIC_0025666,HAM_0005882,HAM_0005882,40-59,ham,5,False,5,0.010393292,0.006873469,0.006779689,0.06416365,0.0068688975,0.8588764,0.04604467,0.024135659,,0.024135659,look,0,,42,look_f0_s42_in22k_v5scr,last
ISIC_0025675,HAM_0000557,HAM_0000557,40-59,ham,5,False,5,0.010308874,0.0065032844,0.0064272587,0.06682399,0.005044616,0.85692817,0.04796375,0.021856774,,0.021856774,look,0,,42,look_f0_s42_in22k_v5scr,last
ISIC_0025682,HAM_0004812,HAM_0004812,<40,ham,5,False,5,0.010390831,0.0062949457,0.0060286988,0.06626054,0.005188313,0.8546051,0.051231604,0.021874089,,0.021874089,look,0,,42,look_f0_s42_in22k_v5scr,last
ISIC_0025693,HAM_0002879,HAM_0002879,60+,ham,2,False,2,0.010970688,0.0024903773,0.9046677,0.039936636,0.010851049,0.0017009041,0.029382665,0.024312114,,0.024312114,look,0,,42,look_f0_s42_in22k_v5scr,last
ISIC_0025721,HAM_0001963,HAM_0001963,<40,ham,5,False,5,0.009047386,0.0055930973,0.005666407,0.06375596,0.005999413,0.8624067,0.047531012,0.020639896,,0.020639896,look,0,,42,look_f0_s42_in22k_v5scr,last
ISIC_0025722,HAM_0001590,HAM_0001590,40-59,ham,5,False,5,0.008505691,0.0061192727,0.006232931,0.06858573,0.0059339073,0.85716915,0.0474533,0.020558871,,0.020558871,look,0,,42,look_f0_s42_in22k_v5scr,last
ISIC_0025735,HAM_0002349,HAM_0002349,60+,ham,5,False,5,0.02075317,0.012944283,0.35478696,0.12552851,0.028191006,0.36725196,0.09054404,0.061888456,,0.061888456,look,0,,42,look_f0_s42_in22k_v5scr,last
ISIC_0025740,HAM_0001308,HAM_0001308,40-59,ham,5,False,5,0.00911559,0.0060212887,0.0059853517,0.06365637,0.0060686274,0.86279005,0.046362717,0.021205507,,0.021205507,look,0,,42,look_f0_s42_in22k_v5scr,last
ISIC_0025745,HAM_0005444,HAM_0005444,40-59,ham,5,False,5,0.008386608,0.00595585,0.0058854916,0.065759026,0.0058566895,0.86229503,0.04586125,0.020199148,,0.020199148,look,0,,42,look_f0_s42_in22k_v5scr,last
ISIC_0025746,HAM_0005591,HAM_0005591,60+,ham,2,False,2,0.005238492,0.0047396226,0.89653766,0.047269206,0.0035014274,0.0051522646,0.037561268,0.013479542,,0.013479542,look,0,,42,look_f0_s42_in22k_v5scr,last
ISIC_0025765,HAM_0006781,HAM_0006781,40-59,ham,5,False,5,0.009416414,0.0054893116,0.005938209,0.065664954,0.005216269,0.86108875,0.047186043,0.020121995,,0.020121995,look,0,,42,look_f0_s42_in22k_v5scr,last
ISIC_0025787,HAM_0004469,HAM_0004469,<40,ham,5,False,5,0.012223132,0.007580401,0.008228,0.06768538,0.0055781268,0.84932345,0.049381554,0.02538166,,0.02538166,look,0,,42,look_f0_s42_in22k_v5scr,last
ISIC_0025788,HAM_0003591,HAM_0003591,60+,ham,5,False,5,0.009059524,0.005377595,0.0057461127,0.061403926,0.0046496484,0.8671474,0.046615742,0.019086767,,0.019086767,look,0,,42,look_f0_s42_in22k_v5scr,last
ISIC_0025792,HAM_0001634,HAM_0001634,60+,ham,5,False,5,0.009426852,0.0057659517,0.005875821,0.06697341,0.006270125,0.85710305,0.048584778,0.021462929,,0.021462929,look,0,,42,look_f0_s42_in22k_v5scr,last
ISIC_0025795,HAM_0000054,HAM_0000054,<40,ham,5,False,5,0.010190557,0.006646954,0.007345045,0.07086673,0.006463954,0.8465592,0.051927518,0.023301465,,0.023301465,look,0,,42,look_f0_s42_in22k_v5scr,last
ISIC_0025797,HAM_0001698,HAM_0001698,40-59,ham,5,False,5,0.0092687635,0.0052990117,0.0058019925,0.06252892,0.0071089426,0.86403614,0.04595631,0.02167672,,0.02167672,look,0,,42,look_f0_s42_in22k_v5scr,last
ISIC_0025802,HAM_0001199,HAM_0001199,40-59,ham,5,False,5,0.010805631,0.006773638,0.007328206,0.06846412,0.0056626634,0.8518235,0.04914215,0.023241932,,0.023241932,look,0,,42,look_f0_s42_in22k_v5scr,last
ISIC_0025814,HAM_0002194,HAM_0002194,60+,ham,4,True,5,0.012513426,0.01836142,0.055098206,0.110584065,0.051771488,0.6800292,0.0716422,0.08264633,,0.08264633,look,0,,42,look_f0_s42_in22k_v5scr,last
ISIC_0025829,HAM_0000409,HAM_0000409,40-59,ham,5,False,5,0.010744776,0.0064236205,0.0071025877,0.06320135,0.0054858536,0.859997,0.04704487,0.022654248,,0.022654248,look,0,,42,look_f0_s42_in22k_v5scr,last
ISIC_0025831,HAM_0004012,HAM_0004012,60+,ham,0,True,1,0.019978499,0.66963446,0.1102393,0.09335602,0.006521099,0.0043084016,0.09596227,0.6961341,,0.6961341,look,0,,42,look_f0_s42_in22k_v5scr,last
ISIC_0025834,HAM_0006837,HAM_0006837,40-59,ham,5,False,4,0.011507132,0.00970702,0.00793118,0.07165224,0.8005134,0.040643737,0.05804519,0.8217275,,0.8217275,look,0,,42,look_f0_s42_in22k_v5scr,last
ISIC_0025835,HAM_0001456,HAM_0001456,60+,ham,4,True,5,0.008623448,0.0040399698,0.0057588317,0.06312786,0.0077876165,0.8636074,0.047054905,0.020451035,,0.020451035,look,0,,42,look_f0_s42_in22k_v5scr,last
ISIC_0025842,HAM_0004274,HAM_0004274,60+,ham,2,False,0,0.8896404,0.028232489,0.010962526,0.0371443,0.0036374598,0.0017756852,0.02860717,0.92151034,,0.92151034,look,0,,42,look_f0_s42_in22k_v5scr,last
ISIC_0025854,HAM_0000360,HAM_0000360,<40,ham,5,False,5,0.009246712,0.0063976473,0.0065798587,0.06112502,0.0045887483,0.86766547,0.044396494,0.020233106,,0.020233106,look,0,,42,look_f0_s42_in22k_v5scr,last
ISIC_0025862,HAM_0003515,HAM_0003515,40-59,ham,5,False,5,0.008736925,0.0059488355,0.0056505073,0.06452916,0.0050035734,0.862378,0.047753006,0.019689335,,0.019689335,look,0,,42,look_f0_s42_in22k_v5scr,last
ISIC_0025870,HAM_0007606,HAM_0007606,60+,ham,5,False,5,0.010767055,0.0060377265,0.0066495286,0.06546399,0.006764406,0.8563591,0.047958206,0.023569187,,0.023569187,look,0,,42,look_f0_s42_in22k_v5scr,last
ISIC_0025873,HAM_0006501,HAM_0006501,40-59,ham,6,False,6,0.0011578572,0.0005634116,0.0005055244,0.006000217,0.0005373945,0.00026461904,0.9909711,0.0022586633,,0.0022586633,look,0,,42,look_f0_s42_in22k_v5scr,last
ISIC_0025882,HAM_0000978,HAM_0000978,40-59,ham,5,False,5,0.010071661,0.006538444,0.0057462966,0.06370129,0.004596379,0.8650705,0.0442754,0.021206483,,0.021206483,look,0,,42,look_f0_s42_in22k_v5scr,last
ISIC_0025885,HAM_0000582,HAM_0000582,60+,ham,2,False,2,0.006273485,0.0046171234,0.8606613,0.067747824,0.007935622,0.008341509,0.044423077,0.018826231,,0.018826231,look,0,,42,look_f0_s42_in22k_v5scr,last
ISIC_0025889,HAM_0002801,HAM_0002801,40-59,ham,5,False,5,0.00957584,0.006672227,0.006294499,0.06292639,0.0057895947,0.8626833,0.046058185,0.02203766,,0.02203766,look,0,,42,look_f0_s42_in22k_v5scr,last
ISIC_0025901,HAM_0005562,HAM_0005562,40-59,ham,5,False,5,0.009260062,0.0064536557,0.006948866,0.06625857,0.00639711,0.8537875,0.05089431,0.022110827,,0.022110827,look,0,,42,look_f0_s42_in22k_v5scr,last
ISIC_0025902,HAM_0005966,HAM_0005966,60+,ham,5,False,5,0.0122345835,0.0071476623,0.0068711005,0.0702602,0.006950859,0.8445185,0.052017115,0.026333105,,0.026333105,look,0,,42,look_f0_s42_in22k_v5scr,last
ISIC_0025917,HAM_0003500,HAM_0003500,<40,ham,5,False,5,0.010282001,0.007285981,0.0066782557,0.063425384,0.006690932,0.85907257,0.04656482,0.024258915,,0.024258915,look,0,,42,look_f0_s42_in22k_v5scr,last
ISIC_0025919,HAM_0001085,HAM_0001085,60+,ham,5,False,5,0.011678316,0.007335734,0.008380968,0.07007169,0.006961056,0.84712654,0.048445567,0.025975104,,0.025975104,look,0,,42,look_f0_s42_in22k_v5scr,last
ISIC_0025920,HAM_0007194,HAM_0007194,40-59,ham,5,False,5,0.009253618,0.006628948,0.0065683094,0.0672595,0.006251696,0.8555938,0.048444107,0.022134263,,0.022134263,look,0,,42,look_f0_s42_in22k_v5scr,last
ISIC_0025925,HAM_0000803,HAM_0000803,40-59,ham,5,False,5,0.010030248,0.006216482,0.008267457,0.06793599,0.0067985174,0.85148025,0.049271096,0.023045247,,0.023045247,look,0,,42,look_f0_s42_in22k_v5scr,last
ISIC_0025935,HAM_0006029,HAM_0006029,40-59,ham,5,False,5,0.009597874,0.0057635503,0.0058982237,0.066302784,0.004404903,0.8583433,0.049689334,0.019766327,,0.019766327,look,0,,42,look_f0_s42_in22k_v5scr,last
ISIC_0025953,HAM_0002461,HAM_0002461,60+,ham,0,True,0,0.9426274,0.0015431623,0.0010358044,0.031613186,0.0014472004,0.0018001676,0.019933052,0.94561774,,0.94561774,look,0,,42,look_f0_s42_in22k_v5scr,last
ISIC_0025955,HAM_0005481,HAM_0005481,40-59,ham,4,True,5,0.011119449,0.0059394,0.005190849,0.08033261,0.053644776,0.7815191,0.062253814,0.070703626,,0.070703626,look,0,,42,look_f0_s42_in22k_v5scr,last
ISIC_0025969,HAM_0004369,HAM_0004369,40-59,ham,5,False,5,0.009623217,0.0054979725,0.0072460654,0.05909518,0.004976656,0.8724492,0.04111172,0.020097846,,0.020097846,look,0,,42,look_f0_s42_in22k_v5scr,last
ISIC_0025974,HAM_0001770,HAM_0001770,40-59,ham,5,False,5,0.011047986,0.0067744623,0.0068324646,0.06764537,0.0055719446,0.85348535,0.048642363,0.023394393,,0.023394393,look,0,,42,look_f0_s42_in22k_v5scr,last
ISIC_0025981,HAM_0007499,HAM_0007499,40-59,ham,5,False,5,0.009444255,0.0065275417,0.0070096077,0.06977491,0.0067141373,0.85081136,0.04971815,0.022685934,,0.022685934,look,0,,42,look_f0_s42_in22k_v5scr,last
ISIC_0025999,HAM_0005286,HAM_0005286,40-59,ham,5,False,5,0.009097546,0.005596719,0.0059806523,0.0647409,0.0056467857,0.8611495,0.04778783,0.020341052,,0.020341052,look,0,,42,look_f0_s42_in22k_v5scr,last
ISIC_0026028,HAM_0004133,HAM_0004133,40-59,ham,5,False,5,0.009844638,0.0050912974,0.006405176,0.06589729,0.006937472,0.8570297,0.048794404,0.021873407,,0.021873407,look,0,,42,look_f0_s42_in22k_v5scr,last
ISIC_0026032,HAM_0006370,HAM_0006370,40-59,ham,5,False,2,0.006043111,0.0038281137,0.8776649,0.05040503,0.008450037,0.012208154,0.041400596,0.01832126,,0.01832126,look,0,,42,look_f0_s42_in22k_v5scr,last
ISIC_0026036,HAM_0003038,HAM_0003038,40-59,ham,5,False,5,0.009458842,0.005485803,0.006084798,0.06333064,0.0083940625,0.8580459,0.049200047,0.023338707,,0.023338707,look,0,,42,look_f0_s42_in22k_v5scr,last
ISIC_0026037,HAM_0006756,HAM_0006756,<40,ham,5,False,5,0.013272247,0.0048266896,0.00866363,0.07713483,0.006063082,0.83140874,0.05863074,0.024162019,,0.024162019,look,0,,42,look_f0_s42_in22k_v5scr,last
ISIC_0026039,HAM_0000797,HAM_0000797,40-59,ham,5,False,5,0.010757349,0.0070482176,0.0067876256,0.06553259,0.00584157,0.857062,0.04697069,0.023647137,,0.023647137,look,0,,42,look_f0_s42_in22k_v5scr,last
ISIC_0026040,HAM_0006252,HAM_0006252,60+,ham,0,True,0,0.5227209,0.005581493,0.304181,0.09456233,0.0056522996,0.010017641,0.057284348,0.5339547,,0.5339547,look,0,,42,look_f0_s42_in22k_v5scr,last
ISIC_0026056,HAM_0005304,HAM_0005304,60+,ham,1,True,4,0.012245528,0.3417164,0.009923009,0.1532015,0.3831967,0.0079971785,0.09171967,0.73715866,,0.73715866,look,0,,42,look_f0_s42_in22k_v5scr,last
ISIC_0026060,HAM_0005891,HAM_0005891,60+,ham,2,False,2,0.00996585,0.005055678,0.89926565,0.0483683,0.0033806728,0.0024033142,0.031560592,0.0184022,,0.0184022,look,0,,42,look_f0_s42_in22k_v5scr,last
ISIC_0026081,HAM_0000337,HAM_0000337,40-59,ham,4,True,5,0.009842508,0.00573033,0.0069535356,0.062428378,0.006949124,0.8623823,0.045713916,0.022521961,,0.022521961,look,0,,42,look_f0_s42_in22k_v5scr,last
ISIC_0026107,HAM_0003265,HAM_0003265,<40,ham,2,False,5,0.013362942,0.005574324,0.07861699,0.111494616,0.0041217776,0.7123166,0.07451279,0.023059044,,0.023059044,look,0,,42,look_f0_s42_in22k_v5scr,last
ISIC_0026112,HAM_0000301,HAM_0000301,60+,ham,5,False,5,0.009792677,0.005954117,0.007403838,0.068711855,0.0061971354,0.85279113,0.049149163,0.02194393,,0.02194393,look,0,,42,look_f0_s42_in22k_v5scr,last
ISIC_0026114,HAM_0006375,HAM_0006375,40-59,ham,5,False,5,0.012069747,0.0069826925,0.006652671,0.06744688,0.004856763,0.85430664,0.047684677,0.023909202,,0.023909202,look,0,,42,look_f0_s42_in22k_v5scr,last
ISIC_0026123,HAM_0003491,HAM_0003491,40-59,ham,5,False,5,0.0109993685,0.004140573,0.0057418034,0.06827934,0.0025915431,0.8583433,0.049904045,0.017731484,,0.017731484,look,0,,42,look_f0_s42_in22k_v5scr,last
ISIC_0026130,HAM_0005144,HAM_0005144,40-59,ham,5,False,5,0.012672814,0.007633058,0.007959179,0.0686342,0.0055884044,0.84985393,0.04765846,0.025894277,,0.025894277,look,0,,42,look_f0_s42_in22k_v5scr,last
ISIC_0026143,HAM_0002776,HAM_0002776,40-59,ham,5,False,5,0.011374472,0.007967974,0.007280009,0.07162038,0.005910632,0.8463793,0.049467184,0.025253076,,0.025253076,look,0,,42,look_f0_s42_in22k_v5scr,last
ISIC_0026148,HAM_0002975,HAM_0002975,40-59,ham,5,False,5,0.0052546514,0.0027857893,0.008656229,0.059065495,0.0038218398,0.87897164,0.041444305,0.011862281,,0.011862281,look,0,,42,look_f0_s42_in22k_v5scr,last
ISIC_0026150,HAM_0004607,HAM_0004607,40-59,ham,4,True,4,0.0074323486,0.005414507,0.0054209423,0.05282697,0.8801022,0.011350419,0.03745262,0.89294904,,0.89294904,look,0,,42,look_f0_s42_in22k_v5scr,last
ISIC_0026154,HAM_0006658,HAM_0006658,60+,ham,1,True,1,0.007505868,0.88594,0.00513103,0.05200043,0.00776801,0.0033508698,0.038303807,0.90121394,,0.90121394,look,0,,42,look_f0_s42_in22k_v5scr,last
ISIC_0026164,HAM_0002872,HAM_0002872,<40,ham,5,False,5,0.010118518,0.006502607,0.0069264174,0.0666913,0.0064619826,0.8544122,0.048886918,0.023083106,,0.023083106,look,0,,42,look_f0_s42_in22k_v5scr,last
ISIC_0026165,HAM_0005950,HAM_0005950,40-59,ham,5,False,5,0.009933335,0.007944073,0.007613897,0.06874791,0.005455826,0.8526213,0.047683544,0.023333233,,0.023333233,look,0,,42,look_f0_s42_in22k_v5scr,last
ISIC_0026176,HAM_0002223,HAM_0002223,<40,ham,5,False,5,0.009299965,0.005359513,0.005992301,0.063887194,0.005642392,0.86224806,0.047570698,0.02030187,,0.02030187,look,0,,42,look_f0_s42_in22k_v5scr,last
ISIC_0026179,HAM_0003523,HAM_0003523,40-59,ham,5,False,5,0.009939345,0.0062010954,0.0068771895,0.0616698,0.006182925,0.8634863,0.045643378,0.022323366,,0.022323366,look,0,,42,look_f0_s42_in22k_v5scr,last
ISIC_0026186,HAM_0002106,HAM_0002106,40-59,ham,5,False,5,0.01137797,0.00723963,0.0073101665,0.06789893,0.0041997675,0.85377634,0.048197184,0.022817368,,0.022817368,look,0,,42,look_f0_s42_in22k_v5scr,last
ISIC_0026202,HAM_0006219,HAM_0006219,40-59,ham,5,False,5,0.012299852,0.0068344474,0.007535126,0.0708104,0.005372137,0.8478845,0.04926351,0.024506437,,0.024506437,look,0,,42,look_f0_s42_in22k_v5scr,last
ISIC_0026207,HAM_0002696,HAM_0002696,40-59,ham,4,True,5,0.008552116,0.0054909233,0.00462398,0.061487127,0.011333777,0.8626247,0.04588731,0.025376815,,0.025376815,look,0,,42,look_f0_s42_in22k_v5scr,last
ISIC_0026219,HAM_0006399,HAM_0006399,60+,ham,2,False,2,0.0051359767,0.004650445,0.8941607,0.04887614,0.005192386,0.009604844,0.03237951,0.014978807,,0.014978807,look,0,,42,look_f0_s42_in22k_v5scr,last
ISIC_0026227,HAM_0000986,HAM_0000986,40-59,ham,5,False,5,0.008710109,0.005994791,0.005776664,0.0666198,0.0057055596,0.8601887,0.04700432,0.02041046,,0.02041046,look,0,,42,look_f0_s42_in22k_v5scr,last
ISIC_0026228,HAM_0003168,HAM_0003168,40-59,ham,5,False,5,0.008926435,0.0058069085,0.005507529,0.06454779,0.0053540687,0.86324877,0.046608485,0.020087413,,0.020087413,look,0,,42,look_f0_s42_in22k_v5scr,last
ISIC_0026254,HAM_0006816,HAM_0006816,40-59,ham,3,False,2,0.0045900187,0.0049241385,0.879086,0.067456685,0.0028244986,0.004120566,0.036998197,0.012338655,,0.012338655,look,0,,42,look_f0_s42_in22k_v5scr,last
ISIC_0026255,HAM_0002221,HAM_0002221,40-59,ham,5,False,5,0.0092896065,0.006010074,0.005976826,0.06750085,0.0050509097,0.85766405,0.0485077,0.02035059,,0.02035059,look,0,,42,look_f0_s42_in22k_v5scr,last
ISIC_0026263,HAM_0002042,HAM_0002042,60+,ham,2,False,2,0.008737745,0.005118335,0.89165765,0.05044409,0.0050052293,0.0023494414,0.036687564,0.018861309,,0.018861309,look,0,,42,look_f0_s42_in22k_v5scr,last
ISIC_0026264,HAM_0004782,HAM_0004782,60+,ham,5,False,5,0.010569635,0.005992547,0.007234419,0.065767586,0.0057125576,0.85608166,0.048641592,0.02227474,,0.02227474,look,0,,42,look_f0_s42_in22k_v5scr,last
ISIC_0026275,HAM_0005804,HAM_0005804,60+,ham,1,True,1,0.004719353,0.8985899,0.0072147697,0.04553135,0.0065507917,0.003744933,0.033648856,0.9098601,,0.9098601,look,0,,42,look_f0_s42_in22k_v5scr,last
ISIC_0026276,HAM_0000710,HAM_0000710,60+,ham,2,False,2,0.0025574581,0.009136308,0.91199815,0.03986502,0.0031688518,0.003453189,0.029821033,0.014862618,,0.014862618,look,0,,42,look_f0_s42_in22k_v5scr,last
ISIC_0026300,HAM_0005411,HAM_0005411,60+,ham,5,False,5,0.010181862,0.006817865,0.0078108036,0.06738728,0.0066775302,0.8535537,0.04757092,0.023677258,,0.023677258,look,0,,42,look_f0_s42_in22k_v5scr,last
ISIC_0026303,HAM_0001680,HAM_0001680,40-59,ham,5,False,1,0.042579338,0.40215307,0.25520003,0.1367826,0.00349735,0.08469863,0.07508903,0.4482298,,0.4482298,look,0,,42,look_f0_s42_in22k_v5scr,last
ISIC_0026305,HAM_0002216,HAM_0002216,60+,ham,5,False,5,0.010297275,0.005997821,0.006702418,0.10333806,0.21950354,0.57060677,0.08355415,0.23579863,,0.23579863,look,0,,42,look_f0_s42_in22k_v5scr,last
ISIC_0026318,HAM_0002589,HAM_0002589,<40,ham,5,False,5,0.0114317825,0.006766228,0.0069174697,0.06885129,0.0069178753,0.8494084,0.049706947,0.025115885,,0.025115885,look,0,,42,look_f0_s42_in22k_v5scr,last
ISIC_0026323,HAM_0006104,HAM_0006104,<40,ham,5,False,4,0.0059746467,0.009667558,0.0027740314,0.07428271,0.71429944,0.14443006,0.048571613,0.72994167,,0.72994167,look,0,,42,look_f0_s42_in22k_v5scr,last
ISIC_0026327,HAM_0002012,HAM_0002012,40-59,ham,0,True,1,0.23851755,0.55848074,0.0110989055,0.10349991,0.009666859,0.004021759,0.07471427,0.8066651,,0.8066651,look,0,,42,look_f0_s42_in22k_v5scr,last
ISIC_0026336,HAM_0006406,HAM_0006406,40-59,ham,6,False,6,0.0013147041,0.000545458,0.0008510695,0.0075657046,0.0005137858,0.00027013835,0.98893917,0.0023739478,,0.0023739478,look,0,,42,look_f0_s42_in22k_v5scr,last
ISIC_0026344,HAM_0000221,HAM_0000221,40-59,ham,5,False,5,0.012379099,0.0067314035,0.0071332194,0.06759583,0.004937379,0.8553797,0.045843385,0.024047881,,0.024047881,look,0,,42,look_f0_s42_in22k_v5scr,last
ISIC_0026350,HAM_0003039,HAM_0003039,<40,ham,1,True,2,0.008993341,0.14429699,0.6021306,0.14482124,0.005523756,0.012805174,0.081428856,0.15881409,,0.15881409,look,0,,42,look_f0_s42_in22k_v5scr,last
ISIC_0026356,HAM_0001039,HAM_0001039,60+,ham,5,False,5,0.011766605,0.0075230147,0.007240514,0.068746164,0.0065098656,0.8463299,0.05188388,0.025799487,,0.025799487,look,0,,42,look_f0_s42_in22k_v5scr,last
ISIC_0026358,HAM_0006469,HAM_0006469,<40,ham,5,False,5,0.012913044,0.007773874,0.0068255356,0.07334766,0.0044912193,0.84354,0.051108617,0.025178136,,0.025178136,look,0,,42,look_f0_s42_in22k_v5scr,last
ISIC_0026364,HAM_0007022,HAM_0007022,40-59,ham,5,False,5,0.01059105,0.0063420516,0.006122332,0.06598919,0.0052315146,0.85678273,0.048941214,0.022164617,,0.022164617,look,0,,42,look_f0_s42_in22k_v5scr,last
ISIC_0026376,HAM_0004418,HAM_0004418,<40,ham,5,False,5,0.009716951,0.006169738,0.00659787,0.070137456,0.0061504627,0.8525813,0.048646268,0.022037152,,0.022037152,look,0,,42,look_f0_s42_in22k_v5scr,last
ISIC_0026378,HAM_0004426,HAM_0004426,40-59,ham,2,False,2,0.0050858776,0.0076975524,0.9202562,0.03169278,0.0046241204,0.001988558,0.028654836,0.017407551,,0.017407551,look,0,,42,look_f0_s42_in22k_v5scr,last
ISIC_0026380,HAM_0000533,HAM_0000533,40-59,ham,5,False,5,0.011199844,0.006882844,0.0075850002,0.06867768,0.005173804,0.854372,0.04610886,0.023256492,,0.023256492,look,0,,42,look_f0_s42_in22k_v5scr,last
ISIC_0026415,HAM_0000520,HAM_0000520,<40,ham,5,False,5,0.008934754,0.0059764637,0.00625082,0.06558508,0.0052995863,0.8609974,0.046955887,0.020210804,,0.020210804,look,0,,42,look_f0_s42_in22k_v5scr,last
ISIC_0026445,HAM_0004288,HAM_0004288,<40,ham,5,False,5,0.01151361,0.0063798274,0.0050906134,0.0739266,0.028717741,0.8185309,0.055840686,0.04661118,,0.04661118,look,0,,42,look_f0_s42_in22k_v5scr,last
ISIC_0026447,HAM_0003573,HAM_0003573,40-59,ham,5,False,5,0.010573429,0.0069077797,0.007399229,0.07011503,0.0056597996,0.8501116,0.04923312,0.023141008,,0.023141008,look,0,,42,look_f0_s42_in22k_v5scr,last
ISIC_0026459,HAM_0002241,HAM_0002241,<40,ham,5,False,5,0.010334341,0.0064590797,0.0063801077,0.068869725,0.0062228427,0.85232794,0.049405944,0.023016263,,0.023016263,look,0,,42,look_f0_s42_in22k_v5scr,last
ISIC_0026472,HAM_0004277,HAM_0004277,40-59,ham,5,False,5,0.009705991,0.005935657,0.006508263,0.06692004,0.0061770855,0.85663563,0.048117325,0.021818735,,0.021818735,look,0,,42,look_f0_s42_in22k_v5scr,last
ISIC_0026473,HAM_0003110,HAM_0003110,60+,ham,3,False,4,0.0069812173,0.01690135,0.040583357,0.1568831,0.7391618,0.007156553,0.032332636,0.76304436,,0.76304436,look,0,,42,look_f0_s42_in22k_v5scr,last
ISIC_0026476,HAM_0000303,HAM_0000303,40-59,ham,5,False,5,0.012149987,0.007568229,0.009024326,0.07076845,0.008555732,0.8415553,0.05037796,0.028273948,,0.028273948,look,0,,42,look_f0_s42_in22k_v5scr,last
ISIC_0026477,HAM_0006563,HAM_0006563,40-59,ham,2,False,5,0.007834555,0.0046402975,0.008074871,0.062051825,0.007292736,0.866107,0.043998804,0.019767588,,0.019767588,look,0,,42,look_f0_s42_in22k_v5scr,last
ISIC_0026481,HAM_0007332,HAM_0007332,60+,ham,2,False,2,0.0031164787,0.0017000587,0.77915204,0.05565337,0.005346741,0.11098148,0.04404984,0.010163278,,0.010163278,look,0,,42,look_f0_s42_in22k_v5scr,last
ISIC_0026495,HAM_0003977,HAM_0003977,40-59,ham,5,False,5,0.0088870805,0.005879413,0.0065045008,0.06385873,0.005072868,0.8638387,0.045958724,0.019839361,,0.019839361,look,0,,42,look_f0_s42_in22k_v5scr,last
ISIC_0026496,HAM_0005757,HAM_0005757,60+,ham,1,True,1,0.011809968,0.8742012,0.004999525,0.052326288,0.0043392843,0.0030434208,0.049280267,0.8903504,,0.8903504,look,0,,42,look_f0_s42_in22k_v5scr,last
ISIC_0026498,HAM_0000054,HAM_0000054,<40,ham,5,False,5,0.011292371,0.008262577,0.009128389,0.07097483,0.0074941823,0.8410686,0.051779103,0.027049128,,0.027049128,look,0,,42,look_f0_s42_in22k_v5scr,last
ISIC_0026510,HAM_0002428,HAM_0002428,60+,ham,5,False,5,0.0110786995,0.0068414942,0.0074825054,0.06678859,0.007124855,0.8527563,0.047927562,0.025045048,,0.025045048,look,0,,42,look_f0_s42_in22k_v5scr,last
ISIC_0026513,HAM_0005910,HAM_0005910,60+,ham,5,False,4,0.009322299,0.002545396,0.003257627,0.046046425,0.86607915,0.03733841,0.035410732,0.87794685,,0.87794685,look,0,,42,look_f0_s42_in22k_v5scr,last
ISIC_0026515,HAM_0002779,HAM_0002779,40-59,ham,5,False,5,0.011344837,0.007354687,0.007890164,0.06931886,0.004831461,0.8506933,0.04856673,0.023530984,,0.023530984,look,0,,42,look_f0_s42_in22k_v5scr,last
ISIC_0026519,HAM_0007255,HAM_0007255,40-59,ham,5,False,5,0.009482832,0.005204445,0.0061243633,0.06136969,0.0031617065,0.86794263,0.046714276,0.017848983,,0.017848983,look,0,,42,look_f0_s42_in22k_v5scr,last
ISIC_0026523,HAM_0004338,HAM_0004338,60+,ham,2,False,2,0.013246923,0.0025762275,0.91623664,0.03499904,0.0014977712,0.001649689,0.029793793,0.017320922,,0.017320922,look,0,,42,look_f0_s42_in22k_v5scr,last
ISIC_0026527,HAM_0002438,HAM_0002438,60+,ham,5,False,5,0.009696549,0.0061945384,0.007250933,0.067366615,0.0070244814,0.85432553,0.0481413,0.022915568,,0.022915568,look,0,,42,look_f0_s42_in22k_v5scr,last
ISIC_0026539,HAM_0004696,HAM_0004696,60+,ham,2,False,2,0.021736283,0.030398306,0.8182808,0.06360609,0.001605961,0.03488624,0.029486319,0.05374055,,0.05374055,look,0,,42,look_f0_s42_in22k_v5scr,last
ISIC_0026547,HAM_0000436,HAM_0000436,40-59,ham,5,False,5,0.009726826,0.006035222,0.006073152,0.060381107,0.0059930487,0.8660278,0.045762826,0.021755096,,0.021755096,look,0,,42,look_f0_s42_in22k_v5scr,last
ISIC_0026551,HAM_0004802,HAM_0004802,40-59,ham,5,False,5,0.009650098,0.0047279554,0.005408118,0.071841784,0.00965355,0.8485618,0.050156686,0.024031604,,0.024031604,look,0,,42,look_f0_s42_in22k_v5scr,last
ISIC_0026566,HAM_0004078,HAM_0004078,60+,ham,2,False,2,0.013618489,0.0048646284,0.89781374,0.047606014,0.0031927912,0.0043595647,0.028544776,0.021675909,,0.021675909,look,0,,42,look_f0_s42_in22k_v5scr,last
ISIC_0026571,HAM_0006037,HAM_0006037,40-59,ham,4,True,4,0.008583051,0.004438896,0.0047975867,0.052302964,0.8889522,0.0042548794,0.03667045,0.90197414,,0.90197414,look,0,,42,look_f0_s42_in22k_v5scr,last
ISIC_0026593,HAM_0004970,HAM_0004970,60+,ham,1,True,1,0.006977395,0.86339056,0.006543289,0.05869882,0.008545117,0.0056615835,0.050183255,0.87891304,,0.87891304,look,0,,42,look_f0_s42_in22k_v5scr,last
ISIC_0026596,HAM_0004979,HAM_0004979,60+,ham,4,True,5,0.012007367,0.00765262,0.00805867,0.065119796,0.0049366187,0.85678226,0.04544264,0.024596605,,0.024596605,look,0,,42,look_f0_s42_in22k_v5scr,last
ISIC_0026598,HAM_0006602,HAM_0006602,60+,ham,5,False,5,0.011042218,0.005750154,0.008824217,0.063947685,0.004762587,0.8573271,0.048346035,0.021554958,,0.021554958,look,0,,42,look_f0_s42_in22k_v5scr,last
ISIC_0026611,HAM_0002470,HAM_0002470,<40,ham,5,False,5,0.010813548,0.0049214778,0.0073937546,0.064398944,0.020082599,0.84283495,0.049554713,0.035817623,,0.035817623,look,0,,42,look_f0_s42_in22k_v5scr,last
ISIC_0026615,HAM_0002532,HAM_0002532,60+,ham,5,False,5,0.016045254,0.0061705713,0.0059677237,0.06944361,0.0081503885,0.8475261,0.046696406,0.030366212,,0.030366212,look,0,,42,look_f0_s42_in22k_v5scr,last
ISIC_0026623,HAM_0003800,HAM_0003800,60+,ham,2,False,2,0.034077726,0.014834021,0.45181793,0.13820793,0.26579314,0.0037133254,0.091556,0.3147049,,0.3147049,look,0,,42,look_f0_s42_in22k_v5scr,last
ISIC_0026629,HAM_0004065,HAM_0004065,60+,ham,3,False,3,0.0007506357,0.00031849576,0.002196901,0.99213225,0.00015509948,0.00045183575,0.0039947727,0.0012242309,,0.0012242309,look,0,,42,look_f0_s42_in22k_v5scr,last
ISIC_0026630,HAM_0001682,HAM_0001682,40-59,ham,5,False,5,0.009852564,0.005814338,0.005688623,0.06359095,0.005491203,0.86184937,0.047713026,0.021158105,,0.021158105,look,0,,42,look_f0_s42_in22k_v5scr,last
ISIC_0026635,HAM_0004057,HAM_0004057,60+,ham,5,False,5,0.010166645,0.0060308,0.0071130088,0.06697212,0.0047711967,0.8590571,0.045889076,0.020968642,,0.020968642,look,0,,42,look_f0_s42_in22k_v5scr,last
ISIC_0026650,HAM_0000545,HAM_0000545,60+,ham,0,True,0,0.3670519,0.0067683603,0.3574452,0.09907595,0.089307755,0.0026287208,0.07772209,0.463128,,0.463128,look,0,,42,look_f0_s42_in22k_v5scr,last
ISIC_0026651,HAM_0001969,HAM_0001969,40-59,ham,5,False,5,0.010174907,0.006615289,0.0130429035,0.05876487,0.0049100937,0.86400765,0.042484287,0.02170029,,0.02170029,look,0,,42,look_f0_s42_in22k_v5scr,last
ISIC_0026652,HAM_0001835,HAM_0001835,60+,ham,4,True,4,0.007147484,0.0027528794,0.0086312685,0.0902428,0.8486383,0.0048806285,0.037706714,0.8585387,,0.8585387,look,0,,42,look_f0_s42_in22k_v5scr,last
ISIC_0026653,HAM_0001535,HAM_0001535,40-59,ham,5,False,5,0.0113685345,0.00607821,0.0074232505,0.06576529,0.008556748,0.8530135,0.047794387,0.026003493,,0.026003493,look,0,,42,look_f0_s42_in22k_v5scr,last
ISIC_0026660,HAM_0006599,HAM_0006599,60+,ham,5,False,5,0.008234376,0.0046930406,0.0050046784,0.063233,0.006044422,0.86117613,0.051614393,0.018971838,,0.018971838,look,0,,42,look_f0_s42_in22k_v5scr,last
ISIC_0026668,HAM_0001666,HAM_0001666,60+,ham,1,True,1,0.0075143613,0.58303595,0.20370953,0.108717024,0.013937977,0.008887582,0.07419758,0.60448825,,0.60448825,look,0,,42,look_f0_s42_in22k_v5scr,last
ISIC_0026674,HAM_0004836,HAM_0004836,<40,ham,5,False,5,0.00822001,0.0034294513,0.029832467,0.06768361,0.0039900094,0.8393483,0.04749607,0.01563947,,0.01563947,look,0,,42,look_f0_s42_in22k_v5scr,last
ISIC_0026675,HAM_0003739,HAM_0003739,<40,ham,2,False,2,0.0065494156,0.0046388293,0.8798721,0.055706147,0.004065905,0.006734706,0.04243294,0.015254149,,0.015254149,look,0,,42,look_f0_s42_in22k_v5scr,last
ISIC_0026685,HAM_0002475,HAM_0002475,60+,ham,5,False,5,0.008313302,0.0052235196,0.0046304306,0.061001014,0.00406826,0.8734154,0.043348063,0.017605081,,0.017605081,look,0,,42,look_f0_s42_in22k_v5scr,last
ISIC_0026687,HAM_0002689,HAM_0002689,60+,ham,1,True,1,0.012095181,0.888318,0.007586644,0.04806084,0.0048302696,0.003067811,0.03604136,0.9052434,,0.9052434,look,0,,42,look_f0_s42_in22k_v5scr,last
ISIC_0026688,HAM_0001861,HAM_0001861,60+,ham,5,False,5,0.011370408,0.007316551,0.007186148,0.0655979,0.012616437,0.8458461,0.050066426,0.0313034,,0.0313034,look,0,,42,look_f0_s42_in22k_v5scr,last
ISIC_0026699,HAM_0007210,HAM_0007210,60+,ham,5,False,5,0.008538611,0.0055294647,0.0062308456,0.067168735,0.005415345,0.8584327,0.048684243,0.019483421,,0.019483421,look,0,,42,look_f0_s42_in22k_v5scr,last
ISIC_0026704,HAM_0004338,HAM_0004338,60+,ham,2,False,2,0.3552863,0.0020962933,0.4733825,0.079075076,0.012607838,0.010716498,0.06683541,0.36999044,,0.36999044,look,0,,42,look_f0_s42_in22k_v5scr,last
ISIC_0026714,HAM_0004889,HAM_0004889,60+,ham,2,False,2,0.004372887,0.0033176416,0.82568973,0.05692529,0.0045947484,0.065584816,0.039514836,0.012285277,,0.012285277,look,0,,42,look_f0_s42_in22k_v5scr,last
ISIC_0026717,HAM_0002527,HAM_0002527,60+,ham,2,False,2,0.006239921,0.0065687206,0.900587,0.04877257,0.006171807,0.0023517278,0.029308325,0.018980449,,0.018980449,look,0,,42,look_f0_s42_in22k_v5scr,last
ISIC_0026718,HAM_0007285,HAM_0007285,40-59,ham,5,False,5,0.008514482,0.005399073,0.0057746493,0.068174176,0.0056442264,0.8606747,0.04581876,0.019557782,,0.019557782,look,0,,42,look_f0_s42_in22k_v5scr,last
ISIC_0026755,HAM_0001931,HAM_0001931,40-59,ham,5,False,5,0.01036672,0.0067048147,0.0067171226,0.068006255,0.0055371434,0.854546,0.04812202,0.022608677,,0.022608677,look,0,,42,look_f0_s42_in22k_v5scr,last
ISIC_0026769,HAM_0002730,HAM_0002730,60+,ham,2,False,4,0.053007286,0.01280686,0.004716697,0.07395958,0.805224,0.0025744396,0.04771108,0.87103814,,0.87103814,look,0,,42,look_f0_s42_in22k_v5scr,last
ISIC_0026787,HAM_0000386,HAM_0000386,60+,ham,2,False,4,0.011409788,0.0028868427,0.02631425,0.0387803,0.8760532,0.021103218,0.02345236,0.89034986,,0.89034986,look,0,,42,look_f0_s42_in22k_v5scr,last
ISIC_0026789,HAM_0003110,HAM_0003110,60+,ham,3,False,1,0.008090191,0.5471803,0.14087869,0.20719267,0.037564885,0.01136701,0.04772632,0.59283537,,0.59283537,look,0,,42,look_f0_s42_in22k_v5scr,last
ISIC_0026792,HAM_0001778,HAM_0001778,40-59,ham,5,False,5,0.011734876,0.0074492455,0.007644365,0.06459321,0.0067042285,0.8558116,0.04606255,0.02588835,,0.02588835,look,0,,42,look_f0_s42_in22k_v5scr,last
ISIC_0026799,HAM_0005369,HAM_0005369,40-59,ham,5,False,5,0.010340081,0.006630058,0.0068111466,0.06344553,0.005684035,0.8600651,0.047024082,0.022654174,,0.022654174,look,0,,42,look_f0_s42_in22k_v5scr,last
ISIC_0026806,HAM_0001888,HAM_0001888,<40,ham,5,False,5,0.012633824,0.007469153,0.0058847535,0.06718315,0.0048199417,0.8529455,0.049063627,0.024922919,,0.024922919,look,0,,42,look_f0_s42_in22k_v5scr,last
ISIC_0026807,HAM_0000145,HAM_0000145,40-59,ham,5,False,5,0.010828845,0.0068737306,0.007020185,0.07049813,0.0042582904,0.85073346,0.049787376,0.021960866,,0.021960866,look,0,,42,look_f0_s42_in22k_v5scr,last
ISIC_0026825,HAM_0000204,HAM_0000204,40-59,ham,5,False,2,0.066333406,0.0024425238,0.40383634,0.1240545,0.00938074,0.317503,0.076449454,0.07815667,,0.07815667,look,0,,42,look_f0_s42_in22k_v5scr,last
ISIC_0026828,HAM_0000840,HAM_0000840,40-59,ham,5,False,5,0.009326548,0.006195437,0.0057663186,0.063621804,0.005162525,0.86193734,0.04798994,0.02068451,,0.02068451,look,0,,42,look_f0_s42_in22k_v5scr,last
ISIC_0026834,HAM_0002296,HAM_0002296,<40,ham,5,False,5,0.010334952,0.0050943024,0.004373205,0.071585745,0.009256618,0.8477332,0.05162202,0.024685873,,0.024685873,look,0,,42,look_f0_s42_in22k_v5scr,last
ISIC_0026847,HAM_0002099,HAM_0002099,60+,ham,4,True,4,0.022311639,0.0032241438,0.035815097,0.06616846,0.81936306,0.004114927,0.04900266,0.8448988,,0.8448988,look,0,,42,look_f0_s42_in22k_v5scr,last
ISIC_0026853,HAM_0002194,HAM_0002194,60+,ham,4,True,5,0.025534282,0.0072300723,0.049278695,0.082227066,0.10043949,0.66383207,0.071458295,0.13320383,,0.13320383,look,0,,42,look_f0_s42_in22k_v5scr,last
ISIC_0026861,HAM_0007110,HAM_0007110,60+,ham,2,False,0,0.42536592,0.009074232,0.40073404,0.10056746,0.0077993525,0.001989906,0.054469064,0.44223952,,0.44223952,look,0,,42,look_f0_s42_in22k_v5scr,last
ISIC_0026868,HAM_0005251,HAM_0005251,60+,ham,4,True,4,0.004442557,0.0218439,0.007976145,0.047713928,0.88074654,0.0052556926,0.032021187,0.907033,,0.907033,look,0,,42,look_f0_s42_in22k_v5scr,last
ISIC_0026870,HAM_0003587,HAM_0003587,60+,ham,4,True,5,0.011309444,0.0030106474,0.116345085,0.08666175,0.0820374,0.63095593,0.06967974,0.09635749,,0.09635749,look,0,,42,look_f0_s42_in22k_v5scr,last
ISIC_0026879,HAM_0002393,HAM_0002393,40-59,ham,5,False,5,0.009851043,0.0061735376,0.0067460174,0.06718575,0.0053850613,0.85790414,0.046754494,0.021409642,,0.021409642,look,0,,42,look_f0_s42_in22k_v5scr,last
ISIC_0026880,HAM_0006486,HAM_0006486,<40,ham,5,False,5,0.008755772,0.0054488196,0.005849506,0.06512358,0.0050559323,0.8624702,0.047296043,0.019260524,,0.019260524,look,0,,42,look_f0_s42_in22k_v5scr,last
ISIC_0026883,HAM_0002797,HAM_0002797,<40,ham,5,False,2,0.012200097,0.0057984334,0.801219,0.073667236,0.0024792168,0.048904568,0.05573144,0.020477746,,0.020477746,look,0,,42,look_f0_s42_in22k_v5scr,last
ISIC_0026888,HAM_0005163,HAM_0005163,40-59,ham,5,False,5,0.010190802,0.006144008,0.0065158573,0.06365459,0.006343642,0.8626752,0.04447586,0.022678452,,0.022678452,look,0,,42,look_f0_s42_in22k_v5scr,last
ISIC_0026889,HAM_0002833,HAM_0002833,<40,ham,5,False,5,0.00918979,0.0061411182,0.006200382,0.0676945,0.0058736852,0.85806215,0.046838272,0.021204595,,0.021204595,look,0,,42,look_f0_s42_in22k_v5scr,last
ISIC_0026900,HAM_0001363,HAM_0001363,40-59,ham,5,False,5,0.009399649,0.0063299434,0.0060964813,0.06430031,0.0060289754,0.8597548,0.04808979,0.021758568,,0.021758568,look,0,,42,look_f0_s42_in22k_v5scr,last
ISIC_0026916,HAM_0000320,HAM_0000320,40-59,ham,4,True,4,0.004558564,0.002273178,0.0056412183,0.035962537,0.9235818,0.0034804172,0.02450229,0.93041354,,0.93041354,look,0,,42,look_f0_s42_in22k_v5scr,last
ISIC_0026918,HAM_0006573,HAM_0006573,40-59,ham,5,False,5,0.0098418,0.0075105173,0.0067628734,0.0677341,0.004062202,0.856707,0.04738153,0.021414518,,0.021414518,look,0,,42,look_f0_s42_in22k_v5scr,last
ISIC_0026921,HAM_0004275,HAM_0004275,60+,ham,5,False,5,0.010943115,0.0054023527,0.0055936803,0.06584796,0.0055981684,0.85799426,0.048620448,0.021943636,,0.021943636,look,0,,42,look_f0_s42_in22k_v5scr,last
ISIC_0026927,HAM_0003501,HAM_0003501,60+,ham,0,True,0,0.9210626,0.013664428,0.004277255,0.030664587,0.0008209247,0.0024469176,0.027063228,0.93554795,,0.93554795,look,0,,42,look_f0_s42_in22k_v5scr,last
ISIC_0026929,HAM_0005224,HAM_0005224,40-59,ham,5,False,5,0.01099627,0.0065431255,0.0061602034,0.06878543,0.014226457,0.83845824,0.054830194,0.031765852,,0.031765852,look,0,,42,look_f0_s42_in22k_v5scr,last
ISIC_0026942,HAM_0006553,HAM_0006553,<40,ham,5,False,5,0.007924164,0.004074496,0.012352452,0.054876063,0.00377075,0.8692076,0.047794472,0.01576941,,0.01576941,look,0,,42,look_f0_s42_in22k_v5scr,last
ISIC_0026944,HAM_0000331,HAM_0000331,60+,ham,5,False,5,0.009024896,0.0060779997,0.0065680654,0.062373195,0.0057912697,0.8632308,0.046933744,0.020894164,,0.020894164,look,0,,42,look_f0_s42_in22k_v5scr,last
ISIC_0026945,HAM_0003999,HAM_0003999,60+,ham,5,False,5,0.0089253755,0.0055052578,0.005975952,0.061801475,0.004809173,0.8669085,0.046074256,0.019239806,,0.019239806,look,0,,42,look_f0_s42_in22k_v5scr,last
ISIC_0026950,HAM_0007617,HAM_0007617,60+,ham,4,True,4,0.0066442476,0.0197036,0.0061155935,0.078090504,0.8288737,0.0044472357,0.05612521,0.85522157,,0.85522157,look,0,,42,look_f0_s42_in22k_v5scr,last
ISIC_0026957,HAM_0001369,HAM_0001369,60+,ham,1,True,1,0.014259667,0.8719275,0.0067564864,0.05947943,0.0038628445,0.0042418917,0.03947217,0.89005005,,0.89005005,look,0,,42,look_f0_s42_in22k_v5scr,last
ISIC_0026960,HAM_0005456,HAM_0005456,40-59,ham,5,False,5,0.0111334855,0.0074515585,0.008569276,0.07257984,0.005703822,0.8434363,0.05112578,0.024288867,,0.024288867,look,0,,42,look_f0_s42_in22k_v5scr,last
ISIC_0026962,HAM_0007334,HAM_0007334,40-59,ham,5,False,5,0.010223006,0.0061953673,0.006865604,0.06852652,0.005675884,0.85417306,0.04834051,0.022094257,,0.022094257,look,0,,42,look_f0_s42_in22k_v5scr,last
ISIC_0026965,HAM_0000470,HAM_0000470,40-59,ham,5,False,5,0.010461303,0.0065221936,0.0063128546,0.06623192,0.0060772635,0.85746443,0.04693009,0.023060761,,0.023060761,look,0,,42,look_f0_s42_in22k_v5scr,last
ISIC_0026975,HAM_0006063,HAM_0006063,40-59,ham,5,False,5,0.012258343,0.0071607674,0.00717845,0.07079724,0.0049692662,0.8479159,0.04972008,0.024388377,,0.024388377,look,0,,42,look_f0_s42_in22k_v5scr,last
ISIC_0026976,HAM_0000358,HAM_0000358,60+,ham,4,True,2,0.005356317,0.0030149245,0.8930508,0.045674335,0.016837392,0.005536557,0.03052974,0.025208633,,0.025208633,look,0,,42,look_f0_s42_in22k_v5scr,last
ISIC_0026980,HAM_0005876,HAM_0005876,60+,ham,5,False,5,0.0088081835,0.0059466665,0.006407677,0.06650702,0.004939066,0.86049265,0.046898767,0.019693917,,0.019693917,look,0,,42,look_f0_s42_in22k_v5scr,last
ISIC_0026983,HAM_0006404,HAM_0006404,40-59,ham,5,False,5,0.010350994,0.006329503,0.005561037,0.06496697,0.005098216,0.86363643,0.04405686,0.021778714,,0.021778714,look,0,,42,look_f0_s42_in22k_v5scr,last
ISIC_0026985,HAM_0006607,HAM_0006607,60+,ham,5,False,5,0.011272762,0.0070287758,0.009456836,0.07138734,0.006630506,0.84357136,0.05065238,0.024932044,,0.024932044,look,0,,42,look_f0_s42_in22k_v5scr,last
ISIC_0026987,HAM_0006994,HAM_0006994,<40,ham,5,False,5,0.012315335,0.00681053,0.006237303,0.06772666,0.005553063,0.8517503,0.04960684,0.024678927,,0.024678927,look,0,,42,look_f0_s42_in22k_v5scr,last
ISIC_0026996,HAM_0004121,HAM_0004121,40-59,ham,4,True,5,0.009648049,0.0054378603,0.005669137,0.06830197,0.0073535703,0.85318613,0.05040322,0.02243948,,0.02243948,look,0,,42,look_f0_s42_in22k_v5scr,last
ISIC_0026998,HAM_0006094,HAM_0006094,40-59,ham,5,False,5,0.013166422,0.0051189954,0.013075241,0.07509557,0.0048659076,0.8292247,0.059453167,0.023151325,,0.023151325,look,0,,42,look_f0_s42_in22k_v5scr,last
ISIC_0027008,HAM_0005276,HAM_0005276,60+,ham,3,False,1,0.03810975,0.5124729,0.0049749413,0.3659717,0.006278488,0.0011489615,0.07104328,0.55686116,,0.55686116,look,0,,42,look_f0_s42_in22k_v5scr,last
ISIC_0027011,HAM_0000307,HAM_0000307,60+,ham,5,False,5,0.009671008,0.0059795748,0.0058600875,0.06317853,0.0054034945,0.86491007,0.044997253,0.021054078,,0.021054078,look,0,,42,look_f0_s42_in22k_v5scr,last
ISIC_0027015,HAM_0001851,HAM_0001851,40-59,ham,5,False,5,0.013212777,0.0075421175,0.0072199493,0.07331288,0.0042881616,0.84763783,0.046786312,0.025043055,,0.025043055,look,0,,42,look_f0_s42_in22k_v5scr,last
ISIC_0027025,HAM_0000121,HAM_0000121,60+,ham,2,False,2,0.008246494,0.004097628,0.8933218,0.048544418,0.0060800794,0.0038080325,0.035901576,0.018424202,,0.018424202,look,0,,42,look_f0_s42_in22k_v5scr,last
ISIC_0027026,HAM_0002585,HAM_0002585,60+,ham,2,False,5,0.009659004,0.0030002051,0.004623504,0.101260595,0.0027466156,0.8545551,0.024155065,0.015405825,,0.015405825,look,0,,42,look_f0_s42_in22k_v5scr,last
ISIC_0027034,HAM_0007426,HAM_0007426,<40,ham,5,False,5,0.009624483,0.004566106,0.006541661,0.06274959,0.0077462364,0.8615861,0.047185827,0.021936826,,0.021936826,look,0,,42,look_f0_s42_in22k_v5scr,last
ISIC_0027038,HAM_0005985,HAM_0005985,40-59,ham,1,True,1,0.008775129,0.8801975,0.007015164,0.05562753,0.0043083127,0.0037683523,0.040307958,0.8932809,,0.8932809,look,0,,42,look_f0_s42_in22k_v5scr,last
ISIC_0027040,HAM_0004924,HAM_0004924,unknown,ham,5,False,5,0.009831133,0.0058934614,0.0063071633,0.06785457,0.007617997,0.8529345,0.049561188,0.023342593,,0.023342593,look,0,,42,look_f0_s42_in22k_v5scr,last
ISIC_0027041,HAM_0003049,HAM_0003049,60+,ham,2,False,2,0.014272383,0.0059817503,0.6845219,0.122610405,0.10221458,0.027923306,0.04247574,0.12246872,,0.12246872,look,0,,42,look_f0_s42_in22k_v5scr,last
ISIC_0027051,HAM_0006972,HAM_0006972,60+,ham,5,False,5,0.010583474,0.0057084337,0.008594549,0.071160816,0.0040866113,0.8494606,0.050405536,0.02037852,,0.02037852,look,0,,42,look_f0_s42_in22k_v5scr,last
ISIC_0027058,HAM_0005998,HAM_0005998,60+,ham,1,True,5,0.01910865,0.24746743,0.0076015587,0.14146334,0.0072341426,0.48926723,0.08785765,0.27381024,,0.27381024,look,0,,42,look_f0_s42_in22k_v5scr,last
ISIC_0027059,HAM_0007628,HAM_0007628,60+,ham,5,False,5,0.010602135,0.0061259614,0.0065830373,0.06973443,0.0053297314,0.85335904,0.048265643,0.022057828,,0.022057828,look,0,,42,look_f0_s42_in22k_v5scr,last
ISIC_0027060,HAM_0002471,HAM_0002471,40-59,ham,4,True,4,0.009899948,0.005390355,0.011773714,0.06897348,0.84264916,0.010365627,0.050947785,0.8579395,,0.8579395,look,0,,42,look_f0_s42_in22k_v5scr,last
ISIC_0027082,HAM_0000816,HAM_0000816,40-59,ham,5,False,5,0.008802562,0.0049700905,0.0071488093,0.0626815,0.005219283,0.8635125,0.047665134,0.018991936,,0.018991936,look,0,,42,look_f0_s42_in22k_v5scr,last
ISIC_0027101,HAM_0001835,HAM_0001835,60+,ham,4,True,4,0.010301864,0.003965294,0.0062548798,0.063861676,0.86904246,0.0047667962,0.04180695,0.8833096,,0.8833096,look,0,,42,look_f0_s42_in22k_v5scr,last
ISIC_0027112,HAM_0004886,HAM_0004886,40-59,ham,5,False,5,0.010440862,0.005549038,0.008059079,0.064214475,0.0047566593,0.8598917,0.04708827,0.020746559,,0.020746559,look,0,,42,look_f0_s42_in22k_v5scr,last
ISIC_0027115,HAM_0007576,HAM_0007576,40-59,ham,5,False,5,0.009619312,0.0053419475,0.0068554226,0.067223586,0.0050493744,0.86074144,0.045168873,0.020010633,,0.020010633,look,0,,42,look_f0_s42_in22k_v5scr,last
ISIC_0027116,HAM_0002656,HAM_0002656,40-59,ham,5,False,5,0.009703096,0.0057906327,0.0066555417,0.06903651,0.0075379563,0.8527535,0.04852277,0.023031686,,0.023031686,look,0,,42,look_f0_s42_in22k_v5scr,last
ISIC_0027117,HAM_0006351,HAM_0006351,60+,ham,1,True,1,0.0061040944,0.46569067,0.0073585776,0.1470535,0.008655636,0.26903674,0.09610074,0.4804504,,0.4804504,look,0,,42,look_f0_s42_in22k_v5scr,last
ISIC_0027119,HAM_0007387,HAM_0007387,60+,ham,5,False,5,0.009461302,0.006290909,0.006813242,0.06572969,0.0047653043,0.85944855,0.047491,0.020517515,,0.020517515,look,0,,42,look_f0_s42_in22k_v5scr,last
ISIC_0027121,HAM_0004941,HAM_0004941,<40,ham,5,False,5,0.0084803,0.0058091385,0.0071194377,0.065927856,0.0054076044,0.8608418,0.046413884,0.019697044,,0.019697044,look,0,,42,look_f0_s42_in22k_v5scr,last
ISIC_0027135,HAM_0004388,HAM_0004388,60+,ham,1,True,1,0.011174374,0.89351475,0.0044965455,0.05097623,0.002844339,0.0026243094,0.03436946,0.90753347,,0.90753347,look,0,,42,look_f0_s42_in22k_v5scr,last
ISIC_0027147,HAM_0000366,HAM_0000366,60+,ham,5,False,5,0.0026327819,0.0030301341,0.006072539,0.06614063,0.0018371526,0.8844766,0.035810143,0.0075000688,,0.0075000688,look,0,,42,look_f0_s42_in22k_v5scr,last
ISIC_0027161,HAM_0005494,HAM_0005494,40-59,ham,5,False,5,0.0122026075,0.007251457,0.008008708,0.06938994,0.0053937817,0.84848934,0.04926412,0.024847846,,0.024847846,look,0,,42,look_f0_s42_in22k_v5scr,last
ISIC_0027163,HAM_0006964,HAM_0006964,60+,ham,4,True,4,0.011418246,0.00624955,0.008950786,0.05764635,0.87315345,0.0031332616,0.039448343,0.8908212,,0.8908212,look,0,,42,look_f0_s42_in22k_v5scr,last
ISIC_0027167,HAM_0003859,HAM_0003859,60+,ham,2,False,2,0.007762946,0.005895173,0.87732345,0.054453317,0.0062303212,0.0037486264,0.044586178,0.01988844,,0.01988844,look,0,,42,look_f0_s42_in22k_v5scr,last
ISIC_0027171,HAM_0002696,HAM_0002696,40-59,ham,4,True,5,0.0144818,0.006944482,0.0061487425,0.09342889,0.07834051,0.72794527,0.07271029,0.09976679,,0.09976679,look,0,,42,look_f0_s42_in22k_v5scr,last
ISIC_0027173,HAM_0005472,HAM_0005472,40-59,ham,5,False,5,0.00963768,0.0058802254,0.006780964,0.066990614,0.0056898193,0.8573578,0.047662873,0.021207724,,0.021207724,look,0,,42,look_f0_s42_in22k_v5scr,last
ISIC_0027179,HAM_0006061,HAM_0006061,60+,ham,4,True,4,0.0049034553,0.005281171,0.0042219544,0.0492619,0.8990423,0.007174711,0.030114533,0.90922695,,0.90922695,look,0,,42,look_f0_s42_in22k_v5scr,last
ISIC_0027182,HAM_0000172,HAM_0000172,40-59,ham,5,False,5,0.010051661,0.007033039,0.007539166,0.06666797,0.0074123363,0.8541565,0.047139328,0.024497036,,0.024497036,look,0,,42,look_f0_s42_in22k_v5scr,last
ISIC_0027192,HAM_0001024,HAM_0001024,40-59,ham,2,False,2,0.011617406,0.004076923,0.3621691,0.07913396,0.190599,0.28044596,0.07195771,0.20629333,,0.20629333,look,0,,42,look_f0_s42_in22k_v5scr,last
ISIC_0027202,HAM_0001011,HAM_0001011,40-59,ham,2,False,2,0.00927867,0.0067221127,0.8862361,0.05278056,0.004310752,0.005212686,0.035459112,0.020311534,,0.020311534,look,0,,42,look_f0_s42_in22k_v5scr,last
ISIC_0027203,HAM_0000287,HAM_0000287,60+,ham,5,False,5,0.011806644,0.0063505047,0.0042540296,0.06254501,0.06951211,0.7957512,0.04978051,0.08766925,,0.08766925,look,0,,42,look_f0_s42_in22k_v5scr,last
ISIC_0027226,HAM_0000342,HAM_0000342,60+,ham,5,False,5,0.014133174,0.0046676854,0.007836772,0.07706769,0.007467388,0.8329576,0.055869646,0.026268248,,0.026268248,look,0,,42,look_f0_s42_in22k_v5scr,last
ISIC_0027228,HAM_0001972,HAM_0001972,60+,ham,5,False,5,0.010566927,0.006951276,0.006462741,0.064485945,0.005163004,0.8600999,0.046270203,0.022681208,,0.022681208,look,0,,42,look_f0_s42_in22k_v5scr,last
ISIC_0027234,HAM_0005681,HAM_0005681,60+,ham,4,True,4,0.006422072,0.006204454,0.012819488,0.08448082,0.8318963,0.008198917,0.04997801,0.84452283,,0.84452283,look,0,,42,look_f0_s42_in22k_v5scr,last
ISIC_0027242,HAM_0003578,HAM_0003578,40-59,ham,5,False,5,0.010040934,0.006456971,0.028379614,0.07881827,0.0037262822,0.8165998,0.055978097,0.020224188,,0.020224188,look,0,,42,look_f0_s42_in22k_v5scr,last
ISIC_0027248,HAM_0004830,HAM_0004830,<40,ham,5,False,5,0.010507397,0.0047487365,0.0033618344,0.05956932,0.0059334217,0.8738159,0.042063314,0.021189556,,0.021189556,look,0,,42,look_f0_s42_in22k_v5scr,last
ISIC_0027257,HAM_0005816,HAM_0005816,40-59,ham,5,False,5,0.010189904,0.0059464537,0.0065599116,0.06666783,0.006444905,0.8569939,0.047197077,0.022581263,,0.022581263,look,0,,42,look_f0_s42_in22k_v5scr,last
ISIC_0027267,HAM_0002870,HAM_0002870,40-59,ham,5,False,5,0.009615022,0.005804974,0.0059132315,0.06691186,0.006213427,0.85717785,0.04836371,0.021633422,,0.021633422,look,0,,42,look_f0_s42_in22k_v5scr,last
ISIC_0027271,HAM_0006757,HAM_0006757,40-59,ham,5,False,4,0.27878022,0.012705118,0.02355447,0.105629474,0.29595667,0.19688244,0.08649161,0.58744204,,0.58744204,look,0,,42,look_f0_s42_in22k_v5scr,last
ISIC_0027276,HAM_0000649,HAM_0000649,40-59,ham,5,False,5,0.010798315,0.0068696253,0.0067014857,0.06432061,0.005781161,0.85819805,0.047330767,0.0234491,,0.0234491,look,0,,42,look_f0_s42_in22k_v5scr,last
ISIC_0027284,HAM_0006108,HAM_0006108,<40,ham,5,False,5,0.009492723,0.0066419207,0.00811603,0.07250808,0.006157817,0.8434223,0.053661153,0.022292461,,0.022292461,look,0,,42,look_f0_s42_in22k_v5scr,last
ISIC_0027292,HAM_0006460,HAM_0006460,60+,ham,5,False,5,0.009611762,0.0065836706,0.006838652,0.06932795,0.0049351286,0.8538889,0.048813988,0.021130562,,0.021130562,look,0,,42,look_f0_s42_in22k_v5scr,last
ISIC_0027293,HAM_0004775,HAM_0004775,<40,ham,5,False,5,0.010517541,0.005701396,0.0059976312,0.06706158,0.00735875,0.8541906,0.049172398,0.023577688,,0.023577688,look,0,,42,look_f0_s42_in22k_v5scr,last
ISIC_0027316,HAM_0004437,HAM_0004437,40-59,ham,5,False,5,0.0104087815,0.0068309796,0.007589709,0.06514002,0.0046242746,0.8592636,0.046142645,0.021864034,,0.021864034,look,0,,42,look_f0_s42_in22k_v5scr,last
ISIC_0027338,HAM_0000163,HAM_0000163,60+,ham,5,False,5,0.0081450045,0.005533035,0.005600211,0.06158312,0.006531672,0.86597806,0.046628926,0.020209711,,0.020209711,look,0,,42,look_f0_s42_in22k_v5scr,last
ISIC_0027352,HAM_0003683,HAM_0003683,60+,ham,4,True,5,0.009466723,0.0047929836,0.0049897972,0.06225534,0.005948053,0.8689872,0.04356002,0.020207759,,0.020207759,look,0,,42,look_f0_s42_in22k_v5scr,last
ISIC_0027357,HAM_0004540,HAM_0004540,40-59,ham,5,False,5,0.00990684,0.005492555,0.0055851163,0.06524872,0.00530975,0.86106396,0.047393125,0.020709144,,0.020709144,look,0,,42,look_f0_s42_in22k_v5scr,last
ISIC_0027375,HAM_0005349,HAM_0005349,40-59,ham,5,False,5,0.011212442,0.006923069,0.007491796,0.06353632,0.0059084124,0.8599416,0.044986367,0.024043923,,0.024043923,look,0,,42,look_f0_s42_in22k_v5scr,last
ISIC_0027385,HAM_0004455,HAM_0004455,<40,ham,6,False,6,0.0013922042,0.0012276766,0.0010904502,0.009491524,0.0007702569,0.00071515597,0.98531276,0.0033901376,,0.0033901376,look,0,,42,look_f0_s42_in22k_v5scr,last
ISIC_0027386,HAM_0001724,HAM_0001724,40-59,ham,5,False,5,0.009175735,0.005663795,0.0056956233,0.060022857,0.006184124,0.86900663,0.0442512,0.021023653,,0.021023653,look,0,,42,look_f0_s42_in22k_v5scr,last
ISIC_0027399,HAM_0000935,HAM_0000935,40-59,ham,5,False,5,0.01022936,0.006244459,0.0055474024,0.06298351,0.0049572308,0.86417395,0.045864172,0.02143105,,0.02143105,look,0,,42,look_f0_s42_in22k_v5scr,last
ISIC_0027408,HAM_0001696,HAM_0001696,60+,ham,5,False,5,0.015157256,0.005109175,0.028973294,0.06438723,0.020797553,0.8268237,0.038751666,0.041063987,,0.041063987,look,0,,42,look_f0_s42_in22k_v5scr,last
ISIC_0027414,HAM_0000620,HAM_0000620,<40,ham,5,False,5,0.00909042,0.006720345,0.0070839147,0.06552832,0.0063625495,0.85927975,0.045934685,0.022173315,,0.022173315,look,0,,42,look_f0_s42_in22k_v5scr,last
ISIC_0027419,HAM_0000118,HAM_0000118,60+,ham,2,False,2,0.0056112385,0.005012621,0.89435554,0.04677205,0.0037925632,0.010656387,0.03379961,0.014416423,,0.014416423,look,0,,42,look_f0_s42_in22k_v5scr,last
ISIC_0027423,HAM_0001157,HAM_0001157,60+,ham,5,False,5,0.019986164,0.08893624,0.009347204,0.1052977,0.003188304,0.7114756,0.06176874,0.11211071,,0.11211071,look,0,,42,look_f0_s42_in22k_v5scr,last
ISIC_0027425,HAM_0007346,HAM_0007346,60+,ham,1,True,5,0.020253288,0.010075096,0.0578972,0.076420695,0.0023021328,0.7718313,0.061220333,0.032630518,,0.032630518,look,0,,42,look_f0_s42_in22k_v5scr,last
ISIC_0027426,HAM_0004381,HAM_0004381,40-59,ham,5,False,5,0.008831493,0.006387313,0.007853499,0.06769068,0.005703971,0.8552955,0.04823753,0.020922776,,0.020922776,look,0,,42,look_f0_s42_in22k_v5scr,last
ISIC_0027445,HAM_0007399,HAM_0007399,40-59,ham,5,False,5,0.009337381,0.0054637576,0.0063256514,0.06526145,0.005905069,0.8608918,0.04681485,0.020706208,,0.020706208,look,0,,42,look_f0_s42_in22k_v5scr,last
ISIC_0027448,HAM_0003963,HAM_0003963,40-59,ham,5,False,5,0.010362162,0.006325455,0.006582945,0.066506326,0.0060444837,0.8564844,0.047694277,0.022732101,,0.022732101,look,0,,42,look_f0_s42_in22k_v5scr,last
ISIC_0027452,HAM_0004033,HAM_0004033,60+,ham,0,True,4,0.048089545,0.003909134,0.15969494,0.12014875,0.5759876,0.00571546,0.086454585,0.62798625,,0.62798625,look,0,,42,look_f0_s42_in22k_v5scr,last
ISIC_0027454,HAM_0000245,HAM_0000245,60+,ham,2,False,2,0.0051732557,0.006525264,0.9057523,0.041294076,0.0016580187,0.005065785,0.03453119,0.0133565385,,0.0133565385,look,0,,42,look_f0_s42_in22k_v5scr,last
ISIC_0027460,HAM_0000137,HAM_0000137,40-59,ham,5,False,5,0.01293243,0.0077899345,0.0070055607,0.06842828,0.004808363,0.84920305,0.049832277,0.025530728,,0.025530728,look,0,,42,look_f0_s42_in22k_v5scr,last
ISIC_0027475,HAM_0004656,HAM_0004656,40-59,ham,5,False,5,0.01030669,0.006657127,0.0062663085,0.06459719,0.005807743,0.8556881,0.05067686,0.02277156,,0.02277156,look,0,,42,look_f0_s42_in22k_v5scr,last
ISIC_0027482,HAM_0001502,HAM_0001502,40-59,ham,5,False,5,0.009567338,0.0056334333,0.0070154695,0.06470153,0.0063038925,0.8598161,0.0469624,0.021504663,,0.021504663,look,0,,42,look_f0_s42_in22k_v5scr,last
ISIC_0027497,HAM_0004699,HAM_0004699,<40,ham,5,False,5,0.008072015,0.0057561556,0.006976506,0.0888283,0.082982704,0.7365909,0.07079342,0.09681088,,0.09681088,look,0,,42,look_f0_s42_in22k_v5scr,last
ISIC_0027504,HAM_0004660,HAM_0004660,60+,ham,2,False,2,0.01915779,0.0072943056,0.8806348,0.050199293,0.0022735097,0.0039039187,0.036536347,0.028725604,,0.028725604,look,0,,42,look_f0_s42_in22k_v5scr,last
ISIC_0027540,HAM_0005910,HAM_0005910,60+,ham,5,False,4,0.017567787,0.008088656,0.007755905,0.114891596,0.43686926,0.33635926,0.0784675,0.4625257,,0.4625257,look,0,,42,look_f0_s42_in22k_v5scr,last
ISIC_0027541,HAM_0007254,HAM_0007254,40-59,ham,5,False,5,0.009326626,0.005299287,0.005793359,0.063146025,0.006032091,0.8656994,0.044703145,0.020658003,,0.020658003,look,0,,42,look_f0_s42_in22k_v5scr,last
ISIC_0027556,HAM_0005916,HAM_0005916,40-59,ham,5,False,5,0.011047383,0.0076567004,0.0077594803,0.06756828,0.0063669495,0.85228705,0.047314104,0.025071032,,0.025071032,look,0,,42,look_f0_s42_in22k_v5scr,last
ISIC_0027559,HAM_0004768,HAM_0004768,<40,ham,2,False,2,0.009759569,0.0060415193,0.89428484,0.047180235,0.004067843,0.003446861,0.035219207,0.019868929,,0.019868929,look,0,,42,look_f0_s42_in22k_v5scr,last
ISIC_0027560,HAM_0003885,HAM_0003885,<40,ham,4,True,4,0.006676426,0.009767065,0.0068538813,0.069353834,0.8569191,0.0049838778,0.045445807,0.8733626,,0.8733626,look,0,,42,look_f0_s42_in22k_v5scr,last
ISIC_0027564,HAM_0004826,HAM_0004826,40-59,ham,5,False,5,0.008980512,0.0061436687,0.0062794243,0.070510425,0.006007257,0.8516403,0.050438374,0.021131437,,0.021131437,look,0,,42,look_f0_s42_in22k_v5scr,last
ISIC_0027565,HAM_0004733,HAM_0004733,40-59,ham,5,False,5,0.010900485,0.006683071,0.005993209,0.06465799,0.0035785397,0.8615432,0.046643525,0.021162096,,0.021162096,look,0,,42,look_f0_s42_in22k_v5scr,last
ISIC_0027567,HAM_0004830,HAM_0004830,<40,ham,5,False,5,0.008637849,0.0050575538,0.0042517493,0.059014756,0.0069726715,0.86974114,0.04632431,0.020668074,,0.020668074,look,0,,42,look_f0_s42_in22k_v5scr,last
ISIC_0027574,HAM_0005794,HAM_0005794,<40,ham,5,False,5,0.014232281,0.006569985,0.011240074,0.06716596,0.004113378,0.8532324,0.043446034,0.024915643,,0.024915643,look,0,,42,look_f0_s42_in22k_v5scr,last
ISIC_0027581,HAM_0005205,HAM_0005205,<40,ham,5,False,5,0.010423098,0.0065862085,0.0056665963,0.062837414,0.004273166,0.86592,0.04429348,0.021282472,,0.021282472,look,0,,42,look_f0_s42_in22k_v5scr,last
ISIC_0027587,HAM_0003907,HAM_0003907,60+,ham,5,False,5,0.00932625,0.005574325,0.005914217,0.06313702,0.0049292287,0.86508435,0.046034653,0.019829804,,0.019829804,look,0,,42,look_f0_s42_in22k_v5scr,last
ISIC_0027591,HAM_0001614,HAM_0001614,40-59,ham,5,False,5,0.010069591,0.0063332957,0.007111398,0.068166524,0.00615788,0.85354847,0.048612863,0.022560768,,0.022560768,look,0,,42,look_f0_s42_in22k_v5scr,last
ISIC_0027594,HAM_0006933,HAM_0006933,40-59,ham,5,False,5,0.009909224,0.006370508,0.0064772256,0.06672282,0.0051844125,0.8577543,0.04758158,0.021464143,,0.021464143,look,0,,42,look_f0_s42_in22k_v5scr,last
ISIC_0027595,HAM_0006624,HAM_0006624,40-59,ham,1,True,1,0.010670687,0.8555197,0.0069548814,0.056916304,0.011598265,0.018864661,0.039475486,0.87778866,,0.87778866,look,0,,42,look_f0_s42_in22k_v5scr,last
ISIC_0027600,HAM_0001959,HAM_0001959,40-59,ham,5,False,5,0.009734769,0.0072945203,0.007255425,0.06839113,0.006634023,0.8516716,0.04901856,0.023663312,,0.023663312,look,0,,42,look_f0_s42_in22k_v5scr,last
ISIC_0027601,HAM_0005842,HAM_0005842,60+,ham,1,True,1,0.008650956,0.87970614,0.0045663016,0.056783404,0.0042635803,0.004140062,0.04188959,0.8926207,,0.8926207,look,0,,42,look_f0_s42_in22k_v5scr,last
ISIC_0027610,HAM_0006996,HAM_0006996,40-59,ham,5,False,5,0.010502841,0.0068632998,0.00852806,0.065997966,0.0060260426,0.85729426,0.0447875,0.023392184,,0.023392184,look,0,,42,look_f0_s42_in22k_v5scr,last
ISIC_0027623,HAM_0005907,HAM_0005907,<40,ham,5,False,5,0.008966462,0.0054809577,0.0050270315,0.063662216,0.010922189,0.86093146,0.04500969,0.025369607,,0.025369607,look,0,,42,look_f0_s42_in22k_v5scr,last
ISIC_0027624,HAM_0006256,HAM_0006256,40-59,ham,5,False,5,0.009660334,0.0061909473,0.006415035,0.064577244,0.0071885516,0.8592075,0.046760403,0.023039833,,0.023039833,look,0,,42,look_f0_s42_in22k_v5scr,last
ISIC_0027636,HAM_0001109,HAM_0001109,60+,ham,5,False,5,0.010599468,0.0054490175,0.008561037,0.06655096,0.00731054,0.8511216,0.050407335,0.023359025,,0.023359025,look,0,,42,look_f0_s42_in22k_v5scr,last
ISIC_0027637,HAM_0002614,HAM_0002614,60+,ham,5,False,5,0.010503697,0.0072790748,0.007772328,0.070936285,0.0067812465,0.84754074,0.04918666,0.024564018,,0.024564018,look,0,,42,look_f0_s42_in22k_v5scr,last
ISIC_0027639,HAM_0000204,HAM_0000204,40-59,ham,5,False,2,0.0139281675,0.010199224,0.44755322,0.1327738,0.013502601,0.30102867,0.0810143,0.03762999,,0.03762999,look,0,,42,look_f0_s42_in22k_v5scr,last
ISIC_0027644,HAM_0001107,HAM_0001107,40-59,ham,5,False,5,0.0084278,0.005918774,0.007671697,0.06604831,0.005423489,0.86135113,0.045158815,0.019770063,,0.019770063,look,0,,42,look_f0_s42_in22k_v5scr,last
ISIC_0027658,HAM_0000222,HAM_0000222,<40,ham,5,False,5,0.008436406,0.007832206,0.006101805,0.06401066,0.00875747,0.8519753,0.052886203,0.025026081,,0.025026081,look,0,,42,look_f0_s42_in22k_v5scr,last
ISIC_0027661,HAM_0002414,HAM_0002414,<40,ham,5,False,5,0.010358386,0.0077969315,0.007840592,0.0676776,0.006266241,0.85323584,0.04682437,0.024421558,,0.024421558,look,0,,42,look_f0_s42_in22k_v5scr,last
ISIC_0027663,HAM_0006355,HAM_0006355,40-59,ham,4,True,5,0.06739713,0.002310348,0.0077324226,0.07757545,0.15300444,0.64113027,0.050849967,0.22271192,,0.22271192,look,0,,42,look_f0_s42_in22k_v5scr,last
ISIC_0027669,HAM_0002711,HAM_0002711,60+,ham,4,True,4,0.007021645,0.0023467897,0.006901231,0.05520847,0.88151586,0.009921141,0.037084922,0.8908843,,0.8908843,look,0,,42,look_f0_s42_in22k_v5scr,last
ISIC_0027674,HAM_0003378,HAM_0003378,40-59,ham,5,False,5,0.0105404565,0.0069046016,0.0067434404,0.06615081,0.0066092345,0.8561554,0.04689611,0.024054293,,0.024054293,look,0,,42,look_f0_s42_in22k_v5scr,last
ISIC_0027686,HAM_0002673,HAM_0002673,40-59,ham,5,False,5,0.0116270725,0.0063302466,0.0043823463,0.072307475,0.0025858309,0.85073346,0.052033573,0.020543149,,0.020543149,look,0,,42,look_f0_s42_in22k_v5scr,last
ISIC_0027701,HAM_0005653,HAM_0005653,40-59,ham,5,False,5,0.010902869,0.00787099,0.007429765,0.06783123,0.0058644856,0.8523457,0.047754966,0.024638344,,0.024638344,look,0,,42,look_f0_s42_in22k_v5scr,last
ISIC_0027702,HAM_0006004,HAM_0006004,60+,ham,4,True,4,0.009804413,0.00508678,0.057040878,0.08421909,0.7783753,0.0035535956,0.061919857,0.79326653,,0.79326653,look,0,,42,look_f0_s42_in22k_v5scr,last
ISIC_0027703,HAM_0001049,HAM_0001049,40-59,ham,5,False,5,0.0092290575,0.0060555376,0.01551306,0.066245355,0.004668383,0.8497198,0.048568763,0.019952979,,0.019952979,look,0,,42,look_f0_s42_in22k_v5scr,last
ISIC_0027716,HAM_0004611,HAM_0004611,40-59,ham,5,False,5,0.010863681,0.0062095504,0.005883005,0.065290526,0.0063367947,0.85950553,0.045910895,0.023410028,,0.023410028,look,0,,42,look_f0_s42_in22k_v5scr,last
ISIC_0027729,HAM_0006936,HAM_0006936,<40,ham,5,False,5,0.008123055,0.0062872614,0.0058785216,0.06655675,0.0145769315,0.8522243,0.04635314,0.028987247,,0.028987247,look,0,,42,look_f0_s42_in22k_v5scr,last
ISIC_0027740,HAM_0003397,HAM_0003397,40-59,ham,5,False,5,0.012284314,0.008957187,0.007918278,0.0694172,0.0060218866,0.845896,0.049505066,0.027263388,,0.027263388,look,0,,42,look_f0_s42_in22k_v5scr,last
ISIC_0027743,HAM_0004591,HAM_0004591,40-59,ham,5,False,5,0.01023795,0.005813148,0.0064763427,0.067305945,0.006489691,0.8549503,0.048726674,0.02254079,,0.02254079,look,0,,42,look_f0_s42_in22k_v5scr,last
ISIC_0027751,HAM_0000143,HAM_0000143,<40,ham,5,False,5,0.009973152,0.009034992,0.0044680005,0.065591455,0.0038575463,0.8637693,0.04330553,0.02286569,,0.02286569,look,0,,42,look_f0_s42_in22k_v5scr,last
ISIC_0027754,HAM_0002535,HAM_0002535,40-59,ham,2,False,0,0.40260366,0.084327586,0.047552343,0.115044944,0.2974374,0.004868801,0.04816528,0.78436863,,0.78436863,look,0,,42,look_f0_s42_in22k_v5scr,last
ISIC_0027774,HAM_0004970,HAM_0004970,60+,ham,1,True,2,0.004211257,0.06380617,0.81143147,0.05130552,0.007342119,0.015711378,0.046192158,0.07535954,,0.07535954,look,0,,42,look_f0_s42_in22k_v5scr,last
ISIC_0027780,HAM_0007332,HAM_0007332,60+,ham,2,False,2,0.006226917,0.0032564416,0.90897316,0.04271504,0.005072033,0.0021348407,0.031621598,0.014555391,,0.014555391,look,0,,42,look_f0_s42_in22k_v5scr,last
ISIC_0027781,HAM_0005693,HAM_0005693,60+,ham,2,False,2,0.014133089,0.0117098,0.43407762,0.10310955,0.03678059,0.30825597,0.09193332,0.06262348,,0.06262348,look,0,,42,look_f0_s42_in22k_v5scr,last
ISIC_0027782,HAM_0006043,HAM_0006043,40-59,ham,5,False,5,0.008951195,0.0054547777,0.0052276948,0.06445459,0.0039170356,0.86477554,0.04721916,0.018323008,,0.018323008,look,0,,42,look_f0_s42_in22k_v5scr,last
ISIC_0027787,HAM_0004220,HAM_0004220,40-59,ham,5,False,5,0.0135119045,0.008342297,0.008285135,0.06782304,0.0053020692,0.85041577,0.046319913,0.027156271,,0.027156271,look,0,,42,look_f0_s42_in22k_v5scr,last
ISIC_0027789,HAM_0003415,HAM_0003415,40-59,ham,5,False,5,0.0089262305,0.0055086524,0.008030639,0.068088606,0.0032427956,0.85558873,0.050614193,0.01767768,,0.01767768,look,0,,42,look_f0_s42_in22k_v5scr,last
ISIC_0027796,HAM_0000745,HAM_0000745,60+,ham,2,False,5,0.007867891,0.00752808,0.13031277,0.09380019,0.0032921808,0.6974392,0.059759703,0.018688152,,0.018688152,look,0,,42,look_f0_s42_in22k_v5scr,last
ISIC_0027799,HAM_0000654,HAM_0000654,40-59,ham,5,False,5,0.011375648,0.006892166,0.0068626474,0.06978435,0.0057610455,0.84860474,0.0507194,0.02402886,,0.02402886,look,0,,42,look_f0_s42_in22k_v5scr,last
ISIC_0027810,HAM_0000047,HAM_0000047,40-59,ham,5,False,5,0.009683413,0.0065797577,0.0056294464,0.06277503,0.0045844484,0.86233026,0.04841766,0.02084762,,0.02084762,look,0,,42,look_f0_s42_in22k_v5scr,last
ISIC_0027813,HAM_0007153,HAM_0007153,40-59,ham,5,False,5,0.011670601,0.0073039853,0.0072624735,0.066477835,0.006896814,0.8529247,0.04746356,0.0258714,,0.0258714,look,0,,42,look_f0_s42_in22k_v5scr,last
ISIC_0027826,HAM_0005278,HAM_0005278,60+,ham,2,False,2,0.0050534406,0.0039344975,0.889619,0.04957001,0.00878182,0.0041908803,0.0388504,0.017769758,,0.017769758,look,0,,42,look_f0_s42_in22k_v5scr,last
ISIC_0027827,HAM_0006608,HAM_0006608,60+,ham,5,False,5,0.008667528,0.0054828776,0.0058682137,0.062652394,0.0055408566,0.8674416,0.044346534,0.019691262,,0.019691262,look,0,,42,look_f0_s42_in22k_v5scr,last
ISIC_0027833,HAM_0003461,HAM_0003461,40-59,ham,5,False,5,0.015690599,0.008840934,0.007466852,0.07506756,0.0032231845,0.84228027,0.04743061,0.027754717,,0.027754717,look,0,,42,look_f0_s42_in22k_v5scr,last
ISIC_0027835,HAM_0007126,HAM_0007126,<40,ham,5,False,5,0.008572559,0.0056736255,0.0059918743,0.063374266,0.006077648,0.8648599,0.04545019,0.020323832,,0.020323832,look,0,,42,look_f0_s42_in22k_v5scr,last
ISIC_0027837,HAM_0002476,HAM_0002476,<40,ham,5,False,5,0.008969332,0.005660595,0.008122606,0.070998855,0.0062320014,0.8468169,0.0531997,0.020861927,,0.020861927,look,0,,42,look_f0_s42_in22k_v5scr,last
ISIC_0027856,HAM_0007118,HAM_0007118,40-59,ham,6,False,6,0.0010466442,0.0007541815,0.0009895526,0.006886793,0.00051010575,0.00020766891,0.98960507,0.0023109314,,0.0023109314,look,0,,42,look_f0_s42_in22k_v5scr,last
ISIC_0027863,HAM_0000320,HAM_0000320,40-59,ham,4,True,4,0.0063313213,0.004733941,0.005275057,0.058126558,0.8859488,0.006108532,0.033475876,0.897014,,0.897014,look,0,,42,look_f0_s42_in22k_v5scr,last
ISIC_0027865,HAM_0000393,HAM_0000393,40-59,ham,1,True,1,0.008290298,0.87720895,0.005004527,0.05024303,0.0035852091,0.0062855985,0.049382385,0.88908446,,0.88908446,look,0,,42,look_f0_s42_in22k_v5scr,last
ISIC_0027883,HAM_0001737,HAM_0001737,60+,ham,5,False,5,0.007120193,0.0043208525,0.005121901,0.059896745,0.020301841,0.8609652,0.042273182,0.031742886,,0.031742886,look,0,,42,look_f0_s42_in22k_v5scr,last
ISIC_0027886,HAM_0000003,HAM_0000003,40-59,ham,5,False,5,0.009786727,0.0061320686,0.0068247505,0.06431107,0.006210052,0.8600842,0.046651185,0.022128846,,0.022128846,look,0,,42,look_f0_s42_in22k_v5scr,last
ISIC_0027888,HAM_0004409,HAM_0004409,40-59,ham,6,False,6,0.0005347497,0.00029652656,0.00047565319,0.0060539045,0.0002636275,0.0002757591,0.9920997,0.0010949038,,0.0010949038,look,0,,42,look_f0_s42_in22k_v5scr,last
ISIC_0027902,HAM_0000342,HAM_0000342,60+,ham,5,False,5,0.013280607,0.0047473307,0.0068087317,0.07595449,0.007255652,0.8388697,0.053083483,0.02528359,,0.02528359,look,0,,42,look_f0_s42_in22k_v5scr,last
ISIC_0027907,HAM_0007606,HAM_0007606,60+,ham,5,False,4,0.0068823253,0.003657142,0.00640135,0.052837335,0.85001916,0.039953735,0.040248893,0.8605586,,0.8605586,look,0,,42,look_f0_s42_in22k_v5scr,last
ISIC_0027910,HAM_0001670,HAM_0001670,<40,ham,5,False,5,0.010913206,0.007113404,0.010595817,0.0639044,0.0057919184,0.85681784,0.044863448,0.02381853,,0.02381853,look,0,,42,look_f0_s42_in22k_v5scr,last
ISIC_0027939,HAM_0002741,HAM_0002741,40-59,ham,5,False,5,0.010614112,0.00708591,0.0076789744,0.065828815,0.006030719,0.8560965,0.04666504,0.02373074,,0.02373074,look,0,,42,look_f0_s42_in22k_v5scr,last
ISIC_0027949,HAM_0002087,HAM_0002087,60+,ham,5,False,4,0.024845092,0.0045765513,0.024414897,0.061831646,0.7853274,0.05165221,0.047352247,0.814749,,0.814749,look,0,,42,look_f0_s42_in22k_v5scr,last
ISIC_0027965,HAM_0003784,HAM_0003784,40-59,ham,5,False,5,0.008925666,0.0057527726,0.005826549,0.06545184,0.0043872558,0.8624754,0.047180437,0.019065695,,0.019065695,look,0,,42,look_f0_s42_in22k_v5scr,last
ISIC_0027975,HAM_0002799,HAM_0002799,<40,ham,5,False,5,0.010350264,0.0058519603,0.006788956,0.06906174,0.006363087,0.84920126,0.052382722,0.02256531,,0.02256531,look,0,,42,look_f0_s42_in22k_v5scr,last
ISIC_0027976,HAM_0004342,HAM_0004342,60+,ham,1,True,1,0.0090799,0.8913999,0.0058480976,0.05081604,0.0046665072,0.0031930185,0.03499658,0.9051463,,0.9051463,look,0,,42,look_f0_s42_in22k_v5scr,last
ISIC_0027986,HAM_0003725,HAM_0003725,<40,ham,5,False,5,0.0112036485,0.0074540274,0.007098371,0.06825556,0.004491752,0.8512702,0.050226383,0.023149429,,0.023149429,look,0,,42,look_f0_s42_in22k_v5scr,last
ISIC_0027992,HAM_0004451,HAM_0004451,40-59,ham,5,False,5,0.009930947,0.0058461167,0.007068184,0.0655345,0.0048972215,0.86112183,0.045601156,0.020674285,,0.020674285,look,0,,42,look_f0_s42_in22k_v5scr,last
ISIC_0028014,HAM_0005696,HAM_0005696,<40,ham,5,False,5,0.014323484,0.008812374,0.008952254,0.07449532,0.0060105054,0.8374394,0.04996664,0.029146366,,0.029146366,look,0,,42,look_f0_s42_in22k_v5scr,last
ISIC_0028016,HAM_0005664,HAM_0005664,40-59,ham,5,False,5,0.002715875,0.0017701605,0.0018295557,0.15799499,0.0009190263,0.81274015,0.022030141,0.005405062,,0.005405062,look,0,,42,look_f0_s42_in22k_v5scr,last
ISIC_0028020,HAM_0003090,HAM_0003090,40-59,ham,2,False,2,0.01176871,0.0031034583,0.9070197,0.04378058,0.0033125896,0.0016481925,0.029366821,0.018184759,,0.018184759,look,0,,42,look_f0_s42_in22k_v5scr,last
ISIC_0028023,HAM_0002025,HAM_0002025,<40,ham,5,False,5,0.0105316965,0.006312042,0.007321598,0.06955257,0.0049745645,0.85541856,0.045888916,0.021818303,,0.021818303,look,0,,42,look_f0_s42_in22k_v5scr,last
ISIC_0028034,HAM_0005753,HAM_0005753,40-59,ham,5,False,5,0.008958351,0.00727462,0.009778966,0.06312636,0.00463379,0.8614884,0.04473958,0.020866761,,0.020866761,look,0,,42,look_f0_s42_in22k_v5scr,last
ISIC_0028036,HAM_0000084,HAM_0000084,60+,ham,5,False,5,0.014929585,0.00580797,0.010797169,0.053795006,0.003526648,0.86855584,0.042587772,0.024264203,,0.024264203,look,0,,42,look_f0_s42_in22k_v5scr,last
ISIC_0028040,HAM_0001463,HAM_0001463,<40,ham,5,False,5,0.010881556,0.007009739,0.0071194135,0.07069324,0.0067768297,0.8485887,0.04893061,0.024668125,,0.024668125,look,0,,42,look_f0_s42_in22k_v5scr,last
ISIC_0028050,HAM_0003191,HAM_0003191,60+,ham,1,True,2,0.439968,0.023055702,0.44365844,0.05886627,0.0023144162,0.003906809,0.028230364,0.4653381,,0.4653381,look,0,,42,look_f0_s42_in22k_v5scr,last
ISIC_0028053,HAM_0002237,HAM_0002237,40-59,ham,5,False,5,0.011088927,0.006361234,0.005811587,0.07248595,0.0054025464,0.8477437,0.051106036,0.022852708,,0.022852708,look,0,,42,look_f0_s42_in22k_v5scr,last
ISIC_0028056,HAM_0004979,HAM_0004979,60+,ham,4,True,5,0.009469788,0.0046722973,0.0049004843,0.050403096,0.0061602606,0.88544756,0.03894644,0.020302346,,0.020302346,look,0,,42,look_f0_s42_in22k_v5scr,last
ISIC_0028069,HAM_0001811,HAM_0001811,<40,ham,4,True,5,0.009363448,0.005334804,0.008649923,0.0631291,0.006031997,0.861807,0.045683738,0.02073025,,0.02073025,look,0,,42,look_f0_s42_in22k_v5scr,last
ISIC_0028081,HAM_0000086,HAM_0000086,40-59,ham,5,False,5,0.011846029,0.0069346176,0.008149945,0.07004135,0.0053432384,0.8507584,0.046926513,0.024123885,,0.024123885,look,0,,42,look_f0_s42_in22k_v5scr,last
ISIC_0028082,HAM_0006037,HAM_0006037,40-59,ham,4,True,4,0.009960492,0.005654262,0.005037693,0.061566226,0.87327015,0.0032070025,0.041304242,0.8888849,,0.8888849,look,0,,42,look_f0_s42_in22k_v5scr,last
ISIC_0028091,HAM_0002025,HAM_0002025,<40,ham,5,False,5,0.009644829,0.0058938004,0.0059942617,0.067122795,0.0065083904,0.85475713,0.050078712,0.02204702,,0.02204702,look,0,,42,look_f0_s42_in22k_v5scr,last
ISIC_0028092,HAM_0006039,HAM_0006039,60+,ham,5,False,5,0.009675027,0.005316033,0.0052571995,0.06622556,0.005796002,0.8575589,0.0501713,0.020787062,,0.020787062,look,0,,42,look_f0_s42_in22k_v5scr,last
ISIC_0028103,HAM_0002338,HAM_0002338,60+,ham,4,True,2,0.0030525038,0.003823564,0.69703,0.051552735,0.18748355,0.004810009,0.052247595,0.19435962,,0.19435962,look,0,,42,look_f0_s42_in22k_v5scr,last
ISIC_0028105,HAM_0005397,HAM_0005397,<40,ham,5,False,5,0.009407037,0.006045511,0.005578808,0.062151097,0.004807055,0.8668864,0.045124084,0.020259604,,0.020259604,look,0,,42,look_f0_s42_in22k_v5scr,last
ISIC_0028120,HAM_0001055,HAM_0001055,60+,ham,2,False,2,0.005792885,0.0038988364,0.8754832,0.059776478,0.005550551,0.013103094,0.036394946,0.015242273,,0.015242273,look,0,,42,look_f0_s42_in22k_v5scr,last
ISIC_0028121,HAM_0004389,HAM_0004389,60+,ham,2,False,2,0.04858171,0.00237748,0.8829865,0.036973204,0.0041785087,0.00062960916,0.02427304,0.055137698,,0.055137698,look,0,,42,look_f0_s42_in22k_v5scr,last
ISIC_0028123,HAM_0004556,HAM_0004556,60+,ham,2,False,2,0.0055603473,0.0039973175,0.88535804,0.055248585,0.0050120642,0.0046778545,0.04014577,0.014569729,,0.014569729,look,0,,42,look_f0_s42_in22k_v5scr,last
ISIC_0028127,HAM_0005911,HAM_0005911,60+,ham,4,True,4,0.0066559548,0.0034692907,0.0045547765,0.053906035,0.8836725,0.0034712234,0.04427031,0.8937977,,0.8937977,look,0,,42,look_f0_s42_in22k_v5scr,last
ISIC_0028132,HAM_0005413,HAM_0005413,60+,ham,0,True,1,0.023542628,0.8747588,0.0038335782,0.051857382,0.0037467042,0.0031128556,0.039148048,0.9020481,,0.9020481,look,0,,42,look_f0_s42_in22k_v5scr,last
ISIC_0028137,HAM_0006416,HAM_0006416,<40,ham,5,False,5,0.008804941,0.0051426673,0.005885322,0.06514712,0.0046303007,0.86370677,0.046682816,0.01857791,,0.01857791,look,0,,42,look_f0_s42_in22k_v5scr,last
ISIC_0028139,HAM_0002429,HAM_0002429,<40,ham,5,False,5,0.010265309,0.006117969,0.0053605274,0.06710523,0.0038851846,0.8572547,0.050011087,0.020268464,,0.020268464,look,0,,42,look_f0_s42_in22k_v5scr,last
ISIC_0028149,HAM_0004650,HAM_0004650,<40,ham,5,False,5,0.009340008,0.0059421184,0.0061274013,0.06666427,0.0055843773,0.85741854,0.04892334,0.020866504,,0.020866504,look,0,,42,look_f0_s42_in22k_v5scr,last
ISIC_0028151,HAM_0000764,HAM_0000764,60+,ham,5,False,5,0.0055587892,0.0030471068,0.012098872,0.05397021,0.0077120047,0.87917227,0.03844071,0.0163179,,0.0163179,look,0,,42,look_f0_s42_in22k_v5scr,last
ISIC_0028159,HAM_0006146,HAM_0006146,40-59,ham,5,False,5,0.015852083,0.008330299,0.01014556,0.079522744,0.0046748617,0.82438153,0.057092864,0.028857242,,0.028857242,look,0,,42,look_f0_s42_in22k_v5scr,last
ISIC_0028162,HAM_0000416,HAM_0000416,40-59,ham,5,False,5,0.0108938925,0.0069052903,0.0066265976,0.06304868,0.0051175253,0.8624998,0.044908274,0.022916708,,0.022916708,look,0,,42,look_f0_s42_in22k_v5scr,last
ISIC_0028165,HAM_0001878,HAM_0001878,60+,ham,2,False,2,0.39075622,0.008905743,0.42617354,0.084233515,0.0025032859,0.022420857,0.06500675,0.40216523,,0.40216523,look,0,,42,look_f0_s42_in22k_v5scr,last
ISIC_0028179,HAM_0007049,HAM_0007049,40-59,ham,5,False,1,0.014680306,0.47312587,0.008681188,0.12804377,0.3075265,0.005423233,0.06251912,0.7953327,,0.7953327,look,0,,42,look_f0_s42_in22k_v5scr,last
ISIC_0028190,HAM_0002734,HAM_0002734,40-59,ham,0,True,0,0.47191626,0.006429048,0.0026801215,0.104630925,0.29773825,0.0017393426,0.11486608,0.7760836,,0.7760836,look,0,,42,look_f0_s42_in22k_v5scr,last
ISIC_0028200,HAM_0005074,HAM_0005074,60+,ham,2,False,2,0.008883248,0.004972384,0.88054186,0.058482353,0.0042038523,0.002940262,0.039976124,0.018059485,,0.018059485,look,0,,42,look_f0_s42_in22k_v5scr,last
ISIC_0028204,HAM_0002401,HAM_0002401,40-59,ham,5,False,5,0.009565966,0.005566775,0.005630362,0.06470551,0.0062532644,0.8632007,0.045077432,0.021386005,,0.021386005,look,0,,42,look_f0_s42_in22k_v5scr,last
ISIC_0028209,HAM_0002096,HAM_0002096,40-59,ham,2,False,2,0.0063405465,0.0063869953,0.86394864,0.06444343,0.00682298,0.005087681,0.04696961,0.01955052,,0.01955052,look,0,,42,look_f0_s42_in22k_v5scr,last
ISIC_0028210,HAM_0003857,HAM_0003857,40-59,ham,5,False,5,0.010573246,0.0059687924,0.006168937,0.06744877,0.005855194,0.8569378,0.047047254,0.022397231,,0.022397231,look,0,,42,look_f0_s42_in22k_v5scr,last
ISIC_0028216,HAM_0007049,HAM_0007049,40-59,ham,5,False,4,0.029070878,0.10465368,0.0120873805,0.12799446,0.6541475,0.0051276507,0.06691843,0.7878721,,0.7878721,look,0,,42,look_f0_s42_in22k_v5scr,last
ISIC_0028223,HAM_0006595,HAM_0006595,40-59,ham,2,False,1,0.015401848,0.5672725,0.25067616,0.084046856,0.005398576,0.0046934853,0.07251062,0.5880729,,0.5880729,look,0,,42,look_f0_s42_in22k_v5scr,last
ISIC_0028226,HAM_0003263,HAM_0003263,<40,ham,5,False,5,0.013867453,0.006023109,0.0062507624,0.071021415,0.006399699,0.83982956,0.05660794,0.02629026,,0.02629026,look,0,,42,look_f0_s42_in22k_v5scr,last
ISIC_0028227,HAM_0006877,HAM_0006877,40-59,ham,4,True,4,0.011191152,0.0025469558,0.02688544,0.05309776,0.8547705,0.005607507,0.04590074,0.8685086,,0.8685086,look,0,,42,look_f0_s42_in22k_v5scr,last
ISIC_0028231,HAM_0003688,HAM_0003688,60+,ham,0,True,4,0.015683357,0.0025635895,0.010917229,0.056689415,0.86977583,0.0031843367,0.04118625,0.8880228,,0.8880228,look,0,,42,look_f0_s42_in22k_v5scr,last
ISIC_0028241,HAM_0007565,HAM_0007565,60+,ham,5,False,5,0.010256381,0.0062779575,0.0067372257,0.06635213,0.0057487665,0.85698944,0.047638092,0.022283103,,0.022283103,look,0,,42,look_f0_s42_in22k_v5scr,last
ISIC_0028251,HAM_0002884,HAM_0002884,40-59,ham,5,False,5,0.008901398,0.005847062,0.0063236104,0.06463581,0.0049206167,0.8638308,0.045540817,0.019669076,,0.019669076,look,0,,42,look_f0_s42_in22k_v5scr,last
ISIC_0028255,HAM_0004699,HAM_0004699,<40,ham,5,False,4,0.01379989,0.0068102353,0.018944167,0.13263798,0.48326078,0.24249151,0.1020554,0.5038709,,0.5038709,look,0,,42,look_f0_s42_in22k_v5scr,last
ISIC_0028257,HAM_0005969,HAM_0005969,<40,ham,5,False,5,0.010164848,0.0067232326,0.007166283,0.06275555,0.0061579435,0.86068255,0.046349633,0.023046024,,0.023046024,look,0,,42,look_f0_s42_in22k_v5scr,last
ISIC_0028262,HAM_0004959,HAM_0004959,40-59,ham,5,False,5,0.009624168,0.005796886,0.0060864417,0.06417395,0.0047588777,0.8623438,0.04721591,0.020179931,,0.020179931,look,0,,42,look_f0_s42_in22k_v5scr,last
ISIC_0028268,HAM_0004875,HAM_0004875,60+,ham,5,False,5,0.010000379,0.0060980194,0.0069579496,0.06931573,0.006550898,0.85291004,0.048166927,0.022649296,,0.022649296,look,0,,42,look_f0_s42_in22k_v5scr,last
ISIC_0028274,HAM_0007597,HAM_0007597,40-59,ham,5,False,5,0.011317383,0.0064045344,0.00697012,0.06887569,0.005984574,0.8529425,0.04750517,0.023706492,,0.023706492,look,0,,42,look_f0_s42_in22k_v5scr,last
ISIC_0028291,HAM_0006253,HAM_0006253,60+,ham,4,True,4,0.009203774,0.004677,0.0045360234,0.050801996,0.8802158,0.007885532,0.042679783,0.8940966,,0.8940966,look,0,,42,look_f0_s42_in22k_v5scr,last
ISIC_0028294,HAM_0002042,HAM_0002042,60+,ham,2,False,2,0.0076583195,0.0057357755,0.87910616,0.05773966,0.004990481,0.002973318,0.041796327,0.018384576,,0.018384576,look,0,,42,look_f0_s42_in22k_v5scr,last
ISIC_0028299,HAM_0001540,HAM_0001540,60+,ham,5,False,5,0.012017108,0.005480906,0.0074345293,0.06762081,0.0074140956,0.8480413,0.051991224,0.024912108,,0.024912108,look,0,,42,look_f0_s42_in22k_v5scr,last
ISIC_0028318,HAM_0001886,HAM_0001886,40-59,ham,5,False,5,0.009320028,0.0055864863,0.006112381,0.06495408,0.005467807,0.86164075,0.04691847,0.02037432,,0.02037432,look,0,,42,look_f0_s42_in22k_v5scr,last
ISIC_0028321,HAM_0001032,HAM_0001032,40-59,ham,5,False,5,0.011838012,0.007415825,0.0071943807,0.07204847,0.006300875,0.84587294,0.04932959,0.025554713,,0.025554713,look,0,,42,look_f0_s42_in22k_v5scr,last
ISIC_0028326,HAM_0002471,HAM_0002471,40-59,ham,4,True,4,0.005856738,0.0036700754,0.0037391523,0.056527324,0.8425338,0.036975466,0.05069747,0.8520606,,0.8520606,look,0,,42,look_f0_s42_in22k_v5scr,last
ISIC_0028328,HAM_0001304,HAM_0001304,40-59,ham,5,False,5,0.0078079714,0.004558547,0.0048488937,0.062372193,0.0049565993,0.86903924,0.046416678,0.017323118,,0.017323118,look,0,,42,look_f0_s42_in22k_v5scr,last
ISIC_0028330,HAM_0001184,HAM_0001184,40-59,ham,5,False,5,0.011503175,0.007247085,0.007336701,0.06546491,0.005532812,0.8568872,0.046028182,0.024283072,,0.024283072,look,0,,42,look_f0_s42_in22k_v5scr,last
ISIC_0028346,HAM_0005861,HAM_0005861,60+,ham,3,False,3,0.070052594,0.001879232,0.1445335,0.7539418,0.001516226,0.0012250054,0.0268516,0.07344805,,0.07344805,look,0,,42,look_f0_s42_in22k_v5scr,last
ISIC_0028354,HAM_0000122,HAM_0000122,40-59,ham,2,False,2,0.007063201,0.004616663,0.90189505,0.04535387,0.004030867,0.0035659887,0.033474404,0.01571073,,0.01571073,look,0,,42,look_f0_s42_in22k_v5scr,last
ISIC_0028357,HAM_0004283,HAM_0004283,40-59,ham,5,False,5,0.010693634,0.0068743485,0.008155666,0.0688181,0.008024379,0.8472969,0.050136987,0.02559236,,0.02559236,look,0,,42,look_f0_s42_in22k_v5scr,last
ISIC_0028379,HAM_0003333,HAM_0003333,<40,ham,5,False,5,0.00929715,0.006198694,0.006197036,0.06650374,0.0053809495,0.8594716,0.04695087,0.020876793,,0.020876793,look,0,,42,look_f0_s42_in22k_v5scr,last
ISIC_0028380,HAM_0003965,HAM_0003965,<40,ham,5,False,5,0.008972495,0.0054861023,0.00593729,0.06577714,0.0059757596,0.85824084,0.04961045,0.020434357,,0.020434357,look,0,,42,look_f0_s42_in22k_v5scr,last
ISIC_0028383,HAM_0005556,HAM_0005556,40-59,ham,5,False,5,0.009483891,0.0068803467,0.0077709625,0.067142464,0.0054807262,0.8557317,0.047509935,0.021844964,,0.021844964,look,0,,42,look_f0_s42_in22k_v5scr,last
ISIC_0028396,HAM_0005977,HAM_0005977,60+,ham,5,False,5,0.010488887,0.0066433484,0.007054254,0.06661661,0.005766738,0.85617286,0.047257267,0.022898974,,0.022898974,look,0,,42,look_f0_s42_in22k_v5scr,last
ISIC_0028401,HAM_0005342,HAM_0005342,<40,ham,5,False,5,0.009810789,0.0059034145,0.0047693825,0.06798914,0.008420973,0.8537225,0.049383886,0.024135176,,0.024135176,look,0,,42,look_f0_s42_in22k_v5scr,last
ISIC_0028402,HAM_0006957,HAM_0006957,40-59,ham,5,False,5,0.009141551,0.006614014,0.006752216,0.064979844,0.005834173,0.8613136,0.045364603,0.02158974,,0.02158974,look,0,,42,look_f0_s42_in22k_v5scr,last
ISIC_0028406,HAM_0005215,HAM_0005215,60+,ham,6,False,6,0.0011161837,0.0005802905,0.00055320276,0.008257657,0.00050954585,0.00039838837,0.9885847,0.00220602,,0.00220602,look,0,,42,look_f0_s42_in22k_v5scr,last
ISIC_0028420,HAM_0005079,HAM_0005079,60+,ham,5,False,5,0.010508277,0.004990739,0.0070743,0.07072419,0.04524515,0.8057207,0.05573673,0.060744166,,0.060744166,look,0,,42,look_f0_s42_in22k_v5scr,last
ISIC_0028424,HAM_0000703,HAM_0000703,40-59,ham,5,False,5,0.009713625,0.0061992835,0.006898012,0.06419792,0.0055293143,0.8596505,0.047811292,0.021442223,,0.021442223,look,0,,42,look_f0_s42_in22k_v5scr,last
ISIC_0028427,HAM_0002931,HAM_0002931,40-59,ham,5,False,5,0.00950961,0.0057618907,0.00610048,0.069066934,0.00579277,0.8535024,0.050265983,0.02106427,,0.02106427,look,0,,42,look_f0_s42_in22k_v5scr,last
ISIC_0028429,HAM_0000279,HAM_0000279,40-59,ham,5,False,5,0.011071478,0.006093612,0.0050376495,0.07043662,0.026572917,0.8269107,0.05387704,0.043738008,,0.043738008,look,0,,42,look_f0_s42_in22k_v5scr,last
ISIC_0028430,HAM_0004267,HAM_0004267,40-59,ham,5,False,5,0.009681039,0.00622106,0.0074743656,0.06439396,0.0058471896,0.85841227,0.047970083,0.021749288,,0.021749288,look,0,,42,look_f0_s42_in22k_v5scr,last
ISIC_0028434,HAM_0000712,HAM_0000712,40-59,ham,5,False,5,0.009812047,0.006944349,0.007808829,0.06451656,0.0054707476,0.8585761,0.046871267,0.022227144,,0.022227144,look,0,,42,look_f0_s42_in22k_v5scr,last
ISIC_0028439,HAM_0000684,HAM_0000684,40-59,ham,5,False,5,0.009477192,0.0059643663,0.0058748187,0.06480254,0.005572283,0.8615288,0.04678003,0.021013841,,0.021013841,look,0,,42,look_f0_s42_in22k_v5scr,last
ISIC_0028443,HAM_0004601,HAM_0004601,40-59,ham,5,False,5,0.010901361,0.0064603263,0.007184058,0.068928786,0.0052158423,0.8525075,0.048802163,0.02257753,,0.02257753,look,0,,42,look_f0_s42_in22k_v5scr,last
ISIC_0028449,HAM_0004556,HAM_0004556,60+,ham,2,False,2,0.0072631086,0.00524914,0.9093835,0.039628483,0.0033277012,0.0027037992,0.032444235,0.01583995,,0.01583995,look,0,,42,look_f0_s42_in22k_v5scr,last
ISIC_0028451,HAM_0004338,HAM_0004338,60+,ham,2,False,2,0.023740336,0.005153746,0.84781665,0.062587656,0.0040378137,0.005247622,0.05141622,0.032931894,,0.032931894,look,0,,42,look_f0_s42_in22k_v5scr,last
ISIC_0028454,HAM_0002216,HAM_0002216,60+,ham,5,False,5,0.008239468,0.0050065746,0.0052492423,0.08263203,0.06642026,0.7668227,0.06562969,0.0796663,,0.0796663,look,0,,42,look_f0_s42_in22k_v5scr,last
ISIC_0028456,HAM_0001742,HAM_0001742,40-59,ham,5,False,5,0.009221195,0.0065355957,0.00712429,0.065962076,0.0057703857,0.859158,0.046228465,0.021527177,,0.021527177,look,0,,42,look_f0_s42_in22k_v5scr,last
ISIC_0028460,HAM_0002099,HAM_0002099,60+,ham,4,True,4,0.006731555,0.0056063724,0.00702747,0.06097057,0.87397885,0.0036341834,0.04205095,0.8863168,,0.8863168,look,0,,42,look_f0_s42_in22k_v5scr,last
ISIC_0028463,HAM_0002186,HAM_0002186,60+,ham,4,True,4,0.010130529,0.0057493113,0.007426668,0.057240337,0.8601401,0.014228231,0.045084838,0.87601995,,0.87601995,look,0,,42,look_f0_s42_in22k_v5scr,last
ISIC_0028468,HAM_0000961,HAM_0000961,60+,ham,5,False,5,0.0089942515,0.005451277,0.0053092716,0.06870275,0.003486893,0.8577245,0.050331052,0.01793242,,0.01793242,look,0,,42,look_f0_s42_in22k_v5scr,last
ISIC_0028473,HAM_0004889,HAM_0004889,60+,ham,2,False,4,0.006285515,0.0050720107,0.018324176,0.04844826,0.86406434,0.025990434,0.031815235,0.8754219,,0.8754219,look,0,,42,look_f0_s42_in22k_v5scr,last
ISIC_0028474,HAM_0004682,HAM_0004682,40-59,ham,5,False,5,0.010632009,0.0065078405,0.0069965282,0.068620995,0.0059528677,0.8529688,0.04832093,0.023092717,,0.023092717,look,0,,42,look_f0_s42_in22k_v5scr,last
ISIC_0028475,HAM_0006897,HAM_0006897,<40,ham,5,False,5,0.010278987,0.0075981896,0.008168309,0.068381585,0.0065836194,0.85209745,0.046891827,0.024460796,,0.024460796,look,0,,42,look_f0_s42_in22k_v5scr,last
ISIC_0028476,HAM_0007264,HAM_0007264,40-59,ham,5,False,5,0.0093278205,0.0058889864,0.0071953447,0.06456291,0.002705469,0.8636901,0.04662937,0.017922277,,0.017922277,look,0,,42,look_f0_s42_in22k_v5scr,last
ISIC_0028481,HAM_0000396,HAM_0000396,60+,ham,4,True,4,0.0062713036,0.003936949,0.029370692,0.048547,0.86230105,0.005642271,0.0439307,0.8725093,,0.8725093,look,0,,42,look_f0_s42_in22k_v5scr,last
ISIC_0028482,HAM_0004169,HAM_0004169,40-59,ham,5,False,5,0.010506891,0.0066539184,0.0071421745,0.06772928,0.0053410293,0.85432065,0.04830605,0.022501837,,0.022501837,look,0,,42,look_f0_s42_in22k_v5scr,last
ISIC_0028485,HAM_0005567,HAM_0005567,40-59,ham,5,False,5,0.008589621,0.007114708,0.0073473356,0.07122585,0.0052200356,0.8532579,0.047244407,0.020924363,,0.020924363,look,0,,42,look_f0_s42_in22k_v5scr,last
ISIC_0028495,HAM_0000195,HAM_0000195,40-59,ham,1,True,1,0.005729686,0.7949441,0.012294664,0.09064097,0.022431983,0.007455277,0.06650335,0.82310575,,0.82310575,look,0,,42,look_f0_s42_in22k_v5scr,last
ISIC_0028497,HAM_0006533,HAM_0006533,60+,ham,2,False,5,0.013540828,0.008431793,0.067432985,0.12935111,0.0024777926,0.6937861,0.084979415,0.024450414,,0.024450414,look,0,,42,look_f0_s42_in22k_v5scr,last
ISIC_0028502,HAM_0001940,HAM_0001940,40-59,ham,5,False,5,0.00863356,0.0057697315,0.0057268874,0.06327817,0.004418216,0.86615837,0.046015013,0.018821508,,0.018821508,look,0,,42,look_f0_s42_in22k_v5scr,last
ISIC_0028508,HAM_0001607,HAM_0001607,60+,ham,4,True,4,0.007816129,0.005158121,0.008584248,0.062411685,0.8686945,0.0033533545,0.043982,0.88166875,,0.88166875,look,0,,42,look_f0_s42_in22k_v5scr,last
ISIC_0028511,HAM_0004889,HAM_0004889,60+,ham,2,False,5,0.006026839,0.0026620687,0.0034796149,0.058359116,0.041494016,0.844595,0.043383323,0.050182924,,0.050182924,look,0,,42,look_f0_s42_in22k_v5scr,last
ISIC_0028536,HAM_0003903,HAM_0003903,40-59,ham,5,False,5,0.009610881,0.005820248,0.006270268,0.06372429,0.0048963283,0.86520624,0.044471785,0.020327456,,0.020327456,look,0,,42,look_f0_s42_in22k_v5scr,last
ISIC_0028561,HAM_0005517,HAM_0005517,40-59,ham,5,False,5,0.011047868,0.007050223,0.007846482,0.06580249,0.0072751204,0.8531804,0.047797333,0.025373213,,0.025373213,look,0,,42,look_f0_s42_in22k_v5scr,last
ISIC_0028579,HAM_0001811,HAM_0001811,<40,ham,4,True,5,0.009680378,0.0051073506,0.006969765,0.06557155,0.007411123,0.8577599,0.04749992,0.022198852,,0.022198852,look,0,,42,look_f0_s42_in22k_v5scr,last
ISIC_0028597,HAM_0000652,HAM_0000652,40-59,ham,5,False,5,0.0111876335,0.0070469,0.006993668,0.0704181,0.0053745285,0.8503614,0.04861779,0.023609063,,0.023609063,look,0,,42,look_f0_s42_in22k_v5scr,last
ISIC_0028598,HAM_0006633,HAM_0006633,40-59,ham,5,False,5,0.016318139,0.0015824791,0.030264342,0.07832649,0.0075900923,0.818942,0.04697639,0.02549071,,0.02549071,look,0,,42,look_f0_s42_in22k_v5scr,last
ISIC_0028600,HAM_0007268,HAM_0007268,60+,ham,5,False,5,0.012170639,0.0063145435,0.007292831,0.06935924,0.004659524,0.8514662,0.04873703,0.023144707,,0.023144707,look,0,,42,look_f0_s42_in22k_v5scr,last
ISIC_0028613,HAM_0004080,HAM_0004080,<40,ham,5,False,5,0.0102250585,0.0058852257,0.0067732977,0.0680291,0.0058348845,0.85480225,0.04845019,0.02194517,,0.02194517,look,0,,42,look_f0_s42_in22k_v5scr,last
ISIC_0028620,HAM_0000939,HAM_0000939,<40,ham,5,False,5,0.009887046,0.006356128,0.0070603825,0.06547639,0.005774514,0.8595365,0.045909036,0.022017688,,0.022017688,look,0,,42,look_f0_s42_in22k_v5scr,last
ISIC_0028623,HAM_0001781,HAM_0001781,<40,ham,2,False,2,0.007942252,0.0055111246,0.8919764,0.053457394,0.0029181167,0.0030754816,0.035119202,0.016371492,,0.016371492,look,0,,42,look_f0_s42_in22k_v5scr,last
ISIC_0028626,HAM_0006209,HAM_0006209,40-59,ham,5,False,5,0.008924874,0.0057979748,0.005694118,0.06410726,0.006865703,0.86126256,0.047347493,0.02158855,,0.02158855,look,0,,42,look_f0_s42_in22k_v5scr,last
ISIC_0028647,HAM_0005849,HAM_0005849,40-59,ham,5,False,5,0.009075435,0.0051007615,0.0057808077,0.06366852,0.0053935675,0.863634,0.04734698,0.019569764,,0.019569764,look,0,,42,look_f0_s42_in22k_v5scr,last
ISIC_0028660,HAM_0003674,HAM_0003674,40-59,ham,5,False,5,0.009108126,0.0064287144,0.0064866534,0.06603015,0.006123824,0.8582748,0.047547635,0.021660665,,0.021660665,look,0,,42,look_f0_s42_in22k_v5scr,last
ISIC_0028662,HAM_0002042,HAM_0002042,60+,ham,2,False,2,0.041957084,0.003988072,0.71971583,0.07672093,0.09562069,0.0010309515,0.060966425,0.14156584,,0.14156584,look,0,,42,look_f0_s42_in22k_v5scr,last
ISIC_0028669,HAM_0004989,HAM_0004989,40-59,ham,5,False,5,0.009894012,0.006126761,0.006741993,0.06605314,0.0059458455,0.85849404,0.046744302,0.021966618,,0.021966618,look,0,,42,look_f0_s42_in22k_v5scr,last
ISIC_0028672,HAM_0003888,HAM_0003888,40-59,ham,5,False,5,0.0089464225,0.006028179,0.0067325556,0.06654922,0.0053139143,0.86050075,0.04592898,0.020288516,,0.020288516,look,0,,42,look_f0_s42_in22k_v5scr,last
ISIC_0028678,HAM_0000222,HAM_0000222,<40,ham,5,False,5,0.0082631195,0.0071726735,0.0061630383,0.0636283,0.008587068,0.8511358,0.05504997,0.02402286,,0.02402286,look,0,,42,look_f0_s42_in22k_v5scr,last
ISIC_0028681,HAM_0004309,HAM_0004309,60+,ham,2,False,2,0.0073004765,0.0021676305,0.8620097,0.087356284,0.0028178662,0.0076443595,0.030703602,0.012285973,,0.012285973,look,0,,42,look_f0_s42_in22k_v5scr,last
ISIC_0028693,HAM_0001610,HAM_0001610,60+,ham,1,True,1,0.009959944,0.8788617,0.006265659,0.053286254,0.0048923977,0.004424963,0.042308953,0.8937141,,0.8937141,look,0,,42,look_f0_s42_in22k_v5scr,last
ISIC_0028700,HAM_0001717,HAM_0001717,60+,ham,5,False,5,0.011087094,0.0072638304,0.0072709234,0.07069193,0.005396538,0.8486061,0.0496836,0.023747463,,0.023747463,look,0,,42,look_f0_s42_in22k_v5scr,last
ISIC_0028702,HAM_0001914,HAM_0001914,60+,ham,2,False,2,0.08079518,0.2901676,0.45832184,0.09909433,0.003657327,0.0015696594,0.066394106,0.3746201,,0.3746201,look,0,,42,look_f0_s42_in22k_v5scr,last
ISIC_0028720,HAM_0002589,HAM_0002589,<40,ham,5,False,5,0.009748363,0.0065845796,0.0065017506,0.06634645,0.006268351,0.85662436,0.04792624,0.022601293,,0.022601293,look,0,,42,look_f0_s42_in22k_v5scr,last
ISIC_0028722,HAM_0002901,HAM_0002901,40-59,ham,5,False,5,0.010555022,0.0069474624,0.0072606555,0.06678997,0.006386507,0.8546124,0.047447994,0.023888992,,0.023888992,look,0,,42,look_f0_s42_in22k_v5scr,last
ISIC_0028737,HAM_0001157,HAM_0001157,60+,ham,5,False,5,0.023406494,0.1427547,0.007815503,0.115034185,0.003959431,0.6363649,0.070664786,0.17012063,,0.17012063,look,0,,42,look_f0_s42_in22k_v5scr,last
ISIC_0028740,HAM_0004977,HAM_0004977,60+,ham,5,False,5,0.009578743,0.0059789177,0.0057328534,0.060452443,0.004333479,0.8709771,0.042946454,0.01989114,,0.01989114,look,0,,42,look_f0_s42_in22k_v5scr,last
ISIC_0028754,HAM_0005385,HAM_0005385,40-59,ham,5,False,5,0.010094687,0.0058936537,0.006562342,0.068848304,0.00715771,0.8517284,0.049714927,0.02314605,,0.02314605,look,0,,42,look_f0_s42_in22k_v5scr,last
ISIC_0028761,HAM_0003415,HAM_0003415,40-59,ham,5,False,5,0.009388739,0.005553124,0.0068960986,0.06632242,0.003843671,0.8607018,0.04729415,0.018785534,,0.018785534,look,0,,42,look_f0_s42_in22k_v5scr,last
ISIC_0028768,HAM_0000148,HAM_0000148,60+,ham,5,False,5,0.010304847,0.0068101487,0.0064272666,0.06553605,0.0051846798,0.8573335,0.04840349,0.022299675,,0.022299675,look,0,,42,look_f0_s42_in22k_v5scr,last
ISIC_0028785,HAM_0005914,HAM_0005914,<40,ham,5,False,5,0.010682801,0.007577322,0.008242108,0.07018863,0.006990488,0.8467168,0.04960186,0.025250612,,0.025250612,look,0,,42,look_f0_s42_in22k_v5scr,last
ISIC_0028790,HAM_0005276,HAM_0005276,60+,ham,3,False,1,0.008338384,0.8376867,0.005627814,0.10262144,0.004886577,0.0023016247,0.03853739,0.8509117,,0.8509117,look,0,,42,look_f0_s42_in22k_v5scr,last
ISIC_0028801,HAM_0003855,HAM_0003855,40-59,ham,5,False,5,0.0097074155,0.0065665557,0.006811169,0.06448252,0.0051511065,0.8610799,0.046201445,0.021425078,,0.021425078,look,0,,42,look_f0_s42_in22k_v5scr,last
ISIC_0028802,HAM_0005549,HAM_0005549,40-59,ham,5,False,5,0.009181644,0.005961092,0.0057325624,0.06834723,0.005249174,0.85838425,0.04714412,0.02039191,,0.02039191,look,0,,42,look_f0_s42_in22k_v5scr,last
ISIC_0028803,HAM_0000977,HAM_0000977,40-59,ham,5,False,5,0.007911242,0.004545397,0.0047619594,0.06430218,0.0051076016,0.8657927,0.047578923,0.01756424,,0.01756424,look,0,,42,look_f0_s42_in22k_v5scr,last
ISIC_0028807,HAM_0003429,HAM_0003429,60+,ham,1,True,1,0.013626934,0.89685065,0.0050195274,0.045553066,0.004866696,0.004104628,0.029978642,0.9153443,,0.9153443,look,0,,42,look_f0_s42_in22k_v5scr,last
ISIC_0028808,HAM_0005910,HAM_0005910,60+,ham,5,False,4,0.008213268,0.0032138063,0.0050000283,0.047105942,0.8890982,0.0097610485,0.037607647,0.9005253,,0.9005253,look,0,,42,look_f0_s42_in22k_v5scr,last
ISIC_0028810,HAM_0002975,HAM_0002975,40-59,ham,5,False,4,0.005276809,0.004626148,0.0060856766,0.052949775,0.87634206,0.01563364,0.039085895,0.886245,,0.886245,look,0,,42,look_f0_s42_in22k_v5scr,last
ISIC_0028812,HAM_0004248,HAM_0004248,40-59,ham,5,False,5,0.01279177,0.007837638,0.006507807,0.07336586,0.004666045,0.8449548,0.04987619,0.025295453,,0.025295453,look,0,,42,look_f0_s42_in22k_v5scr,last
ISIC_0028815,HAM_0004967,HAM_0004967,60+,ham,1,True,1,0.0106799,0.8875573,0.0055416995,0.049969602,0.003303998,0.0037159752,0.039231513,0.90154123,,0.90154123,look,0,,42,look_f0_s42_in22k_v5scr,last
ISIC_0028820,HAM_0000931,HAM_0000931,60+,ham,0,True,0,0.8862784,0.0029175228,0.029580234,0.042168867,0.0020659077,0.0042478098,0.03274125,0.8912618,,0.8912618,look,0,,42,look_f0_s42_in22k_v5scr,last
ISIC_0028821,HAM_0003992,HAM_0003992,40-59,ham,5,False,5,0.008690466,0.007499259,0.0040555033,0.068151176,0.0045465375,0.86003786,0.04701921,0.020736262,,0.020736262,look,0,,42,look_f0_s42_in22k_v5scr,last
ISIC_0028835,HAM_0000820,HAM_0000820,<40,ham,5,False,5,0.01201573,0.0075835064,0.0070986403,0.070011705,0.004818787,0.8516411,0.04683047,0.024418022,,0.024418022,look,0,,42,look_f0_s42_in22k_v5scr,last
ISIC_0028845,HAM_0001016,HAM_0001016,<40,ham,5,False,5,0.009146588,0.005678558,0.0060870405,0.06402215,0.006761643,0.8609651,0.047338944,0.021586789,,0.021586789,look,0,,42,look_f0_s42_in22k_v5scr,last
ISIC_0028857,HAM_0002107,HAM_0002107,60+,ham,5,False,5,0.007544343,0.0038007074,0.0039965846,0.05927126,0.007547848,0.87639946,0.04143982,0.0188929,,0.0188929,look,0,,42,look_f0_s42_in22k_v5scr,last
ISIC_0028880,HAM_0004103,HAM_0004103,40-59,ham,3,False,3,0.011833653,0.00027945547,0.021964826,0.93334085,0.0005503112,0.00074623234,0.03128458,0.012663419,,0.012663419,look,0,,42,look_f0_s42_in22k_v5scr,last
ISIC_0028884,HAM_0005914,HAM_0005914,<40,ham,5,False,5,0.009032425,0.005924029,0.0067422376,0.06850404,0.0041801725,0.8553008,0.05031625,0.019136626,,0.019136626,look,0,,42,look_f0_s42_in22k_v5scr,last
ISIC_0028889,HAM_0003004,HAM_0003004,60+,ham,5,False,5,0.009918314,0.0062982743,0.00755545,0.06788519,0.006351711,0.8530582,0.048932735,0.0225683,,0.0225683,look,0,,42,look_f0_s42_in22k_v5scr,last
ISIC_0028893,HAM_0007556,HAM_0007556,<40,ham,5,False,5,0.0103313755,0.0062962645,0.006346945,0.0645732,0.00554811,0.8606475,0.04625653,0.02217575,,0.02217575,look,0,,42,look_f0_s42_in22k_v5scr,last
ISIC_0028907,HAM_0005698,HAM_0005698,40-59,ham,5,False,5,0.010114067,0.006161033,0.0061900946,0.06392644,0.005395267,0.8646781,0.043534987,0.021670368,,0.021670368,look,0,,42,look_f0_s42_in22k_v5scr,last
ISIC_0028914,HAM_0001518,HAM_0001518,40-59,ham,5,False,5,0.009178332,0.0056115626,0.0059951097,0.06341776,0.0042397073,0.86394984,0.04760772,0.019029602,,0.019029602,look,0,,42,look_f0_s42_in22k_v5scr,last
ISIC_0028918,HAM_0001141,HAM_0001141,<40,ham,5,False,5,0.009836544,0.005882669,0.006291589,0.068771,0.007965208,0.8521446,0.04910839,0.02368442,,0.02368442,look,0,,42,look_f0_s42_in22k_v5scr,last
ISIC_0028919,HAM_0000964,HAM_0000964,60+,ham,5,False,5,0.01238694,0.007637143,0.0076257563,0.06984845,0.006152617,0.84721744,0.049131665,0.0261767,,0.0261767,look,0,,42,look_f0_s42_in22k_v5scr,last
ISIC_0028927,HAM_0000680,HAM_0000680,60+,ham,5,False,5,0.010232586,0.006188262,0.0067493375,0.07031136,0.0063354746,0.85096,0.049222928,0.022756323,,0.022756323,look,0,,42,look_f0_s42_in22k_v5scr,last
ISIC_0028930,HAM_0002591,HAM_0002591,40-59,ham,4,True,5,0.0086604515,0.0035228701,0.009122789,0.13013831,0.28720462,0.4713735,0.089977436,0.29938793,,0.29938793,look,0,,42,look_f0_s42_in22k_v5scr,last
ISIC_0028940,HAM_0003890,HAM_0003890,40-59,ham,5,False,5,0.009741044,0.0063615027,0.0056847725,0.0650537,0.004834421,0.86237264,0.04595192,0.020936968,,0.020936968,look,0,,42,look_f0_s42_in22k_v5scr,last
ISIC_0028950,HAM_0007187,HAM_0007187,40-59,ham,5,False,5,0.009289784,0.0067116953,0.0060934494,0.06565026,0.00530262,0.8611592,0.045793034,0.0213041,,0.0213041,look,0,,42,look_f0_s42_in22k_v5scr,last
ISIC_0028956,HAM_0000786,HAM_0000786,<40,ham,5,False,5,0.010100666,0.006157384,0.0071130428,0.06438008,0.005920084,0.8604189,0.04590981,0.022178134,,0.022178134,look,0,,42,look_f0_s42_in22k_v5scr,last
ISIC_0028963,HAM_0001643,HAM_0002423,<40,ham,5,False,5,0.007806941,0.0040827575,0.0048127933,0.061862856,0.004032684,0.8700133,0.047388684,0.015922382,,0.015922382,look,0,,42,look_f0_s42_in22k_v5scr,last
ISIC_0028969,HAM_0005328,HAM_0005328,60+,ham,4,True,2,0.070334926,0.009570665,0.6972738,0.08325199,0.04651452,0.00258073,0.09047335,0.12642011,,0.12642011,look,0,,42,look_f0_s42_in22k_v5scr,last
ISIC_0028972,HAM_0003476,HAM_0003476,60+,ham,2,False,2,0.0077529764,0.007645582,0.8878424,0.056667548,0.0033323583,0.0028920628,0.033867028,0.018730916,,0.018730916,look,0,,42,look_f0_s42_in22k_v5scr,last
ISIC_0028973,HAM_0005665,HAM_0005665,60+,ham,1,True,1,0.008395077,0.89062536,0.0037984683,0.05278596,0.002867787,0.0037759892,0.03775136,0.9018882,,0.9018882,look,0,,42,look_f0_s42_in22k_v5scr,last
ISIC_0028974,HAM_0005202,HAM_0005202,40-59,ham,5,False,5,0.009362019,0.0055585844,0.0069533978,0.06371339,0.0064566983,0.8584839,0.04947202,0.021377303,,0.021377303,look,0,,42,look_f0_s42_in22k_v5scr,last
ISIC_0028975,HAM_0004819,HAM_0004819,40-59,ham,5,False,5,0.011181488,0.0071541797,0.0074242437,0.06711576,0.005883551,0.8547062,0.046534605,0.024219219,,0.024219219,look,0,,42,look_f0_s42_in22k_v5scr,last
ISIC_0028980,HAM_0003741,HAM_0003741,60+,ham,1,True,1,0.007959576,0.8824777,0.0068811015,0.055012994,0.0055416552,0.0038061552,0.038320817,0.895979,,0.895979,look,0,,42,look_f0_s42_in22k_v5scr,last
ISIC_0029000,HAM_0005481,HAM_0005481,40-59,ham,4,True,5,0.008875923,0.005270644,0.004637924,0.060570106,0.010495909,0.8640284,0.04612108,0.024642475,,0.024642475,look,0,,42,look_f0_s42_in22k_v5scr,last
ISIC_0029001,HAM_0005664,HAM_0005664,40-59,ham,5,False,5,0.0028824026,0.007928766,0.0040553315,0.050048873,0.0015624522,0.91106886,0.02245322,0.012373621,,0.012373621,look,0,,42,look_f0_s42_in22k_v5scr,last
ISIC_0029009,HAM_0001705,HAM_0001705,<40,ham,5,False,5,0.009304669,0.006318832,0.006601951,0.06770986,0.005214516,0.8555562,0.04929399,0.020838017,,0.020838017,look,0,,42,look_f0_s42_in22k_v5scr,last
ISIC_0029011,HAM_0002248,HAM_0002248,40-59,ham,5,False,5,0.009867881,0.0062751947,0.0062060803,0.06227521,0.0051073786,0.86445296,0.04581529,0.021250455,,0.021250455,look,0,,42,look_f0_s42_in22k_v5scr,last
ISIC_0029013,HAM_0003522,HAM_0003522,40-59,ham,4,True,5,0.010018701,0.005912116,0.006162852,0.06674898,0.0052744844,0.8588488,0.047034096,0.0212053,,0.0212053,look,0,,42,look_f0_s42_in22k_v5scr,last
ISIC_0029018,HAM_0003246,HAM_0003246,<40,ham,5,False,5,0.020784512,0.008787361,0.009634975,0.07900604,0.0026880153,0.8249677,0.054131422,0.03225989,,0.03225989,look,0,,42,look_f0_s42_in22k_v5scr,last
ISIC_0029047,HAM_0002340,HAM_0002340,60+,ham,5,False,5,0.010761955,0.006473534,0.006631392,0.06597921,0.004933421,0.8575557,0.047664877,0.022168908,,0.022168908,look,0,,42,look_f0_s42_in22k_v5scr,last
ISIC_0029049,HAM_0003246,HAM_0003246,<40,ham,5,False,5,0.013088388,0.007089497,0.06695007,0.07252178,0.010555606,0.7807995,0.04899508,0.030733492,,0.030733492,look,0,,42,look_f0_s42_in22k_v5scr,last
ISIC_0029051,HAM_0000298,HAM_0000298,60+,ham,2,False,2,0.0037441705,0.004764255,0.8702117,0.06147151,0.0032733788,0.012845224,0.04368983,0.011781804,,0.011781804,look,0,,42,look_f0_s42_in22k_v5scr,last
ISIC_0029052,HAM_0002463,HAM_0002463,60+,ham,3,False,3,0.00054621114,0.00045983284,0.00046559967,0.9944878,0.00020295211,0.00031038097,0.0035272262,0.001208996,,0.001208996,look,0,,42,look_f0_s42_in22k_v5scr,last
ISIC_0029055,HAM_0002296,HAM_0002296,<40,ham,5,False,5,0.007928747,0.003057205,0.0037594405,0.061372675,0.010816501,0.8697663,0.04329917,0.021802453,,0.021802453,look,0,,42,look_f0_s42_in22k_v5scr,last
ISIC_0029057,HAM_0000244,HAM_0000244,40-59,ham,5,False,5,0.010954429,0.00572221,0.00622371,0.065585256,0.0036004926,0.86376023,0.044153698,0.020277131,,0.020277131,look,0,,42,look_f0_s42_in22k_v5scr,last
ISIC_0029064,HAM_0000134,HAM_0000134,60+,ham,5,False,5,0.010085114,0.005910667,0.006329369,0.068031125,0.005021174,0.8564947,0.048127763,0.021016955,,0.021016955,look,0,,42,look_f0_s42_in22k_v5scr,last
ISIC_0029065,HAM_0004067,HAM_0004067,40-59,ham,5,False,5,0.008432114,0.005543776,0.0055125253,0.06589581,0.0054540266,0.86394215,0.045219563,0.019429917,,0.019429917,look,0,,42,look_f0_s42_in22k_v5scr,last
ISIC_0029066,HAM_0004160,HAM_0004160,<40,ham,5,False,5,0.013089762,0.0077429125,0.009046383,0.06732926,0.0048148665,0.8514898,0.04648698,0.025647542,,0.025647542,look,0,,42,look_f0_s42_in22k_v5scr,last
ISIC_0029069,HAM_0003792,HAM_0003792,<40,ham,5,False,5,0.009943054,0.0066657616,0.0067396713,0.06608775,0.006820521,0.8562707,0.047472633,0.023429336,,0.023429336,look,0,,42,look_f0_s42_in22k_v5scr,last
ISIC_0029082,HAM_0005665,HAM_0005665,60+,ham,1,True,1,0.0095291,0.88636005,0.004361635,0.052869126,0.0043431846,0.0048703845,0.037666526,0.9002324,,0.9002324,look,0,,42,look_f0_s42_in22k_v5scr,last
ISIC_0029091,HAM_0002832,HAM_0002832,<40,ham,5,False,5,0.0093328655,0.006421904,0.0064382157,0.06603929,0.00547472,0.86123776,0.045055334,0.02122949,,0.02122949,look,0,,42,look_f0_s42_in22k_v5scr,last
ISIC_0029099,HAM_0000286,HAM_0000286,60+,ham,6,False,6,0.0016860982,0.0011648032,0.0009700853,0.010376437,0.0024512305,0.00033913224,0.98301226,0.005302132,,0.005302132,look,0,,42,look_f0_s42_in22k_v5scr,last
ISIC_0029100,HAM_0001788,HAM_0001788,60+,ham,2,False,2,0.00736254,0.0050014397,0.90048546,0.04758069,0.0032629876,0.002624979,0.033681966,0.015626967,,0.015626967,look,0,,42,look_f0_s42_in22k_v5scr,last
ISIC_0029107,HAM_0005616,HAM_0005616,60+,ham,2,False,5,0.009031079,0.006008948,0.0076407893,0.06355331,0.006032421,0.8620237,0.045709673,0.021072447,,0.021072447,look,0,,42,look_f0_s42_in22k_v5scr,last
ISIC_0029112,HAM_0003883,HAM_0003883,<40,ham,5,False,5,0.013012919,0.007529529,0.0063686217,0.07187002,0.005180023,0.8488067,0.047232136,0.02572247,,0.02572247,look,0,,42,look_f0_s42_in22k_v5scr,last
ISIC_0029121,HAM_0002368,HAM_0002368,60+,ham,5,False,5,0.009640257,0.005417837,0.0068477853,0.06711643,0.0048317653,0.8623836,0.043762293,0.01988986,,0.01988986,look,0,,42,look_f0_s42_in22k_v5scr,last
ISIC_0029124,HAM_0001626,HAM_0001626,40-59,ham,5,False,5,0.0118369395,0.007309199,0.0068353754,0.06323582,0.0035104938,0.8652558,0.042016465,0.022656633,,0.022656633,look,0,,42,look_f0_s42_in22k_v5scr,last
ISIC_0029126,HAM_0001914,HAM_0001914,60+,ham,2,False,1,0.013081698,0.9186427,0.007172134,0.03654182,0.0022470907,0.00091709156,0.021397535,0.93397146,,0.93397146,look,0,,42,look_f0_s42_in22k_v5scr,last
ISIC_0029134,HAM_0002829,HAM_0002829,<40,ham,5,False,5,0.011263611,0.007727208,0.008012433,0.064015076,0.0058539566,0.85503125,0.04809645,0.024844775,,0.024844775,look,0,,42,look_f0_s42_in22k_v5scr,last
ISIC_0029158,HAM_0004689,HAM_0004689,40-59,ham,5,False,5,0.009378481,0.005486671,0.0058209295,0.062284455,0.0060873483,0.86533487,0.045607347,0.0209525,,0.0209525,look,0,,42,look_f0_s42_in22k_v5scr,last
ISIC_0029162,HAM_0005090,HAM_0005090,40-59,ham,5,False,5,0.011086873,0.006450596,0.012675416,0.07317381,0.009536677,0.83681244,0.050264224,0.027074147,,0.027074147,look,0,,42,look_f0_s42_in22k_v5scr,last
ISIC_0029163,HAM_0006692,HAM_0006692,60+,ham,4,True,4,0.009236196,0.011909756,0.009541153,0.060164776,0.8509907,0.003579876,0.05457758,0.87213665,,0.87213665,look,0,,42,look_f0_s42_in22k_v5scr,last
ISIC_0029168,HAM_0003147,HAM_0003147,40-59,ham,5,False,5,0.00921344,0.0060362546,0.0060623963,0.064704865,0.0055598053,0.86133844,0.04708479,0.0208095,,0.0208095,look,0,,42,look_f0_s42_in22k_v5scr,last
ISIC_0029172,HAM_0000396,HAM_0000396,60+,ham,4,True,4,0.00892751,0.007562563,0.0057652537,0.07223612,0.8486915,0.0041933777,0.05262367,0.86518157,,0.86518157,look,0,,42,look_f0_s42_in22k_v5scr,last
ISIC_0029179,HAM_0007300,HAM_0007300,40-59,ham,5,False,5,0.011423149,0.0068223523,0.0066140275,0.06881644,0.0070284465,0.8493746,0.049920943,0.025273949,,0.025273949,look,0,,42,look_f0_s42_in22k_v5scr,last
ISIC_0029180,HAM_0005595,HAM_0005595,60+,ham,5,False,5,0.009502209,0.005546743,0.0058163716,0.06537362,0.0048629823,0.8604538,0.04844427,0.019911934,,0.019911934,look,0,,42,look_f0_s42_in22k_v5scr,last
ISIC_0029184,HAM_0005454,HAM_0005454,40-59,ham,5,False,5,0.010077033,0.0061730277,0.0068905307,0.07021428,0.0070475503,0.84927845,0.050319064,0.023297612,,0.023297612,look,0,,42,look_f0_s42_in22k_v5scr,last
ISIC_0029191,HAM_0003415,HAM_0003415,40-59,ham,5,False,5,0.012709125,0.008641714,0.009861427,0.07250238,0.0051398594,0.83976483,0.0513807,0.026490698,,0.026490698,look,0,,42,look_f0_s42_in22k_v5scr,last
ISIC_0029204,HAM_0005877,HAM_0005877,40-59,ham,5,False,5,0.009891244,0.0056485194,0.005535824,0.06135651,0.0040355255,0.8705578,0.04297449,0.019575289,,0.019575289,look,0,,42,look_f0_s42_in22k_v5scr,last
ISIC_0029209,HAM_0000319,HAM_0000319,40-59,ham,4,True,5,0.009728947,0.005597933,0.014611775,0.067396775,0.0046793986,0.85156894,0.046416182,0.020006279,,0.020006279,look,0,,42,look_f0_s42_in22k_v5scr,last
ISIC_0029211,HAM_0001162,HAM_0001162,60+,ham,5,False,5,0.009166275,0.0056441254,0.0059814984,0.064168476,0.0066407686,0.8631519,0.045247037,0.021451168,,0.021451168,look,0,,42,look_f0_s42_in22k_v5scr,last
ISIC_0029214,HAM_0004886,HAM_0004886,40-59,ham,5,False,5,0.012314102,0.006400641,0.008100661,0.06482462,0.0043934006,0.8586764,0.04529022,0.023108143,,0.023108143,look,0,,42,look_f0_s42_in22k_v5scr,last
ISIC_0029217,HAM_0002316,HAM_0002316,<40,ham,2,False,2,0.026195938,0.002493035,0.89066,0.04839923,0.003332679,0.0025326302,0.026386483,0.032021653,,0.032021653,look,0,,42,look_f0_s42_in22k_v5scr,last
ISIC_0029218,HAM_0005633,HAM_0005633,60+,ham,5,False,5,0.007894677,0.0061694137,0.019739322,0.073350646,0.0040275794,0.8274403,0.061378017,0.01809167,,0.01809167,look,0,,42,look_f0_s42_in22k_v5scr,last
ISIC_0029224,HAM_0006695,HAM_0006695,60+,ham,5,False,5,0.01032056,0.0069199214,0.007478017,0.06791464,0.0055685355,0.85405636,0.047741994,0.022809017,,0.022809017,look,0,,42,look_f0_s42_in22k_v5scr,last
ISIC_0029238,HAM_0001598,HAM_0001598,60+,ham,4,True,4,0.071217194,0.0015056106,0.027175466,0.13045883,0.71507645,0.006270101,0.048296403,0.78779924,,0.78779924,look,0,,42,look_f0_s42_in22k_v5scr,last
ISIC_0029240,HAM_0006012,HAM_0006012,<40,ham,5,False,5,0.008848552,0.005427952,0.0057840454,0.0651549,0.0054711215,0.86182404,0.04748939,0.019747626,,0.019747626,look,0,,42,look_f0_s42_in22k_v5scr,last
ISIC_0029247,HAM_0002708,HAM_0002708,<40,ham,5,False,5,0.010316924,0.0054607973,0.006210433,0.06451195,0.0049420176,0.8625405,0.0460174,0.02071974,,0.02071974,look,0,,42,look_f0_s42_in22k_v5scr,last
ISIC_0029250,HAM_0003720,HAM_0003720,40-59,ham,5,False,5,0.00889799,0.005705662,0.006043125,0.06286247,0.005641881,0.86552835,0.045320496,0.020245533,,0.020245533,look,0,,42,look_f0_s42_in22k_v5scr,last
ISIC_0029256,HAM_0001783,HAM_0001783,40-59,ham,5,False,5,0.009458413,0.0059872777,0.006096345,0.0645686,0.0066826423,0.8609631,0.04624358,0.022128332,,0.022128332,look,0,,42,look_f0_s42_in22k_v5scr,last
ISIC_0029263,HAM_0002689,HAM_0002689,60+,ham,1,True,1,0.016100602,0.8810497,0.006951753,0.051109876,0.0053882757,0.002567104,0.036832668,0.90253854,,0.90253854,look,0,,42,look_f0_s42_in22k_v5scr,last
ISIC_0029269,HAM_0002470,HAM_0002470,<40,ham,5,False,5,0.009404626,0.005509399,0.0070039444,0.06277172,0.0055336426,0.86147195,0.048304703,0.020447668,,0.020447668,look,0,,42,look_f0_s42_in22k_v5scr,last
ISIC_0029274,HAM_0003632,HAM_0003632,40-59,ham,5,False,5,0.01003994,0.0062451237,0.0063092285,0.05868251,0.004138374,0.8707139,0.043870933,0.020423438,,0.020423438,look,0,,42,look_f0_s42_in22k_v5scr,last
ISIC_0029292,HAM_0004295,HAM_0004295,40-59,ham,5,False,5,0.010114414,0.0061674174,0.0065147183,0.07051835,0.0062833484,0.846375,0.054026667,0.02256518,,0.02256518,look,0,,42,look_f0_s42_in22k_v5scr,last
ISIC_0029293,HAM_0000580,HAM_0000580,40-59,ham,5,False,5,0.010762588,0.0068476186,0.0062159006,0.066619255,0.006555661,0.85323757,0.049761444,0.024165869,,0.024165869,look,0,,42,look_f0_s42_in22k_v5scr,last
ISIC_0029299,HAM_0000071,HAM_0000071,40-59,ham,5,False,5,0.012312314,0.0075493553,0.007593988,0.06717364,0.0052706264,0.8533071,0.046793036,0.025132295,,0.025132295,look,0,,42,look_f0_s42_in22k_v5scr,last
ISIC_0029300,HAM_0003914,HAM_0003914,40-59,ham,5,False,5,0.0069215163,0.0038053747,0.008303879,0.06065584,0.007051471,0.86874694,0.044514973,0.017778363,,0.017778363,look,0,,42,look_f0_s42_in22k_v5scr,last
ISIC_0029307,HAM_0001127,HAM_0001127,40-59,ham,5,False,5,0.008380061,0.0054134927,0.0058018127,0.062076185,0.0069176164,0.8659908,0.045420088,0.02071117,,0.02071117,look,0,,42,look_f0_s42_in22k_v5scr,last
ISIC_0029313,HAM_0006041,HAM_0006041,<40,ham,5,False,5,0.011298528,0.0065809526,0.0061628358,0.06957227,0.0048542903,0.85179126,0.049739912,0.02273377,,0.02273377,look,0,,42,look_f0_s42_in22k_v5scr,last
ISIC_0029314,HAM_0003959,HAM_0003959,40-59,ham,5,False,5,0.009551688,0.005828073,0.0061756107,0.06523176,0.0070081693,0.85818815,0.048016503,0.02238793,,0.02238793,look,0,,42,look_f0_s42_in22k_v5scr,last
ISIC_0029327,HAM_0003163,HAM_0003163,60+,ham,5,False,5,0.009360106,0.0057549574,0.0062755016,0.06395871,0.005460941,0.8626661,0.046523698,0.020576004,,0.020576004,look,0,,42,look_f0_s42_in22k_v5scr,last
ISIC_0029333,HAM_0001946,HAM_0001946,40-59,ham,5,False,5,0.011147838,0.006771485,0.0053070625,0.067803286,0.004827511,0.85792387,0.046218954,0.022746833,,0.022746833,look,0,,42,look_f0_s42_in22k_v5scr,last
ISIC_0029349,HAM_0000771,HAM_0000771,<40,ham,5,False,5,0.0083225975,0.0045855925,0.00500622,0.06420682,0.007654555,0.863275,0.046949256,0.020562746,,0.020562746,look,0,,42,look_f0_s42_in22k_v5scr,last
ISIC_0029359,HAM_0001137,HAM_0001137,60+,ham,5,False,5,0.015498679,0.0046840403,0.00465243,0.06648646,0.011078166,0.84613633,0.05146386,0.031260885,,0.031260885,look,0,,42,look_f0_s42_in22k_v5scr,last
ISIC_0029361,HAM_0001182,HAM_0001182,40-59,ham,5,False,5,0.010998765,0.0068918667,0.0070776427,0.07183742,0.007273495,0.8453636,0.050557237,0.025164127,,0.025164127,look,0,,42,look_f0_s42_in22k_v5scr,last
ISIC_0029362,HAM_0005413,HAM_0005413,60+,ham,0,True,1,0.142248,0.70345926,0.003282643,0.06816836,0.009642112,0.013682416,0.05951725,0.8553494,,0.8553494,look,0,,42,look_f0_s42_in22k_v5scr,last
ISIC_0029367,HAM_0003304,HAM_0003304,40-59,ham,5,False,5,0.009311682,0.006011976,0.0057940194,0.06384335,0.004245396,0.86580795,0.044985577,0.019569054,,0.019569054,look,0,,42,look_f0_s42_in22k_v5scr,last
ISIC_0029371,HAM_0005264,HAM_0005264,40-59,ham,0,True,1,0.056462634,0.7848385,0.0315269,0.074173495,0.0053697512,0.0054511535,0.042177588,0.84667087,,0.84667087,look,0,,42,look_f0_s42_in22k_v5scr,last
ISIC_0029379,HAM_0002781,HAM_0002781,40-59,ham,5,False,5,0.010434799,0.0062907957,0.006592263,0.06636742,0.0056219785,0.8567137,0.047979087,0.022347573,,0.022347573,look,0,,42,look_f0_s42_in22k_v5scr,last
ISIC_0029387,HAM_0000711,HAM_0000711,60+,ham,5,False,5,0.009050826,0.00573029,0.0059816884,0.065238185,0.0056691663,0.8610277,0.047302134,0.020450283,,0.020450283,look,0,,42,look_f0_s42_in22k_v5scr,last
ISIC_0029397,HAM_0006538,HAM_0006538,<40,ham,4,True,5,0.008686124,0.0050010844,0.0059081614,0.063237615,0.0055522793,0.8638908,0.047723874,0.019239487,,0.019239487,look,0,,42,look_f0_s42_in22k_v5scr,last
ISIC_0029403,HAM_0007506,HAM_0007506,60+,ham,5,False,5,0.009606388,0.006295987,0.006638798,0.06937239,0.0060448674,0.853847,0.048194543,0.021947242,,0.021947242,look,0,,42,look_f0_s42_in22k_v5scr,last
ISIC_0029412,HAM_0002024,HAM_0002024,60+,ham,1,True,0,0.8901944,0.0052911295,0.011341814,0.062338527,0.0007183072,0.002076869,0.028038865,0.8962038,,0.8962038,look,0,,42,look_f0_s42_in22k_v5scr,last
ISIC_0029416,HAM_0005455,HAM_0005455,40-59,ham,5,False,5,0.01105539,0.00734659,0.0071613756,0.06644058,0.006762789,0.8546301,0.046603214,0.02516477,,0.02516477,look,0,,42,look_f0_s42_in22k_v5scr,last
ISIC_0029422,HAM_0005866,HAM_0005866,60+,ham,5,False,5,0.013716512,0.0042880233,0.004229946,0.06927319,0.0049639815,0.8574276,0.046100724,0.022968518,,0.022968518,look,0,,42,look_f0_s42_in22k_v5scr,last
ISIC_0029445,HAM_0001368,HAM_0001368,<40,ham,5,False,5,0.00964348,0.006282817,0.005595901,0.063444525,0.0041158893,0.86545306,0.04546433,0.020042187,,0.020042187,look,0,,42,look_f0_s42_in22k_v5scr,last
ISIC_0029451,HAM_0006981,HAM_0006981,40-59,ham,5,False,5,0.008761161,0.0056067095,0.005439459,0.06411618,0.0062939385,0.86246866,0.047313903,0.020661809,,0.020661809,look,0,,42,look_f0_s42_in22k_v5scr,last
ISIC_0029453,HAM_0005719,HAM_0005719,40-59,ham,4,True,5,0.007970184,0.006025711,0.0057236087,0.061297778,0.007800479,0.86801815,0.043164182,0.021796374,,0.021796374,look,0,,42,look_f0_s42_in22k_v5scr,last
ISIC_0029460,HAM_0000545,HAM_0000545,60+,ham,0,True,0,0.7695846,0.005101499,0.06448638,0.091341026,0.0031195397,0.003692544,0.062674426,0.7778056,,0.7778056,look,0,,42,look_f0_s42_in22k_v5scr,last
ISIC_0029471,HAM_0000205,HAM_0000205,<40,ham,5,False,5,0.009742076,0.006529759,0.006547222,0.06471406,0.005727234,0.8594122,0.047327504,0.021999069,,0.021999069,look,0,,42,look_f0_s42_in22k_v5scr,last
ISIC_0029477,HAM_0004168,HAM_0004168,60+,ham,5,False,5,0.012532121,0.0068913614,0.008569342,0.06802703,0.0056792283,0.84894276,0.049358197,0.025102708,,0.025102708,look,0,,42,look_f0_s42_in22k_v5scr,last
ISIC_0029501,HAM_0002018,HAM_0002018,60+,ham,1,True,1,0.01085673,0.91303027,0.007093415,0.037443556,0.002727815,0.0011366241,0.027711498,0.9266148,,0.9266148,look,0,,42,look_f0_s42_in22k_v5scr,last
ISIC_0029509,HAM_0001826,HAM_0001826,60+,ham,5,False,5,0.009260782,0.0072061787,0.0068259467,0.06891673,0.0049530035,0.8552026,0.047634784,0.021419965,,0.021419965,look,0,,42,look_f0_s42_in22k_v5scr,last
ISIC_0029511,HAM_0006627,HAM_0006627,40-59,ham,5,False,5,0.013792319,0.007353901,0.008009186,0.072781235,0.005471962,0.8449928,0.047598597,0.02661818,,0.02661818,look,0,,42,look_f0_s42_in22k_v5scr,last
ISIC_0029518,HAM_0002096,HAM_0002096,40-59,ham,2,False,2,0.010232023,0.005913863,0.8920522,0.04987616,0.0041561634,0.0032440005,0.034525756,0.020302048,,0.020302048,look,0,,42,look_f0_s42_in22k_v5scr,last
ISIC_0029520,HAM_0002249,HAM_0002249,60+,ham,5,False,5,0.009625707,0.0057944898,0.0055240444,0.06600356,0.004481905,0.86165744,0.046912935,0.019902103,,0.019902103,look,0,,42,look_f0_s42_in22k_v5scr,last
ISIC_0029524,HAM_0003191,HAM_0003191,60+,ham,1,True,1,0.019324852,0.8640923,0.0077506537,0.058028094,0.005176419,0.0029189952,0.042708606,0.88859355,,0.88859355,look,0,,42,look_f0_s42_in22k_v5scr,last
ISIC_0029528,HAM_0003707,HAM_0003707,<40,ham,5,False,5,0.018794706,0.009157296,0.011781486,0.074665025,0.0054822154,0.82383835,0.056280904,0.03343422,,0.03343422,look,0,,42,look_f0_s42_in22k_v5scr,last
ISIC_0029533,HAM_0005389,HAM_0005389,60+,ham,0,True,0,0.92362326,0.0032097942,0.0061825044,0.036182582,0.002289108,0.0017601544,0.026752662,0.92912215,,0.92912215,look,0,,42,look_f0_s42_in22k_v5scr,last
ISIC_0029537,HAM_0002147,HAM_0002147,<40,ham,5,False,5,0.01024433,0.01683988,0.013671703,0.0776475,0.022747274,0.8048425,0.054006875,0.049831487,,0.049831487,look,0,,42,look_f0_s42_in22k_v5scr,last
ISIC_0029539,HAM_0005971,HAM_0005971,40-59,ham,1,True,1,0.008073256,0.87744844,0.004959669,0.06019723,0.0042644725,0.004298585,0.040758394,0.8897862,,0.8897862,look,0,,42,look_f0_s42_in22k_v5scr,last
ISIC_0029541,HAM_0004636,HAM_0004636,40-59,ham,0,True,0,0.9509228,0.0019453473,0.00090453465,0.022810837,0.0033130252,0.0010580993,0.019045353,0.95618117,,0.95618117,look,0,,42,look_f0_s42_in22k_v5scr,last
ISIC_0029556,HAM_0001831,HAM_0001831,60+,ham,5,False,5,0.009510607,0.00524744,0.0061105015,0.065054014,0.0054501323,0.86177963,0.04684761,0.02020818,,0.02020818,look,0,,42,look_f0_s42_in22k_v5scr,last
ISIC_0029558,HAM_0003683,HAM_0003683,60+,ham,4,True,5,0.011367466,0.0055713146,0.005762262,0.06267207,0.0060161795,0.8646824,0.043928422,0.022954961,,0.022954961,look,0,,42,look_f0_s42_in22k_v5scr,last
ISIC_0029562,HAM_0005719,HAM_0005719,40-59,ham,4,True,5,0.011323435,0.0072319605,0.007208031,0.07175083,0.0063650636,0.8476031,0.048517577,0.02492046,,0.02492046,look,0,,42,look_f0_s42_in22k_v5scr,last
ISIC_0029565,HAM_0001859,HAM_0001859,60+,ham,5,False,5,0.010511527,0.0070989123,0.0073413886,0.065111324,0.0055174846,0.85768044,0.046738945,0.023127923,,0.023127923,look,0,,42,look_f0_s42_in22k_v5scr,last
ISIC_0029579,HAM_0003082,HAM_0003082,<40,ham,5,False,5,0.009220105,0.0058815284,0.006640305,0.066016965,0.005634917,0.8597907,0.046815448,0.020736549,,0.020736549,look,0,,42,look_f0_s42_in22k_v5scr,last
ISIC_0029582,HAM_0003501,HAM_0003501,60+,ham,0,True,0,0.9234314,0.01705066,0.0021437265,0.029343797,0.0010931572,0.0024766838,0.024460582,0.9415752,,0.9415752,look,0,,42,look_f0_s42_in22k_v5scr,last
ISIC_0029592,HAM_0006756,HAM_0006756,<40,ham,5,False,5,0.0131524,0.0070647085,0.009064555,0.07349364,0.0061346074,0.8370374,0.054052744,0.026351716,,0.026351716,look,0,,42,look_f0_s42_in22k_v5scr,last
ISIC_0029594,HAM_0003227,HAM_0003227,40-59,ham,5,False,5,0.009334218,0.00540254,0.0051652305,0.063874766,0.0054152007,0.86526793,0.045540106,0.020151958,,0.020151958,look,0,,42,look_f0_s42_in22k_v5scr,last
ISIC_0029602,HAM_0003991,HAM_0003991,60+,ham,1,True,1,0.009250013,0.8896771,0.0054391245,0.055874072,0.0039613307,0.0040551824,0.031743083,0.9028884,,0.9028884,look,0,,42,look_f0_s42_in22k_v5scr,last
ISIC_0029603,HAM_0003476,HAM_0003476,60+,ham,2,False,2,0.0043410514,0.0020157327,0.9139793,0.049604718,0.005878625,0.001863196,0.022317432,0.012235409,,0.012235409,look,0,,42,look_f0_s42_in22k_v5scr,last
ISIC_0029607,HAM_0003599,HAM_0003599,40-59,ham,5,False,5,0.009876201,0.006242969,0.0068207122,0.0658086,0.00588811,0.85879153,0.046571836,0.022007281,,0.022007281,look,0,,42,look_f0_s42_in22k_v5scr,last
ISIC_0029611,HAM_0000818,HAM_0000818,40-59,ham,5,False,5,0.0101865465,0.007006347,0.006669217,0.06922096,0.005815827,0.85198027,0.04912087,0.02300872,,0.02300872,look,0,,42,look_f0_s42_in22k_v5scr,last
ISIC_0029615,HAM_0006735,HAM_0006735,<40,ham,5,False,5,0.010371916,0.0065171504,0.006674819,0.06894029,0.006854375,0.8516841,0.048957393,0.02374344,,0.02374344,look,0,,42,look_f0_s42_in22k_v5scr,last
ISIC_0029616,HAM_0002842,HAM_0002842,40-59,ham,5,False,5,0.009227705,0.005966158,0.006388669,0.06574863,0.006338226,0.8576046,0.04872605,0.021532089,,0.021532089,look,0,,42,look_f0_s42_in22k_v5scr,last
ISIC_0029625,HAM_0004292,HAM_0004292,60+,ham,5,False,5,0.012116489,0.006901176,0.0065908283,0.069395214,0.005082253,0.8521158,0.047798272,0.024099918,,0.024099918,look,0,,42,look_f0_s42_in22k_v5scr,last
ISIC_0029630,HAM_0006692,HAM_0006692,60+,ham,4,True,4,0.009041527,0.0090987645,0.0082592275,0.056053307,0.8715567,0.0022207987,0.04376967,0.889697,,0.889697,look,0,,42,look_f0_s42_in22k_v5scr,last
ISIC_0029633,HAM_0002302,HAM_0002302,40-59,ham,5,False,5,0.013052849,0.0079146605,0.104051694,0.113273956,0.0036818592,0.68579537,0.07222955,0.024649369,,0.024649369,look,0,,42,look_f0_s42_in22k_v5scr,last
ISIC_0029642,HAM_0006964,HAM_0006964,60+,ham,4,True,4,0.0063686734,0.0041859676,0.0069229966,0.04323016,0.9022021,0.008150756,0.02893927,0.9127568,,0.9127568,look,0,,42,look_f0_s42_in22k_v5scr,last
ISIC_0029660,HAM_0001703,HAM_0001703,60+,ham,4,True,5,0.0073414273,0.004693003,0.004414043,0.05666624,0.0068008434,0.87631446,0.04376998,0.018835273,,0.018835273,look,0,,42,look_f0_s42_in22k_v5scr,last
ISIC_0029678,HAM_0000383,HAM_0000383,60+,ham,2,False,5,0.005578614,0.0034810835,0.0072999494,0.09835519,0.37347925,0.4373951,0.074410856,0.38253894,,0.38253894,look,0,,42,look_f0_s42_in22k_v5scr,last
ISIC_0029679,HAM_0000366,HAM_0000366,60+,ham,5,False,5,0.012521026,0.00269672,0.06411782,0.060651757,0.030100038,0.79055333,0.039359394,0.045317784,,0.045317784,look,0,,42,look_f0_s42_in22k_v5scr,last
ISIC_0029686,HAM_0006530,HAM_0006530,40-59,ham,5,False,5,0.009094792,0.00554706,0.004782713,0.06072147,0.0046982095,0.8715818,0.043573897,0.019340063,,0.019340063,look,0,,42,look_f0_s42_in22k_v5scr,last
ISIC_0029688,HAM_0006369,HAM_0006369,40-59,ham,5,False,5,0.010482154,0.0067887506,0.006797622,0.06652828,0.005458583,0.8568067,0.04713787,0.022729486,,0.022729486,look,0,,42,look_f0_s42_in22k_v5scr,last
ISIC_0029692,HAM_0005503,HAM_0005503,40-59,ham,5,False,5,0.009452937,0.0060838363,0.006786897,0.064399704,0.00598793,0.86072564,0.04656298,0.021524705,,0.021524705,look,0,,42,look_f0_s42_in22k_v5scr,last
ISIC_0029698,HAM_0005425,HAM_0005425,60+,ham,4,True,2,0.010318763,0.012475258,0.4367691,0.07802837,0.39598456,0.025701435,0.040722467,0.41877857,,0.41877857,look,0,,42,look_f0_s42_in22k_v5scr,last
ISIC_0029705,HAM_0004936,HAM_0004936,60+,ham,4,True,5,0.010532158,0.004666547,0.011028301,0.06597095,0.033698816,0.82675,0.047353305,0.04889752,,0.04889752,look,0,,42,look_f0_s42_in22k_v5scr,last
ISIC_0029706,HAM_0003972,HAM_0003972,40-59,ham,5,False,5,0.01005428,0.006232392,0.0066517973,0.0637066,0.0052569066,0.8618872,0.046210773,0.021543577,,0.021543577,look,0,,42,look_f0_s42_in22k_v5scr,last
ISIC_0029709,HAM_0003763,HAM_0003763,60+,ham,5,False,5,0.010630419,0.006053513,0.007121886,0.064761445,0.0047670654,0.8609137,0.045752015,0.021450998,,0.021450998,look,0,,42,look_f0_s42_in22k_v5scr,last
ISIC_0029712,HAM_0004438,HAM_0004438,40-59,ham,5,False,5,0.009777346,0.0059312913,0.0063114427,0.06760607,0.0069523435,0.8532894,0.050132096,0.02266098,,0.02266098,look,0,,42,look_f0_s42_in22k_v5scr,last
ISIC_0029728,HAM_0006155,HAM_0006155,<40,ham,5,False,5,0.02947552,0.27208215,0.011445659,0.11884879,0.0072509944,0.4815132,0.07938361,0.30880865,,0.30880865,look,0,,42,look_f0_s42_in22k_v5scr,last
ISIC_0029729,HAM_0003008,HAM_0003008,60+,ham,5,False,5,0.01660326,0.029261446,0.004937737,0.08286956,0.005655327,0.8004881,0.06018461,0.05152003,,0.05152003,look,0,,42,look_f0_s42_in22k_v5scr,last
ISIC_0029737,HAM_0000515,HAM_0000515,40-59,ham,5,False,5,0.007492166,0.0047947485,0.0045035253,0.06350937,0.004382268,0.87177867,0.043539286,0.016669182,,0.016669182,look,0,,42,look_f0_s42_in22k_v5scr,last
ISIC_0029739,HAM_0007352,HAM_0007352,40-59,ham,5,False,5,0.009953543,0.006151449,0.0063991006,0.06819367,0.0057768184,0.8545298,0.04899567,0.021881811,,0.021881811,look,0,,42,look_f0_s42_in22k_v5scr,last
ISIC_0029746,HAM_0001137,HAM_0001137,60+,ham,5,False,5,0.01494352,0.0045282487,0.0044053127,0.06499425,0.013996371,0.84523505,0.051897198,0.03346814,,0.03346814,look,0,,42,look_f0_s42_in22k_v5scr,last
ISIC_0029749,HAM_0001962,HAM_0001962,60+,ham,5,False,5,0.009218332,0.0044168206,0.02093821,0.07532382,0.0034691177,0.8369413,0.04969234,0.01710427,,0.01710427,look,0,,42,look_f0_s42_in22k_v5scr,last
ISIC_0029753,HAM_0005646,HAM_0005646,40-59,ham,5,False,5,0.009733088,0.0061075273,0.0065439185,0.065411136,0.005362439,0.8585772,0.04826476,0.021203056,,0.021203056,look,0,,42,look_f0_s42_in22k_v5scr,last
ISIC_0029764,HAM_0004696,HAM_0004696,60+,ham,2,False,2,0.00870226,0.04773675,0.83234465,0.06273293,0.0017912854,0.0051138196,0.041578297,0.058230296,,0.058230296,look,0,,42,look_f0_s42_in22k_v5scr,last
ISIC_0029767,HAM_0003734,HAM_0003734,40-59,ham,5,False,5,0.009136003,0.0055453107,0.006281551,0.064206846,0.006012743,0.86197716,0.04684041,0.020694057,,0.020694057,look,0,,42,look_f0_s42_in22k_v5scr,last
ISIC_0029771,HAM_0004656,HAM_0004656,40-59,ham,5,False,5,0.0094755115,0.0056946217,0.0055183875,0.06283859,0.0073243813,0.8612513,0.047897227,0.022494514,,0.022494514,look,0,,42,look_f0_s42_in22k_v5scr,last
ISIC_0029772,HAM_0006805,HAM_0006805,40-59,ham,5,False,5,0.010042529,0.0061202785,0.0064443965,0.06424229,0.0058400054,0.86288625,0.044424206,0.022002812,,0.022002812,look,0,,42,look_f0_s42_in22k_v5scr,last
ISIC_0029777,HAM_0001189,HAM_0001189,<40,ham,5,False,5,0.00887194,0.0056511625,0.00509976,0.061978623,0.0045577334,0.8701213,0.04371958,0.019080836,,0.019080836,look,0,,42,look_f0_s42_in22k_v5scr,last
ISIC_0029782,HAM_0007120,HAM_0007120,60+,ham,5,False,5,0.010960416,0.0066470583,0.0075655985,0.06996145,0.0064564627,0.85134697,0.047061916,0.024063937,,0.024063937,look,0,,42,look_f0_s42_in22k_v5scr,last
ISIC_0029788,HAM_0004822,HAM_0004822,40-59,ham,5,False,5,0.009584517,0.006070578,0.0064967345,0.066776305,0.0077746506,0.85443753,0.04885968,0.023429746,,0.023429746,look,0,,42,look_f0_s42_in22k_v5scr,last
ISIC_0029793,HAM_0007151,HAM_0007151,60+,ham,2,False,2,0.008253034,0.0033809782,0.8955668,0.052314788,0.0019700776,0.005265398,0.033248894,0.013604091,,0.013604091,look,0,,42,look_f0_s42_in22k_v5scr,last
ISIC_0029796,HAM_0000860,HAM_0000860,40-59,ham,5,False,5,0.0096067935,0.006298703,0.006486521,0.06642191,0.007360924,0.8558805,0.047944646,0.02326642,,0.02326642,look,0,,42,look_f0_s42_in22k_v5scr,last
ISIC_0029800,HAM_0003702,HAM_0003702,<40,ham,5,False,5,0.011167079,0.0068480507,0.006571339,0.06983008,0.005496026,0.85346437,0.046623085,0.023511156,,0.023511156,look,0,,42,look_f0_s42_in22k_v5scr,last
ISIC_0029817,HAM_0003572,HAM_0003572,<40,ham,5,False,5,0.010387486,0.007154417,0.007286839,0.06825614,0.0064732875,0.85139,0.049051777,0.024015192,,0.024015192,look,0,,42,look_f0_s42_in22k_v5scr,last
ISIC_0029823,HAM_0001781,HAM_0001781,<40,ham,2,False,2,0.0076971226,0.003747334,0.907294,0.043643013,0.004446898,0.0028239356,0.030347649,0.015891355,,0.015891355,look,0,,42,look_f0_s42_in22k_v5scr,last
ISIC_0029832,HAM_0000325,HAM_0000325,<40,ham,5,False,5,0.0109846,0.0064505823,0.0070797126,0.067656726,0.0053521977,0.8542541,0.048222117,0.02278738,,0.02278738,look,0,,42,look_f0_s42_in22k_v5scr,last
ISIC_0029834,HAM_0004454,HAM_0004454,<40,ham,5,False,5,0.009932107,0.0059101596,0.006443802,0.06596895,0.00550084,0.8579233,0.04832077,0.021343106,,0.021343106,look,0,,42,look_f0_s42_in22k_v5scr,last
ISIC_0029847,HAM_0002791,HAM_0002791,40-59,ham,1,True,1,0.011366023,0.8499872,0.006475797,0.07022286,0.005637136,0.0077382983,0.048572697,0.8669903,,0.8669903,look,0,,42,look_f0_s42_in22k_v5scr,last
ISIC_0029871,HAM_0003529,HAM_0003529,60+,ham,5,False,5,0.009055819,0.005402126,0.006583804,0.06668852,0.006277773,0.8580691,0.047922805,0.020735718,,0.020735718,look,0,,42,look_f0_s42_in22k_v5scr,last
ISIC_0029872,HAM_0004004,HAM_0004004,60+,ham,2,False,2,0.008764752,0.0045267474,0.90281767,0.04870313,0.0042364844,0.0025747751,0.028376453,0.017527984,,0.017527984,look,0,,42,look_f0_s42_in22k_v5scr,last
ISIC_0029887,HAM_0000638,HAM_0000638,40-59,ham,5,False,5,0.011002418,0.006972222,0.0075156763,0.06902751,0.005640449,0.8507273,0.04911434,0.023615088,,0.023615088,look,0,,42,look_f0_s42_in22k_v5scr,last
ISIC_0029926,HAM_0004030,HAM_0004030,40-59,ham,5,False,5,0.011181859,0.008490517,0.01532981,0.06974087,0.009125328,0.83257633,0.05355526,0.028797703,,0.028797703,look,0,,42,look_f0_s42_in22k_v5scr,last
ISIC_0029933,HAM_0007305,HAM_0007305,40-59,ham,4,True,4,0.007634175,0.0048107747,0.006542051,0.044672754,0.89766353,0.008539456,0.030137256,0.9101085,,0.9101085,look,0,,42,look_f0_s42_in22k_v5scr,last
ISIC_0029954,HAM_0000736,HAM_0000736,40-59,ham,5,False,5,0.009156726,0.006413103,0.006389639,0.06901938,0.004701427,0.85692996,0.04738983,0.020271257,,0.020271257,look,0,,42,look_f0_s42_in22k_v5scr,last
ISIC_0029955,HAM_0003906,HAM_0003906,40-59,ham,5,False,5,0.01224452,0.00827459,0.007913256,0.06761637,0.005873693,0.85082537,0.04725229,0.026392803,,0.026392803,look,0,,42,look_f0_s42_in22k_v5scr,last
ISIC_0029958,HAM_0004507,HAM_0004507,60+,ham,4,True,0,0.5119668,0.0030861138,0.044739716,0.06794337,0.31636876,0.0021983811,0.053696804,0.8314217,,0.8314217,look,0,,42,look_f0_s42_in22k_v5scr,last
ISIC_0029972,HAM_0002997,HAM_0002997,<40,ham,5,False,5,0.009330156,0.006316737,0.00675697,0.066992514,0.0049897023,0.8577357,0.047878254,0.020636596,,0.020636596,look,0,,42,look_f0_s42_in22k_v5scr,last
ISIC_0029975,HAM_0005994,HAM_0005994,60+,ham,5,False,4,0.011484439,0.004292712,0.010176641,0.07514914,0.5832729,0.23942544,0.076198705,0.59905005,,0.59905005,look,0,,42,look_f0_s42_in22k_v5scr,last
ISIC_0029983,HAM_0006619,HAM_0006619,60+,ham,5,False,5,0.009511429,0.0015019191,0.0056541627,0.077385515,0.06509188,0.7922061,0.048648994,0.07610522,,0.07610522,look,0,,42,look_f0_s42_in22k_v5scr,last
ISIC_0029995,HAM_0001835,HAM_0001835,60+,ham,4,True,4,0.013961453,0.004089462,0.013493642,0.077485,0.8457098,0.0053098104,0.03995085,0.8637607,,0.8637607,look,0,,42,look_f0_s42_in22k_v5scr,last
ISIC_0030000,HAM_0004735,HAM_0004735,40-59,ham,5,False,5,0.012222636,0.0074275034,0.006665531,0.068283714,0.00507068,0.85300004,0.047329906,0.024720818,,0.024720818,look,0,,42,look_f0_s42_in22k_v5scr,last
ISIC_0030002,HAM_0005746,HAM_0005746,60+,ham,4,True,4,0.008983186,0.002342094,0.0064571644,0.057481542,0.8780831,0.017435152,0.029217752,0.8894084,,0.8894084,look,0,,42,look_f0_s42_in22k_v5scr,last
ISIC_0030003,HAM_0005229,HAM_0005229,<40,ham,5,False,5,0.00881915,0.0058743386,0.0053022215,0.068013474,0.0056346203,0.86265785,0.043698322,0.020328108,,0.020328108,look,0,,42,look_f0_s42_in22k_v5scr,last
ISIC_0030008,HAM_0007317,HAM_0007317,<40,ham,5,False,5,0.012246272,0.008076579,0.008450873,0.07869736,0.005553096,0.8307349,0.056240924,0.025875948,,0.025875948,look,0,,42,look_f0_s42_in22k_v5scr,last
ISIC_0030013,HAM_0001530,HAM_0001530,40-59,ham,5,False,5,0.010501129,0.006602479,0.0051460364,0.061722267,0.004328734,0.86865014,0.04304916,0.021432342,,0.021432342,look,0,,42,look_f0_s42_in22k_v5scr,last
ISIC_0030015,HAM_0006542,HAM_0006542,60+,ham,3,False,3,0.000597984,0.00024033964,0.0004594747,0.99513996,0.0011023349,0.00010682331,0.002353079,0.0019406585,,0.0019406585,look,0,,42,look_f0_s42_in22k_v5scr,last
ISIC_0030025,HAM_0003391,HAM_0003391,40-59,ham,5,False,5,0.010044155,0.006675476,0.0076116826,0.0673887,0.0059025954,0.8550756,0.047301747,0.022622228,,0.022622228,look,0,,42,look_f0_s42_in22k_v5scr,last
ISIC_0030028,HAM_0004645,HAM_0004645,40-59,ham,5,False,5,0.010343433,0.0067291628,0.0055834167,0.06646448,0.0065837083,0.8578214,0.046474397,0.023656305,,0.023656305,look,0,,42,look_f0_s42_in22k_v5scr,last
ISIC_0030029,HAM_0005437,HAM_0005437,40-59,ham,5,False,5,0.009137204,0.005601424,0.0062536504,0.06453751,0.005697007,0.8598435,0.04892981,0.020435635,,0.020435635,look,0,,42,look_f0_s42_in22k_v5scr,last
ISIC_0030032,HAM_0005724,HAM_0005724,60+,ham,4,True,4,0.02922471,0.0042158887,0.0064786626,0.050977282,0.8614204,0.0034125897,0.04427053,0.894861,,0.894861,look,0,,42,look_f0_s42_in22k_v5scr,last
ISIC_0030039,HAM_0001737,HAM_0001737,60+,ham,5,False,5,0.010316353,0.004537207,0.005771292,0.06141754,0.018443452,0.8462419,0.053272326,0.033297013,,0.033297013,look,0,,42,look_f0_s42_in22k_v5scr,last
ISIC_0030042,HAM_0004436,HAM_0004436,40-59,ham,5,False,5,0.009444333,0.0058624637,0.00640355,0.06532851,0.006629849,0.8595592,0.046772145,0.021936646,,0.021936646,look,0,,42,look_f0_s42_in22k_v5scr,last
ISIC_0030044,HAM_0001776,HAM_0001776,<40,ham,5,False,5,0.0099299075,0.0059621166,0.0065279207,0.06776302,0.005042996,0.8576005,0.047173616,0.020935021,,0.020935021,look,0,,42,look_f0_s42_in22k_v5scr,last
ISIC_0030057,HAM_0001157,HAM_0001157,60+,ham,5,False,5,0.02447019,0.28361002,0.009222908,0.12631376,0.0043117343,0.47692972,0.07514164,0.31239194,,0.31239194,look,0,,42,look_f0_s42_in22k_v5scr,last
ISIC_0030058,HAM_0005794,HAM_0005794,<40,ham,5,False,5,0.013561966,0.005638721,0.008577212,0.06763413,0.004947742,0.85708183,0.042558428,0.024148429,,0.024148429,look,0,,42,look_f0_s42_in22k_v5scr,last
ISIC_0030062,HAM_0001293,HAM_0001293,40-59,ham,5,False,5,0.009845699,0.0064865677,0.006466688,0.06300367,0.0054182834,0.86348414,0.045294926,0.02175055,,0.02175055,look,0,,42,look_f0_s42_in22k_v5scr,last
ISIC_0030064,HAM_0006048,HAM_0006048,<40,ham,5,False,2,0.007883877,0.019665634,0.668858,0.07756001,0.1510561,0.016521329,0.058455024,0.1786056,,0.1786056,look,0,,42,look_f0_s42_in22k_v5scr,last
ISIC_0030068,HAM_0005322,HAM_0005322,40-59,ham,5,False,5,0.010793779,0.007357857,0.008258047,0.069340214,0.007813888,0.8455341,0.05090204,0.025965525,,0.025965525,look,0,,42,look_f0_s42_in22k_v5scr,last
ISIC_0030083,HAM_0005746,HAM_0005746,60+,ham,4,True,5,0.017584806,0.0074610473,0.008180541,0.10402777,0.34129268,0.44583657,0.07561661,0.36633852,,0.36633852,look,0,,42,look_f0_s42_in22k_v5scr,last
ISIC_0030094,HAM_0003101,HAM_0003101,60+,ham,1,True,1,0.009343869,0.8930905,0.0070554838,0.04848392,0.0026088394,0.005527463,0.033889987,0.9050432,,0.9050432,look,0,,42,look_f0_s42_in22k_v5scr,last
ISIC_0030095,HAM_0000050,HAM_0000050,60+,ham,2,False,4,0.074203454,0.009951657,0.14434186,0.14286827,0.4837298,0.065632775,0.07927231,0.5678849,,0.5678849,look,0,,42,look_f0_s42_in22k_v5scr,last
ISIC_0030102,HAM_0005449,HAM_0005449,40-59,ham,5,False,5,0.010347912,0.0062969555,0.0059748865,0.06826779,0.005457656,0.85200614,0.051648635,0.022102524,,0.022102524,look,0,,42,look_f0_s42_in22k_v5scr,last
ISIC_0030114,HAM_0005998,HAM_0005998,60+,ham,1,True,1,0.008019756,0.9001616,0.0058896486,0.04458611,0.003982505,0.0037810078,0.033579353,0.91216385,,0.91216385,look,0,,42,look_f0_s42_in22k_v5scr,last
ISIC_0030120,HAM_0000729,HAM_0000729,40-59,ham,5,False,5,0.009165742,0.011377042,0.006087813,0.066277005,0.004407613,0.8508782,0.051806573,0.024950398,,0.024950398,look,0,,42,look_f0_s42_in22k_v5scr,last
ISIC_0030125,HAM_0001680,HAM_0001680,40-59,ham,5,False,5,0.03912436,0.07007498,0.11886819,0.15143062,0.004669644,0.5305222,0.085310005,0.11386899,,0.11386899,look,0,,42,look_f0_s42_in22k_v5scr,last
ISIC_0030141,HAM_0001798,HAM_0001798,40-59,ham,5,False,5,0.010185821,0.0064479806,0.0060689365,0.068717144,0.0050353697,0.8558255,0.047719184,0.021669172,,0.021669172,look,0,,42,look_f0_s42_in22k_v5scr,last
ISIC_0030143,HAM_0005978,HAM_0005978,60+,ham,0,True,0,0.9520874,0.002181847,0.0010860612,0.02628375,0.0011274945,0.0018406976,0.015392825,0.9553967,,0.9553967,look,0,,42,look_f0_s42_in22k_v5scr,last
ISIC_0030147,HAM_0004366,HAM_0004366,40-59,ham,5,False,5,0.009731567,0.0062444033,0.0065595615,0.06564747,0.003930598,0.8637212,0.044165242,0.01990657,,0.01990657,look,0,,42,look_f0_s42_in22k_v5scr,last
ISIC_0030151,HAM_0004614,HAM_0004614,60+,ham,5,False,2,0.0014096549,0.0029632756,0.929302,0.031498026,0.008377372,0.0034338655,0.02301593,0.012750303,,0.012750303,look,0,,42,look_f0_s42_in22k_v5scr,last
ISIC_0030153,HAM_0005836,HAM_0005836,40-59,ham,5,False,5,0.011664885,0.006636292,0.008476525,0.0694084,0.004267843,0.84971315,0.04983295,0.022569021,,0.022569021,look,0,,42,look_f0_s42_in22k_v5scr,last
ISIC_0030165,HAM_0005911,HAM_0005911,60+,ham,4,True,4,0.008671751,0.006437063,0.004786362,0.063023575,0.8690276,0.0048723905,0.043181285,0.88413644,,0.88413644,look,0,,42,look_f0_s42_in22k_v5scr,last
ISIC_0030171,HAM_0006253,HAM_0006253,60+,ham,4,True,5,0.0081199035,0.0029984827,0.005302964,0.05225209,0.011344747,0.8807192,0.03926256,0.022463132,,0.022463132,look,0,,42,look_f0_s42_in22k_v5scr,last
ISIC_0030174,HAM_0005259,HAM_0005259,40-59,ham,5,False,5,0.011570267,0.0069887456,0.0077978773,0.07676251,0.008596903,0.8341707,0.054113094,0.027155915,,0.027155915,look,0,,42,look_f0_s42_in22k_v5scr,last
ISIC_0030181,HAM_0005985,HAM_0005985,40-59,ham,1,True,1,0.008276384,0.88198763,0.008763352,0.050156068,0.005158956,0.003990629,0.041666962,0.895423,,0.895423,look,0,,42,look_f0_s42_in22k_v5scr,last
ISIC_0030200,HAM_0000495,HAM_0000495,40-59,ham,5,False,5,0.010949738,0.0070184437,0.006953449,0.063231446,0.005624809,0.85986435,0.046357755,0.02359299,,0.02359299,look,0,,42,look_f0_s42_in22k_v5scr,last
ISIC_0030201,HAM_0005638,HAM_0005638,40-59,ham,5,False,5,0.008938038,0.005830065,0.0058194743,0.06637465,0.0050864546,0.86059505,0.047356248,0.019854557,,0.019854557,look,0,,42,look_f0_s42_in22k_v5scr,last
ISIC_0030228,HAM_0002777,HAM_0002777,40-59,ham,5,False,5,0.008568306,0.005979229,0.0063619683,0.06299387,0.0069836704,0.8634999,0.04561309,0.021531206,,0.021531206,look,0,,42,look_f0_s42_in22k_v5scr,last
ISIC_0030237,HAM_0003210,HAM_0003210,40-59,ham,5,False,5,0.0102252625,0.0068973764,0.006389643,0.067862384,0.006608265,0.8540773,0.04793982,0.023730904,,0.023730904,look,0,,42,look_f0_s42_in22k_v5scr,last
ISIC_0030239,HAM_0001648,HAM_0001648,40-59,ham,5,False,5,0.010093856,0.0060170847,0.0066761114,0.06515509,0.0064420193,0.8577065,0.047909345,0.02255296,,0.02255296,look,0,,42,look_f0_s42_in22k_v5scr,last
ISIC_0030266,HAM_0007458,HAM_0007458,40-59,ham,5,False,5,0.008344114,0.004642586,0.013504081,0.06945515,0.008875437,0.8530193,0.0421594,0.021862138,,0.021862138,look,0,,42,look_f0_s42_in22k_v5scr,last
ISIC_0030278,HAM_0001545,HAM_0001545,<40,ham,5,False,5,0.01347853,0.007869105,0.009584868,0.075534984,0.0037392222,0.8397844,0.050008822,0.025086857,,0.025086857,look,0,,42,look_f0_s42_in22k_v5scr,last
ISIC_0030286,HAM_0000793,HAM_0000793,60+,ham,5,False,5,0.009489789,0.0073933057,0.006865113,0.07101056,0.004755057,0.85480094,0.045685183,0.021638151,,0.021638151,look,0,,42,look_f0_s42_in22k_v5scr,last
ISIC_0030295,HAM_0007404,HAM_0007404,40-59,ham,5,False,5,0.0098787295,0.0062470688,0.0062467977,0.0669805,0.0057527483,0.8570071,0.047886994,0.021878546,,0.021878546,look,0,,42,look_f0_s42_in22k_v5scr,last
ISIC_0030302,HAM_0000058,HAM_0000058,40-59,ham,5,False,5,0.008507747,0.005925397,0.005566538,0.06389087,0.0040909257,0.8666799,0.045338556,0.01852407,,0.01852407,look,0,,42,look_f0_s42_in22k_v5scr,last
ISIC_0030306,HAM_0001904,HAM_0001904,40-59,ham,5,False,5,0.010649138,0.0067996844,0.008851123,0.06342056,0.006212994,0.8566221,0.04744436,0.023661816,,0.023661816,look,0,,42,look_f0_s42_in22k_v5scr,last
ISIC_0030314,HAM_0004536,HAM_0004536,40-59,ham,1,True,1,0.006744041,0.9021057,0.0032836157,0.046730585,0.0047354014,0.0038187797,0.032581836,0.9135851,,0.9135851,look,0,,42,look_f0_s42_in22k_v5scr,last
ISIC_0030327,HAM_0005815,HAM_0005815,40-59,ham,5,False,5,0.009770226,0.006205916,0.0067545804,0.06764235,0.0049756374,0.85713553,0.04751571,0.02095178,,0.02095178,look,0,,42,look_f0_s42_in22k_v5scr,last
ISIC_0030330,HAM_0002399,HAM_0002399,60+,ham,5,False,5,0.011847242,0.006776241,0.010003639,0.070894584,0.005047358,0.84846646,0.04696446,0.023670841,,0.023670841,look,0,,42,look_f0_s42_in22k_v5scr,last
ISIC_0030340,HAM_0006972,HAM_0006972,60+,ham,5,False,2,0.0072509195,0.003078508,0.6697035,0.087484896,0.12954058,0.03511598,0.06782572,0.13987,,0.13987,look,0,,42,look_f0_s42_in22k_v5scr,last
ISIC_0030341,HAM_0004558,HAM_0004558,60+,ham,0,True,1,0.015143902,0.8462285,0.012085224,0.061348252,0.010166456,0.0036718876,0.05135579,0.8715389,,0.8715389,look,0,,42,look_f0_s42_in22k_v5scr,last
ISIC_0030353,HAM_0000737,HAM_0000737,40-59,ham,5,False,5,0.010307953,0.0070290547,0.008850423,0.0640537,0.0059249983,0.8568035,0.047030337,0.023262005,,0.023262005,look,0,,42,look_f0_s42_in22k_v5scr,last
ISIC_0030356,HAM_0005481,HAM_0005481,40-59,ham,4,True,5,0.017057586,0.0056711165,0.010046079,0.092528924,0.15133753,0.6457915,0.077567235,0.17406625,,0.17406625,look,0,,42,look_f0_s42_in22k_v5scr,last
ISIC_0030362,HAM_0000135,HAM_0000135,<40,ham,5,False,5,0.0078455815,0.0048125465,0.0073403423,0.062160123,0.02030481,0.8507731,0.046763476,0.03296294,,0.03296294,look,0,,42,look_f0_s42_in22k_v5scr,last
ISIC_0030363,HAM_0004112,HAM_0004112,40-59,ham,5,False,5,0.010240223,0.0064644264,0.0068253246,0.06811364,0.0065505365,0.85312617,0.048679657,0.023255184,,0.023255184,look,0,,42,look_f0_s42_in22k_v5scr,last
ISIC_0030367,HAM_0003320,HAM_0003320,<40,ham,5,False,5,0.010599226,0.00741038,0.006718225,0.06355931,0.006337908,0.860395,0.04497993,0.024347514,,0.024347514,look,0,,42,look_f0_s42_in22k_v5scr,last
ISIC_0030371,HAM_0005342,HAM_0005342,<40,ham,5,False,5,0.0075161913,0.0040034354,0.0033558302,0.07155623,0.037513115,0.8359276,0.040127613,0.04903274,,0.04903274,look,0,,42,look_f0_s42_in22k_v5scr,last
ISIC_0030373,HAM_0007362,HAM_0007362,<40,ham,5,False,5,0.009248729,0.0058978084,0.0055320226,0.063721046,0.004387801,0.86472946,0.04648311,0.019534338,,0.019534338,look,0,,42,look_f0_s42_in22k_v5scr,last
ISIC_0030383,HAM_0003996,HAM_0003996,60+,ham,2,False,2,0.008746145,0.0052151587,0.8761252,0.0562084,0.0042911572,0.006113348,0.04330062,0.018252462,,0.018252462,look,0,,42,look_f0_s42_in22k_v5scr,last
ISIC_0030391,HAM_0000337,HAM_0000337,40-59,ham,4,True,5,0.008708037,0.0056529716,0.006460654,0.06417661,0.0069161826,0.85967916,0.04840635,0.021277191,,0.021277191,look,0,,42,look_f0_s42_in22k_v5scr,last
ISIC_0030396,HAM_0004570,HAM_0004570,40-59,ham,2,False,2,0.007375834,0.0036786841,0.91261774,0.03732434,0.0011556742,0.00492102,0.032926727,0.012210192,,0.012210192,look,0,,42,look_f0_s42_in22k_v5scr,last
ISIC_0030399,HAM_0005870,HAM_0005870,<40,ham,5,False,5,0.010052463,0.006465569,0.0049720486,0.068465926,0.016602445,0.84363925,0.04980233,0.033120476,,0.033120476,look,0,,42,look_f0_s42_in22k_v5scr,last
ISIC_0030407,HAM_0005550,HAM_0005550,40-59,ham,5,False,5,0.010291259,0.007417876,0.009020088,0.06687365,0.008202552,0.85069895,0.047495734,0.025911685,,0.025911685,look,0,,42,look_f0_s42_in22k_v5scr,last
ISIC_0030408,HAM_0002061,HAM_0002061,60+,ham,0,True,0,0.91999376,0.006617773,0.0028971478,0.0408055,0.0028045594,0.0020312741,0.024849996,0.9294161,,0.9294161,look,0,,42,look_f0_s42_in22k_v5scr,last
ISIC_0030410,HAM_0006553,HAM_0006553,<40,ham,5,False,5,0.012095585,0.0067137834,0.022180403,0.06970787,0.0046818033,0.83636665,0.04825386,0.023491172,,0.023491172,look,0,,42,look_f0_s42_in22k_v5scr,last
ISIC_0030417,HAM_0004476,HAM_0004476,60+,ham,4,True,2,0.13154069,0.0031431785,0.6338929,0.11800431,0.02467108,0.0030350287,0.085712865,0.15935494,,0.15935494,look,0,,42,look_f0_s42_in22k_v5scr,last
ISIC_0030418,HAM_0005283,HAM_0005283,40-59,ham,5,False,5,0.010619203,0.0068539614,0.0069332514,0.06503555,0.005198586,0.8570002,0.04835926,0.022671752,,0.022671752,look,0,,42,look_f0_s42_in22k_v5scr,last
ISIC_0030419,HAM_0005063,HAM_0005063,60+,ham,5,False,5,0.010200356,0.0066318507,0.007140469,0.06695175,0.006944273,0.85445887,0.047672346,0.023776479,,0.023776479,look,0,,42,look_f0_s42_in22k_v5scr,last
ISIC_0030425,HAM_0004946,HAM_0004946,40-59,ham,5,False,0,0.6767224,0.0030729568,0.17853227,0.06706187,0.017361844,0.014021895,0.043226834,0.6971572,,0.6971572,look,0,,42,look_f0_s42_in22k_v5scr,last
ISIC_0030429,HAM_0006146,HAM_0006146,40-59,ham,5,False,5,0.01487806,0.0074140565,0.0069221747,0.078577176,0.003768461,0.83304846,0.05539161,0.026060577,,0.026060577,look,0,,42,look_f0_s42_in22k_v5scr,last
ISIC_0030431,HAM_0005833,HAM_0005833,<40,ham,5,False,5,0.008625147,0.004290702,0.0066761486,0.069466956,0.0035908204,0.85698193,0.050368175,0.016506668,,0.016506668,look,0,,42,look_f0_s42_in22k_v5scr,last
ISIC_0030432,HAM_0006735,HAM_0006735,<40,ham,5,False,5,0.010120573,0.006378882,0.005778307,0.06577226,0.005022619,0.8594857,0.04744175,0.021522075,,0.021522075,look,0,,42,look_f0_s42_in22k_v5scr,last
ISIC_0030447,HAM_0003523,HAM_0003523,40-59,ham,5,False,5,0.009251362,0.0057793558,0.007964759,0.06234081,0.005500513,0.8637873,0.045375917,0.02053123,,0.02053123,look,0,,42,look_f0_s42_in22k_v5scr,last
ISIC_0030451,HAM_0006905,HAM_0006905,60+,ham,5,False,5,0.0046199006,0.0025698089,0.011130134,0.050733626,0.002785062,0.89170784,0.03645356,0.009974772,,0.009974772,look,0,,42,look_f0_s42_in22k_v5scr,last
ISIC_0030455,HAM_0000717,HAM_0000717,<40,ham,5,False,5,0.010502335,0.0076051014,0.0073144557,0.06784572,0.007484472,0.8482677,0.050980233,0.025591908,,0.025591908,look,0,,42,look_f0_s42_in22k_v5scr,last
ISIC_0030460,HAM_0001696,HAM_0001696,60+,ham,5,False,5,0.008858797,0.0035432114,0.009932743,0.062342104,0.0084633315,0.8634541,0.04340573,0.02086534,,0.02086534,look,0,,42,look_f0_s42_in22k_v5scr,last
ISIC_0030463,HAM_0004655,HAM_0004655,60+,ham,0,True,0,0.93400383,0.0017965882,0.0014991007,0.03270511,0.0020208738,0.0020010313,0.025973367,0.9378213,,0.9378213,look,0,,42,look_f0_s42_in22k_v5scr,last
ISIC_0030499,HAM_0001086,HAM_0001086,40-59,ham,5,False,5,0.009163703,0.0061524035,0.0064022113,0.064723454,0.005715646,0.8619206,0.045921948,0.021031752,,0.021031752,look,0,,42,look_f0_s42_in22k_v5scr,last
ISIC_0030501,HAM_0000887,HAM_0000887,40-59,ham,4,True,4,0.0059900424,0.003285395,0.006110143,0.04526844,0.90251315,0.0072696786,0.029563071,0.9117886,,0.9117886,look,0,,42,look_f0_s42_in22k_v5scr,last
ISIC_0030508,HAM_0006041,HAM_0006041,<40,ham,5,False,5,0.010536865,0.006348095,0.0063513652,0.06983491,0.005003815,0.85194755,0.049977288,0.021888776,,0.021888776,look,0,,42,look_f0_s42_in22k_v5scr,last
ISIC_0030510,HAM_0000895,HAM_0000895,40-59,ham,5,False,5,0.010801561,0.0071372376,0.00829228,0.068616726,0.004020706,0.8534192,0.047712293,0.021959504,,0.021959504,look,0,,42,look_f0_s42_in22k_v5scr,last
ISIC_0030519,HAM_0005703,HAM_0005703,40-59,ham,5,False,5,0.008905978,0.005238781,0.0058230916,0.06875943,0.004719769,0.85788,0.04867302,0.01886453,,0.01886453,look,0,,42,look_f0_s42_in22k_v5scr,last
ISIC_0030543,HAM_0001745,HAM_0001745,60+,ham,5,False,5,0.0110591,0.006117808,0.006279898,0.06928226,0.004603726,0.854405,0.04825221,0.021780632,,0.021780632,look,0,,42,look_f0_s42_in22k_v5scr,last
ISIC_0030547,HAM_0006956,HAM_0006956,<40,ham,5,False,5,0.008863462,0.005142651,0.006534715,0.06520427,0.006997334,0.8580053,0.049252223,0.021003447,,0.021003447,look,0,,42,look_f0_s42_in22k_v5scr,last
ISIC_0030562,HAM_0004093,HAM_0004093,40-59,ham,5,False,5,0.010534408,0.0067637647,0.006950677,0.06789515,0.0065769884,0.8535068,0.047772195,0.023875162,,0.023875162,look,0,,42,look_f0_s42_in22k_v5scr,last
ISIC_0030564,HAM_0005613,HAM_0005613,40-59,ham,4,True,4,0.022332063,0.006051476,0.01266276,0.051721506,0.8670927,0.005705657,0.034433898,0.8954763,,0.8954763,look,0,,42,look_f0_s42_in22k_v5scr,last
ISIC_0030574,HAM_0000195,HAM_0000195,40-59,ham,1,True,1,0.008084372,0.54342514,0.17296775,0.14927837,0.016740102,0.008945482,0.10055882,0.5682496,,0.5682496,look,0,,42,look_f0_s42_in22k_v5scr,last
ISIC_0030593,HAM_0002685,HAM_0002685,<40,ham,5,False,5,0.012167534,0.0062642596,0.0053024124,0.072456785,0.0047102203,0.84990853,0.049190313,0.023142014,,0.023142014,look,0,,42,look_f0_s42_in22k_v5scr,last
ISIC_0030613,HAM_0006298,HAM_0006298,40-59,ham,5,False,5,0.011480281,0.007561333,0.007837605,0.068809465,0.006300197,0.8508175,0.047193598,0.025341813,,0.025341813,look,0,,42,look_f0_s42_in22k_v5scr,last
ISIC_0030627,HAM_0006202,HAM_0006202,40-59,ham,5,False,5,0.007873499,0.0053250706,0.0058573964,0.06336914,0.004746032,0.86914474,0.043684132,0.0179446,,0.0179446,look,0,,42,look_f0_s42_in22k_v5scr,last
ISIC_0030633,HAM_0005391,HAM_0005391,40-59,ham,5,False,5,0.008841031,0.005448298,0.006018355,0.06418868,0.0054634963,0.86314756,0.04689257,0.019752825,,0.019752825,look,0,,42,look_f0_s42_in22k_v5scr,last
ISIC_0030642,HAM_0007023,HAM_0007023,40-59,ham,5,False,5,0.010515485,0.0069639557,0.006862823,0.0672085,0.0046899524,0.85739976,0.04635947,0.022169393,,0.022169393,look,0,,42,look_f0_s42_in22k_v5scr,last
ISIC_0030646,HAM_0007074,HAM_0007074,40-59,ham,5,False,5,0.0098099075,0.007148082,0.007931765,0.06856497,0.005855922,0.85200703,0.048682347,0.02281391,,0.02281391,look,0,,42,look_f0_s42_in22k_v5scr,last
ISIC_0030663,HAM_0006104,HAM_0006104,<40,ham,5,False,5,0.0076355003,0.0063798884,0.004022922,0.09690554,0.17073682,0.6444098,0.069909655,0.18475221,,0.18475221,look,0,,42,look_f0_s42_in22k_v5scr,last
ISIC_0030670,HAM_0000726,HAM_0000726,60+,ham,5,False,5,0.011224868,0.00631659,0.0061720265,0.0720718,0.007694827,0.84900504,0.04751481,0.025236284,,0.025236284,look,0,,42,look_f0_s42_in22k_v5scr,last
ISIC_0030672,HAM_0007255,HAM_0007255,40-59,ham,5,False,5,0.011374176,0.0060958783,0.004435533,0.061348233,0.0062939967,0.86719346,0.043258656,0.023764051,,0.023764051,look,0,,42,look_f0_s42_in22k_v5scr,last
ISIC_0030673,HAM_0001144,HAM_0001144,40-59,ham,5,False,5,0.009416458,0.0050943936,0.0053598,0.070034355,0.0059552486,0.85337543,0.0507643,0.0204661,,0.0204661,look,0,,42,look_f0_s42_in22k_v5scr,last
ISIC_0030674,HAM_0006905,HAM_0006905,60+,ham,5,False,5,0.0073947352,0.0046994295,0.059409272,0.084184565,0.0037942627,0.7897258,0.05079202,0.015888426,,0.015888426,look,0,,42,look_f0_s42_in22k_v5scr,last
ISIC_0030675,HAM_0003568,HAM_0003568,40-59,ham,5,False,5,0.00998041,0.0074606957,0.008135076,0.06898368,0.0044260654,0.8526113,0.048402812,0.02186717,,0.02186717,look,0,,42,look_f0_s42_in22k_v5scr,last
ISIC_0030678,HAM_0006591,HAM_0006591,40-59,ham,5,False,5,0.007533526,0.0025859147,0.0101131685,0.056209967,0.009067854,0.8713857,0.043103833,0.019187294,,0.019187294,look,0,,42,look_f0_s42_in22k_v5scr,last
ISIC_0030683,HAM_0001024,HAM_0001024,40-59,ham,2,False,2,0.012706339,0.006828139,0.54250616,0.1107994,0.019749416,0.23606125,0.07134928,0.039283894,,0.039283894,look,0,,42,look_f0_s42_in22k_v5scr,last
ISIC_0030691,HAM_0006081,HAM_0006081,40-59,ham,5,False,5,0.010472615,0.0066013015,0.0070988787,0.06846325,0.007834718,0.8482596,0.051269542,0.024908634,,0.024908634,look,0,,42,look_f0_s42_in22k_v5scr,last
ISIC_0030697,HAM_0001141,HAM_0001141,<40,ham,5,False,5,0.009536241,0.0058457404,0.0054432023,0.0671386,0.0062778983,0.85624,0.049518332,0.02165988,,0.02165988,look,0,,42,look_f0_s42_in22k_v5scr,last
ISIC_0030704,HAM_0005966,HAM_0005966,60+,ham,5,False,5,0.011361135,0.006746716,0.0068575796,0.069620065,0.010011031,0.84200424,0.053399332,0.028118882,,0.028118882,look,0,,42,look_f0_s42_in22k_v5scr,last
ISIC_0030708,HAM_0002162,HAM_0002162,40-59,ham,5,False,5,0.00880957,0.0056677484,0.005960333,0.064629,0.005975025,0.8617763,0.047182128,0.020452343,,0.020452343,look,0,,42,look_f0_s42_in22k_v5scr,last
ISIC_0030721,HAM_0006769,HAM_0006769,60+,ham,2,False,2,0.008555165,0.006251578,0.8914576,0.048247337,0.003619144,0.004447242,0.037421897,0.018425887,,0.018425887,look,0,,42,look_f0_s42_in22k_v5scr,last
ISIC_0030731,HAM_0005865,HAM_0005865,60+,ham,2,False,2,0.009682266,0.011689613,0.5208306,0.12640749,0.037376028,0.2131183,0.080895685,0.058747906,,0.058747906,look,0,,42,look_f0_s42_in22k_v5scr,last
ISIC_0030759,HAM_0001353,HAM_0001353,40-59,ham,4,True,2,0.013585485,0.018763004,0.81197494,0.11076426,0.0043231524,0.0021562704,0.038432915,0.03667164,,0.03667164,look,0,,42,look_f0_s42_in22k_v5scr,last
ISIC_0030766,HAM_0006351,HAM_0006351,60+,ham,1,True,1,0.0040474543,0.5281243,0.007474678,0.10728919,0.022435842,0.16541703,0.16521159,0.55460757,,0.55460757,look,0,,42,look_f0_s42_in22k_v5scr,last
ISIC_0030785,HAM_0004609,HAM_0004609,60+,ham,0,True,1,0.0117567275,0.90075016,0.0055096652,0.043136284,0.0036663665,0.0031725385,0.03200827,0.9161732,,0.9161732,look,0,,42,look_f0_s42_in22k_v5scr,last
ISIC_0030788,HAM_0004785,HAM_0004785,60+,ham,5,False,5,0.009992822,0.005807618,0.0055855606,0.06956963,0.0054787905,0.8566618,0.046903837,0.02127923,,0.02127923,look,0,,42,look_f0_s42_in22k_v5scr,last
ISIC_0030792,HAM_0000759,HAM_0000759,60+,ham,5,False,5,0.010511422,0.0046897996,0.009481374,0.068370506,0.0066480776,0.85557234,0.044726476,0.021849299,,0.021849299,look,0,,42,look_f0_s42_in22k_v5scr,last
ISIC_0030802,HAM_0004058,HAM_0004058,60+,ham,5,False,5,0.009736796,0.006243082,0.010909499,0.05801368,0.005698797,0.86496234,0.04443585,0.021678675,,0.021678675,look,0,,42,look_f0_s42_in22k_v5scr,last
ISIC_0030803,HAM_0004012,HAM_0004012,60+,ham,0,True,1,0.34786502,0.3790517,0.037116647,0.105910316,0.010995323,0.00445802,0.11460295,0.737912,,0.737912,look,0,,42,look_f0_s42_in22k_v5scr,last
ISIC_0030804,HAM_0000702,HAM_0000702,40-59,ham,5,False,5,0.010430509,0.005785078,0.0069934186,0.06456791,0.0048169848,0.8607924,0.04661369,0.021032572,,0.021032572,look,0,,42,look_f0_s42_in22k_v5scr,last
ISIC_0030807,HAM_0004799,HAM_0004799,<40,ham,5,False,5,0.0074486276,0.0050774934,0.004939578,0.06376009,0.0042539127,0.86760867,0.046911616,0.016780034,,0.016780034,look,0,,42,look_f0_s42_in22k_v5scr,last
ISIC_0030815,HAM_0000305,HAM_0000305,40-59,ham,5,False,5,0.010936399,0.0066571184,0.007094218,0.067598574,0.0066861706,0.85404295,0.046984516,0.024279688,,0.024279688,look,0,,42,look_f0_s42_in22k_v5scr,last
ISIC_0030821,HAM_0006604,HAM_0006604,60+,ham,0,True,2,0.022278989,0.004278356,0.6441872,0.111799054,0.008459432,0.14382792,0.06516899,0.035016775,,0.035016775,look,0,,42,look_f0_s42_in22k_v5scr,last
ISIC_0030828,HAM_0001456,HAM_0001456,60+,ham,4,True,5,0.006017383,0.0023988504,0.0055361562,0.060101375,0.009168609,0.86982584,0.046951763,0.017584842,,0.017584842,look,0,,42,look_f0_s42_in22k_v5scr,last
ISIC_0030832,HAM_0003756,HAM_0003756,40-59,ham,5,False,5,0.009526795,0.0062094517,0.0060927863,0.06405169,0.006151935,0.862301,0.04566637,0.021888182,,0.021888182,look,0,,42,look_f0_s42_in22k_v5scr,last
ISIC_0030839,HAM_0006926,HAM_0006926,60+,ham,5,False,2,0.006286621,0.0020388144,0.9204854,0.038143944,0.002348264,0.007013152,0.023683729,0.010673699,,0.010673699,look,0,,42,look_f0_s42_in22k_v5scr,last
ISIC_0030854,HAM_0003908,HAM_0003908,<40,ham,5,False,5,0.011519478,0.0068126693,0.007613246,0.07058522,0.006246868,0.8471833,0.05003926,0.024579015,,0.024579015,look,0,,42,look_f0_s42_in22k_v5scr,last
ISIC_0030855,HAM_0007610,HAM_0007610,40-59,ham,5,False,5,0.011157897,0.0072428295,0.0073092845,0.06350476,0.004455897,0.86161464,0.044714622,0.022856623,,0.022856623,look,0,,42,look_f0_s42_in22k_v5scr,last
ISIC_0030869,HAM_0004838,HAM_0004838,60+,ham,5,False,5,0.009772725,0.006487884,0.0066577434,0.066402294,0.0049684667,0.85933584,0.046375036,0.021229075,,0.021229075,look,0,,42,look_f0_s42_in22k_v5scr,last
ISIC_0030882,HAM_0004455,HAM_0004455,<40,ham,6,False,6,0.0015621362,0.0007106167,0.00088511,0.008689687,0.0006936497,0.0011064075,0.9863523,0.0029664028,,0.0029664028,look,0,,42,look_f0_s42_in22k_v5scr,last
ISIC_0030888,HAM_0005838,HAM_0005838,40-59,ham,5,False,5,0.007920549,0.0047878986,0.0071122856,0.059898898,0.0036984945,0.8741931,0.042388793,0.016406942,,0.016406942,look,0,,42,look_f0_s42_in22k_v5scr,last
ISIC_0030889,HAM_0002356,HAM_0002356,<40,ham,5,False,5,0.010225362,0.0059761405,0.00603271,0.060716875,0.0044442983,0.8702269,0.042377774,0.020645801,,0.020645801,look,0,,42,look_f0_s42_in22k_v5scr,last
ISIC_0030895,HAM_0006647,HAM_0006647,40-59,ham,5,False,5,0.012274037,0.0070408224,0.008113916,0.06857673,0.0045955162,0.85185796,0.0475411,0.023910375,,0.023910375,look,0,,42,look_f0_s42_in22k_v5scr,last
ISIC_0030908,HAM_0004474,HAM_0004474,40-59,ham,5,False,5,0.009810361,0.0060751503,0.005780707,0.06268551,0.004988585,0.8649732,0.04568654,0.020874096,,0.020874096,look,0,,42,look_f0_s42_in22k_v5scr,last
ISIC_0030909,HAM_0000258,HAM_0000258,<40,ham,5,False,5,0.007969573,0.004491574,0.0060370164,0.061846454,0.004510055,0.86539763,0.04974769,0.016971203,,0.016971203,look,0,,42,look_f0_s42_in22k_v5scr,last
ISIC_0030910,HAM_0001598,HAM_0001598,60+,ham,4,True,0,0.8983201,0.0015518684,0.014992068,0.043099392,0.0091291,0.0017034092,0.031204129,0.90900105,,0.90900105,look,0,,42,look_f0_s42_in22k_v5scr,last
ISIC_0030936,HAM_0002066,HAM_0002066,40-59,ham,5,False,5,0.00895447,0.0048314882,0.0055678734,0.06125518,0.0050623138,0.8667936,0.0475351,0.018848272,,0.018848272,look,0,,42,look_f0_s42_in22k_v5scr,last
ISIC_0030963,HAM_0002833,HAM_0002833,<40,ham,5,False,5,0.009553675,0.0064997785,0.0060535683,0.06677651,0.0056602187,0.8595614,0.045894917,0.021713672,,0.021713672,look,0,,42,look_f0_s42_in22k_v5scr,last
ISIC_0030966,HAM_0004802,HAM_0004802,40-59,ham,5,False,5,0.009639886,0.004643871,0.004642221,0.07102454,0.0105329,0.8472476,0.05226892,0.024816658,,0.024816658,look,0,,42,look_f0_s42_in22k_v5scr,last
ISIC_0030978,HAM_0002007,HAM_0002007,60+,ham,5,False,4,0.008413685,0.011488963,0.3033733,0.109337695,0.4906183,0.0033709183,0.07339724,0.51052094,,0.51052094,look,0,,42,look_f0_s42_in22k_v5scr,last
ISIC_0030980,HAM_0003303,HAM_0003303,<40,ham,5,False,5,0.014410795,0.008717031,0.008385265,0.075364165,0.003074706,0.84150547,0.048542596,0.026202532,,0.026202532,look,0,,42,look_f0_s42_in22k_v5scr,last
ISIC_0030984,HAM_0000317,HAM_0000317,40-59,ham,5,False,5,0.008978679,0.0065152515,0.0068988316,0.06598738,0.005334099,0.8594349,0.04685087,0.02082803,,0.02082803,look,0,,42,look_f0_s42_in22k_v5scr,last
ISIC_0030987,HAM_0001254,HAM_0001254,40-59,ham,5,False,5,0.011189714,0.006664707,0.007515471,0.06758727,0.0055673392,0.85285634,0.048619285,0.02342176,,0.02342176,look,0,,42,look_f0_s42_in22k_v5scr,last
ISIC_0031007,HAM_0000153,HAM_0000153,60+,ham,1,True,1,0.0068920143,0.87901014,0.0057361554,0.061057102,0.0045455466,0.003702636,0.039056387,0.89044774,,0.89044774,look,0,,42,look_f0_s42_in22k_v5scr,last
ISIC_0031012,HAM_0005389,HAM_0005389,60+,ham,0,True,0,0.9609187,0.0019827986,0.0060731405,0.017059913,0.00093592063,0.0006230296,0.01240651,0.96383744,,0.96383744,look,0,,42,look_f0_s42_in22k_v5scr,last
ISIC_0031017,HAM_0005772,HAM_0005772,60+,ham,2,False,2,0.01123483,0.0039608898,0.88002104,0.057061806,0.0049310736,0.0031720737,0.03961817,0.020126794,,0.020126794,look,0,,42,look_f0_s42_in22k_v5scr,last
ISIC_0031019,HAM_0000287,HAM_0000287,60+,ham,5,False,4,0.009981687,0.0060314704,0.0051767277,0.07252538,0.8499761,0.0046622083,0.05164632,0.86598927,,0.86598927,look,0,,42,look_f0_s42_in22k_v5scr,last
ISIC_0031021,HAM_0006780,HAM_0006780,40-59,ham,5,False,5,0.011097944,0.0076631485,0.0071125627,0.07018864,0.005236321,0.8505268,0.048174676,0.023997415,,0.023997415,look,0,,42,look_f0_s42_in22k_v5scr,last
ISIC_0031027,HAM_0006499,HAM_0006499,40-59,ham,5,False,5,0.011157329,0.0069223274,0.007348774,0.06361461,0.006340694,0.85830677,0.046309583,0.02442035,,0.02442035,look,0,,42,look_f0_s42_in22k_v5scr,last
ISIC_0031034,HAM_0000888,HAM_0000888,60+,ham,4,True,5,0.013356464,0.006330261,0.0063252943,0.111062,0.13144523,0.6525701,0.07891064,0.15113196,,0.15113196,look,0,,42,look_f0_s42_in22k_v5scr,last
ISIC_0031042,HAM_0005994,HAM_0005994,60+,ham,5,False,5,0.008610149,0.0047665215,0.0073215715,0.061792463,0.009305556,0.8602684,0.047935277,0.022682227,,0.022682227,look,0,,42,look_f0_s42_in22k_v5scr,last
ISIC_0031043,HAM_0006217,HAM_0006217,60+,ham,0,True,2,0.020825224,0.008404817,0.61591727,0.06330161,0.016858526,0.2167435,0.05794904,0.04608857,,0.04608857,look,0,,42,look_f0_s42_in22k_v5scr,last
ISIC_0031055,HAM_0004180,HAM_0004180,60+,ham,5,False,5,0.0096142925,0.0067510335,0.008260412,0.065899245,0.0062543885,0.85609573,0.04712489,0.022619715,,0.022619715,look,0,,42,look_f0_s42_in22k_v5scr,last
ISIC_0031070,HAM_0000632,HAM_0000632,<40,ham,5,False,5,0.008812968,0.003479112,0.006107025,0.065174155,0.01870785,0.8544217,0.043297287,0.030999929,,0.030999929,look,0,,42,look_f0_s42_in22k_v5scr,last
ISIC_0031084,HAM_0006562,HAM_0006562,40-59,ham,5,False,5,0.01037861,0.0063990047,0.007429101,0.06867314,0.006817148,0.85242033,0.04788267,0.023594763,,0.023594763,look,0,,42,look_f0_s42_in22k_v5scr,last
ISIC_0031091,HAM_0000174,HAM_0000174,40-59,ham,5,False,5,0.01773569,0.019348131,0.0061271475,0.1456133,0.13281833,0.5844792,0.09387821,0.16990215,,0.16990215,look,0,,42,look_f0_s42_in22k_v5scr,last
ISIC_0031095,HAM_0005798,HAM_0005798,60+,ham,1,True,1,0.012039137,0.835467,0.005313286,0.07287375,0.006841234,0.0051654056,0.062300198,0.85434735,,0.85434735,look,0,,42,look_f0_s42_in22k_v5scr,last
ISIC_0031099,HAM_0004544,HAM_0004544,40-59,ham,5,False,5,0.011698191,0.0072169104,0.0070734452,0.06781964,0.006666102,0.85158604,0.04793959,0.025581203,,0.025581203,look,0,,42,look_f0_s42_in22k_v5scr,last
ISIC_0031103,HAM_0001372,HAM_0001372,<40,ham,6,False,6,0.0012755172,0.0005313203,0.0005726162,0.008056529,0.00054029457,0.00043897118,0.9885847,0.0023471322,,0.0023471322,look,0,,42,look_f0_s42_in22k_v5scr,last
ISIC_0031116,HAM_0004217,HAM_0004217,40-59,ham,5,False,5,0.010106415,0.006358584,0.0070909844,0.06788825,0.0064393007,0.8548116,0.047304835,0.0229043,,0.0229043,look,0,,42,look_f0_s42_in22k_v5scr,last
ISIC_0031120,HAM_0002014,HAM_0002014,40-59,ham,5,False,5,0.01041482,0.00614064,0.0061645918,0.06436346,0.0055230753,0.862401,0.0449924,0.022078536,,0.022078536,look,0,,42,look_f0_s42_in22k_v5scr,last
ISIC_0031132,HAM_0006064,HAM_0006064,60+,ham,2,False,2,0.009467311,0.006094186,0.8915248,0.049617205,0.005740991,0.0027031954,0.034852423,0.021302488,,0.021302488,look,0,,42,look_f0_s42_in22k_v5scr,last
ISIC_0031145,HAM_0004267,HAM_0004267,40-59,ham,5,False,5,0.009405857,0.0061410153,0.006622724,0.067911856,0.0063215964,0.85542333,0.048173543,0.02186847,,0.02186847,look,0,,42,look_f0_s42_in22k_v5scr,last
ISIC_0031156,HAM_0003209,HAM_0003209,40-59,ham,5,False,5,0.011320877,0.006817037,0.006889584,0.062249567,0.004794608,0.8622064,0.04572177,0.022932522,,0.022932522,look,0,,42,look_f0_s42_in22k_v5scr,last
ISIC_0031157,HAM_0003238,HAM_0003238,40-59,ham,5,False,5,0.010006692,0.0077960887,0.006905147,0.065631464,0.0049774414,0.8558688,0.048814405,0.022780221,,0.022780221,look,0,,42,look_f0_s42_in22k_v5scr,last
ISIC_0031159,HAM_0005772,HAM_0005772,60+,ham,2,False,2,0.010645654,0.0031523127,0.89192146,0.049272463,0.0059726015,0.0025969194,0.036438603,0.019770568,,0.019770568,look,0,,42,look_f0_s42_in22k_v5scr,last
ISIC_0031166,HAM_0001610,HAM_0001610,60+,ham,1,True,1,0.0086348085,0.8907782,0.0048654596,0.050492268,0.0035825667,0.004087956,0.0375588,0.9029955,,0.9029955,look,0,,42,look_f0_s42_in22k_v5scr,last
ISIC_0031172,HAM_0002165,HAM_0002165,40-59,ham,5,False,5,0.012242726,0.00730333,0.0101334695,0.067746,0.005714195,0.8474941,0.04936617,0.025260251,,0.025260251,look,0,,42,look_f0_s42_in22k_v5scr,last
ISIC_0031179,HAM_0001996,HAM_0001996,40-59,ham,5,False,5,0.008102539,0.0048920005,0.0047851717,0.058446873,0.0055107432,0.87384593,0.04441686,0.018505283,,0.018505283,look,0,,42,look_f0_s42_in22k_v5scr,last
ISIC_0031197,HAM_0006889,HAM_0006889,<40,ham,6,False,6,0.0017921668,0.0010310833,0.00086718507,0.007886016,0.0011255306,0.00028634854,0.9870117,0.0039487807,,0.0039487807,look,0,,42,look_f0_s42_in22k_v5scr,last
ISIC_0031199,HAM_0006046,HAM_0006046,40-59,ham,5,False,5,0.011901944,0.0070203557,0.007748587,0.06761094,0.0058650216,0.8533549,0.046498276,0.024787322,,0.024787322,look,0,,42,look_f0_s42_in22k_v5scr,last
ISIC_0031227,HAM_0002252,HAM_0002252,40-59,ham,5,False,5,0.009231092,0.0057236115,0.0059535643,0.06496611,0.005692846,0.8598291,0.04860369,0.02064755,,0.02064755,look,0,,42,look_f0_s42_in22k_v5scr,last
ISIC_0031234,HAM_0006177,HAM_0006177,40-59,ham,5,False,5,0.012271988,0.008194222,0.008920713,0.070172966,0.004684608,0.8488695,0.046885997,0.025150819,,0.025150819,look,0,,42,look_f0_s42_in22k_v5scr,last
ISIC_0031243,HAM_0003738,HAM_0003738,60+,ham,1,True,5,0.008858218,0.04961401,0.0046618246,0.08265416,0.025926456,0.75918114,0.06910419,0.08439869,,0.08439869,look,0,,42,look_f0_s42_in22k_v5scr,last
ISIC_0031245,HAM_0005901,HAM_0005901,60+,ham,1,True,1,0.0076477863,0.8790385,0.006076869,0.05267683,0.0046214936,0.0035188172,0.046419628,0.89130783,,0.89130783,look,0,,42,look_f0_s42_in22k_v5scr,last
ISIC_0031252,HAM_0002580,HAM_0002580,40-59,ham,5,False,5,0.010296408,0.006925106,0.007028715,0.066880725,0.0063110087,0.8556415,0.046916526,0.023532523,,0.023532523,look,0,,42,look_f0_s42_in22k_v5scr,last
ISIC_0031255,HAM_0005520,HAM_0005520,60+,ham,5,False,5,0.009806686,0.0054267505,0.0062449477,0.06545365,0.006210696,0.85890615,0.047951087,0.021444133,,0.021444133,look,0,,42,look_f0_s42_in22k_v5scr,last
ISIC_0031257,HAM_0003023,HAM_0003023,40-59,ham,3,False,3,0.00082423136,0.00012865523,0.0010109611,0.9935394,0.00021692409,0.00069047324,0.0035894017,0.0011698107,,0.0011698107,look,0,,42,look_f0_s42_in22k_v5scr,last
ISIC_0031258,HAM_0005971,HAM_0005971,40-59,ham,1,True,1,0.011383304,0.8769458,0.004659916,0.057323396,0.004370855,0.0053270566,0.03998972,0.89269996,,0.89269996,look,0,,42,look_f0_s42_in22k_v5scr,last
ISIC_0031263,HAM_0007289,HAM_0007289,60+,ham,1,True,1,0.01740587,0.89402527,0.004439205,0.043410394,0.002963366,0.0046175267,0.033138357,0.9143945,,0.9143945,look,0,,42,look_f0_s42_in22k_v5scr,last
ISIC_0031270,HAM_0006889,HAM_0006889,<40,ham,6,False,6,0.001060251,0.000665038,0.0005956199,0.008615855,0.0009760199,0.0003798971,0.9877073,0.002701309,,0.002701309,look,0,,42,look_f0_s42_in22k_v5scr,last
ISIC_0031293,HAM_0004418,HAM_0004418,<40,ham,5,False,5,0.0094477525,0.00532853,0.006341962,0.0643127,0.012281587,0.8558437,0.04644378,0.02705787,,0.02705787,look,0,,42,look_f0_s42_in22k_v5scr,last
ISIC_0031296,HAM_0002825,HAM_0002825,60+,ham,5,False,5,0.008965154,0.0064297114,0.0068089915,0.06619514,0.0061469744,0.8581354,0.047318637,0.02154184,,0.02154184,look,0,,42,look_f0_s42_in22k_v5scr,last
ISIC_0031304,HAM_0001125,HAM_0001125,60+,ham,5,False,4,0.006160395,0.0069827335,0.0036937653,0.07486039,0.53080565,0.3160626,0.061434504,0.54394877,,0.54394877,look,0,,42,look_f0_s42_in22k_v5scr,last
ISIC_0031309,HAM_0004103,HAM_0004103,40-59,ham,3,False,3,0.002205465,9.8131204e-05,0.0050243754,0.9788017,0.000523204,0.00045570082,0.012891443,0.0028268,,0.0028268,look,0,,42,look_f0_s42_in22k_v5scr,last
ISIC_0031314,HAM_0000204,HAM_0000204,40-59,ham,5,False,5,0.01048176,0.002483832,0.027002076,0.057419725,0.0037694876,0.8644245,0.034418616,0.016735079,,0.016735079,look,0,,42,look_f0_s42_in22k_v5scr,last
ISIC_0031323,HAM_0000258,HAM_0000258,<40,ham,5,False,5,0.008971171,0.005421757,0.0058839153,0.06382059,0.005225515,0.8631064,0.047570568,0.019618444,,0.019618444,look,0,,42,look_f0_s42_in22k_v5scr,last
ISIC_0031326,HAM_0007207,HAM_0007207,60+,ham,2,False,2,0.008961821,0.0126906475,0.88361317,0.050895628,0.0033391397,0.004572578,0.035927005,0.024991607,,0.024991607,look,0,,42,look_f0_s42_in22k_v5scr,last
ISIC_0031327,HAM_0007137,HAM_0007137,60+,ham,5,False,5,0.009992966,0.0064382004,0.0076881167,0.067810595,0.006159342,0.85324764,0.048663147,0.02259051,,0.02259051,look,0,,42,look_f0_s42_in22k_v5scr,last
ISIC_0031331,HAM_0004419,HAM_0004419,40-59,ham,5,False,5,0.010638801,0.005920134,0.0061695124,0.06393594,0.0054337317,0.8622206,0.04568142,0.021992669,,0.021992669,look,0,,42,look_f0_s42_in22k_v5scr,last
ISIC_0031344,HAM_0005861,HAM_0005861,60+,ham,3,False,3,0.014186324,0.000601944,0.018086383,0.9618804,0.00013985162,0.00024666535,0.0048584216,0.014928119,,0.014928119,look,0,,42,look_f0_s42_in22k_v5scr,last
ISIC_0031349,HAM_0002042,HAM_0002042,60+,ham,2,False,2,0.016909638,0.004902185,0.8797054,0.05186969,0.0033007488,0.0030781212,0.040234137,0.025112573,,0.025112573,look,0,,42,look_f0_s42_in22k_v5scr,last
ISIC_0031357,HAM_0003289,HAM_0003289,40-59,ham,5,False,5,0.008841483,0.005853697,0.0063395468,0.06394987,0.0062243263,0.86376095,0.045030218,0.020919507,,0.020919507,look,0,,42,look_f0_s42_in22k_v5scr,last
ISIC_0031371,HAM_0001079,HAM_0001079,40-59,ham,5,False,5,0.0092989355,0.005927992,0.0072900704,0.065863,0.005440558,0.857954,0.048225276,0.020667486,,0.020667486,look,0,,42,look_f0_s42_in22k_v5scr,last
ISIC_0031375,HAM_0000127,HAM_0000127,40-59,ham,5,False,5,0.008893832,0.0058728405,0.0054742247,0.06619216,0.004102187,0.8629282,0.046536595,0.01886886,,0.01886886,look,0,,42,look_f0_s42_in22k_v5scr,last
ISIC_0031389,HAM_0002591,HAM_0002591,40-59,ham,4,True,5,0.008643843,0.0055566984,0.005048221,0.06506036,0.0035050237,0.8638305,0.04835532,0.017705565,,0.017705565,look,0,,42,look_f0_s42_in22k_v5scr,last
ISIC_0031394,HAM_0000050,HAM_0000050,60+,ham,2,False,4,0.01444441,0.0056586247,0.29784012,0.10359944,0.46833062,0.040020637,0.070106156,0.48843366,,0.48843366,look,0,,42,look_f0_s42_in22k_v5scr,last
ISIC_0031396,HAM_0004466,HAM_0004466,40-59,ham,2,False,2,0.007114328,0.005010938,0.8799831,0.056321893,0.004854464,0.0044104746,0.042304777,0.01697973,,0.01697973,look,0,,42,look_f0_s42_in22k_v5scr,last
ISIC_0031412,HAM_0002797,HAM_0002797,<40,ham,5,False,5,0.020130161,0.006524389,0.073345676,0.08091908,0.00718224,0.7537289,0.058169574,0.03383679,,0.03383679,look,0,,42,look_f0_s42_in22k_v5scr,last
ISIC_0031435,HAM_0004747,HAM_0004747,40-59,ham,5,False,5,0.011458912,0.0045600967,0.0067688483,0.066405036,0.0147184655,0.8417495,0.05433922,0.030737475,,0.030737475,look,0,,42,look_f0_s42_in22k_v5scr,last
ISIC_0031460,HAM_0000135,HAM_0000135,<40,ham,5,False,5,0.00696636,0.004932472,0.0043865377,0.05604632,0.015389572,0.8728841,0.039394718,0.027288403,,0.027288403,look,0,,42,look_f0_s42_in22k_v5scr,last
ISIC_0031461,HAM_0001241,HAM_0001241,<40,ham,5,False,5,0.010426407,0.005882518,0.005937533,0.06409626,0.0051166313,0.8627258,0.045814835,0.021425556,,0.021425556,look,0,,42,look_f0_s42_in22k_v5scr,last
ISIC_0031478,HAM_0004658,HAM_0004658,40-59,ham,5,False,5,0.010190532,0.0057870215,0.0065752957,0.06235914,0.0044651227,0.86243236,0.048190407,0.020442676,,0.020442676,look,0,,42,look_f0_s42_in22k_v5scr,last
ISIC_0031479,HAM_0000274,HAM_0000274,60+,ham,4,True,4,0.006448883,0.003974467,0.006054403,0.053849503,0.8865669,0.0032034768,0.039902322,0.89699024,,0.89699024,look,0,,42,look_f0_s42_in22k_v5scr,last
ISIC_0031484,HAM_0005930,HAM_0005930,40-59,ham,5,False,5,0.009661604,0.0066813678,0.006284983,0.06403603,0.0042391564,0.8638194,0.045277495,0.020582128,,0.020582128,look,0,,42,look_f0_s42_in22k_v5scr,last
ISIC_0031497,HAM_0004774,HAM_0004774,<40,ham,5,False,5,0.010193063,0.006675282,0.0069867703,0.06821614,0.006589991,0.853364,0.047974814,0.023458336,,0.023458336,look,0,,42,look_f0_s42_in22k_v5scr,last
ISIC_0031503,HAM_0002808,HAM_0002808,40-59,ham,5,False,5,0.008603951,0.0061551584,0.0061293547,0.07026235,0.005571474,0.8592376,0.044040073,0.020330584,,0.020330584,look,0,,42,look_f0_s42_in22k_v5scr,last
ISIC_0031505,HAM_0005991,HAM_0005991,40-59,ham,5,False,5,0.0126841515,0.0077147367,0.007070898,0.07058152,0.003616662,0.8519741,0.046357866,0.024015551,,0.024015551,look,0,,42,look_f0_s42_in22k_v5scr,last
ISIC_0031522,HAM_0005865,HAM_0005865,60+,ham,2,False,2,0.0033912167,0.0062531196,0.89113337,0.054357912,0.0030563492,0.0063576167,0.03545035,0.012700685,,0.012700685,look,0,,42,look_f0_s42_in22k_v5scr,last
ISIC_0031554,HAM_0000433,HAM_0000433,40-59,ham,4,True,5,0.010412288,0.005525156,0.0045257825,0.06010286,0.0075850696,0.86341894,0.0484299,0.023522513,,0.023522513,look,0,,42,look_f0_s42_in22k_v5scr,last
ISIC_0031556,HAM_0006122,HAM_0006122,60+,ham,2,False,5,0.0113978665,0.0040818034,0.0075378534,0.061760966,0.011951865,0.8574929,0.045776684,0.027431535,,0.027431535,look,0,,42,look_f0_s42_in22k_v5scr,last
ISIC_0031557,HAM_0006521,HAM_0006521,60+,ham,4,True,4,0.009486687,0.0059468057,0.006676494,0.060567062,0.8727403,0.0042418432,0.040340766,0.8881738,,0.8881738,look,0,,42,look_f0_s42_in22k_v5scr,last
ISIC_0031564,HAM_0005090,HAM_0005090,40-59,ham,5,False,5,0.010715706,0.0038190288,0.01173458,0.06587529,0.020101657,0.84320855,0.044545256,0.034636393,,0.034636393,look,0,,42,look_f0_s42_in22k_v5scr,last
ISIC_0031569,HAM_0003039,HAM_0003039,<40,ham,1,True,1,0.009550848,0.47024307,0.23955655,0.1682539,0.006143353,0.020355579,0.08589665,0.48593727,,0.48593727,look,0,,42,look_f0_s42_in22k_v5scr,last
ISIC_0031577,HAM_0005338,HAM_0005338,40-59,ham,2,False,5,0.011285776,0.006190426,0.008791635,0.0584604,0.0046434137,0.8697965,0.040831715,0.022119617,,0.022119617,look,0,,42,look_f0_s42_in22k_v5scr,last
ISIC_0031586,HAM_0001671,HAM_0001671,40-59,ham,4,True,5,0.0059610764,0.0035182496,0.0037421759,0.07025771,0.04477146,0.82477945,0.046969928,0.054250784,,0.054250784,look,0,,42,look_f0_s42_in22k_v5scr,last
ISIC_0031599,HAM_0003263,HAM_0003263,<40,ham,5,False,5,0.008527062,0.004655253,0.0045147897,0.06388213,0.012225331,0.86164916,0.044546317,0.025407646,,0.025407646,look,0,,42,look_f0_s42_in22k_v5scr,last
ISIC_0031613,HAM_0005408,HAM_0005408,60+,ham,5,False,5,0.014039621,0.0056664697,0.039000105,0.075114466,0.0075204526,0.8041858,0.05447301,0.027226543,,0.027226543,look,0,,42,look_f0_s42_in22k_v5scr,last
ISIC_0031623,HAM_0005625,HAM_0005625,<40,ham,5,False,5,0.0067913188,0.0047685094,0.003595293,0.056386594,0.0041925483,0.88444334,0.03982254,0.015752377,,0.015752377,look,0,,42,look_f0_s42_in22k_v5scr,last
ISIC_0031626,HAM_0007292,HAM_0007292,40-59,ham,5,False,5,0.009126952,0.0063754534,0.0066915597,0.06575681,0.0061385185,0.85949856,0.04641209,0.021640923,,0.021640923,look,0,,42,look_f0_s42_in22k_v5scr,last
ISIC_0031635,HAM_0000434,HAM_0000434,40-59,ham,5,False,5,0.010289192,0.0059897676,0.0058014807,0.06938894,0.0057856566,0.85119754,0.05154735,0.022064617,,0.022064617,look,0,,42,look_f0_s42_in22k_v5scr,last
ISIC_0031637,HAM_0007159,HAM_0007159,60+,ham,5,False,5,0.011881756,0.0077832546,0.008590283,0.0710272,0.006969912,0.84370613,0.050041415,0.026634922,,0.026634922,look,0,,42,look_f0_s42_in22k_v5scr,last
ISIC_0031638,HAM_0002704,HAM_0002704,40-59,ham,5,False,5,0.011103157,0.00733815,0.0070879958,0.06714371,0.0050496496,0.856763,0.045514345,0.023490956,,0.023490956,look,0,,42,look_f0_s42_in22k_v5scr,last
ISIC_0031642,HAM_0004607,HAM_0004607,40-59,ham,4,True,5,0.011572548,0.006586257,0.0053337435,0.081411555,0.040721007,0.80522466,0.04915024,0.05887981,,0.05887981,look,0,,42,look_f0_s42_in22k_v5scr,last
ISIC_0031645,HAM_0001037,HAM_0001037,<40,ham,5,False,4,0.010853674,0.0056451866,0.005863474,0.05520907,0.87383807,0.010152473,0.03843814,0.89033693,,0.89033693,look,0,,42,look_f0_s42_in22k_v5scr,last
ISIC_0031652,HAM_0004789,HAM_0004789,40-59,ham,5,False,5,0.01006446,0.006479691,0.006570618,0.06703175,0.0066463053,0.85448813,0.04871908,0.023190457,,0.023190457,look,0,,42,look_f0_s42_in22k_v5scr,last
ISIC_0031653,HAM_0004006,HAM_0004006,40-59,ham,5,False,5,0.0099102305,0.00690388,0.0060929717,0.061724503,0.005206791,0.86585015,0.044311494,0.022020902,,0.022020902,look,0,,42,look_f0_s42_in22k_v5scr,last
ISIC_0031659,HAM_0005264,HAM_0005264,40-59,ham,0,True,1,0.015786912,0.87635845,0.017189609,0.047293995,0.0037817059,0.0029435328,0.036645822,0.895927,,0.895927,look,0,,42,look_f0_s42_in22k_v5scr,last
ISIC_0031673,HAM_0002854,HAM_0002854,<40,ham,5,False,5,0.010589096,0.0062050484,0.005975797,0.06697054,0.0061571803,0.85467607,0.049426317,0.022951325,,0.022951325,look,0,,42,look_f0_s42_in22k_v5scr,last
ISIC_0031674,HAM_0006837,HAM_0006837,40-59,ham,5,False,5,0.025326816,0.026623417,0.019652203,0.17788965,0.237642,0.3864974,0.1263686,0.28959224,,0.28959224,look,0,,42,look_f0_s42_in22k_v5scr,last
ISIC_0031677,HAM_0002683,HAM_0002683,60+,ham,2,False,2,0.006459453,0.004970473,0.908459,0.03892808,0.011470612,0.0020355578,0.027676841,0.022900539,,0.022900539,look,0,,42,look_f0_s42_in22k_v5scr,last
ISIC_0031692,HAM_0007131,HAM_0007131,60+,ham,0,True,0,0.9232046,0.0041381074,0.0021427565,0.034034662,0.009707264,0.0003501906,0.026422497,0.93705,,0.93705,look,0,,42,look_f0_s42_in22k_v5scr,last
ISIC_0031705,HAM_0004747,HAM_0004747,40-59,ham,5,False,4,0.00880637,0.006571663,0.0038717133,0.07653527,0.7150508,0.13706504,0.052099157,0.7304289,,0.7304289,look,0,,42,look_f0_s42_in22k_v5scr,last
ISIC_0031707,HAM_0000383,HAM_0000383,60+,ham,2,False,4,0.0037489184,0.001806046,0.0041097202,0.033317517,0.86713934,0.062320232,0.027558232,0.8726943,,0.8726943,look,0,,42,look_f0_s42_in22k_v5scr,last
ISIC_0031712,HAM_0004147,HAM_0004147,60+,ham,1,True,1,0.010731199,0.8813612,0.008081591,0.051463608,0.0036962149,0.005380787,0.039285354,0.8957886,,0.8957886,look,0,,42,look_f0_s42_in22k_v5scr,last
ISIC_0031716,HAM_0002686,HAM_0002686,60+,ham,2,False,0,0.93042886,0.006747332,0.0104038995,0.026014028,0.0014334293,0.0014089308,0.023563506,0.9386096,,0.9386096,look,0,,42,look_f0_s42_in22k_v5scr,last
ISIC_0031724,HAM_0006919,HAM_0006919,40-59,ham,5,False,5,0.014188894,0.009235035,0.0061728507,0.08507433,0.003361637,0.8312668,0.050700434,0.026785566,,0.026785566,look,0,,42,look_f0_s42_in22k_v5scr,last
ISIC_0031726,HAM_0001037,HAM_0001037,<40,ham,5,False,4,0.009681495,0.0042596934,0.0037598633,0.056185193,0.86418325,0.017231759,0.044698756,0.8781244,,0.8781244,look,0,,42,look_f0_s42_in22k_v5scr,last
ISIC_0031732,HAM_0004860,HAM_0004860,<40,ham,5,False,5,0.011981175,0.007876867,0.007413692,0.066395566,0.006148473,0.8539913,0.046192955,0.026006516,,0.026006516,look,0,,42,look_f0_s42_in22k_v5scr,last
ISIC_0031736,HAM_0004993,HAM_0004993,40-59,ham,5,False,5,0.010058649,0.0064065657,0.0070894444,0.066945374,0.006356012,0.85559076,0.04755321,0.022821227,,0.022821227,look,0,,42,look_f0_s42_in22k_v5scr,last
ISIC_0031741,HAM_0006400,HAM_0006400,40-59,ham,4,True,5,0.0068316795,0.0034606943,0.0055325925,0.06702151,0.008740132,0.8643923,0.044021122,0.019032504,,0.019032504,look,0,,42,look_f0_s42_in22k_v5scr,last
ISIC_0031745,HAM_0001671,HAM_0001671,40-59,ham,4,True,5,0.0065543945,0.004483285,0.0049260156,0.06030033,0.009618825,0.8719501,0.04216706,0.020656504,,0.020656504,look,0,,42,look_f0_s42_in22k_v5scr,last
ISIC_0031749,HAM_0002791,HAM_0002791,40-59,ham,1,True,1,0.008082115,0.88501203,0.0051310277,0.055527654,0.004765075,0.0043034437,0.037178706,0.8978592,,0.8978592,look,0,,42,look_f0_s42_in22k_v5scr,last
ISIC_0031764,HAM_0003454,HAM_0003454,40-59,ham,5,False,5,0.010953362,0.006363552,0.0064217793,0.06537733,0.004207066,0.86015636,0.046520524,0.02152398,,0.02152398,look,0,,42,look_f0_s42_in22k_v5scr,last
ISIC_0031767,HAM_0005899,HAM_0005899,60+,ham,5,False,5,0.0099955145,0.0063361423,0.0067091193,0.068449005,0.0064622425,0.85321295,0.048834976,0.0227939,,0.0227939,look,0,,42,look_f0_s42_in22k_v5scr,last
ISIC_0031768,HAM_0004312,HAM_0004312,40-59,ham,5,False,5,0.011721959,0.007077851,0.007396565,0.070403524,0.0058174715,0.84874046,0.048842162,0.02461728,,0.02461728,look,0,,42,look_f0_s42_in22k_v5scr,last
ISIC_0031774,HAM_0002275,HAM_0002275,40-59,ham,5,False,5,0.008102378,0.005654462,0.0058054635,0.06330883,0.0064351624,0.86532503,0.045368616,0.020192001,,0.020192001,look,0,,42,look_f0_s42_in22k_v5scr,last
ISIC_0031787,HAM_0002478,HAM_0002478,60+,ham,5,False,5,0.008629526,0.0046990104,0.006176067,0.061148375,0.0040649557,0.8704826,0.04479942,0.017393492,,0.017393492,look,0,,42,look_f0_s42_in22k_v5scr,last
ISIC_0031793,HAM_0003096,HAM_0003096,40-59,ham,5,False,5,0.0107202055,0.007416571,0.007278687,0.06815241,0.006030975,0.85152,0.04888118,0.024167752,,0.024167752,look,0,,42,look_f0_s42_in22k_v5scr,last
ISIC_0031795,HAM_0002711,HAM_0002711,60+,ham,4,True,4,0.014374794,0.002330874,0.006943927,0.04380792,0.8982966,0.005238998,0.029006854,0.9150023,,0.9150023,look,0,,42,look_f0_s42_in22k_v5scr,last
ISIC_0031796,HAM_0000410,HAM_0000410,40-59,ham,5,False,5,0.011530885,0.006783931,0.009033822,0.078194514,0.0046435464,0.8416303,0.048183065,0.022958362,,0.022958362,look,0,,42,look_f0_s42_in22k_v5scr,last
ISIC_0031800,HAM_0003551,HAM_0003551,<40,ham,5,False,5,0.009444122,0.0060724737,0.006392709,0.0635778,0.005059246,0.864868,0.044585563,0.020575842,,0.020575842,look,0,,42,look_f0_s42_in22k_v5scr,last
ISIC_0031829,HAM_0006936,HAM_0006936,<40,ham,5,False,5,0.009318276,0.0066365106,0.006091184,0.061360795,0.0061182966,0.86161643,0.048858557,0.022073083,,0.022073083,look,0,,42,look_f0_s42_in22k_v5scr,last
ISIC_0031832,HAM_0006972,HAM_0006972,60+,ham,5,False,5,0.006119695,0.002743375,0.006779801,0.06879457,0.055858728,0.81194115,0.047762796,0.0647218,,0.0647218,look,0,,42,look_f0_s42_in22k_v5scr,last
ISIC_0031837,HAM_0005975,HAM_0005975,40-59,ham,5,False,5,0.010874677,0.006861788,0.0077048354,0.07404988,0.0062311636,0.84592265,0.048355043,0.023967627,,0.023967627,look,0,,42,look_f0_s42_in22k_v5scr,last
ISIC_0031847,HAM_0003431,HAM_0003431,40-59,ham,5,False,5,0.008234345,0.0052433084,0.005500954,0.062386163,0.0055000233,0.86640966,0.046725478,0.018977676,,0.018977676,look,0,,42,look_f0_s42_in22k_v5scr,last
ISIC_0031848,HAM_0001136,HAM_0001136,40-59,ham,5,False,5,0.008025729,0.021345533,0.0026402455,0.07140472,0.003616626,0.8389331,0.054034002,0.03298789,,0.03298789,look,0,,42,look_f0_s42_in22k_v5scr,last
ISIC_0031850,HAM_0003271,HAM_0003271,40-59,ham,5,False,5,0.011654641,0.0072103534,0.00751211,0.06823634,0.006127695,0.85109967,0.048159163,0.024992688,,0.024992688,look,0,,42,look_f0_s42_in22k_v5scr,last
ISIC_0031858,HAM_0005192,HAM_0005192,40-59,ham,5,False,5,0.01035802,0.007899317,0.0072421045,0.06969782,0.004838895,0.85137194,0.04859191,0.023096232,,0.023096232,look,0,,42,look_f0_s42_in22k_v5scr,last
ISIC_0031867,HAM_0001012,HAM_0001012,40-59,ham,5,False,4,0.0059936303,0.0034310913,0.0049944613,0.046840034,0.8890379,0.010794628,0.03890823,0.89846265,,0.89846265,look,0,,42,look_f0_s42_in22k_v5scr,last
ISIC_0031868,HAM_0005446,HAM_0005446,40-59,ham,5,False,5,0.01102154,0.006564387,0.0063221697,0.06457918,0.0045819725,0.85960186,0.047328856,0.022167899,,0.022167899,look,0,,42,look_f0_s42_in22k_v5scr,last
ISIC_0031869,HAM_0005002,HAM_0005002,<40,ham,5,False,5,0.00881526,0.005287819,0.0055877515,0.064816795,0.004885928,0.8647162,0.045890357,0.018989008,,0.018989008,look,0,,42,look_f0_s42_in22k_v5scr,last
ISIC_0031874,HAM_0001922,HAM_0001922,60+,ham,0,True,0,0.9465657,0.0014699231,0.0014416474,0.027057353,0.0021275,0.0024230494,0.018914895,0.9501631,,0.9501631,look,0,,42,look_f0_s42_in22k_v5scr,last
ISIC_0031887,HAM_0007426,HAM_0007426,<40,ham,5,False,5,0.009141742,0.005435032,0.005714521,0.06664654,0.0037974024,0.85931534,0.049949415,0.018374177,,0.018374177,look,0,,42,look_f0_s42_in22k_v5scr,last
ISIC_0031889,HAM_0000521,HAM_0000521,40-59,ham,5,False,5,0.012124234,0.0065185423,0.006390807,0.074785225,0.006817381,0.843468,0.049895868,0.025460158,,0.025460158,look,0,,42,look_f0_s42_in22k_v5scr,last
ISIC_0031891,HAM_0000506,HAM_0000506,40-59,ham,5,False,5,0.008122315,0.0050461055,0.004932949,0.06337299,0.005029633,0.8683519,0.0451442,0.018198054,,0.018198054,look,0,,42,look_f0_s42_in22k_v5scr,last
ISIC_0031892,HAM_0006795,HAM_0006795,40-59,ham,5,False,5,0.01083494,0.006982878,0.0062750587,0.06485422,0.006423972,0.8580937,0.04653522,0.02424179,,0.02424179,look,0,,42,look_f0_s42_in22k_v5scr,last
ISIC_0031897,HAM_0000382,HAM_0000382,40-59,ham,2,False,2,0.0075347917,0.0040603704,0.90810746,0.045545194,0.0022839257,0.0020900178,0.03037823,0.013879087,,0.013879087,look,0,,42,look_f0_s42_in22k_v5scr,last
ISIC_0031905,HAM_0003320,HAM_0003320,<40,ham,5,False,5,0.010694386,0.0074587506,0.006588413,0.06362938,0.0061695585,0.8610199,0.044439644,0.024322696,,0.024322696,look,0,,42,look_f0_s42_in22k_v5scr,last
ISIC_0031912,HAM_0002183,HAM_0002183,60+,ham,5,False,5,0.009102643,0.00690433,0.008648234,0.064302325,0.004422703,0.8625345,0.044085294,0.020429675,,0.020429675,look,0,,42,look_f0_s42_in22k_v5scr,last
ISIC_0031924,HAM_0001643,HAM_0002423,<40,ham,5,False,5,0.008622335,0.0050343424,0.005330541,0.060325492,0.0050441558,0.8675678,0.04807529,0.018700834,,0.018700834,look,0,,42,look_f0_s42_in22k_v5scr,last
ISIC_0031939,HAM_0002028,HAM_0002028,40-59,ham,5,False,5,0.012354121,0.008243242,0.0078075267,0.07262648,0.00500528,0.84410083,0.04986258,0.025602642,,0.025602642,look,0,,42,look_f0_s42_in22k_v5scr,last
ISIC_0031943,HAM_0000393,HAM_0000393,40-59,ham,1,True,1,0.043299243,0.54472804,0.025075888,0.14126202,0.0036778364,0.021252064,0.2207049,0.59170514,,0.59170514,look,0,,42,look_f0_s42_in22k_v5scr,last
ISIC_0031947,HAM_0002961,HAM_0002961,40-59,ham,5,False,5,0.011214346,0.008791025,0.010098506,0.07006285,0.006755455,0.8481033,0.044974547,0.026760826,,0.026760826,look,0,,42,look_f0_s42_in22k_v5scr,last
ISIC_0031950,HAM_0005158,HAM_0005158,40-59,ham,6,False,6,0.00072348077,0.0005100744,0.0008022921,0.008240953,0.00062600337,0.0005131813,0.98858404,0.0018595585,,0.0018595585,look,0,,42,look_f0_s42_in22k_v5scr,last
ISIC_0031952,HAM_0000480,HAM_0000480,40-59,ham,5,False,5,0.01101498,0.0060598087,0.007041383,0.059956517,0.004356534,0.8687389,0.042831827,0.021431323,,0.021431323,look,0,,42,look_f0_s42_in22k_v5scr,last
ISIC_0031954,HAM_0003799,HAM_0003799,40-59,ham,5,False,5,0.008535042,0.0050221677,0.0051881396,0.062333163,0.0049722423,0.8672535,0.04669584,0.018529452,,0.018529452,look,0,,42,look_f0_s42_in22k_v5scr,last
ISIC_0031957,HAM_0004081,HAM_0004081,60+,ham,4,True,4,0.0077609844,0.0056116465,0.0084516,0.07705332,0.6752394,0.17333432,0.05254879,0.68861204,,0.68861204,look,0,,42,look_f0_s42_in22k_v5scr,last
ISIC_0031961,HAM_0006173,HAM_0006173,60+,ham,2,False,2,0.015225228,0.010226619,0.8720305,0.05897674,0.0023624296,0.0031908788,0.03798753,0.027814277,,0.027814277,look,0,,42,look_f0_s42_in22k_v5scr,last
ISIC_0031979,HAM_0003318,HAM_0003318,40-59,ham,5,False,5,0.008534093,0.004723945,0.0054124664,0.05957147,0.009760877,0.86042726,0.051570028,0.023018915,,0.023018915,look,0,,42,look_f0_s42_in22k_v5scr,last
ISIC_0031986,HAM_0000658,HAM_0000658,60+,ham,1,True,1,0.013747866,0.89127773,0.005152545,0.047126513,0.0058877394,0.0019526114,0.034854956,0.91091335,,0.91091335,look,0,,42,look_f0_s42_in22k_v5scr,last
ISIC_0031987,HAM_0001781,HAM_0001781,<40,ham,2,False,2,0.009532145,0.005543918,0.8943758,0.0494905,0.004590988,0.002555467,0.03391118,0.019667052,,0.019667052,look,0,,42,look_f0_s42_in22k_v5scr,last
ISIC_0031994,HAM_0002669,HAM_0002669,<40,ham,5,False,5,0.01016132,0.008140688,0.008238255,0.0696671,0.0064453287,0.8498801,0.047467306,0.024747338,,0.024747338,look,0,,42,look_f0_s42_in22k_v5scr,last
ISIC_0031999,HAM_0003531,HAM_0003531,40-59,ham,4,True,5,0.019713564,0.008126484,0.008164868,0.08353325,0.0071513164,0.8073855,0.06592499,0.034991365,,0.034991365,look,0,,42,look_f0_s42_in22k_v5scr,last
ISIC_0032009,HAM_0001107,HAM_0001107,40-59,ham,5,False,5,0.0090738125,0.0057437774,0.0079322355,0.067946136,0.004945742,0.8561665,0.04819187,0.019763332,,0.019763332,look,0,,42,look_f0_s42_in22k_v5scr,last
ISIC_0032012,HAM_0001980,HAM_0001980,40-59,ham,5,False,5,0.009183781,0.005497168,0.0059685963,0.06325944,0.0055280016,0.8633921,0.04717083,0.020208951,,0.020208951,look,0,,42,look_f0_s42_in22k_v5scr,last
ISIC_0032025,HAM_0001906,HAM_0001906,40-59,ham,5,False,5,0.013158369,0.007228305,0.007059168,0.07057818,0.004440143,0.85174274,0.045793124,0.024826817,,0.024826817,look,0,,42,look_f0_s42_in22k_v5scr,last
ISIC_0032026,HAM_0002832,HAM_0002832,<40,ham,5,False,5,0.010901979,0.0073379246,0.0062548527,0.06723445,0.005933211,0.85389084,0.048446685,0.024173114,,0.024173114,look,0,,42,look_f0_s42_in22k_v5scr,last
ISIC_0032030,HAM_0005985,HAM_0005985,40-59,ham,1,True,1,0.0066317287,0.8819797,0.0091967,0.049811855,0.0052066986,0.0046398435,0.04253347,0.89381814,,0.89381814,look,0,,42,look_f0_s42_in22k_v5scr,last
ISIC_0032036,HAM_0004637,HAM_0004637,60+,ham,4,True,4,0.0046138144,0.0066785556,0.014410762,0.061568014,0.8605092,0.013875544,0.038344163,0.8718016,,0.8718016,look,0,,42,look_f0_s42_in22k_v5scr,last
ISIC_0032045,HAM_0001057,HAM_0001057,60+,ham,2,False,4,0.007652478,0.002800141,0.009667423,0.04534874,0.8999564,0.0015440256,0.033030752,0.91040903,,0.91040903,look,0,,42,look_f0_s42_in22k_v5scr,last
ISIC_0032050,HAM_0002875,HAM_0002875,60+,ham,5,False,5,0.010820764,0.0075399135,0.008405765,0.0684015,0.0058390037,0.8507173,0.04827571,0.024199681,,0.024199681,look,0,,42,look_f0_s42_in22k_v5scr,last
ISIC_0032062,HAM_0007366,HAM_0007366,40-59,ham,5,False,5,0.010032259,0.0059989165,0.0066109113,0.06511163,0.0058428007,0.8599639,0.046439588,0.021873977,,0.021873977,look,0,,42,look_f0_s42_in22k_v5scr,last
ISIC_0032067,HAM_0007442,HAM_0007442,<40,ham,5,False,5,0.010614294,0.0051046656,0.005362132,0.058730617,0.0026070517,0.8758238,0.04175748,0.01832601,,0.01832601,look,0,,42,look_f0_s42_in22k_v5scr,last
ISIC_0032068,HAM_0002929,HAM_0002929,40-59,ham,5,False,5,0.010166259,0.0055270144,0.005616545,0.06704481,0.0055223173,0.8595089,0.046614204,0.021215592,,0.021215592,look,0,,42,look_f0_s42_in22k_v5scr,last
ISIC_0032073,HAM_0001794,HAM_0001794,40-59,ham,5,False,5,0.00956112,0.0060948874,0.0064366832,0.06657276,0.005954875,0.85743743,0.047942292,0.021610882,,0.021610882,look,0,,42,look_f0_s42_in22k_v5scr,last
ISIC_0032077,HAM_0004334,HAM_0004334,<40,ham,5,False,5,0.012884514,0.007045828,0.007320484,0.06903174,0.004614938,0.85085946,0.048242964,0.02454528,,0.02454528,look,0,,42,look_f0_s42_in22k_v5scr,last
ISIC_0032105,HAM_0006102,HAM_0006102,60+,ham,5,False,5,0.012331477,0.0072549246,0.0066711186,0.06619294,0.0051229894,0.8562212,0.046205398,0.024709392,,0.024709392,look,0,,42,look_f0_s42_in22k_v5scr,last
ISIC_0032108,HAM_0004823,HAM_0004823,40-59,ham,5,False,5,0.00971863,0.005620004,0.005753665,0.064973526,0.0055714203,0.8619579,0.046404883,0.020910054,,0.020910054,look,0,,42,look_f0_s42_in22k_v5scr,last
ISIC_0032111,HAM_0006064,HAM_0006064,60+,ham,2,False,2,0.00841276,0.0061000176,0.88566613,0.05167534,0.0049243686,0.0025753824,0.040646017,0.019437145,,0.019437145,look,0,,42,look_f0_s42_in22k_v5scr,last
ISIC_0032114,HAM_0003110,HAM_0003110,60+,ham,3,False,3,0.0002020857,6.8905145e-05,0.001065212,0.9961547,0.0008466757,0.00019320006,0.0014691832,0.0011176666,,0.0011176666,look,0,,42,look_f0_s42_in22k_v5scr,last
ISIC_0032121,HAM_0006000,HAM_0006000,40-59,ham,5,False,5,0.010892069,0.0065155537,0.006752827,0.069533564,0.0053071505,0.8528672,0.048131637,0.022714773,,0.022714773,look,0,,42,look_f0_s42_in22k_v5scr,last
ISIC_0032124,HAM_0002536,HAM_0002536,60+,ham,2,False,2,0.008448236,0.003783782,0.9228998,0.037798733,0.0021185356,0.002679057,0.02227185,0.014350553,,0.014350553,look,0,,42,look_f0_s42_in22k_v5scr,last
ISIC_0032127,HAM_0001595,HAM_0001595,60+,ham,5,False,5,0.010388725,0.006261437,0.0077810963,0.06892328,0.006412925,0.8517804,0.04845203,0.023063088,,0.023063088,look,0,,42,look_f0_s42_in22k_v5scr,last
ISIC_0032139,HAM_0003738,HAM_0003738,60+,ham,1,True,5,0.011578045,0.009347768,0.0077096764,0.046584148,0.016031122,0.85036135,0.058387958,0.036956936,,0.036956936,look,0,,42,look_f0_s42_in22k_v5scr,last
ISIC_0032144,HAM_0007176,HAM_0007176,<40,ham,5,False,5,0.010945376,0.005792365,0.005140418,0.06731515,0.007470902,0.85390437,0.049431518,0.024208643,,0.024208643,look,0,,42,look_f0_s42_in22k_v5scr,last
ISIC_0032148,HAM_0000521,HAM_0000521,40-59,ham,5,False,5,0.011091379,0.0071087726,0.0047065252,0.06472559,0.014285209,0.85489905,0.043183513,0.03248536,,0.03248536,look,0,,42,look_f0_s42_in22k_v5scr,last
ISIC_0032174,HAM_0005559,HAM_0005559,60+,ham,1,True,1,0.008169382,0.88616306,0.0060741776,0.05442397,0.0033188039,0.004083692,0.037766896,0.8976512,,0.8976512,look,0,,42,look_f0_s42_in22k_v5scr,last
ISIC_0032187,HAM_0000006,HAM_0000006,60+,ham,4,True,4,0.0060421675,0.0034671593,0.0048707924,0.0489043,0.893348,0.004060583,0.039307114,0.9028573,,0.9028573,look,0,,42,look_f0_s42_in22k_v5scr,last
ISIC_0032202,HAM_0001170,HAM_0001170,40-59,ham,5,False,5,0.010527757,0.0070181233,0.007103942,0.07300974,0.00671602,0.8434254,0.052199055,0.024261901,,0.024261901,look,0,,42,look_f0_s42_in22k_v5scr,last
ISIC_0032218,HAM_0006094,HAM_0006094,40-59,ham,5,False,1,0.0122716315,0.76891196,0.023092119,0.080511376,0.005035348,0.07050289,0.03967472,0.78621894,,0.78621894,look,0,,42,look_f0_s42_in22k_v5scr,last
ISIC_0032222,HAM_0001415,HAM_0001415,60+,ham,1,True,2,0.0060784053,0.015869403,0.8765008,0.05221124,0.002429611,0.005128002,0.04178251,0.02437742,,0.02437742,look,0,,42,look_f0_s42_in22k_v5scr,last
ISIC_0032227,HAM_0000963,HAM_0000963,<40,ham,5,False,5,0.01050623,0.0056698215,0.007079779,0.067355834,0.0061384863,0.85361797,0.04963185,0.02231454,,0.02231454,look,0,,42,look_f0_s42_in22k_v5scr,last
ISIC_0032228,HAM_0003984,HAM_0003984,<40,ham,5,False,5,0.009470435,0.0064804177,0.0062090736,0.06838863,0.0066855107,0.8525054,0.05026047,0.022636363,,0.022636363,look,0,,42,look_f0_s42_in22k_v5scr,last
ISIC_0032237,HAM_0003370,HAM_0003370,40-59,ham,5,False,5,0.008842874,0.006853903,0.0071198973,0.06830131,0.006384761,0.8542036,0.048293695,0.022081539,,0.022081539,look,0,,42,look_f0_s42_in22k_v5scr,last
ISIC_0032245,HAM_0004979,HAM_0004979,60+,ham,4,True,5,0.0052892477,0.0031040804,0.010612291,0.061459452,0.010137953,0.87263656,0.036760546,0.018531282,,0.018531282,look,0,,42,look_f0_s42_in22k_v5scr,last
ISIC_0032248,HAM_0002119,HAM_0002119,60+,ham,4,True,4,0.019481122,0.009722369,0.009878352,0.060651433,0.8548202,0.0030843571,0.042362195,0.88402367,,0.88402367,look,0,,42,look_f0_s42_in22k_v5scr,last
ISIC_0032255,HAM_0005145,HAM_0005145,40-59,ham,5,False,5,0.008665687,0.0060448376,0.006697352,0.06664405,0.005473867,0.85876137,0.047712777,0.020184392,,0.020184392,look,0,,42,look_f0_s42_in22k_v5scr,last
ISIC_0032293,HAM_0000123,HAM_0000123,40-59,ham,5,False,5,0.009599296,0.0056296103,0.006086454,0.06401528,0.005883571,0.8617708,0.047015093,0.021112477,,0.021112477,look,0,,42,look_f0_s42_in22k_v5scr,last
ISIC_0032305,HAM_0006456,HAM_0006456,60+,ham,5,False,5,0.01476197,0.00682112,0.008215844,0.104734845,0.25022727,0.53956264,0.07567635,0.27181035,,0.27181035,look,0,,42,look_f0_s42_in22k_v5scr,last
ISIC_0032307,HAM_0001301,HAM_0001301,60+,ham,1,True,2,0.3797139,0.025473116,0.3972371,0.11358582,0.006829772,0.0064609204,0.070699416,0.41201678,,0.41201678,look,0,,42,look_f0_s42_in22k_v5scr,last
ISIC_0032317,HAM_0001629,HAM_0001629,40-59,ham,5,False,5,0.010834702,0.0065204413,0.007264266,0.06582692,0.0057732,0.85558873,0.04819172,0.023128344,,0.023128344,look,0,,42,look_f0_s42_in22k_v5scr,last
ISIC_0032320,HAM_0005990,HAM_0005990,40-59,ham,5,False,5,0.00877911,0.011367809,0.008769549,0.06737285,0.0045371433,0.84994155,0.04923193,0.024684062,,0.024684062,look,0,,42,look_f0_s42_in22k_v5scr,last
ISIC_0032324,HAM_0002117,HAM_0002117,40-59,ham,5,False,5,0.010285234,0.006234892,0.005888714,0.067212336,0.0050591785,0.8585594,0.046760324,0.021579305,,0.021579305,look,0,,42,look_f0_s42_in22k_v5scr,last
ISIC_0032328,HAM_0006469,HAM_0006469,<40,ham,5,False,5,0.013074183,0.0077470248,0.008877892,0.072121255,0.0046753967,0.84435576,0.049148466,0.025496606,,0.025496606,look,0,,42,look_f0_s42_in22k_v5scr,last
ISIC_0032336,HAM_0002460,HAM_0002460,<40,ham,5,False,5,0.0095050745,0.0055203494,0.0053214747,0.067144744,0.004285468,0.8595747,0.048648223,0.019310892,,0.019310892,look,0,,42,look_f0_s42_in22k_v5scr,last
ISIC_0032339,HAM_0007072,HAM_0007072,40-59,ham,5,False,5,0.010822602,0.0070365597,0.0063978913,0.06694613,0.0060713976,0.8551101,0.04761537,0.023930559,,0.023930559,look,0,,42,look_f0_s42_in22k_v5scr,last
ISIC_0032342,HAM_0004410,HAM_0004410,60+,ham,5,False,5,0.006906378,0.0040137656,0.0042666574,0.055316977,0.005766468,0.8841332,0.039596617,0.01668661,,0.01668661,look,0,,42,look_f0_s42_in22k_v5scr,last
ISIC_0032343,HAM_0006071,HAM_0006071,60+,ham,2,False,2,0.008191661,0.0057371208,0.8758491,0.060721412,0.0053220727,0.002789995,0.04138856,0.019250855,,0.019250855,look,0,,42,look_f0_s42_in22k_v5scr,last
ISIC_0032346,HAM_0001171,HAM_0001171,40-59,ham,5,False,5,0.00931911,0.006266329,0.00669229,0.062444847,0.0066901203,0.86052823,0.048059143,0.02227556,,0.02227556,look,0,,42,look_f0_s42_in22k_v5scr,last
ISIC_0032351,HAM_0006963,HAM_0006963,40-59,ham,5,False,5,0.012075938,0.00826119,0.009729597,0.07388202,0.005948596,0.8398247,0.050277993,0.026285723,,0.026285723,look,0,,42,look_f0_s42_in22k_v5scr,last
ISIC_0032363,HAM_0007003,HAM_0007003,<40,ham,5,False,5,0.008973643,0.0038533479,0.003618446,0.050331697,0.005344326,0.8911294,0.036749184,0.018171318,,0.018171318,look,0,,42,look_f0_s42_in22k_v5scr,last
ISIC_0032375,HAM_0000279,HAM_0000279,40-59,ham,5,False,5,0.012417229,0.0071421326,0.005885712,0.07108124,0.019316232,0.8337972,0.050360255,0.038875595,,0.038875595,look,0,,42,look_f0_s42_in22k_v5scr,last
ISIC_0032376,HAM_0000174,HAM_0000174,40-59,ham,5,False,4,0.016969983,0.028151475,0.0076720165,0.13743152,0.60408425,0.12364809,0.08204268,0.6492057,,0.6492057,look,0,,42,look_f0_s42_in22k_v5scr,last
ISIC_0032380,HAM_0003248,HAM_0003248,<40,ham,5,False,5,0.0102971,0.0059720324,0.0058816317,0.06500961,0.006614353,0.859855,0.04637032,0.022883486,,0.022883486,look,0,,42,look_f0_s42_in22k_v5scr,last
ISIC_0032402,HAM_0003809,HAM_0003809,40-59,ham,5,False,5,0.012368468,0.0072121797,0.007446717,0.07147889,0.005589593,0.8450102,0.050893925,0.02517024,,0.02517024,look,0,,42,look_f0_s42_in22k_v5scr,last
ISIC_0032428,HAM_0004410,HAM_0004410,60+,ham,5,False,5,0.0073625315,0.0039771553,0.00449305,0.05737251,0.0039252983,0.8833611,0.039508358,0.015264985,,0.015264985,look,0,,42,look_f0_s42_in22k_v5scr,last
ISIC_0032441,HAM_0005328,HAM_0005328,60+,ham,4,True,4,0.023709234,0.0065971403,0.019935772,0.11869301,0.38640106,0.33716208,0.10750163,0.41670743,,0.41670743,look,0,,42,look_f0_s42_in22k_v5scr,last
ISIC_0032442,HAM_0000812,HAM_0000812,40-59,ham,5,False,5,0.011083475,0.007547875,0.0066676624,0.06160126,0.0048263073,0.86455405,0.043719262,0.023457658,,0.023457658,look,0,,42,look_f0_s42_in22k_v5scr,last
ISIC_0032445,HAM_0006173,HAM_0006173,60+,ham,2,False,2,0.031168373,0.006763961,0.82685465,0.07153289,0.005154298,0.004006309,0.05451961,0.043086633,,0.043086633,look,0,,42,look_f0_s42_in22k_v5scr,last
ISIC_0032457,HAM_0005691,HAM_0005691,<40,ham,5,False,5,0.0100761475,0.0059818528,0.0070668412,0.06360342,0.005205864,0.8632335,0.044832382,0.021263864,,0.021263864,look,0,,42,look_f0_s42_in22k_v5scr,last
ISIC_0032460,HAM_0006876,HAM_0006876,60+,ham,2,False,2,0.0083365375,0.005531001,0.91294867,0.0406905,0.0023550137,0.002779953,0.027358258,0.016222551,,0.016222551,look,0,,42,look_f0_s42_in22k_v5scr,last
ISIC_0032461,HAM_0001528,HAM_0001528,40-59,ham,1,True,1,0.0060763992,0.9107206,0.005509342,0.04249471,0.0033072054,0.0033319413,0.028559841,0.9201042,,0.9201042,look,0,,42,look_f0_s42_in22k_v5scr,last
ISIC_0032464,HAM_0001865,HAM_0001865,40-59,ham,5,False,5,0.012207582,0.0073767286,0.007165956,0.07018319,0.007299557,0.8471552,0.048611786,0.026883867,,0.026883867,look,0,,42,look_f0_s42_in22k_v5scr,last
ISIC_0032469,HAM_0002892,HAM_0002892,<40,ham,5,False,5,0.013143026,0.007656074,0.0076498236,0.0741625,0.0043479255,0.8429397,0.050100997,0.025147026,,0.025147026,look,0,,42,look_f0_s42_in22k_v5scr,last
ISIC_0032478,HAM_0003254,HAM_0003254,40-59,ham,5,False,5,0.015485798,0.008912987,0.31444874,0.15608832,0.012495574,0.3892203,0.10334835,0.03689436,,0.03689436,look,0,,42,look_f0_s42_in22k_v5scr,last
ISIC_0032498,HAM_0001011,HAM_0001011,40-59,ham,2,False,2,0.0065824967,0.0063486174,0.90086305,0.044234328,0.0036218443,0.0056950417,0.032654703,0.016552959,,0.016552959,look,0,,42,look_f0_s42_in22k_v5scr,last
ISIC_0032502,HAM_0006650,HAM_0006650,40-59,ham,5,False,5,0.008523929,0.0050959,0.005657941,0.0626957,0.005022892,0.8670126,0.045991044,0.01864272,,0.01864272,look,0,,42,look_f0_s42_in22k_v5scr,last
ISIC_0032513,HAM_0007101,HAM_0007101,60+,ham,2,False,5,0.013144704,0.0024948856,0.012091403,0.06252547,0.0025617536,0.8693287,0.037853163,0.018201342,,0.018201342,look,0,,42,look_f0_s42_in22k_v5scr,last
ISIC_0032516,HAM_0006539,HAM_0006539,40-59,ham,5,False,5,0.008167823,0.005246024,0.005299194,0.058098692,0.0053054616,0.8789737,0.038909096,0.018719308,,0.018719308,look,0,,42,look_f0_s42_in22k_v5scr,last
ISIC_0032521,HAM_0005206,HAM_0005206,40-59,ham,5,False,4,0.008218758,0.0070789293,0.010911978,0.07082441,0.81657714,0.039798014,0.0465908,0.83187485,,0.83187485,look,0,,42,look_f0_s42_in22k_v5scr,last
ISIC_0032527,HAM_0007451,HAM_0007451,40-59,ham,5,False,5,0.008666561,0.004943693,0.0052699894,0.06828765,0.0075850002,0.85898024,0.046266798,0.021195255,,0.021195255,look,0,,42,look_f0_s42_in22k_v5scr,last
ISIC_0032537,HAM_0001928,HAM_0001928,40-59,ham,4,True,4,0.004860722,0.0038945638,0.005787963,0.064070314,0.8732112,0.016153056,0.032022223,0.8819665,,0.8819665,look,0,,42,look_f0_s42_in22k_v5scr,last
ISIC_0032540,HAM_0007541,HAM_0007541,<40,ham,5,False,5,0.010680671,0.008239982,0.006846779,0.06824117,0.0073238793,0.8461267,0.052540805,0.026244532,,0.026244532,look,0,,42,look_f0_s42_in22k_v5scr,last
ISIC_0032546,HAM_0000547,HAM_0000547,40-59,ham,5,False,5,0.004916328,0.002933533,0.0025084717,0.063331954,0.016582686,0.8592672,0.050459817,0.024432547,,0.024432547,look,0,,42,look_f0_s42_in22k_v5scr,last
ISIC_0032547,HAM_0002993,HAM_0002993,40-59,ham,4,True,4,0.007595804,0.0052670627,0.0050417706,0.050748654,0.89016825,0.0024201663,0.038758237,0.9030311,,0.9030311,look,0,,42,look_f0_s42_in22k_v5scr,last
ISIC_0032554,HAM_0005641,HAM_0005641,60+,ham,5,False,5,0.010200479,0.004441401,0.0052593783,0.06684398,0.004351797,0.8574355,0.051467475,0.018993678,,0.018993678,look,0,,42,look_f0_s42_in22k_v5scr,last
ISIC_0032555,HAM_0002616,HAM_0002616,40-59,ham,5,False,2,0.0101439245,0.0061923284,0.8843989,0.049260672,0.008357611,0.009273517,0.03237314,0.024693863,,0.024693863,look,0,,42,look_f0_s42_in22k_v5scr,last
ISIC_0032565,HAM_0007299,HAM_0007299,40-59,ham,5,False,4,0.015612931,0.008432663,0.0069246585,0.05736073,0.8626585,0.0061691594,0.042841356,0.8867041,,0.8867041,look,0,,42,look_f0_s42_in22k_v5scr,last
ISIC_0032567,HAM_0003927,HAM_0003927,60+,ham,2,False,2,0.0075119194,0.0047714524,0.45172274,0.09834732,0.35341877,0.008520463,0.07570735,0.36570215,,0.36570215,look,0,,42,look_f0_s42_in22k_v5scr,last
ISIC_0032568,HAM_0007005,HAM_0007005,40-59,ham,5,False,5,0.013660341,0.008323554,0.0086994525,0.06635917,0.006315848,0.84566027,0.050981432,0.028299743,,0.028299743,look,0,,42,look_f0_s42_in22k_v5scr,last
ISIC_0032573,HAM_0007541,HAM_0007541,<40,ham,5,False,5,0.009976998,0.006705244,0.0054413313,0.06636068,0.0053687836,0.8599242,0.046222746,0.022051025,,0.022051025,look,0,,42,look_f0_s42_in22k_v5scr,last
ISIC_0032583,HAM_0000006,HAM_0000006,60+,ham,4,True,4,0.056508828,0.0075291987,0.010561195,0.060714222,0.8017875,0.006058027,0.056841083,0.86582553,,0.86582553,look,0,,42,look_f0_s42_in22k_v5scr,last
ISIC_0032586,HAM_0005758,HAM_0005758,60+,ham,4,True,4,0.007202456,0.003244385,0.005607481,0.052903913,0.88933295,0.0020452158,0.039663542,0.8997798,,0.8997798,look,0,,42,look_f0_s42_in22k_v5scr,last
ISIC_0032588,HAM_0002600,HAM_0002600,<40,ham,5,False,4,0.017058471,0.0059784404,0.0069104265,0.11473728,0.40192318,0.36846444,0.084927805,0.42496008,,0.42496008,look,0,,42,look_f0_s42_in22k_v5scr,last
ISIC_0032592,HAM_0006923,HAM_0006923,60+,ham,4,True,4,0.0050861896,0.011077927,0.003641075,0.055245895,0.85432774,0.0028688475,0.06775235,0.87049186,,0.87049186,look,0,,42,look_f0_s42_in22k_v5scr,last
ISIC_0032599,HAM_0003352,HAM_0003352,<40,ham,5,False,5,0.0066199256,0.003979199,0.004478512,0.058055244,0.0068946877,0.8805259,0.039446544,0.017493812,,0.017493812,look,0,,42,look_f0_s42_in22k_v5scr,last
ISIC_0032602,HAM_0004811,HAM_0004811,40-59,ham,4,True,4,0.010178435,0.0040214164,0.006130638,0.056277562,0.88306326,0.0035805118,0.036748167,0.8972631,,0.8972631,look,0,,42,look_f0_s42_in22k_v5scr,last
ISIC_0032605,HAM_0006334,HAM_0006334,40-59,ham,5,False,5,0.011482337,0.0052375705,0.006260901,0.070693985,0.0067123007,0.8493888,0.050224077,0.023432208,,0.023432208,look,0,,42,look_f0_s42_in22k_v5scr,last
ISIC_0032608,HAM_0005566,HAM_0005566,60+,ham,5,False,5,0.009277314,0.0040880647,0.008970292,0.054189105,0.0042006406,0.87930304,0.03997153,0.01756602,,0.01756602,look,0,,42,look_f0_s42_in22k_v5scr,last
ISIC_0032610,HAM_0006802,HAM_0006802,40-59,ham,4,True,5,0.010126459,0.004687324,0.0043240483,0.06547818,0.022286115,0.8437393,0.049358558,0.037099898,,0.037099898,look,0,,42,look_f0_s42_in22k_v5scr,last
ISIC_0032611,HAM_0003072,HAM_0003072,60+,ham,1,True,1,0.011646084,0.90501106,0.0035775432,0.040103514,0.0060186656,0.002211266,0.031431966,0.9226758,,0.9226758,look,0,,42,look_f0_s42_in22k_v5scr,last
ISIC_0032613,HAM_0005584,HAM_0005584,<40,ham,3,False,3,0.011633639,0.0031612853,0.006386276,0.6803153,0.27067053,0.001537302,0.02629567,0.28546545,,0.28546545,look,0,,42,look_f0_s42_in22k_v5scr,last
ISIC_0032616,HAM_0007376,HAM_0007376,40-59,ham,5,False,5,0.01158366,0.0063378736,0.006307508,0.065549746,0.004575706,0.8586698,0.04697566,0.02249724,,0.02249724,look,0,,42,look_f0_s42_in22k_v5scr,last
ISIC_0032618,HAM_0007101,HAM_0007101,60+,ham,2,False,2,0.018464815,0.0020433895,0.8403047,0.066888966,0.016380763,0.010594842,0.04532261,0.036888964,,0.036888964,look,0,,42,look_f0_s42_in22k_v5scr,last
ISIC_0032622,HAM_0000002,HAM_0000002,60+,ham,4,True,4,0.009396251,0.006461846,0.0055764867,0.057306685,0.8754475,0.0032095653,0.04260156,0.8913056,,0.8913056,look,0,,42,look_f0_s42_in22k_v5scr,last
ISIC_0032637,HAM_0002956,HAM_0002956,<40,ham,4,True,4,0.0067293537,0.0040096925,0.003771038,0.052545283,0.8923698,0.0025749917,0.03799988,0.90310884,,0.90310884,look,0,,42,look_f0_s42_in22k_v5scr,last
ISIC_0032641,HAM_0006147,HAM_0006147,40-59,ham,5,False,5,0.0067287614,0.004334061,0.004665293,0.05191584,0.0055930736,0.88759536,0.039167643,0.016655896,,0.016655896,look,0,,42,look_f0_s42_in22k_v5scr,last
ISIC_0032645,HAM_0002488,HAM_0002488,40-59,ham,4,True,5,0.006395675,0.0036788483,0.0032721397,0.059907388,0.0033818071,0.87940043,0.043963667,0.013456331,,0.013456331,look,0,,42,look_f0_s42_in22k_v5scr,last
ISIC_0032651,HAM_0004714,HAM_0004714,<40,ham,5,False,5,0.009088424,0.0060801315,0.005563675,0.063501544,0.005199053,0.8673584,0.043208677,0.020367607,,0.020367607,look,0,,42,look_f0_s42_in22k_v5scr,last
ISIC_0032655,HAM_0003807,HAM_0003807,40-59,ham,2,False,5,0.012774956,0.005621378,0.010025238,0.07032533,0.003421864,0.84773654,0.05009479,0.021818198,,0.021818198,look,0,,42,look_f0_s42_in22k_v5scr,last
ISIC_0032656,HAM_0006923,HAM_0006923,60+,ham,4,True,4,0.0058735474,0.007348827,0.0035664896,0.053490814,0.8632683,0.002031358,0.06442062,0.8764907,,0.8764907,look,0,,42,look_f0_s42_in22k_v5scr,last
ISIC_0032667,HAM_0003352,HAM_0003352,<40,ham,5,False,5,0.009202643,0.004204882,0.005009287,0.10271897,0.11162915,0.6950334,0.072201766,0.12503667,,0.12503667,look,0,,42,look_f0_s42_in22k_v5scr,last
ISIC_0032674,HAM_0005206,HAM_0005206,40-59,ham,5,False,4,0.01136696,0.006195274,0.017745297,0.07233158,0.82536215,0.014500179,0.052498516,0.84292436,,0.84292436,look,0,,42,look_f0_s42_in22k_v5scr,last
ISIC_0032687,HAM_0001344,HAM_0001344,40-59,ham,4,True,4,0.008405576,0.0036375,0.0060232137,0.059394617,0.8747722,0.0047992384,0.042967632,0.88681525,,0.88681525,look,0,,42,look_f0_s42_in22k_v5scr,last
ISIC_0032691,HAM_0007541,HAM_0007541,<40,ham,5,False,5,0.010244092,0.0071690436,0.006739464,0.06855271,0.006519606,0.8507656,0.050009515,0.023932742,,0.023932742,look,0,,42,look_f0_s42_in22k_v5scr,last
ISIC_0032696,HAM_0000993,HAM_0000993,60+,ham,1,True,1,0.006387485,0.8994399,0.004763441,0.04953975,0.0036631858,0.0033881292,0.03281818,0.9094905,,0.9094905,look,0,,42,look_f0_s42_in22k_v5scr,last
ISIC_0032701,HAM_0005814,HAM_0005814,<40,ham,5,False,5,0.0085901525,0.004920618,0.004721474,0.059761655,0.0063847187,0.8720171,0.043604348,0.01989549,,0.01989549,look,0,,42,look_f0_s42_in22k_v5scr,last
ISIC_0032707,HAM_0007124,HAM_0007124,40-59,ham,5,False,5,0.007002261,0.0043793526,0.004897444,0.059739776,0.00649464,0.876894,0.040592596,0.017876253,,0.017876253,look,0,,42,look_f0_s42_in22k_v5scr,last
ISIC_0032719,HAM_0006673,HAM_0006673,60+,ham,2,False,2,0.0060187043,0.004731439,0.9096366,0.042256426,0.0038440896,0.0024008246,0.031111876,0.014594233,,0.014594233,look,0,,42,look_f0_s42_in22k_v5scr,last
ISIC_0032724,HAM_0004811,HAM_0004811,40-59,ham,4,True,4,0.008563981,0.004027182,0.005104999,0.060192566,0.87596375,0.0046782154,0.041469324,0.88855493,,0.88855493,look,0,,42,look_f0_s42_in22k_v5scr,last
ISIC_0032728,HAM_0004550,HAM_0004550,<40,ham,5,False,5,0.011525375,0.0071031107,0.007876528,0.07341146,0.0067283805,0.8437776,0.049577575,0.025356866,,0.025356866,look,0,,42,look_f0_s42_in22k_v5scr,last
ISIC_0032737,HAM_0006014,HAM_0006014,<40,ham,5,False,5,0.008446361,0.00462508,0.005883024,0.06845221,0.0043890015,0.8605525,0.04765176,0.017460443,,0.017460443,look,0,,42,look_f0_s42_in22k_v5scr,last
ISIC_0032743,HAM_0001692,HAM_0001692,40-59,ham,5,False,5,0.01065602,0.006481754,0.0062828767,0.06503886,0.008275913,0.8550137,0.04825095,0.025413686,,0.025413686,look,0,,42,look_f0_s42_in22k_v5scr,last
ISIC_0032746,HAM_0005566,HAM_0005566,60+,ham,5,False,4,0.018470049,0.012213555,0.3433102,0.097100124,0.4598905,0.01851001,0.050505526,0.49057412,,0.49057412,look,0,,42,look_f0_s42_in22k_v5scr,last
ISIC_0032748,HAM_0001613,HAM_0001613,60+,ham,5,False,5,0.0115698,0.005680773,0.0069209514,0.06923587,0.0062358817,0.85037994,0.04997678,0.023486454,,0.023486454,look,0,,42,look_f0_s42_in22k_v5scr,last
ISIC_0032752,HAM_0007052,HAM_0007052,40-59,ham,5,False,5,0.010048955,0.006514129,0.030662999,0.0794118,0.0033851129,0.8156403,0.054336682,0.019948198,,0.019948198,look,0,,42,look_f0_s42_in22k_v5scr,last
ISIC_0032756,HAM_0003927,HAM_0003927,60+,ham,2,False,2,0.0021312218,0.0020770917,0.8344597,0.056422584,0.044627577,0.015811466,0.04447038,0.04883589,,0.04883589,look,0,,42,look_f0_s42_in22k_v5scr,last
ISIC_0032765,HAM_0003254,HAM_0003254,40-59,ham,5,False,2,0.0058007953,0.0025064899,0.9052164,0.043203585,0.006913357,0.0036625196,0.032696832,0.015220642,,0.015220642,look,0,,42,look_f0_s42_in22k_v5scr,last
ISIC_0032771,HAM_0000407,HAM_0000407,60+,ham,5,False,5,0.010248068,0.0051519093,0.0049553397,0.061690886,0.005520196,0.86651134,0.045922283,0.020920174,,0.020920174,look,0,,42,look_f0_s42_in22k_v5scr,last
ISIC_0032772,HAM_0005496,HAM_0005496,<40,ham,5,False,5,0.008286462,0.0048018084,0.008970471,0.0644123,0.0033916691,0.8645045,0.045632765,0.01647994,,0.01647994,look,0,,42,look_f0_s42_in22k_v5scr,last
ISIC_0032774,HAM_0000048,HAM_0000048,60+,ham,4,True,4,0.009016353,0.006494065,0.006925612,0.05619223,0.8808149,0.004157101,0.0363997,0.89632535,,0.89632535,look,0,,42,look_f0_s42_in22k_v5scr,last
ISIC_0032776,HAM_0001954,HAM_0001954,40-59,ham,2,False,2,0.0064152624,0.0026478658,0.9175507,0.03690408,0.0034152006,0.0048281206,0.028238758,0.012478329,,0.012478329,look,0,,42,look_f0_s42_in22k_v5scr,last
ISIC_0032779,HAM_0006334,HAM_0006334,40-59,ham,5,False,5,0.012154667,0.0062884083,0.00747851,0.0739523,0.0050825137,0.8422364,0.05280724,0.023525588,,0.023525588,look,0,,42,look_f0_s42_in22k_v5scr,last
ISIC_0032783,HAM_0006391,HAM_0006391,60+,ham,5,False,5,0.01261094,0.007184134,0.009164785,0.07500896,0.009470417,0.8334985,0.053062286,0.029265493,,0.029265493,look,0,,42,look_f0_s42_in22k_v5scr,last
ISIC_0032796,HAM_0003968,HAM_0003968,<40,ham,5,False,5,0.011571031,0.0064259074,0.008961825,0.07464995,0.007801427,0.83934504,0.05124483,0.025798365,,0.025798365,look,0,,42,look_f0_s42_in22k_v5scr,last
ISIC_0032806,HAM_0005970,HAM_0005970,60+,ham,4,True,5,0.0063199075,0.0027281607,0.006019953,0.0535015,0.020177132,0.87342364,0.03782963,0.0292252,,0.0292252,look,0,,42,look_f0_s42_in22k_v5scr,last
ISIC_0032807,HAM_0002488,HAM_0002488,40-59,ham,4,True,4,0.0088167265,0.0046965596,0.010367255,0.09394341,0.7478921,0.07011563,0.064168446,0.76140535,,0.76140535,look,0,,42,look_f0_s42_in22k_v5scr,last
ISIC_0032812,HAM_0005748,HAM_0005748,40-59,ham,4,True,5,0.007389657,0.005421483,0.0046886527,0.05651721,0.010376857,0.86977786,0.045828234,0.023187997,,0.023187997,look,0,,42,look_f0_s42_in22k_v5scr,last
ISIC_0032821,HAM_0006391,HAM_0006391,60+,ham,5,False,5,0.009966126,0.005900363,0.006328424,0.069235146,0.007982669,0.85429657,0.046290666,0.023849158,,0.023849158,look,0,,42,look_f0_s42_in22k_v5scr,last
ISIC_0032823,HAM_0006886,HAM_0006886,40-59,ham,4,True,4,0.010949223,0.0048234663,0.009192913,0.05781179,0.87124985,0.003883201,0.042089537,0.88702255,,0.88702255,look,0,,42,look_f0_s42_in22k_v5scr,last
ISIC_0032831,HAM_0001321,HAM_0001321,60+,ham,5,False,4,0.010456592,0.004370345,0.0054171393,0.08856334,0.6059224,0.22324318,0.06202704,0.62074935,,0.62074935,look,0,,42,look_f0_s42_in22k_v5scr,last
ISIC_0032839,HAM_0002498,HAM_0002498,60+,ham,6,False,6,0.0018143804,0.0014354798,0.00096683006,0.009137427,0.0032664456,0.00025371092,0.9831256,0.0065163057,,0.0065163057,look,0,,42,look_f0_s42_in22k_v5scr,last
ISIC_0032842,HAM_0007101,HAM_0007101,60+,ham,2,False,5,0.021687487,0.0027695142,0.0153840985,0.056980044,0.008394276,0.860339,0.034445517,0.03285128,,0.03285128,look,0,,42,look_f0_s42_in22k_v5scr,last
ISIC_0032857,HAM_0003887,HAM_0003887,60+,ham,1,True,1,0.009343887,0.8799713,0.005777989,0.05564639,0.0052194204,0.0034964953,0.04054452,0.8945346,,0.8945346,look,0,,42,look_f0_s42_in22k_v5scr,last
ISIC_0032873,HAM_0003174,HAM_0003174,60+,ham,4,True,4,0.0067686085,0.0025236702,0.009540567,0.05460221,0.88386667,0.00289317,0.03980509,0.893159,,0.893159,look,0,,42,look_f0_s42_in22k_v5scr,last
ISIC_0032877,HAM_0003770,HAM_0003770,60+,ham,2,False,2,0.00828873,0.0032700626,0.7934164,0.079076245,0.06041608,0.007851264,0.04768126,0.07197487,,0.07197487,look,0,,42,look_f0_s42_in22k_v5scr,last
ISIC_0032887,HAM_0006802,HAM_0006802,40-59,ham,4,True,4,0.008928174,0.00495955,0.004270644,0.057606045,0.8769017,0.0065116,0.040822186,0.8907894,,0.8907894,look,0,,42,look_f0_s42_in22k_v5scr,last
ISIC_0032896,HAM_0004063,HAM_0004063,<40,ham,5,False,5,0.009787217,0.0059100334,0.00589628,0.059800167,0.006304619,0.868411,0.043890666,0.02200187,,0.02200187,look,0,,42,look_f0_s42_in22k_v5scr,last
ISIC_0032901,HAM_0005106,HAM_0005106,<40,ham,5,False,5,0.0076491092,0.0041366806,0.004576271,0.059626114,0.005108618,0.8771015,0.04180178,0.016894408,,0.016894408,look,0,,42,look_f0_s42_in22k_v5scr,last
ISIC_0032904,HAM_0006284,HAM_0006284,<40,ham,5,False,5,0.013004442,0.009075141,0.00801514,0.07116793,0.005198667,0.8413244,0.05221435,0.02727825,,0.02727825,look,0,,42,look_f0_s42_in22k_v5scr,last
ISIC_0032906,HAM_0003887,HAM_0003887,60+,ham,1,True,1,0.0097465115,0.89103204,0.005129648,0.049516417,0.0052905222,0.003175652,0.036109142,0.90606904,,0.90606904,look,0,,42,look_f0_s42_in22k_v5scr,last
ISIC_0032911,HAM_0002329,HAM_0002329,40-59,ham,5,False,5,0.012473407,0.007733249,0.008270588,0.06580254,0.00491079,0.8534142,0.04739528,0.025117446,,0.025117446,look,0,,42,look_f0_s42_in22k_v5scr,last
ISIC_0032914,HAM_0002136,HAM_0002136,60+,ham,5,False,5,0.008103133,0.0047689592,0.006049311,0.06711357,0.007741999,0.8605598,0.045663238,0.020614091,,0.020614091,look,0,,42,look_f0_s42_in22k_v5scr,last
ISIC_0032921,HAM_0004927,HAM_0004927,60+,ham,4,True,4,0.014320706,0.0070018983,0.01302635,0.05724102,0.86871946,0.00317915,0.03651142,0.89004207,,0.89004207,look,0,,42,look_f0_s42_in22k_v5scr,last
ISIC_0032932,HAM_0002498,HAM_0002498,60+,ham,6,False,6,0.002511519,0.0015839535,0.0013528267,0.009536925,0.0031691734,0.00032059633,0.98152494,0.007264646,,0.007264646,look,0,,42,look_f0_s42_in22k_v5scr,last
ISIC_0032953,HAM_0005116,HAM_0005116,<40,ham,5,False,5,0.017649248,0.008949966,0.005340448,0.06533063,0.003076019,0.8443365,0.055317294,0.029675232,,0.029675232,look,0,,42,look_f0_s42_in22k_v5scr,last
ISIC_0032964,HAM_0007451,HAM_0007451,40-59,ham,5,False,5,0.0083230315,0.00533667,0.004894414,0.06304101,0.007108608,0.8613155,0.0499809,0.020768309,,0.020768309,look,0,,42,look_f0_s42_in22k_v5scr,last
ISIC_0032974,HAM_0002135,HAM_0002135,40-59,ham,5,False,5,0.012108608,0.0030939395,0.0037814726,0.06586626,0.011972173,0.85535574,0.04782172,0.02717472,,0.02717472,look,0,,42,look_f0_s42_in22k_v5scr,last
ISIC_0032979,HAM_0003359,HAM_0003359,40-59,ham,5,False,5,0.008980083,0.0047747274,0.007824095,0.058786444,0.0027902084,0.87201715,0.044827264,0.01654502,,0.01654502,look,0,,42,look_f0_s42_in22k_v5scr,last
ISIC_0032984,HAM_0005636,HAM_0005636,60+,ham,4,True,1,0.008588206,0.6987444,0.014851286,0.120271236,0.08260925,0.0037947563,0.071140826,0.78994185,,0.78994185,look,0,,42,look_f0_s42_in22k_v5scr,last
ISIC_0032992,HAM_0002923,HAM_0002923,40-59,ham,5,False,5,0.009990856,0.004986154,0.012364015,0.070924886,0.012954912,0.8391173,0.049661923,0.027931921,,0.027931921,look,0,,42,look_f0_s42_in22k_v5scr,last
ISIC_0032993,HAM_0002956,HAM_0002956,<40,ham,4,True,4,0.0068878415,0.0042118365,0.0043423693,0.051961325,0.89179045,0.0024505672,0.038355593,0.90289015,,0.90289015,look,0,,42,look_f0_s42_in22k_v5scr,last
ISIC_0032994,HAM_0000772,HAM_0000772,<40,ham,5,False,5,0.01130521,0.0057483073,0.006488276,0.06641535,0.0048966995,0.8590882,0.04605786,0.021950219,,0.021950219,look,0,,42,look_f0_s42_in22k_v5scr,last
ISIC_0033003,HAM_0002750,HAM_0002750,60+,ham,5,False,5,0.0093259225,0.0057927873,0.006676333,0.06706094,0.009582971,0.852645,0.048916105,0.024701681,,0.024701681,look,0,,42,look_f0_s42_in22k_v5scr,last
ISIC_0033010,HAM_0004099,HAM_0004099,40-59,ham,5,False,5,0.015945926,0.004572507,0.0067838854,0.07508588,0.041982107,0.80440944,0.051220234,0.06250054,,0.06250054,look,0,,42,look_f0_s42_in22k_v5scr,last
ISIC_0033011,HAM_0006459,HAM_0006459,60+,ham,5,False,5,0.012890161,0.0065265805,0.011987551,0.06895782,0.005063906,0.84418,0.05039401,0.024480648,,0.024480648,look,0,,42,look_f0_s42_in22k_v5scr,last
ISIC_0033014,HAM_0006539,HAM_0006539,40-59,ham,5,False,5,0.007867564,0.00474758,0.0047791405,0.05798325,0.003340064,0.8874868,0.033795565,0.015955208,,0.015955208,look,0,,42,look_f0_s42_in22k_v5scr,last
ISIC_0033026,HAM_0003057,HAM_0003057,40-59,ham,5,False,5,0.0100733945,0.0055363,0.005828796,0.06944911,0.015327906,0.84317887,0.050605558,0.0309376,,0.0309376,look,0,,42,look_f0_s42_in22k_v5scr,last
ISIC_0033055,HAM_0001344,HAM_0001344,40-59,ham,4,True,4,0.008962068,0.0033101311,0.0062056617,0.05998368,0.8743253,0.0047951993,0.04241797,0.88659745,,0.88659745,look,0,,42,look_f0_s42_in22k_v5scr,last
ISIC_0033066,HAM_0004192,HAM_0004192,40-59,ham,5,False,5,0.011450402,0.0073963627,0.00418771,0.06239389,0.0065821162,0.8582583,0.049731225,0.025428882,,0.025428882,look,0,,42,look_f0_s42_in22k_v5scr,last
ISIC_0033077,HAM_0007433,HAM_0007433,40-59,ham,5,False,5,0.009140721,0.0056271637,0.006055249,0.0644443,0.004771016,0.86210966,0.04785191,0.0195389,,0.0195389,look,0,,42,look_f0_s42_in22k_v5scr,last
ISIC_0033082,HAM_0002876,HAM_0002876,<40,ham,5,False,5,0.009368729,0.0076390198,0.005533585,0.063873865,0.008356444,0.8560389,0.049189493,0.025364194,,0.025364194,look,0,,42,look_f0_s42_in22k_v5scr,last
ISIC_0033088,HAM_0003927,HAM_0003927,60+,ham,2,False,4,0.010901612,0.0068147746,0.023304291,0.06016763,0.8531587,0.00414217,0.04151083,0.8708751,,0.8708751,look,0,,42,look_f0_s42_in22k_v5scr,last
ISIC_0033097,HAM_0003993,HAM_0003993,40-59,ham,5,False,5,0.010467696,0.006221542,0.006439219,0.07158448,0.004701258,0.8490478,0.05153804,0.021390496,,0.021390496,look,0,,42,look_f0_s42_in22k_v5scr,last
ISIC_0033110,HAM_0005814,HAM_0005814,<40,ham,5,False,5,0.007961602,0.004839462,0.0055815643,0.06088664,0.0052016918,0.8701659,0.045363136,0.018002756,,0.018002756,look,0,,42,look_f0_s42_in22k_v5scr,last
ISIC_0033124,HAM_0002372,HAM_0002372,60+,ham,2,False,2,0.01509852,0.015202782,0.4773383,0.10550684,0.041542,0.2597072,0.08560424,0.071843304,,0.071843304,look,0,,42,look_f0_s42_in22k_v5scr,last
ISIC_0033126,HAM_0007005,HAM_0007005,40-59,ham,5,False,5,0.010394802,0.006395461,0.0073218946,0.062126696,0.005693812,0.86034536,0.047721922,0.022484075,,0.022484075,look,0,,42,look_f0_s42_in22k_v5scr,last
ISIC_0033129,HAM_0004811,HAM_0004811,40-59,ham,4,True,4,0.013138284,0.003426625,0.00761538,0.06327078,0.86701554,0.006629001,0.038904354,0.88358045,,0.88358045,look,0,,42,look_f0_s42_in22k_v5scr,last
ISIC_0033137,HAM_0005116,HAM_0005116,<40,ham,5,False,5,0.010181839,0.0061633918,0.0054207495,0.0592351,0.0051569557,0.8621295,0.051712453,0.021502186,,0.021502186,look,0,,42,look_f0_s42_in22k_v5scr,last
ISIC_0033138,HAM_0004550,HAM_0004550,<40,ham,5,False,5,0.0085034715,0.0052514398,0.00629392,0.06471073,0.006249864,0.8628894,0.04610111,0.020004775,,0.020004775,look,0,,42,look_f0_s42_in22k_v5scr,last
ISIC_0033149,HAM_0007433,HAM_0007433,40-59,ham,5,False,5,0.010749357,0.005993931,0.00638926,0.06821645,0.0048935385,0.8564676,0.04728986,0.021636825,,0.021636825,look,0,,42,look_f0_s42_in22k_v5scr,last
ISIC_0033161,HAM_0003968,HAM_0003968,<40,ham,5,False,5,0.011379037,0.0067121373,0.008406205,0.07392489,0.0044435062,0.8440633,0.051071003,0.02253468,,0.02253468,look,0,,42,look_f0_s42_in22k_v5scr,last
ISIC_0033172,HAM_0001692,HAM_0001692,40-59,ham,5,False,5,0.009978477,0.0056224535,0.005614708,0.06756618,0.007930371,0.8545901,0.048697628,0.023531303,,0.023531303,look,0,,42,look_f0_s42_in22k_v5scr,last
ISIC_0033199,HAM_0006673,HAM_0006673,60+,ham,2,False,2,0.0066239606,0.004668953,0.8946152,0.050128788,0.00488365,0.0028606723,0.036218874,0.016176565,,0.016176565,look,0,,42,look_f0_s42_in22k_v5scr,last
ISIC_0033204,HAM_0006886,HAM_0006886,40-59,ham,4,True,4,0.009313004,0.0042394963,0.0060666096,0.05853117,0.8749334,0.0035297142,0.043386634,0.8884859,,0.8884859,look,0,,42,look_f0_s42_in22k_v5scr,last
ISIC_0033208,HAM_0004345,HAM_0004345,40-59,ham,5,False,5,0.010597891,0.0069322106,0.008373338,0.06805628,0.004270042,0.85134965,0.050420646,0.021800144,,0.021800144,look,0,,42,look_f0_s42_in22k_v5scr,last
ISIC_0033214,HAM_0005513,HAM_0005513,<40,ham,5,False,5,0.0077516236,0.0051120063,0.005821896,0.059507128,0.003219056,0.87562495,0.04296336,0.016082685,,0.016082685,look,0,,42,look_f0_s42_in22k_v5scr,last
ISIC_0033222,HAM_0000547,HAM_0000547,40-59,ham,5,False,4,0.007761776,0.005896238,0.008579515,0.07124655,0.8278407,0.023712367,0.054962933,0.8414987,,0.8414987,look,0,,42,look_f0_s42_in22k_v5scr,last
ISIC_0033229,HAM_0005513,HAM_0005513,<40,ham,5,False,5,0.009023358,0.0064295167,0.006233725,0.06279333,0.0059643174,0.8637092,0.045846637,0.021417193,,0.021417193,look,0,,42,look_f0_s42_in22k_v5scr,last
ISIC_0033253,HAM_0002434,HAM_0002434,40-59,ham,5,False,5,0.009795124,0.0041184532,0.0042540003,0.06767449,0.010587948,0.8539256,0.04964436,0.024501525,,0.024501525,look,0,,42,look_f0_s42_in22k_v5scr,last
ISIC_0033255,HAM_0005513,HAM_0005513,<40,ham,5,False,5,0.007893194,0.0053425524,0.005930214,0.05865151,0.0039215786,0.8760558,0.042205215,0.017157326,,0.017157326,look,0,,42,look_f0_s42_in22k_v5scr,last
ISIC_0033256,HAM_0005584,HAM_0005584,<40,ham,3,False,3,0.019037569,0.00013655396,0.010995094,0.95640934,0.0038689366,0.0010493414,0.008503162,0.023043059,,0.023043059,look,0,,42,look_f0_s42_in22k_v5scr,last
ISIC_0033266,HAM_0005566,HAM_0005566,60+,ham,5,False,4,0.013632473,0.0072140056,0.010020996,0.06911075,0.8064754,0.045944486,0.04760185,0.8273219,,0.8273219,look,0,,42,look_f0_s42_in22k_v5scr,last
ISIC_0033279,HAM_0006802,HAM_0006802,40-59,ham,4,True,4,0.009543135,0.004276351,0.0051875873,0.06830418,0.8359381,0.029601473,0.047149133,0.84975755,,0.84975755,look,0,,42,look_f0_s42_in22k_v5scr,last
ISIC_0033286,HAM_0005758,HAM_0005758,60+,ham,4,True,4,0.0067718974,0.003179079,0.0039449227,0.05261745,0.8906578,0.0018444617,0.040984347,0.9006088,,0.9006088,look,0,,42,look_f0_s42_in22k_v5scr,last
ISIC_0033287,HAM_0001928,HAM_0001928,40-59,ham,4,True,4,0.015707374,0.005330727,0.04448617,0.09577085,0.6461933,0.14742343,0.045088097,0.66723144,,0.66723144,look,0,,42,look_f0_s42_in22k_v5scr,last
ISIC_0033297,HAM_0000407,HAM_0000407,60+,ham,5,False,5,0.01132679,0.0055921907,0.006145869,0.06798446,0.0065240003,0.84882826,0.053598493,0.02344298,,0.02344298,look,0,,42,look_f0_s42_in22k_v5scr,last
ISIC_0033303,HAM_0005740,HAM_0005740,<40,ham,5,False,5,0.010605954,0.0056115733,0.0062449514,0.06014948,0.004137484,0.8692578,0.04399286,0.02035501,,0.02035501,look,0,,42,look_f0_s42_in22k_v5scr,last
ISIC_0033305,HAM_0003218,HAM_0003218,60+,ham,2,False,2,0.008275257,0.004725679,0.8900411,0.053907078,0.0038800666,0.0034458558,0.03572495,0.016881002,,0.016881002,look,0,,42,look_f0_s42_in22k_v5scr,last
ISIC_0033309,HAM_0002136,HAM_0002136,60+,ham,5,False,5,0.010288211,0.0054298053,0.006811953,0.062225994,0.024555597,0.8373758,0.053312723,0.040273614,,0.040273614,look,0,,42,look_f0_s42_in22k_v5scr,last
ISIC_0033310,HAM_0000119,HAM_0000119,60+,ham,4,True,4,0.009225545,0.008733659,0.0053400667,0.05354537,0.88334954,0.0037968375,0.036009,0.9013087,,0.9013087,look,0,,42,look_f0_s42_in22k_v5scr,last
ISIC_0033319,HAM_0005972,HAM_0005972,<40,ham,5,False,5,0.008649598,0.006468779,0.0062246015,0.062759176,0.0047395388,0.8664872,0.04467122,0.019857917,,0.019857917,look,0,,42,look_f0_s42_in22k_v5scr,last
ISIC_0033326,HAM_0001692,HAM_0001692,40-59,ham,5,False,5,0.010123494,0.0059450157,0.0054290174,0.06887542,0.0076524005,0.85272276,0.04925188,0.02372091,,0.02372091,look,0,,42,look_f0_s42_in22k_v5scr,last
ISIC_0033333,HAM_0006445,HAM_0006445,60+,ham,4,True,4,0.007013653,0.003292672,0.005195028,0.06036937,0.8794274,0.007226849,0.037475098,0.8897337,,0.8897337,look,0,,42,look_f0_s42_in22k_v5scr,last
ISIC_0033339,HAM_0000316,HAM_0000316,40-59,ham,5,False,5,0.0066134105,0.0027780118,0.0061791325,0.049697302,0.0030829615,0.88627285,0.045376297,0.012474384,,0.012474384,look,0,,42,look_f0_s42_in22k_v5scr,last
ISIC_0033345,HAM_0006147,HAM_0006147,40-59,ham,5,False,5,0.012235699,0.006227526,0.0074546416,0.10162525,0.097715326,0.700014,0.07472753,0.11617855,,0.11617855,look,0,,42,look_f0_s42_in22k_v5scr,last
ISIC_0033350,HAM_0004099,HAM_0004099,40-59,ham,5,False,4,0.010730798,0.0031856664,0.004306574,0.05832018,0.80675375,0.07289185,0.043811124,0.82067025,,0.82067025,look,0,,42,look_f0_s42_in22k_v5scr,last
ISIC_0033353,HAM_0001000,HAM_0001000,unknown,ham,5,False,5,0.011565145,0.0070467615,0.0055150017,0.071607776,0.003973218,0.84759235,0.052699696,0.022585124,,0.022585124,look,0,,42,look_f0_s42_in22k_v5scr,last
ISIC_0033354,HAM_0003887,HAM_0003887,60+,ham,1,True,1,0.008424072,0.89649665,0.004126077,0.050963193,0.0034193404,0.0031443245,0.033426233,0.90834004,,0.90834004,look,0,,42,look_f0_s42_in22k_v5scr,last
ISIC_0033368,HAM_0005809,HAM_0005809,40-59,ham,4,True,4,0.007001724,0.0033036543,0.0047357427,0.05759036,0.8731181,0.012148089,0.042102333,0.8834235,,0.8834235,look,0,,42,look_f0_s42_in22k_v5scr,last
ISIC_0033377,HAM_0004056,HAM_0004056,40-59,ham,4,True,4,0.00967658,0.0039774464,0.008376647,0.054178424,0.8801994,0.006815249,0.03677634,0.8938534,,0.8938534,look,0,,42,look_f0_s42_in22k_v5scr,last
ISIC_0033385,HAM_0001321,HAM_0001321,60+,ham,5,False,4,0.013508808,0.0050606322,0.11133087,0.097756036,0.6957362,0.0153333945,0.061273985,0.71430564,,0.71430564,look,0,,42,look_f0_s42_in22k_v5scr,last
ISIC_0033386,HAM_0002750,HAM_0002750,60+,ham,5,False,5,0.010368429,0.006043046,0.0060732444,0.0695387,0.007223628,0.8532348,0.047518197,0.023635104,,0.023635104,look,0,,42,look_f0_s42_in22k_v5scr,last
ISIC_0033392,HAM_0003174,HAM_0003174,60+,ham,4,True,4,0.010145682,0.0047133164,0.047849193,0.08710714,0.79012847,0.0032005997,0.056855712,0.8049875,,0.8049875,look,0,,42,look_f0_s42_in22k_v5scr,last
ISIC_0033393,HAM_0002617,HAM_0002617,60+,ham,4,True,4,0.016041586,0.008572112,0.008296789,0.108033575,0.49320117,0.27223563,0.093619116,0.5178149,,0.5178149,look,0,,42,look_f0_s42_in22k_v5scr,last
ISIC_0033415,HAM_0004927,HAM_0004927,60+,ham,4,True,4,0.017727684,0.005426807,0.0105325375,0.065679274,0.8595587,0.002787045,0.038287986,0.8827132,,0.8827132,look,0,,42,look_f0_s42_in22k_v5scr,last
ISIC_0033426,HAM_0001143,HAM_0001143,40-59,ham,4,True,4,0.0070131226,0.0035783164,0.004798296,0.058002952,0.88465685,0.002650073,0.039300308,0.8952483,,0.8952483,look,0,,42,look_f0_s42_in22k_v5scr,last
ISIC_0033469,HAM_0006437,HAM_0006437,60+,ham,4,True,4,0.0068388144,0.003061834,0.00886353,0.054136068,0.8825221,0.006399257,0.0381784,0.89242274,,0.89242274,look,0,,42,look_f0_s42_in22k_v5scr,last
ISIC_0033471,HAM_0001321,HAM_0001321,60+,ham,5,False,5,0.008200003,0.0036245447,0.024971632,0.07917555,0.22181901,0.61216515,0.05004403,0.23364356,,0.23364356,look,0,,42,look_f0_s42_in22k_v5scr,last
ISIC_0033472,HAM_0003352,HAM_0003352,<40,ham,5,False,5,0.0058705313,0.0034765431,0.0047184993,0.05534188,0.0073262383,0.8852529,0.038013253,0.016673313,,0.016673313,look,0,,42,look_f0_s42_in22k_v5scr,last
ISIC_0033474,HAM_0003364,HAM_0003364,40-59,ham,5,False,5,0.012375465,0.0068118037,0.005841754,0.06438092,0.0054306653,0.8570211,0.048138294,0.024617933,,0.024617933,look,0,,42,look_f0_s42_in22k_v5scr,last
ISIC_0033484,HAM_0000556,HAM_0000556,40-59,ham,5,False,5,0.009792484,0.00442054,0.0055016438,0.06472161,0.011774662,0.8586717,0.045117244,0.025987685,,0.025987685,look,0,,42,look_f0_s42_in22k_v5scr,last
ISIC_0033486,HAM_0006018,HAM_0006018,60+,ham,2,False,1,0.008542099,0.57690996,0.063094385,0.123155214,0.11470836,0.019724907,0.09386508,0.70016044,,0.70016044,look,0,,42,look_f0_s42_in22k_v5scr,last
ISIC_0033495,HAM_0003968,HAM_0003968,<40,ham,5,False,5,0.016356472,0.010748544,0.008923352,0.07306706,0.018359713,0.8333625,0.039182357,0.045464728,,0.045464728,look,0,,42,look_f0_s42_in22k_v5scr,last
ISIC_0033499,HAM_0003072,HAM_0003072,60+,ham,1,True,1,0.012593526,0.896118,0.005734982,0.045500524,0.0035743455,0.0024304097,0.034048244,0.91228586,,0.91228586,look,0,,42,look_f0_s42_in22k_v5scr,last
ISIC_0033510,HAM_0000547,HAM_0000547,40-59,ham,5,False,4,0.0054549,0.0050046006,0.005602241,0.061758388,0.85700357,0.019348877,0.045827385,0.86746305,,0.86746305,look,0,,42,look_f0_s42_in22k_v5scr,last
ISIC_0033511,HAM_0006147,HAM_0006147,40-59,ham,5,False,5,0.009049004,0.004935295,0.0053169313,0.06266018,0.007720421,0.8625065,0.0478117,0.021704718,,0.021704718,look,0,,42,look_f0_s42_in22k_v5scr,last
ISIC_0033518,HAM_0002952,HAM_0002952,60+,ham,4,True,4,0.0068143355,0.0033777414,0.0053491024,0.047598142,0.8986547,0.0032196103,0.03498638,0.9088468,,0.9088468,look,0,,42,look_f0_s42_in22k_v5scr,last
ISIC_0033523,HAM_0003770,HAM_0003770,60+,ham,2,False,2,0.0076358155,0.0036175484,0.89671403,0.047027085,0.006633583,0.0028826157,0.035489377,0.017886948,,0.017886948,look,0,,42,look_f0_s42_in22k_v5scr,last
ISIC_0033528,HAM_0000080,HAM_0000080,60+,ham,2,False,2,0.03531018,0.004588597,0.8464516,0.0721769,0.0026949563,0.0032854201,0.03549243,0.042593732,,0.042593732,look,0,,42,look_f0_s42_in22k_v5scr,last
ISIC_0033535,HAM_0003017,HAM_0003017,unknown,ham,5,False,5,0.010770203,0.0068633105,0.008416533,0.06541984,0.018261502,0.84049946,0.04976923,0.035895012,,0.035895012,look,0,,42,look_f0_s42_in22k_v5scr,last
ISIC_0033540,HAM_0000556,HAM_0000556,40-59,ham,5,False,5,0.014130752,0.007313124,0.0067013423,0.069275044,0.0058873836,0.84169376,0.05499853,0.02733126,,0.02733126,look,0,,42,look_f0_s42_in22k_v5scr,last
ISIC_0033542,HAM_0001613,HAM_0001613,60+,ham,5,False,5,0.010496076,0.0053836606,0.006189332,0.066680074,0.006225591,0.8543225,0.05070278,0.022105329,,0.022105329,look,0,,42,look_f0_s42_in22k_v5scr,last
ISIC_0033546,HAM_0000055,HAM_0000055,40-59,ham,4,True,5,0.008829513,0.0043082302,0.004683066,0.062424544,0.010180876,0.86131334,0.048260454,0.023318619,,0.023318619,look,0,,42,look_f0_s42_in22k_v5scr,last
ISIC_0033558,HAM_0005740,HAM_0005740,<40,ham,5,False,5,0.014361081,0.0076223863,0.0068498184,0.07012097,0.0040349634,0.8473628,0.049648017,0.02601843,,0.02601843,look,0,,42,look_f0_s42_in22k_v5scr,last
ISIC_0033581,HAM_0001855,HAM_0001855,60+,ham,2,False,2,0.007763672,0.00617572,0.86937726,0.062366333,0.0064124675,0.005850426,0.04205417,0.020351859,,0.020351859,look,0,,42,look_f0_s42_in22k_v5scr,last
ISIC_0033585,HAM_0005972,HAM_0005972,<40,ham,5,False,5,0.011287972,0.0055096853,0.0066993483,0.06904755,0.0033978838,0.8563475,0.047710042,0.020195542,,0.020195542,look,0,,42,look_f0_s42_in22k_v5scr,last
ISIC_0033590,HAM_0005740,HAM_0005740,<40,ham,5,False,5,0.010668458,0.00611013,0.0064725424,0.0686299,0.0052576275,0.852298,0.050563306,0.022036215,,0.022036215,look,0,,42,look_f0_s42_in22k_v5scr,last
ISIC_0033598,HAM_0005496,HAM_0005496,<40,ham,5,False,5,0.009164024,0.0057699904,0.0066062985,0.06604017,0.0044307546,0.8584931,0.049495813,0.019364769,,0.019364769,look,0,,42,look_f0_s42_in22k_v5scr,last
ISIC_0033604,HAM_0000772,HAM_0000772,<40,ham,5,False,5,0.010665224,0.0065594683,0.0057056593,0.06608678,0.0060869013,0.8580731,0.046822816,0.023311593,,0.023311593,look,0,,42,look_f0_s42_in22k_v5scr,last
ISIC_0033605,HAM_0003884,HAM_0003884,<40,ham,5,False,5,0.009379843,0.005220891,0.005405359,0.06328651,0.006251088,0.8638975,0.046558775,0.020851823,,0.020851823,look,0,,42,look_f0_s42_in22k_v5scr,last
ISIC_0033619,HAM_0005748,HAM_0005748,40-59,ham,4,True,5,0.00958746,0.007058093,0.007384194,0.06322774,0.010001744,0.85153663,0.051204264,0.026647296,,0.026647296,look,0,,42,look_f0_s42_in22k_v5scr,last
ISIC_0033620,HAM_0003807,HAM_0003807,40-59,ham,2,False,5,0.011254349,0.005598892,0.0075282655,0.064886376,0.0036335357,0.85682374,0.050274737,0.020486778,,0.020486778,look,0,,42,look_f0_s42_in22k_v5scr,last
ISIC_0033623,HAM_0004202,HAM_0004202,40-59,ham,5,False,5,0.010584927,0.0061078793,0.005226733,0.065236144,0.0053372122,0.8604001,0.047107056,0.022030018,,0.022030018,look,0,,42,look_f0_s42_in22k_v5scr,last
ISIC_0033642,HAM_0006018,HAM_0006018,60+,ham,2,False,1,0.012265129,0.40436965,0.19351481,0.1696063,0.08009227,0.020038087,0.1201138,0.49672705,,0.49672705,look,0,,42,look_f0_s42_in22k_v5scr,last
ISIC_0033644,HAM_0002993,HAM_0002993,40-59,ham,4,True,4,0.010158813,0.006191139,0.005377175,0.055854242,0.87967277,0.0036049695,0.039140932,0.89602274,,0.89602274,look,0,,42,look_f0_s42_in22k_v5scr,last
ISIC_0033699,HAM_0004714,HAM_0004714,<40,ham,5,False,5,0.009807096,0.0061793304,0.0051180343,0.0633358,0.0050829393,0.8687509,0.041725907,0.021069365,,0.021069365,look,0,,42,look_f0_s42_in22k_v5scr,last
ISIC_0033702,HAM_0003884,HAM_0003884,<40,ham,5,False,5,0.009918979,0.005427458,0.0056305397,0.0668051,0.0061792103,0.85796475,0.048073936,0.021525647,,0.021525647,look,0,,42,look_f0_s42_in22k_v5scr,last
ISIC_0033706,HAM_0003993,HAM_0003993,40-59,ham,5,False,5,0.011710326,0.006848379,0.0065459404,0.070375994,0.00590374,0.84780276,0.050812963,0.024462445,,0.024462445,look,0,,42,look_f0_s42_in22k_v5scr,last
ISIC_0033712,HAM_0000407,HAM_0000407,60+,ham,5,False,5,0.013505146,0.006128293,0.007237178,0.067601085,0.009695264,0.84136206,0.05447091,0.029328702,,0.029328702,look,0,,42,look_f0_s42_in22k_v5scr,last
ISIC_0033717,HAM_0006445,HAM_0006445,60+,ham,4,True,5,0.0077467756,0.0056315474,0.0048133014,0.09427412,0.09622269,0.72347856,0.06783297,0.10960101,,0.10960101,look,0,,42,look_f0_s42_in22k_v5scr,last
ISIC_0033725,HAM_0001928,HAM_0001928,40-59,ham,4,True,4,0.007562746,0.0050506447,0.0049363244,0.058711108,0.8815229,0.004312237,0.03790408,0.8941363,,0.8941363,look,0,,42,look_f0_s42_in22k_v5scr,last
ISIC_0033743,HAM_0001026,HAM_0001026,<40,ham,5,False,5,0.011158447,0.0057438384,0.017594777,0.07318825,0.0071335095,0.8380708,0.047110304,0.024035795,,0.024035795,look,0,,42,look_f0_s42_in22k_v5scr,last
ISIC_0033746,HAM_0002135,HAM_0002135,40-59,ham,5,False,4,0.021116866,0.007473485,0.0076108994,0.10586856,0.5619008,0.22133729,0.07469206,0.5904912,,0.5904912,look,0,,42,look_f0_s42_in22k_v5scr,last
ISIC_0033759,HAM_0002923,HAM_0002923,40-59,ham,5,False,5,0.008631543,0.005374245,0.006809739,0.06522684,0.005648491,0.86137825,0.04693085,0.019654278,,0.019654278,look,0,,42,look_f0_s42_in22k_v5scr,last
ISIC_0033764,HAM_0007299,HAM_0007299,40-59,ham,5,False,4,0.010170498,0.005291146,0.011665004,0.06291923,0.8356969,0.031533048,0.042724147,0.8511585,,0.8511585,look,0,,42,look_f0_s42_in22k_v5scr,last
ISIC_0033769,HAM_0006284,HAM_0006284,<40,ham,5,False,5,0.009627071,0.006226101,0.006377272,0.06473832,0.006255732,0.8585471,0.04822844,0.022108905,,0.022108905,look,0,,42,look_f0_s42_in22k_v5scr,last
ISIC_0033774,HAM_0003057,HAM_0003057,40-59,ham,5,False,5,0.010036321,0.0057535307,0.005735047,0.0697595,0.016790608,0.8388512,0.053073794,0.032580458,,0.032580458,look,0,,42,look_f0_s42_in22k_v5scr,last
ISIC_0033781,HAM_0001211,HAM_0001211,40-59,ham,5,False,5,0.011332477,0.0075843446,0.00658758,0.07070838,0.0055244095,0.8446066,0.05365628,0.024441233,,0.024441233,look,0,,42,look_f0_s42_in22k_v5scr,last
ISIC_0033794,HAM_0007052,HAM_0007052,40-59,ham,5,False,5,0.018996703,0.011454418,0.1595376,0.11503405,0.008183162,0.6054636,0.08133048,0.03863428,,0.03863428,look,0,,42,look_f0_s42_in22k_v5scr,last
ISIC_0033798,HAM_0006539,HAM_0006539,40-59,ham,5,False,5,0.008520256,0.004968312,0.00534796,0.05879672,0.00486283,0.87659764,0.04090633,0.018351398,,0.018351398,look,0,,42,look_f0_s42_in22k_v5scr,last
ISIC_0033813,HAM_0000423,HAM_0000423,40-59,ham,4,True,4,0.007841089,0.0050577982,0.0032820713,0.05489847,0.8578276,0.029350601,0.0417423,0.87072647,,0.87072647,look,0,,42,look_f0_s42_in22k_v5scr,last
ISIC_0033828,HAM_0001954,HAM_0001954,40-59,ham,2,False,2,0.0064083054,0.0029334645,0.89187825,0.05269039,0.00544629,0.0063002836,0.03434304,0.0147880595,,0.0147880595,look,0,,42,look_f0_s42_in22k_v5scr,last
ISIC_0033843,HAM_0002952,HAM_0002952,60+,ham,4,True,4,0.007113454,0.0030225143,0.0069749495,0.05399269,0.8835121,0.0029606142,0.042423643,0.893648,,0.893648,look,0,,42,look_f0_s42_in22k_v5scr,last
ISIC_0033848,HAM_0000002,HAM_0000002,60+,ham,4,True,4,0.008345957,0.0050920234,0.0050314157,0.053561263,0.8846628,0.0025959327,0.040710554,0.8981008,,0.8981008,look,0,,42,look_f0_s42_in22k_v5scr,last
ISIC_0033854,HAM_0004246,HAM_0004246,60+,ham,2,False,5,0.007479835,0.0046250992,0.0051591587,0.06254569,0.0027381554,0.86738026,0.05007181,0.0148430895,,0.0148430895,look,0,,42,look_f0_s42_in22k_v5scr,last
ISIC_0033865,HAM_0000080,HAM_0000080,60+,ham,2,False,2,0.24470517,0.007628376,0.5458138,0.1266362,0.0034956473,0.005849757,0.06587106,0.2558292,,0.2558292,look,0,,42,look_f0_s42_in22k_v5scr,last
ISIC_0033877,HAM_0004237,HAM_0004237,unknown,ham,5,False,5,0.01098423,0.0074974364,0.0069652656,0.06404908,0.004699781,0.8590794,0.04672479,0.023181448,,0.023181448,look,0,,42,look_f0_s42_in22k_v5scr,last
ISIC_0033895,HAM_0004348,HAM_0004348,40-59,ham,5,False,5,0.009627794,0.005127493,0.006336326,0.06495957,0.005346665,0.8632744,0.04532773,0.020101951,,0.020101951,look,0,,42,look_f0_s42_in22k_v5scr,last
ISIC_0033898,HAM_0003812,HAM_0003812,40-59,ham,5,False,5,0.011572399,0.0061308662,0.0068075955,0.06948157,0.00508254,0.8494908,0.05143428,0.022785805,,0.022785805,look,0,,42,look_f0_s42_in22k_v5scr,last
ISIC_0033902,HAM_0000048,HAM_0000048,60+,ham,4,True,4,0.009704496,0.007238159,0.007095324,0.058299486,0.8757121,0.004269683,0.037680797,0.8926548,,0.8926548,look,0,,42,look_f0_s42_in22k_v5scr,last
ISIC_0033913,HAM_0001855,HAM_0001855,60+,ham,2,False,2,0.008491166,0.006607578,0.8699766,0.06536499,0.0060862517,0.004028708,0.039444745,0.021184996,,0.021184996,look,0,,42,look_f0_s42_in22k_v5scr,last
ISIC_0033915,HAM_0004714,HAM_0004714,<40,ham,5,False,5,0.012900309,0.007949935,0.008088921,0.06934493,0.0060699806,0.848635,0.047010843,0.026920225,,0.026920225,look,0,,42,look_f0_s42_in22k_v5scr,last
ISIC_0033916,HAM_0005641,HAM_0005641,60+,ham,5,False,5,0.011412532,0.0053871106,0.005214383,0.06578319,0.0047465316,0.85937035,0.04808601,0.021546176,,0.021546176,look,0,,42,look_f0_s42_in22k_v5scr,last
ISIC_0033934,HAM_0007299,HAM_0007299,40-59,ham,5,False,4,0.014824322,0.005229231,0.006421908,0.061092313,0.84724617,0.024693014,0.040492993,0.86729974,,0.86729974,look,0,,42,look_f0_s42_in22k_v5scr,last
ISIC_0033941,HAM_0002434,HAM_0002434,40-59,ham,5,False,5,0.011483762,0.0063173017,0.007086545,0.076820455,0.016821804,0.8282583,0.05321191,0.03462287,,0.03462287,look,0,,42,look_f0_s42_in22k_v5scr,last
ISIC_0033950,HAM_0006334,HAM_0006334,40-59,ham,5,False,5,0.010257813,0.0036904512,0.006252271,0.07435328,0.010509324,0.84495103,0.049985763,0.024457589,,0.024457589,look,0,,42,look_f0_s42_in22k_v5scr,last
ISIC_0033951,HAM_0007433,HAM_0007433,40-59,ham,5,False,5,0.010821937,0.005610001,0.00701406,0.06514053,0.004205651,0.86199576,0.045212183,0.020637589,,0.020637589,look,0,,42,look_f0_s42_in22k_v5scr,last
ISIC_0033952,HAM_0000516,HAM_0000516,60+,ham,2,False,2,0.003900844,0.004049167,0.9035474,0.048756357,0.0051622153,0.0018185776,0.032765396,0.0131122265,,0.0131122265,look,0,,42,look_f0_s42_in22k_v5scr,last
ISIC_0033953,HAM_0006886,HAM_0006886,40-59,ham,4,True,4,0.0069803623,0.0031791283,0.010574799,0.05914467,0.87052774,0.010070143,0.03952318,0.88068724,,0.88068724,look,0,,42,look_f0_s42_in22k_v5scr,last
ISIC_0033957,HAM_0002617,HAM_0002617,60+,ham,4,True,5,0.009323844,0.0070341113,0.0047000702,0.06546557,0.015855685,0.83914244,0.058478244,0.03221364,,0.03221364,look,0,,42,look_f0_s42_in22k_v5scr,last
ISIC_0033958,HAM_0005206,HAM_0005206,40-59,ham,5,False,4,0.007903515,0.005943308,0.009862752,0.06273328,0.8489382,0.020642532,0.043976407,0.86278504,,0.86278504,look,0,,42,look_f0_s42_in22k_v5scr,last
ISIC_0033959,HAM_0002136,HAM_0002136,60+,ham,5,False,5,0.012481255,0.0064378018,0.007413007,0.078547634,0.005427779,0.8380258,0.051666804,0.024346838,,0.024346838,look,0,,42,look_f0_s42_in22k_v5scr,last
ISIC_0033961,HAM_0003884,HAM_0003884,<40,ham,5,False,5,0.008973958,0.0053183343,0.005437043,0.06258015,0.006256392,0.86502975,0.04640441,0.020548685,,0.020548685,look,0,,42,look_f0_s42_in22k_v5scr,last
ISIC_0033971,HAM_0007451,HAM_0007451,40-59,ham,5,False,5,0.0097445985,0.005795096,0.00692425,0.06527252,0.010349529,0.8558825,0.046031535,0.025889223,,0.025889223,look,0,,42,look_f0_s42_in22k_v5scr,last
ISIC_0033974,HAM_0002434,HAM_0002434,40-59,ham,5,False,5,0.010575701,0.005949776,0.0070491154,0.06999597,0.0071588904,0.84747934,0.051791232,0.023684368,,0.023684368,look,0,,42,look_f0_s42_in22k_v5scr,last
ISIC_0034014,HAM_0003993,HAM_0003993,40-59,ham,5,False,5,0.016696403,0.005110483,0.0078029637,0.06302062,0.020468287,0.83459735,0.052303866,0.042275175,,0.042275175,look,0,,42,look_f0_s42_in22k_v5scr,last
ISIC_0034015,HAM_0003216,HAM_0003216,60+,ham,1,True,2,0.017169021,0.2203688,0.594292,0.09741365,0.007437596,0.008183931,0.05513502,0.24497543,,0.24497543,look,0,,42,look_f0_s42_in22k_v5scr,last
ISIC_0034021,HAM_0005496,HAM_0005496,<40,ham,5,False,5,0.010002011,0.0058829277,0.0070970696,0.06817356,0.0049077845,0.8529013,0.05103532,0.020792725,,0.020792725,look,0,,42,look_f0_s42_in22k_v5scr,last
ISIC_0034031,HAM_0002372,HAM_0002372,60+,ham,2,False,4,0.003467109,0.0026907392,0.009770268,0.07776855,0.84198314,0.016071482,0.04824867,0.848141,,0.848141,look,0,,42,look_f0_s42_in22k_v5scr,last
ISIC_0034033,HAM_0005312,HAM_0005312,<40,ham,5,False,4,0.010191441,0.00549749,0.008728669,0.062344264,0.84365183,0.02675647,0.042829856,0.8593408,,0.8593408,look,0,,42,look_f0_s42_in22k_v5scr,last
ISIC_0034041,HAM_0005496,HAM_0005496,<40,ham,5,False,5,0.009417906,0.0056970483,0.00688054,0.065391816,0.004464621,0.8601122,0.048035868,0.019579576,,0.019579576,look,0,,42,look_f0_s42_in22k_v5scr,last
ISIC_0034051,HAM_0004056,HAM_0004056,40-59,ham,4,True,4,0.008965831,0.0049256636,0.007884312,0.06570838,0.8629636,0.0044364426,0.04511583,0.87685513,,0.87685513,look,0,,42,look_f0_s42_in22k_v5scr,last
ISIC_0034065,HAM_0005748,HAM_0005748,40-59,ham,4,True,5,0.010617429,0.0070497217,0.0068919994,0.0785365,0.07677789,0.75458413,0.06554233,0.09444504,,0.09444504,look,0,,42,look_f0_s42_in22k_v5scr,last
ISIC_0034075,HAM_0004209,HAM_0004209,40-59,ham,5,False,5,0.008720512,0.0052960766,0.0048479727,0.062171314,0.00732802,0.8662705,0.045365654,0.021344608,,0.021344608,look,0,,42,look_f0_s42_in22k_v5scr,last
ISIC_0034080,HAM_0000421,HAM_0000421,unknown,ham,5,False,5,0.009825319,0.0046881684,0.004418024,0.0651556,0.00615197,0.86422664,0.04553432,0.020665457,,0.020665457,look,0,,42,look_f0_s42_in22k_v5scr,last
ISIC_0034093,HAM_0003220,HAM_0003220,60+,ham,1,True,1,0.007537994,0.887369,0.0046677273,0.052667245,0.004867974,0.0035367322,0.039353337,0.89977497,,0.89977497,look,0,,42,look_f0_s42_in22k_v5scr,last
ISIC_0034098,HAM_0002876,HAM_0002876,<40,ham,5,False,5,0.008139476,0.006560061,0.0045590317,0.056181952,0.00615747,0.8729195,0.04548252,0.020857006,,0.020857006,look,0,,42,look_f0_s42_in22k_v5scr,last
ISIC_0034099,HAM_0007005,HAM_0007005,40-59,ham,5,False,5,0.009128965,0.005357634,0.0071936403,0.057964638,0.0074121514,0.86918294,0.043760013,0.02189875,,0.02189875,look,0,,42,look_f0_s42_in22k_v5scr,last
ISIC_0034104,HAM_0002993,HAM_0002993,40-59,ham,4,True,4,0.009377276,0.006218729,0.0063539166,0.058560267,0.8730802,0.0035343918,0.042875312,0.8886762,,0.8886762,look,0,,42,look_f0_s42_in22k_v5scr,last
ISIC_0034105,HAM_0004550,HAM_0004550,<40,ham,5,False,5,0.012167767,0.0067164623,0.00686592,0.071332306,0.006451079,0.84700733,0.049459144,0.025335308,,0.025335308,look,0,,42,look_f0_s42_in22k_v5scr,last
ISIC_0034107,HAM_0005809,HAM_0005809,40-59,ham,4,True,4,0.011259419,0.0067937807,0.0048864842,0.10118267,0.44677547,0.351112,0.077990204,0.46482867,,0.46482867,look,0,,42,look_f0_s42_in22k_v5scr,last
ISIC_0034117,HAM_0004927,HAM_0004927,60+,ham,4,True,4,0.01811885,0.0068549663,0.011281232,0.068527624,0.84928614,0.0026201324,0.043311067,0.87425995,,0.87425995,look,0,,42,look_f0_s42_in22k_v5scr,last
ISIC_0034120,HAM_0006445,HAM_0006445,60+,ham,4,True,4,0.006822851,0.0036294402,0.0052123796,0.0725337,0.81132656,0.05141473,0.049060337,0.82177883,,0.82177883,look,0,,42,look_f0_s42_in22k_v5scr,last
ISIC_0034130,HAM_0007172,HAM_0007172,unknown,ham,5,False,5,0.009277629,0.005208481,0.006883442,0.063074775,0.005000187,0.8656502,0.044905335,0.019486297,,0.019486297,look,0,,42,look_f0_s42_in22k_v5scr,last
ISIC_0034131,HAM_0005106,HAM_0005106,<40,ham,5,False,5,0.0067572156,0.00282262,0.0036170443,0.053480394,0.010189936,0.8847071,0.038425755,0.019769771,,0.019769771,look,0,,42,look_f0_s42_in22k_v5scr,last
ISIC_0034136,HAM_0002750,HAM_0002750,60+,ham,5,False,5,0.012483095,0.00880808,0.008785057,0.07224966,0.006148952,0.8395881,0.05193707,0.027440127,,0.027440127,look,0,,42,look_f0_s42_in22k_v5scr,last
ISIC_0034139,HAM_0006391,HAM_0006391,60+,ham,5,False,5,0.010591939,0.006392726,0.008546229,0.07349945,0.009526692,0.84240186,0.049041115,0.026511358,,0.026511358,look,0,,42,look_f0_s42_in22k_v5scr,last
ISIC_0034140,HAM_0005636,HAM_0005636,60+,ham,4,True,4,0.0101875495,0.032941867,0.010193079,0.065384224,0.8354284,0.005031522,0.040833313,0.8785578,,0.8785578,look,0,,42,look_f0_s42_in22k_v5scr,last
ISIC_0034144,HAM_0002923,HAM_0002923,40-59,ham,5,False,5,0.008861424,0.0051975227,0.007544237,0.060422953,0.0043590013,0.8696927,0.043922123,0.018417949,,0.018417949,look,0,,42,look_f0_s42_in22k_v5scr,last
ISIC_0034162,HAM_0000006,HAM_0000006,60+,ham,4,True,4,0.014813096,0.0061025,0.0057274513,0.07057944,0.84178054,0.004850075,0.056147,0.8626961,,0.8626961,look,0,,42,look_f0_s42_in22k_v5scr,last
ISIC_0034164,HAM_0002605,HAM_0002605,<40,ham,5,False,5,0.00835723,0.0043914462,0.0047770045,0.062415726,0.005971458,0.87062496,0.043462295,0.018720133,,0.018720133,look,0,,42,look_f0_s42_in22k_v5scr,last
ISIC_0034166,HAM_0004063,HAM_0004063,<40,ham,5,False,5,0.00956618,0.0062251315,0.005859836,0.06320869,0.005726321,0.86172885,0.047685053,0.021517633,,0.021517633,look,0,,42,look_f0_s42_in22k_v5scr,last
ISIC_0034172,HAM_0002617,HAM_0002617,60+,ham,4,True,4,0.016444067,0.009683548,0.0070551266,0.12076408,0.4321927,0.31134275,0.10251764,0.45832032,,0.45832032,look,0,,42,look_f0_s42_in22k_v5scr,last
ISIC_0034175,HAM_0003770,HAM_0003770,60+,ham,2,False,2,0.0049086343,0.003114762,0.9144359,0.03821069,0.0047638183,0.0042104083,0.030355716,0.0127872145,,0.0127872145,look,0,,42,look_f0_s42_in22k_v5scr,last
ISIC_0034187,HAM_0002476,HAM_0002476,<40,ham,5,False,5,0.007333308,0.005955297,0.006489798,0.05876115,0.004535899,0.8748029,0.042121697,0.017824505,,0.017824505,look,0,,42,look_f0_s42_in22k_v5scr,last
ISIC_0034209,HAM_0001547,HAM_0001547,<40,ham,5,False,4,0.010005516,0.004331507,0.011257334,0.058366336,0.8687466,0.0041138283,0.043178935,0.8830836,,0.8830836,look,0,,42,look_f0_s42_in22k_v5scr,last
ISIC_0034223,HAM_0003216,HAM_0003216,60+,ham,1,True,1,0.0072458847,0.83633274,0.028920919,0.06458765,0.008131785,0.0073527326,0.047428243,0.85171044,,0.85171044,look,0,,42,look_f0_s42_in22k_v5scr,last
ISIC_0034231,HAM_0005312,HAM_0005312,<40,ham,5,False,5,0.014166913,0.006025358,0.0076025357,0.11753719,0.083893746,0.69099957,0.07977469,0.10408602,,0.10408602,look,0,,42,look_f0_s42_in22k_v5scr,last
ISIC_0034246,HAM_0000002,HAM_0000002,60+,ham,4,True,4,0.008258596,0.005338651,0.00494238,0.05427195,0.8832813,0.003429777,0.040477287,0.89687854,,0.89687854,look,0,,42,look_f0_s42_in22k_v5scr,last
ISIC_0034254,HAM_0002616,HAM_0002616,40-59,ham,5,False,2,0.01141688,0.0051747756,0.8806155,0.045427702,0.0056265853,0.018332154,0.033406526,0.022218242,,0.022218242,look,0,,42,look_f0_s42_in22k_v5scr,last
ISIC_0034256,HAM_0005636,HAM_0005636,60+,ham,4,True,4,0.010890222,0.18246645,0.047215864,0.1207447,0.56508404,0.0071173925,0.0664813,0.75844073,,0.75844073,look,0,,42,look_f0_s42_in22k_v5scr,last
ISIC_0034267,HAM_0005116,HAM_0005116,<40,ham,5,False,5,0.009373352,0.0056406464,0.0052922308,0.06088315,0.0057273763,0.86159545,0.051487885,0.020741375,,0.020741375,look,0,,42,look_f0_s42_in22k_v5scr,last
ISIC_0034271,HAM_0000443,HAM_0000443,<40,ham,5,False,5,0.01139042,0.006348094,0.006207072,0.06516785,0.003847867,0.86138713,0.045651615,0.02158638,,0.02158638,look,0,,42,look_f0_s42_in22k_v5scr,last
ISIC_0034272,HAM_0002329,HAM_0002329,40-59,ham,5,False,5,0.011700549,0.008034271,0.008357027,0.075667486,0.0062639304,0.8365638,0.053412993,0.02599875,,0.02599875,look,0,,42,look_f0_s42_in22k_v5scr,last
ISIC_0034279,HAM_0000556,HAM_0000556,40-59,ham,5,False,5,0.014473981,0.0065712067,0.0056334734,0.06845357,0.012174971,0.8321016,0.06059126,0.033220157,,0.033220157,look,0,,42,look_f0_s42_in22k_v5scr,last
ISIC_0034293,HAM_0004099,HAM_0004099,40-59,ham,5,False,5,0.010427687,0.0048099994,0.005427144,0.06603437,0.0066812485,0.861406,0.045213457,0.021918936,,0.021918936,look,0,,42,look_f0_s42_in22k_v5scr,last
ISIC_0034297,HAM_0001547,HAM_0001547,<40,ham,5,False,5,0.018189011,0.0047175353,0.008874479,0.1056032,0.08138756,0.71328914,0.06793912,0.10429411,,0.10429411,look,0,,42,look_f0_s42_in22k_v5scr,last
ISIC_0034303,HAM_0002372,HAM_0002372,60+,ham,2,False,5,0.012247471,0.024826752,0.12012509,0.12851095,0.27077183,0.34838507,0.09513288,0.30784607,,0.30784607,look,0,,42,look_f0_s42_in22k_v5scr,last
ISIC_0034309,HAM_0003810,HAM_0003810,40-59,ham,5,False,5,0.010939173,0.0063536325,0.006255612,0.06622619,0.0053650877,0.8594351,0.045425255,0.022657894,,0.022657894,look,0,,42,look_f0_s42_in22k_v5scr,last
ISIC_0034311,HAM_0007124,HAM_0007124,40-59,ham,5,False,5,0.008371953,0.0050629573,0.005858256,0.061206955,0.0052337605,0.87302125,0.041244898,0.01866867,,0.01866867,look,0,,42,look_f0_s42_in22k_v5scr,last
ISIC_0053459,BCN_0003316,BCN_0003316,60+,bcn20000,5,False,4,0.013752049,0.008322505,0.012488145,0.14845668,0.63333434,0.10825558,0.075390756,0.6554089,,0.6554089,look,0,,42,look_f0_s42_in22k_v5scr,last
ISIC_0053464,BCN_0004756,BCN_0004756,<40,bcn20000,5,False,5,0.0092272675,0.0059927795,0.0060073305,0.0633953,0.0048167394,0.8620456,0.04851497,0.020036787,,0.020036787,look,0,,42,look_f0_s42_in22k_v5scr,last
ISIC_0053474,BCN_0003781,BCN_0003781,40-59,bcn20000,1,True,1,0.010153268,0.88963646,0.0050080125,0.051887106,0.0032007962,0.00257329,0.03754108,0.9029905,,0.9029905,look,0,,42,look_f0_s42_in22k_v5scr,last
ISIC_0053478,BCN_0002140,BCN_0002140,60+,bcn20000,0,True,2,0.042555183,0.0048497156,0.46644866,0.12569258,0.0091300085,0.25773877,0.09358509,0.05653491,,0.05653491,look,0,,42,look_f0_s42_in22k_v5scr,last
ISIC_0053497,BCN_0000384,BCN_0000384,60+,bcn20000,5,False,5,0.011058278,0.007521988,0.008772434,0.07096307,0.004825246,0.84667337,0.050185505,0.023405511,,0.023405511,look,0,,42,look_f0_s42_in22k_v5scr,last
ISIC_0053504,BCN_0001106,BCN_0001106,60+,bcn20000,1,True,4,0.04024057,0.060391724,0.013552382,0.27114177,0.4858708,0.0008915985,0.12791108,0.5865031,,0.5865031,look,0,,42,look_f0_s42_in22k_v5scr,last
ISIC_0053507,BCN_0000822,BCN_0000822,60+,bcn20000,4,True,5,0.0057034194,0.003295556,0.008773164,0.07893491,0.0661295,0.78748554,0.049677815,0.07512847,,0.07512847,look,0,,42,look_f0_s42_in22k_v5scr,last
ISIC_0053542,BCN_0002079,BCN_0002079,40-59,bcn20000,4,True,4,0.03153113,0.0039555053,0.011349666,0.07505299,0.83049834,0.0025722804,0.045040164,0.865985,,0.865985,look,0,,42,look_f0_s42_in22k_v5scr,last
ISIC_0053562,BCN_0001679,BCN_0001679,60+,bcn20000,2,False,4,0.0074570575,0.0063390518,0.009580395,0.05958736,0.8758402,0.002498657,0.03869722,0.8896363,,0.8896363,look,0,,42,look_f0_s42_in22k_v5scr,last
ISIC_0053584,BCN_0001961,BCN_0001961,<40,bcn20000,5,False,5,0.0071037114,0.0049603297,0.0068375394,0.063356616,0.008139863,0.8641049,0.04549706,0.020203903,,0.020203903,look,0,,42,look_f0_s42_in22k_v5scr,last
ISIC_0053593,BCN_0003101,BCN_0003101,60+,bcn20000,0,True,4,0.06909983,0.00775615,0.0048905252,0.103677265,0.77131873,0.0023180344,0.04093949,0.8481747,,0.8481747,look,0,,42,look_f0_s42_in22k_v5scr,last
ISIC_0053597,BCN_0003344,BCN_0003344,60+,bcn20000,0,True,0,0.63664395,0.00855453,0.15081708,0.109213635,0.0059496043,0.00845519,0.08036594,0.6511481,,0.6511481,look,0,,42,look_f0_s42_in22k_v5scr,last
ISIC_0053599,BCN_0003598,BCN_0003598,40-59,bcn20000,1,True,1,0.0072281174,0.7530572,0.05474014,0.07196056,0.013715269,0.008059961,0.09123878,0.7740006,,0.7740006,look,0,,42,look_f0_s42_in22k_v5scr,last
ISIC_0053627,BCN_0002258,BCN_0002258,60+,bcn20000,2,False,4,0.0063714995,0.010783267,0.028081374,0.06405288,0.84806734,0.0028007447,0.039842956,0.8652221,,0.8652221,look,0,,42,look_f0_s42_in22k_v5scr,last
ISIC_0053630,BCN_0005640,BCN_0005640,60+,bcn20000,5,False,2,0.0034705654,0.0026366613,0.87720704,0.046611845,0.0021265734,0.03671308,0.03123416,0.0082338005,,0.0082338005,look,0,,42,look_f0_s42_in22k_v5scr,last
ISIC_0053631,BCN_0000659,BCN_0000659,60+,bcn20000,1,True,1,0.007236475,0.88519436,0.008061316,0.049555723,0.004148219,0.004303823,0.041500192,0.8965791,,0.8965791,look,0,,42,look_f0_s42_in22k_v5scr,last
ISIC_0053642,BCN_0004175,BCN_0004175,40-59,bcn20000,5,False,5,0.0070336685,0.0056713675,0.004795114,0.066452414,0.02456279,0.8408431,0.05064151,0.037267826,,0.037267826,look,0,,42,look_f0_s42_in22k_v5scr,last
ISIC_0053657,BCN_0004865,BCN_0004865,60+,bcn20000,0,True,4,0.01393042,0.0027326304,0.008980069,0.044150252,0.8999763,0.0023070446,0.027923388,0.9166394,,0.9166394,look,0,,42,look_f0_s42_in22k_v5scr,last
ISIC_0053661,BCN_0001495,BCN_0001495,60+,bcn20000,2,False,2,0.008839948,0.0057968935,0.8657101,0.064030424,0.0050581656,0.0063132024,0.04425121,0.019695006,,0.019695006,look,0,,42,look_f0_s42_in22k_v5scr,last
ISIC_0053679,BCN_0001655,BCN_0001655,60+,bcn20000,0,True,2,0.028972017,0.0032464163,0.7791355,0.06563034,0.049785566,0.0293585,0.043871608,0.082003996,,0.082003996,look,0,,42,look_f0_s42_in22k_v5scr,last
ISIC_0053697,BCN_0001523,BCN_0001523,60+,bcn20000,3,False,5,0.0074986536,0.0058416254,0.008251781,0.16806848,0.010555467,0.75914395,0.040640064,0.023895746,,0.023895746,look,0,,42,look_f0_s42_in22k_v5scr,last
ISIC_0053714,BCN_0005292,BCN_0005292,40-59,bcn20000,1,True,4,0.012816185,0.0054919007,0.006854399,0.11447943,0.591896,0.19235803,0.076104015,0.6102041,,0.6102041,look,0,,42,look_f0_s42_in22k_v5scr,last
ISIC_0053718,BCN_0001370,BCN_0001370,40-59,bcn20000,5,False,5,0.015763214,0.007977666,0.005983027,0.07826601,0.0045146863,0.83299375,0.054501574,0.028255567,,0.028255567,look,0,,42,look_f0_s42_in22k_v5scr,last
ISIC_0053720,BCN_0005251,BCN_0005251,40-59,bcn20000,5,False,5,0.013831874,0.0056504165,0.010341069,0.06999658,0.004867102,0.8553272,0.039985802,0.024349391,,0.024349391,look,0,,42,look_f0_s42_in22k_v5scr,last
ISIC_0053734,BCN_0002079,BCN_0002079,40-59,bcn20000,4,True,4,0.015971193,0.0044024787,0.0054911794,0.057659093,0.87952346,0.0033878991,0.03356466,0.8998971,,0.8998971,look,0,,42,look_f0_s42_in22k_v5scr,last
ISIC_0053738,BCN_0001154,BCN_0001154,60+,bcn20000,0,True,0,0.30906063,0.0176176,0.2813834,0.10777904,0.007286538,0.12350683,0.15336594,0.3339648,,0.3339648,look,0,,42,look_f0_s42_in22k_v5scr,last
ISIC_0053749,BCN_0005019,BCN_0005019,40-59,bcn20000,0,True,5,0.006837973,0.09900353,0.011774609,0.12689708,0.0018023108,0.6881664,0.06551817,0.10764381,,0.10764381,look,0,,42,look_f0_s42_in22k_v5scr,last
ISIC_0053766,BCN_0003584,BCN_0003584,60+,bcn20000,4,True,4,0.007717195,0.0072189597,0.007724079,0.06731902,0.85069793,0.0059917835,0.053331062,0.8656341,,0.8656341,look,0,,42,look_f0_s42_in22k_v5scr,last
ISIC_0053774,BCN_0001108,BCN_0001108,60+,bcn20000,4,True,4,0.0082040625,0.004847138,0.008313294,0.05947142,0.84577936,0.031405713,0.041979,0.8588306,,0.8588306,look,0,,42,look_f0_s42_in22k_v5scr,last
ISIC_0053814,BCN_0001108,BCN_0001108,60+,bcn20000,4,True,4,0.005775349,0.003227207,0.04577045,0.06288263,0.8350272,0.0042068083,0.043110307,0.8440298,,0.8440298,look,0,,42,look_f0_s42_in22k_v5scr,last
ISIC_0053817,BCN_0000828,BCN_0000828,<40,bcn20000,1,True,1,0.007059017,0.90844417,0.0036803568,0.036368586,0.00806952,0.0032526213,0.033125646,0.9235727,,0.9235727,look,0,,42,look_f0_s42_in22k_v5scr,last
ISIC_0053840,BCN_0004223,BCN_0004223,60+,bcn20000,1,True,1,0.009304251,0.874794,0.0075933863,0.05796929,0.0058694407,0.004204665,0.040264912,0.8899677,,0.8899677,look,0,,42,look_f0_s42_in22k_v5scr,last
ISIC_0053857,BCN_0001523,BCN_0001523,60+,bcn20000,3,False,3,0.00046507324,0.025320945,0.00051617075,0.96030885,0.0026390392,0.00083561,0.009914298,0.028425056,,0.028425056,look,0,,42,look_f0_s42_in22k_v5scr,last
ISIC_0053886,BCN_0000253,BCN_0000253,<40,bcn20000,5,False,4,0.011157499,0.006929726,0.0055046654,0.06344339,0.84829384,0.018388528,0.04628242,0.86638105,,0.86638105,look,0,,42,look_f0_s42_in22k_v5scr,last
ISIC_0053909,BCN_0000618,BCN_0000618,60+,bcn20000,4,True,2,0.012883398,0.0074689933,0.7883723,0.07437856,0.071388304,0.00094795757,0.044560455,0.0917407,,0.0917407,look,0,,42,look_f0_s42_in22k_v5scr,last
ISIC_0053913,BCN_0000511,BCN_0000511,60+,bcn20000,1,True,4,0.014111042,0.010637053,0.0070187584,0.070968516,0.84745747,0.00402629,0.045780852,0.87220556,,0.87220556,look,0,,42,look_f0_s42_in22k_v5scr,last
ISIC_0053915,BCN_0000692,BCN_0000692,40-59,bcn20000,5,False,3,0.00071674463,0.0020153464,0.0005873775,0.9135854,0.0020327885,0.07298352,0.008078772,0.0047648796,,0.0047648796,look,0,,42,look_f0_s42_in22k_v5scr,last
ISIC_0053916,BCN_0002079,BCN_0002079,40-59,bcn20000,4,True,4,0.15173422,0.011980666,0.14144868,0.16633067,0.43446884,0.005768454,0.08826844,0.59818375,,0.59818375,look,0,,42,look_f0_s42_in22k_v5scr,last
ISIC_0053930,BCN_0002983,BCN_0002983,40-59,bcn20000,2,False,2,0.0046469285,0.0027587651,0.91864693,0.032611627,0.0034389154,0.005108093,0.0327886,0.010844609,,0.010844609,look,0,,42,look_f0_s42_in22k_v5scr,last
ISIC_0053945,BCN_0002843,BCN_0002843,60+,bcn20000,4,True,4,0.02251032,0.17251162,0.01067636,0.15729654,0.52955663,0.0028801542,0.10456835,0.72457856,,0.72457856,look,0,,42,look_f0_s42_in22k_v5scr,last
ISIC_0053951,BCN_0003874,BCN_0003874,<40,bcn20000,1,True,1,0.008398654,0.9045956,0.0034386248,0.044184096,0.004385719,0.0026595972,0.032337748,0.91738,,0.91738,look,0,,42,look_f0_s42_in22k_v5scr,last
ISIC_0053968,BCN_0005136,BCN_0005136,60+,bcn20000,2,False,1,0.15908161,0.55272055,0.10050063,0.09756689,0.020038202,0.0033517787,0.066740274,0.7318403,,0.7318403,look,0,,42,look_f0_s42_in22k_v5scr,last
ISIC_0053970,BCN_0003921,BCN_0003921,<40,bcn20000,5,False,5,0.012379867,0.0053476896,0.006543558,0.069401756,0.007794515,0.8513144,0.047218155,0.025522072,,0.025522072,look,0,,42,look_f0_s42_in22k_v5scr,last
ISIC_0053971,BCN_0003907,BCN_0003907,60+,bcn20000,4,True,4,0.008719483,0.008308021,0.00642078,0.05912311,0.87400216,0.0026404548,0.04078598,0.89102966,,0.89102966,look,0,,42,look_f0_s42_in22k_v5scr,last
ISIC_0053987,BCN_0005626,BCN_0005626,60+,bcn20000,2,False,2,0.014105615,0.0077741,0.6299755,0.109206595,0.15807053,0.005724592,0.07514308,0.17995025,,0.17995025,look,0,,42,look_f0_s42_in22k_v5scr,last
ISIC_0054008,BCN_0002597,BCN_0002597,40-59,bcn20000,5,False,5,0.013215224,0.0061840904,0.008433446,0.09723824,0.10469014,0.7008362,0.069402754,0.12408946,,0.12408946,look,0,,42,look_f0_s42_in22k_v5scr,last
ISIC_0054012,BCN_0003277,BCN_0003277,40-59,bcn20000,5,False,4,0.007019253,0.0069359276,0.003549867,0.04981184,0.8945392,0.0035385406,0.03460542,0.90849435,,0.90849435,look,0,,42,look_f0_s42_in22k_v5scr,last
ISIC_0054065,BCN_0003145,BCN_0003145,40-59,bcn20000,1,True,1,0.005339714,0.8946655,0.009246868,0.04463959,0.0037166886,0.005142857,0.037248835,0.9037219,,0.9037219,look,0,,42,look_f0_s42_in22k_v5scr,last
ISIC_0054066,BCN_0005052,BCN_0005052,<40,bcn20000,5,False,5,0.019178422,0.008577469,0.005907643,0.11462684,0.16125137,0.6135594,0.07689877,0.18900725,,0.18900725,look,0,,42,look_f0_s42_in22k_v5scr,last
ISIC_0054069,BCN_0003597,BCN_0003597,<40,bcn20000,5,False,5,0.013470546,0.007296529,0.0068034222,0.06871502,0.0047104317,0.853067,0.045937076,0.025477508,,0.025477508,look,0,,42,look_f0_s42_in22k_v5scr,last
ISIC_0054085,BCN_0000618,BCN_0000618,60+,bcn20000,4,True,2,0.003932357,0.0042533963,0.86019564,0.056689084,0.022532176,0.009196194,0.04320106,0.03071793,,0.03071793,look,0,,42,look_f0_s42_in22k_v5scr,last
ISIC_0054111,BCN_0005316,BCN_0005316,60+,bcn20000,0,True,0,0.49142453,0.009201311,0.2641299,0.1256551,0.011145596,0.009417719,0.0890258,0.51177144,,0.51177144,look,0,,42,look_f0_s42_in22k_v5scr,last
ISIC_0054118,BCN_0001154,BCN_0001154,60+,bcn20000,0,True,1,0.0076029208,0.8983566,0.0043865573,0.04780983,0.0044520358,0.0030849867,0.034307,0.9104116,,0.9104116,look,0,,42,look_f0_s42_in22k_v5scr,last
ISIC_0054120,BCN_0004060,BCN_0004060,40-59,bcn20000,1,True,1,0.008177953,0.70344496,0.005586348,0.121393524,0.06701055,0.012508317,0.081878394,0.7786335,,0.7786335,look,0,,42,look_f0_s42_in22k_v5scr,last
ISIC_0054144,BCN_0004027,BCN_0004027,40-59,bcn20000,1,True,1,0.008559343,0.9054818,0.0018138328,0.046612784,0.003954178,0.0033787885,0.030199267,0.91799533,,0.91799533,look,0,,42,look_f0_s42_in22k_v5scr,last
ISIC_0054166,BCN_0003089,BCN_0003089,40-59,bcn20000,5,False,5,0.014394288,0.010628615,0.0058495165,0.10265903,0.21126765,0.58018535,0.075015485,0.23629054,,0.23629054,look,0,,42,look_f0_s42_in22k_v5scr,last
ISIC_0054197,BCN_0004649,BCN_0004649,40-59,bcn20000,5,False,5,0.0094855055,0.004101519,0.004521951,0.06471466,0.004779778,0.8704913,0.041905195,0.018366802,,0.018366802,look,0,,42,look_f0_s42_in22k_v5scr,last
ISIC_0054209,BCN_0004832,BCN_0004832,40-59,bcn20000,0,True,0,0.93954116,0.007561855,0.0018419768,0.026476491,0.0021661264,0.0026536963,0.01975861,0.9492692,,0.9492692,look,0,,42,look_f0_s42_in22k_v5scr,last
ISIC_0054229,BCN_0001615,BCN_0001615,40-59,bcn20000,4,True,4,0.009041156,0.0067786616,0.006041556,0.067582354,0.8575441,0.0078014513,0.04521071,0.873364,,0.873364,look,0,,42,look_f0_s42_in22k_v5scr,last
ISIC_0054251,BCN_0001108,BCN_0001108,60+,bcn20000,4,True,4,0.00866932,0.00372458,0.01188282,0.045626584,0.8998578,0.0024176536,0.0278211,0.9122517,,0.9122517,look,0,,42,look_f0_s42_in22k_v5scr,last
ISIC_0054256,BCN_0005324,BCN_0005324,<40,bcn20000,5,False,5,0.013978675,0.008269491,0.0067836046,0.1243294,0.2112965,0.54949635,0.08584593,0.23354466,,0.23354466,look,0,,42,look_f0_s42_in22k_v5scr,last
ISIC_0054263,BCN_0005487,BCN_0005487,<40,bcn20000,5,False,5,0.010292452,0.005667284,0.006428192,0.06745239,0.010599011,0.8507814,0.048779324,0.026558746,,0.026558746,look,0,,42,look_f0_s42_in22k_v5scr,last
ISIC_0054278,BCN_0001423,BCN_0001423,40-59,bcn20000,5,False,5,0.008771606,0.006801599,0.0054929527,0.06197019,0.0038377282,0.86684626,0.046279717,0.019410934,,0.019410934,look,0,,42,look_f0_s42_in22k_v5scr,last
ISIC_0054288,BCN_0001694,BCN_0001694,60+,bcn20000,4,True,5,0.007539296,0.081127994,0.009185504,0.12231152,0.28749147,0.4148395,0.07750472,0.37615877,,0.37615877,look,0,,42,look_f0_s42_in22k_v5scr,last
ISIC_0054300,BCN_0000303,BCN_0000303,<40,bcn20000,2,False,5,0.01262765,0.008341815,0.004480553,0.056723796,0.009134045,0.8612196,0.047472652,0.03010351,,0.03010351,look,0,,42,look_f0_s42_in22k_v5scr,last
ISIC_0054330,BCN_0003062,BCN_0003062,<40,bcn20000,5,False,5,0.018896447,0.0054971855,0.02223552,0.06498501,0.019437626,0.82033765,0.04861049,0.04383126,,0.04383126,look,0,,42,look_f0_s42_in22k_v5scr,last
ISIC_0054334,BCN_0002989,BCN_0002989,60+,bcn20000,4,True,6,0.07927312,0.12860826,0.0017430093,0.047260053,0.029529296,0.00086303276,0.71272326,0.23741066,,0.23741066,look,0,,42,look_f0_s42_in22k_v5scr,last
ISIC_0054343,BCN_0002013,BCN_0002013,60+,bcn20000,1,True,1,0.006017907,0.8952635,0.0072913687,0.047201548,0.003496876,0.003909528,0.03681931,0.9047783,,0.9047783,look,0,,42,look_f0_s42_in22k_v5scr,last
ISIC_0054346,BCN_0000200,BCN_0000200,60+,bcn20000,1,True,1,0.010557764,0.8847013,0.006739165,0.04909875,0.008279241,0.0044860872,0.036137674,0.90353835,,0.90353835,look,0,,42,look_f0_s42_in22k_v5scr,last
ISIC_0054353,BCN_0005265,BCN_0005265,60+,bcn20000,1,True,1,0.0065053077,0.79635066,0.0052084145,0.058638602,0.010914265,0.009836844,0.11254592,0.81377023,,0.81377023,look,0,,42,look_f0_s42_in22k_v5scr,last
ISIC_0054369,BCN_0003316,BCN_0003316,60+,bcn20000,5,False,4,0.009705838,0.006465633,0.041519083,0.09115339,0.7742687,0.007036865,0.06985063,0.79044014,,0.79044014,look,0,,42,look_f0_s42_in22k_v5scr,last
ISIC_0054384,BCN_0000652,BCN_0000652,60+,bcn20000,4,True,2,0.15118125,0.0077619045,0.6669857,0.09416255,0.004621524,0.0035143017,0.07177278,0.16356468,,0.16356468,look,0,,42,look_f0_s42_in22k_v5scr,last
ISIC_0054394,BCN_0005316,BCN_0005316,60+,bcn20000,0,True,2,0.10237087,0.0084046,0.73894876,0.0831611,0.004738581,0.008021744,0.054354373,0.115514055,,0.115514055,look,0,,42,look_f0_s42_in22k_v5scr,last
ISIC_0054400,BCN_0004456,BCN_0004456,40-59,bcn20000,5,False,5,0.0083939945,0.004935469,0.008729093,0.06672275,0.007207428,0.8573914,0.046619795,0.020536892,,0.020536892,look,0,,42,look_f0_s42_in22k_v5scr,last
ISIC_0054419,BCN_0002983,BCN_0002983,40-59,bcn20000,2,False,2,0.011024844,0.003654199,0.8887943,0.049083415,0.0076086614,0.0041833078,0.035651237,0.022287704,,0.022287704,look,0,,42,look_f0_s42_in22k_v5scr,last
ISIC_0054433,BCN_0003551,BCN_0003551,<40,bcn20000,0,True,5,0.030110065,0.034422502,0.010041399,0.16162771,0.21937193,0.4699967,0.07442967,0.2839045,,0.2839045,look,0,,42,look_f0_s42_in22k_v5scr,last
ISIC_0054442,BCN_0003373,BCN_0003373,<40,bcn20000,5,False,5,0.009181254,0.0058250837,0.0059220907,0.068253264,0.011470468,0.84809214,0.051255707,0.026476804,,0.026476804,look,0,,42,look_f0_s42_in22k_v5scr,last
ISIC_0054446,BCN_0004649,BCN_0004649,40-59,bcn20000,5,False,5,0.01248927,0.0069407397,0.0054495926,0.059660815,0.004105986,0.8731905,0.03816302,0.023535997,,0.023535997,look,0,,42,look_f0_s42_in22k_v5scr,last
ISIC_0054461,BCN_0002794,BCN_0002794,60+,bcn20000,2,False,1,0.019606262,0.39393923,0.207723,0.085672,0.17527126,0.019166904,0.09862141,0.58881676,,0.58881676,look,0,,42,look_f0_s42_in22k_v5scr,last
ISIC_0054465,BCN_0000444,BCN_0000444,40-59,bcn20000,4,True,4,0.009145988,0.0072611696,0.0029314312,0.05604649,0.9033216,0.0010963201,0.020196974,0.91972876,,0.91972876,look,0,,42,look_f0_s42_in22k_v5scr,last
ISIC_0054487,BCN_0004855,BCN_0004855,40-59,bcn20000,1,True,1,0.016043277,0.91723335,0.0024621305,0.032447696,0.0031187611,0.0024884203,0.026206415,0.9363954,,0.9363954,look,0,,42,look_f0_s42_in22k_v5scr,last
ISIC_0054495,BCN_0000595,BCN_0000595,40-59,bcn20000,5,False,5,0.015038634,0.008754312,0.006487978,0.073324904,0.0040708263,0.8429408,0.049382564,0.02786377,,0.02786377,look,0,,42,look_f0_s42_in22k_v5scr,last
ISIC_0054509,BCN_0002487,BCN_0002487,<40,bcn20000,5,False,4,0.009732061,0.005234462,0.006463193,0.06269191,0.8597254,0.0046119248,0.051541034,0.87469196,,0.87469196,look,0,,42,look_f0_s42_in22k_v5scr,last
ISIC_0054559,BCN_0004420,BCN_0004420,40-59,bcn20000,5,False,5,0.010578102,0.0058585033,0.00961869,0.065478906,0.006495415,0.85865414,0.043316234,0.022932021,,0.022932021,look,0,,42,look_f0_s42_in22k_v5scr,last
ISIC_0054589,BCN_0000828,BCN_0000828,<40,bcn20000,1,True,1,0.0062874677,0.8718998,0.004971648,0.053564932,0.013444898,0.0047732946,0.04505802,0.89163214,,0.89163214,look,0,,42,look_f0_s42_in22k_v5scr,last
ISIC_0054594,BCN_0001775,BCN_0001775,60+,bcn20000,0,True,2,0.0019087765,0.0036426059,0.95886046,0.015657185,0.0012053471,0.004025502,0.014700115,0.0067567294,,0.0067567294,look,0,,42,look_f0_s42_in22k_v5scr,last
ISIC_0054598,BCN_0004822,BCN_0004822,60+,bcn20000,0,True,1,0.012750682,0.9001783,0.0044079577,0.038985323,0.005525399,0.0036522977,0.034499966,0.9184544,,0.9184544,look,0,,42,look_f0_s42_in22k_v5scr,last
ISIC_0054607,BCN_0004375,BCN_0004375,60+,bcn20000,1,True,1,0.0072843614,0.59054583,0.21495727,0.095577836,0.005175136,0.011696139,0.07476338,0.6030053,,0.6030053,look,0,,42,look_f0_s42_in22k_v5scr,last
ISIC_0054608,BCN_0000248,BCN_0000248,<40,bcn20000,5,False,5,0.011468502,0.0067744064,0.0066671376,0.06909246,0.005748975,0.85374975,0.046498768,0.023991883,,0.023991883,look,0,,42,look_f0_s42_in22k_v5scr,last
ISIC_0054620,BCN_0003316,BCN_0003316,60+,bcn20000,5,False,5,0.008798732,0.0069607785,0.0073858914,0.067057736,0.0043018525,0.8550277,0.0504673,0.020061363,,0.020061363,look,0,,42,look_f0_s42_in22k_v5scr,last
ISIC_0054640,BCN_0000384,BCN_0000384,60+,bcn20000,5,False,5,0.009555881,0.006506919,0.006146844,0.06676055,0.005538999,0.85452265,0.05096814,0.0216018,,0.0216018,look,0,,42,look_f0_s42_in22k_v5scr,last
ISIC_0054682,BCN_0005088,BCN_0005088,<40,bcn20000,5,False,5,0.008741225,0.0063443957,0.0057891463,0.06477881,0.006203954,0.85776913,0.050373387,0.021289576,,0.021289576,look,0,,42,look_f0_s42_in22k_v5scr,last
ISIC_0054694,BCN_0000652,BCN_0000652,60+,bcn20000,4,True,2,0.007160955,0.0047776406,0.90439945,0.044575382,0.004261094,0.0021115832,0.03271394,0.01619969,,0.01619969,look,0,,42,look_f0_s42_in22k_v5scr,last
ISIC_0054707,BCN_0002235,BCN_0002235,60+,bcn20000,5,False,5,0.009514157,0.008719431,0.0090652,0.06472951,0.001897937,0.8624441,0.043629732,0.020131525,,0.020131525,look,0,,42,look_f0_s42_in22k_v5scr,last
ISIC_0054729,BCN_0000789,BCN_0000789,<40,bcn20000,5,False,5,0.009452693,0.006427494,0.007134444,0.065244064,0.003939398,0.8605487,0.047253203,0.019819584,,0.019819584,look,0,,42,look_f0_s42_in22k_v5scr,last
ISIC_0054749,BCN_0002077,BCN_0002077,<40,bcn20000,5,False,5,0.010324915,0.008746811,0.0076684845,0.06300474,0.006160751,0.8558921,0.048202142,0.025232477,,0.025232477,look,0,,42,look_f0_s42_in22k_v5scr,last
ISIC_0054763,BCN_0002989,BCN_0002989,60+,bcn20000,4,True,4,0.12797704,0.11162847,0.008575739,0.13241687,0.5063206,0.0030069302,0.110074304,0.74592614,,0.74592614,look,0,,42,look_f0_s42_in22k_v5scr,last
ISIC_0054764,BCN_0003615,BCN_0003615,60+,bcn20000,1,True,1,0.009285167,0.88451356,0.005993491,0.054636557,0.0037286566,0.0037228472,0.0381197,0.89752734,,0.89752734,look,0,,42,look_f0_s42_in22k_v5scr,last
ISIC_0054779,BCN_0003715,BCN_0003715,<40,bcn20000,2,False,2,0.0104310205,0.0057654614,0.75351286,0.08029908,0.0021584304,0.0937084,0.054124806,0.018354911,,0.018354911,look,0,,42,look_f0_s42_in22k_v5scr,last
ISIC_0054802,BCN_0002989,BCN_0002989,60+,bcn20000,4,True,4,0.12797704,0.11162847,0.008575739,0.13241687,0.5063206,0.0030069302,0.110074304,0.74592614,,0.74592614,look,0,,42,look_f0_s42_in22k_v5scr,last
ISIC_0054803,BCN_0002607,BCN_0002607,40-59,bcn20000,5,False,5,0.007385582,0.004318558,0.0032660842,0.055943422,0.0027890087,0.8862535,0.040043883,0.014493149,,0.014493149,look,0,,42,look_f0_s42_in22k_v5scr,last
ISIC_0054833,BCN_0000071,BCN_0000071,60+,bcn20000,2,False,5,0.21102957,0.07618754,0.003916743,0.10732056,0.021229083,0.49170464,0.088611834,0.3084462,,0.3084462,look,0,,42,look_f0_s42_in22k_v5scr,last
ISIC_0054864,BCN_0000841,BCN_0000841,40-59,bcn20000,5,False,5,0.011296073,0.008332253,0.005945931,0.06982379,0.0038273844,0.8530774,0.047697075,0.023455711,,0.023455711,look,0,,42,look_f0_s42_in22k_v5scr,last
ISIC_0054896,BCN_0003316,BCN_0003316,60+,bcn20000,5,False,4,0.007894871,0.0045658015,0.005876232,0.057799604,0.8757039,0.0039671417,0.0441925,0.8881645,,0.8881645,look,0,,42,look_f0_s42_in22k_v5scr,last
ISIC_0054900,BCN_0004535,BCN_0004535,60+,bcn20000,2,False,2,0.008938215,0.007264241,0.8607562,0.06572265,0.0038450467,0.0075877695,0.045885906,0.020047503,,0.020047503,look,0,,42,look_f0_s42_in22k_v5scr,last
ISIC_0054921,BCN_0000927,BCN_0000927,60+,bcn20000,0,True,0,0.7389231,0.003745496,0.04002991,0.090678245,0.048587885,0.0029167682,0.075118564,0.7912564,,0.7912564,look,0,,42,look_f0_s42_in22k_v5scr,last
ISIC_0054941,BCN_0000627,BCN_0000627,60+,bcn20000,4,True,4,0.006061975,0.0049331584,0.007948335,0.049452327,0.8915733,0.0033137004,0.036717262,0.90256846,,0.90256846,look,0,,42,look_f0_s42_in22k_v5scr,last
ISIC_0054965,BCN_0003706,BCN_0003706,40-59,bcn20000,2,False,2,0.00934175,0.0065513174,0.86715657,0.062220026,0.0046640467,0.005718287,0.04434798,0.020557115,,0.020557115,look,0,,42,look_f0_s42_in22k_v5scr,last
ISIC_0054968,BCN_0002172,BCN_0002172,60+,bcn20000,1,True,1,0.008472431,0.8925106,0.007479758,0.051058963,0.005106692,0.003354146,0.032017346,0.9060897,,0.9060897,look,0,,42,look_f0_s42_in22k_v5scr,last
ISIC_0055027,BCN_0001699,BCN_0001699,40-59,bcn20000,2,False,4,0.017006373,0.003023414,0.0029446092,0.036245555,0.89534384,0.009830184,0.035606116,0.9153736,,0.9153736,look,0,,42,look_f0_s42_in22k_v5scr,last
ISIC_0055047,BCN_0002273,BCN_0002273,<40,bcn20000,5,False,5,0.010399709,0.0060046716,0.0063555352,0.06682469,0.0051051974,0.8569466,0.04836367,0.021509578,,0.021509578,look,0,,42,look_f0_s42_in22k_v5scr,last
ISIC_0055057,BCN_0001987,BCN_0001987,40-59,bcn20000,5,False,5,0.009783161,0.006116584,0.0065474063,0.060091116,0.002926301,0.87790585,0.0366297,0.018826045,,0.018826045,look,0,,42,look_f0_s42_in22k_v5scr,last
ISIC_0055097,BCN_0000693,BCN_0000693,60+,bcn20000,2,False,2,0.0060107405,0.013873981,0.7989295,0.044542767,0.038203917,0.040318165,0.05812088,0.058088638,,0.058088638,look,0,,42,look_f0_s42_in22k_v5scr,last
ISIC_0055107,BCN_0004153,BCN_0004153,60+,bcn20000,0,True,5,0.026645508,0.054848414,0.090835564,0.111887865,0.031315494,0.6030118,0.08145539,0.11280942,,0.11280942,look,0,,42,look_f0_s42_in22k_v5scr,last
ISIC_0055108,BCN_0002638,BCN_0002638,60+,bcn20000,1,True,5,0.015302966,0.014282895,0.012210232,0.07690243,0.003082075,0.8227038,0.055515617,0.032667935,,0.032667935,look,0,,42,look_f0_s42_in22k_v5scr,last
ISIC_0055111,BCN_0001500,BCN_0001500,60+,bcn20000,1,True,1,0.0114140175,0.89693224,0.0044897213,0.048518665,0.0037331088,0.0028187865,0.032093555,0.91207933,,0.91207933,look,0,,42,look_f0_s42_in22k_v5scr,last
ISIC_0055116,BCN_0003324,BCN_0003324,60+,bcn20000,0,True,1,0.0060158335,0.871073,0.007285848,0.06547574,0.0072632893,0.0043310015,0.038555257,0.88435215,,0.88435215,look,0,,42,look_f0_s42_in22k_v5scr,last
ISIC_0055129,BCN_0004504,BCN_0004504,40-59,bcn20000,5,False,5,0.010249094,0.007225043,0.0072228042,0.06371277,0.0064364304,0.8582808,0.04687301,0.023910567,,0.023910567,look,0,,42,look_f0_s42_in22k_v5scr,last
ISIC_0055157,BCN_0005666,BCN_0005666,60+,bcn20000,4,True,4,0.011028905,0.0039417287,0.010654119,0.06430227,0.8545115,0.007280831,0.048280545,0.86948216,,0.86948216,look,0,,42,look_f0_s42_in22k_v5scr,last
ISIC_0055189,BCN_0001996,BCN_0001996,60+,bcn20000,5,False,5,0.0071072853,0.0067717503,0.010455027,0.060628016,0.0056245406,0.8682033,0.04121001,0.019503577,,0.019503577,look,0,,42,look_f0_s42_in22k_v5scr,last
ISIC_0055191,BCN_0000822,BCN_0000822,60+,bcn20000,4,True,4,0.004054533,0.0029436317,0.0038861798,0.05199138,0.8824982,0.018814642,0.035811488,0.8894964,,0.8894964,look,0,,42,look_f0_s42_in22k_v5scr,last
ISIC_0055205,BCN_0001694,BCN_0001694,60+,bcn20000,4,True,4,0.008934867,0.0063188164,0.0067810626,0.060131047,0.87526226,0.0027172836,0.039854642,0.8905159,,0.8905159,look,0,,42,look_f0_s42_in22k_v5scr,last
ISIC_0055225,BCN_0001804,BCN_0001804,60+,bcn20000,1,True,0,0.749059,0.16000831,0.0034574436,0.047726378,0.0020428062,0.0014878423,0.036218163,0.91111016,,0.91111016,look,0,,42,look_f0_s42_in22k_v5scr,last
ISIC_0055234,BCN_0002258,BCN_0002258,60+,bcn20000,2,False,4,0.008466627,0.0057964493,0.018803956,0.0639917,0.85639995,0.004693481,0.04184794,0.87066305,,0.87066305,look,0,,42,look_f0_s42_in22k_v5scr,last
ISIC_0055239,BCN_0005251,BCN_0005251,40-59,bcn20000,5,False,5,0.009429369,0.0053940187,0.0057680993,0.059054844,0.004578611,0.86966395,0.04611112,0.019402,,0.019402,look,0,,42,look_f0_s42_in22k_v5scr,last
ISIC_0055264,BCN_0002548,BCN_0002548,60+,bcn20000,4,True,5,0.008662883,0.011853052,0.007629828,0.09024471,0.22895518,0.5865221,0.06613224,0.24947111,,0.24947111,look,0,,42,look_f0_s42_in22k_v5scr,last
ISIC_0055269,BCN_0005324,BCN_0005324,<40,bcn20000,5,False,5,0.00982546,0.006389739,0.0059458525,0.06583162,0.011875243,0.85149616,0.048635997,0.02809044,,0.02809044,look,0,,42,look_f0_s42_in22k_v5scr,last
ISIC_0055275,BCN_0000332,BCN_0000332,60+,bcn20000,1,True,1,0.017497325,0.8841838,0.004202713,0.053132087,0.003026301,0.0025169058,0.0354408,0.90470743,,0.90470743,look,0,,42,look_f0_s42_in22k_v5scr,last
ISIC_0055299,BCN_0004504,BCN_0004504,40-59,bcn20000,5,False,5,0.0099461675,0.004920093,0.0048974333,0.06334369,0.005431104,0.86962247,0.041839033,0.020297365,,0.020297365,look,0,,42,look_f0_s42_in22k_v5scr,last
ISIC_0055302,BCN_0003497,BCN_0003497,60+,bcn20000,0,True,1,0.0035487355,0.88551074,0.00700673,0.049012233,0.008657348,0.0027770714,0.043487154,0.8977168,,0.8977168,look,0,,42,look_f0_s42_in22k_v5scr,last
ISIC_0055335,BCN_0003062,BCN_0003062,<40,bcn20000,5,False,5,0.007681295,0.0051808725,0.012591862,0.074392505,0.002883311,0.84739083,0.04987931,0.015745478,,0.015745478,look,0,,42,look_f0_s42_in22k_v5scr,last
ISIC_0055346,BCN_0001425,BCN_0001425,40-59,bcn20000,1,True,1,0.009212924,0.85627216,0.007964169,0.069280565,0.005118379,0.004909901,0.04724192,0.87060344,,0.87060344,look,0,,42,look_f0_s42_in22k_v5scr,last
ISIC_0055399,BCN_0000843,BCN_0000843,<40,bcn20000,1,True,5,0.021100564,0.18428408,0.14962198,0.18876253,0.006908596,0.33554956,0.11377271,0.21229324,,0.21229324,look,0,,42,look_f0_s42_in22k_v5scr,last
ISIC_0055412,BCN_0000121,BCN_0000121,60+,bcn20000,4,True,4,0.011763786,0.03414504,0.0108967945,0.08025624,0.7967587,0.0042293505,0.06195006,0.8426675,,0.8426675,look,0,,42,look_f0_s42_in22k_v5scr,last
ISIC_0055459,BCN_0002577,BCN_0002577,40-59,bcn20000,4,True,4,0.0057009244,0.0032926318,0.005585987,0.04638062,0.8969014,0.0043695285,0.037768904,0.905895,,0.905895,look,0,,42,look_f0_s42_in22k_v5scr,last
ISIC_0055460,BCN_0000627,BCN_0000627,60+,bcn20000,4,True,4,0.008350379,0.0050333077,0.007797993,0.054508224,0.8807671,0.0032733388,0.040269595,0.8941508,,0.8941508,look,0,,42,look_f0_s42_in22k_v5scr,last
ISIC_0055470,BCN_0004504,BCN_0004504,40-59,bcn20000,5,False,5,0.010481567,0.0071136937,0.0073047346,0.06450921,0.0063849036,0.857456,0.046749905,0.023980165,,0.023980165,look,0,,42,look_f0_s42_in22k_v5scr,last
ISIC_0055471,BCN_0002207,BCN_0002207,60+,bcn20000,1,True,0,0.8886666,0.01969275,0.005078379,0.048071664,0.002291887,0.0029551298,0.033243645,0.91065127,,0.91065127,look,0,,42,look_f0_s42_in22k_v5scr,last
ISIC_0055488,BCN_0001077,BCN_0001077,<40,bcn20000,5,False,5,0.0076815826,0.0047359755,0.004607596,0.06325897,0.0051238346,0.86887693,0.04571513,0.017541394,,0.017541394,look,0,,42,look_f0_s42_in22k_v5scr,last
ISIC_0055495,BCN_0002171,BCN_0002171,40-59,bcn20000,5,False,5,0.010037297,0.007557523,0.007069863,0.06782669,0.00438532,0.8559673,0.047156002,0.02198014,,0.02198014,look,0,,42,look_f0_s42_in22k_v5scr,last
ISIC_0055499,BCN_0003062,BCN_0003062,<40,bcn20000,5,False,5,0.008087825,0.0040395344,0.016258663,0.067263,0.0013988776,0.8584587,0.04449347,0.013526237,,0.013526237,look,0,,42,look_f0_s42_in22k_v5scr,last
ISIC_0055509,BCN_0000206,BCN_0000206,60+,bcn20000,1,True,1,0.007513241,0.8870606,0.0049124598,0.05076964,0.0054797437,0.0049113594,0.03935293,0.90005356,,0.90005356,look,0,,42,look_f0_s42_in22k_v5scr,last
ISIC_0055529,BCN_0000244,BCN_0000244,60+,bcn20000,1,True,1,0.006986744,0.8904056,0.0055188867,0.051960163,0.005908218,0.0051337737,0.034086704,0.9033005,,0.9033005,look,0,,42,look_f0_s42_in22k_v5scr,last
ISIC_0055533,BCN_0004190,BCN_0004190,<40,bcn20000,5,False,5,0.009870291,0.006540515,0.0075302874,0.06316672,0.0069423155,0.86158425,0.044365574,0.02335312,,0.02335312,look,0,,42,look_f0_s42_in22k_v5scr,last
ISIC_0055536,BCN_0000841,BCN_0000841,40-59,bcn20000,5,False,5,0.011075849,0.007269422,0.0064945347,0.07269698,0.0047635036,0.8513352,0.04636446,0.023108773,,0.023108773,look,0,,42,look_f0_s42_in22k_v5scr,last
ISIC_0055560,BCN_0005133,BCN_0005133,60+,bcn20000,2,False,1,0.011947918,0.4154425,0.36179802,0.115171425,0.0064586047,0.012761755,0.07641991,0.43384904,,0.43384904,look,0,,42,look_f0_s42_in22k_v5scr,last
ISIC_0055611,BCN_0005324,BCN_0005324,<40,bcn20000,5,False,5,0.009761349,0.007032546,0.0069628577,0.06943373,0.008437836,0.8457062,0.05266552,0.02523173,,0.02523173,look,0,,42,look_f0_s42_in22k_v5scr,last
ISIC_0055629,BCN_0001251,BCN_0001251,40-59,bcn20000,1,True,1,0.009125327,0.8690835,0.0048192204,0.05515524,0.0056874617,0.012777112,0.04335209,0.88389635,,0.88389635,look,0,,42,look_f0_s42_in22k_v5scr,last
ISIC_0055633,BCN_0004694,BCN_0004694,<40,bcn20000,5,False,2,0.044794444,0.0033378594,0.7983929,0.06073358,0.0040096664,0.028132739,0.060598858,0.052141972,,0.052141972,look,0,,42,look_f0_s42_in22k_v5scr,last
ISIC_0055639,BCN_0000290,BCN_0000290,60+,bcn20000,0,True,1,0.02255574,0.8885837,0.004184323,0.04874029,0.0032048402,0.0022753945,0.03045565,0.9143443,,0.9143443,look,0,,42,look_f0_s42_in22k_v5scr,last
ISIC_0055659,BCN_0002868,BCN_0002868,60+,bcn20000,4,True,4,0.0066597667,0.0075755897,0.012380901,0.055908885,0.8785219,0.0042384146,0.03471452,0.8927573,,0.8927573,look,0,,42,look_f0_s42_in22k_v5scr,last
ISIC_0055682,BCN_0004420,BCN_0004420,40-59,bcn20000,5,False,5,0.010516598,0.0055604046,0.005764178,0.06893682,0.004696019,0.8575514,0.046974592,0.020773022,,0.020773022,look,0,,42,look_f0_s42_in22k_v5scr,last
ISIC_0055716,BCN_0005353,BCN_0005353,60+,bcn20000,1,True,1,0.006034623,0.87414825,0.0059871874,0.05472515,0.0045697177,0.008124753,0.046410266,0.8847526,,0.8847526,look,0,,42,look_f0_s42_in22k_v5scr,last
ISIC_0055718,BCN_0005292,BCN_0005292,40-59,bcn20000,1,True,0,0.5092774,0.15643702,0.022987884,0.14193699,0.019156903,0.037087213,0.11311658,0.6848713,,0.6848713,look,0,,42,look_f0_s42_in22k_v5scr,last
ISIC_0055733,BCN_0003907,BCN_0003907,60+,bcn20000,4,True,1,0.013551318,0.83314264,0.006331134,0.065880045,0.029246926,0.00363816,0.04820988,0.87594086,,0.87594086,look,0,,42,look_f0_s42_in22k_v5scr,last
ISIC_0055747,BCN_0001108,BCN_0001108,60+,bcn20000,4,True,4,0.010519898,0.004056942,0.032479353,0.064004734,0.845206,0.00230817,0.04142491,0.8597829,,0.8597829,look,0,,42,look_f0_s42_in22k_v5scr,last
ISIC_0055751,BCN_0001961,BCN_0001961,<40,bcn20000,5,False,5,0.008028149,0.0045780507,0.0054409057,0.054736562,0.0048219915,0.88126165,0.04113262,0.017428191,,0.017428191,look,0,,42,look_f0_s42_in22k_v5scr,last
ISIC_0055799,BCN_0002843,BCN_0002843,60+,bcn20000,4,True,4,0.028557349,0.003937733,0.021193026,0.065102704,0.8292373,0.0023588596,0.049613036,0.86173236,,0.86173236,look,0,,42,look_f0_s42_in22k_v5scr,last
ISIC_0055802,BCN_0000444,BCN_0000444,40-59,bcn20000,4,True,4,0.046881456,0.0034903206,0.0052415007,0.076993,0.8168049,0.0018636063,0.0487252,0.86717665,,0.86717665,look,0,,42,look_f0_s42_in22k_v5scr,last
ISIC_0055809,BCN_0003686,BCN_0003686,60+,bcn20000,0,True,0,0.5877043,0.008425037,0.21393718,0.106141195,0.0051977322,0.008949361,0.06964518,0.60132706,,0.60132706,look,0,,42,look_f0_s42_in22k_v5scr,last
ISIC_0055812,BCN_0002727,BCN_0002727,60+,bcn20000,1,True,1,0.011243375,0.5905665,0.0058279787,0.14355539,0.16100676,0.013279304,0.07452063,0.76281667,,0.76281667,look,0,,42,look_f0_s42_in22k_v5scr,last
ISIC_0055835,BCN_0002487,BCN_0002487,<40,bcn20000,5,False,4,0.009672704,0.0038833376,0.0058900733,0.04450891,0.8942429,0.0044921744,0.037309837,0.90779895,,0.90779895,look,0,,42,look_f0_s42_in22k_v5scr,last
ISIC_0055866,BCN_0002837,BCN_0002837,40-59,bcn20000,5,False,5,0.011564656,0.007534292,0.006594812,0.06928486,0.0058201673,0.8508341,0.048367076,0.024919115,,0.024919115,look,0,,42,look_f0_s42_in22k_v5scr,last
ISIC_0055870,BCN_0003101,BCN_0003101,60+,bcn20000,0,True,0,0.2882422,0.26696476,0.0060272007,0.19396013,0.1540406,0.003529664,0.087235436,0.7092476,,0.7092476,look,0,,42,look_f0_s42_in22k_v5scr,last
ISIC_0055880,BCN_0000886,BCN_0000886,60+,bcn20000,5,False,5,0.012486586,0.006555425,0.004398943,0.07764059,0.03160005,0.8131219,0.054196455,0.050642062,,0.050642062,look,0,,42,look_f0_s42_in22k_v5scr,last
ISIC_0055881,BCN_0003478,BCN_0003478,<40,bcn20000,5,False,5,0.007909017,0.005524425,0.0047068396,0.065336406,0.0148557555,0.8498596,0.051808022,0.028289197,,0.028289197,look,0,,42,look_f0_s42_in22k_v5scr,last
ISIC_0055892,BCN_0000121,BCN_0000121,60+,bcn20000,4,True,4,0.01212539,0.013534682,0.0061356365,0.06682898,0.8532148,0.0030952725,0.04506523,0.8788749,,0.8788749,look,0,,42,look_f0_s42_in22k_v5scr,last
ISIC_0055898,BCN_0002172,BCN_0002172,60+,bcn20000,1,True,1,0.007818968,0.90153575,0.0068014828,0.049334314,0.0046673073,0.0028034172,0.02703876,0.914022,,0.914022,look,0,,42,look_f0_s42_in22k_v5scr,last
ISIC_0055899,BCN_0000121,BCN_0000121,60+,bcn20000,4,True,4,0.012551384,0.04541338,0.010926954,0.09625569,0.7525321,0.005535193,0.076785296,0.81049687,,0.81049687,look,0,,42,look_f0_s42_in22k_v5scr,last
ISIC_0055902,BCN_0005666,BCN_0005666,60+,bcn20000,4,True,4,0.0103715295,0.005152998,0.03237435,0.089450605,0.78723216,0.012385573,0.0630328,0.80275667,,0.80275667,look,0,,42,look_f0_s42_in22k_v5scr,last
ISIC_0055906,BCN_0003475,BCN_0003475,unknown,bcn20000,5,False,5,0.0101572,0.0068085,0.00766894,0.06521647,0.005438878,0.8574708,0.047239162,0.022404578,,0.022404578,look,0,,42,look_f0_s42_in22k_v5scr,last
ISIC_0055911,BCN_0000029,BCN_0000029,40-59,bcn20000,4,True,5,0.009436669,0.006308201,0.0069435295,0.0632475,0.0043927142,0.86452615,0.045145165,0.020137582,,0.020137582,look,0,,42,look_f0_s42_in22k_v5scr,last
ISIC_0055912,BCN_0001804,BCN_0001804,60+,bcn20000,1,True,0,0.9354684,0.0066402745,0.002606136,0.025525782,0.004806966,0.0011468377,0.023805661,0.9469156,,0.9469156,look,0,,42,look_f0_s42_in22k_v5scr,last
ISIC_0055922,BCN_0004096,BCN_0004096,<40,bcn20000,5,False,4,0.0074092806,0.006765649,0.0061943415,0.12735678,0.5344704,0.23219322,0.08561033,0.5486453,,0.5486453,look,0,,42,look_f0_s42_in22k_v5scr,last
ISIC_0055925,BCN_0003228,BCN_0003228,60+,bcn20000,0,True,1,0.013143769,0.83753985,0.05598937,0.047826823,0.0023190442,0.003916955,0.039264183,0.85300267,,0.85300267,look,0,,42,look_f0_s42_in22k_v5scr,last
ISIC_0055938,BCN_0002577,BCN_0002577,40-59,bcn20000,4,True,4,0.0075917756,0.004945576,0.0070779733,0.05090896,0.8834547,0.004501377,0.041519698,0.89599204,,0.89599204,look,0,,42,look_f0_s42_in22k_v5scr,last
ISIC_0055941,BCN_0000886,BCN_0000886,60+,bcn20000,5,False,5,0.010461805,0.0062358216,0.004882829,0.069226734,0.013276653,0.84711707,0.04879916,0.02997428,,0.02997428,look,0,,42,look_f0_s42_in22k_v5scr,last
ISIC_0055955,BCN_0004535,BCN_0004535,60+,bcn20000,2,False,2,0.0088712415,0.00747349,0.8460156,0.071110584,0.0035407464,0.009446527,0.05354193,0.019885479,,0.019885479,look,0,,42,look_f0_s42_in22k_v5scr,last
ISIC_0055970,BCN_0004157,BCN_0004157,40-59,bcn20000,5,False,5,0.011258246,0.0077765207,0.007342871,0.069691814,0.0065801227,0.8400146,0.057335857,0.025614891,,0.025614891,look,0,,42,look_f0_s42_in22k_v5scr,last
ISIC_0055989,BCN_0004822,BCN_0004822,60+,bcn20000,0,True,0,0.8603436,0.0089579215,0.029184055,0.064909115,0.0012812095,0.0044250865,0.030899076,0.8705827,,0.8705827,look,0,,42,look_f0_s42_in22k_v5scr,last
ISIC_0055995,BCN_0004096,BCN_0004096,<40,bcn20000,5,False,4,0.007815559,0.0034939647,0.0060752435,0.07535071,0.80157554,0.0468188,0.05887025,0.81288505,,0.81288505,look,0,,42,look_f0_s42_in22k_v5scr,last
ISIC_0055996,BCN_0003062,BCN_0003062,<40,bcn20000,5,False,5,0.00904049,0.0063315528,0.013481131,0.0632613,0.0037362613,0.8604345,0.043714777,0.019108303,,0.019108303,look,0,,42,look_f0_s42_in22k_v5scr,last
ISIC_0056004,BCN_0002793,BCN_0002793,60+,bcn20000,0,True,2,0.18969633,0.19972838,0.37095416,0.12891544,0.0053779623,0.006024827,0.09930294,0.39480266,,0.39480266,look,0,,42,look_f0_s42_in22k_v5scr,last
ISIC_0056008,BCN_0000561,BCN_0000561,40-59,bcn20000,5,False,5,0.010283321,0.005865753,0.0049990066,0.054383125,0.0064874,0.8714957,0.04648574,0.022636473,,0.022636473,look,0,,42,look_f0_s42_in22k_v5scr,last
ISIC_0056024,BCN_0000015,BCN_0000015,60+,bcn20000,1,True,1,0.009572733,0.7849547,0.028021634,0.09756318,0.0072116824,0.00568567,0.06699046,0.80173916,,0.80173916,look,0,,42,look_f0_s42_in22k_v5scr,last
ISIC_0056029,BCN_0000643,BCN_0000643,unknown,bcn20000,5,False,4,0.016737614,0.006208126,0.009002958,0.09220447,0.7239878,0.09779819,0.054060873,0.7469336,,0.7469336,look,0,,42,look_f0_s42_in22k_v5scr,last
ISIC_0056030,BCN_0000409,BCN_0000409,60+,bcn20000,1,True,1,0.06165907,0.6994507,0.009022503,0.109062605,0.053608358,0.0042443047,0.06295243,0.8147181,,0.8147181,look,0,,42,look_f0_s42_in22k_v5scr,last
ISIC_0056042,BCN_0005353,BCN_0005353,60+,bcn20000,1,True,1,0.006087392,0.8777816,0.006915988,0.055670258,0.0044856244,0.006186343,0.042872872,0.8883546,,0.8883546,look,0,,42,look_f0_s42_in22k_v5scr,last
ISIC_0056106,BCN_0004274,BCN_0004274,60+,bcn20000,1,True,1,0.18978581,0.589919,0.0030037614,0.12931849,0.015196468,0.0049843574,0.06779217,0.79490125,,0.79490125,look,0,,42,look_f0_s42_in22k_v5scr,last
ISIC_0056124,BCN_0001055,BCN_0001055,60+,bcn20000,1,True,1,0.004955512,0.90340143,0.009937439,0.036246758,0.013192592,0.0013029036,0.03096343,0.92154956,,0.92154956,look,0,,42,look_f0_s42_in22k_v5scr,last
ISIC_0056128,BCN_0004633,BCN_0004633,60+,bcn20000,0,True,0,0.6269028,0.0032581028,0.0089983735,0.094954744,0.20281552,0.001449316,0.061621096,0.83297646,,0.83297646,look,0,,42,look_f0_s42_in22k_v5scr,last
ISIC_0056130,BCN_0002989,BCN_0002989,60+,bcn20000,4,True,6,0.07927312,0.12860826,0.0017430093,0.047260053,0.029529296,0.00086303276,0.71272326,0.23741066,,0.23741066,look,0,,42,look_f0_s42_in22k_v5scr,last
ISIC_0056144,BCN_0005353,BCN_0005353,60+,bcn20000,1,True,1,0.006955878,0.88513803,0.0046861744,0.052508287,0.0041778954,0.005429462,0.04110434,0.89627177,,0.89627177,look,0,,42,look_f0_s42_in22k_v5scr,last
ISIC_0056146,BCN_0004701,BCN_0004701,60+,bcn20000,1,True,1,0.0093631875,0.8820539,0.01666987,0.052199,0.003944413,0.0048897257,0.030879823,0.8953615,,0.8953615,look,0,,42,look_f0_s42_in22k_v5scr,last
ISIC_0056176,BCN_0001834,BCN_0001834,60+,bcn20000,0,True,0,0.91518563,0.018585872,0.0014220279,0.03443475,0.0034815874,0.0028893433,0.02400074,0.93725306,,0.93725306,look,0,,42,look_f0_s42_in22k_v5scr,last
ISIC_0056202,BCN_0000627,BCN_0000627,60+,bcn20000,4,True,4,0.008159528,0.005509139,0.00800016,0.054934874,0.88292867,0.0027881293,0.037679423,0.8965973,,0.8965973,look,0,,42,look_f0_s42_in22k_v5scr,last
ISIC_0056203,BCN_0003597,BCN_0003597,<40,bcn20000,5,False,5,0.01580077,0.010205282,0.00856406,0.07626488,0.0064652585,0.8317461,0.050953638,0.03247131,,0.03247131,look,0,,42,look_f0_s42_in22k_v5scr,last
ISIC_0056221,BCN_0004066,BCN_0004066,60+,bcn20000,4,True,0,0.8303909,0.015014039,0.0020142219,0.041026346,0.07095469,0.0010748556,0.039524954,0.9163596,,0.9163596,look,0,,42,look_f0_s42_in22k_v5scr,last
ISIC_0056247,BCN_0004206,BCN_0004206,40-59,bcn20000,4,True,3,0.0013928508,0.0050770524,0.001612557,0.84737754,0.11430151,0.00668547,0.023553057,0.120771416,,0.120771416,look,0,,42,look_f0_s42_in22k_v5scr,last
ISIC_0056250,BCN_0004168,BCN_0004168,60+,bcn20000,5,False,5,0.0120105855,0.29065394,0.026762601,0.12767147,0.013006822,0.46355125,0.06634332,0.31567135,,0.31567135,look,0,,42,look_f0_s42_in22k_v5scr,last
ISIC_0056286,BCN_0004626,BCN_0004626,<40,bcn20000,5,False,4,0.0094715,0.004580039,0.006015676,0.07473665,0.84888655,0.0062021613,0.05010748,0.8629381,,0.8629381,look,0,,42,look_f0_s42_in22k_v5scr,last
ISIC_0056296,BCN_0002282,BCN_0002282,60+,bcn20000,1,True,4,0.06039407,0.08364149,0.005531333,0.14975123,0.60378885,0.0048522344,0.09204079,0.74782443,,0.74782443,look,0,,42,look_f0_s42_in22k_v5scr,last
ISIC_0056313,BCN_0002144,BCN_0002144,40-59,bcn20000,5,False,1,0.0075375387,0.89351946,0.004585512,0.049908303,0.004305759,0.0038310166,0.036312386,0.9053628,,0.9053628,look,0,,42,look_f0_s42_in22k_v5scr,last
ISIC_0056316,BCN_0002841,BCN_0002841,40-59,bcn20000,5,False,5,0.014152643,0.016809968,0.006455956,0.07138113,0.0029373998,0.82953066,0.05873228,0.03390001,,0.03390001,look,0,,42,look_f0_s42_in22k_v5scr,last
ISIC_0056325,BCN_0002686,BCN_0002686,40-59,bcn20000,5,False,5,0.012025621,0.006784685,0.006563953,0.070541136,0.0058033313,0.85012186,0.04815946,0.024613637,,0.024613637,look,0,,42,look_f0_s42_in22k_v5scr,last
ISIC_0056330,BCN_0001470,BCN_0001470,unknown,bcn20000,4,True,4,0.008608577,0.0055808104,0.008467575,0.056652796,0.8783063,0.005924221,0.036459696,0.8924957,,0.8924957,look,0,,42,look_f0_s42_in22k_v5scr,last
ISIC_0056340,BCN_0003373,BCN_0003373,<40,bcn20000,5,False,5,0.0087249745,0.0058144564,0.0066799764,0.06387774,0.007462446,0.8590841,0.048356283,0.022001877,,0.022001877,look,0,,42,look_f0_s42_in22k_v5scr,last
ISIC_0056383,BCN_0004274,BCN_0004274,60+,bcn20000,1,True,1,0.033118624,0.3276522,0.04523507,0.22849767,0.25323227,0.0036697509,0.10859441,0.61400306,,0.61400306,look,0,,42,look_f0_s42_in22k_v5scr,last
ISIC_0056409,BCN_0001832,BCN_0001832,40-59,bcn20000,4,True,4,0.011758063,0.010548285,0.0518547,0.091673516,0.76552016,0.007225386,0.061419956,0.7878265,,0.7878265,look,0,,42,look_f0_s42_in22k_v5scr,last
ISIC_0056411,BCN_0000794,BCN_0000794,40-59,bcn20000,1,True,1,0.03475692,0.86338705,0.005952562,0.050305307,0.0049763727,0.0041815657,0.03644015,0.90312034,,0.90312034,look,0,,42,look_f0_s42_in22k_v5scr,last
ISIC_0056418,BCN_0005308,BCN_0005308,40-59,bcn20000,5,False,5,0.0063173585,0.0033691148,0.005029718,0.06156246,0.015742563,0.863649,0.044329774,0.025429036,,0.025429036,look,0,,42,look_f0_s42_in22k_v5scr,last
ISIC_0056425,BCN_0000029,BCN_0000029,40-59,bcn20000,4,True,5,0.009268052,0.006801208,0.009269997,0.06560615,0.0048126867,0.85979956,0.044442337,0.020881947,,0.020881947,look,0,,42,look_f0_s42_in22k_v5scr,last
ISIC_0056428,BCN_0000627,BCN_0000627,60+,bcn20000,4,True,4,0.0076292343,0.0059913453,0.010337964,0.05088162,0.88372093,0.004683346,0.03675551,0.8973415,,0.8973415,look,0,,42,look_f0_s42_in22k_v5scr,last
ISIC_0056483,BCN_0004654,BCN_0004654,40-59,bcn20000,4,True,5,0.013196425,0.0059830667,0.007000279,0.10955967,0.13910884,0.6512908,0.07386093,0.15828833,,0.15828833,look,0,,42,look_f0_s42_in22k_v5scr,last
ISIC_0056515,BCN_0005095,BCN_0005095,<40,bcn20000,2,False,2,0.009443095,0.0053354893,0.85902995,0.07710489,0.0022771517,0.008048151,0.038761243,0.017055735,,0.017055735,look,0,,42,look_f0_s42_in22k_v5scr,last
ISIC_0056519,BCN_0004284,BCN_0004284,40-59,bcn20000,2,False,2,0.012412417,0.005890367,0.7330716,0.08188831,0.0059145726,0.10653286,0.054289952,0.024217356,,0.024217356,look,0,,42,look_f0_s42_in22k_v5scr,last
ISIC_0056529,BCN_0002140,BCN_0002140,60+,bcn20000,0,True,0,0.3216459,0.0043073534,0.11812893,0.17653696,0.050553124,0.20974009,0.11908767,0.37650636,,0.37650636,look,0,,42,look_f0_s42_in22k_v5scr,last
ISIC_0056570,BCN_0001411,BCN_0001411,40-59,bcn20000,5,False,5,0.009311523,0.004773867,0.005505865,0.061927963,0.0028457248,0.87258834,0.043046787,0.016931115,,0.016931115,look,0,,42,look_f0_s42_in22k_v5scr,last
ISIC_0056581,BCN_0005456,BCN_0005456,40-59,bcn20000,5,False,5,0.0081892945,0.0066726576,0.008284568,0.058760226,0.0044649527,0.8695042,0.04412401,0.019326905,,0.019326905,look,0,,42,look_f0_s42_in22k_v5scr,last
ISIC_0056584,BCN_0005030,BCN_0005030,<40,bcn20000,5,False,5,0.010842339,0.009525138,0.0030653581,0.059070867,0.0024245498,0.87526244,0.03980939,0.022792026,,0.022792026,look,0,,42,look_f0_s42_in22k_v5scr,last
ISIC_0056618,BCN_0004021,BCN_0004021,<40,bcn20000,5,False,5,0.0190459,0.01451605,0.008315698,0.08172808,0.002680365,0.8266052,0.04710872,0.036242317,,0.036242317,look,0,,42,look_f0_s42_in22k_v5scr,last
ISIC_0056632,BCN_0000652,BCN_0000652,60+,bcn20000,4,True,2,0.010463582,0.0055644535,0.8884478,0.05142334,0.004122181,0.0037103465,0.03626828,0.020150216,,0.020150216,look,0,,42,look_f0_s42_in22k_v5scr,last
ISIC_0056635,BCN_0004737,BCN_0004737,40-59,bcn20000,5,False,5,0.015696378,0.011398111,0.00851539,0.07723812,0.0072361594,0.8246519,0.055264052,0.034330647,,0.034330647,look,0,,42,look_f0_s42_in22k_v5scr,last
ISIC_0056671,BCN_0004027,BCN_0004027,40-59,bcn20000,1,True,1,0.081856966,0.81721795,0.0021770508,0.056832284,0.0031802442,0.003232893,0.03550271,0.9022552,,0.9022552,look,0,,42,look_f0_s42_in22k_v5scr,last
ISIC_0056677,BCN_0000627,BCN_0000627,60+,bcn20000,4,True,4,0.009409662,0.005897867,0.00724706,0.061295692,0.87077504,0.003726584,0.041648064,0.8860826,,0.8860826,look,0,,42,look_f0_s42_in22k_v5scr,last
ISIC_0056685,BCN_0002838,BCN_0002838,60+,bcn20000,1,True,1,0.009666369,0.88364434,0.0056027896,0.052056745,0.004946607,0.0043166433,0.03976646,0.8982573,,0.8982573,look,0,,42,look_f0_s42_in22k_v5scr,last
ISIC_0056699,BCN_0000693,BCN_0000693,60+,bcn20000,2,False,2,0.01615969,0.028472787,0.57637227,0.1018879,0.037093256,0.03171547,0.2082987,0.08172573,,0.08172573,look,0,,42,look_f0_s42_in22k_v5scr,last
ISIC_0056706,BCN_0005033,BCN_0005033,40-59,bcn20000,5,False,5,0.013213168,0.009197249,0.0067226617,0.07257936,0.007363885,0.8421242,0.048799533,0.029774303,,0.029774303,look,0,,42,look_f0_s42_in22k_v5scr,last
ISIC_0056724,BCN_0002140,BCN_0002140,60+,bcn20000,0,True,5,0.018426381,0.003932245,0.06761469,0.098612025,0.09845228,0.6169387,0.09602367,0.1208109,,0.1208109,look,0,,42,look_f0_s42_in22k_v5scr,last
ISIC_0056726,BCN_0002577,BCN_0002577,40-59,bcn20000,4,True,4,0.006755173,0.0041004233,0.006583234,0.05183753,0.8872237,0.0047441,0.03875592,0.89807934,,0.89807934,look,0,,42,look_f0_s42_in22k_v5scr,last
ISIC_0056751,BCN_0001458,BCN_0001458,60+,bcn20000,4,True,2,0.2444555,0.00826043,0.5153312,0.13282754,0.0063413484,0.017231358,0.07555261,0.25905728,,0.25905728,look,0,,42,look_f0_s42_in22k_v5scr,last
ISIC_0056756,BCN_0001154,BCN_0001154,60+,bcn20000,0,True,1,0.0076029208,0.8983566,0.0043865573,0.04780983,0.0044520358,0.0030849867,0.034307,0.9104116,,0.9104116,look,0,,42,look_f0_s42_in22k_v5scr,last
ISIC_0056773,BCN_0002640,BCN_0002640,60+,bcn20000,0,True,1,0.0060817967,0.91117275,0.004397521,0.036905874,0.008828724,0.0072687403,0.025344545,0.92608327,,0.92608327,look,0,,42,look_f0_s42_in22k_v5scr,last
ISIC_0056775,BCN_0003091,BCN_0003091,40-59,bcn20000,1,True,1,0.009798845,0.89095455,0.0044943215,0.048451073,0.0057893908,0.003643144,0.036868706,0.9065428,,0.9065428,look,0,,42,look_f0_s42_in22k_v5scr,last
ISIC_0056793,BCN_0000444,BCN_0000444,40-59,bcn20000,4,True,4,0.015145386,0.0073398273,0.009439667,0.079312965,0.8263194,0.0047508897,0.057691794,0.8488046,,0.8488046,look,0,,42,look_f0_s42_in22k_v5scr,last
ISIC_0056811,BCN_0000248,BCN_0000248,<40,bcn20000,5,False,5,0.010989469,0.0066691404,0.0051908693,0.06874831,0.0048734415,0.85841805,0.045110766,0.022532051,,0.022532051,look,0,,42,look_f0_s42_in22k_v5scr,last
ISIC_0056826,BCN_0005265,BCN_0005265,60+,bcn20000,1,True,1,0.006330644,0.853353,0.0051384685,0.050885234,0.007956066,0.004218534,0.07211801,0.8676398,,0.8676398,look,0,,42,look_f0_s42_in22k_v5scr,last
ISIC_0056828,BCN_0003249,BCN_0003249,40-59,bcn20000,5,False,1,0.015870186,0.8653745,0.0063107125,0.052533183,0.008768717,0.007100757,0.04404196,0.89001346,,0.89001346,look,0,,42,look_f0_s42_in22k_v5scr,last
ISIC_0056865,BCN_0004420,BCN_0004420,40-59,bcn20000,5,False,5,0.010172963,0.0066743824,0.005994903,0.061902184,0.0047269324,0.8647423,0.04578637,0.021574277,,0.021574277,look,0,,42,look_f0_s42_in22k_v5scr,last
ISIC_0056876,BCN_0001694,BCN_0001694,60+,bcn20000,4,True,4,0.010306357,0.0032832702,0.003131074,0.041881792,0.8998559,0.008189547,0.03335197,0.91344553,,0.91344553,look,0,,42,look_f0_s42_in22k_v5scr,last
ISIC_0056883,BCN_0001887,BCN_0001887,60+,bcn20000,1,True,1,0.015614598,0.38434827,0.01034627,0.11084088,0.015817808,0.37534714,0.08768497,0.4157807,,0.4157807,look,0,,42,look_f0_s42_in22k_v5scr,last
ISIC_0056904,BCN_0005019,BCN_0005019,40-59,bcn20000,0,True,1,0.019399546,0.8396436,0.011784314,0.06230844,0.022627339,0.007303108,0.036933716,0.8816705,,0.8816705,look,0,,42,look_f0_s42_in22k_v5scr,last
ISIC_0056923,BCN_0003718,BCN_0003718,40-59,bcn20000,5,False,5,0.010302625,0.00693011,0.006199706,0.067932546,0.0070678666,0.854327,0.047240138,0.024300601,,0.024300601,look,0,,42,look_f0_s42_in22k_v5scr,last
ISIC_0056929,BCN_0000244,BCN_0000244,60+,bcn20000,1,True,1,0.008240572,0.8876208,0.006299933,0.051771723,0.005450056,0.0047077793,0.03590904,0.90131146,,0.90131146,look,0,,42,look_f0_s42_in22k_v5scr,last
ISIC_0056933,BCN_0002034,BCN_0002034,60+,bcn20000,1,True,5,0.009649129,0.009668338,0.0057229986,0.07095185,0.004754502,0.84558225,0.053670924,0.02407197,,0.02407197,look,0,,42,look_f0_s42_in22k_v5scr,last
ISIC_0056945,BCN_0002440,BCN_0002440,40-59,bcn20000,5,False,5,0.00949057,0.0052301083,0.0076151993,0.08242252,0.02882178,0.81179744,0.05462235,0.04354246,,0.04354246,look,0,,42,look_f0_s42_in22k_v5scr,last
ISIC_0056965,BCN_0001106,BCN_0001106,60+,bcn20000,1,True,1,0.021054128,0.81460905,0.021947175,0.065556005,0.01736847,0.0014565286,0.058008533,0.8530317,,0.8530317,look,0,,42,look_f0_s42_in22k_v5scr,last
ISIC_0056966,BCN_0000595,BCN_0000595,40-59,bcn20000,5,False,5,0.015318737,0.0071178763,0.006827129,0.0787707,0.004226106,0.8348015,0.05293799,0.026662719,,0.026662719,look,0,,42,look_f0_s42_in22k_v5scr,last
ISIC_0056995,BCN_0000409,BCN_0000409,60+,bcn20000,1,True,1,0.00885541,0.8912,0.008969862,0.04924906,0.0064979503,0.0036703497,0.031557355,0.9065534,,0.9065534,look,0,,42,look_f0_s42_in22k_v5scr,last
ISIC_0057004,BCN_0004284,BCN_0004284,40-59,bcn20000,2,False,2,0.016414134,0.008296599,0.70351106,0.09703839,0.0041886386,0.097264536,0.073286615,0.028899372,,0.028899372,look,0,,42,look_f0_s42_in22k_v5scr,last
ISIC_0057011,BCN_0002487,BCN_0002487,<40,bcn20000,5,False,4,0.0077412864,0.0046583465,0.0053641126,0.051072106,0.8860659,0.0097314315,0.035366807,0.8984655,,0.8984655,look,0,,42,look_f0_s42_in22k_v5scr,last
ISIC_0057020,BCN_0000794,BCN_0000794,40-59,bcn20000,1,True,1,0.044493932,0.85810447,0.004635037,0.048325054,0.004930415,0.003436874,0.03607426,0.9075288,,0.9075288,look,0,,42,look_f0_s42_in22k_v5scr,last
ISIC_0057022,BCN_0005019,BCN_0005019,40-59,bcn20000,0,True,5,0.009931341,0.360975,0.00366132,0.13369894,0.0137931425,0.40406844,0.07387185,0.3846995,,0.3846995,look,0,,42,look_f0_s42_in22k_v5scr,last
ISIC_0057026,BCN_0003235,BCN_0003235,40-59,bcn20000,5,False,4,0.009795892,0.007788671,0.0068558683,0.07564537,0.8324734,0.014146143,0.053294644,0.85005796,,0.85005796,look,0,,42,look_f0_s42_in22k_v5scr,last
ISIC_0057029,BCN_0002638,BCN_0002638,60+,bcn20000,1,True,1,0.00406339,0.93187857,0.00793273,0.028264608,0.004160165,0.0045164605,0.019184059,0.9401021,,0.9401021,look,0,,42,look_f0_s42_in22k_v5scr,last
ISIC_0057051,BCN_0001154,BCN_0001154,60+,bcn20000,0,True,1,0.028749831,0.85315645,0.0075883907,0.061694846,0.0034361372,0.0039813556,0.04139299,0.8853424,,0.8853424,look,0,,42,look_f0_s42_in22k_v5scr,last
ISIC_0057052,BCN_0004865,BCN_0004865,60+,bcn20000,0,True,2,0.0075882585,0.07364939,0.34652057,0.16639158,0.17136452,0.12372381,0.110761866,0.25260216,,0.25260216,look,0,,42,look_f0_s42_in22k_v5scr,last
ISIC_0057072,BCN_0001834,BCN_0001834,60+,bcn20000,0,True,0,0.92573565,0.021223038,0.00084568944,0.027790753,0.0037083544,0.0018985262,0.018798063,0.950667,,0.950667,look,0,,42,look_f0_s42_in22k_v5scr,last
ISIC_0057074,BCN_0005456,BCN_0005456,40-59,bcn20000,5,False,5,0.013998493,0.0076751886,0.0053025326,0.06958371,0.0054343413,0.84859383,0.049411833,0.027108023,,0.027108023,look,0,,42,look_f0_s42_in22k_v5scr,last
ISIC_0057101,BCN_0004870,BCN_0004870,60+,bcn20000,1,True,1,0.0061721955,0.8584173,0.01258167,0.0484781,0.0043497947,0.003090116,0.06691091,0.8689392,,0.8689392,look,0,,42,look_f0_s42_in22k_v5scr,last
ISIC_0057111,BCN_0001106,BCN_0001106,60+,bcn20000,1,True,1,0.016054295,0.5658538,0.10810825,0.17215008,0.042602044,0.002842899,0.092388645,0.6245101,,0.6245101,look,0,,42,look_f0_s42_in22k_v5scr,last
ISIC_0057117,BCN_0002207,BCN_0002207,60+,bcn20000,1,True,0,0.8330673,0.06285927,0.0055305627,0.054327745,0.004323582,0.0026693093,0.037222307,0.9002502,,0.9002502,look,0,,42,look_f0_s42_in22k_v5scr,last
ISIC_0057136,BCN_0003316,BCN_0003316,60+,bcn20000,5,False,4,0.0057254722,0.002580462,0.0029661478,0.049375065,0.9005157,0.00700997,0.031827215,0.9088216,,0.9088216,look,0,,42,look_f0_s42_in22k_v5scr,last
ISIC_0057147,BCN_0004631,BCN_0004631,40-59,bcn20000,4,True,4,0.016649306,0.0022269008,0.022472963,0.07270681,0.8480021,0.0014029695,0.036538962,0.8668783,,0.8668783,look,0,,42,look_f0_s42_in22k_v5scr,last
ISIC_0057148,BCN_0001814,BCN_0001814,60+,bcn20000,4,True,4,0.0076747662,0.0050078323,0.02079373,0.065409034,0.8394343,0.015662966,0.046017375,0.85211694,,0.85211694,look,0,,42,look_f0_s42_in22k_v5scr,last
ISIC_0057161,BCN_0001972,BCN_0001972,40-59,bcn20000,1,True,1,0.0068396986,0.89350814,0.0059981514,0.055805154,0.0042419597,0.004261684,0.029345239,0.9045898,,0.9045898,look,0,,42,look_f0_s42_in22k_v5scr,last
ISIC_0057182,BCN_0005316,BCN_0005316,60+,bcn20000,0,True,2,0.031970114,0.0074321483,0.84202623,0.06395448,0.004852504,0.0046628327,0.04510161,0.044254765,,0.044254765,look,0,,42,look_f0_s42_in22k_v5scr,last
ISIC_0057183,BCN_0004157,BCN_0004157,40-59,bcn20000,5,False,5,0.012058513,0.0070859143,0.007400085,0.07010532,0.0072694262,0.84056765,0.05551308,0.026413854,,0.026413854,look,0,,42,look_f0_s42_in22k_v5scr,last
ISIC_0057185,BCN_0005238,BCN_0005238,<40,bcn20000,5,False,5,0.008685001,0.006232414,0.0056948396,0.06453225,0.0061894027,0.86311173,0.045554344,0.021106817,,0.021106817,look,0,,42,look_f0_s42_in22k_v5scr,last
ISIC_0057188,BCN_0001814,BCN_0001814,60+,bcn20000,4,True,4,0.008353539,0.005480676,0.011612249,0.06154033,0.8637049,0.0062947334,0.043013528,0.87753916,,0.87753916,look,0,,42,look_f0_s42_in22k_v5scr,last
ISIC_0057210,BCN_0002794,BCN_0002794,60+,bcn20000,2,False,4,0.0066670245,0.0077369753,0.015241038,0.043621384,0.8702769,0.01177026,0.04468634,0.8846809,,0.8846809,look,0,,42,look_f0_s42_in22k_v5scr,last
ISIC_0057222,BCN_0001223,BCN_0001223,40-59,bcn20000,2,False,5,0.015317905,0.006318803,0.060011566,0.21566348,0.28158653,0.2883044,0.13279735,0.30322322,,0.30322322,look,0,,42,look_f0_s42_in22k_v5scr,last
ISIC_0057240,BCN_0001841,BCN_0001841,<40,bcn20000,5,False,5,0.010098988,0.0059746653,0.0061831176,0.06744683,0.0044467705,0.8568375,0.049012106,0.020520424,,0.020520424,look,0,,42,look_f0_s42_in22k_v5scr,last
ISIC_0057248,BCN_0004139,BCN_0004139,40-59,bcn20000,2,False,2,0.05712134,0.006732551,0.76563156,0.081357546,0.012894203,0.0056872764,0.070575476,0.076748095,,0.076748095,look,0,,42,look_f0_s42_in22k_v5scr,last
ISIC_0057260,BCN_0004792,BCN_0004792,40-59,bcn20000,5,False,5,0.007942485,0.0058039306,0.005087569,0.060336046,0.005636995,0.8701519,0.04504117,0.01938341,,0.01938341,look,0,,42,look_f0_s42_in22k_v5scr,last
ISIC_0057279,BCN_0005014,BCN_0005014,60+,bcn20000,1,True,1,0.008961848,0.9107323,0.0032458222,0.042009857,0.0039069694,0.0034922275,0.027650973,0.92360115,,0.92360115,look,0,,42,look_f0_s42_in22k_v5scr,last
ISIC_0057290,BCN_0003538,BCN_0003538,60+,bcn20000,2,False,5,0.0087566655,0.009423784,0.037256863,0.07008258,0.002826065,0.8229791,0.048675034,0.021006513,,0.021006513,look,0,,42,look_f0_s42_in22k_v5scr,last
ISIC_0057295,BCN_0001305,BCN_0001305,40-59,bcn20000,6,False,2,0.0012981972,0.011035918,0.7038391,0.04122632,0.008204966,0.0033457247,0.23104976,0.020539083,,0.020539083,look,0,,42,look_f0_s42_in22k_v5scr,last
ISIC_0057333,BCN_0004209,BCN_0004209,60+,bcn20000,1,True,1,0.009322393,0.8789055,0.0051355134,0.052428264,0.014251222,0.0031920553,0.036765058,0.9024791,,0.9024791,look,0,,42,look_f0_s42_in22k_v5scr,last
ISIC_0057355,BCN_0004145,BCN_0004145,60+,bcn20000,1,True,1,0.0075983484,0.88035905,0.005594646,0.055245724,0.004231851,0.0053853127,0.04158491,0.89218926,,0.89218926,look,0,,42,look_f0_s42_in22k_v5scr,last
ISIC_0057357,BCN_0004822,BCN_0004822,60+,bcn20000,0,True,1,0.023886943,0.85590476,0.0033018356,0.061960157,0.012650362,0.0011795134,0.04111647,0.89244205,,0.89244205,look,0,,42,look_f0_s42_in22k_v5scr,last
ISIC_0057377,BCN_0000923,BCN_0000923,40-59,bcn20000,5,False,5,0.008524705,0.006614038,0.0051349225,0.066009276,0.006005907,0.8645839,0.043127194,0.021144649,,0.021144649,look,0,,42,look_f0_s42_in22k_v5scr,last
ISIC_0057384,BCN_0002207,BCN_0002207,60+,bcn20000,1,True,0,0.9121819,0.01784115,0.00492426,0.03316505,0.0025140827,0.002611423,0.026762176,0.93253714,,0.93253714,look,0,,42,look_f0_s42_in22k_v5scr,last
ISIC_0057397,BCN_0004066,BCN_0004066,60+,bcn20000,4,True,4,0.0095613,0.0041653356,0.005852771,0.051244285,0.8861068,0.0034556566,0.03961387,0.89983344,,0.89983344,look,0,,42,look_f0_s42_in22k_v5scr,last
ISIC_0057429,BCN_0000561,BCN_0000561,40-59,bcn20000,5,False,5,0.010535251,0.0066136224,0.005191263,0.071660854,0.004751386,0.85466826,0.04657937,0.02190026,,0.02190026,look,0,,42,look_f0_s42_in22k_v5scr,last
ISIC_0057443,BCN_0005251,BCN_0005251,40-59,bcn20000,5,False,5,0.009023757,0.005842514,0.0052255783,0.06223514,0.005343218,0.86468184,0.047648024,0.020209488,,0.020209488,look,0,,42,look_f0_s42_in22k_v5scr,last
ISIC_0057454,BCN_0001077,BCN_0001077,<40,bcn20000,5,False,5,0.009119254,0.0054329163,0.006071674,0.06286647,0.0049970387,0.8656139,0.045898754,0.01954921,,0.01954921,look,0,,42,look_f0_s42_in22k_v5scr,last
ISIC_0057474,BCN_0004060,BCN_0004060,40-59,bcn20000,1,True,1,0.008726182,0.7706545,0.0051843952,0.09888753,0.042572033,0.006969009,0.067006364,0.8219527,,0.8219527,look,0,,42,look_f0_s42_in22k_v5scr,last
ISIC_0057477,BCN_0001154,BCN_0001154,60+,bcn20000,0,True,1,0.015031942,0.884186,0.003694026,0.052807745,0.0034734344,0.0033453298,0.03746153,0.9026914,,0.9026914,look,0,,42,look_f0_s42_in22k_v5scr,last
ISIC_0057497,BCN_0001107,BCN_0001107,60+,bcn20000,2,False,0,0.5275121,0.0090607405,0.28333482,0.095008284,0.003091156,0.008831645,0.07316132,0.539664,,0.539664,look,0,,42,look_f0_s42_in22k_v5scr,last
ISIC_0057542,BCN_0002064,BCN_0002064,60+,bcn20000,1,True,1,0.033111226,0.87650335,0.0032847628,0.039265152,0.014184926,0.0010177356,0.032632798,0.9237995,,0.9237995,look,0,,42,look_f0_s42_in22k_v5scr,last
ISIC_0057587,BCN_0002702,BCN_0002702,60+,bcn20000,1,True,1,0.00946828,0.8982102,0.0050662365,0.046719942,0.0059114397,0.0029601823,0.031663686,0.91358995,,0.91358995,look,0,,42,look_f0_s42_in22k_v5scr,last
ISIC_0057592,BCN_0001446,BCN_0001446,60+,bcn20000,1,True,5,0.012670475,0.011566901,0.004384869,0.06574934,0.0033744234,0.8560066,0.046247393,0.0276118,,0.0276118,look,0,,42,look_f0_s42_in22k_v5scr,last
ISIC_0057594,BCN_0000444,BCN_0000444,40-59,bcn20000,4,True,4,0.0130478,0.006694098,0.00645505,0.057964038,0.8690172,0.0038736078,0.042948235,0.8887591,,0.8887591,look,0,,42,look_f0_s42_in22k_v5scr,last
ISIC_0057626,BCN_0004084,BCN_0004084,<40,bcn20000,5,False,5,0.009083864,0.0062192017,0.015448408,0.07591237,0.005432366,0.83760816,0.05029561,0.020735431,,0.020735431,look,0,,42,look_f0_s42_in22k_v5scr,last
ISIC_0057657,BCN_0004224,BCN_0004224,40-59,bcn20000,1,True,1,0.0079083955,0.8963575,0.0032510557,0.050309516,0.0028301773,0.0062691383,0.03307427,0.907096,,0.907096,look,0,,42,look_f0_s42_in22k_v5scr,last
ISIC_0057658,BCN_0000096,BCN_0000096,60+,bcn20000,1,True,1,0.010220566,0.89786804,0.004282584,0.045625992,0.0040792744,0.0029823072,0.03494118,0.9121679,,0.9121679,look,0,,42,look_f0_s42_in22k_v5scr,last
ISIC_0057660,BCN_0002487,BCN_0002487,<40,bcn20000,5,False,4,0.014829981,0.008279392,0.008400783,0.10884214,0.55091345,0.23691668,0.0718176,0.5740228,,0.5740228,look,0,,42,look_f0_s42_in22k_v5scr,last
ISIC_0057662,BCN_0001106,BCN_0001106,60+,bcn20000,1,True,1,0.011192354,0.5050472,0.021817252,0.10197442,0.07934039,0.17450617,0.10612226,0.59558,,0.59558,look,0,,42,look_f0_s42_in22k_v5scr,last
ISIC_0057668,BCN_0003907,BCN_0003907,60+,bcn20000,4,True,4,0.00791254,0.0065155006,0.007188065,0.05557707,0.8837526,0.002684099,0.03637018,0.8981806,,0.8981806,look,0,,42,look_f0_s42_in22k_v5scr,last
ISIC_0057692,BCN_0004631,BCN_0004631,40-59,bcn20000,4,True,2,0.10353221,0.0035555202,0.65700334,0.10844684,0.07236604,0.0073242066,0.04777185,0.17945376,,0.17945376,look,0,,42,look_f0_s42_in22k_v5scr,last
ISIC_0057698,BCN_0001495,BCN_0001495,60+,bcn20000,2,False,2,0.0084328195,0.0058563645,0.8699419,0.061622817,0.004681003,0.0066023204,0.042862795,0.018970186,,0.018970186,look,0,,42,look_f0_s42_in22k_v5scr,last
ISIC_0057700,BCN_0000906,BCN_0000906,60+,bcn20000,4,True,5,0.081890866,0.057579417,0.014433201,0.19564067,0.088316366,0.40467897,0.15746057,0.22778665,,0.22778665,look,0,,42,look_f0_s42_in22k_v5scr,last
ISIC_0057701,BCN_0003718,BCN_0003718,40-59,bcn20000,5,False,5,0.010617317,0.00704177,0.006393506,0.067564175,0.007072177,0.85332525,0.047985815,0.024731264,,0.024731264,look,0,,42,look_f0_s42_in22k_v5scr,last
ISIC_0057705,BCN_0002702,BCN_0002702,60+,bcn20000,1,True,1,0.004888309,0.8760963,0.007206121,0.056186046,0.007567908,0.0042363005,0.043818913,0.8885525,,0.8885525,look,0,,42,look_f0_s42_in22k_v5scr,last
ISIC_0057707,BCN_0003760,BCN_0003760,<40,bcn20000,4,True,0,0.4893746,0.19041596,0.027075924,0.07385641,0.1136147,0.0030987542,0.1025636,0.79340523,,0.79340523,look,0,,42,look_f0_s42_in22k_v5scr,last
ISIC_0057729,BCN_0002577,BCN_0002577,40-59,bcn20000,4,True,4,0.007932789,0.004514917,0.0070877327,0.052399818,0.88396436,0.003774319,0.04032611,0.8964121,,0.8964121,look,0,,42,look_f0_s42_in22k_v5scr,last
ISIC_0057757,BCN_0001808,BCN_0001808,40-59,bcn20000,1,True,1,0.0042332755,0.933307,0.0029668778,0.031927165,0.008322053,0.002075419,0.017168159,0.94586235,,0.94586235,look,0,,42,look_f0_s42_in22k_v5scr,last
ISIC_0057816,BCN_0000168,BCN_0000168,40-59,bcn20000,5,False,5,0.0054574916,0.07274889,0.11377201,0.13341895,0.005173479,0.5943739,0.07505518,0.083379865,,0.083379865,look,0,,42,look_f0_s42_in22k_v5scr,last
ISIC_0057819,BCN_0004139,BCN_0004139,<40,bcn20000,2,False,4,0.23212972,0.0014257287,0.17720595,0.107917264,0.3508249,0.0056672962,0.124829136,0.5843803,,0.5843803,look,0,,42,look_f0_s42_in22k_v5scr,last
ISIC_0057836,BCN_0002905,BCN_0002905,<40,bcn20000,5,False,5,0.0067586005,0.044699408,0.00251778,0.22488928,0.018436503,0.6624844,0.04021409,0.06989451,,0.06989451,look,0,,42,look_f0_s42_in22k_v5scr,last
ISIC_0057857,BCN_0004157,BCN_0004157,40-59,bcn20000,5,False,5,0.009783755,0.006035552,0.007149369,0.073499225,0.015041075,0.83270246,0.055788524,0.030860383,,0.030860383,look,0,,42,look_f0_s42_in22k_v5scr,last
ISIC_0057865,BCN_0005316,BCN_0005316,60+,bcn20000,0,True,0,0.79376215,0.0049538435,0.068037614,0.07526902,0.0052421233,0.0070194644,0.045715738,0.8039581,,0.8039581,look,0,,42,look_f0_s42_in22k_v5scr,last
ISIC_0057879,BCN_0000467,BCN_0000467,40-59,bcn20000,2,False,0,0.799418,0.0032997227,0.053378202,0.06571329,0.01233988,0.024083301,0.041767694,0.8150576,,0.8150576,look,0,,42,look_f0_s42_in22k_v5scr,last
ISIC_0057890,BCN_0005316,BCN_0005316,60+,bcn20000,0,True,0,0.94096214,0.003589022,0.0041989326,0.027331484,0.0016668942,0.0022727957,0.019978747,0.9462181,,0.9462181,look,0,,42,look_f0_s42_in22k_v5scr,last
ISIC_0057896,BCN_0000652,BCN_0000652,60+,bcn20000,4,True,2,0.006673852,0.0045471997,0.8977272,0.051529385,0.0036899506,0.0019492287,0.03388325,0.014911002,,0.014911002,look,0,,42,look_f0_s42_in22k_v5scr,last
ISIC_0057904,BCN_0004174,BCN_0004174,60+,bcn20000,2,False,0,0.4944118,0.009654238,0.21318334,0.148312,0.018046277,0.0025152387,0.11387712,0.5221123,,0.5221123,look,0,,42,look_f0_s42_in22k_v5scr,last
ISIC_0057910,BCN_0004411,BCN_0004411,60+,bcn20000,1,True,1,0.0060601947,0.86134875,0.00824526,0.05522006,0.014824578,0.0056424714,0.048658602,0.8822335,,0.8822335,look,0,,42,look_f0_s42_in22k_v5scr,last
ISIC_0057930,BCN_0003497,BCN_0003497,60+,bcn20000,0,True,1,0.0055359183,0.8807339,0.006745544,0.053410523,0.006727911,0.006302415,0.040543836,0.89299774,,0.89299774,look,0,,42,look_f0_s42_in22k_v5scr,last
ISIC_0057938,BCN_0001108,BCN_0001108,60+,bcn20000,4,True,4,0.02691682,0.0122634275,0.1853631,0.12634861,0.5590755,0.0039489865,0.08608357,0.59825575,,0.59825575,look,0,,42,look_f0_s42_in22k_v5scr,last
ISIC_0057950,BCN_0001077,BCN_0001077,<40,bcn20000,5,False,5,0.0076990337,0.0047240695,0.0047962163,0.06209501,0.0034787788,0.873401,0.043805886,0.015901882,,0.015901882,look,0,,42,look_f0_s42_in22k_v5scr,last
ISIC_0057979,BCN_0003145,BCN_0003145,40-59,bcn20000,1,True,1,0.0063397284,0.9137318,0.004941253,0.036458418,0.0030596827,0.005521502,0.029947577,0.9231312,,0.9231312,look,0,,42,look_f0_s42_in22k_v5scr,last
ISIC_0057998,BCN_0001038,BCN_0001038,60+,bcn20000,1,True,1,0.02965489,0.8426782,0.002691633,0.06692104,0.0052685924,0.008615033,0.044170544,0.8776016,,0.8776016,look,0,,42,look_f0_s42_in22k_v5scr,last
ISIC_0058024,BCN_0001163,BCN_0001163,60+,bcn20000,4,True,4,0.0071855374,0.0039358838,0.0051025962,0.057034288,0.87850296,0.005130981,0.043107685,0.88962436,,0.88962436,look,0,,42,look_f0_s42_in22k_v5scr,last
ISIC_0058033,BCN_0001108,BCN_0001108,60+,bcn20000,4,True,4,0.012976952,0.008379831,0.21176118,0.13497977,0.5372014,0.002948547,0.091752395,0.55855817,,0.55855817,look,0,,42,look_f0_s42_in22k_v5scr,last
ISIC_0058035,BCN_0003478,BCN_0003478,<40,bcn20000,5,False,5,0.01154932,0.0058314125,0.005649049,0.07500622,0.0052453517,0.8476172,0.049101382,0.022626085,,0.022626085,look,0,,42,look_f0_s42_in22k_v5scr,last
ISIC_0058097,BCN_0005666,BCN_0005666,60+,bcn20000,4,True,4,0.0075226254,0.0041102255,0.006133921,0.057686996,0.87865746,0.004096494,0.04179229,0.8902903,,0.8902903,look,0,,42,look_f0_s42_in22k_v5scr,last
ISIC_0058104,BCN_0001038,BCN_0001038,60+,bcn20000,1,True,1,0.04660347,0.8527348,0.0031406654,0.048762597,0.012002698,0.0051222597,0.03163358,0.91134095,,0.91134095,look,0,,42,look_f0_s42_in22k_v5scr,last
ISIC_0058139,BCN_0005324,BCN_0005324,<40,bcn20000,5,False,5,0.008440976,0.0042316965,0.0052353214,0.060627118,0.003839479,0.87426823,0.043357242,0.016512152,,0.016512152,look,0,,42,look_f0_s42_in22k_v5scr,last
ISIC_0058147,BCN_0000887,BCN_0000887,<40,bcn20000,5,False,5,0.008905113,0.0037221028,0.008100326,0.06039677,0.010736102,0.85885704,0.049282607,0.023363318,,0.023363318,look,0,,42,look_f0_s42_in22k_v5scr,last
ISIC_0058187,BCN_0002770,BCN_0002770,<40,bcn20000,5,False,5,0.007210279,0.004996527,0.0048109274,0.061299246,0.014704446,0.8620054,0.04497313,0.026911251,,0.026911251,look,0,,42,look_f0_s42_in22k_v5scr,last
ISIC_0058197,BCN_0003597,BCN_0003597,<40,bcn20000,5,False,5,0.008993842,0.006627615,0.0057502617,0.06550853,0.0041677826,0.86147183,0.047480125,0.01978924,,0.01978924,look,0,,42,look_f0_s42_in22k_v5scr,last
ISIC_0058212,BCN_0002258,BCN_0002258,60+,bcn20000,2,False,4,0.01517669,0.004051365,0.1706739,0.1226268,0.6029244,0.00394215,0.08060475,0.62215245,,0.62215245,look,0,,42,look_f0_s42_in22k_v5scr,last
ISIC_0058219,BCN_0005136,BCN_0005136,60+,bcn20000,2,False,2,0.045703623,0.0046160105,0.8359262,0.04134692,0.01158304,0.013074233,0.047749933,0.061902672,,0.061902672,look,0,,42,look_f0_s42_in22k_v5scr,last
ISIC_0058252,BCN_0003096,BCN_0003096,60+,bcn20000,1,True,0,0.57923794,0.24590586,0.038099814,0.06858501,0.0022708192,0.0029073346,0.0629933,0.82741463,,0.82741463,look,0,,42,look_f0_s42_in22k_v5scr,last
ISIC_0058265,BCN_0002794,BCN_0002794,60+,bcn20000,2,False,4,0.020130934,0.01065615,0.19731581,0.10766128,0.45044324,0.11792958,0.09586291,0.48123032,,0.48123032,look,0,,42,look_f0_s42_in22k_v5scr,last
ISIC_0058276,BCN_0002324,BCN_0002324,60+,bcn20000,2,False,2,0.013286056,0.008478072,0.7913492,0.091249414,0.0068799118,0.03305474,0.05570268,0.02864404,,0.02864404,look,0,,42,look_f0_s42_in22k_v5scr,last
ISIC_0058302,BCN_0001948,BCN_0001948,40-59,bcn20000,6,False,1,0.00447539,0.8558164,0.00428792,0.062098667,0.0096738795,0.014931552,0.048716187,0.86996573,,0.86996573,look,0,,42,look_f0_s42_in22k_v5scr,last
ISIC_0058305,BCN_0003660,BCN_0003660,60+,bcn20000,0,True,5,0.010292085,0.19629855,0.009376386,0.076203965,0.01179302,0.6302379,0.06579812,0.21838365,,0.21838365,look,0,,42,look_f0_s42_in22k_v5scr,last
ISIC_0058310,BCN_0003040,BCN_0003040,60+,bcn20000,1,True,1,0.013971043,0.6383556,0.0020997259,0.07160239,0.0101773925,0.21801038,0.04578352,0.662504,,0.662504,look,0,,42,look_f0_s42_in22k_v5scr,last
ISIC_0058331,BCN_0000029,BCN_0000029,40-59,bcn20000,4,True,5,0.007366148,0.0038594836,0.0042819567,0.056559466,0.005065289,0.8760377,0.046829987,0.01629092,,0.01629092,look,0,,42,look_f0_s42_in22k_v5scr,last
ISIC_0058333,BCN_0003316,BCN_0003316,60+,bcn20000,5,False,5,0.009891391,0.005076841,0.010593914,0.06625226,0.004852926,0.8591048,0.044227827,0.019821158,,0.019821158,look,0,,42,look_f0_s42_in22k_v5scr,last
ISIC_0058353,BCN_0004504,BCN_0004504,40-59,bcn20000,5,False,5,0.010843767,0.004867011,0.0060533346,0.058323305,0.0065214573,0.8698665,0.043524656,0.022232236,,0.022232236,look,0,,42,look_f0_s42_in22k_v5scr,last
ISIC_0058415,BCN_0001106,BCN_0001106,60+,bcn20000,1,True,2,0.13635135,0.17275713,0.46344128,0.10891541,0.013374395,0.017009426,0.088151045,0.32248288,,0.32248288,look,0,,42,look_f0_s42_in22k_v5scr,last
ISIC_0058420,BCN_0003162,BCN_0003162,60+,bcn20000,1,True,5,0.015177081,0.0027280797,0.0541219,0.12131532,0.29032642,0.413498,0.10283317,0.3082316,,0.3082316,look,0,,42,look_f0_s42_in22k_v5scr,last
ISIC_0058449,BCN_0002794,BCN_0002794,60+,bcn20000,2,False,4,0.040431447,0.13065499,0.032117955,0.16048928,0.44888842,0.07672461,0.110693336,0.61997485,,0.61997485,look,0,,42,look_f0_s42_in22k_v5scr,last
ISIC_0058451,BCN_0003324,BCN_0003324,60+,bcn20000,0,True,1,0.21285377,0.6506311,0.027366802,0.08260493,0.0018417782,0.0010696447,0.02363197,0.8653267,,0.8653267,look,0,,42,look_f0_s42_in22k_v5scr,last
ISIC_0058452,BCN_0000672,BCN_0000672,60+,bcn20000,0,True,0,0.9335892,0.0037106052,0.0020849784,0.034666013,0.0019901453,0.002764672,0.02119439,0.93929,,0.93929,look,0,,42,look_f0_s42_in22k_v5scr,last
ISIC_0058459,BCN_0004822,BCN_0004822,60+,bcn20000,0,True,4,0.03636975,0.038112473,0.026656283,0.19850534,0.51078254,0.06605148,0.12352219,0.58526474,,0.58526474,look,0,,42,look_f0_s42_in22k_v5scr,last
ISIC_0058472,BCN_0005657,BCN_0005657,60+,bcn20000,1,True,1,0.01667225,0.8799776,0.0054282444,0.054600567,0.0035747695,0.0035972823,0.03614924,0.9002246,,0.9002246,look,0,,42,look_f0_s42_in22k_v5scr,last
ISIC_0058524,BCN_0001679,BCN_0001679,60+,bcn20000,2,False,4,0.00673589,0.006156471,0.009452178,0.05604074,0.8851021,0.0028132724,0.033699285,0.89799446,,0.89799446,look,0,,42,look_f0_s42_in22k_v5scr,last
ISIC_0058529,BCN_0002235,BCN_0002235,60+,bcn20000,5,False,5,0.009758764,0.008664588,0.007261198,0.06274024,0.004181213,0.8605388,0.046855245,0.022604566,,0.022604566,look,0,,42,look_f0_s42_in22k_v5scr,last
ISIC_0058533,BCN_0005635,BCN_0005635,40-59,bcn20000,5,False,5,0.012095561,0.007838955,0.0064270785,0.07089559,0.0045328885,0.85178095,0.04642899,0.024467405,,0.024467405,look,0,,42,look_f0_s42_in22k_v5scr,last
ISIC_0058534,BCN_0003718,BCN_0003718,40-59,bcn20000,5,False,5,0.010005897,0.0063593616,0.005086531,0.070298485,0.012510712,0.847885,0.047853984,0.02887597,,0.02887597,look,0,,42,look_f0_s42_in22k_v5scr,last
ISIC_0058553,BCN_0000409,BCN_0000409,60+,bcn20000,1,True,1,0.006893597,0.8884966,0.008261421,0.05215023,0.006163934,0.0037123747,0.034321856,0.9015541,,0.9015541,look,0,,42,look_f0_s42_in22k_v5scr,last
ISIC_0058582,BCN_0002553,BCN_0002553,<40,bcn20000,5,False,5,0.010019968,0.006606009,0.006490067,0.06656356,0.005148228,0.85808957,0.047082517,0.021774206,,0.021774206,look,0,,42,look_f0_s42_in22k_v5scr,last
ISIC_0058589,BCN_0001430,BCN_0001430,40-59,bcn20000,2,False,2,0.006452039,0.0023460416,0.9127788,0.034269564,0.011476566,0.0029211927,0.029755788,0.020274647,,0.020274647,look,0,,42,look_f0_s42_in22k_v5scr,last
ISIC_0058591,BCN_0004379,BCN_0004379,60+,bcn20000,1,True,1,0.017716007,0.87661153,0.0052592875,0.053227052,0.004807204,0.0048863445,0.037492532,0.89913476,,0.89913476,look,0,,42,look_f0_s42_in22k_v5scr,last
ISIC_0058594,BCN_0003568,BCN_0003568,<40,bcn20000,5,False,5,0.0072306073,0.0052433545,0.006763432,0.057290092,0.003030263,0.8834355,0.03700673,0.015504224,,0.015504224,look,0,,42,look_f0_s42_in22k_v5scr,last
ISIC_0058622,BCN_0003101,BCN_0003101,60+,bcn20000,0,True,3,0.047657043,0.15343624,0.1545297,0.2848387,0.17239814,0.002035326,0.1851049,0.3734914,,0.3734914,look,0,,42,look_f0_s42_in22k_v5scr,last
ISIC_0058623,BCN_0001834,BCN_0001834,60+,bcn20000,0,True,1,0.045188166,0.86224806,0.0015065224,0.038716655,0.017078968,0.0034342697,0.031827338,0.92451525,,0.92451525,look,0,,42,look_f0_s42_in22k_v5scr,last
ISIC_0058653,BCN_0002517,BCN_0002517,40-59,bcn20000,0,True,1,0.1669192,0.68499607,0.009072128,0.08271162,0.0034913348,0.01633191,0.036477704,0.8554066,,0.8554066,look,0,,42,look_f0_s42_in22k_v5scr,last
ISIC_0058660,BCN_0002577,BCN_0002577,40-59,bcn20000,4,True,4,0.004966908,0.0028770927,0.0049530254,0.043348495,0.90416217,0.004311049,0.035381213,0.91200614,,0.91200614,look,0,,42,look_f0_s42_in22k_v5scr,last
ISIC_0058678,BCN_0000616,BCN_0000616,60+,bcn20000,1,True,1,0.010158569,0.87708414,0.0045146546,0.057596657,0.006328048,0.0034022823,0.040915616,0.8935707,,0.8935707,look,0,,42,look_f0_s42_in22k_v5scr,last
ISIC_0058679,BCN_0003316,BCN_0003316,60+,bcn20000,5,False,4,0.00740709,0.0037447703,0.005902345,0.05814311,0.8749174,0.006162517,0.04372293,0.88606924,,0.88606924,look,0,,42,look_f0_s42_in22k_v5scr,last
ISIC_0058681,BCN_0004513,BCN_0004513,40-59,bcn20000,2,False,1,0.026982205,0.84683573,0.008123805,0.068772815,0.0041241175,0.005225008,0.039936323,0.877942,,0.877942,look,0,,42,look_f0_s42_in22k_v5scr,last
ISIC_0058689,BCN_0004282,BCN_0004282,40-59,bcn20000,1,True,1,0.008514343,0.83936965,0.007468812,0.10595309,0.002582775,0.0023099235,0.03380146,0.8504668,,0.8504668,look,0,,42,look_f0_s42_in22k_v5scr,last
ISIC_0058700,BCN_0005052,BCN_0005052,<40,bcn20000,5,False,5,0.008597186,0.0052630208,0.008128896,0.064590186,0.003818239,0.86617106,0.043431368,0.017678447,,0.017678447,look,0,,42,look_f0_s42_in22k_v5scr,last
ISIC_0058701,BCN_0003154,BCN_0003154,<40,bcn20000,5,False,5,0.0077138743,0.004982076,0.0071151904,0.05629331,0.007096687,0.8743909,0.04240803,0.019792637,,0.019792637,look,0,,42,look_f0_s42_in22k_v5scr,last
ISIC_0058731,BCN_0001602,BCN_0001602,40-59,bcn20000,5,False,5,0.012162912,0.0082078,0.009746837,0.06411872,0.006800156,0.85245377,0.04650984,0.027170867,,0.027170867,look,0,,42,look_f0_s42_in22k_v5scr,last
ISIC_0058751,BCN_0004002,BCN_0004002,60+,bcn20000,1,True,1,0.016150974,0.89762765,0.0036985953,0.046689216,0.0025006626,0.0031428467,0.030190073,0.91627926,,0.91627926,look,0,,42,look_f0_s42_in22k_v5scr,last
ISIC_0058764,BCN_0005516,BCN_0005516,40-59,bcn20000,5,False,5,0.0072284206,0.0042651426,0.00658758,0.060581755,0.004108315,0.8760418,0.041187037,0.015601879,,0.015601879,look,0,,42,look_f0_s42_in22k_v5scr,last
ISIC_0058770,BCN_0002989,BCN_0002989,60+,bcn20000,4,True,4,0.123805255,0.25449574,0.0068121417,0.120898075,0.39498836,0.0067807483,0.09221966,0.7732893,,0.7732893,look,0,,42,look_f0_s42_in22k_v5scr,last
ISIC_0058776,BCN_0004642,BCN_0004642,60+,bcn20000,0,True,1,0.0071588606,0.89271945,0.004141769,0.055526026,0.0032170233,0.003091441,0.034145445,0.90309536,,0.90309536,look,0,,42,look_f0_s42_in22k_v5scr,last
ISIC_0058809,BCN_0002282,BCN_0002282,60+,bcn20000,1,True,1,0.023817724,0.89018303,0.002366914,0.04266388,0.006360714,0.0013743229,0.03323327,0.92036146,,0.92036146,look,0,,42,look_f0_s42_in22k_v5scr,last
ISIC_0058814,BCN_0001420,BCN_0001420,40-59,bcn20000,5,False,5,0.010836872,0.008419824,0.008324595,0.07071156,0.0043449905,0.85025656,0.04710563,0.023601687,,0.023601687,look,0,,42,look_f0_s42_in22k_v5scr,last
ISIC_0058822,BCN_0003921,BCN_0003921,<40,bcn20000,5,False,5,0.01178143,0.0051421225,0.007201854,0.07105257,0.0047890586,0.85269356,0.047339495,0.02171261,,0.02171261,look,0,,42,look_f0_s42_in22k_v5scr,last
ISIC_0058825,BCN_0004174,BCN_0004174,60+,bcn20000,2,False,2,0.0041621183,0.0045111002,0.90521884,0.043807536,0.0049486468,0.005860327,0.03149143,0.013621866,,0.013621866,look,0,,42,look_f0_s42_in22k_v5scr,last
ISIC_0058840,BCN_0002868,BCN_0002868,60+,bcn20000,4,True,4,0.008237664,0.009707431,0.29540324,0.14375222,0.43053448,0.019863738,0.09250125,0.4484796,,0.4484796,look,0,,42,look_f0_s42_in22k_v5scr,last
ISIC_0058845,BCN_0005292,BCN_0005292,40-59,bcn20000,1,True,1,0.02904503,0.63669926,0.06733782,0.11098874,0.002176721,0.101023585,0.052728865,0.667921,,0.667921,look,0,,42,look_f0_s42_in22k_v5scr,last
ISIC_0058850,BCN_0001987,BCN_0001987,40-59,bcn20000,5,False,4,0.008878393,0.004221095,0.02933824,0.05835048,0.8538251,0.0061099143,0.039276723,0.8669246,,0.8669246,look,0,,42,look_f0_s42_in22k_v5scr,last
ISIC_0058864,BCN_0000230,BCN_0000230,60+,bcn20000,0,True,1,0.061366774,0.81403285,0.0069957883,0.06684827,0.006526466,0.0024624164,0.04176743,0.8819261,,0.8819261,look,0,,42,look_f0_s42_in22k_v5scr,last
ISIC_0058879,BCN_0005456,BCN_0005456,40-59,bcn20000,5,False,5,0.008424907,0.005727319,0.007023227,0.0573734,0.004944861,0.872534,0.043972325,0.019097086,,0.019097086,look,0,,42,look_f0_s42_in22k_v5scr,last
ISIC_0058888,BCN_0002045,BCN_0002045,60+,bcn20000,2,False,5,0.05012396,0.0037688168,0.0884935,0.062657386,0.024196919,0.7270723,0.04368713,0.0780897,,0.0780897,look,0,,42,look_f0_s42_in22k_v5scr,last
ISIC_0058930,BCN_0001370,BCN_0001370,40-59,bcn20000,5,False,5,0.0130376415,0.0075629735,0.00854585,0.07743329,0.0025466303,0.84615874,0.044714905,0.023147246,,0.023147246,look,0,,42,look_f0_s42_in22k_v5scr,last
ISIC_0058939,BCN_0001796,BCN_0001796,60+,bcn20000,0,True,5,0.006840661,0.018819967,0.028700443,0.10792118,0.026849963,0.740431,0.07043673,0.05251059,,0.05251059,look,0,,42,look_f0_s42_in22k_v5scr,last
ISIC_0058942,BCN_0000693,BCN_0000693,60+,bcn20000,2,False,2,0.0044166422,0.005210234,0.9377545,0.022672648,0.0028256953,0.0032306558,0.023889579,0.012452572,,0.012452572,look,0,,42,look_f0_s42_in22k_v5scr,last
ISIC_0058997,BCN_0004752,BCN_0004752,60+,bcn20000,1,True,1,0.007078853,0.88782185,0.008297338,0.052122742,0.004339378,0.0033970957,0.03694271,0.8992401,,0.8992401,look,0,,42,look_f0_s42_in22k_v5scr,last
ISIC_0059024,BCN_0003235,BCN_0003235,40-59,bcn20000,5,False,4,0.009639776,0.0065345624,0.00788886,0.0904089,0.75427306,0.06721555,0.06403927,0.7704474,,0.7704474,look,0,,42,look_f0_s42_in22k_v5scr,last
ISIC_0059037,BCN_0001354,BCN_0001354,60+,bcn20000,4,True,4,0.0102267135,0.008088099,0.0051945318,0.06907255,0.85616326,0.0037117095,0.047543198,0.8744781,,0.8744781,look,0,,42,look_f0_s42_in22k_v5scr,last
ISIC_0059114,BCN_0005088,BCN_0005088,<40,bcn20000,5,False,5,0.007980308,0.005460549,0.0052196886,0.060825523,0.005647504,0.8680437,0.046822693,0.019088361,,0.019088361,look,0,,42,look_f0_s42_in22k_v5scr,last
ISIC_0059116,BCN_0001804,BCN_0001804,60+,bcn20000,1,True,0,0.92387414,0.006484347,0.0039901976,0.032532487,0.0031703825,0.0025587229,0.027389878,0.93352884,,0.93352884,look,0,,42,look_f0_s42_in22k_v5scr,last
ISIC_0059155,BCN_0003715,BCN_0003715,<40,bcn20000,2,False,4,0.0145515315,0.011587726,0.04470212,0.08621395,0.7793674,0.017709425,0.04586786,0.80550665,,0.80550665,look,0,,42,look_f0_s42_in22k_v5scr,last
ISIC_0059159,BCN_0002013,BCN_0002013,60+,bcn20000,1,True,1,0.010780028,0.89020467,0.005370728,0.050610162,0.0045483336,0.0033839291,0.0351021,0.905533,,0.905533,look,0,,42,look_f0_s42_in22k_v5scr,last
ISIC_0059179,BCN_0004021,BCN_0004021,<40,bcn20000,5,False,5,0.013465468,0.014080407,0.013316894,0.07846896,0.004492037,0.8269784,0.049197976,0.032037914,,0.032037914,look,0,,42,look_f0_s42_in22k_v5scr,last
ISIC_0059191,BCN_0003402,BCN_0003402,40-59,bcn20000,2,False,2,0.005768007,0.006104941,0.81516206,0.06455265,0.05397136,0.008785512,0.045655496,0.06584431,,0.06584431,look,0,,42,look_f0_s42_in22k_v5scr,last
ISIC_0059199,BCN_0001091,BCN_0001091,60+,bcn20000,1,True,1,0.009561925,0.90129095,0.00367421,0.04463465,0.004971429,0.003247122,0.032619722,0.9158243,,0.9158243,look,0,,42,look_f0_s42_in22k_v5scr,last
ISIC_0059236,BCN_0001106,BCN_0001106,60+,bcn20000,1,True,2,0.010096442,0.018750539,0.58093226,0.10837377,0.1864933,0.016681537,0.07867216,0.21534029,,0.21534029,look,0,,42,look_f0_s42_in22k_v5scr,last
ISIC_0059253,BCN_0000906,BCN_0000906,60+,bcn20000,4,True,1,0.020046536,0.3813676,0.012592039,0.12130752,0.010596959,0.3612981,0.09279128,0.4120111,,0.4120111,look,0,,42,look_f0_s42_in22k_v5scr,last
ISIC_0059255,BCN_0002838,BCN_0002838,60+,bcn20000,1,True,1,0.0100695565,0.8796042,0.005733328,0.053223204,0.0052556614,0.0046814433,0.041432597,0.8949294,,0.8949294,look,0,,42,look_f0_s42_in22k_v5scr,last
ISIC_0059265,BCN_0001068,BCN_0001068,60+,bcn20000,3,False,1,0.0066647567,0.8330927,0.02170069,0.06094385,0.008790079,0.0061262893,0.062681615,0.8485475,,0.8485475,look,0,,42,look_f0_s42_in22k_v5scr,last
ISIC_0059273,BCN_0003907,BCN_0003907,60+,bcn20000,4,True,4,0.00669633,0.004547225,0.00582241,0.053480472,0.8871446,0.004761725,0.03754722,0.8983882,,0.8983882,look,0,,42,look_f0_s42_in22k_v5scr,last
ISIC_0059276,BCN_0001987,BCN_0001987,40-59,bcn20000,5,False,4,0.01154789,0.0066528493,0.0077229547,0.060016453,0.8718879,0.0041959295,0.03797594,0.8900887,,0.8900887,look,0,,42,look_f0_s42_in22k_v5scr,last
ISIC_0059277,BCN_0001143,BCN_0001143,40-59,bcn20000,0,True,2,0.025308676,0.024745723,0.7632809,0.074246794,0.004820931,0.051889665,0.055707276,0.054875333,,0.054875333,look,0,,42,look_f0_s42_in22k_v5scr,last
ISIC_0059287,BCN_0000789,BCN_0000789,<40,bcn20000,5,False,5,0.00917036,0.0065066144,0.00782911,0.06749951,0.003973706,0.85744226,0.047578488,0.019650681,,0.019650681,look,0,,42,look_f0_s42_in22k_v5scr,last
ISIC_0059292,BCN_0005324,BCN_0005324,<40,bcn20000,5,False,4,0.00504548,0.0032013392,0.0032586972,0.04724613,0.8974175,0.013064789,0.030766034,0.9056643,,0.9056643,look,0,,42,look_f0_s42_in22k_v5scr,last
ISIC_0059300,BCN_0002487,BCN_0002487,<40,bcn20000,5,False,4,0.008083299,0.0029392717,0.007592112,0.044113707,0.892129,0.010708499,0.03443407,0.9031516,,0.9031516,look,0,,42,look_f0_s42_in22k_v5scr,last
ISIC_0059317,BCN_0000368,BCN_0000368,60+,bcn20000,1,True,1,0.009003142,0.857715,0.0057492177,0.06467528,0.007435033,0.0058720065,0.0495503,0.8741532,,0.8741532,look,0,,42,look_f0_s42_in22k_v5scr,last
ISIC_0059321,BCN_0002235,BCN_0002235,60+,bcn20000,5,False,5,0.008604341,0.006256204,0.006178955,0.06807779,0.0051086154,0.8552857,0.05048833,0.019969162,,0.019969162,look,0,,42,look_f0_s42_in22k_v5scr,last
ISIC_0059326,BCN_0001370,BCN_0001370,40-59,bcn20000,5,False,5,0.014641802,0.0080035385,0.007618778,0.082776606,0.0047396156,0.8312227,0.050996996,0.027384955,,0.027384955,look,0,,42,look_f0_s42_in22k_v5scr,last
ISIC_0059333,BCN_0002794,BCN_0002794,60+,bcn20000,2,False,4,0.004319616,0.0050964425,0.019006738,0.042788394,0.8856505,0.0059732283,0.037165098,0.89506656,,0.89506656,look,0,,42,look_f0_s42_in22k_v5scr,last
ISIC_0059336,BCN_0003907,BCN_0003907,60+,bcn20000,4,True,4,0.01970897,0.32570922,0.007491247,0.13662206,0.42325932,0.0029956044,0.084213525,0.7686775,,0.7686775,look,0,,42,look_f0_s42_in22k_v5scr,last
ISIC_0059352,BCN_0001634,BCN_0001634,40-59,bcn20000,5,False,5,0.009597435,0.0064691748,0.0065929624,0.07033987,0.0067043463,0.85322005,0.047076143,0.022770956,,0.022770956,look,0,,42,look_f0_s42_in22k_v5scr,last
ISIC_0059361,BCN_0001354,BCN_0001354,60+,bcn20000,4,True,4,0.009828175,0.006378608,0.005640042,0.068827875,0.8606561,0.011465447,0.037203778,0.8768629,,0.8768629,look,0,,42,look_f0_s42_in22k_v5scr,last
ISIC_0059365,BCN_0001665,BCN_0001665,60+,bcn20000,5,False,5,0.011955984,0.0076158503,0.0074563986,0.067380786,0.00659205,0.847213,0.051785998,0.026163884,,0.026163884,look,0,,42,look_f0_s42_in22k_v5scr,last
ISIC_0059372,BCN_0004010,BCN_0004010,40-59,bcn20000,0,True,1,0.100158826,0.78195965,0.0012432234,0.05678275,0.010285049,0.002917204,0.046653282,0.8924035,,0.8924035,look,0,,42,look_f0_s42_in22k_v5scr,last
ISIC_0059380,BCN_0000497,BCN_0000497,60+,bcn20000,5,False,5,0.008653815,0.008403899,0.015563407,0.08661909,0.17302437,0.6484125,0.059322927,0.19008209,,0.19008209,look,0,,42,look_f0_s42_in22k_v5scr,last
ISIC_0059407,BCN_0005070,BCN_0005070,<40,bcn20000,5,False,5,0.019519005,0.04169091,0.0067666345,0.08592508,0.0032775914,0.7819201,0.060900755,0.0644875,,0.0644875,look,0,,42,look_f0_s42_in22k_v5scr,last
ISIC_0059426,BCN_0001956,BCN_0001956,40-59,bcn20000,1,True,4,0.017184412,0.005458301,0.001424814,0.047900233,0.89332265,0.0037331749,0.030976305,0.9159654,,0.9159654,look,0,,42,look_f0_s42_in22k_v5scr,last
ISIC_0059437,BCN_0002235,BCN_0002235,60+,bcn20000,5,False,5,0.011671499,0.008593091,0.0072368016,0.06738439,0.0036986596,0.85192215,0.04949345,0.02396325,,0.02396325,look,0,,42,look_f0_s42_in22k_v5scr,last
ISIC_0059439,BCN_0003718,BCN_0003718,40-59,bcn20000,5,False,5,0.010285255,0.006550106,0.0056211953,0.07188529,0.018452581,0.83866113,0.04854446,0.035287943,,0.035287943,look,0,,42,look_f0_s42_in22k_v5scr,last
ISIC_0059473,BCN_0002548,BCN_0002548,60+,bcn20000,4,True,5,0.006369842,0.008131849,0.01047795,0.056780156,0.026797963,0.84998,0.041462164,0.041299656,,0.041299656,look,0,,42,look_f0_s42_in22k_v5scr,last
ISIC_0059488,BCN_0001085,BCN_0001085,60+,bcn20000,4,True,4,0.009404525,0.005738283,0.008536444,0.057510134,0.8807457,0.003051923,0.035012968,0.8958885,,0.8958885,look,0,,42,look_f0_s42_in22k_v5scr,last
ISIC_0059491,BCN_0002838,BCN_0002838,60+,bcn20000,1,True,1,0.00877687,0.8855275,0.0060106018,0.052472945,0.005250448,0.0048380443,0.037123576,0.8995548,,0.8995548,look,0,,42,look_f0_s42_in22k_v5scr,last
ISIC_0059516,BCN_0004027,BCN_0004027,40-59,bcn20000,1,True,1,0.08593243,0.81377685,0.0013052243,0.062226146,0.0021984687,0.0033962643,0.031164538,0.90190774,,0.90190774,look,0,,42,look_f0_s42_in22k_v5scr,last
ISIC_0059543,BCN_0002502,BCN_0002502,40-59,bcn20000,5,False,5,0.053859305,0.31829235,0.007545519,0.120666936,0.009487841,0.41028702,0.07986103,0.38163948,,0.38163948,look,0,,42,look_f0_s42_in22k_v5scr,last
ISIC_0059547,BCN_0004066,BCN_0004066,60+,bcn20000,4,True,4,0.11465308,0.015710706,0.00833536,0.08353481,0.7261756,0.0013865451,0.050203852,0.85653937,,0.85653937,look,0,,42,look_f0_s42_in22k_v5scr,last
ISIC_0059554,BCN_0001458,BCN_0001458,60+,bcn20000,4,True,2,0.0061425404,0.005272716,0.9015038,0.043998066,0.005647102,0.0033190034,0.034116782,0.017062359,,0.017062359,look,0,,42,look_f0_s42_in22k_v5scr,last
ISIC_0059558,BCN_0000445,BCN_0000445,60+,bcn20000,5,False,5,0.009508301,0.0054433485,0.0070211845,0.06619902,0.005250699,0.85787034,0.048707128,0.020202348,,0.020202348,look,0,,42,look_f0_s42_in22k_v5scr,last
ISIC_0059561,BCN_0001834,BCN_0001834,60+,bcn20000,0,True,0,0.8878724,0.024435261,0.00148112,0.04837279,0.0035069128,0.0025766657,0.031754803,0.9158146,,0.9158146,look,0,,42,look_f0_s42_in22k_v5scr,last
ISIC_0059565,BCN_0003316,BCN_0003316,60+,bcn20000,5,False,4,0.008305245,0.006219421,0.0063222446,0.06383938,0.8658065,0.00462143,0.04488571,0.88033116,,0.88033116,look,0,,42,look_f0_s42_in22k_v5scr,last
ISIC_0059569,BCN_0000188,BCN_0000188,60+,bcn20000,4,True,5,0.009082494,0.005962401,0.0047622058,0.061180715,0.009816441,0.86676645,0.04242938,0.024861336,,0.024861336,look,0,,42,look_f0_s42_in22k_v5scr,last
ISIC_0059570,BCN_0001956,BCN_0001956,40-59,bcn20000,1,True,4,0.09152467,0.0080293445,0.0022505603,0.08325073,0.7604376,0.0033432574,0.051163815,0.8599916,,0.8599916,look,0,,42,look_f0_s42_in22k_v5scr,last
ISIC_0059585,BCN_0000843,BCN_0000843,<40,bcn20000,1,True,5,0.016434476,0.04702754,0.060904127,0.1557369,0.0047271675,0.580275,0.13489482,0.06818919,,0.06818919,look,0,,42,look_f0_s42_in22k_v5scr,last
ISIC_0059588,BCN_0002640,BCN_0002640,60+,bcn20000,0,True,1,0.00731819,0.9162769,0.003923225,0.036095843,0.0074082506,0.0026561166,0.026321543,0.93100333,,0.93100333,look,0,,42,look_f0_s42_in22k_v5scr,last
ISIC_0059600,BCN_0000511,BCN_0000511,60+,bcn20000,1,True,4,0.012867787,0.018146675,0.0053723594,0.08446292,0.8145802,0.0031472247,0.06142289,0.84559464,,0.84559464,look,0,,42,look_f0_s42_in22k_v5scr,last
ISIC_0059604,BCN_0001855,BCN_0001855,60+,bcn20000,5,False,5,0.0074004754,0.003312326,0.005962261,0.06779574,0.0034484975,0.8638252,0.048255485,0.014161299,,0.014161299,look,0,,42,look_f0_s42_in22k_v5scr,last
ISIC_0059609,BCN_0000562,BCN_0000562,60+,bcn20000,5,False,5,0.0053868643,0.003610346,0.098851085,0.07778972,0.0029476678,0.7663927,0.045021612,0.011944878,,0.011944878,look,0,,42,look_f0_s42_in22k_v5scr,last
ISIC_0059623,BCN_0000467,BCN_0000467,40-59,bcn20000,2,False,5,0.05158897,0.0049838023,0.017012855,0.07619649,0.09322377,0.69912463,0.05786944,0.14979655,,0.14979655,look,0,,42,look_f0_s42_in22k_v5scr,last
ISIC_0059654,BCN_0002144,BCN_0002144,40-59,bcn20000,5,False,1,0.007919442,0.89201015,0.004994348,0.05060734,0.0041947654,0.0039680162,0.036305852,0.9041243,,0.9041243,look,0,,42,look_f0_s42_in22k_v5scr,last
ISIC_0059689,BCN_0000244,BCN_0000244,60+,bcn20000,1,True,1,0.0063243727,0.86974657,0.0076288213,0.056974594,0.005124951,0.019736817,0.034463912,0.88119584,,0.88119584,look,0,,42,look_f0_s42_in22k_v5scr,last
ISIC_0059693,BCN_0003715,BCN_0003715,<40,bcn20000,2,False,4,0.010332498,0.03464851,0.006491624,0.05223041,0.8616703,0.001846721,0.032779828,0.9066513,,0.9066513,look,0,,42,look_f0_s42_in22k_v5scr,last
ISIC_0059694,BCN_0003316,BCN_0003316,60+,bcn20000,5,False,5,0.009946431,0.007979764,0.02733754,0.07823407,0.0054598134,0.8160737,0.054968648,0.023386007,,0.023386007,look,0,,42,look_f0_s42_in22k_v5scr,last
ISIC_0059704,BCN_0005628,BCN_0005628,<40,bcn20000,5,False,5,0.008828044,0.0066175354,0.006451732,0.06488049,0.0050082044,0.86088586,0.04732808,0.020453783,,0.020453783,look,0,,42,look_f0_s42_in22k_v5scr,last
ISIC_0059709,BCN_0000600,BCN_0000600,60+,bcn20000,0,True,2,0.012961727,0.0032710426,0.9133043,0.039332047,0.0025489233,0.0025059571,0.026075905,0.018781694,,0.018781694,look,0,,42,look_f0_s42_in22k_v5scr,last
ISIC_0059716,BCN_0005456,BCN_0005456,40-59,bcn20000,5,False,5,0.008934628,0.005203551,0.004820944,0.059563264,0.0038856694,0.87589264,0.0416992,0.018023849,,0.018023849,look,0,,42,look_f0_s42_in22k_v5scr,last
ISIC_0059737,BCN_0002235,BCN_0002235,60+,bcn20000,5,False,5,0.021910395,0.01327631,0.008307543,0.08846835,0.0039023345,0.8010447,0.06309036,0.03908904,,0.03908904,look,0,,42,look_f0_s42_in22k_v5scr,last
ISIC_0059738,BCN_0000444,BCN_0000444,40-59,bcn20000,4,True,4,0.009677233,0.0065669604,0.012567382,0.057024706,0.8766028,0.0045477813,0.0330131,0.892847,,0.892847,look,0,,42,look_f0_s42_in22k_v5scr,last
ISIC_0059748,BCN_0000585,BCN_0000585,40-59,bcn20000,1,True,1,0.009816571,0.8833221,0.00562349,0.053425983,0.0047235913,0.004174954,0.038913388,0.8978623,,0.8978623,look,0,,42,look_f0_s42_in22k_v5scr,last
ISIC_0059759,BCN_0005564,BCN_0005564,60+,bcn20000,0,True,1,0.118179046,0.69610214,0.0042957077,0.099389896,0.0048782933,0.005004556,0.07215031,0.81915945,,0.81915945,look,0,,42,look_f0_s42_in22k_v5scr,last
ISIC_0059773,BCN_0002079,BCN_0002079,40-59,bcn20000,4,True,4,0.011840859,0.0065313154,0.006026779,0.06711871,0.8603055,0.003433356,0.044743598,0.87867767,,0.87867767,look,0,,42,look_f0_s42_in22k_v5scr,last
ISIC_0059800,BCN_0004633,BCN_0004633,60+,bcn20000,0,True,0,0.42197245,0.17959817,0.067557864,0.11690465,0.1495495,0.0031057952,0.061311517,0.7511201,,0.7511201,look,0,,42,look_f0_s42_in22k_v5scr,last
ISIC_0059805,BCN_0004649,BCN_0004649,40-59,bcn20000,5,False,5,0.015490852,0.006773244,0.007592013,0.065097325,0.004561894,0.8599319,0.04055277,0.02682599,,0.02682599,look,0,,42,look_f0_s42_in22k_v5scr,last
ISIC_0059845,BCN_0000015,BCN_0000015,60+,bcn20000,1,True,1,0.005165018,0.6563876,0.14461775,0.111047626,0.0019007511,0.0064344583,0.07444679,0.6634534,,0.6634534,look,0,,42,look_f0_s42_in22k_v5scr,last
ISIC_0059852,BCN_0000290,BCN_0000290,60+,bcn20000,0,True,1,0.0153079955,0.8793682,0.0043108095,0.053246077,0.003631987,0.0036217785,0.04051329,0.8983082,,0.8983082,look,0,,42,look_f0_s42_in22k_v5scr,last
ISIC_0059870,BCN_0003816,BCN_0003816,40-59,bcn20000,5,False,5,0.0069748373,0.004656297,0.0070901057,0.07174445,0.029089442,0.8308786,0.04956624,0.040720575,,0.040720575,look,0,,42,look_f0_s42_in22k_v5scr,last
ISIC_0059871,BCN_0002568,BCN_0002568,60+,bcn20000,0,True,2,0.016291818,0.028356528,0.81284064,0.0871547,0.004347508,0.005144196,0.04586457,0.048995852,,0.048995852,look,0,,42,look_f0_s42_in22k_v5scr,last
ISIC_0059892,BCN_0004877,BCN_0004877,40-59,bcn20000,4,True,1,0.014087186,0.8817164,0.012250493,0.03691419,0.0042467895,0.003469444,0.047315538,0.90005034,,0.90005034,look,0,,42,look_f0_s42_in22k_v5scr,last
ISIC_0059904,BCN_0003907,BCN_0003907,60+,bcn20000,4,True,5,0.0084969625,0.005510394,0.005381396,0.05363359,0.0032777847,0.8858405,0.03785932,0.01728514,,0.01728514,look,0,,42,look_f0_s42_in22k_v5scr,last
ISIC_0059913,BCN_0001996,BCN_0001996,60+,bcn20000,5,False,5,0.008109007,0.0037099088,0.0047955834,0.05069385,0.006314262,0.88493454,0.041442804,0.018133178,,0.018133178,look,0,,42,look_f0_s42_in22k_v5scr,last
ISIC_0059916,BCN_0002235,BCN_0002235,60+,bcn20000,5,False,5,0.010836639,0.025588771,0.0086318115,0.07674946,0.003589613,0.82246995,0.05213374,0.040015023,,0.040015023,look,0,,42,look_f0_s42_in22k_v5scr,last
ISIC_0059918,BCN_0005228,BCN_0005228,<40,bcn20000,2,False,1,0.009859726,0.86741596,0.0061398465,0.05927945,0.008229605,0.0043857396,0.04468965,0.8855053,,0.8855053,look,0,,42,look_f0_s42_in22k_v5scr,last
ISIC_0059919,BCN_0003907,BCN_0003907,60+,bcn20000,4,True,4,0.00925904,0.008753233,0.0062148967,0.05521898,0.88099724,0.0028566858,0.036699973,0.8990095,,0.8990095,look,0,,42,look_f0_s42_in22k_v5scr,last
ISIC_0059922,BCN_0005014,BCN_0005014,60+,bcn20000,1,True,1,0.007103615,0.8950724,0.0036305855,0.044543065,0.006063127,0.006881144,0.0367061,0.9082391,,0.9082391,look,0,,42,look_f0_s42_in22k_v5scr,last
ISIC_0059925,BCN_0001941,BCN_0001941,60+,bcn20000,5,False,5,0.020316796,0.0084445,0.0060473937,0.07500691,0.0047095106,0.83561146,0.049863517,0.03347081,,0.03347081,look,0,,42,look_f0_s42_in22k_v5scr,last
ISIC_0059935,BCN_0002983,BCN_0002983,40-59,bcn20000,2,False,2,0.007203146,0.0017189,0.91019356,0.039045133,0.0053487085,0.0044474807,0.032043066,0.0142707545,,0.0142707545,look,0,,42,look_f0_s42_in22k_v5scr,last
ISIC_0059952,BCN_0003324,BCN_0003324,60+,bcn20000,0,True,2,0.009939152,0.011630108,0.8911642,0.04860324,0.0024913477,0.0020670362,0.03410493,0.024060607,,0.024060607,look,0,,42,look_f0_s42_in22k_v5scr,last
ISIC_0059973,BCN_0005519,BCN_0005519,60+,bcn20000,1,True,1,0.0084484145,0.8890873,0.0042040604,0.054150715,0.0037659628,0.0031715261,0.03717205,0.9013017,,0.9013017,look,0,,42,look_f0_s42_in22k_v5scr,last
ISIC_0059977,BCN_0001251,BCN_0001251,40-59,bcn20000,1,True,1,0.009284025,0.8714244,0.008053319,0.05671196,0.0067165154,0.005795506,0.04201439,0.8874249,,0.8874249,look,0,,42,look_f0_s42_in22k_v5scr,last
ISIC_0059979,BCN_0000789,BCN_0000789,<40,bcn20000,5,False,5,0.008441267,0.0061102016,0.006746975,0.066019185,0.005086096,0.8616396,0.04595654,0.019637564,,0.019637564,look,0,,42,look_f0_s42_in22k_v5scr,last
ISIC_0059989,BCN_0000616,BCN_0000616,60+,bcn20000,1,True,1,0.007704328,0.87833273,0.0058277515,0.057269696,0.0054561836,0.0037812481,0.04162809,0.89149326,,0.89149326,look,0,,42,look_f0_s42_in22k_v5scr,last
ISIC_0060007,BCN_0003751,BCN_0003751,60+,bcn20000,1,True,5,0.0062800217,0.0042660893,0.016042141,0.0640538,0.0064525036,0.8153316,0.08757393,0.016998615,,0.016998615,look,0,,42,look_f0_s42_in22k_v5scr,last
ISIC_0060022,BCN_0001458,BCN_0001458,60+,bcn20000,4,True,2,0.24609134,0.011611536,0.33646408,0.18810157,0.03657272,0.033029392,0.14812942,0.2942756,,0.2942756,look,0,,42,look_f0_s42_in22k_v5scr,last
ISIC_0060040,BCN_0001887,BCN_0001887,60+,bcn20000,1,True,5,0.014584024,0.2643404,0.019413022,0.12537095,0.019216493,0.46380058,0.09327455,0.29814094,,0.29814094,look,0,,42,look_f0_s42_in22k_v5scr,last
ISIC_0060042,BCN_0005033,BCN_0005033,40-59,bcn20000,5,False,5,0.013171931,0.01037378,0.006628694,0.08522549,0.024529882,0.8065016,0.05356862,0.048075594,,0.048075594,look,0,,42,look_f0_s42_in22k_v5scr,last
ISIC_0060077,BCN_0001143,BCN_0001143,40-59,bcn20000,0,True,5,0.056958128,0.018904602,0.019414693,0.12150831,0.01618312,0.71686137,0.050169755,0.09204584,,0.09204584,look,0,,42,look_f0_s42_in22k_v5scr,last
ISIC_0060079,BCN_0005657,BCN_0005657,60+,bcn20000,1,True,1,0.01013992,0.8715437,0.005570787,0.060139034,0.0051372135,0.0041402644,0.043329123,0.88682085,,0.88682085,look,0,,42,look_f0_s42_in22k_v5scr,last
ISIC_0060089,BCN_0004190,BCN_0004190,<40,bcn20000,5,False,5,0.005796708,0.004725016,0.00533034,0.066056386,0.019703316,0.8453951,0.05299312,0.03022504,,0.03022504,look,0,,42,look_f0_s42_in22k_v5scr,last
ISIC_0060116,BCN_0001154,BCN_0001154,60+,bcn20000,0,True,1,0.015531232,0.9057616,0.0023633442,0.042226028,0.003997305,0.0037683998,0.026352035,0.92529017,,0.92529017,look,0,,42,look_f0_s42_in22k_v5scr,last
ISIC_0060119,BCN_0001956,BCN_0001956,40-59,bcn20000,1,True,4,0.015255965,0.0068653324,0.003898059,0.06009629,0.87221175,0.002796202,0.038876418,0.89433306,,0.89433306,look,0,,42,look_f0_s42_in22k_v5scr,last
ISIC_0060127,BCN_0002172,BCN_0002172,60+,bcn20000,1,True,1,0.006059147,0.92895764,0.0027152933,0.032756597,0.005843564,0.0017223665,0.02194551,0.9408604,,0.9408604,look,0,,42,look_f0_s42_in22k_v5scr,last
ISIC_0060138,BCN_0001996,BCN_0001996,60+,bcn20000,5,False,5,0.0053743925,0.0063182246,0.008083137,0.058892757,0.012549093,0.87244904,0.03633324,0.02424171,,0.02424171,look,0,,42,look_f0_s42_in22k_v5scr,last
ISIC_0060151,BCN_0004002,BCN_0004002,60+,bcn20000,1,True,1,0.00830088,0.91212344,0.0037046643,0.043362115,0.002169873,0.0024052667,0.027933782,0.9225942,,0.9225942,look,0,,42,look_f0_s42_in22k_v5scr,last
ISIC_0060155,BCN_0000444,BCN_0000444,40-59,bcn20000,4,True,4,0.008851802,0.0042227753,0.0043588714,0.0476555,0.8994221,0.0018209284,0.033667993,0.9124967,,0.9124967,look,0,,42,look_f0_s42_in22k_v5scr,last
ISIC_0060162,BCN_0003781,BCN_0003781,40-59,bcn20000,1,True,1,0.011585213,0.89420724,0.0052192747,0.048729546,0.0031828098,0.0022365395,0.0348394,0.9089753,,0.9089753,look,0,,42,look_f0_s42_in22k_v5scr,last
ISIC_0060166,BCN_0000616,BCN_0000616,60+,bcn20000,1,True,1,0.0072768866,0.88054824,0.0039148373,0.054973394,0.004890083,0.003169822,0.045226693,0.8927152,,0.8927152,look,0,,42,look_f0_s42_in22k_v5scr,last
ISIC_0060171,BCN_0003816,BCN_0003816,40-59,bcn20000,5,False,5,0.0078086643,0.00742993,0.0041648825,0.0940973,0.060435414,0.7760861,0.049977735,0.07567401,,0.07567401,look,0,,42,look_f0_s42_in22k_v5scr,last
ISIC_0060188,BCN_0005456,BCN_0005456,40-59,bcn20000,5,False,5,0.009514357,0.0062453733,0.012779192,0.064225495,0.008927118,0.8506654,0.047643114,0.024686849,,0.024686849,look,0,,42,look_f0_s42_in22k_v5scr,last
ISIC_0060214,BCN_0001425,BCN_0001425,40-59,bcn20000,1,True,1,0.012148794,0.8950952,0.00481977,0.049672686,0.0031733045,0.003026949,0.032063235,0.9104173,,0.9104173,look,0,,42,look_f0_s42_in22k_v5scr,last
ISIC_0060217,BCN_0005220,BCN_0005220,60+,bcn20000,2,False,0,0.68389696,0.011486228,0.007258595,0.0795547,0.003953627,0.1574418,0.056408115,0.6993368,,0.6993368,look,0,,42,look_f0_s42_in22k_v5scr,last
ISIC_0060235,BCN_0001796,BCN_0001796,60+,bcn20000,0,True,5,0.006092782,0.0035309095,0.024416616,0.05414578,0.0034496556,0.85909885,0.049265347,0.0130733475,,0.0130733475,look,0,,42,look_f0_s42_in22k_v5scr,last
ISIC_0060253,BCN_0004190,BCN_0004190,<40,bcn20000,5,False,5,0.010029677,0.007698786,0.007281528,0.0661776,0.0071747466,0.8547397,0.0468979,0.02490321,,0.02490321,look,0,,42,look_f0_s42_in22k_v5scr,last
ISIC_0060261,BCN_0005387,BCN_0005387,40-59,bcn20000,5,False,5,0.010420465,0.00570065,0.0047350302,0.06819187,0.004548122,0.85634005,0.05006378,0.020669237,,0.020669237,look,0,,42,look_f0_s42_in22k_v5scr,last
ISIC_0060286,BCN_0002553,BCN_0002553,<40,bcn20000,5,False,5,0.009912269,0.0063037984,0.006525056,0.064866446,0.0047814287,0.85999835,0.047612596,0.020997496,,0.020997496,look,0,,42,look_f0_s42_in22k_v5scr,last
ISIC_0060305,BCN_0002324,BCN_0002324,60+,bcn20000,2,False,2,0.039233323,0.0053303726,0.3680689,0.2024065,0.0023532042,0.32608056,0.056527186,0.0469169,,0.0469169,look,0,,42,look_f0_s42_in22k_v5scr,last
ISIC_0060308,BCN_0005128,BCN_0005128,60+,bcn20000,4,True,4,0.0063620615,0.0029723838,0.0030381193,0.082884856,0.78411806,0.05863356,0.06199099,0.7934525,,0.7934525,look,0,,42,look_f0_s42_in22k_v5scr,last
ISIC_0060340,BCN_0001085,BCN_0001085,60+,bcn20000,4,True,4,0.00613968,0.00877773,0.007442366,0.06229594,0.87453645,0.0025467188,0.038261153,0.8894539,,0.8894539,look,0,,42,look_f0_s42_in22k_v5scr,last
ISIC_0060370,BCN_0002638,BCN_0002638,60+,bcn20000,1,True,1,0.008827336,0.84633476,0.03226248,0.04950509,0.0038504095,0.027358484,0.031861413,0.8590125,,0.8590125,look,0,,42,look_f0_s42_in22k_v5scr,last
ISIC_0060371,BCN_0002686,BCN_0002686,40-59,bcn20000,5,False,2,0.008338047,0.0051067746,0.85155624,0.06000451,0.004532894,0.028348874,0.04211263,0.017977716,,0.017977716,look,0,,42,look_f0_s42_in22k_v5scr,last
ISIC_0060376,BCN_0001729,BCN_0001729,60+,bcn20000,4,True,4,0.007448416,0.0042478954,0.0053430526,0.053117726,0.8749475,0.0024578078,0.05243773,0.8866438,,0.8866438,look,0,,42,look_f0_s42_in22k_v5scr,last
ISIC_0060388,BCN_0002740,BCN_0002740,<40,bcn20000,5,False,5,0.009280883,0.0048552672,0.0051468196,0.070821,0.005016435,0.8537191,0.051160533,0.019152585,,0.019152585,look,0,,42,look_f0_s42_in22k_v5scr,last
ISIC_0060483,BCN_0003389,BCN_0003389,60+,bcn20000,1,True,1,0.050906762,0.42391893,0.26479653,0.15696992,0.018894823,0.0075221476,0.07699088,0.4937205,,0.4937205,look,0,,42,look_f0_s42_in22k_v5scr,last
ISIC_0060490,BCN_0004513,BCN_0004513,40-59,bcn20000,2,False,1,0.013544337,0.81900823,0.006232492,0.08537954,0.004569368,0.024739271,0.046526875,0.8371219,,0.8371219,look,0,,42,look_f0_s42_in22k_v5scr,last
ISIC_0060509,BCN_0004184,BCN_0004184,60+,bcn20000,0,True,1,0.054625772,0.85400563,0.006447796,0.04582365,0.0031759038,0.0037563941,0.03216483,0.9118073,,0.9118073,look,0,,42,look_f0_s42_in22k_v5scr,last
ISIC_0060525,BCN_0000029,BCN_0000029,40-59,bcn20000,4,True,5,0.00811962,0.0069700945,0.008998527,0.067636505,0.0042362916,0.85940164,0.04463739,0.019326007,,0.019326007,look,0,,42,look_f0_s42_in22k_v5scr,last
ISIC_0060582,BCN_0003874,BCN_0003874,<40,bcn20000,1,True,1,0.009657213,0.8872579,0.005573198,0.054781906,0.004438399,0.0030721936,0.03521929,0.9013535,,0.9013535,look,0,,42,look_f0_s42_in22k_v5scr,last
ISIC_0060588,BCN_0003096,BCN_0003096,60+,bcn20000,1,True,1,0.0091651855,0.88639635,0.0062156054,0.04997214,0.0058021154,0.003895884,0.03855265,0.9013636,,0.9013636,look,0,,42,look_f0_s42_in22k_v5scr,last
ISIC_0060589,BCN_0003363,BCN_0003363,60+,bcn20000,4,True,2,0.012056831,0.0032422445,0.81789494,0.08151089,0.027635464,0.0053927167,0.052266907,0.04293454,,0.04293454,look,0,,42,look_f0_s42_in22k_v5scr,last
ISIC_0060595,BCN_0004175,BCN_0004175,40-59,bcn20000,5,False,4,0.010841041,0.010002046,0.008095208,0.111014314,0.39092046,0.38968837,0.07943853,0.41176355,,0.41176355,look,0,,42,look_f0_s42_in22k_v5scr,last
ISIC_0060596,BCN_0002750,BCN_0002750,60+,bcn20000,1,True,1,0.0067490847,0.867976,0.011057705,0.055615306,0.0071672383,0.005537369,0.04589731,0.8818923,,0.8818923,look,0,,42,look_f0_s42_in22k_v5scr,last
ISIC_0060626,BCN_0005646,BCN_0005646,40-59,bcn20000,5,False,5,0.008612931,0.004735897,0.0055062063,0.06191729,0.010627074,0.86306256,0.045538064,0.023975901,,0.023975901,look,0,,42,look_f0_s42_in22k_v5scr,last
ISIC_0060645,BCN_0004027,BCN_0004027,40-59,bcn20000,1,True,1,0.04944257,0.85239124,0.0015943446,0.054468952,0.0042914827,0.0026888396,0.035122547,0.9061253,,0.9061253,look,0,,42,look_f0_s42_in22k_v5scr,last
ISIC_0060659,BCN_0001694,BCN_0001694,60+,bcn20000,4,True,5,0.014977343,0.007944798,0.006456737,0.075176425,0.009675528,0.8299218,0.05584736,0.03259767,,0.03259767,look,0,,42,look_f0_s42_in22k_v5scr,last
ISIC_0060660,BCN_0004481,BCN_0004481,40-59,bcn20000,4,True,5,0.009894696,0.010177127,0.0059114415,0.07258529,0.015360688,0.8088842,0.07718662,0.03543251,,0.03543251,look,0,,42,look_f0_s42_in22k_v5scr,last
ISIC_0060687,BCN_0005409,BCN_0005409,40-59,bcn20000,1,True,1,0.004799949,0.73716146,0.1203836,0.07261716,0.004529541,0.003526189,0.05698201,0.74649096,,0.74649096,look,0,,42,look_f0_s42_in22k_v5scr,last
ISIC_0060739,BCN_0000643,BCN_0000643,unknown,bcn20000,5,False,4,0.0075596604,0.0026213708,0.00504641,0.0986735,0.82250583,0.021015577,0.04257767,0.83268684,,0.83268684,look,0,,42,look_f0_s42_in22k_v5scr,last
ISIC_0060761,BCN_0005220,BCN_0005220,60+,bcn20000,2,False,0,0.6715573,0.014642777,0.0151015185,0.09371837,0.008811851,0.13207385,0.06409436,0.6950119,,0.6950119,look,0,,42,look_f0_s42_in22k_v5scr,last
ISIC_0060762,BCN_0002843,BCN_0002843,60+,bcn20000,4,True,4,0.27890807,0.0072659072,0.0109136095,0.11843705,0.43628198,0.0441694,0.10402407,0.722456,,0.722456,look,0,,42,look_f0_s42_in22k_v5scr,last
ISIC_0060772,BCN_0004755,BCN_0004755,<40,bcn20000,5,False,5,0.008772358,0.0056635034,0.004883286,0.061547205,0.0063772164,0.8689163,0.043840148,0.020813078,,0.020813078,look,0,,42,look_f0_s42_in22k_v5scr,last
ISIC_0060776,BCN_0004633,BCN_0004633,60+,bcn20000,0,True,0,0.93667305,0.0018516999,0.0022296894,0.03092586,0.003383571,0.0019905763,0.022945536,0.9419083,,0.9419083,look,0,,42,look_f0_s42_in22k_v5scr,last
ISIC_0060789,BCN_0003709,BCN_0003709,60+,bcn20000,1,True,1,0.010064448,0.9085524,0.0037745012,0.04554713,0.0037844598,0.0018323556,0.026444662,0.9224013,,0.9224013,look,0,,42,look_f0_s42_in22k_v5scr,last
ISIC_0060803,BCN_0003096,BCN_0003096,60+,bcn20000,1,True,1,0.0083042765,0.8929024,0.008342353,0.046766512,0.0037463624,0.0030690327,0.036869142,0.90495306,,0.90495306,look,0,,42,look_f0_s42_in22k_v5scr,last
ISIC_0060807,BCN_0001596,BCN_0001596,60+,bcn20000,0,True,1,0.008530955,0.89487284,0.0055995625,0.04606852,0.0050295903,0.004502375,0.03539611,0.90843344,,0.90843344,look,0,,42,look_f0_s42_in22k_v5scr,last
ISIC_0060813,BCN_0002030,BCN_0002030,60+,bcn20000,2,False,5,0.0056463475,0.006657393,0.009971107,0.054312512,0.0017537811,0.8842302,0.037428647,0.014057522,,0.014057522,look,0,,42,look_f0_s42_in22k_v5scr,last
ISIC_0060821,BCN_0001948,BCN_0001948,40-59,bcn20000,6,False,1,0.0057528196,0.86026895,0.00477849,0.06136437,0.0066254335,0.008612088,0.05259784,0.87264717,,0.87264717,look,0,,42,look_f0_s42_in22k_v5scr,last
ISIC_0060834,BCN_0000360,BCN_0000360,40-59,bcn20000,4,True,4,0.0067539928,0.0031785024,0.0054534604,0.14283474,0.5473688,0.2319751,0.06243544,0.55730134,,0.55730134,look,0,,42,look_f0_s42_in22k_v5scr,last
ISIC_0060847,BCN_0005095,BCN_0005095,<40,bcn20000,2,False,2,0.0046137692,0.002700034,0.8895259,0.05338929,0.007098617,0.0054811556,0.037191175,0.01441242,,0.01441242,look,0,,42,look_f0_s42_in22k_v5scr,last
ISIC_0060854,BCN_0005666,BCN_0005666,60+,bcn20000,4,True,4,0.00572025,0.0027086053,0.0052207094,0.049869694,0.8958329,0.005163834,0.035483968,0.90426177,,0.90426177,look,0,,42,look_f0_s42_in22k_v5scr,last
ISIC_0060893,BCN_0004066,BCN_0004066,60+,bcn20000,4,True,4,0.1342134,0.04153923,0.008042868,0.119689494,0.61409414,0.001970221,0.080450594,0.7898468,,0.7898468,look,0,,42,look_f0_s42_in22k_v5scr,last
ISIC_0060912,BCN_0004755,BCN_0004755,<40,bcn20000,5,False,5,0.008693132,0.0066577108,0.0052613923,0.06195419,0.005778784,0.8649139,0.046740863,0.021129627,,0.021129627,look,0,,42,look_f0_s42_in22k_v5scr,last
ISIC_0060919,BCN_0000561,BCN_0000561,40-59,bcn20000,5,False,4,0.014411134,0.008246255,0.010545055,0.095035896,0.7626416,0.04353032,0.06558963,0.785299,,0.785299,look,0,,42,look_f0_s42_in22k_v5scr,last
ISIC_0060940,BCN_0002235,BCN_0002235,60+,bcn20000,5,False,5,0.0093400795,0.012284402,0.009685502,0.06640183,0.0027716528,0.8507919,0.048724692,0.024396135,,0.024396135,look,0,,42,look_f0_s42_in22k_v5scr,last
ISIC_0060944,BCN_0003228,BCN_0003228,60+,bcn20000,0,True,0,0.81799185,0.047513902,0.011441758,0.064652406,0.006353317,0.0072842916,0.044762418,0.8718591,,0.8718591,look,0,,42,look_f0_s42_in22k_v5scr,last
ISIC_0060948,BCN_0004756,BCN_0004756,<40,bcn20000,5,False,5,0.0112456065,0.0069508767,0.0076319585,0.06349255,0.0047367844,0.855297,0.0506452,0.022933267,,0.022933267,look,0,,42,look_f0_s42_in22k_v5scr,last
ISIC_0060972,BCN_0000627,BCN_0000627,60+,bcn20000,4,True,4,0.008327648,0.0065858993,0.009891558,0.05104208,0.8802123,0.0064834515,0.037457135,0.89512587,,0.89512587,look,0,,42,look_f0_s42_in22k_v5scr,last
ISIC_0060981,BCN_0000368,BCN_0000368,60+,bcn20000,1,True,1,0.009823917,0.86188203,0.0057267356,0.0631898,0.006865296,0.0057497686,0.046762414,0.8785713,,0.8785713,look,0,,42,look_f0_s42_in22k_v5scr,last
ISIC_0060983,BCN_0003091,BCN_0003091,40-59,bcn20000,1,True,1,0.009895456,0.8981673,0.0046367194,0.042664655,0.006632764,0.0038590054,0.034144044,0.9146955,,0.9146955,look,0,,42,look_f0_s42_in22k_v5scr,last
ISIC_0061011,BCN_0002577,BCN_0002577,40-59,bcn20000,4,True,4,0.0070315944,0.003955201,0.0068670474,0.0558869,0.87975866,0.004096511,0.042404063,0.89074546,,0.89074546,look,0,,42,look_f0_s42_in22k_v5scr,last
ISIC_0061096,BCN_0003389,BCN_0003389,60+,bcn20000,1,True,1,0.17314938,0.29814845,0.054018855,0.16155282,0.023181904,0.18344665,0.10650193,0.49447975,,0.49447975,look,0,,42,look_f0_s42_in22k_v5scr,last
ISIC_0061104,BCN_0000618,BCN_0000618,60+,bcn20000,4,True,2,0.0062291315,0.05759284,0.54719496,0.1271098,0.15373552,0.01649896,0.09163879,0.21755749,,0.21755749,look,0,,42,look_f0_s42_in22k_v5scr,last
ISIC_0061119,BCN_0003096,BCN_0003096,60+,bcn20000,1,True,1,0.0060322783,0.8951914,0.0061002686,0.048534874,0.0049793525,0.003908264,0.035253666,0.90620303,,0.90620303,look,0,,42,look_f0_s42_in22k_v5scr,last
ISIC_0061121,BCN_0001154,BCN_0001154,60+,bcn20000,0,True,1,0.01655543,0.891089,0.0026015087,0.04946653,0.0029637911,0.002396533,0.03492718,0.91060823,,0.91060823,look,0,,42,look_f0_s42_in22k_v5scr,last
ISIC_0061134,BCN_0005666,BCN_0005666,60+,bcn20000,4,True,4,0.0088955555,0.0051927213,0.012464785,0.05681993,0.8598422,0.010455465,0.046329413,0.87393045,,0.87393045,look,0,,42,look_f0_s42_in22k_v5scr,last
ISIC_0061139,BCN_0002577,BCN_0002577,40-59,bcn20000,4,True,4,0.0068321675,0.0041940142,0.008107188,0.049458236,0.8850032,0.0050297407,0.041375447,0.8960294,,0.8960294,look,0,,42,look_f0_s42_in22k_v5scr,last
ISIC_0061143,BCN_0003781,BCN_0003781,40-59,bcn20000,1,True,1,0.012701538,0.9031391,0.005374468,0.0441353,0.0032734775,0.0020524545,0.029323597,0.9191141,,0.9191141,look,0,,42,look_f0_s42_in22k_v5scr,last
ISIC_0061165,BCN_0004631,BCN_0004631,40-59,bcn20000,4,True,5,0.31559995,0.011917569,0.0049178577,0.116099976,0.04858134,0.4203844,0.0824989,0.37609884,,0.37609884,look,0,,42,look_f0_s42_in22k_v5scr,last
ISIC_0061170,BCN_0003619,BCN_0003619,60+,bcn20000,0,True,1,0.05766674,0.37279907,0.0017773361,0.2037694,0.23165825,0.07367862,0.058650583,0.66212404,,0.66212404,look,0,,42,look_f0_s42_in22k_v5scr,last
ISIC_0061181,BCN_0003101,BCN_0003101,60+,bcn20000,0,True,4,0.023967916,0.16688994,0.0072654295,0.14090425,0.57447976,0.0042145993,0.082278065,0.7653376,,0.7653376,look,0,,42,look_f0_s42_in22k_v5scr,last
ISIC_0061221,BCN_0002348,BCN_0002348,<40,bcn20000,5,False,1,0.006213427,0.90068275,0.010271073,0.044345025,0.0039777937,0.008459369,0.026050564,0.91087395,,0.91087395,look,0,,42,look_f0_s42_in22k_v5scr,last
ISIC_0061257,BCN_0003907,BCN_0003907,60+,bcn20000,4,True,4,0.012115718,0.030333234,0.008236775,0.09922532,0.7882172,0.0037669693,0.058104753,0.8306661,,0.8306661,look,0,,42,look_f0_s42_in22k_v5scr,last
ISIC_0061261,BCN_0003363,BCN_0003363,60+,bcn20000,4,True,4,0.007879927,0.003461799,0.009893342,0.04488703,0.89678246,0.0024772682,0.034618214,0.9081242,,0.9081242,look,0,,42,look_f0_s42_in22k_v5scr,last
ISIC_0061292,BCN_0000588,BCN_0000588,<40,bcn20000,5,False,5,0.010324642,0.0069586663,0.008658644,0.07141062,0.0067498633,0.8433348,0.05256268,0.024033172,,0.024033172,look,0,,42,look_f0_s42_in22k_v5scr,last
ISIC_0061295,BCN_0000886,BCN_0000886,60+,bcn20000,5,False,5,0.014294071,0.007819085,0.008119528,0.079897754,0.024107497,0.81189555,0.05386645,0.046220653,,0.046220653,look,0,,42,look_f0_s42_in22k_v5scr,last
ISIC_0061307,BCN_0001154,BCN_0001154,60+,bcn20000,0,True,1,0.015031942,0.884186,0.003694026,0.052807745,0.0034734344,0.0033453298,0.03746153,0.9026914,,0.9026914,look,0,,42,look_f0_s42_in22k_v5scr,last
ISIC_0061335,BCN_0003538,BCN_0003538,60+,bcn20000,2,False,5,0.009989817,0.008986419,0.006730642,0.06254886,0.0030194724,0.86253834,0.046186514,0.021995708,,0.021995708,look,0,,42,look_f0_s42_in22k_v5scr,last
ISIC_0061348,BCN_0002900,BCN_0002900,40-59,bcn20000,1,True,0,0.90633017,0.02253096,0.0024416528,0.031235417,0.0068486175,0.002865154,0.027748035,0.9357098,,0.9357098,look,0,,42,look_f0_s42_in22k_v5scr,last
ISIC_0061352,BCN_0002881,BCN_0002881,40-59,bcn20000,5,False,1,0.0058435686,0.90198445,0.0042092954,0.04406136,0.0037270214,0.0103378715,0.029836416,0.91155505,,0.91155505,look,0,,42,look_f0_s42_in22k_v5scr,last
ISIC_0061416,BCN_0003360,BCN_0003360,60+,bcn20000,2,False,5,0.01343485,0.006418476,0.051203758,0.07937464,0.0056254338,0.7929023,0.05104054,0.02547876,,0.02547876,look,0,,42,look_f0_s42_in22k_v5scr,last
ISIC_0061429,BCN_0001855,BCN_0001855,60+,bcn20000,5,False,5,0.009366018,0.004204886,0.0040332656,0.07494422,0.0039809635,0.8531912,0.05027947,0.017551867,,0.017551867,look,0,,42,look_f0_s42_in22k_v5scr,last
ISIC_0061441,BCN_0001814,BCN_0001814,60+,bcn20000,4,True,4,0.006732621,0.0034723543,0.0073007382,0.047608797,0.8951827,0.0027686832,0.03693409,0.9053877,,0.9053877,look,0,,42,look_f0_s42_in22k_v5scr,last
ISIC_0061456,BCN_0000015,BCN_0000015,60+,bcn20000,1,True,1,0.0077256802,0.8232898,0.028969273,0.08324505,0.0026510519,0.0040877247,0.050031375,0.8336665,,0.8336665,look,0,,42,look_f0_s42_in22k_v5scr,last
ISIC_0061493,BCN_0001523,BCN_0001523,60+,bcn20000,3,False,5,0.010059464,0.0050132656,0.008571384,0.24106775,0.013499129,0.6916034,0.030185595,0.028571859,,0.028571859,look,0,,42,look_f0_s42_in22k_v5scr,last
ISIC_0061504,BCN_0003096,BCN_0003096,60+,bcn20000,1,True,0,0.70257807,0.14597744,0.01753555,0.07119669,0.0026545823,0.004017419,0.056040227,0.8512101,,0.8512101,look,0,,42,look_f0_s42_in22k_v5scr,last
ISIC_0061516,BCN_0001085,BCN_0001085,60+,bcn20000,4,True,4,0.00802968,0.00831085,0.008339471,0.056947824,0.8737912,0.0027236766,0.041857284,0.8901318,,0.8901318,look,0,,42,look_f0_s42_in22k_v5scr,last
ISIC_0061566,BCN_0000906,BCN_0000906,60+,bcn20000,4,True,5,0.014473964,0.036082633,0.008302189,0.11062058,0.013032342,0.73565924,0.081829056,0.06358894,,0.06358894,look,0,,42,look_f0_s42_in22k_v5scr,last
ISIC_0061571,BCN_0004752,BCN_0004752,60+,bcn20000,1,True,1,0.00907962,0.8755948,0.0056847297,0.056457836,0.0057034856,0.0035099273,0.043969534,0.89037794,,0.89037794,look,0,,42,look_f0_s42_in22k_v5scr,last
ISIC_0061575,BCN_0001814,BCN_0001814,60+,bcn20000,4,True,4,0.012276199,0.0057684276,0.07088321,0.089655295,0.7534815,0.008518092,0.059417263,0.77152616,,0.77152616,look,0,,42,look_f0_s42_in22k_v5scr,last
ISIC_0061580,BCN_0004206,BCN_0004206,40-59,bcn20000,4,True,5,0.004662106,0.009836615,0.002607943,0.13830604,0.05164964,0.7572279,0.035709735,0.06614836,,0.06614836,look,0,,42,look_f0_s42_in22k_v5scr,last
ISIC_0061581,BCN_0004206,BCN_0004206,40-59,bcn20000,4,True,4,0.016771993,0.019808333,0.034686368,0.10965612,0.76531297,0.0015245306,0.052239724,0.8018933,,0.8018933,look,0,,42,look_f0_s42_in22k_v5scr,last
ISIC_0061596,BCN_0000984,BCN_0000984,60+,bcn20000,1,True,2,0.03318416,0.02536843,0.7611929,0.09560678,0.009920748,0.027560025,0.04716698,0.06847334,,0.06847334,look,0,,42,look_f0_s42_in22k_v5scr,last
ISIC_0061610,BCN_0002794,BCN_0002794,60+,bcn20000,2,False,2,0.010658095,0.044613797,0.5059004,0.1386948,0.1765132,0.006756118,0.1168636,0.23178509,,0.23178509,look,0,,42,look_f0_s42_in22k_v5scr,last
ISIC_0061658,BCN_0003202,BCN_0003202,40-59,bcn20000,2,False,0,0.8282216,0.07413712,0.0050551984,0.039507005,0.017152159,0.003634289,0.032292556,0.9195109,,0.9195109,look,0,,42,look_f0_s42_in22k_v5scr,last
ISIC_0061661,BCN_0001106,BCN_0001106,60+,bcn20000,1,True,1,0.009502069,0.90611386,0.0074824365,0.041516397,0.0032030072,0.0025934288,0.029588854,0.91881895,,0.91881895,look,0,,42,look_f0_s42_in22k_v5scr,last
ISIC_0061729,BCN_0005238,BCN_0005238,<40,bcn20000,5,False,5,0.014399206,0.009124042,0.010612657,0.13055186,0.14334175,0.59103584,0.100934684,0.16686499,,0.16686499,look,0,,42,look_f0_s42_in22k_v5scr,last
ISIC_0061738,BCN_0005265,BCN_0005265,60+,bcn20000,1,True,1,0.0058785076,0.5607199,0.005801052,0.061508097,0.0095883785,0.0031054646,0.35339865,0.5761868,,0.5761868,look,0,,42,look_f0_s42_in22k_v5scr,last
ISIC_0061749,BCN_0003740,BCN_0003740,<40,bcn20000,5,False,5,0.012217386,0.005930072,0.0060467524,0.0767878,0.0037257404,0.84182996,0.05346222,0.021873198,,0.021873198,look,0,,42,look_f0_s42_in22k_v5scr,last
ISIC_0061752,BCN_0003360,BCN_0003360,60+,bcn20000,2,False,5,0.007736064,0.0038610017,0.009479468,0.056533866,0.0047897054,0.87800646,0.039593376,0.01638677,,0.01638677,look,0,,42,look_f0_s42_in22k_v5scr,last
ISIC_0061757,BCN_0005136,BCN_0005136,60+,bcn20000,2,False,2,0.2665659,0.00905439,0.27949968,0.1150249,0.21851847,0.0026838123,0.10865283,0.49413875,,0.49413875,look,0,,42,look_f0_s42_in22k_v5scr,last
ISIC_0061795,BCN_0002686,BCN_0002686,40-59,bcn20000,5,False,4,0.008544664,0.0047594174,0.00866887,0.06435312,0.8353062,0.033500746,0.0448669,0.8486103,,0.8486103,look,0,,42,look_f0_s42_in22k_v5scr,last
ISIC_0061808,BCN_0000887,BCN_0000887,<40,bcn20000,5,False,5,0.014678272,0.006498647,0.009254075,0.10606224,0.27529487,0.5193234,0.06888853,0.29647177,,0.29647177,look,0,,42,look_f0_s42_in22k_v5scr,last
ISIC_0061821,BCN_0005220,BCN_0005220,60+,bcn20000,2,False,0,0.92075264,0.0024096747,0.007266057,0.031823628,0.0054012537,0.006089135,0.02625754,0.9285636,,0.9285636,look,0,,42,look_f0_s42_in22k_v5scr,last
ISIC_0061862,BCN_0005292,BCN_0005292,40-59,bcn20000,1,True,4,0.008539342,0.003957536,0.0040172287,0.051624674,0.8766414,0.010824142,0.044395722,0.8891383,,0.8891383,look,0,,42,look_f0_s42_in22k_v5scr,last
ISIC_0061867,BCN_0000244,BCN_0000244,60+,bcn20000,1,True,1,0.007792409,0.8839638,0.0064583663,0.053750318,0.0070587494,0.0047357646,0.036240626,0.898815,,0.898815,look,0,,42,look_f0_s42_in22k_v5scr,last
ISIC_0061872,BCN_0004504,BCN_0004504,40-59,bcn20000,5,False,5,0.010458241,0.005411407,0.0062868227,0.06015316,0.005696604,0.86799496,0.043998815,0.021566251,,0.021566251,look,0,,42,look_f0_s42_in22k_v5scr,last
ISIC_0061874,BCN_0001106,BCN_0001106,60+,bcn20000,1,True,1,0.041638866,0.29156885,0.27625927,0.1544418,0.10710294,0.009173589,0.11981462,0.44031066,,0.44031066,look,0,,42,look_f0_s42_in22k_v5scr,last
ISIC_0061878,BCN_0002688,BCN_0002688,40-59,bcn20000,6,False,6,0.001338917,0.0011677501,0.0006112388,0.008340848,0.0010685778,0.000524852,0.9869478,0.003575245,,0.003575245,look,0,,42,look_f0_s42_in22k_v5scr,last
ISIC_0061905,BCN_0003316,BCN_0003316,60+,bcn20000,5,False,4,0.0072418223,0.011408959,0.009470833,0.06370243,0.86019075,0.006520652,0.041464575,0.8788415,,0.8788415,look,0,,42,look_f0_s42_in22k_v5scr,last
ISIC_0061906,BCN_0004268,BCN_0004268,<40,bcn20000,1,True,1,0.0075387973,0.8933678,0.00464191,0.049135443,0.0036087164,0.0040719756,0.037635405,0.9045153,,0.9045153,look,0,,42,look_f0_s42_in22k_v5scr,last
ISIC_0061955,BCN_0002371,BCN_0002371,60+,bcn20000,1,True,1,0.007539575,0.8832104,0.008204625,0.053850777,0.005345051,0.0039362055,0.037913334,0.89609504,,0.89609504,look,0,,42,look_f0_s42_in22k_v5scr,last
ISIC_0062005,BCN_0003084,BCN_0003084,40-59,bcn20000,4,True,4,0.0062169526,0.005044396,0.0033072194,0.045197334,0.9026707,0.0049292343,0.032634236,0.913932,,0.913932,look,0,,42,look_f0_s42_in22k_v5scr,last
ISIC_0062007,BCN_0003330,BCN_0003330,60+,bcn20000,1,True,1,0.006302358,0.90513927,0.0033651895,0.05629338,0.0020341165,0.0029173938,0.023948314,0.91347575,,0.91347575,look,0,,42,look_f0_s42_in22k_v5scr,last
ISIC_0062033,BCN_0003889,BCN_0003889,60+,bcn20000,1,True,1,0.009003631,0.89017916,0.004201527,0.052210387,0.0068816026,0.0028473008,0.03467633,0.9060644,,0.9060644,look,0,,42,look_f0_s42_in22k_v5scr,last
ISIC_0062066,BCN_0004513,BCN_0004513,40-59,bcn20000,2,False,0,0.4135012,0.06350253,0.027468443,0.14809652,0.03784264,0.22809988,0.081488706,0.5148464,,0.5148464,look,0,,42,look_f0_s42_in22k_v5scr,last
ISIC_0062117,BCN_0004153,BCN_0004153,60+,bcn20000,0,True,4,0.024566816,0.0023933917,0.02861702,0.03597376,0.86925346,0.005980767,0.033214744,0.89621365,,0.89621365,look,0,,42,look_f0_s42_in22k_v5scr,last
ISIC_0062126,BCN_0000071,BCN_0000071,60+,bcn20000,2,False,0,0.7479438,0.033619188,0.008098948,0.11691389,0.028335936,0.019758044,0.045330238,0.8098989,,0.8098989,look,0,,42,look_f0_s42_in22k_v5scr,last
ISIC_0062131,BCN_0002837,BCN_0002837,40-59,bcn20000,5,False,5,0.012914905,0.007252555,0.007358449,0.07442628,0.015564822,0.82947445,0.05300852,0.035732284,,0.035732284,look,0,,42,look_f0_s42_in22k_v5scr,last
ISIC_0062132,BCN_0005308,BCN_0005308,40-59,bcn20000,5,False,4,0.028163414,0.07818155,0.030449277,0.15998884,0.3753,0.21738507,0.11053181,0.48164496,,0.48164496,look,0,,42,look_f0_s42_in22k_v5scr,last
ISIC_0062142,BCN_0003816,BCN_0003816,40-59,bcn20000,5,False,5,0.009906474,0.0046513295,0.012791023,0.07948262,0.007926652,0.8361924,0.049049407,0.022484455,,0.022484455,look,0,,42,look_f0_s42_in22k_v5scr,last
ISIC_0062162,BCN_0004877,BCN_0004877,40-59,bcn20000,4,True,0,0.75739616,0.005805842,0.07610192,0.0812403,0.0028484084,0.0072689955,0.069338344,0.7660504,,0.7660504,look,0,,42,look_f0_s42_in22k_v5scr,last
ISIC_0062224,BCN_0002664,BCN_0002664,60+,bcn20000,1,True,1,0.009955282,0.8807108,0.005314205,0.055041943,0.0068640565,0.0046920623,0.037421692,0.89753014,,0.89753014,look,0,,42,look_f0_s42_in22k_v5scr,last
ISIC_0062246,BCN_0005125,BCN_0005125,40-59,bcn20000,5,False,5,0.013322094,0.007472391,0.006001183,0.071306795,0.003190475,0.8493139,0.049393136,0.02398496,,0.02398496,look,0,,42,look_f0_s42_in22k_v5scr,last
ISIC_0062255,BCN_0003344,BCN_0003344,60+,bcn20000,0,True,0,0.8152074,0.0034097168,0.07234159,0.059431825,0.0042563495,0.0044332454,0.04091993,0.82287353,,0.82287353,look,0,,42,look_f0_s42_in22k_v5scr,last
ISIC_0062260,BCN_0001085,BCN_0001085,60+,bcn20000,4,True,4,0.0086380085,0.007492846,0.008331694,0.05742987,0.88150465,0.0025988233,0.034004133,0.8976355,,0.8976355,look,0,,42,look_f0_s42_in22k_v5scr,last
ISIC_0062313,BCN_0002577,BCN_0002577,40-59,bcn20000,4,True,4,0.006018275,0.0043629557,0.0048385165,0.05189615,0.88846684,0.00539179,0.039025404,0.89884806,,0.89884806,look,0,,42,look_f0_s42_in22k_v5scr,last
ISIC_0062340,BCN_0003907,BCN_0003907,60+,bcn20000,4,True,4,0.008195645,0.008565928,0.005690254,0.060389422,0.8745304,0.0031425736,0.039485745,0.891292,,0.891292,look,0,,42,look_f0_s42_in22k_v5scr,last
ISIC_0062345,BCN_0002793,BCN_0002793,60+,bcn20000,0,True,2,0.023386313,0.014175853,0.8280852,0.072323844,0.0042835837,0.004017823,0.053727333,0.04184575,,0.04184575,look,0,,42,look_f0_s42_in22k_v5scr,last
ISIC_0062357,BCN_0004845,BCN_0004845,40-59,bcn20000,5,False,5,0.0071756323,0.0045330767,0.0050322576,0.0650654,0.005364553,0.8691343,0.043694742,0.017073262,,0.017073262,look,0,,42,look_f0_s42_in22k_v5scr,last
ISIC_0062384,BCN_0002487,BCN_0002487,<40,bcn20000,5,False,4,0.00750636,0.0036727102,0.009078851,0.059886273,0.8653093,0.016643465,0.037903048,0.8764884,,0.8764884,look,0,,42,look_f0_s42_in22k_v5scr,last
ISIC_0062389,BCN_0000029,BCN_0000029,40-59,bcn20000,4,True,5,0.007959355,0.007013272,0.010549335,0.06891572,0.004473545,0.85774404,0.043344762,0.019446172,,0.019446172,look,0,,42,look_f0_s42_in22k_v5scr,last
ISIC_0062396,BCN_0004096,BCN_0004096,<40,bcn20000,5,False,5,0.0052735703,0.004509395,0.004039729,0.06965134,0.010278655,0.85282844,0.05341891,0.02006162,,0.02006162,look,0,,42,look_f0_s42_in22k_v5scr,last
ISIC_0062417,BCN_0003921,BCN_0003921,<40,bcn20000,5,False,5,0.0115012685,0.0054706405,0.006151475,0.06553082,0.005888963,0.85922116,0.046235655,0.022860872,,0.022860872,look,0,,42,look_f0_s42_in22k_v5scr,last
ISIC_0062430,BCN_0004649,BCN_0004649,40-59,bcn20000,5,False,5,0.011446789,0.004697334,0.005173095,0.07236947,0.0054349047,0.85523075,0.045647673,0.021579027,,0.021579027,look,0,,42,look_f0_s42_in22k_v5scr,last
ISIC_0062441,BCN_0002428,BCN_0002428,40-59,bcn20000,5,False,5,0.008565051,0.00397619,0.003923831,0.061453346,0.004297842,0.8705907,0.04719297,0.016839081,,0.016839081,look,0,,42,look_f0_s42_in22k_v5scr,last
ISIC_0062443,BCN_0001085,BCN_0001085,60+,bcn20000,4,True,4,0.00916768,0.0065157046,0.007816912,0.057530012,0.87583506,0.0030878705,0.040046666,0.8915185,,0.8915185,look,0,,42,look_f0_s42_in22k_v5scr,last
ISIC_0062470,BCN_0002730,BCN_0002730,<40,bcn20000,5,False,5,0.0124739185,0.0068411166,0.007521486,0.068196274,0.0030258677,0.8514139,0.050527386,0.022340901,,0.022340901,look,0,,42,look_f0_s42_in22k_v5scr,last
ISIC_0062480,BCN_0003091,BCN_0003091,40-59,bcn20000,1,True,1,0.01066689,0.8815708,0.005258477,0.04893505,0.007795364,0.0038068767,0.04196654,0.9000331,,0.9000331,look,0,,42,look_f0_s42_in22k_v5scr,last
ISIC_0062481,BCN_0000822,BCN_0000822,60+,bcn20000,4,True,4,0.0066728876,0.0044256444,0.01050714,0.10585117,0.62995285,0.18216746,0.060422905,0.64105135,,0.64105135,look,0,,42,look_f0_s42_in22k_v5scr,last
ISIC_0062505,BCN_0001096,BCN_0001096,<40,bcn20000,4,True,5,0.010515385,0.0067598824,0.006654734,0.0659523,0.0067920927,0.85541517,0.04791041,0.02406736,,0.02406736,look,0,,42,look_f0_s42_in22k_v5scr,last
ISIC_0062526,BCN_0001077,BCN_0001077,<40,bcn20000,5,False,5,0.009491317,0.0059652575,0.005839038,0.06571666,0.004880486,0.8603294,0.0477778,0.02033706,,0.02033706,look,0,,42,look_f0_s42_in22k_v5scr,last
ISIC_0062536,BCN_0004066,BCN_0004066,60+,bcn20000,4,True,4,0.07425117,0.022506999,0.011731737,0.09095007,0.74342287,0.0017752734,0.05536183,0.84018105,,0.84018105,look,0,,42,look_f0_s42_in22k_v5scr,last
ISIC_0062559,BCN_0001470,BCN_0001470,unknown,bcn20000,4,True,5,0.014718881,0.008632586,0.009760895,0.077158205,0.008197891,0.8259419,0.05558963,0.031549357,,0.031549357,look,0,,42,look_f0_s42_in22k_v5scr,last
ISIC_0062602,BCN_0001458,BCN_0001458,60+,bcn20000,4,True,2,0.0071153804,0.0071832887,0.8983647,0.04487006,0.005631221,0.0041995104,0.032635868,0.01992989,,0.01992989,look,0,,42,look_f0_s42_in22k_v5scr,last
ISIC_0062609,BCN_0001154,BCN_0001154,60+,bcn20000,0,True,1,0.01655543,0.891089,0.0026015087,0.04946653,0.0029637911,0.002396533,0.03492718,0.91060823,,0.91060823,look,0,,42,look_f0_s42_in22k_v5scr,last
ISIC_0062611,BCN_0001596,BCN_0001596,60+,bcn20000,0,True,1,0.00929905,0.9001546,0.004924856,0.04580632,0.0042961994,0.0039873477,0.031531695,0.9137498,,0.9137498,look,0,,42,look_f0_s42_in22k_v5scr,last
ISIC_0062633,BCN_0001694,BCN_0001694,60+,bcn20000,4,True,4,0.40637344,0.0023800747,0.0012400013,0.07778387,0.4752615,0.0042771124,0.032683976,0.884015,,0.884015,look,0,,42,look_f0_s42_in22k_v5scr,last
ISIC_0062655,BCN_0004112,BCN_0004112,40-59,bcn20000,5,False,5,0.015928479,0.006322632,0.08604522,0.10251021,0.010049162,0.729636,0.049508344,0.03230027,,0.03230027,look,0,,42,look_f0_s42_in22k_v5scr,last
ISIC_0062656,BCN_0001356,BCN_0001356,40-59,bcn20000,5,False,5,0.019251132,0.24350801,0.024317421,0.14656466,0.0063483743,0.49348864,0.06652166,0.26910752,,0.26910752,look,0,,42,look_f0_s42_in22k_v5scr,last
ISIC_0062659,BCN_0004432,BCN_0004432,60+,bcn20000,1,True,0,0.47231218,0.3562313,0.0029318165,0.0733126,0.022756947,0.00087085715,0.07158427,0.8513004,,0.8513004,look,0,,42,look_f0_s42_in22k_v5scr,last
ISIC_0062683,BCN_0004002,BCN_0004002,60+,bcn20000,1,True,1,0.011586611,0.8928341,0.0043976037,0.049955852,0.0030736162,0.0047027837,0.033449434,0.90749437,,0.90749437,look,0,,42,look_f0_s42_in22k_v5scr,last
ISIC_0062686,BCN_0002577,BCN_0002577,40-59,bcn20000,4,True,4,0.006678757,0.0041822284,0.006399132,0.0562258,0.87570524,0.0050845803,0.04572417,0.8865662,,0.8865662,look,0,,42,look_f0_s42_in22k_v5scr,last
ISIC_0062701,BCN_0005052,BCN_0005052,<40,bcn20000,5,False,5,0.041397743,0.03759203,0.009316824,0.11576153,0.31284666,0.37809882,0.10498638,0.39183643,,0.39183643,look,0,,42,look_f0_s42_in22k_v5scr,last
ISIC_0062710,BCN_0004274,BCN_0004274,60+,bcn20000,1,True,1,0.05165426,0.7859556,0.0070398804,0.106469594,0.0056925663,0.0022100543,0.040978055,0.8433024,,0.8433024,look,0,,42,look_f0_s42_in22k_v5scr,last
ISIC_0062714,BCN_0002235,BCN_0002235,60+,bcn20000,5,False,5,0.012104183,0.031098323,0.010149284,0.08005837,0.0047565694,0.80443186,0.057401452,0.047959074,,0.047959074,look,0,,42,look_f0_s42_in22k_v5scr,last
ISIC_0062724,BCN_0003907,BCN_0003907,60+,bcn20000,4,True,4,0.007928016,0.005554741,0.0053578243,0.04636665,0.8990137,0.0025690922,0.03320992,0.91249645,,0.91249645,look,0,,42,look_f0_s42_in22k_v5scr,last
ISIC_0062726,BCN_0003597,BCN_0003597,<40,bcn20000,5,False,5,0.011581956,0.0068472098,0.0060485713,0.069179796,0.004749736,0.8541083,0.047484457,0.023178902,,0.023178902,look,0,,42,look_f0_s42_in22k_v5scr,last
ISIC_0062734,BCN_0000029,BCN_0000029,40-59,bcn20000,4,True,5,0.009315878,0.007142762,0.09197232,0.10280255,0.00415539,0.71571225,0.06889879,0.02061403,,0.02061403,look,0,,42,look_f0_s42_in22k_v5scr,last
ISIC_0062789,BCN_0004752,BCN_0004752,60+,bcn20000,1,True,1,0.007693934,0.8862841,0.0048769736,0.052802704,0.0047691194,0.003913585,0.039659593,0.8987472,,0.8987472,look,0,,42,look_f0_s42_in22k_v5scr,last
ISIC_0062791,BCN_0005292,BCN_0005292,40-59,bcn20000,1,True,5,0.014387603,0.09669037,0.010263907,0.075929314,0.0057026767,0.746952,0.05007423,0.116780646,,0.116780646,look,0,,42,look_f0_s42_in22k_v5scr,last
ISIC_0062795,BCN_0005052,BCN_0005052,<40,bcn20000,5,False,5,0.009142873,0.00630639,0.007180157,0.07239558,0.00810727,0.8439889,0.052878797,0.023556534,,0.023556534,look,0,,42,look_f0_s42_in22k_v5scr,last
ISIC_0062818,BCN_0004420,BCN_0004420,40-59,bcn20000,5,False,5,0.0098425895,0.006154109,0.007895682,0.0669928,0.0050603882,0.85643667,0.047617763,0.021057086,,0.021057086,look,0,,42,look_f0_s42_in22k_v5scr,last
ISIC_0062822,BCN_0001356,BCN_0001356,40-59,bcn20000,5,False,5,0.012968833,0.006061313,0.0062141134,0.068095,0.0033003157,0.85840356,0.04495691,0.022330463,,0.022330463,look,0,,42,look_f0_s42_in22k_v5scr,last
ISIC_0062828,BCN_0000894,BCN_0000894,<40,bcn20000,5,False,5,0.010295887,0.0056710006,0.005001117,0.04408781,0.0041867592,0.88526535,0.045492057,0.020153645,,0.020153645,look,0,,42,look_f0_s42_in22k_v5scr,last
ISIC_0062835,BCN_0002045,BCN_0002045,60+,bcn20000,2,False,5,0.010841494,0.0029451158,0.014689904,0.06657459,0.004123649,0.86028445,0.04054079,0.017910259,,0.017910259,look,0,,42,look_f0_s42_in22k_v5scr,last
ISIC_0062840,BCN_0003521,BCN_0003521,40-59,bcn20000,5,False,5,0.015647218,0.009086028,0.009078994,0.07811046,0.005002463,0.8309707,0.05210407,0.029735709,,0.029735709,look,0,,42,look_f0_s42_in22k_v5scr,last
ISIC_0062851,BCN_0004209,BCN_0004209,60+,bcn20000,1,True,1,0.08789982,0.4229538,0.008727068,0.23008384,0.16094036,0.0016881349,0.08770695,0.671794,,0.671794,look,0,,42,look_f0_s42_in22k_v5scr,last
ISIC_0062868,BCN_0001251,BCN_0001251,40-59,bcn20000,1,True,1,0.00908007,0.8930154,0.0058463365,0.048054334,0.0054456727,0.0042902543,0.03426794,0.9075411,,0.9075411,look,0,,42,look_f0_s42_in22k_v5scr,last
ISIC_0062898,BCN_0005324,BCN_0005324,<40,bcn20000,5,False,5,0.008467627,0.0051163235,0.005455601,0.060225446,0.0053071673,0.87114394,0.044283964,0.018891118,,0.018891118,look,0,,42,look_f0_s42_in22k_v5scr,last
ISIC_0062902,BCN_0001106,BCN_0001106,60+,bcn20000,1,True,4,0.009290787,0.12697397,0.0154597275,0.19393237,0.5556005,0.0009256785,0.097816974,0.69186527,,0.69186527,look,0,,42,look_f0_s42_in22k_v5scr,last
ISIC_0062993,BCN_0002033,BCN_0002033,60+,bcn20000,5,False,4,0.0034704395,0.19352233,0.0067646806,0.17058557,0.501396,0.03619419,0.08806679,0.69838876,,0.69838876,look,0,,42,look_f0_s42_in22k_v5scr,last
ISIC_0063002,BCN_0003760,BCN_0003760,<40,bcn20000,4,True,2,0.081790514,0.046383392,0.7191099,0.07177692,0.011243055,0.0036434093,0.06605284,0.13941696,,0.13941696,look,0,,42,look_f0_s42_in22k_v5scr,last
ISIC_0063068,BCN_0001512,BCN_0001512,60+,bcn20000,0,True,0,0.8816516,0.009199452,0.00892788,0.0521673,0.0046461523,0.0041411337,0.03926638,0.8954972,,0.8954972,look,0,,42,look_f0_s42_in22k_v5scr,last
ISIC_0063072,BCN_0003907,BCN_0003907,60+,bcn20000,4,True,4,0.009446113,0.017314218,0.0069860253,0.07370801,0.8379898,0.006143741,0.048412133,0.86475015,,0.86475015,look,0,,42,look_f0_s42_in22k_v5scr,last
ISIC_0063076,BCN_0005136,BCN_0005136,60+,bcn20000,2,False,0,0.9502615,0.005463162,0.005460354,0.018321056,0.0059347493,0.001718706,0.012840457,0.96165943,,0.96165943,look,0,,42,look_f0_s42_in22k_v5scr,last
ISIC_0063090,BCN_0004963,BCN_0004963,40-59,bcn20000,1,True,1,0.0076147486,0.8839478,0.0045030285,0.05111386,0.006134842,0.0068427557,0.039843068,0.8976974,,0.8976974,look,0,,42,look_f0_s42_in22k_v5scr,last
ISIC_0063099,BCN_0000168,BCN_0000168,40-59,bcn20000,5,False,5,0.014824435,0.007572255,0.008755021,0.066643104,0.003560488,0.8544549,0.044189844,0.025957178,,0.025957178,look,0,,42,look_f0_s42_in22k_v5scr,last
ISIC_0063129,BCN_0004602,BCN_0004602,60+,bcn20000,1,True,1,0.011354067,0.87471676,0.004854238,0.056470897,0.0071838317,0.004656277,0.04076392,0.8932547,,0.8932547,look,0,,42,look_f0_s42_in22k_v5scr,last
ISIC_0063130,BCN_0001615,BCN_0001615,40-59,bcn20000,4,True,4,0.0074397894,0.007855478,0.004207881,0.049477316,0.89137197,0.0030842263,0.036563396,0.90666723,,0.90666723,look,0,,42,look_f0_s42_in22k_v5scr,last
ISIC_0063134,BCN_0002258,BCN_0002258,60+,bcn20000,2,False,4,0.054178398,0.0028000716,0.05043941,0.104239024,0.7262792,0.001428531,0.06063533,0.78325766,,0.78325766,look,0,,42,look_f0_s42_in22k_v5scr,last
ISIC_0063155,BCN_0004009,BCN_0004009,60+,bcn20000,5,False,4,0.0045545585,0.004106993,0.010958031,0.08226461,0.7779313,0.0653162,0.054868262,0.78659284,,0.78659284,look,0,,42,look_f0_s42_in22k_v5scr,last
ISIC_0063163,BCN_0001699,BCN_0001699,40-59,bcn20000,2,False,4,0.017362619,0.0027849418,0.0047147158,0.035591044,0.91470057,0.0019692376,0.022876952,0.9348481,,0.9348481,look,0,,42,look_f0_s42_in22k_v5scr,last
ISIC_0063167,BCN_0002172,BCN_0002172,60+,bcn20000,1,True,1,0.007991308,0.8842321,0.008657755,0.054331537,0.006554209,0.0037457743,0.03448729,0.8987776,,0.8987776,look,0,,42,look_f0_s42_in22k_v5scr,last
ISIC_0063173,BCN_0002686,BCN_0002686,40-59,bcn20000,5,False,5,0.021788191,0.004898681,0.021033041,0.11868338,0.28133866,0.46038586,0.0918722,0.30802554,,0.30802554,look,0,,42,look_f0_s42_in22k_v5scr,last
ISIC_0063178,BCN_0000230,BCN_0000230,60+,bcn20000,0,True,1,0.0075112474,0.9019099,0.0045924834,0.0429872,0.004300615,0.0029276914,0.035770956,0.91372174,,0.91372174,look,0,,42,look_f0_s42_in22k_v5scr,last
ISIC_0063192,BCN_0004870,BCN_0004870,60+,bcn20000,1,True,1,0.0067694434,0.8492194,0.011939683,0.05197341,0.004423121,0.0035079913,0.07216695,0.86041194,,0.86041194,look,0,,42,look_f0_s42_in22k_v5scr,last
ISIC_0063195,BCN_0000828,BCN_0000828,<40,bcn20000,1,True,1,0.0076630106,0.60031104,0.0054161367,0.06786687,0.22422777,0.009589924,0.08492526,0.83220184,,0.83220184,look,0,,42,look_f0_s42_in22k_v5scr,last
ISIC_0063201,BCN_0002794,BCN_0002794,60+,bcn20000,2,False,4,0.008828916,0.0059958803,0.020533454,0.06546279,0.83535707,0.015944999,0.047876894,0.8501819,,0.8501819,look,0,,42,look_f0_s42_in22k_v5scr,last
ISIC_0063208,BCN_0005666,BCN_0005666,60+,bcn20000,4,True,4,0.007427632,0.0035464272,0.0075697387,0.06313132,0.8657834,0.00841624,0.0441253,0.87675744,,0.87675744,look,0,,42,look_f0_s42_in22k_v5scr,last
ISIC_0063239,BCN_0002171,BCN_0002171,40-59,bcn20000,5,False,5,0.009638951,0.0076814457,0.006723972,0.06655961,0.003181702,0.8616174,0.044596843,0.020502098,,0.020502098,look,0,,42,look_f0_s42_in22k_v5scr,last
ISIC_0063266,BCN_0005128,BCN_0005128,60+,bcn20000,4,True,5,0.010210097,0.006564977,0.001921556,0.058556173,0.008941073,0.8771567,0.036649384,0.025716146,,0.025716146,look,0,,42,look_f0_s42_in22k_v5scr,last
ISIC_0063274,BCN_0004855,BCN_0004855,40-59,bcn20000,1,True,1,0.06754454,0.8492908,0.0019732069,0.03461243,0.01285656,0.0018007824,0.03192166,0.92969185,,0.92969185,look,0,,42,look_f0_s42_in22k_v5scr,last
ISIC_0063281,BCN_0003316,BCN_0003316,60+,bcn20000,5,False,2,0.020388816,0.0066843503,0.32086813,0.1444527,0.10766446,0.28897223,0.11096931,0.13473763,,0.13473763,look,0,,42,look_f0_s42_in22k_v5scr,last
ISIC_0063293,BCN_0001596,BCN_0001596,60+,bcn20000,0,True,1,0.15173712,0.67965174,0.0051447484,0.09144138,0.004277528,0.006897302,0.060850147,0.83566636,,0.83566636,look,0,,42,look_f0_s42_in22k_v5scr,last
ISIC_0063301,BCN_0001106,BCN_0001106,60+,bcn20000,1,True,1,0.024475416,0.8415137,0.0057021603,0.0463495,0.021789689,0.008478509,0.051691018,0.88777876,,0.88777876,look,0,,42,look_f0_s42_in22k_v5scr,last
ISIC_0063312,BCN_0003478,BCN_0003478,<40,bcn20000,5,False,5,0.011557448,0.0080238385,0.00548207,0.06896604,0.009355458,0.8442399,0.05237528,0.028936744,,0.028936744,look,0,,42,look_f0_s42_in22k_v5scr,last
ISIC_0063337,BCN_0000577,BCN_0000577,60+,bcn20000,5,False,5,0.015527452,0.010194711,0.0076044267,0.09184519,0.021192335,0.7863886,0.067247294,0.0469145,,0.0469145,look,0,,42,look_f0_s42_in22k_v5scr,last
ISIC_0063338,BCN_0000200,BCN_0000200,60+,bcn20000,1,True,5,0.013582189,0.1811056,0.010904135,0.15033138,0.015769338,0.5442251,0.08408225,0.21045712,,0.21045712,look,0,,42,look_f0_s42_in22k_v5scr,last
ISIC_0063355,BCN_0001699,BCN_0001699,40-59,bcn20000,2,False,5,0.016115382,0.0051944545,0.005673604,0.11571372,0.23029023,0.53491426,0.09209841,0.2516001,,0.2516001,look,0,,42,look_f0_s42_in22k_v5scr,last
ISIC_0063361,BCN_0001834,BCN_0001834,60+,bcn20000,0,True,0,0.59471697,0.27466652,0.0024821342,0.07602147,0.002979756,0.0034351887,0.045698013,0.8723632,,0.8723632,look,0,,42,look_f0_s42_in22k_v5scr,last
ISIC_0063363,BCN_0002568,BCN_0002568,60+,bcn20000,0,True,2,0.015091044,0.07457029,0.7314796,0.1034923,0.0051183566,0.0051175198,0.06513086,0.09477969,,0.09477969,look,0,,42,look_f0_s42_in22k_v5scr,last
ISIC_0063369,BCN_0004066,BCN_0004066,60+,bcn20000,4,True,4,0.010564189,0.005193119,0.0055932226,0.055929262,0.8788493,0.0035072167,0.04036366,0.89460665,,0.89460665,look,0,,42,look_f0_s42_in22k_v5scr,last
ISIC_0063375,BCN_0004027,BCN_0004027,40-59,bcn20000,1,True,1,0.111689344,0.7289656,0.0012563238,0.08693007,0.004998057,0.0084117735,0.05774889,0.84565294,,0.84565294,look,0,,42,look_f0_s42_in22k_v5scr,last
ISIC_0063379,BCN_0003615,BCN_0003615,60+,bcn20000,1,True,1,0.009615463,0.8983525,0.005431289,0.04739914,0.0031081482,0.0032777018,0.032815825,0.9110761,,0.9110761,look,0,,42,look_f0_s42_in22k_v5scr,last
ISIC_0063398,BCN_0002794,BCN_0002794,60+,bcn20000,2,False,1,0.0037725645,0.64676,0.18025021,0.081510805,0.005624869,0.040315952,0.041765552,0.65615743,,0.65615743,look,0,,42,look_f0_s42_in22k_v5scr,last
ISIC_0063400,BCN_0001313,BCN_0001313,60+,bcn20000,1,True,4,0.006044433,0.0072866296,0.00595007,0.052258104,0.8905054,0.0036570444,0.03429832,0.9038364,,0.9038364,look,0,,42,look_f0_s42_in22k_v5scr,last
ISIC_0063412,BCN_0001633,BCN_0001633,<40,bcn20000,5,False,5,0.010093188,0.00694961,0.007295806,0.06615658,0.0045218095,0.85715103,0.047831953,0.021564607,,0.021564607,look,0,,42,look_f0_s42_in22k_v5scr,last
ISIC_0063434,BCN_0001633,BCN_0001633,<40,bcn20000,5,False,5,0.009145051,0.005906024,0.006345476,0.06350165,0.005142439,0.8627276,0.04723184,0.020193513,,0.020193513,look,0,,42,look_f0_s42_in22k_v5scr,last
ISIC_0063452,BCN_0003535,BCN_0003535,40-59,bcn20000,1,True,1,0.0091970945,0.86969495,0.004494844,0.058875777,0.005396509,0.014021454,0.03831942,0.88428855,,0.88428855,look,0,,42,look_f0_s42_in22k_v5scr,last
ISIC_0063458,BCN_0003751,BCN_0003751,60+,bcn20000,1,True,5,0.004347158,0.0011666751,0.0020191749,0.3940786,0.009985486,0.5119889,0.07641398,0.01549932,,0.01549932,look,0,,42,look_f0_s42_in22k_v5scr,last
ISIC_0063467,BCN_0001163,BCN_0001163,60+,bcn20000,4,True,4,0.008143626,0.0054648076,0.0049197935,0.058699407,0.8734304,0.008897501,0.040444437,0.8870388,,0.8870388,look,0,,42,look_f0_s42_in22k_v5scr,last
ISIC_0063470,BCN_0003907,BCN_0003907,60+,bcn20000,4,True,4,0.009134583,0.009284699,0.0065397327,0.05848211,0.8745557,0.002946282,0.039056852,0.892975,,0.892975,look,0,,42,look_f0_s42_in22k_v5scr,last
ISIC_0063471,BCN_0004792,BCN_0004792,40-59,bcn20000,5,False,4,0.01029401,0.004985183,0.008555873,0.08125305,0.8010312,0.03480122,0.059079483,0.81631035,,0.81631035,look,0,,42,look_f0_s42_in22k_v5scr,last
ISIC_0063475,BCN_0000444,BCN_0000444,40-59,bcn20000,4,True,4,0.009559017,0.003097801,0.0072752247,0.05306435,0.8897816,0.002454425,0.03476757,0.9024384,,0.9024384,look,0,,42,look_f0_s42_in22k_v5scr,last
ISIC_0063524,BCN_0001966,BCN_0001966,<40,bcn20000,5,False,5,0.013256497,0.009394376,0.0064427154,0.070229396,0.0042369887,0.84022605,0.056213904,0.02688786,,0.02688786,look,0,,42,look_f0_s42_in22k_v5scr,last
ISIC_0063594,BCN_0005406,BCN_0005406,<40,bcn20000,5,False,4,0.008107506,0.009462707,0.005906993,0.0889106,0.7335814,0.10197514,0.05205567,0.7511516,,0.7511516,look,0,,42,look_f0_s42_in22k_v5scr,last
ISIC_0063600,BCN_0000253,BCN_0000253,<40,bcn20000,5,False,4,0.018405067,0.010157992,0.0060307267,0.11043598,0.65773875,0.115488864,0.081742525,0.6863018,,0.6863018,look,0,,42,look_f0_s42_in22k_v5scr,last
ISIC_0063619,BCN_0000993,BCN_0000993,40-59,bcn20000,5,False,5,0.008558968,0.0060776933,0.0069577843,0.068708226,0.005760839,0.8577096,0.046226926,0.020397501,,0.020397501,look,0,,42,look_f0_s42_in22k_v5scr,last
ISIC_0063628,BCN_0000562,BCN_0000562,60+,bcn20000,5,False,5,0.0069387476,0.0073491693,0.037403267,0.07206081,0.0022298037,0.8349967,0.03902146,0.016517721,,0.016517721,look,0,,42,look_f0_s42_in22k_v5scr,last
ISIC_0063649,BCN_0005014,BCN_0005014,60+,bcn20000,1,True,1,0.0071753594,0.8795196,0.004373607,0.05533149,0.005537026,0.0059878435,0.042075153,0.892232,,0.892232,look,0,,42,look_f0_s42_in22k_v5scr,last
ISIC_0063655,BCN_0001615,BCN_0001615,40-59,bcn20000,4,True,4,0.010553413,0.0074721165,0.007339902,0.123244,0.6588054,0.110013016,0.082572185,0.6768309,,0.6768309,look,0,,42,look_f0_s42_in22k_v5scr,last
ISIC_0063674,BCN_0000257,BCN_0000257,60+,bcn20000,0,True,1,0.022645298,0.6936232,0.115905486,0.101698466,0.0033555373,0.0033810653,0.059390973,0.71962404,,0.71962404,look,0,,42,look_f0_s42_in22k_v5scr,last
ISIC_0063681,BCN_0000595,BCN_0000595,40-59,bcn20000,5,False,5,0.015731174,0.008969562,0.007917063,0.06975642,0.002692067,0.849034,0.045899667,0.027392805,,0.027392805,look,0,,42,look_f0_s42_in22k_v5scr,last
ISIC_0063693,BCN_0001694,BCN_0001694,60+,bcn20000,4,True,4,0.008507769,0.0068151685,0.00784878,0.06449015,0.8688337,0.0027329274,0.04077141,0.88415664,,0.88415664,look,0,,42,look_f0_s42_in22k_v5scr,last
ISIC_0063701,BCN_0002688,BCN_0002688,40-59,bcn20000,6,False,6,0.0007097763,0.002259626,0.0007022511,0.010188138,0.0021326658,0.0005589327,0.9834487,0.005102068,,0.005102068,look,0,,42,look_f0_s42_in22k_v5scr,last
ISIC_0063726,BCN_0005519,BCN_0005519,60+,bcn20000,1,True,1,0.00978627,0.8598947,0.0071476614,0.06560355,0.0046018283,0.003834076,0.049131975,0.8742828,,0.8742828,look,0,,42,look_f0_s42_in22k_v5scr,last
ISIC_0063758,BCN_0005038,BCN_0005038,60+,bcn20000,2,False,2,0.0076405928,0.0034704732,0.9006653,0.044828933,0.0035891833,0.0027277218,0.03707781,0.014700249,,0.014700249,look,0,,42,look_f0_s42_in22k_v5scr,last
ISIC_0063793,BCN_0004066,BCN_0004066,60+,bcn20000,4,True,1,0.06880904,0.7708932,0.012052974,0.0696364,0.020121953,0.006160256,0.052326214,0.8598242,,0.8598242,look,0,,42,look_f0_s42_in22k_v5scr,last
ISIC_0063811,BCN_0000444,BCN_0000444,40-59,bcn20000,4,True,4,0.00962921,0.0058289706,0.0059293555,0.06583333,0.8679664,0.0027173117,0.04209543,0.8834246,,0.8834246,look,0,,42,look_f0_s42_in22k_v5scr,last
ISIC_0063819,BCN_0005666,BCN_0005666,60+,bcn20000,4,True,4,0.0067519112,0.0031103478,0.015097711,0.062213853,0.8544517,0.012292761,0.046081726,0.86431396,,0.86431396,look,0,,42,look_f0_s42_in22k_v5scr,last
ISIC_0063835,BCN_0000841,BCN_0000841,40-59,bcn20000,5,False,5,0.010432055,0.006596283,0.0065760273,0.07015737,0.0042834915,0.8538603,0.048094463,0.02131183,,0.02131183,look,0,,42,look_f0_s42_in22k_v5scr,last
ISIC_0063836,BCN_0003760,BCN_0003760,<40,bcn20000,4,True,2,0.02132508,0.005151824,0.8625136,0.049528655,0.020641973,0.0028419886,0.0379969,0.04711888,,0.04711888,look,0,,42,look_f0_s42_in22k_v5scr,last
ISIC_0063838,BCN_0002684,BCN_0002684,40-59,bcn20000,5,False,5,0.014933423,0.009374886,0.0072080665,0.07846165,0.004495451,0.82987607,0.05565047,0.02880376,,0.02880376,look,0,,42,look_f0_s42_in22k_v5scr,last
ISIC_0063865,BCN_0004027,BCN_0004027,40-59,bcn20000,1,True,1,0.01044475,0.90217733,0.0027120626,0.050275575,0.0026857203,0.002897154,0.028807463,0.9153078,,0.9153078,look,0,,42,look_f0_s42_in22k_v5scr,last
ISIC_0063868,BCN_0003360,BCN_0003360,60+,bcn20000,2,False,5,0.011610035,0.0075382525,0.034942623,0.06876469,0.0037265895,0.8286398,0.044778008,0.022874877,,0.022874877,look,0,,42,look_f0_s42_in22k_v5scr,last
ISIC_0063876,BCN_0004456,BCN_0004456,40-59,bcn20000,5,False,5,0.008553494,0.005055247,0.009894843,0.06626131,0.0069262893,0.8579057,0.0454031,0.02053503,,0.02053503,look,0,,42,look_f0_s42_in22k_v5scr,last
ISIC_0063885,BCN_0001458,BCN_0001458,60+,bcn20000,4,True,0,0.95516104,0.0027997848,0.0012974947,0.019341342,0.0038146272,0.0020741075,0.015511579,0.9617755,,0.9617755,look,0,,42,look_f0_s42_in22k_v5scr,last
ISIC_0063888,BCN_0004174,BCN_0004174,60+,bcn20000,2,False,2,0.0668088,0.0026904563,0.79924357,0.062409177,0.0050595757,0.010857207,0.052931175,0.07455883,,0.07455883,look,0,,42,look_f0_s42_in22k_v5scr,last
ISIC_0063919,BCN_0004190,BCN_0004190,<40,bcn20000,5,False,5,0.008114311,0.015145758,0.008578786,0.070465125,0.007867207,0.8429635,0.046865363,0.031127274,,0.031127274,look,0,,42,look_f0_s42_in22k_v5scr,last
ISIC_0063951,BCN_0004792,BCN_0004792,40-59,bcn20000,5,False,4,0.01033205,0.0047946824,0.007095576,0.06461349,0.8601539,0.0065797623,0.046430483,0.8752806,,0.8752806,look,0,,42,look_f0_s42_in22k_v5scr,last
ISIC_0063969,BCN_0001223,BCN_0001223,40-59,bcn20000,2,False,2,0.007625561,0.0054389536,0.8945389,0.047155112,0.0063665966,0.00467206,0.034202747,0.01943111,,0.01943111,look,0,,42,look_f0_s42_in22k_v5scr,last
ISIC_0063998,BCN_0005666,BCN_0005666,60+,bcn20000,4,True,4,0.0063769277,0.0025123963,0.009912419,0.043631766,0.8984209,0.0043103313,0.034835245,0.9073102,,0.9073102,look,0,,42,look_f0_s42_in22k_v5scr,last
ISIC_0063999,BCN_0003487,BCN_0003487,40-59,bcn20000,1,True,1,0.012983655,0.89293325,0.005798147,0.04766052,0.0035529812,0.0023956974,0.034675784,0.9094699,,0.9094699,look,0,,42,look_f0_s42_in22k_v5scr,last
ISIC_0064020,BCN_0001941,BCN_0001941,60+,bcn20000,5,False,1,0.0066350857,0.75574106,0.003345033,0.08861831,0.013517063,0.09158317,0.04056028,0.7758932,,0.7758932,look,0,,42,look_f0_s42_in22k_v5scr,last
ISIC_0064022,BCN_0001775,BCN_0001775,60+,bcn20000,0,True,2,0.022931956,0.011184182,0.8693205,0.057162806,0.0020586853,0.0062090214,0.031132897,0.036174823,,0.036174823,look,0,,42,look_f0_s42_in22k_v5scr,last
ISIC_0064048,BCN_0002684,BCN_0002684,40-59,bcn20000,5,False,5,0.012003051,0.008487918,0.0062704906,0.06905632,0.0059671914,0.8506825,0.04753246,0.026458163,,0.026458163,look,0,,42,look_f0_s42_in22k_v5scr,last
ISIC_0064101,BCN_0003096,BCN_0003096,60+,bcn20000,1,True,1,0.036808625,0.8551074,0.008502195,0.051963013,0.0027670518,0.0023257176,0.04252609,0.89468306,,0.89468306,look,0,,42,look_f0_s42_in22k_v5scr,last
ISIC_0064102,BCN_0004654,BCN_0004654,40-59,bcn20000,4,True,5,0.010381835,0.0042602513,0.007997972,0.08770589,0.042691585,0.78709203,0.059870362,0.05733367,,0.05733367,look,0,,42,look_f0_s42_in22k_v5scr,last
ISIC_0064120,BCN_0000627,BCN_0000627,60+,bcn20000,4,True,4,0.0067376215,0.0054805004,0.00693835,0.04495247,0.8986517,0.0050794985,0.032159932,0.91086984,,0.91086984,look,0,,42,look_f0_s42_in22k_v5scr,last
ISIC_0064162,BCN_0003889,BCN_0003889,60+,bcn20000,1,True,1,0.008374881,0.8838642,0.0054642856,0.057115022,0.0066223945,0.0038415852,0.034717567,0.89886147,,0.89886147,look,0,,42,look_f0_s42_in22k_v5scr,last
ISIC_0064167,BCN_0001085,BCN_0001085,60+,bcn20000,4,True,4,0.006462567,0.0037743668,0.004497985,0.05070739,0.8950892,0.0053863716,0.034082085,0.9053261,,0.9053261,look,0,,42,look_f0_s42_in22k_v5scr,last
ISIC_0064193,BCN_0002171,BCN_0002171,40-59,bcn20000,5,False,5,0.009424081,0.0067576705,0.006647039,0.06774412,0.0044333735,0.8578814,0.047112364,0.020615125,,0.020615125,look,0,,42,look_f0_s42_in22k_v5scr,last
ISIC_0064240,BCN_0002577,BCN_0002577,40-59,bcn20000,4,True,4,0.005387707,0.0052176067,0.004489283,0.052580323,0.89104617,0.0028547433,0.03842415,0.9016515,,0.9016515,look,0,,42,look_f0_s42_in22k_v5scr,last
ISIC_0064259,BCN_0004021,BCN_0004021,<40,bcn20000,5,False,5,0.02250144,0.013963601,0.007953697,0.08503978,0.0038416695,0.8161571,0.05054274,0.04030671,,0.04030671,look,0,,42,look_f0_s42_in22k_v5scr,last
ISIC_0064263,BCN_0003568,BCN_0003568,<40,bcn20000,5,False,5,0.0063379263,0.0025050123,0.031634193,0.068327494,0.025525792,0.8181177,0.04755196,0.03436873,,0.03436873,look,0,,42,look_f0_s42_in22k_v5scr,last
ISIC_0064264,BCN_0002794,BCN_0002794,60+,bcn20000,2,False,1,0.080870785,0.8441448,0.0012070064,0.038101982,0.008468823,0.00078243884,0.02642421,0.93348444,,0.93348444,look,0,,42,look_f0_s42_in22k_v5scr,last
ISIC_0064275,BCN_0001370,BCN_0001370,40-59,bcn20000,5,False,5,0.013282088,0.0077862563,0.0077002826,0.07783671,0.003047973,0.8425473,0.04779942,0.024116317,,0.024116317,look,0,,42,look_f0_s42_in22k_v5scr,last
ISIC_0064284,BCN_0005516,BCN_0005516,40-59,bcn20000,5,False,5,0.014357406,0.007980365,0.021196026,0.11251747,0.2231786,0.53839016,0.08237995,0.24551636,,0.24551636,look,0,,42,look_f0_s42_in22k_v5scr,last
ISIC_0064304,BCN_0002740,BCN_0002740,<40,bcn20000,5,False,5,0.007748753,0.0047050673,0.00486795,0.06687195,0.005796501,0.86429495,0.045714866,0.018250322,,0.018250322,look,0,,42,look_f0_s42_in22k_v5scr,last
ISIC_0064307,BCN_0002548,BCN_0002548,60+,bcn20000,4,True,5,0.010226604,0.0068933466,0.007153636,0.072506376,0.015796922,0.8347396,0.05268342,0.032916874,,0.032916874,look,0,,42,look_f0_s42_in22k_v5scr,last
ISIC_0064316,BCN_0005308,BCN_0005308,40-59,bcn20000,5,False,5,0.013864541,0.006757959,0.022153782,0.077189095,0.025063982,0.81814367,0.036826894,0.045686483,,0.045686483,look,0,,42,look_f0_s42_in22k_v5scr,last
ISIC_0064337,BCN_0004654,BCN_0004654,40-59,bcn20000,4,True,4,0.00642293,0.0033023492,0.0049939677,0.052277792,0.8718634,0.027035495,0.03410398,0.8815887,,0.8815887,look,0,,42,look_f0_s42_in22k_v5scr,last
ISIC_0064342,BCN_0004631,BCN_0004631,40-59,bcn20000,4,True,5,0.014598857,0.008743633,0.0055668377,0.062938906,0.009343384,0.8544455,0.044362824,0.032685876,,0.032685876,look,0,,42,look_f0_s42_in22k_v5scr,last
ISIC_0064344,BCN_0004254,BCN_0004254,40-59,bcn20000,4,True,5,0.007869068,0.0051931664,0.0036717874,0.057881575,0.008766256,0.87149006,0.045128092,0.021828491,,0.021828491,look,0,,42,look_f0_s42_in22k_v5scr,last
ISIC_0064347,BCN_0003101,BCN_0003101,60+,bcn20000,0,True,1,0.18801776,0.43719372,0.07765496,0.16782102,0.0098285675,0.0012955777,0.11818838,0.63504004,,0.63504004,look,0,,42,look_f0_s42_in22k_v5scr,last
ISIC_0064351,BCN_0002664,BCN_0002664,60+,bcn20000,1,True,1,0.008074614,0.89910614,0.004189276,0.04696548,0.004782392,0.0033081565,0.033573918,0.91196316,,0.91196316,look,0,,42,look_f0_s42_in22k_v5scr,last
ISIC_0064416,BCN_0003760,BCN_0003760,<40,bcn20000,4,True,1,0.007797253,0.8198784,0.05153242,0.05763382,0.012585586,0.003021199,0.047551326,0.8402612,,0.8402612,look,0,,42,look_f0_s42_in22k_v5scr,last
ISIC_0064452,BCN_0001313,BCN_0001313,60+,bcn20000,1,True,4,0.0049523804,0.034194645,0.0071035204,0.08192293,0.8162885,0.0036482313,0.051889863,0.8554355,,0.8554355,look,0,,42,look_f0_s42_in22k_v5scr,last
ISIC_0064474,BCN_0002324,BCN_0002324,60+,bcn20000,2,False,2,0.030657962,0.021133527,0.47492802,0.21097331,0.057000015,0.12626064,0.07904656,0.1087915,,0.1087915,look,0,,42,look_f0_s42_in22k_v5scr,last
ISIC_0064517,BCN_0003084,BCN_0003084,40-59,bcn20000,4,True,4,0.004407586,0.0019860724,0.0028601936,0.028640574,0.93453234,0.0041160006,0.023457244,0.940926,,0.940926,look,0,,42,look_f0_s42_in22k_v5scr,last
ISIC_0064548,BCN_0003316,BCN_0003316,60+,bcn20000,5,False,5,0.017843192,0.013224214,0.011642561,0.13876697,0.083773844,0.6490888,0.085660465,0.11484125,,0.11484125,look,0,,42,look_f0_s42_in22k_v5scr,last
ISIC_0064613,BCN_0000185,BCN_0000185,40-59,bcn20000,5,False,5,0.009959988,0.005763203,0.005607042,0.06521169,0.0031402213,0.8659257,0.044392034,0.018863413,,0.018863413,look,0,,42,look_f0_s42_in22k_v5scr,last
ISIC_0064660,BCN_0000618,BCN_0000618,60+,bcn20000,4,True,0,0.77425754,0.007432967,0.09992493,0.06786516,0.006306226,0.0024208194,0.041792426,0.7879967,,0.7879967,look,0,,42,look_f0_s42_in22k_v5scr,last
ISIC_0064671,BCN_0004420,BCN_0004420,40-59,bcn20000,5,False,5,0.0100734215,0.006898083,0.00632982,0.063169055,0.004743152,0.86289304,0.04589341,0.021714656,,0.021714656,look,0,,42,look_f0_s42_in22k_v5scr,last
ISIC_0064672,BCN_0003084,BCN_0003084,40-59,bcn20000,4,True,5,0.0039887656,0.0027145317,0.06906436,0.06995994,0.04328141,0.7594775,0.051513523,0.04998471,,0.04998471,look,0,,42,look_f0_s42_in22k_v5scr,last
ISIC_0064673,BCN_0003760,BCN_0003760,<40,bcn20000,4,True,2,0.023520712,0.0044089276,0.8605597,0.053105075,0.013753331,0.0061522718,0.03849998,0.04168297,,0.04168297,look,0,,42,look_f0_s42_in22k_v5scr,last
ISIC_0064678,BCN_0004174,BCN_0004174,60+,bcn20000,2,False,2,0.0033041413,0.0043823193,0.90023834,0.047429495,0.008046073,0.0052855294,0.03131402,0.015732534,,0.015732534,look,0,,42,look_f0_s42_in22k_v5scr,last
ISIC_0064694,BCN_0001470,BCN_0001470,unknown,bcn20000,4,True,4,0.007103864,0.0064133797,0.019018048,0.076490365,0.80557734,0.029119793,0.05627718,0.8190946,,0.8190946,look,0,,42,look_f0_s42_in22k_v5scr,last
ISIC_0064695,BCN_0000693,BCN_0000693,60+,bcn20000,2,False,1,0.027445609,0.39334008,0.20099546,0.12091449,0.005588765,0.122043364,0.12967218,0.42637447,,0.42637447,look,0,,42,look_f0_s42_in22k_v5scr,last
ISIC_0064699,BCN_0004870,BCN_0004870,60+,bcn20000,1,True,1,0.006312495,0.8772084,0.006339613,0.045704737,0.0039297687,0.0026522349,0.057852764,0.8874507,,0.8874507,look,0,,42,look_f0_s42_in22k_v5scr,last
ISIC_0064707,BCN_0005406,BCN_0005406,<40,bcn20000,5,False,5,0.004099542,0.010086117,0.0016970943,0.10113105,0.01927008,0.8281745,0.035541665,0.033455737,,0.033455737,look,0,,42,look_f0_s42_in22k_v5scr,last
ISIC_0064710,BCN_0002841,BCN_0002841,40-59,bcn20000,5,False,5,0.014723767,0.020137321,0.006702935,0.08040772,0.0025634859,0.8221427,0.053322107,0.03742457,,0.03742457,look,0,,42,look_f0_s42_in22k_v5scr,last
ISIC_0064725,BCN_0005519,BCN_0005519,60+,bcn20000,1,True,1,0.042475432,0.8224413,0.0137741985,0.07143016,0.003728789,0.008334285,0.037815917,0.8686455,,0.8686455,look,0,,42,look_f0_s42_in22k_v5scr,last
ISIC_0064741,BCN_0000693,BCN_0000693,60+,bcn20000,2,False,5,0.06867933,0.1887209,0.06925392,0.11512675,0.008149014,0.42279726,0.12727283,0.26554924,,0.26554924,look,0,,42,look_f0_s42_in22k_v5scr,last
ISIC_0064782,BCN_0005308,BCN_0005308,40-59,bcn20000,5,False,5,0.005714227,0.0037488935,0.004171002,0.07115924,0.0073938253,0.8560909,0.051721904,0.016856946,,0.016856946,look,0,,42,look_f0_s42_in22k_v5scr,last
ISIC_0064808,BCN_0002125,BCN_0002125,60+,bcn20000,5,False,5,0.0122453645,0.0074635213,0.0076727816,0.07020981,0.005015643,0.8471574,0.050235488,0.02472453,,0.02472453,look,0,,42,look_f0_s42_in22k_v5scr,last
ISIC_0064820,BCN_0005363,BCN_0005363,<40,bcn20000,5,False,5,0.0093242265,0.006106792,0.0052540265,0.06193162,0.0045967703,0.86632806,0.04645838,0.020027788,,0.020027788,look,0,,42,look_f0_s42_in22k_v5scr,last
ISIC_0064883,BCN_0003706,BCN_0003706,40-59,bcn20000,2,False,2,0.0037711614,0.0066054505,0.8964045,0.040156156,0.002709726,0.015001123,0.035351858,0.013086338,,0.013086338,look,0,,42,look_f0_s42_in22k_v5scr,last
ISIC_0064899,BCN_0004145,BCN_0004145,60+,bcn20000,1,True,1,0.007764105,0.87233526,0.005482527,0.057512447,0.0052143265,0.008724708,0.04296658,0.8853137,,0.8853137,look,0,,42,look_f0_s42_in22k_v5scr,last
ISIC_0064927,BCN_0002079,BCN_0002079,40-59,bcn20000,4,True,4,0.011036625,0.007363186,0.0072828424,0.06532137,0.8638603,0.0032689604,0.041866664,0.88226014,,0.88226014,look,0,,42,look_f0_s42_in22k_v5scr,last
ISIC_0064934,BCN_0001694,BCN_0001694,60+,bcn20000,4,True,4,0.01332586,0.008591797,0.0113875065,0.15811472,0.40970668,0.29230103,0.10657245,0.43162435,,0.43162435,look,0,,42,look_f0_s42_in22k_v5scr,last
ISIC_0064937,BCN_0004420,BCN_0004420,40-59,bcn20000,5,False,5,0.009492625,0.0046329056,0.007381007,0.065836556,0.0054547517,0.8634187,0.043783512,0.019580282,,0.019580282,look,0,,42,look_f0_s42_in22k_v5scr,last
ISIC_0064951,BCN_0000927,BCN_0000927,60+,bcn20000,0,True,0,0.8357638,0.004162541,0.024698399,0.07463093,0.007562513,0.0033327427,0.04984914,0.8474889,,0.8474889,look,0,,42,look_f0_s42_in22k_v5scr,last
ISIC_0064986,BCN_0001729,BCN_0001729,60+,bcn20000,4,True,4,0.00953728,0.007832021,0.0069516823,0.06250554,0.8224649,0.0061111185,0.08459748,0.8398342,,0.8398342,look,0,,42,look_f0_s42_in22k_v5scr,last
ISIC_0064988,BCN_0001602,BCN_0001602,40-59,bcn20000,5,False,5,0.008955707,0.0058601513,0.008287088,0.065319344,0.0073733986,0.8586426,0.045561753,0.022189256,,0.022189256,look,0,,42,look_f0_s42_in22k_v5scr,last
ISIC_0064993,BCN_0002214,BCN_0002214,60+,bcn20000,4,True,5,0.006595276,0.0037110746,0.003271974,0.05616149,0.0076848688,0.8844607,0.038114667,0.017991219,,0.017991219,look,0,,42,look_f0_s42_in22k_v5scr,last
ISIC_0064994,BCN_0000789,BCN_0000789,<40,bcn20000,5,False,5,0.00864737,0.0057532284,0.0068359114,0.06567527,0.0053841006,0.860752,0.04695211,0.0197847,,0.0197847,look,0,,42,look_f0_s42_in22k_v5scr,last
ISIC_0065006,BCN_0002614,BCN_0002614,40-59,bcn20000,4,True,0,0.31350133,0.0015714064,0.04661966,0.1539761,0.26630157,0.072205156,0.14582478,0.5813743,,0.5813743,look,0,,42,look_f0_s42_in22k_v5scr,last
ISIC_0065057,BCN_0000618,BCN_0000618,60+,bcn20000,4,True,4,0.004503193,0.01605748,0.0072161662,0.057010625,0.8727308,0.00949761,0.032984145,0.8932915,,0.8932915,look,0,,42,look_f0_s42_in22k_v5scr,last
ISIC_0065067,BCN_0003316,BCN_0003316,60+,bcn20000,5,False,4,0.0070404103,0.005732037,0.0076415567,0.05819664,0.8767575,0.007192836,0.037438948,0.88952994,,0.88952994,look,0,,42,look_f0_s42_in22k_v5scr,last
ISIC_0065072,BCN_0000764,BCN_0000764,40-59,bcn20000,5,False,5,0.014770196,0.009702975,0.008046791,0.08291594,0.0047214213,0.82733995,0.05250265,0.029194593,,0.029194593,look,0,,42,look_f0_s42_in22k_v5scr,last
ISIC_0065077,BCN_0003598,BCN_0003598,40-59,bcn20000,1,True,1,0.009438924,0.6776803,0.11415365,0.07949318,0.0056866365,0.019534659,0.09401261,0.6928059,,0.6928059,look,0,,42,look_f0_s42_in22k_v5scr,last
ISIC_0065087,BCN_0000693,BCN_0000693,60+,bcn20000,2,False,2,0.012236971,0.0029896598,0.8520697,0.043025333,0.006616177,0.019032856,0.06402932,0.021842808,,0.021842808,look,0,,42,look_f0_s42_in22k_v5scr,last
ISIC_0065133,BCN_0000319,BCN_0000319,60+,bcn20000,4,True,2,0.014226641,0.041049026,0.8075194,0.066768646,0.017505733,0.0018586543,0.051071897,0.0727814,,0.0727814,look,0,,42,look_f0_s42_in22k_v5scr,last
ISIC_0065137,BCN_0001941,BCN_0001941,60+,bcn20000,5,False,5,0.019607795,0.009983402,0.0061620637,0.07592314,0.0036827314,0.8325673,0.052073516,0.033273928,,0.033273928,look,0,,42,look_f0_s42_in22k_v5scr,last
ISIC_0065174,BCN_0003889,BCN_0003889,60+,bcn20000,1,True,1,0.011116769,0.88111717,0.0030190884,0.057197828,0.00708773,0.010409197,0.030052196,0.8993216,,0.8993216,look,0,,42,look_f0_s42_in22k_v5scr,last
ISIC_0065227,BCN_0005046,BCN_0005046,60+,bcn20000,1,True,1,0.006381546,0.7500006,0.0057097366,0.14105563,0.040356766,0.010734336,0.045761444,0.7967389,,0.7967389,look,0,,42,look_f0_s42_in22k_v5scr,last
ISIC_0065231,BCN_0002064,BCN_0002064,60+,bcn20000,1,True,1,0.07486327,0.80570656,0.005813994,0.056182817,0.0045037316,0.002343928,0.050585702,0.88507354,,0.88507354,look,0,,42,look_f0_s42_in22k_v5scr,last
ISIC_0065269,BCN_0004190,BCN_0004190,<40,bcn20000,5,False,5,0.007874919,0.016405584,0.01746474,0.065306716,0.009532666,0.8472167,0.036198683,0.03381317,,0.03381317,look,0,,42,look_f0_s42_in22k_v5scr,last
ISIC_0065290,BCN_0003718,BCN_0003718,40-59,bcn20000,5,False,5,0.010625597,0.0064680553,0.005487023,0.07209956,0.014636791,0.8414081,0.049274895,0.031730443,,0.031730443,look,0,,42,look_f0_s42_in22k_v5scr,last
ISIC_0065298,BCN_0001091,BCN_0001091,60+,bcn20000,1,True,1,0.0209422,0.87870765,0.0025389877,0.04773732,0.015222722,0.0013943434,0.033456787,0.9148726,,0.9148726,look,0,,42,look_f0_s42_in22k_v5scr,last
ISIC_0065315,BCN_0003907,BCN_0003907,60+,bcn20000,4,True,4,0.006630488,0.005916905,0.004892049,0.048541088,0.89858073,0.00328397,0.032154802,0.9111281,,0.9111281,look,0,,42,look_f0_s42_in22k_v5scr,last
ISIC_0065324,BCN_0005666,BCN_0005666,60+,bcn20000,4,True,4,0.0072371876,0.0064949035,0.0049422546,0.053347267,0.88424873,0.005261512,0.03846816,0.8979808,,0.8979808,look,0,,42,look_f0_s42_in22k_v5scr,last
ISIC_0065326,BCN_0001143,BCN_0001143,40-59,bcn20000,0,True,0,0.7105999,0.016898934,0.02506464,0.08664831,0.004602431,0.095404424,0.06078131,0.73210126,,0.73210126,look,0,,42,look_f0_s42_in22k_v5scr,last
ISIC_0065345,BCN_0003709,BCN_0003709,60+,bcn20000,1,True,1,0.010158323,0.90312386,0.0047691436,0.04670322,0.004456188,0.0022299406,0.028559316,0.9177383,,0.9177383,look,0,,42,look_f0_s42_in22k_v5scr,last
ISIC_0065366,BCN_0003715,BCN_0003715,<40,bcn20000,2,False,1,0.020837575,0.8853352,0.0043001547,0.048441865,0.013297029,0.0030003705,0.02478769,0.9194698,,0.9194698,look,0,,42,look_f0_s42_in22k_v5scr,last
ISIC_0065387,BCN_0003326,BCN_0003326,60+,bcn20000,2,False,0,0.5721852,0.03672433,0.16907418,0.13263713,0.009396552,0.0045728604,0.075409725,0.6183061,,0.6183061,look,0,,42,look_f0_s42_in22k_v5scr,last
ISIC_0065391,BCN_0001749,BCN_0001749,60+,bcn20000,1,True,1,0.010316481,0.8840879,0.0059368405,0.054100655,0.0046451627,0.003426371,0.03748666,0.8990496,,0.8990496,look,0,,42,look_f0_s42_in22k_v5scr,last
ISIC_0065394,BCN_0004175,BCN_0004175,40-59,bcn20000,5,False,5,0.0073959334,0.007020818,0.0052683786,0.060876682,0.0075360173,0.86357456,0.04832759,0.021952769,,0.021952769,look,0,,42,look_f0_s42_in22k_v5scr,last
ISIC_0065399,BCN_0002157,BCN_0002157,60+,bcn20000,2,False,5,0.00759244,0.007993224,0.014635486,0.06323082,0.0123084765,0.847279,0.046960484,0.027894141,,0.027894141,look,0,,42,look_f0_s42_in22k_v5scr,last
ISIC_0065403,BCN_0001423,BCN_0001423,40-59,bcn20000,5,False,5,0.009724524,0.0052630245,0.0048392746,0.07048025,0.014438364,0.84992737,0.045327097,0.029425912,,0.029425912,look,0,,42,look_f0_s42_in22k_v5scr,last
ISIC_0065431,BCN_0004066,BCN_0004066,60+,bcn20000,4,True,0,0.94158846,0.016945465,0.0008948084,0.02009256,0.0028517162,0.0010163535,0.016610682,0.96138567,,0.96138567,look,0,,42,look_f0_s42_in22k_v5scr,last
ISIC_0065432,BCN_0001038,BCN_0001038,60+,bcn20000,1,True,0,0.8854133,0.035419002,0.0011705932,0.041157875,0.0088991,0.0034837783,0.024456358,0.92973137,,0.92973137,look,0,,42,look_f0_s42_in22k_v5scr,last
ISIC_0065441,BCN_0001356,BCN_0001356,40-59,bcn20000,5,False,5,0.0073900735,0.0073768077,0.0043909517,0.074368596,0.0054822345,0.8608721,0.040119283,0.020249115,,0.020249115,look,0,,42,look_f0_s42_in22k_v5scr,last
ISIC_0065469,BCN_0001832,BCN_0001832,40-59,bcn20000,4,True,4,0.01343985,0.018009137,0.061971,0.10933525,0.7206967,0.0066671404,0.06988099,0.75214565,,0.75214565,look,0,,42,look_f0_s42_in22k_v5scr,last
ISIC_0065517,BCN_0000993,BCN_0000993,40-59,bcn20000,5,False,5,0.00952198,0.0058106994,0.006754961,0.0691989,0.0061365203,0.8558347,0.046742134,0.0214692,,0.0214692,look,0,,42,look_f0_s42_in22k_v5scr,last
ISIC_0065532,BCN_0001814,BCN_0001814,60+,bcn20000,4,True,4,0.009662314,0.0055341576,0.12129196,0.09170986,0.70266956,0.009197858,0.059934344,0.71786606,,0.71786606,look,0,,42,look_f0_s42_in22k_v5scr,last
ISIC_0065547,BCN_0000230,BCN_0000230,60+,bcn20000,0,True,1,0.012876178,0.8860875,0.0042619794,0.052780826,0.006872513,0.0031618504,0.033959262,0.90583616,,0.90583616,look,0,,42,look_f0_s42_in22k_v5scr,last
ISIC_0065563,BCN_0000886,BCN_0000886,60+,bcn20000,5,False,5,0.010750158,0.0055323,0.004714152,0.067786686,0.012684774,0.854139,0.044392966,0.028967232,,0.028967232,look,0,,42,look_f0_s42_in22k_v5scr,last
ISIC_0065578,BCN_0003277,BCN_0003277,40-59,bcn20000,5,False,4,0.0045281365,0.0052053435,0.0046485625,0.09116496,0.81665546,0.031272747,0.046524778,0.82638896,,0.82638896,look,0,,42,look_f0_s42_in22k_v5scr,last
ISIC_0065590,BCN_0000822,BCN_0000822,60+,bcn20000,4,True,4,0.0073603312,0.00452148,0.00963809,0.10426922,0.6904666,0.11968215,0.06406221,0.7023484,,0.7023484,look,0,,42,look_f0_s42_in22k_v5scr,last
ISIC_0065593,BCN_0001371,BCN_0001371,40-59,bcn20000,5,False,5,0.0110515,0.0059861005,0.0057900436,0.067809746,0.0064242287,0.85500747,0.04793089,0.02346183,,0.02346183,look,0,,42,look_f0_s42_in22k_v5scr,last
ISIC_0065631,BCN_0003715,BCN_0003715,<40,bcn20000,2,False,2,0.0071917516,0.0055883634,0.85942477,0.056651518,0.007691831,0.024971485,0.038480196,0.020471945,,0.020471945,look,0,,42,look_f0_s42_in22k_v5scr,last
ISIC_0065632,BCN_0001699,BCN_0001699,40-59,bcn20000,2,False,5,0.0152451815,0.0096584,0.011423931,0.1581758,0.29982722,0.4043804,0.10128903,0.3247308,,0.3247308,look,0,,42,look_f0_s42_in22k_v5scr,last
ISIC_0065640,BCN_0001356,BCN_0001356,40-59,bcn20000,5,False,5,0.015094842,0.008397872,0.0068901824,0.072085135,0.0054746093,0.8462261,0.045831222,0.02896732,,0.02896732,look,0,,42,look_f0_s42_in22k_v5scr,last
ISIC_0065654,BCN_0004420,BCN_0004420,40-59,bcn20000,5,False,5,0.011323265,0.005567779,0.0072050253,0.06719594,0.0057364856,0.8557787,0.047192905,0.022627529,,0.022627529,look,0,,42,look_f0_s42_in22k_v5scr,last
ISIC_0065655,BCN_0005666,BCN_0005666,60+,bcn20000,4,True,4,0.006945409,0.0025731488,0.008564432,0.060106568,0.86406845,0.013238767,0.04450319,0.873587,,0.873587,look,0,,42,look_f0_s42_in22k_v5scr,last
ISIC_0065681,BCN_0000652,BCN_0000652,60+,bcn20000,4,True,2,0.005121948,0.0038578718,0.906393,0.045917884,0.00424592,0.0016491646,0.03281431,0.01322574,,0.01322574,look,0,,42,look_f0_s42_in22k_v5scr,last
ISIC_0065701,BCN_0004139,BCN_0004139,40-59,bcn20000,2,False,2,0.038019054,0.0022912384,0.81232154,0.06342273,0.0080879815,0.03265663,0.043200783,0.048398275,,0.048398275,look,0,,42,look_f0_s42_in22k_v5scr,last
ISIC_0065722,BCN_0002235,BCN_0002235,60+,bcn20000,5,False,5,0.0157621,0.011023066,0.008248938,0.07707766,0.005572094,0.8209326,0.061383545,0.03235726,,0.03235726,look,0,,42,look_f0_s42_in22k_v5scr,last
ISIC_0065751,BCN_0004274,BCN_0004274,60+,bcn20000,1,True,3,0.026659792,0.18688458,0.27669045,0.33525798,0.045925625,0.0015039706,0.12707758,0.25947,,0.25947,look,0,,42,look_f0_s42_in22k_v5scr,last
ISIC_0065771,BCN_0002013,BCN_0002013,60+,bcn20000,1,True,1,0.0168478,0.88606626,0.0059496523,0.04542601,0.0039944095,0.0030259609,0.038689904,0.90690845,,0.90690845,look,0,,42,look_f0_s42_in22k_v5scr,last
ISIC_0065807,BCN_0000319,BCN_0000319,60+,bcn20000,4,True,4,0.007165475,0.009611229,0.021438379,0.066602804,0.8434173,0.003819464,0.047945343,0.86019397,,0.86019397,look,0,,42,look_f0_s42_in22k_v5scr,last
ISIC_0065820,BCN_0004845,BCN_0004845,40-59,bcn20000,5,False,5,0.007932059,0.004087371,0.0056952816,0.06939918,0.0045257877,0.8644989,0.043861423,0.016545217,,0.016545217,look,0,,42,look_f0_s42_in22k_v5scr,last
ISIC_0065821,BCN_0005133,BCN_0005133,60+,bcn20000,2,False,2,0.012345422,0.087413415,0.7339433,0.08833952,0.004942989,0.007936705,0.06507855,0.104701824,,0.104701824,look,0,,42,look_f0_s42_in22k_v5scr,last
ISIC_0065835,BCN_0001500,BCN_0001500,60+,bcn20000,1,True,1,0.011040768,0.8821481,0.004967983,0.05721372,0.0042631333,0.0034353763,0.036931,0.897452,,0.897452,look,0,,42,look_f0_s42_in22k_v5scr,last
ISIC_0065838,BCN_0004153,BCN_0004153,60+,bcn20000,0,True,5,0.005901376,0.008830538,0.0082366755,0.05853302,0.0045160037,0.8809468,0.033035554,0.019247917,,0.019247917,look,0,,42,look_f0_s42_in22k_v5scr,last
ISIC_0065841,BCN_0003277,BCN_0003277,40-59,bcn20000,5,False,5,0.014864527,0.0063817063,0.012312625,0.10051182,0.39295995,0.39479548,0.07817386,0.41420618,,0.41420618,look,0,,42,look_f0_s42_in22k_v5scr,last
ISIC_0065848,BCN_0004432,BCN_0004432,60+,bcn20000,1,True,1,0.017330235,0.89646024,0.005105402,0.04173112,0.003503665,0.0019949875,0.03387437,0.91729414,,0.91729414,look,0,,42,look_f0_s42_in22k_v5scr,last
ISIC_0065849,BCN_0001804,BCN_0001804,60+,bcn20000,1,True,0,0.9149374,0.026527613,0.0044287425,0.026902374,0.0012732416,0.0012507475,0.024679773,0.94273823,,0.94273823,look,0,,42,look_f0_s42_in22k_v5scr,last
ISIC_0065862,BCN_0002258,BCN_0002258,60+,bcn20000,2,False,4,0.008868656,0.006639137,0.01778437,0.061926786,0.8622168,0.004205727,0.038358573,0.8777246,,0.8777246,look,0,,42,look_f0_s42_in22k_v5scr,last
ISIC_0065866,BCN_0005626,BCN_0005626,60+,bcn20000,2,False,2,0.010106703,0.0055860127,0.8405683,0.06380916,0.020593673,0.014191477,0.045144703,0.03628639,,0.03628639,look,0,,42,look_f0_s42_in22k_v5scr,last
ISIC_0065901,BCN_0000071,BCN_0000071,60+,bcn20000,2,False,2,0.018041324,0.007581287,0.3807647,0.11367616,0.32338113,0.05232499,0.10423047,0.34900373,,0.34900373,look,0,,42,look_f0_s42_in22k_v5scr,last
ISIC_0065942,BCN_0001808,BCN_0001808,40-59,bcn20000,1,True,1,0.010468512,0.8872454,0.004590899,0.056346722,0.0053009633,0.0031431722,0.03290431,0.90301484,,0.90301484,look,0,,42,look_f0_s42_in22k_v5scr,last
ISIC_0065964,BCN_0002794,BCN_0002794,60+,bcn20000,2,False,2,0.099234335,0.007508243,0.7175237,0.089485876,0.0036856555,0.004699421,0.0778628,0.11042823,,0.11042823,look,0,,42,look_f0_s42_in22k_v5scr,last
ISIC_0065968,BCN_0001370,BCN_0001370,40-59,bcn20000,5,False,5,0.013783949,0.007189754,0.0067904354,0.07983427,0.0025365392,0.8435423,0.04632272,0.023510242,,0.023510242,look,0,,42,look_f0_s42_in22k_v5scr,last
ISIC_0065971,BCN_0000209,BCN_0000209,40-59,bcn20000,1,True,4,0.0054989946,0.010645739,0.0036178273,0.059261136,0.8694813,0.0146675585,0.036827467,0.8856261,,0.8856261,look,0,,42,look_f0_s42_in22k_v5scr,last
ISIC_0066004,BCN_0001061,BCN_0001061,<40,bcn20000,5,False,5,0.008554353,0.0060186335,0.0040602456,0.060866375,0.009579133,0.8665845,0.044336792,0.02415212,,0.02415212,look,0,,42,look_f0_s42_in22k_v5scr,last
ISIC_0066010,BCN_0002940,BCN_0002940,40-59,bcn20000,1,True,1,0.005902525,0.9034598,0.0035848026,0.047352713,0.0029980673,0.0045394055,0.032162692,0.91236037,,0.91236037,look,0,,42,look_f0_s42_in22k_v5scr,last
ISIC_0066029,BCN_0003096,BCN_0003096,60+,bcn20000,1,True,1,0.18780513,0.6562101,0.009132339,0.071403034,0.004234298,0.0043964046,0.066818684,0.84824955,,0.84824955,look,0,,42,look_f0_s42_in22k_v5scr,last
ISIC_0066046,BCN_0001679,BCN_0001679,60+,bcn20000,2,False,4,0.007987532,0.006777541,0.0068786833,0.069492616,0.86580527,0.0029595164,0.04009883,0.88057035,,0.88057035,look,0,,42,look_f0_s42_in22k_v5scr,last
ISIC_0066070,BCN_0001425,BCN_0001425,40-59,bcn20000,1,True,1,0.0077762627,0.8658257,0.006528008,0.06435451,0.005450405,0.0047861994,0.04527893,0.8790524,,0.8790524,look,0,,42,look_f0_s42_in22k_v5scr,last
ISIC_0066097,BCN_0002688,BCN_0002688,40-59,bcn20000,6,False,6,0.0012204389,0.0016028413,0.00067044684,0.008881457,0.0014426487,0.000562603,0.98561954,0.0042659286,,0.0042659286,look,0,,42,look_f0_s42_in22k_v5scr,last
ISIC_0066105,BCN_0001832,BCN_0001832,40-59,bcn20000,4,True,4,0.004546376,0.021101896,0.06008225,0.08107108,0.7815668,0.005273063,0.046358503,0.8072151,,0.8072151,look,0,,42,look_f0_s42_in22k_v5scr,last
ISIC_0066106,BCN_0000188,BCN_0000188,60+,bcn20000,4,True,5,0.011152167,0.007611019,0.005947799,0.09296045,0.05741807,0.76675874,0.058151744,0.076181255,,0.076181255,look,0,,42,look_f0_s42_in22k_v5scr,last
ISIC_0066130,BCN_0003451,BCN_0003451,<40,bcn20000,5,False,4,0.013128993,0.0066613667,0.00725335,0.11210219,0.7103151,0.08743453,0.06310452,0.73010546,,0.73010546,look,0,,42,look_f0_s42_in22k_v5scr,last
ISIC_0066149,BCN_0001927,BCN_0001927,40-59,bcn20000,5,False,5,0.011218211,0.0063754213,0.00571264,0.06677911,0.007528638,0.85556835,0.0468177,0.02512227,,0.02512227,look,0,,42,look_f0_s42_in22k_v5scr,last
ISIC_0066151,BCN_0005088,BCN_0005088,<40,bcn20000,5,False,5,0.00608246,0.0040928945,0.0037612082,0.051740345,0.0039193076,0.8869175,0.04348634,0.014094662,,0.014094662,look,0,,42,look_f0_s42_in22k_v5scr,last
ISIC_0066153,BCN_0000923,BCN_0000923,40-59,bcn20000,5,False,5,0.006864362,0.003930968,0.0027547334,0.0546796,0.0018313887,0.8949244,0.035014622,0.01262672,,0.01262672,look,0,,42,look_f0_s42_in22k_v5scr,last
ISIC_0066166,BCN_0002664,BCN_0002664,60+,bcn20000,1,True,1,0.008498531,0.8894106,0.0040449235,0.05152752,0.004746161,0.0034924545,0.038279787,0.9026553,,0.9026553,look,0,,42,look_f0_s42_in22k_v5scr,last
ISIC_0066177,BCN_0001077,BCN_0001077,<40,bcn20000,5,False,5,0.014808011,0.0080637615,0.009104219,0.11469926,0.10837307,0.6595198,0.085431896,0.13124484,,0.13124484,look,0,,42,look_f0_s42_in22k_v5scr,last
ISIC_0066198,BCN_0003874,BCN_0003874,<40,bcn20000,1,True,1,0.010567207,0.89561397,0.004688331,0.050533418,0.0038260915,0.0027891372,0.031981822,0.91000724,,0.91000724,look,0,,42,look_f0_s42_in22k_v5scr,last
ISIC_0066220,BCN_0001154,BCN_0001154,60+,bcn20000,0,True,1,0.028749831,0.85315645,0.0075883907,0.061694846,0.0034361372,0.0039813556,0.04139299,0.8853424,,0.8853424,look,0,,42,look_f0_s42_in22k_v5scr,last
ISIC_0066229,BCN_0003478,BCN_0003478,<40,bcn20000,5,False,5,0.015649347,0.009291993,0.006107179,0.068474375,0.005713344,0.84421414,0.050549615,0.030654684,,0.030654684,look,0,,42,look_f0_s42_in22k_v5scr,last
ISIC_0066232,BCN_0005456,BCN_0005456,40-59,bcn20000,5,False,5,0.009873106,0.0060718753,0.011004282,0.06535241,0.0033003935,0.857195,0.047202997,0.019245375,,0.019245375,look,0,,42,look_f0_s42_in22k_v5scr,last
ISIC_0066310,BCN_0003598,BCN_0003598,40-59,bcn20000,1,True,5,0.016172217,0.058667023,0.08100152,0.10254278,0.0038205578,0.63637936,0.101416565,0.0786598,,0.0786598,look,0,,42,look_f0_s42_in22k_v5scr,last
ISIC_0066318,BCN_0000244,BCN_0000244,60+,bcn20000,1,True,1,0.006345308,0.86006325,0.010423511,0.060322233,0.006115605,0.016354904,0.0403752,0.8725242,,0.8725242,look,0,,42,look_f0_s42_in22k_v5scr,last
ISIC_0066325,BCN_0001085,BCN_0001085,60+,bcn20000,4,True,4,0.008819958,0.0068499763,0.009180887,0.05605149,0.8768969,0.0023348671,0.03986583,0.89256686,,0.89256686,look,0,,42,look_f0_s42_in22k_v5scr,last
ISIC_0066340,BCN_0003889,BCN_0003889,60+,bcn20000,1,True,4,0.26415318,0.14879245,0.013665577,0.14726122,0.33397153,0.0034363158,0.088719726,0.7469171,,0.7469171,look,0,,42,look_f0_s42_in22k_v5scr,last
ISIC_0066342,BCN_0000887,BCN_0000887,<40,bcn20000,5,False,5,0.010822828,0.004415587,0.007875351,0.06717502,0.010756746,0.8442834,0.054671094,0.025995161,,0.025995161,look,0,,42,look_f0_s42_in22k_v5scr,last
ISIC_0066344,BCN_0002172,BCN_0002172,60+,bcn20000,1,True,1,0.0083398195,0.88043016,0.009106276,0.056026313,0.007126626,0.003812084,0.035158798,0.8958966,,0.8958966,look,0,,42,look_f0_s42_in22k_v5scr,last
ISIC_0066363,BCN_0004282,BCN_0004282,40-59,bcn20000,1,True,1,0.01067313,0.86722136,0.008709842,0.07210919,0.0024045652,0.0017693482,0.0371126,0.88029903,,0.88029903,look,0,,42,look_f0_s42_in22k_v5scr,last
ISIC_0066378,BCN_0001085,BCN_0001085,60+,bcn20000,4,True,4,0.0075460724,0.0045526247,0.008648637,0.056594465,0.8790902,0.0075677293,0.036000308,0.89118886,,0.89118886,look,0,,42,look_f0_s42_in22k_v5scr,last
ISIC_0066382,BCN_0001163,BCN_0001163,60+,bcn20000,4,True,4,0.008148626,0.0053941123,0.005504332,0.057804197,0.87992543,0.003313183,0.03991019,0.89346814,,0.89346814,look,0,,42,look_f0_s42_in22k_v5scr,last
ISIC_0066390,BCN_0002577,BCN_0002577,40-59,bcn20000,4,True,4,0.007994024,0.0049782083,0.0060058073,0.04851594,0.8902781,0.0034495622,0.03877834,0.90325034,,0.90325034,look,0,,42,look_f0_s42_in22k_v5scr,last
ISIC_0066404,BCN_0002577,BCN_0002577,40-59,bcn20000,4,True,4,0.0073375357,0.0042292206,0.006551172,0.05340964,0.87709415,0.0052748895,0.04610337,0.8886609,,0.8886609,look,0,,42,look_f0_s42_in22k_v5scr,last
ISIC_0066453,BCN_0001151,BCN_0001151,60+,bcn20000,1,True,2,0.039915036,0.1825479,0.5891744,0.09816395,0.0044021495,0.0033881534,0.08240839,0.22686508,,0.22686508,look,0,,42,look_f0_s42_in22k_v5scr,last
ISIC_0066456,BCN_0003740,BCN_0003740,<40,bcn20000,5,False,5,0.008681487,0.0023333197,0.0020325673,0.09881021,0.0024813553,0.850805,0.03485608,0.013496162,,0.013496162,look,0,,42,look_f0_s42_in22k_v5scr,last
ISIC_0066507,BCN_0003619,BCN_0003619,60+,bcn20000,0,True,4,0.0076765153,0.014919134,0.0046611265,0.049248002,0.89020014,0.004464251,0.02883081,0.9127958,,0.9127958,look,0,,42,look_f0_s42_in22k_v5scr,last
ISIC_0066525,BCN_0000209,BCN_0000209,40-59,bcn20000,1,True,4,0.0052807378,0.003528714,0.0056214877,0.04490002,0.90289086,0.0055627874,0.032215472,0.9117003,,0.9117003,look,0,,42,look_f0_s42_in22k_v5scr,last
ISIC_0066527,BCN_0000512,BCN_0000512,<40,bcn20000,5,False,5,0.019378869,0.012013766,0.0073806164,0.07511774,0.0031179127,0.8362362,0.04675488,0.034510545,,0.034510545,look,0,,42,look_f0_s42_in22k_v5scr,last
ISIC_0066530,BCN_0000253,BCN_0000253,<40,bcn20000,5,False,5,0.014828146,0.008639919,0.007233343,0.14381307,0.25449914,0.48625535,0.084731095,0.2779672,,0.2779672,look,0,,42,look_f0_s42_in22k_v5scr,last
ISIC_0066539,BCN_0001371,BCN_0001371,40-59,bcn20000,5,False,5,0.011863721,0.0068449494,0.0080119,0.06763754,0.0062951855,0.8520303,0.04731636,0.025003856,,0.025003856,look,0,,42,look_f0_s42_in22k_v5scr,last
ISIC_0066557,BCN_0001634,BCN_0001634,40-59,bcn20000,5,False,5,0.008739109,0.0053091203,0.0056532803,0.06836597,0.0049429345,0.8618835,0.04510601,0.018991165,,0.018991165,look,0,,42,look_f0_s42_in22k_v5scr,last
ISIC_0066563,BCN_0001596,BCN_0001596,60+,bcn20000,0,True,0,0.44549677,0.36644536,0.0032071772,0.10457493,0.0056328475,0.009022684,0.06562029,0.817575,,0.817575,look,0,,42,look_f0_s42_in22k_v5scr,last
ISIC_0066600,BCN_0003760,BCN_0003760,<40,bcn20000,4,True,2,0.19485874,0.0085534165,0.57600194,0.09502014,0.022882411,0.017392924,0.08529042,0.22629458,,0.22629458,look,0,,42,look_f0_s42_in22k_v5scr,last
ISIC_0066607,BCN_0004021,BCN_0004021,<40,bcn20000,5,False,5,0.009588923,0.007667602,0.0064400686,0.068464614,0.0046060267,0.8527581,0.05047464,0.021862552,,0.021862552,look,0,,42,look_f0_s42_in22k_v5scr,last
ISIC_0066620,BCN_0000585,BCN_0000585,40-59,bcn20000,1,True,1,0.009294553,0.8910101,0.0063098315,0.04844412,0.0046550944,0.0039756387,0.036310565,0.9049598,,0.9049598,look,0,,42,look_f0_s42_in22k_v5scr,last
ISIC_0066647,BCN_0000886,BCN_0000886,60+,bcn20000,5,False,4,0.013499501,0.006441483,0.005642649,0.074904025,0.79414743,0.056541312,0.04882354,0.8140884,,0.8140884,look,0,,42,look_f0_s42_in22k_v5scr,last
ISIC_0066651,BCN_0002743,BCN_0002743,40-59,bcn20000,5,False,5,0.009997515,0.00679468,0.006220265,0.065337695,0.003747029,0.8612403,0.04666247,0.020539224,,0.020539224,look,0,,42,look_f0_s42_in22k_v5scr,last
ISIC_0066685,BCN_0001085,BCN_0001085,60+,bcn20000,4,True,4,0.007469181,0.006685472,0.0069524115,0.0539525,0.8843675,0.0022184756,0.038354393,0.8985222,,0.8985222,look,0,,42,look_f0_s42_in22k_v5scr,last
ISIC_0066697,BCN_0000244,BCN_0000244,60+,bcn20000,1,True,1,0.0042124595,0.9027116,0.005100004,0.04462058,0.0066350535,0.008951101,0.027769173,0.9135591,,0.9135591,look,0,,42,look_f0_s42_in22k_v5scr,last
ISIC_0066719,BCN_0002743,BCN_0002743,40-59,bcn20000,5,False,5,0.010668528,0.0065788915,0.007040182,0.068457946,0.0035292252,0.8547151,0.04901016,0.020776644,,0.020776644,look,0,,42,look_f0_s42_in22k_v5scr,last
ISIC_0066731,BCN_0003402,BCN_0003402,40-59,bcn20000,2,False,4,0.09207342,0.0037189294,0.027553247,0.094835654,0.71714467,0.026375582,0.038298536,0.812937,,0.812937,look,0,,42,look_f0_s42_in22k_v5scr,last
ISIC_0066746,BCN_0000497,BCN_0000497,60+,bcn20000,5,False,5,0.010101852,0.0059404126,0.007393489,0.068315,0.008817927,0.84828115,0.05115013,0.024860192,,0.024860192,look,0,,42,look_f0_s42_in22k_v5scr,last
ISIC_0066756,BCN_0002843,BCN_0002843,60+,bcn20000,4,True,1,0.0031192352,0.8605765,0.016505998,0.06664857,0.010396092,0.004600995,0.038152575,0.8740918,,0.8740918,look,0,,42,look_f0_s42_in22k_v5scr,last
ISIC_0066796,BCN_0005251,BCN_0005251,40-59,bcn20000,5,False,5,0.012347693,0.006726917,0.009869787,0.076356046,0.005485422,0.83798915,0.05122504,0.02456003,,0.02456003,look,0,,42,look_f0_s42_in22k_v5scr,last
ISIC_0066826,BCN_0003096,BCN_0003096,60+,bcn20000,1,True,1,0.007455981,0.8907393,0.0059601557,0.049285434,0.005523178,0.0037241138,0.03731192,0.90371853,,0.90371853,look,0,,42,look_f0_s42_in22k_v5scr,last
ISIC_0066830,BCN_0003096,BCN_0003096,60+,bcn20000,1,True,0,0.8949414,0.00556139,0.01173789,0.040375166,0.0022514653,0.004377608,0.040755026,0.90275425,,0.90275425,look,0,,42,look_f0_s42_in22k_v5scr,last
ISIC_0066836,BCN_0002171,BCN_0002171,40-59,bcn20000,5,False,5,0.009310651,0.0069069737,0.006948494,0.0678394,0.0044793915,0.85674983,0.04776523,0.020697016,,0.020697016,look,0,,42,look_f0_s42_in22k_v5scr,last
ISIC_0066850,BCN_0005409,BCN_0005409,40-59,bcn20000,1,True,5,0.015305329,0.021251595,0.01409583,0.0859321,0.0037874787,0.7981442,0.06148354,0.040344402,,0.040344402,look,0,,42,look_f0_s42_in22k_v5scr,last
ISIC_0066854,BCN_0003084,BCN_0003084,40-59,bcn20000,4,True,5,0.0074463654,0.00354732,0.0068684663,0.051088504,0.019408204,0.8713246,0.04031654,0.03040189,,0.03040189,look,0,,42,look_f0_s42_in22k_v5scr,last
ISIC_0066860,BCN_0002548,BCN_0002548,60+,bcn20000,4,True,5,0.0068842676,0.012294064,0.013206076,0.055190757,0.06306949,0.8077918,0.04156351,0.08224782,,0.08224782,look,0,,42,look_f0_s42_in22k_v5scr,last
ISIC_0066861,BCN_0001834,BCN_0001834,60+,bcn20000,0,True,1,0.020053903,0.8850866,0.004445445,0.051226903,0.0037548328,0.0028422666,0.03259,0.9088954,,0.9088954,look,0,,42,look_f0_s42_in22k_v5scr,last
ISIC_0066873,BCN_0003597,BCN_0003597,<40,bcn20000,5,False,5,0.009463142,0.005612624,0.00443625,0.06113607,0.006136916,0.8714991,0.04171581,0.021212682,,0.021212682,look,0,,42,look_f0_s42_in22k_v5scr,last
ISIC_0066881,BCN_0000209,BCN_0000209,40-59,bcn20000,1,True,1,0.05215299,0.7119254,0.0020173448,0.09988243,0.052269474,0.009206288,0.07254605,0.81634784,,0.81634784,look,0,,42,look_f0_s42_in22k_v5scr,last
ISIC_0066892,BCN_0004633,BCN_0004633,60+,bcn20000,0,True,0,0.65771866,0.014426228,0.004774721,0.13987023,0.11398721,0.00365997,0.06556301,0.7861321,,0.7861321,look,0,,42,look_f0_s42_in22k_v5scr,last
ISIC_0066895,BCN_0002140,BCN_0002140,60+,bcn20000,0,True,2,0.075964086,0.004773246,0.40558586,0.15714738,0.06248251,0.16950616,0.12454085,0.14321984,,0.14321984,look,0,,42,look_f0_s42_in22k_v5scr,last
ISIC_0066920,BCN_0000467,BCN_0000467,40-59,bcn20000,2,False,5,0.0070158658,0.011453043,0.018004976,0.06760083,0.0063249767,0.8425195,0.047080725,0.024793886,,0.024793886,look,0,,42,look_f0_s42_in22k_v5scr,last
ISIC_0066925,BCN_0003715,BCN_0003715,<40,bcn20000,2,False,2,0.017313773,0.0073930873,0.60706186,0.115225896,0.0060794535,0.17399643,0.07292949,0.030786313,,0.030786313,look,0,,42,look_f0_s42_in22k_v5scr,last
ISIC_0066945,BCN_0002854,BCN_0002854,60+,bcn20000,2,False,0,0.70294,0.032213874,0.06324904,0.13254805,0.008894938,0.0012089659,0.058945134,0.7440488,,0.7440488,look,0,,42,look_f0_s42_in22k_v5scr,last
ISIC_0066975,BCN_0003089,BCN_0003089,40-59,bcn20000,5,False,5,0.007351103,0.005700392,0.0044633877,0.061600238,0.010728289,0.8619395,0.048217017,0.023779783,,0.023779783,look,0,,42,look_f0_s42_in22k_v5scr,last
ISIC_0066982,BCN_0003478,BCN_0003478,<40,bcn20000,5,False,5,0.010302114,0.006317418,0.0056204037,0.0636965,0.006111929,0.86173236,0.046219356,0.022731462,,0.022731462,look,0,,42,look_f0_s42_in22k_v5scr,last
ISIC_0067007,BCN_0004168,BCN_0004168,60+,bcn20000,5,False,5,0.0074229063,0.09874079,0.00844338,0.11241116,0.015865449,0.68362814,0.0734882,0.12202914,,0.12202914,look,0,,42,look_f0_s42_in22k_v5scr,last
ISIC_0067070,BCN_0002750,BCN_0002750,60+,bcn20000,1,True,1,0.01901464,0.83372504,0.010481092,0.06159779,0.013040764,0.0070228744,0.05511782,0.8657805,,0.8657805,look,0,,42,look_f0_s42_in22k_v5scr,last
ISIC_0067097,BCN_0001832,BCN_0001832,40-59,bcn20000,4,True,4,0.0085877115,0.015070621,0.073061086,0.10480611,0.72797734,0.0047247126,0.06577233,0.7516357,,0.7516357,look,0,,42,look_f0_s42_in22k_v5scr,last
ISIC_0067098,BCN_0001908,BCN_0001908,60+,bcn20000,1,True,1,0.0073167556,0.8932206,0.0058655613,0.050728377,0.003583462,0.0036340076,0.035651356,0.90412086,,0.90412086,look,0,,42,look_f0_s42_in22k_v5scr,last
ISIC_0067108,BCN_0000923,BCN_0000923,40-59,bcn20000,5,False,5,0.011403537,0.007818973,0.00560358,0.066409834,0.00359389,0.86123455,0.04393563,0.0228164,,0.0228164,look,0,,42,look_f0_s42_in22k_v5scr,last
ISIC_0067110,BCN_0004379,BCN_0004379,60+,bcn20000,1,True,1,0.023198064,0.72337985,0.016319746,0.08738647,0.009242125,0.0846675,0.05580622,0.75582004,,0.75582004,look,0,,42,look_f0_s42_in22k_v5scr,last
ISIC_0067114,BCN_0001114,BCN_0001114,<40,bcn20000,5,False,5,0.010439476,0.0057882178,0.0056561218,0.062676325,0.006560496,0.8608836,0.047995836,0.02278819,,0.02278819,look,0,,42,look_f0_s42_in22k_v5scr,last
ISIC_0067124,BCN_0003740,BCN_0003740,<40,bcn20000,5,False,5,0.013614988,0.0070306677,0.0072014933,0.07812347,0.0036868337,0.83436245,0.055980034,0.02433249,,0.02433249,look,0,,42,look_f0_s42_in22k_v5scr,last
ISIC_0067204,BCN_0004832,BCN_0004832,40-59,bcn20000,0,True,0,0.64527535,0.22891656,0.002826472,0.064863205,0.012515424,0.0054579857,0.040144973,0.8867073,,0.8867073,look,0,,42,look_f0_s42_in22k_v5scr,last
ISIC_0067226,BCN_0003816,BCN_0003816,40-59,bcn20000,5,False,5,0.0092780385,0.0057832575,0.007341464,0.078137316,0.022108722,0.8220012,0.055350024,0.03717002,,0.03717002,look,0,,42,look_f0_s42_in22k_v5scr,last
ISIC_0067254,BCN_0002369,BCN_0002369,40-59,bcn20000,5,False,5,0.008559112,0.005998223,0.0049670003,0.060791396,0.0049928357,0.871828,0.042863455,0.01955017,,0.01955017,look,0,,42,look_f0_s42_in22k_v5scr,last
ISIC_0067269,BCN_0004009,BCN_0004009,60+,bcn20000,5,False,5,0.009965362,0.0026105063,0.011564883,0.07387752,0.054498356,0.7972266,0.050256804,0.067074224,,0.067074224,look,0,,42,look_f0_s42_in22k_v5scr,last
ISIC_0067273,BCN_0002794,BCN_0002794,60+,bcn20000,2,False,4,0.0015538909,0.0023751052,0.007730745,0.02345533,0.9377527,0.0022065474,0.024925726,0.94168174,,0.94168174,look,0,,42,look_f0_s42_in22k_v5scr,last
ISIC_0067277,BCN_0005265,BCN_0005265,60+,bcn20000,1,True,6,0.0030997419,0.0009975686,0.0011834963,0.01355427,0.0007190584,0.0027291963,0.9777166,0.0048163687,,0.0048163687,look,0,,42,look_f0_s42_in22k_v5scr,last
ISIC_0067285,BCN_0001948,BCN_0001948,40-59,bcn20000,6,False,1,0.0052440893,0.7875555,0.0050777625,0.061922807,0.021137752,0.020193774,0.09886824,0.81393737,,0.81393737,look,0,,42,look_f0_s42_in22k_v5scr,last
ISIC_0067308,BCN_0003363,BCN_0003363,60+,bcn20000,4,True,2,0.007945889,0.003281149,0.83969384,0.04344003,0.033111114,0.025889523,0.046638392,0.04433815,,0.04433815,look,0,,42,look_f0_s42_in22k_v5scr,last
ISIC_0067336,BCN_0001305,BCN_0001305,40-59,bcn20000,6,False,6,0.0019482997,0.0011776097,0.030218026,0.051320583,0.0052551967,0.0012262721,0.908854,0.008381106,,0.008381106,look,0,,42,look_f0_s42_in22k_v5scr,last
ISIC_0067409,BCN_0001106,BCN_0001106,60+,bcn20000,1,True,4,0.021834819,0.053172383,0.03497703,0.053976156,0.76793134,0.010610523,0.057497695,0.84293854,,0.84293854,look,0,,42,look_f0_s42_in22k_v5scr,last
ISIC_0067426,BCN_0003874,BCN_0003874,<40,bcn20000,1,True,1,0.007217961,0.9083456,0.0034442006,0.043740205,0.003741138,0.0025100766,0.031000722,0.91930467,,0.91930467,look,0,,42,look_f0_s42_in22k_v5scr,last
ISIC_0067429,BCN_0001106,BCN_0001106,60+,bcn20000,1,True,4,0.020033088,0.011218695,0.0060949284,0.04140775,0.89059615,0.0012432159,0.029406141,0.92184794,,0.92184794,look,0,,42,look_f0_s42_in22k_v5scr,last
ISIC_0067442,BCN_0002686,BCN_0002686,40-59,bcn20000,5,False,2,0.012932273,0.0058469814,0.78041804,0.08185866,0.0056818374,0.055891395,0.057370838,0.02446109,,0.02446109,look,0,,42,look_f0_s42_in22k_v5scr,last
ISIC_0067464,BCN_0000511,BCN_0000511,60+,bcn20000,1,True,4,0.015937887,0.028648643,0.0036516616,0.10732334,0.77478385,0.002426966,0.067227684,0.8193704,,0.8193704,look,0,,42,look_f0_s42_in22k_v5scr,last
ISIC_0067468,BCN_0001655,BCN_0001655,60+,bcn20000,0,True,0,0.6693194,0.005997709,0.10202354,0.08589474,0.0051928223,0.08116968,0.050402083,0.6805099,,0.6805099,look,0,,42,look_f0_s42_in22k_v5scr,last
ISIC_0067477,BCN_0004139,BCN_0004139,<40,bcn20000,2,False,5,0.01116862,0.004179153,0.0065966505,0.088378526,0.051814526,0.7698341,0.06802842,0.0671623,,0.0671623,look,0,,42,look_f0_s42_in22k_v5scr,last
ISIC_0067495,BCN_0002868,BCN_0002868,60+,bcn20000,4,True,4,0.0063748034,0.0065977895,0.009385617,0.05069316,0.8909837,0.0033643413,0.032600548,0.9039563,,0.9039563,look,0,,42,look_f0_s42_in22k_v5scr,last
ISIC_0067514,BCN_0003138,BCN_0003138,<40,bcn20000,5,False,5,0.009761655,0.00611532,0.00561664,0.059330586,0.005050916,0.86873055,0.045394327,0.020927891,,0.020927891,look,0,,42,look_f0_s42_in22k_v5scr,last
ISIC_0067515,BCN_0003907,BCN_0003907,60+,bcn20000,4,True,4,0.006190665,0.0045251595,0.004635157,0.05276589,0.89510316,0.0028645047,0.03391543,0.905819,,0.905819,look,0,,42,look_f0_s42_in22k_v5scr,last
ISIC_0067543,BCN_0004631,BCN_0004631,40-59,bcn20000,4,True,4,0.009551725,0.0035367485,0.008691211,0.06615752,0.8673757,0.0027000022,0.04198717,0.88046414,,0.88046414,look,0,,42,look_f0_s42_in22k_v5scr,last
ISIC_0067546,BCN_0003673,BCN_0003673,60+,bcn20000,2,False,0,0.49379405,0.002343088,0.022233365,0.11730371,0.243256,0.0025399607,0.118529834,0.7393931,,0.7393931,look,0,,42,look_f0_s42_in22k_v5scr,last
ISIC_0067598,BCN_0000906,BCN_0000906,60+,bcn20000,4,True,5,0.00820768,0.04440279,0.0067727473,0.0843679,0.020938996,0.7663299,0.068979986,0.073549464,,0.073549464,look,0,,42,look_f0_s42_in22k_v5scr,last
ISIC_0067600,BCN_0001887,BCN_0001887,60+,bcn20000,1,True,1,0.020955915,0.6016354,0.014197313,0.101496555,0.027694859,0.13386117,0.10015875,0.6502862,,0.6502862,look,0,,42,look_f0_s42_in22k_v5scr,last
ISIC_0067605,BCN_0005265,BCN_0005265,60+,bcn20000,1,True,6,0.0025402973,0.07653683,0.009628768,0.018124642,0.00728242,0.00095605623,0.884931,0.086359546,,0.086359546,look,0,,42,look_f0_s42_in22k_v5scr,last
ISIC_0067639,BCN_0003521,BCN_0003521,40-59,bcn20000,5,False,5,0.0118610365,0.007026513,0.0066103856,0.069627024,0.0042574126,0.852954,0.047663644,0.023144962,,0.023144962,look,0,,42,look_f0_s42_in22k_v5scr,last
ISIC_0067648,BCN_0001371,BCN_0001371,40-59,bcn20000,5,False,5,0.009506874,0.007203241,0.0052361907,0.07462272,0.016697988,0.8363026,0.0504304,0.0334081,,0.0334081,look,0,,42,look_f0_s42_in22k_v5scr,last
ISIC_0067652,BCN_0004420,BCN_0004420,40-59,bcn20000,5,False,5,0.00987634,0.0044026542,0.0074818353,0.05979609,0.005002527,0.87347984,0.039960645,0.019281521,,0.019281521,look,0,,42,look_f0_s42_in22k_v5scr,last
ISIC_0067656,BCN_0002428,BCN_0002428,40-59,bcn20000,5,False,5,0.007984518,0.0033050983,0.0033363157,0.0671769,0.0790238,0.78788584,0.051287588,0.09031342,,0.09031342,look,0,,42,look_f0_s42_in22k_v5scr,last
ISIC_0067687,BCN_0002235,BCN_0002235,60+,bcn20000,5,False,1,0.01616025,0.3136145,0.030195007,0.10009472,0.2797164,0.15765493,0.10256417,0.6094911,,0.6094911,look,0,,42,look_f0_s42_in22k_v5scr,last
ISIC_0067691,BCN_0001356,BCN_0001356,40-59,bcn20000,5,False,5,0.012624563,0.006440497,0.0038789622,0.058736157,0.008105226,0.86960363,0.040610973,0.027170286,,0.027170286,look,0,,42,look_f0_s42_in22k_v5scr,last
ISIC_0067705,BCN_0004737,BCN_0004737,40-59,bcn20000,5,False,5,0.016239129,0.009264245,0.008439535,0.07156705,0.009482325,0.8343659,0.05064173,0.0349857,,0.0349857,look,0,,42,look_f0_s42_in22k_v5scr,last
ISIC_0067706,BCN_0002900,BCN_0002900,40-59,bcn20000,1,True,1,0.007597675,0.8817737,0.005238455,0.049220532,0.0058515705,0.01016532,0.040152717,0.89522296,,0.89522296,look,0,,42,look_f0_s42_in22k_v5scr,last
ISIC_0067719,BCN_0000121,BCN_0000121,60+,bcn20000,4,True,1,0.013994212,0.5776596,0.014452801,0.12259703,0.16227403,0.0046033915,0.10441893,0.7539278,,0.7539278,look,0,,42,look_f0_s42_in22k_v5scr,last
ISIC_0067735,BCN_0001841,BCN_0001841,<40,bcn20000,5,False,5,0.009251735,0.00658321,0.006112901,0.061195932,0.00522816,0.8646385,0.046989568,0.021063106,,0.021063106,look,0,,42,look_f0_s42_in22k_v5scr,last
ISIC_0067778,BCN_0004701,BCN_0004701,60+,bcn20000,1,True,1,0.010657924,0.86252403,0.01298178,0.061755314,0.007837044,0.0038406998,0.04040315,0.881019,,0.881019,look,0,,42,look_f0_s42_in22k_v5scr,last
ISIC_0067780,BCN_0000206,BCN_0000206,60+,bcn20000,1,True,1,0.0066304253,0.89117366,0.0048266593,0.04893018,0.0058849277,0.0055192225,0.03703493,0.903689,,0.903689,look,0,,42,look_f0_s42_in22k_v5scr,last
ISIC_0067799,BCN_0001154,BCN_0001154,60+,bcn20000,0,True,1,0.00904602,0.8995826,0.0054052197,0.047435004,0.0034449615,0.0038110178,0.031275168,0.9120736,,0.9120736,look,0,,42,look_f0_s42_in22k_v5scr,last
ISIC_0067813,BCN_0004190,BCN_0004190,<40,bcn20000,5,False,5,0.010025674,0.0075053168,0.0069206273,0.066616125,0.0064157145,0.85511667,0.047399983,0.023946706,,0.023946706,look,0,,42,look_f0_s42_in22k_v5scr,last
ISIC_0067840,BCN_0005646,BCN_0005646,40-59,bcn20000,5,False,5,0.010784697,0.0065208133,0.007635311,0.06944096,0.0042578485,0.84899235,0.052367996,0.021563359,,0.021563359,look,0,,42,look_f0_s42_in22k_v5scr,last
ISIC_0067875,BCN_0002235,BCN_0002235,60+,bcn20000,5,False,5,0.011703297,0.007951121,0.0063449624,0.067255,0.004777026,0.85191625,0.050052397,0.024431443,,0.024431443,look,0,,42,look_f0_s42_in22k_v5scr,last
ISIC_0067886,BCN_0001936,BCN_0001936,40-59,bcn20000,5,False,5,0.011638099,0.0058788233,0.007915021,0.07625726,0.005056713,0.8427377,0.05051643,0.022573635,,0.022573635,look,0,,42,look_f0_s42_in22k_v5scr,last
ISIC_0067891,BCN_0004254,BCN_0004254,40-59,bcn20000,4,True,5,0.008086408,0.005021558,0.0037695712,0.058384977,0.0071276594,0.87291104,0.04469874,0.020235624,,0.020235624,look,0,,42,look_f0_s42_in22k_v5scr,last
ISIC_0067903,BCN_0000319,BCN_0000319,60+,bcn20000,4,True,1,0.025255233,0.35417107,0.26490197,0.1346496,0.12281508,0.00262328,0.09558378,0.5022414,,0.5022414,look,0,,42,look_f0_s42_in22k_v5scr,last
ISIC_0067910,BCN_0001106,BCN_0001106,60+,bcn20000,1,True,1,0.034755696,0.8101509,0.011653807,0.06575204,0.03004526,0.0008960329,0.046746265,0.8749519,,0.8749519,look,0,,42,look_f0_s42_in22k_v5scr,last
ISIC_0067922,BCN_0005387,BCN_0005387,40-59,bcn20000,5,False,5,0.00972296,0.006350132,0.0062108184,0.06636565,0.0051319264,0.85632706,0.04989151,0.02120502,,0.02120502,look,0,,42,look_f0_s42_in22k_v5scr,last
ISIC_0067925,BCN_0000168,BCN_0000168,40-59,bcn20000,5,False,5,0.009905244,0.03025267,0.0451581,0.10485034,0.009678558,0.7444519,0.05570327,0.04983647,,0.04983647,look,0,,42,look_f0_s42_in22k_v5scr,last
ISIC_0067930,BCN_0003478,BCN_0003478,<40,bcn20000,5,False,5,0.009055128,0.0052388594,0.0055810893,0.06878414,0.009812746,0.851202,0.050326005,0.024106734,,0.024106734,look,0,,42,look_f0_s42_in22k_v5scr,last
ISIC_0067946,BCN_0001370,BCN_0001370,40-59,bcn20000,5,False,5,0.012180897,0.0074946783,0.0071469713,0.06987122,0.0036057867,0.8526562,0.047044232,0.023281362,,0.023281362,look,0,,42,look_f0_s42_in22k_v5scr,last
ISIC_0067951,BCN_0002730,BCN_0002730,<40,bcn20000,5,False,5,0.01231435,0.008589082,0.010323785,0.06941582,0.003587173,0.84633195,0.049437847,0.024490606,,0.024490606,look,0,,42,look_f0_s42_in22k_v5scr,last
ISIC_0067965,BCN_0001855,BCN_0001855,60+,bcn20000,5,False,5,0.00836389,0.0044421237,0.004744725,0.06647417,0.0041591115,0.86254275,0.049273163,0.016965125,,0.016965125,look,0,,42,look_f0_s42_in22k_v5scr,last
ISIC_0067976,BCN_0005070,BCN_0005070,<40,bcn20000,5,False,5,0.019156454,0.0028003275,0.0018411045,0.03919014,0.0018907341,0.9100558,0.025065362,0.023847515,,0.023847515,look,0,,42,look_f0_s42_in22k_v5scr,last
ISIC_0068000,BCN_0004877,BCN_0004877,40-59,bcn20000,4,True,5,0.011691635,0.13726044,0.004672383,0.08974057,0.03397871,0.6365868,0.08606947,0.18293078,,0.18293078,look,0,,42,look_f0_s42_in22k_v5scr,last
ISIC_0068003,BCN_0000360,BCN_0000360,40-59,bcn20000,4,True,5,0.02034173,0.02470477,0.015690407,0.19824454,0.023032494,0.6535489,0.0644372,0.068078995,,0.068078995,look,0,,42,look_f0_s42_in22k_v5scr,last
ISIC_0068044,BCN_0000209,BCN_0000209,40-59,bcn20000,1,True,4,0.0062767332,0.0034816624,0.006368552,0.045849685,0.8997177,0.0075646066,0.03074106,0.9094761,,0.9094761,look,0,,42,look_f0_s42_in22k_v5scr,last
ISIC_0068053,BCN_0003316,BCN_0003316,60+,bcn20000,5,False,5,0.015067354,0.009800401,0.009076552,0.13659202,0.21063071,0.52803594,0.09079703,0.23549847,,0.23549847,look,0,,42,look_f0_s42_in22k_v5scr,last
ISIC_0068100,BCN_0002235,BCN_0002235,60+,bcn20000,5,False,5,0.015063524,0.044925217,0.03509714,0.08402063,0.038099434,0.6987906,0.08400345,0.098088175,,0.098088175,look,0,,42,look_f0_s42_in22k_v5scr,last
ISIC_0068105,BCN_0003138,BCN_0003138,<40,bcn20000,5,False,5,0.01209064,0.008483527,0.0069449767,0.06744585,0.004529413,0.85561657,0.044889007,0.02510358,,0.02510358,look,0,,42,look_f0_s42_in22k_v5scr,last
ISIC_0068111,BCN_0002740,BCN_0002740,<40,bcn20000,5,False,5,0.008391866,0.00483107,0.004713491,0.067187555,0.008458681,0.86032796,0.046089336,0.021681618,,0.021681618,look,0,,42,look_f0_s42_in22k_v5scr,last
ISIC_0068134,BCN_0003249,BCN_0003249,40-59,bcn20000,5,False,1,0.016072761,0.37184152,0.061665844,0.11905291,0.013493504,0.34680143,0.07107204,0.40140778,,0.40140778,look,0,,42,look_f0_s42_in22k_v5scr,last
ISIC_0068143,BCN_0003907,BCN_0003907,60+,bcn20000,4,True,4,0.004115156,0.006485877,0.004876975,0.047737464,0.9049058,0.0024838308,0.029394874,0.91550684,,0.91550684,look,0,,42,look_f0_s42_in22k_v5scr,last
ISIC_0068179,BCN_0005324,BCN_0005324,<40,bcn20000,5,False,5,0.012866001,0.0076474682,0.0072984765,0.119933106,0.30306458,0.46715328,0.082037024,0.32357806,,0.32357806,look,0,,42,look_f0_s42_in22k_v5scr,last
ISIC_0068188,BCN_0001163,BCN_0001163,60+,bcn20000,4,True,4,0.008758777,0.005998886,0.0050861468,0.059703864,0.871946,0.0076427944,0.040863544,0.8867036,,0.8867036,look,0,,42,look_f0_s42_in22k_v5scr,last
ISIC_0068198,BCN_0002841,BCN_0002841,40-59,bcn20000,5,False,5,0.018389614,0.17116514,0.01645509,0.1205348,0.005778354,0.5818892,0.08578778,0.19533311,,0.19533311,look,0,,42,look_f0_s42_in22k_v5scr,last
ISIC_0068204,BCN_0005456,BCN_0005456,40-59,bcn20000,5,False,5,0.010504876,0.004990175,0.009211514,0.06212767,0.0037049067,0.8683339,0.041127056,0.019199958,,0.019199958,look,0,,42,look_f0_s42_in22k_v5scr,last
ISIC_0068207,BCN_0002171,BCN_0002171,40-59,bcn20000,5,False,5,0.0076434626,0.0057217283,0.0045558335,0.05986475,0.0023513949,0.8802075,0.039655317,0.015716586,,0.015716586,look,0,,42,look_f0_s42_in22k_v5scr,last
ISIC_0068219,BCN_0005038,BCN_0005038,60+,bcn20000,2,False,2,0.00812843,0.003992684,0.894451,0.047256723,0.0039897244,0.003130018,0.039051466,0.016110837,,0.016110837,look,0,,42,look_f0_s42_in22k_v5scr,last
ISIC_0068226,BCN_0000071,BCN_0000071,60+,bcn20000,2,False,4,0.015992656,0.013101586,0.029039782,0.11438788,0.43392524,0.29533696,0.09821581,0.4630195,,0.4630195,look,0,,42,look_f0_s42_in22k_v5scr,last
ISIC_0068232,BCN_0002640,BCN_0002640,60+,bcn20000,0,True,1,0.007501584,0.9003914,0.005548293,0.04074659,0.005797269,0.007908029,0.032106854,0.91369027,,0.91369027,look,0,,42,look_f0_s42_in22k_v5scr,last
ISIC_0068240,BCN_0003029,BCN_0003029,60+,bcn20000,1,True,1,0.004469454,0.9081915,0.005029083,0.04323891,0.004961135,0.0027837486,0.031326182,0.9176221,,0.9176221,look,0,,42,look_f0_s42_in22k_v5scr,last
ISIC_0068243,BCN_0000511,BCN_0000511,60+,bcn20000,1,True,4,0.011726539,0.010312916,0.00782288,0.061636433,0.8582262,0.0033294815,0.046945654,0.88026565,,0.88026565,look,0,,42,look_f0_s42_in22k_v5scr,last
ISIC_0068285,BCN_0004139,BCN_0004139,40-59,bcn20000,2,False,2,0.06426006,0.0043145013,0.6846468,0.14531364,0.003974965,0.029877437,0.06761263,0.07254953,,0.07254953,look,0,,42,look_f0_s42_in22k_v5scr,last
ISIC_0068294,BCN_0004066,BCN_0004066,60+,bcn20000,4,True,2,0.011880299,0.31728372,0.41090366,0.1313003,0.03789487,0.014303952,0.07643316,0.3670589,,0.3670589,look,0,,42,look_f0_s42_in22k_v5scr,last
ISIC_0068306,BCN_0003389,BCN_0003389,60+,bcn20000,1,True,0,0.79730624,0.063122354,0.015232341,0.08282296,0.0058826352,0.0005661984,0.035067305,0.8663112,,0.8663112,look,0,,42,look_f0_s42_in22k_v5scr,last
ISIC_0068322,BCN_0001038,BCN_0001038,60+,bcn20000,1,True,1,0.3192066,0.4878878,0.0036643038,0.099764116,0.022812147,0.0106144175,0.05605056,0.8299065,,0.8299065,look,0,,42,look_f0_s42_in22k_v5scr,last
ISIC_0068333,BCN_0004112,BCN_0004112,40-59,bcn20000,5,False,2,0.006973249,0.0057102377,0.8316152,0.06121551,0.008355084,0.044785768,0.041345,0.02103857,,0.02103857,look,0,,42,look_f0_s42_in22k_v5scr,last
ISIC_0068338,BCN_0000200,BCN_0000200,60+,bcn20000,1,True,1,0.008329035,0.8746023,0.0064044166,0.05586582,0.0047773803,0.0055432157,0.0444778,0.8877087,,0.8877087,look,0,,42,look_f0_s42_in22k_v5scr,last
ISIC_0068339,BCN_0003657,BCN_0003657,60+,bcn20000,1,True,1,0.005978478,0.9041268,0.004757639,0.044390395,0.0028511537,0.0040338007,0.03386173,0.9129564,,0.9129564,look,0,,42,look_f0_s42_in22k_v5scr,last
ISIC_0068354,BCN_0001154,BCN_0001154,60+,bcn20000,0,True,1,0.015531232,0.9057616,0.0023633442,0.042226028,0.003997305,0.0037683998,0.026352035,0.92529017,,0.92529017,look,0,,42,look_f0_s42_in22k_v5scr,last
ISIC_0068355,BCN_0003535,BCN_0003535,40-59,bcn20000,1,True,1,0.009556436,0.85890263,0.004962901,0.06500156,0.006795369,0.013494212,0.04128698,0.8752544,,0.8752544,look,0,,42,look_f0_s42_in22k_v5scr,last
ISIC_0068372,BCN_0004420,BCN_0004420,40-59,bcn20000,5,False,5,0.011212261,0.007319869,0.0066045015,0.06507521,0.005406655,0.8563538,0.048027746,0.023938786,,0.023938786,look,0,,42,look_f0_s42_in22k_v5scr,last
ISIC_0068378,BCN_0000253,BCN_0000253,<40,bcn20000,5,False,4,0.010415789,0.005672698,0.005646593,0.058127057,0.86972535,0.008081506,0.04233095,0.88581383,,0.88581383,look,0,,42,look_f0_s42_in22k_v5scr,last
ISIC_0068383,BCN_0000627,BCN_0000627,60+,bcn20000,4,True,4,0.008117217,0.0070597557,0.007333203,0.051194783,0.8814669,0.0043632574,0.04046486,0.8966439,,0.8966439,look,0,,42,look_f0_s42_in22k_v5scr,last
ISIC_0068398,BCN_0000518,BCN_0000518,60+,bcn20000,2,False,1,0.09573317,0.43018088,0.020337686,0.2412393,0.024196245,0.0853302,0.102982506,0.55011034,,0.55011034,look,0,,42,look_f0_s42_in22k_v5scr,last
ISIC_0068399,BCN_0001446,BCN_0001446,60+,bcn20000,1,True,5,0.016765455,0.021899138,0.005359128,0.07813054,0.0028879188,0.8216856,0.053272158,0.041552514,,0.041552514,look,0,,42,look_f0_s42_in22k_v5scr,last
ISIC_0068409,BCN_0004153,BCN_0004153,60+,bcn20000,0,True,1,0.019296937,0.81123173,0.020252453,0.11827576,0.013361786,0.0013373654,0.016244052,0.8438905,,0.8438905,look,0,,42,look_f0_s42_in22k_v5scr,last
ISIC_0068423,BCN_0000430,BCN_0000430,60+,bcn20000,5,False,5,0.011606358,0.008648279,0.0061050225,0.06809009,0.006381145,0.8459745,0.053194553,0.026635783,,0.026635783,look,0,,42,look_f0_s42_in22k_v5scr,last
ISIC_0068427,BCN_0003363,BCN_0003363,60+,bcn20000,4,True,2,0.009635678,0.0036905126,0.8560764,0.066141605,0.015263015,0.0043656267,0.044827204,0.028589206,,0.028589206,look,0,,42,look_f0_s42_in22k_v5scr,last
ISIC_0068462,BCN_0003316,BCN_0003316,60+,bcn20000,5,False,5,0.008010846,0.0051115747,0.0054982337,0.0627518,0.0036079986,0.8721895,0.042830095,0.01673042,,0.01673042,look,0,,42,look_f0_s42_in22k_v5scr,last
ISIC_0068481,BCN_0003324,BCN_0003324,60+,bcn20000,0,True,1,0.003126529,0.8576045,0.009413927,0.07908735,0.016560573,0.0022653672,0.03194176,0.87729156,,0.87729156,look,0,,42,look_f0_s42_in22k_v5scr,last
ISIC_0068484,BCN_0002464,BCN_0002464,40-59,bcn20000,6,False,5,0.003514542,0.03802801,0.0043613166,0.058426257,0.007136199,0.8148622,0.07367138,0.048678752,,0.048678752,look,0,,42,look_f0_s42_in22k_v5scr,last
ISIC_0068487,BCN_0005628,BCN_0005628,<40,bcn20000,5,False,5,0.008751456,0.0062946095,0.0061090346,0.06490014,0.0048224768,0.86198664,0.047135636,0.019868542,,0.019868542,look,0,,42,look_f0_s42_in22k_v5scr,last
ISIC_0068489,BCN_0003598,BCN_0003598,40-59,bcn20000,1,True,4,0.004879394,0.014001219,0.009489569,0.06146971,0.7267448,0.02859288,0.15482245,0.7456254,,0.7456254,look,0,,42,look_f0_s42_in22k_v5scr,last
ISIC_0068491,BCN_0002440,BCN_0002440,40-59,bcn20000,5,False,5,0.008542821,0.0059080445,0.008917573,0.089192614,0.043881346,0.7940831,0.049474467,0.058332212,,0.058332212,look,0,,42,look_f0_s42_in22k_v5scr,last
ISIC_0068522,BCN_0000600,BCN_0000600,60+,bcn20000,0,True,2,0.0119353775,0.0035904383,0.90547836,0.04036727,0.0023629623,0.0020619256,0.03420361,0.017888779,,0.017888779,look,0,,42,look_f0_s42_in22k_v5scr,last
ISIC_0068538,BCN_0003816,BCN_0003816,40-59,bcn20000,5,False,4,0.007763624,0.012795683,0.004106538,0.051015813,0.8754439,0.006612713,0.042261794,0.8960032,,0.8960032,look,0,,42,look_f0_s42_in22k_v5scr,last
ISIC_0068548,BCN_0004631,BCN_0004631,40-59,bcn20000,4,True,4,0.036945503,0.007255528,0.08777058,0.20686293,0.50007194,0.06809232,0.09300114,0.54427296,,0.54427296,look,0,,42,look_f0_s42_in22k_v5scr,last
ISIC_0068556,BCN_0000979,BCN_0000979,60+,bcn20000,0,True,2,0.037017405,0.012808439,0.78896445,0.083573595,0.006260716,0.0032916858,0.068083644,0.05608656,,0.05608656,look,0,,42,look_f0_s42_in22k_v5scr,last
ISIC_0068561,BCN_0002563,BCN_0002563,60+,bcn20000,5,False,5,0.013431827,0.0070829676,0.0067861867,0.06733055,0.005568261,0.851017,0.048783228,0.026083054,,0.026083054,look,0,,42,look_f0_s42_in22k_v5scr,last
ISIC_0068566,BCN_0001420,BCN_0001420,40-59,bcn20000,5,False,5,0.0096546775,0.0058799824,0.007008681,0.06428826,0.0046285777,0.86036927,0.048170604,0.020163238,,0.020163238,look,0,,42,look_f0_s42_in22k_v5scr,last
ISIC_0068577,BCN_0001679,BCN_0001679,60+,bcn20000,2,False,4,0.0074287327,0.0037866903,0.0073861,0.049390838,0.88727254,0.0031435948,0.041591555,0.898488,,0.898488,look,0,,42,look_f0_s42_in22k_v5scr,last
ISIC_0068596,BCN_0000303,BCN_0000303,<40,bcn20000,2,False,5,0.010786267,0.009504941,0.005500985,0.059882447,0.009127171,0.8557062,0.049492005,0.029418379,,0.029418379,look,0,,42,look_f0_s42_in22k_v5scr,last
ISIC_0068631,BCN_0002905,BCN_0002905,<40,bcn20000,5,False,5,0.0064053615,0.005955994,0.0051526967,0.08384219,0.0071801394,0.8629926,0.028471097,0.019541495,,0.019541495,look,0,,42,look_f0_s42_in22k_v5scr,last
ISIC_0068633,BCN_0000188,BCN_0000188,60+,bcn20000,4,True,5,0.012947893,0.005911081,0.004032384,0.07707228,0.02849243,0.81435966,0.05718433,0.047351405,,0.047351405,look,0,,42,look_f0_s42_in22k_v5scr,last
ISIC_0068634,BCN_0001966,BCN_0001966,<40,bcn20000,5,False,5,0.0136766825,0.010694493,0.0070309476,0.07308406,0.004709799,0.834196,0.056608133,0.029080974,,0.029080974,look,0,,42,look_f0_s42_in22k_v5scr,last
ISIC_0068656,BCN_0002502,BCN_0002502,40-59,bcn20000,5,False,5,0.022060188,0.038534384,0.012705115,0.08426304,0.011567493,0.77546614,0.055403654,0.07216207,,0.07216207,look,0,,42,look_f0_s42_in22k_v5scr,last
ISIC_0068668,BCN_0003718,BCN_0003718,40-59,bcn20000,5,False,5,0.011088306,0.0071471045,0.0065628784,0.06934518,0.0069787796,0.8509576,0.047920167,0.025214192,,0.025214192,look,0,,42,look_f0_s42_in22k_v5scr,last
ISIC_0068676,BCN_0004153,BCN_0004153,60+,bcn20000,0,True,0,0.80896765,0.001427296,0.028715424,0.044620063,0.081266984,0.0062496313,0.028752916,0.89166194,,0.89166194,look,0,,42,look_f0_s42_in22k_v5scr,last
ISIC_0068684,BCN_0003154,BCN_0003154,<40,bcn20000,5,False,5,0.0077176215,0.0048030703,0.006610596,0.059251122,0.008940414,0.86512184,0.04755531,0.021461105,,0.021461105,look,0,,42,look_f0_s42_in22k_v5scr,last
ISIC_0068697,BCN_0003892,BCN_0003892,60+,bcn20000,5,False,5,0.015405539,0.008929147,0.0080869505,0.09831926,0.12912467,0.6679282,0.072206214,0.15345936,,0.15345936,look,0,,42,look_f0_s42_in22k_v5scr,last
ISIC_0068726,BCN_0002563,BCN_0002563,60+,bcn20000,5,False,5,0.011839112,0.007572311,0.00621446,0.06215675,0.0068142605,0.8583794,0.04702367,0.026225682,,0.026225682,look,0,,42,look_f0_s42_in22k_v5scr,last
ISIC_0068731,BCN_0000884,BCN_0000884,60+,bcn20000,1,True,1,0.008344007,0.8932497,0.005655931,0.050469063,0.004284326,0.0033511687,0.034645792,0.905878,,0.905878,look,0,,42,look_f0_s42_in22k_v5scr,last
ISIC_0068742,BCN_0004375,BCN_0004375,60+,bcn20000,1,True,1,0.007963054,0.88849086,0.0050346344,0.050352667,0.0043591014,0.003932955,0.039866704,0.90081304,,0.90081304,look,0,,42,look_f0_s42_in22k_v5scr,last
ISIC_0068768,BCN_0001694,BCN_0001694,60+,bcn20000,4,True,5,0.00782859,0.0665954,0.00970865,0.1198189,0.23219143,0.48750094,0.076356,0.3066154,,0.3066154,look,0,,42,look_f0_s42_in22k_v5scr,last
ISIC_0068779,BCN_0003324,BCN_0003324,60+,bcn20000,0,True,1,0.0047805207,0.8753334,0.012713974,0.061301257,0.0149263125,0.0034926806,0.027451763,0.8950403,,0.8950403,look,0,,42,look_f0_s42_in22k_v5scr,last
ISIC_0068792,BCN_0004752,BCN_0004752,60+,bcn20000,1,True,1,0.0076675843,0.8862933,0.0075783557,0.05347598,0.004500483,0.0036698384,0.036814548,0.8984614,,0.8984614,look,0,,42,look_f0_s42_in22k_v5scr,last
ISIC_0068807,BCN_0001061,BCN_0001061,<40,bcn20000,5,False,5,0.009015299,0.004893015,0.0032428748,0.057122853,0.0063139205,0.8749169,0.044495083,0.020222235,,0.020222235,look,0,,42,look_f0_s42_in22k_v5scr,last
ISIC_0068818,BCN_0001694,BCN_0001694,60+,bcn20000,4,True,4,0.011679035,0.1166989,0.004826294,0.0919769,0.7126439,0.0008277531,0.06134721,0.84102184,,0.84102184,look,0,,42,look_f0_s42_in22k_v5scr,last
ISIC_0068840,BCN_0002577,BCN_0002577,40-59,bcn20000,4,True,4,0.0080742,0.004905975,0.006203514,0.05025841,0.886953,0.0030249087,0.040579967,0.89993316,,0.89993316,look,0,,42,look_f0_s42_in22k_v5scr,last
ISIC_0068851,BCN_0002214,BCN_0002214,60+,bcn20000,4,True,5,0.12998807,0.21466056,0.013181987,0.111379236,0.10744465,0.30995604,0.11338952,0.45209327,,0.45209327,look,0,,42,look_f0_s42_in22k_v5scr,last
ISIC_0068869,BCN_0000332,BCN_0000332,60+,bcn20000,1,True,1,0.03213391,0.85282314,0.004018449,0.0626728,0.0033349895,0.0025098263,0.042506956,0.8882921,,0.8882921,look,0,,42,look_f0_s42_in22k_v5scr,last
ISIC_0068879,BCN_0001655,BCN_0001655,60+,bcn20000,0,True,4,0.028476223,0.0027286701,0.03165645,0.066654064,0.82369953,0.002481822,0.044303183,0.8549044,,0.8549044,look,0,,42,look_f0_s42_in22k_v5scr,last
ISIC_0068885,BCN_0004642,BCN_0004642,60+,bcn20000,0,True,1,0.0069888276,0.89857274,0.0038487208,0.051675405,0.0033604596,0.0031808063,0.032373015,0.908922,,0.908922,look,0,,42,look_f0_s42_in22k_v5scr,last
ISIC_0068900,BCN_0000444,BCN_0000444,40-59,bcn20000,4,True,1,0.013645935,0.55075735,0.010320654,0.1322387,0.18873608,0.0059355083,0.09836577,0.7531394,,0.7531394,look,0,,42,look_f0_s42_in22k_v5scr,last
ISIC_0068920,BCN_0003389,BCN_0003389,60+,bcn20000,1,True,1,0.04247732,0.5964583,0.110642955,0.15818551,0.0043466035,0.0035312285,0.08435802,0.64328223,,0.64328223,look,0,,42,look_f0_s42_in22k_v5scr,last
ISIC_0068933,BCN_0005409,BCN_0005409,40-59,bcn20000,1,True,2,0.008947939,0.27735078,0.58773756,0.07345231,0.0040164054,0.0014028751,0.047092143,0.29031512,,0.29031512,look,0,,42,look_f0_s42_in22k_v5scr,last
ISIC_0068939,BCN_0005646,BCN_0005646,40-59,bcn20000,5,False,5,0.010566348,0.006078568,0.0067060553,0.06833969,0.0041669332,0.85571307,0.04842934,0.020811848,,0.020811848,look,0,,42,look_f0_s42_in22k_v5scr,last
ISIC_0068959,BCN_0002348,BCN_0002348,<40,bcn20000,5,False,5,0.009150009,0.026999561,0.033286657,0.08416245,0.004940114,0.787832,0.05362915,0.041089684,,0.041089684,look,0,,42,look_f0_s42_in22k_v5scr,last
ISIC_0068989,BCN_0003551,BCN_0003551,<40,bcn20000,0,True,5,0.02783533,0.049784802,0.018428197,0.09193536,0.007611977,0.74427795,0.060126305,0.08523211,,0.08523211,look,0,,42,look_f0_s42_in22k_v5scr,last
ISIC_0068993,BCN_0002079,BCN_0002079,40-59,bcn20000,4,True,4,0.011303049,0.0073236558,0.0070090387,0.062261228,0.8697173,0.0028794885,0.039506294,0.888344,,0.888344,look,0,,42,look_f0_s42_in22k_v5scr,last
ISIC_0068995,BCN_0000230,BCN_0000230,60+,bcn20000,0,True,1,0.43102634,0.43592367,0.008455845,0.07314178,0.00334324,0.005502798,0.042606268,0.87029326,,0.87029326,look,0,,42,look_f0_s42_in22k_v5scr,last
ISIC_0069032,BCN_0000984,BCN_0000984,60+,bcn20000,1,True,1,0.1132721,0.38335034,0.13659628,0.19215547,0.010720846,0.087581754,0.076323204,0.5073433,,0.5073433,look,0,,42,look_f0_s42_in22k_v5scr,last
ISIC_0069067,BCN_0002770,BCN_0002770,<40,bcn20000,5,False,5,0.009073568,0.0061520576,0.005475504,0.067853265,0.011850963,0.84995085,0.04964379,0.027076587,,0.027076587,look,0,,42,look_f0_s42_in22k_v5scr,last
ISIC_0069091,BCN_0002577,BCN_0002577,40-59,bcn20000,4,True,4,0.0060469825,0.003870999,0.0058776475,0.048870567,0.89128,0.0042601153,0.039793752,0.90119797,,0.90119797,look,0,,42,look_f0_s42_in22k_v5scr,last
ISIC_0069093,BCN_0002614,BCN_0002614,40-59,bcn20000,4,True,4,0.014551569,0.0011260236,0.04825097,0.10403557,0.5442615,0.21472766,0.073046654,0.5599391,,0.5599391,look,0,,42,look_f0_s42_in22k_v5scr,last
ISIC_0069105,BCN_0001163,BCN_0001163,60+,bcn20000,4,True,4,0.00922387,0.006211161,0.0053424756,0.053755466,0.8853471,0.0035310332,0.036588863,0.90078217,,0.90078217,look,0,,42,look_f0_s42_in22k_v5scr,last
ISIC_0069115,BCN_0004845,BCN_0004845,40-59,bcn20000,5,False,5,0.010067073,0.004979344,0.0068198573,0.071542785,0.0048159915,0.8548627,0.046912275,0.019862408,,0.019862408,look,0,,42,look_f0_s42_in22k_v5scr,last
ISIC_0069126,BCN_0000168,BCN_0000168,40-59,bcn20000,5,False,5,0.011253508,0.0102531025,0.066557795,0.10820695,0.0057606087,0.74358386,0.054384146,0.02726722,,0.02726722,look,0,,42,look_f0_s42_in22k_v5scr,last
ISIC_0069129,BCN_0005626,BCN_0005626,60+,bcn20000,2,False,2,0.007121637,0.0043035457,0.88123673,0.051660184,0.008132738,0.006268798,0.041276313,0.01955792,,0.01955792,look,0,,42,look_f0_s42_in22k_v5scr,last
ISIC_0069153,BCN_0004274,BCN_0004274,60+,bcn20000,1,True,1,0.027512485,0.8097876,0.0143337995,0.08980477,0.004590649,0.0025628759,0.05140778,0.8418907,,0.8418907,look,0,,42,look_f0_s42_in22k_v5scr,last
ISIC_0069157,BCN_0003568,BCN_0003568,<40,bcn20000,5,False,5,0.007470021,0.005189543,0.010475386,0.056562606,0.0035229442,0.87766355,0.039115984,0.016182508,,0.016182508,look,0,,42,look_f0_s42_in22k_v5scr,last
ISIC_0069178,BCN_0003316,BCN_0003316,60+,bcn20000,5,False,4,0.017312972,0.0070588435,0.009121907,0.10542131,0.70154965,0.073607184,0.0859281,0.72592145,,0.72592145,look,0,,42,look_f0_s42_in22k_v5scr,last
ISIC_0069179,BCN_0000319,BCN_0000319,60+,bcn20000,4,True,4,0.0051460364,0.007203686,0.009368421,0.052781817,0.8862385,0.0028729257,0.03638864,0.89858824,,0.89858824,look,0,,42,look_f0_s42_in22k_v5scr,last
ISIC_0069184,BCN_0000332,BCN_0000332,60+,bcn20000,1,True,1,0.045275945,0.7778862,0.008502701,0.09335551,0.006005646,0.007304098,0.061669957,0.8291678,,0.8291678,look,0,,42,look_f0_s42_in22k_v5scr,last
ISIC_0069190,BCN_0005324,BCN_0005324,<40,bcn20000,5,False,5,0.010847371,0.007858195,0.0069533153,0.06876358,0.007951332,0.8460567,0.05156951,0.026656898,,0.026656898,look,0,,42,look_f0_s42_in22k_v5scr,last
ISIC_0069191,BCN_0004375,BCN_0004375,60+,bcn20000,1,True,1,0.00369212,0.93266934,0.0065330183,0.026732236,0.0022964175,0.004113068,0.023963725,0.9386578,,0.9386578,look,0,,42,look_f0_s42_in22k_v5scr,last
ISIC_0069205,BCN_0000887,BCN_0000887,<40,bcn20000,5,False,5,0.0069591003,0.004002542,0.00672032,0.056896616,0.015971174,0.85975236,0.049697876,0.026932817,,0.026932817,look,0,,42,look_f0_s42_in22k_v5scr,last
ISIC_0069220,BCN_0001805,BCN_0001805,60+,bcn20000,0,True,0,0.94404453,0.003584959,0.004051238,0.024247115,0.0030383558,0.002734279,0.018299576,0.95066786,,0.95066786,look,0,,42,look_f0_s42_in22k_v5scr,last
ISIC_0069242,BCN_0001948,BCN_0001948,40-59,bcn20000,6,False,5,0.0045288,0.33384407,0.0049808775,0.104737595,0.025264492,0.3724032,0.15424092,0.36363736,,0.36363736,look,0,,42,look_f0_s42_in22k_v5scr,last
ISIC_0069243,BCN_0003235,BCN_0003235,40-59,bcn20000,5,False,4,0.012052347,0.008647647,0.010053909,0.11674969,0.52536285,0.24382064,0.08331293,0.5460628,,0.5460628,look,0,,42,look_f0_s42_in22k_v5scr,last
ISIC_0069245,BCN_0003907,BCN_0003907,60+,bcn20000,4,True,4,0.012108462,0.34431127,0.008631577,0.17393775,0.38084286,0.015827946,0.0643401,0.7372626,,0.7372626,look,0,,42,look_f0_s42_in22k_v5scr,last
ISIC_0069268,BCN_0005666,BCN_0005666,60+,bcn20000,4,True,4,0.008859362,0.0042886413,0.007188574,0.06817733,0.85792625,0.008976866,0.044582885,0.87107426,,0.87107426,look,0,,42,look_f0_s42_in22k_v5scr,last
ISIC_0069271,BCN_0004153,BCN_0004153,60+,bcn20000,0,True,4,0.11218387,0.0030807657,0.04120325,0.1292368,0.33036855,0.28611392,0.09781283,0.44563317,,0.44563317,look,0,,42,look_f0_s42_in22k_v5scr,last
ISIC_0069293,BCN_0001694,BCN_0001694,60+,bcn20000,4,True,4,0.01003479,0.0070741866,0.0028688926,0.054189045,0.8951578,0.0012951192,0.029380212,0.9122668,,0.9122668,look,0,,42,look_f0_s42_in22k_v5scr,last
ISIC_0069301,BCN_0001091,BCN_0001091,60+,bcn20000,1,True,1,0.006491922,0.9119338,0.0030361458,0.03901559,0.0056038476,0.0032390405,0.030679695,0.9240295,,0.9240295,look,0,,42,look_f0_s42_in22k_v5scr,last
ISIC_0069320,BCN_0002033,BCN_0002033,60+,bcn20000,5,False,4,0.0031192766,0.008145513,0.0038129222,0.061738603,0.8254768,0.037543338,0.06016349,0.8367416,,0.8367416,look,0,,42,look_f0_s42_in22k_v5scr,last
ISIC_0069323,BCN_0002597,BCN_0002597,40-59,bcn20000,5,False,5,0.010057513,0.004879654,0.007144633,0.06342721,0.020545987,0.84193826,0.05200671,0.03548315,,0.03548315,look,0,,42,look_f0_s42_in22k_v5scr,last
ISIC_0069324,BCN_0004631,BCN_0004631,40-59,bcn20000,4,True,5,0.011059841,0.0056588138,0.008664543,0.07776908,0.013200182,0.8434576,0.040189963,0.029918838,,0.029918838,look,0,,42,look_f0_s42_in22k_v5scr,last
ISIC_0069342,BCN_0004379,BCN_0004379,60+,bcn20000,1,True,1,0.018077502,0.8914052,0.0048154383,0.047374815,0.0041314634,0.0041649234,0.030030677,0.91361415,,0.91361415,look,0,,42,look_f0_s42_in22k_v5scr,last
ISIC_0069354,BCN_0005537,BCN_0005537,40-59,bcn20000,2,False,5,0.009347229,0.0050348667,0.019817522,0.07195419,0.0048346613,0.8438029,0.045208503,0.019216757,,0.019216757,look,0,,42,look_f0_s42_in22k_v5scr,last
ISIC_0069396,BCN_0001961,BCN_0001961,<40,bcn20000,5,False,5,0.0062956465,0.00447337,0.007215716,0.05902826,0.005866285,0.87454844,0.04257234,0.016635302,,0.016635302,look,0,,42,look_f0_s42_in22k_v5scr,last
ISIC_0069403,BCN_0001356,BCN_0001356,40-59,bcn20000,5,False,5,0.008523822,0.00569571,0.005062612,0.065090954,0.0051223175,0.8719208,0.03858385,0.019341849,,0.019341849,look,0,,42,look_f0_s42_in22k_v5scr,last
ISIC_0069410,BCN_0005666,BCN_0005666,60+,bcn20000,4,True,4,0.012820851,0.0057032187,0.009777921,0.11631155,0.4319092,0.345463,0.078014284,0.45043328,,0.45043328,look,0,,42,look_f0_s42_in22k_v5scr,last
ISIC_0069411,BCN_0000121,BCN_0000121,60+,bcn20000,4,True,4,0.013026644,0.031366512,0.010127861,0.08108887,0.79945755,0.002437566,0.062495008,0.84385073,,0.84385073,look,0,,42,look_f0_s42_in22k_v5scr,last
ISIC_0069437,BCN_0000121,BCN_0000121,60+,bcn20000,4,True,4,0.010933018,0.009456101,0.0063548894,0.06197824,0.8661326,0.0032097942,0.041935284,0.88652176,,0.88652176,look,0,,42,look_f0_s42_in22k_v5scr,last
ISIC_0069446,BCN_0003228,BCN_0003228,60+,bcn20000,0,True,2,0.0069320714,0.12674427,0.72044075,0.07399046,0.0042208773,0.0053973775,0.062274218,0.13789721,,0.13789721,look,0,,42,look_f0_s42_in22k_v5scr,last
ISIC_0069447,BCN_0001420,BCN_0001420,40-59,bcn20000,5,False,5,0.008264297,0.0046900776,0.007817006,0.060342465,0.0035803982,0.87274015,0.042565607,0.016534774,,0.016534774,look,0,,42,look_f0_s42_in22k_v5scr,last
ISIC_0069493,BCN_0004375,BCN_0004375,60+,bcn20000,1,True,1,0.004951061,0.8991415,0.004981966,0.04226289,0.0034939519,0.006163241,0.039005462,0.9075865,,0.9075865,look,0,,42,look_f0_s42_in22k_v5scr,last
ISIC_0069495,BCN_0001987,BCN_0001987,40-59,bcn20000,5,False,2,0.016401932,0.006117628,0.5514302,0.09849307,0.19250235,0.07235578,0.06269898,0.21502191,,0.21502191,look,0,,42,look_f0_s42_in22k_v5scr,last
ISIC_0069507,BCN_0000512,BCN_0000512,<40,bcn20000,5,False,5,0.016093617,0.013038214,0.008669955,0.07433626,0.0060865413,0.82722586,0.05454956,0.035218373,,0.035218373,look,0,,42,look_f0_s42_in22k_v5scr,last
ISIC_0069508,BCN_0004066,BCN_0004066,60+,bcn20000,4,True,4,0.012468081,0.008764372,0.007894697,0.09703729,0.5084542,0.29400742,0.07137386,0.5296866,,0.5296866,look,0,,42,look_f0_s42_in22k_v5scr,last
ISIC_0069519,BCN_0005324,BCN_0005324,<40,bcn20000,5,False,5,0.010940355,0.006224048,0.0045253197,0.10373645,0.08056011,0.72901523,0.06499847,0.09772451,,0.09772451,look,0,,42,look_f0_s42_in22k_v5scr,last
ISIC_0069554,BCN_0000692,BCN_0000692,40-59,bcn20000,5,False,3,0.0002647127,0.00026620936,0.00012742825,0.9942568,0.00075700576,0.0020334916,0.0022943802,0.0012879279,,0.0012879279,look,0,,42,look_f0_s42_in22k_v5scr,last
ISIC_0069555,BCN_0000096,BCN_0000096,60+,bcn20000,1,True,1,0.009436755,0.8932061,0.0050401017,0.049233295,0.004785823,0.0030857043,0.035212155,0.9074287,,0.9074287,look,0,,42,look_f0_s42_in22k_v5scr,last
ISIC_0069592,BCN_0000360,BCN_0000360,40-59,bcn20000,4,True,5,0.018105261,0.0058764797,0.011883412,0.076451555,0.025358766,0.79683286,0.065491684,0.04934051,,0.04934051,look,0,,42,look_f0_s42_in22k_v5scr,last
ISIC_0069614,BCN_0004633,BCN_0004633,60+,bcn20000,0,True,2,0.16810519,0.009711268,0.69493914,0.06985994,0.023632566,0.0012502779,0.032501627,0.20144902,,0.20144902,look,0,,42,look_f0_s42_in22k_v5scr,last
ISIC_0069672,BCN_0002502,BCN_0002502,40-59,bcn20000,5,False,5,0.024337633,0.034196936,0.011986922,0.068158664,0.008600885,0.8084902,0.04422887,0.06713545,,0.06713545,look,0,,42,look_f0_s42_in22k_v5scr,last
ISIC_0069683,BCN_0004513,BCN_0004513,40-59,bcn20000,2,False,1,0.03328579,0.8835827,0.0053616506,0.047492344,0.0012367683,0.00394287,0.025097849,0.9181053,,0.9181053,look,0,,42,look_f0_s42_in22k_v5scr,last
ISIC_0069684,BCN_0001665,BCN_0001665,60+,bcn20000,5,False,5,0.012004358,0.008107901,0.0068262345,0.06901326,0.0054632947,0.8488333,0.04975163,0.025575552,,0.025575552,look,0,,42,look_f0_s42_in22k_v5scr,last
ISIC_0069687,BCN_0003816,BCN_0003816,40-59,bcn20000,5,False,5,0.0063315365,0.0062017324,0.0034775713,0.083827734,0.056874026,0.7977811,0.045506272,0.06940729,,0.06940729,look,0,,42,look_f0_s42_in22k_v5scr,last
ISIC_0069698,BCN_0003597,BCN_0003597,<40,bcn20000,5,False,5,0.008616419,0.006273436,0.005387737,0.062148236,0.004341158,0.86664456,0.046588488,0.019231014,,0.019231014,look,0,,42,look_f0_s42_in22k_v5scr,last
ISIC_0069700,BCN_0003373,BCN_0003373,<40,bcn20000,5,False,5,0.008162718,0.005315058,0.0062628896,0.065786295,0.008973238,0.8563365,0.049163297,0.022451013,,0.022451013,look,0,,42,look_f0_s42_in22k_v5scr,last
ISIC_0069706,BCN_0005666,BCN_0005666,60+,bcn20000,4,True,4,0.005368215,0.0028125893,0.011068625,0.04686831,0.89347345,0.0041366955,0.036272094,0.90165424,,0.90165424,look,0,,42,look_f0_s42_in22k_v5scr,last
ISIC_0069714,BCN_0001425,BCN_0001425,40-59,bcn20000,1,True,1,0.008933916,0.8896803,0.00582294,0.05289198,0.003840881,0.0032259242,0.035604063,0.9024551,,0.9024551,look,0,,42,look_f0_s42_in22k_v5scr,last
ISIC_0069732,BCN_0004027,BCN_0004027,40-59,bcn20000,1,True,1,0.008880744,0.9117663,0.0021410165,0.04137473,0.0035447103,0.0034112642,0.028881263,0.9241917,,0.9241917,look,0,,42,look_f0_s42_in22k_v5scr,last
ISIC_0069735,BCN_0000887,BCN_0000887,<40,bcn20000,5,False,5,0.008800172,0.0049070595,0.007940083,0.06456842,0.008888948,0.8556163,0.04927901,0.02259618,,0.02259618,look,0,,42,look_f0_s42_in22k_v5scr,last
ISIC_0069743,BCN_0001096,BCN_0001096,<40,bcn20000,4,True,5,0.009533525,0.005761309,0.0073687844,0.069097586,0.0061266357,0.857854,0.044258103,0.02142147,,0.02142147,look,0,,42,look_f0_s42_in22k_v5scr,last
ISIC_0069758,BCN_0005133,BCN_0005133,60+,bcn20000,2,False,1,0.010248987,0.6615982,0.15484318,0.09446029,0.00813801,0.01037664,0.060334686,0.67998517,,0.67998517,look,0,,42,look_f0_s42_in22k_v5scr,last
ISIC_0069774,BCN_0001818,BCN_0001818,40-59,bcn20000,5,False,5,0.013926402,0.009517241,0.0088702915,0.07216874,0.0038945456,0.840331,0.05129167,0.027338188,,0.027338188,look,0,,42,look_f0_s42_in22k_v5scr,last
ISIC_0069790,BCN_0003402,BCN_0003402,40-59,bcn20000,2,False,2,0.005306722,0.0037899073,0.8643774,0.05146379,0.03215814,0.006238542,0.03666551,0.04125477,,0.04125477,look,0,,42,look_f0_s42_in22k_v5scr,last
ISIC_0069791,BCN_0004631,BCN_0004631,40-59,bcn20000,4,True,4,0.00959121,0.004425226,0.005449907,0.06506981,0.8770647,0.002833602,0.035565585,0.89108115,,0.89108115,look,0,,42,look_f0_s42_in22k_v5scr,last
ISIC_0069798,BCN_0005033,BCN_0005033,40-59,bcn20000,5,False,5,0.01354651,0.0096088275,0.0058588046,0.10376945,0.060564157,0.7404091,0.06624318,0.08371949,,0.08371949,look,0,,42,look_f0_s42_in22k_v5scr,last
ISIC_0069813,BCN_0003487,BCN_0003487,40-59,bcn20000,1,True,1,0.011272507,0.89517826,0.014414463,0.045698017,0.0041006217,0.0020753748,0.02726078,0.91055137,,0.91055137,look,0,,42,look_f0_s42_in22k_v5scr,last
ISIC_0069824,BCN_0005363,BCN_0005363,<40,bcn20000,5,False,5,0.011265271,0.008004368,0.007118791,0.06602839,0.0065910015,0.8527377,0.048254393,0.025860641,,0.025860641,look,0,,42,look_f0_s42_in22k_v5scr,last
ISIC_0069828,BCN_0000534,BCN_0000534,60+,bcn20000,1,True,1,0.008621951,0.89446753,0.003967101,0.049460363,0.0048805256,0.003123024,0.035479516,0.90797,,0.90797,look,0,,42,look_f0_s42_in22k_v5scr,last
ISIC_0069854,BCN_0005033,BCN_0005033,40-59,bcn20000,5,False,5,0.012169076,0.007715023,0.006113554,0.07507171,0.009824547,0.83551383,0.05359237,0.029708646,,0.029708646,look,0,,42,look_f0_s42_in22k_v5scr,last
ISIC_0069869,BCN_0000927,BCN_0000927,60+,bcn20000,0,True,0,0.43023762,0.0031806037,0.0987884,0.1920664,0.14524548,0.0048431866,0.12563829,0.5786637,,0.5786637,look,0,,42,look_f0_s42_in22k_v5scr,last
ISIC_0069873,BCN_0001108,BCN_0001108,60+,bcn20000,4,True,4,0.013035481,0.008033945,0.012958101,0.060396675,0.86341876,0.0033790462,0.038778033,0.88448817,,0.88448817,look,0,,42,look_f0_s42_in22k_v5scr,last
ISIC_0069879,BCN_0000303,BCN_0000303,<40,bcn20000,2,False,5,0.010193671,0.027504744,0.0034020438,0.09439909,0.03862122,0.7489192,0.07696001,0.076319635,,0.076319635,look,0,,42,look_f0_s42_in22k_v5scr,last
ISIC_0069885,BCN_0001430,BCN_0001430,40-59,bcn20000,2,False,4,0.023055261,0.012357162,0.10469295,0.1442448,0.5766408,0.029928397,0.109080665,0.6120532,,0.6120532,look,0,,42,look_f0_s42_in22k_v5scr,last
ISIC_0069908,BCN_0000029,BCN_0000029,40-59,bcn20000,4,True,5,0.008705578,0.0045639416,0.0048871436,0.05789341,0.005649941,0.87449443,0.043805495,0.01891946,,0.01891946,look,0,,42,look_f0_s42_in22k_v5scr,last
ISIC_0069934,BCN_0002207,BCN_0002207,60+,bcn20000,1,True,0,0.6859349,0.11773594,0.048627704,0.080854245,0.005341847,0.0033485282,0.05815677,0.80901265,,0.80901265,look,0,,42,look_f0_s42_in22k_v5scr,last
ISIC_0069935,BCN_0002144,BCN_0002144,40-59,bcn20000,5,False,1,0.008960933,0.87458104,0.0066594793,0.057768162,0.0056957062,0.0072703655,0.03906425,0.8892377,,0.8892377,look,0,,42,look_f0_s42_in22k_v5scr,last
ISIC_0069966,BCN_0000209,BCN_0000209,40-59,bcn20000,1,True,4,0.0052809543,0.0031080483,0.004943433,0.037263837,0.9126916,0.0052688583,0.03144317,0.9210806,,0.9210806,look,0,,42,look_f0_s42_in22k_v5scr,last
ISIC_0069972,BCN_0003889,BCN_0003889,60+,bcn20000,1,True,1,0.015385049,0.80247766,0.00697618,0.08549424,0.03305326,0.0045111356,0.052102488,0.85091597,,0.85091597,look,0,,42,look_f0_s42_in22k_v5scr,last
ISIC_0069992,BCN_0004021,BCN_0004021,<40,bcn20000,5,False,5,0.010836763,0.010494509,0.0071824347,0.06909115,0.005142857,0.8476219,0.049630474,0.02647413,,0.02647413,look,0,,42,look_f0_s42_in22k_v5scr,last
ISIC_0070011,BCN_0001091,BCN_0001091,60+,bcn20000,1,True,1,0.013623671,0.9039117,0.002155442,0.041900165,0.0075691496,0.0025108994,0.02832897,0.9251045,,0.9251045,look,0,,42,look_f0_s42_in22k_v5scr,last
ISIC_0070012,BCN_0001729,BCN_0001729,60+,bcn20000,4,True,4,0.017204363,0.014415496,0.0039495816,0.05528976,0.8455796,0.002151092,0.061410014,0.8771995,,0.8771995,look,0,,42,look_f0_s42_in22k_v5scr,last
ISIC_0070018,BCN_0000360,BCN_0000360,40-59,bcn20000,4,True,5,0.013512663,0.013389828,0.01906188,0.11377853,0.3928475,0.39467347,0.052736104,0.41975,,0.41975,look,0,,42,look_f0_s42_in22k_v5scr,last
ISIC_0070028,BCN_0000384,BCN_0000384,60+,bcn20000,5,False,5,0.01181163,0.007747235,0.009736356,0.07326495,0.003874698,0.8440663,0.04949876,0.023433564,,0.023433564,look,0,,42,look_f0_s42_in22k_v5scr,last
ISIC_0070044,BCN_0001356,BCN_0001356,40-59,bcn20000,5,False,5,0.0047849733,0.007284087,0.002624065,0.051780187,0.004639728,0.9008976,0.027989453,0.016708788,,0.016708788,look,0,,42,look_f0_s42_in22k_v5scr,last
ISIC_0070072,BCN_0000206,BCN_0000206,60+,bcn20000,1,True,1,0.009203866,0.87004566,0.0054744137,0.06005001,0.006455008,0.0054810955,0.04329001,0.8857045,,0.8857045,look,0,,42,look_f0_s42_in22k_v5scr,last
ISIC_0070077,BCN_0001114,BCN_0001114,<40,bcn20000,5,False,5,0.012816536,0.008059896,0.007308923,0.07218043,0.0052415207,0.84154046,0.052852273,0.026117953,,0.026117953,look,0,,42,look_f0_s42_in22k_v5scr,last
ISIC_0070102,BCN_0003889,BCN_0003889,60+,bcn20000,1,True,1,0.017613767,0.8592158,0.0038023035,0.05349604,0.019670388,0.0033065653,0.042895224,0.89649993,,0.89649993,look,0,,42,look_f0_s42_in22k_v5scr,last
ISIC_0070118,BCN_0000319,BCN_0000319,60+,bcn20000,4,True,2,0.011343398,0.014736562,0.55060476,0.12547757,0.21872312,0.0020487367,0.077065796,0.24480307,,0.24480307,look,0,,42,look_f0_s42_in22k_v5scr,last
ISIC_0070146,BCN_0003657,BCN_0003657,60+,bcn20000,1,True,1,0.006052993,0.91066414,0.00483051,0.041340195,0.0024479495,0.0032590323,0.031405155,0.9191651,,0.9191651,look,0,,42,look_f0_s42_in22k_v5scr,last
ISIC_0070163,BCN_0000319,BCN_0000319,60+,bcn20000,4,True,2,0.009960286,0.022763012,0.8659711,0.043044873,0.017725252,0.002681162,0.037854396,0.05044855,,0.05044855,look,0,,42,look_f0_s42_in22k_v5scr,last
ISIC_0070169,BCN_0005125,BCN_0005125,40-59,bcn20000,5,False,5,0.009710342,0.009530472,0.0065295533,0.062228445,0.016791077,0.8330895,0.062120635,0.03603189,,0.03603189,look,0,,42,look_f0_s42_in22k_v5scr,last
ISIC_0070170,BCN_0001729,BCN_0001729,60+,bcn20000,4,True,4,0.010253057,0.005602296,0.0049597914,0.053292517,0.87093353,0.0024275116,0.05253124,0.8867889,,0.8867889,look,0,,42,look_f0_s42_in22k_v5scr,last
ISIC_0070195,BCN_0004010,BCN_0004010,40-59,bcn20000,0,True,3,0.0024071208,0.00035591377,0.00078419707,0.99402845,9.822705e-05,3.2115964e-05,0.002293954,0.0028612616,,0.0028612616,look,0,,42,look_f0_s42_in22k_v5scr,last
ISIC_0070197,BCN_0004870,BCN_0004870,60+,bcn20000,1,True,1,0.0064484137,0.83026564,0.013566406,0.05090357,0.004450568,0.0033149016,0.09105056,0.8411646,,0.8411646,look,0,,42,look_f0_s42_in22k_v5scr,last
ISIC_0070217,BCN_0004877,BCN_0004877,40-59,bcn20000,4,True,5,0.013986018,0.19048204,0.071945414,0.15487692,0.14150703,0.2827884,0.14441413,0.3459751,,0.3459751,look,0,,42,look_f0_s42_in22k_v5scr,last
ISIC_0070226,BCN_0003597,BCN_0003597,<40,bcn20000,5,False,5,0.008699242,0.00622106,0.0052146716,0.06773454,0.0030742763,0.85847884,0.050577316,0.017994579,,0.017994579,look,0,,42,look_f0_s42_in22k_v5scr,last
ISIC_0070228,BCN_0000643,BCN_0000643,unknown,bcn20000,5,False,4,0.008419313,0.0024420274,0.009714396,0.06208795,0.7848755,0.08072974,0.0517311,0.79573685,,0.79573685,look,0,,42,look_f0_s42_in22k_v5scr,last
ISIC_0070236,BCN_0003162,BCN_0003162,60+,bcn20000,1,True,4,0.035504844,0.026956504,0.033666223,0.1586037,0.5330366,0.09789711,0.11433506,0.59549797,,0.59549797,look,0,,42,look_f0_s42_in22k_v5scr,last
ISIC_0070238,BCN_0002794,BCN_0002794,60+,bcn20000,2,False,2,0.0072107576,0.0072420137,0.89675677,0.046108473,0.0041815205,0.0031292378,0.035371248,0.018634291,,0.018634291,look,0,,42,look_f0_s42_in22k_v5scr,last
ISIC_0070261,BCN_0000303,BCN_0000303,<40,bcn20000,2,False,5,0.013027947,0.007749798,0.005829766,0.062233213,0.008652757,0.85524803,0.047258515,0.029430501,,0.029430501,look,0,,42,look_f0_s42_in22k_v5scr,last
ISIC_0070279,BCN_0005030,BCN_0005030,<40,bcn20000,5,False,5,0.11992054,0.086274505,0.011314667,0.10646011,0.0094063645,0.5979149,0.068708874,0.2156014,,0.2156014,look,0,,42,look_f0_s42_in22k_v5scr,last
ISIC_0070338,BCN_0003497,BCN_0003497,60+,bcn20000,0,True,1,0.00479591,0.8802357,0.0115848435,0.05226126,0.006116672,0.0035232399,0.041482367,0.89114827,,0.89114827,look,0,,42,look_f0_s42_in22k_v5scr,last
ISIC_0070361,BCN_0001061,BCN_0001061,<40,bcn20000,5,False,5,0.010430273,0.0077027655,0.0074468968,0.068467475,0.00705726,0.8536045,0.045290858,0.025190298,,0.025190298,look,0,,42,look_f0_s42_in22k_v5scr,last
ISIC_0070392,BCN_0000512,BCN_0000512,<40,bcn20000,5,False,5,0.013533861,0.008432044,0.00844909,0.07447716,0.0050137313,0.8403967,0.049697448,0.026979636,,0.026979636,look,0,,42,look_f0_s42_in22k_v5scr,last
ISIC_0070427,BCN_0001108,BCN_0001108,60+,bcn20000,4,True,4,0.00570647,0.0023472086,0.012920271,0.054015964,0.87025815,0.016965957,0.037785888,0.8783118,,0.8783118,look,0,,42,look_f0_s42_in22k_v5scr,last
ISIC_0070447,BCN_0000906,BCN_0000906,60+,bcn20000,4,True,4,0.03060036,0.049898934,0.0105193155,0.15532726,0.48977435,0.14205103,0.12182871,0.57027364,,0.57027364,look,0,,42,look_f0_s42_in22k_v5scr,last
ISIC_0070483,BCN_0005316,BCN_0005316,60+,bcn20000,0,True,0,0.93312675,0.0032540807,0.0069642584,0.032919295,0.0033580805,0.0023557243,0.018021915,0.93973887,,0.93973887,look,0,,42,look_f0_s42_in22k_v5scr,last
ISIC_0070525,BCN_0004282,BCN_0004282,40-59,bcn20000,1,True,1,0.008427803,0.85525334,0.009079373,0.08370052,0.0025479365,0.0018653024,0.039125707,0.86622906,,0.86622906,look,0,,42,look_f0_s42_in22k_v5scr,last
ISIC_0070540,BCN_0001699,BCN_0001699,40-59,bcn20000,2,False,4,0.02477075,0.0032424957,0.00536611,0.035924565,0.8948973,0.0025173775,0.033281382,0.9229105,,0.9229105,look,0,,42,look_f0_s42_in22k_v5scr,last
ISIC_0070541,BCN_0005353,BCN_0005353,60+,bcn20000,1,True,1,0.0063203513,0.8819409,0.0047031976,0.05445724,0.0041059316,0.005836446,0.042635906,0.8923672,,0.8923672,look,0,,42,look_f0_s42_in22k_v5scr,last
ISIC_0070547,BCN_0002841,BCN_0002841,40-59,bcn20000,5,False,5,0.006683401,0.008136922,0.012425933,0.06470755,0.002029036,0.863026,0.042991117,0.016849358,,0.016849358,look,0,,42,look_f0_s42_in22k_v5scr,last
ISIC_0070549,BCN_0001163,BCN_0001163,60+,bcn20000,4,True,4,0.0107789645,0.0059480336,0.006249295,0.057671,0.87449783,0.003876164,0.04097872,0.8912248,,0.8912248,look,0,,42,look_f0_s42_in22k_v5scr,last
ISIC_0070566,BCN_0003907,BCN_0003907,60+,bcn20000,4,True,4,0.0061628865,0.0043050526,0.0055521154,0.05158304,0.88986945,0.0043677622,0.0381597,0.9003374,,0.9003374,look,0,,42,look_f0_s42_in22k_v5scr,last
ISIC_0070571,BCN_0002440,BCN_0002440,40-59,bcn20000,5,False,4,0.0100473305,0.0076469267,0.013744582,0.07565325,0.8146588,0.023533674,0.0547154,0.83235306,,0.83235306,look,0,,42,look_f0_s42_in22k_v5scr,last
ISIC_0070588,BCN_0004066,BCN_0004066,60+,bcn20000,4,True,4,0.0071368655,0.0064638252,0.009240769,0.059644304,0.86744773,0.011088225,0.038978327,0.88104844,,0.88104844,look,0,,42,look_f0_s42_in22k_v5scr,last
ISIC_0070619,BCN_0002854,BCN_0002854,60+,bcn20000,2,False,0,0.92239803,0.0050053797,0.004311224,0.039137363,0.00297455,0.002142201,0.024031218,0.93037796,,0.93037796,look,0,,42,look_f0_s42_in22k_v5scr,last
ISIC_0070622,BCN_0002794,BCN_0002794,60+,bcn20000,2,False,2,0.113624096,0.008063799,0.72439253,0.08195597,0.0015457501,0.013633459,0.05678444,0.123233646,,0.123233646,look,0,,42,look_f0_s42_in22k_v5scr,last
ISIC_0070640,BCN_0001602,BCN_0001602,40-59,bcn20000,5,False,5,0.011421794,0.0068904078,0.0077378717,0.0647477,0.0074669193,0.85565525,0.046079926,0.02577912,,0.02577912,look,0,,42,look_f0_s42_in22k_v5scr,last
ISIC_0070667,BCN_0000643,BCN_0000643,unknown,bcn20000,5,False,4,0.018977208,0.008726262,0.010091007,0.1183872,0.43388674,0.32641473,0.0835169,0.4615902,,0.4615902,look,0,,42,look_f0_s42_in22k_v5scr,last
ISIC_0070682,BCN_0001804,BCN_0001804,60+,bcn20000,1,True,0,0.6907426,0.22162917,0.0032042533,0.042081293,0.00452986,0.0008372253,0.036975604,0.9169016,,0.9169016,look,0,,42,look_f0_s42_in22k_v5scr,last
ISIC_0070713,BCN_0001154,BCN_0001154,60+,bcn20000,0,True,1,0.008024976,0.8947012,0.003982907,0.048668813,0.0036459789,0.0035222734,0.037453942,0.90637213,,0.90637213,look,0,,42,look_f0_s42_in22k_v5scr,last
ISIC_0070722,BCN_0003316,BCN_0003316,60+,bcn20000,5,False,2,0.0048945975,0.006164296,0.6187909,0.1156848,0.004180359,0.1471954,0.10308969,0.015239252,,0.015239252,look,0,,42,look_f0_s42_in22k_v5scr,last
ISIC_0070734,BCN_0004274,BCN_0004274,60+,bcn20000,1,True,4,0.019560123,0.032096762,0.028176596,0.13507625,0.7184738,0.011055924,0.055560593,0.7701307,,0.7701307,look,0,,42,look_f0_s42_in22k_v5scr,last
ISIC_0070737,BCN_0004865,BCN_0004865,60+,bcn20000,0,True,0,0.92522633,0.0014985065,0.020285524,0.025207361,0.0023381016,0.0025633867,0.02288071,0.92906296,,0.92906296,look,0,,42,look_f0_s42_in22k_v5scr,last
ISIC_0070744,BCN_0003487,BCN_0003487,40-59,bcn20000,1,True,1,0.011950623,0.89781106,0.006831098,0.04553729,0.0033872693,0.0031125646,0.03137005,0.91314894,,0.91314894,look,0,,42,look_f0_s42_in22k_v5scr,last
ISIC_0070754,BCN_0000672,BCN_0000672,60+,bcn20000,0,True,0,0.93573886,0.004234952,0.002367183,0.03187361,0.0020537183,0.003491226,0.020240396,0.94202757,,0.94202757,look,0,,42,look_f0_s42_in22k_v5scr,last
ISIC_0070756,BCN_0003907,BCN_0003907,60+,bcn20000,4,True,1,0.026692731,0.46093097,0.024799228,0.14824954,0.20094647,0.017196616,0.12118438,0.68857014,,0.68857014,look,0,,42,look_f0_s42_in22k_v5scr,last
ISIC_0070786,BCN_0002273,BCN_0002273,<40,bcn20000,5,False,5,0.009690289,0.0051032077,0.0076188995,0.06865071,0.005682953,0.85430104,0.04895286,0.02047645,,0.02047645,look,0,,42,look_f0_s42_in22k_v5scr,last
ISIC_0070806,BCN_0001602,BCN_0001602,40-59,bcn20000,5,False,5,0.008652643,0.005492496,0.007640989,0.06244047,0.00771887,0.8646259,0.04342868,0.02186401,,0.02186401,look,0,,42,look_f0_s42_in22k_v5scr,last
ISIC_0070812,BCN_0001679,BCN_0001679,60+,bcn20000,2,False,4,0.005680367,0.004660585,0.011954752,0.06576237,0.8615014,0.0054216683,0.045018844,0.8718423,,0.8718423,look,0,,42,look_f0_s42_in22k_v5scr,last
ISIC_0070814,BCN_0004254,BCN_0004254,40-59,bcn20000,4,True,5,0.009377533,0.0074080834,0.005814056,0.06704277,0.006906285,0.8537808,0.049670495,0.0236919,,0.0236919,look,0,,42,look_f0_s42_in22k_v5scr,last
ISIC_0070815,BCN_0000360,BCN_0000360,40-59,bcn20000,4,True,5,0.008639705,0.0037124641,0.010899735,0.060673524,0.0075209956,0.86956674,0.038986817,0.019873165,,0.019873165,look,0,,42,look_f0_s42_in22k_v5scr,last
ISIC_0070819,BCN_0002348,BCN_0002348,<40,bcn20000,5,False,1,0.009429849,0.8932494,0.007189222,0.050198007,0.004021434,0.0038798708,0.03203228,0.9067007,,0.9067007,look,0,,42,look_f0_s42_in22k_v5scr,last
ISIC_0070843,BCN_0000585,BCN_0000585,40-59,bcn20000,1,True,1,0.009464338,0.8827385,0.0057815863,0.053736698,0.0047149677,0.0039796564,0.039584357,0.89691776,,0.89691776,look,0,,42,look_f0_s42_in22k_v5scr,last
ISIC_0070900,BCN_0004009,BCN_0004009,60+,bcn20000,5,False,4,0.0052638273,0.0037298426,0.0049510454,0.051564958,0.8942834,0.0046676975,0.03553917,0.9032771,,0.9032771,look,0,,42,look_f0_s42_in22k_v5scr,last
ISIC_0070907,BCN_0003202,BCN_0003202,40-59,bcn20000,2,False,3,0.009380504,0.105931096,0.0022087398,0.870563,0.0026352792,0.00075153244,0.008529922,0.11794688,,0.11794688,look,0,,42,look_f0_s42_in22k_v5scr,last
ISIC_0070931,BCN_0002577,BCN_0002577,40-59,bcn20000,4,True,4,0.008514746,0.0058757467,0.007513517,0.055641375,0.8756774,0.0038386215,0.042938497,0.8900679,,0.8900679,look,0,,42,look_f0_s42_in22k_v5scr,last
ISIC_0070935,BCN_0001106,BCN_0001106,60+,bcn20000,1,True,0,0.6407584,0.13696608,0.016164891,0.13088685,0.013639898,0.00062230736,0.060961578,0.79136443,,0.79136443,look,0,,42,look_f0_s42_in22k_v5scr,last
ISIC_0070953,BCN_0000511,BCN_0000511,60+,bcn20000,1,True,1,0.03198978,0.813336,0.0040039737,0.08175532,0.015877694,0.0018059409,0.051231354,0.86120343,,0.86120343,look,0,,42,look_f0_s42_in22k_v5scr,last
ISIC_0070954,BCN_0002030,BCN_0002030,60+,bcn20000,2,False,5,0.0088281445,0.0058246995,0.044155467,0.090060994,0.0020021547,0.7951542,0.053974308,0.016655,,0.016655,look,0,,42,look_f0_s42_in22k_v5scr,last
ISIC_0070955,BCN_0002607,BCN_0002607,40-59,bcn20000,5,False,5,0.009787629,0.0046734596,0.0049179937,0.05759228,0.0018418588,0.87855434,0.042632475,0.016302947,,0.016302947,look,0,,42,look_f0_s42_in22k_v5scr,last
ISIC_0070958,BCN_0005287,BCN_0005287,40-59,bcn20000,1,True,1,0.01028598,0.8798561,0.005463909,0.05602646,0.004548635,0.0054099765,0.03840893,0.8946907,,0.8946907,look,0,,42,look_f0_s42_in22k_v5scr,last
ISIC_0070978,BCN_0000588,BCN_0000588,<40,bcn20000,5,False,5,0.010547341,0.0057973014,0.0066725323,0.065509886,0.006255195,0.8565978,0.04861991,0.022599837,,0.022599837,look,0,,42,look_f0_s42_in22k_v5scr,last
ISIC_0070990,BCN_0000444,BCN_0000444,40-59,bcn20000,4,True,4,0.013241098,0.0058348523,0.0070982995,0.0684972,0.8552505,0.0037261606,0.046351895,0.8743264,,0.8743264,look,0,,42,look_f0_s42_in22k_v5scr,last
ISIC_0071003,BCN_0005046,BCN_0005046,60+,bcn20000,1,True,1,0.005780095,0.7098937,0.009799083,0.12504235,0.010465276,0.079675935,0.05934361,0.72613907,,0.72613907,look,0,,42,look_f0_s42_in22k_v5scr,last
ISIC_0071013,BCN_0001430,BCN_0001430,40-59,bcn20000,2,False,2,0.018757654,0.011157945,0.44409296,0.1600079,0.2372818,0.028703744,0.09999798,0.2671974,,0.2671974,look,0,,42,look_f0_s42_in22k_v5scr,last
ISIC_0071044,BCN_0002464,BCN_0002464,40-59,bcn20000,6,False,1,0.0042732772,0.8409011,0.0050881505,0.062071957,0.01270295,0.024378045,0.050584555,0.8578773,,0.8578773,look,0,,42,look_f0_s42_in22k_v5scr,last
ISIC_0071053,BCN_0001151,BCN_0001151,60+,bcn20000,1,True,2,0.0076663303,0.012845386,0.89715755,0.043813802,0.0024198964,0.0017975692,0.034299433,0.022931613,,0.022931613,look,0,,42,look_f0_s42_in22k_v5scr,last
ISIC_0071078,BCN_0005516,BCN_0005516,40-59,bcn20000,5,False,5,0.012411442,0.005068495,0.09719756,0.13776037,0.21071805,0.443985,0.09285903,0.22819799,,0.22819799,look,0,,42,look_f0_s42_in22k_v5scr,last
ISIC_0071096,BCN_0003921,BCN_0003921,<40,bcn20000,5,False,5,0.012581698,0.006121488,0.006861605,0.06931091,0.006297526,0.84906626,0.04976055,0.02500071,,0.02500071,look,0,,42,look_f0_s42_in22k_v5scr,last
ISIC_0071102,BCN_0000241,BCN_0000241,40-59,bcn20000,1,True,1,0.007511613,0.8816085,0.0055580502,0.05264551,0.005300533,0.0043583494,0.043017507,0.8944206,,0.8944206,look,0,,42,look_f0_s42_in22k_v5scr,last
ISIC_0071103,BCN_0001987,BCN_0001987,40-59,bcn20000,5,False,5,0.008757117,0.0058629625,0.028450688,0.11283079,0.046669535,0.7367937,0.060635153,0.061289616,,0.061289616,look,0,,42,look_f0_s42_in22k_v5scr,last
ISIC_0071106,BCN_0001841,BCN_0001841,<40,bcn20000,5,False,5,0.009921463,0.0068137734,0.0063360925,0.06664,0.007295094,0.8548862,0.048107427,0.024030332,,0.024030332,look,0,,42,look_f0_s42_in22k_v5scr,last
ISIC_0071107,BCN_0002841,BCN_0002841,40-59,bcn20000,5,False,5,0.012804574,0.0138457455,0.0070374105,0.079534896,0.0024258303,0.82882303,0.05552863,0.029076152,,0.029076152,look,0,,42,look_f0_s42_in22k_v5scr,last
ISIC_0071114,BCN_0002034,BCN_0002034,60+,bcn20000,1,True,5,0.015151986,0.17053555,0.010956852,0.12985998,0.011437087,0.55571437,0.106344186,0.19712463,,0.19712463,look,0,,42,look_f0_s42_in22k_v5scr,last
ISIC_0071121,BCN_0002881,BCN_0002881,40-59,bcn20000,5,False,1,0.0070176916,0.89032394,0.0037594442,0.052446943,0.0035309251,0.009409247,0.033511747,0.9008725,,0.9008725,look,0,,42,look_f0_s42_in22k_v5scr,last
ISIC_0071174,BCN_0005324,BCN_0005324,<40,bcn20000,5,False,5,0.007876719,0.0049034925,0.0046356497,0.06332039,0.006450177,0.8667326,0.04608099,0.019230388,,0.019230388,look,0,,42,look_f0_s42_in22k_v5scr,last
ISIC_0071179,BCN_0002843,BCN_0002843,60+,bcn20000,4,True,4,0.008539391,0.06158566,0.00691657,0.10682413,0.71773845,0.0026002435,0.0957956,0.7878635,,0.7878635,look,0,,42,look_f0_s42_in22k_v5scr,last
ISIC_0071181,BCN_0002740,BCN_0002740,<40,bcn20000,5,False,5,0.007970767,0.004685044,0.0044828085,0.06415578,0.0069740913,0.866682,0.045049507,0.019629903,,0.019629903,look,0,,42,look_f0_s42_in22k_v5scr,last
ISIC_0071186,BCN_0001154,BCN_0001154,60+,bcn20000,0,True,1,0.00904602,0.8995826,0.0054052197,0.047435004,0.0034449615,0.0038110178,0.031275168,0.9120736,,0.9120736,look,0,,42,look_f0_s42_in22k_v5scr,last
ISIC_0071192,BCN_0003760,BCN_0003760,<40,bcn20000,4,True,0,0.8952973,0.008282933,0.021898974,0.033750888,0.0046233665,0.002983614,0.033162903,0.9082036,,0.9082036,look,0,,42,look_f0_s42_in22k_v5scr,last
ISIC_0071216,BCN_0002740,BCN_0002740,<40,bcn20000,5,False,5,0.009318491,0.004686604,0.005310897,0.06848697,0.004995513,0.85661274,0.050588757,0.019000608,,0.019000608,look,0,,42,look_f0_s42_in22k_v5scr,last
ISIC_0071246,BCN_0003316,BCN_0003316,60+,bcn20000,5,False,5,0.0077028694,0.004514184,0.005941104,0.052498855,0.006498035,0.8816295,0.041215375,0.018715087,,0.018715087,look,0,,42,look_f0_s42_in22k_v5scr,last
ISIC_0071276,BCN_0004139,BCN_0004139,40-59,bcn20000,2,False,2,0.09397486,0.0074750236,0.7511444,0.067700095,0.0074347765,0.0046245647,0.067646235,0.10888466,,0.10888466,look,0,,42,look_f0_s42_in22k_v5scr,last
ISIC_0071322,BCN_0001143,BCN_0001143,40-59,bcn20000,0,True,5,0.047441997,0.00537702,0.047115017,0.12160462,0.0029685579,0.69725174,0.07824102,0.055787574,,0.055787574,look,0,,42,look_f0_s42_in22k_v5scr,last
ISIC_0071346,BCN_0004877,BCN_0004877,40-59,bcn20000,4,True,2,0.0064130994,0.014218759,0.88088685,0.044393055,0.006097446,0.010407147,0.037583534,0.026729304,,0.026729304,look,0,,42,look_f0_s42_in22k_v5scr,last
ISIC_0071365,BCN_0000518,BCN_0000518,60+,bcn20000,2,False,2,0.009247592,0.009360333,0.8984207,0.043419715,0.0026475685,0.0035795579,0.033324502,0.021255493,,0.021255493,look,0,,42,look_f0_s42_in22k_v5scr,last
ISIC_0071369,BCN_0004274,BCN_0004274,60+,bcn20000,1,True,1,0.09558636,0.60200286,0.0047461386,0.18147099,0.06055173,0.0038916885,0.05175025,0.7581409,,0.7581409,look,0,,42,look_f0_s42_in22k_v5scr,last
ISIC_0071386,BCN_0001370,BCN_0001370,40-59,bcn20000,5,False,5,0.012360414,0.007578816,0.007446908,0.07266304,0.0037918477,0.8461899,0.04996898,0.023731077,,0.023731077,look,0,,42,look_f0_s42_in22k_v5scr,last
ISIC_0071397,BCN_0001106,BCN_0001106,60+,bcn20000,1,True,1,0.015400804,0.86527807,0.0056220475,0.06402496,0.013091096,0.0006775427,0.035905384,0.89377,,0.89377,look,0,,42,look_f0_s42_in22k_v5scr,last
ISIC_0071410,BCN_0002684,BCN_0002684,40-59,bcn20000,5,False,5,0.016094105,0.005903304,0.0076336386,0.06488851,0.012261439,0.8480717,0.045147248,0.03425885,,0.03425885,look,0,,42,look_f0_s42_in22k_v5scr,last
ISIC_0071445,BCN_0002983,BCN_0002983,40-59,bcn20000,2,False,2,0.005036541,0.0032565433,0.9214698,0.034578808,0.004656658,0.002925155,0.0280764,0.012949742,,0.012949742,look,0,,42,look_f0_s42_in22k_v5scr,last
ISIC_0071449,BCN_0004822,BCN_0004822,60+,bcn20000,0,True,4,0.166461,0.108815484,0.008758843,0.18097766,0.31978375,0.040880255,0.17432301,0.5950602,,0.5950602,look,0,,42,look_f0_s42_in22k_v5scr,last
ISIC_0071450,BCN_0005287,BCN_0005287,40-59,bcn20000,1,True,1,0.009756561,0.8793383,0.0055317343,0.05554955,0.0054346723,0.007145299,0.0372439,0.8945296,,0.8945296,look,0,,42,look_f0_s42_in22k_v5scr,last
ISIC_0071457,BCN_0000497,BCN_0000497,60+,bcn20000,5,False,5,0.009301144,0.005048403,0.0073642377,0.06803445,0.007980128,0.8499721,0.052299436,0.022329673,,0.022329673,look,0,,42,look_f0_s42_in22k_v5scr,last
ISIC_0071543,BCN_0001948,BCN_0001948,40-59,bcn20000,6,False,5,0.005286877,0.3559174,0.0059717246,0.11585691,0.010357848,0.4019586,0.104650594,0.37156212,,0.37156212,look,0,,42,look_f0_s42_in22k_v5scr,last
ISIC_0071545,BCN_0002854,BCN_0002854,60+,bcn20000,2,False,2,0.20226341,0.02752136,0.46256134,0.16646978,0.03488568,0.0014509015,0.10484759,0.26467046,,0.26467046,look,0,,42,look_f0_s42_in22k_v5scr,last
ISIC_0071555,BCN_0004002,BCN_0004002,60+,bcn20000,1,True,1,0.015789984,0.8968904,0.0040697297,0.04840237,0.0024751564,0.003654869,0.028717509,0.91515553,,0.91515553,look,0,,42,look_f0_s42_in22k_v5scr,last
ISIC_0071559,BCN_0000029,BCN_0000029,40-59,bcn20000,4,True,5,0.009476627,0.0066490313,0.0092300065,0.0644245,0.0044406527,0.86111146,0.04466768,0.02056631,,0.02056631,look,0,,42,look_f0_s42_in22k_v5scr,last
ISIC_0071606,BCN_0001154,BCN_0001154,60+,bcn20000,0,True,1,0.008024976,0.8947012,0.003982907,0.048668813,0.0036459789,0.0035222734,0.037453942,0.90637213,,0.90637213,look,0,,42,look_f0_s42_in22k_v5scr,last
ISIC_0071650,BCN_0002077,BCN_0002077,<40,bcn20000,5,False,5,0.010650881,0.009281602,0.007501199,0.06402126,0.0050996426,0.8583816,0.045063842,0.025032125,,0.025032125,look,0,,42,look_f0_s42_in22k_v5scr,last
ISIC_0071672,BCN_0003751,BCN_0003751,60+,bcn20000,1,True,5,0.0049866047,0.012922677,0.08129194,0.08786709,0.0077542462,0.6068399,0.19833751,0.025663527,,0.025663527,look,0,,42,look_f0_s42_in22k_v5scr,last
ISIC_0071687,BCN_0000168,BCN_0000168,40-59,bcn20000,5,False,5,0.016141295,0.011941371,0.06106419,0.10112102,0.004388897,0.7486711,0.056672107,0.032471564,,0.032471564,look,0,,42,look_f0_s42_in22k_v5scr,last
ISIC_0071690,BCN_0001512,BCN_0001512,60+,bcn20000,0,True,0,0.7440366,0.003562081,0.08927643,0.082327776,0.015080472,0.005791052,0.059925612,0.76267916,,0.76267916,look,0,,42,look_f0_s42_in22k_v5scr,last
ISIC_0071691,BCN_0002563,BCN_0002563,60+,bcn20000,5,False,5,0.011027279,0.008891713,0.0053129597,0.06627262,0.0046655093,0.8560988,0.04773113,0.024584502,,0.024584502,look,0,,42,look_f0_s42_in22k_v5scr,last
ISIC_0071692,BCN_0004602,BCN_0004602,60+,bcn20000,1,True,1,0.017021796,0.7816957,0.0073856525,0.09036674,0.035153437,0.002910367,0.065466374,0.83387095,,0.83387095,look,0,,42,look_f0_s42_in22k_v5scr,last
ISIC_0071712,BCN_0003584,BCN_0003584,60+,bcn20000,4,True,4,0.008917943,0.0075207446,0.006147046,0.06380514,0.86332405,0.004506637,0.045778506,0.8797627,,0.8797627,look,0,,42,look_f0_s42_in22k_v5scr,last
ISIC_0071746,BCN_0000652,BCN_0000652,60+,bcn20000,4,True,2,0.007608808,0.0048724543,0.8951267,0.053607047,0.0036811586,0.0019459887,0.03315779,0.016162422,,0.016162422,look,0,,42,look_f0_s42_in22k_v5scr,last
ISIC_0071753,BCN_0005136,BCN_0005136,60+,bcn20000,2,False,4,0.07506098,0.004519081,0.0053098598,0.05038287,0.7842662,0.024854418,0.055606604,0.86384624,,0.86384624,look,0,,42,look_f0_s42_in22k_v5scr,last
ISIC_0071756,BCN_0001805,BCN_0001805,60+,bcn20000,0,True,0,0.8953665,0.0048659616,0.01743025,0.04362184,0.004018,0.005140478,0.029556926,0.90425044,,0.90425044,look,0,,42,look_f0_s42_in22k_v5scr,last
ISIC_0071761,BCN_0004096,BCN_0004096,<40,bcn20000,5,False,5,0.011317552,0.00391343,0.009088848,0.15500973,0.23600705,0.4831518,0.1015116,0.25123802,,0.25123802,look,0,,42,look_f0_s42_in22k_v5scr,last
ISIC_0071787,BCN_0002464,BCN_0002464,40-59,bcn20000,6,False,5,0.0031442032,0.026456514,0.0046799215,0.05627011,0.009579901,0.80101526,0.09885418,0.039180618,,0.039180618,look,0,,42,look_f0_s42_in22k_v5scr,last
ISIC_0071793,BCN_0002404,BCN_0002404,60+,bcn20000,2,False,2,0.016838118,0.22270699,0.51116115,0.13358651,0.0030322517,0.022951448,0.089723535,0.24257736,,0.24257736,look,0,,42,look_f0_s42_in22k_v5scr,last
ISIC_0071815,BCN_0000121,BCN_0000121,60+,bcn20000,4,True,4,0.013201066,0.022707157,0.005574009,0.07680189,0.82992995,0.0025027175,0.04928329,0.86583817,,0.86583817,look,0,,42,look_f0_s42_in22k_v5scr,last
ISIC_0071824,BCN_0001818,BCN_0001818,40-59,bcn20000,5,False,5,0.013429607,0.008556061,0.0072418293,0.070160665,0.0050983108,0.848968,0.04654547,0.02708398,,0.02708398,look,0,,42,look_f0_s42_in22k_v5scr,last
ISIC_0071828,BCN_0002258,BCN_0002258,60+,bcn20000,2,False,4,0.0057702963,0.0034291,0.02184924,0.07558929,0.84140563,0.006172041,0.045784377,0.850605,,0.850605,look,0,,42,look_f0_s42_in22k_v5scr,last
ISIC_0071834,BCN_0004877,BCN_0004877,40-59,bcn20000,4,True,5,0.005778978,0.12502572,0.006551452,0.093843974,0.028126089,0.66123253,0.07944128,0.1589308,,0.1589308,look,0,,42,look_f0_s42_in22k_v5scr,last
ISIC_0071857,BCN_0003907,BCN_0003907,60+,bcn20000,4,True,4,0.0075749634,0.014859699,0.008664024,0.06732141,0.85511136,0.0047122305,0.04175635,0.877546,,0.877546,look,0,,42,look_f0_s42_in22k_v5scr,last
ISIC_0071863,BCN_0004504,BCN_0004504,40-59,bcn20000,5,False,5,0.011246772,0.0074196956,0.007728293,0.06591471,0.0067906217,0.8534517,0.04744825,0.025457088,,0.025457088,look,0,,42,look_f0_s42_in22k_v5scr,last
ISIC_0071920,BCN_0003096,BCN_0003096,60+,bcn20000,1,True,1,0.059128463,0.81304014,0.015166446,0.059947357,0.00235797,0.003103261,0.047256336,0.87452656,,0.87452656,look,0,,42,look_f0_s42_in22k_v5scr,last
ISIC_0071958,BCN_0004060,BCN_0004060,40-59,bcn20000,1,True,4,0.049374603,0.021857658,0.0026031225,0.08029613,0.7704395,0.00472939,0.070699506,0.84167176,,0.84167176,look,0,,42,look_f0_s42_in22k_v5scr,last
ISIC_0071972,BCN_0004254,BCN_0004254,40-59,bcn20000,4,True,5,0.00867536,0.0056330776,0.0059446935,0.06341445,0.00659732,0.8607696,0.048965514,0.020905757,,0.020905757,look,0,,42,look_f0_s42_in22k_v5scr,last
ISIC_0071976,BCN_0004153,BCN_0004153,60+,bcn20000,0,True,1,0.01815497,0.5802906,0.04171417,0.12388444,0.18234442,0.005951473,0.047659922,0.78079003,,0.78079003,look,0,,42,look_f0_s42_in22k_v5scr,last
ISIC_0071979,BCN_0005292,BCN_0005292,40-59,bcn20000,1,True,2,0.024096746,0.34027112,0.4096048,0.111783355,0.016384462,0.0068394053,0.091020145,0.38075233,,0.38075233,look,0,,42,look_f0_s42_in22k_v5scr,last
ISIC_0071988,BCN_0001085,BCN_0001085,60+,bcn20000,4,True,4,0.0070908424,0.00677535,0.008420596,0.05347209,0.88163185,0.0030611937,0.03954814,0.89549804,,0.89549804,look,0,,42,look_f0_s42_in22k_v5scr,last
ISIC_0072017,BCN_0004190,BCN_0004190,<40,bcn20000,5,False,5,0.009442163,0.0083802035,0.008530905,0.100658275,0.19190763,0.6017398,0.07934102,0.20973,,0.20973,look,0,,42,look_f0_s42_in22k_v5scr,last
ISIC_0072018,BCN_0000927,BCN_0000927,60+,bcn20000,0,True,0,0.63915455,0.0025181805,0.085375644,0.08666282,0.024626937,0.053929154,0.1077327,0.66629964,,0.66629964,look,0,,42,look_f0_s42_in22k_v5scr,last
ISIC_0072038,BCN_0000290,BCN_0000290,60+,bcn20000,0,True,0,0.32952335,0.14400609,0.28493434,0.12612404,0.0067250263,0.010587759,0.09809932,0.48025447,,0.48025447,look,0,,42,look_f0_s42_in22k_v5scr,last
ISIC_0072045,BCN_0001068,BCN_0001068,60+,bcn20000,3,False,1,0.009104097,0.8895734,0.006308976,0.051485505,0.0050064996,0.0036709763,0.03485054,0.90368396,,0.90368396,look,0,,42,look_f0_s42_in22k_v5scr,last
ISIC_0072055,BCN_0004174,BCN_0004174,60+,bcn20000,2,False,2,0.08556624,0.0023136486,0.7626225,0.06954533,0.004723175,0.017763993,0.057465095,0.092603065,,0.092603065,look,0,,42,look_f0_s42_in22k_v5scr,last
ISIC_0072060,BCN_0000332,BCN_0000332,60+,bcn20000,1,True,1,0.08046118,0.746804,0.006348448,0.09092678,0.007158551,0.0035197465,0.06478132,0.8344238,,0.8344238,look,0,,42,look_f0_s42_in22k_v5scr,last
ISIC_0072062,BCN_0005033,BCN_0005033,40-59,bcn20000,5,False,4,0.01830208,0.013278449,0.0066808485,0.14092806,0.38505423,0.3499328,0.08582359,0.41663477,,0.41663477,look,0,,42,look_f0_s42_in22k_v5scr,last
ISIC_0072070,BCN_0004346,BCN_0004346,60+,bcn20000,2,False,0,0.8993487,0.026156142,0.00852125,0.036062773,0.0018865488,0.0019231047,0.02610148,0.92739135,,0.92739135,look,0,,42,look_f0_s42_in22k_v5scr,last
ISIC_0072085,BCN_0003597,BCN_0003597,<40,bcn20000,5,False,5,0.011258849,0.006576783,0.0060186596,0.06753039,0.005411037,0.8573122,0.045892116,0.023246668,,0.023246668,look,0,,42,look_f0_s42_in22k_v5scr,last
ISIC_0072087,BCN_0001729,BCN_0001729,60+,bcn20000,4,True,0,0.33750555,0.1419429,0.0035307219,0.19044033,0.073382676,0.07150792,0.18168992,0.5528311,,0.5528311,look,0,,42,look_f0_s42_in22k_v5scr,last
ISIC_0072092,BCN_0004002,BCN_0004002,60+,bcn20000,1,True,1,0.012362088,0.9091787,0.0035020313,0.04246069,0.0024698237,0.0026480013,0.027378712,0.9240106,,0.9240106,look,0,,42,look_f0_s42_in22k_v5scr,last
ISIC_0072103,BCN_0003907,BCN_0003907,60+,bcn20000,4,True,4,0.0068070204,0.0073445966,0.0065145735,0.048225887,0.89555365,0.0024374519,0.03311677,0.9097053,,0.9097053,look,0,,42,look_f0_s42_in22k_v5scr,last
ISIC_0072105,BCN_0003389,BCN_0003389,60+,bcn20000,1,True,4,0.0046722614,0.005301227,0.011733536,0.036745127,0.91165006,0.0030149764,0.02688287,0.9216235,,0.9216235,look,0,,42,look_f0_s42_in22k_v5scr,last
ISIC_0072134,BCN_0000206,BCN_0000206,60+,bcn20000,1,True,1,0.03279462,0.83779866,0.003016236,0.06339337,0.004574901,0.010195541,0.048226714,0.87516814,,0.87516814,look,0,,42,look_f0_s42_in22k_v5scr,last
ISIC_0072137,BCN_0001523,BCN_0001523,60+,bcn20000,3,False,3,0.006445047,0.057526175,0.06264452,0.4982701,0.0045506167,0.31631622,0.054247398,0.068521835,,0.068521835,look,0,,42,look_f0_s42_in22k_v5scr,last
ISIC_0072141,BCN_0001666,BCN_0001666,40-59,bcn20000,1,True,1,0.0090387,0.90806645,0.0048142904,0.042626098,0.003552836,0.0032136214,0.028688012,0.920658,,0.920658,look,0,,42,look_f0_s42_in22k_v5scr,last
ISIC_0072152,BCN_0004010,BCN_0004010,40-59,bcn20000,0,True,1,0.03638572,0.8919994,0.0036268665,0.044080388,0.0027254173,0.0021979394,0.018984245,0.93111056,,0.93111056,look,0,,42,look_f0_s42_in22k_v5scr,last
ISIC_0072158,BCN_0005293,BCN_0005293,60+,bcn20000,0,True,1,0.06922639,0.7845268,0.0022162956,0.086459816,0.015880048,0.0007709218,0.040919695,0.86963326,,0.86963326,look,0,,42,look_f0_s42_in22k_v5scr,last
ISIC_0072164,BCN_0001356,BCN_0001356,40-59,bcn20000,5,False,5,0.019166457,0.013850686,0.007605272,0.082812935,0.0064240578,0.82116777,0.04897287,0.0394412,,0.0394412,look,0,,42,look_f0_s42_in22k_v5scr,last
ISIC_0072168,BCN_0002841,BCN_0002841,40-59,bcn20000,5,False,5,0.008919666,0.38893005,0.004706439,0.107768,0.0074854153,0.40253317,0.079657294,0.40533513,,0.40533513,look,0,,42,look_f0_s42_in22k_v5scr,last
ISIC_0072171,BCN_0002614,BCN_0002614,40-59,bcn20000,4,True,5,0.009657851,0.0027008255,0.0061096516,0.06501383,0.038497802,0.82641876,0.05160135,0.05085648,,0.05085648,look,0,,42,look_f0_s42_in22k_v5scr,last
ISIC_0072176,BCN_0003330,BCN_0003330,60+,bcn20000,1,True,1,0.0069629145,0.88157773,0.004115086,0.06758155,0.0033769568,0.0029364768,0.03344924,0.8919176,,0.8919176,look,0,,42,look_f0_s42_in22k_v5scr,last
ISIC_0072263,BCN_0005293,BCN_0005293,60+,bcn20000,0,True,0,0.4372657,0.3691057,0.0015281514,0.11395805,0.019076647,0.0007463724,0.058319386,0.82544804,,0.82544804,look,0,,42,look_f0_s42_in22k_v5scr,last
ISIC_0072290,BCN_0001423,BCN_0001423,40-59,bcn20000,5,False,5,0.012760664,0.007534441,0.0068603666,0.1044242,0.12322796,0.67812496,0.06706734,0.14352307,,0.14352307,look,0,,42,look_f0_s42_in22k_v5scr,last
ISIC_0072318,BCN_0000516,BCN_0000516,60+,bcn20000,1,True,1,0.006376166,0.89091843,0.005023867,0.04923829,0.0049101063,0.0050583417,0.03847482,0.9022047,,0.9022047,look,0,,42,look_f0_s42_in22k_v5scr,last
ISIC_0072361,BCN_0004274,BCN_0004274,60+,bcn20000,1,True,0,0.47208294,0.2271495,0.029346125,0.18977322,0.004791713,0.0028067129,0.07404977,0.7040242,,0.7040242,look,0,,42,look_f0_s42_in22k_v5scr,last
ISIC_0072370,BCN_0002258,BCN_0002258,60+,bcn20000,2,False,4,0.007778733,0.00443381,0.025247235,0.07680176,0.8312943,0.0048605516,0.04958368,0.8435068,,0.8435068,look,0,,42,look_f0_s42_in22k_v5scr,last
ISIC_0072377,BCN_0000188,BCN_0000188,60+,bcn20000,4,True,4,0.010871153,0.006164472,0.0063584186,0.06432295,0.8690875,0.006695224,0.03650031,0.8861231,,0.8861231,look,0,,42,look_f0_s42_in22k_v5scr,last
ISIC_0072394,BCN_0005406,BCN_0005406,<40,bcn20000,5,False,4,0.0076542567,0.0203929,0.005077096,0.10819406,0.7876827,0.025559383,0.045439593,0.81572986,,0.81572986,look,0,,42,look_f0_s42_in22k_v5scr,last
ISIC_0072397,BCN_0004139,BCN_0004139,<40,bcn20000,2,False,2,0.0046093483,0.0012587132,0.9057232,0.03895682,0.008695328,0.006443794,0.03431284,0.014563389,,0.014563389,look,0,,42,look_f0_s42_in22k_v5scr,last
ISIC_0072420,BCN_0002440,BCN_0002440,40-59,bcn20000,5,False,5,0.008227004,0.004800963,0.0053375256,0.06710914,0.0074949553,0.86679286,0.04023744,0.020522922,,0.020522922,look,0,,42,look_f0_s42_in22k_v5scr,last
ISIC_0072440,BCN_0002079,BCN_0002079,40-59,bcn20000,4,True,4,0.011429942,0.0061407187,0.006041818,0.059127007,0.87508166,0.0031292168,0.03904969,0.89265233,,0.89265233,look,0,,42,look_f0_s42_in22k_v5scr,last
ISIC_0072461,BCN_0005046,BCN_0005046,60+,bcn20000,1,True,3,0.00074588857,0.027638098,0.00034252627,0.96038187,0.0016847213,0.0005366862,0.008670194,0.030068709,,0.030068709,look,0,,42,look_f0_s42_in22k_v5scr,last
ISIC_0072479,BCN_0002688,BCN_0002688,40-59,bcn20000,6,False,6,0.0011491409,0.00078143476,0.0007441666,0.0064392607,0.00078147464,0.00041400784,0.9896904,0.0027120502,,0.0027120502,look,0,,42,look_f0_s42_in22k_v5scr,last
ISIC_0072500,BCN_0000248,BCN_0000248,<40,bcn20000,5,False,5,0.012241366,0.0074988035,0.006904177,0.070915915,0.004748553,0.8504092,0.047281962,0.024488723,,0.024488723,look,0,,42,look_f0_s42_in22k_v5scr,last
ISIC_0072508,BCN_0001814,BCN_0001814,60+,bcn20000,4,True,4,0.008184888,0.004516921,0.014013234,0.054103456,0.86630404,0.016212448,0.03666503,0.87900585,,0.87900585,look,0,,42,look_f0_s42_in22k_v5scr,last
ISIC_0072536,BCN_0002171,BCN_0002171,40-59,bcn20000,5,False,5,0.010503636,0.007561626,0.006971533,0.072376974,0.0045738947,0.84769547,0.05031686,0.022639157,,0.022639157,look,0,,42,look_f0_s42_in22k_v5scr,last
ISIC_0072542,BCN_0003584,BCN_0003584,60+,bcn20000,4,True,4,0.008954909,0.00931295,0.0067304857,0.055127606,0.8770373,0.0033855485,0.03945121,0.89530516,,0.89530516,look,0,,42,look_f0_s42_in22k_v5scr,last
ISIC_0072572,BCN_0003802,BCN_0003802,60+,bcn20000,0,True,0,0.78429264,0.03077731,0.05312468,0.069293596,0.0031923999,0.0026036382,0.05671577,0.8182624,,0.8182624,look,0,,42,look_f0_s42_in22k_v5scr,last
ISIC_0072602,BCN_0004752,BCN_0004752,60+,bcn20000,1,True,1,0.009869453,0.8602241,0.009621222,0.06263624,0.004690071,0.0039136703,0.04904522,0.87478364,,0.87478364,look,0,,42,look_f0_s42_in22k_v5scr,last
ISIC_0072609,BCN_0001941,BCN_0001941,60+,bcn20000,5,False,1,0.008399987,0.6291509,0.0063378555,0.13696246,0.10162988,0.06404558,0.05347329,0.7391808,,0.7391808,look,0,,42,look_f0_s42_in22k_v5scr,last
ISIC_0072623,BCN_0004027,BCN_0004027,40-59,bcn20000,1,True,1,0.029321197,0.8583155,0.0021129989,0.06501789,0.0045516416,0.0028041103,0.037876498,0.8921884,,0.8921884,look,0,,42,look_f0_s42_in22k_v5scr,last
ISIC_0072624,BCN_0001814,BCN_0001814,60+,bcn20000,4,True,4,0.008352894,0.00429393,0.009387748,0.053053617,0.8840325,0.003771555,0.037107695,0.8966793,,0.8966793,look,0,,42,look_f0_s42_in22k_v5scr,last
ISIC_0072631,BCN_0004254,BCN_0004254,40-59,bcn20000,4,True,5,0.007934838,0.011007289,0.005457959,0.07046278,0.011716892,0.8371381,0.056282125,0.03065902,,0.03065902,look,0,,42,look_f0_s42_in22k_v5scr,last
ISIC_0072638,BCN_0002940,BCN_0002940,40-59,bcn20000,1,True,1,0.008410902,0.8590303,0.005536085,0.06577958,0.0038942958,0.0064472877,0.050901525,0.8713355,,0.8713355,look,0,,42,look_f0_s42_in22k_v5scr,last
ISIC_0072656,BCN_0004375,BCN_0004375,60+,bcn20000,1,True,1,0.005382396,0.87584275,0.013055924,0.053102586,0.0038181064,0.008139155,0.04065906,0.88504326,,0.88504326,look,0,,42,look_f0_s42_in22k_v5scr,last
ISIC_0072658,BCN_0001679,BCN_0001679,60+,bcn20000,2,False,4,0.008074578,0.01613901,0.007958051,0.07973859,0.8426579,0.0019512991,0.043480493,0.86687154,,0.86687154,look,0,,42,look_f0_s42_in22k_v5scr,last
ISIC_0072691,BCN_0002614,BCN_0002614,40-59,bcn20000,4,True,5,0.011440002,0.004909111,0.0055393316,0.09661903,0.23119189,0.5813059,0.06899472,0.24754101,,0.24754101,look,0,,42,look_f0_s42_in22k_v5scr,last
ISIC_0072698,BCN_0005265,BCN_0005265,60+,bcn20000,1,True,1,0.0070100157,0.5942737,0.005999871,0.0686729,0.013167366,0.0031480663,0.3077281,0.6144511,,0.6144511,look,0,,42,look_f0_s42_in22k_v5scr,last
ISIC_0072732,BCN_0001972,BCN_0001972,40-59,bcn20000,1,True,1,0.0059975823,0.89199907,0.0057094763,0.05395835,0.0036695476,0.0032617403,0.03540432,0.9016662,,0.9016662,look,0,,42,look_f0_s42_in22k_v5scr,last
ISIC_0072738,BCN_0004066,BCN_0004066,60+,bcn20000,4,True,4,0.017445149,0.2896338,0.06395236,0.1621886,0.34749717,0.019956019,0.09932693,0.6545761,,0.6545761,look,0,,42,look_f0_s42_in22k_v5scr,last
ISIC_0072748,BCN_0000627,BCN_0000627,60+,bcn20000,4,True,4,0.008128703,0.0055443267,0.008479521,0.06253253,0.867287,0.0042270645,0.043800868,0.88096,,0.88096,look,0,,42,look_f0_s42_in22k_v5scr,last
ISIC_0072784,BCN_0005228,BCN_0005228,<40,bcn20000,2,False,1,0.008124828,0.8288949,0.006923807,0.070439234,0.026260903,0.004578031,0.054778315,0.86328065,,0.86328065,look,0,,42,look_f0_s42_in22k_v5scr,last
ISIC_0072837,BCN_0000993,BCN_0000993,40-59,bcn20000,5,False,5,0.009861635,0.0059536262,0.007025644,0.07140615,0.0064168926,0.8500917,0.049244314,0.022232154,,0.022232154,look,0,,42,look_f0_s42_in22k_v5scr,last
ISIC_0072857,BCN_0000332,BCN_0000332,60+,bcn20000,1,True,1,0.012018108,0.8712725,0.0056004478,0.055128533,0.0053280666,0.0044551557,0.04619722,0.88861865,,0.88861865,look,0,,42,look_f0_s42_in22k_v5scr,last
ISIC_0072858,BCN_0003316,BCN_0003316,60+,bcn20000,5,False,5,0.01147737,0.008921947,0.0073530716,0.06445284,0.01241486,0.84925294,0.046127,0.032814175,,0.032814175,look,0,,42,look_f0_s42_in22k_v5scr,last
ISIC_0072869,BCN_0005293,BCN_0005293,60+,bcn20000,0,True,1,0.2513603,0.53342587,0.003345963,0.12886623,0.02609123,0.00068201515,0.0562284,0.8108774,,0.8108774,look,0,,42,look_f0_s42_in22k_v5scr,last
ISIC_0072887,BCN_0002894,BCN_0002894,60+,bcn20000,4,True,2,0.012596421,0.014504642,0.8718283,0.055646483,0.004036361,0.0028353424,0.0385525,0.031137424,,0.031137424,look,0,,42,look_f0_s42_in22k_v5scr,last
ISIC_0072895,BCN_0005626,BCN_0005626,60+,bcn20000,2,False,2,0.009525857,0.004382663,0.8731612,0.057587296,0.0071957624,0.0032288684,0.044918418,0.021104284,,0.021104284,look,0,,42,look_f0_s42_in22k_v5scr,last
ISIC_0072902,BCN_0002033,BCN_0002033,60+,bcn20000,5,False,4,0.0049863174,0.005303773,0.0043947394,0.046638623,0.89862406,0.004250568,0.035801947,0.90891415,,0.90891415,look,0,,42,look_f0_s42_in22k_v5scr,last
ISIC_0072907,BCN_0002702,BCN_0002702,60+,bcn20000,1,True,1,0.009470678,0.8858036,0.0052606245,0.05269007,0.0052082124,0.0038613246,0.037705414,0.9004825,,0.9004825,look,0,,42,look_f0_s42_in22k_v5scr,last
ISIC_0072935,BCN_0001500,BCN_0001500,60+,bcn20000,1,True,1,0.011447927,0.8910235,0.0042915763,0.051997766,0.004463348,0.0027901372,0.03398568,0.9069348,,0.9069348,look,0,,42,look_f0_s42_in22k_v5scr,last
ISIC_0072957,BCN_0002740,BCN_0002740,<40,bcn20000,5,False,5,0.0074026035,0.0043946668,0.0039195023,0.062158644,0.007856941,0.87081367,0.043454077,0.01965421,,0.01965421,look,0,,42,look_f0_s42_in22k_v5scr,last
ISIC_0072960,BCN_0003740,BCN_0003740,<40,bcn20000,5,False,5,0.013212353,0.007614225,0.011974745,0.07384702,0.004001602,0.83523405,0.054115973,0.02482818,,0.02482818,look,0,,42,look_f0_s42_in22k_v5scr,last
ISIC_0072965,BCN_0004084,BCN_0004084,<40,bcn20000,5,False,5,0.007884162,0.005751309,0.013157303,0.06759191,0.0113353245,0.8449892,0.049290825,0.024970796,,0.024970796,look,0,,42,look_f0_s42_in22k_v5scr,last
ISIC_0072974,BCN_0001887,BCN_0001887,60+,bcn20000,1,True,5,0.02130582,0.026936406,0.0047619264,0.062614255,0.0066091656,0.82996786,0.047804594,0.05485139,,0.05485139,look,0,,42,look_f0_s42_in22k_v5scr,last
ISIC_0072977,BCN_0001085,BCN_0001085,60+,bcn20000,4,True,4,0.009498612,0.009866064,0.008760321,0.06198741,0.86172503,0.00260495,0.04555764,0.8810897,,0.8810897,look,0,,42,look_f0_s42_in22k_v5scr,last
ISIC_0073027,BCN_0003597,BCN_0003597,<40,bcn20000,5,False,5,0.009356069,0.0061889165,0.006686258,0.06474737,0.0058032083,0.8625811,0.04463705,0.021348195,,0.021348195,look,0,,42,look_f0_s42_in22k_v5scr,last
ISIC_0073044,BCN_0004206,BCN_0004206,40-59,bcn20000,4,True,5,0.0074144914,0.045517974,0.0038987966,0.101437815,0.01514441,0.7830662,0.043520235,0.06807687,,0.06807687,look,0,,42,look_f0_s42_in22k_v5scr,last
ISIC_0073054,BCN_0000618,BCN_0000618,60+,bcn20000,4,True,0,0.7565257,0.041638646,0.067255095,0.065468594,0.005440832,0.0033000377,0.06037107,0.8036052,,0.8036052,look,0,,42,look_f0_s42_in22k_v5scr,last
ISIC_0073055,BCN_0000209,BCN_0000209,40-59,bcn20000,1,True,4,0.0064033186,0.020417884,0.023448518,0.102233544,0.7287833,0.03774297,0.08097041,0.7556045,,0.7556045,look,0,,42,look_f0_s42_in22k_v5scr,last
ISIC_0073059,BCN_0002172,BCN_0002172,60+,bcn20000,1,True,1,0.009615848,0.8908821,0.008288703,0.051949054,0.0037691735,0.0031767604,0.032318316,0.9042671,,0.9042671,look,0,,42,look_f0_s42_in22k_v5scr,last
ISIC_0073068,BCN_0004822,BCN_0004822,60+,bcn20000,0,True,1,0.040341698,0.74807984,0.0036873082,0.079391435,0.009769086,0.045508847,0.07322189,0.7981906,,0.7981906,look,0,,42,look_f0_s42_in22k_v5scr,last
ISIC_0073079,BCN_0004224,BCN_0004224,40-59,bcn20000,1,True,1,0.007401499,0.88851076,0.0035682253,0.04743903,0.0050459784,0.01360071,0.034433827,0.90095824,,0.90095824,look,0,,42,look_f0_s42_in22k_v5scr,last
ISIC_0073097,BCN_0003760,BCN_0003760,<40,bcn20000,4,True,1,0.008063167,0.83556765,0.01354045,0.06649734,0.015036388,0.004888905,0.056406092,0.8586672,,0.8586672,look,0,,42,look_f0_s42_in22k_v5scr,last
ISIC_0073101,BCN_0000764,BCN_0000764,40-59,bcn20000,5,False,5,0.01166458,0.008150018,0.0072486964,0.0780054,0.0045591667,0.8407304,0.049641773,0.024373764,,0.024373764,look,0,,42,look_f0_s42_in22k_v5scr,last
ISIC_0073102,BCN_0004481,BCN_0004481,40-59,bcn20000,4,True,5,0.0100869285,0.008014231,0.0057226205,0.0722043,0.011780573,0.8151018,0.077089496,0.029881733,,0.029881733,look,0,,42,look_f0_s42_in22k_v5scr,last
ISIC_0073108,BCN_0003673,BCN_0003673,60+,bcn20000,2,False,4,0.11645277,0.003155754,0.037258293,0.12871751,0.5871922,0.0031821064,0.124041416,0.7068007,,0.7068007,look,0,,42,look_f0_s42_in22k_v5scr,last
ISIC_0073119,BCN_0000029,BCN_0000029,40-59,bcn20000,4,True,5,0.007575461,0.0059238607,0.02986117,0.07121044,0.0047668996,0.82807153,0.05259061,0.018266222,,0.018266222,look,0,,42,look_f0_s42_in22k_v5scr,last
ISIC_0073122,BCN_0004855,BCN_0004855,40-59,bcn20000,1,True,1,0.089154296,0.606324,0.005772478,0.12147665,0.04387773,0.046128888,0.08726598,0.73935604,,0.73935604,look,0,,42,look_f0_s42_in22k_v5scr,last
ISIC_0073128,BCN_0000534,BCN_0000534,60+,bcn20000,1,True,1,0.0074288906,0.89300877,0.0036146147,0.049935374,0.0061163134,0.0031881102,0.036708005,0.906554,,0.906554,look,0,,42,look_f0_s42_in22k_v5scr,last
ISIC_0073133,BCN_0001423,BCN_0001423,40-59,bcn20000,5,False,5,0.008372574,0.0045413086,0.0050766445,0.06291952,0.0061134985,0.869664,0.043312408,0.019027382,,0.019027382,look,0,,42,look_f0_s42_in22k_v5scr,last
ISIC_0073168,BCN_0005666,BCN_0005666,60+,bcn20000,4,True,4,0.008444811,0.0043742494,0.0063995738,0.04826552,0.89324933,0.003778614,0.03548784,0.9060684,,0.9060684,look,0,,42,look_f0_s42_in22k_v5scr,last
ISIC_0073171,BCN_0003816,BCN_0003816,40-59,bcn20000,5,False,5,0.014693552,0.010810562,0.006816139,0.1280959,0.3426617,0.40526345,0.0916587,0.36816582,,0.36816582,look,0,,42,look_f0_s42_in22k_v5scr,last
ISIC_0073173,BCN_0002989,BCN_0002989,60+,bcn20000,4,True,4,0.12380453,0.25448838,0.0068120286,0.12089599,0.3949991,0.006780842,0.09221915,0.773292,,0.773292,look,0,,42,look_f0_s42_in22k_v5scr,last
ISIC_0073198,BCN_0001154,BCN_0001154,60+,bcn20000,0,True,0,0.30906707,0.017617365,0.28138202,0.10777899,0.007286392,0.12350505,0.1533632,0.33397084,,0.33397084,look,0,,42,look_f0_s42_in22k_v5scr,last
ISIC_0073214,BCN_0000257,BCN_0000257,60+,bcn20000,0,True,2,0.017799627,0.04224006,0.8095467,0.06702084,0.0054779695,0.004850103,0.053064663,0.06551766,,0.06551766,look,0,,42,look_f0_s42_in22k_v5scr,last
ISIC_0073228,BCN_0003360,BCN_0003360,60+,bcn20000,2,False,5,0.0083723385,0.0031317966,0.012807688,0.059049625,0.0086649,0.86470526,0.043268368,0.020169035,,0.020169035,look,0,,42,look_f0_s42_in22k_v5scr,last
ISIC_0073232,BCN_0000185,BCN_0000185,40-59,bcn20000,5,False,5,0.013357754,0.0060650543,0.0043387506,0.07565521,0.006234694,0.8426969,0.051651616,0.025657503,,0.025657503,look,0,,42,look_f0_s42_in22k_v5scr,last
ISIC_0073246,BCN_0005265,BCN_0005265,60+,bcn20000,1,True,1,0.007647094,0.87820315,0.0060573593,0.059739567,0.0058314474,0.0040705833,0.03845087,0.8916817,,0.8916817,look,0,,42,look_f0_s42_in22k_v5scr,last
ISIC_0073249,BCN_0001085,BCN_0001085,60+,bcn20000,4,True,4,0.007904757,0.014058443,0.00523832,0.053160317,0.8884346,0.001406979,0.029796556,0.91039777,,0.91039777,look,0,,42,look_f0_s42_in22k_v5scr,last
