image_id,group_id,effective_lesion_id,age_band,archive,y_true,y_esc,pred_index,p_akiec,p_bcc,p_bkl,p_df,p_mel,p_nv,p_vasc,escalation_mass,s_esc,declared_score,arm,fold,loao_holdout,seed,run_id,checkpoint
ISIC_0000006,__singleton__ISIC_0000006,__singleton__ISIC_0000006,<40,mskcc,5,False,5,0.008804482,0.005711696,0.006742482,0.063572906,0.0046572536,0.8620687,0.048442554,0.019173432,,0.019173432,look,0,,42,look_f0_s42_in22k_v5fix,last
ISIC_0000007,__singleton__ISIC_0000007,__singleton__ISIC_0000007,<40,mskcc,5,False,5,0.009043775,0.006247368,0.0057133213,0.06563537,0.004007628,0.86418986,0.04516267,0.019298771,,0.019298771,look,0,,42,look_f0_s42_in22k_v5fix,last
ISIC_0000047_downsampled,__singleton__ISIC_0000047_downsampled,__singleton__ISIC_0000047_downsampled,60+,mskcc,5,False,5,0.010141808,0.005669913,0.0054874164,0.06458024,0.007186781,0.85621876,0.05071502,0.022998502,,0.022998502,look,0,,42,look_f0_s42_in22k_v5fix,last
ISIC_0000058_downsampled,__singleton__ISIC_0000058_downsampled,__singleton__ISIC_0000058_downsampled,40-59,mskcc,5,False,5,0.008028469,0.004197586,0.003171346,0.05987713,0.021456271,0.86284924,0.04041996,0.033682324,,0.033682324,look,0,,42,look_f0_s42_in22k_v5fix,last
ISIC_0000062_downsampled,__singleton__ISIC_0000062_downsampled,__singleton__ISIC_0000062_downsampled,40-59,mskcc,5,False,5,0.0068204114,0.003402489,0.0065963343,0.055309072,0.012529252,0.8768146,0.038527843,0.022752153,,0.022752153,look,0,,42,look_f0_s42_in22k_v5fix,last
ISIC_0000067,__singleton__ISIC_0000067,__singleton__ISIC_0000067,40-59,mskcc,5,False,2,0.017654698,0.0057106023,0.603647,0.091809615,0.00835208,0.20684618,0.065979846,0.031717382,,0.031717382,look,0,,42,look_f0_s42_in22k_v5fix,last
ISIC_0000068,__singleton__ISIC_0000068,__singleton__ISIC_0000068,<40,mskcc,5,False,5,0.009255024,0.0056943772,0.005450215,0.06755076,0.0049761944,0.8608514,0.046221975,0.019925594,,0.019925594,look,0,,42,look_f0_s42_in22k_v5fix,last
ISIC_0000071,__singleton__ISIC_0000071,__singleton__ISIC_0000071,<40,mskcc,5,False,5,0.0112982355,0.006912673,0.0061622765,0.06848717,0.0039777244,0.8566954,0.046466492,0.022188634,,0.022188634,look,0,,42,look_f0_s42_in22k_v5fix,last
ISIC_0000096_downsampled,__singleton__ISIC_0000096_downsampled,__singleton__ISIC_0000096_downsampled,unknown,mskcc,5,False,5,0.011289315,0.0067594433,0.0067862906,0.06780378,0.005420566,0.8537224,0.048218273,0.023469325,,0.023469325,look,0,,42,look_f0_s42_in22k_v5fix,last
ISIC_0000097_downsampled,__singleton__ISIC_0000097_downsampled,__singleton__ISIC_0000097_downsampled,unknown,mskcc,5,False,5,0.008634962,0.0057549365,0.0053747417,0.06398987,0.0051277364,0.86474013,0.046377655,0.019517634,,0.019517634,look,0,,42,look_f0_s42_in22k_v5fix,last
ISIC_0000102_downsampled,__singleton__ISIC_0000102_downsampled,__singleton__ISIC_0000102_downsampled,unknown,mskcc,5,False,5,0.007466862,0.0032910358,0.0032415306,0.063232735,0.0056996723,0.8712921,0.045776058,0.01645757,,0.01645757,look,0,,42,look_f0_s42_in22k_v5fix,last
ISIC_0000103_downsampled,__singleton__ISIC_0000103_downsampled,__singleton__ISIC_0000103_downsampled,unknown,mskcc,5,False,5,0.009349156,0.0058947527,0.005807751,0.06549373,0.017418375,0.84830093,0.047735203,0.032662284,,0.032662284,look,0,,42,look_f0_s42_in22k_v5fix,last
ISIC_0000109_downsampled,__singleton__ISIC_0000109_downsampled,__singleton__ISIC_0000109_downsampled,unknown,mskcc,5,False,4,0.0088585,0.006375116,0.008680553,0.07079056,0.8528396,0.0067785075,0.04567714,0.8680732,,0.8680732,look,0,,42,look_f0_s42_in22k_v5fix,last
ISIC_0000112_downsampled,__singleton__ISIC_0000112_downsampled,__singleton__ISIC_0000112_downsampled,unknown,mskcc,5,False,5,0.011122127,0.006938507,0.005617481,0.06730495,0.011714483,0.85065687,0.046645623,0.029775117,,0.029775117,look,0,,42,look_f0_s42_in22k_v5fix,last
ISIC_0000118_downsampled,__singleton__ISIC_0000118_downsampled,__singleton__ISIC_0000118_downsampled,unknown,mskcc,5,False,5,0.009644303,0.004764815,0.0073952796,0.05715044,0.061488234,0.8119207,0.047636293,0.07589735,,0.07589735,look,0,,42,look_f0_s42_in22k_v5fix,last
ISIC_0000123_downsampled,__singleton__ISIC_0000123_downsampled,__singleton__ISIC_0000123_downsampled,unknown,mskcc,5,False,5,0.008977286,0.0055220467,0.0058034062,0.06461931,0.0078033283,0.8598746,0.047400057,0.022302661,,0.022302661,look,0,,42,look_f0_s42_in22k_v5fix,last
ISIC_0000133_downsampled,__singleton__ISIC_0000133_downsampled,__singleton__ISIC_0000133_downsampled,unknown,mskcc,5,False,4,0.007267904,0.0060354667,0.005313024,0.08477518,0.6688998,0.16749078,0.06021783,0.6822032,,0.6822032,look,0,,42,look_f0_s42_in22k_v5fix,last
ISIC_0000141_downsampled,__singleton__ISIC_0000141_downsampled,__singleton__ISIC_0000141_downsampled,unknown,mskcc,4,True,5,0.0079247365,0.0045904564,0.0060349796,0.06358788,0.008967939,0.8621459,0.046748046,0.02148313,,0.02148313,look,0,,42,look_f0_s42_in22k_v5fix,last
ISIC_0000152_downsampled,__singleton__ISIC_0000152_downsampled,__singleton__ISIC_0000152_downsampled,unknown,mskcc,4,True,5,0.006821851,0.00614613,0.0047302223,0.06448568,0.013445492,0.85595375,0.0484169,0.026413474,,0.026413474,look,0,,42,look_f0_s42_in22k_v5fix,last
ISIC_0000154_downsampled,__singleton__ISIC_0000154_downsampled,__singleton__ISIC_0000154_downsampled,unknown,mskcc,4,True,5,0.0057514138,0.0038962287,0.0027849271,0.062811784,0.018877594,0.858562,0.0473161,0.028525237,,0.028525237,look,0,,42,look_f0_s42_in22k_v5fix,last
ISIC_0000164,__singleton__ISIC_0000164,__singleton__ISIC_0000164,60+,mskcc,4,True,4,0.00817216,0.0064391084,0.0067011327,0.0591918,0.8675583,0.010214169,0.041723415,0.88216954,,0.88216954,look,0,,42,look_f0_s42_in22k_v5fix,last
ISIC_0000177_downsampled,__singleton__ISIC_0000177_downsampled,__singleton__ISIC_0000177_downsampled,<40,mskcc,5,False,5,0.013759261,0.0075466787,0.20734602,0.104101025,0.0098519195,0.5833263,0.074068844,0.031157859,,0.031157859,look,0,,42,look_f0_s42_in22k_v5fix,last
ISIC_0000185_downsampled,__singleton__ISIC_0000185_downsampled,__singleton__ISIC_0000185_downsampled,<40,mskcc,5,False,5,0.010369409,0.0063886084,0.004924278,0.06995722,0.007103099,0.85204196,0.0492154,0.023861116,,0.023861116,look,0,,42,look_f0_s42_in22k_v5fix,last
ISIC_0000202_downsampled,__singleton__ISIC_0000202_downsampled,__singleton__ISIC_0000202_downsampled,<40,mskcc,5,False,5,0.008559906,0.004496653,0.0050724326,0.06484179,0.0049540326,0.86442137,0.047653835,0.018010592,,0.018010592,look,0,,42,look_f0_s42_in22k_v5fix,last
ISIC_0000206_downsampled,__singleton__ISIC_0000206_downsampled,__singleton__ISIC_0000206_downsampled,60+,mskcc,5,False,5,0.008133312,0.004740718,0.0046812794,0.061689027,0.00847905,0.8667751,0.045501564,0.02135308,,0.02135308,look,0,,42,look_f0_s42_in22k_v5fix,last
ISIC_0000210,__singleton__ISIC_0000210,__singleton__ISIC_0000210,60+,mskcc,5,False,5,0.011292331,0.0058467383,0.005971897,0.07417369,0.0066223512,0.8396199,0.05647303,0.023761421,,0.023761421,look,0,,42,look_f0_s42_in22k_v5fix,last
ISIC_0000216,__singleton__ISIC_0000216,__singleton__ISIC_0000216,<40,mskcc,5,False,5,0.009356251,0.007064321,0.00496089,0.07658343,0.027223708,0.8208851,0.053926345,0.04364428,,0.04364428,look,0,,42,look_f0_s42_in22k_v5fix,last
ISIC_0000235,__singleton__ISIC_0000235,__singleton__ISIC_0000235,<40,mskcc,5,False,6,0.0009356136,0.00054529426,0.0020183898,0.01209418,0.0027156814,0.051356558,0.9303343,0.0041965893,,0.0041965893,look,0,,42,look_f0_s42_in22k_v5fix,last
ISIC_0000252,__singleton__ISIC_0000252,__singleton__ISIC_0000252,60+,mskcc,5,False,5,0.0084104,0.0056763785,0.005421673,0.06955641,0.008204755,0.8505,0.052230384,0.022291534,,0.022291534,look,0,,42,look_f0_s42_in22k_v5fix,last
ISIC_0000255,__singleton__ISIC_0000255,__singleton__ISIC_0000255,60+,mskcc,5,False,5,0.0074488106,0.0039665587,0.004107513,0.061743982,0.003700668,0.87843895,0.040593594,0.015116038,,0.015116038,look,0,,42,look_f0_s42_in22k_v5fix,last
ISIC_0000256,__singleton__ISIC_0000256,__singleton__ISIC_0000256,60+,mskcc,5,False,5,0.010108085,0.0059019066,0.0067975437,0.06887303,0.0064718733,0.85291046,0.048937146,0.022481866,,0.022481866,look,0,,42,look_f0_s42_in22k_v5fix,last
ISIC_0000262,__singleton__ISIC_0000262,__singleton__ISIC_0000262,<40,mskcc,5,False,5,0.008382532,0.0045742854,0.005007099,0.06512467,0.004350577,0.8682289,0.044331882,0.017307393,,0.017307393,look,0,,42,look_f0_s42_in22k_v5fix,last
ISIC_0000264,__singleton__ISIC_0000264,__singleton__ISIC_0000264,<40,mskcc,5,False,5,0.012404524,0.007860841,0.005714775,0.068355374,0.0035080984,0.8541888,0.047967575,0.023773463,,0.023773463,look,0,,42,look_f0_s42_in22k_v5fix,last
ISIC_0000269,__singleton__ISIC_0000269,__singleton__ISIC_0000269,<40,mskcc,5,False,5,0.008684287,0.005826686,0.006155757,0.064572036,0.0064584105,0.8630572,0.045245655,0.020969383,,0.020969383,look,0,,42,look_f0_s42_in22k_v5fix,last
ISIC_0000282,__singleton__ISIC_0000282,__singleton__ISIC_0000282,60+,mskcc,4,True,1,0.014432158,0.8707097,0.011707442,0.048668932,0.015879963,0.0008599896,0.03774186,0.90102184,,0.90102184,look,0,,42,look_f0_s42_in22k_v5fix,last
ISIC_0000288,__singleton__ISIC_0000288,__singleton__ISIC_0000288,60+,mskcc,4,True,5,0.007972971,0.0045755673,0.0026448087,0.0777252,0.061374597,0.7959046,0.049802292,0.07392313,,0.07392313,look,0,,42,look_f0_s42_in22k_v5fix,last
ISIC_0000289,__singleton__ISIC_0000289,__singleton__ISIC_0000289,60+,mskcc,4,True,4,0.007929485,0.003933013,0.0031494827,0.05849432,0.8747713,0.0041218563,0.04760049,0.8866338,,0.8866338,look,0,,42,look_f0_s42_in22k_v5fix,last
ISIC_0000306,__singleton__ISIC_0000306,__singleton__ISIC_0000306,40-59,mskcc,4,True,5,0.0116063235,0.0061668498,0.010512974,0.065914266,0.005565634,0.8542795,0.04595444,0.023338808,,0.023338808,look,0,,42,look_f0_s42_in22k_v5fix,last
ISIC_0000321,__singleton__ISIC_0000321,__singleton__ISIC_0000321,<40,mskcc,5,False,5,0.009125342,0.00539384,0.0071918312,0.061478656,0.0054965136,0.86578053,0.04553333,0.020015694,,0.020015694,look,0,,42,look_f0_s42_in22k_v5fix,last
ISIC_0000332,__singleton__ISIC_0000332,__singleton__ISIC_0000332,<40,mskcc,5,False,5,0.0122838635,0.0052554347,0.0056942683,0.071507625,0.051012274,0.79858494,0.05566159,0.06855157,,0.06855157,look,0,,42,look_f0_s42_in22k_v5fix,last
ISIC_0000333,__singleton__ISIC_0000333,__singleton__ISIC_0000333,<40,mskcc,5,False,5,0.015320379,0.012819824,0.007110224,0.12464357,0.2125247,0.5383342,0.08924713,0.2406649,,0.2406649,look,0,,42,look_f0_s42_in22k_v5fix,last
ISIC_0000347,__singleton__ISIC_0000347,__singleton__ISIC_0000347,unknown,mskcc,5,False,5,0.009664396,0.0043600122,0.119891755,0.077027224,0.024565144,0.6978472,0.06664431,0.038589552,,0.038589552,look,0,,42,look_f0_s42_in22k_v5fix,last
ISIC_0000352,__singleton__ISIC_0000352,__singleton__ISIC_0000352,unknown,mskcc,5,False,5,0.009190902,0.005151312,0.0046728123,0.06348977,0.0031015405,0.86495817,0.049435463,0.017443754,,0.017443754,look,0,,42,look_f0_s42_in22k_v5fix,last
ISIC_0000380_downsampled,__singleton__ISIC_0000380_downsampled,__singleton__ISIC_0000380_downsampled,unknown,mskcc,5,False,5,0.0122745875,0.0107150795,0.008312687,0.106312886,0.21165247,0.5795786,0.07115367,0.23464215,,0.23464215,look,0,,42,look_f0_s42_in22k_v5fix,last
ISIC_0000384_downsampled,__singleton__ISIC_0000384_downsampled,__singleton__ISIC_0000384_downsampled,unknown,mskcc,5,False,5,0.010138238,0.0032030884,0.008387418,0.05689537,0.02162593,0.85124445,0.048505455,0.03496726,,0.03496726,look,0,,42,look_f0_s42_in22k_v5fix,last
ISIC_0000412_downsampled,__singleton__ISIC_0000412_downsampled,__singleton__ISIC_0000412_downsampled,unknown,mskcc,4,True,4,0.0060849846,0.010536999,0.011141357,0.063442096,0.8572068,0.002475909,0.04911183,0.8738288,,0.8738288,look,0,,42,look_f0_s42_in22k_v5fix,last
ISIC_0000426_downsampled,__singleton__ISIC_0000426_downsampled,__singleton__ISIC_0000426_downsampled,unknown,mskcc,5,False,4,0.010615692,0.005630608,0.030480998,0.08752744,0.78581035,0.020419784,0.05951513,0.80205667,,0.80205667,look,0,,42,look_f0_s42_in22k_v5fix,last
ISIC_0000448_downsampled,__singleton__ISIC_0000448_downsampled,__singleton__ISIC_0000448_downsampled,unknown,mskcc,5,False,5,0.009734945,0.004999287,0.004966507,0.06915976,0.005733321,0.8600351,0.045371044,0.020467553,,0.020467553,look,0,,42,look_f0_s42_in22k_v5fix,last
ISIC_0000451_downsampled,__singleton__ISIC_0000451_downsampled,__singleton__ISIC_0000451_downsampled,unknown,mskcc,5,False,5,0.0099090785,0.006786433,0.006240075,0.06629543,0.0065650595,0.85818684,0.046017062,0.023260571,,0.023260571,look,0,,42,look_f0_s42_in22k_v5fix,last
ISIC_0000456_downsampled,__singleton__ISIC_0000456_downsampled,__singleton__ISIC_0000456_downsampled,unknown,mskcc,5,False,5,0.0099997595,0.008270019,0.009794626,0.06484089,0.005115325,0.8546146,0.047364768,0.023385102,,0.023385102,look,0,,42,look_f0_s42_in22k_v5fix,last
ISIC_0000463_downsampled,__singleton__ISIC_0000463_downsampled,__singleton__ISIC_0000463_downsampled,unknown,mskcc,4,True,4,0.010134561,0.0073646517,0.004852271,0.08996108,0.74705976,0.08223802,0.05838971,0.764559,,0.764559,look,0,,42,look_f0_s42_in22k_v5fix,last
ISIC_0000473_downsampled,__singleton__ISIC_0000473_downsampled,__singleton__ISIC_0000473_downsampled,unknown,mskcc,5,False,5,0.012483928,0.006064626,0.0057019996,0.06811146,0.007381938,0.85703874,0.043217283,0.025930492,,0.025930492,look,0,,42,look_f0_s42_in22k_v5fix,last
ISIC_0000483,__singleton__ISIC_0000483,__singleton__ISIC_0000483,unknown,mskcc,5,False,5,0.009635517,0.0070048184,0.005684196,0.06883071,0.0076760664,0.85304594,0.048122827,0.024316402,,0.024316402,look,0,,42,look_f0_s42_in22k_v5fix,last
ISIC_0000499,__singleton__ISIC_0000499,__singleton__ISIC_0000499,unknown,mskcc,5,False,5,0.009257066,0.0053338725,0.006637577,0.06539797,0.006308254,0.85848683,0.048578482,0.020899191,,0.020899191,look,0,,42,look_f0_s42_in22k_v5fix,last
ISIC_0000506,__singleton__ISIC_0000506,__singleton__ISIC_0000506,unknown,mskcc,5,False,5,0.010260229,0.00631026,0.006280712,0.06680092,0.0055841864,0.8527098,0.052053902,0.022154676,,0.022154676,look,0,,42,look_f0_s42_in22k_v5fix,last
ISIC_0000533,__singleton__ISIC_0000533,__singleton__ISIC_0000533,unknown,mskcc,4,True,5,0.011006195,0.0067922273,0.008674421,0.071185686,0.00711783,0.8449707,0.05025303,0.024916252,,0.024916252,look,0,,42,look_f0_s42_in22k_v5fix,last
ISIC_0000535,__singleton__ISIC_0000535,__singleton__ISIC_0000535,unknown,mskcc,5,False,5,0.009533016,0.005775662,0.0050883563,0.06540753,0.00936391,0.8596853,0.045146167,0.024672588,,0.024672588,look,0,,42,look_f0_s42_in22k_v5fix,last
ISIC_0000542,__singleton__ISIC_0000542,__singleton__ISIC_0000542,unknown,mskcc,5,False,5,0.01320723,0.0093532335,0.0069376007,0.072832115,0.0052829417,0.84332216,0.049064722,0.027843405,,0.027843405,look,0,,42,look_f0_s42_in22k_v5fix,last
ISIC_0001105_downsampled,__singleton__ISIC_0001105_downsampled,__singleton__ISIC_0001105_downsampled,<40,mskcc,4,True,5,0.009180024,0.0054908697,0.0051985313,0.0632836,0.0053891204,0.86543393,0.046023883,0.020060014,,0.020060014,look,0,,42,look_f0_s42_in22k_v5fix,last
ISIC_0001242_downsampled,__singleton__ISIC_0001242_downsampled,__singleton__ISIC_0001242_downsampled,<40,mskcc,5,False,5,0.024410624,0.011662795,0.01784403,0.08829007,0.009554175,0.79550046,0.052737813,0.045627594,,0.045627594,look,0,,42,look_f0_s42_in22k_v5fix,last
ISIC_0001299_downsampled,__singleton__ISIC_0001299_downsampled,__singleton__ISIC_0001299_downsampled,<40,mskcc,5,False,5,0.013962683,0.006819972,0.0049734404,0.08073022,0.1229035,0.7068847,0.06372555,0.14368616,,0.14368616,look,0,,42,look_f0_s42_in22k_v5fix,last
ISIC_0001871_downsampled,__singleton__ISIC_0001871_downsampled,__singleton__ISIC_0001871_downsampled,<40,mskcc,5,False,5,0.01077711,0.0062384875,0.0062577035,0.06483888,0.004544201,0.8601021,0.04724151,0.0215598,,0.0215598,look,0,,42,look_f0_s42_in22k_v5fix,last
ISIC_0001960_downsampled,__singleton__ISIC_0001960_downsampled,__singleton__ISIC_0001960_downsampled,<40,mskcc,5,False,5,0.00894238,0.0054630158,0.004379151,0.061439857,0.0041372296,0.8722909,0.043347523,0.018542625,,0.018542625,look,0,,42,look_f0_s42_in22k_v5fix,last
ISIC_0002287_downsampled,__singleton__ISIC_0002287_downsampled,__singleton__ISIC_0002287_downsampled,<40,mskcc,5,False,5,0.012040567,0.006608911,0.0062531945,0.07142077,0.009743344,0.84238595,0.051547255,0.028392822,,0.028392822,look,0,,42,look_f0_s42_in22k_v5fix,last
ISIC_0002673_downsampled,__singleton__ISIC_0002673_downsampled,__singleton__ISIC_0002673_downsampled,<40,mskcc,5,False,5,0.0075854254,0.004388189,0.003907235,0.060392763,0.0040235575,0.86970615,0.04999668,0.015997171,,0.015997171,look,0,,42,look_f0_s42_in22k_v5fix,last
ISIC_0002806_downsampled,__singleton__ISIC_0002806_downsampled,__singleton__ISIC_0002806_downsampled,<40,mskcc,5,False,5,0.01234434,0.006509797,0.0063300254,0.07547398,0.007916177,0.83985585,0.051569756,0.026770314,,0.026770314,look,0,,42,look_f0_s42_in22k_v5fix,last
ISIC_0002829_downsampled,__singleton__ISIC_0002829_downsampled,__singleton__ISIC_0002829_downsampled,<40,mskcc,5,False,5,0.010246902,0.006111756,0.005380251,0.060950354,0.005586997,0.86904436,0.042679362,0.021945655,,0.021945655,look,0,,42,look_f0_s42_in22k_v5fix,last
ISIC_0003056_downsampled,__singleton__ISIC_0003056_downsampled,__singleton__ISIC_0003056_downsampled,<40,mskcc,5,False,5,0.00812805,0.004573965,0.0052972287,0.056294676,0.0047411285,0.882528,0.038437,0.017443143,,0.017443143,look,0,,42,look_f0_s42_in22k_v5fix,last
ISIC_0003728_downsampled,__singleton__ISIC_0003728_downsampled,__singleton__ISIC_0003728_downsampled,<40,mskcc,5,False,5,0.009347287,0.005543276,0.0056045093,0.06945971,0.0038579064,0.8585591,0.047628175,0.01874847,,0.01874847,look,0,,42,look_f0_s42_in22k_v5fix,last
ISIC_0006671_downsampled,__singleton__ISIC_0006671_downsampled,__singleton__ISIC_0006671_downsampled,<40,mskcc,5,False,5,0.009708232,0.0055848453,0.0064477185,0.05962568,0.0035832925,0.87088877,0.044161387,0.01887637,,0.01887637,look,0,,42,look_f0_s42_in22k_v5fix,last
ISIC_0006776_downsampled,__singleton__ISIC_0006776_downsampled,__singleton__ISIC_0006776_downsampled,<40,mskcc,5,False,5,0.011783268,0.007498513,0.0051084873,0.0684957,0.003686829,0.85532546,0.04810164,0.02296861,,0.02296861,look,0,,42,look_f0_s42_in22k_v5fix,last
ISIC_0006800_downsampled,__singleton__ISIC_0006800_downsampled,__singleton__ISIC_0006800_downsampled,<40,mskcc,5,False,5,0.009382423,0.005815374,0.005957422,0.0679457,0.0052185496,0.8556284,0.05005215,0.020416345,,0.020416345,look,0,,42,look_f0_s42_in22k_v5fix,last
ISIC_0006815_downsampled,__singleton__ISIC_0006815_downsampled,__singleton__ISIC_0006815_downsampled,<40,mskcc,5,False,5,0.0139968805,0.0067578526,0.008239249,0.07493531,0.0038295242,0.840294,0.0519472,0.024584256,,0.024584256,look,0,,42,look_f0_s42_in22k_v5fix,last
ISIC_0008025_downsampled,__singleton__ISIC_0008025_downsampled,__singleton__ISIC_0008025_downsampled,<40,mskcc,5,False,5,0.010194425,0.006263442,0.0055314177,0.06205285,0.0058176056,0.86608785,0.044052474,0.022275472,,0.022275472,look,0,,42,look_f0_s42_in22k_v5fix,last
ISIC_0008256_downsampled,__singleton__ISIC_0008256_downsampled,__singleton__ISIC_0008256_downsampled,<40,mskcc,5,False,5,0.0090652015,0.00508943,0.0053860066,0.06710489,0.004374312,0.8572593,0.051720876,0.018528944,,0.018528944,look,0,,42,look_f0_s42_in22k_v5fix,last
ISIC_0008626_downsampled,__singleton__ISIC_0008626_downsampled,__singleton__ISIC_0008626_downsampled,<40,mskcc,5,False,5,0.009957824,0.006178403,0.0063672904,0.06371985,0.0057585095,0.86146975,0.04654839,0.021894736,,0.021894736,look,0,,42,look_f0_s42_in22k_v5fix,last
ISIC_0009599_downsampled,__singleton__ISIC_0009599_downsampled,__singleton__ISIC_0009599_downsampled,<40,mskcc,5,False,5,0.010536693,0.0056649162,0.004724335,0.064463004,0.005845732,0.86561084,0.043154392,0.02204734,,0.02204734,look,0,,42,look_f0_s42_in22k_v5fix,last
ISIC_0009875,__singleton__ISIC_0009875,__singleton__ISIC_0009875,<40,mskcc,5,False,0,0.74029404,0.0005376134,0.065637395,0.07544517,0.059696514,0.0018958711,0.05649347,0.80052817,,0.80052817,look,0,,42,look_f0_s42_in22k_v5fix,last
ISIC_0009884,__singleton__ISIC_0009884,__singleton__ISIC_0009884,60+,mskcc,5,False,5,0.0092784,0.005170372,0.00572516,0.06938884,0.024941426,0.8385294,0.046966337,0.0393902,,0.0393902,look,0,,42,look_f0_s42_in22k_v5fix,last
ISIC_0009939,__singleton__ISIC_0009939,__singleton__ISIC_0009939,<40,mskcc,5,False,5,0.009056425,0.006110472,0.0057225865,0.06396041,0.008905646,0.8623869,0.043857496,0.024072543,,0.024072543,look,0,,42,look_f0_s42_in22k_v5fix,last
ISIC_0009951,__singleton__ISIC_0009951,__singleton__ISIC_0009951,40-59,mskcc,5,False,4,0.004097116,0.044039473,0.012213568,0.046820495,0.8462674,0.009758111,0.036803752,0.894404,,0.894404,look,0,,42,look_f0_s42_in22k_v5fix,last
ISIC_0009963,__singleton__ISIC_0009963,__singleton__ISIC_0009963,40-59,mskcc,5,False,5,0.014563456,0.008535284,0.00982058,0.06818,0.011596493,0.835888,0.051416177,0.034695234,,0.034695234,look,0,,42,look_f0_s42_in22k_v5fix,last
ISIC_0010013,__singleton__ISIC_0010013,__singleton__ISIC_0010013,40-59,mskcc,5,False,5,0.01030173,0.007192726,0.0077689043,0.061533414,0.006292083,0.8619953,0.044915758,0.023786537,,0.023786537,look,0,,42,look_f0_s42_in22k_v5fix,last
ISIC_0010015,__singleton__ISIC_0010015,__singleton__ISIC_0010015,40-59,mskcc,5,False,5,0.013813948,0.010619696,0.0038498505,0.105303675,0.12760751,0.65564406,0.08316129,0.15204115,,0.15204115,look,0,,42,look_f0_s42_in22k_v5fix,last
ISIC_0010019,__singleton__ISIC_0010019,__singleton__ISIC_0010019,60+,mskcc,5,False,5,0.0123929335,0.004936119,0.0035406498,0.06351775,0.006449368,0.8628155,0.046347685,0.02377842,,0.02377842,look,0,,42,look_f0_s42_in22k_v5fix,last
ISIC_0010034,__singleton__ISIC_0010034,__singleton__ISIC_0010034,40-59,mskcc,4,True,4,0.006234206,0.004067342,0.0076237316,0.049109634,0.8596283,0.032045957,0.041290786,0.86992985,,0.86992985,look,0,,42,look_f0_s42_in22k_v5fix,last
ISIC_0010055,__singleton__ISIC_0010055,__singleton__ISIC_0010055,60+,mskcc,5,False,4,0.005332215,0.0068106055,0.004007118,0.049268216,0.89126337,0.0061564175,0.037162066,0.9034062,,0.9034062,look,0,,42,look_f0_s42_in22k_v5fix,last
ISIC_0010064,__singleton__ISIC_0010064,__singleton__ISIC_0010064,<40,mskcc,5,False,5,0.01225417,0.006759517,0.0052104937,0.067663476,0.005686536,0.8510657,0.051360168,0.024700224,,0.024700224,look,0,,42,look_f0_s42_in22k_v5fix,last
ISIC_0010073,__singleton__ISIC_0010073,__singleton__ISIC_0010073,<40,mskcc,5,False,5,0.007635106,0.0036598037,0.0015612876,0.063822955,0.0066224015,0.87209624,0.044602208,0.01791731,,0.01791731,look,0,,42,look_f0_s42_in22k_v5fix,last
ISIC_0010088,__singleton__ISIC_0010088,__singleton__ISIC_0010088,40-59,mskcc,5,False,5,0.011605495,0.007470156,0.009267773,0.0847481,0.13632295,0.68903387,0.06155175,0.15539859,,0.15539859,look,0,,42,look_f0_s42_in22k_v5fix,last
ISIC_0010104,__singleton__ISIC_0010104,__singleton__ISIC_0010104,<40,mskcc,5,False,5,0.012754417,0.0053098644,0.0069234734,0.06689302,0.0046379757,0.8520925,0.051388707,0.022702256,,0.022702256,look,0,,42,look_f0_s42_in22k_v5fix,last
ISIC_0010189,__singleton__ISIC_0010189,__singleton__ISIC_0010189,40-59,mskcc,4,True,4,0.1730366,0.0021599676,0.08593792,0.21290241,0.39229766,0.019425781,0.11423972,0.5674942,,0.5674942,look,0,,42,look_f0_s42_in22k_v5fix,last
ISIC_0010322,__singleton__ISIC_0010322,__singleton__ISIC_0010322,60+,mskcc,4,True,4,0.11992215,0.0015679335,0.0036607129,0.09336796,0.7158359,0.007965168,0.057680104,0.837326,,0.837326,look,0,,42,look_f0_s42_in22k_v5fix,last
ISIC_0010358,__singleton__ISIC_0010358,__singleton__ISIC_0010358,40-59,mskcc,4,True,5,0.012270752,0.0067909765,0.0078185685,0.06246801,0.011841877,0.8510226,0.04778724,0.030903608,,0.030903608,look,0,,42,look_f0_s42_in22k_v5fix,last
ISIC_0010382,__singleton__ISIC_0010382,__singleton__ISIC_0010382,40-59,mskcc,5,False,4,0.005561778,0.0014225624,0.009151755,0.033741787,0.8866261,0.045579337,0.017916696,0.8936105,,0.8936105,look,0,,42,look_f0_s42_in22k_v5fix,last
ISIC_0010441,__singleton__ISIC_0010441,__singleton__ISIC_0010441,60+,mskcc,4,True,2,0.011304444,0.09661392,0.7362399,0.08869749,0.003957073,0.008193842,0.05499338,0.11187544,,0.11187544,look,0,,42,look_f0_s42_in22k_v5fix,last
ISIC_0010455,__singleton__ISIC_0010455,__singleton__ISIC_0010455,40-59,mskcc,5,False,5,0.011280766,0.0060302345,0.0048967237,0.07045514,0.0055532386,0.85513794,0.046645876,0.022864237,,0.022864237,look,0,,42,look_f0_s42_in22k_v5fix,last
ISIC_0010459,__singleton__ISIC_0010459,__singleton__ISIC_0010459,<40,mskcc,5,False,5,0.017512117,0.006475298,0.009670634,0.07730187,0.0062326784,0.81915617,0.06365123,0.030220093,,0.030220093,look,0,,42,look_f0_s42_in22k_v5fix,last
ISIC_0010462,__singleton__ISIC_0010462,__singleton__ISIC_0010462,60+,mskcc,5,False,5,0.011018636,0.006376269,0.0064649493,0.06968287,0.0052926606,0.8514107,0.04975399,0.022687566,,0.022687566,look,0,,42,look_f0_s42_in22k_v5fix,last
ISIC_0010467,__singleton__ISIC_0010467,__singleton__ISIC_0010467,60+,mskcc,5,False,5,0.011405053,0.005843272,0.006590853,0.07270737,0.0058711683,0.84612095,0.05146137,0.023119494,,0.023119494,look,0,,42,look_f0_s42_in22k_v5fix,last
ISIC_0010474,__singleton__ISIC_0010474,__singleton__ISIC_0010474,<40,mskcc,5,False,5,0.012954768,0.0062778383,0.0066320654,0.07538746,0.024339855,0.8182174,0.056190573,0.043572463,,0.043572463,look,0,,42,look_f0_s42_in22k_v5fix,last
ISIC_0010479,__singleton__ISIC_0010479,__singleton__ISIC_0010479,60+,mskcc,5,False,2,0.011425251,0.011799203,0.4073867,0.113421254,0.016810665,0.35429794,0.08485899,0.04003512,,0.04003512,look,0,,42,look_f0_s42_in22k_v5fix,last
ISIC_0010483,__singleton__ISIC_0010483,__singleton__ISIC_0010483,40-59,mskcc,5,False,5,0.010254889,0.005078727,0.004853629,0.06837263,0.047913466,0.8126471,0.050879538,0.063247085,,0.063247085,look,0,,42,look_f0_s42_in22k_v5fix,last
ISIC_0010558,__singleton__ISIC_0010558,__singleton__ISIC_0010558,<40,mskcc,5,False,5,0.010114543,0.006262906,0.0050820205,0.06374912,0.007056145,0.8622874,0.045447726,0.023433594,,0.023433594,look,0,,42,look_f0_s42_in22k_v5fix,last
ISIC_0010863,__singleton__ISIC_0010863,__singleton__ISIC_0010863,60+,mskcc,4,True,5,0.010088831,0.0056871357,0.0032154222,0.057569023,0.007206625,0.8716151,0.044617858,0.022982592,,0.022982592,look,0,,42,look_f0_s42_in22k_v5fix,last
ISIC_0011121,__singleton__ISIC_0011121,__singleton__ISIC_0011121,60+,mskcc,4,True,4,0.0043278625,0.0027405366,0.007090145,0.045476165,0.879528,0.021293456,0.03954376,0.8865964,,0.8865964,look,0,,42,look_f0_s42_in22k_v5fix,last
ISIC_0011124,__singleton__ISIC_0011124,__singleton__ISIC_0011124,40-59,mskcc,5,False,5,0.010081742,0.0068740817,0.006035408,0.06609631,0.005204877,0.85815555,0.04755207,0.0221607,,0.0221607,look,0,,42,look_f0_s42_in22k_v5fix,last
ISIC_0011126,__singleton__ISIC_0011126,__singleton__ISIC_0011126,40-59,mskcc,4,True,4,0.004280536,0.0031343868,0.006331639,0.052838244,0.8277517,0.06050397,0.0451595,0.83516663,,0.83516663,look,0,,42,look_f0_s42_in22k_v5fix,last
ISIC_0011129,__singleton__ISIC_0011129,__singleton__ISIC_0011129,40-59,mskcc,5,False,4,0.007576387,0.005234464,0.004725329,0.05152658,0.8926766,0.0030216721,0.035238992,0.9054874,,0.9054874,look,0,,42,look_f0_s42_in22k_v5fix,last
ISIC_0011155,__singleton__ISIC_0011155,__singleton__ISIC_0011155,60+,mskcc,5,False,5,0.007492071,0.0035507283,0.005564662,0.067247696,0.024901332,0.8204004,0.07084309,0.035944134,,0.035944134,look,0,,42,look_f0_s42_in22k_v5fix,last
ISIC_0011162,__singleton__ISIC_0011162,__singleton__ISIC_0011162,60+,mskcc,5,False,1,0.007205109,0.8354009,0.0069606686,0.0657435,0.0067891157,0.029952206,0.047948487,0.8493951,,0.8493951,look,0,,42,look_f0_s42_in22k_v5fix,last
ISIC_0011163,__singleton__ISIC_0011163,__singleton__ISIC_0011163,60+,mskcc,4,True,5,0.008535288,0.0058986316,0.0070296233,0.06600378,0.0066775456,0.86073035,0.045124702,0.021111466,,0.021111466,look,0,,42,look_f0_s42_in22k_v5fix,last
ISIC_0011170,__singleton__ISIC_0011170,__singleton__ISIC_0011170,40-59,mskcc,5,False,5,0.011394526,0.006753149,0.0076444526,0.065932184,0.0054748044,0.85615695,0.046643976,0.02362248,,0.02362248,look,0,,42,look_f0_s42_in22k_v5fix,last
ISIC_0011204,__singleton__ISIC_0011204,__singleton__ISIC_0011204,<40,mskcc,5,False,5,0.0075491546,0.004232286,0.005143807,0.055290487,0.006508778,0.8805444,0.0407311,0.018290218,,0.018290218,look,0,,42,look_f0_s42_in22k_v5fix,last
ISIC_0011208,__singleton__ISIC_0011208,__singleton__ISIC_0011208,<40,mskcc,5,False,1,0.01161865,0.37500954,0.0083763525,0.13419901,0.012470818,0.36084953,0.09747613,0.399099,,0.399099,look,0,,42,look_f0_s42_in22k_v5fix,last
ISIC_0011211,__singleton__ISIC_0011211,__singleton__ISIC_0011211,40-59,mskcc,5,False,5,0.009500394,0.0055043423,0.006817733,0.06709957,0.012786464,0.8504849,0.047806572,0.027791198,,0.027791198,look,0,,42,look_f0_s42_in22k_v5fix,last
ISIC_0011227,__singleton__ISIC_0011227,__singleton__ISIC_0011227,40-59,mskcc,5,False,5,0.021087855,0.015434297,0.009451673,0.07641351,0.0016584344,0.84777963,0.028174644,0.038180586,,0.038180586,look,0,,42,look_f0_s42_in22k_v5fix,last
ISIC_0011230,__singleton__ISIC_0011230,__singleton__ISIC_0011230,40-59,mskcc,5,False,5,0.010615616,0.006761659,0.0093180295,0.06685047,0.021334885,0.83988774,0.045231663,0.03871216,,0.03871216,look,0,,42,look_f0_s42_in22k_v5fix,last
ISIC_0011292,__singleton__ISIC_0011292,__singleton__ISIC_0011292,40-59,mskcc,5,False,5,0.011226908,0.005746593,0.006708709,0.0658066,0.0062235617,0.85865706,0.045630623,0.023197062,,0.023197062,look,0,,42,look_f0_s42_in22k_v5fix,last
ISIC_0011298,__singleton__ISIC_0011298,__singleton__ISIC_0011298,40-59,mskcc,5,False,5,0.009522799,0.006273807,0.005565923,0.067330584,0.0080621755,0.8552671,0.04797751,0.023858782,,0.023858782,look,0,,42,look_f0_s42_in22k_v5fix,last
ISIC_0011304,__singleton__ISIC_0011304,__singleton__ISIC_0011304,<40,mskcc,5,False,5,0.008184888,0.006013843,0.0060546896,0.06541426,0.006763048,0.8619207,0.04564856,0.02096178,,0.02096178,look,0,,42,look_f0_s42_in22k_v5fix,last
ISIC_0011322,__singleton__ISIC_0011322,__singleton__ISIC_0011322,<40,mskcc,5,False,5,0.011253974,0.007022531,0.006042572,0.06818062,0.0125980005,0.84987664,0.04502566,0.030874506,,0.030874506,look,0,,42,look_f0_s42_in22k_v5fix,last
ISIC_0011367,__singleton__ISIC_0011367,__singleton__ISIC_0011367,40-59,mskcc,5,False,5,0.0091524515,0.0039637694,0.006537694,0.06712378,0.0025987474,0.86132306,0.049300432,0.015714968,,0.015714968,look,0,,42,look_f0_s42_in22k_v5fix,last
ISIC_0011390,__singleton__ISIC_0011390,__singleton__ISIC_0011390,60+,mskcc,4,True,5,0.010139337,0.0063970773,0.0051680813,0.06701673,0.007640832,0.8603441,0.043293834,0.024177246,,0.024177246,look,0,,42,look_f0_s42_in22k_v5fix,last
ISIC_0012152_downsampled,__singleton__ISIC_0012152_downsampled,__singleton__ISIC_0012152_downsampled,40-59,mskcc,5,False,5,0.0119822305,0.007069314,0.007996344,0.06669106,0.009605844,0.85051703,0.046138156,0.028657388,,0.028657388,look,0,,42,look_f0_s42_in22k_v5fix,last
ISIC_0012156_downsampled,__singleton__ISIC_0012156_downsampled,__singleton__ISIC_0012156_downsampled,<40,mskcc,5,False,5,0.0068594576,0.00416134,0.0067329416,0.059930447,0.009751343,0.8731762,0.0393883,0.02077214,,0.02077214,look,0,,42,look_f0_s42_in22k_v5fix,last
ISIC_0012191_downsampled,__singleton__ISIC_0012191_downsampled,__singleton__ISIC_0012191_downsampled,60+,mskcc,5,False,5,0.008161406,0.005048176,0.0047271303,0.06113296,0.0068628453,0.8730701,0.040997375,0.020072427,,0.020072427,look,0,,42,look_f0_s42_in22k_v5fix,last
ISIC_0012206_downsampled,__singleton__ISIC_0012206_downsampled,__singleton__ISIC_0012206_downsampled,60+,mskcc,5,False,4,0.004416423,0.002770082,0.034010414,0.06757881,0.82007736,0.014784503,0.056362428,0.8272639,,0.8272639,look,0,,42,look_f0_s42_in22k_v5fix,last
ISIC_0012216_downsampled,__singleton__ISIC_0012216_downsampled,__singleton__ISIC_0012216_downsampled,40-59,mskcc,5,False,5,0.005400926,0.0029568959,0.38316208,0.08168326,0.0042759283,0.43650982,0.08601117,0.01263375,,0.01263375,look,0,,42,look_f0_s42_in22k_v5fix,last
ISIC_0012233_downsampled,__singleton__ISIC_0012233_downsampled,__singleton__ISIC_0012233_downsampled,<40,mskcc,5,False,5,0.007822188,0.0039045124,0.0044543706,0.05829618,0.006424273,0.8753633,0.04373524,0.018150972,,0.018150972,look,0,,42,look_f0_s42_in22k_v5fix,last
ISIC_0012258_downsampled,__singleton__ISIC_0012258_downsampled,__singleton__ISIC_0012258_downsampled,40-59,mskcc,4,True,5,0.023570996,0.0014500378,0.15720019,0.13744062,0.0018390622,0.6283016,0.05019749,0.026860096,,0.026860096,look,0,,42,look_f0_s42_in22k_v5fix,last
ISIC_0012294_downsampled,__singleton__ISIC_0012294_downsampled,__singleton__ISIC_0012294_downsampled,40-59,mskcc,2,False,2,0.008537726,0.0066384566,0.90486264,0.042944103,0.004285691,0.0023809904,0.03035032,0.019461874,,0.019461874,look,0,,42,look_f0_s42_in22k_v5fix,last
ISIC_0012311_downsampled,__singleton__ISIC_0012311_downsampled,__singleton__ISIC_0012311_downsampled,40-59,mskcc,5,False,5,0.010479975,0.0058133914,0.007847431,0.070572056,0.004219116,0.85224265,0.048825447,0.020512482,,0.020512482,look,0,,42,look_f0_s42_in22k_v5fix,last
ISIC_0012316_downsampled,__singleton__ISIC_0012316_downsampled,__singleton__ISIC_0012316_downsampled,40-59,mskcc,5,False,5,0.010839439,0.0054278555,0.006857148,0.06752026,0.0038433142,0.85836816,0.047143828,0.020110609,,0.020110609,look,0,,42,look_f0_s42_in22k_v5fix,last
ISIC_0012325_downsampled,__singleton__ISIC_0012325_downsampled,__singleton__ISIC_0012325_downsampled,40-59,mskcc,5,False,4,0.011118667,0.0015239046,0.03321224,0.05603884,0.85606784,0.009666729,0.03237168,0.8687104,,0.8687104,look,0,,42,look_f0_s42_in22k_v5fix,last
ISIC_0012329_downsampled,__singleton__ISIC_0012329_downsampled,__singleton__ISIC_0012329_downsampled,40-59,mskcc,2,False,2,0.0054109264,0.004888987,0.8956308,0.04678171,0.004642892,0.004123315,0.038521245,0.014942806,,0.014942806,look,0,,42,look_f0_s42_in22k_v5fix,last
ISIC_0012333_downsampled,__singleton__ISIC_0012333_downsampled,__singleton__ISIC_0012333_downsampled,40-59,mskcc,5,False,5,0.007123291,0.0042099063,0.0050570476,0.060746126,0.0044849985,0.8730515,0.045327105,0.015818195,,0.015818195,look,0,,42,look_f0_s42_in22k_v5fix,last
ISIC_0012359_downsampled,__singleton__ISIC_0012359_downsampled,__singleton__ISIC_0012359_downsampled,60+,mskcc,2,False,2,0.1326896,0.005626433,0.5666919,0.1324574,0.05208678,0.0051799696,0.10526792,0.19040282,,0.19040282,look,0,,42,look_f0_s42_in22k_v5fix,last
ISIC_0012364_downsampled,__singleton__ISIC_0012364_downsampled,__singleton__ISIC_0012364_downsampled,60+,mskcc,2,False,2,0.007905803,0.002863315,0.902441,0.047126397,0.0056568123,0.003089773,0.030916955,0.01642593,,0.01642593,look,0,,42,look_f0_s42_in22k_v5fix,last
ISIC_0012369_downsampled,__singleton__ISIC_0012369_downsampled,__singleton__ISIC_0012369_downsampled,40-59,mskcc,4,True,5,0.0068593696,0.0059009646,0.07560462,0.09655518,0.009454004,0.74014425,0.065481596,0.022214338,,0.022214338,look,0,,42,look_f0_s42_in22k_v5fix,last
ISIC_0012377_downsampled,__singleton__ISIC_0012377_downsampled,__singleton__ISIC_0012377_downsampled,60+,mskcc,2,False,2,0.00256402,0.004171815,0.91425216,0.040399585,0.0025517766,0.0069292174,0.029131496,0.009287612,,0.009287612,look,0,,42,look_f0_s42_in22k_v5fix,last
ISIC_0012387_downsampled,__singleton__ISIC_0012387_downsampled,__singleton__ISIC_0012387_downsampled,60+,mskcc,2,False,3,0.32477865,0.010857907,0.14976624,0.34014237,0.006188368,0.0929265,0.07534,0.34182492,,0.34182492,look,0,,42,look_f0_s42_in22k_v5fix,last
ISIC_0012397_downsampled,__singleton__ISIC_0012397_downsampled,__singleton__ISIC_0012397_downsampled,60+,mskcc,2,False,4,0.020655513,0.007178468,0.18513668,0.12637827,0.52790284,0.06854297,0.06420524,0.55573684,,0.55573684,look,0,,42,look_f0_s42_in22k_v5fix,last
ISIC_0012432_downsampled,__singleton__ISIC_0012432_downsampled,__singleton__ISIC_0012432_downsampled,40-59,mskcc,2,False,2,0.0036339017,0.0019756907,0.92646337,0.034437895,0.0045622545,0.0043257833,0.024601126,0.010171847,,0.010171847,look,0,,42,look_f0_s42_in22k_v5fix,last
ISIC_0012481_downsampled,__singleton__ISIC_0012481_downsampled,__singleton__ISIC_0012481_downsampled,40-59,mskcc,5,False,5,0.014498541,0.007820832,0.011203909,0.07714753,0.0043998347,0.8350741,0.04985516,0.026719207,,0.026719207,look,0,,42,look_f0_s42_in22k_v5fix,last
ISIC_0012506_downsampled,__singleton__ISIC_0012506_downsampled,__singleton__ISIC_0012506_downsampled,40-59,mskcc,5,False,5,0.008989677,0.0052088005,0.0065760687,0.06866432,0.0054166727,0.85545963,0.04968486,0.019615151,,0.019615151,look,0,,42,look_f0_s42_in22k_v5fix,last
ISIC_0012510_downsampled,__singleton__ISIC_0012510_downsampled,__singleton__ISIC_0012510_downsampled,60+,mskcc,2,False,2,0.009492073,0.0055810227,0.8377532,0.08309266,0.015364258,0.0032235363,0.045493238,0.030437354,,0.030437354,look,0,,42,look_f0_s42_in22k_v5fix,last
ISIC_0012529_downsampled,__singleton__ISIC_0012529_downsampled,__singleton__ISIC_0012529_downsampled,<40,mskcc,5,False,5,0.01074348,0.0054887244,0.0055877483,0.066870324,0.0061351294,0.85593176,0.049242824,0.022367332,,0.022367332,look,0,,42,look_f0_s42_in22k_v5fix,last
ISIC_0012544_downsampled,__singleton__ISIC_0012544_downsampled,__singleton__ISIC_0012544_downsampled,40-59,mskcc,5,False,5,0.016882459,0.009138745,0.00992803,0.0792673,0.0045188,0.8292206,0.0510441,0.030540004,,0.030540004,look,0,,42,look_f0_s42_in22k_v5fix,last
ISIC_0012659_downsampled,MSK4_0010119,MSK4_0010119,<40,mskcc,5,False,5,0.013347909,0.0065017003,0.0069776415,0.07131493,0.004145227,0.8505844,0.047128133,0.023994837,,0.023994837,look,0,,42,look_f0_s42_in22k_v5fix,last
ISIC_0012665_downsampled,MSK4_0011179,MSK4_0011179,60+,mskcc,5,False,5,0.012487375,0.0062308693,0.011983679,0.08303369,0.009438599,0.827998,0.048827846,0.028156843,,0.028156843,look,0,,42,look_f0_s42_in22k_v5fix,last
ISIC_0012672_downsampled,MSK4_0010383,MSK4_0010383,40-59,mskcc,5,False,5,0.011792356,0.005692977,0.0058034486,0.07500122,0.0072183656,0.8436631,0.05082851,0.0247037,,0.0247037,look,0,,42,look_f0_s42_in22k_v5fix,last
ISIC_0012675_downsampled,MSK4_0011188,MSK4_0011188,40-59,mskcc,5,False,5,0.009487298,0.00471688,0.007371602,0.06411677,0.0071768197,0.8625927,0.044537902,0.021380998,,0.021380998,look,0,,42,look_f0_s42_in22k_v5fix,last
ISIC_0012704_downsampled,MSK4_0011212,MSK4_0011212,60+,mskcc,2,False,5,0.008903209,0.0055474704,0.08699507,0.12184291,0.003031472,0.70294803,0.07073174,0.017482152,,0.017482152,look,0,,42,look_f0_s42_in22k_v5fix,last
ISIC_0012705_downsampled,MSK4_0010345,MSK4_0010345,60+,mskcc,2,False,5,0.008290235,0.0046505113,0.015985547,0.08027121,0.06548862,0.7629068,0.0624071,0.07842937,,0.07842937,look,0,,42,look_f0_s42_in22k_v5fix,last
ISIC_0012744_downsampled,MSK4_0011260,MSK4_0011260,60+,mskcc,5,False,5,0.012501798,0.0060597286,0.0070571024,0.06577319,0.00398355,0.85616827,0.04845636,0.022545077,,0.022545077,look,0,,42,look_f0_s42_in22k_v5fix,last
ISIC_0012787_downsampled,MSK4_0011299,MSK4_0011299,60+,mskcc,5,False,5,0.0087907165,0.0043733525,0.008139699,0.05959836,0.002747226,0.87320155,0.043149035,0.015911296,,0.015911296,look,0,,42,look_f0_s42_in22k_v5fix,last
ISIC_0012800_downsampled,MSK4_0011312,MSK4_0011312,60+,mskcc,2,False,2,0.006598167,0.0047208183,0.89597565,0.045923017,0.00522856,0.0029342754,0.0386195,0.016547546,,0.016547546,look,0,,42,look_f0_s42_in22k_v5fix,last
ISIC_0012806_downsampled,MSK4_0010996,MSK4_0010996,60+,mskcc,5,False,5,0.012161815,0.0019972248,0.02894753,0.08237367,0.008064514,0.82893276,0.03752247,0.022223555,,0.022223555,look,0,,42,look_f0_s42_in22k_v5fix,last
ISIC_0012823_downsampled,MSK4_0011334,MSK4_0011334,60+,mskcc,5,False,5,0.010942942,0.0062169256,0.008012413,0.06871404,0.0047515165,0.8537894,0.047572747,0.021911385,,0.021911385,look,0,,42,look_f0_s42_in22k_v5fix,last
ISIC_0012848_downsampled,MSK4_0010348,MSK4_0010348,60+,mskcc,2,False,4,0.009450149,0.003901986,0.016407385,0.05868026,0.87914675,0.004022118,0.028391356,0.8924989,,0.8924989,look,0,,42,look_f0_s42_in22k_v5fix,last
ISIC_0012851_downsampled,MSK4_0011358,MSK4_0011358,40-59,mskcc,2,False,2,0.0070902393,0.0034763555,0.89232016,0.050961692,0.0031255018,0.013853052,0.029173104,0.013692097,,0.013692097,look,0,,42,look_f0_s42_in22k_v5fix,last
ISIC_0012855_downsampled,MSK4_0011362,MSK4_0011362,60+,mskcc,5,False,5,0.008767074,0.0051152036,0.0047354754,0.07852793,0.059304148,0.7953158,0.04823434,0.07318643,,0.07318643,look,0,,42,look_f0_s42_in22k_v5fix,last
ISIC_0012865_downsampled,MSK4_0010004,MSK4_0010004,40-59,mskcc,5,False,5,0.011266322,0.0053055063,0.008372296,0.076802224,0.004537012,0.84750587,0.04621072,0.02110884,,0.02110884,look,0,,42,look_f0_s42_in22k_v5fix,last
ISIC_0012876_downsampled,MSK4_0011380,MSK4_0011380,40-59,mskcc,5,False,5,0.015578372,0.0043572476,0.010333625,0.08396084,0.033559047,0.7832051,0.06900582,0.053494666,,0.053494666,look,0,,42,look_f0_s42_in22k_v5fix,last
ISIC_0012888_downsampled,MSK4_0011391,MSK4_0011391,<40,mskcc,5,False,5,0.009023703,0.005162561,0.0063360813,0.063974395,0.00665494,0.859285,0.049563315,0.020841204,,0.020841204,look,0,,42,look_f0_s42_in22k_v5fix,last
ISIC_0012907_downsampled,MSK4_0011410,MSK4_0011410,60+,mskcc,5,False,5,0.011861011,0.0047538835,0.005678977,0.06730832,0.004120338,0.8484734,0.057804074,0.020735234,,0.020735234,look,0,,42,look_f0_s42_in22k_v5fix,last
ISIC_0012949_downsampled,MSK4_0011451,MSK4_0011451,<40,mskcc,5,False,5,0.011877953,0.0064590336,0.007026048,0.07028018,0.006220977,0.84856015,0.049575724,0.024557963,,0.024557963,look,0,,42,look_f0_s42_in22k_v5fix,last
ISIC_0012959_downsampled,MSK4_0011460,MSK4_0011460,60+,mskcc,2,False,2,0.0052925707,0.005617109,0.90203696,0.04437082,0.0039094756,0.0044762404,0.034296896,0.014819156,,0.014819156,look,0,,42,look_f0_s42_in22k_v5fix,last
ISIC_0012988_downsampled,MSK4_0011000,MSK4_0011000,40-59,mskcc,4,True,4,0.0070847827,0.0033762753,0.0033275103,0.04990509,0.89213026,0.0061151492,0.038061008,0.9025913,,0.9025913,look,0,,42,look_f0_s42_in22k_v5fix,last
ISIC_0013012_downsampled,MSK4_0011514,MSK4_0011514,40-59,mskcc,5,False,4,0.009887014,0.007294212,0.0050422517,0.063656114,0.85616565,0.0042417557,0.053713024,0.87334687,,0.87334687,look,0,,42,look_f0_s42_in22k_v5fix,last
ISIC_0013132_downsampled,MSK4_0011613,MSK4_0011613,<40,mskcc,5,False,5,0.00822979,0.005633059,0.007835936,0.06672825,0.006060367,0.8605743,0.044938285,0.019923216,,0.019923216,look,0,,42,look_f0_s42_in22k_v5fix,last
ISIC_0013155_downsampled,MSK4_0011626,MSK4_0011626,<40,mskcc,5,False,5,0.009002357,0.004338101,0.0071977717,0.06877989,0.004926434,0.85255444,0.053201,0.018266892,,0.018266892,look,0,,42,look_f0_s42_in22k_v5fix,last
ISIC_0013165_downsampled,MSK4_0010391,MSK4_0010391,40-59,mskcc,2,False,2,0.004998638,0.0029526579,0.91534054,0.03790367,0.004013926,0.005181807,0.02960877,0.011965222,,0.011965222,look,0,,42,look_f0_s42_in22k_v5fix,last
ISIC_0013173_downsampled,MSK4_0011639,MSK4_0011639,40-59,mskcc,5,False,5,0.012661938,0.007175214,0.008979163,0.07084374,0.0034104888,0.8451748,0.051754728,0.02324764,,0.02324764,look,0,,42,look_f0_s42_in22k_v5fix,last
ISIC_0013203_downsampled,MSK4_0011663,MSK4_0011663,60+,mskcc,2,False,2,0.005970665,0.00371373,0.7546872,0.071174696,0.024219021,0.0804016,0.059833035,0.033903416,,0.033903416,look,0,,42,look_f0_s42_in22k_v5fix,last
ISIC_0013213_downsampled,MSK4_0011673,MSK4_0011673,40-59,mskcc,5,False,5,0.011453622,0.0049152356,0.014067479,0.063488,0.0072459667,0.857449,0.041380607,0.023614826,,0.023614826,look,0,,42,look_f0_s42_in22k_v5fix,last
ISIC_0013257_downsampled,MSK4_0011709,MSK4_0011709,<40,mskcc,5,False,5,0.008639076,0.004702831,0.005085361,0.06341325,0.013655297,0.8589056,0.045598593,0.026997205,,0.026997205,look,0,,42,look_f0_s42_in22k_v5fix,last
ISIC_0013268_downsampled,MSK4_0011008,MSK4_0011008,40-59,mskcc,2,False,2,0.005254636,0.0020891933,0.906634,0.038647354,0.0042249216,0.0039228187,0.03922717,0.011568751,,0.011568751,look,0,,42,look_f0_s42_in22k_v5fix,last
ISIC_0013311_downsampled,MSK4_0011750,MSK4_0011750,<40,mskcc,5,False,5,0.007725178,0.0032895342,0.0034389207,0.056355584,0.0061365203,0.88387764,0.039176658,0.017151233,,0.017151233,look,0,,42,look_f0_s42_in22k_v5fix,last
ISIC_0013326_downsampled,MSK4_0011758,MSK4_0011758,60+,mskcc,5,False,5,0.0063095796,0.0027102325,0.24228658,0.0873524,0.010016806,0.58233494,0.068989515,0.019036619,,0.019036619,look,0,,42,look_f0_s42_in22k_v5fix,last
ISIC_0013393_downsampled,MSK4_0011805,MSK4_0011805,60+,mskcc,2,False,2,0.028780883,0.003699424,0.72878957,0.07068,0.0060877083,0.0843142,0.077648185,0.038568016,,0.038568016,look,0,,42,look_f0_s42_in22k_v5fix,last
ISIC_0013405_downsampled,MSK4_0010148,MSK4_0010148,60+,mskcc,5,False,5,0.0147257615,0.0074381665,0.040372916,0.08650427,0.0038935998,0.7853439,0.061721466,0.026057526,,0.026057526,look,0,,42,look_f0_s42_in22k_v5fix,last
ISIC_0013409_downsampled,MSK4_0011817,MSK4_0011817,60+,mskcc,2,False,2,0.006190232,0.0029354582,0.88439757,0.05228723,0.0099443365,0.005112421,0.039132837,0.019070026,,0.019070026,look,0,,42,look_f0_s42_in22k_v5fix,last
ISIC_0013424_downsampled,MSK4_0010677,MSK4_0010677,60+,mskcc,5,False,5,0.014084386,0.004620193,0.029800992,0.1206009,0.015069152,0.72664326,0.08918119,0.03377373,,0.03377373,look,0,,42,look_f0_s42_in22k_v5fix,last
ISIC_0013437_downsampled,MSK4_0011831,MSK4_0011831,<40,mskcc,5,False,5,0.00982726,0.006976886,0.0044623394,0.068954945,0.018127324,0.84402376,0.047627475,0.03493147,,0.03493147,look,0,,42,look_f0_s42_in22k_v5fix,last
ISIC_0013438_downsampled,MSK4_0011832,MSK4_0011832,60+,mskcc,5,False,5,0.012900592,0.006536224,0.008045483,0.07201841,0.0033678424,0.845183,0.05194847,0.022804659,,0.022804659,look,0,,42,look_f0_s42_in22k_v5fix,last
ISIC_0013458_downsampled,MSK4_0011836,MSK4_0011836,40-59,mskcc,2,False,2,0.009107023,0.0042271772,0.8898932,0.04974513,0.008441303,0.0064552813,0.032130875,0.021775503,,0.021775503,look,0,,42,look_f0_s42_in22k_v5fix,last
ISIC_0013488_downsampled,MSK4_0010433,MSK4_0010433,60+,mskcc,5,False,5,0.01238652,0.005543841,0.00722551,0.07324477,0.011704886,0.84307295,0.046821553,0.029635249,,0.029635249,look,0,,42,look_f0_s42_in22k_v5fix,last
ISIC_0013526_downsampled,MSK4_0010531,MSK4_0010531,40-59,mskcc,5,False,5,0.008641972,0.005135591,0.0068491497,0.065992534,0.0054097157,0.8607267,0.047244288,0.019187279,,0.019187279,look,0,,42,look_f0_s42_in22k_v5fix,last
ISIC_0013529_downsampled,MSK4_0010534,MSK4_0010534,40-59,mskcc,5,False,5,0.008777353,0.0040917085,0.0046614674,0.074237615,0.02354148,0.8331839,0.051506534,0.03641054,,0.03641054,look,0,,42,look_f0_s42_in22k_v5fix,last
ISIC_0013584_downsampled,MSK4_0011843,MSK4_0011843,60+,mskcc,2,False,5,0.010283457,0.0055804304,0.0059813866,0.07169458,0.005840374,0.8505774,0.05004227,0.021704262,,0.021704262,look,0,,42,look_f0_s42_in22k_v5fix,last
ISIC_0013618_downsampled,MSK4_0010712,MSK4_0010712,60+,mskcc,4,True,4,0.0064784857,0.0045872843,0.0042618066,0.04676182,0.9000666,0.00412757,0.033716496,0.9111324,,0.9111324,look,0,,42,look_f0_s42_in22k_v5fix,last
ISIC_0013644_downsampled,MSK4_0010827,MSK4_0010827,40-59,mskcc,4,True,4,0.007182558,0.0026308459,0.0076089716,0.047388885,0.90238094,0.0027962388,0.030011484,0.9121944,,0.9121944,look,0,,42,look_f0_s42_in22k_v5fix,last
ISIC_0013667_downsampled,MSK4_0010553,MSK4_0010553,40-59,mskcc,2,False,4,0.009976711,0.0054457076,0.0129657285,0.08260604,0.44703755,0.3754434,0.066524856,0.46245998,,0.46245998,look,0,,42,look_f0_s42_in22k_v5fix,last
ISIC_0013675_downsampled,MSK4_0011853,MSK4_0011853,60+,mskcc,5,False,5,0.011576845,0.004617852,0.0056708213,0.07164802,0.015230479,0.8399038,0.051352274,0.031425178,,0.031425178,look,0,,42,look_f0_s42_in22k_v5fix,last
ISIC_0013676_downsampled,MSK4_0010981,MSK4_0010981,40-59,mskcc,5,False,5,0.011661791,0.004597414,0.005635585,0.06299305,0.009015015,0.8565195,0.04957769,0.02527422,,0.02527422,look,0,,42,look_f0_s42_in22k_v5fix,last
ISIC_0013682_downsampled,MSK4_0011854,MSK4_0011854,60+,mskcc,2,False,5,0.0064436444,0.012224222,0.059584297,0.062486652,0.0037254686,0.8118414,0.043694224,0.022393335,,0.022393335,look,0,,42,look_f0_s42_in22k_v5fix,last
ISIC_0013707_downsampled,MSK4_0010180,MSK4_0010180,60+,mskcc,2,False,2,0.012924448,0.005618063,0.8776692,0.053096004,0.00554236,0.004046884,0.04110301,0.02408487,,0.02408487,look,0,,42,look_f0_s42_in22k_v5fix,last
ISIC_0013737_downsampled,MSK4_0011860,MSK4_0011860,<40,mskcc,5,False,5,0.007730302,0.00454152,0.0056625823,0.06590023,0.0039314525,0.8652378,0.046996243,0.016203273,,0.016203273,look,0,,42,look_f0_s42_in22k_v5fix,last
ISIC_0013739_downsampled,MSK4_0010964,MSK4_0010964,40-59,mskcc,4,True,5,0.009447027,0.0041957726,0.013391791,0.06568936,0.008679005,0.85171884,0.046878166,0.022321805,,0.022321805,look,0,,42,look_f0_s42_in22k_v5fix,last
ISIC_0013748_downsampled,MSK4_0011079,MSK4_0011079,40-59,mskcc,5,False,4,0.008761329,0.0059101647,0.0032815451,0.058514595,0.87765455,0.0055467933,0.040331017,0.89232606,,0.89232606,look,0,,42,look_f0_s42_in22k_v5fix,last
ISIC_0013762_downsampled,MSK4_0010014,MSK4_0010014,60+,mskcc,4,True,4,0.007107534,0.0067881523,0.008183808,0.074554,0.8502064,0.0048518935,0.04830826,0.86410207,,0.86410207,look,0,,42,look_f0_s42_in22k_v5fix,last
ISIC_0013777_downsampled,MSK4_0010919,MSK4_0010919,60+,mskcc,4,True,5,0.010244749,0.010228017,0.015941266,0.10376463,0.038123902,0.74742365,0.074273735,0.058596667,,0.058596667,look,0,,42,look_f0_s42_in22k_v5fix,last
ISIC_0013801_downsampled,MSK4_0011090,MSK4_0011090,40-59,mskcc,5,False,4,0.008443078,0.0046992963,0.003759607,0.052255843,0.8829346,0.012421722,0.035485927,0.8960769,,0.8960769,look,0,,42,look_f0_s42_in22k_v5fix,last
ISIC_0013805_downsampled,MSK4_0011095,MSK4_0011095,40-59,mskcc,5,False,5,0.008009694,0.0028865049,0.0048475373,0.049798742,0.008483211,0.88718176,0.038792517,0.019379409,,0.019379409,look,0,,42,look_f0_s42_in22k_v5fix,last
ISIC_0013807_downsampled,MSK4_0011097,MSK4_0011097,40-59,mskcc,5,False,5,0.008461063,0.0052361996,0.0068928786,0.06981734,0.0048099034,0.8593401,0.04544255,0.018507166,,0.018507166,look,0,,42,look_f0_s42_in22k_v5fix,last
ISIC_0013835_downsampled,MSK4_0011865,MSK4_0011865,40-59,mskcc,5,False,1,0.0122331055,0.530028,0.016081162,0.16565953,0.030194296,0.11016422,0.13563973,0.57245535,,0.57245535,look,0,,42,look_f0_s42_in22k_v5fix,last
ISIC_0013836_downsampled,MSK4_0011866,MSK4_0011866,<40,mskcc,5,False,5,0.011644259,0.00643453,0.007018861,0.07015684,0.0062558693,0.850404,0.048085533,0.024334658,,0.024334658,look,0,,42,look_f0_s42_in22k_v5fix,last
ISIC_0013842_downsampled,MSK4_0010755,MSK4_0010755,60+,mskcc,4,True,5,0.023535816,0.015660144,0.0064705624,0.13249563,0.3082279,0.43563652,0.077973485,0.34742385,,0.34742385,look,0,,42,look_f0_s42_in22k_v5fix,last
ISIC_0013861_downsampled,MSK4_0010014,MSK4_0010014,60+,mskcc,4,True,4,0.004765711,0.0049860505,0.0051229475,0.050885975,0.89373916,0.0047462187,0.035753887,0.9034909,,0.9034909,look,0,,42,look_f0_s42_in22k_v5fix,last
ISIC_0013863_downsampled,MSK4_0010535,MSK4_0010535,40-59,mskcc,2,False,2,0.003958964,0.002776508,0.8464138,0.067779936,0.014091689,0.025246568,0.03973254,0.020827161,,0.020827161,look,0,,42,look_f0_s42_in22k_v5fix,last
ISIC_0013927_downsampled,MSK4_0011881,MSK4_0011881,60+,mskcc,2,False,2,0.009409813,0.0030898757,0.8968688,0.047224063,0.0050916946,0.0037558426,0.034559824,0.017591383,,0.017591383,look,0,,42,look_f0_s42_in22k_v5fix,last
ISIC_0014004_downsampled,MSK4_0010474,MSK4_0010474,40-59,mskcc,5,False,5,0.010322376,0.004136279,0.0052634375,0.06376257,0.0036555664,0.87154466,0.04131501,0.018114222,,0.018114222,look,0,,42,look_f0_s42_in22k_v5fix,last
ISIC_0014032_downsampled,MSK4_0010292,MSK4_0010292,60+,mskcc,2,False,2,0.006029878,0.002997795,0.8908642,0.053402312,0.008574305,0.0033258905,0.034805678,0.017601978,,0.017601978,look,0,,42,look_f0_s42_in22k_v5fix,last
ISIC_0014045_downsampled,MSK4_0011113,MSK4_0011113,60+,mskcc,5,False,4,0.007993198,0.0026057009,0.039519645,0.05811458,0.85501796,0.0033439489,0.033404894,0.86561686,,0.86561686,look,0,,42,look_f0_s42_in22k_v5fix,last
ISIC_0014046_downsampled,MSK4_0011114,MSK4_0011114,60+,mskcc,5,False,5,0.011733405,0.006815285,0.004703684,0.06844815,0.0074372566,0.85411406,0.04674804,0.025985947,,0.025985947,look,0,,42,look_f0_s42_in22k_v5fix,last
ISIC_0014082_downsampled,MSK4_0010710,MSK4_0010710,60+,mskcc,4,True,4,0.0056158868,0.0038357442,0.0058364803,0.046978734,0.9058281,0.0038998323,0.028005237,0.91527975,,0.91527975,look,0,,42,look_f0_s42_in22k_v5fix,last
ISIC_0014088_downsampled,MSK4_0010394,MSK4_0010394,40-59,mskcc,4,True,4,0.006414792,0.004559705,0.0018430362,0.052418143,0.8878369,0.010622166,0.036305275,0.89881134,,0.89881134,look,0,,42,look_f0_s42_in22k_v5fix,last
ISIC_0014089_downsampled,MSK4_0010395,MSK4_0010395,40-59,mskcc,5,False,5,0.008152241,0.005034893,0.004184042,0.060851004,0.0049738004,0.87090695,0.045897108,0.018160934,,0.018160934,look,0,,42,look_f0_s42_in22k_v5fix,last
ISIC_0014090_downsampled,MSK4_0011917,MSK4_0011917,60+,mskcc,5,False,5,0.008171143,0.005267401,0.006118216,0.061979227,0.0044501782,0.8698012,0.044212658,0.017888723,,0.017888723,look,0,,42,look_f0_s42_in22k_v5fix,last
ISIC_0014110_downsampled,MSK4_0010849,MSK4_0010849,60+,mskcc,4,True,4,0.059172742,0.00710676,0.002477232,0.09225674,0.5594873,0.21827409,0.061225086,0.62576675,,0.62576675,look,0,,42,look_f0_s42_in22k_v5fix,last
ISIC_0014127_downsampled,MSK4_0010380,MSK4_0010380,40-59,mskcc,4,True,4,0.011482201,0.0071030003,0.0045266207,0.09339344,0.68694913,0.1462228,0.05032278,0.70553434,,0.70553434,look,0,,42,look_f0_s42_in22k_v5fix,last
ISIC_0014144_downsampled,MSK4_0010943,MSK4_0010943,60+,mskcc,4,True,5,0.010933421,0.0063638077,0.003971088,0.06922071,0.013931904,0.8458359,0.04974323,0.031229133,,0.031229133,look,0,,42,look_f0_s42_in22k_v5fix,last
ISIC_0014219_downsampled,MSK4_0010841,MSK4_0010841,60+,mskcc,4,True,4,0.0063121268,0.005936476,0.00460119,0.048475724,0.89168113,0.0070999004,0.035893492,0.9039297,,0.9039297,look,0,,42,look_f0_s42_in22k_v5fix,last
ISIC_0014255_downsampled,MSK4_0010462,MSK4_0010462,60+,mskcc,4,True,4,0.009551879,0.0011540103,0.055720814,0.050878376,0.8234635,0.01745095,0.04178039,0.8341694,,0.8341694,look,0,,42,look_f0_s42_in22k_v5fix,last
ISIC_0014288_downsampled,MSK4_0010820,MSK4_0010820,60+,mskcc,4,True,5,0.010058384,0.0048851636,0.004325529,0.06531383,0.007118329,0.8607181,0.047580745,0.022061877,,0.022061877,look,0,,42,look_f0_s42_in22k_v5fix,last
ISIC_0014290_downsampled,MSK4_0010945,MSK4_0010945,60+,mskcc,4,True,5,0.009912825,0.006467248,0.0060049826,0.06437731,0.017580798,0.84928733,0.04636937,0.03396087,,0.03396087,look,0,,42,look_f0_s42_in22k_v5fix,last
ISIC_0014311_downsampled,MSK4_0010830,MSK4_0010830,40-59,mskcc,2,False,2,0.0062389313,0.002462808,0.8998768,0.05050285,0.004105749,0.002718993,0.034093846,0.012807488,,0.012807488,look,0,,42,look_f0_s42_in22k_v5fix,last
ISIC_0014336_downsampled,MSK4_0010876,MSK4_0010876,60+,mskcc,4,True,4,0.007833367,0.003829734,0.0033926987,0.05197093,0.8948171,0.0022387214,0.035917398,0.9064802,,0.9064802,look,0,,42,look_f0_s42_in22k_v5fix,last
ISIC_0014365_downsampled,MSK4_0010689,MSK4_0010689,40-59,mskcc,5,False,4,0.009621065,0.0054111085,0.0037174493,0.05042286,0.88067746,0.015436654,0.03471348,0.89570963,,0.89570963,look,0,,42,look_f0_s42_in22k_v5fix,last
ISIC_0014433_downsampled,MSK4_0010593,MSK4_0010593,60+,mskcc,5,False,4,0.0048569813,0.0021331916,0.0017538188,0.047774315,0.8995294,0.011693514,0.0322587,0.9065196,,0.9065196,look,0,,42,look_f0_s42_in22k_v5fix,last
ISIC_0014434_downsampled,MSK4_0010330,MSK4_0010330,<40,mskcc,4,True,5,0.009503627,0.0070325974,0.20535047,0.122757964,0.00516651,0.5802364,0.06995241,0.021702735,,0.021702735,look,0,,42,look_f0_s42_in22k_v5fix,last
ISIC_0014503_downsampled,MSK4_0010469,MSK4_0010469,40-59,mskcc,2,False,2,0.00682278,0.0019679903,0.8685528,0.051907122,0.0049487604,0.020907428,0.04489309,0.013739531,,0.013739531,look,0,,42,look_f0_s42_in22k_v5fix,last
ISIC_0014581_downsampled,__singleton__ISIC_0014581_downsampled,__singleton__ISIC_0014581_downsampled,60+,mskcc,2,False,2,0.007978591,0.004948672,0.89390296,0.04883112,0.0036008675,0.0026180984,0.038119566,0.01652813,,0.01652813,look,0,,42,look_f0_s42_in22k_v5fix,last
ISIC_0014591_downsampled,__singleton__ISIC_0014591_downsampled,__singleton__ISIC_0014591_downsampled,60+,mskcc,2,False,2,0.0072955955,0.0047059804,0.8772098,0.06263158,0.0054231253,0.0040548616,0.038679034,0.0174247,,0.0174247,look,0,,42,look_f0_s42_in22k_v5fix,last
ISIC_0014598_downsampled,__singleton__ISIC_0014598_downsampled,__singleton__ISIC_0014598_downsampled,60+,mskcc,2,False,2,0.009120501,0.007726168,0.7380919,0.07007393,0.0051977625,0.10805937,0.061730314,0.022044431,,0.022044431,look,0,,42,look_f0_s42_in22k_v5fix,last
ISIC_0014605_downsampled,__singleton__ISIC_0014605_downsampled,__singleton__ISIC_0014605_downsampled,60+,mskcc,2,False,2,0.0058319666,0.003780473,0.9140109,0.040022,0.0030908736,0.0017242599,0.031539585,0.012703313,,0.012703313,look,0,,42,look_f0_s42_in22k_v5fix,last
ISIC_0014606_downsampled,__singleton__ISIC_0014606_downsampled,__singleton__ISIC_0014606_downsampled,60+,mskcc,2,False,5,0.014939963,0.0061701774,0.021344336,0.08783912,0.0041432,0.79849327,0.067069955,0.02525334,,0.02525334,look,0,,42,look_f0_s42_in22k_v5fix,last
ISIC_0014609_downsampled,__singleton__ISIC_0014609_downsampled,__singleton__ISIC_0014609_downsampled,60+,mskcc,2,False,2,0.005530997,0.0044052615,0.89092577,0.05320179,0.0033297432,0.0035959114,0.03901058,0.013266001,,0.013266001,look,0,,42,look_f0_s42_in22k_v5fix,last
ISIC_0014616_downsampled,__singleton__ISIC_0014616_downsampled,__singleton__ISIC_0014616_downsampled,60+,mskcc,2,False,2,0.009420125,0.005746864,0.8815498,0.05385097,0.003890223,0.006788122,0.03875395,0.019057212,,0.019057212,look,0,,42,look_f0_s42_in22k_v5fix,last
ISIC_0014618_downsampled,__singleton__ISIC_0014618_downsampled,__singleton__ISIC_0014618_downsampled,60+,mskcc,2,False,2,0.006960421,0.0052755508,0.8917984,0.052174713,0.005380138,0.0039907014,0.034420054,0.017616108,,0.017616108,look,0,,42,look_f0_s42_in22k_v5fix,last
ISIC_0014620_downsampled,__singleton__ISIC_0014620_downsampled,__singleton__ISIC_0014620_downsampled,60+,mskcc,2,False,2,0.010416201,0.0073580733,0.8972367,0.04644107,0.0033309737,0.0034863492,0.0317306,0.021105248,,0.021105248,look,0,,42,look_f0_s42_in22k_v5fix,last
ISIC_0014627_downsampled,__singleton__ISIC_0014627_downsampled,__singleton__ISIC_0014627_downsampled,60+,mskcc,2,False,2,0.008004449,0.003878209,0.75054175,0.060216255,0.0042494712,0.12060717,0.052502617,0.01613213,,0.01613213,look,0,,42,look_f0_s42_in22k_v5fix,last
ISIC_0014633_downsampled,__singleton__ISIC_0014633_downsampled,__singleton__ISIC_0014633_downsampled,60+,mskcc,2,False,2,0.008082501,0.0039109825,0.90005034,0.04276884,0.002704879,0.007760317,0.034722067,0.014698362,,0.014698362,look,0,,42,look_f0_s42_in22k_v5fix,last
ISIC_0014636_downsampled,__singleton__ISIC_0014636_downsampled,__singleton__ISIC_0014636_downsampled,60+,mskcc,2,False,2,0.0072567817,0.004613452,0.81625295,0.07759914,0.0029235196,0.0384063,0.052947782,0.014793753,,0.014793753,look,0,,42,look_f0_s42_in22k_v5fix,last
ISIC_0014643_downsampled,__singleton__ISIC_0014643_downsampled,__singleton__ISIC_0014643_downsampled,60+,mskcc,2,False,2,0.00718356,0.0056933067,0.89640844,0.04579788,0.0038324802,0.0056232978,0.03546102,0.016709346,,0.016709346,look,0,,42,look_f0_s42_in22k_v5fix,last
ISIC_0014648_downsampled,__singleton__ISIC_0014648_downsampled,__singleton__ISIC_0014648_downsampled,60+,mskcc,2,False,2,0.0087480955,0.00547339,0.88104635,0.05647837,0.0031531132,0.0027547104,0.042345975,0.0173746,,0.0173746,look,0,,42,look_f0_s42_in22k_v5fix,last
ISIC_0014651_downsampled,__singleton__ISIC_0014651_downsampled,__singleton__ISIC_0014651_downsampled,60+,mskcc,2,False,2,0.008219625,0.004804722,0.9030695,0.042374782,0.0029123859,0.0022516872,0.03636729,0.015936732,,0.015936732,look,0,,42,look_f0_s42_in22k_v5fix,last
ISIC_0014654_downsampled,__singleton__ISIC_0014654_downsampled,__singleton__ISIC_0014654_downsampled,60+,mskcc,2,False,2,0.008404931,0.0053067687,0.8990909,0.045207556,0.0032459295,0.0029462432,0.035797633,0.01695763,,0.01695763,look,0,,42,look_f0_s42_in22k_v5fix,last
ISIC_0014665_downsampled,__singleton__ISIC_0014665_downsampled,__singleton__ISIC_0014665_downsampled,40-59,mskcc,5,False,2,0.016684067,0.0068937517,0.61051846,0.08499562,0.007405183,0.2118281,0.061674803,0.030983001,,0.030983001,look,0,,42,look_f0_s42_in22k_v5fix,last
ISIC_0014666_downsampled,__singleton__ISIC_0014666_downsampled,__singleton__ISIC_0014666_downsampled,60+,mskcc,4,True,4,0.019580124,0.0026228693,0.023238992,0.07514018,0.82674915,0.0047773425,0.04789131,0.8489521,,0.8489521,look,0,,42,look_f0_s42_in22k_v5fix,last
ISIC_0014680_downsampled,__singleton__ISIC_0014680_downsampled,__singleton__ISIC_0014680_downsampled,<40,mskcc,5,False,5,0.009218055,0.0054668006,0.0047935033,0.06739596,0.0073686796,0.85903454,0.046722498,0.022053536,,0.022053536,look,0,,42,look_f0_s42_in22k_v5fix,last
ISIC_0014692_downsampled,__singleton__ISIC_0014692_downsampled,__singleton__ISIC_0014692_downsampled,40-59,mskcc,5,False,5,0.010191538,0.0046806494,0.006431696,0.07005162,0.005121681,0.8565856,0.046937197,0.019993868,,0.019993868,look,0,,42,look_f0_s42_in22k_v5fix,last
ISIC_0014693_downsampled,__singleton__ISIC_0014693_downsampled,__singleton__ISIC_0014693_downsampled,40-59,mskcc,5,False,4,0.00538817,0.003842646,0.005870975,0.08478105,0.83557814,0.031266645,0.033272456,0.84480894,,0.84480894,look,0,,42,look_f0_s42_in22k_v5fix,last
ISIC_0014739_downsampled,__singleton__ISIC_0014739_downsampled,__singleton__ISIC_0014739_downsampled,unknown,mskcc,5,False,5,0.009216363,0.0044651274,0.004372354,0.06387981,0.0052871495,0.8624695,0.050309703,0.01896864,,0.01896864,look,0,,42,look_f0_s42_in22k_v5fix,last
ISIC_0014749_downsampled,__singleton__ISIC_0014749_downsampled,__singleton__ISIC_0014749_downsampled,<40,mskcc,5,False,5,0.008311743,0.0045369198,0.00463883,0.06613974,0.005465635,0.86525774,0.04564934,0.018314298,,0.018314298,look,0,,42,look_f0_s42_in22k_v5fix,last
ISIC_0014755_downsampled,__singleton__ISIC_0014755_downsampled,__singleton__ISIC_0014755_downsampled,<40,mskcc,5,False,5,0.0075286785,0.0029963884,0.0037317267,0.053033095,0.0077620177,0.88396925,0.040978942,0.018287085,,0.018287085,look,0,,42,look_f0_s42_in22k_v5fix,last
ISIC_0014766_downsampled,__singleton__ISIC_0014766_downsampled,__singleton__ISIC_0014766_downsampled,40-59,mskcc,4,True,4,0.0075740437,0.0054226904,0.006435908,0.055460103,0.8818339,0.0032714691,0.040001944,0.89483064,,0.89483064,look,0,,42,look_f0_s42_in22k_v5fix,last
ISIC_0014771_downsampled,__singleton__ISIC_0014771_downsampled,__singleton__ISIC_0014771_downsampled,40-59,mskcc,5,False,4,0.013021115,0.011530463,0.012642325,0.12865146,0.5167002,0.23810612,0.079348326,0.5412518,,0.5412518,look,0,,42,look_f0_s42_in22k_v5fix,last
ISIC_0014783_downsampled,__singleton__ISIC_0014783_downsampled,__singleton__ISIC_0014783_downsampled,<40,mskcc,5,False,5,0.008551324,0.0042170864,0.006094997,0.06586314,0.008664997,0.8575342,0.049074218,0.021433407,,0.021433407,look,0,,42,look_f0_s42_in22k_v5fix,last
ISIC_0014788_downsampled,__singleton__ISIC_0014788_downsampled,__singleton__ISIC_0014788_downsampled,unknown,mskcc,4,True,4,0.012986795,0.005476522,0.008271021,0.056439318,0.8735964,0.0036819982,0.0395479,0.8920597,,0.8920597,look,0,,42,look_f0_s42_in22k_v5fix,last
ISIC_0014790_downsampled,__singleton__ISIC_0014790_downsampled,__singleton__ISIC_0014790_downsampled,60+,mskcc,4,True,4,0.010896481,0.0044406555,0.007812625,0.07635244,0.8564181,0.0053833877,0.038696337,0.8717552,,0.8717552,look,0,,42,look_f0_s42_in22k_v5fix,last
ISIC_0014797_downsampled,__singleton__ISIC_0014797_downsampled,__singleton__ISIC_0014797_downsampled,60+,mskcc,5,False,6,0.002149962,0.00065199524,0.00071989675,0.009540326,0.000626425,0.00074570236,0.9855657,0.003428382,,0.003428382,look,0,,42,look_f0_s42_in22k_v5fix,last
ISIC_0014869_downsampled,__singleton__ISIC_0014869_downsampled,__singleton__ISIC_0014869_downsampled,40-59,mskcc,5,False,5,0.008166518,0.0040579853,0.004411291,0.06352547,0.006918185,0.8666332,0.046287403,0.019142687,,0.019142687,look,0,,42,look_f0_s42_in22k_v5fix,last
ISIC_0014936_downsampled,__singleton__ISIC_0014936_downsampled,__singleton__ISIC_0014936_downsampled,40-59,mskcc,5,False,5,0.00866328,0.0037188218,0.0045700367,0.06466444,0.0038205213,0.87005514,0.04450773,0.016202623,,0.016202623,look,0,,42,look_f0_s42_in22k_v5fix,last
ISIC_0014955_downsampled,__singleton__ISIC_0014955_downsampled,__singleton__ISIC_0014955_downsampled,60+,mskcc,5,False,5,0.009002316,0.0042369864,0.0052260375,0.059661888,0.008504986,0.8684128,0.044954967,0.021744289,,0.021744289,look,0,,42,look_f0_s42_in22k_v5fix,last
ISIC_0014957_downsampled,__singleton__ISIC_0014957_downsampled,__singleton__ISIC_0014957_downsampled,<40,mskcc,5,False,5,0.0078066424,0.004261483,0.0044730804,0.062681794,0.0054766294,0.86859095,0.046709508,0.017544754,,0.017544754,look,0,,42,look_f0_s42_in22k_v5fix,last
ISIC_0014963_downsampled,__singleton__ISIC_0014963_downsampled,__singleton__ISIC_0014963_downsampled,60+,mskcc,4,True,4,0.0060119317,0.004897567,0.0046971017,0.064503215,0.8683948,0.00824562,0.04324963,0.8793043,,0.8793043,look,0,,42,look_f0_s42_in22k_v5fix,last
ISIC_0014989_downsampled,__singleton__ISIC_0014989_downsampled,__singleton__ISIC_0014989_downsampled,<40,mskcc,5,False,5,0.0066083516,0.003655599,0.0036015748,0.05399851,0.006662278,0.88334787,0.042125884,0.016926229,,0.016926229,look,0,,42,look_f0_s42_in22k_v5fix,last
ISIC_0015031_downsampled,__singleton__ISIC_0015031_downsampled,__singleton__ISIC_0015031_downsampled,<40,mskcc,5,False,5,0.012782071,0.0068653505,0.011435324,0.06497758,0.00212171,0.84729785,0.054520044,0.02176913,,0.02176913,look,0,,42,look_f0_s42_in22k_v5fix,last
ISIC_0015043_downsampled,__singleton__ISIC_0015043_downsampled,__singleton__ISIC_0015043_downsampled,<40,mskcc,5,False,5,0.008371574,0.005226326,0.004648721,0.06532304,0.0034802952,0.8654578,0.04749228,0.017078195,,0.017078195,look,0,,42,look_f0_s42_in22k_v5fix,last
ISIC_0015056_downsampled,__singleton__ISIC_0015056_downsampled,__singleton__ISIC_0015056_downsampled,60+,mskcc,5,False,4,0.0097879395,0.0053797713,0.008849533,0.060282953,0.8653017,0.0045224065,0.04587568,0.88046944,,0.88046944,look,0,,42,look_f0_s42_in22k_v5fix,last
ISIC_0015110_downsampled,__singleton__ISIC_0015110_downsampled,__singleton__ISIC_0015110_downsampled,60+,mskcc,4,True,4,0.0077654184,0.004779782,0.011852622,0.05791687,0.8759484,0.002775825,0.038961068,0.88849366,,0.88849366,look,0,,42,look_f0_s42_in22k_v5fix,last
ISIC_0015132_downsampled,__singleton__ISIC_0015132_downsampled,__singleton__ISIC_0015132_downsampled,60+,mskcc,4,True,4,0.0112359,0.0058387583,0.004809861,0.058305312,0.872505,0.003016375,0.044288844,0.88957965,,0.88957965,look,0,,42,look_f0_s42_in22k_v5fix,last
ISIC_0015149_downsampled,__singleton__ISIC_0015149_downsampled,__singleton__ISIC_0015149_downsampled,60+,mskcc,5,False,5,0.017670276,0.008055278,0.009473238,0.13628899,0.2819411,0.45559117,0.09097991,0.30766663,,0.30766663,look,0,,42,look_f0_s42_in22k_v5fix,last
ISIC_0015156_downsampled,__singleton__ISIC_0015156_downsampled,__singleton__ISIC_0015156_downsampled,60+,mskcc,4,True,4,0.0054982263,0.004685899,0.008096526,0.05435707,0.8789036,0.008773711,0.03968496,0.88908774,,0.88908774,look,0,,42,look_f0_s42_in22k_v5fix,last
ISIC_0015161_downsampled,__singleton__ISIC_0015161_downsampled,__singleton__ISIC_0015161_downsampled,<40,mskcc,5,False,5,0.009406262,0.0054269065,0.005914285,0.06560356,0.0058552516,0.85831547,0.049478244,0.02068842,,0.02068842,look,0,,42,look_f0_s42_in22k_v5fix,last
ISIC_0015166_downsampled,__singleton__ISIC_0015166_downsampled,__singleton__ISIC_0015166_downsampled,unknown,mskcc,4,True,4,0.010085558,0.0042566303,0.0063126055,0.056790322,0.87504387,0.0062146396,0.041296415,0.88938606,,0.88938606,look,0,,42,look_f0_s42_in22k_v5fix,last
ISIC_0015171_downsampled,__singleton__ISIC_0015171_downsampled,__singleton__ISIC_0015171_downsampled,unknown,mskcc,5,False,5,0.015353745,0.008288762,0.008543687,0.102845244,0.091384,0.7021605,0.07142402,0.115026504,,0.115026504,look,0,,42,look_f0_s42_in22k_v5fix,last
ISIC_0015174_downsampled,__singleton__ISIC_0015174_downsampled,__singleton__ISIC_0015174_downsampled,40-59,mskcc,5,False,5,0.012446738,0.006591645,0.0076070814,0.09942325,0.32058874,0.47807223,0.07527032,0.33962712,,0.33962712,look,0,,42,look_f0_s42_in22k_v5fix,last
ISIC_0015180_downsampled,__singleton__ISIC_0015180_downsampled,__singleton__ISIC_0015180_downsampled,60+,mskcc,4,True,4,0.006676355,0.0068819257,0.101021916,0.10308623,0.6277061,0.092606194,0.062021237,0.6412644,,0.6412644,look,0,,42,look_f0_s42_in22k_v5fix,last
ISIC_0015181_downsampled,__singleton__ISIC_0015181_downsampled,__singleton__ISIC_0015181_downsampled,40-59,mskcc,2,False,4,0.005708561,0.0030115056,0.003787096,0.0531193,0.876391,0.017787324,0.040195227,0.88511103,,0.88511103,look,0,,42,look_f0_s42_in22k_v5fix,last
ISIC_0015208_downsampled,__singleton__ISIC_0015208_downsampled,__singleton__ISIC_0015208_downsampled,40-59,mskcc,5,False,5,0.008106655,0.0045599197,0.004822971,0.06768467,0.0043001557,0.8628675,0.0476581,0.01696673,,0.01696673,look,0,,42,look_f0_s42_in22k_v5fix,last
ISIC_0015211_downsampled,__singleton__ISIC_0015211_downsampled,__singleton__ISIC_0015211_downsampled,40-59,mskcc,5,False,5,0.00781228,0.0043903883,0.0038407687,0.059988752,0.0030256086,0.87773526,0.04320698,0.015228277,,0.015228277,look,0,,42,look_f0_s42_in22k_v5fix,last
ISIC_0015220_downsampled,__singleton__ISIC_0015220_downsampled,__singleton__ISIC_0015220_downsampled,60+,mskcc,2,False,4,0.1335936,0.00088179996,0.020979114,0.14969374,0.544884,0.0449363,0.105031446,0.67935944,,0.67935944,look,0,,42,look_f0_s42_in22k_v5fix,last
ISIC_0015223_downsampled,__singleton__ISIC_0015223_downsampled,__singleton__ISIC_0015223_downsampled,<40,mskcc,5,False,5,0.012588041,0.00711494,0.0068629663,0.072472505,0.006161615,0.8470335,0.047766436,0.025864596,,0.025864596,look,0,,42,look_f0_s42_in22k_v5fix,last
ISIC_0015224_downsampled,__singleton__ISIC_0015224_downsampled,__singleton__ISIC_0015224_downsampled,40-59,mskcc,5,False,5,0.010308223,0.0071112285,0.0054131914,0.071383566,0.007315999,0.85372394,0.044743806,0.02473545,,0.02473545,look,0,,42,look_f0_s42_in22k_v5fix,last
ISIC_0015237_downsampled,__singleton__ISIC_0015237_downsampled,__singleton__ISIC_0015237_downsampled,unknown,mskcc,5,False,5,0.011900869,0.0060555236,0.0044815536,0.08053633,0.057477117,0.7767135,0.06283521,0.07543351,,0.07543351,look,0,,42,look_f0_s42_in22k_v5fix,last
ISIC_0015244_downsampled,__singleton__ISIC_0015244_downsampled,__singleton__ISIC_0015244_downsampled,40-59,mskcc,5,False,5,0.008615541,0.0038896892,0.0043811887,0.06588328,0.016558582,0.85363483,0.047036834,0.029063813,,0.029063813,look,0,,42,look_f0_s42_in22k_v5fix,last
ISIC_0015270_downsampled,__singleton__ISIC_0015270_downsampled,__singleton__ISIC_0015270_downsampled,60+,mskcc,5,False,5,0.010802807,0.0051253294,0.005677282,0.07185302,0.004778912,0.8500503,0.051712308,0.020707048,,0.020707048,look,0,,42,look_f0_s42_in22k_v5fix,last
ISIC_0015279_downsampled,__singleton__ISIC_0015279_downsampled,__singleton__ISIC_0015279_downsampled,unknown,mskcc,5,False,5,0.009033891,0.005470946,0.0073337224,0.07576339,0.005620556,0.8504429,0.04633458,0.020125393,,0.020125393,look,0,,42,look_f0_s42_in22k_v5fix,last
ISIC_0015312_downsampled,__singleton__ISIC_0015312_downsampled,__singleton__ISIC_0015312_downsampled,unknown,mskcc,5,False,5,0.007682643,0.0040891552,0.0038770267,0.0649558,0.008224983,0.86527467,0.045895748,0.01999678,,0.01999678,look,0,,42,look_f0_s42_in22k_v5fix,last
ISIC_0015331_downsampled,__singleton__ISIC_0015331_downsampled,__singleton__ISIC_0015331_downsampled,<40,mskcc,5,False,5,0.008597969,0.0050092423,0.005008034,0.06576178,0.0046969578,0.86419743,0.046728496,0.01830417,,0.01830417,look,0,,42,look_f0_s42_in22k_v5fix,last
ISIC_0015482_downsampled,__singleton__ISIC_0015482_downsampled,__singleton__ISIC_0015482_downsampled,60+,mskcc,5,False,5,0.010812564,0.0053146156,0.0042877435,0.061593473,0.025486847,0.8394602,0.053044625,0.041614026,,0.041614026,look,0,,42,look_f0_s42_in22k_v5fix,last
ISIC_0015483_downsampled,__singleton__ISIC_0015483_downsampled,__singleton__ISIC_0015483_downsampled,40-59,mskcc,5,False,5,0.006227237,0.006163063,0.004479386,0.055914603,0.003482961,0.8697092,0.054023504,0.01587326,,0.01587326,look,0,,42,look_f0_s42_in22k_v5fix,last
ISIC_0015563_downsampled,__singleton__ISIC_0015563_downsampled,__singleton__ISIC_0015563_downsampled,40-59,mskcc,5,False,5,0.012941247,0.0067314296,0.006063815,0.068653144,0.0038636476,0.85268307,0.049063675,0.023536325,,0.023536325,look,0,,42,look_f0_s42_in22k_v5fix,last
ISIC_0015641_downsampled,__singleton__ISIC_0015641_downsampled,__singleton__ISIC_0015641_downsampled,<40,mskcc,5,False,5,0.008909545,0.0047260486,0.0055460236,0.06597634,0.004617195,0.86102885,0.04919596,0.018252788,,0.018252788,look,0,,42,look_f0_s42_in22k_v5fix,last
ISIC_0015645_downsampled,__singleton__ISIC_0015645_downsampled,__singleton__ISIC_0015645_downsampled,60+,mskcc,5,False,5,0.013101022,0.004294967,0.0052194158,0.0726111,0.0153173255,0.82943344,0.06002271,0.032713313,,0.032713313,look,0,,42,look_f0_s42_in22k_v5fix,last
ISIC_0015946_downsampled,__singleton__ISIC_0015946_downsampled,__singleton__ISIC_0015946_downsampled,<40,mskcc,5,False,5,0.009819298,0.0048126974,0.0061718216,0.06724266,0.0062162755,0.8548379,0.05089938,0.02084827,,0.02084827,look,0,,42,look_f0_s42_in22k_v5fix,last
ISIC_0015969_downsampled,__singleton__ISIC_0015969_downsampled,__singleton__ISIC_0015969_downsampled,60+,mskcc,5,False,5,0.009799178,0.0047823624,0.0059510563,0.06689031,0.0060201176,0.85566354,0.050893337,0.020601658,,0.020601658,look,0,,42,look_f0_s42_in22k_v5fix,last
ISIC_0015981_downsampled,__singleton__ISIC_0015981_downsampled,__singleton__ISIC_0015981_downsampled,40-59,mskcc,5,False,5,0.008094963,0.0050292416,0.0054809256,0.062036082,0.007959318,0.86666113,0.044738345,0.021083523,,0.021083523,look,0,,42,look_f0_s42_in22k_v5fix,last
ISIC_0015996_downsampled,__singleton__ISIC_0015996_downsampled,__singleton__ISIC_0015996_downsampled,<40,mskcc,5,False,5,0.00837967,0.0049944883,0.0044463477,0.0613197,0.007088847,0.869802,0.043968998,0.020463005,,0.020463005,look,0,,42,look_f0_s42_in22k_v5fix,last
ISIC_0016000_downsampled,__singleton__ISIC_0016000_downsampled,__singleton__ISIC_0016000_downsampled,60+,mskcc,5,False,5,0.013138706,0.0063703908,0.0059545264,0.078194134,0.02073932,0.8281028,0.047500074,0.040248416,,0.040248416,look,0,,42,look_f0_s42_in22k_v5fix,last
ISIC_0016006_downsampled,__singleton__ISIC_0016006_downsampled,__singleton__ISIC_0016006_downsampled,60+,mskcc,5,False,5,0.0074322456,0.0033975064,0.005699925,0.06004561,0.0022664,0.8859491,0.035209276,0.013096152,,0.013096152,look,0,,42,look_f0_s42_in22k_v5fix,last
ISIC_0016031_downsampled,__singleton__ISIC_0016031_downsampled,__singleton__ISIC_0016031_downsampled,60+,mskcc,5,False,4,0.010763348,0.006841127,0.00807481,0.11204855,0.66789323,0.13874009,0.055638805,0.6854977,,0.6854977,look,0,,42,look_f0_s42_in22k_v5fix,last
ISIC_0016036_downsampled,__singleton__ISIC_0016036_downsampled,__singleton__ISIC_0016036_downsampled,60+,mskcc,5,False,5,0.0035739776,0.0050000446,0.010420631,0.06269636,0.041295886,0.84385306,0.033159968,0.04986991,,0.04986991,look,0,,42,look_f0_s42_in22k_v5fix,last
ISIC_0016064_downsampled,__singleton__ISIC_0016064_downsampled,__singleton__ISIC_0016064_downsampled,60+,mskcc,5,False,5,0.008877884,0.004900486,0.005386393,0.06368328,0.0041910047,0.8662937,0.046667244,0.017969374,,0.017969374,look,0,,42,look_f0_s42_in22k_v5fix,last
ISIC_0016069_downsampled,__singleton__ISIC_0016069_downsampled,__singleton__ISIC_0016069_downsampled,<40,mskcc,5,False,5,0.010707308,0.0059883646,0.007463586,0.06700429,0.004966702,0.8555755,0.04829426,0.021662375,,0.021662375,look,0,,42,look_f0_s42_in22k_v5fix,last
ISIC_0024342,HAM_0001981,HAM_0001981,40-59,ham,5,False,5,0.011604152,0.007666563,0.008011764,0.07466573,0.0044909916,0.84333163,0.050229184,0.023761706,,0.023761706,look,0,,42,look_f0_s42_in22k_v5fix,last
ISIC_0024372,HAM_0005389,HAM_0005389,60+,ham,0,True,0,0.9465662,0.001761141,0.008790107,0.020847566,0.0025398466,0.0018493026,0.017645968,0.95086724,,0.95086724,look,0,,42,look_f0_s42_in22k_v5fix,last
ISIC_0024375,HAM_0005245,HAM_0005245,60+,ham,6,False,6,0.0014888032,0.0011737081,0.000854918,0.008086589,0.00054685015,0.00041374145,0.98743534,0.0032093613,,0.0032093613,look,0,,42,look_f0_s42_in22k_v5fix,last
ISIC_0024378,HAM_0001580,HAM_0001580,<40,ham,5,False,6,0.0011881094,0.0009618053,0.0011894625,0.0117461365,0.0012170017,0.0019110186,0.98178643,0.0033669164,,0.0033669164,look,0,,42,look_f0_s42_in22k_v5fix,last
ISIC_0024381,HAM_0001057,HAM_0001057,60+,ham,2,False,4,0.0056418763,0.0030021602,0.052709203,0.07892941,0.79660136,0.002811002,0.06030507,0.8052454,,0.8052454,look,0,,42,look_f0_s42_in22k_v5fix,last
ISIC_0024384,HAM_0001029,HAM_0001029,<40,ham,5,False,5,0.00904636,0.0059658852,0.005491347,0.063117616,0.00553774,0.8634465,0.047394622,0.020549987,,0.020549987,look,0,,42,look_f0_s42_in22k_v5fix,last
ISIC_0024393,HAM_0001432,HAM_0001432,60+,ham,5,False,5,0.00968518,0.0058613303,0.006513096,0.069131576,0.006797911,0.85118467,0.05082616,0.022344422,,0.022344422,look,0,,42,look_f0_s42_in22k_v5fix,last
ISIC_0024399,HAM_0004064,HAM_0004064,40-59,ham,5,False,5,0.009477802,0.0055952314,0.006176635,0.06690796,0.0061311694,0.8580526,0.047658484,0.021204203,,0.021204203,look,0,,42,look_f0_s42_in22k_v5fix,last
ISIC_0024403,HAM_0003680,HAM_0003680,60+,ham,1,True,1,0.016674593,0.8380008,0.0070784986,0.07184043,0.0078108096,0.0056072427,0.052987624,0.8624862,,0.8624862,look,0,,42,look_f0_s42_in22k_v5fix,last
ISIC_0024408,HAM_0004768,HAM_0004768,<40,ham,2,False,2,0.008334791,0.006073386,0.8885206,0.051373627,0.003436523,0.0044433232,0.037817776,0.0178447,,0.0178447,look,0,,42,look_f0_s42_in22k_v5fix,last
ISIC_0024413,HAM_0001110,HAM_0001110,40-59,ham,5,False,5,0.008800576,0.0055804364,0.0057358863,0.06749368,0.004814972,0.8598089,0.0477655,0.019195985,,0.019195985,look,0,,42,look_f0_s42_in22k_v5fix,last
ISIC_0024414,HAM_0006226,HAM_0006226,60+,ham,5,False,5,0.009399352,0.005549665,0.007140745,0.06475037,0.0061814473,0.8622814,0.044697028,0.021130463,,0.021130463,look,0,,42,look_f0_s42_in22k_v5fix,last
ISIC_0024416,HAM_0002172,HAM_0002172,60+,ham,5,False,5,0.008915285,0.0067702155,0.005697473,0.06810992,0.0042061666,0.85781133,0.04848967,0.019891668,,0.019891668,look,0,,42,look_f0_s42_in22k_v5fix,last
ISIC_0024424,HAM_0006333,HAM_0006333,<40,ham,5,False,4,0.011928958,0.008839025,0.009797321,0.06871582,0.7938189,0.05137885,0.05552117,0.8145869,,0.8145869,look,0,,42,look_f0_s42_in22k_v5fix,last
ISIC_0024428,HAM_0000923,HAM_0000923,<40,ham,5,False,5,0.009204879,0.0058062617,0.0055206083,0.066441104,0.005312668,0.8587702,0.048944246,0.02032381,,0.02032381,look,0,,42,look_f0_s42_in22k_v5fix,last
ISIC_0024434,HAM_0006716,HAM_0006716,40-59,ham,5,False,5,0.011262526,0.0067264633,0.007946835,0.067803934,0.005123044,0.8519914,0.049145725,0.023112033,,0.023112033,look,0,,42,look_f0_s42_in22k_v5fix,last
ISIC_0024439,HAM_0005631,HAM_0005631,40-59,ham,5,False,4,0.012500923,0.009657759,0.006606685,0.0680145,0.8417231,0.0138581265,0.047638983,0.86388177,,0.86388177,look,0,,42,look_f0_s42_in22k_v5fix,last
ISIC_0024442,HAM_0001439,HAM_0001439,40-59,ham,5,False,5,0.009828788,0.006510322,0.0053907833,0.06640259,0.0039258255,0.8594179,0.04852376,0.020264935,,0.020264935,look,0,,42,look_f0_s42_in22k_v5fix,last
ISIC_0024446,HAM_0001475,HAM_0001475,40-59,ham,2,False,2,0.009063666,0.007966683,0.776102,0.09317832,0.0088423155,0.038309358,0.06653766,0.025872665,,0.025872665,look,0,,42,look_f0_s42_in22k_v5fix,last
ISIC_0024452,HAM_0005971,HAM_0005971,40-59,ham,1,True,1,0.007939061,0.89279705,0.004858434,0.051653247,0.0045558424,0.0036985176,0.034497857,0.9052919,,0.9052919,look,0,,42,look_f0_s42_in22k_v5fix,last
ISIC_0024459,HAM_0005846,HAM_0005846,60+,ham,4,True,2,0.008550962,0.007145257,0.7156155,0.09828075,0.09088878,0.005836437,0.07368234,0.106585,,0.106585,look,0,,42,look_f0_s42_in22k_v5fix,last
ISIC_0024476,HAM_0002007,HAM_0002007,60+,ham,5,False,2,0.0065031624,0.006146369,0.58170354,0.11082074,0.20634122,0.0055899047,0.08289515,0.21899076,,0.21899076,look,0,,42,look_f0_s42_in22k_v5fix,last
ISIC_0024479,HAM_0006469,HAM_0006469,<40,ham,5,False,5,0.012612436,0.0069697704,0.008539191,0.06815002,0.004967422,0.8484941,0.050267115,0.02454963,,0.02454963,look,0,,42,look_f0_s42_in22k_v5fix,last
ISIC_0024489,HAM_0000710,HAM_0000710,60+,ham,2,False,2,0.0043579414,0.00859817,0.9280753,0.03289495,0.0025897608,0.00082339166,0.022660488,0.015545873,,0.015545873,look,0,,42,look_f0_s42_in22k_v5fix,last
ISIC_0024496,HAM_0001703,HAM_0001703,60+,ham,4,True,5,0.008976285,0.0056006815,0.006152407,0.061949424,0.005816255,0.8630516,0.04845334,0.020393223,,0.020393223,look,0,,42,look_f0_s42_in22k_v5fix,last
ISIC_0024497,HAM_0006757,HAM_0006757,40-59,ham,5,False,4,0.015984617,0.0053765494,0.006720475,0.08432799,0.7842528,0.048808098,0.054529484,0.805614,,0.805614,look,0,,42,look_f0_s42_in22k_v5fix,last
ISIC_0024501,HAM_0007044,HAM_0007044,<40,ham,5,False,5,0.009204878,0.005175159,0.0062393146,0.0647195,0.00718683,0.86132234,0.04615196,0.021566866,,0.021566866,look,0,,42,look_f0_s42_in22k_v5fix,last
ISIC_0024502,HAM_0001732,HAM_0001732,40-59,ham,5,False,5,0.008861018,0.005560003,0.0055451393,0.06646981,0.0054909606,0.8569793,0.051093668,0.019911982,,0.019911982,look,0,,42,look_f0_s42_in22k_v5fix,last
ISIC_0024514,HAM_0002201,HAM_0002201,40-59,ham,5,False,4,0.01021224,0.007707011,0.0035312334,0.08276907,0.66501033,0.17491463,0.055855382,0.6829296,,0.6829296,look,0,,42,look_f0_s42_in22k_v5fix,last
ISIC_0024516,HAM_0002523,HAM_0002523,40-59,ham,4,True,4,0.028620115,0.003688994,0.004883452,0.039138746,0.89242125,0.0017201647,0.029527308,0.92473036,,0.92473036,look,0,,42,look_f0_s42_in22k_v5fix,last
ISIC_0024528,HAM_0002857,HAM_0002857,<40,ham,5,False,5,0.009518084,0.005907456,0.0053678537,0.06618455,0.0040615816,0.8631795,0.045781,0.019487122,,0.019487122,look,0,,42,look_f0_s42_in22k_v5fix,last
ISIC_0024533,HAM_0003239,HAM_0003239,40-59,ham,5,False,5,0.009340003,0.0059291213,0.0056112343,0.06626071,0.0050551347,0.8592459,0.048557904,0.02032426,,0.02032426,look,0,,42,look_f0_s42_in22k_v5fix,last
ISIC_0024542,HAM_0000224,HAM_0000224,40-59,ham,5,False,5,0.009031461,0.0056780647,0.005672641,0.063636966,0.004110116,0.8651173,0.046753515,0.018819641,,0.018819641,look,0,,42,look_f0_s42_in22k_v5fix,last
ISIC_0024543,HAM_0004749,HAM_0004749,40-59,ham,5,False,5,0.008936328,0.0054209842,0.0053349626,0.065697,0.005518596,0.8611048,0.047987305,0.019875908,,0.019875908,look,0,,42,look_f0_s42_in22k_v5fix,last
ISIC_0024544,HAM_0007336,HAM_0007336,40-59,ham,5,False,5,0.009950178,0.0069143157,0.007102492,0.06545835,0.005743454,0.85961384,0.045217335,0.022607949,,0.022607949,look,0,,42,look_f0_s42_in22k_v5fix,last
ISIC_0024552,HAM_0000653,HAM_0000653,60+,ham,4,True,4,0.011238217,0.005420169,0.0041754064,0.04787892,0.88374144,0.008489761,0.03905612,0.9003998,,0.9003998,look,0,,42,look_f0_s42_in22k_v5fix,last
ISIC_0024554,HAM_0004507,HAM_0004507,60+,ham,4,True,2,0.031090938,0.002934107,0.8856663,0.040276047,0.006132611,0.0015764183,0.032323506,0.040157653,,0.040157653,look,0,,42,look_f0_s42_in22k_v5fix,last
ISIC_0024562,HAM_0002745,HAM_0002745,60+,ham,0,True,5,0.17240712,0.012962567,0.07936825,0.08780894,0.04559585,0.5425302,0.05932708,0.23096554,,0.23096554,look,0,,42,look_f0_s42_in22k_v5fix,last
ISIC_0024572,HAM_0005657,HAM_0005657,60+,ham,1,True,1,0.010054881,0.90438074,0.0052107284,0.04243162,0.0032019124,0.0030719119,0.031648092,0.9176375,,0.9176375,look,0,,42,look_f0_s42_in22k_v5fix,last
ISIC_0024573,HAM_0005804,HAM_0005804,60+,ham,1,True,1,0.008035441,0.90740067,0.004537057,0.040889338,0.0041339616,0.0044915928,0.030511916,0.91957,,0.91957,look,0,,42,look_f0_s42_in22k_v5fix,last
ISIC_0024588,HAM_0006931,HAM_0006931,40-59,ham,5,False,5,0.010803449,0.00654963,0.006295706,0.06698396,0.0059857075,0.8551686,0.048213,0.023338785,,0.023338785,look,0,,42,look_f0_s42_in22k_v5fix,last
ISIC_0024596,HAM_0004802,HAM_0004802,40-59,ham,5,False,5,0.010263441,0.005681564,0.00534088,0.067707755,0.0060891625,0.85496056,0.049956612,0.022034168,,0.022034168,look,0,,42,look_f0_s42_in22k_v5fix,last
ISIC_0024597,HAM_0003303,HAM_0003303,<40,ham,5,False,5,0.011778311,0.007525778,0.0063315714,0.07171143,0.0027969924,0.8517185,0.048137356,0.022101082,,0.022101082,look,0,,42,look_f0_s42_in22k_v5fix,last
ISIC_0024611,HAM_0000385,HAM_0000385,40-59,ham,5,False,5,0.011609317,0.007386459,0.0064066737,0.07015169,0.005592516,0.8482193,0.050633993,0.024588292,,0.024588292,look,0,,42,look_f0_s42_in22k_v5fix,last
ISIC_0024612,HAM_0000383,HAM_0000383,60+,ham,2,False,4,0.009565321,0.0042177676,0.017493328,0.07384085,0.48215073,0.35994828,0.052783757,0.49593383,,0.49593383,look,0,,42,look_f0_s42_in22k_v5fix,last
ISIC_0024617,HAM_0003035,HAM_0003035,<40,ham,5,False,5,0.0077797202,0.005329959,0.0068728146,0.06594943,0.009995305,0.8606029,0.04346992,0.023104984,,0.023104984,look,0,,42,look_f0_s42_in22k_v5fix,last
ISIC_0024628,HAM_0002454,HAM_0002454,40-59,ham,5,False,5,0.008940936,0.005134438,0.0050668297,0.05819146,0.004388511,0.87150043,0.046777457,0.018463885,,0.018463885,look,0,,42,look_f0_s42_in22k_v5fix,last
ISIC_0024632,HAM_0001666,HAM_0001666,60+,ham,1,True,1,0.009846559,0.8836299,0.0055282167,0.055817045,0.0033772548,0.003540945,0.03826008,0.89685374,,0.89685374,look,0,,42,look_f0_s42_in22k_v5fix,last
ISIC_0024644,HAM_0004171,HAM_0004171,60+,ham,4,True,4,0.0063980655,0.0062359795,0.0037422567,0.055566225,0.88240063,0.0046480955,0.04100866,0.8950347,,0.8950347,look,0,,42,look_f0_s42_in22k_v5fix,last
ISIC_0024645,HAM_0000004,HAM_0000004,40-59,ham,5,False,5,0.0105089145,0.006715655,0.007602468,0.06664488,0.0054787537,0.8540168,0.0490326,0.022703324,,0.022703324,look,0,,42,look_f0_s42_in22k_v5fix,last
ISIC_0024646,HAM_0006252,HAM_0006252,60+,ham,0,True,0,0.68225616,0.0030957407,0.17440806,0.077460766,0.0037396892,0.005748417,0.05329114,0.6890916,,0.6890916,look,0,,42,look_f0_s42_in22k_v5fix,last
ISIC_0024648,HAM_0002304,HAM_0002304,40-59,ham,5,False,5,0.012198641,0.006491903,0.006587649,0.07040919,0.005967572,0.85012114,0.04822384,0.024658117,,0.024658117,look,0,,42,look_f0_s42_in22k_v5fix,last
ISIC_0024649,HAM_0001151,HAM_0001151,40-59,ham,5,False,5,0.012290337,0.007664458,0.0070625506,0.07101677,0.0045120404,0.84722084,0.050233044,0.024466835,,0.024466835,look,0,,42,look_f0_s42_in22k_v5fix,last
ISIC_0024673,HAM_0003429,HAM_0003429,60+,ham,1,True,1,0.009100116,0.89841014,0.0043794154,0.04704702,0.0032549836,0.005046764,0.032761604,0.9107653,,0.9107653,look,0,,42,look_f0_s42_in22k_v5fix,last
ISIC_0024689,HAM_0000610,HAM_0000610,40-59,ham,5,False,5,0.009170344,0.0058417916,0.00600061,0.066720754,0.0058185034,0.8591334,0.04731456,0.020830639,,0.020830639,look,0,,42,look_f0_s42_in22k_v5fix,last
ISIC_0024693,HAM_0000559,HAM_0000559,40-59,ham,5,False,5,0.011848437,0.0058408603,0.00789642,0.07564962,0.0031883067,0.8463442,0.04923227,0.020877603,,0.020877603,look,0,,42,look_f0_s42_in22k_v5fix,last
ISIC_0024697,HAM_0006108,HAM_0006108,<40,ham,5,False,5,0.010300019,0.0054629263,0.014303357,0.08548951,0.03995677,0.7908729,0.053614557,0.05571972,,0.05571972,look,0,,42,look_f0_s42_in22k_v5fix,last
ISIC_0024703,HAM_0001295,HAM_0001295,<40,ham,5,False,5,0.010579752,0.005677704,0.0061542206,0.070693634,0.006219486,0.8491249,0.051550224,0.022476941,,0.022476941,look,0,,42,look_f0_s42_in22k_v5fix,last
ISIC_0024707,HAM_0005448,HAM_0005448,60+,ham,0,True,2,0.010448159,0.008255064,0.8676875,0.0631916,0.005523516,0.0028073408,0.04208676,0.024226738,,0.024226738,look,0,,42,look_f0_s42_in22k_v5fix,last
ISIC_0024710,HAM_0004609,HAM_0004609,60+,ham,0,True,1,0.007827518,0.8956723,0.0057443194,0.047778368,0.005257247,0.0031380765,0.03458227,0.9087571,,0.9087571,look,0,,42,look_f0_s42_in22k_v5fix,last
ISIC_0024752,HAM_0002708,HAM_0002708,<40,ham,5,False,5,0.011386346,0.0064982465,0.0066340156,0.062191892,0.0066434145,0.8623972,0.044248905,0.024528008,,0.024528008,look,0,,42,look_f0_s42_in22k_v5fix,last
ISIC_0024768,HAM_0003024,HAM_0003024,<40,ham,5,False,5,0.007473567,0.0040198597,0.019544031,0.051138453,0.0034745173,0.87993574,0.03441387,0.0149679445,,0.0149679445,look,0,,42,look_f0_s42_in22k_v5fix,last
ISIC_0024782,HAM_0004004,HAM_0004004,60+,ham,2,False,2,0.0062195454,0.0036064417,0.91822994,0.038129613,0.0068334276,0.005453206,0.021527752,0.016659414,,0.016659414,look,0,,42,look_f0_s42_in22k_v5fix,last
ISIC_0024791,HAM_0002940,HAM_0002940,40-59,ham,5,False,5,0.009250597,0.005926556,0.0048177806,0.06287059,0.004295618,0.8561865,0.056652296,0.01947277,,0.01947277,look,0,,42,look_f0_s42_in22k_v5fix,last
ISIC_0024795,HAM_0004420,HAM_0004420,40-59,ham,1,True,1,0.008806643,0.8736485,0.006896535,0.054415733,0.010505155,0.00322096,0.042506397,0.8929603,,0.8929603,look,0,,42,look_f0_s42_in22k_v5fix,last
ISIC_0024805,HAM_0005724,HAM_0005724,60+,ham,4,True,5,0.016045429,0.008382505,0.29335913,0.097873285,0.032082886,0.47462597,0.07763078,0.05651082,,0.05651082,look,0,,42,look_f0_s42_in22k_v5fix,last
ISIC_0024811,HAM_0007452,HAM_0007452,40-59,ham,5,False,5,0.0131084025,0.007221381,0.007611891,0.07179351,0.007066447,0.8445268,0.048671655,0.027396232,,0.027396232,look,0,,42,look_f0_s42_in22k_v5fix,last
ISIC_0024812,HAM_0000036,HAM_0000036,<40,ham,5,False,5,0.008556842,0.0048509957,0.0047900556,0.0626334,0.0043516047,0.8707361,0.044080954,0.017759442,,0.017759442,look,0,,42,look_f0_s42_in22k_v5fix,last
ISIC_0024817,HAM_0000447,HAM_0000447,40-59,ham,5,False,5,0.011421495,0.0070551108,0.006277453,0.071160756,0.0054305126,0.852584,0.046070598,0.023907118,,0.023907118,look,0,,42,look_f0_s42_in22k_v5fix,last
ISIC_0024827,HAM_0001125,HAM_0001125,60+,ham,5,False,5,0.00715766,0.004700265,0.0065447153,0.055531148,0.01220988,0.8762116,0.037644774,0.024067804,,0.024067804,look,0,,42,look_f0_s42_in22k_v5fix,last
ISIC_0024838,HAM_0002264,HAM_0002264,40-59,ham,5,False,5,0.009728228,0.006090548,0.0059260507,0.06660105,0.0049024085,0.8576089,0.04914277,0.020721182,,0.020721182,look,0,,42,look_f0_s42_in22k_v5fix,last
ISIC_0024841,HAM_0002368,HAM_0002368,60+,ham,5,False,5,0.00863391,0.0044954065,0.0034851858,0.06920405,0.011360181,0.85261387,0.05020743,0.024489496,,0.024489496,look,0,,42,look_f0_s42_in22k_v5fix,last
ISIC_0024842,HAM_0000977,HAM_0000977,40-59,ham,5,False,5,0.008957564,0.004429064,0.0050176578,0.06684238,0.004987192,0.8609679,0.04879827,0.018373819,,0.018373819,look,0,,42,look_f0_s42_in22k_v5fix,last
ISIC_0024844,HAM_0007217,HAM_0007217,60+,ham,5,False,5,0.009423421,0.005738284,0.0062597035,0.065519,0.0050602984,0.8593192,0.048680138,0.020222003,,0.020222003,look,0,,42,look_f0_s42_in22k_v5fix,last
ISIC_0024867,HAM_0007568,HAM_0007568,60+,ham,6,False,6,0.0012498144,0.00062516826,0.00075824343,0.008450743,0.00038996036,0.00037354702,0.98815256,0.002264943,,0.002264943,look,0,,42,look_f0_s42_in22k_v5fix,last
ISIC_0024874,HAM_0000403,HAM_0000403,40-59,ham,5,False,5,0.017381238,0.006636159,0.006029076,0.08976916,0.008006351,0.5327709,0.3394071,0.03202375,,0.03202375,look,0,,42,look_f0_s42_in22k_v5fix,last
ISIC_0024875,HAM_0007617,HAM_0007617,60+,ham,4,True,1,0.008231616,0.7015016,0.011513663,0.10254616,0.10553395,0.001880748,0.06879228,0.8152672,,0.8152672,look,0,,42,look_f0_s42_in22k_v5fix,last
ISIC_0024881,HAM_0004696,HAM_0004696,60+,ham,2,False,1,0.0060227225,0.86745983,0.009358974,0.047049023,0.001495333,0.04202373,0.026590304,0.87497795,,0.87497795,look,0,,42,look_f0_s42_in22k_v5fix,last
ISIC_0024882,HAM_0000961,HAM_0000961,60+,ham,5,False,5,0.010961484,0.004424901,0.0054491824,0.07350702,0.0041409037,0.8489723,0.052544218,0.01952729,,0.01952729,look,0,,42,look_f0_s42_in22k_v5fix,last
ISIC_0024886,HAM_0001353,HAM_0001353,40-59,ham,4,True,5,0.008959842,0.007727134,0.021924792,0.06896295,0.3188551,0.51110613,0.062464043,0.33554208,,0.33554208,look,0,,42,look_f0_s42_in22k_v5fix,last
ISIC_0024893,HAM_0002058,HAM_0002058,60+,ham,2,False,2,0.013836972,0.012059917,0.8374751,0.07337341,0.009260426,0.0030662396,0.05092797,0.035157315,,0.035157315,look,0,,42,look_f0_s42_in22k_v5fix,last
ISIC_0024901,HAM_0001606,HAM_0001606,<40,ham,5,False,5,0.00932271,0.006014492,0.0052374173,0.072432354,0.006321036,0.85090804,0.049763955,0.021658238,,0.021658238,look,0,,42,look_f0_s42_in22k_v5fix,last
ISIC_0024912,HAM_0007613,HAM_0007613,40-59,ham,5,False,5,0.010318511,0.006236909,0.006534302,0.06666606,0.00633767,0.8566911,0.047215518,0.022893092,,0.022893092,look,0,,42,look_f0_s42_in22k_v5fix,last
ISIC_0024920,HAM_0005731,HAM_0005731,40-59,ham,5,False,5,0.009785852,0.005753733,0.00598068,0.06680252,0.006643365,0.85563385,0.04940003,0.02218295,,0.02218295,look,0,,42,look_f0_s42_in22k_v5fix,last
ISIC_0024921,HAM_0005936,HAM_0005936,60+,ham,5,False,5,0.008784416,0.0055310307,0.005477277,0.06488434,0.0063829413,0.859423,0.04951701,0.020698387,,0.020698387,look,0,,42,look_f0_s42_in22k_v5fix,last
ISIC_0024927,HAM_0002964,HAM_0002964,40-59,ham,5,False,5,0.010999892,0.0069152843,0.0071715172,0.066747636,0.006963742,0.85404503,0.047156937,0.02487892,,0.02487892,look,0,,42,look_f0_s42_in22k_v5fix,last
ISIC_0024941,HAM_0004133,HAM_0004133,40-59,ham,5,False,5,0.012916456,0.0036739542,0.007056475,0.06712132,0.0069808494,0.84751177,0.054739106,0.02357126,,0.02357126,look,0,,42,look_f0_s42_in22k_v5fix,last
ISIC_0024946,HAM_0005264,HAM_0005264,40-59,ham,0,True,1,0.010547329,0.887358,0.006165347,0.050210908,0.003833503,0.0026972052,0.039187662,0.9017389,,0.9017389,look,0,,42,look_f0_s42_in22k_v5fix,last
ISIC_0024968,HAM_0000128,HAM_0000128,40-59,ham,5,False,5,0.012734791,0.008810967,0.009430674,0.072533764,0.0063490435,0.8434235,0.046717264,0.027894802,,0.027894802,look,0,,42,look_f0_s42_in22k_v5fix,last
ISIC_0024979,HAM_0006490,HAM_0006490,40-59,ham,5,False,5,0.011632803,0.00772783,0.00854249,0.06834854,0.0074395672,0.84817094,0.048137806,0.0268002,,0.0268002,look,0,,42,look_f0_s42_in22k_v5fix,last
ISIC_0024988,HAM_0000573,HAM_0000573,40-59,ham,5,False,5,0.008409709,0.0055300584,0.0049887737,0.058342807,0.002879953,0.874288,0.045560606,0.01681972,,0.01681972,look,0,,42,look_f0_s42_in22k_v5fix,last
ISIC_0024992,HAM_0004740,HAM_0004740,40-59,ham,5,False,5,0.010713241,0.0059327087,0.0064401035,0.06344889,0.005889112,0.8620721,0.045503885,0.022535061,,0.022535061,look,0,,42,look_f0_s42_in22k_v5fix,last
ISIC_0025000,HAM_0001643,HAM_0001643,40-59,ham,5,False,5,0.008008912,0.0025075767,0.0043276325,0.063102245,0.003641279,0.87273026,0.04568216,0.014157768,,0.014157768,look,0,,42,look_f0_s42_in22k_v5fix,last
ISIC_0025006,HAM_0007218,HAM_0007218,40-59,ham,5,False,5,0.008936258,0.005283871,0.005483913,0.061975777,0.005401262,0.8681517,0.04476715,0.01962139,,0.01962139,look,0,,42,look_f0_s42_in22k_v5fix,last
ISIC_0025008,HAM_0002349,HAM_0002349,60+,ham,5,False,4,0.006305854,0.0046122675,0.013237802,0.047756236,0.8766262,0.016800918,0.034660682,0.88754433,,0.88754433,look,0,,42,look_f0_s42_in22k_v5fix,last
ISIC_0025014,HAM_0000066,HAM_0000066,<40,ham,5,False,5,0.010513067,0.0055528875,0.006735582,0.06689527,0.005646961,0.8578384,0.04681783,0.021712916,,0.021712916,look,0,,42,look_f0_s42_in22k_v5fix,last
ISIC_0025019,HAM_0001415,HAM_0001415,60+,ham,1,True,1,0.101016246,0.7324452,0.018091306,0.07099549,0.015917921,0.001526126,0.06000768,0.8493793,,0.8493793,look,0,,42,look_f0_s42_in22k_v5fix,last
ISIC_0025021,HAM_0002222,HAM_0002222,40-59,ham,5,False,5,0.011198544,0.0073750387,0.0077224793,0.07022093,0.005234211,0.85098946,0.047259342,0.023807794,,0.023807794,look,0,,42,look_f0_s42_in22k_v5fix,last
ISIC_0025025,HAM_0004781,HAM_0004781,<40,ham,5,False,5,0.008414524,0.0048915483,0.0050486107,0.06297461,0.0053535597,0.86826897,0.045048077,0.018659633,,0.018659633,look,0,,42,look_f0_s42_in22k_v5fix,last
ISIC_0025030,HAM_0000118,HAM_0000118,60+,ham,2,False,2,0.0086773345,0.007876885,0.8884577,0.053146955,0.0036665695,0.0036429886,0.03453161,0.02022079,,0.02022079,look,0,,42,look_f0_s42_in22k_v5fix,last
ISIC_0025041,HAM_0001307,HAM_0001307,40-59,ham,5,False,5,0.011439901,0.0063211066,0.00678931,0.07192938,0.007953469,0.845177,0.050389815,0.025714476,,0.025714476,look,0,,42,look_f0_s42_in22k_v5fix,last
ISIC_0025044,HAM_0000339,HAM_0000339,40-59,ham,5,False,5,0.010515518,0.0060187634,0.0066847256,0.06763105,0.007091073,0.85386986,0.04818893,0.023625353,,0.023625353,look,0,,42,look_f0_s42_in22k_v5fix,last
ISIC_0025045,HAM_0001745,HAM_0001745,60+,ham,5,False,5,0.011110312,0.0062463037,0.006279357,0.06891981,0.0047125453,0.8522156,0.05051608,0.02206916,,0.02206916,look,0,,42,look_f0_s42_in22k_v5fix,last
ISIC_0025053,HAM_0005661,HAM_0005661,40-59,ham,5,False,5,0.010360392,0.006933732,0.006370173,0.06646748,0.0051290793,0.85724145,0.04749768,0.022423204,,0.022423204,look,0,,42,look_f0_s42_in22k_v5fix,last
ISIC_0025069,HAM_0006222,HAM_0006222,60+,ham,0,True,2,0.053386554,0.0033921264,0.814839,0.062489532,0.0057244324,0.0050562616,0.05511208,0.062503114,,0.062503114,look,0,,42,look_f0_s42_in22k_v5fix,last
ISIC_0025085,HAM_0000888,HAM_0000888,60+,ham,4,True,4,0.0055821287,0.0018265151,0.0051227575,0.04124342,0.89220464,0.02444517,0.029575277,0.89961326,,0.89961326,look,0,,42,look_f0_s42_in22k_v5fix,last
ISIC_0025088,HAM_0001643,HAM_0002423,<40,ham,5,False,5,0.007046148,0.0040246206,0.008901718,0.056763634,0.006111303,0.8733125,0.04384015,0.017182073,,0.017182073,look,0,,42,look_f0_s42_in22k_v5fix,last
ISIC_0025090,HAM_0007258,HAM_0007258,<40,ham,5,False,5,0.009554065,0.006120977,0.0056219813,0.06824317,0.005667663,0.854874,0.04991809,0.021342706,,0.021342706,look,0,,42,look_f0_s42_in22k_v5fix,last
ISIC_0025091,HAM_0000124,HAM_0000124,40-59,ham,5,False,5,0.010380425,0.0056671407,0.005895564,0.06763154,0.006241461,0.8552094,0.04897445,0.022289027,,0.022289027,look,0,,42,look_f0_s42_in22k_v5fix,last
ISIC_0025098,HAM_0005337,HAM_0005337,40-59,ham,5,False,5,0.009263109,0.0064992905,0.006270639,0.06556289,0.0048114713,0.8614215,0.046171032,0.020573871,,0.020573871,look,0,,42,look_f0_s42_in22k_v5fix,last
ISIC_0025116,HAM_0004316,HAM_0004316,40-59,ham,5,False,5,0.00874011,0.006855872,0.0060805697,0.069017634,0.005521197,0.851996,0.051788505,0.021117179,,0.021117179,look,0,,42,look_f0_s42_in22k_v5fix,last
ISIC_0025131,HAM_0006124,HAM_0006124,60+,ham,2,False,2,0.0052348375,0.0034520486,0.91539437,0.04035221,0.0032700566,0.0024125236,0.029883996,0.011956943,,0.011956943,look,0,,42,look_f0_s42_in22k_v5fix,last
ISIC_0025139,HAM_0007584,HAM_0007584,<40,ham,5,False,5,0.008870911,0.0049143233,0.005402553,0.06444776,0.0044527366,0.86610466,0.045807123,0.01823797,,0.01823797,look,0,,42,look_f0_s42_in22k_v5fix,last
ISIC_0025141,HAM_0006599,HAM_0006599,60+,ham,5,False,5,0.008728972,0.0047517563,0.005030267,0.066175126,0.010079549,0.8530248,0.052209515,0.023560278,,0.023560278,look,0,,42,look_f0_s42_in22k_v5fix,last
ISIC_0025145,HAM_0002477,HAM_0002477,60+,ham,4,True,4,0.008155847,0.004285631,0.0050684074,0.05370159,0.88768077,0.004836871,0.036270898,0.9001222,,0.9001222,look,0,,42,look_f0_s42_in22k_v5fix,last
ISIC_0025155,HAM_0006521,HAM_0006521,60+,ham,4,True,4,0.014863391,0.013906162,0.011184386,0.08874542,0.64239264,0.1739889,0.054919027,0.6711622,,0.6711622,look,0,,42,look_f0_s42_in22k_v5fix,last
ISIC_0025156,HAM_0002106,HAM_0002106,40-59,ham,5,False,5,0.009733409,0.0057725175,0.0057421243,0.0629409,0.0034926815,0.86465436,0.047663983,0.018998608,,0.018998608,look,0,,42,look_f0_s42_in22k_v5fix,last
ISIC_0025158,HAM_0007300,HAM_0007300,40-59,ham,5,False,5,0.010949438,0.006383843,0.0067770327,0.0647353,0.0124815665,0.85271835,0.045954466,0.029814847,,0.029814847,look,0,,42,look_f0_s42_in22k_v5fix,last
ISIC_0025159,HAM_0000283,HAM_0000283,<40,ham,5,False,5,0.010138199,0.0058322446,0.006794019,0.06477488,0.0057850806,0.8596689,0.047006678,0.021755524,,0.021755524,look,0,,42,look_f0_s42_in22k_v5fix,last
ISIC_0025162,HAM_0003353,HAM_0003353,40-59,ham,5,False,5,0.00904255,0.005194012,0.0069252476,0.06683457,0.005291401,0.8609906,0.045721676,0.019527962,,0.019527962,look,0,,42,look_f0_s42_in22k_v5fix,last
ISIC_0025168,HAM_0003035,HAM_0003035,<40,ham,5,False,5,0.009295222,0.0057599517,0.006438118,0.06634569,0.006129165,0.8574577,0.048574157,0.02118434,,0.02118434,look,0,,42,look_f0_s42_in22k_v5fix,last
ISIC_0025169,HAM_0002025,HAM_0002025,<40,ham,5,False,5,0.012666487,0.006836926,0.008377348,0.083515435,0.25583458,0.5764252,0.056343988,0.275338,,0.275338,look,0,,42,look_f0_s42_in22k_v5fix,last
ISIC_0025175,HAM_0002124,HAM_0002124,40-59,ham,5,False,5,0.010210301,0.007626362,0.0064276224,0.06628317,0.004791984,0.8569685,0.04769209,0.022628648,,0.022628648,look,0,,42,look_f0_s42_in22k_v5fix,last
ISIC_0025180,HAM_0003265,HAM_0003265,<40,ham,2,False,2,0.008715717,0.004915118,0.83090883,0.07109345,0.0040529957,0.034458157,0.045855798,0.01768383,,0.01768383,look,0,,42,look_f0_s42_in22k_v5fix,last
ISIC_0025191,HAM_0001341,HAM_0001341,40-59,ham,5,False,5,0.010018288,0.00507586,0.0049544964,0.06429538,0.00601631,0.8590445,0.050595213,0.021110458,,0.021110458,look,0,,42,look_f0_s42_in22k_v5fix,last
ISIC_0025193,HAM_0006469,HAM_0006469,<40,ham,5,False,5,0.014465523,0.006891907,0.0071970196,0.069309995,0.0043412875,0.84555924,0.052235063,0.025698718,,0.025698718,look,0,,42,look_f0_s42_in22k_v5fix,last
ISIC_0025203,HAM_0004048,HAM_0004048,40-59,ham,5,False,5,0.009449158,0.0056618536,0.0061406232,0.06532508,0.005634786,0.86070234,0.047086116,0.020745797,,0.020745797,look,0,,42,look_f0_s42_in22k_v5fix,last
ISIC_0025214,HAM_0004356,HAM_0004356,40-59,ham,5,False,0,0.8369641,0.0012726014,0.028210938,0.052812546,0.034044,0.010103433,0.036592428,0.8722807,,0.8722807,look,0,,42,look_f0_s42_in22k_v5fix,last
ISIC_0025216,HAM_0007549,HAM_0007549,40-59,ham,5,False,5,0.011009074,0.0065681627,0.0066775577,0.067724206,0.0060720383,0.85301733,0.04893156,0.023649275,,0.023649275,look,0,,42,look_f0_s42_in22k_v5fix,last
ISIC_0025230,HAM_0001966,HAM_0001966,40-59,ham,5,False,5,0.0111917835,0.0073074587,0.007398004,0.06474731,0.005140199,0.8572372,0.04697802,0.02363944,,0.02363944,look,0,,42,look_f0_s42_in22k_v5fix,last
ISIC_0025233,HAM_0003718,HAM_0003718,40-59,ham,5,False,5,0.010079932,0.0065725525,0.006572133,0.06945921,0.0060495976,0.8530654,0.048201215,0.022702083,,0.022702083,look,0,,42,look_f0_s42_in22k_v5fix,last
ISIC_0025242,HAM_0002747,HAM_0002747,60+,ham,5,False,5,0.009586193,0.0060272114,0.0058768312,0.067562155,0.0067512603,0.85446423,0.049732164,0.022364665,,0.022364665,look,0,,42,look_f0_s42_in22k_v5fix,last
ISIC_0025264,HAM_0007623,HAM_0007623,60+,ham,0,True,5,0.00749454,0.009422244,0.07512992,0.06765043,0.005560558,0.7780936,0.056648664,0.022477342,,0.022477342,look,0,,42,look_f0_s42_in22k_v5fix,last
ISIC_0025265,HAM_0002770,HAM_0002770,<40,ham,4,True,5,0.007274646,0.0038109852,0.0036390545,0.05495504,0.012815752,0.8774166,0.040087923,0.023901384,,0.023901384,look,0,,42,look_f0_s42_in22k_v5fix,last
ISIC_0025266,HAM_0004300,HAM_0004300,60+,ham,1,True,1,0.011074139,0.8815431,0.0065279496,0.049404502,0.005900695,0.0030104106,0.04253915,0.8985179,,0.8985179,look,0,,42,look_f0_s42_in22k_v5fix,last
ISIC_0025268,HAM_0003749,HAM_0003749,60+,ham,4,True,4,0.00819016,0.008791209,0.29000303,0.08413137,0.550417,0.010237525,0.04822972,0.56739837,,0.56739837,look,0,,42,look_f0_s42_in22k_v5fix,last
ISIC_0025272,HAM_0004915,HAM_0004915,40-59,ham,5,False,5,0.010341299,0.0064265784,0.0052771233,0.065260544,0.005405782,0.8599376,0.047351077,0.02217366,,0.02217366,look,0,,42,look_f0_s42_in22k_v5fix,last
ISIC_0025280,HAM_0001583,HAM_0001583,<40,ham,5,False,5,0.008992556,0.005259334,0.004985227,0.065495685,0.0044004484,0.8647719,0.04609501,0.018652339,,0.018652339,look,0,,42,look_f0_s42_in22k_v5fix,last
ISIC_0025281,HAM_0007416,HAM_0007416,40-59,ham,5,False,5,0.010634519,0.0062928954,0.005891993,0.06638302,0.0057826294,0.8540221,0.05099285,0.022710044,,0.022710044,look,0,,42,look_f0_s42_in22k_v5fix,last
ISIC_0025294,HAM_0006015,HAM_0006015,<40,ham,5,False,5,0.010265089,0.006137256,0.006243465,0.06883869,0.006175083,0.8536158,0.048724532,0.022577427,,0.022577427,look,0,,42,look_f0_s42_in22k_v5fix,last
ISIC_0025295,HAM_0001230,HAM_0001230,60+,ham,5,False,4,0.0022145966,0.030178545,0.012412825,0.061909687,0.84059536,0.00612775,0.046561316,0.8729885,,0.8729885,look,0,,42,look_f0_s42_in22k_v5fix,last
ISIC_0025305,HAM_0001492,HAM_0001492,<40,ham,5,False,5,0.008352742,0.005461902,0.0037646724,0.059121624,0.008352463,0.8728049,0.042141695,0.022167105,,0.022167105,look,0,,42,look_f0_s42_in22k_v5fix,last
ISIC_0025324,HAM_0004121,HAM_0004121,40-59,ham,4,True,5,0.009359895,0.004411263,0.0049509853,0.067444414,0.00907328,0.85475713,0.050003085,0.022844438,,0.022844438,look,0,,42,look_f0_s42_in22k_v5fix,last
ISIC_0025325,HAM_0002561,HAM_0002561,40-59,ham,5,False,5,0.009038825,0.005193771,0.0057359547,0.06780726,0.0059502716,0.8571424,0.04913155,0.020182867,,0.020182867,look,0,,42,look_f0_s42_in22k_v5fix,last
ISIC_0025334,HAM_0006557,HAM_0006557,40-59,ham,5,False,5,0.009445627,0.0057914006,0.006016711,0.06738861,0.006201687,0.8552119,0.049943965,0.021438714,,0.021438714,look,0,,42,look_f0_s42_in22k_v5fix,last
ISIC_0025336,HAM_0007300,HAM_0007300,40-59,ham,5,False,5,0.010137317,0.006322559,0.0073096794,0.06381957,0.006888522,0.86006486,0.04545747,0.023348397,,0.023348397,look,0,,42,look_f0_s42_in22k_v5fix,last
ISIC_0025353,HAM_0003148,HAM_0003148,40-59,ham,5,False,5,0.009267529,0.005673943,0.005693483,0.064095385,0.004558972,0.863228,0.047482632,0.019500444,,0.019500444,look,0,,42,look_f0_s42_in22k_v5fix,last
ISIC_0025361,HAM_0004901,HAM_0004901,<40,ham,5,False,5,0.010791882,0.0059378,0.005981492,0.06791419,0.006286585,0.85373133,0.049356744,0.023016267,,0.023016267,look,0,,42,look_f0_s42_in22k_v5fix,last
ISIC_0025373,HAM_0007569,HAM_0007569,<40,ham,3,False,3,0.0005280106,0.00048380578,0.0008320097,0.99176735,0.000862382,0.00090518757,0.0046213525,0.0018741983,,0.0018741983,look,0,,42,look_f0_s42_in22k_v5fix,last
ISIC_0025375,HAM_0007600,HAM_0007600,<40,ham,5,False,5,0.010006644,0.005648049,0.006162768,0.066869624,0.007596422,0.851673,0.052043423,0.023251114,,0.023251114,look,0,,42,look_f0_s42_in22k_v5fix,last
ISIC_0025390,HAM_0001631,HAM_0001631,40-59,ham,5,False,5,0.009449387,0.0056232256,0.0064984555,0.066274196,0.0042721904,0.8625656,0.045316976,0.019344803,,0.019344803,look,0,,42,look_f0_s42_in22k_v5fix,last
ISIC_0025393,HAM_0004358,HAM_0004358,<40,ham,5,False,5,0.010350271,0.006022343,0.0055676643,0.07045612,0.004779091,0.8482197,0.05460485,0.021151705,,0.021151705,look,0,,42,look_f0_s42_in22k_v5fix,last
ISIC_0025395,HAM_0000371,HAM_0000371,40-59,ham,5,False,5,0.009473833,0.006110387,0.006803495,0.07037062,0.0056630075,0.8513368,0.050241902,0.021247227,,0.021247227,look,0,,42,look_f0_s42_in22k_v5fix,last
ISIC_0025406,HAM_0002073,HAM_0002073,<40,ham,5,False,5,0.011944369,0.007326099,0.00678172,0.07059347,0.0047756955,0.85075307,0.04782557,0.024046164,,0.024046164,look,0,,42,look_f0_s42_in22k_v5fix,last
ISIC_0025420,HAM_0007537,HAM_0007537,40-59,ham,5,False,5,0.009107659,0.0051397067,0.0058156336,0.0663503,0.005410651,0.8602318,0.047944315,0.019658016,,0.019658016,look,0,,42,look_f0_s42_in22k_v5fix,last
ISIC_0025434,HAM_0001878,HAM_0001878,60+,ham,2,False,2,0.0023885847,0.0031368562,0.93080366,0.028851248,0.001118695,0.005925311,0.027775753,0.006644136,,0.006644136,look,0,,42,look_f0_s42_in22k_v5fix,last
ISIC_0025443,HAM_0002497,HAM_0002497,60+,ham,5,False,5,0.010339967,0.005743188,0.006117459,0.07207681,0.003692628,0.85266465,0.04936527,0.019775782,,0.019775782,look,0,,42,look_f0_s42_in22k_v5fix,last
ISIC_0025447,HAM_0003248,HAM_0003248,<40,ham,5,False,5,0.009237022,0.0059608794,0.0062444224,0.06491583,0.007983737,0.85617805,0.04948012,0.023181638,,0.023181638,look,0,,42,look_f0_s42_in22k_v5fix,last
ISIC_0025451,HAM_0002143,HAM_0002143,<40,ham,4,True,5,0.009839269,0.0055757766,0.007087747,0.071741894,0.0094668595,0.84463304,0.05165539,0.024881907,,0.024881907,look,0,,42,look_f0_s42_in22k_v5fix,last
ISIC_0025452,HAM_0004257,HAM_0004257,40-59,ham,6,False,6,0.0013390217,0.0006553765,0.0005288984,0.0081940945,0.00047641294,0.00042574966,0.98838043,0.0024708111,,0.0024708111,look,0,,42,look_f0_s42_in22k_v5fix,last
ISIC_0025465,HAM_0003996,HAM_0003996,60+,ham,2,False,2,0.0040900665,0.00525214,0.87883985,0.05582113,0.006040992,0.009173673,0.040782068,0.015383199,,0.015383199,look,0,,42,look_f0_s42_in22k_v5fix,last
ISIC_0025472,HAM_0000433,HAM_0000433,40-59,ham,4,True,5,0.0077706133,0.0035217374,0.0029038545,0.05781033,0.010526246,0.87244517,0.045022022,0.021818597,,0.021818597,look,0,,42,look_f0_s42_in22k_v5fix,last
ISIC_0025483,HAM_0007170,HAM_0007170,40-59,ham,5,False,5,0.009493961,0.006115112,0.0059108767,0.06738131,0.0058609834,0.8561556,0.049082145,0.021470055,,0.021470055,look,0,,42,look_f0_s42_in22k_v5fix,last
ISIC_0025485,HAM_0005260,HAM_0005260,60+,ham,2,False,2,0.0036138177,0.0028197556,0.90065783,0.047954015,0.008638411,0.0038052585,0.032510888,0.015071984,,0.015071984,look,0,,42,look_f0_s42_in22k_v5fix,last
ISIC_0025489,HAM_0002770,HAM_0002770,<40,ham,4,True,5,0.009533846,0.0075544035,0.0051791035,0.08588181,0.09761221,0.7348197,0.05941893,0.11470046,,0.11470046,look,0,,42,look_f0_s42_in22k_v5fix,last
ISIC_0025491,HAM_0006608,HAM_0006608,60+,ham,5,False,5,0.008113205,0.0069874474,0.006706798,0.060519032,0.012827943,0.86008656,0.04475902,0.027928594,,0.027928594,look,0,,42,look_f0_s42_in22k_v5fix,last
ISIC_0025492,HAM_0005631,HAM_0005631,40-59,ham,5,False,4,0.015641972,0.0067569516,0.008196155,0.062393714,0.85555446,0.0055848216,0.045871966,0.8779534,,0.8779534,look,0,,42,look_f0_s42_in22k_v5fix,last
ISIC_0025495,HAM_0001275,HAM_0001275,40-59,ham,5,False,5,0.01039748,0.007196322,0.0060374076,0.07171196,0.0068329168,0.8487564,0.049067553,0.024426717,,0.024426717,look,0,,42,look_f0_s42_in22k_v5fix,last
ISIC_0025496,HAM_0002996,HAM_0002996,40-59,ham,5,False,5,0.011247355,0.006618041,0.005854035,0.06782568,0.005488182,0.8551267,0.04784,0.023353577,,0.023353577,look,0,,42,look_f0_s42_in22k_v5fix,last
ISIC_0025499,HAM_0005696,HAM_0005696,<40,ham,5,False,5,0.012899982,0.008273245,0.008022119,0.07237684,0.005608284,0.8415275,0.05129201,0.02678151,,0.02678151,look,0,,42,look_f0_s42_in22k_v5fix,last
ISIC_0025503,HAM_0005423,HAM_0005423,40-59,ham,5,False,5,0.008512827,0.0053605,0.0061050975,0.0648106,0.005621805,0.8629346,0.046654582,0.019495131,,0.019495131,look,0,,42,look_f0_s42_in22k_v5fix,last
ISIC_0025515,HAM_0001781,HAM_0001781,<40,ham,2,False,2,0.008654149,0.005547711,0.89881414,0.04924867,0.003629065,0.0027102246,0.031396028,0.017830925,,0.017830925,look,0,,42,look_f0_s42_in22k_v5fix,last
ISIC_0025519,HAM_0006211,HAM_0006211,40-59,ham,2,False,2,0.0067683817,0.0028323783,0.9022543,0.046217658,0.00438437,0.0050002504,0.032542758,0.013985131,,0.013985131,look,0,,42,look_f0_s42_in22k_v5fix,last
ISIC_0025527,HAM_0001500,HAM_0001500,60+,ham,5,False,5,0.013445932,0.0074161757,0.0071384907,0.07013674,0.0057133143,0.84654206,0.04960733,0.026575422,,0.026575422,look,0,,42,look_f0_s42_in22k_v5fix,last
ISIC_0025532,HAM_0000438,HAM_0000438,40-59,ham,5,False,5,0.009035247,0.006008206,0.0058663343,0.06485312,0.0056524477,0.8624064,0.046178173,0.0206959,,0.0206959,look,0,,42,look_f0_s42_in22k_v5fix,last
ISIC_0025533,HAM_0004836,HAM_0004836,<40,ham,5,False,5,0.014834798,0.0069150617,0.017662076,0.07819745,0.0055364296,0.8255958,0.051258285,0.02728629,,0.02728629,look,0,,42,look_f0_s42_in22k_v5fix,last
ISIC_0025534,HAM_0000163,HAM_0000163,60+,ham,5,False,5,0.00859086,0.0054512965,0.0066091563,0.06397835,0.007023458,0.8591901,0.04915673,0.021065615,,0.021065615,look,0,,42,look_f0_s42_in22k_v5fix,last
ISIC_0025559,HAM_0002354,HAM_0002354,40-59,ham,5,False,5,0.012317708,0.007512317,0.0070438753,0.07458522,0.0058960747,0.8437228,0.048922,0.0257261,,0.0257261,look,0,,42,look_f0_s42_in22k_v5fix,last
ISIC_0025563,HAM_0006086,HAM_0006086,<40,ham,5,False,5,0.010473432,0.009045749,0.005949426,0.07258645,0.0059199645,0.8542556,0.04176948,0.025439145,,0.025439145,look,0,,42,look_f0_s42_in22k_v5fix,last
ISIC_0025572,HAM_0003268,HAM_0003268,40-59,ham,5,False,5,0.009794989,0.0072555197,0.006474691,0.06769724,0.005304901,0.85677904,0.046693508,0.02235541,,0.02235541,look,0,,42,look_f0_s42_in22k_v5fix,last
ISIC_0025573,HAM_0004936,HAM_0004936,60+,ham,4,True,4,0.008550122,0.005478801,0.021874214,0.059819814,0.8606293,0.0039312225,0.039716437,0.8746582,,0.8746582,look,0,,42,look_f0_s42_in22k_v5fix,last
ISIC_0025574,HAM_0005583,HAM_0005583,40-59,ham,5,False,5,0.009513967,0.0055680205,0.0061463322,0.06685784,0.0077177533,0.85659355,0.04760244,0.02279974,,0.02279974,look,0,,42,look_f0_s42_in22k_v5fix,last
ISIC_0025580,HAM_0002938,HAM_0002938,40-59,ham,5,False,5,0.010554262,0.0064982288,0.0066180895,0.06870789,0.0059037823,0.85386,0.047857743,0.022956273,,0.022956273,look,0,,42,look_f0_s42_in22k_v5fix,last
ISIC_0025590,HAM_0006819,HAM_0006819,40-59,ham,5,False,5,0.009131802,0.005308551,0.0056976336,0.0659497,0.0071806707,0.8598237,0.046907917,0.021621024,,0.021621024,look,0,,42,look_f0_s42_in22k_v5fix,last
ISIC_0025598,HAM_0004986,HAM_0004986,60+,ham,5,False,5,0.007859608,0.0039728223,0.011879777,0.058211107,0.0047017024,0.859329,0.05404598,0.016534133,,0.016534133,look,0,,42,look_f0_s42_in22k_v5fix,last
ISIC_0025601,HAM_0001528,HAM_0001528,40-59,ham,1,True,1,0.0081320545,0.8992071,0.006384136,0.053129017,0.003438255,0.0024921023,0.027217224,0.9107774,,0.9107774,look,0,,42,look_f0_s42_in22k_v5fix,last
ISIC_0025615,HAM_0006568,HAM_0006568,40-59,ham,5,False,5,0.011223586,0.006730723,0.005706337,0.07337278,0.006853435,0.8471879,0.048925206,0.024807744,,0.024807744,look,0,,42,look_f0_s42_in22k_v5fix,last
ISIC_0025633,HAM_0000783,HAM_0000783,60+,ham,5,False,5,0.010001217,0.007111619,0.006201064,0.063217156,0.006538364,0.85906786,0.047862664,0.023651201,,0.023651201,look,0,,42,look_f0_s42_in22k_v5fix,last
ISIC_0025635,HAM_0004639,HAM_0004639,40-59,ham,5,False,5,0.011525831,0.0070479275,0.0071621095,0.06828736,0.006905076,0.85140854,0.047663134,0.025478836,,0.025478836,look,0,,42,look_f0_s42_in22k_v5fix,last
ISIC_0025638,HAM_0007003,HAM_0007003,<40,ham,5,False,5,0.012826969,0.0042021084,0.004635691,0.06744208,0.0050743013,0.86049086,0.045327947,0.022103379,,0.022103379,look,0,,42,look_f0_s42_in22k_v5fix,last
ISIC_0025644,HAM_0004536,HAM_0004536,40-59,ham,1,True,1,0.009340424,0.87103194,0.004819637,0.05984166,0.004657787,0.0063317567,0.043976888,0.88503015,,0.88503015,look,0,,42,look_f0_s42_in22k_v5fix,last
ISIC_0025646,HAM_0005988,HAM_0005988,<40,ham,5,False,5,0.0116820065,0.006657039,0.007353334,0.06674234,0.00715246,0.85201645,0.048396394,0.025491506,,0.025491506,look,0,,42,look_f0_s42_in22k_v5fix,last
ISIC_0025648,HAM_0004298,HAM_0004298,40-59,ham,5,False,5,0.01049916,0.0060130167,0.0063323444,0.06574031,0.00453067,0.8618565,0.04502794,0.021042846,,0.021042846,look,0,,42,look_f0_s42_in22k_v5fix,last
ISIC_0025649,HAM_0005269,HAM_0005269,40-59,ham,5,False,5,0.0094015375,0.00525711,0.0057117064,0.065685704,0.005783825,0.86134136,0.046818744,0.020442473,,0.020442473,look,0,,42,look_f0_s42_in22k_v5fix,last
ISIC_0025652,HAM_0003965,HAM_0003965,<40,ham,5,False,5,0.009675675,0.0051820264,0.0063999495,0.06502836,0.0074743005,0.85844976,0.047789883,0.022332001,,0.022332001,look,0,,42,look_f0_s42_in22k_v5fix,last
ISIC_0025655,HAM_0000759,HAM_0000759,60+,ham,5,False,5,0.0089542195,0.0048499345,0.009550242,0.0642048,0.006086003,0.8604018,0.045952994,0.019890158,,0.019890158,look,0,,42,look_f0_s42_in22k_v5fix,last
ISIC_0025661,HAM_0002730,HAM_0002730,60+,ham,2,False,4,0.16258806,0.035783567,0.005428344,0.09436656,0.62509125,0.000643078,0.07609906,0.82346284,,0.82346284,look,0,,42,look_f0_s42_in22k_v5fix,last
ISIC_0025666,HAM_0005882,HAM_0005882,40-59,ham,5,False,5,0.010489397,0.0061355075,0.005711561,0.06900294,0.0067515215,0.85121906,0.050690114,0.023376428,,0.023376428,look,0,,42,look_f0_s42_in22k_v5fix,last
ISIC_0025675,HAM_0000557,HAM_0000557,40-59,ham,5,False,5,0.01125797,0.006431032,0.0060260026,0.068142325,0.0043018,0.8553152,0.048525672,0.0219908,,0.0219908,look,0,,42,look_f0_s42_in22k_v5fix,last
ISIC_0025682,HAM_0004812,HAM_0004812,<40,ham,5,False,5,0.010654636,0.006652961,0.005911479,0.06988306,0.0047006547,0.84924126,0.052955933,0.022008251,,0.022008251,look,0,,42,look_f0_s42_in22k_v5fix,last
ISIC_0025693,HAM_0002879,HAM_0002879,60+,ham,2,False,2,0.022866009,0.0021024898,0.8789556,0.047148388,0.015769418,0.0013407539,0.031817425,0.04073792,,0.04073792,look,0,,42,look_f0_s42_in22k_v5fix,last
ISIC_0025721,HAM_0001963,HAM_0001963,<40,ham,5,False,5,0.010128823,0.005833862,0.005730196,0.067415275,0.006738087,0.85288566,0.051268168,0.022700772,,0.022700772,look,0,,42,look_f0_s42_in22k_v5fix,last
ISIC_0025722,HAM_0001590,HAM_0001590,40-59,ham,5,False,5,0.008553273,0.005820839,0.0061014765,0.069266565,0.005630404,0.8591927,0.045434725,0.020004516,,0.020004516,look,0,,42,look_f0_s42_in22k_v5fix,last
ISIC_0025735,HAM_0002349,HAM_0002349,60+,ham,5,False,5,0.009495067,0.0043714372,0.024127146,0.054845773,0.02336426,0.8453552,0.038441062,0.037230767,,0.037230767,look,0,,42,look_f0_s42_in22k_v5fix,last
ISIC_0025740,HAM_0001308,HAM_0001308,40-59,ham,5,False,5,0.009378955,0.005570053,0.0052253623,0.06452986,0.005898328,0.8617019,0.047695443,0.020847335,,0.020847335,look,0,,42,look_f0_s42_in22k_v5fix,last
ISIC_0025745,HAM_0005444,HAM_0005444,40-59,ham,5,False,5,0.009618974,0.0061534774,0.0062216977,0.0688266,0.0060902787,0.85480094,0.048288092,0.02186273,,0.02186273,look,0,,42,look_f0_s42_in22k_v5fix,last
ISIC_0025746,HAM_0005591,HAM_0005591,60+,ham,2,False,2,0.0052252524,0.006135858,0.87890106,0.055130433,0.0042825677,0.006734662,0.04359014,0.015643679,,0.015643679,look,0,,42,look_f0_s42_in22k_v5fix,last
ISIC_0025765,HAM_0006781,HAM_0006781,40-59,ham,5,False,5,0.009790132,0.005656036,0.005952383,0.066815294,0.005699943,0.8572143,0.048871964,0.021146111,,0.021146111,look,0,,42,look_f0_s42_in22k_v5fix,last
ISIC_0025787,HAM_0004469,HAM_0004469,<40,ham,5,False,5,0.012386272,0.006851343,0.007456536,0.06748848,0.005328079,0.85126233,0.049226988,0.024565695,,0.024565695,look,0,,42,look_f0_s42_in22k_v5fix,last
ISIC_0025788,HAM_0003591,HAM_0003591,60+,ham,5,False,5,0.009936428,0.0053539607,0.0059689195,0.06461997,0.004687186,0.85918105,0.050252464,0.019977575,,0.019977575,look,0,,42,look_f0_s42_in22k_v5fix,last
ISIC_0025792,HAM_0001634,HAM_0001634,60+,ham,5,False,5,0.009256692,0.0052435324,0.0052656466,0.06538334,0.005897225,0.85949373,0.049459904,0.020397449,,0.020397449,look,0,,42,look_f0_s42_in22k_v5fix,last
ISIC_0025795,HAM_0000054,HAM_0000054,<40,ham,5,False,5,0.011587974,0.006618803,0.0069442564,0.07288667,0.0067946482,0.8409705,0.054197084,0.025001425,,0.025001425,look,0,,42,look_f0_s42_in22k_v5fix,last
ISIC_0025797,HAM_0001698,HAM_0001698,40-59,ham,5,False,5,0.009946178,0.0056645167,0.0061026528,0.06649205,0.0077171065,0.85510486,0.04897269,0.023327801,,0.023327801,look,0,,42,look_f0_s42_in22k_v5fix,last
ISIC_0025802,HAM_0001199,HAM_0001199,40-59,ham,5,False,5,0.011529064,0.0069747274,0.007142349,0.06961,0.00597625,0.84815556,0.050611977,0.024480041,,0.024480041,look,0,,42,look_f0_s42_in22k_v5fix,last
ISIC_0025814,HAM_0002194,HAM_0002194,60+,ham,4,True,4,0.0078028035,0.020796396,0.026076302,0.11708744,0.50451386,0.25162953,0.07209365,0.53311306,,0.53311306,look,0,,42,look_f0_s42_in22k_v5fix,last
ISIC_0025829,HAM_0000409,HAM_0000409,40-59,ham,5,False,5,0.010530421,0.005949841,0.0061549353,0.06568672,0.005483857,0.8584195,0.04777475,0.021964118,,0.021964118,look,0,,42,look_f0_s42_in22k_v5fix,last
ISIC_0025831,HAM_0004012,HAM_0004012,60+,ham,0,True,1,0.009215682,0.6497852,0.16145205,0.09286172,0.0068088435,0.0052372613,0.074639134,0.6658097,,0.6658097,look,0,,42,look_f0_s42_in22k_v5fix,last
ISIC_0025834,HAM_0006837,HAM_0006837,40-59,ham,5,False,4,0.011924208,0.009865404,0.005504593,0.06251313,0.8166432,0.037460793,0.056088682,0.8384328,,0.8384328,look,0,,42,look_f0_s42_in22k_v5fix,last
ISIC_0025835,HAM_0001456,HAM_0001456,60+,ham,4,True,5,0.008759394,0.004492656,0.0058521735,0.06290649,0.0076362947,0.86454636,0.045806665,0.020888343,,0.020888343,look,0,,42,look_f0_s42_in22k_v5fix,last
ISIC_0025842,HAM_0004274,HAM_0004274,60+,ham,2,False,0,0.93976516,0.0026613146,0.008017734,0.027424892,0.0045077545,0.0009571473,0.016666014,0.9469342,,0.9469342,look,0,,42,look_f0_s42_in22k_v5fix,last
ISIC_0025854,HAM_0000360,HAM_0000360,<40,ham,5,False,5,0.010157955,0.0069462615,0.0072347545,0.065537415,0.0055273445,0.8577476,0.046848662,0.02263156,,0.02263156,look,0,,42,look_f0_s42_in22k_v5fix,last
ISIC_0025862,HAM_0003515,HAM_0003515,40-59,ham,5,False,5,0.009719917,0.006229743,0.005606881,0.067525156,0.0050090225,0.8551169,0.050792336,0.02095868,,0.02095868,look,0,,42,look_f0_s42_in22k_v5fix,last
ISIC_0025870,HAM_0007606,HAM_0007606,60+,ham,5,False,5,0.010875601,0.0068807243,0.005128623,0.07094496,0.009374063,0.84315413,0.053641856,0.02713039,,0.02713039,look,0,,42,look_f0_s42_in22k_v5fix,last
ISIC_0025873,HAM_0006501,HAM_0006501,40-59,ham,6,False,6,0.001297972,0.00047757328,0.00049606233,0.0060247295,0.00051637983,0.00034098772,0.99084634,0.0022919253,,0.0022919253,look,0,,42,look_f0_s42_in22k_v5fix,last
ISIC_0025882,HAM_0000978,HAM_0000978,40-59,ham,5,False,5,0.010378405,0.006736311,0.0057586418,0.0639178,0.005374129,0.86128753,0.0465472,0.022488847,,0.022488847,look,0,,42,look_f0_s42_in22k_v5fix,last
ISIC_0025885,HAM_0000582,HAM_0000582,60+,ham,2,False,2,0.0062890477,0.0048047826,0.9029095,0.04404173,0.0061074393,0.0064789043,0.02936854,0.01720127,,0.01720127,look,0,,42,look_f0_s42_in22k_v5fix,last
ISIC_0025889,HAM_0002801,HAM_0002801,40-59,ham,5,False,5,0.009638404,0.006285765,0.0055603962,0.063768744,0.0052148555,0.8642689,0.045262963,0.021139024,,0.021139024,look,0,,42,look_f0_s42_in22k_v5fix,last
ISIC_0025901,HAM_0005562,HAM_0005562,40-59,ham,5,False,5,0.009569158,0.006198112,0.005968191,0.068533644,0.0061665718,0.8519837,0.051580667,0.02193384,,0.02193384,look,0,,42,look_f0_s42_in22k_v5fix,last
ISIC_0025902,HAM_0005966,HAM_0005966,60+,ham,5,False,5,0.013554023,0.008455445,0.007829324,0.075853996,0.006115193,0.8325658,0.05562629,0.02812466,,0.02812466,look,0,,42,look_f0_s42_in22k_v5fix,last
ISIC_0025917,HAM_0003500,HAM_0003500,<40,ham,5,False,5,0.010171612,0.0065114414,0.006478635,0.06833737,0.0062138624,0.8540099,0.04827722,0.022896916,,0.022896916,look,0,,42,look_f0_s42_in22k_v5fix,last
ISIC_0025919,HAM_0001085,HAM_0001085,60+,ham,5,False,5,0.011518983,0.007005211,0.007416348,0.07163064,0.007538511,0.84664375,0.048246507,0.026062705,,0.026062705,look,0,,42,look_f0_s42_in22k_v5fix,last
ISIC_0025920,HAM_0007194,HAM_0007194,40-59,ham,5,False,5,0.009330324,0.0061042765,0.005827322,0.068375275,0.0056554475,0.85748696,0.047220375,0.021090047,,0.021090047,look,0,,42,look_f0_s42_in22k_v5fix,last
ISIC_0025925,HAM_0000803,HAM_0000803,40-59,ham,5,False,5,0.009157322,0.006174838,0.0073246835,0.06770337,0.0068504084,0.85400254,0.048786737,0.022182569,,0.022182569,look,0,,42,look_f0_s42_in22k_v5fix,last
ISIC_0025935,HAM_0006029,HAM_0006029,40-59,ham,5,False,5,0.009349182,0.0053950553,0.005230627,0.06299395,0.004329287,0.8646304,0.048071384,0.019073524,,0.019073524,look,0,,42,look_f0_s42_in22k_v5fix,last
ISIC_0025953,HAM_0002461,HAM_0002461,60+,ham,0,True,0,0.9350348,0.0013849362,0.0018339157,0.030699791,0.0044306037,0.0024417813,0.024174133,0.9408503,,0.9408503,look,0,,42,look_f0_s42_in22k_v5fix,last
ISIC_0025955,HAM_0005481,HAM_0005481,40-59,ham,4,True,5,0.007506902,0.004985055,0.0039232504,0.05689252,0.009255318,0.87502706,0.042409904,0.021747274,,0.021747274,look,0,,42,look_f0_s42_in22k_v5fix,last
ISIC_0025969,HAM_0004369,HAM_0004369,40-59,ham,5,False,5,0.0096839825,0.006692107,0.010882861,0.061014667,0.0052518803,0.8597356,0.046738878,0.02162797,,0.02162797,look,0,,42,look_f0_s42_in22k_v5fix,last
ISIC_0025974,HAM_0001770,HAM_0001770,40-59,ham,5,False,5,0.012256851,0.0065611107,0.006510558,0.07202632,0.005857482,0.8453264,0.051461257,0.024675444,,0.024675444,look,0,,42,look_f0_s42_in22k_v5fix,last
ISIC_0025981,HAM_0007499,HAM_0007499,40-59,ham,5,False,5,0.0099218665,0.006424674,0.0066988408,0.070102274,0.0066676326,0.8502273,0.0499574,0.023014173,,0.023014173,look,0,,42,look_f0_s42_in22k_v5fix,last
ISIC_0025999,HAM_0005286,HAM_0005286,40-59,ham,5,False,5,0.009623812,0.004942889,0.005561069,0.0672305,0.005545115,0.8578906,0.04920598,0.020111816,,0.020111816,look,0,,42,look_f0_s42_in22k_v5fix,last
ISIC_0026028,HAM_0004133,HAM_0004133,40-59,ham,5,False,5,0.011554326,0.0036388221,0.006058897,0.06474873,0.0076468834,0.85284215,0.053510282,0.02284003,,0.02284003,look,0,,42,look_f0_s42_in22k_v5fix,last
ISIC_0026032,HAM_0006370,HAM_0006370,40-59,ham,5,False,2,0.00630081,0.004236127,0.86616117,0.050477955,0.007242815,0.027961507,0.037619658,0.017779753,,0.017779753,look,0,,42,look_f0_s42_in22k_v5fix,last
ISIC_0026036,HAM_0003038,HAM_0003038,40-59,ham,5,False,5,0.009962567,0.0058561885,0.005589341,0.07200967,0.013339406,0.8430568,0.050186023,0.029158162,,0.029158162,look,0,,42,look_f0_s42_in22k_v5fix,last
ISIC_0026037,HAM_0006756,HAM_0006756,<40,ham,5,False,5,0.0103815785,0.0041077854,0.0137295965,0.07498407,0.0053034453,0.8393895,0.052104067,0.01979281,,0.01979281,look,0,,42,look_f0_s42_in22k_v5fix,last
ISIC_0026039,HAM_0000797,HAM_0000797,40-59,ham,5,False,5,0.011061335,0.007012507,0.0062699937,0.06767929,0.0056378217,0.8535771,0.048761934,0.023711663,,0.023711663,look,0,,42,look_f0_s42_in22k_v5fix,last
ISIC_0026040,HAM_0006252,HAM_0006252,60+,ham,0,True,2,0.02024736,0.0057638367,0.87559783,0.049680047,0.0055051,0.004972447,0.03823338,0.0315163,,0.0315163,look,0,,42,look_f0_s42_in22k_v5fix,last
ISIC_0026056,HAM_0005304,HAM_0005304,60+,ham,1,True,4,0.013347475,0.3677553,0.0060198735,0.13809936,0.3845257,0.0043263454,0.08592598,0.76562846,,0.76562846,look,0,,42,look_f0_s42_in22k_v5fix,last
ISIC_0026060,HAM_0005891,HAM_0005891,60+,ham,2,False,2,0.013016452,0.004745906,0.8939241,0.050563123,0.003629604,0.0027428025,0.03137805,0.021391964,,0.021391964,look,0,,42,look_f0_s42_in22k_v5fix,last
ISIC_0026081,HAM_0000337,HAM_0000337,40-59,ham,4,True,5,0.010638321,0.0064671445,0.005689001,0.067203864,0.007280227,0.85195,0.050771408,0.024385693,,0.024385693,look,0,,42,look_f0_s42_in22k_v5fix,last
ISIC_0026107,HAM_0003265,HAM_0003265,<40,ham,2,False,5,0.016908202,0.007368972,0.15466194,0.12697329,0.0058113243,0.5977062,0.09057009,0.0300885,,0.0300885,look,0,,42,look_f0_s42_in22k_v5fix,last
ISIC_0026112,HAM_0000301,HAM_0000301,60+,ham,5,False,5,0.010273649,0.0059564314,0.0065540643,0.067909695,0.005753137,0.855239,0.048313987,0.021983217,,0.021983217,look,0,,42,look_f0_s42_in22k_v5fix,last
ISIC_0026114,HAM_0006375,HAM_0006375,40-59,ham,5,False,5,0.011464656,0.006441628,0.006211678,0.06848124,0.0052575166,0.85330313,0.048840094,0.023163801,,0.023163801,look,0,,42,look_f0_s42_in22k_v5fix,last
ISIC_0026123,HAM_0003491,HAM_0003491,40-59,ham,5,False,5,0.0073355613,0.012110623,0.011282137,0.06064224,0.0018701461,0.8715624,0.035196844,0.021316329,,0.021316329,look,0,,42,look_f0_s42_in22k_v5fix,last
ISIC_0026130,HAM_0005144,HAM_0005144,40-59,ham,5,False,5,0.012152791,0.007076769,0.006898396,0.067921296,0.005262956,0.85529625,0.045391507,0.024492517,,0.024492517,look,0,,42,look_f0_s42_in22k_v5fix,last
ISIC_0026143,HAM_0002776,HAM_0002776,40-59,ham,5,False,5,0.010566554,0.0066489642,0.0062902495,0.0690681,0.00519887,0.8565131,0.04571421,0.022414388,,0.022414388,look,0,,42,look_f0_s42_in22k_v5fix,last
ISIC_0026148,HAM_0002975,HAM_0002975,40-59,ham,5,False,5,0.0078247255,0.004248529,0.0044381637,0.061056104,0.0075222105,0.87138426,0.043526,0.019595465,,0.019595465,look,0,,42,look_f0_s42_in22k_v5fix,last
ISIC_0026150,HAM_0004607,HAM_0004607,40-59,ham,4,True,4,0.006723158,0.0067848046,0.0049085873,0.059676073,0.8542623,0.025601987,0.042043097,0.86777025,,0.86777025,look,0,,42,look_f0_s42_in22k_v5fix,last
ISIC_0026154,HAM_0006658,HAM_0006658,60+,ham,1,True,1,0.0067594443,0.8521911,0.0072408025,0.064154916,0.015556708,0.0038803357,0.050216645,0.87450725,,0.87450725,look,0,,42,look_f0_s42_in22k_v5fix,last
ISIC_0026164,HAM_0002872,HAM_0002872,<40,ham,5,False,5,0.010477753,0.0063349404,0.0066165663,0.06841374,0.0065141944,0.85229284,0.049350053,0.023326889,,0.023326889,look,0,,42,look_f0_s42_in22k_v5fix,last
ISIC_0026165,HAM_0005950,HAM_0005950,40-59,ham,5,False,5,0.009623693,0.0069707786,0.0064937286,0.06738995,0.0051374105,0.8580846,0.046299797,0.021731881,,0.021731881,look,0,,42,look_f0_s42_in22k_v5fix,last
ISIC_0026176,HAM_0002223,HAM_0002223,<40,ham,5,False,5,0.008583228,0.005128035,0.005133319,0.06482387,0.0057888827,0.8605609,0.04998172,0.019500146,,0.019500146,look,0,,42,look_f0_s42_in22k_v5fix,last
ISIC_0026179,HAM_0003523,HAM_0003523,40-59,ham,5,False,5,0.010338819,0.0062401616,0.00639479,0.067954026,0.005629702,0.8561077,0.04733495,0.022208681,,0.022208681,look,0,,42,look_f0_s42_in22k_v5fix,last
ISIC_0026186,HAM_0002106,HAM_0002106,40-59,ham,5,False,5,0.011564331,0.0074130413,0.0075657708,0.06623575,0.0039607813,0.8552347,0.048025727,0.022938153,,0.022938153,look,0,,42,look_f0_s42_in22k_v5fix,last
ISIC_0026202,HAM_0006219,HAM_0006219,40-59,ham,5,False,5,0.010960644,0.0058057443,0.006114021,0.066844806,0.0056175813,0.8578477,0.04680959,0.02238397,,0.02238397,look,0,,42,look_f0_s42_in22k_v5fix,last
ISIC_0026207,HAM_0002696,HAM_0002696,40-59,ham,4,True,5,0.0075896243,0.004330899,0.005668997,0.060511094,0.0053629414,0.8734135,0.04312294,0.017283464,,0.017283464,look,0,,42,look_f0_s42_in22k_v5fix,last
ISIC_0026219,HAM_0006399,HAM_0006399,60+,ham,2,False,2,0.005940554,0.0054116216,0.9036598,0.042733174,0.0045077885,0.0060562193,0.031690855,0.015859965,,0.015859965,look,0,,42,look_f0_s42_in22k_v5fix,last
ISIC_0026227,HAM_0000986,HAM_0000986,40-59,ham,5,False,5,0.009764706,0.006487882,0.0057722777,0.06966545,0.005880932,0.8523197,0.050109062,0.02213352,,0.02213352,look,0,,42,look_f0_s42_in22k_v5fix,last
ISIC_0026228,HAM_0003168,HAM_0003168,40-59,ham,5,False,5,0.009012104,0.0054435846,0.0048627225,0.06433286,0.0048961667,0.8643155,0.047137074,0.019351855,,0.019351855,look,0,,42,look_f0_s42_in22k_v5fix,last
ISIC_0026254,HAM_0006816,HAM_0006816,40-59,ham,3,False,2,0.0030180952,0.002295564,0.8042998,0.14926483,0.0023867846,0.005111719,0.033623174,0.0077004437,,0.0077004437,look,0,,42,look_f0_s42_in22k_v5fix,last
ISIC_0026255,HAM_0002221,HAM_0002221,40-59,ham,5,False,5,0.009260817,0.0060819266,0.0056144847,0.06573399,0.0051360056,0.8599674,0.048205294,0.02047875,,0.02047875,look,0,,42,look_f0_s42_in22k_v5fix,last
ISIC_0026263,HAM_0002042,HAM_0002042,60+,ham,2,False,2,0.011892556,0.005085828,0.9007026,0.04251153,0.009897514,0.0012854849,0.02862439,0.026875898,,0.026875898,look,0,,42,look_f0_s42_in22k_v5fix,last
ISIC_0026264,HAM_0004782,HAM_0004782,60+,ham,5,False,5,0.011802747,0.00666441,0.0072981385,0.07023253,0.006764545,0.8457512,0.051486477,0.0252317,,0.0252317,look,0,,42,look_f0_s42_in22k_v5fix,last
ISIC_0026275,HAM_0005804,HAM_0005804,60+,ham,1,True,1,0.0058100354,0.8824674,0.007248454,0.051290855,0.009583185,0.005170064,0.03843001,0.8978606,,0.8978606,look,0,,42,look_f0_s42_in22k_v5fix,last
ISIC_0026276,HAM_0000710,HAM_0000710,60+,ham,2,False,2,0.0031679333,0.0068265162,0.9165776,0.03720411,0.0025576341,0.003075309,0.030590871,0.0125520835,,0.0125520835,look,0,,42,look_f0_s42_in22k_v5fix,last
ISIC_0026300,HAM_0005411,HAM_0005411,60+,ham,5,False,5,0.0105460845,0.0063140355,0.007140017,0.06864531,0.0060124393,0.8529759,0.048366122,0.02287256,,0.02287256,look,0,,42,look_f0_s42_in22k_v5fix,last
ISIC_0026303,HAM_0001680,HAM_0001680,40-59,ham,5,False,1,0.023109142,0.6491189,0.049775902,0.15004422,0.0030157971,0.046768032,0.07816799,0.67524385,,0.67524385,look,0,,42,look_f0_s42_in22k_v5fix,last
ISIC_0026305,HAM_0002216,HAM_0002216,60+,ham,5,False,5,0.0080705695,0.005845443,0.005147395,0.06594201,0.020112721,0.84303486,0.051847044,0.03402873,,0.03402873,look,0,,42,look_f0_s42_in22k_v5fix,last
ISIC_0026318,HAM_0002589,HAM_0002589,<40,ham,5,False,5,0.0106625445,0.0064544147,0.0061815125,0.069170475,0.0060685715,0.8500245,0.051438037,0.023185533,,0.023185533,look,0,,42,look_f0_s42_in22k_v5fix,last
ISIC_0026323,HAM_0006104,HAM_0006104,<40,ham,5,False,5,0.011489365,0.013470665,0.0065650116,0.09857349,0.38699782,0.39765114,0.08525255,0.41195786,,0.41195786,look,0,,42,look_f0_s42_in22k_v5fix,last
ISIC_0026327,HAM_0002012,HAM_0002012,40-59,ham,0,True,1,0.036247287,0.850081,0.0041888305,0.0585202,0.00564624,0.0024467043,0.042869747,0.89197457,,0.89197457,look,0,,42,look_f0_s42_in22k_v5fix,last
ISIC_0026336,HAM_0006406,HAM_0006406,40-59,ham,6,False,6,0.0013109981,0.00054900046,0.00080721587,0.007037369,0.00038790374,0.00022495132,0.9896826,0.0022479023,,0.0022479023,look,0,,42,look_f0_s42_in22k_v5fix,last
ISIC_0026344,HAM_0000221,HAM_0000221,40-59,ham,5,False,5,0.012804863,0.006693023,0.0069004325,0.07101402,0.0043660286,0.84932405,0.04889748,0.023863915,,0.023863915,look,0,,42,look_f0_s42_in22k_v5fix,last
ISIC_0026350,HAM_0003039,HAM_0003039,<40,ham,1,True,1,0.008308004,0.5895907,0.18937905,0.11497041,0.005421961,0.0073397798,0.08499008,0.60332066,,0.60332066,look,0,,42,look_f0_s42_in22k_v5fix,last
ISIC_0026356,HAM_0001039,HAM_0001039,60+,ham,5,False,5,0.011556268,0.0069473563,0.006473258,0.07219386,0.006841037,0.8409666,0.055021543,0.025344662,,0.025344662,look,0,,42,look_f0_s42_in22k_v5fix,last
ISIC_0026358,HAM_0006469,HAM_0006469,<40,ham,5,False,5,0.013516212,0.006736215,0.006789634,0.07279909,0.0041898494,0.8413326,0.054636378,0.024442276,,0.024442276,look,0,,42,look_f0_s42_in22k_v5fix,last
ISIC_0026364,HAM_0007022,HAM_0007022,40-59,ham,5,False,5,0.011502752,0.0063970177,0.0059081633,0.06669569,0.0056128325,0.8543323,0.049551126,0.023512602,,0.023512602,look,0,,42,look_f0_s42_in22k_v5fix,last
ISIC_0026376,HAM_0004418,HAM_0004418,<40,ham,5,False,5,0.009523188,0.0050237156,0.0057624546,0.06722491,0.005912898,0.85890675,0.04764601,0.020459801,,0.020459801,look,0,,42,look_f0_s42_in22k_v5fix,last
ISIC_0026378,HAM_0004426,HAM_0004426,40-59,ham,2,False,2,0.012961534,0.036766604,0.8231752,0.060766403,0.014862838,0.005850807,0.0456166,0.064590976,,0.064590976,look,0,,42,look_f0_s42_in22k_v5fix,last
ISIC_0026380,HAM_0000533,HAM_0000533,40-59,ham,5,False,5,0.011466307,0.006486157,0.007605418,0.069970615,0.00558646,0.850053,0.04883199,0.023538925,,0.023538925,look,0,,42,look_f0_s42_in22k_v5fix,last
ISIC_0026415,HAM_0000520,HAM_0000520,<40,ham,5,False,5,0.008843786,0.005498943,0.005427653,0.06453197,0.005121594,0.86478513,0.045790907,0.019464323,,0.019464323,look,0,,42,look_f0_s42_in22k_v5fix,last
ISIC_0026445,HAM_0004288,HAM_0004288,<40,ham,5,False,4,0.07307666,0.013401091,0.0045940215,0.113747954,0.36376464,0.32145286,0.109962784,0.4502424,,0.4502424,look,0,,42,look_f0_s42_in22k_v5fix,last
ISIC_0026447,HAM_0003573,HAM_0003573,40-59,ham,5,False,5,0.010662663,0.006408879,0.006443619,0.06997672,0.006136072,0.8513392,0.04903296,0.023207612,,0.023207612,look,0,,42,look_f0_s42_in22k_v5fix,last
ISIC_0026459,HAM_0002241,HAM_0002241,<40,ham,5,False,5,0.009747426,0.005917759,0.005736299,0.066500664,0.005754191,0.85805744,0.048286196,0.021419376,,0.021419376,look,0,,42,look_f0_s42_in22k_v5fix,last
ISIC_0026472,HAM_0004277,HAM_0004277,40-59,ham,5,False,5,0.009769141,0.0056611667,0.006011698,0.06759773,0.006099838,0.85556024,0.049300164,0.021530144,,0.021530144,look,0,,42,look_f0_s42_in22k_v5fix,last
ISIC_0026473,HAM_0003110,HAM_0003110,60+,ham,3,False,4,0.0017167191,0.0053782277,0.0028146687,0.041639794,0.9295638,0.0017276037,0.017159145,0.93665874,,0.93665874,look,0,,42,look_f0_s42_in22k_v5fix,last
ISIC_0026476,HAM_0000303,HAM_0000303,40-59,ham,5,False,5,0.01247635,0.0073163775,0.009208718,0.07149223,0.011119695,0.8387625,0.049624145,0.030912424,,0.030912424,look,0,,42,look_f0_s42_in22k_v5fix,last
ISIC_0026477,HAM_0006563,HAM_0006563,40-59,ham,2,False,5,0.009200076,0.005057063,0.0077463756,0.069112636,0.008943276,0.85148,0.048460536,0.023200415,,0.023200415,look,0,,42,look_f0_s42_in22k_v5fix,last
ISIC_0026481,HAM_0007332,HAM_0007332,60+,ham,2,False,2,0.011728661,0.0020572206,0.87962234,0.034476988,0.0056509934,0.03246484,0.03399889,0.019436875,,0.019436875,look,0,,42,look_f0_s42_in22k_v5fix,last
ISIC_0026495,HAM_0003977,HAM_0003977,40-59,ham,5,False,5,0.0090523,0.0055480166,0.005974532,0.06838543,0.004918947,0.85719717,0.04892365,0.019519262,,0.019519262,look,0,,42,look_f0_s42_in22k_v5fix,last
ISIC_0026496,HAM_0005757,HAM_0005757,60+,ham,1,True,1,0.0116874315,0.8577137,0.0061819577,0.059156343,0.005758271,0.0044086687,0.055093545,0.87515944,,0.87515944,look,0,,42,look_f0_s42_in22k_v5fix,last
ISIC_0026498,HAM_0000054,HAM_0000054,<40,ham,5,False,5,0.01252663,0.0073325746,0.008092121,0.07408928,0.0065954733,0.83683157,0.05453232,0.02645468,,0.02645468,look,0,,42,look_f0_s42_in22k_v5fix,last
ISIC_0026510,HAM_0002428,HAM_0002428,60+,ham,5,False,5,0.011952017,0.00674678,0.0074304845,0.06761839,0.0069262343,0.8494192,0.049906973,0.025625031,,0.025625031,look,0,,42,look_f0_s42_in22k_v5fix,last
ISIC_0026513,HAM_0005910,HAM_0005910,60+,ham,5,False,4,0.0066648703,0.003345483,0.003182743,0.039367676,0.9120378,0.008125985,0.027275473,0.92204815,,0.92204815,look,0,,42,look_f0_s42_in22k_v5fix,last
ISIC_0026515,HAM_0002779,HAM_0002779,40-59,ham,5,False,5,0.011318736,0.0063875522,0.0066063073,0.06899467,0.0044707824,0.8537595,0.048462417,0.02217707,,0.02217707,look,0,,42,look_f0_s42_in22k_v5fix,last
ISIC_0026519,HAM_0007255,HAM_0007255,40-59,ham,5,False,5,0.008673352,0.005749295,0.0055389917,0.05488096,0.0019617467,0.8790816,0.04411414,0.016384395,,0.016384395,look,0,,42,look_f0_s42_in22k_v5fix,last
ISIC_0026523,HAM_0004338,HAM_0004338,60+,ham,2,False,2,0.0061187823,0.0032994756,0.91809666,0.038352747,0.0020835923,0.0020074311,0.030041324,0.011501851,,0.011501851,look,0,,42,look_f0_s42_in22k_v5fix,last
ISIC_0026527,HAM_0002438,HAM_0002438,60+,ham,5,False,5,0.00902219,0.0064345417,0.0069226543,0.063087925,0.0073648137,0.85917485,0.047993027,0.022821546,,0.022821546,look,0,,42,look_f0_s42_in22k_v5fix,last
ISIC_0026539,HAM_0004696,HAM_0004696,60+,ham,2,False,2,0.054568276,0.024430646,0.6399613,0.111185186,0.001057757,0.12209356,0.04670317,0.08005668,,0.08005668,look,0,,42,look_f0_s42_in22k_v5fix,last
ISIC_0026547,HAM_0000436,HAM_0000436,40-59,ham,5,False,5,0.01038208,0.0060514985,0.005928843,0.06580567,0.0070909406,0.85711,0.047630828,0.023524519,,0.023524519,look,0,,42,look_f0_s42_in22k_v5fix,last
ISIC_0026551,HAM_0004802,HAM_0004802,40-59,ham,5,False,5,0.009396977,0.005138963,0.0061208466,0.07196493,0.009441154,0.84933895,0.048598133,0.023977093,,0.023977093,look,0,,42,look_f0_s42_in22k_v5fix,last
ISIC_0026566,HAM_0004078,HAM_0004078,60+,ham,2,False,2,0.014335195,0.0052673332,0.88644487,0.05700513,0.0039116777,0.0032609846,0.029774835,0.023514206,,0.023514206,look,0,,42,look_f0_s42_in22k_v5fix,last
ISIC_0026571,HAM_0006037,HAM_0006037,40-59,ham,4,True,4,0.008731123,0.005531694,0.004356605,0.052805904,0.88986814,0.0029781205,0.03572832,0.90413094,,0.90413094,look,0,,42,look_f0_s42_in22k_v5fix,last
ISIC_0026593,HAM_0004970,HAM_0004970,60+,ham,1,True,1,0.0059886742,0.87208694,0.0062996135,0.05511002,0.006405513,0.0057288273,0.04838032,0.88448113,,0.88448113,look,0,,42,look_f0_s42_in22k_v5fix,last
ISIC_0026596,HAM_0004979,HAM_0004979,60+,ham,4,True,5,0.012418109,0.003811328,0.005230411,0.0493328,0.009103092,0.8894629,0.030641375,0.02533253,,0.02533253,look,0,,42,look_f0_s42_in22k_v5fix,last
ISIC_0026598,HAM_0006602,HAM_0006602,60+,ham,5,False,5,0.010039451,0.006272841,0.0068589654,0.068358146,0.0050382833,0.8530555,0.05037683,0.021350576,,0.021350576,look,0,,42,look_f0_s42_in22k_v5fix,last
ISIC_0026611,HAM_0002470,HAM_0002470,<40,ham,5,False,5,0.010233393,0.0034916208,0.009905797,0.06431936,0.049487706,0.8160115,0.046550546,0.06321272,,0.06321272,look,0,,42,look_f0_s42_in22k_v5fix,last
ISIC_0026615,HAM_0002532,HAM_0002532,60+,ham,5,False,5,0.016062235,0.0049043,0.006100413,0.07051155,0.005567512,0.8483757,0.048478372,0.026534047,,0.026534047,look,0,,42,look_f0_s42_in22k_v5fix,last
ISIC_0026623,HAM_0003800,HAM_0003800,60+,ham,2,False,4,0.028856268,0.010962836,0.20729414,0.13440523,0.54303855,0.004879595,0.07056342,0.58285767,,0.58285767,look,0,,42,look_f0_s42_in22k_v5fix,last
ISIC_0026629,HAM_0004065,HAM_0004065,60+,ham,3,False,3,0.00092356,0.00014732782,0.037650265,0.9510313,8.013574e-05,0.0023852203,0.0077821705,0.0011510235,,0.0011510235,look,0,,42,look_f0_s42_in22k_v5fix,last
ISIC_0026630,HAM_0001682,HAM_0001682,40-59,ham,5,False,5,0.009442077,0.005329821,0.0052171387,0.062081467,0.005252013,0.865329,0.047348406,0.02002391,,0.02002391,look,0,,42,look_f0_s42_in22k_v5fix,last
ISIC_0026635,HAM_0004057,HAM_0004057,60+,ham,5,False,5,0.011120135,0.0063915653,0.0070994943,0.06832692,0.0047467467,0.85364723,0.048667844,0.022258446,,0.022258446,look,0,,42,look_f0_s42_in22k_v5fix,last
ISIC_0026650,HAM_0000545,HAM_0000545,60+,ham,0,True,2,0.14077044,0.0038727827,0.73274505,0.060503118,0.015156022,0.0025195952,0.044433035,0.15979923,,0.15979923,look,0,,42,look_f0_s42_in22k_v5fix,last
ISIC_0026651,HAM_0001969,HAM_0001969,40-59,ham,5,False,5,0.011274004,0.0062548085,0.011876223,0.065682046,0.0039665275,0.8555338,0.045412578,0.02149534,,0.02149534,look,0,,42,look_f0_s42_in22k_v5fix,last
ISIC_0026652,HAM_0001835,HAM_0001835,60+,ham,4,True,4,0.010957502,0.0029688727,0.0053422386,0.06955175,0.8655286,0.003983575,0.04166749,0.879455,,0.879455,look,0,,42,look_f0_s42_in22k_v5fix,last
ISIC_0026653,HAM_0001535,HAM_0001535,40-59,ham,5,False,5,0.010466687,0.005183818,0.0073309336,0.06509341,0.0072832983,0.85111266,0.05352917,0.022933803,,0.022933803,look,0,,42,look_f0_s42_in22k_v5fix,last
ISIC_0026660,HAM_0006599,HAM_0006599,60+,ham,5,False,5,0.008277528,0.004843503,0.005553124,0.06611966,0.0061774915,0.85853016,0.050498642,0.019298524,,0.019298524,look,0,,42,look_f0_s42_in22k_v5fix,last
ISIC_0026668,HAM_0001666,HAM_0001666,60+,ham,1,True,2,0.012129333,0.12645766,0.6667607,0.1058697,0.008388761,0.006742105,0.0736518,0.14697576,,0.14697576,look,0,,42,look_f0_s42_in22k_v5fix,last
ISIC_0026674,HAM_0004836,HAM_0004836,<40,ham,5,False,5,0.009719847,0.00411852,0.014034773,0.060836196,0.0040592803,0.8571348,0.050096508,0.017897647,,0.017897647,look,0,,42,look_f0_s42_in22k_v5fix,last
ISIC_0026675,HAM_0003739,HAM_0003739,<40,ham,2,False,2,0.0045418544,0.006934145,0.89103216,0.04879475,0.004086938,0.0062350887,0.038374994,0.015562937,,0.015562937,look,0,,42,look_f0_s42_in22k_v5fix,last
ISIC_0026685,HAM_0002475,HAM_0002475,60+,ham,5,False,5,0.008954413,0.0058183335,0.0048889886,0.06424007,0.004506379,0.86424834,0.04734347,0.019279126,,0.019279126,look,0,,42,look_f0_s42_in22k_v5fix,last
ISIC_0026687,HAM_0002689,HAM_0002689,60+,ham,1,True,1,0.011037874,0.9049127,0.0049222005,0.042773962,0.0030989267,0.0023169839,0.030937277,0.9190495,,0.9190495,look,0,,42,look_f0_s42_in22k_v5fix,last
ISIC_0026688,HAM_0001861,HAM_0001861,60+,ham,5,False,5,0.013112401,0.009040073,0.006277532,0.10604658,0.29721197,0.49209917,0.07621228,0.31936446,,0.31936446,look,0,,42,look_f0_s42_in22k_v5fix,last
ISIC_0026699,HAM_0007210,HAM_0007210,60+,ham,5,False,5,0.008598186,0.005388744,0.0059266943,0.06652761,0.0053697373,0.85971576,0.04847328,0.019356668,,0.019356668,look,0,,42,look_f0_s42_in22k_v5fix,last
ISIC_0026704,HAM_0004338,HAM_0004338,60+,ham,2,False,2,0.35723078,0.0016567191,0.48926523,0.074517995,0.006875632,0.011534339,0.058919273,0.36576313,,0.36576313,look,0,,42,look_f0_s42_in22k_v5fix,last
ISIC_0026714,HAM_0004889,HAM_0004889,60+,ham,2,False,2,0.003074834,0.0029967502,0.85315835,0.044964526,0.008187289,0.054964073,0.032654118,0.014258874,,0.014258874,look,0,,42,look_f0_s42_in22k_v5fix,last
ISIC_0026717,HAM_0002527,HAM_0002527,60+,ham,2,False,2,0.0082333535,0.008473652,0.8762363,0.05707281,0.009817921,0.001763716,0.038402263,0.026524927,,0.026524927,look,0,,42,look_f0_s42_in22k_v5fix,last
ISIC_0026718,HAM_0007285,HAM_0007285,40-59,ham,5,False,5,0.006101908,0.0043431483,0.003571791,0.09606935,0.003269295,0.84766155,0.038982887,0.013714352,,0.013714352,look,0,,42,look_f0_s42_in22k_v5fix,last
ISIC_0026755,HAM_0001931,HAM_0001931,40-59,ham,5,False,5,0.010053773,0.00617618,0.0065867975,0.0649182,0.0064523914,0.8610523,0.044760372,0.022682345,,0.022682345,look,0,,42,look_f0_s42_in22k_v5fix,last
ISIC_0026769,HAM_0002730,HAM_0002730,60+,ham,2,False,4,0.017020835,0.011261801,0.0047504865,0.065123275,0.84971946,0.0019339671,0.050190218,0.8780021,,0.8780021,look,0,,42,look_f0_s42_in22k_v5fix,last
ISIC_0026787,HAM_0000386,HAM_0000386,60+,ham,2,False,5,0.0063322918,0.0034439943,0.0048697316,0.056437515,0.020441975,0.8734201,0.03505437,0.030218262,,0.030218262,look,0,,42,look_f0_s42_in22k_v5fix,last
ISIC_0026789,HAM_0003110,HAM_0003110,60+,ham,3,False,1,0.0058489516,0.7067433,0.014871529,0.16777676,0.032296237,0.017781766,0.054681446,0.7448885,,0.7448885,look,0,,42,look_f0_s42_in22k_v5fix,last
ISIC_0026792,HAM_0001778,HAM_0001778,40-59,ham,5,False,5,0.012326407,0.0072748284,0.0073008537,0.06682364,0.0062345546,0.8524723,0.04756736,0.02583579,,0.02583579,look,0,,42,look_f0_s42_in22k_v5fix,last
ISIC_0026799,HAM_0005369,HAM_0005369,40-59,ham,5,False,5,0.010494864,0.0063838065,0.0066148243,0.06733453,0.006145546,0.85536665,0.04765977,0.023024216,,0.023024216,look,0,,42,look_f0_s42_in22k_v5fix,last
ISIC_0026806,HAM_0001888,HAM_0001888,<40,ham,5,False,5,0.013916259,0.008181227,0.0058305943,0.07193818,0.004751709,0.84374344,0.05163856,0.026849195,,0.026849195,look,0,,42,look_f0_s42_in22k_v5fix,last
ISIC_0026807,HAM_0000145,HAM_0000145,40-59,ham,5,False,5,0.011773254,0.0074322904,0.0073450576,0.0762226,0.0048106043,0.83899033,0.053425893,0.02401615,,0.02401615,look,0,,42,look_f0_s42_in22k_v5fix,last
ISIC_0026825,HAM_0000204,HAM_0000204,40-59,ham,5,False,5,0.025725538,0.0022135808,0.070823655,0.061693717,0.0044418317,0.7826431,0.05245864,0.03238095,,0.03238095,look,0,,42,look_f0_s42_in22k_v5fix,last
ISIC_0026828,HAM_0000840,HAM_0000840,40-59,ham,5,False,5,0.009755139,0.0060779024,0.006011058,0.06778738,0.0054575545,0.8542435,0.050667375,0.021290597,,0.021290597,look,0,,42,look_f0_s42_in22k_v5fix,last
ISIC_0026834,HAM_0002296,HAM_0002296,<40,ham,5,False,5,0.009479141,0.0049986304,0.0057960385,0.06984379,0.009870725,0.84868675,0.051324885,0.024348496,,0.024348496,look,0,,42,look_f0_s42_in22k_v5fix,last
ISIC_0026847,HAM_0002099,HAM_0002099,60+,ham,4,True,4,0.056487072,0.0033979486,0.034655523,0.09431953,0.69962835,0.012681167,0.09883045,0.7595134,,0.7595134,look,0,,42,look_f0_s42_in22k_v5fix,last
ISIC_0026853,HAM_0002194,HAM_0002194,60+,ham,4,True,4,0.0036737863,0.0027231858,0.011665485,0.03331313,0.9056741,0.016549665,0.02640061,0.91207105,,0.91207105,look,0,,42,look_f0_s42_in22k_v5fix,last
ISIC_0026861,HAM_0007110,HAM_0007110,60+,ham,2,False,0,0.94621474,0.0011703965,0.005085335,0.026471416,0.001498316,0.0011315623,0.018428273,0.9488835,,0.9488835,look,0,,42,look_f0_s42_in22k_v5fix,last
ISIC_0026868,HAM_0005251,HAM_0005251,60+,ham,4,True,4,0.007724181,0.0056919786,0.006268026,0.049525898,0.88788867,0.004795929,0.03810535,0.90130484,,0.90130484,look,0,,42,look_f0_s42_in22k_v5fix,last
ISIC_0026870,HAM_0003587,HAM_0003587,60+,ham,4,True,5,0.0058246604,0.0034771434,0.004365572,0.075718485,0.04865117,0.80770564,0.054257285,0.057952974,,0.057952974,look,0,,42,look_f0_s42_in22k_v5fix,last
ISIC_0026879,HAM_0002393,HAM_0002393,40-59,ham,5,False,5,0.009431898,0.0057261996,0.0055882307,0.06517686,0.0049763345,0.86258537,0.04651515,0.020134432,,0.020134432,look,0,,42,look_f0_s42_in22k_v5fix,last
ISIC_0026880,HAM_0006486,HAM_0006486,<40,ham,5,False,5,0.00860338,0.0047522895,0.0052008126,0.06275464,0.0046427315,0.86712176,0.046924297,0.017998401,,0.017998401,look,0,,42,look_f0_s42_in22k_v5fix,last
ISIC_0026883,HAM_0002797,HAM_0002797,<40,ham,5,False,2,0.008153381,0.0048708115,0.88792485,0.047382325,0.0018524871,0.014298593,0.03551751,0.0148766795,,0.0148766795,look,0,,42,look_f0_s42_in22k_v5fix,last
ISIC_0026888,HAM_0005163,HAM_0005163,40-59,ham,5,False,5,0.008029227,0.0050126826,0.0052640936,0.062056005,0.009923305,0.8622273,0.047487333,0.022965215,,0.022965215,look,0,,42,look_f0_s42_in22k_v5fix,last
ISIC_0026889,HAM_0002833,HAM_0002833,<40,ham,5,False,5,0.009959941,0.0057888334,0.006229666,0.067798704,0.005599171,0.857594,0.047029696,0.021347946,,0.021347946,look,0,,42,look_f0_s42_in22k_v5fix,last
ISIC_0026900,HAM_0001363,HAM_0001363,40-59,ham,5,False,5,0.009179864,0.0053137336,0.004995675,0.06295518,0.0049860175,0.86681765,0.045751892,0.019479616,,0.019479616,look,0,,42,look_f0_s42_in22k_v5fix,last
ISIC_0026916,HAM_0000320,HAM_0000320,40-59,ham,4,True,4,0.0051797116,0.0035522056,0.0072850054,0.04661527,0.89779544,0.0054554334,0.034117017,0.90652734,,0.90652734,look,0,,42,look_f0_s42_in22k_v5fix,last
ISIC_0026918,HAM_0006573,HAM_0006573,40-59,ham,5,False,5,0.012440259,0.007783033,0.007020998,0.072693154,0.006293378,0.8419648,0.051804427,0.026516668,,0.026516668,look,0,,42,look_f0_s42_in22k_v5fix,last
ISIC_0026921,HAM_0004275,HAM_0004275,60+,ham,5,False,5,0.010126213,0.005904151,0.0052864444,0.06457144,0.0068962667,0.85809183,0.049123712,0.02292663,,0.02292663,look,0,,42,look_f0_s42_in22k_v5fix,last
ISIC_0026927,HAM_0003501,HAM_0003501,60+,ham,0,True,0,0.9345587,0.0074379197,0.0025088857,0.02965832,0.0010725588,0.0016991163,0.023064494,0.9430692,,0.9430692,look,0,,42,look_f0_s42_in22k_v5fix,last
ISIC_0026929,HAM_0005224,HAM_0005224,40-59,ham,5,False,5,0.009495904,0.007753431,0.0055797636,0.07280188,0.015450897,0.8387645,0.050153673,0.032700233,,0.032700233,look,0,,42,look_f0_s42_in22k_v5fix,last
ISIC_0026942,HAM_0006553,HAM_0006553,<40,ham,5,False,5,0.009548124,0.0037141962,0.00977976,0.05020972,0.002761365,0.8797227,0.044264186,0.016023684,,0.016023684,look,0,,42,look_f0_s42_in22k_v5fix,last
ISIC_0026944,HAM_0000331,HAM_0000331,60+,ham,5,False,5,0.008931565,0.0056101857,0.005997181,0.06488599,0.0055958275,0.8597352,0.049243968,0.020137578,,0.020137578,look,0,,42,look_f0_s42_in22k_v5fix,last
ISIC_0026945,HAM_0003999,HAM_0003999,60+,ham,5,False,5,0.009146425,0.005405611,0.005074555,0.064764395,0.003970925,0.86207527,0.049562883,0.018522961,,0.018522961,look,0,,42,look_f0_s42_in22k_v5fix,last
ISIC_0026950,HAM_0007617,HAM_0007617,60+,ham,4,True,4,0.005867066,0.023562413,0.006765431,0.07562746,0.82951105,0.003041974,0.055624627,0.85894054,,0.85894054,look,0,,42,look_f0_s42_in22k_v5fix,last
ISIC_0026957,HAM_0001369,HAM_0001369,60+,ham,1,True,1,0.008736525,0.8812389,0.009975346,0.058445007,0.0039391806,0.003932544,0.03373259,0.8939146,,0.8939146,look,0,,42,look_f0_s42_in22k_v5fix,last
ISIC_0026960,HAM_0005456,HAM_0005456,40-59,ham,5,False,5,0.010294305,0.005372712,0.0053783744,0.06750418,0.005672404,0.8574654,0.048312668,0.021339422,,0.021339422,look,0,,42,look_f0_s42_in22k_v5fix,last
ISIC_0026962,HAM_0007334,HAM_0007334,40-59,ham,5,False,5,0.011297332,0.006084698,0.0069741705,0.07125108,0.0063860407,0.8484122,0.04959453,0.023768071,,0.023768071,look,0,,42,look_f0_s42_in22k_v5fix,last
ISIC_0026965,HAM_0000470,HAM_0000470,40-59,ham,5,False,5,0.010285056,0.006551585,0.0061556776,0.06857054,0.0064442693,0.85240346,0.049589388,0.023280911,,0.023280911,look,0,,42,look_f0_s42_in22k_v5fix,last
ISIC_0026975,HAM_0006063,HAM_0006063,40-59,ham,5,False,5,0.012551352,0.0069650523,0.0063739447,0.071851544,0.0046451814,0.8463576,0.05125535,0.024161587,,0.024161587,look,0,,42,look_f0_s42_in22k_v5fix,last
ISIC_0026976,HAM_0000358,HAM_0000358,60+,ham,4,True,2,0.0052353847,0.0068353727,0.89600456,0.045530647,0.006623523,0.003489338,0.036281154,0.01869428,,0.01869428,look,0,,42,look_f0_s42_in22k_v5fix,last
ISIC_0026980,HAM_0005876,HAM_0005876,60+,ham,5,False,5,0.009635992,0.0063373083,0.006649716,0.070921846,0.0055772597,0.85039365,0.050484195,0.021550559,,0.021550559,look,0,,42,look_f0_s42_in22k_v5fix,last
ISIC_0026983,HAM_0006404,HAM_0006404,40-59,ham,5,False,5,0.00986601,0.0054786247,0.005143203,0.06601676,0.0052677663,0.86316967,0.045057997,0.0206124,,0.0206124,look,0,,42,look_f0_s42_in22k_v5fix,last
ISIC_0026985,HAM_0006607,HAM_0006607,60+,ham,5,False,5,0.010786526,0.006212197,0.007964908,0.0685359,0.0060177036,0.85079956,0.04968317,0.023016427,,0.023016427,look,0,,42,look_f0_s42_in22k_v5fix,last
ISIC_0026987,HAM_0006994,HAM_0006994,<40,ham,5,False,5,0.012946214,0.0059425156,0.0068443418,0.06877704,0.007339532,0.84981966,0.04833073,0.02622826,,0.02622826,look,0,,42,look_f0_s42_in22k_v5fix,last
ISIC_0026996,HAM_0004121,HAM_0004121,40-59,ham,4,True,5,0.009313941,0.004811693,0.0049771843,0.068229996,0.007021448,0.8560241,0.04962171,0.021147082,,0.021147082,look,0,,42,look_f0_s42_in22k_v5fix,last
ISIC_0026998,HAM_0006094,HAM_0006094,40-59,ham,5,False,5,0.015110253,0.0068165213,0.008099895,0.07249789,0.0051764017,0.8336172,0.05868187,0.027103178,,0.027103178,look,0,,42,look_f0_s42_in22k_v5fix,last
ISIC_0027008,HAM_0005276,HAM_0005276,60+,ham,3,False,3,0.024005713,0.016304169,0.00062396424,0.93029296,0.00076283823,0.0003081428,0.027702224,0.041072723,,0.041072723,look,0,,42,look_f0_s42_in22k_v5fix,last
ISIC_0027011,HAM_0000307,HAM_0000307,60+,ham,5,False,5,0.009872488,0.0055440934,0.005690841,0.064996205,0.005749028,0.86177313,0.046374284,0.02116561,,0.02116561,look,0,,42,look_f0_s42_in22k_v5fix,last
ISIC_0027015,HAM_0001851,HAM_0001851,40-59,ham,5,False,5,0.013204739,0.007957574,0.0067170854,0.076943316,0.004945583,0.83815175,0.05208,0.026107896,,0.026107896,look,0,,42,look_f0_s42_in22k_v5fix,last
ISIC_0027025,HAM_0000121,HAM_0000121,60+,ham,2,False,2,0.007899283,0.003118347,0.9178356,0.038273524,0.0032881368,0.0023833408,0.027201714,0.014305767,,0.014305767,look,0,,42,look_f0_s42_in22k_v5fix,last
ISIC_0027026,HAM_0002585,HAM_0002585,60+,ham,2,False,5,0.0065332577,0.0023207283,0.0016530531,0.12025903,0.0019774325,0.85108966,0.016166788,0.010831418,,0.010831418,look,0,,42,look_f0_s42_in22k_v5fix,last
ISIC_0027034,HAM_0007426,HAM_0007426,<40,ham,5,False,5,0.0086350115,0.0045700083,0.005522587,0.06252931,0.0070808744,0.8654997,0.046162587,0.020285893,,0.020285893,look,0,,42,look_f0_s42_in22k_v5fix,last
ISIC_0027038,HAM_0005985,HAM_0005985,40-59,ham,1,True,1,0.0099273,0.87591034,0.007205773,0.056346778,0.003983351,0.0034416004,0.043184943,0.889821,,0.889821,look,0,,42,look_f0_s42_in22k_v5fix,last
ISIC_0027040,HAM_0004924,HAM_0004924,unknown,ham,5,False,5,0.008465236,0.005478081,0.005013719,0.064686656,0.007225069,0.86187655,0.04725478,0.021168385,,0.021168385,look,0,,42,look_f0_s42_in22k_v5fix,last
ISIC_0027041,HAM_0003049,HAM_0003049,60+,ham,2,False,2,0.012734755,0.001703101,0.918868,0.032851063,0.007558597,0.006837407,0.019447116,0.021996453,,0.021996453,look,0,,42,look_f0_s42_in22k_v5fix,last
ISIC_0027051,HAM_0006972,HAM_0006972,60+,ham,5,False,5,0.0094865095,0.0049612666,0.007108069,0.07152466,0.003863822,0.85211545,0.050940253,0.0183116,,0.0183116,look,0,,42,look_f0_s42_in22k_v5fix,last
ISIC_0027058,HAM_0005998,HAM_0005998,60+,ham,1,True,1,0.008272573,0.8495557,0.006161075,0.062764205,0.005086495,0.02677179,0.041388158,0.86291474,,0.86291474,look,0,,42,look_f0_s42_in22k_v5fix,last
ISIC_0027059,HAM_0007628,HAM_0007628,60+,ham,5,False,5,0.011320992,0.0061315056,0.006046854,0.07294518,0.0052015954,0.84638673,0.051967155,0.022654092,,0.022654092,look,0,,42,look_f0_s42_in22k_v5fix,last
ISIC_0027060,HAM_0002471,HAM_0002471,40-59,ham,4,True,4,0.010215115,0.0044806707,0.005566927,0.062131256,0.87024903,0.0063559995,0.041000955,0.8849448,,0.8849448,look,0,,42,look_f0_s42_in22k_v5fix,last
ISIC_0027082,HAM_0000816,HAM_0000816,40-59,ham,5,False,5,0.009115258,0.005078662,0.0067948997,0.06485291,0.0065033883,0.859668,0.04798693,0.020697309,,0.020697309,look,0,,42,look_f0_s42_in22k_v5fix,last
ISIC_0027101,HAM_0001835,HAM_0001835,60+,ham,4,True,4,0.01026583,0.0038406726,0.00405338,0.05665784,0.88173074,0.003603755,0.039847843,0.89583725,,0.89583725,look,0,,42,look_f0_s42_in22k_v5fix,last
ISIC_0027112,HAM_0004886,HAM_0004886,40-59,ham,5,False,5,0.010351933,0.00627376,0.009741782,0.06359189,0.0051008617,0.85427153,0.050668217,0.021726554,,0.021726554,look,0,,42,look_f0_s42_in22k_v5fix,last
ISIC_0027115,HAM_0007576,HAM_0007576,40-59,ham,5,False,5,0.008993929,0.0051668184,0.006266218,0.06785362,0.0056055766,0.86049247,0.045621328,0.019766323,,0.019766323,look,0,,42,look_f0_s42_in22k_v5fix,last
ISIC_0027116,HAM_0002656,HAM_0002656,40-59,ham,5,False,5,0.009524055,0.00554866,0.005840888,0.06810766,0.0068708463,0.8559654,0.048142474,0.021943562,,0.021943562,look,0,,42,look_f0_s42_in22k_v5fix,last
ISIC_0027117,HAM_0006351,HAM_0006351,60+,ham,1,True,5,0.015081749,0.17176385,0.0074648894,0.15429722,0.005420551,0.5287224,0.11724935,0.19226615,,0.19226615,look,0,,42,look_f0_s42_in22k_v5fix,last
ISIC_0027119,HAM_0007387,HAM_0007387,60+,ham,5,False,5,0.009359032,0.005384598,0.00662153,0.06769569,0.0056308075,0.8593591,0.045949202,0.020374438,,0.020374438,look,0,,42,look_f0_s42_in22k_v5fix,last
ISIC_0027121,HAM_0004941,HAM_0004941,<40,ham,5,False,5,0.009040706,0.006037484,0.0068076,0.06451979,0.00652953,0.8592136,0.047851257,0.02160772,,0.02160772,look,0,,42,look_f0_s42_in22k_v5fix,last
ISIC_0027135,HAM_0004388,HAM_0004388,60+,ham,1,True,1,0.009548713,0.89115703,0.0051712366,0.053410247,0.0033737083,0.0028620935,0.034477122,0.90407944,,0.90407944,look,0,,42,look_f0_s42_in22k_v5fix,last
ISIC_0027147,HAM_0000366,HAM_0000366,60+,ham,5,False,3,0.027416402,0.018413017,0.06500926,0.43558738,0.002663299,0.3706749,0.08023582,0.04849272,,0.04849272,look,0,,42,look_f0_s42_in22k_v5fix,last
ISIC_0027161,HAM_0005494,HAM_0005494,40-59,ham,5,False,5,0.011297626,0.0064508296,0.006780383,0.069832236,0.0056587663,0.8515405,0.04843963,0.023407223,,0.023407223,look,0,,42,look_f0_s42_in22k_v5fix,last
ISIC_0027163,HAM_0006964,HAM_0006964,60+,ham,4,True,4,0.009155493,0.005466833,0.008696018,0.06324693,0.8686726,0.0038701931,0.04089183,0.88329494,,0.88329494,look,0,,42,look_f0_s42_in22k_v5fix,last
ISIC_0027167,HAM_0003859,HAM_0003859,60+,ham,2,False,2,0.008585209,0.005124099,0.8901676,0.04964253,0.004913389,0.003519585,0.038047593,0.018622698,,0.018622698,look,0,,42,look_f0_s42_in22k_v5fix,last
ISIC_0027171,HAM_0002696,HAM_0002696,40-59,ham,4,True,5,0.008125724,0.005005597,0.006146518,0.07098564,0.050153397,0.8057147,0.05386837,0.06328472,,0.06328472,look,0,,42,look_f0_s42_in22k_v5fix,last
ISIC_0027173,HAM_0005472,HAM_0005472,40-59,ham,5,False,5,0.01045949,0.0063708876,0.006929654,0.07065334,0.006333797,0.84835714,0.050895654,0.023164174,,0.023164174,look,0,,42,look_f0_s42_in22k_v5fix,last
ISIC_0027179,HAM_0006061,HAM_0006061,60+,ham,4,True,4,0.006770215,0.00958662,0.006020053,0.10054489,0.7669154,0.05951631,0.05064656,0.7832722,,0.7832722,look,0,,42,look_f0_s42_in22k_v5fix,last
ISIC_0027182,HAM_0000172,HAM_0000172,40-59,ham,5,False,5,0.010348922,0.0067390096,0.0068380707,0.067846574,0.007374644,0.85363185,0.047220916,0.024462575,,0.024462575,look,0,,42,look_f0_s42_in22k_v5fix,last
ISIC_0027192,HAM_0001024,HAM_0001024,40-59,ham,2,False,2,0.016184919,0.002815168,0.6970765,0.061560795,0.031638794,0.13976014,0.05096369,0.05063888,,0.05063888,look,0,,42,look_f0_s42_in22k_v5fix,last
ISIC_0027202,HAM_0001011,HAM_0001011,40-59,ham,2,False,2,0.005965523,0.00429411,0.91390353,0.0421795,0.003051922,0.0036869124,0.02691854,0.013311555,,0.013311555,look,0,,42,look_f0_s42_in22k_v5fix,last
ISIC_0027203,HAM_0000287,HAM_0000287,60+,ham,5,False,5,0.008407274,0.003022513,0.0053209313,0.058548585,0.062445335,0.8209431,0.04131215,0.07387512,,0.07387512,look,0,,42,look_f0_s42_in22k_v5fix,last
ISIC_0027226,HAM_0000342,HAM_0000342,60+,ham,5,False,5,0.030217346,0.005809426,0.014675564,0.08578367,0.013141805,0.786352,0.06402016,0.04916858,,0.04916858,look,0,,42,look_f0_s42_in22k_v5fix,last
ISIC_0027228,HAM_0001972,HAM_0001972,60+,ham,5,False,5,0.01057953,0.0058028093,0.005389474,0.06373535,0.004644054,0.8632978,0.046550907,0.021026395,,0.021026395,look,0,,42,look_f0_s42_in22k_v5fix,last
ISIC_0027234,HAM_0005681,HAM_0005681,60+,ham,4,True,4,0.007980752,0.0062206513,0.0068062157,0.06434996,0.86547375,0.0053145853,0.043854043,0.87967515,,0.87967515,look,0,,42,look_f0_s42_in22k_v5fix,last
ISIC_0027242,HAM_0003578,HAM_0003578,40-59,ham,5,False,5,0.011007787,0.0071757813,0.03980598,0.07072223,0.009393298,0.8071273,0.054767665,0.027576867,,0.027576867,look,0,,42,look_f0_s42_in22k_v5fix,last
ISIC_0027248,HAM_0004830,HAM_0004830,<40,ham,5,False,5,0.026591726,0.004572544,0.0034394534,0.065784745,0.013255818,0.83925015,0.047105595,0.044420086,,0.044420086,look,0,,42,look_f0_s42_in22k_v5fix,last
ISIC_0027257,HAM_0005816,HAM_0005816,40-59,ham,5,False,5,0.01033344,0.0059472043,0.0055592363,0.07158712,0.0060643665,0.848589,0.05191968,0.02234501,,0.02234501,look,0,,42,look_f0_s42_in22k_v5fix,last
ISIC_0027267,HAM_0002870,HAM_0002870,40-59,ham,5,False,5,0.009342369,0.005812427,0.0060097226,0.06943401,0.0068181846,0.8536946,0.048888694,0.02197298,,0.02197298,look,0,,42,look_f0_s42_in22k_v5fix,last
ISIC_0027271,HAM_0006757,HAM_0006757,40-59,ham,5,False,0,0.54015195,0.0057456363,0.008862893,0.07742887,0.27780548,0.027614128,0.06239102,0.82370305,,0.82370305,look,0,,42,look_f0_s42_in22k_v5fix,last
ISIC_0027276,HAM_0000649,HAM_0000649,40-59,ham,5,False,5,0.011376801,0.00646904,0.0065015694,0.066333316,0.005241347,0.8566083,0.04746964,0.023087189,,0.023087189,look,0,,42,look_f0_s42_in22k_v5fix,last
ISIC_0027284,HAM_0006108,HAM_0006108,<40,ham,5,False,5,0.009360304,0.005957061,0.009461861,0.069441296,0.0066141384,0.84811,0.051055275,0.021931503,,0.021931503,look,0,,42,look_f0_s42_in22k_v5fix,last
ISIC_0027292,HAM_0006460,HAM_0006460,60+,ham,5,False,5,0.010883237,0.0070187324,0.0068401266,0.07101502,0.0050930055,0.8486073,0.05054255,0.022994976,,0.022994976,look,0,,42,look_f0_s42_in22k_v5fix,last
ISIC_0027293,HAM_0004775,HAM_0004775,<40,ham,5,False,5,0.00939077,0.004043676,0.004953832,0.061915636,0.006204854,0.8675515,0.04593981,0.0196393,,0.0196393,look,0,,42,look_f0_s42_in22k_v5fix,last
ISIC_0027316,HAM_0004437,HAM_0004437,40-59,ham,5,False,5,0.010669078,0.007755796,0.006828551,0.06893275,0.00572483,0.8498695,0.05021953,0.024149705,,0.024149705,look,0,,42,look_f0_s42_in22k_v5fix,last
ISIC_0027338,HAM_0000163,HAM_0000163,60+,ham,5,False,5,0.008732064,0.005474163,0.0062390547,0.06318375,0.0070151994,0.8611284,0.04822743,0.021221425,,0.021221425,look,0,,42,look_f0_s42_in22k_v5fix,last
ISIC_0027352,HAM_0003683,HAM_0003683,60+,ham,4,True,5,0.01070404,0.0059577455,0.0040147,0.06558197,0.01875381,0.8424017,0.052586123,0.035415597,,0.035415597,look,0,,42,look_f0_s42_in22k_v5fix,last
ISIC_0027357,HAM_0004540,HAM_0004540,40-59,ham,5,False,5,0.010269353,0.005812073,0.0057615684,0.06614073,0.005593007,0.8590994,0.047323883,0.021674434,,0.021674434,look,0,,42,look_f0_s42_in22k_v5fix,last
ISIC_0027375,HAM_0005349,HAM_0005349,40-59,ham,5,False,5,0.011892789,0.0065300423,0.007662172,0.0643558,0.006182732,0.8577483,0.04562806,0.024605563,,0.024605563,look,0,,42,look_f0_s42_in22k_v5fix,last
ISIC_0027385,HAM_0004455,HAM_0004455,<40,ham,6,False,6,0.0013327954,0.0009167238,0.00079084776,0.008383867,0.0012538085,0.0009450042,0.98637694,0.0035033277,,0.0035033277,look,0,,42,look_f0_s42_in22k_v5fix,last
ISIC_0027386,HAM_0001724,HAM_0001724,40-59,ham,5,False,5,0.009751034,0.005576778,0.0058683734,0.061715797,0.006587923,0.8656826,0.04481751,0.021915736,,0.021915736,look,0,,42,look_f0_s42_in22k_v5fix,last
ISIC_0027399,HAM_0000935,HAM_0000935,40-59,ham,5,False,5,0.009595738,0.0060708523,0.0053226617,0.06442414,0.0060748886,0.8623033,0.04620849,0.021741478,,0.021741478,look,0,,42,look_f0_s42_in22k_v5fix,last
ISIC_0027408,HAM_0001696,HAM_0001696,60+,ham,5,False,4,0.0076784384,0.006603285,0.009758651,0.05435652,0.86364603,0.019162465,0.038794577,0.8779278,,0.8779278,look,0,,42,look_f0_s42_in22k_v5fix,last
ISIC_0027414,HAM_0000620,HAM_0000620,<40,ham,5,False,5,0.009100982,0.0062060724,0.0064606774,0.06412251,0.0059442,0.8627322,0.045433316,0.021251254,,0.021251254,look,0,,42,look_f0_s42_in22k_v5fix,last
ISIC_0027419,HAM_0000118,HAM_0000118,60+,ham,2,False,2,0.006858215,0.0059554586,0.90550125,0.046455156,0.004117856,0.0027824438,0.028329672,0.01693153,,0.01693153,look,0,,42,look_f0_s42_in22k_v5fix,last
ISIC_0027423,HAM_0001157,HAM_0001157,60+,ham,5,False,5,0.01773384,0.009587317,0.00715802,0.08057691,0.0027088148,0.82951975,0.05271528,0.030029971,,0.030029971,look,0,,42,look_f0_s42_in22k_v5fix,last
ISIC_0027425,HAM_0007346,HAM_0007346,60+,ham,1,True,5,0.026220307,0.024964452,0.040759332,0.09527126,0.0021018186,0.731565,0.079117864,0.05328658,,0.05328658,look,0,,42,look_f0_s42_in22k_v5fix,last
ISIC_0027426,HAM_0004381,HAM_0004381,40-59,ham,5,False,5,0.00847741,0.0057343603,0.00647706,0.06619854,0.005000613,0.86168087,0.046431117,0.019212384,,0.019212384,look,0,,42,look_f0_s42_in22k_v5fix,last
ISIC_0027445,HAM_0007399,HAM_0007399,40-59,ham,5,False,5,0.008666742,0.0052079707,0.0058743116,0.06561224,0.005351805,0.86220485,0.04708206,0.019226518,,0.019226518,look,0,,42,look_f0_s42_in22k_v5fix,last
ISIC_0027448,HAM_0003963,HAM_0003963,40-59,ham,5,False,5,0.010687331,0.006278816,0.0059971223,0.070715986,0.006145394,0.8495603,0.050615057,0.02311154,,0.02311154,look,0,,42,look_f0_s42_in22k_v5fix,last
ISIC_0027452,HAM_0004033,HAM_0004033,60+,ham,0,True,0,0.29167616,0.0037683118,0.27306798,0.16278616,0.1513769,0.005277067,0.11204742,0.4468214,,0.4468214,look,0,,42,look_f0_s42_in22k_v5fix,last
ISIC_0027454,HAM_0000245,HAM_0000245,60+,ham,2,False,2,0.004253112,0.0041910806,0.9143204,0.031794928,0.002161728,0.010739188,0.032539673,0.01060592,,0.01060592,look,0,,42,look_f0_s42_in22k_v5fix,last
ISIC_0027460,HAM_0000137,HAM_0000137,40-59,ham,5,False,5,0.011839481,0.0068551567,0.006407139,0.067538194,0.0048932293,0.85156554,0.050901167,0.023587868,,0.023587868,look,0,,42,look_f0_s42_in22k_v5fix,last
ISIC_0027475,HAM_0004656,HAM_0004656,40-59,ham,5,False,5,0.010553281,0.006392954,0.0059634964,0.06413151,0.0059481943,0.8593555,0.047655053,0.022894427,,0.022894427,look,0,,42,look_f0_s42_in22k_v5fix,last
ISIC_0027482,HAM_0001502,HAM_0001502,40-59,ham,5,False,5,0.0092208125,0.0055059907,0.005983221,0.06760585,0.0064561283,0.855675,0.04955294,0.021182932,,0.021182932,look,0,,42,look_f0_s42_in22k_v5fix,last
ISIC_0027497,HAM_0004699,HAM_0004699,<40,ham,5,False,5,0.007380543,0.005131583,0.006264678,0.05952017,0.01293767,0.86175406,0.047011174,0.025449796,,0.025449796,look,0,,42,look_f0_s42_in22k_v5fix,last
ISIC_0027504,HAM_0004660,HAM_0004660,60+,ham,2,False,2,0.011935506,0.006481132,0.89926195,0.04268384,0.001746293,0.0031438791,0.034747377,0.02016293,,0.02016293,look,0,,42,look_f0_s42_in22k_v5fix,last
ISIC_0027540,HAM_0005910,HAM_0005910,60+,ham,5,False,4,0.007850528,0.0059834924,0.0042031896,0.053030286,0.88141334,0.0076948055,0.039824355,0.89524734,,0.89524734,look,0,,42,look_f0_s42_in22k_v5fix,last
ISIC_0027541,HAM_0007254,HAM_0007254,40-59,ham,5,False,5,0.00939283,0.0055300314,0.0061457246,0.06612714,0.006689315,0.85751903,0.048595987,0.021612177,,0.021612177,look,0,,42,look_f0_s42_in22k_v5fix,last
ISIC_0027556,HAM_0005916,HAM_0005916,40-59,ham,5,False,5,0.012037477,0.007952228,0.007304355,0.06930739,0.006342267,0.84630936,0.050747033,0.026331974,,0.026331974,look,0,,42,look_f0_s42_in22k_v5fix,last
ISIC_0027559,HAM_0004768,HAM_0004768,<40,ham,2,False,2,0.008166238,0.006486936,0.89461434,0.04872914,0.0036578698,0.0029128627,0.035432596,0.018311044,,0.018311044,look,0,,42,look_f0_s42_in22k_v5fix,last
ISIC_0027560,HAM_0003885,HAM_0003885,<40,ham,4,True,4,0.007772439,0.00926226,0.0065509942,0.076353885,0.8508408,0.0042489613,0.04497063,0.8678755,,0.8678755,look,0,,42,look_f0_s42_in22k_v5fix,last
ISIC_0027564,HAM_0004826,HAM_0004826,40-59,ham,5,False,5,0.009570508,0.0067535373,0.006219669,0.07019402,0.007773696,0.847426,0.05206259,0.02409774,,0.02409774,look,0,,42,look_f0_s42_in22k_v5fix,last
ISIC_0027565,HAM_0004733,HAM_0004733,40-59,ham,5,False,5,0.010497789,0.0072932127,0.0055327956,0.0666913,0.0042588688,0.85905874,0.046667308,0.02204987,,0.02204987,look,0,,42,look_f0_s42_in22k_v5fix,last
ISIC_0027567,HAM_0004830,HAM_0004830,<40,ham,5,False,5,0.01413626,0.005387046,0.0050011277,0.06929924,0.014078497,0.8399182,0.05217965,0.0336018,,0.0336018,look,0,,42,look_f0_s42_in22k_v5fix,last
ISIC_0027574,HAM_0005794,HAM_0005794,<40,ham,5,False,5,0.01335708,0.0052120397,0.007950993,0.07124608,0.0038525402,0.8462348,0.052146498,0.02242166,,0.02242166,look,0,,42,look_f0_s42_in22k_v5fix,last
ISIC_0027581,HAM_0005205,HAM_0005205,<40,ham,5,False,5,0.0115736695,0.0073137227,0.006046359,0.064874,0.0062480317,0.85556746,0.04837677,0.025135424,,0.025135424,look,0,,42,look_f0_s42_in22k_v5fix,last
ISIC_0027587,HAM_0003907,HAM_0003907,60+,ham,5,False,5,0.010026888,0.005758336,0.0055722967,0.06827305,0.0055774404,0.85697645,0.0478156,0.021362666,,0.021362666,look,0,,42,look_f0_s42_in22k_v5fix,last
ISIC_0027591,HAM_0001614,HAM_0001614,40-59,ham,5,False,5,0.010005998,0.005472269,0.006093897,0.065991014,0.0074901762,0.856896,0.048050653,0.022968443,,0.022968443,look,0,,42,look_f0_s42_in22k_v5fix,last
ISIC_0027594,HAM_0006933,HAM_0006933,40-59,ham,5,False,5,0.009754687,0.0061129457,0.005667438,0.0662252,0.0050451,0.85849476,0.048699986,0.020912733,,0.020912733,look,0,,42,look_f0_s42_in22k_v5fix,last
ISIC_0027595,HAM_0006624,HAM_0006624,40-59,ham,1,True,1,0.009191666,0.8827736,0.006588725,0.05193541,0.007832898,0.007885393,0.033792373,0.89979815,,0.89979815,look,0,,42,look_f0_s42_in22k_v5fix,last
ISIC_0027600,HAM_0001959,HAM_0001959,40-59,ham,5,False,5,0.010101667,0.0063927746,0.0064698826,0.068474896,0.006277809,0.85341156,0.048871428,0.02277225,,0.02277225,look,0,,42,look_f0_s42_in22k_v5fix,last
ISIC_0027601,HAM_0005842,HAM_0005842,60+,ham,1,True,1,0.009039107,0.87816685,0.0047629676,0.057375252,0.0046525584,0.004036775,0.041966423,0.8918585,,0.8918585,look,0,,42,look_f0_s42_in22k_v5fix,last
ISIC_0027610,HAM_0006996,HAM_0006996,40-59,ham,5,False,5,0.009475138,0.0060946043,0.0069241975,0.06524507,0.0067575774,0.8595803,0.0459231,0.02232732,,0.02232732,look,0,,42,look_f0_s42_in22k_v5fix,last
ISIC_0027623,HAM_0005907,HAM_0005907,<40,ham,5,False,5,0.015562876,0.007769688,0.0067008864,0.09773811,0.1258978,0.6736243,0.07270634,0.14923036,,0.14923036,look,0,,42,look_f0_s42_in22k_v5fix,last
ISIC_0027624,HAM_0006256,HAM_0006256,40-59,ham,5,False,5,0.010211922,0.0061094644,0.005961181,0.068954594,0.0062598423,0.8519867,0.050516345,0.022581229,,0.022581229,look,0,,42,look_f0_s42_in22k_v5fix,last
ISIC_0027636,HAM_0001109,HAM_0001109,60+,ham,5,False,5,0.009871753,0.004711297,0.0067977714,0.067186825,0.006575563,0.8513056,0.053551193,0.021158613,,0.021158613,look,0,,42,look_f0_s42_in22k_v5fix,last
ISIC_0027637,HAM_0002614,HAM_0002614,60+,ham,5,False,5,0.010755238,0.0064668623,0.006966085,0.070233814,0.006473857,0.85273945,0.046364684,0.023695957,,0.023695957,look,0,,42,look_f0_s42_in22k_v5fix,last
ISIC_0027639,HAM_0000204,HAM_0000204,40-59,ham,5,False,4,0.0076212776,0.005175018,0.012844747,0.052509535,0.77337545,0.11000788,0.038466122,0.78617173,,0.78617173,look,0,,42,look_f0_s42_in22k_v5fix,last
ISIC_0027644,HAM_0001107,HAM_0001107,40-59,ham,5,False,5,0.008061849,0.0053225714,0.006812618,0.06866412,0.0038050856,0.85879385,0.04853997,0.017189506,,0.017189506,look,0,,42,look_f0_s42_in22k_v5fix,last
ISIC_0027658,HAM_0000222,HAM_0000222,<40,ham,5,False,5,0.008149424,0.008240597,0.0058938432,0.075785734,0.0131039815,0.8281257,0.060700707,0.029494002,,0.029494002,look,0,,42,look_f0_s42_in22k_v5fix,last
ISIC_0027661,HAM_0002414,HAM_0002414,<40,ham,5,False,5,0.009568652,0.0066248765,0.007057375,0.06594253,0.0056128427,0.85947573,0.045717914,0.02180637,,0.02180637,look,0,,42,look_f0_s42_in22k_v5fix,last
ISIC_0027663,HAM_0006355,HAM_0006355,40-59,ham,4,True,5,0.053192288,0.0036186674,0.004646946,0.092998646,0.102624916,0.6874222,0.055496242,0.15943587,,0.15943587,look,0,,42,look_f0_s42_in22k_v5fix,last
ISIC_0027669,HAM_0002711,HAM_0002711,60+,ham,4,True,4,0.0047330856,0.0028764987,0.004841378,0.047631968,0.90064484,0.010241924,0.029030325,0.90825444,,0.90825444,look,0,,42,look_f0_s42_in22k_v5fix,last
ISIC_0027674,HAM_0003378,HAM_0003378,40-59,ham,5,False,5,0.010810257,0.00734859,0.007093574,0.069170885,0.006430025,0.849233,0.049913667,0.024588872,,0.024588872,look,0,,42,look_f0_s42_in22k_v5fix,last
ISIC_0027686,HAM_0002673,HAM_0002673,40-59,ham,5,False,5,0.011033535,0.0061335014,0.0051856753,0.070220836,0.0037570782,0.85248643,0.05118283,0.020924114,,0.020924114,look,0,,42,look_f0_s42_in22k_v5fix,last
ISIC_0027701,HAM_0005653,HAM_0005653,40-59,ham,5,False,5,0.011642519,0.007888206,0.006991497,0.07133442,0.005648883,0.8462444,0.050250076,0.025179608,,0.025179608,look,0,,42,look_f0_s42_in22k_v5fix,last
ISIC_0027702,HAM_0006004,HAM_0006004,60+,ham,4,True,4,0.009078105,0.0059711197,0.07381875,0.095976494,0.7444344,0.0047348156,0.06598626,0.75948364,,0.75948364,look,0,,42,look_f0_s42_in22k_v5fix,last
ISIC_0027703,HAM_0001049,HAM_0001049,40-59,ham,5,False,5,0.008338868,0.0055667674,0.009142442,0.065428026,0.003946622,0.8624323,0.045145046,0.017852258,,0.017852258,look,0,,42,look_f0_s42_in22k_v5fix,last
ISIC_0027716,HAM_0004611,HAM_0004611,40-59,ham,5,False,5,0.009373043,0.005606103,0.005497446,0.06372328,0.00594571,0.86499757,0.044856902,0.020924857,,0.020924857,look,0,,42,look_f0_s42_in22k_v5fix,last
ISIC_0027729,HAM_0006936,HAM_0006936,<40,ham,5,False,5,0.008031437,0.005958362,0.0062622544,0.062313113,0.011951752,0.86034435,0.045138706,0.02594155,,0.02594155,look,0,,42,look_f0_s42_in22k_v5fix,last
ISIC_0027740,HAM_0003397,HAM_0003397,40-59,ham,5,False,5,0.0126361,0.009106623,0.0072274255,0.07130369,0.006673257,0.8455271,0.04752587,0.028415982,,0.028415982,look,0,,42,look_f0_s42_in22k_v5fix,last
ISIC_0027743,HAM_0004591,HAM_0004591,40-59,ham,5,False,5,0.010406233,0.0058166627,0.0061918194,0.066465825,0.0070058773,0.8536986,0.050414916,0.023228774,,0.023228774,look,0,,42,look_f0_s42_in22k_v5fix,last
ISIC_0027751,HAM_0000143,HAM_0000143,<40,ham,5,False,5,0.012738897,0.0077004544,0.005297017,0.071417,0.0029582195,0.85427666,0.045611795,0.023397572,,0.023397572,look,0,,42,look_f0_s42_in22k_v5fix,last
ISIC_0027754,HAM_0002535,HAM_0002535,40-59,ham,2,False,4,0.25405857,0.06581414,0.07719076,0.1128694,0.40805903,0.0066541457,0.07535395,0.72793174,,0.72793174,look,0,,42,look_f0_s42_in22k_v5fix,last
ISIC_0027774,HAM_0004970,HAM_0004970,60+,ham,1,True,1,0.0052517876,0.86264205,0.011634211,0.05451445,0.011121629,0.0128380945,0.041997816,0.87901545,,0.87901545,look,0,,42,look_f0_s42_in22k_v5fix,last
ISIC_0027780,HAM_0007332,HAM_0007332,60+,ham,2,False,2,0.013179531,0.005048464,0.8952863,0.042115353,0.005771655,0.0021377224,0.036460992,0.02399965,,0.02399965,look,0,,42,look_f0_s42_in22k_v5fix,last
ISIC_0027781,HAM_0005693,HAM_0005693,60+,ham,2,False,5,0.013968705,0.008938535,0.09262564,0.069533326,0.019495014,0.7510312,0.04440754,0.042402253,,0.042402253,look,0,,42,look_f0_s42_in22k_v5fix,last
ISIC_0027782,HAM_0006043,HAM_0006043,40-59,ham,5,False,5,0.009529677,0.005326362,0.0048621953,0.07001796,0.0053930935,0.8553144,0.04955633,0.020249132,,0.020249132,look,0,,42,look_f0_s42_in22k_v5fix,last
ISIC_0027787,HAM_0004220,HAM_0004220,40-59,ham,5,False,5,0.014337696,0.00821458,0.007937087,0.068959706,0.0046943435,0.8474906,0.048366,0.02724662,,0.02724662,look,0,,42,look_f0_s42_in22k_v5fix,last
ISIC_0027789,HAM_0003415,HAM_0003415,40-59,ham,5,False,5,0.0072377897,0.004739235,0.007958019,0.061097544,0.002668698,0.86885786,0.04744082,0.014645723,,0.014645723,look,0,,42,look_f0_s42_in22k_v5fix,last
ISIC_0027796,HAM_0000745,HAM_0000745,60+,ham,2,False,5,0.0061033177,0.0053601386,0.012953754,0.059442837,0.0025173128,0.8676037,0.046018843,0.013980769,,0.013980769,look,0,,42,look_f0_s42_in22k_v5fix,last
ISIC_0027799,HAM_0000654,HAM_0000654,40-59,ham,5,False,5,0.010934026,0.0060851537,0.0058363876,0.07059481,0.004979301,0.851018,0.050552372,0.02199848,,0.02199848,look,0,,42,look_f0_s42_in22k_v5fix,last
ISIC_0027810,HAM_0000047,HAM_0000047,40-59,ham,5,False,5,0.009908187,0.0064459234,0.0058957348,0.06613085,0.005378487,0.8568143,0.04942638,0.021732597,,0.021732597,look,0,,42,look_f0_s42_in22k_v5fix,last
ISIC_0027813,HAM_0007153,HAM_0007153,40-59,ham,5,False,5,0.011046532,0.0069965897,0.0065962668,0.06705634,0.006822089,0.8533323,0.048150014,0.02486521,,0.02486521,look,0,,42,look_f0_s42_in22k_v5fix,last
ISIC_0027826,HAM_0005278,HAM_0005278,60+,ham,2,False,2,0.0029477112,0.0039712875,0.9097258,0.038589597,0.007493823,0.0027696916,0.034501992,0.014412821,,0.014412821,look,0,,42,look_f0_s42_in22k_v5fix,last
ISIC_0027827,HAM_0006608,HAM_0006608,60+,ham,5,False,5,0.0074514984,0.007381206,0.0076307664,0.06839639,0.016787883,0.8468848,0.045467388,0.03162059,,0.03162059,look,0,,42,look_f0_s42_in22k_v5fix,last
ISIC_0027833,HAM_0003461,HAM_0003461,40-59,ham,5,False,5,0.0146630155,0.0072963047,0.0058876905,0.07471439,0.003101762,0.84487575,0.049461026,0.025061082,,0.025061082,look,0,,42,look_f0_s42_in22k_v5fix,last
ISIC_0027835,HAM_0007126,HAM_0007126,<40,ham,5,False,5,0.009014337,0.0053107883,0.005911896,0.06937318,0.0062712054,0.8562979,0.047820695,0.020596331,,0.020596331,look,0,,42,look_f0_s42_in22k_v5fix,last
ISIC_0027837,HAM_0002476,HAM_0002476,<40,ham,5,False,5,0.009662272,0.0056683407,0.0054977257,0.06827964,0.005125949,0.8519212,0.05384496,0.020456562,,0.020456562,look,0,,42,look_f0_s42_in22k_v5fix,last
ISIC_0027856,HAM_0007118,HAM_0007118,40-59,ham,6,False,6,0.0014160902,0.0007883176,0.00092985603,0.007070913,0.00059707137,0.00018355678,0.9890142,0.002801479,,0.002801479,look,0,,42,look_f0_s42_in22k_v5fix,last
ISIC_0027863,HAM_0000320,HAM_0000320,40-59,ham,4,True,4,0.0069867875,0.006055964,0.008675616,0.05860963,0.8745137,0.004734188,0.040424183,0.88755643,,0.88755643,look,0,,42,look_f0_s42_in22k_v5fix,last
ISIC_0027865,HAM_0000393,HAM_0000393,40-59,ham,1,True,1,0.006848333,0.87962186,0.0049182577,0.05607643,0.0031731047,0.0064321067,0.042929944,0.8896433,,0.8896433,look,0,,42,look_f0_s42_in22k_v5fix,last
ISIC_0027883,HAM_0001737,HAM_0001737,60+,ham,5,False,4,0.007999572,0.0039679576,0.007813659,0.07267082,0.45130435,0.40562135,0.050622273,0.4632719,,0.4632719,look,0,,42,look_f0_s42_in22k_v5fix,last
ISIC_0027886,HAM_0000003,HAM_0000003,40-59,ham,5,False,5,0.010220915,0.006045288,0.00646631,0.065589525,0.0056510367,0.8571397,0.048887186,0.021917239,,0.021917239,look,0,,42,look_f0_s42_in22k_v5fix,last
ISIC_0027888,HAM_0004409,HAM_0004409,40-59,ham,6,False,6,0.0006325459,0.00028827853,0.00047358312,0.005805866,0.00018501573,0.00026127484,0.9923535,0.0011058402,,0.0011058402,look,0,,42,look_f0_s42_in22k_v5fix,last
ISIC_0027902,HAM_0000342,HAM_0000342,60+,ham,5,False,5,0.023332866,0.00578334,0.012417636,0.07867571,0.012728598,0.80933666,0.057725184,0.041844804,,0.041844804,look,0,,42,look_f0_s42_in22k_v5fix,last
ISIC_0027907,HAM_0007606,HAM_0007606,60+,ham,5,False,4,0.005683619,0.003994845,0.0037154073,0.053298328,0.8554807,0.038031932,0.03979523,0.86515915,,0.86515915,look,0,,42,look_f0_s42_in22k_v5fix,last
ISIC_0027910,HAM_0001670,HAM_0001670,<40,ham,5,False,5,0.010080305,0.006075793,0.007975009,0.062559895,0.0055833096,0.8621381,0.04558762,0.021739408,,0.021739408,look,0,,42,look_f0_s42_in22k_v5fix,last
ISIC_0027939,HAM_0002741,HAM_0002741,40-59,ham,5,False,5,0.010842684,0.007344006,0.0072536576,0.06855905,0.006379479,0.8489938,0.050627224,0.02456617,,0.02456617,look,0,,42,look_f0_s42_in22k_v5fix,last
ISIC_0027949,HAM_0002087,HAM_0002087,60+,ham,5,False,4,0.018763835,0.0027873865,0.015467372,0.04890742,0.8616922,0.022135505,0.030246258,0.88324344,,0.88324344,look,0,,42,look_f0_s42_in22k_v5fix,last
ISIC_0027965,HAM_0003784,HAM_0003784,40-59,ham,5,False,5,0.008802035,0.005818861,0.0061601843,0.06535305,0.005112783,0.86121255,0.047540616,0.019733679,,0.019733679,look,0,,42,look_f0_s42_in22k_v5fix,last
ISIC_0027975,HAM_0002799,HAM_0002799,<40,ham,5,False,5,0.0105565125,0.0057074665,0.0063995644,0.070333846,0.0063270708,0.84704334,0.05363228,0.022591049,,0.022591049,look,0,,42,look_f0_s42_in22k_v5fix,last
ISIC_0027976,HAM_0004342,HAM_0004342,60+,ham,1,True,1,0.008405636,0.8909526,0.005590549,0.0520812,0.0046986653,0.0031929659,0.03507842,0.9040569,,0.9040569,look,0,,42,look_f0_s42_in22k_v5fix,last
ISIC_0027986,HAM_0003725,HAM_0003725,<40,ham,5,False,5,0.0108475415,0.0070771566,0.0062538674,0.07030405,0.0037522009,0.8521693,0.0495959,0.021676898,,0.021676898,look,0,,42,look_f0_s42_in22k_v5fix,last
ISIC_0027992,HAM_0004451,HAM_0004451,40-59,ham,5,False,5,0.0093777655,0.0057489923,0.0058173533,0.06562005,0.0042891204,0.86461765,0.044529077,0.019415878,,0.019415878,look,0,,42,look_f0_s42_in22k_v5fix,last
ISIC_0028014,HAM_0005696,HAM_0005696,<40,ham,5,False,5,0.013667986,0.008818951,0.0071808486,0.07560683,0.00592422,0.837726,0.051075123,0.028411157,,0.028411157,look,0,,42,look_f0_s42_in22k_v5fix,last
ISIC_0028016,HAM_0005664,HAM_0005664,40-59,ham,5,False,5,0.0030988061,0.0030976406,0.0035664472,0.2990538,0.001342021,0.6607638,0.02907742,0.0075384676,,0.0075384676,look,0,,42,look_f0_s42_in22k_v5fix,last
ISIC_0028020,HAM_0003090,HAM_0003090,40-59,ham,2,False,2,0.014476839,0.0034113752,0.90316546,0.043493524,0.0026357146,0.0017994638,0.03101754,0.020523928,,0.020523928,look,0,,42,look_f0_s42_in22k_v5fix,last
ISIC_0028023,HAM_0002025,HAM_0002025,<40,ham,5,False,5,0.0101455655,0.004911449,0.0051585403,0.06663369,0.0034902382,0.8637085,0.045952033,0.018547252,,0.018547252,look,0,,42,look_f0_s42_in22k_v5fix,last
ISIC_0028034,HAM_0005753,HAM_0005753,40-59,ham,5,False,5,0.010901269,0.0073992163,0.0075732865,0.06949136,0.005495488,0.85016525,0.048974138,0.023795974,,0.023795974,look,0,,42,look_f0_s42_in22k_v5fix,last
ISIC_0028036,HAM_0000084,HAM_0000084,60+,ham,5,False,5,0.01034969,0.0055263424,0.010629917,0.06048833,0.0038135052,0.8654994,0.04369277,0.019689538,,0.019689538,look,0,,42,look_f0_s42_in22k_v5fix,last
ISIC_0028040,HAM_0001463,HAM_0001463,<40,ham,5,False,5,0.011518586,0.0074677174,0.0071537984,0.07252179,0.0067200963,0.8430152,0.051602893,0.0257064,,0.0257064,look,0,,42,look_f0_s42_in22k_v5fix,last
ISIC_0028050,HAM_0003191,HAM_0003191,60+,ham,1,True,0,0.9525813,0.010547633,0.0061731967,0.016838891,0.0005905166,0.0014978768,0.011770664,0.9637194,,0.9637194,look,0,,42,look_f0_s42_in22k_v5fix,last
ISIC_0028053,HAM_0002237,HAM_0002237,40-59,ham,5,False,5,0.009694996,0.0056552053,0.0053728935,0.070232615,0.005872685,0.84951144,0.053660076,0.021222888,,0.021222888,look,0,,42,look_f0_s42_in22k_v5fix,last
ISIC_0028056,HAM_0004979,HAM_0004979,60+,ham,4,True,5,0.023535818,0.0022661567,0.022565845,0.07026884,0.068651155,0.7541864,0.0585258,0.094453126,,0.094453126,look,0,,42,look_f0_s42_in22k_v5fix,last
ISIC_0028069,HAM_0001811,HAM_0001811,<40,ham,4,True,5,0.011320698,0.0058870944,0.007577599,0.06893106,0.008700658,0.8506904,0.04689253,0.02590845,,0.02590845,look,0,,42,look_f0_s42_in22k_v5fix,last
ISIC_0028081,HAM_0000086,HAM_0000086,40-59,ham,5,False,5,0.010745943,0.0062280977,0.0069941822,0.06668095,0.0053666956,0.859491,0.04449312,0.022340735,,0.022340735,look,0,,42,look_f0_s42_in22k_v5fix,last
ISIC_0028082,HAM_0006037,HAM_0006037,40-59,ham,4,True,4,0.011021853,0.0075884303,0.0045955386,0.055644754,0.87652427,0.0026419826,0.04198313,0.89513457,,0.89513457,look,0,,42,look_f0_s42_in22k_v5fix,last
ISIC_0028091,HAM_0002025,HAM_0002025,<40,ham,5,False,5,0.009189501,0.0051383865,0.0053653773,0.06646903,0.011391434,0.85272026,0.049725994,0.025719322,,0.025719322,look,0,,42,look_f0_s42_in22k_v5fix,last
ISIC_0028092,HAM_0006039,HAM_0006039,60+,ham,5,False,5,0.008627814,0.0048375153,0.004597009,0.070666514,0.013374252,0.84710705,0.050789915,0.026839582,,0.026839582,look,0,,42,look_f0_s42_in22k_v5fix,last
ISIC_0028103,HAM_0002338,HAM_0002338,60+,ham,4,True,2,0.0014656836,0.0022267988,0.9077242,0.033524685,0.026478024,0.0026176446,0.02596294,0.030170506,,0.030170506,look,0,,42,look_f0_s42_in22k_v5fix,last
ISIC_0028105,HAM_0005397,HAM_0005397,<40,ham,5,False,5,0.0086497385,0.0059730937,0.005782338,0.06986905,0.00524994,0.85447764,0.049998235,0.019872772,,0.019872772,look,0,,42,look_f0_s42_in22k_v5fix,last
ISIC_0028120,HAM_0001055,HAM_0001055,60+,ham,2,False,2,0.0056704604,0.004539616,0.84061193,0.058538254,0.0053271484,0.043113343,0.042199206,0.015537225,,0.015537225,look,0,,42,look_f0_s42_in22k_v5fix,last
ISIC_0028121,HAM_0004389,HAM_0004389,60+,ham,2,False,2,0.018446382,0.0056984266,0.8222248,0.09166113,0.022084968,0.00055908127,0.03932526,0.04622978,,0.04622978,look,0,,42,look_f0_s42_in22k_v5fix,last
ISIC_0028123,HAM_0004556,HAM_0004556,60+,ham,2,False,2,0.0045853932,0.00756146,0.87751955,0.059119392,0.008302884,0.0055398927,0.037371393,0.020449737,,0.020449737,look,0,,42,look_f0_s42_in22k_v5fix,last
ISIC_0028127,HAM_0005911,HAM_0005911,60+,ham,4,True,4,0.007295193,0.0045364,0.004028777,0.059189204,0.87651676,0.0035479346,0.04488572,0.88834834,,0.88834834,look,0,,42,look_f0_s42_in22k_v5fix,last
ISIC_0028132,HAM_0005413,HAM_0005413,60+,ham,0,True,1,0.026447684,0.87482256,0.003714496,0.048491493,0.003139977,0.0032234865,0.04016034,0.90441024,,0.90441024,look,0,,42,look_f0_s42_in22k_v5fix,last
ISIC_0028137,HAM_0006416,HAM_0006416,<40,ham,5,False,5,0.0096680345,0.005303201,0.0057633375,0.06640429,0.0046382383,0.85995346,0.048269507,0.019609474,,0.019609474,look,0,,42,look_f0_s42_in22k_v5fix,last
ISIC_0028139,HAM_0002429,HAM_0002429,<40,ham,5,False,5,0.009188456,0.0052462956,0.005106458,0.065989986,0.0044979434,0.86388636,0.046084505,0.018932696,,0.018932696,look,0,,42,look_f0_s42_in22k_v5fix,last
ISIC_0028149,HAM_0004650,HAM_0004650,<40,ham,5,False,5,0.009433564,0.0060751582,0.005697971,0.07041724,0.0057426253,0.85061854,0.052014813,0.021251347,,0.021251347,look,0,,42,look_f0_s42_in22k_v5fix,last
ISIC_0028151,HAM_0000764,HAM_0000764,60+,ham,5,False,5,0.006149286,0.0033298964,0.005403719,0.060413033,0.0029505102,0.87872016,0.043033365,0.012429692,,0.012429692,look,0,,42,look_f0_s42_in22k_v5fix,last
ISIC_0028159,HAM_0006146,HAM_0006146,40-59,ham,5,False,5,0.013882289,0.0060906257,0.0056976653,0.0685021,0.0049531455,0.85015285,0.05072132,0.02492606,,0.02492606,look,0,,42,look_f0_s42_in22k_v5fix,last
ISIC_0028162,HAM_0000416,HAM_0000416,40-59,ham,5,False,5,0.011151418,0.0072150594,0.006812458,0.06445086,0.005804412,0.85711443,0.047451388,0.02417089,,0.02417089,look,0,,42,look_f0_s42_in22k_v5fix,last
ISIC_0028165,HAM_0001878,HAM_0001878,60+,ham,2,False,2,0.385144,0.01709894,0.40174222,0.10483111,0.0027170691,0.028457604,0.060009107,0.40496,,0.40496,look,0,,42,look_f0_s42_in22k_v5fix,last
ISIC_0028179,HAM_0007049,HAM_0007049,40-59,ham,5,False,1,0.03688347,0.4983815,0.046581753,0.15625927,0.19616175,0.005527555,0.060204696,0.7314267,,0.7314267,look,0,,42,look_f0_s42_in22k_v5fix,last
ISIC_0028190,HAM_0002734,HAM_0002734,40-59,ham,0,True,0,0.86232287,0.008467374,0.004670475,0.06553573,0.011247025,0.0026925805,0.045063995,0.8820373,,0.8820373,look,0,,42,look_f0_s42_in22k_v5fix,last
ISIC_0028200,HAM_0005074,HAM_0005074,60+,ham,2,False,2,0.008296244,0.005053206,0.883846,0.05526709,0.0042667612,0.003756184,0.03951452,0.01761621,,0.01761621,look,0,,42,look_f0_s42_in22k_v5fix,last
ISIC_0028204,HAM_0002401,HAM_0002401,40-59,ham,5,False,5,0.009536336,0.005567657,0.005962529,0.06720031,0.0070509925,0.85919607,0.04548613,0.022154985,,0.022154985,look,0,,42,look_f0_s42_in22k_v5fix,last
ISIC_0028209,HAM_0002096,HAM_0002096,40-59,ham,2,False,2,0.006906008,0.005596209,0.87437403,0.061147563,0.004425655,0.004931067,0.04261955,0.016927872,,0.016927872,look,0,,42,look_f0_s42_in22k_v5fix,last
ISIC_0028210,HAM_0003857,HAM_0003857,40-59,ham,5,False,5,0.009497536,0.0055919886,0.0050819754,0.05997621,0.008640676,0.86462283,0.046588764,0.0237302,,0.0237302,look,0,,42,look_f0_s42_in22k_v5fix,last
ISIC_0028216,HAM_0007049,HAM_0007049,40-59,ham,5,False,1,0.040466864,0.66551006,0.012695608,0.12726648,0.08681067,0.00566934,0.061580937,0.79278755,,0.79278755,look,0,,42,look_f0_s42_in22k_v5fix,last
ISIC_0028223,HAM_0006595,HAM_0006595,40-59,ham,2,False,2,0.013840495,0.0127843525,0.8936611,0.041563917,0.0011859115,0.0029243086,0.034039896,0.027810758,,0.027810758,look,0,,42,look_f0_s42_in22k_v5fix,last
ISIC_0028226,HAM_0003263,HAM_0003263,<40,ham,5,False,5,0.012266507,0.0053117243,0.006451696,0.06782057,0.00537507,0.85254586,0.05022849,0.022953302,,0.022953302,look,0,,42,look_f0_s42_in22k_v5fix,last
ISIC_0028227,HAM_0006877,HAM_0006877,40-59,ham,4,True,4,0.015939692,0.00260637,0.010570386,0.05469679,0.8441089,0.018604692,0.05347317,0.8626549,,0.8626549,look,0,,42,look_f0_s42_in22k_v5fix,last
ISIC_0028231,HAM_0003688,HAM_0003688,60+,ham,0,True,4,0.010489334,0.0027124786,0.013144558,0.05658026,0.864136,0.0044913758,0.048445977,0.8773378,,0.8773378,look,0,,42,look_f0_s42_in22k_v5fix,last
ISIC_0028241,HAM_0007565,HAM_0007565,60+,ham,5,False,5,0.011238455,0.006055948,0.007003132,0.0685029,0.0064581097,0.8482997,0.05244174,0.023752512,,0.023752512,look,0,,42,look_f0_s42_in22k_v5fix,last
ISIC_0028251,HAM_0002884,HAM_0002884,40-59,ham,5,False,5,0.009791465,0.005438465,0.0055265585,0.06727539,0.0050440775,0.85889107,0.04803292,0.020274006,,0.020274006,look,0,,42,look_f0_s42_in22k_v5fix,last
ISIC_0028255,HAM_0004699,HAM_0004699,<40,ham,5,False,5,0.01336938,0.0074066105,0.010550002,0.11315791,0.28600442,0.48843533,0.081076376,0.30678043,,0.30678043,look,0,,42,look_f0_s42_in22k_v5fix,last
ISIC_0028257,HAM_0005969,HAM_0005969,<40,ham,5,False,5,0.009159024,0.005675557,0.0065016677,0.063788176,0.006154701,0.86257154,0.046149492,0.020989282,,0.020989282,look,0,,42,look_f0_s42_in22k_v5fix,last
ISIC_0028262,HAM_0004959,HAM_0004959,40-59,ham,5,False,5,0.009737344,0.0056172693,0.006148374,0.06797217,0.0051391143,0.8552103,0.0501754,0.020493727,,0.020493727,look,0,,42,look_f0_s42_in22k_v5fix,last
ISIC_0028268,HAM_0004875,HAM_0004875,60+,ham,5,False,5,0.010135847,0.0061637103,0.0065799467,0.07011238,0.006327143,0.84935355,0.051327366,0.0226267,,0.0226267,look,0,,42,look_f0_s42_in22k_v5fix,last
ISIC_0028274,HAM_0007597,HAM_0007597,40-59,ham,5,False,5,0.009516203,0.0058278553,0.0057031256,0.06555362,0.008553931,0.8570764,0.04776886,0.023897989,,0.023897989,look,0,,42,look_f0_s42_in22k_v5fix,last
ISIC_0028291,HAM_0006253,HAM_0006253,60+,ham,4,True,4,0.007489556,0.0049698516,0.00520145,0.04672354,0.890368,0.00964661,0.03560104,0.9028274,,0.9028274,look,0,,42,look_f0_s42_in22k_v5fix,last
ISIC_0028294,HAM_0002042,HAM_0002042,60+,ham,2,False,2,0.007684648,0.006123388,0.89419264,0.052028824,0.0040285937,0.002244373,0.03369761,0.01783663,,0.01783663,look,0,,42,look_f0_s42_in22k_v5fix,last
ISIC_0028299,HAM_0001540,HAM_0001540,60+,ham,5,False,5,0.010145995,0.004088651,0.00751362,0.06009452,0.007909726,0.86181474,0.048432797,0.022144372,,0.022144372,look,0,,42,look_f0_s42_in22k_v5fix,last
ISIC_0028318,HAM_0001886,HAM_0001886,40-59,ham,5,False,5,0.009885916,0.0054772287,0.0056667314,0.06838115,0.0053341216,0.8551582,0.050096653,0.020697266,,0.020697266,look,0,,42,look_f0_s42_in22k_v5fix,last
ISIC_0028321,HAM_0001032,HAM_0001032,40-59,ham,5,False,5,0.012097743,0.0073781996,0.0062804385,0.07372478,0.006401381,0.8438513,0.050266013,0.025877323,,0.025877323,look,0,,42,look_f0_s42_in22k_v5fix,last
ISIC_0028326,HAM_0002471,HAM_0002471,40-59,ham,4,True,4,0.007261077,0.0037674806,0.0042370073,0.06056359,0.84326863,0.031025596,0.04987669,0.85429716,,0.85429716,look,0,,42,look_f0_s42_in22k_v5fix,last
ISIC_0028328,HAM_0001304,HAM_0001304,40-59,ham,5,False,5,0.008191504,0.004736741,0.0050047087,0.0634913,0.0050569223,0.8654812,0.048037767,0.017985167,,0.017985167,look,0,,42,look_f0_s42_in22k_v5fix,last
ISIC_0028330,HAM_0001184,HAM_0001184,40-59,ham,5,False,5,0.012049793,0.0070533436,0.006952694,0.067601375,0.005830643,0.8540746,0.046437547,0.024933778,,0.024933778,look,0,,42,look_f0_s42_in22k_v5fix,last
ISIC_0028346,HAM_0005861,HAM_0005861,60+,ham,3,False,3,0.041241676,0.0011813551,0.026830107,0.91001785,0.00249061,0.00063137396,0.017607061,0.044913642,,0.044913642,look,0,,42,look_f0_s42_in22k_v5fix,last
ISIC_0028354,HAM_0000122,HAM_0000122,40-59,ham,2,False,2,0.007508398,0.004692751,0.89394104,0.049933534,0.004425622,0.00522025,0.03427841,0.016626772,,0.016626772,look,0,,42,look_f0_s42_in22k_v5fix,last
ISIC_0028357,HAM_0004283,HAM_0004283,40-59,ham,5,False,5,0.010946697,0.007366375,0.0072974013,0.07107458,0.009372457,0.84252864,0.051413845,0.02768553,,0.02768553,look,0,,42,look_f0_s42_in22k_v5fix,last
ISIC_0028379,HAM_0003333,HAM_0003333,<40,ham,5,False,5,0.009146866,0.0058937096,0.0058772615,0.06768136,0.004570941,0.8591694,0.047660515,0.019611517,,0.019611517,look,0,,42,look_f0_s42_in22k_v5fix,last
ISIC_0028380,HAM_0003965,HAM_0003965,<40,ham,5,False,5,0.008596996,0.0050374493,0.0054153497,0.062986046,0.00655029,0.8634703,0.047943506,0.020184735,,0.020184735,look,0,,42,look_f0_s42_in22k_v5fix,last
ISIC_0028383,HAM_0005556,HAM_0005556,40-59,ham,5,False,5,0.010927497,0.007437898,0.007850402,0.06980741,0.0060462127,0.8471108,0.050819643,0.024411608,,0.024411608,look,0,,42,look_f0_s42_in22k_v5fix,last
ISIC_0028396,HAM_0005977,HAM_0005977,60+,ham,5,False,5,0.010417711,0.006779215,0.006963758,0.06821038,0.00608677,0.85459447,0.04694764,0.023283696,,0.023283696,look,0,,42,look_f0_s42_in22k_v5fix,last
ISIC_0028401,HAM_0005342,HAM_0005342,<40,ham,5,False,5,0.008701731,0.0048362296,0.005114735,0.06343709,0.007860418,0.8617402,0.048309658,0.02139838,,0.02139838,look,0,,42,look_f0_s42_in22k_v5fix,last
ISIC_0028402,HAM_0006957,HAM_0006957,40-59,ham,5,False,5,0.010041353,0.006799726,0.006843763,0.06717956,0.005887305,0.8562622,0.046986148,0.022728385,,0.022728385,look,0,,42,look_f0_s42_in22k_v5fix,last
ISIC_0028406,HAM_0005215,HAM_0005215,60+,ham,6,False,6,0.0014205028,0.0006702021,0.0005954611,0.008288664,0.00045615007,0.00038072583,0.9881882,0.002546855,,0.002546855,look,0,,42,look_f0_s42_in22k_v5fix,last
ISIC_0028420,HAM_0005079,HAM_0005079,60+,ham,5,False,4,0.00789704,0.005603552,0.010511948,0.08427951,0.64022106,0.18299031,0.06849655,0.65372163,,0.65372163,look,0,,42,look_f0_s42_in22k_v5fix,last
ISIC_0028424,HAM_0000703,HAM_0000703,40-59,ham,5,False,5,0.009376001,0.0054554967,0.0065105436,0.06522666,0.006464217,0.85967094,0.047296163,0.021295715,,0.021295715,look,0,,42,look_f0_s42_in22k_v5fix,last
ISIC_0028427,HAM_0002931,HAM_0002931,40-59,ham,5,False,5,0.009073924,0.005431012,0.00546139,0.0672927,0.006101172,0.8565589,0.050080862,0.020606108,,0.020606108,look,0,,42,look_f0_s42_in22k_v5fix,last
ISIC_0028429,HAM_0000279,HAM_0000279,40-59,ham,5,False,5,0.011171145,0.00762572,0.0063007274,0.09684855,0.09703988,0.70920074,0.07181331,0.11583674,,0.11583674,look,0,,42,look_f0_s42_in22k_v5fix,last
ISIC_0028430,HAM_0004267,HAM_0004267,40-59,ham,5,False,5,0.009695479,0.0053411955,0.0062215338,0.06481702,0.005585604,0.8607114,0.0476278,0.020622278,,0.020622278,look,0,,42,look_f0_s42_in22k_v5fix,last
ISIC_0028434,HAM_0000712,HAM_0000712,40-59,ham,5,False,5,0.009932665,0.006482191,0.0073248027,0.066935286,0.007023266,0.8557195,0.046582267,0.023438122,,0.023438122,look,0,,42,look_f0_s42_in22k_v5fix,last
ISIC_0028439,HAM_0000684,HAM_0000684,40-59,ham,5,False,5,0.008868017,0.005538415,0.005115214,0.06601665,0.0051057367,0.86117876,0.04817719,0.019512169,,0.019512169,look,0,,42,look_f0_s42_in22k_v5fix,last
ISIC_0028443,HAM_0004601,HAM_0004601,40-59,ham,5,False,5,0.010387777,0.0061417804,0.006448337,0.06722241,0.005770808,0.8557952,0.048233807,0.022300366,,0.022300366,look,0,,42,look_f0_s42_in22k_v5fix,last
ISIC_0028449,HAM_0004556,HAM_0004556,60+,ham,2,False,2,0.0052614305,0.007478953,0.90790117,0.041552544,0.0028622767,0.0035573998,0.03138634,0.015602659,,0.015602659,look,0,,42,look_f0_s42_in22k_v5fix,last
ISIC_0028451,HAM_0004338,HAM_0004338,60+,ham,2,False,2,0.008016791,0.003805191,0.90778196,0.042442266,0.0030887404,0.0027671147,0.03209786,0.014910723,,0.014910723,look,0,,42,look_f0_s42_in22k_v5fix,last
ISIC_0028454,HAM_0002216,HAM_0002216,60+,ham,5,False,5,0.008048198,0.005708832,0.005128899,0.06422602,0.01390545,0.8530783,0.04990436,0.027662478,,0.027662478,look,0,,42,look_f0_s42_in22k_v5fix,last
ISIC_0028456,HAM_0001742,HAM_0001742,40-59,ham,5,False,5,0.009694998,0.0062789586,0.0069451686,0.06483029,0.006540476,0.8607443,0.04496581,0.022514433,,0.022514433,look,0,,42,look_f0_s42_in22k_v5fix,last
ISIC_0028460,HAM_0002099,HAM_0002099,60+,ham,4,True,4,0.006046599,0.0047588153,0.009870745,0.0591748,0.86859244,0.0059599327,0.045596726,0.87939787,,0.87939787,look,0,,42,look_f0_s42_in22k_v5fix,last
ISIC_0028463,HAM_0002186,HAM_0002186,60+,ham,4,True,4,0.007963289,0.00527579,0.010101377,0.0653139,0.8358016,0.026460553,0.04908347,0.8490407,,0.8490407,look,0,,42,look_f0_s42_in22k_v5fix,last
ISIC_0028468,HAM_0000961,HAM_0000961,60+,ham,5,False,5,0.011078161,0.006634174,0.00471961,0.07346057,0.0046617007,0.8465665,0.052879307,0.022374038,,0.022374038,look,0,,42,look_f0_s42_in22k_v5fix,last
ISIC_0028473,HAM_0004889,HAM_0004889,60+,ham,2,False,5,0.0100568365,0.005753861,0.018512266,0.07197984,0.3205246,0.51085544,0.062317196,0.3363353,,0.3363353,look,0,,42,look_f0_s42_in22k_v5fix,last
ISIC_0028474,HAM_0004682,HAM_0004682,40-59,ham,5,False,5,0.011313076,0.006393433,0.006438887,0.071638845,0.0061592474,0.846432,0.05162468,0.023865758,,0.023865758,look,0,,42,look_f0_s42_in22k_v5fix,last
ISIC_0028475,HAM_0006897,HAM_0006897,<40,ham,5,False,5,0.011784107,0.008051159,0.008543916,0.07109635,0.007698789,0.84445465,0.048371036,0.027534056,,0.027534056,look,0,,42,look_f0_s42_in22k_v5fix,last
ISIC_0028476,HAM_0007264,HAM_0007264,40-59,ham,5,False,5,0.007447759,0.004308889,0.004051416,0.060932957,0.004501696,0.87530005,0.04345718,0.016258344,,0.016258344,look,0,,42,look_f0_s42_in22k_v5fix,last
ISIC_0028481,HAM_0000396,HAM_0000396,60+,ham,4,True,4,0.0053546713,0.0039043818,0.020316914,0.054762933,0.8682166,0.004240815,0.043203693,0.8774756,,0.8774756,look,0,,42,look_f0_s42_in22k_v5fix,last
ISIC_0028482,HAM_0004169,HAM_0004169,40-59,ham,5,False,5,0.010709263,0.006356275,0.006530668,0.06875869,0.0050498284,0.85377055,0.04882469,0.022115367,,0.022115367,look,0,,42,look_f0_s42_in22k_v5fix,last
ISIC_0028485,HAM_0005567,HAM_0005567,40-59,ham,5,False,5,0.009508441,0.0070985914,0.006891715,0.071440704,0.005127328,0.85212755,0.047805656,0.02173436,,0.02173436,look,0,,42,look_f0_s42_in22k_v5fix,last
ISIC_0028495,HAM_0000195,HAM_0000195,40-59,ham,1,True,1,0.004618632,0.8295742,0.009693892,0.080053136,0.017318817,0.0063042967,0.052436963,0.8515117,,0.8515117,look,0,,42,look_f0_s42_in22k_v5fix,last
ISIC_0028497,HAM_0006533,HAM_0006533,60+,ham,2,False,5,0.01876881,0.012613684,0.26443273,0.1522897,0.00493219,0.43087116,0.11609175,0.036314685,,0.036314685,look,0,,42,look_f0_s42_in22k_v5fix,last
ISIC_0028502,HAM_0001940,HAM_0001940,40-59,ham,5,False,5,0.007920898,0.0053933905,0.005162811,0.062254906,0.0045215148,0.8667084,0.04803816,0.017835803,,0.017835803,look,0,,42,look_f0_s42_in22k_v5fix,last
ISIC_0028508,HAM_0001607,HAM_0001607,60+,ham,4,True,4,0.007035099,0.005576421,0.0068072034,0.053627227,0.8823958,0.0041629085,0.04039532,0.8950073,,0.8950073,look,0,,42,look_f0_s42_in22k_v5fix,last
ISIC_0028511,HAM_0004889,HAM_0004889,60+,ham,2,False,5,0.0072727897,0.0027301172,0.0028267018,0.052396078,0.0106728375,0.88757426,0.0365272,0.020675745,,0.020675745,look,0,,42,look_f0_s42_in22k_v5fix,last
ISIC_0028536,HAM_0003903,HAM_0003903,40-59,ham,5,False,5,0.009443118,0.0057495246,0.0060003884,0.065251574,0.0053820023,0.86349416,0.044679247,0.020574644,,0.020574644,look,0,,42,look_f0_s42_in22k_v5fix,last
ISIC_0028561,HAM_0005517,HAM_0005517,40-59,ham,5,False,5,0.011105568,0.0066563385,0.0071030846,0.06652046,0.0074543688,0.8532811,0.04787909,0.025216276,,0.025216276,look,0,,42,look_f0_s42_in22k_v5fix,last
ISIC_0028579,HAM_0001811,HAM_0001811,<40,ham,4,True,5,0.010328372,0.0046558077,0.0059688585,0.068507075,0.008916813,0.8521801,0.049443025,0.023900993,,0.023900993,look,0,,42,look_f0_s42_in22k_v5fix,last
ISIC_0028597,HAM_0000652,HAM_0000652,40-59,ham,5,False,5,0.011580382,0.00736025,0.0065823696,0.07155481,0.0050324546,0.8481362,0.049753476,0.023973085,,0.023973085,look,0,,42,look_f0_s42_in22k_v5fix,last
ISIC_0028598,HAM_0006633,HAM_0006633,40-59,ham,5,False,5,0.030243322,0.0025040302,0.33067864,0.09825101,0.0067940615,0.47804475,0.053484134,0.039541412,,0.039541412,look,0,,42,look_f0_s42_in22k_v5fix,last
ISIC_0028600,HAM_0007268,HAM_0007268,60+,ham,5,False,5,0.009144281,0.0054582325,0.005509537,0.06620557,0.0056500146,0.8617849,0.046247434,0.02025253,,0.02025253,look,0,,42,look_f0_s42_in22k_v5fix,last
ISIC_0028613,HAM_0004080,HAM_0004080,<40,ham,5,False,5,0.01082237,0.006402061,0.00640324,0.06876161,0.0069786003,0.85025233,0.050379742,0.024203032,,0.024203032,look,0,,42,look_f0_s42_in22k_v5fix,last
ISIC_0028620,HAM_0000939,HAM_0000939,<40,ham,5,False,5,0.009955184,0.0060806666,0.0066765896,0.068812735,0.0062270025,0.8545831,0.047664814,0.022262853,,0.022262853,look,0,,42,look_f0_s42_in22k_v5fix,last
ISIC_0028623,HAM_0001781,HAM_0001781,<40,ham,2,False,2,0.007882196,0.005746634,0.9033933,0.04591589,0.002543429,0.0023714036,0.03214705,0.01617226,,0.01617226,look,0,,42,look_f0_s42_in22k_v5fix,last
ISIC_0028626,HAM_0006209,HAM_0006209,40-59,ham,5,False,5,0.009684705,0.005795559,0.0054911817,0.0677563,0.006876433,0.8547509,0.04964496,0.022356696,,0.022356696,look,0,,42,look_f0_s42_in22k_v5fix,last
ISIC_0028647,HAM_0005849,HAM_0005849,40-59,ham,5,False,5,0.009808806,0.0054298467,0.0056556584,0.066802174,0.005943676,0.8562514,0.050108366,0.021182328,,0.021182328,look,0,,42,look_f0_s42_in22k_v5fix,last
ISIC_0028660,HAM_0003674,HAM_0003674,40-59,ham,5,False,5,0.0093452595,0.006130539,0.005365239,0.066585794,0.0049719894,0.8597237,0.047877382,0.020447787,,0.020447787,look,0,,42,look_f0_s42_in22k_v5fix,last
ISIC_0028662,HAM_0002042,HAM_0002042,60+,ham,2,False,0,0.43171912,0.008711497,0.05015112,0.09627032,0.3152768,0.00093198736,0.09693913,0.7557074,,0.7557074,look,0,,42,look_f0_s42_in22k_v5fix,last
ISIC_0028669,HAM_0004989,HAM_0004989,40-59,ham,5,False,5,0.009354668,0.0058499468,0.0062571494,0.06693798,0.0061428966,0.8574994,0.04795793,0.021347512,,0.021347512,look,0,,42,look_f0_s42_in22k_v5fix,last
ISIC_0028672,HAM_0003888,HAM_0003888,40-59,ham,5,False,5,0.009609371,0.0063578603,0.0066513526,0.070519276,0.0051100757,0.8540975,0.047654703,0.021077307,,0.021077307,look,0,,42,look_f0_s42_in22k_v5fix,last
ISIC_0028678,HAM_0000222,HAM_0000222,<40,ham,5,False,5,0.008306574,0.006530144,0.006065575,0.06824117,0.006089698,0.84744465,0.057322096,0.020926416,,0.020926416,look,0,,42,look_f0_s42_in22k_v5fix,last
ISIC_0028681,HAM_0004309,HAM_0004309,60+,ham,2,False,2,0.007844432,0.001996984,0.87122804,0.08865219,0.002187116,0.0036778778,0.024413288,0.012028532,,0.012028532,look,0,,42,look_f0_s42_in22k_v5fix,last
ISIC_0028693,HAM_0001610,HAM_0001610,60+,ham,1,True,1,0.009394317,0.8859051,0.0075298985,0.05134073,0.0056168535,0.003865697,0.03634735,0.9009162,,0.9009162,look,0,,42,look_f0_s42_in22k_v5fix,last
ISIC_0028700,HAM_0001717,HAM_0001717,60+,ham,5,False,5,0.012315796,0.007746104,0.0075185006,0.07308829,0.009206506,0.83936393,0.050760865,0.029268406,,0.029268406,look,0,,42,look_f0_s42_in22k_v5fix,last
ISIC_0028702,HAM_0001914,HAM_0001914,60+,ham,2,False,2,0.061068695,0.033725314,0.7896833,0.06916826,0.003879663,0.0011412075,0.04133369,0.09867367,,0.09867367,look,0,,42,look_f0_s42_in22k_v5fix,last
ISIC_0028720,HAM_0002589,HAM_0002589,<40,ham,5,False,5,0.010367365,0.0064581065,0.0064658863,0.068166085,0.0057026274,0.8534487,0.04939125,0.022528099,,0.022528099,look,0,,42,look_f0_s42_in22k_v5fix,last
ISIC_0028722,HAM_0002901,HAM_0002901,40-59,ham,5,False,5,0.0108672455,0.0072008283,0.0074509033,0.06948462,0.0070787794,0.8493235,0.048594166,0.025146853,,0.025146853,look,0,,42,look_f0_s42_in22k_v5fix,last
ISIC_0028737,HAM_0001157,HAM_0001157,60+,ham,5,False,5,0.01816851,0.010043804,0.006470771,0.07780558,0.0027482922,0.8343712,0.050391894,0.030960606,,0.030960606,look,0,,42,look_f0_s42_in22k_v5fix,last
ISIC_0028740,HAM_0004977,HAM_0004977,60+,ham,5,False,5,0.010441725,0.0060936166,0.0057636173,0.06552902,0.0048716054,0.8609607,0.04633967,0.021406947,,0.021406947,look,0,,42,look_f0_s42_in22k_v5fix,last
ISIC_0028754,HAM_0005385,HAM_0005385,40-59,ham,5,False,5,0.010100056,0.006091357,0.0071403934,0.07263179,0.008092518,0.8425978,0.053346053,0.02428393,,0.02428393,look,0,,42,look_f0_s42_in22k_v5fix,last
ISIC_0028761,HAM_0003415,HAM_0003415,40-59,ham,5,False,5,0.007980017,0.0047307885,0.004435645,0.06140592,0.0034888801,0.8729287,0.045030043,0.016199686,,0.016199686,look,0,,42,look_f0_s42_in22k_v5fix,last
ISIC_0028768,HAM_0000148,HAM_0000148,60+,ham,5,False,5,0.009605758,0.0059273876,0.005614556,0.0660709,0.00491259,0.8591225,0.048746258,0.020445736,,0.020445736,look,0,,42,look_f0_s42_in22k_v5fix,last
ISIC_0028785,HAM_0005914,HAM_0005914,<40,ham,5,False,5,0.010898298,0.0061394046,0.0071881204,0.07151696,0.0075873192,0.8444227,0.052247163,0.024625022,,0.024625022,look,0,,42,look_f0_s42_in22k_v5fix,last
ISIC_0028790,HAM_0005276,HAM_0005276,60+,ham,3,False,1,0.011391955,0.742522,0.0052809287,0.18668976,0.0033164276,0.0016628444,0.049136125,0.75723034,,0.75723034,look,0,,42,look_f0_s42_in22k_v5fix,last
ISIC_0028801,HAM_0003855,HAM_0003855,40-59,ham,5,False,5,0.009680773,0.0065422473,0.006257441,0.06404732,0.005042562,0.8608287,0.047600865,0.021265583,,0.021265583,look,0,,42,look_f0_s42_in22k_v5fix,last
ISIC_0028802,HAM_0005549,HAM_0005549,40-59,ham,5,False,5,0.008364817,0.0054749176,0.0055062855,0.066016816,0.0054485537,0.86271524,0.046473466,0.019288288,,0.019288288,look,0,,42,look_f0_s42_in22k_v5fix,last
ISIC_0028803,HAM_0000977,HAM_0000977,40-59,ham,5,False,5,0.008366566,0.0044362117,0.0043174066,0.06511175,0.004554688,0.86450595,0.048707504,0.017357465,,0.017357465,look,0,,42,look_f0_s42_in22k_v5fix,last
ISIC_0028807,HAM_0003429,HAM_0003429,60+,ham,1,True,1,0.010665096,0.89973074,0.0044802516,0.046866193,0.0032483384,0.0038983314,0.03111105,0.9136442,,0.9136442,look,0,,42,look_f0_s42_in22k_v5fix,last
ISIC_0028808,HAM_0005910,HAM_0005910,60+,ham,5,False,4,0.007935762,0.0048646987,0.0042743525,0.050963398,0.8856441,0.008974628,0.03734302,0.89844453,,0.89844453,look,0,,42,look_f0_s42_in22k_v5fix,last
ISIC_0028810,HAM_0002975,HAM_0002975,40-59,ham,5,False,4,0.0040586526,0.004368843,0.0057957824,0.05781165,0.8761659,0.00812988,0.04366934,0.8845934,,0.8845934,look,0,,42,look_f0_s42_in22k_v5fix,last
ISIC_0028812,HAM_0004248,HAM_0004248,40-59,ham,5,False,5,0.01277651,0.007413156,0.0057638516,0.07271673,0.0045039346,0.8466175,0.05020838,0.0246936,,0.0246936,look,0,,42,look_f0_s42_in22k_v5fix,last
ISIC_0028815,HAM_0004967,HAM_0004967,60+,ham,1,True,1,0.009251526,0.8904971,0.00535097,0.05269139,0.0037065814,0.003436254,0.03506619,0.9034552,,0.9034552,look,0,,42,look_f0_s42_in22k_v5fix,last
ISIC_0028820,HAM_0000931,HAM_0000931,60+,ham,0,True,0,0.81432366,0.0041819583,0.0687816,0.062033247,0.0015614732,0.006098758,0.04301934,0.8200671,,0.8200671,look,0,,42,look_f0_s42_in22k_v5fix,last
ISIC_0028821,HAM_0003992,HAM_0003992,40-59,ham,5,False,5,0.010654464,0.008122614,0.0054857717,0.073727235,0.005185846,0.84430456,0.05251957,0.023962924,,0.023962924,look,0,,42,look_f0_s42_in22k_v5fix,last
ISIC_0028835,HAM_0000820,HAM_0000820,<40,ham,5,False,5,0.011748619,0.007070407,0.006561073,0.0705397,0.004692497,0.8525246,0.046863146,0.023511523,,0.023511523,look,0,,42,look_f0_s42_in22k_v5fix,last
ISIC_0028845,HAM_0001016,HAM_0001016,<40,ham,5,False,5,0.009594726,0.0060911123,0.006431104,0.06793102,0.006688735,0.85327095,0.049992446,0.022374572,,0.022374572,look,0,,42,look_f0_s42_in22k_v5fix,last
ISIC_0028857,HAM_0002107,HAM_0002107,60+,ham,5,False,5,0.0073284074,0.004070949,0.005454056,0.06241616,0.007919501,0.872114,0.040696938,0.019318856,,0.019318856,look,0,,42,look_f0_s42_in22k_v5fix,last
ISIC_0028880,HAM_0004103,HAM_0004103,40-59,ham,3,False,3,0.01606694,0.00043327818,0.02645559,0.48614833,0.00051503326,0.09215632,0.37822458,0.01701525,,0.01701525,look,0,,42,look_f0_s42_in22k_v5fix,last
ISIC_0028884,HAM_0005914,HAM_0005914,<40,ham,5,False,5,0.009989698,0.0056668515,0.007176023,0.06915951,0.003986784,0.8519565,0.052064728,0.019643333,,0.019643333,look,0,,42,look_f0_s42_in22k_v5fix,last
ISIC_0028889,HAM_0003004,HAM_0003004,60+,ham,5,False,5,0.009532697,0.0054504834,0.00690198,0.06553677,0.005827421,0.86034304,0.046407513,0.0208106,,0.0208106,look,0,,42,look_f0_s42_in22k_v5fix,last
ISIC_0028893,HAM_0007556,HAM_0007556,<40,ham,5,False,5,0.009590136,0.005901573,0.005831291,0.064694256,0.0054213856,0.86264896,0.045912445,0.020913094,,0.020913094,look,0,,42,look_f0_s42_in22k_v5fix,last
ISIC_0028907,HAM_0005698,HAM_0005698,40-59,ham,5,False,5,0.010895271,0.0068612313,0.0064107776,0.067503616,0.005562916,0.8549175,0.047848642,0.02331942,,0.02331942,look,0,,42,look_f0_s42_in22k_v5fix,last
ISIC_0028914,HAM_0001518,HAM_0001518,40-59,ham,5,False,5,0.0081702145,0.0052106534,0.005134634,0.06006526,0.0046451306,0.86999905,0.046775013,0.018025998,,0.018025998,look,0,,42,look_f0_s42_in22k_v5fix,last
ISIC_0028918,HAM_0001141,HAM_0001141,<40,ham,5,False,5,0.009480699,0.0049215103,0.0058248513,0.06595377,0.0095048295,0.855181,0.049133398,0.02390704,,0.02390704,look,0,,42,look_f0_s42_in22k_v5fix,last
ISIC_0028919,HAM_0000964,HAM_0000964,60+,ham,5,False,5,0.011879764,0.00682336,0.00666964,0.068595745,0.005615023,0.8530559,0.047360525,0.024318147,,0.024318147,look,0,,42,look_f0_s42_in22k_v5fix,last
ISIC_0028927,HAM_0000680,HAM_0000680,60+,ham,5,False,5,0.009999518,0.0061968653,0.005383198,0.0692889,0.0056923283,0.8541311,0.049308073,0.02188871,,0.02188871,look,0,,42,look_f0_s42_in22k_v5fix,last
ISIC_0028930,HAM_0002591,HAM_0002591,40-59,ham,4,True,5,0.008221471,0.006884697,0.016425088,0.093595654,0.37596458,0.4170833,0.08182517,0.39107075,,0.39107075,look,0,,42,look_f0_s42_in22k_v5fix,last
ISIC_0028940,HAM_0003890,HAM_0003890,40-59,ham,5,False,5,0.010062557,0.0065242685,0.005378579,0.0675234,0.0047548837,0.8578755,0.047880795,0.02134171,,0.02134171,look,0,,42,look_f0_s42_in22k_v5fix,last
ISIC_0028950,HAM_0007187,HAM_0007187,40-59,ham,5,False,5,0.009774186,0.0066681076,0.0060467166,0.066836655,0.0054623415,0.8582978,0.04691414,0.021904634,,0.021904634,look,0,,42,look_f0_s42_in22k_v5fix,last
ISIC_0028956,HAM_0000786,HAM_0000786,<40,ham,5,False,5,0.010661929,0.006477635,0.006616989,0.06707744,0.005404679,0.8551172,0.04864405,0.022544242,,0.022544242,look,0,,42,look_f0_s42_in22k_v5fix,last
ISIC_0028963,HAM_0001643,HAM_0002423,<40,ham,5,False,5,0.007420901,0.004162681,0.0046607344,0.06850101,0.0040264926,0.86125886,0.049969286,0.015610075,,0.015610075,look,0,,42,look_f0_s42_in22k_v5fix,last
ISIC_0028969,HAM_0005328,HAM_0005328,60+,ham,4,True,4,0.12371008,0.010407917,0.12339173,0.1156434,0.50781727,0.0021847987,0.116844766,0.6419352,,0.6419352,look,0,,42,look_f0_s42_in22k_v5fix,last
ISIC_0028972,HAM_0003476,HAM_0003476,60+,ham,2,False,2,0.006776003,0.0054200734,0.9058928,0.048056047,0.0022177107,0.002047797,0.029589634,0.014413788,,0.014413788,look,0,,42,look_f0_s42_in22k_v5fix,last
ISIC_0028973,HAM_0005665,HAM_0005665,60+,ham,1,True,1,0.011041987,0.8797548,0.0037620165,0.058610406,0.0035236932,0.0035191446,0.039787877,0.8943205,,0.8943205,look,0,,42,look_f0_s42_in22k_v5fix,last
ISIC_0028974,HAM_0005202,HAM_0005202,40-59,ham,5,False,5,0.009740983,0.005552537,0.006058806,0.06469294,0.005485025,0.8597785,0.048691235,0.020778544,,0.020778544,look,0,,42,look_f0_s42_in22k_v5fix,last
ISIC_0028975,HAM_0004819,HAM_0004819,40-59,ham,5,False,5,0.012133041,0.00710975,0.0077466355,0.06679747,0.0065316474,0.85327137,0.04641002,0.025774438,,0.025774438,look,0,,42,look_f0_s42_in22k_v5fix,last
ISIC_0028980,HAM_0003741,HAM_0003741,60+,ham,1,True,1,0.008806213,0.88086283,0.0072536543,0.057480186,0.004330471,0.0036685958,0.037597995,0.8939995,,0.8939995,look,0,,42,look_f0_s42_in22k_v5fix,last
ISIC_0029000,HAM_0005481,HAM_0005481,40-59,ham,4,True,5,0.008093988,0.005075721,0.0047393045,0.06167036,0.008086088,0.8685963,0.043738246,0.021255797,,0.021255797,look,0,,42,look_f0_s42_in22k_v5fix,last
ISIC_0029001,HAM_0005664,HAM_0005664,40-59,ham,5,False,5,0.0038688022,0.008586497,0.004661671,0.06739163,0.0012579341,0.8858538,0.028379684,0.013713233,,0.013713233,look,0,,42,look_f0_s42_in22k_v5fix,last
ISIC_0029009,HAM_0001705,HAM_0001705,<40,ham,5,False,5,0.009724519,0.0060600825,0.0060711503,0.06712678,0.0053099515,0.8572926,0.048414875,0.021094553,,0.021094553,look,0,,42,look_f0_s42_in22k_v5fix,last
ISIC_0029011,HAM_0002248,HAM_0002248,40-59,ham,5,False,5,0.009649642,0.005767762,0.0053846864,0.065932326,0.005133382,0.86029905,0.04783325,0.020550787,,0.020550787,look,0,,42,look_f0_s42_in22k_v5fix,last
ISIC_0029013,HAM_0003522,HAM_0003522,40-59,ham,4,True,5,0.009431233,0.0059124413,0.005271702,0.066832334,0.0058065895,0.8594651,0.047280632,0.021150263,,0.021150263,look,0,,42,look_f0_s42_in22k_v5fix,last
ISIC_0029018,HAM_0003246,HAM_0003246,<40,ham,5,False,5,0.018931229,0.008605132,0.010810869,0.06756992,0.00430608,0.84159297,0.048183776,0.03184244,,0.03184244,look,0,,42,look_f0_s42_in22k_v5fix,last
ISIC_0029047,HAM_0002340,HAM_0002340,60+,ham,5,False,5,0.009993898,0.006618603,0.0059237583,0.06721771,0.0053143515,0.85356116,0.051370468,0.021926852,,0.021926852,look,0,,42,look_f0_s42_in22k_v5fix,last
ISIC_0029049,HAM_0003246,HAM_0003246,<40,ham,5,False,5,0.012645438,0.006218986,0.0743571,0.0754686,0.022478532,0.76024157,0.04858975,0.04134296,,0.04134296,look,0,,42,look_f0_s42_in22k_v5fix,last
ISIC_0029051,HAM_0000298,HAM_0000298,60+,ham,2,False,2,0.00576137,0.0053127175,0.8738449,0.05798245,0.00507931,0.0064524566,0.04556675,0.016153397,,0.016153397,look,0,,42,look_f0_s42_in22k_v5fix,last
ISIC_0029052,HAM_0002463,HAM_0002463,60+,ham,3,False,3,0.0006002116,0.00044231533,0.000975425,0.99270093,0.00023313137,0.0003069848,0.004740975,0.0012756583,,0.0012756583,look,0,,42,look_f0_s42_in22k_v5fix,last
ISIC_0029055,HAM_0002296,HAM_0002296,<40,ham,5,False,5,0.0073646232,0.0031990511,0.0040648063,0.064099886,0.005419768,0.86884373,0.047008045,0.015983442,,0.015983442,look,0,,42,look_f0_s42_in22k_v5fix,last
ISIC_0029057,HAM_0000244,HAM_0000244,40-59,ham,5,False,5,0.011305822,0.005812996,0.005890912,0.06837783,0.0041941316,0.86046183,0.04395643,0.02131295,,0.02131295,look,0,,42,look_f0_s42_in22k_v5fix,last
ISIC_0029064,HAM_0000134,HAM_0000134,60+,ham,5,False,5,0.010049876,0.005982016,0.0060304464,0.0673305,0.0060197497,0.85493755,0.049649872,0.02205164,,0.02205164,look,0,,42,look_f0_s42_in22k_v5fix,last
ISIC_0029065,HAM_0004067,HAM_0004067,40-59,ham,5,False,5,0.008380173,0.0050293123,0.005634061,0.06694338,0.005647755,0.86072826,0.047637124,0.01905724,,0.01905724,look,0,,42,look_f0_s42_in22k_v5fix,last
ISIC_0029066,HAM_0004160,HAM_0004160,<40,ham,5,False,5,0.01239182,0.0069692424,0.008134802,0.06893774,0.004940427,0.8521108,0.046515197,0.024301488,,0.024301488,look,0,,42,look_f0_s42_in22k_v5fix,last
ISIC_0029069,HAM_0003792,HAM_0003792,<40,ham,5,False,5,0.010878793,0.006376938,0.0063318694,0.0689446,0.0066925534,0.8525396,0.04823559,0.023948284,,0.023948284,look,0,,42,look_f0_s42_in22k_v5fix,last
ISIC_0029082,HAM_0005665,HAM_0005665,60+,ham,1,True,1,0.01093464,0.88294727,0.0038076662,0.05565239,0.004274604,0.0037028857,0.038680587,0.8981565,,0.8981565,look,0,,42,look_f0_s42_in22k_v5fix,last
ISIC_0029091,HAM_0002832,HAM_0002832,<40,ham,5,False,5,0.0126630375,0.005944985,0.007086533,0.07180504,0.0042503853,0.8483266,0.04992352,0.022858407,,0.022858407,look,0,,42,look_f0_s42_in22k_v5fix,last
ISIC_0029099,HAM_0000286,HAM_0000286,60+,ham,6,False,6,0.0024252543,0.0009198347,0.00072236365,0.01004813,0.0018055233,0.0004457508,0.9836332,0.0051506124,,0.0051506124,look,0,,42,look_f0_s42_in22k_v5fix,last
ISIC_0029100,HAM_0001788,HAM_0001788,60+,ham,2,False,2,0.006344827,0.004109456,0.90048283,0.049822137,0.0030665444,0.0036119684,0.032562267,0.0135208275,,0.0135208275,look,0,,42,look_f0_s42_in22k_v5fix,last
ISIC_0029107,HAM_0005616,HAM_0005616,60+,ham,2,False,5,0.00921605,0.0053360714,0.0055926084,0.067944944,0.0041981223,0.85933435,0.04837782,0.018750243,,0.018750243,look,0,,42,look_f0_s42_in22k_v5fix,last
ISIC_0029112,HAM_0003883,HAM_0003883,<40,ham,5,False,5,0.014370022,0.00797871,0.0070727346,0.077305436,0.0051360177,0.83558655,0.0525505,0.027484749,,0.027484749,look,0,,42,look_f0_s42_in22k_v5fix,last
ISIC_0029121,HAM_0002368,HAM_0002368,60+,ham,5,False,5,0.009716705,0.005534337,0.005346347,0.0680545,0.005139286,0.85855144,0.047657378,0.020390328,,0.020390328,look,0,,42,look_f0_s42_in22k_v5fix,last
ISIC_0029124,HAM_0001626,HAM_0001626,40-59,ham,5,False,5,0.010792008,0.0055329343,0.0047216327,0.06271054,0.0025851647,0.8711346,0.042523094,0.018910106,,0.018910106,look,0,,42,look_f0_s42_in22k_v5fix,last
ISIC_0029126,HAM_0001914,HAM_0001914,60+,ham,2,False,1,0.09760153,0.69025064,0.06678955,0.09772188,0.0023091282,0.001395975,0.043931324,0.7901613,,0.7901613,look,0,,42,look_f0_s42_in22k_v5fix,last
ISIC_0029134,HAM_0002829,HAM_0002829,<40,ham,5,False,5,0.011111854,0.005993927,0.0058467635,0.06331489,0.004482083,0.86196154,0.04728897,0.021587864,,0.021587864,look,0,,42,look_f0_s42_in22k_v5fix,last
ISIC_0029158,HAM_0004689,HAM_0004689,40-59,ham,5,False,5,0.009136711,0.005441622,0.005748049,0.0631697,0.006563815,0.8638359,0.046104297,0.021142147,,0.021142147,look,0,,42,look_f0_s42_in22k_v5fix,last
ISIC_0029162,HAM_0005090,HAM_0005090,40-59,ham,5,False,5,0.011723783,0.006470395,0.010302136,0.068598166,0.008496746,0.8443044,0.050104387,0.026690925,,0.026690925,look,0,,42,look_f0_s42_in22k_v5fix,last
ISIC_0029163,HAM_0006692,HAM_0006692,60+,ham,4,True,4,0.011594147,0.009650344,0.01143233,0.07013397,0.8380323,0.0050018122,0.05415513,0.8592768,,0.8592768,look,0,,42,look_f0_s42_in22k_v5fix,last
ISIC_0029168,HAM_0003147,HAM_0003147,40-59,ham,5,False,5,0.010049515,0.0065766186,0.0066540595,0.06750994,0.0063874857,0.85313857,0.049683783,0.02301362,,0.02301362,look,0,,42,look_f0_s42_in22k_v5fix,last
ISIC_0029172,HAM_0000396,HAM_0000396,60+,ham,4,True,4,0.008418711,0.0072402833,0.0075676693,0.064438514,0.8622602,0.003620703,0.046453897,0.8779192,,0.8779192,look,0,,42,look_f0_s42_in22k_v5fix,last
ISIC_0029179,HAM_0007300,HAM_0007300,40-59,ham,5,False,5,0.00913233,0.0056295586,0.0054016067,0.062446106,0.007113535,0.86485606,0.045420893,0.021875424,,0.021875424,look,0,,42,look_f0_s42_in22k_v5fix,last
ISIC_0029180,HAM_0005595,HAM_0005595,60+,ham,5,False,5,0.009631723,0.005552935,0.0057105697,0.06585766,0.005566495,0.8594065,0.04827419,0.020751152,,0.020751152,look,0,,42,look_f0_s42_in22k_v5fix,last
ISIC_0029184,HAM_0005454,HAM_0005454,40-59,ham,5,False,5,0.009937525,0.0060181366,0.006763932,0.06892515,0.007752412,0.8489355,0.051667444,0.023708072,,0.023708072,look,0,,42,look_f0_s42_in22k_v5fix,last
ISIC_0029191,HAM_0003415,HAM_0003415,40-59,ham,5,False,5,0.010447623,0.007886829,0.014384161,0.06373986,0.0050647045,0.84978765,0.048689198,0.023399156,,0.023399156,look,0,,42,look_f0_s42_in22k_v5fix,last
ISIC_0029204,HAM_0005877,HAM_0005877,40-59,ham,5,False,5,0.010728342,0.0059618447,0.0059393463,0.06459079,0.00512208,0.86369115,0.043966427,0.021812268,,0.021812268,look,0,,42,look_f0_s42_in22k_v5fix,last
ISIC_0029209,HAM_0000319,HAM_0000319,40-59,ham,4,True,5,0.008386104,0.0045086243,0.0078045675,0.06681712,0.003564961,0.8639342,0.0449844,0.01645969,,0.01645969,look,0,,42,look_f0_s42_in22k_v5fix,last
ISIC_0029211,HAM_0001162,HAM_0001162,60+,ham,5,False,5,0.010074699,0.005474265,0.0058569517,0.065566964,0.00730763,0.8595167,0.046202734,0.022856595,,0.022856595,look,0,,42,look_f0_s42_in22k_v5fix,last
ISIC_0029214,HAM_0004886,HAM_0004886,40-59,ham,5,False,5,0.012220676,0.006973774,0.008138599,0.06778703,0.0049535385,0.8499569,0.04996951,0.02414799,,0.02414799,look,0,,42,look_f0_s42_in22k_v5fix,last
ISIC_0029217,HAM_0002316,HAM_0002316,<40,ham,2,False,2,0.06204974,0.0030407782,0.82520187,0.066768184,0.003441295,0.002037994,0.037460037,0.06853181,,0.06853181,look,0,,42,look_f0_s42_in22k_v5fix,last
ISIC_0029218,HAM_0005633,HAM_0005633,60+,ham,5,False,5,0.009666599,0.005111612,0.02269397,0.06481867,0.00462425,0.83028907,0.062795855,0.019402461,,0.019402461,look,0,,42,look_f0_s42_in22k_v5fix,last
ISIC_0029224,HAM_0006695,HAM_0006695,60+,ham,5,False,5,0.010618917,0.006529967,0.0067159715,0.06893408,0.0053689918,0.8543569,0.047475226,0.022517875,,0.022517875,look,0,,42,look_f0_s42_in22k_v5fix,last
ISIC_0029238,HAM_0001598,HAM_0001598,60+,ham,4,True,4,0.37352583,0.0029807251,0.020099422,0.12126437,0.41704902,0.0035497283,0.06153094,0.7935556,,0.7935556,look,0,,42,look_f0_s42_in22k_v5fix,last
ISIC_0029240,HAM_0006012,HAM_0006012,<40,ham,5,False,5,0.009187727,0.0053666574,0.005823954,0.068112336,0.0059857965,0.8547712,0.05075235,0.020540182,,0.020540182,look,0,,42,look_f0_s42_in22k_v5fix,last
ISIC_0029247,HAM_0002708,HAM_0002708,<40,ham,5,False,5,0.010187382,0.0050992607,0.0054823635,0.06366658,0.0048693065,0.86468095,0.046014152,0.02015595,,0.02015595,look,0,,42,look_f0_s42_in22k_v5fix,last
ISIC_0029250,HAM_0003720,HAM_0003720,40-59,ham,5,False,5,0.009773812,0.006317279,0.0061782347,0.067070276,0.0060514584,0.8558261,0.048782956,0.02214255,,0.02214255,look,0,,42,look_f0_s42_in22k_v5fix,last
ISIC_0029256,HAM_0001783,HAM_0001783,40-59,ham,5,False,5,0.010365409,0.006496067,0.0064484077,0.06850564,0.007130609,0.8522044,0.04884948,0.023992084,,0.023992084,look,0,,42,look_f0_s42_in22k_v5fix,last
ISIC_0029263,HAM_0002689,HAM_0002689,60+,ham,1,True,1,0.0113126105,0.8939057,0.0059243403,0.04935223,0.005390298,0.002453533,0.03166134,0.9106086,,0.9106086,look,0,,42,look_f0_s42_in22k_v5fix,last
ISIC_0029269,HAM_0002470,HAM_0002470,<40,ham,5,False,5,0.00821656,0.003665606,0.0065034586,0.0566436,0.0063940035,0.87495494,0.043621827,0.01827617,,0.01827617,look,0,,42,look_f0_s42_in22k_v5fix,last
ISIC_0029274,HAM_0003632,HAM_0003632,40-59,ham,5,False,5,0.008477923,0.0059454557,0.004675801,0.059546575,0.0043665487,0.87363297,0.043354787,0.018789928,,0.018789928,look,0,,42,look_f0_s42_in22k_v5fix,last
ISIC_0029292,HAM_0004295,HAM_0004295,40-59,ham,5,False,5,0.01082927,0.0061017293,0.0065266825,0.07704285,0.007167622,0.83251476,0.059817087,0.024098622,,0.024098622,look,0,,42,look_f0_s42_in22k_v5fix,last
ISIC_0029293,HAM_0000580,HAM_0000580,40-59,ham,5,False,5,0.009758239,0.006961585,0.005794733,0.067721575,0.006375507,0.8535518,0.049836554,0.02309533,,0.02309533,look,0,,42,look_f0_s42_in22k_v5fix,last
ISIC_0029299,HAM_0000071,HAM_0000071,40-59,ham,5,False,5,0.011943451,0.0070995037,0.007224641,0.06836163,0.005316988,0.8530302,0.04702353,0.024359941,,0.024359941,look,0,,42,look_f0_s42_in22k_v5fix,last
ISIC_0029300,HAM_0003914,HAM_0003914,40-59,ham,5,False,5,0.009182077,0.0033241438,0.01739534,0.05283172,0.0096534295,0.8627187,0.04489462,0.02215965,,0.02215965,look,0,,42,look_f0_s42_in22k_v5fix,last
ISIC_0029307,HAM_0001127,HAM_0001127,40-59,ham,5,False,5,0.009252716,0.005344816,0.0054905047,0.066453084,0.006683464,0.85752875,0.049246598,0.021280997,,0.021280997,look,0,,42,look_f0_s42_in22k_v5fix,last
ISIC_0029313,HAM_0006041,HAM_0006041,<40,ham,5,False,5,0.013115415,0.007829787,0.0066743395,0.07746109,0.0047919275,0.83099866,0.05912869,0.02573713,,0.02573713,look,0,,42,look_f0_s42_in22k_v5fix,last
ISIC_0029314,HAM_0003959,HAM_0003959,40-59,ham,5,False,5,0.009467664,0.006330759,0.0057400903,0.068342574,0.006837781,0.8521926,0.05108854,0.022636205,,0.022636205,look,0,,42,look_f0_s42_in22k_v5fix,last
ISIC_0029327,HAM_0003163,HAM_0003163,60+,ham,5,False,5,0.009893199,0.005776585,0.0061072246,0.0677763,0.005899029,0.8551128,0.04943481,0.021568814,,0.021568814,look,0,,42,look_f0_s42_in22k_v5fix,last
ISIC_0029333,HAM_0001946,HAM_0001946,40-59,ham,5,False,5,0.011158165,0.006487671,0.0062886784,0.067071974,0.005272976,0.85827523,0.045445297,0.022918813,,0.022918813,look,0,,42,look_f0_s42_in22k_v5fix,last
ISIC_0029349,HAM_0000771,HAM_0000771,<40,ham,5,False,5,0.008397875,0.00457093,0.00629846,0.06517153,0.0071379007,0.8628266,0.04559673,0.020106705,,0.020106705,look,0,,42,look_f0_s42_in22k_v5fix,last
ISIC_0029359,HAM_0001137,HAM_0001137,60+,ham,5,False,5,0.015249921,0.0041625276,0.0023012774,0.06344147,0.008190919,0.86491,0.04174379,0.027603367,,0.027603367,look,0,,42,look_f0_s42_in22k_v5fix,last
ISIC_0029361,HAM_0001182,HAM_0001182,40-59,ham,5,False,5,0.011828305,0.0074307574,0.0066509726,0.07578332,0.006052538,0.83982265,0.052431542,0.0253116,,0.0253116,look,0,,42,look_f0_s42_in22k_v5fix,last
ISIC_0029362,HAM_0005413,HAM_0005413,60+,ham,0,True,1,0.07948067,0.8035823,0.003097759,0.059928056,0.0044302675,0.0055974033,0.043883566,0.88749325,,0.88749325,look,0,,42,look_f0_s42_in22k_v5fix,last
ISIC_0029367,HAM_0003304,HAM_0003304,40-59,ham,5,False,5,0.009000615,0.0055177794,0.005318115,0.06257546,0.00439735,0.8679792,0.045211412,0.018915744,,0.018915744,look,0,,42,look_f0_s42_in22k_v5fix,last
ISIC_0029371,HAM_0005264,HAM_0005264,40-59,ham,0,True,1,0.011673454,0.86003184,0.034081932,0.044265643,0.005454298,0.002999953,0.04149286,0.8771596,,0.8771596,look,0,,42,look_f0_s42_in22k_v5fix,last
ISIC_0029379,HAM_0002781,HAM_0002781,40-59,ham,5,False,5,0.0102255065,0.005594743,0.0060213488,0.069241285,0.005149112,0.85492647,0.048841495,0.020969361,,0.020969361,look,0,,42,look_f0_s42_in22k_v5fix,last
ISIC_0029387,HAM_0000711,HAM_0000711,60+,ham,5,False,5,0.009105035,0.005142591,0.0056974944,0.06704604,0.00584297,0.8605689,0.046596907,0.020090597,,0.020090597,look,0,,42,look_f0_s42_in22k_v5fix,last
ISIC_0029397,HAM_0006538,HAM_0006538,<40,ham,4,True,5,0.007553021,0.004835293,0.0056087924,0.059351575,0.004596695,0.871647,0.046407662,0.016985008,,0.016985008,look,0,,42,look_f0_s42_in22k_v5fix,last
ISIC_0029403,HAM_0007506,HAM_0007506,60+,ham,5,False,5,0.010122762,0.007045747,0.006498529,0.069283195,0.006557285,0.85121566,0.049276765,0.023725793,,0.023725793,look,0,,42,look_f0_s42_in22k_v5fix,last
ISIC_0029412,HAM_0002024,HAM_0002024,60+,ham,1,True,0,0.8304934,0.005772903,0.028242804,0.08831329,0.0016597958,0.0014337456,0.044084106,0.8379261,,0.8379261,look,0,,42,look_f0_s42_in22k_v5fix,last
ISIC_0029416,HAM_0005455,HAM_0005455,40-59,ham,5,False,5,0.011259393,0.0068978122,0.0065294867,0.069943525,0.006763739,0.84906304,0.049542967,0.024920944,,0.024920944,look,0,,42,look_f0_s42_in22k_v5fix,last
ISIC_0029422,HAM_0005866,HAM_0005866,60+,ham,5,False,5,0.013401235,0.004346112,0.006221307,0.06536425,0.020446764,0.8401929,0.0500274,0.038194112,,0.038194112,look,0,,42,look_f0_s42_in22k_v5fix,last
ISIC_0029445,HAM_0001368,HAM_0001368,<40,ham,5,False,5,0.011124665,0.0076001897,0.00799644,0.06842231,0.0046913116,0.8512052,0.04895981,0.023416167,,0.023416167,look,0,,42,look_f0_s42_in22k_v5fix,last
ISIC_0029451,HAM_0006981,HAM_0006981,40-59,ham,5,False,5,0.008570035,0.0053241695,0.005051224,0.06559858,0.0060724244,0.8595233,0.049860235,0.019966628,,0.019966628,look,0,,42,look_f0_s42_in22k_v5fix,last
ISIC_0029453,HAM_0005719,HAM_0005719,40-59,ham,4,True,5,0.008706607,0.0058531105,0.0052927486,0.06058349,0.008666289,0.86623234,0.0446653,0.023226008,,0.023226008,look,0,,42,look_f0_s42_in22k_v5fix,last
ISIC_0029460,HAM_0000545,HAM_0000545,60+,ham,0,True,2,0.21465093,0.0074682147,0.599229,0.10378094,0.0033553296,0.0034131187,0.068102464,0.22547446,,0.22547446,look,0,,42,look_f0_s42_in22k_v5fix,last
ISIC_0029471,HAM_0000205,HAM_0000205,<40,ham,5,False,5,0.009276013,0.006261156,0.006385073,0.06145456,0.0057942527,0.864535,0.04629406,0.021331422,,0.021331422,look,0,,42,look_f0_s42_in22k_v5fix,last
ISIC_0029477,HAM_0004168,HAM_0004168,60+,ham,5,False,5,0.012452849,0.006242219,0.007004358,0.069992095,0.005784167,0.84583414,0.052690078,0.024479235,,0.024479235,look,0,,42,look_f0_s42_in22k_v5fix,last
ISIC_0029501,HAM_0002018,HAM_0002018,60+,ham,1,True,1,0.009381125,0.84314704,0.042873252,0.053640686,0.0018902227,0.0007540242,0.04831368,0.8544184,,0.8544184,look,0,,42,look_f0_s42_in22k_v5fix,last
ISIC_0029509,HAM_0001826,HAM_0001826,60+,ham,5,False,5,0.010284605,0.0071460763,0.007896572,0.07566932,0.0068437783,0.8418711,0.050288625,0.024274461,,0.024274461,look,0,,42,look_f0_s42_in22k_v5fix,last
ISIC_0029511,HAM_0006627,HAM_0006627,40-59,ham,5,False,5,0.0130818365,0.007557999,0.0077609313,0.07194558,0.006116621,0.84252715,0.051009946,0.026756456,,0.026756456,look,0,,42,look_f0_s42_in22k_v5fix,last
ISIC_0029518,HAM_0002096,HAM_0002096,40-59,ham,2,False,2,0.009390875,0.005870089,0.8996216,0.04512611,0.003977162,0.0029382245,0.033075888,0.019238126,,0.019238126,look,0,,42,look_f0_s42_in22k_v5fix,last
ISIC_0029520,HAM_0002249,HAM_0002249,60+,ham,5,False,5,0.008469986,0.00533407,0.0047049937,0.06405573,0.0044224393,0.8685334,0.044479508,0.018226495,,0.018226495,look,0,,42,look_f0_s42_in22k_v5fix,last
ISIC_0029524,HAM_0003191,HAM_0003191,60+,ham,1,True,1,0.04159328,0.83267885,0.0072197067,0.06259566,0.004622961,0.0029908102,0.0482987,0.87889504,,0.87889504,look,0,,42,look_f0_s42_in22k_v5fix,last
ISIC_0029528,HAM_0003707,HAM_0003707,<40,ham,5,False,5,0.009462333,0.005094921,0.009821059,0.06059888,0.0029035117,0.86979526,0.042324048,0.017460767,,0.017460767,look,0,,42,look_f0_s42_in22k_v5fix,last
ISIC_0029533,HAM_0005389,HAM_0005389,60+,ham,0,True,0,0.92258847,0.0031974725,0.013563145,0.031201962,0.0031253267,0.0018399877,0.024483658,0.92891127,,0.92891127,look,0,,42,look_f0_s42_in22k_v5fix,last
ISIC_0029537,HAM_0002147,HAM_0002147,<40,ham,5,False,5,0.013368454,0.017170012,0.019139612,0.104174,0.098614186,0.6770295,0.070504196,0.12915266,,0.12915266,look,0,,42,look_f0_s42_in22k_v5fix,last
ISIC_0029539,HAM_0005971,HAM_0005971,40-59,ham,1,True,1,0.008917815,0.87868655,0.005509795,0.058392644,0.004570619,0.0045644515,0.039358128,0.89217496,,0.89217496,look,0,,42,look_f0_s42_in22k_v5fix,last
ISIC_0029541,HAM_0004636,HAM_0004636,40-59,ham,0,True,0,0.9319017,0.0030474174,0.002151857,0.03194012,0.004089119,0.0026675174,0.024202183,0.9390382,,0.9390382,look,0,,42,look_f0_s42_in22k_v5fix,last
ISIC_0029556,HAM_0001831,HAM_0001831,60+,ham,5,False,5,0.009884332,0.0054496294,0.005702267,0.06674098,0.005986383,0.8578464,0.048390027,0.021320345,,0.021320345,look,0,,42,look_f0_s42_in22k_v5fix,last
ISIC_0029558,HAM_0003683,HAM_0003683,60+,ham,4,True,4,0.014061159,0.0067846985,0.0053109215,0.0784973,0.42344338,0.39745256,0.074449934,0.44428924,,0.44428924,look,0,,42,look_f0_s42_in22k_v5fix,last
ISIC_0029562,HAM_0005719,HAM_0005719,40-59,ham,4,True,5,0.011243009,0.0067836842,0.0068868366,0.0730707,0.0051139174,0.8445009,0.05240098,0.02314061,,0.02314061,look,0,,42,look_f0_s42_in22k_v5fix,last
ISIC_0029565,HAM_0001859,HAM_0001859,60+,ham,5,False,5,0.0111008,0.006892952,0.0074186153,0.06804603,0.006106581,0.8513811,0.049053814,0.024100333,,0.024100333,look,0,,42,look_f0_s42_in22k_v5fix,last
ISIC_0029579,HAM_0003082,HAM_0003082,<40,ham,5,False,5,0.0093521755,0.0059719104,0.0062313303,0.067260765,0.006215347,0.8578701,0.04709834,0.021539433,,0.021539433,look,0,,42,look_f0_s42_in22k_v5fix,last
ISIC_0029582,HAM_0003501,HAM_0003501,60+,ham,0,True,0,0.86487406,0.03239594,0.0027747997,0.05267935,0.0019587886,0.002473021,0.042844042,0.8992288,,0.8992288,look,0,,42,look_f0_s42_in22k_v5fix,last
ISIC_0029592,HAM_0006756,HAM_0006756,<40,ham,5,False,5,0.011164214,0.0048942044,0.0054864446,0.06544965,0.0055838213,0.85647017,0.05095142,0.02164224,,0.02164224,look,0,,42,look_f0_s42_in22k_v5fix,last
ISIC_0029594,HAM_0003227,HAM_0003227,40-59,ham,5,False,5,0.009596429,0.005165133,0.0050740154,0.065229565,0.0055187703,0.86128795,0.0481282,0.020280331,,0.020280331,look,0,,42,look_f0_s42_in22k_v5fix,last
ISIC_0029602,HAM_0003991,HAM_0003991,60+,ham,1,True,1,0.0077596665,0.89748764,0.005710385,0.05123871,0.0033811268,0.0032473844,0.031175027,0.90862846,,0.90862846,look,0,,42,look_f0_s42_in22k_v5fix,last
ISIC_0029603,HAM_0003476,HAM_0003476,60+,ham,2,False,2,0.011756707,0.0008032741,0.90346634,0.047969874,0.0046021095,0.004991185,0.026410565,0.01716209,,0.01716209,look,0,,42,look_f0_s42_in22k_v5fix,last
ISIC_0029607,HAM_0003599,HAM_0003599,40-59,ham,5,False,5,0.010541477,0.006555059,0.0066796527,0.066185825,0.0060635516,0.8560175,0.047956925,0.023160089,,0.023160089,look,0,,42,look_f0_s42_in22k_v5fix,last
ISIC_0029611,HAM_0000818,HAM_0000818,40-59,ham,5,False,5,0.009753534,0.0058318484,0.0057400875,0.07122973,0.00820205,0.84870785,0.050534833,0.023787431,,0.023787431,look,0,,42,look_f0_s42_in22k_v5fix,last
ISIC_0029615,HAM_0006735,HAM_0006735,<40,ham,5,False,5,0.008835387,0.0050103567,0.0049706595,0.062492624,0.0073643154,0.8677504,0.04357632,0.02121006,,0.02121006,look,0,,42,look_f0_s42_in22k_v5fix,last
ISIC_0029616,HAM_0002842,HAM_0002842,40-59,ham,5,False,5,0.009428183,0.0056320294,0.0060829106,0.06932541,0.0060114553,0.8525976,0.050922386,0.021071669,,0.021071669,look,0,,42,look_f0_s42_in22k_v5fix,last
ISIC_0029625,HAM_0004292,HAM_0004292,60+,ham,5,False,5,0.0113362055,0.0065938425,0.0062619844,0.07199856,0.004963802,0.8500371,0.048808634,0.02289385,,0.02289385,look,0,,42,look_f0_s42_in22k_v5fix,last
ISIC_0029630,HAM_0006692,HAM_0006692,60+,ham,4,True,4,0.01071369,0.007750139,0.011519378,0.057963498,0.86125886,0.0030473373,0.047746975,0.8797227,,0.8797227,look,0,,42,look_f0_s42_in22k_v5fix,last
ISIC_0029633,HAM_0002302,HAM_0002302,40-59,ham,5,False,5,0.011158905,0.006938359,0.0118419565,0.07153327,0.0030474719,0.8466314,0.04884861,0.021144735,,0.021144735,look,0,,42,look_f0_s42_in22k_v5fix,last
ISIC_0029642,HAM_0006964,HAM_0006964,60+,ham,4,True,4,0.0066562546,0.0046221805,0.0066075264,0.06286018,0.8706549,0.0069956505,0.04160333,0.88193333,,0.88193333,look,0,,42,look_f0_s42_in22k_v5fix,last
ISIC_0029660,HAM_0001703,HAM_0001703,60+,ham,4,True,5,0.007540686,0.004666799,0.0042021745,0.060621236,0.0077254223,0.86542046,0.049823202,0.019932907,,0.019932907,look,0,,42,look_f0_s42_in22k_v5fix,last
ISIC_0029678,HAM_0000383,HAM_0000383,60+,ham,2,False,4,0.005381807,0.003283487,0.0061959494,0.053236276,0.8285864,0.06091438,0.04240174,0.8372517,,0.8372517,look,0,,42,look_f0_s42_in22k_v5fix,last
ISIC_0029679,HAM_0000366,HAM_0000366,60+,ham,5,False,5,0.007606013,0.0020228883,0.11759401,0.061210807,0.047721557,0.73256445,0.031280264,0.057350457,,0.057350457,look,0,,42,look_f0_s42_in22k_v5fix,last
ISIC_0029686,HAM_0006530,HAM_0006530,40-59,ham,5,False,5,0.009833784,0.0060027726,0.005328427,0.06699761,0.005500606,0.85858256,0.047754273,0.02133716,,0.02133716,look,0,,42,look_f0_s42_in22k_v5fix,last
ISIC_0029688,HAM_0006369,HAM_0006369,40-59,ham,5,False,5,0.009417765,0.0061467784,0.0056622345,0.06649471,0.004514517,0.86122006,0.04654386,0.02007906,,0.02007906,look,0,,42,look_f0_s42_in22k_v5fix,last
ISIC_0029692,HAM_0005503,HAM_0005503,40-59,ham,5,False,5,0.00977142,0.005931333,0.006622199,0.065373674,0.0059702904,0.8594087,0.0469225,0.021673042,,0.021673042,look,0,,42,look_f0_s42_in22k_v5fix,last
ISIC_0029698,HAM_0005425,HAM_0005425,60+,ham,4,True,4,0.009283753,0.0053468347,0.07189812,0.076446116,0.7685482,0.014153902,0.05432307,0.7831788,,0.7831788,look,0,,42,look_f0_s42_in22k_v5fix,last
ISIC_0029705,HAM_0004936,HAM_0004936,60+,ham,4,True,4,0.009732353,0.005743602,0.008250624,0.07894227,0.64169914,0.20302054,0.05261152,0.65717506,,0.65717506,look,0,,42,look_f0_s42_in22k_v5fix,last
ISIC_0029706,HAM_0003972,HAM_0003972,40-59,ham,5,False,5,0.010865566,0.006445089,0.0068448354,0.0665456,0.0062387753,0.85407954,0.04898063,0.02354943,,0.02354943,look,0,,42,look_f0_s42_in22k_v5fix,last
ISIC_0029709,HAM_0003763,HAM_0003763,60+,ham,5,False,5,0.010925984,0.0059360396,0.006290382,0.06750564,0.0056354194,0.85525936,0.048447225,0.022497443,,0.022497443,look,0,,42,look_f0_s42_in22k_v5fix,last
ISIC_0029712,HAM_0004438,HAM_0004438,40-59,ham,5,False,5,0.010273323,0.00600317,0.006259549,0.06651687,0.0075699715,0.85406226,0.049314924,0.023846466,,0.023846466,look,0,,42,look_f0_s42_in22k_v5fix,last
ISIC_0029728,HAM_0006155,HAM_0006155,<40,ham,5,False,5,0.01946694,0.04674976,0.0072856466,0.089766145,0.004538983,0.7773828,0.054809775,0.07075568,,0.07075568,look,0,,42,look_f0_s42_in22k_v5fix,last
ISIC_0029729,HAM_0003008,HAM_0003008,60+,ham,5,False,5,0.0073364205,0.008477921,0.0046151807,0.04846482,0.0030255783,0.8861675,0.04191256,0.01883992,,0.01883992,look,0,,42,look_f0_s42_in22k_v5fix,last
ISIC_0029737,HAM_0000515,HAM_0000515,40-59,ham,5,False,5,0.006934942,0.0045255823,0.0037900547,0.06346116,0.005162338,0.8712697,0.04485626,0.016622862,,0.016622862,look,0,,42,look_f0_s42_in22k_v5fix,last
ISIC_0029739,HAM_0007352,HAM_0007352,40-59,ham,5,False,5,0.010294331,0.00574397,0.0059111086,0.0690136,0.005340626,0.8532364,0.05046005,0.021378929,,0.021378929,look,0,,42,look_f0_s42_in22k_v5fix,last
ISIC_0029746,HAM_0001137,HAM_0001137,60+,ham,5,False,5,0.018070111,0.004337874,0.0022975039,0.064149454,0.008976273,0.8570744,0.045094427,0.03138426,,0.03138426,look,0,,42,look_f0_s42_in22k_v5fix,last
ISIC_0029749,HAM_0001962,HAM_0001962,60+,ham,5,False,5,0.01475031,0.0051742275,0.013733874,0.07675952,0.0047970572,0.82408315,0.06070179,0.024721596,,0.024721596,look,0,,42,look_f0_s42_in22k_v5fix,last
ISIC_0029753,HAM_0005646,HAM_0005646,40-59,ham,5,False,5,0.010403653,0.005618283,0.0055613555,0.066084184,0.005191305,0.8579499,0.049191285,0.02121324,,0.02121324,look,0,,42,look_f0_s42_in22k_v5fix,last
ISIC_0029764,HAM_0004696,HAM_0004696,60+,ham,2,False,1,0.007894182,0.5582896,0.2852066,0.07884771,0.001222913,0.024118919,0.044420104,0.56740665,,0.56740665,look,0,,42,look_f0_s42_in22k_v5fix,last
ISIC_0029767,HAM_0003734,HAM_0003734,40-59,ham,5,False,5,0.0100361165,0.0059902165,0.006605014,0.06679678,0.0068987543,0.8536937,0.049979422,0.022925086,,0.022925086,look,0,,42,look_f0_s42_in22k_v5fix,last
ISIC_0029771,HAM_0004656,HAM_0004656,40-59,ham,5,False,5,0.010165618,0.006150678,0.007309532,0.066795126,0.008883021,0.8505426,0.050153513,0.025199316,,0.025199316,look,0,,42,look_f0_s42_in22k_v5fix,last
ISIC_0029772,HAM_0006805,HAM_0006805,40-59,ham,5,False,5,0.010110102,0.005954417,0.006744501,0.06535443,0.0065263454,0.85970664,0.045603644,0.022590864,,0.022590864,look,0,,42,look_f0_s42_in22k_v5fix,last
ISIC_0029777,HAM_0001189,HAM_0001189,<40,ham,5,False,5,0.009872383,0.0060105873,0.0057078525,0.06780841,0.005061425,0.85850906,0.047030292,0.020944396,,0.020944396,look,0,,42,look_f0_s42_in22k_v5fix,last
ISIC_0029782,HAM_0007120,HAM_0007120,60+,ham,5,False,5,0.011274774,0.007030868,0.0074643865,0.06947912,0.007417742,0.8469434,0.050389677,0.025723383,,0.025723383,look,0,,42,look_f0_s42_in22k_v5fix,last
ISIC_0029788,HAM_0004822,HAM_0004822,40-59,ham,5,False,5,0.009383539,0.0055444436,0.006251318,0.06598039,0.0076996917,0.8572621,0.047878534,0.022627674,,0.022627674,look,0,,42,look_f0_s42_in22k_v5fix,last
ISIC_0029793,HAM_0007151,HAM_0007151,60+,ham,2,False,2,0.01155638,0.00378009,0.8675121,0.068891406,0.0011913801,0.008730654,0.038337957,0.01652785,,0.01652785,look,0,,42,look_f0_s42_in22k_v5fix,last
ISIC_0029796,HAM_0000860,HAM_0000860,40-59,ham,5,False,5,0.010664522,0.006491366,0.0062588733,0.07233759,0.007829127,0.8446628,0.05175566,0.024985015,,0.024985015,look,0,,42,look_f0_s42_in22k_v5fix,last
ISIC_0029800,HAM_0003702,HAM_0003702,<40,ham,5,False,5,0.010283016,0.0063399025,0.00592104,0.06923119,0.005635971,0.8540088,0.04858019,0.022258889,,0.022258889,look,0,,42,look_f0_s42_in22k_v5fix,last
ISIC_0029817,HAM_0003572,HAM_0003572,<40,ham,5,False,5,0.009844853,0.0062636347,0.0060534547,0.0664761,0.0057630357,0.85731274,0.048286222,0.021871522,,0.021871522,look,0,,42,look_f0_s42_in22k_v5fix,last
ISIC_0029823,HAM_0001781,HAM_0001781,<40,ham,2,False,2,0.0074578305,0.004790413,0.9074747,0.04195337,0.0030777697,0.0024625608,0.032783378,0.015326014,,0.015326014,look,0,,42,look_f0_s42_in22k_v5fix,last
ISIC_0029832,HAM_0000325,HAM_0000325,<40,ham,5,False,5,0.011679185,0.006890551,0.0067826915,0.0690972,0.0063770865,0.8480148,0.05115853,0.024946822,,0.024946822,look,0,,42,look_f0_s42_in22k_v5fix,last
ISIC_0029834,HAM_0004454,HAM_0004454,<40,ham,5,False,5,0.009234173,0.005203874,0.0055277427,0.06637406,0.0047790403,0.86122465,0.047656506,0.019217087,,0.019217087,look,0,,42,look_f0_s42_in22k_v5fix,last
ISIC_0029847,HAM_0002791,HAM_0002791,40-59,ham,1,True,1,0.009758061,0.85551417,0.006245644,0.07146653,0.005300202,0.008185555,0.043529797,0.87057245,,0.87057245,look,0,,42,look_f0_s42_in22k_v5fix,last
ISIC_0029871,HAM_0003529,HAM_0003529,60+,ham,5,False,5,0.008969585,0.005231947,0.0056258547,0.07150764,0.0068662358,0.8512256,0.050573226,0.021067768,,0.021067768,look,0,,42,look_f0_s42_in22k_v5fix,last
ISIC_0029872,HAM_0004004,HAM_0004004,60+,ham,2,False,2,0.006671021,0.002796,0.9050949,0.051210668,0.0035704696,0.0025525477,0.028104343,0.013037492,,0.013037492,look,0,,42,look_f0_s42_in22k_v5fix,last
ISIC_0029887,HAM_0000638,HAM_0000638,40-59,ham,5,False,5,0.011393815,0.0066902135,0.006642025,0.07087207,0.005842869,0.84875906,0.049799975,0.023926899,,0.023926899,look,0,,42,look_f0_s42_in22k_v5fix,last
ISIC_0029926,HAM_0004030,HAM_0004030,40-59,ham,5,False,5,0.008961812,0.0046416754,0.0075724944,0.06402725,0.0053345445,0.86367726,0.045784995,0.018938031,,0.018938031,look,0,,42,look_f0_s42_in22k_v5fix,last
ISIC_0029933,HAM_0007305,HAM_0007305,40-59,ham,4,True,4,0.007328777,0.005975356,0.003479456,0.04038872,0.9072581,0.01033402,0.025235578,0.9205622,,0.9205622,look,0,,42,look_f0_s42_in22k_v5fix,last
ISIC_0029954,HAM_0000736,HAM_0000736,40-59,ham,5,False,5,0.011494566,0.007196698,0.0075455564,0.074352376,0.0077947914,0.83834684,0.05326919,0.026486056,,0.026486056,look,0,,42,look_f0_s42_in22k_v5fix,last
ISIC_0029955,HAM_0003906,HAM_0003906,40-59,ham,5,False,5,0.012069602,0.0074189682,0.0076066977,0.07050317,0.0058302246,0.8480028,0.048568577,0.025318794,,0.025318794,look,0,,42,look_f0_s42_in22k_v5fix,last
ISIC_0029958,HAM_0004507,HAM_0004507,60+,ham,4,True,4,0.22570135,0.0025281406,0.05391125,0.11972733,0.507586,0.0054465425,0.08509935,0.7358155,,0.7358155,look,0,,42,look_f0_s42_in22k_v5fix,last
ISIC_0029972,HAM_0002997,HAM_0002997,<40,ham,5,False,5,0.008950778,0.0059006754,0.0060792016,0.070136316,0.0041432227,0.8541666,0.050623275,0.018994676,,0.018994676,look,0,,42,look_f0_s42_in22k_v5fix,last
ISIC_0029975,HAM_0005994,HAM_0005994,60+,ham,5,False,5,0.023802653,0.006598341,0.01723931,0.10185249,0.37140474,0.39259502,0.08650753,0.40180573,,0.40180573,look,0,,42,look_f0_s42_in22k_v5fix,last
ISIC_0029983,HAM_0006619,HAM_0006619,60+,ham,5,False,5,0.007859662,0.0021857908,0.0057427604,0.04822586,0.011519137,0.88892365,0.035543088,0.02156459,,0.02156459,look,0,,42,look_f0_s42_in22k_v5fix,last
ISIC_0029995,HAM_0001835,HAM_0001835,60+,ham,4,True,4,0.014943807,0.0026560307,0.011220919,0.07367146,0.8526312,0.002254162,0.042622354,0.87023103,,0.87023103,look,0,,42,look_f0_s42_in22k_v5fix,last
ISIC_0030000,HAM_0004735,HAM_0004735,40-59,ham,5,False,5,0.012865829,0.0070287324,0.0057696095,0.071184896,0.005352287,0.8491598,0.048638936,0.02524685,,0.02524685,look,0,,42,look_f0_s42_in22k_v5fix,last
ISIC_0030002,HAM_0005746,HAM_0005746,60+,ham,4,True,4,0.004972657,0.0022288382,0.0047370037,0.033467066,0.9184043,0.014883789,0.02130632,0.9256058,,0.9256058,look,0,,42,look_f0_s42_in22k_v5fix,last
ISIC_0030003,HAM_0005229,HAM_0005229,<40,ham,5,False,5,0.009374451,0.0063724075,0.005672087,0.06923027,0.006333448,0.85623914,0.04677817,0.022080306,,0.022080306,look,0,,42,look_f0_s42_in22k_v5fix,last
ISIC_0030008,HAM_0007317,HAM_0007317,<40,ham,5,False,5,0.011076052,0.0072236024,0.005590325,0.07239316,0.0053359387,0.84592885,0.05245207,0.023635592,,0.023635592,look,0,,42,look_f0_s42_in22k_v5fix,last
ISIC_0030013,HAM_0001530,HAM_0001530,40-59,ham,5,False,5,0.010678214,0.006672083,0.0055687404,0.06221453,0.0067106676,0.8626622,0.0454936,0.024060965,,0.024060965,look,0,,42,look_f0_s42_in22k_v5fix,last
ISIC_0030015,HAM_0006542,HAM_0006542,60+,ham,3,False,3,0.002014105,0.0010580667,0.001862527,0.9891467,0.0016073957,0.000113481736,0.0041977875,0.004679567,,0.004679567,look,0,,42,look_f0_s42_in22k_v5fix,last
ISIC_0030025,HAM_0003391,HAM_0003391,40-59,ham,5,False,5,0.009745128,0.005827187,0.0065274406,0.06676339,0.005425698,0.85945,0.046261232,0.020998012,,0.020998012,look,0,,42,look_f0_s42_in22k_v5fix,last
ISIC_0030028,HAM_0004645,HAM_0004645,40-59,ham,5,False,5,0.011097554,0.006700862,0.005635762,0.071202874,0.006847546,0.8489147,0.049600784,0.024645962,,0.024645962,look,0,,42,look_f0_s42_in22k_v5fix,last
ISIC_0030029,HAM_0005437,HAM_0005437,40-59,ham,5,False,5,0.009496948,0.005970784,0.0063196616,0.06606162,0.007010354,0.85449916,0.050641496,0.022478085,,0.022478085,look,0,,42,look_f0_s42_in22k_v5fix,last
ISIC_0030032,HAM_0005724,HAM_0005724,60+,ham,4,True,4,0.039176185,0.005104693,0.013587069,0.06164417,0.8339743,0.0024913487,0.044022262,0.8782552,,0.8782552,look,0,,42,look_f0_s42_in22k_v5fix,last
ISIC_0030039,HAM_0001737,HAM_0001737,60+,ham,5,False,5,0.010627284,0.0046934336,0.004926309,0.06532355,0.024902385,0.83699507,0.052531965,0.040223103,,0.040223103,look,0,,42,look_f0_s42_in22k_v5fix,last
ISIC_0030042,HAM_0004436,HAM_0004436,40-59,ham,5,False,5,0.009736038,0.0056827017,0.0060082916,0.068154946,0.006518441,0.8553226,0.048577078,0.02193718,,0.02193718,look,0,,42,look_f0_s42_in22k_v5fix,last
ISIC_0030044,HAM_0001776,HAM_0001776,<40,ham,5,False,5,0.0106633175,0.0064095757,0.006298561,0.07027165,0.005858851,0.8496918,0.050806157,0.022931745,,0.022931745,look,0,,42,look_f0_s42_in22k_v5fix,last
ISIC_0030057,HAM_0001157,HAM_0001157,60+,ham,5,False,5,0.01772305,0.009759724,0.0065754172,0.079358086,0.0026523191,0.8322863,0.051645067,0.030135093,,0.030135093,look,0,,42,look_f0_s42_in22k_v5fix,last
ISIC_0030058,HAM_0005794,HAM_0005794,<40,ham,5,False,5,0.012996882,0.0054006893,0.007652462,0.0720732,0.005827382,0.84388846,0.052160975,0.024224954,,0.024224954,look,0,,42,look_f0_s42_in22k_v5fix,last
ISIC_0030062,HAM_0001293,HAM_0001293,40-59,ham,5,False,5,0.009638416,0.005959952,0.0057036136,0.06676926,0.0055514327,0.85898846,0.047388874,0.021149801,,0.021149801,look,0,,42,look_f0_s42_in22k_v5fix,last
ISIC_0030064,HAM_0006048,HAM_0006048,<40,ham,5,False,4,0.016695235,0.02367648,0.2730479,0.08095457,0.44095898,0.016449055,0.14821772,0.4813307,,0.4813307,look,0,,42,look_f0_s42_in22k_v5fix,last
ISIC_0030068,HAM_0005322,HAM_0005322,40-59,ham,5,False,5,0.01099052,0.007692677,0.007609616,0.071623586,0.0076162154,0.84279305,0.051674336,0.026299413,,0.026299413,look,0,,42,look_f0_s42_in22k_v5fix,last
ISIC_0030083,HAM_0005746,HAM_0005746,60+,ham,4,True,5,0.010147209,0.0065990184,0.004178527,0.08707225,0.13969406,0.69534045,0.056968432,0.15644029,,0.15644029,look,0,,42,look_f0_s42_in22k_v5fix,last
ISIC_0030094,HAM_0003101,HAM_0003101,60+,ham,1,True,1,0.008053193,0.8910724,0.008700854,0.0487783,0.003028008,0.0057279,0.03463929,0.9021536,,0.9021536,look,0,,42,look_f0_s42_in22k_v5fix,last
ISIC_0030095,HAM_0000050,HAM_0000050,60+,ham,2,False,2,0.276151,0.0536911,0.40181708,0.10906941,0.046148162,0.043110583,0.07001267,0.37599024,,0.37599024,look,0,,42,look_f0_s42_in22k_v5fix,last
ISIC_0030102,HAM_0005449,HAM_0005449,40-59,ham,5,False,5,0.009148532,0.0054509016,0.0052768355,0.0649983,0.004879053,0.8613746,0.048871823,0.019478487,,0.019478487,look,0,,42,look_f0_s42_in22k_v5fix,last
ISIC_0030114,HAM_0005998,HAM_0005998,60+,ham,1,True,1,0.008204697,0.875611,0.008338389,0.057252787,0.005110129,0.0046248334,0.0408582,0.88892585,,0.88892585,look,0,,42,look_f0_s42_in22k_v5fix,last
ISIC_0030120,HAM_0000729,HAM_0000729,40-59,ham,5,False,5,0.010024302,0.008377822,0.0058708475,0.06956246,0.0041214577,0.84893763,0.05310549,0.022523582,,0.022523582,look,0,,42,look_f0_s42_in22k_v5fix,last
ISIC_0030125,HAM_0001680,HAM_0001680,40-59,ham,5,False,5,0.03422761,0.12007338,0.11386258,0.17375426,0.0035216855,0.45235366,0.102206826,0.15782267,,0.15782267,look,0,,42,look_f0_s42_in22k_v5fix,last
ISIC_0030141,HAM_0001798,HAM_0001798,40-59,ham,5,False,5,0.009888277,0.0063547115,0.0057152193,0.06947567,0.0038859984,0.8546218,0.050058357,0.020128988,,0.020128988,look,0,,42,look_f0_s42_in22k_v5fix,last
ISIC_0030143,HAM_0005978,HAM_0005978,60+,ham,0,True,0,0.91678226,0.0018987193,0.0038203797,0.051516395,0.0024516631,0.0029558116,0.020574806,0.9211326,,0.9211326,look,0,,42,look_f0_s42_in22k_v5fix,last
ISIC_0030147,HAM_0004366,HAM_0004366,40-59,ham,5,False,5,0.0094705755,0.0057325056,0.0060739447,0.064682096,0.0038229334,0.8638862,0.04633176,0.019026015,,0.019026015,look,0,,42,look_f0_s42_in22k_v5fix,last
ISIC_0030151,HAM_0004614,HAM_0004614,60+,ham,5,False,2,0.004329322,0.00403255,0.89800435,0.044069167,0.003804466,0.0050464356,0.0407136,0.012166338,,0.012166338,look,0,,42,look_f0_s42_in22k_v5fix,last
ISIC_0030153,HAM_0005836,HAM_0005836,40-59,ham,5,False,5,0.012859253,0.0065170787,0.008388021,0.07222146,0.004284758,0.8459867,0.04974274,0.02366109,,0.02366109,look,0,,42,look_f0_s42_in22k_v5fix,last
ISIC_0030165,HAM_0005911,HAM_0005911,60+,ham,4,True,4,0.009293013,0.007561185,0.0054353043,0.059582654,0.86957616,0.004372249,0.044179432,0.8864304,,0.8864304,look,0,,42,look_f0_s42_in22k_v5fix,last
ISIC_0030171,HAM_0006253,HAM_0006253,60+,ham,4,True,5,0.008479132,0.0040993704,0.0052949237,0.062214732,0.016862486,0.8570937,0.045955695,0.029440988,,0.029440988,look,0,,42,look_f0_s42_in22k_v5fix,last
ISIC_0030174,HAM_0005259,HAM_0005259,40-59,ham,5,False,5,0.011085366,0.0071975603,0.006912633,0.07991747,0.01221083,0.82769966,0.05497652,0.030493755,,0.030493755,look,0,,42,look_f0_s42_in22k_v5fix,last
ISIC_0030181,HAM_0005985,HAM_0005985,40-59,ham,1,True,1,0.010299544,0.8818254,0.006975945,0.050624255,0.0048278123,0.003396366,0.042050697,0.89695275,,0.89695275,look,0,,42,look_f0_s42_in22k_v5fix,last
ISIC_0030200,HAM_0000495,HAM_0000495,40-59,ham,5,False,5,0.010859024,0.0069674533,0.006356814,0.066092975,0.0058643813,0.8546368,0.04922264,0.023690859,,0.023690859,look,0,,42,look_f0_s42_in22k_v5fix,last
ISIC_0030201,HAM_0005638,HAM_0005638,40-59,ham,5,False,5,0.009995263,0.0062570777,0.0060838372,0.068948954,0.0056385007,0.8543318,0.048744474,0.021890841,,0.021890841,look,0,,42,look_f0_s42_in22k_v5fix,last
ISIC_0030228,HAM_0002777,HAM_0002777,40-59,ham,5,False,5,0.009522157,0.005998239,0.006219478,0.066032074,0.007496612,0.8576637,0.047067832,0.023017008,,0.023017008,look,0,,42,look_f0_s42_in22k_v5fix,last
ISIC_0030237,HAM_0003210,HAM_0003210,40-59,ham,5,False,5,0.010714434,0.0064225285,0.0064156572,0.069728926,0.0067019453,0.8498977,0.05011886,0.023838907,,0.023838907,look,0,,42,look_f0_s42_in22k_v5fix,last
ISIC_0030239,HAM_0001648,HAM_0001648,40-59,ham,5,False,5,0.009877028,0.005441226,0.0061563393,0.06640245,0.0065515395,0.858255,0.04731633,0.021869794,,0.021869794,look,0,,42,look_f0_s42_in22k_v5fix,last
ISIC_0030266,HAM_0007458,HAM_0007458,40-59,ham,5,False,5,0.005280152,0.003046533,0.0062512257,0.06847604,0.0039862893,0.87593055,0.037029274,0.012312975,,0.012312975,look,0,,42,look_f0_s42_in22k_v5fix,last
ISIC_0030278,HAM_0001545,HAM_0001545,<40,ham,5,False,5,0.012665472,0.007011716,0.006517481,0.07291458,0.0034283812,0.84728724,0.050175194,0.02310557,,0.02310557,look,0,,42,look_f0_s42_in22k_v5fix,last
ISIC_0030286,HAM_0000793,HAM_0000793,60+,ham,5,False,5,0.00944017,0.0073946095,0.007265257,0.068080045,0.006017147,0.8549151,0.04688776,0.022851925,,0.022851925,look,0,,42,look_f0_s42_in22k_v5fix,last
ISIC_0030295,HAM_0007404,HAM_0007404,40-59,ham,5,False,5,0.010516902,0.0060819117,0.0057782237,0.06912791,0.0058298325,0.8531334,0.0495318,0.022428647,,0.022428647,look,0,,42,look_f0_s42_in22k_v5fix,last
ISIC_0030302,HAM_0000058,HAM_0000058,40-59,ham,5,False,5,0.008799843,0.006027852,0.00512035,0.06701958,0.0042678392,0.86063343,0.048131086,0.019095534,,0.019095534,look,0,,42,look_f0_s42_in22k_v5fix,last
ISIC_0030306,HAM_0001904,HAM_0001904,40-59,ham,5,False,5,0.010076027,0.00616964,0.0071201115,0.06430176,0.0062645148,0.8593116,0.046756487,0.022510182,,0.022510182,look,0,,42,look_f0_s42_in22k_v5fix,last
ISIC_0030314,HAM_0004536,HAM_0004536,40-59,ham,1,True,1,0.006421526,0.9005186,0.0034333572,0.04600162,0.004988814,0.005209058,0.033427052,0.9119289,,0.9119289,look,0,,42,look_f0_s42_in22k_v5fix,last
ISIC_0030327,HAM_0005815,HAM_0005815,40-59,ham,5,False,5,0.008793395,0.005365359,0.0053455452,0.0651572,0.004505403,0.86386794,0.046965178,0.018664157,,0.018664157,look,0,,42,look_f0_s42_in22k_v5fix,last
ISIC_0030330,HAM_0002399,HAM_0002399,60+,ham,5,False,5,0.014856824,0.0059247823,0.008012378,0.07751976,0.004012682,0.8399295,0.049744107,0.024794288,,0.024794288,look,0,,42,look_f0_s42_in22k_v5fix,last
ISIC_0030340,HAM_0006972,HAM_0006972,60+,ham,5,False,4,0.0048081013,0.005923701,0.06647702,0.10068643,0.42708588,0.34123635,0.05378254,0.4378177,,0.4378177,look,0,,42,look_f0_s42_in22k_v5fix,last
ISIC_0030341,HAM_0004558,HAM_0004558,60+,ham,0,True,1,0.009708916,0.8743255,0.0074052922,0.055217564,0.005988033,0.003292357,0.044062264,0.8900225,,0.8900225,look,0,,42,look_f0_s42_in22k_v5fix,last
ISIC_0030353,HAM_0000737,HAM_0000737,40-59,ham,5,False,5,0.0109380605,0.007116965,0.008553131,0.0695137,0.0068912823,0.8472753,0.049711548,0.024946308,,0.024946308,look,0,,42,look_f0_s42_in22k_v5fix,last
ISIC_0030356,HAM_0005481,HAM_0005481,40-59,ham,4,True,4,0.009727365,0.0054245023,0.005417704,0.06700092,0.7641587,0.097354025,0.050916757,0.7793106,,0.7793106,look,0,,42,look_f0_s42_in22k_v5fix,last
ISIC_0030362,HAM_0000135,HAM_0000135,<40,ham,5,False,5,0.012628634,0.005950605,0.006600799,0.07779026,0.010664382,0.8275492,0.058816154,0.029243622,,0.029243622,look,0,,42,look_f0_s42_in22k_v5fix,last
ISIC_0030363,HAM_0004112,HAM_0004112,40-59,ham,5,False,5,0.0100647425,0.006385632,0.0066231648,0.06799215,0.0067146355,0.8533657,0.0488539,0.02316501,,0.02316501,look,0,,42,look_f0_s42_in22k_v5fix,last
ISIC_0030367,HAM_0003320,HAM_0003320,<40,ham,5,False,5,0.011530586,0.0080309855,0.007042149,0.06713711,0.0072049634,0.8512266,0.04782754,0.026766533,,0.026766533,look,0,,42,look_f0_s42_in22k_v5fix,last
ISIC_0030371,HAM_0005342,HAM_0005342,<40,ham,5,False,5,0.010787383,0.0057827653,0.005397329,0.084196374,0.07159371,0.7625953,0.059647065,0.08816385,,0.08816385,look,0,,42,look_f0_s42_in22k_v5fix,last
ISIC_0030373,HAM_0007362,HAM_0007362,<40,ham,5,False,5,0.008574181,0.0052321274,0.004996656,0.06283272,0.0042249183,0.86855656,0.045582872,0.018031226,,0.018031226,look,0,,42,look_f0_s42_in22k_v5fix,last
ISIC_0030383,HAM_0003996,HAM_0003996,60+,ham,2,False,2,0.006287166,0.004713706,0.88093364,0.05350707,0.0034775257,0.0072099967,0.043870997,0.014478398,,0.014478398,look,0,,42,look_f0_s42_in22k_v5fix,last
ISIC_0030391,HAM_0000337,HAM_0000337,40-59,ham,4,True,5,0.008002962,0.004996369,0.004804984,0.06851635,0.0072139404,0.85584253,0.050622962,0.020213272,,0.020213272,look,0,,42,look_f0_s42_in22k_v5fix,last
ISIC_0030396,HAM_0004570,HAM_0004570,40-59,ham,2,False,2,0.011490287,0.005960735,0.9189416,0.030516215,0.0010019698,0.0068354346,0.025253879,0.01845299,,0.01845299,look,0,,42,look_f0_s42_in22k_v5fix,last
ISIC_0030399,HAM_0005870,HAM_0005870,<40,ham,5,False,5,0.008256726,0.004901755,0.0036771877,0.06756803,0.018368278,0.8508422,0.0463859,0.03152676,,0.03152676,look,0,,42,look_f0_s42_in22k_v5fix,last
ISIC_0030407,HAM_0005550,HAM_0005550,40-59,ham,5,False,5,0.01028546,0.0070201303,0.008692612,0.06689116,0.008399917,0.8517664,0.0469442,0.025705507,,0.025705507,look,0,,42,look_f0_s42_in22k_v5fix,last
ISIC_0030408,HAM_0002061,HAM_0002061,60+,ham,0,True,0,0.93320096,0.0046088174,0.0029887343,0.034094013,0.002682226,0.001527826,0.020897359,0.940492,,0.940492,look,0,,42,look_f0_s42_in22k_v5fix,last
ISIC_0030410,HAM_0006553,HAM_0006553,<40,ham,5,False,5,0.017809656,0.00628905,0.055367693,0.07588015,0.008796138,0.7728493,0.063007966,0.032894842,,0.032894842,look,0,,42,look_f0_s42_in22k_v5fix,last
ISIC_0030417,HAM_0004476,HAM_0004476,60+,ham,4,True,0,0.8759459,0.0014945548,0.02297421,0.05458649,0.012177872,0.0026333896,0.030187583,0.88961834,,0.88961834,look,0,,42,look_f0_s42_in22k_v5fix,last
ISIC_0030418,HAM_0005283,HAM_0005283,40-59,ham,5,False,5,0.010466624,0.0065297787,0.005863505,0.06672075,0.0047012004,0.8554447,0.050273452,0.021697603,,0.021697603,look,0,,42,look_f0_s42_in22k_v5fix,last
ISIC_0030419,HAM_0005063,HAM_0005063,60+,ham,5,False,5,0.010627577,0.0061446545,0.0065536224,0.06820682,0.0069587696,0.852793,0.048715606,0.023731,,0.023731,look,0,,42,look_f0_s42_in22k_v5fix,last
ISIC_0030425,HAM_0004946,HAM_0004946,40-59,ham,5,False,0,0.39268383,0.0059227785,0.24436696,0.07993287,0.04316895,0.15323114,0.08069349,0.44177556,,0.44177556,look,0,,42,look_f0_s42_in22k_v5fix,last
ISIC_0030429,HAM_0006146,HAM_0006146,40-59,ham,5,False,5,0.012016477,0.005676241,0.005490333,0.066712596,0.004335164,0.85307646,0.05269267,0.022027884,,0.022027884,look,0,,42,look_f0_s42_in22k_v5fix,last
ISIC_0030431,HAM_0005833,HAM_0005833,<40,ham,5,False,5,0.00937808,0.0048113954,0.006077245,0.06907375,0.0037960024,0.855688,0.051175546,0.017985478,,0.017985478,look,0,,42,look_f0_s42_in22k_v5fix,last
ISIC_0030432,HAM_0006735,HAM_0006735,<40,ham,5,False,5,0.008871635,0.0051293937,0.0044107437,0.06685547,0.005293616,0.86245376,0.04698537,0.019294646,,0.019294646,look,0,,42,look_f0_s42_in22k_v5fix,last
ISIC_0030447,HAM_0003523,HAM_0003523,40-59,ham,5,False,5,0.00888999,0.005657564,0.006545843,0.06462361,0.00561265,0.8635159,0.045154467,0.020160204,,0.020160204,look,0,,42,look_f0_s42_in22k_v5fix,last
ISIC_0030451,HAM_0006905,HAM_0006905,60+,ham,5,False,5,0.005414407,0.0026798516,0.10134645,0.05858976,0.0032118482,0.7867472,0.04201046,0.011306107,,0.011306107,look,0,,42,look_f0_s42_in22k_v5fix,last
ISIC_0030455,HAM_0000717,HAM_0000717,<40,ham,5,False,5,0.009921002,0.006702773,0.006091329,0.0678382,0.006109276,0.8523391,0.050998256,0.022733051,,0.022733051,look,0,,42,look_f0_s42_in22k_v5fix,last
ISIC_0030460,HAM_0001696,HAM_0001696,60+,ham,5,False,5,0.011021432,0.0033285157,0.014084894,0.05926876,0.011419564,0.85255116,0.04832565,0.02576951,,0.02576951,look,0,,42,look_f0_s42_in22k_v5fix,last
ISIC_0030463,HAM_0004655,HAM_0004655,60+,ham,0,True,0,0.9272685,0.0019810318,0.0015670608,0.03687436,0.003591779,0.0028948886,0.025822366,0.9328413,,0.9328413,look,0,,42,look_f0_s42_in22k_v5fix,last
ISIC_0030499,HAM_0001086,HAM_0001086,40-59,ham,5,False,5,0.00991359,0.0062771426,0.006441988,0.069520555,0.006132501,0.85296255,0.04875158,0.022323232,,0.022323232,look,0,,42,look_f0_s42_in22k_v5fix,last
ISIC_0030501,HAM_0000887,HAM_0000887,40-59,ham,4,True,4,0.004955811,0.004281582,0.014444579,0.062347673,0.8657302,0.006445345,0.041794796,0.87496763,,0.87496763,look,0,,42,look_f0_s42_in22k_v5fix,last
ISIC_0030508,HAM_0006041,HAM_0006041,<40,ham,5,False,5,0.012576556,0.007741894,0.006925181,0.078125134,0.005134673,0.83079636,0.05870029,0.025453124,,0.025453124,look,0,,42,look_f0_s42_in22k_v5fix,last
ISIC_0030510,HAM_0000895,HAM_0000895,40-59,ham,5,False,5,0.0101691885,0.0062908866,0.0067545837,0.06551261,0.0043073017,0.860913,0.046052486,0.020767378,,0.020767378,look,0,,42,look_f0_s42_in22k_v5fix,last
ISIC_0030519,HAM_0005703,HAM_0005703,40-59,ham,5,False,5,0.008857781,0.0047052447,0.005916794,0.065899715,0.004651046,0.8636865,0.046282943,0.018214071,,0.018214071,look,0,,42,look_f0_s42_in22k_v5fix,last
ISIC_0030543,HAM_0001745,HAM_0001745,60+,ham,5,False,5,0.010414295,0.0057347436,0.005224156,0.06715032,0.003744642,0.8605033,0.047228523,0.01989368,,0.01989368,look,0,,42,look_f0_s42_in22k_v5fix,last
ISIC_0030547,HAM_0006956,HAM_0006956,<40,ham,5,False,5,0.008740217,0.0042567826,0.006998545,0.06463764,0.0074146036,0.85756636,0.05038591,0.020411603,,0.020411603,look,0,,42,look_f0_s42_in22k_v5fix,last
ISIC_0030562,HAM_0004093,HAM_0004093,40-59,ham,5,False,5,0.010851086,0.0064045954,0.0065546785,0.069866434,0.0071546063,0.8488102,0.05035837,0.024410289,,0.024410289,look,0,,42,look_f0_s42_in22k_v5fix,last
ISIC_0030564,HAM_0005613,HAM_0005613,40-59,ham,4,True,4,0.023789216,0.0063429526,0.026741764,0.04384987,0.86802423,0.00369674,0.027555197,0.8981564,,0.8981564,look,0,,42,look_f0_s42_in22k_v5fix,last
ISIC_0030574,HAM_0000195,HAM_0000195,40-59,ham,1,True,2,0.009795345,0.32562673,0.36058643,0.17076206,0.049218986,0.005576048,0.07843437,0.38464105,,0.38464105,look,0,,42,look_f0_s42_in22k_v5fix,last
ISIC_0030593,HAM_0002685,HAM_0002685,<40,ham,5,False,5,0.011339937,0.007667148,0.006378033,0.06984712,0.0053109466,0.85106367,0.04839312,0.024318032,,0.024318032,look,0,,42,look_f0_s42_in22k_v5fix,last
ISIC_0030613,HAM_0006298,HAM_0006298,40-59,ham,5,False,5,0.009637224,0.005820126,0.005890038,0.06673495,0.004736056,0.86387426,0.04330736,0.020193405,,0.020193405,look,0,,42,look_f0_s42_in22k_v5fix,last
ISIC_0030627,HAM_0006202,HAM_0006202,40-59,ham,5,False,5,0.008044112,0.005380748,0.0061141886,0.06578295,0.0052550305,0.8631208,0.04630212,0.01867989,,0.01867989,look,0,,42,look_f0_s42_in22k_v5fix,last
ISIC_0030633,HAM_0005391,HAM_0005391,40-59,ham,5,False,5,0.008253726,0.0049775764,0.005361994,0.0638531,0.004826198,0.8660611,0.046666306,0.018057501,,0.018057501,look,0,,42,look_f0_s42_in22k_v5fix,last
ISIC_0030642,HAM_0007023,HAM_0007023,40-59,ham,5,False,5,0.011326629,0.007068811,0.0069571985,0.067929536,0.0048486465,0.85385185,0.048017282,0.023244085,,0.023244085,look,0,,42,look_f0_s42_in22k_v5fix,last
ISIC_0030646,HAM_0007074,HAM_0007074,40-59,ham,5,False,5,0.009870751,0.0063221287,0.007600448,0.06826908,0.0056210924,0.85531145,0.04700515,0.021813972,,0.021813972,look,0,,42,look_f0_s42_in22k_v5fix,last
ISIC_0030663,HAM_0006104,HAM_0006104,<40,ham,5,False,5,0.0110089425,0.008214907,0.0044975635,0.07832067,0.11032982,0.7194328,0.068195336,0.12955368,,0.12955368,look,0,,42,look_f0_s42_in22k_v5fix,last
ISIC_0030670,HAM_0000726,HAM_0000726,60+,ham,5,False,5,0.011034331,0.006983762,0.0061549507,0.076602474,0.007618038,0.84212655,0.049479906,0.025636131,,0.025636131,look,0,,42,look_f0_s42_in22k_v5fix,last
ISIC_0030672,HAM_0007255,HAM_0007255,40-59,ham,5,False,5,0.0113114305,0.007012293,0.0049630753,0.0634713,0.004129504,0.8622275,0.046884865,0.022453226,,0.022453226,look,0,,42,look_f0_s42_in22k_v5fix,last
ISIC_0030673,HAM_0001144,HAM_0001144,40-59,ham,5,False,5,0.007770574,0.004271188,0.0044202977,0.06569534,0.00585963,0.86489207,0.047090884,0.017901393,,0.017901393,look,0,,42,look_f0_s42_in22k_v5fix,last
ISIC_0030674,HAM_0006905,HAM_0006905,60+,ham,5,False,5,0.0034459452,0.0031156468,0.03333265,0.04747848,0.0018381387,0.8762147,0.034574505,0.008399731,,0.008399731,look,0,,42,look_f0_s42_in22k_v5fix,last
ISIC_0030675,HAM_0003568,HAM_0003568,40-59,ham,5,False,5,0.008488708,0.0070253084,0.00903542,0.06300338,0.0045917355,0.8666495,0.04120603,0.020105751,,0.020105751,look,0,,42,look_f0_s42_in22k_v5fix,last
ISIC_0030678,HAM_0006591,HAM_0006591,40-59,ham,5,False,5,0.008660916,0.0040020966,0.011206435,0.056715947,0.009855852,0.861408,0.048150852,0.022518866,,0.022518866,look,0,,42,look_f0_s42_in22k_v5fix,last
ISIC_0030683,HAM_0001024,HAM_0001024,40-59,ham,2,False,2,0.009973194,0.0049994513,0.43055406,0.08836347,0.012801641,0.38316402,0.070144184,0.027774286,,0.027774286,look,0,,42,look_f0_s42_in22k_v5fix,last
ISIC_0030691,HAM_0006081,HAM_0006081,40-59,ham,5,False,5,0.011043852,0.006423044,0.006549093,0.072402485,0.008095759,0.8428652,0.05262056,0.025562655,,0.025562655,look,0,,42,look_f0_s42_in22k_v5fix,last
ISIC_0030697,HAM_0001141,HAM_0001141,<40,ham,5,False,5,0.00912559,0.0049923914,0.0051466147,0.06701745,0.0053086337,0.8585242,0.049885176,0.019426616,,0.019426616,look,0,,42,look_f0_s42_in22k_v5fix,last
ISIC_0030704,HAM_0005966,HAM_0005966,60+,ham,5,False,5,0.010886608,0.0066033285,0.006508813,0.07368096,0.009176971,0.84041303,0.05273028,0.026666908,,0.026666908,look,0,,42,look_f0_s42_in22k_v5fix,last
ISIC_0030708,HAM_0002162,HAM_0002162,40-59,ham,5,False,5,0.01058345,0.0064301053,0.006796962,0.06787177,0.006856804,0.85172266,0.04973828,0.02387036,,0.02387036,look,0,,42,look_f0_s42_in22k_v5fix,last
ISIC_0030721,HAM_0006769,HAM_0006769,60+,ham,2,False,2,0.009328903,0.007360634,0.8709005,0.06113285,0.004733279,0.0043194927,0.042224407,0.021422816,,0.021422816,look,0,,42,look_f0_s42_in22k_v5fix,last
ISIC_0030731,HAM_0005865,HAM_0005865,60+,ham,2,False,2,0.0027292678,0.0055263885,0.91902083,0.034260143,0.004332742,0.015847825,0.01828286,0.0125883985,,0.0125883985,look,0,,42,look_f0_s42_in22k_v5fix,last
ISIC_0030759,HAM_0001353,HAM_0001353,40-59,ham,4,True,2,0.0062377644,0.006434797,0.90623677,0.04812705,0.0036073676,0.0021260858,0.027230125,0.016279928,,0.016279928,look,0,,42,look_f0_s42_in22k_v5fix,last
ISIC_0030766,HAM_0006351,HAM_0006351,60+,ham,1,True,5,0.007831583,0.11039074,0.0055101463,0.08051948,0.011785223,0.4715445,0.3124183,0.13000754,,0.13000754,look,0,,42,look_f0_s42_in22k_v5fix,last
ISIC_0030785,HAM_0004609,HAM_0004609,60+,ham,0,True,1,0.010258793,0.9047929,0.0041232645,0.043673214,0.003783188,0.0033295027,0.03003905,0.91883487,,0.91883487,look,0,,42,look_f0_s42_in22k_v5fix,last
ISIC_0030788,HAM_0004785,HAM_0004785,60+,ham,5,False,5,0.01014858,0.0059371693,0.005759863,0.071880355,0.007109955,0.84775484,0.05140925,0.023195704,,0.023195704,look,0,,42,look_f0_s42_in22k_v5fix,last
ISIC_0030792,HAM_0000759,HAM_0000759,60+,ham,5,False,5,0.0088359155,0.0047227102,0.006934097,0.06582955,0.0073733116,0.8593939,0.046910573,0.020931937,,0.020931937,look,0,,42,look_f0_s42_in22k_v5fix,last
ISIC_0030802,HAM_0004058,HAM_0004058,60+,ham,5,False,5,0.00676616,0.005899308,0.011150439,0.056669854,0.004887826,0.8718745,0.04275197,0.017553292,,0.017553292,look,0,,42,look_f0_s42_in22k_v5fix,last
ISIC_0030803,HAM_0004012,HAM_0004012,60+,ham,0,True,2,0.14437255,0.2425967,0.377854,0.124203905,0.010947433,0.003235825,0.09678953,0.3979167,,0.3979167,look,0,,42,look_f0_s42_in22k_v5fix,last
ISIC_0030804,HAM_0000702,HAM_0000702,40-59,ham,5,False,5,0.010097094,0.0055402433,0.005382616,0.067066446,0.0042705415,0.86033326,0.047309723,0.01990788,,0.01990788,look,0,,42,look_f0_s42_in22k_v5fix,last
ISIC_0030807,HAM_0004799,HAM_0004799,<40,ham,5,False,5,0.00718501,0.0044282554,0.00448017,0.0628041,0.0040237135,0.8707059,0.046372853,0.015636979,,0.015636979,look,0,,42,look_f0_s42_in22k_v5fix,last
ISIC_0030815,HAM_0000305,HAM_0000305,40-59,ham,5,False,5,0.010198143,0.0065484713,0.0068614166,0.06904204,0.006079574,0.85248184,0.04878857,0.022826187,,0.022826187,look,0,,42,look_f0_s42_in22k_v5fix,last
ISIC_0030821,HAM_0006604,HAM_0006604,60+,ham,0,True,2,0.023478242,0.004988599,0.71818775,0.07538757,0.0055540185,0.12066498,0.051738903,0.03402086,,0.03402086,look,0,,42,look_f0_s42_in22k_v5fix,last
ISIC_0030828,HAM_0001456,HAM_0001456,60+,ham,4,True,5,0.007389786,0.0046231183,0.008462039,0.062626876,0.012142287,0.8596125,0.04514342,0.024155192,,0.024155192,look,0,,42,look_f0_s42_in22k_v5fix,last
ISIC_0030832,HAM_0003756,HAM_0003756,40-59,ham,5,False,5,0.009851875,0.006176032,0.006151068,0.06789358,0.006686617,0.8549745,0.04826639,0.022714524,,0.022714524,look,0,,42,look_f0_s42_in22k_v5fix,last
ISIC_0030839,HAM_0006926,HAM_0006926,60+,ham,5,False,2,0.0036941518,0.0028198059,0.9118136,0.04223511,0.0024606786,0.008375702,0.02860094,0.008974636,,0.008974636,look,0,,42,look_f0_s42_in22k_v5fix,last
ISIC_0030854,HAM_0003908,HAM_0003908,<40,ham,5,False,5,0.012060248,0.0070200064,0.0066323513,0.06979018,0.0061255107,0.84787345,0.05049832,0.025205765,,0.025205765,look,0,,42,look_f0_s42_in22k_v5fix,last
ISIC_0030855,HAM_0007610,HAM_0007610,40-59,ham,5,False,5,0.010874473,0.006437641,0.006554091,0.06875759,0.004687948,0.8555829,0.047105372,0.022000061,,0.022000061,look,0,,42,look_f0_s42_in22k_v5fix,last
ISIC_0030869,HAM_0004838,HAM_0004838,60+,ham,5,False,5,0.009505624,0.005979177,0.0061321873,0.06831079,0.0047901594,0.8570377,0.048244312,0.02027496,,0.02027496,look,0,,42,look_f0_s42_in22k_v5fix,last
ISIC_0030882,HAM_0004455,HAM_0004455,<40,ham,6,False,6,0.0009492263,0.0005942636,0.0006298118,0.007931359,0.000592025,0.00081142754,0.9884919,0.002135515,,0.002135515,look,0,,42,look_f0_s42_in22k_v5fix,last
ISIC_0030888,HAM_0005838,HAM_0005838,40-59,ham,5,False,5,0.007137183,0.0049649333,0.0053943335,0.06227726,0.0044423724,0.87174827,0.044035684,0.016544487,,0.016544487,look,0,,42,look_f0_s42_in22k_v5fix,last
ISIC_0030889,HAM_0002356,HAM_0002356,<40,ham,5,False,5,0.010078023,0.0060592103,0.005957937,0.06590937,0.0045726486,0.8624376,0.044985127,0.020709882,,0.020709882,look,0,,42,look_f0_s42_in22k_v5fix,last
ISIC_0030895,HAM_0006647,HAM_0006647,40-59,ham,5,False,5,0.01151784,0.005903354,0.0063986713,0.07072363,0.0037837368,0.85096586,0.050706886,0.02120493,,0.02120493,look,0,,42,look_f0_s42_in22k_v5fix,last
ISIC_0030908,HAM_0004474,HAM_0004474,40-59,ham,5,False,5,0.010970479,0.0062061376,0.0062477663,0.065173276,0.0054238974,0.856719,0.04925945,0.022600515,,0.022600515,look,0,,42,look_f0_s42_in22k_v5fix,last
ISIC_0030909,HAM_0000258,HAM_0000258,<40,ham,5,False,5,0.009004183,0.0046135476,0.007607763,0.0682411,0.005761534,0.85215676,0.052614998,0.019379266,,0.019379266,look,0,,42,look_f0_s42_in22k_v5fix,last
ISIC_0030910,HAM_0001598,HAM_0001598,60+,ham,4,True,0,0.9052816,0.0015988116,0.011516131,0.045235362,0.0049360557,0.0020819765,0.029350016,0.9118165,,0.9118165,look,0,,42,look_f0_s42_in22k_v5fix,last
ISIC_0030936,HAM_0002066,HAM_0002066,40-59,ham,5,False,5,0.0082063135,0.004903236,0.0055135787,0.0625985,0.0057807188,0.8653925,0.04760517,0.01889027,,0.01889027,look,0,,42,look_f0_s42_in22k_v5fix,last
ISIC_0030963,HAM_0002833,HAM_0002833,<40,ham,5,False,5,0.008929543,0.0048203464,0.0045817075,0.06339729,0.004071652,0.86928326,0.044916164,0.017821543,,0.017821543,look,0,,42,look_f0_s42_in22k_v5fix,last
ISIC_0030966,HAM_0004802,HAM_0004802,40-59,ham,5,False,5,0.014134997,0.005646744,0.012216792,0.08687188,0.11478015,0.7105532,0.055796243,0.1345619,,0.1345619,look,0,,42,look_f0_s42_in22k_v5fix,last
ISIC_0030978,HAM_0002007,HAM_0002007,60+,ham,5,False,2,0.0059415936,0.005039098,0.7057816,0.07499362,0.14212736,0.0035687606,0.06254801,0.15310806,,0.15310806,look,0,,42,look_f0_s42_in22k_v5fix,last
ISIC_0030980,HAM_0003303,HAM_0003303,<40,ham,5,False,5,0.014201667,0.009683278,0.008817507,0.08025183,0.0029229813,0.83087814,0.053244688,0.026807927,,0.026807927,look,0,,42,look_f0_s42_in22k_v5fix,last
ISIC_0030984,HAM_0000317,HAM_0000317,40-59,ham,5,False,5,0.009452027,0.0064191725,0.0066567785,0.068043984,0.005404537,0.85630894,0.0477145,0.021275738,,0.021275738,look,0,,42,look_f0_s42_in22k_v5fix,last
ISIC_0030987,HAM_0001254,HAM_0001254,40-59,ham,5,False,5,0.010700327,0.0063069165,0.0059815818,0.06994008,0.0051423693,0.85202837,0.049900357,0.022149611,,0.022149611,look,0,,42,look_f0_s42_in22k_v5fix,last
ISIC_0031007,HAM_0000153,HAM_0000153,60+,ham,1,True,1,0.0064391894,0.90162355,0.004233789,0.046432562,0.004211156,0.0030447573,0.034015007,0.9122739,,0.9122739,look,0,,42,look_f0_s42_in22k_v5fix,last
ISIC_0031012,HAM_0005389,HAM_0005389,60+,ham,0,True,0,0.73259836,0.0064847874,0.116729185,0.07129706,0.01231941,0.0031283798,0.05744289,0.75140256,,0.75140256,look,0,,42,look_f0_s42_in22k_v5fix,last
ISIC_0031017,HAM_0005772,HAM_0005772,60+,ham,2,False,2,0.008569289,0.0037168113,0.8962527,0.04957171,0.003921086,0.0022294954,0.035739,0.016207187,,0.016207187,look,0,,42,look_f0_s42_in22k_v5fix,last
ISIC_0031019,HAM_0000287,HAM_0000287,60+,ham,5,False,4,0.007821015,0.005741535,0.004418442,0.054440822,0.88397497,0.0048535005,0.038749654,0.8975375,,0.8975375,look,0,,42,look_f0_s42_in22k_v5fix,last
ISIC_0031021,HAM_0006780,HAM_0006780,40-59,ham,5,False,5,0.010383093,0.006320124,0.005058139,0.06879928,0.0036574167,0.85959667,0.04618518,0.020360634,,0.020360634,look,0,,42,look_f0_s42_in22k_v5fix,last
ISIC_0031027,HAM_0006499,HAM_0006499,40-59,ham,5,False,5,0.01081476,0.0073948763,0.0069953245,0.06875821,0.0061761225,0.8496953,0.050165337,0.024385758,,0.024385758,look,0,,42,look_f0_s42_in22k_v5fix,last
ISIC_0031034,HAM_0000888,HAM_0000888,60+,ham,4,True,4,0.008922728,0.0031189357,0.006607194,0.06980376,0.7339989,0.12612131,0.051427107,0.7460406,,0.7460406,look,0,,42,look_f0_s42_in22k_v5fix,last
ISIC_0031042,HAM_0005994,HAM_0005994,60+,ham,5,False,5,0.00584872,0.0038377424,0.0062961695,0.054116923,0.012687472,0.8772529,0.03996006,0.022373933,,0.022373933,look,0,,42,look_f0_s42_in22k_v5fix,last
ISIC_0031043,HAM_0006217,HAM_0006217,60+,ham,0,True,5,0.05608466,0.011457306,0.19905299,0.09171833,0.0069442876,0.55473244,0.08001,0.074486256,,0.074486256,look,0,,42,look_f0_s42_in22k_v5fix,last
ISIC_0031055,HAM_0004180,HAM_0004180,60+,ham,5,False,5,0.010494892,0.006839692,0.008466456,0.06925363,0.006741562,0.85089856,0.047305223,0.024076145,,0.024076145,look,0,,42,look_f0_s42_in22k_v5fix,last
ISIC_0031070,HAM_0000632,HAM_0000632,<40,ham,5,False,5,0.0150040155,0.003929897,0.016486507,0.07745996,0.019398117,0.8192009,0.048520613,0.03833203,,0.03833203,look,0,,42,look_f0_s42_in22k_v5fix,last
ISIC_0031084,HAM_0006562,HAM_0006562,40-59,ham,5,False,5,0.010747735,0.006461793,0.0068777064,0.069301166,0.006938588,0.85081,0.048862983,0.024148116,,0.024148116,look,0,,42,look_f0_s42_in22k_v5fix,last
ISIC_0031091,HAM_0000174,HAM_0000174,40-59,ham,5,False,5,0.012090662,0.006858068,0.004325771,0.07200593,0.022325665,0.8095937,0.07280016,0.041274395,,0.041274395,look,0,,42,look_f0_s42_in22k_v5fix,last
ISIC_0031095,HAM_0005798,HAM_0005798,60+,ham,1,True,1,0.011622395,0.8310862,0.0071377116,0.07312931,0.008267096,0.0052912966,0.06346599,0.8509757,,0.8509757,look,0,,42,look_f0_s42_in22k_v5fix,last
ISIC_0031099,HAM_0004544,HAM_0004544,40-59,ham,5,False,5,0.01254825,0.007167296,0.0070714513,0.071137354,0.0066949916,0.84510195,0.050278693,0.026410537,,0.026410537,look,0,,42,look_f0_s42_in22k_v5fix,last
ISIC_0031103,HAM_0001372,HAM_0001372,<40,ham,6,False,6,0.0013248463,0.0005800571,0.0006502529,0.008356049,0.00055795227,0.00043917095,0.9880918,0.0024628558,,0.0024628558,look,0,,42,look_f0_s42_in22k_v5fix,last
ISIC_0031116,HAM_0004217,HAM_0004217,40-59,ham,5,False,5,0.010260194,0.0061039077,0.006554188,0.06773062,0.006414033,0.8531777,0.049759243,0.022778135,,0.022778135,look,0,,42,look_f0_s42_in22k_v5fix,last
ISIC_0031120,HAM_0002014,HAM_0002014,40-59,ham,5,False,5,0.009859246,0.0055413162,0.0059343716,0.06732796,0.0060773874,0.85722476,0.04803494,0.021477949,,0.021477949,look,0,,42,look_f0_s42_in22k_v5fix,last
ISIC_0031132,HAM_0006064,HAM_0006064,60+,ham,2,False,2,0.010651262,0.0055743987,0.8981982,0.04765952,0.004895442,0.0034010345,0.02962019,0.021121103,,0.021121103,look,0,,42,look_f0_s42_in22k_v5fix,last
ISIC_0031145,HAM_0004267,HAM_0004267,40-59,ham,5,False,5,0.009370121,0.0057659834,0.0060439226,0.065798685,0.0053661927,0.85867727,0.048977856,0.020502297,,0.020502297,look,0,,42,look_f0_s42_in22k_v5fix,last
ISIC_0031156,HAM_0003209,HAM_0003209,40-59,ham,5,False,5,0.011004596,0.0061870785,0.0060279137,0.061883353,0.0043812683,0.8656776,0.04483831,0.021572944,,0.021572944,look,0,,42,look_f0_s42_in22k_v5fix,last
ISIC_0031157,HAM_0003238,HAM_0003238,40-59,ham,5,False,5,0.010556818,0.006995627,0.0065613566,0.06637045,0.005968713,0.8569195,0.04662751,0.023521159,,0.023521159,look,0,,42,look_f0_s42_in22k_v5fix,last
ISIC_0031159,HAM_0005772,HAM_0005772,60+,ham,2,False,2,0.0066136816,0.0027292226,0.9029062,0.045705136,0.0075594606,0.0017866411,0.032699674,0.016902365,,0.016902365,look,0,,42,look_f0_s42_in22k_v5fix,last
ISIC_0031166,HAM_0001610,HAM_0001610,60+,ham,1,True,1,0.009166486,0.88466954,0.006209498,0.05534974,0.0043657725,0.004555728,0.035683263,0.8982018,,0.8982018,look,0,,42,look_f0_s42_in22k_v5fix,last
ISIC_0031172,HAM_0002165,HAM_0002165,40-59,ham,5,False,5,0.011692952,0.0066975416,0.008158789,0.06973262,0.0055185575,0.8486316,0.04956796,0.023909051,,0.023909051,look,0,,42,look_f0_s42_in22k_v5fix,last
ISIC_0031179,HAM_0001996,HAM_0001996,40-59,ham,5,False,5,0.008496572,0.0050020227,0.005012443,0.06295129,0.0060975156,0.86376125,0.048679005,0.019596111,,0.019596111,look,0,,42,look_f0_s42_in22k_v5fix,last
ISIC_0031197,HAM_0006889,HAM_0006889,<40,ham,6,False,6,0.0017597252,0.000969453,0.00083008746,0.008900012,0.0009940015,0.0004149713,0.9861318,0.0037231797,,0.0037231797,look,0,,42,look_f0_s42_in22k_v5fix,last
ISIC_0031199,HAM_0006046,HAM_0006046,40-59,ham,5,False,5,0.011057337,0.0062286146,0.0069167237,0.067628436,0.0062358775,0.85618144,0.045751616,0.023521828,,0.023521828,look,0,,42,look_f0_s42_in22k_v5fix,last
ISIC_0031227,HAM_0002252,HAM_0002252,40-59,ham,5,False,5,0.00952425,0.0057628066,0.0057042018,0.06768928,0.0052725542,0.85670084,0.049346138,0.02055961,,0.02055961,look,0,,42,look_f0_s42_in22k_v5fix,last
ISIC_0031234,HAM_0006177,HAM_0006177,40-59,ham,5,False,5,0.012555889,0.007944947,0.007581382,0.0695442,0.0051507372,0.8507402,0.04648265,0.025651572,,0.025651572,look,0,,42,look_f0_s42_in22k_v5fix,last
ISIC_0031243,HAM_0003738,HAM_0003738,60+,ham,1,True,5,0.006992408,0.053733896,0.0041924035,0.07712473,0.0067305774,0.78796035,0.06326561,0.06745688,,0.06745688,look,0,,42,look_f0_s42_in22k_v5fix,last
ISIC_0031245,HAM_0005901,HAM_0005901,60+,ham,1,True,1,0.006861983,0.8877788,0.0064423033,0.047428012,0.0064496677,0.003243092,0.041796017,0.90109044,,0.90109044,look,0,,42,look_f0_s42_in22k_v5fix,last
ISIC_0031252,HAM_0002580,HAM_0002580,40-59,ham,5,False,5,0.010893504,0.0064397356,0.0066004703,0.070025094,0.007064796,0.8509593,0.04801704,0.024398036,,0.024398036,look,0,,42,look_f0_s42_in22k_v5fix,last
ISIC_0031255,HAM_0005520,HAM_0005520,60+,ham,5,False,5,0.009935996,0.005622585,0.005628241,0.06511421,0.0068025333,0.85692084,0.04997562,0.022361113,,0.022361113,look,0,,42,look_f0_s42_in22k_v5fix,last
ISIC_0031257,HAM_0003023,HAM_0003023,40-59,ham,3,False,3,0.0008519718,9.284577e-05,0.001094566,0.9942808,0.00020613748,0.0002548708,0.003218712,0.001150955,,0.001150955,look,0,,42,look_f0_s42_in22k_v5fix,last
ISIC_0031258,HAM_0005971,HAM_0005971,40-59,ham,1,True,1,0.0106390705,0.8782228,0.005543656,0.05810302,0.004144101,0.004562012,0.03878543,0.89300597,,0.89300597,look,0,,42,look_f0_s42_in22k_v5fix,last
ISIC_0031263,HAM_0007289,HAM_0007289,60+,ham,1,True,1,0.020472204,0.8496919,0.006838188,0.06578549,0.00412462,0.006566307,0.046521302,0.8742888,,0.8742888,look,0,,42,look_f0_s42_in22k_v5fix,last
ISIC_0031270,HAM_0006889,HAM_0006889,<40,ham,6,False,6,0.0011203835,0.00051918975,0.0004623553,0.007414661,0.0013728117,0.0004240517,0.98868656,0.003012385,,0.003012385,look,0,,42,look_f0_s42_in22k_v5fix,last
ISIC_0031293,HAM_0004418,HAM_0004418,<40,ham,5,False,5,0.009769092,0.0055685258,0.006186728,0.06505326,0.014083674,0.8512758,0.048062947,0.029421292,,0.029421292,look,0,,42,look_f0_s42_in22k_v5fix,last
ISIC_0031296,HAM_0002825,HAM_0002825,60+,ham,5,False,5,0.0098619275,0.0063806935,0.0064468444,0.069121815,0.0061958795,0.8525737,0.049419045,0.0224385,,0.0224385,look,0,,42,look_f0_s42_in22k_v5fix,last
ISIC_0031304,HAM_0001125,HAM_0001125,60+,ham,5,False,5,0.0052529615,0.010834079,0.0069874395,0.07624756,0.119145274,0.72689766,0.054635026,0.13523231,,0.13523231,look,0,,42,look_f0_s42_in22k_v5fix,last
ISIC_0031309,HAM_0004103,HAM_0004103,40-59,ham,3,False,3,0.0032698044,4.4188357e-05,0.0019490506,0.9715485,0.000111135916,0.0024381494,0.020639202,0.0034251288,,0.0034251288,look,0,,42,look_f0_s42_in22k_v5fix,last
ISIC_0031314,HAM_0000204,HAM_0000204,40-59,ham,5,False,5,0.016271848,0.0026338908,0.011464578,0.045296162,0.003333593,0.8883641,0.032635845,0.022239331,,0.022239331,look,0,,42,look_f0_s42_in22k_v5fix,last
ISIC_0031323,HAM_0000258,HAM_0000258,<40,ham,5,False,5,0.009319833,0.005114462,0.00645642,0.06780042,0.004397516,0.8585518,0.048359547,0.018831812,,0.018831812,look,0,,42,look_f0_s42_in22k_v5fix,last
ISIC_0031326,HAM_0007207,HAM_0007207,60+,ham,2,False,2,0.0053749243,0.007398705,0.8981526,0.04782453,0.0042382353,0.0038155052,0.033195492,0.017011864,,0.017011864,look,0,,42,look_f0_s42_in22k_v5fix,last
ISIC_0031327,HAM_0007137,HAM_0007137,60+,ham,5,False,5,0.009592204,0.0060566,0.0068192165,0.06584462,0.0076799165,0.8565164,0.047491025,0.023328722,,0.023328722,look,0,,42,look_f0_s42_in22k_v5fix,last
ISIC_0031331,HAM_0004419,HAM_0004419,40-59,ham,5,False,5,0.011204562,0.0063368743,0.0062316908,0.06843409,0.0059420923,0.85201985,0.04983083,0.02348353,,0.02348353,look,0,,42,look_f0_s42_in22k_v5fix,last
ISIC_0031344,HAM_0005861,HAM_0005861,60+,ham,3,False,3,0.0062742266,0.0006897872,0.021681832,0.96433073,0.0002693546,0.00024063555,0.0065134326,0.0072333687,,0.0072333687,look,0,,42,look_f0_s42_in22k_v5fix,last
ISIC_0031349,HAM_0002042,HAM_0002042,60+,ham,2,False,2,0.0113171395,0.0046712323,0.898748,0.049980488,0.0033059588,0.0028503754,0.029126862,0.01929433,,0.01929433,look,0,,42,look_f0_s42_in22k_v5fix,last
ISIC_0031357,HAM_0003289,HAM_0003289,40-59,ham,5,False,5,0.008901869,0.0058027967,0.005944302,0.06643315,0.0062749623,0.86002946,0.04661333,0.020979628,,0.020979628,look,0,,42,look_f0_s42_in22k_v5fix,last
ISIC_0031371,HAM_0001079,HAM_0001079,40-59,ham,5,False,5,0.0095247235,0.0054290714,0.005826368,0.06636277,0.0059936177,0.8588213,0.048042145,0.020947412,,0.020947412,look,0,,42,look_f0_s42_in22k_v5fix,last
ISIC_0031375,HAM_0000127,HAM_0000127,40-59,ham,5,False,5,0.008862367,0.0054978877,0.0049261227,0.065732956,0.0045534386,0.8638346,0.04659265,0.018913694,,0.018913694,look,0,,42,look_f0_s42_in22k_v5fix,last
ISIC_0031389,HAM_0002591,HAM_0002591,40-59,ham,4,True,5,0.008006022,0.0076646637,0.0041522295,0.06996384,0.005846409,0.85426116,0.0501056,0.021517096,,0.021517096,look,0,,42,look_f0_s42_in22k_v5fix,last
ISIC_0031394,HAM_0000050,HAM_0000050,60+,ham,2,False,5,0.03808135,0.0033391144,0.2765254,0.1278125,0.03732092,0.4470245,0.06989624,0.07874139,,0.07874139,look,0,,42,look_f0_s42_in22k_v5fix,last
ISIC_0031396,HAM_0004466,HAM_0004466,40-59,ham,2,False,2,0.006127663,0.00407197,0.8833046,0.05554119,0.004149167,0.003277058,0.04352831,0.014348799,,0.014348799,look,0,,42,look_f0_s42_in22k_v5fix,last
ISIC_0031412,HAM_0002797,HAM_0002797,<40,ham,5,False,5,0.014575799,0.006209033,0.025998723,0.07550742,0.0028929373,0.82880926,0.046006937,0.02367777,,0.02367777,look,0,,42,look_f0_s42_in22k_v5fix,last
ISIC_0031435,HAM_0004747,HAM_0004747,40-59,ham,5,False,5,0.013190104,0.0048847366,0.01140119,0.07861733,0.041565858,0.78658986,0.063750885,0.059640698,,0.059640698,look,0,,42,look_f0_s42_in22k_v5fix,last
ISIC_0031460,HAM_0000135,HAM_0000135,<40,ham,5,False,5,0.00999385,0.0075669726,0.004819517,0.06273834,0.01013888,0.8513385,0.05340387,0.027699703,,0.027699703,look,0,,42,look_f0_s42_in22k_v5fix,last
ISIC_0031461,HAM_0001241,HAM_0001241,<40,ham,5,False,5,0.009697725,0.005208993,0.004698202,0.06305908,0.0041224016,0.8702794,0.042934284,0.019029118,,0.019029118,look,0,,42,look_f0_s42_in22k_v5fix,last
ISIC_0031478,HAM_0004658,HAM_0004658,40-59,ham,5,False,5,0.012520479,0.0071286866,0.007319073,0.07370945,0.005548388,0.84100944,0.05276454,0.025197554,,0.025197554,look,0,,42,look_f0_s42_in22k_v5fix,last
ISIC_0031479,HAM_0000274,HAM_0000274,60+,ham,4,True,4,0.006205854,0.0043030973,0.0041071777,0.05466905,0.8890015,0.0024331543,0.039280225,0.89951044,,0.89951044,look,0,,42,look_f0_s42_in22k_v5fix,last
ISIC_0031484,HAM_0005930,HAM_0005930,40-59,ham,5,False,5,0.010803622,0.0073150615,0.0071985414,0.06830303,0.0072377305,0.8509194,0.04822253,0.025356414,,0.025356414,look,0,,42,look_f0_s42_in22k_v5fix,last
ISIC_0031497,HAM_0004774,HAM_0004774,<40,ham,5,False,5,0.010688713,0.006409031,0.0068704123,0.069474556,0.0071687126,0.8503146,0.049073942,0.024266455,,0.024266455,look,0,,42,look_f0_s42_in22k_v5fix,last
ISIC_0031503,HAM_0002808,HAM_0002808,40-59,ham,5,False,5,0.009915677,0.0069631757,0.006269468,0.07214901,0.0055844956,0.8548871,0.044231165,0.022463348,,0.022463348,look,0,,42,look_f0_s42_in22k_v5fix,last
ISIC_0031505,HAM_0005991,HAM_0005991,40-59,ham,5,False,5,0.013483226,0.007254203,0.006476733,0.075035974,0.0041635935,0.84368956,0.049896646,0.024901021,,0.024901021,look,0,,42,look_f0_s42_in22k_v5fix,last
ISIC_0031522,HAM_0005865,HAM_0005865,60+,ham,2,False,2,0.0050903666,0.0034073584,0.930239,0.03488838,0.0013119454,0.0031847835,0.021878147,0.009809671,,0.009809671,look,0,,42,look_f0_s42_in22k_v5fix,last
ISIC_0031554,HAM_0000433,HAM_0000433,40-59,ham,4,True,5,0.016284442,0.0075163255,0.0056443345,0.1298357,0.17178608,0.5753582,0.09357484,0.19558686,,0.19558686,look,0,,42,look_f0_s42_in22k_v5fix,last
ISIC_0031556,HAM_0006122,HAM_0006122,60+,ham,2,False,5,0.009367455,0.0044471566,0.0062377793,0.061762266,0.024997383,0.8484456,0.0447424,0.038811997,,0.038811997,look,0,,42,look_f0_s42_in22k_v5fix,last
ISIC_0031557,HAM_0006521,HAM_0006521,60+,ham,4,True,4,0.008737541,0.0066077337,0.0054794564,0.05761897,0.87292993,0.005704274,0.042922046,0.8882752,,0.8882752,look,0,,42,look_f0_s42_in22k_v5fix,last
ISIC_0031564,HAM_0005090,HAM_0005090,40-59,ham,5,False,5,0.01511744,0.005897962,0.0106792385,0.07459649,0.22076523,0.61676216,0.056181543,0.24178064,,0.24178064,look,0,,42,look_f0_s42_in22k_v5fix,last
ISIC_0031569,HAM_0003039,HAM_0003039,<40,ham,1,True,1,0.0072734603,0.8102505,0.044021845,0.07526517,0.0035120856,0.005123112,0.054553825,0.82103604,,0.82103604,look,0,,42,look_f0_s42_in22k_v5fix,last
ISIC_0031577,HAM_0005338,HAM_0005338,40-59,ham,2,False,5,0.010584892,0.0059725125,0.007949234,0.06367653,0.004034573,0.8610792,0.046703063,0.020591978,,0.020591978,look,0,,42,look_f0_s42_in22k_v5fix,last
ISIC_0031586,HAM_0001671,HAM_0001671,40-59,ham,4,True,5,0.010073389,0.0065232157,0.005076815,0.10150104,0.19209282,0.6133595,0.07137323,0.20868942,,0.20868942,look,0,,42,look_f0_s42_in22k_v5fix,last
ISIC_0031599,HAM_0003263,HAM_0003263,<40,ham,5,False,5,0.009413843,0.0050131395,0.004829338,0.07259195,0.032358322,0.82080346,0.054989874,0.046785302,,0.046785302,look,0,,42,look_f0_s42_in22k_v5fix,last
ISIC_0031613,HAM_0005408,HAM_0005408,60+,ham,5,False,5,0.01341684,0.0064235763,0.01096305,0.071059726,0.004278319,0.84390116,0.049957376,0.024118735,,0.024118735,look,0,,42,look_f0_s42_in22k_v5fix,last
ISIC_0031623,HAM_0005625,HAM_0005625,<40,ham,5,False,5,0.007622265,0.0046950323,0.004444845,0.059899777,0.007991082,0.8704987,0.044848297,0.02030838,,0.02030838,look,0,,42,look_f0_s42_in22k_v5fix,last
ISIC_0031626,HAM_0007292,HAM_0007292,40-59,ham,5,False,5,0.008925178,0.005666589,0.00625552,0.06566072,0.005580759,0.8619949,0.045916382,0.020172525,,0.020172525,look,0,,42,look_f0_s42_in22k_v5fix,last
ISIC_0031635,HAM_0000434,HAM_0000434,40-59,ham,5,False,5,0.009114325,0.005241552,0.0055960743,0.065902516,0.0046095247,0.8577948,0.05174111,0.018965403,,0.018965403,look,0,,42,look_f0_s42_in22k_v5fix,last
ISIC_0031637,HAM_0007159,HAM_0007159,60+,ham,5,False,5,0.012089737,0.007601856,0.007924732,0.0708919,0.00736343,0.8434304,0.05069794,0.027055021,,0.027055021,look,0,,42,look_f0_s42_in22k_v5fix,last
ISIC_0031638,HAM_0002704,HAM_0002704,40-59,ham,5,False,5,0.010714832,0.0066585084,0.006716082,0.06788914,0.0049039978,0.85770863,0.04540886,0.022277338,,0.022277338,look,0,,42,look_f0_s42_in22k_v5fix,last
ISIC_0031642,HAM_0004607,HAM_0004607,40-59,ham,4,True,5,0.014177004,0.01010229,0.004455707,0.11596631,0.10987331,0.66467386,0.080751576,0.1341526,,0.1341526,look,0,,42,look_f0_s42_in22k_v5fix,last
ISIC_0031645,HAM_0001037,HAM_0001037,<40,ham,5,False,4,0.010125803,0.005379479,0.003099314,0.042987164,0.8944145,0.013379839,0.0306139,0.90991974,,0.90991974,look,0,,42,look_f0_s42_in22k_v5fix,last
ISIC_0031652,HAM_0004789,HAM_0004789,40-59,ham,5,False,5,0.010254045,0.005997705,0.0061910646,0.06691869,0.005934093,0.8565125,0.048191834,0.022185843,,0.022185843,look,0,,42,look_f0_s42_in22k_v5fix,last
ISIC_0031653,HAM_0004006,HAM_0004006,40-59,ham,5,False,5,0.010061878,0.0064255255,0.0055897716,0.06498001,0.005340715,0.8615348,0.04606731,0.021828119,,0.021828119,look,0,,42,look_f0_s42_in22k_v5fix,last
ISIC_0031659,HAM_0005264,HAM_0005264,40-59,ham,0,True,1,0.007427315,0.88230616,0.012651403,0.05008346,0.0035847314,0.004042899,0.039904054,0.89331824,,0.89331824,look,0,,42,look_f0_s42_in22k_v5fix,last
ISIC_0031673,HAM_0002854,HAM_0002854,<40,ham,5,False,5,0.01126956,0.006257085,0.0059369532,0.06940978,0.0062968754,0.8497406,0.05108908,0.02382352,,0.02382352,look,0,,42,look_f0_s42_in22k_v5fix,last
ISIC_0031674,HAM_0006837,HAM_0006837,40-59,ham,5,False,5,0.011654501,0.010459823,0.0057263407,0.09032573,0.03163281,0.7756138,0.07458699,0.053747132,,0.053747132,look,0,,42,look_f0_s42_in22k_v5fix,last
ISIC_0031677,HAM_0002683,HAM_0002683,60+,ham,2,False,2,0.006793382,0.0068875877,0.8814839,0.05322803,0.008542193,0.0022219426,0.04084299,0.022223163,,0.022223163,look,0,,42,look_f0_s42_in22k_v5fix,last
ISIC_0031692,HAM_0007131,HAM_0007131,60+,ham,0,True,4,0.13936134,0.03078587,0.007976897,0.13879399,0.6142453,0.0015054136,0.067331135,0.7843925,,0.7843925,look,0,,42,look_f0_s42_in22k_v5fix,last
ISIC_0031705,HAM_0004747,HAM_0004747,40-59,ham,5,False,4,0.0054584574,0.003713677,0.0015385615,0.040583547,0.9089915,0.011030774,0.028683556,0.91816366,,0.91816366,look,0,,42,look_f0_s42_in22k_v5fix,last
ISIC_0031707,HAM_0000383,HAM_0000383,60+,ham,2,False,4,0.0057350635,0.0028781996,0.0034100804,0.043408785,0.86943364,0.042305,0.03282926,0.87804693,,0.87804693,look,0,,42,look_f0_s42_in22k_v5fix,last
ISIC_0031712,HAM_0004147,HAM_0004147,60+,ham,1,True,1,0.009020198,0.85704386,0.0077043595,0.06447521,0.0041807937,0.013719678,0.04385594,0.87024486,,0.87024486,look,0,,42,look_f0_s42_in22k_v5fix,last
ISIC_0031716,HAM_0002686,HAM_0002686,60+,ham,2,False,0,0.3727915,0.12897055,0.17418443,0.13328701,0.06606796,0.0011254118,0.12357312,0.56782997,,0.56782997,look,0,,42,look_f0_s42_in22k_v5fix,last
ISIC_0031724,HAM_0006919,HAM_0006919,40-59,ham,5,False,5,0.0151035795,0.009688685,0.0072125546,0.08213745,0.0041288915,0.8302336,0.05149518,0.028921157,,0.028921157,look,0,,42,look_f0_s42_in22k_v5fix,last
ISIC_0031726,HAM_0001037,HAM_0001037,<40,ham,5,False,4,0.015200805,0.008925603,0.004861072,0.10880917,0.45575508,0.32791868,0.07852953,0.4798815,,0.4798815,look,0,,42,look_f0_s42_in22k_v5fix,last
ISIC_0031732,HAM_0004860,HAM_0004860,<40,ham,5,False,5,0.011940949,0.0077367984,0.0069685024,0.06914362,0.006474683,0.8494958,0.04823969,0.02615243,,0.02615243,look,0,,42,look_f0_s42_in22k_v5fix,last
ISIC_0031736,HAM_0004993,HAM_0004993,40-59,ham,5,False,5,0.010466829,0.005976003,0.0066123786,0.06747956,0.0060861413,0.8545405,0.048838485,0.022528972,,0.022528972,look,0,,42,look_f0_s42_in22k_v5fix,last
ISIC_0031741,HAM_0006400,HAM_0006400,40-59,ham,4,True,5,0.007995873,0.0045855143,0.008744303,0.0726452,0.049665958,0.80634093,0.05002231,0.062247343,,0.062247343,look,0,,42,look_f0_s42_in22k_v5fix,last
ISIC_0031745,HAM_0001671,HAM_0001671,40-59,ham,4,True,5,0.0094536785,0.0061133658,0.005233676,0.063328825,0.012508835,0.8556989,0.04766262,0.028075878,,0.028075878,look,0,,42,look_f0_s42_in22k_v5fix,last
ISIC_0031749,HAM_0002791,HAM_0002791,40-59,ham,1,True,1,0.008158422,0.87881523,0.005612859,0.0605311,0.0040655,0.0055631227,0.037253812,0.8910392,,0.8910392,look,0,,42,look_f0_s42_in22k_v5fix,last
ISIC_0031764,HAM_0003454,HAM_0003454,40-59,ham,5,False,5,0.010225084,0.0066620647,0.006272233,0.06704072,0.004201319,0.8563632,0.04923543,0.021088468,,0.021088468,look,0,,42,look_f0_s42_in22k_v5fix,last
ISIC_0031767,HAM_0005899,HAM_0005899,60+,ham,5,False,5,0.009826797,0.005760745,0.006057622,0.06523536,0.0067657814,0.8611469,0.045206714,0.022353323,,0.022353323,look,0,,42,look_f0_s42_in22k_v5fix,last
ISIC_0031768,HAM_0004312,HAM_0004312,40-59,ham,5,False,5,0.012714095,0.0077463747,0.0074355616,0.07553847,0.008394148,0.8352425,0.05292886,0.028854618,,0.028854618,look,0,,42,look_f0_s42_in22k_v5fix,last
ISIC_0031774,HAM_0002275,HAM_0002275,40-59,ham,5,False,5,0.008459765,0.0052325884,0.005813771,0.06384403,0.0061288034,0.86335665,0.04716437,0.019821158,,0.019821158,look,0,,42,look_f0_s42_in22k_v5fix,last
ISIC_0031787,HAM_0002478,HAM_0002478,60+,ham,5,False,5,0.009608299,0.00533242,0.0063929264,0.06489112,0.004407715,0.86116445,0.04820307,0.019348433,,0.019348433,look,0,,42,look_f0_s42_in22k_v5fix,last
ISIC_0031793,HAM_0003096,HAM_0003096,40-59,ham,5,False,5,0.010344516,0.0066662002,0.0066374866,0.06600241,0.005637926,0.8578212,0.04689015,0.02264864,,0.02264864,look,0,,42,look_f0_s42_in22k_v5fix,last
ISIC_0031795,HAM_0002711,HAM_0002711,60+,ham,4,True,4,0.007184509,0.0035394009,0.005863613,0.04561673,0.9045822,0.003519928,0.02969366,0.9153061,,0.9153061,look,0,,42,look_f0_s42_in22k_v5fix,last
ISIC_0031796,HAM_0000410,HAM_0000410,40-59,ham,5,False,5,0.012832181,0.005768564,0.00845013,0.06976656,0.005959547,0.8514205,0.045802485,0.024560291,,0.024560291,look,0,,42,look_f0_s42_in22k_v5fix,last
ISIC_0031800,HAM_0003551,HAM_0003551,<40,ham,5,False,5,0.009003649,0.0052722436,0.0058226553,0.064397715,0.0049381913,0.8663834,0.044182166,0.019214083,,0.019214083,look,0,,42,look_f0_s42_in22k_v5fix,last
ISIC_0031829,HAM_0006936,HAM_0006936,<40,ham,5,False,5,0.006897272,0.0045268564,0.004331945,0.055748917,0.005732344,0.8784994,0.044263206,0.017156472,,0.017156472,look,0,,42,look_f0_s42_in22k_v5fix,last
ISIC_0031832,HAM_0006972,HAM_0006972,60+,ham,5,False,5,0.014708259,0.0055401376,0.017863575,0.13500527,0.30976275,0.4396594,0.07746056,0.33001113,,0.33001113,look,0,,42,look_f0_s42_in22k_v5fix,last
ISIC_0031837,HAM_0005975,HAM_0005975,40-59,ham,5,False,5,0.010562737,0.006740391,0.007906432,0.07243053,0.006669262,0.8474994,0.04819134,0.02397239,,0.02397239,look,0,,42,look_f0_s42_in22k_v5fix,last
ISIC_0031847,HAM_0003431,HAM_0003431,40-59,ham,5,False,5,0.008087802,0.0052115764,0.0054182485,0.061341003,0.0053491807,0.86785746,0.046734694,0.018648557,,0.018648557,look,0,,42,look_f0_s42_in22k_v5fix,last
ISIC_0031848,HAM_0001136,HAM_0001136,40-59,ham,5,False,5,0.015271128,0.2764288,0.0050134244,0.13378902,0.008311598,0.45688254,0.104303606,0.30001152,,0.30001152,look,0,,42,look_f0_s42_in22k_v5fix,last
ISIC_0031850,HAM_0003271,HAM_0003271,40-59,ham,5,False,5,0.011141365,0.0069334977,0.0067421757,0.065991364,0.0059137577,0.8562005,0.04707733,0.02398862,,0.02398862,look,0,,42,look_f0_s42_in22k_v5fix,last
ISIC_0031858,HAM_0005192,HAM_0005192,40-59,ham,5,False,5,0.009886343,0.0077080023,0.006508771,0.068485096,0.005357754,0.85411566,0.047938455,0.022952098,,0.022952098,look,0,,42,look_f0_s42_in22k_v5fix,last
ISIC_0031867,HAM_0001012,HAM_0001012,40-59,ham,5,False,4,0.0063998387,0.0040430585,0.004575037,0.054569107,0.8805047,0.011474931,0.038433313,0.89094764,,0.89094764,look,0,,42,look_f0_s42_in22k_v5fix,last
ISIC_0031868,HAM_0005446,HAM_0005446,40-59,ham,5,False,5,0.011701723,0.006371789,0.0054181255,0.06903214,0.0047092666,0.85341495,0.049352005,0.022782778,,0.022782778,look,0,,42,look_f0_s42_in22k_v5fix,last
ISIC_0031869,HAM_0005002,HAM_0005002,<40,ham,5,False,5,0.008841018,0.005692609,0.005614373,0.06684056,0.0065743043,0.8579839,0.04845328,0.021107933,,0.021107933,look,0,,42,look_f0_s42_in22k_v5fix,last
ISIC_0031874,HAM_0001922,HAM_0001922,60+,ham,0,True,0,0.9375345,0.0011740453,0.001682136,0.032383196,0.004062619,0.0029279534,0.02023557,0.94277114,,0.94277114,look,0,,42,look_f0_s42_in22k_v5fix,last
ISIC_0031887,HAM_0007426,HAM_0007426,<40,ham,5,False,5,0.009080573,0.005933042,0.0057833246,0.062769346,0.0036914237,0.86538875,0.047353443,0.018705038,,0.018705038,look,0,,42,look_f0_s42_in22k_v5fix,last
ISIC_0031889,HAM_0000521,HAM_0000521,40-59,ham,5,False,5,0.008637832,0.007253902,0.005557841,0.065065086,0.0066044503,0.8649909,0.041889932,0.022496184,,0.022496184,look,0,,42,look_f0_s42_in22k_v5fix,last
ISIC_0031891,HAM_0000506,HAM_0000506,40-59,ham,5,False,5,0.0072759343,0.0048357663,0.004725755,0.062672995,0.005729491,0.8660206,0.04873946,0.017841192,,0.017841192,look,0,,42,look_f0_s42_in22k_v5fix,last
ISIC_0031892,HAM_0006795,HAM_0006795,40-59,ham,5,False,5,0.01028307,0.006297924,0.0056643086,0.066973254,0.00590861,0.8556938,0.049179018,0.022489604,,0.022489604,look,0,,42,look_f0_s42_in22k_v5fix,last
ISIC_0031897,HAM_0000382,HAM_0000382,40-59,ham,2,False,2,0.007230158,0.0037048995,0.90648466,0.048964832,0.0019753359,0.002167163,0.0294729,0.012910393,,0.012910393,look,0,,42,look_f0_s42_in22k_v5fix,last
ISIC_0031905,HAM_0003320,HAM_0003320,<40,ham,5,False,5,0.011689535,0.00806065,0.0069576898,0.067497954,0.0069817146,0.85111946,0.047692973,0.0267319,,0.0267319,look,0,,42,look_f0_s42_in22k_v5fix,last
ISIC_0031912,HAM_0002183,HAM_0002183,60+,ham,5,False,5,0.011497507,0.008346536,0.0089775715,0.06736353,0.0060773646,0.8488858,0.04885168,0.025921408,,0.025921408,look,0,,42,look_f0_s42_in22k_v5fix,last
ISIC_0031924,HAM_0001643,HAM_0002423,<40,ham,5,False,5,0.008301116,0.004800733,0.0052639195,0.06869605,0.006158205,0.85454,0.052240055,0.019260054,,0.019260054,look,0,,42,look_f0_s42_in22k_v5fix,last
ISIC_0031939,HAM_0002028,HAM_0002028,40-59,ham,5,False,5,0.011371112,0.006770615,0.007001017,0.07187353,0.0043123728,0.8491534,0.049518116,0.022454102,,0.022454102,look,0,,42,look_f0_s42_in22k_v5fix,last
ISIC_0031943,HAM_0000393,HAM_0000393,40-59,ham,1,True,1,0.0061562643,0.83911365,0.011297926,0.070743054,0.002355089,0.014693772,0.055640332,0.847625,,0.847625,look,0,,42,look_f0_s42_in22k_v5fix,last
ISIC_0031947,HAM_0002961,HAM_0002961,40-59,ham,5,False,5,0.012495318,0.009017076,0.011167011,0.07118781,0.007295621,0.8416824,0.047154836,0.028808016,,0.028808016,look,0,,42,look_f0_s42_in22k_v5fix,last
ISIC_0031950,HAM_0005158,HAM_0005158,40-59,ham,6,False,6,0.00088491064,0.00080134283,0.00075138605,0.008614692,0.0006433867,0.000776497,0.9875278,0.00232964,,0.00232964,look,0,,42,look_f0_s42_in22k_v5fix,last
ISIC_0031952,HAM_0000480,HAM_0000480,40-59,ham,5,False,5,0.0111096725,0.005207428,0.006582881,0.06373943,0.0045845476,0.8610336,0.047742475,0.020901646,,0.020901646,look,0,,42,look_f0_s42_in22k_v5fix,last
ISIC_0031954,HAM_0003799,HAM_0003799,40-59,ham,5,False,5,0.008620881,0.005095345,0.0051940084,0.06381265,0.0051537976,0.8626268,0.049496442,0.018870022,,0.018870022,look,0,,42,look_f0_s42_in22k_v5fix,last
ISIC_0031957,HAM_0004081,HAM_0004081,60+,ham,4,True,4,0.005416249,0.005063876,0.0064099706,0.053258717,0.8385859,0.04773698,0.043528326,0.849066,,0.849066,look,0,,42,look_f0_s42_in22k_v5fix,last
ISIC_0031961,HAM_0006173,HAM_0006173,60+,ham,2,False,2,0.0063911476,0.0055523994,0.9075007,0.047435906,0.0021884867,0.0024485711,0.028482864,0.014132034,,0.014132034,look,0,,42,look_f0_s42_in22k_v5fix,last
ISIC_0031979,HAM_0003318,HAM_0003318,40-59,ham,5,False,5,0.008048554,0.0047087455,0.0039164363,0.06344611,0.009004686,0.86034137,0.050534096,0.021761985,,0.021761985,look,0,,42,look_f0_s42_in22k_v5fix,last
ISIC_0031986,HAM_0000658,HAM_0000658,60+,ham,1,True,1,0.0134188095,0.8893257,0.007124252,0.046641927,0.0060921507,0.0015368066,0.035860427,0.9088366,,0.9088366,look,0,,42,look_f0_s42_in22k_v5fix,last
ISIC_0031987,HAM_0001781,HAM_0001781,<40,ham,2,False,2,0.008992662,0.005148755,0.90630543,0.04374466,0.003336866,0.0017812246,0.030690363,0.017478282,,0.017478282,look,0,,42,look_f0_s42_in22k_v5fix,last
ISIC_0031994,HAM_0002669,HAM_0002669,<40,ham,5,False,5,0.010843369,0.007998027,0.0077107185,0.07051291,0.006032824,0.84790856,0.04899357,0.024874222,,0.024874222,look,0,,42,look_f0_s42_in22k_v5fix,last
ISIC_0031999,HAM_0003531,HAM_0003531,40-59,ham,4,True,5,0.013300364,0.004823205,0.0051221563,0.08016145,0.0039363075,0.83782256,0.05483393,0.022059876,,0.022059876,look,0,,42,look_f0_s42_in22k_v5fix,last
ISIC_0032009,HAM_0001107,HAM_0001107,40-59,ham,5,False,5,0.008310593,0.00395384,0.015961776,0.06591749,0.0034576852,0.8551327,0.04726589,0.015722118,,0.015722118,look,0,,42,look_f0_s42_in22k_v5fix,last
ISIC_0032012,HAM_0001980,HAM_0001980,40-59,ham,5,False,5,0.00886521,0.0050354493,0.0050573274,0.06452506,0.0052303523,0.8635997,0.047686856,0.019131012,,0.019131012,look,0,,42,look_f0_s42_in22k_v5fix,last
ISIC_0032025,HAM_0001906,HAM_0001906,40-59,ham,5,False,5,0.011232293,0.0062856,0.006051496,0.072220184,0.004578564,0.85711503,0.042516813,0.022096457,,0.022096457,look,0,,42,look_f0_s42_in22k_v5fix,last
ISIC_0032026,HAM_0002832,HAM_0002832,<40,ham,5,False,5,0.011550452,0.00668202,0.00701798,0.0700132,0.005170531,0.8505738,0.048992008,0.023403004,,0.023403004,look,0,,42,look_f0_s42_in22k_v5fix,last
ISIC_0032030,HAM_0005985,HAM_0005985,40-59,ham,1,True,1,0.010296193,0.8590772,0.010734108,0.061256237,0.0052346326,0.003989993,0.04941165,0.87460804,,0.87460804,look,0,,42,look_f0_s42_in22k_v5fix,last
ISIC_0032036,HAM_0004637,HAM_0004637,60+,ham,4,True,4,0.0042648725,0.00508212,0.019467061,0.07332773,0.8313335,0.015675554,0.05084917,0.84068054,,0.84068054,look,0,,42,look_f0_s42_in22k_v5fix,last
ISIC_0032045,HAM_0001057,HAM_0001057,60+,ham,2,False,4,0.007314132,0.0033527408,0.009365041,0.0589697,0.8761287,0.0019907607,0.042878926,0.8867955,,0.8867955,look,0,,42,look_f0_s42_in22k_v5fix,last
ISIC_0032050,HAM_0002875,HAM_0002875,60+,ham,5,False,5,0.010361872,0.006740937,0.0075375093,0.06656359,0.0059740017,0.85592353,0.046898402,0.02307681,,0.02307681,look,0,,42,look_f0_s42_in22k_v5fix,last
ISIC_0032062,HAM_0007366,HAM_0007366,40-59,ham,5,False,5,0.009828744,0.0061933156,0.0069186175,0.06825843,0.0064524473,0.85374075,0.048607722,0.022474507,,0.022474507,look,0,,42,look_f0_s42_in22k_v5fix,last
ISIC_0032067,HAM_0007442,HAM_0007442,<40,ham,5,False,5,0.008107822,0.0033517682,0.0039858352,0.050798297,0.0040071956,0.8897058,0.040043257,0.015466787,,0.015466787,look,0,,42,look_f0_s42_in22k_v5fix,last
ISIC_0032068,HAM_0002929,HAM_0002929,40-59,ham,5,False,5,0.011046226,0.006342842,0.005755191,0.068440944,0.0063663917,0.85344785,0.048600543,0.023755461,,0.023755461,look,0,,42,look_f0_s42_in22k_v5fix,last
ISIC_0032073,HAM_0001794,HAM_0001794,40-59,ham,5,False,5,0.0099474,0.005998921,0.0065690037,0.06569643,0.006488087,0.85849404,0.046806082,0.022434408,,0.022434408,look,0,,42,look_f0_s42_in22k_v5fix,last
ISIC_0032077,HAM_0004334,HAM_0004334,<40,ham,5,False,5,0.011632418,0.0061851544,0.0057311635,0.064538345,0.004550824,0.8615993,0.04576273,0.022368396,,0.022368396,look,0,,42,look_f0_s42_in22k_v5fix,last
ISIC_0032105,HAM_0006102,HAM_0006102,60+,ham,5,False,5,0.012975896,0.007720305,0.0067539397,0.07124523,0.0065758573,0.8440839,0.050644863,0.027272057,,0.027272057,look,0,,42,look_f0_s42_in22k_v5fix,last
ISIC_0032108,HAM_0004823,HAM_0004823,40-59,ham,5,False,5,0.010116384,0.0056264824,0.005454349,0.06717579,0.00600343,0.8561789,0.04944464,0.021746296,,0.021746296,look,0,,42,look_f0_s42_in22k_v5fix,last
ISIC_0032111,HAM_0006064,HAM_0006064,60+,ham,2,False,2,0.00917547,0.0047187754,0.888042,0.051510528,0.0048007485,0.0022206237,0.039531816,0.018694993,,0.018694993,look,0,,42,look_f0_s42_in22k_v5fix,last
ISIC_0032114,HAM_0003110,HAM_0003110,60+,ham,3,False,3,0.0003401615,0.00029105545,0.0020918716,0.99213433,0.0015706081,0.00015356207,0.003418376,0.002201825,,0.002201825,look,0,,42,look_f0_s42_in22k_v5fix,last
ISIC_0032121,HAM_0006000,HAM_0006000,40-59,ham,5,False,5,0.010494137,0.006284583,0.0057286834,0.06812505,0.0055823866,0.85550857,0.048276506,0.022361107,,0.022361107,look,0,,42,look_f0_s42_in22k_v5fix,last
ISIC_0032124,HAM_0002536,HAM_0002536,60+,ham,2,False,2,0.010068515,0.003951609,0.9009192,0.051201034,0.0019985714,0.0035554052,0.028305706,0.016018696,,0.016018696,look,0,,42,look_f0_s42_in22k_v5fix,last
ISIC_0032127,HAM_0001595,HAM_0001595,60+,ham,5,False,5,0.010413724,0.0056900806,0.0069350116,0.07032976,0.0061440975,0.85022235,0.050265092,0.022247901,,0.022247901,look,0,,42,look_f0_s42_in22k_v5fix,last
ISIC_0032139,HAM_0003738,HAM_0003738,60+,ham,1,True,5,0.006561157,0.032874983,0.0056100986,0.062230725,0.022228086,0.77445394,0.09604104,0.061664224,,0.061664224,look,0,,42,look_f0_s42_in22k_v5fix,last
ISIC_0032144,HAM_0007176,HAM_0007176,<40,ham,5,False,5,0.009225548,0.0052369596,0.0038101892,0.06320746,0.004273923,0.86833376,0.045912113,0.018736431,,0.018736431,look,0,,42,look_f0_s42_in22k_v5fix,last
ISIC_0032148,HAM_0000521,HAM_0000521,40-59,ham,5,False,5,0.014138948,0.008029192,0.0057656653,0.06439997,0.014624978,0.8502686,0.04277269,0.03679312,,0.03679312,look,0,,42,look_f0_s42_in22k_v5fix,last
ISIC_0032174,HAM_0005559,HAM_0005559,60+,ham,1,True,1,0.010737455,0.8825347,0.005082597,0.057590026,0.003527063,0.0038092423,0.03671889,0.8967992,,0.8967992,look,0,,42,look_f0_s42_in22k_v5fix,last
ISIC_0032187,HAM_0000006,HAM_0000006,60+,ham,4,True,4,0.005631634,0.003656655,0.0043913075,0.046376392,0.89542276,0.0048817885,0.03963943,0.90471107,,0.90471107,look,0,,42,look_f0_s42_in22k_v5fix,last
ISIC_0032202,HAM_0001170,HAM_0001170,40-59,ham,5,False,5,0.010003659,0.0063968212,0.0063493834,0.06886754,0.004648062,0.8540026,0.049731884,0.021048542,,0.021048542,look,0,,42,look_f0_s42_in22k_v5fix,last
ISIC_0032218,HAM_0006094,HAM_0006094,40-59,ham,5,False,1,0.024871046,0.7013467,0.061368443,0.1020394,0.012607835,0.047574654,0.05019195,0.73882556,,0.73882556,look,0,,42,look_f0_s42_in22k_v5fix,last
ISIC_0032222,HAM_0001415,HAM_0001415,60+,ham,1,True,1,0.009275455,0.61117876,0.19294965,0.080105424,0.0034778726,0.0051064626,0.0979064,0.62393206,,0.62393206,look,0,,42,look_f0_s42_in22k_v5fix,last
ISIC_0032227,HAM_0000963,HAM_0000963,<40,ham,5,False,5,0.011252182,0.006785862,0.007468828,0.07053913,0.0063190386,0.8459636,0.051671367,0.024357082,,0.024357082,look,0,,42,look_f0_s42_in22k_v5fix,last
ISIC_0032228,HAM_0003984,HAM_0003984,<40,ham,5,False,5,0.0098399855,0.0059378906,0.005724858,0.06620904,0.006593382,0.85640204,0.049292766,0.022371259,,0.022371259,look,0,,42,look_f0_s42_in22k_v5fix,last
ISIC_0032237,HAM_0003370,HAM_0003370,40-59,ham,5,False,5,0.009398026,0.0063271974,0.0068301675,0.06942849,0.0068581565,0.85219866,0.048959237,0.02258338,,0.02258338,look,0,,42,look_f0_s42_in22k_v5fix,last
ISIC_0032245,HAM_0004979,HAM_0004979,60+,ham,4,True,5,0.011570792,0.0056735706,0.017452179,0.11658647,0.3286765,0.45070496,0.06933549,0.34592086,,0.34592086,look,0,,42,look_f0_s42_in22k_v5fix,last
ISIC_0032248,HAM_0002119,HAM_0002119,60+,ham,4,True,4,0.014353097,0.007806229,0.009681242,0.057503447,0.8660426,0.0026941458,0.0419193,0.88820195,,0.88820195,look,0,,42,look_f0_s42_in22k_v5fix,last
ISIC_0032255,HAM_0005145,HAM_0005145,40-59,ham,5,False,5,0.008992669,0.0059109963,0.00607547,0.06774865,0.0055479496,0.8569457,0.04877853,0.020451615,,0.020451615,look,0,,42,look_f0_s42_in22k_v5fix,last
ISIC_0032293,HAM_0000123,HAM_0000123,40-59,ham,5,False,5,0.009525637,0.00556823,0.005794448,0.06672864,0.005385343,0.85843474,0.048562877,0.02047921,,0.02047921,look,0,,42,look_f0_s42_in22k_v5fix,last
ISIC_0032305,HAM_0006456,HAM_0006456,60+,ham,5,False,5,0.012441361,0.004721312,0.0067585697,0.071151815,0.04757231,0.8031774,0.054177236,0.06473498,,0.06473498,look,0,,42,look_f0_s42_in22k_v5fix,last
ISIC_0032307,HAM_0001301,HAM_0001301,60+,ham,1,True,0,0.660339,0.01888071,0.14764683,0.09547207,0.0081732115,0.0059274933,0.063560694,0.68739295,,0.68739295,look,0,,42,look_f0_s42_in22k_v5fix,last
ISIC_0032317,HAM_0001629,HAM_0001629,40-59,ham,5,False,5,0.010844173,0.0073332633,0.0065137143,0.06988044,0.0053677326,0.850697,0.049363725,0.023545168,,0.023545168,look,0,,42,look_f0_s42_in22k_v5fix,last
ISIC_0032320,HAM_0005990,HAM_0005990,40-59,ham,5,False,5,0.010073931,0.0059079602,0.0072498727,0.06632555,0.0035165614,0.8609717,0.045954514,0.019498453,,0.019498453,look,0,,42,look_f0_s42_in22k_v5fix,last
ISIC_0032324,HAM_0002117,HAM_0002117,40-59,ham,5,False,5,0.010212205,0.006344002,0.0066491836,0.066748396,0.0057666777,0.8568411,0.047438383,0.022322886,,0.022322886,look,0,,42,look_f0_s42_in22k_v5fix,last
ISIC_0032328,HAM_0006469,HAM_0006469,<40,ham,5,False,5,0.012754076,0.0072871754,0.008734909,0.07539,0.004331486,0.8391369,0.05236549,0.024372738,,0.024372738,look,0,,42,look_f0_s42_in22k_v5fix,last
ISIC_0032336,HAM_0002460,HAM_0002460,<40,ham,5,False,5,0.009421472,0.0052988203,0.0052147573,0.06693142,0.0038191748,0.85966116,0.049653128,0.018539468,,0.018539468,look,0,,42,look_f0_s42_in22k_v5fix,last
ISIC_0032339,HAM_0007072,HAM_0007072,40-59,ham,5,False,5,0.011457606,0.0076237647,0.0069270446,0.069002815,0.0070675183,0.8486913,0.04923001,0.02614889,,0.02614889,look,0,,42,look_f0_s42_in22k_v5fix,last
ISIC_0032342,HAM_0004410,HAM_0004410,60+,ham,5,False,5,0.0073903417,0.003571126,0.0042926255,0.06455117,0.0058134613,0.86887723,0.045503978,0.016774928,,0.016774928,look,0,,42,look_f0_s42_in22k_v5fix,last
ISIC_0032343,HAM_0006071,HAM_0006071,60+,ham,2,False,2,0.0075958907,0.006185194,0.88824916,0.049911615,0.005452023,0.0028044516,0.03980173,0.019233108,,0.019233108,look,0,,42,look_f0_s42_in22k_v5fix,last
ISIC_0032346,HAM_0001171,HAM_0001171,40-59,ham,5,False,5,0.009183886,0.0057777693,0.0057773204,0.06480077,0.00624216,0.85929227,0.048925765,0.021203816,,0.021203816,look,0,,42,look_f0_s42_in22k_v5fix,last
ISIC_0032351,HAM_0006963,HAM_0006963,40-59,ham,5,False,5,0.011694,0.007373077,0.008052194,0.071096934,0.0057579787,0.8467322,0.049293656,0.024825055,,0.024825055,look,0,,42,look_f0_s42_in22k_v5fix,last
ISIC_0032363,HAM_0007003,HAM_0007003,<40,ham,5,False,5,0.0125760175,0.003932996,0.004191864,0.058710556,0.0051494003,0.87076527,0.04467391,0.021658413,,0.021658413,look,0,,42,look_f0_s42_in22k_v5fix,last
ISIC_0032375,HAM_0000279,HAM_0000279,40-59,ham,5,False,5,0.011775575,0.0078402525,0.006154818,0.07652315,0.025664529,0.8169127,0.05512896,0.045280356,,0.045280356,look,0,,42,look_f0_s42_in22k_v5fix,last
ISIC_0032376,HAM_0000174,HAM_0000174,40-59,ham,5,False,5,0.0057367724,0.009517543,0.0044985837,0.07444212,0.05479919,0.78786236,0.06314339,0.0700535,,0.0700535,look,0,,42,look_f0_s42_in22k_v5fix,last
ISIC_0032380,HAM_0003248,HAM_0003248,<40,ham,5,False,5,0.009392136,0.0059838044,0.0061012893,0.06315887,0.0068405853,0.8612908,0.04723245,0.022216525,,0.022216525,look,0,,42,look_f0_s42_in22k_v5fix,last
ISIC_0032402,HAM_0003809,HAM_0003809,40-59,ham,5,False,5,0.011651188,0.0062770513,0.006344647,0.069840685,0.004205785,0.8508371,0.05084356,0.022134025,,0.022134025,look,0,,42,look_f0_s42_in22k_v5fix,last
ISIC_0032428,HAM_0004410,HAM_0004410,60+,ham,5,False,5,0.008440839,0.0046430193,0.0041389926,0.062801965,0.004330216,0.8697547,0.045890316,0.017414074,,0.017414074,look,0,,42,look_f0_s42_in22k_v5fix,last
ISIC_0032441,HAM_0005328,HAM_0005328,60+,ham,4,True,5,0.01541151,0.008537327,0.17070825,0.11424444,0.017599227,0.5789478,0.09455139,0.041548066,,0.041548066,look,0,,42,look_f0_s42_in22k_v5fix,last
ISIC_0032442,HAM_0000812,HAM_0000812,40-59,ham,5,False,5,0.011868151,0.007629501,0.007597054,0.068307556,0.0053176116,0.85068446,0.048595626,0.024815263,,0.024815263,look,0,,42,look_f0_s42_in22k_v5fix,last
ISIC_0032445,HAM_0006173,HAM_0006173,60+,ham,2,False,2,0.017458241,0.0045147184,0.8751639,0.062803954,0.0049611228,0.0018138142,0.033284195,0.026934084,,0.026934084,look,0,,42,look_f0_s42_in22k_v5fix,last
ISIC_0032457,HAM_0005691,HAM_0005691,<40,ham,5,False,5,0.010227651,0.006210357,0.0075768293,0.06738593,0.004838617,0.85607684,0.04768367,0.021276625,,0.021276625,look,0,,42,look_f0_s42_in22k_v5fix,last
ISIC_0032460,HAM_0006876,HAM_0006876,60+,ham,2,False,2,0.0078148,0.005208267,0.9038437,0.0469156,0.0020836357,0.004185349,0.029948594,0.015106703,,0.015106703,look,0,,42,look_f0_s42_in22k_v5fix,last
ISIC_0032461,HAM_0001528,HAM_0001528,40-59,ham,1,True,1,0.006480381,0.91285026,0.00443612,0.044794593,0.003147219,0.0026612289,0.025630344,0.9224779,,0.9224779,look,0,,42,look_f0_s42_in22k_v5fix,last
ISIC_0032464,HAM_0001865,HAM_0001865,40-59,ham,5,False,5,0.012058616,0.0071480204,0.0062640104,0.073405854,0.0071461834,0.8429767,0.051000655,0.026352819,,0.026352819,look,0,,42,look_f0_s42_in22k_v5fix,last
ISIC_0032469,HAM_0002892,HAM_0002892,<40,ham,5,False,5,0.011800217,0.006341031,0.0062743053,0.0738016,0.004276487,0.84737504,0.050131306,0.022417735,,0.022417735,look,0,,42,look_f0_s42_in22k_v5fix,last
ISIC_0032478,HAM_0003254,HAM_0003254,40-59,ham,5,False,2,0.015108456,0.008436393,0.3975419,0.12876941,0.04155752,0.317924,0.09066223,0.06510237,,0.06510237,look,0,,42,look_f0_s42_in22k_v5fix,last
ISIC_0032498,HAM_0001011,HAM_0001011,40-59,ham,2,False,2,0.0053985096,0.0047196313,0.9026989,0.047449924,0.003102721,0.005595352,0.031035107,0.013220862,,0.013220862,look,0,,42,look_f0_s42_in22k_v5fix,last
ISIC_0032502,HAM_0006650,HAM_0006650,40-59,ham,5,False,5,0.007830529,0.0047272453,0.00442028,0.060704384,0.0043400433,0.8754309,0.042546622,0.016897816,,0.016897816,look,0,,42,look_f0_s42_in22k_v5fix,last
ISIC_0032513,HAM_0007101,HAM_0007101,60+,ham,2,False,5,0.015038076,0.0025271368,0.019205276,0.06728233,0.0043452783,0.8547361,0.03686579,0.021910492,,0.021910492,look,0,,42,look_f0_s42_in22k_v5fix,last
ISIC_0032516,HAM_0006539,HAM_0006539,40-59,ham,5,False,5,0.009194513,0.0056005726,0.0060289833,0.06603513,0.0055597527,0.86482596,0.042755075,0.020354837,,0.020354837,look,0,,42,look_f0_s42_in22k_v5fix,last
ISIC_0032521,HAM_0005206,HAM_0005206,40-59,ham,5,False,4,0.0073269703,0.0046158764,0.006243127,0.05415894,0.8814139,0.011378914,0.03486242,0.89335674,,0.89335674,look,0,,42,look_f0_s42_in22k_v5fix,last
ISIC_0032527,HAM_0007451,HAM_0007451,40-59,ham,5,False,5,0.010187408,0.005045605,0.00557289,0.06443388,0.0070682596,0.85813415,0.04955778,0.022301272,,0.022301272,look,0,,42,look_f0_s42_in22k_v5fix,last
ISIC_0032537,HAM_0001928,HAM_0001928,40-59,ham,4,True,4,0.011944471,0.005156408,0.0071944236,0.05301166,0.86050075,0.020570414,0.04162183,0.8776016,,0.8776016,look,0,,42,look_f0_s42_in22k_v5fix,last
ISIC_0032540,HAM_0007541,HAM_0007541,<40,ham,5,False,5,0.009113319,0.007776135,0.005897754,0.06712678,0.006357073,0.8543302,0.049398877,0.023246527,,0.023246527,look,0,,42,look_f0_s42_in22k_v5fix,last
ISIC_0032546,HAM_0000547,HAM_0000547,40-59,ham,5,False,5,0.008729309,0.005358859,0.0036582113,0.06639936,0.010621046,0.8481483,0.05708493,0.024709214,,0.024709214,look,0,,42,look_f0_s42_in22k_v5fix,last
ISIC_0032547,HAM_0002993,HAM_0002993,40-59,ham,4,True,4,0.0078057786,0.005519031,0.0041689803,0.052717336,0.887672,0.002224072,0.03989282,0.9009968,,0.9009968,look,0,,42,look_f0_s42_in22k_v5fix,last
ISIC_0032554,HAM_0005641,HAM_0005641,60+,ham,5,False,5,0.007927406,0.0033716285,0.0044179205,0.061043847,0.0035796538,0.8762345,0.043425,0.014878688,,0.014878688,look,0,,42,look_f0_s42_in22k_v5fix,last
ISIC_0032555,HAM_0002616,HAM_0002616,40-59,ham,5,False,2,0.008658715,0.005992959,0.89353096,0.042114723,0.009511714,0.009791922,0.030399092,0.024163388,,0.024163388,look,0,,42,look_f0_s42_in22k_v5fix,last
ISIC_0032565,HAM_0007299,HAM_0007299,40-59,ham,5,False,4,0.073181145,0.005309274,0.0026202416,0.042331878,0.8369857,0.004974614,0.03459717,0.91547614,,0.91547614,look,0,,42,look_f0_s42_in22k_v5fix,last
ISIC_0032567,HAM_0003927,HAM_0003927,60+,ham,2,False,2,0.005793008,0.005903725,0.7533749,0.061877824,0.11753358,0.0021093274,0.05340767,0.12923032,,0.12923032,look,0,,42,look_f0_s42_in22k_v5fix,last
ISIC_0032568,HAM_0007005,HAM_0007005,40-59,ham,5,False,5,0.012842447,0.008115449,0.008660046,0.06806002,0.0074836533,0.8416056,0.053232756,0.028441548,,0.028441548,look,0,,42,look_f0_s42_in22k_v5fix,last
ISIC_0032573,HAM_0007541,HAM_0007541,<40,ham,5,False,5,0.009453359,0.006874226,0.005922789,0.067527115,0.0060155946,0.85720754,0.046999414,0.022343181,,0.022343181,look,0,,42,look_f0_s42_in22k_v5fix,last
ISIC_0032583,HAM_0000006,HAM_0000006,60+,ham,4,True,4,0.013319225,0.0068025487,0.0069719334,0.07973174,0.8397592,0.0053668167,0.048048515,0.8598809,,0.8598809,look,0,,42,look_f0_s42_in22k_v5fix,last
ISIC_0032586,HAM_0005758,HAM_0005758,60+,ham,4,True,4,0.00710203,0.0035794294,0.0060621207,0.057925045,0.8774748,0.0019428565,0.04591369,0.88815624,,0.88815624,look,0,,42,look_f0_s42_in22k_v5fix,last
ISIC_0032588,HAM_0002600,HAM_0002600,<40,ham,5,False,5,0.007521227,0.0048819026,0.005998063,0.061283514,0.022979748,0.8534696,0.043865927,0.035382878,,0.035382878,look,0,,42,look_f0_s42_in22k_v5fix,last
ISIC_0032592,HAM_0006923,HAM_0006923,60+,ham,4,True,4,0.0045248386,0.011961679,0.003501593,0.053302832,0.5946433,0.002436274,0.32962945,0.6111298,,0.6111298,look,0,,42,look_f0_s42_in22k_v5fix,last
ISIC_0032599,HAM_0003352,HAM_0003352,<40,ham,5,False,5,0.007434115,0.004179658,0.0034566917,0.06561622,0.013655838,0.86007977,0.045577757,0.02526961,,0.02526961,look,0,,42,look_f0_s42_in22k_v5fix,last
ISIC_0032602,HAM_0004811,HAM_0004811,40-59,ham,4,True,4,0.011087864,0.0059398403,0.0052662827,0.054592423,0.8796483,0.0034970243,0.039968286,0.896676,,0.896676,look,0,,42,look_f0_s42_in22k_v5fix,last
ISIC_0032605,HAM_0006334,HAM_0006334,40-59,ham,5,False,5,0.011291921,0.005041075,0.008763489,0.06311026,0.016605219,0.8513337,0.043854382,0.032938212,,0.032938212,look,0,,42,look_f0_s42_in22k_v5fix,last
ISIC_0032608,HAM_0005566,HAM_0005566,60+,ham,5,False,4,0.009723789,0.009085479,0.015791174,0.09520536,0.5937104,0.20195767,0.07452605,0.6125197,,0.6125197,look,0,,42,look_f0_s42_in22k_v5fix,last
ISIC_0032610,HAM_0006802,HAM_0006802,40-59,ham,4,True,5,0.008845954,0.005380204,0.004406257,0.06738875,0.009270507,0.854678,0.050030347,0.023496665,,0.023496665,look,0,,42,look_f0_s42_in22k_v5fix,last
ISIC_0032611,HAM_0003072,HAM_0003072,60+,ham,1,True,1,0.013409256,0.8956554,0.004366949,0.04483871,0.0043789516,0.0024580036,0.03489281,0.9134436,,0.9134436,look,0,,42,look_f0_s42_in22k_v5fix,last
ISIC_0032613,HAM_0005584,HAM_0005584,<40,ham,3,False,4,0.0057184147,0.0043081953,0.009402217,0.17597032,0.7678976,0.0022746096,0.034428604,0.77792424,,0.77792424,look,0,,42,look_f0_s42_in22k_v5fix,last
ISIC_0032616,HAM_0007376,HAM_0007376,40-59,ham,5,False,5,0.010632129,0.006506667,0.0061676833,0.067090996,0.005434637,0.8567368,0.047431108,0.022573434,,0.022573434,look,0,,42,look_f0_s42_in22k_v5fix,last
ISIC_0032618,HAM_0007101,HAM_0007101,60+,ham,2,False,2,0.07033933,0.002305025,0.7062585,0.13341665,0.025353216,0.0077106566,0.054616723,0.09799757,,0.09799757,look,0,,42,look_f0_s42_in22k_v5fix,last
ISIC_0032622,HAM_0000002,HAM_0000002,60+,ham,4,True,4,0.010862088,0.007448954,0.006139295,0.057972033,0.86993676,0.0034759243,0.04416492,0.8882478,,0.8882478,look,0,,42,look_f0_s42_in22k_v5fix,last
ISIC_0032637,HAM_0002956,HAM_0002956,<40,ham,4,True,4,0.007304437,0.004767269,0.0038359144,0.058791753,0.88051414,0.0026366294,0.042149857,0.8925859,,0.8925859,look,0,,42,look_f0_s42_in22k_v5fix,last
ISIC_0032641,HAM_0006147,HAM_0006147,40-59,ham,5,False,5,0.009446856,0.004462719,0.004740866,0.054010656,0.0067483825,0.87753594,0.043054678,0.020657957,,0.020657957,look,0,,42,look_f0_s42_in22k_v5fix,last
ISIC_0032645,HAM_0002488,HAM_0002488,40-59,ham,4,True,5,0.009747986,0.0050176415,0.00329397,0.081921645,0.015006049,0.8245397,0.060473047,0.029771676,,0.029771676,look,0,,42,look_f0_s42_in22k_v5fix,last
ISIC_0032651,HAM_0004714,HAM_0004714,<40,ham,5,False,5,0.008639776,0.0064755757,0.005439861,0.064715154,0.007751433,0.8611438,0.04583436,0.022866786,,0.022866786,look,0,,42,look_f0_s42_in22k_v5fix,last
ISIC_0032655,HAM_0003807,HAM_0003807,40-59,ham,2,False,5,0.010577492,0.00551416,0.006937964,0.065549366,0.004389585,0.8627296,0.04430192,0.020481236,,0.020481236,look,0,,42,look_f0_s42_in22k_v5fix,last
ISIC_0032656,HAM_0006923,HAM_0006923,60+,ham,4,True,4,0.0043888767,0.016222218,0.0023872152,0.051004637,0.84594834,0.0015933355,0.078455426,0.86655945,,0.86655945,look,0,,42,look_f0_s42_in22k_v5fix,last
ISIC_0032667,HAM_0003352,HAM_0003352,<40,ham,5,False,4,0.0067093335,0.0035543486,0.004796065,0.056089602,0.86893487,0.015884718,0.044031035,0.87919855,,0.87919855,look,0,,42,look_f0_s42_in22k_v5fix,last
ISIC_0032674,HAM_0005206,HAM_0005206,40-59,ham,5,False,4,0.0077045704,0.0045691277,0.008134607,0.05707789,0.87016416,0.010448409,0.041901153,0.8824378,,0.8824378,look,0,,42,look_f0_s42_in22k_v5fix,last
ISIC_0032687,HAM_0001344,HAM_0001344,40-59,ham,4,True,4,0.009489627,0.0047600484,0.005895461,0.059139173,0.87773454,0.004004246,0.038977027,0.8919842,,0.8919842,look,0,,42,look_f0_s42_in22k_v5fix,last
ISIC_0032691,HAM_0007541,HAM_0007541,<40,ham,5,False,5,0.009659487,0.006820283,0.006420746,0.069031715,0.0054056835,0.8522379,0.050424173,0.021885453,,0.021885453,look,0,,42,look_f0_s42_in22k_v5fix,last
ISIC_0032696,HAM_0000993,HAM_0000993,60+,ham,1,True,1,0.008526938,0.8857418,0.005286764,0.05360528,0.00443374,0.003840201,0.03856542,0.89870244,,0.89870244,look,0,,42,look_f0_s42_in22k_v5fix,last
ISIC_0032701,HAM_0005814,HAM_0005814,<40,ham,5,False,5,0.0075191,0.0046791523,0.0043439404,0.061090015,0.0078574475,0.8691324,0.045377824,0.0200557,,0.0200557,look,0,,42,look_f0_s42_in22k_v5fix,last
ISIC_0032707,HAM_0007124,HAM_0007124,40-59,ham,5,False,5,0.007466808,0.004960925,0.0038684572,0.06323727,0.0094379885,0.8619295,0.049098957,0.021865722,,0.021865722,look,0,,42,look_f0_s42_in22k_v5fix,last
ISIC_0032719,HAM_0006673,HAM_0006673,60+,ham,2,False,2,0.0064938446,0.0045801653,0.8976959,0.04885342,0.0030974138,0.0021008118,0.037178475,0.014171424,,0.014171424,look,0,,42,look_f0_s42_in22k_v5fix,last
ISIC_0032724,HAM_0004811,HAM_0004811,40-59,ham,4,True,4,0.009163894,0.0055449624,0.0047912067,0.060564317,0.8706089,0.005673827,0.04365287,0.8853178,,0.8853178,look,0,,42,look_f0_s42_in22k_v5fix,last
ISIC_0032728,HAM_0004550,HAM_0004550,<40,ham,5,False,5,0.01186733,0.006745477,0.0075192875,0.07211355,0.006100857,0.8470695,0.048584018,0.024713665,,0.024713665,look,0,,42,look_f0_s42_in22k_v5fix,last
ISIC_0032737,HAM_0006014,HAM_0006014,<40,ham,5,False,5,0.008370541,0.0040139165,0.0050069275,0.06445985,0.0032944717,0.8654522,0.049402084,0.01567893,,0.01567893,look,0,,42,look_f0_s42_in22k_v5fix,last
ISIC_0032743,HAM_0001692,HAM_0001692,40-59,ham,5,False,5,0.009729833,0.006368584,0.005896615,0.06504975,0.008861987,0.85700226,0.047090936,0.024960404,,0.024960404,look,0,,42,look_f0_s42_in22k_v5fix,last
ISIC_0032746,HAM_0005566,HAM_0005566,60+,ham,5,False,4,0.010510116,0.008844666,0.020032141,0.0490089,0.8754187,0.003747447,0.032438,0.8947735,,0.8947735,look,0,,42,look_f0_s42_in22k_v5fix,last
ISIC_0032748,HAM_0001613,HAM_0001613,60+,ham,5,False,5,0.0111986585,0.0055940133,0.0065674144,0.06886841,0.0063984017,0.8510144,0.050358746,0.023191074,,0.023191074,look,0,,42,look_f0_s42_in22k_v5fix,last
ISIC_0032752,HAM_0007052,HAM_0007052,40-59,ham,5,False,5,0.008582906,0.004195527,0.0123166675,0.05950665,0.0035182526,0.87179846,0.040081546,0.016296685,,0.016296685,look,0,,42,look_f0_s42_in22k_v5fix,last
ISIC_0032756,HAM_0003927,HAM_0003927,60+,ham,2,False,2,0.0054810354,0.0051239086,0.8607693,0.05628331,0.029023964,0.0033989141,0.039919578,0.039628908,,0.039628908,look,0,,42,look_f0_s42_in22k_v5fix,last
ISIC_0032765,HAM_0003254,HAM_0003254,40-59,ham,5,False,2,0.0057195975,0.0036097004,0.91189265,0.038639884,0.0066960095,0.0023646478,0.031077467,0.016025307,,0.016025307,look,0,,42,look_f0_s42_in22k_v5fix,last
ISIC_0032771,HAM_0000407,HAM_0000407,60+,ham,5,False,5,0.010319265,0.0053777313,0.0046798056,0.06426128,0.006384536,0.8602254,0.048751943,0.022081532,,0.022081532,look,0,,42,look_f0_s42_in22k_v5fix,last
ISIC_0032772,HAM_0005496,HAM_0005496,<40,ham,5,False,5,0.008373239,0.003761373,0.008635414,0.066916175,0.0036585764,0.86036474,0.048290446,0.015793188,,0.015793188,look,0,,42,look_f0_s42_in22k_v5fix,last
ISIC_0032774,HAM_0000048,HAM_0000048,60+,ham,4,True,4,0.009982941,0.006286403,0.007786042,0.061961528,0.8651744,0.005076207,0.043732528,0.88144374,,0.88144374,look,0,,42,look_f0_s42_in22k_v5fix,last
ISIC_0032776,HAM_0001954,HAM_0001954,40-59,ham,2,False,2,0.0065236436,0.003368958,0.9227033,0.03251986,0.0038294187,0.0030692983,0.027985541,0.01372202,,0.01372202,look,0,,42,look_f0_s42_in22k_v5fix,last
ISIC_0032779,HAM_0006334,HAM_0006334,40-59,ham,5,False,5,0.010492752,0.0054790913,0.0074771405,0.0680967,0.00548462,0.8540393,0.048930455,0.021456463,,0.021456463,look,0,,42,look_f0_s42_in22k_v5fix,last
ISIC_0032783,HAM_0006391,HAM_0006391,60+,ham,5,False,5,0.010040864,0.0061049843,0.007074777,0.07126551,0.010259707,0.8465107,0.048743404,0.026405554,,0.026405554,look,0,,42,look_f0_s42_in22k_v5fix,last
ISIC_0032796,HAM_0003968,HAM_0003968,<40,ham,5,False,5,0.010021806,0.0058574425,0.010428973,0.060223676,0.00868485,0.8591907,0.045592584,0.024564099,,0.024564099,look,0,,42,look_f0_s42_in22k_v5fix,last
ISIC_0032806,HAM_0005970,HAM_0005970,60+,ham,4,True,5,0.008837792,0.0052370373,0.005960963,0.07760392,0.08655449,0.7514405,0.06436528,0.10062932,,0.10062932,look,0,,42,look_f0_s42_in22k_v5fix,last
ISIC_0032807,HAM_0002488,HAM_0002488,40-59,ham,4,True,4,0.007997543,0.006082802,0.011661118,0.07029163,0.8461787,0.007536684,0.050251547,0.86025906,,0.86025906,look,0,,42,look_f0_s42_in22k_v5fix,last
ISIC_0032812,HAM_0005748,HAM_0005748,40-59,ham,4,True,5,0.009272936,0.005900758,0.005187455,0.057223424,0.0110241305,0.8636529,0.04773831,0.026197825,,0.026197825,look,0,,42,look_f0_s42_in22k_v5fix,last
ISIC_0032821,HAM_0006391,HAM_0006391,60+,ham,5,False,5,0.009425241,0.005760166,0.006837797,0.06693163,0.008686972,0.8561,0.04625824,0.02387238,,0.02387238,look,0,,42,look_f0_s42_in22k_v5fix,last
ISIC_0032823,HAM_0006886,HAM_0006886,40-59,ham,4,True,4,0.010465928,0.0046467483,0.0070050107,0.058935646,0.8719158,0.0043649436,0.04266583,0.8870285,,0.8870285,look,0,,42,look_f0_s42_in22k_v5fix,last
ISIC_0032831,HAM_0001321,HAM_0001321,60+,ham,5,False,4,0.009781477,0.0064045796,0.004899968,0.05769902,0.85987407,0.014933652,0.04640729,0.8760601,,0.8760601,look,0,,42,look_f0_s42_in22k_v5fix,last
ISIC_0032839,HAM_0002498,HAM_0002498,60+,ham,6,False,6,0.0018110472,0.00072846096,0.0008131941,0.008608017,0.0021176669,0.00037172128,0.98554987,0.004657175,,0.004657175,look,0,,42,look_f0_s42_in22k_v5fix,last
ISIC_0032842,HAM_0007101,HAM_0007101,60+,ham,2,False,5,0.026635502,0.002341872,0.014601047,0.0712376,0.007070351,0.82781607,0.050297536,0.036047723,,0.036047723,look,0,,42,look_f0_s42_in22k_v5fix,last
ISIC_0032857,HAM_0003887,HAM_0003887,60+,ham,1,True,1,0.010648239,0.87388825,0.005700165,0.058787443,0.005642324,0.0032374994,0.04209614,0.8901788,,0.8901788,look,0,,42,look_f0_s42_in22k_v5fix,last
ISIC_0032873,HAM_0003174,HAM_0003174,60+,ham,4,True,4,0.007067396,0.0032437628,0.006747397,0.05532025,0.8832274,0.002934738,0.041459065,0.8935386,,0.8935386,look,0,,42,look_f0_s42_in22k_v5fix,last
ISIC_0032877,HAM_0003770,HAM_0003770,60+,ham,2,False,2,0.00646242,0.0023498507,0.90548533,0.04875458,0.0060289996,0.0031473853,0.027771484,0.014841271,,0.014841271,look,0,,42,look_f0_s42_in22k_v5fix,last
ISIC_0032887,HAM_0006802,HAM_0006802,40-59,ham,4,True,4,0.0070576943,0.0049755657,0.0036189503,0.052834403,0.8709947,0.016839556,0.04367917,0.883028,,0.883028,look,0,,42,look_f0_s42_in22k_v5fix,last
ISIC_0032896,HAM_0004063,HAM_0004063,<40,ham,5,False,5,0.008876085,0.0060767303,0.006585263,0.063148424,0.010095546,0.8600881,0.045129754,0.025048362,,0.025048362,look,0,,42,look_f0_s42_in22k_v5fix,last
ISIC_0032901,HAM_0005106,HAM_0005106,<40,ham,5,False,5,0.0066912915,0.004308856,0.0032724373,0.06336941,0.00463708,0.87635034,0.0413706,0.015637226,,0.015637226,look,0,,42,look_f0_s42_in22k_v5fix,last
ISIC_0032904,HAM_0006284,HAM_0006284,<40,ham,5,False,5,0.012614484,0.008059552,0.007610732,0.07417426,0.00513339,0.8403142,0.05209341,0.025807425,,0.025807425,look,0,,42,look_f0_s42_in22k_v5fix,last
ISIC_0032906,HAM_0003887,HAM_0003887,60+,ham,1,True,1,0.010073127,0.8853146,0.00513557,0.05250307,0.0057582064,0.0034000305,0.037815426,0.90114594,,0.90114594,look,0,,42,look_f0_s42_in22k_v5fix,last
ISIC_0032911,HAM_0002329,HAM_0002329,40-59,ham,5,False,5,0.013455904,0.007429043,0.008811735,0.06751992,0.005743652,0.85042274,0.04661703,0.026628599,,0.026628599,look,0,,42,look_f0_s42_in22k_v5fix,last
ISIC_0032914,HAM_0002136,HAM_0002136,60+,ham,5,False,5,0.009506474,0.0054551843,0.006483983,0.070131615,0.0094720535,0.8493273,0.0496233,0.024433712,,0.024433712,look,0,,42,look_f0_s42_in22k_v5fix,last
ISIC_0032921,HAM_0004927,HAM_0004927,60+,ham,4,True,4,0.019466497,0.012790576,0.01229619,0.06377391,0.8553394,0.0019884962,0.034344845,0.8875965,,0.8875965,look,0,,42,look_f0_s42_in22k_v5fix,last
ISIC_0032932,HAM_0002498,HAM_0002498,60+,ham,6,False,6,0.0020609319,0.0008608807,0.001107267,0.008426177,0.0023052483,0.0003514244,0.9848881,0.005227061,,0.005227061,look,0,,42,look_f0_s42_in22k_v5fix,last
ISIC_0032953,HAM_0005116,HAM_0005116,<40,ham,5,False,5,0.018965747,0.010742123,0.006208946,0.07422725,0.003539428,0.8258184,0.060498115,0.0332473,,0.0332473,look,0,,42,look_f0_s42_in22k_v5fix,last
ISIC_0032964,HAM_0007451,HAM_0007451,40-59,ham,5,False,5,0.007895598,0.0050437027,0.005027521,0.067687556,0.007341967,0.8574924,0.0495113,0.020281266,,0.020281266,look,0,,42,look_f0_s42_in22k_v5fix,last
ISIC_0032974,HAM_0002135,HAM_0002135,40-59,ham,5,False,5,0.009521406,0.0018630277,0.0029431535,0.05881831,0.00797137,0.8856854,0.033197414,0.019355804,,0.019355804,look,0,,42,look_f0_s42_in22k_v5fix,last
ISIC_0032979,HAM_0003359,HAM_0003359,40-59,ham,5,False,5,0.006438539,0.004062769,0.0065947296,0.06190872,0.006263215,0.8698675,0.044864446,0.016764523,,0.016764523,look,0,,42,look_f0_s42_in22k_v5fix,last
ISIC_0032984,HAM_0005636,HAM_0005636,60+,ham,4,True,1,0.008016161,0.5668205,0.010131063,0.14685452,0.17224827,0.011865814,0.084063694,0.747085,,0.747085,look,0,,42,look_f0_s42_in22k_v5fix,last
ISIC_0032992,HAM_0002923,HAM_0002923,40-59,ham,5,False,4,0.012050266,0.0072826087,0.008148371,0.05605582,0.85808295,0.020026324,0.03835367,0.87741584,,0.87741584,look,0,,42,look_f0_s42_in22k_v5fix,last
ISIC_0032993,HAM_0002956,HAM_0002956,<40,ham,4,True,4,0.0072034667,0.005025808,0.0041244943,0.059208356,0.8796303,0.0025352372,0.042272296,0.8918596,,0.8918596,look,0,,42,look_f0_s42_in22k_v5fix,last
ISIC_0032994,HAM_0000772,HAM_0000772,<40,ham,5,False,5,0.011150464,0.004366947,0.006245134,0.06607166,0.003773632,0.86247396,0.045918204,0.019291043,,0.019291043,look,0,,42,look_f0_s42_in22k_v5fix,last
ISIC_0033003,HAM_0002750,HAM_0002750,60+,ham,5,False,5,0.010049388,0.0057588154,0.0066647655,0.0684552,0.011084994,0.84622234,0.051764507,0.026893197,,0.026893197,look,0,,42,look_f0_s42_in22k_v5fix,last
ISIC_0033010,HAM_0004099,HAM_0004099,40-59,ham,5,False,5,0.009718899,0.0042480957,0.0034554303,0.069123216,0.020525824,0.84159887,0.05132971,0.03449282,,0.03449282,look,0,,42,look_f0_s42_in22k_v5fix,last
ISIC_0033011,HAM_0006459,HAM_0006459,60+,ham,5,False,5,0.015805593,0.0070891147,0.008950057,0.067201704,0.010262656,0.83979887,0.05089209,0.033157364,,0.033157364,look,0,,42,look_f0_s42_in22k_v5fix,last
ISIC_0033014,HAM_0006539,HAM_0006539,40-59,ham,5,False,5,0.0076342835,0.0043134275,0.004297994,0.063475765,0.003581435,0.8821541,0.03454298,0.015529146,,0.015529146,look,0,,42,look_f0_s42_in22k_v5fix,last
ISIC_0033026,HAM_0003057,HAM_0003057,40-59,ham,5,False,5,0.010398344,0.005596138,0.0051283604,0.07170853,0.024085172,0.83032036,0.052763045,0.040079653,,0.040079653,look,0,,42,look_f0_s42_in22k_v5fix,last
ISIC_0033055,HAM_0001344,HAM_0001344,40-59,ham,4,True,4,0.012626484,0.004314828,0.005394374,0.070785925,0.8586472,0.003456387,0.04477485,0.87558854,,0.87558854,look,0,,42,look_f0_s42_in22k_v5fix,last
ISIC_0033066,HAM_0004192,HAM_0004192,40-59,ham,5,False,5,0.017237127,0.005036119,0.0032166182,0.060874574,0.017854353,0.85520464,0.04057656,0.040127598,,0.040127598,look,0,,42,look_f0_s42_in22k_v5fix,last
ISIC_0033077,HAM_0007433,HAM_0007433,40-59,ham,5,False,5,0.008882229,0.0054437756,0.0063100173,0.06379419,0.0053344606,0.8655948,0.044640556,0.019660465,,0.019660465,look,0,,42,look_f0_s42_in22k_v5fix,last
ISIC_0033082,HAM_0002876,HAM_0002876,<40,ham,5,False,5,0.014227773,0.008938803,0.007998361,0.08213702,0.0068063885,0.82864445,0.051247176,0.029972965,,0.029972965,look,0,,42,look_f0_s42_in22k_v5fix,last
ISIC_0033088,HAM_0003927,HAM_0003927,60+,ham,2,False,4,0.005519989,0.006903718,0.045741286,0.048149876,0.8443727,0.002347497,0.046964865,0.8567964,,0.8567964,look,0,,42,look_f0_s42_in22k_v5fix,last
ISIC_0033097,HAM_0003993,HAM_0003993,40-59,ham,5,False,5,0.01033388,0.0062844963,0.0048806784,0.06609289,0.0063755168,0.85338587,0.052646708,0.022993892,,0.022993892,look,0,,42,look_f0_s42_in22k_v5fix,last
ISIC_0033110,HAM_0005814,HAM_0005814,<40,ham,5,False,5,0.007507257,0.004789607,0.0044066464,0.06256843,0.0055133374,0.8692582,0.0459565,0.017810203,,0.017810203,look,0,,42,look_f0_s42_in22k_v5fix,last
ISIC_0033124,HAM_0002372,HAM_0002372,60+,ham,2,False,2,0.009930782,0.0044199484,0.90572184,0.035837892,0.0073349196,0.0040179086,0.032736793,0.02168565,,0.02168565,look,0,,42,look_f0_s42_in22k_v5fix,last
ISIC_0033126,HAM_0007005,HAM_0007005,40-59,ham,5,False,5,0.010287274,0.0066583604,0.006844677,0.065210946,0.007436546,0.85147643,0.052085772,0.02438218,,0.02438218,look,0,,42,look_f0_s42_in22k_v5fix,last
ISIC_0033129,HAM_0004811,HAM_0004811,40-59,ham,4,True,4,0.016429367,0.004594155,0.0053540654,0.056580756,0.8772135,0.005490595,0.03433762,0.898237,,0.898237,look,0,,42,look_f0_s42_in22k_v5fix,last
ISIC_0033137,HAM_0005116,HAM_0005116,<40,ham,5,False,5,0.010876757,0.0066370545,0.0062519056,0.06493542,0.0054158387,0.8516281,0.05425483,0.02292965,,0.02292965,look,0,,42,look_f0_s42_in22k_v5fix,last
ISIC_0033138,HAM_0004550,HAM_0004550,<40,ham,5,False,5,0.008886197,0.005211821,0.0066964324,0.06650121,0.005745526,0.8615487,0.045410004,0.019843543,,0.019843543,look,0,,42,look_f0_s42_in22k_v5fix,last
ISIC_0033149,HAM_0007433,HAM_0007433,40-59,ham,5,False,5,0.0084693255,0.004738081,0.004794597,0.06132009,0.004142362,0.87482476,0.041710842,0.017349768,,0.017349768,look,0,,42,look_f0_s42_in22k_v5fix,last
ISIC_0033161,HAM_0003968,HAM_0003968,<40,ham,5,False,5,0.009759637,0.005514452,0.0069316393,0.063958354,0.0047253626,0.863093,0.046017546,0.019999452,,0.019999452,look,0,,42,look_f0_s42_in22k_v5fix,last
ISIC_0033172,HAM_0001692,HAM_0001692,40-59,ham,5,False,5,0.009111865,0.005815465,0.005578094,0.063403875,0.009301333,0.8623001,0.044489242,0.024228662,,0.024228662,look,0,,42,look_f0_s42_in22k_v5fix,last
ISIC_0033199,HAM_0006673,HAM_0006673,60+,ham,2,False,2,0.0065312395,0.0052408804,0.8892724,0.05345789,0.003759069,0.0021615666,0.039577004,0.01553119,,0.01553119,look,0,,42,look_f0_s42_in22k_v5fix,last
ISIC_0033204,HAM_0006886,HAM_0006886,40-59,ham,4,True,4,0.008756853,0.0042757913,0.0048003164,0.05990592,0.87370294,0.004618374,0.043939866,0.88673556,,0.88673556,look,0,,42,look_f0_s42_in22k_v5fix,last
ISIC_0033208,HAM_0004345,HAM_0004345,40-59,ham,5,False,5,0.009940629,0.005772333,0.006532364,0.06640013,0.0029603343,0.86139107,0.047003105,0.018673295,,0.018673295,look,0,,42,look_f0_s42_in22k_v5fix,last
ISIC_0033214,HAM_0005513,HAM_0005513,<40,ham,5,False,5,0.007824956,0.0046697105,0.0043054176,0.058716778,0.0027581593,0.8782369,0.043488164,0.015252826,,0.015252826,look,0,,42,look_f0_s42_in22k_v5fix,last
ISIC_0033222,HAM_0000547,HAM_0000547,40-59,ham,5,False,4,0.011144996,0.008982777,0.008272911,0.10263634,0.65471554,0.12570627,0.0885412,0.6748433,,0.6748433,look,0,,42,look_f0_s42_in22k_v5fix,last
ISIC_0033229,HAM_0005513,HAM_0005513,<40,ham,5,False,5,0.009941364,0.0058695236,0.0059085307,0.064894155,0.0051415977,0.86068535,0.047559477,0.020952486,,0.020952486,look,0,,42,look_f0_s42_in22k_v5fix,last
ISIC_0033253,HAM_0002434,HAM_0002434,40-59,ham,5,False,5,0.0106377555,0.0060981284,0.007480724,0.066902965,0.0145932855,0.8520867,0.042200383,0.03132917,,0.03132917,look,0,,42,look_f0_s42_in22k_v5fix,last
ISIC_0033255,HAM_0005513,HAM_0005513,<40,ham,5,False,5,0.008529733,0.0051870956,0.005118137,0.06120654,0.0031994185,0.8707262,0.046032846,0.016916247,,0.016916247,look,0,,42,look_f0_s42_in22k_v5fix,last
ISIC_0033256,HAM_0005584,HAM_0005584,<40,ham,3,False,3,0.012254228,0.0024678945,0.08612175,0.54853296,0.28523827,0.012283603,0.05310131,0.29996037,,0.29996037,look,0,,42,look_f0_s42_in22k_v5fix,last
ISIC_0033266,HAM_0005566,HAM_0005566,60+,ham,5,False,4,0.008279111,0.005641589,0.0066388324,0.053564005,0.8537211,0.034308366,0.03784698,0.8676418,,0.8676418,look,0,,42,look_f0_s42_in22k_v5fix,last
ISIC_0033279,HAM_0006802,HAM_0006802,40-59,ham,4,True,4,0.014106418,0.009939782,0.0059127365,0.13116899,0.3718069,0.36101806,0.10604717,0.3958531,,0.3958531,look,0,,42,look_f0_s42_in22k_v5fix,last
ISIC_0033286,HAM_0005758,HAM_0005758,60+,ham,4,True,4,0.0066860057,0.0031594657,0.0044861482,0.05743453,0.8818815,0.001854241,0.044498302,0.891727,,0.891727,look,0,,42,look_f0_s42_in22k_v5fix,last
ISIC_0033287,HAM_0001928,HAM_0001928,40-59,ham,4,True,5,0.15857019,0.024684256,0.11949682,0.14421605,0.177566,0.28910747,0.08635923,0.36082044,,0.36082044,look,0,,42,look_f0_s42_in22k_v5fix,last
ISIC_0033297,HAM_0000407,HAM_0000407,60+,ham,5,False,5,0.0121546835,0.0062147165,0.005448317,0.0682808,0.0073516034,0.84521836,0.05533149,0.025721002,,0.025721002,look,0,,42,look_f0_s42_in22k_v5fix,last
ISIC_0033303,HAM_0005740,HAM_0005740,<40,ham,5,False,5,0.009842532,0.0062057488,0.0062152836,0.062033053,0.006090956,0.8634262,0.04618619,0.022139236,,0.022139236,look,0,,42,look_f0_s42_in22k_v5fix,last
ISIC_0033305,HAM_0003218,HAM_0003218,60+,ham,2,False,2,0.008354924,0.0044553643,0.890948,0.052735645,0.003418145,0.0042907647,0.03579711,0.016228434,,0.016228434,look,0,,42,look_f0_s42_in22k_v5fix,last
ISIC_0033309,HAM_0002136,HAM_0002136,60+,ham,5,False,5,0.012571761,0.0056325723,0.008717266,0.06639361,0.030005304,0.8242385,0.052440956,0.048209637,,0.048209637,look,0,,42,look_f0_s42_in22k_v5fix,last
ISIC_0033310,HAM_0000119,HAM_0000119,60+,ham,4,True,4,0.007514094,0.010948008,0.004824153,0.06532416,0.8710303,0.0028401292,0.037519142,0.8894924,,0.8894924,look,0,,42,look_f0_s42_in22k_v5fix,last
ISIC_0033319,HAM_0005972,HAM_0005972,<40,ham,5,False,5,0.0088828495,0.005813763,0.0052208104,0.06383436,0.0044876505,0.8663986,0.04536202,0.019184263,,0.019184263,look,0,,42,look_f0_s42_in22k_v5fix,last
ISIC_0033326,HAM_0001692,HAM_0001692,40-59,ham,5,False,5,0.009635858,0.0063611004,0.0056317407,0.06302777,0.009446973,0.8601174,0.045779202,0.025443932,,0.025443932,look,0,,42,look_f0_s42_in22k_v5fix,last
ISIC_0033333,HAM_0006445,HAM_0006445,60+,ham,4,True,4,0.006903473,0.0045687053,0.004908078,0.06314003,0.84098834,0.03540188,0.0440895,0.8524605,,0.8524605,look,0,,42,look_f0_s42_in22k_v5fix,last
ISIC_0033339,HAM_0000316,HAM_0000316,40-59,ham,5,False,5,0.006817658,0.0038784582,0.011926196,0.053529073,0.005196867,0.87099695,0.047654763,0.015892982,,0.015892982,look,0,,42,look_f0_s42_in22k_v5fix,last
ISIC_0033345,HAM_0006147,HAM_0006147,40-59,ham,5,False,5,0.0075973775,0.00573499,0.006403358,0.0673655,0.02141013,0.8415985,0.04989014,0.034742497,,0.034742497,look,0,,42,look_f0_s42_in22k_v5fix,last
ISIC_0033350,HAM_0004099,HAM_0004099,40-59,ham,5,False,5,0.009397024,0.005682948,0.004252517,0.08213357,0.16385888,0.6723755,0.06229953,0.17893885,,0.17893885,look,0,,42,look_f0_s42_in22k_v5fix,last
ISIC_0033353,HAM_0001000,HAM_0001000,unknown,ham,5,False,5,0.010887157,0.0059291963,0.0047886358,0.06825404,0.004489432,0.8570054,0.04864605,0.021305785,,0.021305785,look,0,,42,look_f0_s42_in22k_v5fix,last
ISIC_0033354,HAM_0003887,HAM_0003887,60+,ham,1,True,1,0.009446888,0.90520936,0.004044798,0.045485932,0.0034252198,0.0022824307,0.030105395,0.91808146,,0.91808146,look,0,,42,look_f0_s42_in22k_v5fix,last
ISIC_0033368,HAM_0005809,HAM_0005809,40-59,ham,4,True,4,0.0070687532,0.005423545,0.0047955294,0.060357153,0.84566414,0.03107475,0.045616146,0.85815644,,0.85815644,look,0,,42,look_f0_s42_in22k_v5fix,last
ISIC_0033377,HAM_0004056,HAM_0004056,40-59,ham,4,True,4,0.0063841958,0.0044530397,0.006482478,0.06496537,0.8553478,0.027606614,0.034760464,0.86618507,,0.86618507,look,0,,42,look_f0_s42_in22k_v5fix,last
ISIC_0033385,HAM_0001321,HAM_0001321,60+,ham,5,False,4,0.013654269,0.007182239,0.11016209,0.11400572,0.6722215,0.008765422,0.07400874,0.693058,,0.693058,look,0,,42,look_f0_s42_in22k_v5fix,last
ISIC_0033386,HAM_0002750,HAM_0002750,60+,ham,5,False,5,0.008600119,0.0042554927,0.0044427207,0.058495067,0.007153457,0.8752497,0.04180342,0.020009069,,0.020009069,look,0,,42,look_f0_s42_in22k_v5fix,last
ISIC_0033392,HAM_0003174,HAM_0003174,60+,ham,4,True,4,0.009807876,0.0044504055,0.01693968,0.072945006,0.8428898,0.00347764,0.049489543,0.85714805,,0.85714805,look,0,,42,look_f0_s42_in22k_v5fix,last
ISIC_0033393,HAM_0002617,HAM_0002617,60+,ham,4,True,4,0.0113844685,0.008941927,0.0057685347,0.1162376,0.46275908,0.30156237,0.09334601,0.48308548,,0.48308548,look,0,,42,look_f0_s42_in22k_v5fix,last
ISIC_0033415,HAM_0004927,HAM_0004927,60+,ham,4,True,4,0.02154416,0.007127658,0.008606962,0.06886364,0.8462605,0.0038219066,0.043775138,0.8749323,,0.8749323,look,0,,42,look_f0_s42_in22k_v5fix,last
ISIC_0033426,HAM_0001143,HAM_0001143,40-59,ham,4,True,4,0.00831323,0.0049546557,0.0050917855,0.061860275,0.8708074,0.0033387584,0.045633983,0.8840753,,0.8840753,look,0,,42,look_f0_s42_in22k_v5fix,last
ISIC_0033469,HAM_0006437,HAM_0006437,60+,ham,4,True,4,0.008616435,0.0038229309,0.006686426,0.049804192,0.8943455,0.0040275264,0.032696933,0.9067849,,0.9067849,look,0,,42,look_f0_s42_in22k_v5fix,last
ISIC_0033471,HAM_0001321,HAM_0001321,60+,ham,5,False,4,0.005708891,0.004533637,0.007617889,0.043736845,0.8927249,0.014276319,0.031401604,0.9029674,,0.9029674,look,0,,42,look_f0_s42_in22k_v5fix,last
ISIC_0033472,HAM_0003352,HAM_0003352,<40,ham,5,False,5,0.007127246,0.004055916,0.004131548,0.06334448,0.007336275,0.86872405,0.04528047,0.018519437,,0.018519437,look,0,,42,look_f0_s42_in22k_v5fix,last
ISIC_0033474,HAM_0003364,HAM_0003364,40-59,ham,5,False,5,0.010066646,0.005733704,0.0055315415,0.065122284,0.006259808,0.8606736,0.046612427,0.022060158,,0.022060158,look,0,,42,look_f0_s42_in22k_v5fix,last
ISIC_0033484,HAM_0000556,HAM_0000556,40-59,ham,5,False,5,0.008913173,0.004815708,0.004472577,0.06583658,0.011334001,0.8594791,0.045148857,0.025062881,,0.025062881,look,0,,42,look_f0_s42_in22k_v5fix,last
ISIC_0033486,HAM_0006018,HAM_0006018,60+,ham,2,False,1,0.006657996,0.64712363,0.056494053,0.09989753,0.10735505,0.010643132,0.071828604,0.7611367,,0.7611367,look,0,,42,look_f0_s42_in22k_v5fix,last
ISIC_0033495,HAM_0003968,HAM_0003968,<40,ham,5,False,5,0.011034054,0.0050208434,0.011271636,0.05821405,0.00451511,0.8711997,0.038744606,0.020570006,,0.020570006,look,0,,42,look_f0_s42_in22k_v5fix,last
ISIC_0033499,HAM_0003072,HAM_0003072,60+,ham,1,True,1,0.021887286,0.864473,0.0060821436,0.058701247,0.0038430453,0.0021355874,0.042877752,0.89020336,,0.89020336,look,0,,42,look_f0_s42_in22k_v5fix,last
ISIC_0033510,HAM_0000547,HAM_0000547,40-59,ham,5,False,4,0.0065182415,0.0054200077,0.0048686354,0.060598947,0.8499923,0.02317818,0.049423635,0.86193055,,0.86193055,look,0,,42,look_f0_s42_in22k_v5fix,last
ISIC_0033511,HAM_0006147,HAM_0006147,40-59,ham,5,False,5,0.010251861,0.0055916198,0.0064683766,0.0622751,0.007635521,0.8581294,0.04964799,0.023479002,,0.023479002,look,0,,42,look_f0_s42_in22k_v5fix,last
ISIC_0033518,HAM_0002952,HAM_0002952,60+,ham,4,True,4,0.008024107,0.004364954,0.004480534,0.05308064,0.88927644,0.00263483,0.038138505,0.9016655,,0.9016655,look,0,,42,look_f0_s42_in22k_v5fix,last
ISIC_0033523,HAM_0003770,HAM_0003770,60+,ham,2,False,2,0.0055629006,0.003650991,0.91159296,0.043312434,0.0040294,0.002822758,0.02902851,0.0132432915,,0.0132432915,look,0,,42,look_f0_s42_in22k_v5fix,last
ISIC_0033528,HAM_0000080,HAM_0000080,60+,ham,2,False,2,0.06868825,0.0088483775,0.7507537,0.11101579,0.0031941598,0.0026820283,0.054817677,0.08073079,,0.08073079,look,0,,42,look_f0_s42_in22k_v5fix,last
ISIC_0033535,HAM_0003017,HAM_0003017,unknown,ham,5,False,5,0.010181478,0.0077899704,0.009005613,0.06006171,0.009348182,0.8582708,0.045342185,0.02731963,,0.02731963,look,0,,42,look_f0_s42_in22k_v5fix,last
ISIC_0033540,HAM_0000556,HAM_0000556,40-59,ham,5,False,5,0.013919606,0.007489332,0.006164588,0.070074186,0.006089495,0.8439802,0.05228262,0.027498433,,0.027498433,look,0,,42,look_f0_s42_in22k_v5fix,last
ISIC_0033542,HAM_0001613,HAM_0001613,60+,ham,5,False,5,0.010425473,0.0050770636,0.006139981,0.0671242,0.0064640385,0.85371387,0.051055335,0.021966575,,0.021966575,look,0,,42,look_f0_s42_in22k_v5fix,last
ISIC_0033546,HAM_0000055,HAM_0000055,40-59,ham,4,True,5,0.01014956,0.009487178,0.0058342773,0.11964633,0.3612948,0.40051565,0.09307221,0.38093156,,0.38093156,look,0,,42,look_f0_s42_in22k_v5fix,last
ISIC_0033558,HAM_0005740,HAM_0005740,<40,ham,5,False,5,0.012697112,0.0077413446,0.006080613,0.06794597,0.005264069,0.8514684,0.048802506,0.025702525,,0.025702525,look,0,,42,look_f0_s42_in22k_v5fix,last
ISIC_0033581,HAM_0001855,HAM_0001855,60+,ham,2,False,2,0.006365256,0.0050183353,0.89380056,0.05208657,0.0042180787,0.0045806267,0.033930533,0.01560167,,0.01560167,look,0,,42,look_f0_s42_in22k_v5fix,last
ISIC_0033585,HAM_0005972,HAM_0005972,<40,ham,5,False,5,0.008997139,0.0051055574,0.0048395526,0.067455746,0.0037006128,0.8619644,0.047936976,0.017803308,,0.017803308,look,0,,42,look_f0_s42_in22k_v5fix,last
ISIC_0033590,HAM_0005740,HAM_0005740,<40,ham,5,False,5,0.008232085,0.005253179,0.0044074543,0.06310511,0.007490311,0.86326164,0.04825018,0.020975575,,0.020975575,look,0,,42,look_f0_s42_in22k_v5fix,last
ISIC_0033598,HAM_0005496,HAM_0005496,<40,ham,5,False,5,0.008890246,0.0052570156,0.0064749657,0.06588803,0.005722691,0.85939604,0.048370983,0.019869952,,0.019869952,look,0,,42,look_f0_s42_in22k_v5fix,last
ISIC_0033604,HAM_0000772,HAM_0000772,<40,ham,5,False,5,0.008983699,0.005508688,0.0044494,0.06754846,0.004176635,0.86296,0.04637303,0.018669022,,0.018669022,look,0,,42,look_f0_s42_in22k_v5fix,last
ISIC_0033605,HAM_0003884,HAM_0003884,<40,ham,5,False,5,0.01008338,0.005994025,0.006266277,0.065506324,0.0074139563,0.8568527,0.047883265,0.02349136,,0.02349136,look,0,,42,look_f0_s42_in22k_v5fix,last
ISIC_0033619,HAM_0005748,HAM_0005748,40-59,ham,4,True,5,0.010318813,0.006446184,0.0075620515,0.06902438,0.010550963,0.8457542,0.05034341,0.02731596,,0.02731596,look,0,,42,look_f0_s42_in22k_v5fix,last
ISIC_0033620,HAM_0003807,HAM_0003807,40-59,ham,2,False,5,0.010227451,0.0052330154,0.007262582,0.063049324,0.00453864,0.861292,0.048397005,0.019999107,,0.019999107,look,0,,42,look_f0_s42_in22k_v5fix,last
ISIC_0033623,HAM_0004202,HAM_0004202,40-59,ham,5,False,5,0.00997739,0.0059167044,0.0048408844,0.06383219,0.0073426277,0.8627354,0.04535477,0.023236722,,0.023236722,look,0,,42,look_f0_s42_in22k_v5fix,last
ISIC_0033642,HAM_0006018,HAM_0006018,60+,ham,2,False,1,0.008534062,0.5524121,0.093883894,0.14823876,0.095135696,0.007183858,0.09461158,0.65608186,,0.65608186,look,0,,42,look_f0_s42_in22k_v5fix,last
ISIC_0033644,HAM_0002993,HAM_0002993,40-59,ham,4,True,4,0.009829042,0.0060721952,0.005255829,0.054507244,0.88180476,0.0030224547,0.039508432,0.89770603,,0.89770603,look,0,,42,look_f0_s42_in22k_v5fix,last
ISIC_0033699,HAM_0004714,HAM_0004714,<40,ham,5,False,5,0.009189339,0.006314747,0.0050573046,0.06485073,0.0066831876,0.8641886,0.04371607,0.022187274,,0.022187274,look,0,,42,look_f0_s42_in22k_v5fix,last
ISIC_0033702,HAM_0003884,HAM_0003884,<40,ham,5,False,5,0.009624535,0.005573027,0.005714022,0.06779247,0.0071968623,0.8548467,0.049252443,0.022394424,,0.022394424,look,0,,42,look_f0_s42_in22k_v5fix,last
ISIC_0033706,HAM_0003993,HAM_0003993,40-59,ham,5,False,5,0.012859308,0.0061869267,0.0057183253,0.06823925,0.0071407254,0.8467369,0.053118594,0.026186962,,0.026186962,look,0,,42,look_f0_s42_in22k_v5fix,last
ISIC_0033712,HAM_0000407,HAM_0000407,60+,ham,5,False,5,0.01601472,0.007306758,0.006069864,0.07216568,0.010237507,0.8294761,0.058729343,0.033558983,,0.033558983,look,0,,42,look_f0_s42_in22k_v5fix,last
ISIC_0033717,HAM_0006445,HAM_0006445,60+,ham,4,True,5,0.0076591796,0.004714334,0.0036577329,0.06065895,0.013779425,0.8621727,0.047357585,0.026152939,,0.026152939,look,0,,42,look_f0_s42_in22k_v5fix,last
ISIC_0033725,HAM_0001928,HAM_0001928,40-59,ham,4,True,4,0.009290473,0.0054843226,0.004784143,0.049395416,0.88602096,0.005164311,0.039860394,0.90079576,,0.90079576,look,0,,42,look_f0_s42_in22k_v5fix,last
ISIC_0033743,HAM_0001026,HAM_0001026,<40,ham,5,False,5,0.010850192,0.0050522266,0.012393743,0.073791124,0.007164303,0.84098005,0.0497683,0.023066722,,0.023066722,look,0,,42,look_f0_s42_in22k_v5fix,last
ISIC_0033746,HAM_0002135,HAM_0002135,40-59,ham,5,False,5,0.017081158,0.0031507094,0.0043856585,0.14665449,0.24816328,0.5063504,0.07421436,0.26839516,,0.26839516,look,0,,42,look_f0_s42_in22k_v5fix,last
ISIC_0033759,HAM_0002923,HAM_0002923,40-59,ham,5,False,5,0.010568449,0.00681018,0.007061124,0.068835445,0.008090186,0.84499305,0.053641506,0.025468815,,0.025468815,look,0,,42,look_f0_s42_in22k_v5fix,last
ISIC_0033764,HAM_0007299,HAM_0007299,40-59,ham,5,False,5,0.0085228905,0.0032894365,0.011160164,0.06298121,0.01668533,0.8435956,0.053765286,0.028497657,,0.028497657,look,0,,42,look_f0_s42_in22k_v5fix,last
ISIC_0033769,HAM_0006284,HAM_0006284,<40,ham,5,False,5,0.010117512,0.0058252555,0.0062962486,0.0654163,0.0065307114,0.85821754,0.04759636,0.022473479,,0.022473479,look,0,,42,look_f0_s42_in22k_v5fix,last
ISIC_0033774,HAM_0003057,HAM_0003057,40-59,ham,5,False,5,0.009838677,0.0050696754,0.004972645,0.06772721,0.01677785,0.8439739,0.05164001,0.0316862,,0.0316862,look,0,,42,look_f0_s42_in22k_v5fix,last
ISIC_0033781,HAM_0001211,HAM_0001211,40-59,ham,5,False,5,0.011662038,0.0073622214,0.006333263,0.07087548,0.0065870844,0.8432437,0.05393613,0.025611345,,0.025611345,look,0,,42,look_f0_s42_in22k_v5fix,last
ISIC_0033794,HAM_0007052,HAM_0007052,40-59,ham,5,False,5,0.011726233,0.006679374,0.031466004,0.07051388,0.0063632573,0.82596314,0.047288086,0.024768865,,0.024768865,look,0,,42,look_f0_s42_in22k_v5fix,last
ISIC_0033798,HAM_0006539,HAM_0006539,40-59,ham,5,False,5,0.00982935,0.0051572686,0.0053011784,0.06555459,0.0046695443,0.86337984,0.04610821,0.019656163,,0.019656163,look,0,,42,look_f0_s42_in22k_v5fix,last
ISIC_0033813,HAM_0000423,HAM_0000423,40-59,ham,4,True,4,0.008079744,0.005262264,0.0035917605,0.045305073,0.89209294,0.012071157,0.03359705,0.90543497,,0.90543497,look,0,,42,look_f0_s42_in22k_v5fix,last
ISIC_0033828,HAM_0001954,HAM_0001954,40-59,ham,2,False,2,0.007937998,0.0039142324,0.87851304,0.05446737,0.0072073415,0.0046946453,0.04326545,0.019059572,,0.019059572,look,0,,42,look_f0_s42_in22k_v5fix,last
ISIC_0033843,HAM_0002952,HAM_0002952,60+,ham,4,True,4,0.007514441,0.0040542493,0.0047609657,0.054468345,0.8862751,0.0026652545,0.040261716,0.8978438,,0.8978438,look,0,,42,look_f0_s42_in22k_v5fix,last
ISIC_0033848,HAM_0000002,HAM_0000002,60+,ham,4,True,4,0.009343298,0.0060523474,0.005535602,0.05641603,0.878124,0.0029108853,0.04161783,0.89351964,,0.89351964,look,0,,42,look_f0_s42_in22k_v5fix,last
ISIC_0033854,HAM_0004246,HAM_0004246,60+,ham,2,False,5,0.008182257,0.004918124,0.0048603285,0.06494064,0.003696379,0.8623107,0.051091496,0.01679676,,0.01679676,look,0,,42,look_f0_s42_in22k_v5fix,last
ISIC_0033865,HAM_0000080,HAM_0000080,60+,ham,2,False,2,0.16865143,0.009138628,0.60376847,0.1373048,0.0034176998,0.005009872,0.072709166,0.18120776,,0.18120776,look,0,,42,look_f0_s42_in22k_v5fix,last
ISIC_0033877,HAM_0004237,HAM_0004237,unknown,ham,5,False,5,0.012110173,0.007378783,0.0064291805,0.065185994,0.004637593,0.8575466,0.046711624,0.02412655,,0.02412655,look,0,,42,look_f0_s42_in22k_v5fix,last
ISIC_0033895,HAM_0004348,HAM_0004348,40-59,ham,5,False,5,0.009659441,0.005384021,0.005823144,0.06686245,0.005781163,0.8602559,0.046233945,0.020824624,,0.020824624,look,0,,42,look_f0_s42_in22k_v5fix,last
ISIC_0033898,HAM_0003812,HAM_0003812,40-59,ham,5,False,5,0.011666653,0.007037612,0.006250288,0.07193443,0.006158462,0.8409861,0.055966582,0.024862727,,0.024862727,look,0,,42,look_f0_s42_in22k_v5fix,last
ISIC_0033902,HAM_0000048,HAM_0000048,60+,ham,4,True,4,0.012752232,0.0073741325,0.008317181,0.059808746,0.8634807,0.004593107,0.04367386,0.88360703,,0.88360703,look,0,,42,look_f0_s42_in22k_v5fix,last
ISIC_0033913,HAM_0001855,HAM_0001855,60+,ham,2,False,2,0.0056994376,0.0055558793,0.8854383,0.05776325,0.004335031,0.0036965194,0.037511513,0.015590347,,0.015590347,look,0,,42,look_f0_s42_in22k_v5fix,last
ISIC_0033915,HAM_0004714,HAM_0004714,<40,ham,5,False,5,0.012860655,0.007953715,0.008306176,0.0698635,0.0063471287,0.84635776,0.048310943,0.0271615,,0.0271615,look,0,,42,look_f0_s42_in22k_v5fix,last
ISIC_0033916,HAM_0005641,HAM_0005641,60+,ham,5,False,5,0.00787318,0.0034490095,0.002677471,0.06708776,0.019170588,0.8510114,0.04873055,0.030492779,,0.030492779,look,0,,42,look_f0_s42_in22k_v5fix,last
ISIC_0033934,HAM_0007299,HAM_0007299,40-59,ham,5,False,4,0.07652023,0.0025745037,0.0027793597,0.05442915,0.6725157,0.13489832,0.056282748,0.7516104,,0.7516104,look,0,,42,look_f0_s42_in22k_v5fix,last
ISIC_0033941,HAM_0002434,HAM_0002434,40-59,ham,5,False,5,0.009922504,0.0074604037,0.00662561,0.069464095,0.013410578,0.84577817,0.047338594,0.030793486,,0.030793486,look,0,,42,look_f0_s42_in22k_v5fix,last
ISIC_0033950,HAM_0006334,HAM_0006334,40-59,ham,5,False,5,0.0072658467,0.0034604687,0.006810621,0.061856013,0.010810476,0.86729276,0.04250393,0.021536792,,0.021536792,look,0,,42,look_f0_s42_in22k_v5fix,last
ISIC_0033951,HAM_0007433,HAM_0007433,40-59,ham,5,False,5,0.008759116,0.0054206797,0.0061043915,0.06425997,0.005252525,0.8678826,0.04232069,0.019432321,,0.019432321,look,0,,42,look_f0_s42_in22k_v5fix,last
ISIC_0033952,HAM_0000516,HAM_0000516,60+,ham,2,False,2,0.005212277,0.0085771065,0.80314386,0.083957806,0.047259673,0.0020570394,0.049792156,0.06104906,,0.06104906,look,0,,42,look_f0_s42_in22k_v5fix,last
ISIC_0033953,HAM_0006886,HAM_0006886,40-59,ham,4,True,4,0.007108273,0.0039721527,0.0055083754,0.061206885,0.87426,0.005371458,0.042572793,0.88534045,,0.88534045,look,0,,42,look_f0_s42_in22k_v5fix,last
ISIC_0033957,HAM_0002617,HAM_0002617,60+,ham,4,True,5,0.00798888,0.0066193524,0.00500712,0.066836946,0.022775937,0.83945817,0.051313616,0.037384167,,0.037384167,look,0,,42,look_f0_s42_in22k_v5fix,last
ISIC_0033958,HAM_0005206,HAM_0005206,40-59,ham,5,False,4,0.0070128487,0.004654597,0.005989108,0.052426804,0.8827308,0.009651261,0.0375346,0.8943982,,0.8943982,look,0,,42,look_f0_s42_in22k_v5fix,last
ISIC_0033959,HAM_0002136,HAM_0002136,60+,ham,5,False,5,0.013001366,0.005425459,0.0075489,0.07730318,0.004464983,0.8366476,0.055608448,0.022891808,,0.022891808,look,0,,42,look_f0_s42_in22k_v5fix,last
ISIC_0033961,HAM_0003884,HAM_0003884,<40,ham,5,False,5,0.009344298,0.005838316,0.005939541,0.06434825,0.0069133244,0.8599719,0.04764431,0.02209594,,0.02209594,look,0,,42,look_f0_s42_in22k_v5fix,last
ISIC_0033971,HAM_0007451,HAM_0007451,40-59,ham,5,False,5,0.011593293,0.006124225,0.006417667,0.066348314,0.017392587,0.8433533,0.048770644,0.035110105,,0.035110105,look,0,,42,look_f0_s42_in22k_v5fix,last
ISIC_0033974,HAM_0002434,HAM_0002434,40-59,ham,5,False,5,0.008818088,0.0062212036,0.0069123665,0.065406635,0.007494496,0.8584103,0.046736855,0.022533787,,0.022533787,look,0,,42,look_f0_s42_in22k_v5fix,last
ISIC_0034014,HAM_0003993,HAM_0003993,40-59,ham,5,False,5,0.054709833,0.003280341,0.008287936,0.08949473,0.04378894,0.7201982,0.080240004,0.10177912,,0.10177912,look,0,,42,look_f0_s42_in22k_v5fix,last
ISIC_0034015,HAM_0003216,HAM_0003216,60+,ham,1,True,2,0.007674306,0.03725522,0.875942,0.044166878,0.0024214806,0.005235608,0.027304629,0.047351006,,0.047351006,look,0,,42,look_f0_s42_in22k_v5fix,last
ISIC_0034021,HAM_0005496,HAM_0005496,<40,ham,5,False,5,0.009144132,0.005309727,0.007046338,0.06762301,0.0054707006,0.8563016,0.049104482,0.019924559,,0.019924559,look,0,,42,look_f0_s42_in22k_v5fix,last
ISIC_0034031,HAM_0002372,HAM_0002372,60+,ham,2,False,4,0.0021114028,0.0017539018,0.0044383346,0.06522029,0.88650674,0.008695064,0.031274255,0.89037204,,0.89037204,look,0,,42,look_f0_s42_in22k_v5fix,last
ISIC_0034033,HAM_0005312,HAM_0005312,<40,ham,5,False,4,0.008129334,0.0063594673,0.0057196137,0.044305302,0.89324373,0.012238996,0.030003624,0.90773255,,0.90773255,look,0,,42,look_f0_s42_in22k_v5fix,last
ISIC_0034041,HAM_0005496,HAM_0005496,<40,ham,5,False,5,0.009528836,0.0054295612,0.0072022947,0.07009806,0.005139387,0.8524887,0.05011314,0.020097785,,0.020097785,look,0,,42,look_f0_s42_in22k_v5fix,last
ISIC_0034051,HAM_0004056,HAM_0004056,40-59,ham,4,True,4,0.0097245965,0.0056888354,0.006306594,0.06592267,0.86581814,0.0051917634,0.04134738,0.88123155,,0.88123155,look,0,,42,look_f0_s42_in22k_v5fix,last
ISIC_0034065,HAM_0005748,HAM_0005748,40-59,ham,4,True,5,0.008312227,0.00601287,0.0045877276,0.06812355,0.037391756,0.82178986,0.053781956,0.051716853,,0.051716853,look,0,,42,look_f0_s42_in22k_v5fix,last
ISIC_0034075,HAM_0004209,HAM_0004209,40-59,ham,5,False,5,0.009948907,0.006053223,0.0067387596,0.06332708,0.0077585764,0.86266077,0.043512624,0.023760706,,0.023760706,look,0,,42,look_f0_s42_in22k_v5fix,last
ISIC_0034080,HAM_0000421,HAM_0000421,unknown,ham,5,False,5,0.010103522,0.0043157446,0.0054435083,0.062182177,0.004286509,0.862552,0.051116552,0.018705776,,0.018705776,look,0,,42,look_f0_s42_in22k_v5fix,last
ISIC_0034093,HAM_0003220,HAM_0003220,60+,ham,1,True,1,0.007914586,0.88893294,0.005005506,0.051571764,0.0054000053,0.003258717,0.037916392,0.90224755,,0.90224755,look,0,,42,look_f0_s42_in22k_v5fix,last
ISIC_0034098,HAM_0002876,HAM_0002876,<40,ham,5,False,5,0.010203578,0.0073011657,0.006153374,0.07032188,0.0059601627,0.8520471,0.04801274,0.023464907,,0.023464907,look,0,,42,look_f0_s42_in22k_v5fix,last
ISIC_0034099,HAM_0007005,HAM_0007005,40-59,ham,5,False,5,0.011108883,0.0072243568,0.007485639,0.06842608,0.011380802,0.84225696,0.052117273,0.02971404,,0.02971404,look,0,,42,look_f0_s42_in22k_v5fix,last
ISIC_0034104,HAM_0002993,HAM_0002993,40-59,ham,4,True,4,0.008609458,0.005807246,0.0051911823,0.05826137,0.8753945,0.0029177184,0.043818478,0.8898112,,0.8898112,look,0,,42,look_f0_s42_in22k_v5fix,last
ISIC_0034105,HAM_0004550,HAM_0004550,<40,ham,5,False,5,0.012807019,0.0059622843,0.0066524995,0.07100993,0.006210278,0.8474499,0.04990808,0.02497958,,0.02497958,look,0,,42,look_f0_s42_in22k_v5fix,last
ISIC_0034107,HAM_0005809,HAM_0005809,40-59,ham,4,True,5,0.010526212,0.008283439,0.004743569,0.098504856,0.21947998,0.5814019,0.077060096,0.23828962,,0.23828962,look,0,,42,look_f0_s42_in22k_v5fix,last
ISIC_0034117,HAM_0004927,HAM_0004927,60+,ham,4,True,4,0.021903211,0.007937571,0.009860175,0.069928266,0.84793687,0.002923428,0.039510448,0.87777764,,0.87777764,look,0,,42,look_f0_s42_in22k_v5fix,last
ISIC_0034120,HAM_0006445,HAM_0006445,60+,ham,4,True,5,0.008614857,0.005693461,0.0042884243,0.09097226,0.070417464,0.7496676,0.07034586,0.08472578,,0.08472578,look,0,,42,look_f0_s42_in22k_v5fix,last
ISIC_0034130,HAM_0007172,HAM_0007172,unknown,ham,5,False,5,0.008934084,0.0049691605,0.0066512,0.06466135,0.00706046,0.8578492,0.04987451,0.020963706,,0.020963706,look,0,,42,look_f0_s42_in22k_v5fix,last
ISIC_0034131,HAM_0005106,HAM_0005106,<40,ham,5,False,5,0.0069933417,0.0054815724,0.004265372,0.070534445,0.015990455,0.8513754,0.045359425,0.028465368,,0.028465368,look,0,,42,look_f0_s42_in22k_v5fix,last
ISIC_0034136,HAM_0002750,HAM_0002750,60+,ham,5,False,5,0.0131368805,0.0074749426,0.007843499,0.07250379,0.005967737,0.84018004,0.052893173,0.026579559,,0.026579559,look,0,,42,look_f0_s42_in22k_v5fix,last
ISIC_0034139,HAM_0006391,HAM_0006391,60+,ham,5,False,5,0.009686474,0.00622007,0.008968859,0.06924051,0.009942896,0.84958225,0.046358906,0.02584944,,0.02584944,look,0,,42,look_f0_s42_in22k_v5fix,last
ISIC_0034140,HAM_0005636,HAM_0005636,60+,ham,4,True,4,0.037508704,0.36702776,0.016769469,0.12450626,0.372867,0.012150418,0.06917049,0.7774035,,0.7774035,look,0,,42,look_f0_s42_in22k_v5fix,last
ISIC_0034144,HAM_0002923,HAM_0002923,40-59,ham,5,False,5,0.0155585,0.007161595,0.007956425,0.07334802,0.021279206,0.813735,0.06096127,0.0439993,,0.0439993,look,0,,42,look_f0_s42_in22k_v5fix,last
ISIC_0034162,HAM_0000006,HAM_0000006,60+,ham,4,True,4,0.012105945,0.0070418357,0.009777386,0.07821166,0.8275208,0.0047933687,0.06054912,0.84666854,,0.84666854,look,0,,42,look_f0_s42_in22k_v5fix,last
ISIC_0034164,HAM_0002605,HAM_0002605,<40,ham,5,False,5,0.0074803173,0.004214239,0.0041060555,0.061811995,0.006165618,0.8730158,0.043205958,0.017860174,,0.017860174,look,0,,42,look_f0_s42_in22k_v5fix,last
ISIC_0034166,HAM_0004063,HAM_0004063,<40,ham,5,False,5,0.008293446,0.005920746,0.006186837,0.06338929,0.0056171305,0.8643561,0.046236522,0.019831322,,0.019831322,look,0,,42,look_f0_s42_in22k_v5fix,last
ISIC_0034172,HAM_0002617,HAM_0002617,60+,ham,4,True,5,0.008639518,0.00641831,0.0049757003,0.07535738,0.03203324,0.81441605,0.05815985,0.047091067,,0.047091067,look,0,,42,look_f0_s42_in22k_v5fix,last
ISIC_0034175,HAM_0003770,HAM_0003770,60+,ham,2,False,2,0.0040335655,0.0027996434,0.9175708,0.03678649,0.00382509,0.007040327,0.02794406,0.010658299,,0.010658299,look,0,,42,look_f0_s42_in22k_v5fix,last
ISIC_0034187,HAM_0002476,HAM_0002476,<40,ham,5,False,5,0.009501228,0.006486025,0.005257961,0.06748739,0.0044465917,0.8527558,0.05406506,0.020433845,,0.020433845,look,0,,42,look_f0_s42_in22k_v5fix,last
ISIC_0034209,HAM_0001547,HAM_0001547,<40,ham,5,False,4,0.010720449,0.0040180506,0.008774903,0.05543894,0.87890494,0.003729533,0.038413182,0.89364344,,0.89364344,look,0,,42,look_f0_s42_in22k_v5fix,last
ISIC_0034223,HAM_0003216,HAM_0003216,60+,ham,1,True,2,0.008014785,0.124967575,0.67238456,0.104344964,0.005261094,0.014119803,0.070907205,0.13824345,,0.13824345,look,0,,42,look_f0_s42_in22k_v5fix,last
ISIC_0034231,HAM_0005312,HAM_0005312,<40,ham,5,False,4,0.016445406,0.01237752,0.005296225,0.11413122,0.5759043,0.20067914,0.07516624,0.6047272,,0.6047272,look,0,,42,look_f0_s42_in22k_v5fix,last
ISIC_0034246,HAM_0000002,HAM_0000002,60+,ham,4,True,4,0.009678025,0.006506069,0.006073488,0.05602002,0.8746011,0.0039134333,0.043207914,0.8907852,,0.8907852,look,0,,42,look_f0_s42_in22k_v5fix,last
ISIC_0034254,HAM_0002616,HAM_0002616,40-59,ham,5,False,2,0.0270606,0.006380855,0.81252813,0.0644797,0.00887146,0.028147258,0.052531898,0.042312913,,0.042312913,look,0,,42,look_f0_s42_in22k_v5fix,last
ISIC_0034256,HAM_0005636,HAM_0005636,60+,ham,4,True,4,0.008521801,0.034113962,0.031537376,0.079574436,0.78830844,0.013281004,0.044662885,0.8309442,,0.8309442,look,0,,42,look_f0_s42_in22k_v5fix,last
ISIC_0034267,HAM_0005116,HAM_0005116,<40,ham,5,False,5,0.009125093,0.00497081,0.005234798,0.06259465,0.005898349,0.859769,0.052407246,0.019994251,,0.019994251,look,0,,42,look_f0_s42_in22k_v5fix,last
ISIC_0034271,HAM_0000443,HAM_0000443,<40,ham,5,False,5,0.013198214,0.0062895534,0.007318484,0.071563326,0.004163259,0.84774065,0.04972654,0.023651026,,0.023651026,look,0,,42,look_f0_s42_in22k_v5fix,last
ISIC_0034272,HAM_0002329,HAM_0002329,40-59,ham,5,False,5,0.013618441,0.00828453,0.0082891565,0.07737773,0.007509519,0.82882005,0.056100577,0.02941249,,0.02941249,look,0,,42,look_f0_s42_in22k_v5fix,last
ISIC_0034279,HAM_0000556,HAM_0000556,40-59,ham,5,False,5,0.012697461,0.0063980604,0.0054822247,0.06596308,0.01054362,0.8428294,0.05608615,0.029639142,,0.029639142,look,0,,42,look_f0_s42_in22k_v5fix,last
ISIC_0034293,HAM_0004099,HAM_0004099,40-59,ham,5,False,5,0.009346511,0.0053335754,0.005196593,0.06827921,0.008161281,0.8530524,0.050630562,0.022841368,,0.022841368,look,0,,42,look_f0_s42_in22k_v5fix,last
ISIC_0034297,HAM_0001547,HAM_0001547,<40,ham,5,False,5,0.012576739,0.00214448,0.007791189,0.06516718,0.004550612,0.86079836,0.04697151,0.019271832,,0.019271832,look,0,,42,look_f0_s42_in22k_v5fix,last
ISIC_0034303,HAM_0002372,HAM_0002372,60+,ham,2,False,2,0.010407853,0.0063082497,0.7349807,0.06532505,0.10685247,0.03132228,0.04480339,0.12356857,,0.12356857,look,0,,42,look_f0_s42_in22k_v5fix,last
ISIC_0034309,HAM_0003810,HAM_0003810,40-59,ham,5,False,5,0.012431431,0.007983458,0.006962476,0.06844149,0.0056704725,0.8497983,0.048712406,0.026085362,,0.026085362,look,0,,42,look_f0_s42_in22k_v5fix,last
ISIC_0034311,HAM_0007124,HAM_0007124,40-59,ham,5,False,5,0.009275788,0.005421433,0.005605971,0.066369414,0.0058313617,0.8606121,0.046883956,0.020528585,,0.020528585,look,0,,42,look_f0_s42_in22k_v5fix,last
ISIC_0053459,BCN_0003316,BCN_0003316,60+,bcn20000,5,False,4,0.007806733,0.006038242,0.008549099,0.13991821,0.6494459,0.110751584,0.07749028,0.66329086,,0.66329086,look,0,,42,look_f0_s42_in22k_v5fix,last
ISIC_0053464,BCN_0004756,BCN_0004756,<40,bcn20000,5,False,5,0.009761622,0.0053928467,0.006232733,0.063140556,0.004572454,0.8638592,0.047040574,0.019726923,,0.019726923,look,0,,42,look_f0_s42_in22k_v5fix,last
ISIC_0053474,BCN_0003781,BCN_0003781,40-59,bcn20000,1,True,1,0.012381525,0.88020456,0.005667256,0.052796785,0.003003387,0.0027000762,0.043246318,0.8955895,,0.8955895,look,0,,42,look_f0_s42_in22k_v5fix,last
ISIC_0053478,BCN_0002140,BCN_0002140,60+,bcn20000,0,True,2,0.028917914,0.008609303,0.7540891,0.084724404,0.006714933,0.03974006,0.07720424,0.04424215,,0.04424215,look,0,,42,look_f0_s42_in22k_v5fix,last
ISIC_0053497,BCN_0000384,BCN_0000384,60+,bcn20000,5,False,5,0.0138561055,0.009039255,0.054638978,0.09224893,0.020044178,0.7391055,0.071067065,0.042939536,,0.042939536,look,0,,42,look_f0_s42_in22k_v5fix,last
ISIC_0053504,BCN_0001106,BCN_0001106,60+,bcn20000,1,True,4,0.007029325,0.00939524,0.0024162831,0.06464307,0.86786675,0.000562546,0.04808686,0.8842913,,0.8842913,look,0,,42,look_f0_s42_in22k_v5fix,last
ISIC_0053507,BCN_0000822,BCN_0000822,60+,bcn20000,4,True,5,0.00722536,0.0051494264,0.009333731,0.06944751,0.04172782,0.81751174,0.04960448,0.054102607,,0.054102607,look,0,,42,look_f0_s42_in22k_v5fix,last
ISIC_0053542,BCN_0002079,BCN_0002079,40-59,bcn20000,4,True,4,0.02074318,0.00468531,0.015351475,0.06837304,0.8411482,0.0028265659,0.04687211,0.8665767,,0.8665767,look,0,,42,look_f0_s42_in22k_v5fix,last
ISIC_0053562,BCN_0001679,BCN_0001679,60+,bcn20000,2,False,4,0.009006132,0.011711235,0.01071167,0.062596604,0.8628495,0.0025237978,0.040601112,0.88356686,,0.88356686,look,0,,42,look_f0_s42_in22k_v5fix,last
ISIC_0053584,BCN_0001961,BCN_0001961,<40,bcn20000,5,False,5,0.0068026683,0.004821935,0.005286865,0.062450133,0.008106093,0.8698767,0.042655654,0.019730696,,0.019730696,look,0,,42,look_f0_s42_in22k_v5fix,last
ISIC_0053593,BCN_0003101,BCN_0003101,60+,bcn20000,0,True,4,0.028417243,0.005567132,0.0046199984,0.06364277,0.8589563,0.0015889956,0.037207626,0.89294064,,0.89294064,look,0,,42,look_f0_s42_in22k_v5fix,last
ISIC_0053597,BCN_0003344,BCN_0003344,60+,bcn20000,0,True,0,0.9058943,0.0024040507,0.028565751,0.036588565,0.002099732,0.0024573905,0.021990234,0.91039807,,0.91039807,look,0,,42,look_f0_s42_in22k_v5fix,last
ISIC_0053599,BCN_0003598,BCN_0003598,40-59,bcn20000,1,True,1,0.009712098,0.7191006,0.032808248,0.07054303,0.009129326,0.003152451,0.15555425,0.73794204,,0.73794204,look,0,,42,look_f0_s42_in22k_v5fix,last
ISIC_0053627,BCN_0002258,BCN_0002258,60+,bcn20000,2,False,4,0.009461761,0.0074001197,0.018219745,0.06733847,0.8457439,0.0023153168,0.0495207,0.86260575,,0.86260575,look,0,,42,look_f0_s42_in22k_v5fix,last
ISIC_0053630,BCN_0005640,BCN_0005640,60+,bcn20000,5,False,5,0.0053278524,0.00530042,0.22360949,0.084083065,0.0132018505,0.6243625,0.044114783,0.023830123,,0.023830123,look,0,,42,look_f0_s42_in22k_v5fix,last
ISIC_0053631,BCN_0000659,BCN_0000659,60+,bcn20000,1,True,1,0.0053354464,0.87539554,0.012852274,0.051023804,0.0058612116,0.0057674777,0.043764275,0.8865922,,0.8865922,look,0,,42,look_f0_s42_in22k_v5fix,last
ISIC_0053642,BCN_0004175,BCN_0004175,40-59,bcn20000,5,False,5,0.008701016,0.00796237,0.005388213,0.07375752,0.040078923,0.81197125,0.052140735,0.05674231,,0.05674231,look,0,,42,look_f0_s42_in22k_v5fix,last
ISIC_0053657,BCN_0004865,BCN_0004865,60+,bcn20000,0,True,4,0.33896348,0.007108167,0.0064055338,0.11514508,0.44605985,0.005239507,0.08107836,0.79213154,,0.79213154,look,0,,42,look_f0_s42_in22k_v5fix,last
ISIC_0053661,BCN_0001495,BCN_0001495,60+,bcn20000,2,False,2,0.0090241525,0.0048243054,0.88117224,0.05447251,0.0045453734,0.009139622,0.036821738,0.018393831,,0.018393831,look,0,,42,look_f0_s42_in22k_v5fix,last
ISIC_0053679,BCN_0001655,BCN_0001655,60+,bcn20000,0,True,2,0.009486408,0.005536275,0.8430227,0.056350816,0.022917472,0.028558472,0.03412789,0.037940156,,0.037940156,look,0,,42,look_f0_s42_in22k_v5fix,last
ISIC_0053697,BCN_0001523,BCN_0001523,60+,bcn20000,3,False,5,0.00781808,0.009274347,0.004833429,0.43951428,0.050684154,0.44082996,0.04704569,0.067776576,,0.067776576,look,0,,42,look_f0_s42_in22k_v5fix,last
ISIC_0053714,BCN_0005292,BCN_0005292,40-59,bcn20000,1,True,4,0.02396436,0.007328428,0.0067098276,0.09201998,0.568783,0.24012414,0.061070275,0.6000758,,0.6000758,look,0,,42,look_f0_s42_in22k_v5fix,last
ISIC_0053718,BCN_0001370,BCN_0001370,40-59,bcn20000,5,False,5,0.014335993,0.01012189,0.0068307514,0.07526528,0.0057722637,0.8340782,0.053595588,0.030230146,,0.030230146,look,0,,42,look_f0_s42_in22k_v5fix,last
ISIC_0053720,BCN_0005251,BCN_0005251,40-59,bcn20000,5,False,5,0.0138412425,0.0038715575,0.0057887626,0.065060265,0.003646831,0.8728526,0.03493867,0.02135963,,0.02135963,look,0,,42,look_f0_s42_in22k_v5fix,last
ISIC_0053734,BCN_0002079,BCN_0002079,40-59,bcn20000,4,True,4,0.012521656,0.004997671,0.009268077,0.061240844,0.8754632,0.0031816978,0.033326842,0.89298254,,0.89298254,look,0,,42,look_f0_s42_in22k_v5fix,last
ISIC_0053738,BCN_0001154,BCN_0001154,60+,bcn20000,0,True,0,0.7582588,0.015808089,0.032803945,0.07218281,0.001998627,0.06716319,0.051784486,0.7760655,,0.7760655,look,0,,42,look_f0_s42_in22k_v5fix,last
ISIC_0053749,BCN_0005019,BCN_0005019,40-59,bcn20000,0,True,1,0.0072505097,0.76504517,0.013653051,0.11159474,0.0011467346,0.06138078,0.03992899,0.7734424,,0.7734424,look,0,,42,look_f0_s42_in22k_v5fix,last
ISIC_0053766,BCN_0003584,BCN_0003584,60+,bcn20000,4,True,4,0.007291186,0.006995021,0.00858911,0.06142568,0.8592289,0.0046677073,0.05180248,0.8735151,,0.8735151,look,0,,42,look_f0_s42_in22k_v5fix,last
ISIC_0053774,BCN_0001108,BCN_0001108,60+,bcn20000,4,True,4,0.0068294737,0.0032247815,0.005724853,0.046003584,0.89354324,0.008537921,0.036136188,0.9035975,,0.9035975,look,0,,42,look_f0_s42_in22k_v5fix,last
ISIC_0053814,BCN_0001108,BCN_0001108,60+,bcn20000,4,True,4,0.0063821175,0.0029055127,0.01703794,0.054415952,0.8781942,0.0038242836,0.037239905,0.88748187,,0.88748187,look,0,,42,look_f0_s42_in22k_v5fix,last
ISIC_0053817,BCN_0000828,BCN_0000828,<40,bcn20000,1,True,1,0.0060937284,0.8918648,0.0040032403,0.04710636,0.0065815346,0.0051792315,0.039171215,0.90454006,,0.90454006,look,0,,42,look_f0_s42_in22k_v5fix,last
ISIC_0053840,BCN_0004223,BCN_0004223,60+,bcn20000,1,True,1,0.010232394,0.86762553,0.007729308,0.059957262,0.005972701,0.00426368,0.044219136,0.8838306,,0.8838306,look,0,,42,look_f0_s42_in22k_v5fix,last
ISIC_0053857,BCN_0001523,BCN_0001523,60+,bcn20000,3,False,3,0.0007126615,0.035666484,0.0013393034,0.9480737,0.0033895706,0.0006648541,0.01015342,0.03976872,,0.03976872,look,0,,42,look_f0_s42_in22k_v5fix,last
ISIC_0053886,BCN_0000253,BCN_0000253,<40,bcn20000,5,False,4,0.0092215855,0.006297728,0.004235613,0.055615768,0.87857825,0.0055348803,0.040516138,0.89409757,,0.89409757,look,0,,42,look_f0_s42_in22k_v5fix,last
ISIC_0053909,BCN_0000618,BCN_0000618,60+,bcn20000,4,True,2,0.008223115,0.009705709,0.79699564,0.07302099,0.07186333,0.0021991811,0.03799207,0.089792155,,0.089792155,look,0,,42,look_f0_s42_in22k_v5fix,last
ISIC_0053913,BCN_0000511,BCN_0000511,60+,bcn20000,1,True,4,0.014172493,0.017829046,0.0068134437,0.08717458,0.8208259,0.0037963705,0.04938818,0.8528274,,0.8528274,look,0,,42,look_f0_s42_in22k_v5fix,last
ISIC_0053915,BCN_0000692,BCN_0000692,40-59,bcn20000,5,False,5,0.0059871096,0.01572612,0.003979669,0.36523154,0.031959537,0.5327428,0.044373214,0.05367277,,0.05367277,look,0,,42,look_f0_s42_in22k_v5fix,last
ISIC_0053916,BCN_0002079,BCN_0002079,40-59,bcn20000,4,True,4,0.12581824,0.025460418,0.13239732,0.22854875,0.3580614,0.038968764,0.090745166,0.50934005,,0.50934005,look,0,,42,look_f0_s42_in22k_v5fix,last
ISIC_0053930,BCN_0002983,BCN_0002983,40-59,bcn20000,2,False,2,0.010887424,0.0036088233,0.89412135,0.044337522,0.0044036265,0.003845652,0.038795672,0.018899875,,0.018899875,look,0,,42,look_f0_s42_in22k_v5fix,last
ISIC_0053945,BCN_0002843,BCN_0002843,60+,bcn20000,4,True,1,0.010716004,0.9007475,0.0030986131,0.046393022,0.007609641,0.0010717486,0.03036354,0.91907316,,0.91907316,look,0,,42,look_f0_s42_in22k_v5fix,last
ISIC_0053951,BCN_0003874,BCN_0003874,<40,bcn20000,1,True,1,0.006386724,0.9117449,0.003960117,0.04237212,0.0040262127,0.0024376449,0.029072326,0.9221578,,0.9221578,look,0,,42,look_f0_s42_in22k_v5fix,last
ISIC_0053968,BCN_0005136,BCN_0005136,60+,bcn20000,2,False,1,0.07222034,0.5663658,0.04893337,0.15006936,0.072063066,0.0029678259,0.08738032,0.7106492,,0.7106492,look,0,,42,look_f0_s42_in22k_v5fix,last
ISIC_0053970,BCN_0003921,BCN_0003921,<40,bcn20000,5,False,5,0.011692688,0.00460286,0.0056241946,0.07290656,0.008691228,0.8485578,0.04792465,0.024986777,,0.024986777,look,0,,42,look_f0_s42_in22k_v5fix,last
ISIC_0053971,BCN_0003907,BCN_0003907,60+,bcn20000,4,True,4,0.009513224,0.010623366,0.0068937824,0.06650114,0.8611683,0.0027629184,0.04253726,0.8813049,,0.8813049,look,0,,42,look_f0_s42_in22k_v5fix,last
ISIC_0053987,BCN_0005626,BCN_0005626,60+,bcn20000,2,False,2,0.01816944,0.010635878,0.3795391,0.1433581,0.33927554,0.0051928717,0.10382906,0.36808085,,0.36808085,look,0,,42,look_f0_s42_in22k_v5fix,last
ISIC_0054008,BCN_0002597,BCN_0002597,40-59,bcn20000,5,False,5,0.00930012,0.00550544,0.004211115,0.09251426,0.09113914,0.7301986,0.06713131,0.1059447,,0.1059447,look,0,,42,look_f0_s42_in22k_v5fix,last
ISIC_0054012,BCN_0003277,BCN_0003277,40-59,bcn20000,5,False,4,0.009438224,0.018500233,0.005248345,0.06608076,0.8409606,0.0057175364,0.05405422,0.8688991,,0.8688991,look,0,,42,look_f0_s42_in22k_v5fix,last
ISIC_0054065,BCN_0003145,BCN_0003145,40-59,bcn20000,1,True,1,0.004928366,0.9080365,0.0053572645,0.042934675,0.003545548,0.0043882895,0.030809427,0.91651034,,0.91651034,look,0,,42,look_f0_s42_in22k_v5fix,last
ISIC_0054066,BCN_0005052,BCN_0005052,<40,bcn20000,5,False,5,0.015169643,0.011251186,0.0050503267,0.104868196,0.1326062,0.6562427,0.07481172,0.15902703,,0.15902703,look,0,,42,look_f0_s42_in22k_v5fix,last
ISIC_0054069,BCN_0003597,BCN_0003597,<40,bcn20000,5,False,5,0.012729555,0.007281616,0.0063883485,0.06903866,0.0047880663,0.8537666,0.046007123,0.024799239,,0.024799239,look,0,,42,look_f0_s42_in22k_v5fix,last
ISIC_0054085,BCN_0000618,BCN_0000618,60+,bcn20000,4,True,2,0.018658353,0.022670614,0.69202024,0.09118648,0.06911071,0.014259774,0.092093796,0.11043967,,0.11043967,look,0,,42,look_f0_s42_in22k_v5fix,last
ISIC_0054111,BCN_0005316,BCN_0005316,60+,bcn20000,0,True,0,0.49485454,0.009731651,0.3172983,0.09051399,0.010934277,0.007907767,0.06875949,0.5155205,,0.5155205,look,0,,42,look_f0_s42_in22k_v5fix,last
ISIC_0054118,BCN_0001154,BCN_0001154,60+,bcn20000,0,True,1,0.010441986,0.8837671,0.004661507,0.05377153,0.0054340395,0.004093657,0.037830163,0.8996431,,0.8996431,look,0,,42,look_f0_s42_in22k_v5fix,last
ISIC_0054120,BCN_0004060,BCN_0004060,40-59,bcn20000,1,True,1,0.0050780755,0.74200183,0.003138979,0.09125515,0.084238365,0.0033153072,0.07097221,0.83131826,,0.83131826,look,0,,42,look_f0_s42_in22k_v5fix,last
ISIC_0054144,BCN_0004027,BCN_0004027,40-59,bcn20000,1,True,1,0.09850735,0.7536881,0.0039841095,0.08413605,0.004282188,0.004442652,0.05095952,0.8564776,,0.8564776,look,0,,42,look_f0_s42_in22k_v5fix,last
ISIC_0054166,BCN_0003089,BCN_0003089,40-59,bcn20000,5,False,5,0.012166527,0.0075481,0.0032750838,0.083994806,0.031242501,0.8020548,0.05971813,0.05095713,,0.05095713,look,0,,42,look_f0_s42_in22k_v5fix,last
ISIC_0054197,BCN_0004649,BCN_0004649,40-59,bcn20000,5,False,5,0.007852718,0.0033265331,0.0025162164,0.053534374,0.005388434,0.8876057,0.039776113,0.016567685,,0.016567685,look,0,,42,look_f0_s42_in22k_v5fix,last
ISIC_0054209,BCN_0004832,BCN_0004832,40-59,bcn20000,0,True,0,0.9307239,0.011889623,0.0018425019,0.030525325,0.0020112207,0.002981074,0.020026334,0.9446248,,0.9446248,look,0,,42,look_f0_s42_in22k_v5fix,last
ISIC_0054229,BCN_0001615,BCN_0001615,40-59,bcn20000,4,True,4,0.010964098,0.009451617,0.009514515,0.07676939,0.8347118,0.0077345227,0.05085416,0.8551275,,0.8551275,look,0,,42,look_f0_s42_in22k_v5fix,last
ISIC_0054251,BCN_0001108,BCN_0001108,60+,bcn20000,4,True,4,0.0058442936,0.0027384458,0.012996489,0.038960196,0.9062548,0.003252008,0.02995369,0.91483754,,0.91483754,look,0,,42,look_f0_s42_in22k_v5fix,last
ISIC_0054256,BCN_0005324,BCN_0005324,<40,bcn20000,5,False,5,0.011005078,0.0068764947,0.0061124717,0.06992629,0.008581535,0.84754777,0.049950387,0.026463106,,0.026463106,look,0,,42,look_f0_s42_in22k_v5fix,last
ISIC_0054263,BCN_0005487,BCN_0005487,<40,bcn20000,5,False,5,0.010004839,0.005596717,0.006330916,0.0671379,0.016010964,0.84589064,0.04902801,0.03161252,,0.03161252,look,0,,42,look_f0_s42_in22k_v5fix,last
ISIC_0054278,BCN_0001423,BCN_0001423,40-59,bcn20000,5,False,5,0.009154949,0.0062073246,0.0054681785,0.06136581,0.004814508,0.8682309,0.04475836,0.020176781,,0.020176781,look,0,,42,look_f0_s42_in22k_v5fix,last
ISIC_0054288,BCN_0001694,BCN_0001694,60+,bcn20000,4,True,5,0.011541872,0.019587796,0.0070298472,0.13955,0.32476023,0.38880453,0.10872575,0.3558899,,0.3558899,look,0,,42,look_f0_s42_in22k_v5fix,last
ISIC_0054300,BCN_0000303,BCN_0000303,<40,bcn20000,2,False,5,0.019512948,0.023796184,0.009085518,0.06916203,0.009055683,0.8111179,0.05826975,0.05236481,,0.05236481,look,0,,42,look_f0_s42_in22k_v5fix,last
ISIC_0054330,BCN_0003062,BCN_0003062,<40,bcn20000,5,False,5,0.014954434,0.005715193,0.010124811,0.06549688,0.0041401,0.8507354,0.048833154,0.024809727,,0.024809727,look,0,,42,look_f0_s42_in22k_v5fix,last
ISIC_0054334,BCN_0002989,BCN_0002989,60+,bcn20000,4,True,6,0.07389637,0.19018748,0.0074140904,0.08654835,0.16453828,0.00055243925,0.47686303,0.42862213,,0.42862213,look,0,,42,look_f0_s42_in22k_v5fix,last
ISIC_0054343,BCN_0002013,BCN_0002013,60+,bcn20000,1,True,1,0.017166805,0.8579395,0.00982077,0.062112503,0.0032229696,0.0040976186,0.04563982,0.8783292,,0.8783292,look,0,,42,look_f0_s42_in22k_v5fix,last
ISIC_0054346,BCN_0000200,BCN_0000200,60+,bcn20000,1,True,1,0.009905938,0.854474,0.007565247,0.060929205,0.01831254,0.0063164355,0.042496674,0.88269246,,0.88269246,look,0,,42,look_f0_s42_in22k_v5fix,last
ISIC_0054353,BCN_0005265,BCN_0005265,60+,bcn20000,1,True,1,0.008652006,0.6973823,0.005863177,0.05948734,0.010429446,0.003208596,0.21497712,0.71646374,,0.71646374,look,0,,42,look_f0_s42_in22k_v5fix,last
ISIC_0054369,BCN_0003316,BCN_0003316,60+,bcn20000,5,False,4,0.011128578,0.0049077007,0.012366926,0.07538976,0.8384704,0.0057213707,0.05201518,0.8545067,,0.8545067,look,0,,42,look_f0_s42_in22k_v5fix,last
ISIC_0054384,BCN_0000652,BCN_0000652,60+,bcn20000,4,True,2,0.037052404,0.009350029,0.8398298,0.066294484,0.004227642,0.0031208799,0.04012477,0.050630074,,0.050630074,look,0,,42,look_f0_s42_in22k_v5fix,last
ISIC_0054394,BCN_0005316,BCN_0005316,60+,bcn20000,0,True,2,0.050096594,0.010220362,0.83147,0.059994005,0.005959668,0.0055015697,0.03675775,0.066276625,,0.066276625,look,0,,42,look_f0_s42_in22k_v5fix,last
ISIC_0054400,BCN_0004456,BCN_0004456,40-59,bcn20000,5,False,5,0.00936986,0.0052647246,0.007670652,0.065144405,0.010284289,0.85407823,0.048187785,0.024918873,,0.024918873,look,0,,42,look_f0_s42_in22k_v5fix,last
ISIC_0054419,BCN_0002983,BCN_0002983,40-59,bcn20000,2,False,2,0.019732306,0.0041356375,0.8801264,0.04953626,0.0061855623,0.0024967466,0.03778709,0.030053504,,0.030053504,look,0,,42,look_f0_s42_in22k_v5fix,last
ISIC_0054433,BCN_0003551,BCN_0003551,<40,bcn20000,0,True,4,0.052065805,0.0058755856,0.019049665,0.12496987,0.5457717,0.11048283,0.14178455,0.6037131,,0.6037131,look,0,,42,look_f0_s42_in22k_v5fix,last
ISIC_0054442,BCN_0003373,BCN_0003373,<40,bcn20000,5,False,5,0.009183714,0.004065881,0.005234694,0.061894964,0.0070518684,0.8675982,0.044970773,0.020301463,,0.020301463,look,0,,42,look_f0_s42_in22k_v5fix,last
ISIC_0054446,BCN_0004649,BCN_0004649,40-59,bcn20000,5,False,5,0.013772578,0.0062101022,0.005502471,0.06403074,0.0058944398,0.8667266,0.03786315,0.02587712,,0.02587712,look,0,,42,look_f0_s42_in22k_v5fix,last
ISIC_0054461,BCN_0002794,BCN_0002794,60+,bcn20000,2,False,4,0.0047628754,0.011046566,0.010226411,0.030254547,0.91485065,0.0011135085,0.02774538,0.93066007,,0.93066007,look,0,,42,look_f0_s42_in22k_v5fix,last
ISIC_0054465,BCN_0000444,BCN_0000444,40-59,bcn20000,4,True,4,0.025016781,0.17080031,0.005969409,0.16221595,0.5402012,0.0019291412,0.09386718,0.7360183,,0.7360183,look,0,,42,look_f0_s42_in22k_v5fix,last
ISIC_0054487,BCN_0004855,BCN_0004855,40-59,bcn20000,1,True,1,0.008038541,0.9008132,0.0027507592,0.03939109,0.009552779,0.0040088063,0.035444777,0.9184045,,0.9184045,look,0,,42,look_f0_s42_in22k_v5fix,last
ISIC_0054495,BCN_0000595,BCN_0000595,40-59,bcn20000,5,False,5,0.014801461,0.009556014,0.005696127,0.066608615,0.0040743966,0.8505664,0.04869708,0.028431872,,0.028431872,look,0,,42,look_f0_s42_in22k_v5fix,last
ISIC_0054509,BCN_0002487,BCN_0002487,<40,bcn20000,5,False,4,0.0057235444,0.004870182,0.0048915334,0.055006873,0.869693,0.023883179,0.0359317,0.8802867,,0.8802867,look,0,,42,look_f0_s42_in22k_v5fix,last
ISIC_0054559,BCN_0004420,BCN_0004420,40-59,bcn20000,5,False,5,0.012196345,0.0060476237,0.018530535,0.07270638,0.008917621,0.83019143,0.051410012,0.02716159,,0.02716159,look,0,,42,look_f0_s42_in22k_v5fix,last
ISIC_0054589,BCN_0000828,BCN_0000828,<40,bcn20000,1,True,1,0.0071145743,0.8712746,0.0045915395,0.055036027,0.010118289,0.004850793,0.047014277,0.8885075,,0.8885075,look,0,,42,look_f0_s42_in22k_v5fix,last
ISIC_0054594,BCN_0001775,BCN_0001775,60+,bcn20000,0,True,2,0.010883368,0.006672789,0.8972094,0.025050126,0.0017638573,0.0221898,0.036230717,0.019320015,,0.019320015,look,0,,42,look_f0_s42_in22k_v5fix,last
ISIC_0054598,BCN_0004822,BCN_0004822,60+,bcn20000,0,True,1,0.008351253,0.8778734,0.0067753843,0.05216754,0.016089473,0.0023129093,0.03643012,0.9023142,,0.9023142,look,0,,42,look_f0_s42_in22k_v5fix,last
ISIC_0054607,BCN_0004375,BCN_0004375,60+,bcn20000,1,True,1,0.008290406,0.4148808,0.36841455,0.12388396,0.005356605,0.016250398,0.06292321,0.42852783,,0.42852783,look,0,,42,look_f0_s42_in22k_v5fix,last
ISIC_0054608,BCN_0000248,BCN_0000248,<40,bcn20000,5,False,5,0.012384163,0.006966716,0.0070418837,0.0722033,0.006687027,0.84453225,0.050184663,0.026037905,,0.026037905,look,0,,42,look_f0_s42_in22k_v5fix,last
ISIC_0054620,BCN_0003316,BCN_0003316,60+,bcn20000,5,False,5,0.009451625,0.005987359,0.007009923,0.068619885,0.0048780562,0.85336345,0.050689667,0.02031704,,0.02031704,look,0,,42,look_f0_s42_in22k_v5fix,last
ISIC_0054640,BCN_0000384,BCN_0000384,60+,bcn20000,5,False,5,0.008909617,0.005668747,0.006815859,0.06568189,0.007972306,0.8558458,0.049105767,0.022550669,,0.022550669,look,0,,42,look_f0_s42_in22k_v5fix,last
ISIC_0054682,BCN_0005088,BCN_0005088,<40,bcn20000,5,False,5,0.010780031,0.006229353,0.006272794,0.06497485,0.0060567795,0.8569227,0.048763495,0.023066165,,0.023066165,look,0,,42,look_f0_s42_in22k_v5fix,last
ISIC_0054694,BCN_0000652,BCN_0000652,60+,bcn20000,4,True,2,0.00889285,0.006770561,0.8898517,0.05240216,0.0042394754,0.0025857524,0.03525752,0.019902887,,0.019902887,look,0,,42,look_f0_s42_in22k_v5fix,last
ISIC_0054707,BCN_0002235,BCN_0002235,60+,bcn20000,5,False,5,0.010692003,0.025435897,0.047339715,0.0921426,0.0042032157,0.7562986,0.063888036,0.040331114,,0.040331114,look,0,,42,look_f0_s42_in22k_v5fix,last
ISIC_0054729,BCN_0000789,BCN_0000789,<40,bcn20000,5,False,5,0.009131479,0.005429559,0.0067105335,0.06319727,0.003878046,0.86455643,0.04709661,0.018439084,,0.018439084,look,0,,42,look_f0_s42_in22k_v5fix,last
ISIC_0054749,BCN_0002077,BCN_0002077,<40,bcn20000,5,False,5,0.010948096,0.007815645,0.005990484,0.06572342,0.006269321,0.8580943,0.045158714,0.025033062,,0.025033062,look,0,,42,look_f0_s42_in22k_v5fix,last
ISIC_0054763,BCN_0002989,BCN_0002989,60+,bcn20000,4,True,4,0.13219254,0.073249,0.004999446,0.12324991,0.57680357,0.0027897917,0.08671569,0.7822451,,0.7822451,look,0,,42,look_f0_s42_in22k_v5fix,last
ISIC_0054764,BCN_0003615,BCN_0003615,60+,bcn20000,1,True,1,0.007966007,0.8882894,0.005423863,0.053932354,0.0034622415,0.003957516,0.036968578,0.8997176,,0.8997176,look,0,,42,look_f0_s42_in22k_v5fix,last
ISIC_0054779,BCN_0003715,BCN_0003715,<40,bcn20000,2,False,2,0.007203621,0.0026184632,0.9241795,0.028307507,0.0016690983,0.0128597,0.023162128,0.011491182,,0.011491182,look,0,,42,look_f0_s42_in22k_v5fix,last
ISIC_0054802,BCN_0002989,BCN_0002989,60+,bcn20000,4,True,4,0.13219254,0.073249,0.004999446,0.12324991,0.57680357,0.0027897917,0.08671569,0.7822451,,0.7822451,look,0,,42,look_f0_s42_in22k_v5fix,last
ISIC_0054803,BCN_0002607,BCN_0002607,40-59,bcn20000,5,False,5,0.010313388,0.0066861096,0.0056532104,0.06748061,0.005572297,0.8580249,0.04626948,0.022571795,,0.022571795,look,0,,42,look_f0_s42_in22k_v5fix,last
ISIC_0054833,BCN_0000071,BCN_0000071,60+,bcn20000,2,False,5,0.15081114,0.011007224,0.013970374,0.07946654,0.009925273,0.6709304,0.06388905,0.17174363,,0.17174363,look,0,,42,look_f0_s42_in22k_v5fix,last
ISIC_0054864,BCN_0000841,BCN_0000841,40-59,bcn20000,5,False,5,0.011296711,0.008640933,0.0069078235,0.071861826,0.0050022905,0.85048264,0.04580775,0.024939934,,0.024939934,look,0,,42,look_f0_s42_in22k_v5fix,last
ISIC_0054896,BCN_0003316,BCN_0003316,60+,bcn20000,5,False,4,0.009517127,0.005905034,0.0064173373,0.058232926,0.8729826,0.0037198376,0.04322513,0.8884048,,0.8884048,look,0,,42,look_f0_s42_in22k_v5fix,last
ISIC_0054900,BCN_0004535,BCN_0004535,60+,bcn20000,2,False,2,0.008983786,0.007734252,0.8592557,0.06901541,0.00470327,0.006358161,0.043949496,0.021421308,,0.021421308,look,0,,42,look_f0_s42_in22k_v5fix,last
ISIC_0054921,BCN_0000927,BCN_0000927,60+,bcn20000,0,True,4,0.012782927,0.004376654,0.028648976,0.08009217,0.8295436,0.0011921908,0.043363478,0.8467032,,0.8467032,look,0,,42,look_f0_s42_in22k_v5fix,last
ISIC_0054941,BCN_0000627,BCN_0000627,60+,bcn20000,4,True,4,0.006652004,0.004292011,0.0066125393,0.045415908,0.8999544,0.0035075136,0.03356562,0.9108984,,0.9108984,look,0,,42,look_f0_s42_in22k_v5fix,last
ISIC_0054965,BCN_0003706,BCN_0003706,40-59,bcn20000,2,False,2,0.0077050617,0.0066008987,0.8661506,0.06297084,0.004454991,0.004800152,0.047317386,0.018760951,,0.018760951,look,0,,42,look_f0_s42_in22k_v5fix,last
ISIC_0054968,BCN_0002172,BCN_0002172,60+,bcn20000,1,True,1,0.0067659686,0.9066474,0.0056397486,0.045031164,0.004116279,0.0040448844,0.027754502,0.91752964,,0.91752964,look,0,,42,look_f0_s42_in22k_v5fix,last
ISIC_0055027,BCN_0001699,BCN_0001699,40-59,bcn20000,2,False,4,0.016226575,0.0040780883,0.011747639,0.08269616,0.51479703,0.31463075,0.055823706,0.5351017,,0.5351017,look,0,,42,look_f0_s42_in22k_v5fix,last
ISIC_0055047,BCN_0002273,BCN_0002273,<40,bcn20000,5,False,5,0.009868032,0.005885541,0.005783239,0.06054545,0.005143535,0.86885995,0.0439143,0.020897107,,0.020897107,look,0,,42,look_f0_s42_in22k_v5fix,last
ISIC_0055057,BCN_0001987,BCN_0001987,40-59,bcn20000,5,False,5,0.010604815,0.006165138,0.02572449,0.08664979,0.0040170117,0.80595046,0.060888223,0.020786965,,0.020786965,look,0,,42,look_f0_s42_in22k_v5fix,last
ISIC_0055097,BCN_0000693,BCN_0000693,60+,bcn20000,2,False,2,0.007690249,0.009615448,0.69058526,0.06937274,0.05731085,0.051185854,0.11423961,0.07461655,,0.07461655,look,0,,42,look_f0_s42_in22k_v5fix,last
ISIC_0055107,BCN_0004153,BCN_0004153,60+,bcn20000,0,True,0,0.4410658,0.033114407,0.18221174,0.12209394,0.08235205,0.050592195,0.08856988,0.55653226,,0.55653226,look,0,,42,look_f0_s42_in22k_v5fix,last
ISIC_0055108,BCN_0002638,BCN_0002638,60+,bcn20000,1,True,5,0.009611818,0.018636353,0.021619786,0.06029002,0.0019490808,0.8459755,0.041917443,0.030197253,,0.030197253,look,0,,42,look_f0_s42_in22k_v5fix,last
ISIC_0055111,BCN_0001500,BCN_0001500,60+,bcn20000,1,True,1,0.011788147,0.89463973,0.004618039,0.05025138,0.0029781885,0.003689588,0.032034915,0.90940607,,0.90940607,look,0,,42,look_f0_s42_in22k_v5fix,last
ISIC_0055116,BCN_0003324,BCN_0003324,60+,bcn20000,0,True,1,0.0051185433,0.87777776,0.0057316762,0.05880537,0.009810162,0.0040417784,0.03871468,0.89270645,,0.89270645,look,0,,42,look_f0_s42_in22k_v5fix,last
ISIC_0055129,BCN_0004504,BCN_0004504,40-59,bcn20000,5,False,5,0.011145246,0.007294628,0.008058708,0.06879596,0.0057155835,0.84917516,0.049814828,0.024155457,,0.024155457,look,0,,42,look_f0_s42_in22k_v5fix,last
ISIC_0055157,BCN_0005666,BCN_0005666,60+,bcn20000,4,True,4,0.021689055,0.004219062,0.010747149,0.07315746,0.8234693,0.01002454,0.056693528,0.8493774,,0.8493774,look,0,,42,look_f0_s42_in22k_v5fix,last
ISIC_0055189,BCN_0001996,BCN_0001996,60+,bcn20000,5,False,5,0.022310352,0.008226303,0.024758909,0.054125704,0.012080955,0.8270457,0.051452104,0.04261761,,0.04261761,look,0,,42,look_f0_s42_in22k_v5fix,last
ISIC_0055191,BCN_0000822,BCN_0000822,60+,bcn20000,4,True,5,0.007906025,0.0055927015,0.0077684373,0.088319965,0.13921823,0.6892885,0.061906062,0.15271695,,0.15271695,look,0,,42,look_f0_s42_in22k_v5fix,last
ISIC_0055205,BCN_0001694,BCN_0001694,60+,bcn20000,4,True,4,0.011502615,0.0069879186,0.010062948,0.06013907,0.86643696,0.0035210487,0.04134951,0.8849275,,0.8849275,look,0,,42,look_f0_s42_in22k_v5fix,last
ISIC_0055225,BCN_0001804,BCN_0001804,60+,bcn20000,1,True,0,0.8500954,0.048418466,0.0032157907,0.04719157,0.0024772366,0.0019102719,0.04669124,0.9009911,,0.9009911,look,0,,42,look_f0_s42_in22k_v5fix,last
ISIC_0055234,BCN_0002258,BCN_0002258,60+,bcn20000,2,False,4,0.007434244,0.0057951347,0.012300598,0.06536655,0.86215353,0.004968948,0.041981045,0.8753829,,0.8753829,look,0,,42,look_f0_s42_in22k_v5fix,last
ISIC_0055239,BCN_0005251,BCN_0005251,40-59,bcn20000,5,False,5,0.009502194,0.005283852,0.0057688933,0.059283283,0.0059124217,0.86885756,0.045391798,0.020698467,,0.020698467,look,0,,42,look_f0_s42_in22k_v5fix,last
ISIC_0055264,BCN_0002548,BCN_0002548,60+,bcn20000,4,True,5,0.008135435,0.0084054405,0.0057317857,0.060478818,0.039215647,0.832802,0.045230906,0.055756524,,0.055756524,look,0,,42,look_f0_s42_in22k_v5fix,last
ISIC_0055269,BCN_0005324,BCN_0005324,<40,bcn20000,5,False,5,0.011184475,0.0074637514,0.0069741732,0.0709111,0.007771765,0.8435842,0.0521105,0.02641999,,0.02641999,look,0,,42,look_f0_s42_in22k_v5fix,last
ISIC_0055275,BCN_0000332,BCN_0000332,60+,bcn20000,1,True,1,0.021088295,0.88898146,0.0032756175,0.04821029,0.002452964,0.002425022,0.033566315,0.91252273,,0.91252273,look,0,,42,look_f0_s42_in22k_v5fix,last
ISIC_0055299,BCN_0004504,BCN_0004504,40-59,bcn20000,5,False,5,0.009188812,0.0043945136,0.005757414,0.06870702,0.0043338863,0.86066496,0.046953306,0.017917212,,0.017917212,look,0,,42,look_f0_s42_in22k_v5fix,last
ISIC_0055302,BCN_0003497,BCN_0003497,60+,bcn20000,0,True,1,0.0030984136,0.89636344,0.005458471,0.047095537,0.0067494367,0.0024082558,0.038826473,0.9062113,,0.9062113,look,0,,42,look_f0_s42_in22k_v5fix,last
ISIC_0055335,BCN_0003062,BCN_0003062,<40,bcn20000,5,False,5,0.007325788,0.0060129776,0.016238678,0.062018994,0.004200436,0.8600122,0.044190947,0.017539201,,0.017539201,look,0,,42,look_f0_s42_in22k_v5fix,last
ISIC_0055346,BCN_0001425,BCN_0001425,40-59,bcn20000,1,True,1,0.007305818,0.8646662,0.009153299,0.07130859,0.0038493085,0.005124976,0.038591776,0.87582135,,0.87582135,look,0,,42,look_f0_s42_in22k_v5fix,last
ISIC_0055399,BCN_0000843,BCN_0000843,<40,bcn20000,1,True,5,0.024236802,0.24408579,0.19319803,0.18307246,0.0058176816,0.24414355,0.10544557,0.27414027,,0.27414027,look,0,,42,look_f0_s42_in22k_v5fix,last
ISIC_0055412,BCN_0000121,BCN_0000121,60+,bcn20000,4,True,4,0.007285343,0.07296575,0.006735365,0.10765406,0.72575706,0.003318875,0.076283544,0.80600816,,0.80600816,look,0,,42,look_f0_s42_in22k_v5fix,last
ISIC_0055459,BCN_0002577,BCN_0002577,40-59,bcn20000,4,True,4,0.004943883,0.0031630516,0.0046611074,0.046566535,0.9009931,0.0040339963,0.03563818,0.90910006,,0.90910006,look,0,,42,look_f0_s42_in22k_v5fix,last
ISIC_0055460,BCN_0000627,BCN_0000627,60+,bcn20000,4,True,4,0.0077469037,0.006049475,0.007213588,0.056764945,0.87674695,0.0041222083,0.041356053,0.89054334,,0.89054334,look,0,,42,look_f0_s42_in22k_v5fix,last
ISIC_0055470,BCN_0004504,BCN_0004504,40-59,bcn20000,5,False,5,0.011957589,0.0077874735,0.0085682385,0.0712486,0.005685848,0.84389734,0.050854877,0.02543091,,0.02543091,look,0,,42,look_f0_s42_in22k_v5fix,last
ISIC_0055471,BCN_0002207,BCN_0002207,60+,bcn20000,1,True,0,0.90121746,0.0073665436,0.0039870166,0.048478343,0.002103836,0.0027473706,0.03409931,0.91068786,,0.91068786,look,0,,42,look_f0_s42_in22k_v5fix,last
ISIC_0055488,BCN_0001077,BCN_0001077,<40,bcn20000,5,False,5,0.008756627,0.0056303004,0.005284869,0.06567734,0.006406143,0.8603149,0.047929857,0.020793071,,0.020793071,look,0,,42,look_f0_s42_in22k_v5fix,last
ISIC_0055495,BCN_0002171,BCN_0002171,40-59,bcn20000,5,False,5,0.011120586,0.0076585268,0.007470288,0.06888535,0.0044409707,0.85136515,0.04905915,0.023220083,,0.023220083,look,0,,42,look_f0_s42_in22k_v5fix,last
ISIC_0055499,BCN_0003062,BCN_0003062,<40,bcn20000,5,False,5,0.011949264,0.007706774,0.041225996,0.08918602,0.0039015585,0.7850182,0.061012108,0.023557596,,0.023557596,look,0,,42,look_f0_s42_in22k_v5fix,last
ISIC_0055509,BCN_0000206,BCN_0000206,60+,bcn20000,1,True,1,0.006741213,0.888903,0.004355714,0.050921567,0.0047837594,0.0059953704,0.038299263,0.900428,,0.900428,look,0,,42,look_f0_s42_in22k_v5fix,last
ISIC_0055529,BCN_0000244,BCN_0000244,60+,bcn20000,1,True,1,0.0058266483,0.8961993,0.0077891066,0.049948014,0.004427294,0.0043601347,0.031449433,0.90645325,,0.90645325,look,0,,42,look_f0_s42_in22k_v5fix,last
ISIC_0055533,BCN_0004190,BCN_0004190,<40,bcn20000,5,False,5,0.0102996845,0.006600129,0.0070889355,0.06481372,0.005600599,0.85948735,0.0461096,0.022500413,,0.022500413,look,0,,42,look_f0_s42_in22k_v5fix,last
ISIC_0055536,BCN_0000841,BCN_0000841,40-59,bcn20000,5,False,5,0.01175576,0.005592806,0.0046807937,0.07238265,0.007480776,0.84965616,0.048451047,0.024829341,,0.024829341,look,0,,42,look_f0_s42_in22k_v5fix,last
ISIC_0055560,BCN_0005133,BCN_0005133,60+,bcn20000,2,False,1,0.015913267,0.46023557,0.26305145,0.15492067,0.007863496,0.021027558,0.076987974,0.48401234,,0.48401234,look,0,,42,look_f0_s42_in22k_v5fix,last
ISIC_0055611,BCN_0005324,BCN_0005324,<40,bcn20000,5,False,5,0.0113386065,0.0077847247,0.006183453,0.07182475,0.00828193,0.83943117,0.055155408,0.027405262,,0.027405262,look,0,,42,look_f0_s42_in22k_v5fix,last
ISIC_0055629,BCN_0001251,BCN_0001251,40-59,bcn20000,1,True,1,0.006901194,0.8854656,0.002645446,0.04804122,0.0035292434,0.014293797,0.039123397,0.8958961,,0.8958961,look,0,,42,look_f0_s42_in22k_v5fix,last
ISIC_0055633,BCN_0004694,BCN_0004694,<40,bcn20000,5,False,2,0.06584282,0.0014839905,0.8104926,0.059222426,0.0009039805,0.013046979,0.049007185,0.06823079,,0.06823079,look,0,,42,look_f0_s42_in22k_v5fix,last
ISIC_0055639,BCN_0000290,BCN_0000290,60+,bcn20000,0,True,1,0.028458001,0.86170787,0.0048623993,0.061942223,0.0034831304,0.0024099862,0.037136395,0.893649,,0.893649,look,0,,42,look_f0_s42_in22k_v5fix,last
ISIC_0055659,BCN_0002868,BCN_0002868,60+,bcn20000,4,True,4,0.0056467927,0.007208132,0.02010093,0.08727548,0.81518686,0.0069289193,0.057652775,0.8280418,,0.8280418,look,0,,42,look_f0_s42_in22k_v5fix,last
ISIC_0055682,BCN_0004420,BCN_0004420,40-59,bcn20000,5,False,5,0.009559528,0.0061142384,0.0058798403,0.066152364,0.004661588,0.8605696,0.047062866,0.020335354,,0.020335354,look,0,,42,look_f0_s42_in22k_v5fix,last
ISIC_0055716,BCN_0005353,BCN_0005353,60+,bcn20000,1,True,1,0.004684246,0.88929737,0.0075436844,0.050612345,0.004701452,0.0065891715,0.03657167,0.8986831,,0.8986831,look,0,,42,look_f0_s42_in22k_v5fix,last
ISIC_0055718,BCN_0005292,BCN_0005292,40-59,bcn20000,1,True,1,0.060399555,0.5371454,0.031292897,0.11828071,0.010999005,0.15634388,0.085538566,0.60854393,,0.60854393,look,0,,42,look_f0_s42_in22k_v5fix,last
ISIC_0055733,BCN_0003907,BCN_0003907,60+,bcn20000,4,True,1,0.010474171,0.9000855,0.0028573154,0.040599573,0.00524865,0.0033266516,0.037408013,0.9158083,,0.9158083,look,0,,42,look_f0_s42_in22k_v5fix,last
ISIC_0055747,BCN_0001108,BCN_0001108,60+,bcn20000,4,True,4,0.006568893,0.0023690676,0.013367017,0.043447204,0.89599824,0.0030295115,0.035220042,0.9049362,,0.9049362,look,0,,42,look_f0_s42_in22k_v5fix,last
ISIC_0055751,BCN_0001961,BCN_0001961,<40,bcn20000,5,False,5,0.0065507716,0.0036018493,0.0065986407,0.047237627,0.0059278216,0.8910209,0.039062314,0.016080443,,0.016080443,look,0,,42,look_f0_s42_in22k_v5fix,last
ISIC_0055799,BCN_0002843,BCN_0002843,60+,bcn20000,4,True,4,0.023200983,0.0041409503,0.016926238,0.058720935,0.8568801,0.0014096147,0.038721204,0.8842221,,0.8842221,look,0,,42,look_f0_s42_in22k_v5fix,last
ISIC_0055802,BCN_0000444,BCN_0000444,40-59,bcn20000,4,True,4,0.014153196,0.005531859,0.009194157,0.07087516,0.849163,0.0032277869,0.04785474,0.868848,,0.868848,look,0,,42,look_f0_s42_in22k_v5fix,last
ISIC_0055809,BCN_0003686,BCN_0003686,60+,bcn20000,0,True,0,0.53533286,0.0061801393,0.30080763,0.08258473,0.00849578,0.0068960157,0.059702843,0.55000883,,0.55000883,look,0,,42,look_f0_s42_in22k_v5fix,last
ISIC_0055812,BCN_0002727,BCN_0002727,60+,bcn20000,1,True,1,0.012355975,0.45490006,0.00468857,0.14618759,0.26725534,0.016553212,0.098059274,0.7345114,,0.7345114,look,0,,42,look_f0_s42_in22k_v5fix,last
ISIC_0055835,BCN_0002487,BCN_0002487,<40,bcn20000,5,False,4,0.009701621,0.0071422276,0.007920679,0.081217274,0.74774134,0.09013708,0.056139708,0.7645852,,0.7645852,look,0,,42,look_f0_s42_in22k_v5fix,last
ISIC_0055866,BCN_0002837,BCN_0002837,40-59,bcn20000,5,False,5,0.010541875,0.006084162,0.005435289,0.07052978,0.004987407,0.854628,0.047793455,0.021613445,,0.021613445,look,0,,42,look_f0_s42_in22k_v5fix,last
ISIC_0055870,BCN_0003101,BCN_0003101,60+,bcn20000,0,True,1,0.1612783,0.367752,0.004228974,0.20860289,0.20150451,0.0017572939,0.054876033,0.73053485,,0.73053485,look,0,,42,look_f0_s42_in22k_v5fix,last
ISIC_0055880,BCN_0000886,BCN_0000886,60+,bcn20000,5,False,5,0.01258313,0.0069426815,0.005120311,0.07732946,0.00888379,0.8355957,0.053544935,0.0284096,,0.0284096,look,0,,42,look_f0_s42_in22k_v5fix,last
ISIC_0055881,BCN_0003478,BCN_0003478,<40,bcn20000,5,False,5,0.009942014,0.006851845,0.007302609,0.07389058,0.029307796,0.8180063,0.05469881,0.046101652,,0.046101652,look,0,,42,look_f0_s42_in22k_v5fix,last
ISIC_0055892,BCN_0000121,BCN_0000121,60+,bcn20000,4,True,4,0.015430209,0.03882116,0.0033982892,0.09531102,0.78822225,0.0023553735,0.05646167,0.8424736,,0.8424736,look,0,,42,look_f0_s42_in22k_v5fix,last
ISIC_0055898,BCN_0002172,BCN_0002172,60+,bcn20000,1,True,1,0.0075034373,0.9066761,0.004884298,0.045215886,0.0037700196,0.003068347,0.028882023,0.91794956,,0.91794956,look,0,,42,look_f0_s42_in22k_v5fix,last
ISIC_0055899,BCN_0000121,BCN_0000121,60+,bcn20000,4,True,4,0.0074694157,0.07613597,0.008064677,0.120256975,0.70331,0.003261513,0.08150144,0.7869154,,0.7869154,look,0,,42,look_f0_s42_in22k_v5fix,last
ISIC_0055902,BCN_0005666,BCN_0005666,60+,bcn20000,4,True,4,0.015139221,0.0057060663,0.021786004,0.07205536,0.80251014,0.016237332,0.06656594,0.82335544,,0.82335544,look,0,,42,look_f0_s42_in22k_v5fix,last
ISIC_0055906,BCN_0003475,BCN_0003475,unknown,bcn20000,5,False,5,0.010650657,0.006914676,0.00597362,0.066169955,0.0045250836,0.8559652,0.0498008,0.022090416,,0.022090416,look,0,,42,look_f0_s42_in22k_v5fix,last
ISIC_0055911,BCN_0000029,BCN_0000029,40-59,bcn20000,4,True,5,0.010275267,0.0067743524,0.007725052,0.0635643,0.00475626,0.8603404,0.04656445,0.02180588,,0.02180588,look,0,,42,look_f0_s42_in22k_v5fix,last
ISIC_0055912,BCN_0001804,BCN_0001804,60+,bcn20000,1,True,0,0.90367556,0.007565285,0.0067007747,0.033538047,0.0036440445,0.002283546,0.042592727,0.91488487,,0.91488487,look,0,,42,look_f0_s42_in22k_v5fix,last
ISIC_0055922,BCN_0004096,BCN_0004096,<40,bcn20000,5,False,5,0.00962262,0.0047280793,0.0046967375,0.119407594,0.13835497,0.63801664,0.08517328,0.15270567,,0.15270567,look,0,,42,look_f0_s42_in22k_v5fix,last
ISIC_0055925,BCN_0003228,BCN_0003228,60+,bcn20000,0,True,1,0.020003498,0.87356794,0.0076606334,0.052487478,0.0034622264,0.0043837703,0.038434494,0.8970337,,0.8970337,look,0,,42,look_f0_s42_in22k_v5fix,last
ISIC_0055938,BCN_0002577,BCN_0002577,40-59,bcn20000,4,True,4,0.007930486,0.004725395,0.006822607,0.052081868,0.88405436,0.004356837,0.04002844,0.8967102,,0.8967102,look,0,,42,look_f0_s42_in22k_v5fix,last
ISIC_0055941,BCN_0000886,BCN_0000886,60+,bcn20000,5,False,5,0.009923408,0.0061389874,0.0042453203,0.06896282,0.007194847,0.85577196,0.04776261,0.023257243,,0.023257243,look,0,,42,look_f0_s42_in22k_v5fix,last
ISIC_0055955,BCN_0004535,BCN_0004535,60+,bcn20000,2,False,2,0.008063275,0.007659395,0.8531791,0.07113362,0.004591202,0.007425765,0.04794767,0.020313872,,0.020313872,look,0,,42,look_f0_s42_in22k_v5fix,last
ISIC_0055970,BCN_0004157,BCN_0004157,40-59,bcn20000,5,False,5,0.009545509,0.005752801,0.0059536607,0.06662543,0.0045846216,0.8559755,0.05156244,0.019882932,,0.019882932,look,0,,42,look_f0_s42_in22k_v5fix,last
ISIC_0055989,BCN_0004822,BCN_0004822,60+,bcn20000,0,True,3,0.16984852,0.0073811463,0.043656852,0.7544737,0.0008999583,0.0011335483,0.022606295,0.17812961,,0.17812961,look,0,,42,look_f0_s42_in22k_v5fix,last
ISIC_0055995,BCN_0004096,BCN_0004096,<40,bcn20000,5,False,5,0.012159203,0.0051015057,0.0078862365,0.13280836,0.16216573,0.5989728,0.0809061,0.17942643,,0.17942643,look,0,,42,look_f0_s42_in22k_v5fix,last
ISIC_0055996,BCN_0003062,BCN_0003062,<40,bcn20000,5,False,5,0.012857375,0.0065496354,0.017667675,0.07583764,0.0036711968,0.82863486,0.05478159,0.023078207,,0.023078207,look,0,,42,look_f0_s42_in22k_v5fix,last
ISIC_0056004,BCN_0002793,BCN_0002793,60+,bcn20000,0,True,2,0.028226819,0.10187605,0.6906537,0.092998296,0.0033523766,0.004536187,0.07835657,0.13345525,,0.13345525,look,0,,42,look_f0_s42_in22k_v5fix,last
ISIC_0056008,BCN_0000561,BCN_0000561,40-59,bcn20000,5,False,5,0.008914216,0.0049380474,0.0057815285,0.061518207,0.0036616924,0.8659947,0.049191598,0.017513957,,0.017513957,look,0,,42,look_f0_s42_in22k_v5fix,last
ISIC_0056024,BCN_0000015,BCN_0000015,60+,bcn20000,1,True,1,0.0076382873,0.85544646,0.009266555,0.06658774,0.005063683,0.006484747,0.049512595,0.86814845,,0.86814845,look,0,,42,look_f0_s42_in22k_v5fix,last
ISIC_0056029,BCN_0000643,BCN_0000643,unknown,bcn20000,5,False,4,0.012084105,0.003187319,0.0064597246,0.04720456,0.870248,0.020868646,0.039947543,0.88551944,,0.88551944,look,0,,42,look_f0_s42_in22k_v5fix,last
ISIC_0056030,BCN_0000409,BCN_0000409,60+,bcn20000,1,True,1,0.16410643,0.58564305,0.004951582,0.131767,0.045819957,0.0018824101,0.065829575,0.7955694,,0.7955694,look,0,,42,look_f0_s42_in22k_v5fix,last
ISIC_0056042,BCN_0005353,BCN_0005353,60+,bcn20000,1,True,1,0.0062321885,0.88916016,0.006531604,0.052569453,0.0038292827,0.0057346686,0.035942633,0.89922166,,0.89922166,look,0,,42,look_f0_s42_in22k_v5fix,last
ISIC_0056106,BCN_0004274,BCN_0004274,60+,bcn20000,1,True,1,0.068879195,0.6750099,0.0028128107,0.14005618,0.05425546,0.0018740415,0.05711246,0.7981446,,0.7981446,look,0,,42,look_f0_s42_in22k_v5fix,last
ISIC_0056124,BCN_0001055,BCN_0001055,60+,bcn20000,1,True,1,0.0153093925,0.64057034,0.040796082,0.103280544,0.121236,0.001287646,0.07751995,0.7771157,,0.7771157,look,0,,42,look_f0_s42_in22k_v5fix,last
ISIC_0056128,BCN_0004633,BCN_0004633,60+,bcn20000,0,True,0,0.9455036,0.0025498243,0.0011156958,0.025621999,0.0033721037,0.0015712471,0.020265456,0.95142555,,0.95142555,look,0,,42,look_f0_s42_in22k_v5fix,last
ISIC_0056130,BCN_0002989,BCN_0002989,60+,bcn20000,4,True,6,0.07389637,0.19018748,0.0074140904,0.08654835,0.16453828,0.00055243925,0.47686303,0.42862213,,0.42862213,look,0,,42,look_f0_s42_in22k_v5fix,last
ISIC_0056144,BCN_0005353,BCN_0005353,60+,bcn20000,1,True,1,0.0056144274,0.8935037,0.0050589326,0.049037687,0.0039206985,0.0053404523,0.037524033,0.9030388,,0.9030388,look,0,,42,look_f0_s42_in22k_v5fix,last
ISIC_0056146,BCN_0004701,BCN_0004701,60+,bcn20000,1,True,1,0.005947147,0.87408566,0.0124453595,0.05537388,0.0052348766,0.0055930912,0.04131991,0.88526773,,0.88526773,look,0,,42,look_f0_s42_in22k_v5fix,last
ISIC_0056176,BCN_0001834,BCN_0001834,60+,bcn20000,0,True,0,0.93637854,0.0059262128,0.0014094008,0.03139297,0.0022514462,0.0033696159,0.019271852,0.9445562,,0.9445562,look,0,,42,look_f0_s42_in22k_v5fix,last
ISIC_0056202,BCN_0000627,BCN_0000627,60+,bcn20000,4,True,4,0.0070156204,0.0052571534,0.00692724,0.053798683,0.8836621,0.003409021,0.039930195,0.8959349,,0.8959349,look,0,,42,look_f0_s42_in22k_v5fix,last
ISIC_0056203,BCN_0003597,BCN_0003597,<40,bcn20000,5,False,5,0.015390262,0.0091042835,0.008029894,0.077038564,0.0073662247,0.8324787,0.050592035,0.03186077,,0.03186077,look,0,,42,look_f0_s42_in22k_v5fix,last
ISIC_0056221,BCN_0004066,BCN_0004066,60+,bcn20000,4,True,0,0.72816235,0.011127031,0.0025331588,0.06550442,0.12467671,0.0031189646,0.064877406,0.8639661,,0.8639661,look,0,,42,look_f0_s42_in22k_v5fix,last
ISIC_0056247,BCN_0004206,BCN_0004206,40-59,bcn20000,4,True,3,0.002062984,0.009095306,0.0014295339,0.74430937,0.19920525,0.015835647,0.028061826,0.21036354,,0.21036354,look,0,,42,look_f0_s42_in22k_v5fix,last
ISIC_0056250,BCN_0004168,BCN_0004168,60+,bcn20000,5,False,5,0.0028557437,0.018017085,0.009760754,0.15773891,0.005685161,0.78547233,0.020470055,0.02655799,,0.02655799,look,0,,42,look_f0_s42_in22k_v5fix,last
ISIC_0056286,BCN_0004626,BCN_0004626,<40,bcn20000,5,False,4,0.015876796,0.006590246,0.0058749453,0.066319324,0.8507244,0.008340765,0.046273444,0.8731914,,0.8731914,look,0,,42,look_f0_s42_in22k_v5fix,last
ISIC_0056296,BCN_0002282,BCN_0002282,60+,bcn20000,1,True,3,0.14685547,0.26125956,0.0062849172,0.44649842,0.060020816,0.015971487,0.0631093,0.46813583,,0.46813583,look,0,,42,look_f0_s42_in22k_v5fix,last
ISIC_0056313,BCN_0002144,BCN_0002144,40-59,bcn20000,5,False,1,0.007670681,0.8968115,0.004831998,0.048814055,0.0043631764,0.003627851,0.033880662,0.90884537,,0.90884537,look,0,,42,look_f0_s42_in22k_v5fix,last
ISIC_0056316,BCN_0002841,BCN_0002841,40-59,bcn20000,5,False,5,0.013878728,0.014282967,0.0056631877,0.08163925,0.002203614,0.8215342,0.060797986,0.030365309,,0.030365309,look,0,,42,look_f0_s42_in22k_v5fix,last
ISIC_0056325,BCN_0002686,BCN_0002686,40-59,bcn20000,5,False,5,0.010897527,0.007291099,0.005492895,0.07034145,0.0059690895,0.8525724,0.047435537,0.024157714,,0.024157714,look,0,,42,look_f0_s42_in22k_v5fix,last
ISIC_0056330,BCN_0001470,BCN_0001470,unknown,bcn20000,4,True,4,0.009910535,0.0074682184,0.007329975,0.07815479,0.83968884,0.012826964,0.044620603,0.8570676,,0.8570676,look,0,,42,look_f0_s42_in22k_v5fix,last
ISIC_0056340,BCN_0003373,BCN_0003373,<40,bcn20000,5,False,5,0.009946234,0.0058226218,0.007013642,0.06806877,0.00684284,0.8517246,0.050581265,0.022611696,,0.022611696,look,0,,42,look_f0_s42_in22k_v5fix,last
ISIC_0056383,BCN_0004274,BCN_0004274,60+,bcn20000,1,True,1,0.08316351,0.42138073,0.019277161,0.19920748,0.1866402,0.0013814531,0.08894957,0.69118446,,0.69118446,look,0,,42,look_f0_s42_in22k_v5fix,last
ISIC_0056409,BCN_0001832,BCN_0001832,40-59,bcn20000,4,True,4,0.010007155,0.008799878,0.011521916,0.07310813,0.8406879,0.011064131,0.04481093,0.8594949,,0.8594949,look,0,,42,look_f0_s42_in22k_v5fix,last
ISIC_0056411,BCN_0000794,BCN_0000794,40-59,bcn20000,1,True,1,0.12068892,0.72203714,0.0056010727,0.08202769,0.00450008,0.005900861,0.05924419,0.84722614,,0.84722614,look,0,,42,look_f0_s42_in22k_v5fix,last
ISIC_0056418,BCN_0005308,BCN_0005308,40-59,bcn20000,5,False,5,0.0070028366,0.004052614,0.0033489226,0.058366694,0.0054740114,0.8843016,0.037453275,0.016529463,,0.016529463,look,0,,42,look_f0_s42_in22k_v5fix,last
ISIC_0056425,BCN_0000029,BCN_0000029,40-59,bcn20000,4,True,5,0.009797603,0.0070975795,0.008465697,0.06911244,0.0040308563,0.8566281,0.044867612,0.02092604,,0.02092604,look,0,,42,look_f0_s42_in22k_v5fix,last
ISIC_0056428,BCN_0000627,BCN_0000627,60+,bcn20000,4,True,4,0.0057212994,0.0061015696,0.0080815945,0.049042247,0.8840322,0.008850761,0.03817039,0.89585507,,0.89585507,look,0,,42,look_f0_s42_in22k_v5fix,last
ISIC_0056483,BCN_0004654,BCN_0004654,40-59,bcn20000,4,True,5,0.01234663,0.0069045443,0.005444914,0.10713217,0.09334788,0.69713074,0.07769298,0.11259905,,0.11259905,look,0,,42,look_f0_s42_in22k_v5fix,last
ISIC_0056515,BCN_0005095,BCN_0005095,<40,bcn20000,2,False,2,0.0113975415,0.006381015,0.8636845,0.06802344,0.003852592,0.0043619256,0.042299002,0.02163115,,0.02163115,look,0,,42,look_f0_s42_in22k_v5fix,last
ISIC_0056519,BCN_0004284,BCN_0004284,40-59,bcn20000,2,False,2,0.008126176,0.0035896518,0.90787286,0.039402276,0.0028639855,0.0068566087,0.031288464,0.014579813,,0.014579813,look,0,,42,look_f0_s42_in22k_v5fix,last
ISIC_0056529,BCN_0002140,BCN_0002140,60+,bcn20000,0,True,2,0.34374073,0.0064285817,0.41386124,0.09070044,0.008006919,0.023580018,0.113682024,0.35817623,,0.35817623,look,0,,42,look_f0_s42_in22k_v5fix,last
ISIC_0056570,BCN_0001411,BCN_0001411,40-59,bcn20000,5,False,5,0.010104169,0.0058859806,0.0067086956,0.06417305,0.0037200202,0.8656359,0.04377227,0.01971017,,0.01971017,look,0,,42,look_f0_s42_in22k_v5fix,last
ISIC_0056581,BCN_0005456,BCN_0005456,40-59,bcn20000,5,False,5,0.0076687527,0.0070755407,0.0070668953,0.068218894,0.0053812396,0.8592053,0.045383316,0.020125533,,0.020125533,look,0,,42,look_f0_s42_in22k_v5fix,last
ISIC_0056584,BCN_0005030,BCN_0005030,<40,bcn20000,5,False,5,0.008635071,0.00811979,0.0034326953,0.05266938,0.0022815783,0.8765482,0.0483132,0.01903644,,0.01903644,look,0,,42,look_f0_s42_in22k_v5fix,last
ISIC_0056618,BCN_0004021,BCN_0004021,<40,bcn20000,5,False,5,0.014969321,0.018294817,0.005639789,0.06584628,0.0028222685,0.8534706,0.038956948,0.036086407,,0.036086407,look,0,,42,look_f0_s42_in22k_v5fix,last
ISIC_0056632,BCN_0000652,BCN_0000652,60+,bcn20000,4,True,2,0.010917165,0.007009326,0.8820509,0.054633178,0.003833433,0.0037112695,0.037844833,0.021759925,,0.021759925,look,0,,42,look_f0_s42_in22k_v5fix,last
ISIC_0056635,BCN_0004737,BCN_0004737,40-59,bcn20000,5,False,5,0.013800671,0.009103124,0.0061705853,0.05835873,0.00538021,0.8674359,0.0397508,0.028284006,,0.028284006,look,0,,42,look_f0_s42_in22k_v5fix,last
ISIC_0056671,BCN_0004027,BCN_0004027,40-59,bcn20000,1,True,1,0.2863,0.50370824,0.00871237,0.11646204,0.0066392096,0.0056093284,0.07256886,0.7966474,,0.7966474,look,0,,42,look_f0_s42_in22k_v5fix,last
ISIC_0056677,BCN_0000627,BCN_0000627,60+,bcn20000,4,True,4,0.008137185,0.0054956865,0.006311477,0.056286585,0.8805585,0.0036688591,0.03954167,0.8941914,,0.8941914,look,0,,42,look_f0_s42_in22k_v5fix,last
ISIC_0056685,BCN_0002838,BCN_0002838,60+,bcn20000,1,True,1,0.010813239,0.86519355,0.0065417695,0.059698038,0.004814154,0.005754136,0.047185052,0.88082093,,0.88082093,look,0,,42,look_f0_s42_in22k_v5fix,last
ISIC_0056699,BCN_0000693,BCN_0000693,60+,bcn20000,2,False,6,0.023031425,0.099389605,0.2768889,0.1242498,0.07531644,0.07956203,0.32156178,0.19773746,,0.19773746,look,0,,42,look_f0_s42_in22k_v5fix,last
ISIC_0056706,BCN_0005033,BCN_0005033,40-59,bcn20000,5,False,5,0.013379509,0.010558778,0.007950912,0.07278088,0.009493185,0.83939976,0.046437018,0.03343147,,0.03343147,look,0,,42,look_f0_s42_in22k_v5fix,last
ISIC_0056724,BCN_0002140,BCN_0002140,60+,bcn20000,0,True,5,0.019555675,0.008871484,0.109591,0.08209003,0.06914392,0.62698793,0.08375991,0.097571075,,0.097571075,look,0,,42,look_f0_s42_in22k_v5fix,last
ISIC_0056726,BCN_0002577,BCN_0002577,40-59,bcn20000,4,True,4,0.0060636927,0.00386519,0.0053626597,0.049778804,0.8935794,0.0039905035,0.037359763,0.9035083,,0.9035083,look,0,,42,look_f0_s42_in22k_v5fix,last
ISIC_0056751,BCN_0001458,BCN_0001458,60+,bcn20000,4,True,2,0.07398368,0.0073621776,0.77552396,0.08185752,0.0035681298,0.0052829883,0.05242158,0.084913984,,0.084913984,look,0,,42,look_f0_s42_in22k_v5fix,last
ISIC_0056756,BCN_0001154,BCN_0001154,60+,bcn20000,0,True,1,0.010441986,0.8837671,0.004661507,0.05377153,0.0054340395,0.004093657,0.037830163,0.8996431,,0.8996431,look,0,,42,look_f0_s42_in22k_v5fix,last
ISIC_0056773,BCN_0002640,BCN_0002640,60+,bcn20000,0,True,1,0.013358942,0.8914374,0.004833102,0.04600156,0.008643174,0.005011068,0.030714726,0.9134395,,0.9134395,look,0,,42,look_f0_s42_in22k_v5fix,last
ISIC_0056775,BCN_0003091,BCN_0003091,40-59,bcn20000,1,True,1,0.011145167,0.88292587,0.0042284415,0.051938016,0.0054013645,0.00347392,0.04088729,0.8994724,,0.8994724,look,0,,42,look_f0_s42_in22k_v5fix,last
ISIC_0056793,BCN_0000444,BCN_0000444,40-59,bcn20000,4,True,4,0.015017502,0.0076532923,0.009052891,0.07728497,0.8352057,0.0046180445,0.051167697,0.8578765,,0.8578765,look,0,,42,look_f0_s42_in22k_v5fix,last
ISIC_0056811,BCN_0000248,BCN_0000248,<40,bcn20000,5,False,5,0.011178905,0.0062559242,0.0047410633,0.06677787,0.0057352153,0.8564464,0.048864637,0.023170045,,0.023170045,look,0,,42,look_f0_s42_in22k_v5fix,last
ISIC_0056826,BCN_0005265,BCN_0005265,60+,bcn20000,1,True,1,0.008287657,0.7841921,0.0064875823,0.05879354,0.010228924,0.0033256344,0.12868461,0.8027087,,0.8027087,look,0,,42,look_f0_s42_in22k_v5fix,last
ISIC_0056828,BCN_0003249,BCN_0003249,40-59,bcn20000,5,False,1,0.044542234,0.77411646,0.006868902,0.0823664,0.007987924,0.01850696,0.065611124,0.8266466,,0.8266466,look,0,,42,look_f0_s42_in22k_v5fix,last
ISIC_0056865,BCN_0004420,BCN_0004420,40-59,bcn20000,5,False,5,0.009531736,0.005768733,0.00465978,0.06376476,0.0041647744,0.8660948,0.046015445,0.019465243,,0.019465243,look,0,,42,look_f0_s42_in22k_v5fix,last
ISIC_0056876,BCN_0001694,BCN_0001694,60+,bcn20000,4,True,4,0.010473037,0.0057306206,0.004763982,0.066542335,0.8335751,0.030754715,0.048160248,0.8497788,,0.8497788,look,0,,42,look_f0_s42_in22k_v5fix,last
ISIC_0056883,BCN_0001887,BCN_0001887,60+,bcn20000,1,True,5,0.022053028,0.103286795,0.0039700177,0.09926834,0.25858882,0.31944773,0.19338523,0.38392866,,0.38392866,look,0,,42,look_f0_s42_in22k_v5fix,last
ISIC_0056904,BCN_0005019,BCN_0005019,40-59,bcn20000,0,True,1,0.005034847,0.9305031,0.004039173,0.039776385,0.0047514886,0.0035795108,0.012315582,0.94028944,,0.94028944,look,0,,42,look_f0_s42_in22k_v5fix,last
ISIC_0056923,BCN_0003718,BCN_0003718,40-59,bcn20000,5,False,5,0.009295217,0.006646148,0.0052984604,0.066012464,0.0074601676,0.8606158,0.044671733,0.023401532,,0.023401532,look,0,,42,look_f0_s42_in22k_v5fix,last
ISIC_0056929,BCN_0000244,BCN_0000244,60+,bcn20000,1,True,1,0.0073938584,0.8756275,0.009684597,0.058521204,0.0048476513,0.006058377,0.037866764,0.887869,,0.887869,look,0,,42,look_f0_s42_in22k_v5fix,last
ISIC_0056933,BCN_0002034,BCN_0002034,60+,bcn20000,1,True,5,0.010856165,0.010209867,0.0064219665,0.07271881,0.0052968953,0.8435078,0.05098849,0.026362928,,0.026362928,look,0,,42,look_f0_s42_in22k_v5fix,last
ISIC_0056945,BCN_0002440,BCN_0002440,40-59,bcn20000,5,False,5,0.009440795,0.006840095,0.0069411085,0.07131981,0.031465188,0.8219716,0.052021492,0.047746077,,0.047746077,look,0,,42,look_f0_s42_in22k_v5fix,last
ISIC_0056965,BCN_0001106,BCN_0001106,60+,bcn20000,1,True,1,0.1048705,0.66031355,0.018717032,0.09752126,0.03430372,0.0007537475,0.08352018,0.79948777,,0.79948777,look,0,,42,look_f0_s42_in22k_v5fix,last
ISIC_0056966,BCN_0000595,BCN_0000595,40-59,bcn20000,5,False,5,0.015832238,0.006981224,0.006473204,0.07174819,0.0046954225,0.8472914,0.046978217,0.027508885,,0.027508885,look,0,,42,look_f0_s42_in22k_v5fix,last
ISIC_0056995,BCN_0000409,BCN_0000409,60+,bcn20000,1,True,1,0.008117184,0.93983805,0.0023195765,0.030826692,0.002211706,0.001240937,0.015445927,0.95016694,,0.95016694,look,0,,42,look_f0_s42_in22k_v5fix,last
ISIC_0057004,BCN_0004284,BCN_0004284,40-59,bcn20000,2,False,2,0.010616445,0.0050024083,0.89493775,0.041515622,0.0024068782,0.0106441565,0.0348767,0.018025732,,0.018025732,look,0,,42,look_f0_s42_in22k_v5fix,last
ISIC_0057011,BCN_0002487,BCN_0002487,<40,bcn20000,5,False,4,0.008891432,0.0068641966,0.005619978,0.07082301,0.8337336,0.027918521,0.046149228,0.8494893,,0.8494893,look,0,,42,look_f0_s42_in22k_v5fix,last
ISIC_0057020,BCN_0000794,BCN_0000794,40-59,bcn20000,1,True,1,0.32667533,0.5011995,0.0056912377,0.093181156,0.003736217,0.006534679,0.06298193,0.831611,,0.831611,look,0,,42,look_f0_s42_in22k_v5fix,last
ISIC_0057022,BCN_0005019,BCN_0005019,40-59,bcn20000,0,True,5,0.0134277055,0.14780274,0.0053547346,0.10907629,0.0034306366,0.64740473,0.073503174,0.16466108,,0.16466108,look,0,,42,look_f0_s42_in22k_v5fix,last
ISIC_0057026,BCN_0003235,BCN_0003235,40-59,bcn20000,5,False,4,0.010212843,0.007332029,0.0067578675,0.07222021,0.84256285,0.009868404,0.051045664,0.8601077,,0.8601077,look,0,,42,look_f0_s42_in22k_v5fix,last
ISIC_0057029,BCN_0002638,BCN_0002638,60+,bcn20000,1,True,1,0.006681043,0.9274879,0.004054204,0.033529304,0.002337793,0.0025686894,0.02334102,0.93650675,,0.93650675,look,0,,42,look_f0_s42_in22k_v5fix,last
ISIC_0057051,BCN_0001154,BCN_0001154,60+,bcn20000,0,True,1,0.029707253,0.852019,0.0042936425,0.0663503,0.0030117796,0.004116454,0.040501546,0.884738,,0.884738,look,0,,42,look_f0_s42_in22k_v5fix,last
ISIC_0057052,BCN_0004865,BCN_0004865,60+,bcn20000,0,True,2,0.03635091,0.055683997,0.6779687,0.10143671,0.073523805,0.0018256163,0.053210273,0.16555871,,0.16555871,look,0,,42,look_f0_s42_in22k_v5fix,last
ISIC_0057072,BCN_0001834,BCN_0001834,60+,bcn20000,0,True,0,0.89975226,0.021111147,0.0013327939,0.042381115,0.004642185,0.001811226,0.02896937,0.9255056,,0.9255056,look,0,,42,look_f0_s42_in22k_v5fix,last
ISIC_0057074,BCN_0005456,BCN_0005456,40-59,bcn20000,5,False,5,0.012868407,0.005384691,0.0026868475,0.057508927,0.00576258,0.873665,0.042123582,0.02401568,,0.02401568,look,0,,42,look_f0_s42_in22k_v5fix,last
ISIC_0057101,BCN_0004870,BCN_0004870,60+,bcn20000,1,True,1,0.009739117,0.82932824,0.012100494,0.062880486,0.005814311,0.0019599379,0.0781773,0.84488165,,0.84488165,look,0,,42,look_f0_s42_in22k_v5fix,last
ISIC_0057111,BCN_0001106,BCN_0001106,60+,bcn20000,1,True,1,0.018606143,0.7115769,0.009031043,0.10688949,0.07225227,0.0032487703,0.07839548,0.8024353,,0.8024353,look,0,,42,look_f0_s42_in22k_v5fix,last
ISIC_0057117,BCN_0002207,BCN_0002207,60+,bcn20000,1,True,0,0.7020249,0.1305188,0.0045054364,0.090961374,0.0060519245,0.0054647163,0.060472924,0.83859557,,0.83859557,look,0,,42,look_f0_s42_in22k_v5fix,last
ISIC_0057136,BCN_0003316,BCN_0003316,60+,bcn20000,5,False,4,0.00509773,0.0022754623,0.0027009444,0.051721416,0.89667785,0.00915205,0.032374606,0.90405107,,0.90405107,look,0,,42,look_f0_s42_in22k_v5fix,last
ISIC_0057147,BCN_0004631,BCN_0004631,40-59,bcn20000,4,True,4,0.02754249,0.00514341,0.04931042,0.12334298,0.71865547,0.0036236895,0.0723815,0.75134134,,0.75134134,look,0,,42,look_f0_s42_in22k_v5fix,last
ISIC_0057148,BCN_0001814,BCN_0001814,60+,bcn20000,4,True,4,0.0061981115,0.0048643323,0.010038504,0.05986209,0.8681597,0.007482017,0.04339534,0.87922215,,0.87922215,look,0,,42,look_f0_s42_in22k_v5fix,last
ISIC_0057161,BCN_0001972,BCN_0001972,40-59,bcn20000,1,True,1,0.00740769,0.8910719,0.0071445275,0.054086138,0.0034737012,0.0049703764,0.0318457,0.9019533,,0.9019533,look,0,,42,look_f0_s42_in22k_v5fix,last
ISIC_0057182,BCN_0005316,BCN_0005316,60+,bcn20000,0,True,2,0.041819625,0.008063354,0.8465288,0.056529507,0.005896966,0.0045179646,0.036643777,0.055779945,,0.055779945,look,0,,42,look_f0_s42_in22k_v5fix,last
ISIC_0057183,BCN_0004157,BCN_0004157,40-59,bcn20000,5,False,5,0.011240323,0.0058092666,0.006700417,0.06757401,0.0067101335,0.85029155,0.051674288,0.023759723,,0.023759723,look,0,,42,look_f0_s42_in22k_v5fix,last
ISIC_0057185,BCN_0005238,BCN_0005238,<40,bcn20000,5,False,5,0.009107143,0.0068158465,0.006229924,0.0673378,0.006633167,0.85555613,0.048320033,0.022556156,,0.022556156,look,0,,42,look_f0_s42_in22k_v5fix,last
ISIC_0057188,BCN_0001814,BCN_0001814,60+,bcn20000,4,True,4,0.0069536977,0.005339248,0.009463208,0.059505276,0.86735415,0.007932978,0.043451387,0.8796471,,0.8796471,look,0,,42,look_f0_s42_in22k_v5fix,last
ISIC_0057210,BCN_0002794,BCN_0002794,60+,bcn20000,2,False,4,0.0027609782,0.02386796,0.0841125,0.16170676,0.4896325,0.17078087,0.067138486,0.5162614,,0.5162614,look,0,,42,look_f0_s42_in22k_v5fix,last
ISIC_0057222,BCN_0001223,BCN_0001223,40-59,bcn20000,2,False,4,0.03481965,0.0059040934,0.12858656,0.1892171,0.38055253,0.15648861,0.104431465,0.42127627,,0.42127627,look,0,,42,look_f0_s42_in22k_v5fix,last
ISIC_0057240,BCN_0001841,BCN_0001841,<40,bcn20000,5,False,5,0.008669097,0.0051491274,0.005757388,0.06115248,0.004345368,0.8703476,0.044578895,0.018163593,,0.018163593,look,0,,42,look_f0_s42_in22k_v5fix,last
ISIC_0057248,BCN_0004139,BCN_0004139,40-59,bcn20000,2,False,0,0.5157665,0.009376244,0.24227276,0.09881994,0.0107584875,0.010950946,0.11205512,0.5359012,,0.5359012,look,0,,42,look_f0_s42_in22k_v5fix,last
ISIC_0057260,BCN_0004792,BCN_0004792,40-59,bcn20000,5,False,5,0.0084534325,0.0062435316,0.0043654977,0.065224,0.012595837,0.85215753,0.05096013,0.027292801,,0.027292801,look,0,,42,look_f0_s42_in22k_v5fix,last
ISIC_0057279,BCN_0005014,BCN_0005014,60+,bcn20000,1,True,1,0.0063989335,0.9174397,0.003359111,0.041016024,0.002931919,0.003978316,0.024875993,0.9267705,,0.9267705,look,0,,42,look_f0_s42_in22k_v5fix,last
ISIC_0057290,BCN_0003538,BCN_0003538,60+,bcn20000,2,False,5,0.015899587,0.012090002,0.35253182,0.10564278,0.0062765875,0.4305213,0.07703791,0.034266178,,0.034266178,look,0,,42,look_f0_s42_in22k_v5fix,last
ISIC_0057295,BCN_0001305,BCN_0001305,40-59,bcn20000,6,False,2,0.004924687,0.016600432,0.5730414,0.06684821,0.0068605295,0.004746011,0.32697877,0.028385649,,0.028385649,look,0,,42,look_f0_s42_in22k_v5fix,last
ISIC_0057333,BCN_0004209,BCN_0004209,60+,bcn20000,1,True,1,0.007823008,0.8815841,0.0059719435,0.04903847,0.0138459,0.0025004954,0.039236017,0.903253,,0.903253,look,0,,42,look_f0_s42_in22k_v5fix,last
ISIC_0057355,BCN_0004145,BCN_0004145,60+,bcn20000,1,True,1,0.0079701245,0.87190986,0.006274518,0.05799832,0.005527785,0.005827738,0.0444918,0.88540775,,0.88540775,look,0,,42,look_f0_s42_in22k_v5fix,last
ISIC_0057357,BCN_0004822,BCN_0004822,60+,bcn20000,0,True,3,0.14171337,0.28842038,0.042602576,0.3432819,0.089064896,0.0050130994,0.089903794,0.51919866,,0.51919866,look,0,,42,look_f0_s42_in22k_v5fix,last
ISIC_0057377,BCN_0000923,BCN_0000923,40-59,bcn20000,5,False,5,0.009466165,0.0051931357,0.004146691,0.06532226,0.004413578,0.86704737,0.044410817,0.01907288,,0.01907288,look,0,,42,look_f0_s42_in22k_v5fix,last
ISIC_0057384,BCN_0002207,BCN_0002207,60+,bcn20000,1,True,0,0.93357754,0.005844062,0.003959866,0.030701766,0.0013253086,0.0017657802,0.022825653,0.9407469,,0.9407469,look,0,,42,look_f0_s42_in22k_v5fix,last
ISIC_0057397,BCN_0004066,BCN_0004066,60+,bcn20000,4,True,4,0.009515819,0.0066792364,0.007065526,0.046671737,0.88607955,0.0041517415,0.03983643,0.9022746,,0.9022746,look,0,,42,look_f0_s42_in22k_v5fix,last
ISIC_0057429,BCN_0000561,BCN_0000561,40-59,bcn20000,5,False,5,0.017104765,0.0069750003,0.012068891,0.16281389,0.34790182,0.35182253,0.10131312,0.3719816,,0.3719816,look,0,,42,look_f0_s42_in22k_v5fix,last
ISIC_0057443,BCN_0005251,BCN_0005251,40-59,bcn20000,5,False,5,0.0102751665,0.0063221864,0.005056035,0.06644315,0.005961736,0.85882,0.04712165,0.02255909,,0.02255909,look,0,,42,look_f0_s42_in22k_v5fix,last
ISIC_0057454,BCN_0001077,BCN_0001077,<40,bcn20000,5,False,5,0.01050116,0.006149891,0.0065855295,0.06897273,0.00811283,0.8483257,0.051352106,0.024763882,,0.024763882,look,0,,42,look_f0_s42_in22k_v5fix,last
ISIC_0057474,BCN_0004060,BCN_0004060,40-59,bcn20000,1,True,1,0.009802881,0.5510932,0.0061130007,0.12271482,0.21701838,0.0026412103,0.09061645,0.77791446,,0.77791446,look,0,,42,look_f0_s42_in22k_v5fix,last
ISIC_0057477,BCN_0001154,BCN_0001154,60+,bcn20000,0,True,1,0.04471405,0.8122428,0.0035409194,0.07846727,0.0030622077,0.0041951826,0.053777542,0.860019,,0.860019,look,0,,42,look_f0_s42_in22k_v5fix,last
ISIC_0057497,BCN_0001107,BCN_0001107,60+,bcn20000,2,False,0,0.82277006,0.0072052977,0.064486474,0.06136962,0.0016058796,0.004562443,0.038000226,0.83158123,,0.83158123,look,0,,42,look_f0_s42_in22k_v5fix,last
ISIC_0057542,BCN_0002064,BCN_0002064,60+,bcn20000,1,True,1,0.105842076,0.6897796,0.0030015337,0.09399508,0.0360729,0.0011682212,0.070140645,0.83169454,,0.83169454,look,0,,42,look_f0_s42_in22k_v5fix,last
ISIC_0057587,BCN_0002702,BCN_0002702,60+,bcn20000,1,True,1,0.00527786,0.9230451,0.0055144927,0.037095606,0.003865851,0.0021485174,0.023052547,0.9321888,,0.9321888,look,0,,42,look_f0_s42_in22k_v5fix,last
ISIC_0057592,BCN_0001446,BCN_0001446,60+,bcn20000,1,True,5,0.014372956,0.012009341,0.004292787,0.07323531,0.004223617,0.8381098,0.05375624,0.030605914,,0.030605914,look,0,,42,look_f0_s42_in22k_v5fix,last
ISIC_0057594,BCN_0000444,BCN_0000444,40-59,bcn20000,4,True,4,0.014095689,0.006532828,0.0056354827,0.06604901,0.8611733,0.0034133696,0.04310028,0.8818018,,0.8818018,look,0,,42,look_f0_s42_in22k_v5fix,last
ISIC_0057626,BCN_0004084,BCN_0004084,<40,bcn20000,5,False,5,0.0072585205,0.0071661468,0.021224111,0.059024073,0.022607677,0.8375507,0.045168724,0.037032343,,0.037032343,look,0,,42,look_f0_s42_in22k_v5fix,last
ISIC_0057657,BCN_0004224,BCN_0004224,40-59,bcn20000,1,True,1,0.0082322005,0.8921447,0.004748992,0.053739827,0.0029432871,0.006127236,0.0320637,0.90332013,,0.90332013,look,0,,42,look_f0_s42_in22k_v5fix,last
ISIC_0057658,BCN_0000096,BCN_0000096,60+,bcn20000,1,True,1,0.008550363,0.90690666,0.004912552,0.04272214,0.0028006912,0.0026543103,0.031453274,0.9182577,,0.9182577,look,0,,42,look_f0_s42_in22k_v5fix,last
ISIC_0057660,BCN_0002487,BCN_0002487,<40,bcn20000,5,False,5,0.012953329,0.01093716,0.008503479,0.11096444,0.16946284,0.613599,0.07357973,0.19335333,,0.19335333,look,0,,42,look_f0_s42_in22k_v5fix,last
ISIC_0057662,BCN_0001106,BCN_0001106,60+,bcn20000,1,True,1,0.014991452,0.4707731,0.1209026,0.10516416,0.112213984,0.0710742,0.10488053,0.59797853,,0.59797853,look,0,,42,look_f0_s42_in22k_v5fix,last
ISIC_0057668,BCN_0003907,BCN_0003907,60+,bcn20000,4,True,4,0.008731898,0.008520217,0.0061635813,0.062211808,0.8708908,0.0030004953,0.040481173,0.8881429,,0.8881429,look,0,,42,look_f0_s42_in22k_v5fix,last
ISIC_0057692,BCN_0004631,BCN_0004631,40-59,bcn20000,4,True,4,0.04450659,0.00713418,0.19909212,0.12400483,0.5484215,0.006326648,0.07051411,0.60006225,,0.60006225,look,0,,42,look_f0_s42_in22k_v5fix,last
ISIC_0057698,BCN_0001495,BCN_0001495,60+,bcn20000,2,False,2,0.008863565,0.0049630716,0.88261384,0.054664776,0.004192657,0.008957066,0.03574505,0.018019293,,0.018019293,look,0,,42,look_f0_s42_in22k_v5fix,last
ISIC_0057700,BCN_0000906,BCN_0000906,60+,bcn20000,4,True,1,0.06106519,0.23799998,0.023754163,0.23250295,0.22881834,0.06672466,0.14913476,0.5278835,,0.5278835,look,0,,42,look_f0_s42_in22k_v5fix,last
ISIC_0057701,BCN_0003718,BCN_0003718,40-59,bcn20000,5,False,5,0.0094621815,0.0068785087,0.005648917,0.06428392,0.0060204477,0.86249876,0.045207296,0.022361137,,0.022361137,look,0,,42,look_f0_s42_in22k_v5fix,last
ISIC_0057705,BCN_0002702,BCN_0002702,60+,bcn20000,1,True,1,0.0067019705,0.8775392,0.0063759065,0.05657721,0.0060327225,0.0044214195,0.042351585,0.89027387,,0.89027387,look,0,,42,look_f0_s42_in22k_v5fix,last
ISIC_0057707,BCN_0003760,BCN_0003760,<40,bcn20000,4,True,4,0.24244708,0.10383039,0.02003595,0.14157876,0.357784,0.008586325,0.12573756,0.7040615,,0.7040615,look,0,,42,look_f0_s42_in22k_v5fix,last
ISIC_0057729,BCN_0002577,BCN_0002577,40-59,bcn20000,4,True,4,0.007710449,0.0040143062,0.0054210084,0.053327784,0.88577574,0.003972362,0.03977839,0.8975005,,0.8975005,look,0,,42,look_f0_s42_in22k_v5fix,last
ISIC_0057757,BCN_0001808,BCN_0001808,40-59,bcn20000,1,True,1,0.016546445,0.89407086,0.0030452895,0.049323298,0.0043665133,0.0025196644,0.03012792,0.9149838,,0.9149838,look,0,,42,look_f0_s42_in22k_v5fix,last
ISIC_0057816,BCN_0000168,BCN_0000168,40-59,bcn20000,5,False,5,0.0036656922,0.008608092,0.019359408,0.05912371,0.00374257,0.86196095,0.04353966,0.016016353,,0.016016353,look,0,,42,look_f0_s42_in22k_v5fix,last
ISIC_0057819,BCN_0004139,BCN_0004139,<40,bcn20000,2,False,2,0.027599057,0.0013005644,0.84837466,0.056511432,0.0052584675,0.0041402625,0.056815583,0.03415809,,0.03415809,look,0,,42,look_f0_s42_in22k_v5fix,last
ISIC_0057836,BCN_0002905,BCN_0002905,<40,bcn20000,5,False,1,0.008265439,0.5544568,0.0058520515,0.16842994,0.06518596,0.12574162,0.07206818,0.6279082,,0.6279082,look,0,,42,look_f0_s42_in22k_v5fix,last
ISIC_0057857,BCN_0004157,BCN_0004157,40-59,bcn20000,5,False,5,0.008591017,0.0062147505,0.0070241787,0.0671088,0.0064858226,0.85755956,0.047015958,0.021291591,,0.021291591,look,0,,42,look_f0_s42_in22k_v5fix,last
ISIC_0057865,BCN_0005316,BCN_0005316,60+,bcn20000,0,True,2,0.2946399,0.011161724,0.48905244,0.10553334,0.017151522,0.008898861,0.0735622,0.32295313,,0.32295313,look,0,,42,look_f0_s42_in22k_v5fix,last
ISIC_0057879,BCN_0000467,BCN_0000467,40-59,bcn20000,2,False,0,0.6608706,0.008979443,0.01610536,0.08543313,0.1591983,0.026677718,0.04273535,0.82904834,,0.82904834,look,0,,42,look_f0_s42_in22k_v5fix,last
ISIC_0057890,BCN_0005316,BCN_0005316,60+,bcn20000,0,True,0,0.9216637,0.002667455,0.007200913,0.035843544,0.0030340243,0.0027022322,0.026888184,0.9273651,,0.9273651,look,0,,42,look_f0_s42_in22k_v5fix,last
ISIC_0057896,BCN_0000652,BCN_0000652,60+,bcn20000,4,True,2,0.006240514,0.003989372,0.9086041,0.045184,0.0027956734,0.0016387729,0.031547513,0.0130255595,,0.0130255595,look,0,,42,look_f0_s42_in22k_v5fix,last
ISIC_0057904,BCN_0004174,BCN_0004174,60+,bcn20000,2,False,2,0.21964936,0.01852818,0.411196,0.13206163,0.07692298,0.00090162084,0.14074022,0.31510052,,0.31510052,look,0,,42,look_f0_s42_in22k_v5fix,last
ISIC_0057910,BCN_0004411,BCN_0004411,60+,bcn20000,1,True,1,0.010465523,0.870757,0.0046461322,0.053022973,0.015731856,0.0031427678,0.042233877,0.89695436,,0.89695436,look,0,,42,look_f0_s42_in22k_v5fix,last
ISIC_0057930,BCN_0003497,BCN_0003497,60+,bcn20000,0,True,1,0.0046043117,0.89267427,0.006572767,0.046013355,0.005265374,0.006045383,0.038824674,0.90254396,,0.90254396,look,0,,42,look_f0_s42_in22k_v5fix,last
ISIC_0057938,BCN_0001108,BCN_0001108,60+,bcn20000,4,True,4,0.018271958,0.012052124,0.08313681,0.08970127,0.73006123,0.0036989623,0.06307763,0.76038533,,0.76038533,look,0,,42,look_f0_s42_in22k_v5fix,last
ISIC_0057950,BCN_0001077,BCN_0001077,<40,bcn20000,5,False,5,0.008407701,0.0051822057,0.0053231497,0.06763815,0.005942714,0.8599626,0.04754362,0.01953262,,0.01953262,look,0,,42,look_f0_s42_in22k_v5fix,last
ISIC_0057979,BCN_0003145,BCN_0003145,40-59,bcn20000,1,True,1,0.00455397,0.93230313,0.0043718754,0.031204069,0.0023907893,0.0035112798,0.021664843,0.9392479,,0.9392479,look,0,,42,look_f0_s42_in22k_v5fix,last
ISIC_0057998,BCN_0001038,BCN_0001038,60+,bcn20000,1,True,1,0.05063268,0.8127455,0.0043265494,0.068167,0.00701723,0.0063553965,0.05075566,0.8703954,,0.8703954,look,0,,42,look_f0_s42_in22k_v5fix,last
ISIC_0058024,BCN_0001163,BCN_0001163,60+,bcn20000,4,True,4,0.0075424733,0.0048549986,0.005622246,0.05808378,0.8757023,0.0055816937,0.04261246,0.8880998,,0.8880998,look,0,,42,look_f0_s42_in22k_v5fix,last
ISIC_0058033,BCN_0001108,BCN_0001108,60+,bcn20000,4,True,4,0.007566177,0.004199904,0.048502818,0.08666896,0.7955634,0.0022592524,0.055239476,0.8073295,,0.8073295,look,0,,42,look_f0_s42_in22k_v5fix,last
ISIC_0058035,BCN_0003478,BCN_0003478,<40,bcn20000,5,False,5,0.009940757,0.005996968,0.004055256,0.06638516,0.006523347,0.8591399,0.04795855,0.022461072,,0.022461072,look,0,,42,look_f0_s42_in22k_v5fix,last
ISIC_0058097,BCN_0005666,BCN_0005666,60+,bcn20000,4,True,4,0.006953231,0.0038432616,0.005179534,0.05238385,0.88717884,0.0041131265,0.040348083,0.8979753,,0.8979753,look,0,,42,look_f0_s42_in22k_v5fix,last
ISIC_0058104,BCN_0001038,BCN_0001038,60+,bcn20000,1,True,0,0.47878602,0.3538633,0.0047517787,0.08746291,0.021000287,0.008626379,0.045509357,0.8536496,,0.8536496,look,0,,42,look_f0_s42_in22k_v5fix,last
ISIC_0058139,BCN_0005324,BCN_0005324,<40,bcn20000,5,False,5,0.008788901,0.004200476,0.003979792,0.058807906,0.004050588,0.87275696,0.04741548,0.017039966,,0.017039966,look,0,,42,look_f0_s42_in22k_v5fix,last
ISIC_0058147,BCN_0000887,BCN_0000887,<40,bcn20000,5,False,5,0.007547359,0.0033728937,0.0066407383,0.050267488,0.010375977,0.87848395,0.043311626,0.02129623,,0.02129623,look,0,,42,look_f0_s42_in22k_v5fix,last
ISIC_0058187,BCN_0002770,BCN_0002770,<40,bcn20000,5,False,5,0.008208054,0.0050897375,0.0054084905,0.0614187,0.008550986,0.86255103,0.04877309,0.021848777,,0.021848777,look,0,,42,look_f0_s42_in22k_v5fix,last
ISIC_0058197,BCN_0003597,BCN_0003597,<40,bcn20000,5,False,5,0.009209257,0.009364242,0.0056035724,0.07015105,0.0058212313,0.849257,0.050593656,0.02439473,,0.02439473,look,0,,42,look_f0_s42_in22k_v5fix,last
ISIC_0058212,BCN_0002258,BCN_0002258,60+,bcn20000,2,False,4,0.006814326,0.003019005,0.032786086,0.083258115,0.8031578,0.0060094446,0.06495526,0.81299114,,0.81299114,look,0,,42,look_f0_s42_in22k_v5fix,last
ISIC_0058219,BCN_0005136,BCN_0005136,60+,bcn20000,2,False,2,0.01955965,0.0064006248,0.8773755,0.050331365,0.007964211,0.0038705876,0.034498088,0.033924483,,0.033924483,look,0,,42,look_f0_s42_in22k_v5fix,last
ISIC_0058252,BCN_0003096,BCN_0003096,60+,bcn20000,1,True,0,0.52905726,0.275308,0.022129875,0.08455583,0.0024198336,0.002613159,0.08391612,0.8067851,,0.8067851,look,0,,42,look_f0_s42_in22k_v5fix,last
ISIC_0058265,BCN_0002794,BCN_0002794,60+,bcn20000,2,False,2,0.0035271018,0.008129465,0.5814265,0.12061813,0.083468385,0.12665264,0.0761777,0.09512495,,0.09512495,look,0,,42,look_f0_s42_in22k_v5fix,last
ISIC_0058276,BCN_0002324,BCN_0002324,60+,bcn20000,2,False,6,0.077785134,0.0057549677,0.24168019,0.110991724,0.048028957,0.029033031,0.48672596,0.13156906,,0.13156906,look,0,,42,look_f0_s42_in22k_v5fix,last
ISIC_0058302,BCN_0001948,BCN_0001948,40-59,bcn20000,6,False,1,0.00558974,0.85431075,0.0047389837,0.06820204,0.006885626,0.0146553675,0.045617573,0.8667861,,0.8667861,look,0,,42,look_f0_s42_in22k_v5fix,last
ISIC_0058305,BCN_0003660,BCN_0003660,60+,bcn20000,0,True,5,0.02168536,0.12942635,0.01204321,0.07339548,0.0026169848,0.69169915,0.069133386,0.1537287,,0.1537287,look,0,,42,look_f0_s42_in22k_v5fix,last
ISIC_0058310,BCN_0003040,BCN_0003040,60+,bcn20000,1,True,1,0.144748,0.5438895,0.0031163087,0.09802649,0.023748772,0.06451499,0.12195596,0.71238625,,0.71238625,look,0,,42,look_f0_s42_in22k_v5fix,last
ISIC_0058331,BCN_0000029,BCN_0000029,40-59,bcn20000,4,True,5,0.00669081,0.004064561,0.0049568666,0.056502525,0.0075946273,0.8737679,0.046422727,0.018349998,,0.018349998,look,0,,42,look_f0_s42_in22k_v5fix,last
ISIC_0058333,BCN_0003316,BCN_0003316,60+,bcn20000,5,False,5,0.009390697,0.011207714,0.032130595,0.139469,0.13119483,0.59196454,0.08464261,0.15179324,,0.15179324,look,0,,42,look_f0_s42_in22k_v5fix,last
ISIC_0058353,BCN_0004504,BCN_0004504,40-59,bcn20000,5,False,5,0.00966597,0.004286547,0.005407555,0.06361564,0.0052204,0.8679522,0.04385166,0.019172918,,0.019172918,look,0,,42,look_f0_s42_in22k_v5fix,last
ISIC_0058415,BCN_0001106,BCN_0001106,60+,bcn20000,1,True,2,0.055269632,0.2225807,0.49906987,0.099874504,0.003371672,0.03119786,0.08863572,0.28122202,,0.28122202,look,0,,42,look_f0_s42_in22k_v5fix,last
ISIC_0058420,BCN_0003162,BCN_0003162,60+,bcn20000,1,True,5,0.0062903645,0.004908949,0.0050960556,0.04304662,0.007849825,0.9010948,0.03171334,0.019049138,,0.019049138,look,0,,42,look_f0_s42_in22k_v5fix,last
ISIC_0058449,BCN_0002794,BCN_0002794,60+,bcn20000,2,False,4,0.05211384,0.12457443,0.025090637,0.16704562,0.49325985,0.06553549,0.07238015,0.6699481,,0.6699481,look,0,,42,look_f0_s42_in22k_v5fix,last
ISIC_0058451,BCN_0003324,BCN_0003324,60+,bcn20000,0,True,1,0.07571663,0.7896079,0.0039744987,0.07533673,0.0047219316,0.004909447,0.045732833,0.87004644,,0.87004644,look,0,,42,look_f0_s42_in22k_v5fix,last
ISIC_0058452,BCN_0000672,BCN_0000672,60+,bcn20000,0,True,0,0.9416819,0.0017924795,0.0029124005,0.029235402,0.0029952682,0.00291055,0.01847204,0.94646966,,0.94646966,look,0,,42,look_f0_s42_in22k_v5fix,last
ISIC_0058459,BCN_0004822,BCN_0004822,60+,bcn20000,0,True,4,0.0030133394,0.0063765394,0.04564896,0.09929348,0.7745457,0.035653036,0.035468988,0.7839356,,0.7839356,look,0,,42,look_f0_s42_in22k_v5fix,last
ISIC_0058472,BCN_0005657,BCN_0005657,60+,bcn20000,1,True,1,0.02789055,0.86804736,0.0040891496,0.056340557,0.0029184788,0.0040018097,0.03671212,0.8988564,,0.8988564,look,0,,42,look_f0_s42_in22k_v5fix,last
ISIC_0058524,BCN_0001679,BCN_0001679,60+,bcn20000,2,False,4,0.0065498725,0.006365644,0.014902032,0.05556875,0.87968457,0.0025780762,0.034351114,0.89260006,,0.89260006,look,0,,42,look_f0_s42_in22k_v5fix,last
ISIC_0058529,BCN_0002235,BCN_0002235,60+,bcn20000,5,False,5,0.010731109,0.024973042,0.010226073,0.074837886,0.0033772024,0.82183623,0.054018386,0.039081354,,0.039081354,look,0,,42,look_f0_s42_in22k_v5fix,last
ISIC_0058533,BCN_0005635,BCN_0005635,40-59,bcn20000,5,False,5,0.014591359,0.0099763675,0.009328379,0.077231124,0.0061179833,0.8322207,0.050534084,0.03068571,,0.03068571,look,0,,42,look_f0_s42_in22k_v5fix,last
ISIC_0058534,BCN_0003718,BCN_0003718,40-59,bcn20000,5,False,5,0.0092513375,0.006121278,0.0044357236,0.070691064,0.011905537,0.851035,0.046560008,0.027278151,,0.027278151,look,0,,42,look_f0_s42_in22k_v5fix,last
ISIC_0058553,BCN_0000409,BCN_0000409,60+,bcn20000,1,True,1,0.014037329,0.92292666,0.002660481,0.0370959,0.0017505728,0.0016151144,0.019913852,0.93871456,,0.93871456,look,0,,42,look_f0_s42_in22k_v5fix,last
ISIC_0058582,BCN_0002553,BCN_0002553,<40,bcn20000,5,False,5,0.010141326,0.006812566,0.006472955,0.066477135,0.0057159592,0.85762584,0.04675428,0.022669852,,0.022669852,look,0,,42,look_f0_s42_in22k_v5fix,last
ISIC_0058589,BCN_0001430,BCN_0001430,40-59,bcn20000,2,False,2,0.010995316,0.0035520303,0.8438864,0.052731812,0.040995583,0.005028699,0.04281019,0.05554293,,0.05554293,look,0,,42,look_f0_s42_in22k_v5fix,last
ISIC_0058591,BCN_0004379,BCN_0004379,60+,bcn20000,1,True,1,0.014161966,0.86712813,0.0060067126,0.060931586,0.0050372817,0.008482775,0.038251527,0.8863274,,0.8863274,look,0,,42,look_f0_s42_in22k_v5fix,last
ISIC_0058594,BCN_0003568,BCN_0003568,<40,bcn20000,5,False,5,0.007390233,0.004256484,0.004849599,0.0579639,0.00298083,0.88399845,0.038560532,0.014627548,,0.014627548,look,0,,42,look_f0_s42_in22k_v5fix,last
ISIC_0058622,BCN_0003101,BCN_0003101,60+,bcn20000,0,True,1,0.030851748,0.4014882,0.13483347,0.29078162,0.047282506,0.0015442515,0.09321816,0.47962248,,0.47962248,look,0,,42,look_f0_s42_in22k_v5fix,last
ISIC_0058623,BCN_0001834,BCN_0001834,60+,bcn20000,0,True,1,0.05077177,0.83609205,0.001060234,0.06383106,0.0110037355,0.001833107,0.035408,0.89786756,,0.89786756,look,0,,42,look_f0_s42_in22k_v5fix,last
ISIC_0058653,BCN_0002517,BCN_0002517,40-59,bcn20000,0,True,0,0.92793256,0.0141079705,0.0031387915,0.03311913,0.0020605987,0.004153469,0.015487431,0.9441011,,0.9441011,look,0,,42,look_f0_s42_in22k_v5fix,last
ISIC_0058660,BCN_0002577,BCN_0002577,40-59,bcn20000,4,True,4,0.004987749,0.0030080073,0.004600917,0.0473786,0.9006566,0.0039887093,0.03537949,0.90865237,,0.90865237,look,0,,42,look_f0_s42_in22k_v5fix,last
ISIC_0058678,BCN_0000616,BCN_0000616,60+,bcn20000,1,True,1,0.0066786082,0.8791483,0.0053015454,0.05251695,0.005006258,0.0034265441,0.04792179,0.89083314,,0.89083314,look,0,,42,look_f0_s42_in22k_v5fix,last
ISIC_0058679,BCN_0003316,BCN_0003316,60+,bcn20000,5,False,4,0.00825416,0.0035215716,0.0068163066,0.06100441,0.86694175,0.0061272206,0.047334604,0.8787175,,0.8787175,look,0,,42,look_f0_s42_in22k_v5fix,last
ISIC_0058681,BCN_0004513,BCN_0004513,40-59,bcn20000,2,False,1,0.08413288,0.69575167,0.0111703845,0.11679841,0.006219269,0.009992592,0.07593473,0.78610384,,0.78610384,look,0,,42,look_f0_s42_in22k_v5fix,last
ISIC_0058689,BCN_0004282,BCN_0004282,40-59,bcn20000,1,True,1,0.003133928,0.5013039,0.0046500037,0.463005,0.00118815,0.0013196425,0.025399337,0.505626,,0.505626,look,0,,42,look_f0_s42_in22k_v5fix,last
ISIC_0058700,BCN_0005052,BCN_0005052,<40,bcn20000,5,False,5,0.009404505,0.005057958,0.004558766,0.063257836,0.008296874,0.86869687,0.040727157,0.022759337,,0.022759337,look,0,,42,look_f0_s42_in22k_v5fix,last
ISIC_0058701,BCN_0003154,BCN_0003154,<40,bcn20000,5,False,5,0.0073182583,0.005165093,0.0055889394,0.058281902,0.005692998,0.87522876,0.042724106,0.018176349,,0.018176349,look,0,,42,look_f0_s42_in22k_v5fix,last
ISIC_0058731,BCN_0001602,BCN_0001602,40-59,bcn20000,5,False,5,0.0114974985,0.0071825213,0.006248527,0.06937983,0.005120238,0.8504653,0.05010611,0.023800258,,0.023800258,look,0,,42,look_f0_s42_in22k_v5fix,last
ISIC_0058751,BCN_0004002,BCN_0004002,60+,bcn20000,1,True,1,0.05307297,0.8402825,0.0028229284,0.06075076,0.0024955745,0.00441587,0.03615944,0.8958511,,0.8958511,look,0,,42,look_f0_s42_in22k_v5fix,last
ISIC_0058764,BCN_0005516,BCN_0005516,40-59,bcn20000,5,False,5,0.013847026,0.0037962478,0.0039900797,0.050040968,0.0048682718,0.8763718,0.0470855,0.022511546,,0.022511546,look,0,,42,look_f0_s42_in22k_v5fix,last
ISIC_0058770,BCN_0002989,BCN_0002989,60+,bcn20000,4,True,1,0.23221412,0.3003646,0.009912746,0.108972825,0.24719925,0.010193684,0.09114278,0.77977794,,0.77977794,look,0,,42,look_f0_s42_in22k_v5fix,last
ISIC_0058776,BCN_0004642,BCN_0004642,60+,bcn20000,0,True,1,0.008721474,0.8873493,0.005012455,0.055065833,0.0039515845,0.002949919,0.036949508,0.9000224,,0.9000224,look,0,,42,look_f0_s42_in22k_v5fix,last
ISIC_0058809,BCN_0002282,BCN_0002282,60+,bcn20000,1,True,1,0.013757909,0.8859542,0.0046459055,0.050387237,0.004331396,0.0045890254,0.036334287,0.9040435,,0.9040435,look,0,,42,look_f0_s42_in22k_v5fix,last
ISIC_0058814,BCN_0001420,BCN_0001420,40-59,bcn20000,5,False,5,0.010206552,0.007991104,0.009203939,0.069327414,0.004671189,0.8518916,0.046708163,0.022868846,,0.022868846,look,0,,42,look_f0_s42_in22k_v5fix,last
ISIC_0058822,BCN_0003921,BCN_0003921,<40,bcn20000,5,False,5,0.0119596105,0.005744183,0.00674115,0.07209415,0.006534142,0.8457007,0.051226128,0.024237936,,0.024237936,look,0,,42,look_f0_s42_in22k_v5fix,last
ISIC_0058825,BCN_0004174,BCN_0004174,60+,bcn20000,2,False,4,0.15197428,0.01220625,0.20190576,0.1280977,0.35348424,0.005121431,0.14721039,0.5176648,,0.5176648,look,0,,42,look_f0_s42_in22k_v5fix,last
ISIC_0058840,BCN_0002868,BCN_0002868,60+,bcn20000,4,True,4,0.0063344766,0.0047135446,0.25278196,0.17635871,0.414896,0.024856502,0.12005885,0.42594403,,0.42594403,look,0,,42,look_f0_s42_in22k_v5fix,last
ISIC_0058845,BCN_0005292,BCN_0005292,40-59,bcn20000,1,True,5,0.045545883,0.19437037,0.061783656,0.13133529,0.003720901,0.4812977,0.08194613,0.24363716,,0.24363716,look,0,,42,look_f0_s42_in22k_v5fix,last
ISIC_0058850,BCN_0001987,BCN_0001987,40-59,bcn20000,5,False,4,0.01035153,0.0054901326,0.044154588,0.07778088,0.80308366,0.004391375,0.054747857,0.8189253,,0.8189253,look,0,,42,look_f0_s42_in22k_v5fix,last
ISIC_0058864,BCN_0000230,BCN_0000230,60+,bcn20000,0,True,1,0.07510484,0.700972,0.004810933,0.11733854,0.007975104,0.003658311,0.09014025,0.78405195,,0.78405195,look,0,,42,look_f0_s42_in22k_v5fix,last
ISIC_0058879,BCN_0005456,BCN_0005456,40-59,bcn20000,5,False,5,0.007765779,0.006490163,0.0068626376,0.064453036,0.0048518437,0.86542076,0.044155765,0.019107785,,0.019107785,look,0,,42,look_f0_s42_in22k_v5fix,last
ISIC_0058888,BCN_0002045,BCN_0002045,60+,bcn20000,2,False,5,0.008609421,0.004492707,0.018284569,0.06492335,0.004838146,0.86544216,0.03340968,0.017940274,,0.017940274,look,0,,42,look_f0_s42_in22k_v5fix,last
ISIC_0058930,BCN_0001370,BCN_0001370,40-59,bcn20000,5,False,5,0.012035162,0.0065039257,0.007589041,0.08162058,0.0019083142,0.85202736,0.03831561,0.020447401,,0.020447401,look,0,,42,look_f0_s42_in22k_v5fix,last
ISIC_0058939,BCN_0001796,BCN_0001796,60+,bcn20000,0,True,5,0.004319848,0.03393049,0.014416856,0.061238997,0.009479082,0.83462757,0.041987184,0.04772942,,0.04772942,look,0,,42,look_f0_s42_in22k_v5fix,last
ISIC_0058942,BCN_0000693,BCN_0000693,60+,bcn20000,2,False,2,0.0055366447,0.0047459565,0.9226822,0.030228334,0.003760499,0.0038091182,0.029237248,0.0140431,,0.0140431,look,0,,42,look_f0_s42_in22k_v5fix,last
ISIC_0058997,BCN_0004752,BCN_0004752,60+,bcn20000,1,True,1,0.008696633,0.88533676,0.02012196,0.050170798,0.0026419752,0.0017260956,0.03130576,0.89667535,,0.89667535,look,0,,42,look_f0_s42_in22k_v5fix,last
ISIC_0059024,BCN_0003235,BCN_0003235,40-59,bcn20000,5,False,4,0.010990875,0.008247064,0.007821888,0.110436074,0.6617473,0.118921734,0.08183517,0.6809852,,0.6809852,look,0,,42,look_f0_s42_in22k_v5fix,last
ISIC_0059037,BCN_0001354,BCN_0001354,60+,bcn20000,4,True,4,0.010663366,0.0072267842,0.0058455174,0.07168655,0.84781057,0.004006024,0.05276127,0.8657007,,0.8657007,look,0,,42,look_f0_s42_in22k_v5fix,last
ISIC_0059114,BCN_0005088,BCN_0005088,<40,bcn20000,5,False,5,0.009620352,0.0048200926,0.005183662,0.059414923,0.004791562,0.8696471,0.04652225,0.019232007,,0.019232007,look,0,,42,look_f0_s42_in22k_v5fix,last
ISIC_0059116,BCN_0001804,BCN_0001804,60+,bcn20000,1,True,0,0.908953,0.006059764,0.0051017674,0.03542763,0.0035273386,0.0037970936,0.037133373,0.9185401,,0.9185401,look,0,,42,look_f0_s42_in22k_v5fix,last
ISIC_0059155,BCN_0003715,BCN_0003715,<40,bcn20000,2,False,4,0.051716194,0.09662898,0.014454052,0.25585824,0.35757238,0.09337227,0.13039783,0.50591755,,0.50591755,look,0,,42,look_f0_s42_in22k_v5fix,last
ISIC_0059159,BCN_0002013,BCN_0002013,60+,bcn20000,1,True,1,0.009768427,0.8867288,0.005903885,0.051449366,0.004402828,0.0037903893,0.03795628,0.90090007,,0.90090007,look,0,,42,look_f0_s42_in22k_v5fix,last
ISIC_0059179,BCN_0004021,BCN_0004021,<40,bcn20000,5,False,5,0.012212275,0.076438785,0.15418899,0.12170542,0.007381951,0.55954117,0.068531394,0.096033014,,0.096033014,look,0,,42,look_f0_s42_in22k_v5fix,last
ISIC_0059191,BCN_0003402,BCN_0003402,40-59,bcn20000,2,False,2,0.005067978,0.0033455866,0.94115186,0.024668558,0.003934095,0.005047452,0.016784446,0.012347659,,0.012347659,look,0,,42,look_f0_s42_in22k_v5fix,last
ISIC_0059199,BCN_0001091,BCN_0001091,60+,bcn20000,1,True,1,0.010685992,0.8841339,0.0036565403,0.048835833,0.005962641,0.0040491936,0.04267606,0.9007825,,0.9007825,look,0,,42,look_f0_s42_in22k_v5fix,last
ISIC_0059236,BCN_0001106,BCN_0001106,60+,bcn20000,1,True,2,0.008333569,0.011579011,0.79234385,0.049193792,0.09672347,0.0048186304,0.03700765,0.116636045,,0.116636045,look,0,,42,look_f0_s42_in22k_v5fix,last
ISIC_0059253,BCN_0000906,BCN_0000906,60+,bcn20000,4,True,5,0.010361741,0.18196324,0.004718098,0.098850146,0.00743781,0.61891025,0.07775866,0.19976279,,0.19976279,look,0,,42,look_f0_s42_in22k_v5fix,last
ISIC_0059255,BCN_0002838,BCN_0002838,60+,bcn20000,1,True,1,0.008329724,0.8771615,0.0053587803,0.05690667,0.0044778003,0.005700487,0.04206498,0.88996905,,0.88996905,look,0,,42,look_f0_s42_in22k_v5fix,last
ISIC_0059265,BCN_0001068,BCN_0001068,60+,bcn20000,3,False,1,0.017378032,0.838173,0.024250794,0.060441732,0.0074552237,0.003869776,0.048431426,0.86300623,,0.86300623,look,0,,42,look_f0_s42_in22k_v5fix,last
ISIC_0059273,BCN_0003907,BCN_0003907,60+,bcn20000,4,True,4,0.008489074,0.005935231,0.0059486525,0.05565434,0.8777612,0.0048858537,0.041325595,0.8921855,,0.8921855,look,0,,42,look_f0_s42_in22k_v5fix,last
ISIC_0059276,BCN_0001987,BCN_0001987,40-59,bcn20000,5,False,4,0.009171116,0.006895916,0.0074386997,0.057229884,0.87209475,0.006736243,0.04043346,0.8881618,,0.8881618,look,0,,42,look_f0_s42_in22k_v5fix,last
ISIC_0059277,BCN_0001143,BCN_0001143,40-59,bcn20000,0,True,2,0.0070747,0.010338308,0.90963626,0.035998106,0.0022894447,0.00840486,0.026258241,0.019702453,,0.019702453,look,0,,42,look_f0_s42_in22k_v5fix,last
ISIC_0059287,BCN_0000789,BCN_0000789,<40,bcn20000,5,False,5,0.0092857145,0.0060612313,0.0089802705,0.06423687,0.0041624857,0.86182684,0.04544655,0.019509431,,0.019509431,look,0,,42,look_f0_s42_in22k_v5fix,last
ISIC_0059292,BCN_0005324,BCN_0005324,<40,bcn20000,5,False,5,0.010127659,0.0064363778,0.006182662,0.09196107,0.028445598,0.7911495,0.06569715,0.045009635,,0.045009635,look,0,,42,look_f0_s42_in22k_v5fix,last
ISIC_0059300,BCN_0002487,BCN_0002487,<40,bcn20000,5,False,5,0.0094587775,0.0045425273,0.0054333503,0.08868151,0.1263246,0.69873875,0.066820495,0.1403259,,0.1403259,look,0,,42,look_f0_s42_in22k_v5fix,last
ISIC_0059317,BCN_0000368,BCN_0000368,60+,bcn20000,1,True,1,0.0063999584,0.86923337,0.0053244326,0.05921797,0.0057090255,0.006330825,0.047784396,0.88134235,,0.88134235,look,0,,42,look_f0_s42_in22k_v5fix,last
ISIC_0059321,BCN_0002235,BCN_0002235,60+,bcn20000,5,False,5,0.010778488,0.0066028386,0.00745219,0.07467226,0.006450944,0.83910775,0.05493551,0.023832269,,0.023832269,look,0,,42,look_f0_s42_in22k_v5fix,last
ISIC_0059326,BCN_0001370,BCN_0001370,40-59,bcn20000,5,False,5,0.015947789,0.0098098,0.007962361,0.07619775,0.0048845597,0.8359609,0.0492368,0.030642148,,0.030642148,look,0,,42,look_f0_s42_in22k_v5fix,last
ISIC_0059333,BCN_0002794,BCN_0002794,60+,bcn20000,2,False,4,0.004059892,0.0038907782,0.008230685,0.035210695,0.9187388,0.0025993546,0.027269827,0.92668945,,0.92668945,look,0,,42,look_f0_s42_in22k_v5fix,last
ISIC_0059336,BCN_0003907,BCN_0003907,60+,bcn20000,4,True,4,0.025263244,0.33718923,0.011020148,0.17587198,0.34698004,0.00213864,0.1015367,0.7094325,,0.7094325,look,0,,42,look_f0_s42_in22k_v5fix,last
ISIC_0059352,BCN_0001634,BCN_0001634,40-59,bcn20000,5,False,5,0.0104216365,0.006590532,0.005772184,0.06986042,0.01064149,0.84660035,0.0501133,0.027653657,,0.027653657,look,0,,42,look_f0_s42_in22k_v5fix,last
ISIC_0059361,BCN_0001354,BCN_0001354,60+,bcn20000,4,True,4,0.009855312,0.0068693897,0.0061105075,0.074636444,0.84755784,0.009337814,0.04563263,0.86428255,,0.86428255,look,0,,42,look_f0_s42_in22k_v5fix,last
ISIC_0059365,BCN_0001665,BCN_0001665,60+,bcn20000,5,False,5,0.010651475,0.0060967943,0.0063992036,0.05806832,0.0069079828,0.86659783,0.045278445,0.02365625,,0.02365625,look,0,,42,look_f0_s42_in22k_v5fix,last
ISIC_0059372,BCN_0004010,BCN_0004010,40-59,bcn20000,0,True,1,0.22653176,0.46450174,0.0027847772,0.15729852,0.043818437,0.0067246812,0.09834013,0.7348519,,0.7348519,look,0,,42,look_f0_s42_in22k_v5fix,last
ISIC_0059380,BCN_0000497,BCN_0000497,60+,bcn20000,5,False,5,0.0110662365,0.008087905,0.026870847,0.08970567,0.062254593,0.7492934,0.052721377,0.08140874,,0.08140874,look,0,,42,look_f0_s42_in22k_v5fix,last
ISIC_0059407,BCN_0005070,BCN_0005070,<40,bcn20000,5,False,5,0.01275901,0.03841869,0.003364643,0.07665488,0.0026507238,0.8156509,0.05050122,0.053828426,,0.053828426,look,0,,42,look_f0_s42_in22k_v5fix,last
ISIC_0059426,BCN_0001956,BCN_0001956,40-59,bcn20000,1,True,4,0.06397726,0.006514409,0.0032772752,0.08543584,0.7859512,0.0056291097,0.049214862,0.85644287,,0.85644287,look,0,,42,look_f0_s42_in22k_v5fix,last
ISIC_0059437,BCN_0002235,BCN_0002235,60+,bcn20000,5,False,5,0.01038814,0.008767769,0.008810021,0.068687834,0.0037135691,0.8534797,0.046152998,0.022869477,,0.022869477,look,0,,42,look_f0_s42_in22k_v5fix,last
ISIC_0059439,BCN_0003718,BCN_0003718,40-59,bcn20000,5,False,5,0.010254718,0.006977465,0.0048641157,0.07890656,0.026919214,0.81905633,0.053021513,0.044151396,,0.044151396,look,0,,42,look_f0_s42_in22k_v5fix,last
ISIC_0059473,BCN_0002548,BCN_0002548,60+,bcn20000,4,True,5,0.0076554394,0.00991743,0.010745809,0.06263494,0.03401515,0.8345219,0.040509336,0.051588017,,0.051588017,look,0,,42,look_f0_s42_in22k_v5fix,last
ISIC_0059488,BCN_0001085,BCN_0001085,60+,bcn20000,4,True,4,0.009875275,0.0052599837,0.009246934,0.051509272,0.89040625,0.002639627,0.031062694,0.90554154,,0.90554154,look,0,,42,look_f0_s42_in22k_v5fix,last
ISIC_0059491,BCN_0002838,BCN_0002838,60+,bcn20000,1,True,1,0.008146979,0.88730884,0.0057213833,0.05322355,0.0042973133,0.0048162015,0.03648578,0.89975315,,0.89975315,look,0,,42,look_f0_s42_in22k_v5fix,last
ISIC_0059516,BCN_0004027,BCN_0004027,40-59,bcn20000,1,True,1,0.28447303,0.45916447,0.0047878167,0.1633147,0.004723004,0.004228468,0.07930844,0.7483605,,0.7483605,look,0,,42,look_f0_s42_in22k_v5fix,last
ISIC_0059543,BCN_0002502,BCN_0002502,40-59,bcn20000,5,False,1,0.043780245,0.77561367,0.0115596745,0.091890216,0.0056205927,0.019308403,0.052227147,0.82501453,,0.82501453,look,0,,42,look_f0_s42_in22k_v5fix,last
ISIC_0059547,BCN_0004066,BCN_0004066,60+,bcn20000,4,True,4,0.028379556,0.010216494,0.008189751,0.064065754,0.8411456,0.003177735,0.044825044,0.8797416,,0.8797416,look,0,,42,look_f0_s42_in22k_v5fix,last
ISIC_0059554,BCN_0001458,BCN_0001458,60+,bcn20000,4,True,2,0.008361599,0.005144129,0.8890158,0.0519537,0.0048652524,0.003178762,0.037480816,0.018370982,,0.018370982,look,0,,42,look_f0_s42_in22k_v5fix,last
ISIC_0059558,BCN_0000445,BCN_0000445,60+,bcn20000,5,False,5,0.010919124,0.0058199596,0.0075009004,0.06845315,0.005721823,0.84979814,0.051786877,0.022460906,,0.022460906,look,0,,42,look_f0_s42_in22k_v5fix,last
ISIC_0059561,BCN_0001834,BCN_0001834,60+,bcn20000,0,True,0,0.8718785,0.025534354,0.0018608908,0.057075184,0.0033897,0.003692931,0.03656851,0.90080255,,0.90080255,look,0,,42,look_f0_s42_in22k_v5fix,last
ISIC_0059565,BCN_0003316,BCN_0003316,60+,bcn20000,5,False,4,0.0096991155,0.0069035543,0.007755186,0.06542584,0.856645,0.0072637573,0.046307474,0.8732477,,0.8732477,look,0,,42,look_f0_s42_in22k_v5fix,last
ISIC_0059569,BCN_0000188,BCN_0000188,60+,bcn20000,4,True,5,0.011006093,0.00794739,0.0054247114,0.0916759,0.079956986,0.7449311,0.05905778,0.098910466,,0.098910466,look,0,,42,look_f0_s42_in22k_v5fix,last
ISIC_0059570,BCN_0001956,BCN_0001956,40-59,bcn20000,1,True,0,0.40140617,0.05013227,0.0036660605,0.11696571,0.360959,0.002684037,0.06418681,0.81249744,,0.81249744,look,0,,42,look_f0_s42_in22k_v5fix,last
ISIC_0059585,BCN_0000843,BCN_0000843,<40,bcn20000,1,True,5,0.011217538,0.031797636,0.017754309,0.09667314,0.0029298859,0.7576071,0.082020335,0.04594506,,0.04594506,look,0,,42,look_f0_s42_in22k_v5fix,last
ISIC_0059588,BCN_0002640,BCN_0002640,60+,bcn20000,0,True,1,0.01107794,0.9081507,0.0034324487,0.040717766,0.006351978,0.004111497,0.026157614,0.9255806,,0.9255806,look,0,,42,look_f0_s42_in22k_v5fix,last
ISIC_0059600,BCN_0000511,BCN_0000511,60+,bcn20000,1,True,4,0.014789782,0.08913232,0.004537274,0.13342105,0.6601827,0.002947748,0.094989076,0.76410484,,0.76410484,look,0,,42,look_f0_s42_in22k_v5fix,last
ISIC_0059604,BCN_0001855,BCN_0001855,60+,bcn20000,5,False,5,0.0075634914,0.0027477688,0.0030112327,0.059526682,0.002574087,0.88394475,0.04063213,0.012885347,,0.012885347,look,0,,42,look_f0_s42_in22k_v5fix,last
ISIC_0059609,BCN_0000562,BCN_0000562,60+,bcn20000,5,False,5,0.005928445,0.003923103,0.27073026,0.09137595,0.015945364,0.5531223,0.058974616,0.025796913,,0.025796913,look,0,,42,look_f0_s42_in22k_v5fix,last
ISIC_0059623,BCN_0000467,BCN_0000467,40-59,bcn20000,2,False,4,0.017129965,0.006298466,0.009215265,0.07473421,0.747945,0.095747456,0.048929594,0.77137345,,0.77137345,look,0,,42,look_f0_s42_in22k_v5fix,last
ISIC_0059654,BCN_0002144,BCN_0002144,40-59,bcn20000,5,False,1,0.0075189713,0.8978423,0.0049956962,0.048303653,0.0041627605,0.0036390969,0.033537485,0.909524,,0.909524,look,0,,42,look_f0_s42_in22k_v5fix,last
ISIC_0059689,BCN_0000244,BCN_0000244,60+,bcn20000,1,True,1,0.005499325,0.87259316,0.008127089,0.057105884,0.0037635188,0.020345658,0.032565378,0.88185596,,0.88185596,look,0,,42,look_f0_s42_in22k_v5fix,last
ISIC_0059693,BCN_0003715,BCN_0003715,<40,bcn20000,2,False,4,0.13457358,0.06627008,0.0037196865,0.18632843,0.5183082,0.008354387,0.08244556,0.71915185,,0.71915185,look,0,,42,look_f0_s42_in22k_v5fix,last
ISIC_0059694,BCN_0003316,BCN_0003316,60+,bcn20000,5,False,5,0.012865379,0.0065886914,0.0249444,0.07316304,0.0066707325,0.80907005,0.06669773,0.026124803,,0.026124803,look,0,,42,look_f0_s42_in22k_v5fix,last
ISIC_0059704,BCN_0005628,BCN_0005628,<40,bcn20000,5,False,5,0.010522151,0.00712416,0.007923894,0.06494774,0.0062747635,0.8555648,0.047642514,0.023921074,,0.023921074,look,0,,42,look_f0_s42_in22k_v5fix,last
ISIC_0059709,BCN_0000600,BCN_0000600,60+,bcn20000,0,True,2,0.020545028,0.004031355,0.8921429,0.045180332,0.0036444648,0.003605207,0.030850675,0.028220847,,0.028220847,look,0,,42,look_f0_s42_in22k_v5fix,last
ISIC_0059716,BCN_0005456,BCN_0005456,40-59,bcn20000,5,False,5,0.010070079,0.0050830785,0.005022315,0.060504273,0.0038635351,0.8750714,0.040385354,0.019016692,,0.019016692,look,0,,42,look_f0_s42_in22k_v5fix,last
ISIC_0059737,BCN_0002235,BCN_0002235,60+,bcn20000,5,False,5,0.020297686,0.013213757,0.009886191,0.08528877,0.005079566,0.8064663,0.059767786,0.038591012,,0.038591012,look,0,,42,look_f0_s42_in22k_v5fix,last
ISIC_0059738,BCN_0000444,BCN_0000444,40-59,bcn20000,4,True,4,0.009091226,0.011864305,0.0067449748,0.09855618,0.80058056,0.015598605,0.057564147,0.82153606,,0.82153606,look,0,,42,look_f0_s42_in22k_v5fix,last
ISIC_0059748,BCN_0000585,BCN_0000585,40-59,bcn20000,1,True,1,0.008874741,0.8815752,0.0060870033,0.05268343,0.0054582306,0.0052846437,0.040036697,0.8959082,,0.8959082,look,0,,42,look_f0_s42_in22k_v5fix,last
ISIC_0059759,BCN_0005564,BCN_0005564,60+,bcn20000,0,True,1,0.04273571,0.82976633,0.0037628198,0.062192187,0.0029403532,0.0038188421,0.054783784,0.8754424,,0.8754424,look,0,,42,look_f0_s42_in22k_v5fix,last
ISIC_0059773,BCN_0002079,BCN_0002079,40-59,bcn20000,4,True,4,0.010049546,0.0057035885,0.005953549,0.059273075,0.8705386,0.003482612,0.044999048,0.88629174,,0.88629174,look,0,,42,look_f0_s42_in22k_v5fix,last
ISIC_0059800,BCN_0004633,BCN_0004633,60+,bcn20000,0,True,0,0.8556503,0.043720596,0.01338683,0.048342306,0.0077596777,0.0017037526,0.029436551,0.9071306,,0.9071306,look,0,,42,look_f0_s42_in22k_v5fix,last
ISIC_0059805,BCN_0004649,BCN_0004649,40-59,bcn20000,5,False,5,0.013842005,0.006555161,0.004686351,0.06435567,0.0063505596,0.86559415,0.038616102,0.026747726,,0.026747726,look,0,,42,look_f0_s42_in22k_v5fix,last
ISIC_0059845,BCN_0000015,BCN_0000015,60+,bcn20000,1,True,1,0.006377362,0.8861787,0.006661036,0.055183023,0.0025134746,0.004428874,0.038657606,0.8950695,,0.8950695,look,0,,42,look_f0_s42_in22k_v5fix,last
ISIC_0059852,BCN_0000290,BCN_0000290,60+,bcn20000,0,True,1,0.025943052,0.8559751,0.0035933668,0.060576815,0.003928376,0.0032983203,0.04668503,0.8858465,,0.8858465,look,0,,42,look_f0_s42_in22k_v5fix,last
ISIC_0059870,BCN_0003816,BCN_0003816,40-59,bcn20000,5,False,5,0.007941355,0.0032161998,0.0048996895,0.058712617,0.03474232,0.84629506,0.04419271,0.045899875,,0.045899875,look,0,,42,look_f0_s42_in22k_v5fix,last
ISIC_0059871,BCN_0002568,BCN_0002568,60+,bcn20000,0,True,2,0.05683475,0.23610106,0.51462865,0.114720374,0.004587261,0.0034351463,0.06969278,0.29752308,,0.29752308,look,0,,42,look_f0_s42_in22k_v5fix,last
ISIC_0059892,BCN_0004877,BCN_0004877,40-59,bcn20000,4,True,1,0.014061497,0.74539876,0.088918276,0.052327573,0.020571837,0.0029399921,0.07578206,0.7800321,,0.7800321,look,0,,42,look_f0_s42_in22k_v5fix,last
ISIC_0059904,BCN_0003907,BCN_0003907,60+,bcn20000,4,True,5,0.007905213,0.085438855,0.011490451,0.0805986,0.020747643,0.7215077,0.07231157,0.11409171,,0.11409171,look,0,,42,look_f0_s42_in22k_v5fix,last
ISIC_0059913,BCN_0001996,BCN_0001996,60+,bcn20000,5,False,5,0.011693562,0.0052050897,0.0047784247,0.05685606,0.0167089,0.8586426,0.046115376,0.03360755,,0.03360755,look,0,,42,look_f0_s42_in22k_v5fix,last
ISIC_0059916,BCN_0002235,BCN_0002235,60+,bcn20000,5,False,1,0.020702641,0.47422186,0.01866131,0.13235055,0.005110874,0.2715055,0.07744728,0.50003535,,0.50003535,look,0,,42,look_f0_s42_in22k_v5fix,last
ISIC_0059918,BCN_0005228,BCN_0005228,<40,bcn20000,2,False,1,0.0071865385,0.88007027,0.008442021,0.055005718,0.007752344,0.0048740017,0.036669068,0.89500916,,0.89500916,look,0,,42,look_f0_s42_in22k_v5fix,last
ISIC_0059919,BCN_0003907,BCN_0003907,60+,bcn20000,4,True,4,0.010611454,0.014037824,0.007550879,0.070357636,0.84878194,0.0036991914,0.04496113,0.8734312,,0.8734312,look,0,,42,look_f0_s42_in22k_v5fix,last
ISIC_0059922,BCN_0005014,BCN_0005014,60+,bcn20000,1,True,1,0.012822566,0.8415105,0.0032399474,0.057500698,0.0032815153,0.041784175,0.03986071,0.8576146,,0.8576146,look,0,,42,look_f0_s42_in22k_v5fix,last
ISIC_0059925,BCN_0001941,BCN_0001941,60+,bcn20000,5,False,5,0.014715648,0.004760058,0.0032965892,0.07089614,0.0028964095,0.8595498,0.04388529,0.022372115,,0.022372115,look,0,,42,look_f0_s42_in22k_v5fix,last
ISIC_0059935,BCN_0002983,BCN_0002983,40-59,bcn20000,2,False,2,0.016159441,0.002620487,0.85846704,0.056487832,0.016397022,0.0024407767,0.04742739,0.035176948,,0.035176948,look,0,,42,look_f0_s42_in22k_v5fix,last
ISIC_0059952,BCN_0003324,BCN_0003324,60+,bcn20000,0,True,2,0.038608994,0.0146369245,0.85511655,0.04765612,0.0021541659,0.002006325,0.039820902,0.05540008,,0.05540008,look,0,,42,look_f0_s42_in22k_v5fix,last
ISIC_0059973,BCN_0005519,BCN_0005519,60+,bcn20000,1,True,1,0.0089337295,0.8917481,0.004223218,0.051620282,0.004013469,0.0029596018,0.036501627,0.9046953,,0.9046953,look,0,,42,look_f0_s42_in22k_v5fix,last
ISIC_0059977,BCN_0001251,BCN_0001251,40-59,bcn20000,1,True,1,0.008758276,0.8655843,0.006140072,0.059403572,0.005686602,0.00997185,0.04445532,0.88002914,,0.88002914,look,0,,42,look_f0_s42_in22k_v5fix,last
ISIC_0059979,BCN_0000789,BCN_0000789,<40,bcn20000,5,False,5,0.007949568,0.005010095,0.0074717323,0.06266663,0.005386562,0.8693343,0.0421811,0.018346224,,0.018346224,look,0,,42,look_f0_s42_in22k_v5fix,last
ISIC_0059989,BCN_0000616,BCN_0000616,60+,bcn20000,1,True,1,0.0077735074,0.8870748,0.0044600028,0.05302868,0.004448525,0.0037837927,0.03943072,0.8992969,,0.8992969,look,0,,42,look_f0_s42_in22k_v5fix,last
ISIC_0060007,BCN_0003751,BCN_0003751,60+,bcn20000,1,True,5,0.0073173954,0.007069333,0.0062663686,0.060883068,0.010786891,0.8310778,0.076599166,0.02517362,,0.02517362,look,0,,42,look_f0_s42_in22k_v5fix,last
ISIC_0060022,BCN_0001458,BCN_0001458,60+,bcn20000,4,True,2,0.02650819,0.0036420608,0.49333698,0.18219222,0.20968422,0.0025463612,0.08208992,0.23983447,,0.23983447,look,0,,42,look_f0_s42_in22k_v5fix,last
ISIC_0060040,BCN_0001887,BCN_0001887,60+,bcn20000,1,True,1,0.00489738,0.8310557,0.005014352,0.053060874,0.009831084,0.030623762,0.06551686,0.8457841,,0.8457841,look,0,,42,look_f0_s42_in22k_v5fix,last
ISIC_0060042,BCN_0005033,BCN_0005033,40-59,bcn20000,5,False,5,0.017132694,0.015767777,0.008722508,0.107534334,0.07084821,0.7178102,0.062184274,0.10374868,,0.10374868,look,0,,42,look_f0_s42_in22k_v5fix,last
ISIC_0060077,BCN_0001143,BCN_0001143,40-59,bcn20000,0,True,5,0.09131807,0.024620255,0.1939107,0.26936537,0.05386371,0.29296866,0.073953174,0.16980204,,0.16980204,look,0,,42,look_f0_s42_in22k_v5fix,last
ISIC_0060079,BCN_0005657,BCN_0005657,60+,bcn20000,1,True,1,0.0099286055,0.8725067,0.0059273015,0.05740272,0.004559553,0.005103602,0.044571597,0.88699484,,0.88699484,look,0,,42,look_f0_s42_in22k_v5fix,last
ISIC_0060089,BCN_0004190,BCN_0004190,<40,bcn20000,5,False,5,0.00834583,0.0055961837,0.006037029,0.065303475,0.0068404907,0.85834754,0.049529497,0.020782504,,0.020782504,look,0,,42,look_f0_s42_in22k_v5fix,last
ISIC_0060116,BCN_0001154,BCN_0001154,60+,bcn20000,0,True,1,0.044116355,0.8322068,0.0030920408,0.0759686,0.0034440267,0.0031567717,0.038015455,0.8797672,,0.8797672,look,0,,42,look_f0_s42_in22k_v5fix,last
ISIC_0060119,BCN_0001956,BCN_0001956,40-59,bcn20000,1,True,4,0.020000739,0.014303357,0.009070332,0.0717058,0.82957053,0.004968829,0.050380502,0.8638746,,0.8638746,look,0,,42,look_f0_s42_in22k_v5fix,last
ISIC_0060127,BCN_0002172,BCN_0002172,60+,bcn20000,1,True,1,0.004761415,0.9116334,0.002139372,0.04965274,0.005203895,0.001632965,0.024976313,0.9215987,,0.9215987,look,0,,42,look_f0_s42_in22k_v5fix,last
ISIC_0060138,BCN_0001996,BCN_0001996,60+,bcn20000,5,False,5,0.015063325,0.004130596,0.01744505,0.07448594,0.20827611,0.62367225,0.056926697,0.22747003,,0.22747003,look,0,,42,look_f0_s42_in22k_v5fix,last
ISIC_0060151,BCN_0004002,BCN_0004002,60+,bcn20000,1,True,1,0.008925538,0.91089106,0.0039032905,0.04260534,0.0024529009,0.0032870462,0.02793481,0.9222695,,0.9222695,look,0,,42,look_f0_s42_in22k_v5fix,last
ISIC_0060155,BCN_0000444,BCN_0000444,40-59,bcn20000,4,True,4,0.010018635,0.005508431,0.0052206167,0.059727058,0.87996364,0.0023091924,0.03725242,0.8954907,,0.8954907,look,0,,42,look_f0_s42_in22k_v5fix,last
ISIC_0060162,BCN_0003781,BCN_0003781,40-59,bcn20000,1,True,1,0.012724066,0.884469,0.005343765,0.051324904,0.0031485802,0.0027025968,0.04028715,0.9003416,,0.9003416,look,0,,42,look_f0_s42_in22k_v5fix,last
ISIC_0060166,BCN_0000616,BCN_0000616,60+,bcn20000,1,True,1,0.0065202448,0.8754186,0.0052325153,0.05371236,0.004670607,0.0031213476,0.051324315,0.8866095,,0.8866095,look,0,,42,look_f0_s42_in22k_v5fix,last
ISIC_0060171,BCN_0003816,BCN_0003816,40-59,bcn20000,5,False,5,0.010856147,0.00963554,0.006864176,0.12721577,0.23356903,0.53751934,0.07433997,0.25406072,,0.25406072,look,0,,42,look_f0_s42_in22k_v5fix,last
ISIC_0060188,BCN_0005456,BCN_0005456,40-59,bcn20000,5,False,5,0.008408768,0.0074614706,0.009661723,0.06750871,0.010457718,0.84739035,0.04911115,0.026327956,,0.026327956,look,0,,42,look_f0_s42_in22k_v5fix,last
ISIC_0060214,BCN_0001425,BCN_0001425,40-59,bcn20000,1,True,1,0.011812735,0.9089171,0.0038650956,0.04222959,0.0021303566,0.0028820976,0.0281629,0.9228602,,0.9228602,look,0,,42,look_f0_s42_in22k_v5fix,last
ISIC_0060217,BCN_0005220,BCN_0005220,60+,bcn20000,2,False,0,0.53741544,0.0047955327,0.039977424,0.08877208,0.00414705,0.24849616,0.0763963,0.54635805,,0.54635805,look,0,,42,look_f0_s42_in22k_v5fix,last
ISIC_0060235,BCN_0001796,BCN_0001796,60+,bcn20000,0,True,5,0.011546744,0.003818144,0.028114123,0.07167147,0.003533443,0.8309879,0.05032819,0.01889833,,0.01889833,look,0,,42,look_f0_s42_in22k_v5fix,last
ISIC_0060253,BCN_0004190,BCN_0004190,<40,bcn20000,5,False,5,0.010695106,0.007713301,0.0074014016,0.0668491,0.0071325386,0.8528842,0.047324408,0.025540944,,0.025540944,look,0,,42,look_f0_s42_in22k_v5fix,last
ISIC_0060261,BCN_0005387,BCN_0005387,40-59,bcn20000,5,False,5,0.010353058,0.006856975,0.0060478006,0.069078,0.0058354083,0.8511788,0.050650034,0.023045441,,0.023045441,look,0,,42,look_f0_s42_in22k_v5fix,last
ISIC_0060286,BCN_0002553,BCN_0002553,<40,bcn20000,5,False,5,0.010838264,0.0063468697,0.006732992,0.06651656,0.0050250553,0.8550309,0.049509443,0.022210188,,0.022210188,look,0,,42,look_f0_s42_in22k_v5fix,last
ISIC_0060305,BCN_0002324,BCN_0002324,60+,bcn20000,2,False,5,0.021485688,0.0036070216,0.23765954,0.16649777,0.009972513,0.44223017,0.11854731,0.035065223,,0.035065223,look,0,,42,look_f0_s42_in22k_v5fix,last
ISIC_0060308,BCN_0005128,BCN_0005128,60+,bcn20000,4,True,4,0.0063687074,0.0067824805,0.004034895,0.13168873,0.47216097,0.2904194,0.08854492,0.48531216,,0.48531216,look,0,,42,look_f0_s42_in22k_v5fix,last
ISIC_0060340,BCN_0001085,BCN_0001085,60+,bcn20000,4,True,4,0.008540176,0.010362706,0.007757641,0.052119296,0.8866504,0.0022673267,0.03230242,0.9055533,,0.9055533,look,0,,42,look_f0_s42_in22k_v5fix,last
ISIC_0060370,BCN_0002638,BCN_0002638,60+,bcn20000,1,True,1,0.016213086,0.5905818,0.23010007,0.07588289,0.0023291307,0.034026615,0.050866496,0.60912395,,0.60912395,look,0,,42,look_f0_s42_in22k_v5fix,last
ISIC_0060371,BCN_0002686,BCN_0002686,40-59,bcn20000,5,False,2,0.010819244,0.010834538,0.57480186,0.0905078,0.009961921,0.23807774,0.06499699,0.031615704,,0.031615704,look,0,,42,look_f0_s42_in22k_v5fix,last
ISIC_0060376,BCN_0001729,BCN_0001729,60+,bcn20000,4,True,4,0.006702237,0.0023327852,0.002762924,0.046775926,0.89653605,0.002526171,0.042363945,0.9055711,,0.9055711,look,0,,42,look_f0_s42_in22k_v5fix,last
ISIC_0060388,BCN_0002740,BCN_0002740,<40,bcn20000,5,False,5,0.008540977,0.0046994574,0.004394491,0.06748887,0.0041828942,0.8599772,0.05071611,0.017423328,,0.017423328,look,0,,42,look_f0_s42_in22k_v5fix,last
ISIC_0060483,BCN_0003389,BCN_0003389,60+,bcn20000,1,True,2,0.04771191,0.008143297,0.85834974,0.04761566,0.005599665,0.0016779253,0.03090187,0.061454874,,0.061454874,look,0,,42,look_f0_s42_in22k_v5fix,last
ISIC_0060490,BCN_0004513,BCN_0004513,40-59,bcn20000,2,False,1,0.0077898568,0.85918444,0.0038450672,0.062205765,0.0026712094,0.025391806,0.038911782,0.8696455,,0.8696455,look,0,,42,look_f0_s42_in22k_v5fix,last
ISIC_0060509,BCN_0004184,BCN_0004184,60+,bcn20000,0,True,1,0.33997798,0.42319527,0.0044363304,0.16405016,0.0023351677,0.0034088106,0.06259629,0.7655084,,0.7655084,look,0,,42,look_f0_s42_in22k_v5fix,last
ISIC_0060525,BCN_0000029,BCN_0000029,40-59,bcn20000,4,True,5,0.008270139,0.009701876,0.010262955,0.06966296,0.003756391,0.8568022,0.041543525,0.021728406,,0.021728406,look,0,,42,look_f0_s42_in22k_v5fix,last
ISIC_0060582,BCN_0003874,BCN_0003874,<40,bcn20000,1,True,1,0.0083893975,0.8951781,0.0057838033,0.049348008,0.0038075424,0.0030060739,0.034487084,0.90737504,,0.90737504,look,0,,42,look_f0_s42_in22k_v5fix,last
ISIC_0060588,BCN_0003096,BCN_0003096,60+,bcn20000,1,True,1,0.008397367,0.8827431,0.0065810406,0.052176163,0.0047802282,0.003638077,0.041684095,0.8959207,,0.8959207,look,0,,42,look_f0_s42_in22k_v5fix,last
ISIC_0060589,BCN_0003363,BCN_0003363,60+,bcn20000,4,True,4,0.016071565,0.004610714,0.3629579,0.11145582,0.4187527,0.0075309956,0.0786203,0.43943498,,0.43943498,look,0,,42,look_f0_s42_in22k_v5fix,last
ISIC_0060595,BCN_0004175,BCN_0004175,40-59,bcn20000,5,False,4,0.009674507,0.008386722,0.004639018,0.11225718,0.4473195,0.3364894,0.08123361,0.46538073,,0.46538073,look,0,,42,look_f0_s42_in22k_v5fix,last
ISIC_0060596,BCN_0002750,BCN_0002750,60+,bcn20000,1,True,1,0.004127535,0.879366,0.009395745,0.05305223,0.004715103,0.0044422294,0.044901177,0.8882086,,0.8882086,look,0,,42,look_f0_s42_in22k_v5fix,last
ISIC_0060626,BCN_0005646,BCN_0005646,40-59,bcn20000,5,False,5,0.009519775,0.005857043,0.006793239,0.067529105,0.0077901096,0.8530738,0.049436916,0.023166928,,0.023166928,look,0,,42,look_f0_s42_in22k_v5fix,last
ISIC_0060645,BCN_0004027,BCN_0004027,40-59,bcn20000,1,True,1,0.21273035,0.56895304,0.0060903854,0.13159932,0.004706146,0.0051242826,0.07079649,0.7863895,,0.7863895,look,0,,42,look_f0_s42_in22k_v5fix,last
ISIC_0060659,BCN_0001694,BCN_0001694,60+,bcn20000,4,True,5,0.008730288,0.004931472,0.0029688112,0.052421425,0.011936871,0.88421434,0.03479678,0.02559863,,0.02559863,look,0,,42,look_f0_s42_in22k_v5fix,last
ISIC_0060660,BCN_0004481,BCN_0004481,40-59,bcn20000,4,True,5,0.009489092,0.006193046,0.0054445993,0.07041061,0.0065109534,0.8432774,0.058674406,0.022193093,,0.022193093,look,0,,42,look_f0_s42_in22k_v5fix,last
ISIC_0060687,BCN_0005409,BCN_0005409,40-59,bcn20000,1,True,1,0.02126934,0.69209325,0.18859076,0.05628183,0.001838902,0.0011479195,0.038778007,0.7152015,,0.7152015,look,0,,42,look_f0_s42_in22k_v5fix,last
ISIC_0060739,BCN_0000643,BCN_0000643,unknown,bcn20000,5,False,4,0.008537916,0.0045216745,0.0049957335,0.15362883,0.6662042,0.09041995,0.07169174,0.67926383,,0.67926383,look,0,,42,look_f0_s42_in22k_v5fix,last
ISIC_0060761,BCN_0005220,BCN_0005220,60+,bcn20000,2,False,0,0.8187311,0.0026896435,0.016349154,0.056725085,0.0042739753,0.058445957,0.04278492,0.82569474,,0.82569474,look,0,,42,look_f0_s42_in22k_v5fix,last
ISIC_0060762,BCN_0002843,BCN_0002843,60+,bcn20000,4,True,4,0.24664421,0.0048504504,0.002611623,0.102714,0.5697215,0.011655834,0.06180237,0.8212162,,0.8212162,look,0,,42,look_f0_s42_in22k_v5fix,last
ISIC_0060772,BCN_0004755,BCN_0004755,<40,bcn20000,5,False,5,0.009886102,0.006596884,0.0049331067,0.06570316,0.0077607594,0.8574258,0.04769421,0.024243746,,0.024243746,look,0,,42,look_f0_s42_in22k_v5fix,last
ISIC_0060776,BCN_0004633,BCN_0004633,60+,bcn20000,0,True,0,0.93025863,0.002833447,0.001628015,0.033200145,0.0039863843,0.001965193,0.026128212,0.9370784,,0.9370784,look,0,,42,look_f0_s42_in22k_v5fix,last
ISIC_0060789,BCN_0003709,BCN_0003709,60+,bcn20000,1,True,1,0.02100383,0.87524873,0.0035937058,0.05669719,0.004110971,0.0030406888,0.036304835,0.90036356,,0.90036356,look,0,,42,look_f0_s42_in22k_v5fix,last
ISIC_0060803,BCN_0003096,BCN_0003096,60+,bcn20000,1,True,1,0.008617094,0.8857388,0.009041262,0.05037399,0.003172347,0.0027830023,0.040273536,0.89752823,,0.89752823,look,0,,42,look_f0_s42_in22k_v5fix,last
ISIC_0060807,BCN_0001596,BCN_0001596,60+,bcn20000,0,True,1,0.0075786314,0.8966586,0.0056634396,0.047607545,0.004663808,0.004292303,0.03353568,0.90890104,,0.90890104,look,0,,42,look_f0_s42_in22k_v5fix,last
ISIC_0060813,BCN_0002030,BCN_0002030,60+,bcn20000,2,False,5,0.008444412,0.0078460025,0.06203381,0.07339826,0.0022756474,0.8032655,0.04273632,0.018566063,,0.018566063,look,0,,42,look_f0_s42_in22k_v5fix,last
ISIC_0060821,BCN_0001948,BCN_0001948,40-59,bcn20000,6,False,1,0.006780722,0.8586608,0.005823219,0.06401737,0.0066279084,0.009555727,0.048534144,0.8720695,,0.8720695,look,0,,42,look_f0_s42_in22k_v5fix,last
ISIC_0060834,BCN_0000360,BCN_0000360,40-59,bcn20000,4,True,4,0.0032047713,0.0028455234,0.0031383333,0.0532593,0.8835112,0.023927232,0.030113725,0.8895615,,0.8895615,look,0,,42,look_f0_s42_in22k_v5fix,last
ISIC_0060847,BCN_0005095,BCN_0005095,<40,bcn20000,2,False,2,0.0056357984,0.0019870615,0.8860566,0.060406495,0.006058323,0.00652945,0.033326373,0.013681183,,0.013681183,look,0,,42,look_f0_s42_in22k_v5fix,last
ISIC_0060854,BCN_0005666,BCN_0005666,60+,bcn20000,4,True,4,0.004987796,0.0025696945,0.0045863003,0.05048818,0.8888397,0.0074023195,0.041126028,0.89639723,,0.89639723,look,0,,42,look_f0_s42_in22k_v5fix,last
ISIC_0060893,BCN_0004066,BCN_0004066,60+,bcn20000,4,True,4,0.027456466,0.016433246,0.009043506,0.07389549,0.81852925,0.002683919,0.051958054,0.86241895,,0.86241895,look,0,,42,look_f0_s42_in22k_v5fix,last
ISIC_0060912,BCN_0004755,BCN_0004755,<40,bcn20000,5,False,5,0.010550699,0.006765958,0.006266987,0.06443875,0.005766249,0.8574129,0.048798375,0.023082906,,0.023082906,look,0,,42,look_f0_s42_in22k_v5fix,last
ISIC_0060919,BCN_0000561,BCN_0000561,40-59,bcn20000,5,False,4,0.010750834,0.00777196,0.022891128,0.10247472,0.74967223,0.03662265,0.06981645,0.76819503,,0.76819503,look,0,,42,look_f0_s42_in22k_v5fix,last
ISIC_0060940,BCN_0002235,BCN_0002235,60+,bcn20000,5,False,5,0.021372715,0.22231758,0.055009313,0.15527618,0.010956687,0.4415246,0.09354294,0.254647,,0.254647,look,0,,42,look_f0_s42_in22k_v5fix,last
ISIC_0060944,BCN_0003228,BCN_0003228,60+,bcn20000,0,True,0,0.89399844,0.011222833,0.008419489,0.042258933,0.004330986,0.003637361,0.03613197,0.9095523,,0.9095523,look,0,,42,look_f0_s42_in22k_v5fix,last
ISIC_0060948,BCN_0004756,BCN_0004756,<40,bcn20000,5,False,5,0.011053641,0.00646173,0.0073072333,0.06543535,0.0044870554,0.85713196,0.04812299,0.022002429,,0.022002429,look,0,,42,look_f0_s42_in22k_v5fix,last
ISIC_0060972,BCN_0000627,BCN_0000627,60+,bcn20000,4,True,4,0.0062028677,0.0088088,0.0067100595,0.054205976,0.87997407,0.0051729423,0.038925245,0.89498574,,0.89498574,look,0,,42,look_f0_s42_in22k_v5fix,last
ISIC_0060981,BCN_0000368,BCN_0000368,60+,bcn20000,1,True,1,0.007249603,0.86883646,0.0051140687,0.06207071,0.005639017,0.005381766,0.045708396,0.8817251,,0.8817251,look,0,,42,look_f0_s42_in22k_v5fix,last
ISIC_0060983,BCN_0003091,BCN_0003091,40-59,bcn20000,1,True,1,0.0068302914,0.8896405,0.0042479523,0.04916723,0.0073739304,0.004484636,0.03825548,0.9038447,,0.9038447,look,0,,42,look_f0_s42_in22k_v5fix,last
ISIC_0061011,BCN_0002577,BCN_0002577,40-59,bcn20000,4,True,4,0.0061791027,0.0033104,0.0045212563,0.04748944,0.90113926,0.003075174,0.03428526,0.91062874,,0.91062874,look,0,,42,look_f0_s42_in22k_v5fix,last
ISIC_0061096,BCN_0003389,BCN_0003389,60+,bcn20000,1,True,1,0.060799286,0.8027497,0.0141136,0.04802495,0.0072150696,0.015464043,0.051633347,0.8707641,,0.8707641,look,0,,42,look_f0_s42_in22k_v5fix,last
ISIC_0061104,BCN_0000618,BCN_0000618,60+,bcn20000,4,True,4,0.018736588,0.031916466,0.16352338,0.122506104,0.55855626,0.007306857,0.09745427,0.6092093,,0.6092093,look,0,,42,look_f0_s42_in22k_v5fix,last
ISIC_0061119,BCN_0003096,BCN_0003096,60+,bcn20000,1,True,1,0.0071518295,0.88100946,0.006980729,0.053303517,0.004718544,0.0038998201,0.04293619,0.89287984,,0.89287984,look,0,,42,look_f0_s42_in22k_v5fix,last
ISIC_0061121,BCN_0001154,BCN_0001154,60+,bcn20000,0,True,1,0.028784573,0.8600447,0.0031849283,0.06123221,0.0030415966,0.0033183552,0.04039357,0.8918709,,0.8918709,look,0,,42,look_f0_s42_in22k_v5fix,last
ISIC_0061134,BCN_0005666,BCN_0005666,60+,bcn20000,4,True,4,0.04065469,0.006939156,0.014697383,0.06618774,0.7903112,0.013177915,0.06803198,0.83790505,,0.83790505,look,0,,42,look_f0_s42_in22k_v5fix,last
ISIC_0061139,BCN_0002577,BCN_0002577,40-59,bcn20000,4,True,4,0.0057273437,0.003158034,0.006531842,0.05141974,0.8846741,0.0067645335,0.041724294,0.89355946,,0.89355946,look,0,,42,look_f0_s42_in22k_v5fix,last
ISIC_0061143,BCN_0003781,BCN_0003781,40-59,bcn20000,1,True,1,0.091965795,0.7573239,0.0054711164,0.07703655,0.0044431975,0.0033694005,0.060389962,0.8537329,,0.8537329,look,0,,42,look_f0_s42_in22k_v5fix,last
ISIC_0061165,BCN_0004631,BCN_0004631,40-59,bcn20000,4,True,5,0.03377515,0.0041970992,0.0023899018,0.07972629,0.05201416,0.783714,0.04418341,0.08998641,,0.08998641,look,0,,42,look_f0_s42_in22k_v5fix,last
ISIC_0061170,BCN_0003619,BCN_0003619,60+,bcn20000,0,True,1,0.011522313,0.48422894,0.0042799264,0.12525336,0.29536188,0.0063417843,0.073011816,0.79111314,,0.79111314,look,0,,42,look_f0_s42_in22k_v5fix,last
ISIC_0061181,BCN_0003101,BCN_0003101,60+,bcn20000,0,True,4,0.094969586,0.029319176,0.005158284,0.12787104,0.68130314,0.0021380372,0.059240766,0.8055919,,0.8055919,look,0,,42,look_f0_s42_in22k_v5fix,last
ISIC_0061221,BCN_0002348,BCN_0002348,<40,bcn20000,5,False,1,0.0063964357,0.88460636,0.012207164,0.05405026,0.0038934837,0.0074327076,0.031413563,0.89489627,,0.89489627,look,0,,42,look_f0_s42_in22k_v5fix,last
ISIC_0061257,BCN_0003907,BCN_0003907,60+,bcn20000,4,True,4,0.010046661,0.012600465,0.006065922,0.07220188,0.8506677,0.003707771,0.044709574,0.87331486,,0.87331486,look,0,,42,look_f0_s42_in22k_v5fix,last
ISIC_0061261,BCN_0003363,BCN_0003363,60+,bcn20000,4,True,4,0.007123418,0.003185987,0.013788005,0.05418721,0.8745266,0.0031811139,0.04400772,0.884836,,0.884836,look,0,,42,look_f0_s42_in22k_v5fix,last
ISIC_0061292,BCN_0000588,BCN_0000588,<40,bcn20000,5,False,5,0.0108213425,0.007834656,0.0086854175,0.07677068,0.008404847,0.8313415,0.056141578,0.027060846,,0.027060846,look,0,,42,look_f0_s42_in22k_v5fix,last
ISIC_0061295,BCN_0000886,BCN_0000886,60+,bcn20000,5,False,5,0.014858619,0.008539928,0.00833415,0.090539396,0.026671443,0.7912486,0.059807822,0.05006999,,0.05006999,look,0,,42,look_f0_s42_in22k_v5fix,last
ISIC_0061307,BCN_0001154,BCN_0001154,60+,bcn20000,0,True,1,0.04471405,0.8122428,0.0035409194,0.07846727,0.0030622077,0.0041951826,0.053777542,0.860019,,0.860019,look,0,,42,look_f0_s42_in22k_v5fix,last
ISIC_0061335,BCN_0003538,BCN_0003538,60+,bcn20000,2,False,5,0.0105677005,0.007639788,0.010079189,0.070356786,0.0053875716,0.84513557,0.050833367,0.023595061,,0.023595061,look,0,,42,look_f0_s42_in22k_v5fix,last
ISIC_0061348,BCN_0002900,BCN_0002900,40-59,bcn20000,1,True,0,0.92417,0.0068704025,0.0022712678,0.032892548,0.0032205107,0.0036715271,0.026903782,0.9342609,,0.9342609,look,0,,42,look_f0_s42_in22k_v5fix,last
ISIC_0061352,BCN_0002881,BCN_0002881,40-59,bcn20000,5,False,1,0.006656048,0.91313004,0.0060812086,0.037451647,0.003746506,0.0076555656,0.025278984,0.9235326,,0.9235326,look,0,,42,look_f0_s42_in22k_v5fix,last
ISIC_0061416,BCN_0003360,BCN_0003360,60+,bcn20000,2,False,5,0.010009705,0.007425143,0.013613931,0.055415243,0.003339497,0.8739005,0.03629613,0.020774346,,0.020774346,look,0,,42,look_f0_s42_in22k_v5fix,last
ISIC_0061429,BCN_0001855,BCN_0001855,60+,bcn20000,5,False,5,0.008965566,0.0038464884,0.0028509807,0.05991188,0.00351883,0.87265396,0.04825238,0.016330883,,0.016330883,look,0,,42,look_f0_s42_in22k_v5fix,last
ISIC_0061441,BCN_0001814,BCN_0001814,60+,bcn20000,4,True,4,0.007496776,0.0040555177,0.0071656955,0.05646345,0.8767115,0.0040870155,0.04402009,0.88826376,,0.88826376,look,0,,42,look_f0_s42_in22k_v5fix,last
ISIC_0061456,BCN_0000015,BCN_0000015,60+,bcn20000,1,True,1,0.008223799,0.88717014,0.007141316,0.053455506,0.00250297,0.0045990194,0.03690725,0.8978969,,0.8978969,look,0,,42,look_f0_s42_in22k_v5fix,last
ISIC_0061493,BCN_0001523,BCN_0001523,60+,bcn20000,3,False,1,0.056516364,0.6013064,0.012170899,0.18176723,0.039998878,0.03929864,0.06894155,0.6978216,,0.6978216,look,0,,42,look_f0_s42_in22k_v5fix,last
ISIC_0061504,BCN_0003096,BCN_0003096,60+,bcn20000,1,True,0,0.82938457,0.06552924,0.010545643,0.050313015,0.0017279981,0.0022675712,0.04023199,0.8966418,,0.8966418,look,0,,42,look_f0_s42_in22k_v5fix,last
ISIC_0061516,BCN_0001085,BCN_0001085,60+,bcn20000,4,True,4,0.0072312914,0.013778508,0.00703477,0.061431117,0.86948216,0.0017454538,0.039296713,0.89049196,,0.89049196,look,0,,42,look_f0_s42_in22k_v5fix,last
ISIC_0061566,BCN_0000906,BCN_0000906,60+,bcn20000,4,True,5,0.011339811,0.035549365,0.0064391154,0.1153294,0.10246704,0.63827145,0.09060387,0.14935622,,0.14935622,look,0,,42,look_f0_s42_in22k_v5fix,last
ISIC_0061571,BCN_0004752,BCN_0004752,60+,bcn20000,1,True,1,0.008967954,0.87461376,0.005336982,0.05671474,0.006253641,0.0044090804,0.04370388,0.88983536,,0.88983536,look,0,,42,look_f0_s42_in22k_v5fix,last
ISIC_0061575,BCN_0001814,BCN_0001814,60+,bcn20000,4,True,4,0.010568914,0.0044264407,0.079604305,0.123027235,0.6854129,0.011087631,0.085872605,0.7004082,,0.7004082,look,0,,42,look_f0_s42_in22k_v5fix,last
ISIC_0061580,BCN_0004206,BCN_0004206,40-59,bcn20000,4,True,4,0.008465979,0.025460433,0.003566505,0.3056374,0.43170667,0.15315114,0.072011955,0.4656331,,0.4656331,look,0,,42,look_f0_s42_in22k_v5fix,last
ISIC_0061581,BCN_0004206,BCN_0004206,40-59,bcn20000,4,True,4,0.0076637478,0.029136026,0.016388185,0.06637356,0.82281834,0.0023456402,0.05527453,0.8596181,,0.8596181,look,0,,42,look_f0_s42_in22k_v5fix,last
ISIC_0061596,BCN_0000984,BCN_0000984,60+,bcn20000,1,True,2,0.015647942,0.041667365,0.7388529,0.11661016,0.00408763,0.03717517,0.045958802,0.061402936,,0.061402936,look,0,,42,look_f0_s42_in22k_v5fix,last
ISIC_0061610,BCN_0002794,BCN_0002794,60+,bcn20000,2,False,2,0.0057543623,0.007501057,0.8560074,0.06421794,0.021070922,0.0033643304,0.04208411,0.03432634,,0.03432634,look,0,,42,look_f0_s42_in22k_v5fix,last
ISIC_0061658,BCN_0003202,BCN_0003202,40-59,bcn20000,2,False,0,0.91863054,0.008269417,0.007022076,0.028839834,0.0025417812,0.0046445923,0.030051721,0.92944175,,0.92944175,look,0,,42,look_f0_s42_in22k_v5fix,last
ISIC_0061661,BCN_0001106,BCN_0001106,60+,bcn20000,1,True,1,0.0142776985,0.8694933,0.016749682,0.053960335,0.0034718507,0.004185282,0.037861876,0.88724285,,0.88724285,look,0,,42,look_f0_s42_in22k_v5fix,last
ISIC_0061729,BCN_0005238,BCN_0005238,<40,bcn20000,5,False,5,0.008368672,0.006481222,0.007197767,0.08809419,0.02317266,0.80365306,0.06303232,0.038022555,,0.038022555,look,0,,42,look_f0_s42_in22k_v5fix,last
ISIC_0061738,BCN_0005265,BCN_0005265,60+,bcn20000,1,True,1,0.009096633,0.527656,0.0069204,0.06938941,0.013976633,0.0016607335,0.3713002,0.5507293,,0.5507293,look,0,,42,look_f0_s42_in22k_v5fix,last
ISIC_0061749,BCN_0003740,BCN_0003740,<40,bcn20000,5,False,5,0.010952061,0.0055843657,0.0041848966,0.073594466,0.0045433207,0.85634375,0.044797048,0.021079747,,0.021079747,look,0,,42,look_f0_s42_in22k_v5fix,last
ISIC_0061752,BCN_0003360,BCN_0003360,60+,bcn20000,2,False,5,0.007154016,0.0047516986,0.008323815,0.05658153,0.0043100617,0.87772536,0.0411535,0.016215777,,0.016215777,look,0,,42,look_f0_s42_in22k_v5fix,last
ISIC_0061757,BCN_0005136,BCN_0005136,60+,bcn20000,2,False,4,0.06278925,0.0069525815,0.03797535,0.09074827,0.76137173,0.0014153322,0.038747463,0.8311136,,0.8311136,look,0,,42,look_f0_s42_in22k_v5fix,last
ISIC_0061795,BCN_0002686,BCN_0002686,40-59,bcn20000,5,False,4,0.008805097,0.01704853,0.0072376654,0.08035522,0.7726367,0.051534776,0.06238202,0.79849035,,0.79849035,look,0,,42,look_f0_s42_in22k_v5fix,last
ISIC_0061808,BCN_0000887,BCN_0000887,<40,bcn20000,5,False,5,0.007052554,0.004118707,0.0050549195,0.05647885,0.011980655,0.8760103,0.039304096,0.023151916,,0.023151916,look,0,,42,look_f0_s42_in22k_v5fix,last
ISIC_0061821,BCN_0005220,BCN_0005220,60+,bcn20000,2,False,0,0.88662124,0.002879687,0.03125387,0.03594764,0.0032835798,0.008142547,0.03187143,0.8927845,,0.8927845,look,0,,42,look_f0_s42_in22k_v5fix,last
ISIC_0061862,BCN_0005292,BCN_0005292,40-59,bcn20000,1,True,4,0.024116462,0.003844184,0.016830847,0.039053638,0.78936315,0.08343393,0.04335776,0.8173238,,0.8173238,look,0,,42,look_f0_s42_in22k_v5fix,last
ISIC_0061867,BCN_0000244,BCN_0000244,60+,bcn20000,1,True,1,0.006025835,0.8849624,0.009869635,0.053383116,0.0051710275,0.0053606,0.035227418,0.89615923,,0.89615923,look,0,,42,look_f0_s42_in22k_v5fix,last
ISIC_0061872,BCN_0004504,BCN_0004504,40-59,bcn20000,5,False,5,0.011396726,0.0051540695,0.0057893028,0.069855936,0.004643635,0.8565146,0.04664577,0.021194428,,0.021194428,look,0,,42,look_f0_s42_in22k_v5fix,last
ISIC_0061874,BCN_0001106,BCN_0001106,60+,bcn20000,1,True,1,0.039893158,0.35073325,0.28687242,0.14519612,0.06475078,0.0035505716,0.10900373,0.4553772,,0.4553772,look,0,,42,look_f0_s42_in22k_v5fix,last
ISIC_0061878,BCN_0002688,BCN_0002688,40-59,bcn20000,6,False,6,0.0012430844,0.0007550629,0.0005100321,0.0073919147,0.0010108696,0.000554871,0.98853415,0.003009017,,0.003009017,look,0,,42,look_f0_s42_in22k_v5fix,last
ISIC_0061905,BCN_0003316,BCN_0003316,60+,bcn20000,5,False,4,0.0065360325,0.007886212,0.015264626,0.09539093,0.79871863,0.015102892,0.061100677,0.81314087,,0.81314087,look,0,,42,look_f0_s42_in22k_v5fix,last
ISIC_0061906,BCN_0004268,BCN_0004268,<40,bcn20000,1,True,1,0.00698877,0.89564407,0.004750179,0.04933937,0.0033169992,0.003651467,0.03630907,0.90594983,,0.90594983,look,0,,42,look_f0_s42_in22k_v5fix,last
ISIC_0061955,BCN_0002371,BCN_0002371,60+,bcn20000,1,True,1,0.0046579456,0.8424784,0.03159887,0.06371158,0.008871053,0.0039313696,0.044750772,0.8560074,,0.8560074,look,0,,42,look_f0_s42_in22k_v5fix,last
ISIC_0062005,BCN_0003084,BCN_0003084,40-59,bcn20000,4,True,4,0.0065932535,0.006989389,0.003572567,0.044735014,0.90351313,0.0052973735,0.029299255,0.9170958,,0.9170958,look,0,,42,look_f0_s42_in22k_v5fix,last
ISIC_0062007,BCN_0003330,BCN_0003330,60+,bcn20000,1,True,1,0.007219172,0.90040046,0.00309647,0.05477878,0.0029074221,0.002629048,0.028968649,0.91052705,,0.91052705,look,0,,42,look_f0_s42_in22k_v5fix,last
ISIC_0062033,BCN_0003889,BCN_0003889,60+,bcn20000,1,True,1,0.012037561,0.89528227,0.0038573937,0.046956904,0.0034923288,0.005524997,0.03284862,0.9108122,,0.9108122,look,0,,42,look_f0_s42_in22k_v5fix,last
ISIC_0062066,BCN_0004513,BCN_0004513,40-59,bcn20000,2,False,0,0.5200932,0.044958156,0.1483741,0.11359558,0.0065426696,0.08406715,0.082369156,0.57159406,,0.57159406,look,0,,42,look_f0_s42_in22k_v5fix,last
ISIC_0062117,BCN_0004153,BCN_0004153,60+,bcn20000,0,True,4,0.039137755,0.006922296,0.14265655,0.13366008,0.32071683,0.19594002,0.1609665,0.36677688,,0.36677688,look,0,,42,look_f0_s42_in22k_v5fix,last
ISIC_0062126,BCN_0000071,BCN_0000071,60+,bcn20000,2,False,0,0.5273529,0.020454573,0.05537257,0.15627621,0.05532152,0.11149702,0.07372525,0.603129,,0.603129,look,0,,42,look_f0_s42_in22k_v5fix,last
ISIC_0062131,BCN_0002837,BCN_0002837,40-59,bcn20000,5,False,5,0.011912609,0.0069547854,0.006574869,0.069661304,0.0092098955,0.8451512,0.050535403,0.028077291,,0.028077291,look,0,,42,look_f0_s42_in22k_v5fix,last
ISIC_0062132,BCN_0005308,BCN_0005308,40-59,bcn20000,5,False,4,0.05325539,0.05928832,0.006748416,0.111952476,0.6840564,0.008721606,0.07597745,0.7966001,,0.7966001,look,0,,42,look_f0_s42_in22k_v5fix,last
ISIC_0062142,BCN_0003816,BCN_0003816,40-59,bcn20000,5,False,5,0.015751233,0.0041093095,0.013345708,0.059960462,0.065116934,0.7972489,0.044467438,0.08497748,,0.08497748,look,0,,42,look_f0_s42_in22k_v5fix,last
ISIC_0062162,BCN_0004877,BCN_0004877,40-59,bcn20000,4,True,2,0.029047327,0.016810564,0.8118526,0.058262963,0.0026187547,0.027029626,0.054378215,0.048476648,,0.048476648,look,0,,42,look_f0_s42_in22k_v5fix,last
ISIC_0062224,BCN_0002664,BCN_0002664,60+,bcn20000,1,True,1,0.009090946,0.88262683,0.004628386,0.05365793,0.0071616042,0.0043782727,0.03845606,0.8988794,,0.8988794,look,0,,42,look_f0_s42_in22k_v5fix,last
ISIC_0062246,BCN_0005125,BCN_0005125,40-59,bcn20000,5,False,5,0.013177797,0.009008769,0.0064157704,0.07961845,0.002820353,0.8372404,0.05171848,0.02500692,,0.02500692,look,0,,42,look_f0_s42_in22k_v5fix,last
ISIC_0062255,BCN_0003344,BCN_0003344,60+,bcn20000,0,True,0,0.91803646,0.0016762525,0.022817267,0.034760118,0.0032825223,0.0018020528,0.017625341,0.92299527,,0.92299527,look,0,,42,look_f0_s42_in22k_v5fix,last
ISIC_0062260,BCN_0001085,BCN_0001085,60+,bcn20000,4,True,4,0.011117359,0.010366228,0.005699762,0.06437852,0.8748763,0.0014585602,0.032103226,0.8963599,,0.8963599,look,0,,42,look_f0_s42_in22k_v5fix,last
ISIC_0062313,BCN_0002577,BCN_0002577,40-59,bcn20000,4,True,4,0.00487397,0.0030768355,0.003772542,0.04713814,0.899133,0.005568824,0.036436755,0.9070838,,0.9070838,look,0,,42,look_f0_s42_in22k_v5fix,last
ISIC_0062340,BCN_0003907,BCN_0003907,60+,bcn20000,4,True,4,0.0089386385,0.008750778,0.0075643645,0.06599418,0.86337525,0.00404304,0.041333858,0.88106465,,0.88106465,look,0,,42,look_f0_s42_in22k_v5fix,last
ISIC_0062345,BCN_0002793,BCN_0002793,60+,bcn20000,0,True,2,0.013867076,0.010998819,0.8705289,0.05754824,0.003089694,0.0032204315,0.040746856,0.02795559,,0.02795559,look,0,,42,look_f0_s42_in22k_v5fix,last
ISIC_0062357,BCN_0004845,BCN_0004845,40-59,bcn20000,5,False,5,0.007358134,0.005058739,0.004731044,0.06832391,0.005733997,0.8627832,0.04601093,0.01815087,,0.01815087,look,0,,42,look_f0_s42_in22k_v5fix,last
ISIC_0062384,BCN_0002487,BCN_0002487,<40,bcn20000,5,False,4,0.0074098813,0.0059904302,0.005788503,0.107374616,0.6128221,0.19622077,0.064393684,0.62622243,,0.62622243,look,0,,42,look_f0_s42_in22k_v5fix,last
ISIC_0062389,BCN_0000029,BCN_0000029,40-59,bcn20000,4,True,5,0.007850882,0.010045474,0.010626691,0.068947755,0.0043188957,0.8572145,0.040995773,0.02221525,,0.02221525,look,0,,42,look_f0_s42_in22k_v5fix,last
ISIC_0062396,BCN_0004096,BCN_0004096,<40,bcn20000,5,False,5,0.006541456,0.0041567395,0.0049870694,0.08141847,0.02779611,0.8116427,0.06345752,0.038494304,,0.038494304,look,0,,42,look_f0_s42_in22k_v5fix,last
ISIC_0062417,BCN_0003921,BCN_0003921,<40,bcn20000,5,False,5,0.011695332,0.0059908596,0.0065147546,0.070048675,0.0094579505,0.84663844,0.049653955,0.027144141,,0.027144141,look,0,,42,look_f0_s42_in22k_v5fix,last
ISIC_0062430,BCN_0004649,BCN_0004649,40-59,bcn20000,5,False,5,0.011379225,0.006128763,0.0034920208,0.06918573,0.009229222,0.85794526,0.042639866,0.026737211,,0.026737211,look,0,,42,look_f0_s42_in22k_v5fix,last
ISIC_0062441,BCN_0002428,BCN_0002428,40-59,bcn20000,5,False,5,0.0073895315,0.004512798,0.0027071005,0.065454274,0.009772524,0.86378497,0.046378803,0.021674853,,0.021674853,look,0,,42,look_f0_s42_in22k_v5fix,last
ISIC_0062443,BCN_0001085,BCN_0001085,60+,bcn20000,4,True,4,0.0075906212,0.006593859,0.0061833323,0.05273364,0.8888506,0.002740411,0.035307422,0.9030351,,0.9030351,look,0,,42,look_f0_s42_in22k_v5fix,last
ISIC_0062470,BCN_0002730,BCN_0002730,<40,bcn20000,5,False,5,0.0132153435,0.006915812,0.0062395814,0.06985858,0.0028919438,0.855873,0.0450058,0.023023099,,0.023023099,look,0,,42,look_f0_s42_in22k_v5fix,last
ISIC_0062480,BCN_0003091,BCN_0003091,40-59,bcn20000,1,True,1,0.009279692,0.8730206,0.0069282437,0.05068667,0.0079266755,0.003957453,0.048200604,0.89022696,,0.89022696,look,0,,42,look_f0_s42_in22k_v5fix,last
ISIC_0062481,BCN_0000822,BCN_0000822,60+,bcn20000,4,True,5,0.0074644987,0.0052092317,0.008521019,0.069047116,0.047116674,0.81315035,0.04949113,0.059790403,,0.059790403,look,0,,42,look_f0_s42_in22k_v5fix,last
ISIC_0062505,BCN_0001096,BCN_0001096,<40,bcn20000,4,True,5,0.0097989915,0.006807403,0.0062020835,0.0701309,0.0069649164,0.8523752,0.047720447,0.02357131,,0.02357131,look,0,,42,look_f0_s42_in22k_v5fix,last
ISIC_0062526,BCN_0001077,BCN_0001077,<40,bcn20000,5,False,5,0.009589297,0.0057585374,0.0047300025,0.06958637,0.0064224773,0.85422957,0.049683776,0.021770312,,0.021770312,look,0,,42,look_f0_s42_in22k_v5fix,last
ISIC_0062536,BCN_0004066,BCN_0004066,60+,bcn20000,4,True,4,0.018764876,0.00910073,0.0066807196,0.06136347,0.8568934,0.0034171767,0.04377959,0.884759,,0.884759,look,0,,42,look_f0_s42_in22k_v5fix,last
ISIC_0062559,BCN_0001470,BCN_0001470,unknown,bcn20000,4,True,5,0.014671259,0.006544397,0.008453626,0.07223136,0.005268445,0.8381475,0.054683357,0.0264841,,0.0264841,look,0,,42,look_f0_s42_in22k_v5fix,last
ISIC_0062602,BCN_0001458,BCN_0001458,60+,bcn20000,4,True,2,0.006269975,0.004693019,0.9027598,0.047255307,0.005174548,0.0026132993,0.031234043,0.016137542,,0.016137542,look,0,,42,look_f0_s42_in22k_v5fix,last
ISIC_0062609,BCN_0001154,BCN_0001154,60+,bcn20000,0,True,1,0.028784573,0.8600447,0.0031849283,0.06123221,0.0030415966,0.0033183552,0.04039357,0.8918709,,0.8918709,look,0,,42,look_f0_s42_in22k_v5fix,last
ISIC_0062611,BCN_0001596,BCN_0001596,60+,bcn20000,0,True,1,0.008369959,0.90894955,0.0042849523,0.043727245,0.0029174795,0.00509133,0.026659545,0.920237,,0.920237,look,0,,42,look_f0_s42_in22k_v5fix,last
ISIC_0062633,BCN_0001694,BCN_0001694,60+,bcn20000,4,True,4,0.31944364,0.0023847371,0.002260463,0.07825461,0.52958643,0.015710436,0.052359667,0.8514148,,0.8514148,look,0,,42,look_f0_s42_in22k_v5fix,last
ISIC_0062655,BCN_0004112,BCN_0004112,40-59,bcn20000,5,False,2,0.0060319286,0.008352306,0.41622826,0.08276546,0.01596579,0.39284503,0.077811286,0.030350024,,0.030350024,look,0,,42,look_f0_s42_in22k_v5fix,last
ISIC_0062656,BCN_0001356,BCN_0001356,40-59,bcn20000,5,False,5,0.0117092645,0.027494557,0.00857894,0.08997245,0.0055870726,0.80592656,0.050731182,0.044790894,,0.044790894,look,0,,42,look_f0_s42_in22k_v5fix,last
ISIC_0062659,BCN_0004432,BCN_0004432,60+,bcn20000,1,True,1,0.20147468,0.555854,0.004918335,0.10338106,0.034765612,0.000866233,0.09874007,0.7920943,,0.7920943,look,0,,42,look_f0_s42_in22k_v5fix,last
ISIC_0062683,BCN_0004002,BCN_0004002,60+,bcn20000,1,True,1,0.009342227,0.9016284,0.0033948834,0.04819703,0.0027038585,0.005214374,0.02951918,0.9136745,,0.9136745,look,0,,42,look_f0_s42_in22k_v5fix,last
ISIC_0062686,BCN_0002577,BCN_0002577,40-59,bcn20000,4,True,4,0.0074770018,0.0045261523,0.0055837533,0.058968596,0.87400925,0.0043920246,0.045043215,0.88601243,,0.88601243,look,0,,42,look_f0_s42_in22k_v5fix,last
ISIC_0062701,BCN_0005052,BCN_0005052,<40,bcn20000,5,False,4,0.046644665,0.11108889,0.043929134,0.14726384,0.37701735,0.15120861,0.1228475,0.53475094,,0.53475094,look,0,,42,look_f0_s42_in22k_v5fix,last
ISIC_0062710,BCN_0004274,BCN_0004274,60+,bcn20000,1,True,1,0.02657661,0.7923326,0.02646478,0.09490708,0.008945946,0.0016945306,0.04907851,0.82785517,,0.82785517,look,0,,42,look_f0_s42_in22k_v5fix,last
ISIC_0062714,BCN_0002235,BCN_0002235,60+,bcn20000,5,False,1,0.020656765,0.59615266,0.01851708,0.12663037,0.006071928,0.16041887,0.0715524,0.62288135,,0.62288135,look,0,,42,look_f0_s42_in22k_v5fix,last
ISIC_0062724,BCN_0003907,BCN_0003907,60+,bcn20000,4,True,4,0.010169137,0.005874031,0.005468673,0.053751063,0.88468695,0.0027645782,0.03728554,0.90073013,,0.90073013,look,0,,42,look_f0_s42_in22k_v5fix,last
ISIC_0062726,BCN_0003597,BCN_0003597,<40,bcn20000,5,False,5,0.010543498,0.006831372,0.0060569635,0.06895409,0.008698038,0.84914124,0.049774665,0.026072908,,0.026072908,look,0,,42,look_f0_s42_in22k_v5fix,last
ISIC_0062734,BCN_0000029,BCN_0000029,40-59,bcn20000,4,True,5,0.009430856,0.010699674,0.010304423,0.075431935,0.0035132333,0.83964366,0.050976213,0.023643764,,0.023643764,look,0,,42,look_f0_s42_in22k_v5fix,last
ISIC_0062789,BCN_0004752,BCN_0004752,60+,bcn20000,1,True,1,0.007624271,0.88665074,0.0052297376,0.051996272,0.004725979,0.004928487,0.03884453,0.899001,,0.899001,look,0,,42,look_f0_s42_in22k_v5fix,last
ISIC_0062791,BCN_0005292,BCN_0005292,40-59,bcn20000,1,True,5,0.032362457,0.10325443,0.02232576,0.09233771,0.0042190705,0.6742898,0.07121071,0.13983595,,0.13983595,look,0,,42,look_f0_s42_in22k_v5fix,last
ISIC_0062795,BCN_0005052,BCN_0005052,<40,bcn20000,5,False,5,0.010498095,0.0060797064,0.005729063,0.07141969,0.008047004,0.8464617,0.051764783,0.024624806,,0.024624806,look,0,,42,look_f0_s42_in22k_v5fix,last
ISIC_0062818,BCN_0004420,BCN_0004420,40-59,bcn20000,5,False,5,0.008058685,0.004994476,0.0070439447,0.06199505,0.004840561,0.8674176,0.045649752,0.017893722,,0.017893722,look,0,,42,look_f0_s42_in22k_v5fix,last
ISIC_0062822,BCN_0001356,BCN_0001356,40-59,bcn20000,5,False,5,0.013024711,0.007181208,0.005788829,0.066402085,0.0076563656,0.8482567,0.05169008,0.027862284,,0.027862284,look,0,,42,look_f0_s42_in22k_v5fix,last
ISIC_0062828,BCN_0000894,BCN_0000894,<40,bcn20000,5,False,5,0.011806844,0.0077558914,0.0053991987,0.06051113,0.0030153494,0.8627208,0.048790745,0.022578085,,0.022578085,look,0,,42,look_f0_s42_in22k_v5fix,last
ISIC_0062835,BCN_0002045,BCN_0002045,60+,bcn20000,2,False,5,0.009305184,0.0043181796,0.0069055664,0.06888888,0.0037604899,0.8662809,0.0405407,0.017383853,,0.017383853,look,0,,42,look_f0_s42_in22k_v5fix,last
ISIC_0062840,BCN_0003521,BCN_0003521,40-59,bcn20000,5,False,5,0.015003307,0.008396683,0.007880231,0.07445095,0.0045485073,0.83787096,0.051849436,0.027948497,,0.027948497,look,0,,42,look_f0_s42_in22k_v5fix,last
ISIC_0062851,BCN_0004209,BCN_0004209,60+,bcn20000,1,True,1,0.018982394,0.7539495,0.006804851,0.11927984,0.04724634,0.0011567428,0.052580357,0.8201783,,0.8201783,look,0,,42,look_f0_s42_in22k_v5fix,last
ISIC_0062868,BCN_0001251,BCN_0001251,40-59,bcn20000,1,True,1,0.0074600508,0.8964068,0.0057627424,0.046708826,0.004140881,0.004784905,0.03473581,0.90800774,,0.90800774,look,0,,42,look_f0_s42_in22k_v5fix,last
ISIC_0062898,BCN_0005324,BCN_0005324,<40,bcn20000,5,False,5,0.009456417,0.0042436165,0.0035341927,0.058773026,0.0048364815,0.87281376,0.046342544,0.018536514,,0.018536514,look,0,,42,look_f0_s42_in22k_v5fix,last
ISIC_0062902,BCN_0001106,BCN_0001106,60+,bcn20000,1,True,4,0.014437483,0.045459934,0.016182074,0.1316358,0.685368,0.0004808158,0.10643587,0.7452654,,0.7452654,look,0,,42,look_f0_s42_in22k_v5fix,last
ISIC_0062993,BCN_0002033,BCN_0002033,60+,bcn20000,5,False,4,0.0027646448,0.022076964,0.0038843858,0.1794725,0.6699927,0.049994495,0.07181429,0.6948343,,0.6948343,look,0,,42,look_f0_s42_in22k_v5fix,last
ISIC_0063002,BCN_0003760,BCN_0003760,<40,bcn20000,4,True,2,0.15414141,0.026206402,0.6824585,0.05975011,0.028435215,0.00211936,0.04688899,0.20878303,,0.20878303,look,0,,42,look_f0_s42_in22k_v5fix,last
ISIC_0063068,BCN_0001512,BCN_0001512,60+,bcn20000,0,True,0,0.89353037,0.0034375053,0.0061036185,0.051215544,0.004104765,0.0042787706,0.037329536,0.9010727,,0.9010727,look,0,,42,look_f0_s42_in22k_v5fix,last
ISIC_0063072,BCN_0003907,BCN_0003907,60+,bcn20000,4,True,4,0.008130885,0.026986608,0.004152016,0.08860711,0.8110277,0.0045126346,0.056583054,0.8461452,,0.8461452,look,0,,42,look_f0_s42_in22k_v5fix,last
ISIC_0063076,BCN_0005136,BCN_0005136,60+,bcn20000,2,False,0,0.9257063,0.014322485,0.0047741546,0.02824008,0.0040956275,0.0012404684,0.021620942,0.9441244,,0.9441244,look,0,,42,look_f0_s42_in22k_v5fix,last
ISIC_0063090,BCN_0004963,BCN_0004963,40-59,bcn20000,1,True,1,0.00869264,0.846994,0.005566935,0.0690778,0.0077913785,0.013167921,0.04870935,0.863478,,0.863478,look,0,,42,look_f0_s42_in22k_v5fix,last
ISIC_0063099,BCN_0000168,BCN_0000168,40-59,bcn20000,5,False,5,0.014327722,0.00718537,0.007704297,0.06541259,0.0036681083,0.85367817,0.048023656,0.0251812,,0.0251812,look,0,,42,look_f0_s42_in22k_v5fix,last
ISIC_0063129,BCN_0004602,BCN_0004602,60+,bcn20000,1,True,1,0.010892848,0.88749003,0.0045129186,0.053182777,0.0036748024,0.003604928,0.036641713,0.9020577,,0.9020577,look,0,,42,look_f0_s42_in22k_v5fix,last
ISIC_0063130,BCN_0001615,BCN_0001615,40-59,bcn20000,4,True,4,0.012875015,0.008290558,0.009267469,0.06464025,0.8562969,0.0038541001,0.044775687,0.87746245,,0.87746245,look,0,,42,look_f0_s42_in22k_v5fix,last
ISIC_0063134,BCN_0002258,BCN_0002258,60+,bcn20000,2,False,4,0.16746254,0.005556267,0.009044087,0.11381947,0.64616495,0.00093086314,0.057021804,0.81918377,,0.81918377,look,0,,42,look_f0_s42_in22k_v5fix,last
ISIC_0063155,BCN_0004009,BCN_0004009,60+,bcn20000,5,False,4,0.0047696214,0.0047309473,0.010024068,0.056791212,0.8620532,0.019573037,0.042057928,0.8715538,,0.8715538,look,0,,42,look_f0_s42_in22k_v5fix,last
ISIC_0063163,BCN_0001699,BCN_0001699,40-59,bcn20000,2,False,4,0.0071764584,0.0030596477,0.0062754904,0.027453294,0.9277613,0.0101631535,0.018110665,0.9379974,,0.9379974,look,0,,42,look_f0_s42_in22k_v5fix,last
ISIC_0063167,BCN_0002172,BCN_0002172,60+,bcn20000,1,True,1,0.005662335,0.90468544,0.005793505,0.046758436,0.004409623,0.003780757,0.028909864,0.9147574,,0.9147574,look,0,,42,look_f0_s42_in22k_v5fix,last
ISIC_0063173,BCN_0002686,BCN_0002686,40-59,bcn20000,5,False,5,0.010779169,0.0064081666,0.014854792,0.118296646,0.22575116,0.5717883,0.05212173,0.2429385,,0.2429385,look,0,,42,look_f0_s42_in22k_v5fix,last
ISIC_0063178,BCN_0000230,BCN_0000230,60+,bcn20000,0,True,1,0.007606849,0.8947643,0.0036911773,0.04703725,0.0039874883,0.006089746,0.03682319,0.90635866,,0.90635866,look,0,,42,look_f0_s42_in22k_v5fix,last
ISIC_0063192,BCN_0004870,BCN_0004870,60+,bcn20000,1,True,1,0.009940347,0.8011626,0.011172125,0.07189905,0.0068164533,0.0023685324,0.09664095,0.8179194,,0.8179194,look,0,,42,look_f0_s42_in22k_v5fix,last
ISIC_0063195,BCN_0000828,BCN_0000828,<40,bcn20000,1,True,1,0.0053579966,0.8484097,0.0039925314,0.055642985,0.027172511,0.0075183217,0.05190595,0.8809402,,0.8809402,look,0,,42,look_f0_s42_in22k_v5fix,last
ISIC_0063201,BCN_0002794,BCN_0002794,60+,bcn20000,2,False,4,0.005435929,0.0050969548,0.020749781,0.07495145,0.853738,0.007233011,0.03279486,0.86427087,,0.86427087,look,0,,42,look_f0_s42_in22k_v5fix,last
ISIC_0063208,BCN_0005666,BCN_0005666,60+,bcn20000,4,True,4,0.011829854,0.0052794665,0.007706688,0.10360731,0.76024103,0.034025203,0.07731049,0.77735037,,0.77735037,look,0,,42,look_f0_s42_in22k_v5fix,last
ISIC_0063239,BCN_0002171,BCN_0002171,40-59,bcn20000,5,False,5,0.012087581,0.009028137,0.008034763,0.06968867,0.0058128326,0.84639484,0.048953153,0.02692855,,0.02692855,look,0,,42,look_f0_s42_in22k_v5fix,last
ISIC_0063266,BCN_0005128,BCN_0005128,60+,bcn20000,4,True,5,0.013679863,0.00938174,0.0046385042,0.07221222,0.00400723,0.8547926,0.041287888,0.027068833,,0.027068833,look,0,,42,look_f0_s42_in22k_v5fix,last
ISIC_0063274,BCN_0004855,BCN_0004855,40-59,bcn20000,1,True,1,0.19840965,0.6560026,0.0038264252,0.06692459,0.010724753,0.0046000336,0.059511956,0.865137,,0.865137,look,0,,42,look_f0_s42_in22k_v5fix,last
ISIC_0063281,BCN_0003316,BCN_0003316,60+,bcn20000,5,False,4,0.015595564,0.006148212,0.15604445,0.15253724,0.3932582,0.17039514,0.10602116,0.415002,,0.415002,look,0,,42,look_f0_s42_in22k_v5fix,last
ISIC_0063293,BCN_0001596,BCN_0001596,60+,bcn20000,0,True,1,0.20409434,0.62467504,0.0052326345,0.10039764,0.002952256,0.005397961,0.057250164,0.83172166,,0.83172166,look,0,,42,look_f0_s42_in22k_v5fix,last
ISIC_0063301,BCN_0001106,BCN_0001106,60+,bcn20000,1,True,1,0.0636317,0.54162693,0.024749905,0.12213388,0.09680117,0.004223826,0.14683257,0.7020598,,0.7020598,look,0,,42,look_f0_s42_in22k_v5fix,last
ISIC_0063312,BCN_0003478,BCN_0003478,<40,bcn20000,5,False,5,0.011578745,0.0088266395,0.008596186,0.06692992,0.011777651,0.84348094,0.048809938,0.032183036,,0.032183036,look,0,,42,look_f0_s42_in22k_v5fix,last
ISIC_0063337,BCN_0000577,BCN_0000577,60+,bcn20000,5,False,5,0.01037819,0.006333971,0.0031294858,0.079094596,0.026739495,0.8239678,0.050356362,0.043451656,,0.043451656,look,0,,42,look_f0_s42_in22k_v5fix,last
ISIC_0063338,BCN_0000200,BCN_0000200,60+,bcn20000,1,True,1,0.016058581,0.43128404,0.01604928,0.123822846,0.0064196507,0.3305096,0.07585606,0.4537623,,0.4537623,look,0,,42,look_f0_s42_in22k_v5fix,last
ISIC_0063355,BCN_0001699,BCN_0001699,40-59,bcn20000,2,False,5,0.006561476,0.0022546267,0.0026372874,0.054398827,0.02921861,0.8685144,0.036414806,0.038034715,,0.038034715,look,0,,42,look_f0_s42_in22k_v5fix,last
ISIC_0063361,BCN_0001834,BCN_0001834,60+,bcn20000,0,True,0,0.92427176,0.013384702,0.0015708198,0.03470686,0.0016584446,0.0032219682,0.021185515,0.9393149,,0.9393149,look,0,,42,look_f0_s42_in22k_v5fix,last
ISIC_0063363,BCN_0002568,BCN_0002568,60+,bcn20000,0,True,1,0.018586576,0.49323782,0.25687417,0.13713144,0.006024579,0.004449887,0.083695576,0.51784897,,0.51784897,look,0,,42,look_f0_s42_in22k_v5fix,last
ISIC_0063369,BCN_0004066,BCN_0004066,60+,bcn20000,4,True,4,0.009235667,0.0075905854,0.005875476,0.058826625,0.8706012,0.005063359,0.04280706,0.88742745,,0.88742745,look,0,,42,look_f0_s42_in22k_v5fix,last
ISIC_0063375,BCN_0004027,BCN_0004027,40-59,bcn20000,1,True,0,0.53335774,0.25539303,0.003755087,0.10882946,0.013747936,0.0043078302,0.08060892,0.8024987,,0.8024987,look,0,,42,look_f0_s42_in22k_v5fix,last
ISIC_0063379,BCN_0003615,BCN_0003615,60+,bcn20000,1,True,1,0.009959338,0.8924965,0.0046367417,0.052480653,0.0031209055,0.0035538946,0.03375187,0.90557677,,0.90557677,look,0,,42,look_f0_s42_in22k_v5fix,last
ISIC_0063398,BCN_0002794,BCN_0002794,60+,bcn20000,2,False,2,0.0013679208,0.06343896,0.77266717,0.08435823,0.0052676173,0.027673079,0.045227055,0.0700745,,0.0700745,look,0,,42,look_f0_s42_in22k_v5fix,last
ISIC_0063400,BCN_0001313,BCN_0001313,60+,bcn20000,1,True,4,0.006460972,0.007685398,0.0052855387,0.05585744,0.8726144,0.006764524,0.045331657,0.8867608,,0.8867608,look,0,,42,look_f0_s42_in22k_v5fix,last
ISIC_0063412,BCN_0001633,BCN_0001633,<40,bcn20000,5,False,5,0.010751415,0.0065464913,0.007264767,0.06458379,0.0054918407,0.858941,0.046420638,0.022789747,,0.022789747,look,0,,42,look_f0_s42_in22k_v5fix,last
ISIC_0063434,BCN_0001633,BCN_0001633,<40,bcn20000,5,False,5,0.009612672,0.005849854,0.0061345943,0.06167729,0.0056552435,0.86572486,0.045345556,0.02111777,,0.02111777,look,0,,42,look_f0_s42_in22k_v5fix,last
ISIC_0063452,BCN_0003535,BCN_0003535,40-59,bcn20000,1,True,1,0.008551799,0.87297755,0.0033291245,0.0604517,0.004886431,0.00966139,0.040142015,0.8864158,,0.8864158,look,0,,42,look_f0_s42_in22k_v5fix,last
ISIC_0063458,BCN_0003751,BCN_0003751,60+,bcn20000,1,True,3,0.0015897515,0.0009247399,0.0004117173,0.826254,0.0026630464,0.13231175,0.03584495,0.005177538,,0.005177538,look,0,,42,look_f0_s42_in22k_v5fix,last
ISIC_0063467,BCN_0001163,BCN_0001163,60+,bcn20000,4,True,4,0.008503227,0.007324565,0.0045710434,0.06873676,0.84178907,0.021591475,0.047483947,0.85761684,,0.85761684,look,0,,42,look_f0_s42_in22k_v5fix,last
ISIC_0063470,BCN_0003907,BCN_0003907,60+,bcn20000,4,True,4,0.010480542,0.014955323,0.0065593184,0.07272614,0.84537,0.0031349885,0.046773776,0.87080586,,0.87080586,look,0,,42,look_f0_s42_in22k_v5fix,last
ISIC_0063471,BCN_0004792,BCN_0004792,40-59,bcn20000,5,False,4,0.009061111,0.0062004896,0.0066919825,0.07483115,0.8250889,0.025230736,0.052895505,0.8403505,,0.8403505,look,0,,42,look_f0_s42_in22k_v5fix,last
ISIC_0063475,BCN_0000444,BCN_0000444,40-59,bcn20000,4,True,4,0.00805989,0.0029519522,0.0020254022,0.025740156,0.934685,0.0022079274,0.02432958,0.94569683,,0.94569683,look,0,,42,look_f0_s42_in22k_v5fix,last
ISIC_0063524,BCN_0001966,BCN_0001966,<40,bcn20000,5,False,5,0.013819776,0.00869482,0.0064565046,0.07113058,0.0029590928,0.8445814,0.052357882,0.02547369,,0.02547369,look,0,,42,look_f0_s42_in22k_v5fix,last
ISIC_0063594,BCN_0005406,BCN_0005406,<40,bcn20000,5,False,4,0.006725931,0.029906593,0.002715799,0.08513689,0.77925503,0.044011462,0.05224823,0.8158876,,0.8158876,look,0,,42,look_f0_s42_in22k_v5fix,last
ISIC_0063600,BCN_0000253,BCN_0000253,<40,bcn20000,5,False,4,0.011050791,0.0072705345,0.0041041225,0.07556475,0.82092434,0.029780094,0.051305432,0.8392457,,0.8392457,look,0,,42,look_f0_s42_in22k_v5fix,last
ISIC_0063619,BCN_0000993,BCN_0000993,40-59,bcn20000,5,False,5,0.008157855,0.005381469,0.0063116075,0.0700194,0.005898357,0.8583958,0.04583554,0.01943768,,0.01943768,look,0,,42,look_f0_s42_in22k_v5fix,last
ISIC_0063628,BCN_0000562,BCN_0000562,60+,bcn20000,5,False,2,0.006190032,0.0040369136,0.87910926,0.046057887,0.003225979,0.027099555,0.03428035,0.013452925,,0.013452925,look,0,,42,look_f0_s42_in22k_v5fix,last
ISIC_0063649,BCN_0005014,BCN_0005014,60+,bcn20000,1,True,1,0.007128905,0.88745755,0.005097335,0.053908132,0.0033026135,0.004045686,0.039059874,0.8978891,,0.8978891,look,0,,42,look_f0_s42_in22k_v5fix,last
ISIC_0063655,BCN_0001615,BCN_0001615,40-59,bcn20000,4,True,5,0.0067700963,0.0056535667,0.009512558,0.09574155,0.043857217,0.7739107,0.064554304,0.05628088,,0.05628088,look,0,,42,look_f0_s42_in22k_v5fix,last
ISIC_0063674,BCN_0000257,BCN_0000257,60+,bcn20000,0,True,2,0.06617404,0.36921093,0.38339144,0.10412634,0.0029426212,0.003678489,0.07047607,0.43832758,,0.43832758,look,0,,42,look_f0_s42_in22k_v5fix,last
ISIC_0063681,BCN_0000595,BCN_0000595,40-59,bcn20000,5,False,5,0.008944289,0.008670698,0.0067046154,0.058979683,0.0013851196,0.87787974,0.037435863,0.019000106,,0.019000106,look,0,,42,look_f0_s42_in22k_v5fix,last
ISIC_0063693,BCN_0001694,BCN_0001694,60+,bcn20000,4,True,4,0.009926838,0.008159849,0.012351321,0.062102795,0.86565465,0.0034415764,0.038363017,0.8837413,,0.8837413,look,0,,42,look_f0_s42_in22k_v5fix,last
ISIC_0063701,BCN_0002688,BCN_0002688,40-59,bcn20000,6,False,6,0.0009740931,0.0010937803,0.00053735235,0.008001152,0.0014624397,0.0005550504,0.9873762,0.0035303128,,0.0035303128,look,0,,42,look_f0_s42_in22k_v5fix,last
ISIC_0063726,BCN_0005519,BCN_0005519,60+,bcn20000,1,True,1,0.009675649,0.8577965,0.007856418,0.06459063,0.0057531483,0.0036654936,0.05066211,0.8732253,,0.8732253,look,0,,42,look_f0_s42_in22k_v5fix,last
ISIC_0063758,BCN_0005038,BCN_0005038,60+,bcn20000,2,False,2,0.009454792,0.003501152,0.90075934,0.04809562,0.003140866,0.0027118558,0.032336365,0.01609681,,0.01609681,look,0,,42,look_f0_s42_in22k_v5fix,last
ISIC_0063793,BCN_0004066,BCN_0004066,60+,bcn20000,4,True,1,0.042893868,0.8317232,0.0072123595,0.05894328,0.00708996,0.0059883636,0.04614889,0.8817071,,0.8817071,look,0,,42,look_f0_s42_in22k_v5fix,last
ISIC_0063811,BCN_0000444,BCN_0000444,40-59,bcn20000,4,True,4,0.008639083,0.009019381,0.0062542995,0.07646847,0.84728646,0.0032643331,0.0490679,0.86494493,,0.86494493,look,0,,42,look_f0_s42_in22k_v5fix,last
ISIC_0063819,BCN_0005666,BCN_0005666,60+,bcn20000,4,True,4,0.008168056,0.0026553867,0.02073551,0.06375781,0.84201235,0.017596077,0.045074776,0.8528358,,0.8528358,look,0,,42,look_f0_s42_in22k_v5fix,last
ISIC_0063835,BCN_0000841,BCN_0000841,40-59,bcn20000,5,False,5,0.011055575,0.0070952484,0.00730228,0.06863295,0.004978633,0.85500765,0.045927707,0.023129456,,0.023129456,look,0,,42,look_f0_s42_in22k_v5fix,last
ISIC_0063836,BCN_0003760,BCN_0003760,<40,bcn20000,4,True,2,0.037452236,0.005557682,0.8499216,0.046009224,0.017456362,0.002638995,0.040963873,0.060466282,,0.060466282,look,0,,42,look_f0_s42_in22k_v5fix,last
ISIC_0063838,BCN_0002684,BCN_0002684,40-59,bcn20000,5,False,5,0.012696711,0.0070494954,0.0059465566,0.06250238,0.0030635821,0.8599718,0.048769586,0.022809789,,0.022809789,look,0,,42,look_f0_s42_in22k_v5fix,last
ISIC_0063865,BCN_0004027,BCN_0004027,40-59,bcn20000,1,True,1,0.012468114,0.88847125,0.0031781062,0.054464556,0.003200356,0.0040176325,0.03419994,0.9041397,,0.9041397,look,0,,42,look_f0_s42_in22k_v5fix,last
ISIC_0063868,BCN_0003360,BCN_0003360,60+,bcn20000,2,False,5,0.0090797115,0.00839064,0.03579943,0.061658345,0.0027959102,0.84018904,0.042086817,0.020266263,,0.020266263,look,0,,42,look_f0_s42_in22k_v5fix,last
ISIC_0063876,BCN_0004456,BCN_0004456,40-59,bcn20000,5,False,5,0.009328573,0.005551151,0.008800741,0.068094164,0.0074305916,0.8518635,0.048931304,0.022310317,,0.022310317,look,0,,42,look_f0_s42_in22k_v5fix,last
ISIC_0063885,BCN_0001458,BCN_0001458,60+,bcn20000,4,True,0,0.9339168,0.006984105,0.0016139743,0.029243639,0.0058501684,0.0027799746,0.019611377,0.9467511,,0.9467511,look,0,,42,look_f0_s42_in22k_v5fix,last
ISIC_0063888,BCN_0004174,BCN_0004174,60+,bcn20000,2,False,0,0.8419827,0.0017737534,0.070383936,0.04157483,0.0110285375,0.0030424932,0.030213786,0.854785,,0.854785,look,0,,42,look_f0_s42_in22k_v5fix,last
ISIC_0063919,BCN_0004190,BCN_0004190,<40,bcn20000,5,False,5,0.012254101,0.06324624,0.014067763,0.118811145,0.018000873,0.70647264,0.06714716,0.09350122,,0.09350122,look,0,,42,look_f0_s42_in22k_v5fix,last
ISIC_0063951,BCN_0004792,BCN_0004792,40-59,bcn20000,5,False,4,0.0093745105,0.006285981,0.00794078,0.059519656,0.8673827,0.005410799,0.044085614,0.88304317,,0.88304317,look,0,,42,look_f0_s42_in22k_v5fix,last
ISIC_0063969,BCN_0001223,BCN_0001223,40-59,bcn20000,2,False,2,0.008611418,0.0051869396,0.89079446,0.05418724,0.004489817,0.0051454874,0.031584747,0.018288175,,0.018288175,look,0,,42,look_f0_s42_in22k_v5fix,last
ISIC_0063998,BCN_0005666,BCN_0005666,60+,bcn20000,4,True,4,0.0082919635,0.0039471406,0.0048107533,0.059171073,0.85512024,0.01300594,0.0556529,0.86735934,,0.86735934,look,0,,42,look_f0_s42_in22k_v5fix,last
ISIC_0063999,BCN_0003487,BCN_0003487,40-59,bcn20000,1,True,1,0.019659922,0.86412257,0.0069612684,0.061130043,0.004404663,0.0028941939,0.04082727,0.88818717,,0.88818717,look,0,,42,look_f0_s42_in22k_v5fix,last
ISIC_0064020,BCN_0001941,BCN_0001941,60+,bcn20000,5,False,5,0.010753335,0.028932426,0.003845242,0.08154616,0.05731952,0.7733248,0.044278488,0.09700528,,0.09700528,look,0,,42,look_f0_s42_in22k_v5fix,last
ISIC_0064022,BCN_0001775,BCN_0001775,60+,bcn20000,0,True,2,0.2363249,0.017492943,0.5884654,0.103619665,0.0050719837,0.014470197,0.034554858,0.25888985,,0.25888985,look,0,,42,look_f0_s42_in22k_v5fix,last
ISIC_0064048,BCN_0002684,BCN_0002684,40-59,bcn20000,5,False,5,0.009911565,0.0060150977,0.004631874,0.0638387,0.0054787965,0.8641621,0.04596191,0.021405458,,0.021405458,look,0,,42,look_f0_s42_in22k_v5fix,last
ISIC_0064101,BCN_0003096,BCN_0003096,60+,bcn20000,1,True,1,0.0946932,0.7507631,0.009877054,0.07320578,0.0035322849,0.0031818303,0.06474683,0.8489886,,0.8489886,look,0,,42,look_f0_s42_in22k_v5fix,last
ISIC_0064102,BCN_0004654,BCN_0004654,40-59,bcn20000,4,True,5,0.011830106,0.006107149,0.0060975617,0.08513782,0.052222073,0.77399683,0.064608395,0.07015933,,0.07015933,look,0,,42,look_f0_s42_in22k_v5fix,last
ISIC_0064120,BCN_0000627,BCN_0000627,60+,bcn20000,4,True,4,0.0075450405,0.0073103486,0.00739021,0.05356778,0.8771448,0.00570117,0.041340556,0.8920002,,0.8920002,look,0,,42,look_f0_s42_in22k_v5fix,last
ISIC_0064162,BCN_0003889,BCN_0003889,60+,bcn20000,1,True,1,0.0077256258,0.90582883,0.004184222,0.046225987,0.0033534737,0.0039858236,0.028696004,0.9169079,,0.9169079,look,0,,42,look_f0_s42_in22k_v5fix,last
ISIC_0064167,BCN_0001085,BCN_0001085,60+,bcn20000,4,True,4,0.0058747544,0.0039944476,0.004283011,0.05020434,0.9001233,0.0038855572,0.0316346,0.9099925,,0.9099925,look,0,,42,look_f0_s42_in22k_v5fix,last
ISIC_0064193,BCN_0002171,BCN_0002171,40-59,bcn20000,5,False,5,0.011324143,0.0075569334,0.0071093165,0.07210344,0.005132632,0.8465839,0.050189525,0.02401371,,0.02401371,look,0,,42,look_f0_s42_in22k_v5fix,last
ISIC_0064240,BCN_0002577,BCN_0002577,40-59,bcn20000,4,True,4,0.0050148317,0.0042224266,0.0039244373,0.044285543,0.9070193,0.0024041159,0.03312929,0.91625655,,0.91625655,look,0,,42,look_f0_s42_in22k_v5fix,last
ISIC_0064259,BCN_0004021,BCN_0004021,<40,bcn20000,5,False,5,0.019377686,0.017853811,0.006507472,0.0696892,0.00428887,0.83839893,0.043884095,0.04152037,,0.04152037,look,0,,42,look_f0_s42_in22k_v5fix,last
ISIC_0064263,BCN_0003568,BCN_0003568,<40,bcn20000,5,False,5,0.0046908893,0.0039547062,0.04606351,0.062721156,0.010630653,0.8360792,0.035859868,0.01927625,,0.01927625,look,0,,42,look_f0_s42_in22k_v5fix,last
ISIC_0064264,BCN_0002794,BCN_0002794,60+,bcn20000,2,False,1,0.10670468,0.73011017,0.0065361257,0.100751296,0.00996923,0.0015254869,0.04440303,0.8467841,,0.8467841,look,0,,42,look_f0_s42_in22k_v5fix,last
ISIC_0064275,BCN_0001370,BCN_0001370,40-59,bcn20000,5,False,5,0.012388475,0.0068838284,0.007576571,0.07799296,0.0031897963,0.8483372,0.04363126,0.0224621,,0.0224621,look,0,,42,look_f0_s42_in22k_v5fix,last
ISIC_0064284,BCN_0005516,BCN_0005516,40-59,bcn20000,5,False,5,0.024207985,0.008982144,0.016784739,0.12384962,0.3131572,0.41164827,0.101370074,0.34634733,,0.34634733,look,0,,42,look_f0_s42_in22k_v5fix,last
ISIC_0064304,BCN_0002740,BCN_0002740,<40,bcn20000,5,False,5,0.007084789,0.0041560014,0.0042932113,0.06310114,0.0061345114,0.87064236,0.04458793,0.017375302,,0.017375302,look,0,,42,look_f0_s42_in22k_v5fix,last
ISIC_0064307,BCN_0002548,BCN_0002548,60+,bcn20000,4,True,5,0.011748001,0.007997307,0.007023784,0.07291015,0.028837755,0.8181073,0.053375732,0.048583064,,0.048583064,look,0,,42,look_f0_s42_in22k_v5fix,last
ISIC_0064316,BCN_0005308,BCN_0005308,40-59,bcn20000,5,False,5,0.030994242,0.008194606,0.16100809,0.19917703,0.011021319,0.4956416,0.09396312,0.050210167,,0.050210167,look,0,,42,look_f0_s42_in22k_v5fix,last
ISIC_0064337,BCN_0004654,BCN_0004654,40-59,bcn20000,4,True,4,0.007905465,0.005307407,0.0040528215,0.05565641,0.8574041,0.024388399,0.04528535,0.870617,,0.870617,look,0,,42,look_f0_s42_in22k_v5fix,last
ISIC_0064342,BCN_0004631,BCN_0004631,40-59,bcn20000,4,True,5,0.0096804565,0.005935896,0.0038757178,0.06867012,0.012117678,0.85368645,0.046033695,0.02773403,,0.02773403,look,0,,42,look_f0_s42_in22k_v5fix,last
ISIC_0064344,BCN_0004254,BCN_0004254,40-59,bcn20000,4,True,5,0.008253812,0.0056026657,0.0046149674,0.059537675,0.006684372,0.86905146,0.046254966,0.02054085,,0.02054085,look,0,,42,look_f0_s42_in22k_v5fix,last
ISIC_0064347,BCN_0003101,BCN_0003101,60+,bcn20000,0,True,1,0.023087835,0.4303587,0.31523034,0.13292606,0.013637765,0.001561636,0.08319764,0.4670843,,0.4670843,look,0,,42,look_f0_s42_in22k_v5fix,last
ISIC_0064351,BCN_0002664,BCN_0002664,60+,bcn20000,1,True,1,0.008278765,0.88756543,0.00478224,0.05215734,0.005656087,0.0032212602,0.038338967,0.9015003,,0.9015003,look,0,,42,look_f0_s42_in22k_v5fix,last
ISIC_0064416,BCN_0003760,BCN_0003760,<40,bcn20000,4,True,1,0.008903961,0.8569204,0.020315867,0.051534258,0.017387947,0.002366113,0.04257151,0.8832123,,0.8832123,look,0,,42,look_f0_s42_in22k_v5fix,last
ISIC_0064452,BCN_0001313,BCN_0001313,60+,bcn20000,1,True,4,0.005657814,0.020212116,0.00442525,0.06685842,0.83971405,0.005780127,0.05735218,0.86558396,,0.86558396,look,0,,42,look_f0_s42_in22k_v5fix,last
ISIC_0064474,BCN_0002324,BCN_0002324,60+,bcn20000,2,False,4,0.06815593,0.012683815,0.24578752,0.15699546,0.31810543,0.036000382,0.16227145,0.39894518,,0.39894518,look,0,,42,look_f0_s42_in22k_v5fix,last
ISIC_0064517,BCN_0003084,BCN_0003084,40-59,bcn20000,4,True,4,0.0048916275,0.0047341967,0.003626129,0.068943955,0.8228406,0.045389026,0.049574513,0.8324664,,0.8324664,look,0,,42,look_f0_s42_in22k_v5fix,last
ISIC_0064548,BCN_0003316,BCN_0003316,60+,bcn20000,5,False,5,0.017211985,0.016763844,0.017131438,0.13022709,0.13773476,0.6091474,0.07178341,0.17171058,,0.17171058,look,0,,42,look_f0_s42_in22k_v5fix,last
ISIC_0064613,BCN_0000185,BCN_0000185,40-59,bcn20000,5,False,5,0.00953236,0.0057910164,0.005454591,0.06566042,0.004105884,0.8621179,0.047337856,0.01942926,,0.01942926,look,0,,42,look_f0_s42_in22k_v5fix,last
ISIC_0064660,BCN_0000618,BCN_0000618,60+,bcn20000,4,True,2,0.17025192,0.0028792643,0.7183469,0.058674008,0.010715746,0.0028880578,0.036244087,0.18384694,,0.18384694,look,0,,42,look_f0_s42_in22k_v5fix,last
ISIC_0064671,BCN_0004420,BCN_0004420,40-59,bcn20000,5,False,5,0.00963202,0.005999807,0.005196407,0.063042216,0.004460953,0.86596596,0.045702633,0.02009278,,0.02009278,look,0,,42,look_f0_s42_in22k_v5fix,last
ISIC_0064672,BCN_0003084,BCN_0003084,40-59,bcn20000,4,True,5,0.00372941,0.004560009,0.10033597,0.070184916,0.06824911,0.70852536,0.04441531,0.076538526,,0.076538526,look,0,,42,look_f0_s42_in22k_v5fix,last
ISIC_0064673,BCN_0003760,BCN_0003760,<40,bcn20000,4,True,2,0.062573455,0.0034466719,0.79601943,0.069260545,0.019121135,0.0070589315,0.042519893,0.08514126,,0.08514126,look,0,,42,look_f0_s42_in22k_v5fix,last
ISIC_0064678,BCN_0004174,BCN_0004174,60+,bcn20000,2,False,4,0.025267642,0.010355613,0.06592743,0.10155275,0.7057916,0.0019156059,0.089189366,0.74141484,,0.74141484,look,0,,42,look_f0_s42_in22k_v5fix,last
ISIC_0064694,BCN_0001470,BCN_0001470,unknown,bcn20000,4,True,4,0.0118735405,0.011463791,0.02313473,0.08531913,0.77715427,0.025753798,0.065300725,0.8004916,,0.8004916,look,0,,42,look_f0_s42_in22k_v5fix,last
ISIC_0064695,BCN_0000693,BCN_0000693,60+,bcn20000,2,False,5,0.021460464,0.033536848,0.019586915,0.111532934,0.0039128615,0.72819453,0.081775375,0.058910172,,0.058910172,look,0,,42,look_f0_s42_in22k_v5fix,last
ISIC_0064699,BCN_0004870,BCN_0004870,60+,bcn20000,1,True,1,0.01026816,0.81973237,0.006790167,0.061712384,0.0069478247,0.0025879657,0.09196118,0.83694834,,0.83694834,look,0,,42,look_f0_s42_in22k_v5fix,last
ISIC_0064707,BCN_0005406,BCN_0005406,<40,bcn20000,5,False,5,0.006792566,0.043520186,0.0030905788,0.13081428,0.046765257,0.70327437,0.06574274,0.09707801,,0.09707801,look,0,,42,look_f0_s42_in22k_v5fix,last
ISIC_0064710,BCN_0002841,BCN_0002841,40-59,bcn20000,5,False,5,0.014027853,0.01842899,0.0073788967,0.09169855,0.0019949828,0.81146467,0.055006057,0.034451827,,0.034451827,look,0,,42,look_f0_s42_in22k_v5fix,last
ISIC_0064725,BCN_0005519,BCN_0005519,60+,bcn20000,1,True,1,0.01152745,0.8885045,0.0043783193,0.052838605,0.0019164216,0.0039755916,0.036859185,0.9019484,,0.9019484,look,0,,42,look_f0_s42_in22k_v5fix,last
ISIC_0064741,BCN_0000693,BCN_0000693,60+,bcn20000,2,False,5,0.063606925,0.08498551,0.13322274,0.11988037,0.0075764796,0.47887453,0.11185343,0.15616892,,0.15616892,look,0,,42,look_f0_s42_in22k_v5fix,last
ISIC_0064782,BCN_0005308,BCN_0005308,40-59,bcn20000,5,False,5,0.007979592,0.006088034,0.00438582,0.10197002,0.100261234,0.7051973,0.07411797,0.11432886,,0.11432886,look,0,,42,look_f0_s42_in22k_v5fix,last
ISIC_0064808,BCN_0002125,BCN_0002125,60+,bcn20000,5,False,5,0.011975766,0.00747891,0.008107167,0.06911626,0.006231864,0.8483615,0.048728466,0.02568654,,0.02568654,look,0,,42,look_f0_s42_in22k_v5fix,last
ISIC_0064820,BCN_0005363,BCN_0005363,<40,bcn20000,5,False,5,0.009549,0.006322465,0.00562181,0.06490005,0.0045772386,0.8612373,0.047792155,0.020448703,,0.020448703,look,0,,42,look_f0_s42_in22k_v5fix,last
ISIC_0064883,BCN_0003706,BCN_0003706,40-59,bcn20000,2,False,2,0.008236418,0.0053838827,0.88659215,0.05023531,0.0056651114,0.004646915,0.03924012,0.01928541,,0.01928541,look,0,,42,look_f0_s42_in22k_v5fix,last
ISIC_0064899,BCN_0004145,BCN_0004145,60+,bcn20000,1,True,1,0.008157867,0.87104017,0.005462312,0.055564508,0.006614174,0.009838616,0.043322336,0.88581216,,0.88581216,look,0,,42,look_f0_s42_in22k_v5fix,last
ISIC_0064927,BCN_0002079,BCN_0002079,40-59,bcn20000,4,True,4,0.011174592,0.0072946027,0.008573387,0.061794706,0.8621623,0.003665465,0.045335006,0.8806315,,0.8806315,look,0,,42,look_f0_s42_in22k_v5fix,last
ISIC_0064934,BCN_0001694,BCN_0001694,60+,bcn20000,4,True,4,0.0067712544,0.007219083,0.0060042418,0.09400725,0.7838764,0.0468639,0.055257887,0.79786676,,0.79786676,look,0,,42,look_f0_s42_in22k_v5fix,last
ISIC_0064937,BCN_0004420,BCN_0004420,40-59,bcn20000,5,False,5,0.011378876,0.0053902976,0.0120366635,0.07038025,0.0067840246,0.84293157,0.051098205,0.0235532,,0.0235532,look,0,,42,look_f0_s42_in22k_v5fix,last
ISIC_0064951,BCN_0000927,BCN_0000927,60+,bcn20000,0,True,2,0.00913945,0.006243161,0.8601561,0.071976215,0.012004843,0.0017916261,0.038688667,0.027387455,,0.027387455,look,0,,42,look_f0_s42_in22k_v5fix,last
ISIC_0064986,BCN_0001729,BCN_0001729,60+,bcn20000,4,True,4,0.01131635,0.0028628916,0.0024420759,0.045761056,0.8996268,0.003167784,0.03482303,0.913806,,0.913806,look,0,,42,look_f0_s42_in22k_v5fix,last
ISIC_0064988,BCN_0001602,BCN_0001602,40-59,bcn20000,5,False,5,0.009261435,0.0058157,0.006613668,0.06472227,0.0065966602,0.8592385,0.04775175,0.021673795,,0.021673795,look,0,,42,look_f0_s42_in22k_v5fix,last
ISIC_0064993,BCN_0002214,BCN_0002214,60+,bcn20000,4,True,5,0.005949204,0.0053799227,0.004755378,0.046153653,0.0046574227,0.90155154,0.031552855,0.015986549,,0.015986549,look,0,,42,look_f0_s42_in22k_v5fix,last
ISIC_0064994,BCN_0000789,BCN_0000789,<40,bcn20000,5,False,5,0.008192442,0.004986273,0.0070921215,0.06211318,0.0056080488,0.86945647,0.042551436,0.018786764,,0.018786764,look,0,,42,look_f0_s42_in22k_v5fix,last
ISIC_0065006,BCN_0002614,BCN_0002614,40-59,bcn20000,4,True,4,0.032996915,0.0021389378,0.0023156223,0.06434993,0.854498,0.0039429846,0.03975755,0.8896339,,0.8896339,look,0,,42,look_f0_s42_in22k_v5fix,last
ISIC_0065057,BCN_0000618,BCN_0000618,60+,bcn20000,4,True,4,0.0050498242,0.017866032,0.014098019,0.08335187,0.83008265,0.005579465,0.043972142,0.8529985,,0.8529985,look,0,,42,look_f0_s42_in22k_v5fix,last
ISIC_0065067,BCN_0003316,BCN_0003316,60+,bcn20000,5,False,4,0.008747405,0.0044706296,0.010949659,0.07052093,0.8525587,0.0063229627,0.04642967,0.8657767,,0.8657767,look,0,,42,look_f0_s42_in22k_v5fix,last
ISIC_0065072,BCN_0000764,BCN_0000764,40-59,bcn20000,5,False,5,0.015104837,0.0077017476,0.0075040464,0.07697966,0.0053255926,0.8372974,0.050086793,0.028132178,,0.028132178,look,0,,42,look_f0_s42_in22k_v5fix,last
ISIC_0065077,BCN_0003598,BCN_0003598,40-59,bcn20000,1,True,1,0.0076158238,0.8281292,0.012527342,0.050971504,0.0053254627,0.0054454366,0.08998531,0.8410704,,0.8410704,look,0,,42,look_f0_s42_in22k_v5fix,last
ISIC_0065087,BCN_0000693,BCN_0000693,60+,bcn20000,2,False,2,0.030141948,0.005082236,0.41791904,0.09221206,0.005116392,0.28422794,0.16530041,0.040340576,,0.040340576,look,0,,42,look_f0_s42_in22k_v5fix,last
ISIC_0065133,BCN_0000319,BCN_0000319,60+,bcn20000,4,True,1,0.0022573443,0.869196,0.005324674,0.040119283,0.0448915,0.002202119,0.036009036,0.9163448,,0.9163448,look,0,,42,look_f0_s42_in22k_v5fix,last
ISIC_0065137,BCN_0001941,BCN_0001941,60+,bcn20000,5,False,5,0.022312498,0.010356571,0.006224775,0.06570098,0.0029348817,0.8510004,0.04147,0.035603948,,0.035603948,look,0,,42,look_f0_s42_in22k_v5fix,last
ISIC_0065174,BCN_0003889,BCN_0003889,60+,bcn20000,1,True,1,0.16592732,0.55391663,0.009454397,0.12743951,0.0021140552,0.065279715,0.075868376,0.72195804,,0.72195804,look,0,,42,look_f0_s42_in22k_v5fix,last
ISIC_0065227,BCN_0005046,BCN_0005046,60+,bcn20000,1,True,1,0.0068913065,0.8706977,0.0065327645,0.06277474,0.0080135055,0.0044406783,0.040649273,0.8856025,,0.8856025,look,0,,42,look_f0_s42_in22k_v5fix,last
ISIC_0065231,BCN_0002064,BCN_0002064,60+,bcn20000,1,True,0,0.43921217,0.34997717,0.005792179,0.1211852,0.0054503656,0.0016723144,0.07671052,0.7946397,,0.7946397,look,0,,42,look_f0_s42_in22k_v5fix,last
ISIC_0065269,BCN_0004190,BCN_0004190,<40,bcn20000,5,False,5,0.013751783,0.095454186,0.04492857,0.124088466,0.022943389,0.6421767,0.056656934,0.13214935,,0.13214935,look,0,,42,look_f0_s42_in22k_v5fix,last
ISIC_0065290,BCN_0003718,BCN_0003718,40-59,bcn20000,5,False,5,0.0094001265,0.0060776863,0.0046589635,0.06914186,0.010497395,0.8546923,0.04553173,0.025975209,,0.025975209,look,0,,42,look_f0_s42_in22k_v5fix,last
ISIC_0065298,BCN_0001091,BCN_0001091,60+,bcn20000,1,True,1,0.01534271,0.8657227,0.0032895089,0.058033776,0.01223619,0.0017049302,0.04367019,0.8933016,,0.8933016,look,0,,42,look_f0_s42_in22k_v5fix,last
ISIC_0065315,BCN_0003907,BCN_0003907,60+,bcn20000,4,True,4,0.0058750147,0.020585977,0.0038315314,0.06359718,0.86311847,0.005180207,0.037811596,0.8895795,,0.8895795,look,0,,42,look_f0_s42_in22k_v5fix,last
ISIC_0065324,BCN_0005666,BCN_0005666,60+,bcn20000,4,True,4,0.00783056,0.0061094365,0.0038616052,0.053986028,0.88040304,0.005305296,0.042503953,0.894343,,0.894343,look,0,,42,look_f0_s42_in22k_v5fix,last
ISIC_0065326,BCN_0001143,BCN_0001143,40-59,bcn20000,0,True,5,0.38374427,0.011556454,0.016175026,0.08487253,0.0072909715,0.42213774,0.07422298,0.40259168,,0.40259168,look,0,,42,look_f0_s42_in22k_v5fix,last
ISIC_0065345,BCN_0003709,BCN_0003709,60+,bcn20000,1,True,1,0.01639008,0.8842814,0.0038106332,0.055338275,0.004550924,0.0028991466,0.03272952,0.9052224,,0.9052224,look,0,,42,look_f0_s42_in22k_v5fix,last
ISIC_0065366,BCN_0003715,BCN_0003715,<40,bcn20000,2,False,0,0.5973239,0.19888598,0.0074410615,0.1096608,0.012300664,0.005743282,0.06864432,0.80851054,,0.80851054,look,0,,42,look_f0_s42_in22k_v5fix,last
ISIC_0065387,BCN_0003326,BCN_0003326,60+,bcn20000,2,False,0,0.7561137,0.062793575,0.03254927,0.09339155,0.010162228,0.0021202082,0.042869378,0.8290695,,0.8290695,look,0,,42,look_f0_s42_in22k_v5fix,last
ISIC_0065391,BCN_0001749,BCN_0001749,60+,bcn20000,1,True,1,0.019242989,0.864857,0.005979918,0.057545457,0.004580395,0.0047159824,0.04307828,0.8886804,,0.8886804,look,0,,42,look_f0_s42_in22k_v5fix,last
ISIC_0065394,BCN_0004175,BCN_0004175,40-59,bcn20000,5,False,5,0.0058601573,0.0070502264,0.0047243303,0.06375798,0.01615934,0.85842335,0.0440246,0.029069725,,0.029069725,look,0,,42,look_f0_s42_in22k_v5fix,last
ISIC_0065399,BCN_0002157,BCN_0002157,60+,bcn20000,2,False,5,0.008192215,0.013260357,0.02686776,0.06497881,0.020186529,0.8340598,0.03245458,0.0416391,,0.0416391,look,0,,42,look_f0_s42_in22k_v5fix,last
ISIC_0065403,BCN_0001423,BCN_0001423,40-59,bcn20000,5,False,5,0.008045066,0.0039735464,0.005132712,0.05837423,0.016074242,0.8662151,0.04218507,0.028092854,,0.028092854,look,0,,42,look_f0_s42_in22k_v5fix,last
ISIC_0065431,BCN_0004066,BCN_0004066,60+,bcn20000,4,True,0,0.9345795,0.013590155,0.0008743661,0.026481524,0.0028183837,0.0013994661,0.02025667,0.95098805,,0.95098805,look,0,,42,look_f0_s42_in22k_v5fix,last
ISIC_0065432,BCN_0001038,BCN_0001038,60+,bcn20000,1,True,0,0.7861781,0.024548786,0.0025234483,0.058966167,0.0880011,0.0023356627,0.037446633,0.898728,,0.898728,look,0,,42,look_f0_s42_in22k_v5fix,last
ISIC_0065441,BCN_0001356,BCN_0001356,40-59,bcn20000,5,False,5,0.008885467,0.01049367,0.0040578377,0.07527009,0.0074015055,0.84698844,0.04690303,0.026780643,,0.026780643,look,0,,42,look_f0_s42_in22k_v5fix,last
ISIC_0065469,BCN_0001832,BCN_0001832,40-59,bcn20000,4,True,4,0.008492576,0.008602174,0.015338171,0.0840254,0.8259938,0.010405693,0.047142092,0.8430885,,0.8430885,look,0,,42,look_f0_s42_in22k_v5fix,last
ISIC_0065517,BCN_0000993,BCN_0000993,40-59,bcn20000,5,False,5,0.009588089,0.0055113817,0.0064114397,0.06985317,0.0066543515,0.8545412,0.047440317,0.021753822,,0.021753822,look,0,,42,look_f0_s42_in22k_v5fix,last
ISIC_0065532,BCN_0001814,BCN_0001814,60+,bcn20000,4,True,4,0.008012565,0.0036763486,0.12899004,0.12926985,0.6154019,0.018626818,0.09602244,0.6270908,,0.6270908,look,0,,42,look_f0_s42_in22k_v5fix,last
ISIC_0065547,BCN_0000230,BCN_0000230,60+,bcn20000,0,True,1,0.020592092,0.85315514,0.0032178673,0.06743363,0.005771602,0.0053620995,0.04446751,0.8795188,,0.8795188,look,0,,42,look_f0_s42_in22k_v5fix,last
ISIC_0065563,BCN_0000886,BCN_0000886,60+,bcn20000,5,False,4,0.009118172,0.0062354263,0.0035475264,0.07303267,0.79708135,0.06334447,0.047640327,0.812435,,0.812435,look,0,,42,look_f0_s42_in22k_v5fix,last
ISIC_0065578,BCN_0003277,BCN_0003277,40-59,bcn20000,5,False,4,0.0039077755,0.0030395454,0.0030836847,0.09513022,0.79151523,0.04193493,0.061388697,0.79846257,,0.79846257,look,0,,42,look_f0_s42_in22k_v5fix,last
ISIC_0065590,BCN_0000822,BCN_0000822,60+,bcn20000,4,True,5,0.0075978963,0.0053228447,0.008341614,0.08337097,0.096599184,0.74067956,0.05808793,0.10951993,,0.10951993,look,0,,42,look_f0_s42_in22k_v5fix,last
ISIC_0065593,BCN_0001371,BCN_0001371,40-59,bcn20000,5,False,5,0.012479366,0.0055262963,0.0055607976,0.09801555,0.20727614,0.5941598,0.07698208,0.2252818,,0.2252818,look,0,,42,look_f0_s42_in22k_v5fix,last
ISIC_0065631,BCN_0003715,BCN_0003715,<40,bcn20000,2,False,2,0.008024519,0.0060923356,0.8914657,0.045749824,0.008099037,0.007791498,0.03277707,0.022215892,,0.022215892,look,0,,42,look_f0_s42_in22k_v5fix,last
ISIC_0065632,BCN_0001699,BCN_0001699,40-59,bcn20000,2,False,5,0.018648664,0.010423176,0.03523827,0.1472705,0.24252987,0.4765138,0.06937571,0.2716017,,0.2716017,look,0,,42,look_f0_s42_in22k_v5fix,last
ISIC_0065640,BCN_0001356,BCN_0001356,40-59,bcn20000,5,False,5,0.012101893,0.009568229,0.007222206,0.076867454,0.037995204,0.8027452,0.053499814,0.059665326,,0.059665326,look,0,,42,look_f0_s42_in22k_v5fix,last
ISIC_0065654,BCN_0004420,BCN_0004420,40-59,bcn20000,5,False,5,0.0101987645,0.0051227473,0.006701091,0.06758509,0.005097022,0.85641587,0.04887944,0.020418534,,0.020418534,look,0,,42,look_f0_s42_in22k_v5fix,last
ISIC_0065655,BCN_0005666,BCN_0005666,60+,bcn20000,4,True,4,0.007834514,0.0043874835,0.007548953,0.06705808,0.8504791,0.013412415,0.049279466,0.8627011,,0.8627011,look,0,,42,look_f0_s42_in22k_v5fix,last
ISIC_0065681,BCN_0000652,BCN_0000652,60+,bcn20000,4,True,2,0.004972254,0.0032383583,0.908169,0.047378235,0.002795028,0.0013821145,0.03206497,0.01100564,,0.01100564,look,0,,42,look_f0_s42_in22k_v5fix,last
ISIC_0065701,BCN_0004139,BCN_0004139,40-59,bcn20000,2,False,2,0.06559496,0.005172674,0.7748257,0.06078889,0.0023117752,0.031824645,0.059481293,0.07307941,,0.07307941,look,0,,42,look_f0_s42_in22k_v5fix,last
ISIC_0065722,BCN_0002235,BCN_0002235,60+,bcn20000,5,False,5,0.015285862,0.010703621,0.007970781,0.075765245,0.006749129,0.8237686,0.05975676,0.03273861,,0.03273861,look,0,,42,look_f0_s42_in22k_v5fix,last
ISIC_0065751,BCN_0004274,BCN_0004274,60+,bcn20000,1,True,2,0.07500052,0.017156377,0.7042266,0.1126606,0.009510646,0.0017318975,0.07971336,0.10166754,,0.10166754,look,0,,42,look_f0_s42_in22k_v5fix,last
ISIC_0065771,BCN_0002013,BCN_0002013,60+,bcn20000,1,True,1,0.0338806,0.83301735,0.0074001434,0.0656968,0.003257006,0.0040674172,0.052680656,0.8701549,,0.8701549,look,0,,42,look_f0_s42_in22k_v5fix,last
ISIC_0065807,BCN_0000319,BCN_0000319,60+,bcn20000,4,True,4,0.0065028016,0.008240846,0.009359374,0.04931479,0.88801426,0.0032433795,0.035324425,0.9027579,,0.9027579,look,0,,42,look_f0_s42_in22k_v5fix,last
ISIC_0065820,BCN_0004845,BCN_0004845,40-59,bcn20000,5,False,5,0.008183384,0.0043304907,0.004811321,0.067223795,0.0064721513,0.8616522,0.047326714,0.018986026,,0.018986026,look,0,,42,look_f0_s42_in22k_v5fix,last
ISIC_0065821,BCN_0005133,BCN_0005133,60+,bcn20000,2,False,2,0.018064126,0.30737165,0.411891,0.16111359,0.008621762,0.014873056,0.0780648,0.3340575,,0.3340575,look,0,,42,look_f0_s42_in22k_v5fix,last
ISIC_0065835,BCN_0001500,BCN_0001500,60+,bcn20000,1,True,1,0.009276539,0.89006424,0.0047122035,0.05332989,0.003860675,0.0042395215,0.03451696,0.9032014,,0.9032014,look,0,,42,look_f0_s42_in22k_v5fix,last
ISIC_0065838,BCN_0004153,BCN_0004153,60+,bcn20000,0,True,5,0.046132132,0.02515003,0.15917,0.14186646,0.074501276,0.48223194,0.07094819,0.14578344,,0.14578344,look,0,,42,look_f0_s42_in22k_v5fix,last
ISIC_0065841,BCN_0003277,BCN_0003277,40-59,bcn20000,5,False,4,0.006834665,0.004198599,0.0036793465,0.0735989,0.83166647,0.022863295,0.05715864,0.8426997,,0.8426997,look,0,,42,look_f0_s42_in22k_v5fix,last
ISIC_0065848,BCN_0004432,BCN_0004432,60+,bcn20000,1,True,1,0.008942575,0.89014274,0.0058790133,0.049866214,0.0049226345,0.0030208244,0.03722603,0.904008,,0.904008,look,0,,42,look_f0_s42_in22k_v5fix,last
ISIC_0065849,BCN_0001804,BCN_0001804,60+,bcn20000,1,True,0,0.9043127,0.0069314605,0.0076589757,0.0352638,0.0028320758,0.0032460107,0.03975507,0.9140762,,0.9140762,look,0,,42,look_f0_s42_in22k_v5fix,last
ISIC_0065862,BCN_0002258,BCN_0002258,60+,bcn20000,2,False,4,0.0063322326,0.005368492,0.011058686,0.057298787,0.877693,0.0028996398,0.039349142,0.88939375,,0.88939375,look,0,,42,look_f0_s42_in22k_v5fix,last
ISIC_0065866,BCN_0005626,BCN_0005626,60+,bcn20000,2,False,2,0.019349288,0.007965997,0.5009685,0.109865546,0.2710758,0.008981598,0.08179323,0.29839107,,0.29839107,look,0,,42,look_f0_s42_in22k_v5fix,last
ISIC_0065901,BCN_0000071,BCN_0000071,60+,bcn20000,2,False,2,0.010919903,0.003935987,0.81799984,0.06417833,0.032482106,0.025528042,0.044955704,0.047337998,,0.047337998,look,0,,42,look_f0_s42_in22k_v5fix,last
ISIC_0065942,BCN_0001808,BCN_0001808,40-59,bcn20000,1,True,1,0.011558426,0.8974804,0.0027277886,0.049831312,0.0043132436,0.0031239954,0.030964913,0.9133521,,0.9133521,look,0,,42,look_f0_s42_in22k_v5fix,last
ISIC_0065964,BCN_0002794,BCN_0002794,60+,bcn20000,2,False,2,0.2589681,0.0064657643,0.55052,0.09675935,0.0050498005,0.0043576756,0.077879325,0.27048367,,0.27048367,look,0,,42,look_f0_s42_in22k_v5fix,last
ISIC_0065968,BCN_0001370,BCN_0001370,40-59,bcn20000,5,False,5,0.013369265,0.007103756,0.008309707,0.07934546,0.0027835255,0.84475327,0.04433502,0.023256548,,0.023256548,look,0,,42,look_f0_s42_in22k_v5fix,last
ISIC_0065971,BCN_0000209,BCN_0000209,40-59,bcn20000,1,True,4,0.032639634,0.017846543,0.0067296717,0.17169748,0.57004994,0.065305546,0.13573115,0.6205361,,0.6205361,look,0,,42,look_f0_s42_in22k_v5fix,last
ISIC_0066004,BCN_0001061,BCN_0001061,<40,bcn20000,5,False,5,0.008339393,0.004888995,0.003806907,0.06132156,0.008319438,0.87054914,0.04277467,0.021547828,,0.021547828,look,0,,42,look_f0_s42_in22k_v5fix,last
ISIC_0066010,BCN_0002940,BCN_0002940,40-59,bcn20000,1,True,1,0.006812966,0.90203017,0.0042263186,0.048988536,0.003782713,0.00654641,0.027612843,0.91262585,,0.91262585,look,0,,42,look_f0_s42_in22k_v5fix,last
ISIC_0066029,BCN_0003096,BCN_0003096,60+,bcn20000,1,True,0,0.8661937,0.04055555,0.0035184491,0.047772687,0.0020125073,0.00197004,0.03797709,0.90876174,,0.90876174,look,0,,42,look_f0_s42_in22k_v5fix,last
ISIC_0066046,BCN_0001679,BCN_0001679,60+,bcn20000,2,False,4,0.0064737895,0.008988382,0.008147671,0.057185043,0.8806184,0.0034022573,0.03518442,0.89608055,,0.89608055,look,0,,42,look_f0_s42_in22k_v5fix,last
ISIC_0066070,BCN_0001425,BCN_0001425,40-59,bcn20000,1,True,1,0.00593787,0.88049114,0.007187445,0.059172623,0.004579958,0.005384788,0.037246127,0.891009,,0.891009,look,0,,42,look_f0_s42_in22k_v5fix,last
ISIC_0066097,BCN_0002688,BCN_0002688,40-59,bcn20000,6,False,6,0.0012273991,0.00085628266,0.0005176777,0.007739422,0.0011038388,0.0006192521,0.987936,0.0031875204,,0.0031875204,look,0,,42,look_f0_s42_in22k_v5fix,last
ISIC_0066105,BCN_0001832,BCN_0001832,40-59,bcn20000,4,True,4,0.010452429,0.03410112,0.077551514,0.1512714,0.5850187,0.06537545,0.07622939,0.6295723,,0.6295723,look,0,,42,look_f0_s42_in22k_v5fix,last
ISIC_0066106,BCN_0000188,BCN_0000188,60+,bcn20000,4,True,5,0.0107487235,0.0063967146,0.005113725,0.08696574,0.056631327,0.7759545,0.058189247,0.07377677,,0.07377677,look,0,,42,look_f0_s42_in22k_v5fix,last
ISIC_0066130,BCN_0003451,BCN_0003451,<40,bcn20000,5,False,4,0.009613566,0.005777878,0.004249058,0.06175894,0.8601661,0.016347798,0.042086743,0.87555754,,0.87555754,look,0,,42,look_f0_s42_in22k_v5fix,last
ISIC_0066149,BCN_0001927,BCN_0001927,40-59,bcn20000,5,False,5,0.012431743,0.006779046,0.0053931056,0.07092908,0.009049466,0.84360075,0.0518167,0.028260255,,0.028260255,look,0,,42,look_f0_s42_in22k_v5fix,last
ISIC_0066151,BCN_0005088,BCN_0005088,<40,bcn20000,5,False,5,0.0067654564,0.003139658,0.002751273,0.053116146,0.0022830477,0.88951373,0.042430688,0.012188163,,0.012188163,look,0,,42,look_f0_s42_in22k_v5fix,last
ISIC_0066153,BCN_0000923,BCN_0000923,40-59,bcn20000,5,False,5,0.01250279,0.0076960595,0.0054205796,0.0752765,0.003396033,0.8476335,0.048074618,0.023594882,,0.023594882,look,0,,42,look_f0_s42_in22k_v5fix,last
ISIC_0066166,BCN_0002664,BCN_0002664,60+,bcn20000,1,True,1,0.008383522,0.8782304,0.004815682,0.05520667,0.006189006,0.0036252253,0.04354949,0.8928029,,0.8928029,look,0,,42,look_f0_s42_in22k_v5fix,last
ISIC_0066177,BCN_0001077,BCN_0001077,<40,bcn20000,5,False,5,0.0131333815,0.008346901,0.007003548,0.13894537,0.30506745,0.43447387,0.0930294,0.32654774,,0.32654774,look,0,,42,look_f0_s42_in22k_v5fix,last
ISIC_0066198,BCN_0003874,BCN_0003874,<40,bcn20000,1,True,1,0.009360832,0.89641905,0.005291496,0.04698833,0.0034606387,0.0028729362,0.03560657,0.90924054,,0.90924054,look,0,,42,look_f0_s42_in22k_v5fix,last
ISIC_0066220,BCN_0001154,BCN_0001154,60+,bcn20000,0,True,1,0.029707253,0.852019,0.0042936425,0.0663503,0.0030117796,0.004116454,0.040501546,0.884738,,0.884738,look,0,,42,look_f0_s42_in22k_v5fix,last
ISIC_0066229,BCN_0003478,BCN_0003478,<40,bcn20000,5,False,5,0.019484036,0.010125319,0.005167469,0.07129309,0.0067085526,0.8370191,0.05020242,0.036317907,,0.036317907,look,0,,42,look_f0_s42_in22k_v5fix,last
ISIC_0066232,BCN_0005456,BCN_0005456,40-59,bcn20000,5,False,5,0.009242871,0.005651317,0.0069633904,0.06792434,0.0027893765,0.8649327,0.042495903,0.017683564,,0.017683564,look,0,,42,look_f0_s42_in22k_v5fix,last
ISIC_0066310,BCN_0003598,BCN_0003598,40-59,bcn20000,1,True,5,0.028200144,0.24719627,0.022088775,0.1382542,0.008365919,0.42154738,0.13434726,0.28376234,,0.28376234,look,0,,42,look_f0_s42_in22k_v5fix,last
ISIC_0066318,BCN_0000244,BCN_0000244,60+,bcn20000,1,True,1,0.0063760537,0.8682902,0.013116925,0.05904373,0.0034070248,0.009723248,0.040042806,0.8780732,,0.8780732,look,0,,42,look_f0_s42_in22k_v5fix,last
ISIC_0066325,BCN_0001085,BCN_0001085,60+,bcn20000,4,True,4,0.011299486,0.0066729523,0.009797872,0.050252743,0.8827846,0.0024752049,0.036717083,0.9007571,,0.9007571,look,0,,42,look_f0_s42_in22k_v5fix,last
ISIC_0066340,BCN_0003889,BCN_0003889,60+,bcn20000,1,True,0,0.76706576,0.0562355,0.016787702,0.086208604,0.0081567485,0.010940004,0.054605678,0.83145803,,0.83145803,look,0,,42,look_f0_s42_in22k_v5fix,last
ISIC_0066342,BCN_0000887,BCN_0000887,<40,bcn20000,5,False,5,0.0069240932,0.0031615484,0.0059399237,0.04906982,0.01151951,0.88067377,0.042711325,0.021605153,,0.021605153,look,0,,42,look_f0_s42_in22k_v5fix,last
ISIC_0066344,BCN_0002172,BCN_0002172,60+,bcn20000,1,True,1,0.0057679205,0.90526867,0.005798749,0.046596028,0.004838069,0.0038591693,0.027871322,0.91587466,,0.91587466,look,0,,42,look_f0_s42_in22k_v5fix,last
ISIC_0066363,BCN_0004282,BCN_0004282,40-59,bcn20000,1,True,1,0.008653553,0.83807033,0.007418882,0.1057284,0.0015627579,0.0012764338,0.03728965,0.8482867,,0.8482867,look,0,,42,look_f0_s42_in22k_v5fix,last
ISIC_0066378,BCN_0001085,BCN_0001085,60+,bcn20000,4,True,4,0.005538711,0.004399015,0.006842543,0.047466177,0.9047404,0.0036679062,0.027345262,0.9146781,,0.9146781,look,0,,42,look_f0_s42_in22k_v5fix,last
ISIC_0066382,BCN_0001163,BCN_0001163,60+,bcn20000,4,True,4,0.0068782144,0.0066205366,0.005357873,0.050505273,0.8892095,0.004928054,0.03650042,0.90270823,,0.90270823,look,0,,42,look_f0_s42_in22k_v5fix,last
ISIC_0066390,BCN_0002577,BCN_0002577,40-59,bcn20000,4,True,4,0.0075537725,0.0044368347,0.005964671,0.04863928,0.8908659,0.003581445,0.038958095,0.9028565,,0.9028565,look,0,,42,look_f0_s42_in22k_v5fix,last
ISIC_0066404,BCN_0002577,BCN_0002577,40-59,bcn20000,4,True,4,0.0067705093,0.0033211883,0.0053548566,0.059405204,0.8749783,0.005848052,0.044321936,0.88507,,0.88507,look,0,,42,look_f0_s42_in22k_v5fix,last
ISIC_0066453,BCN_0001151,BCN_0001151,60+,bcn20000,1,True,0,0.5514375,0.01658361,0.26303506,0.09855502,0.0051975953,0.0037572042,0.06143399,0.5732187,,0.5732187,look,0,,42,look_f0_s42_in22k_v5fix,last
ISIC_0066456,BCN_0003740,BCN_0003740,<40,bcn20000,5,False,5,0.0114143295,0.004040902,0.004094241,0.07917762,0.0028018418,0.8556842,0.042786833,0.018257072,,0.018257072,look,0,,42,look_f0_s42_in22k_v5fix,last
ISIC_0066507,BCN_0003619,BCN_0003619,60+,bcn20000,0,True,4,0.009839321,0.032523643,0.0053738104,0.06533984,0.8450346,0.0015342622,0.040354628,0.8873976,,0.8873976,look,0,,42,look_f0_s42_in22k_v5fix,last
ISIC_0066525,BCN_0000209,BCN_0000209,40-59,bcn20000,1,True,4,0.0046847165,0.004346914,0.0046630553,0.05179347,0.8925143,0.0043765306,0.03762106,0.90154594,,0.90154594,look,0,,42,look_f0_s42_in22k_v5fix,last
ISIC_0066527,BCN_0000512,BCN_0000512,<40,bcn20000,5,False,5,0.013728496,0.008828384,0.005381496,0.06487545,0.002933857,0.8620381,0.042214286,0.025490735,,0.025490735,look,0,,42,look_f0_s42_in22k_v5fix,last
ISIC_0066530,BCN_0000253,BCN_0000253,<40,bcn20000,5,False,5,0.011030389,0.0066598877,0.0052843005,0.08541942,0.017130036,0.81715316,0.05732279,0.03482031,,0.03482031,look,0,,42,look_f0_s42_in22k_v5fix,last
ISIC_0066539,BCN_0001371,BCN_0001371,40-59,bcn20000,5,False,5,0.015525723,0.0072451546,0.0076091806,0.083355315,0.049187813,0.77205807,0.06501874,0.07195869,,0.07195869,look,0,,42,look_f0_s42_in22k_v5fix,last
ISIC_0066557,BCN_0001634,BCN_0001634,40-59,bcn20000,5,False,5,0.0097489385,0.0058251196,0.0046435283,0.066013835,0.00724998,0.8607553,0.045763277,0.022824038,,0.022824038,look,0,,42,look_f0_s42_in22k_v5fix,last
ISIC_0066563,BCN_0001596,BCN_0001596,60+,bcn20000,0,True,0,0.62208265,0.2261709,0.0048933155,0.09496054,0.002761066,0.0056712534,0.04346031,0.8510146,,0.8510146,look,0,,42,look_f0_s42_in22k_v5fix,last
ISIC_0066600,BCN_0003760,BCN_0003760,<40,bcn20000,4,True,4,0.21857972,0.0023136947,0.27378097,0.102646075,0.29552516,0.0031113403,0.10404305,0.5164186,,0.5164186,look,0,,42,look_f0_s42_in22k_v5fix,last
ISIC_0066607,BCN_0004021,BCN_0004021,<40,bcn20000,5,False,5,0.00876323,0.034409475,0.031144353,0.09106176,0.0042661433,0.7573688,0.07298626,0.04743885,,0.04743885,look,0,,42,look_f0_s42_in22k_v5fix,last
ISIC_0066620,BCN_0000585,BCN_0000585,40-59,bcn20000,1,True,1,0.008030076,0.8895353,0.006103227,0.049922496,0.004069165,0.0043782187,0.03796155,0.9016345,,0.9016345,look,0,,42,look_f0_s42_in22k_v5fix,last
ISIC_0066647,BCN_0000886,BCN_0000886,60+,bcn20000,5,False,5,0.011470216,0.006292365,0.0037545206,0.09255567,0.04135556,0.78321785,0.061353765,0.059118144,,0.059118144,look,0,,42,look_f0_s42_in22k_v5fix,last
ISIC_0066651,BCN_0002743,BCN_0002743,40-59,bcn20000,5,False,5,0.009762305,0.006772074,0.0064802063,0.06581478,0.004792187,0.860044,0.04633441,0.021326566,,0.021326566,look,0,,42,look_f0_s42_in22k_v5fix,last
ISIC_0066685,BCN_0001085,BCN_0001085,60+,bcn20000,4,True,4,0.006815836,0.0061459905,0.0068065184,0.04754943,0.8987677,0.00243353,0.03148106,0.9117295,,0.9117295,look,0,,42,look_f0_s42_in22k_v5fix,last
ISIC_0066697,BCN_0000244,BCN_0000244,60+,bcn20000,1,True,1,0.0050812475,0.895053,0.0064372374,0.0481055,0.004712751,0.008871936,0.031738345,0.904847,,0.904847,look,0,,42,look_f0_s42_in22k_v5fix,last
ISIC_0066719,BCN_0002743,BCN_0002743,40-59,bcn20000,5,False,5,0.010783108,0.0064711208,0.00693514,0.06741363,0.0048133563,0.8553945,0.04818923,0.022067586,,0.022067586,look,0,,42,look_f0_s42_in22k_v5fix,last
ISIC_0066731,BCN_0003402,BCN_0003402,40-59,bcn20000,2,False,2,0.17396654,0.010045914,0.6551281,0.076900184,0.018117212,0.010980227,0.054861736,0.20212966,,0.20212966,look,0,,42,look_f0_s42_in22k_v5fix,last
ISIC_0066746,BCN_0000497,BCN_0000497,60+,bcn20000,5,False,5,0.0107969055,0.0059273727,0.010333327,0.067780554,0.014166396,0.84387,0.047125477,0.030890673,,0.030890673,look,0,,42,look_f0_s42_in22k_v5fix,last
ISIC_0066756,BCN_0002843,BCN_0002843,60+,bcn20000,4,True,1,0.0047200085,0.86785895,0.01621658,0.05970453,0.0042099818,0.0067281183,0.04056183,0.876789,,0.876789,look,0,,42,look_f0_s42_in22k_v5fix,last
ISIC_0066796,BCN_0005251,BCN_0005251,40-59,bcn20000,5,False,5,0.012128512,0.0065074395,0.0065831016,0.07123282,0.006443926,0.8476208,0.049483396,0.025079876,,0.025079876,look,0,,42,look_f0_s42_in22k_v5fix,last
ISIC_0066826,BCN_0003096,BCN_0003096,60+,bcn20000,1,True,1,0.007056995,0.87053096,0.0065497183,0.056856878,0.0062343157,0.004774237,0.047996912,0.88382226,,0.88382226,look,0,,42,look_f0_s42_in22k_v5fix,last
ISIC_0066830,BCN_0003096,BCN_0003096,60+,bcn20000,1,True,0,0.90739137,0.004005966,0.0060020536,0.04040681,0.0029671288,0.0038362162,0.035390534,0.91436446,,0.91436446,look,0,,42,look_f0_s42_in22k_v5fix,last
ISIC_0066836,BCN_0002171,BCN_0002171,40-59,bcn20000,5,False,5,0.010187711,0.007380653,0.0062625175,0.06888359,0.0047029955,0.85527235,0.047310222,0.022271361,,0.022271361,look,0,,42,look_f0_s42_in22k_v5fix,last
ISIC_0066850,BCN_0005409,BCN_0005409,40-59,bcn20000,1,True,5,0.04165643,0.0667641,0.029261762,0.078751855,0.0052956217,0.72688675,0.05138351,0.113716155,,0.113716155,look,0,,42,look_f0_s42_in22k_v5fix,last
ISIC_0066854,BCN_0003084,BCN_0003084,40-59,bcn20000,4,True,5,0.0107637765,0.0064096563,0.005992809,0.059024513,0.013069702,0.8588315,0.045907944,0.030243134,,0.030243134,look,0,,42,look_f0_s42_in22k_v5fix,last
ISIC_0066860,BCN_0002548,BCN_0002548,60+,bcn20000,4,True,5,0.008657565,0.007934033,0.010472475,0.06857604,0.0676547,0.79041827,0.046286877,0.08424629,,0.08424629,look,0,,42,look_f0_s42_in22k_v5fix,last
ISIC_0066861,BCN_0001834,BCN_0001834,60+,bcn20000,0,True,1,0.09224572,0.7497653,0.0042348104,0.08916554,0.00404174,0.005288818,0.055258024,0.8460527,,0.8460527,look,0,,42,look_f0_s42_in22k_v5fix,last
ISIC_0066873,BCN_0003597,BCN_0003597,<40,bcn20000,5,False,5,0.010179112,0.0059417165,0.0037884726,0.068944275,0.008594279,0.8547794,0.0477727,0.024715107,,0.024715107,look,0,,42,look_f0_s42_in22k_v5fix,last
ISIC_0066881,BCN_0000209,BCN_0000209,40-59,bcn20000,1,True,4,0.12300042,0.20610368,0.00081604125,0.13899955,0.4285397,0.02670581,0.0758348,0.7576438,,0.7576438,look,0,,42,look_f0_s42_in22k_v5fix,last
ISIC_0066892,BCN_0004633,BCN_0004633,60+,bcn20000,0,True,0,0.936853,0.0033306037,0.0013904705,0.030719938,0.006240649,0.0012003238,0.020265032,0.94642425,,0.94642425,look,0,,42,look_f0_s42_in22k_v5fix,last
ISIC_0066895,BCN_0002140,BCN_0002140,60+,bcn20000,0,True,5,0.053743,0.007926297,0.2901932,0.10483439,0.05973602,0.39072114,0.09284597,0.12140532,,0.12140532,look,0,,42,look_f0_s42_in22k_v5fix,last
ISIC_0066920,BCN_0000467,BCN_0000467,40-59,bcn20000,2,False,5,0.007507575,0.018738793,0.014657335,0.10781571,0.09487358,0.7025889,0.05381811,0.121119946,,0.121119946,look,0,,42,look_f0_s42_in22k_v5fix,last
ISIC_0066925,BCN_0003715,BCN_0003715,<40,bcn20000,2,False,2,0.009899761,0.0040515573,0.8472637,0.059980776,0.0058619883,0.02681937,0.046122845,0.019813307,,0.019813307,look,0,,42,look_f0_s42_in22k_v5fix,last
ISIC_0066945,BCN_0002854,BCN_0002854,60+,bcn20000,2,False,0,0.66265404,0.20792043,0.0042187585,0.08153796,0.005413149,0.0005553366,0.037700336,0.87598765,,0.87598765,look,0,,42,look_f0_s42_in22k_v5fix,last
ISIC_0066975,BCN_0003089,BCN_0003089,40-59,bcn20000,5,False,5,0.0062622363,0.0038330986,0.0028307643,0.054833464,0.005111188,0.88393086,0.043198377,0.015206523,,0.015206523,look,0,,42,look_f0_s42_in22k_v5fix,last
ISIC_0066982,BCN_0003478,BCN_0003478,<40,bcn20000,5,False,5,0.011762049,0.0072581978,0.007219759,0.06787977,0.0076998565,0.8494382,0.048742276,0.026720103,,0.026720103,look,0,,42,look_f0_s42_in22k_v5fix,last
ISIC_0067007,BCN_0004168,BCN_0004168,60+,bcn20000,5,False,5,0.004438706,0.03252536,0.0035549223,0.17610957,0.0099365,0.7329868,0.040448114,0.046900567,,0.046900567,look,0,,42,look_f0_s42_in22k_v5fix,last
ISIC_0067070,BCN_0002750,BCN_0002750,60+,bcn20000,1,True,1,0.005979567,0.8568872,0.0076082046,0.063027784,0.013138761,0.0053199884,0.04803837,0.87600553,,0.87600553,look,0,,42,look_f0_s42_in22k_v5fix,last
ISIC_0067097,BCN_0001832,BCN_0001832,40-59,bcn20000,4,True,4,0.009348035,0.010886659,0.2960429,0.17800117,0.37838176,0.008491616,0.118847884,0.39861646,,0.39861646,look,0,,42,look_f0_s42_in22k_v5fix,last
ISIC_0067098,BCN_0001908,BCN_0001908,60+,bcn20000,1,True,1,0.006679717,0.88824296,0.0067194453,0.05445521,0.0038725527,0.003537392,0.03649273,0.89879525,,0.89879525,look,0,,42,look_f0_s42_in22k_v5fix,last
ISIC_0067108,BCN_0000923,BCN_0000923,40-59,bcn20000,5,False,5,0.0100132525,0.004531525,0.003709116,0.06328196,0.004514407,0.8707015,0.043248266,0.019059185,,0.019059185,look,0,,42,look_f0_s42_in22k_v5fix,last
ISIC_0067110,BCN_0004379,BCN_0004379,60+,bcn20000,1,True,1,0.026606383,0.38505167,0.021527076,0.13855441,0.0073152795,0.32928973,0.09165537,0.41897333,,0.41897333,look,0,,42,look_f0_s42_in22k_v5fix,last
ISIC_0067114,BCN_0001114,BCN_0001114,<40,bcn20000,5,False,5,0.00974377,0.0053448565,0.005722546,0.064441785,0.007865742,0.85711,0.04977128,0.022954367,,0.022954367,look,0,,42,look_f0_s42_in22k_v5fix,last
ISIC_0067124,BCN_0003740,BCN_0003740,<40,bcn20000,5,False,5,0.014193024,0.0058799083,0.0072074165,0.07968564,0.004023495,0.83900076,0.050009828,0.024096426,,0.024096426,look,0,,42,look_f0_s42_in22k_v5fix,last
ISIC_0067204,BCN_0004832,BCN_0004832,40-59,bcn20000,0,True,0,0.8032798,0.08217973,0.0029027348,0.066561975,0.0041082194,0.0041320683,0.036835413,0.88956773,,0.88956773,look,0,,42,look_f0_s42_in22k_v5fix,last
ISIC_0067226,BCN_0003816,BCN_0003816,40-59,bcn20000,5,False,5,0.011495405,0.009465499,0.0059641157,0.112517744,0.20345004,0.5704075,0.08669973,0.22441095,,0.22441095,look,0,,42,look_f0_s42_in22k_v5fix,last
ISIC_0067254,BCN_0002369,BCN_0002369,40-59,bcn20000,5,False,5,0.01009914,0.0060279183,0.0055575366,0.06504734,0.0063575553,0.8595934,0.04731705,0.022484612,,0.022484612,look,0,,42,look_f0_s42_in22k_v5fix,last
ISIC_0067269,BCN_0004009,BCN_0004009,60+,bcn20000,5,False,5,0.006999271,0.0057077813,0.0029268574,0.046916824,0.006175834,0.8956731,0.035600405,0.018882887,,0.018882887,look,0,,42,look_f0_s42_in22k_v5fix,last
ISIC_0067273,BCN_0002794,BCN_0002794,60+,bcn20000,2,False,4,0.000751834,0.0020476962,0.0071817036,0.02012846,0.95363,0.0016816066,0.01457866,0.9564295,,0.9564295,look,0,,42,look_f0_s42_in22k_v5fix,last
ISIC_0067277,BCN_0005265,BCN_0005265,60+,bcn20000,1,True,6,0.0016182648,0.0010935868,0.0012320059,0.014191132,0.0017580915,0.00051633106,0.97959065,0.0044699432,,0.0044699432,look,0,,42,look_f0_s42_in22k_v5fix,last
ISIC_0067285,BCN_0001948,BCN_0001948,40-59,bcn20000,6,False,1,0.012123585,0.7911525,0.005999497,0.05992942,0.015103906,0.033484947,0.08220612,0.81838,,0.81838,look,0,,42,look_f0_s42_in22k_v5fix,last
ISIC_0067308,BCN_0003363,BCN_0003363,60+,bcn20000,4,True,2,0.012338779,0.0037799836,0.9040666,0.038319815,0.0070848446,0.008039224,0.02637079,0.023203608,,0.023203608,look,0,,42,look_f0_s42_in22k_v5fix,last
ISIC_0067336,BCN_0001305,BCN_0001305,40-59,bcn20000,6,False,6,0.0019794009,0.0022723288,0.0146991,0.034778994,0.003540154,0.000970204,0.9417598,0.007791884,,0.007791884,look,0,,42,look_f0_s42_in22k_v5fix,last
ISIC_0067409,BCN_0001106,BCN_0001106,60+,bcn20000,1,True,2,0.022855597,0.042207103,0.7243578,0.06422246,0.06777006,0.014942381,0.063644595,0.13283277,,0.13283277,look,0,,42,look_f0_s42_in22k_v5fix,last
ISIC_0067426,BCN_0003874,BCN_0003874,<40,bcn20000,1,True,1,0.0062257526,0.9111702,0.0041136527,0.042443458,0.0031589807,0.0024546203,0.030433398,0.92055494,,0.92055494,look,0,,42,look_f0_s42_in22k_v5fix,last
ISIC_0067429,BCN_0001106,BCN_0001106,60+,bcn20000,1,True,4,0.034264997,0.041661303,0.0303336,0.10181116,0.7067352,0.0020215362,0.08317226,0.7826615,,0.7826615,look,0,,42,look_f0_s42_in22k_v5fix,last
ISIC_0067442,BCN_0002686,BCN_0002686,40-59,bcn20000,5,False,2,0.007937679,0.005524191,0.8578119,0.05238772,0.0063674524,0.02792253,0.04204845,0.019829322,,0.019829322,look,0,,42,look_f0_s42_in22k_v5fix,last
ISIC_0067464,BCN_0000511,BCN_0000511,60+,bcn20000,1,True,4,0.011454226,0.32266688,0.0029360824,0.18731058,0.40470326,0.001905743,0.06902324,0.73882437,,0.73882437,look,0,,42,look_f0_s42_in22k_v5fix,last
ISIC_0067468,BCN_0001655,BCN_0001655,60+,bcn20000,0,True,5,0.041250616,0.005260843,0.108380474,0.1226952,0.009701192,0.6403474,0.072364256,0.056212652,,0.056212652,look,0,,42,look_f0_s42_in22k_v5fix,last
ISIC_0067477,BCN_0004139,BCN_0004139,<40,bcn20000,2,False,5,0.011377077,0.0037374736,0.004165582,0.06179676,0.02079181,0.8555326,0.042598847,0.03590636,,0.03590636,look,0,,42,look_f0_s42_in22k_v5fix,last
ISIC_0067495,BCN_0002868,BCN_0002868,60+,bcn20000,4,True,4,0.0066611804,0.009005357,0.024142327,0.09017877,0.8028189,0.0059968005,0.06119673,0.81848544,,0.81848544,look,0,,42,look_f0_s42_in22k_v5fix,last
ISIC_0067514,BCN_0003138,BCN_0003138,<40,bcn20000,5,False,5,0.009560179,0.0056473874,0.0057880995,0.059656605,0.005629637,0.86794555,0.045772575,0.020837203,,0.020837203,look,0,,42,look_f0_s42_in22k_v5fix,last
ISIC_0067515,BCN_0003907,BCN_0003907,60+,bcn20000,4,True,4,0.0065805586,0.0050744284,0.0058972845,0.055807967,0.8892041,0.0032374584,0.034198266,0.90085906,,0.90085906,look,0,,42,look_f0_s42_in22k_v5fix,last
ISIC_0067543,BCN_0004631,BCN_0004631,40-59,bcn20000,4,True,4,0.019497285,0.0055512767,0.05770305,0.11615466,0.73632336,0.0042706216,0.060499765,0.7613719,,0.7613719,look,0,,42,look_f0_s42_in22k_v5fix,last
ISIC_0067546,BCN_0003673,BCN_0003673,60+,bcn20000,2,False,0,0.7812858,0.002250266,0.016587343,0.07927882,0.03834125,0.0022914142,0.079965174,0.8218773,,0.8218773,look,0,,42,look_f0_s42_in22k_v5fix,last
ISIC_0067598,BCN_0000906,BCN_0000906,60+,bcn20000,4,True,5,0.0055767004,0.020258317,0.0032634845,0.07757051,0.052896097,0.77488357,0.0655514,0.07873111,,0.07873111,look,0,,42,look_f0_s42_in22k_v5fix,last
ISIC_0067600,BCN_0001887,BCN_0001887,60+,bcn20000,1,True,1,0.0066790967,0.5444563,0.00810966,0.06819905,0.14029118,0.021277448,0.21098723,0.69142663,,0.69142663,look,0,,42,look_f0_s42_in22k_v5fix,last
ISIC_0067605,BCN_0005265,BCN_0005265,60+,bcn20000,1,True,1,0.010340534,0.66235864,0.011451878,0.050335,0.020441609,0.0013638107,0.24370852,0.69314075,,0.69314075,look,0,,42,look_f0_s42_in22k_v5fix,last
ISIC_0067639,BCN_0003521,BCN_0003521,40-59,bcn20000,5,False,5,0.012917888,0.008385882,0.005846244,0.06964041,0.0052006594,0.84481317,0.053195737,0.026504429,,0.026504429,look,0,,42,look_f0_s42_in22k_v5fix,last
ISIC_0067648,BCN_0001371,BCN_0001371,40-59,bcn20000,5,False,5,0.010423796,0.006237638,0.0068848357,0.09761224,0.22047147,0.59843594,0.05993412,0.2371329,,0.2371329,look,0,,42,look_f0_s42_in22k_v5fix,last
ISIC_0067652,BCN_0004420,BCN_0004420,40-59,bcn20000,5,False,5,0.01046208,0.003719673,0.005804932,0.0633758,0.0040619564,0.8667015,0.045874078,0.01824371,,0.01824371,look,0,,42,look_f0_s42_in22k_v5fix,last
ISIC_0067656,BCN_0002428,BCN_0002428,40-59,bcn20000,5,False,4,0.00915236,0.0037905625,0.0032550246,0.11235285,0.604061,0.18427163,0.08311658,0.6170039,,0.6170039,look,0,,42,look_f0_s42_in22k_v5fix,last
ISIC_0067687,BCN_0002235,BCN_0002235,60+,bcn20000,5,False,1,0.007337391,0.5739008,0.007962066,0.10211109,0.04366563,0.16536266,0.09966043,0.62490386,,0.62490386,look,0,,42,look_f0_s42_in22k_v5fix,last
ISIC_0067691,BCN_0001356,BCN_0001356,40-59,bcn20000,5,False,5,0.01228026,0.006310846,0.00466219,0.06771609,0.008119021,0.85888386,0.042027745,0.026710127,,0.026710127,look,0,,42,look_f0_s42_in22k_v5fix,last
ISIC_0067705,BCN_0004737,BCN_0004737,40-59,bcn20000,5,False,5,0.013462112,0.0069040777,0.0068508885,0.062582195,0.013743256,0.8534428,0.043014683,0.034109447,,0.034109447,look,0,,42,look_f0_s42_in22k_v5fix,last
ISIC_0067706,BCN_0002900,BCN_0002900,40-59,bcn20000,1,True,1,0.037837695,0.8332085,0.0076394924,0.05916218,0.0035051678,0.009918667,0.048728313,0.87455136,,0.87455136,look,0,,42,look_f0_s42_in22k_v5fix,last
ISIC_0067719,BCN_0000121,BCN_0000121,60+,bcn20000,4,True,1,0.0075422907,0.7581581,0.0074632657,0.10059765,0.054902148,0.0024301684,0.0689065,0.82060254,,0.82060254,look,0,,42,look_f0_s42_in22k_v5fix,last
ISIC_0067735,BCN_0001841,BCN_0001841,<40,bcn20000,5,False,5,0.010546658,0.006711972,0.006867129,0.06435587,0.006332957,0.85810226,0.047083054,0.023591585,,0.023591585,look,0,,42,look_f0_s42_in22k_v5fix,last
ISIC_0067778,BCN_0004701,BCN_0004701,60+,bcn20000,1,True,1,0.009823249,0.8491153,0.0101169655,0.055184092,0.006949964,0.004379679,0.064430796,0.86588854,,0.86588854,look,0,,42,look_f0_s42_in22k_v5fix,last
ISIC_0067780,BCN_0000206,BCN_0000206,60+,bcn20000,1,True,1,0.0062703257,0.8979896,0.0038809448,0.045055654,0.006171765,0.005917082,0.034714658,0.9104317,,0.9104317,look,0,,42,look_f0_s42_in22k_v5fix,last
ISIC_0067799,BCN_0001154,BCN_0001154,60+,bcn20000,0,True,1,0.0077512013,0.9013453,0.0043152156,0.046769608,0.0033029113,0.0042156302,0.032300033,0.9123995,,0.9123995,look,0,,42,look_f0_s42_in22k_v5fix,last
ISIC_0067813,BCN_0004190,BCN_0004190,<40,bcn20000,5,False,5,0.0094123185,0.006649726,0.0066129733,0.06353847,0.006104573,0.86248904,0.04519286,0.022166617,,0.022166617,look,0,,42,look_f0_s42_in22k_v5fix,last
ISIC_0067840,BCN_0005646,BCN_0005646,40-59,bcn20000,5,False,5,0.010283282,0.005860909,0.006459912,0.07054053,0.003966115,0.85089326,0.051996034,0.020110305,,0.020110305,look,0,,42,look_f0_s42_in22k_v5fix,last
ISIC_0067875,BCN_0002235,BCN_0002235,60+,bcn20000,5,False,5,0.011803296,0.010808206,0.0066636433,0.07817247,0.004394397,0.831237,0.056921087,0.0270059,,0.0270059,look,0,,42,look_f0_s42_in22k_v5fix,last
ISIC_0067886,BCN_0001936,BCN_0001936,40-59,bcn20000,5,False,5,0.011304441,0.005190574,0.0056656045,0.068667166,0.0030442108,0.86339504,0.04273292,0.019539226,,0.019539226,look,0,,42,look_f0_s42_in22k_v5fix,last
ISIC_0067891,BCN_0004254,BCN_0004254,40-59,bcn20000,4,True,5,0.00869819,0.005663095,0.00475792,0.060898807,0.0059160977,0.8659005,0.048165284,0.020277383,,0.020277383,look,0,,42,look_f0_s42_in22k_v5fix,last
ISIC_0067903,BCN_0000319,BCN_0000319,60+,bcn20000,4,True,1,0.006512203,0.79878944,0.0021135313,0.05565215,0.09082507,0.003930748,0.042176925,0.89612675,,0.89612675,look,0,,42,look_f0_s42_in22k_v5fix,last
ISIC_0067910,BCN_0001106,BCN_0001106,60+,bcn20000,1,True,1,0.071722895,0.49728334,0.0171496,0.1592588,0.1397675,0.0008201189,0.11399778,0.70877373,,0.70877373,look,0,,42,look_f0_s42_in22k_v5fix,last
ISIC_0067922,BCN_0005387,BCN_0005387,40-59,bcn20000,5,False,5,0.0100884335,0.0071438127,0.0065227416,0.067947514,0.0052543324,0.85361665,0.049426597,0.022486579,,0.022486579,look,0,,42,look_f0_s42_in22k_v5fix,last
ISIC_0067925,BCN_0000168,BCN_0000168,40-59,bcn20000,5,False,5,0.0062876088,0.0322244,0.0072355266,0.06632766,0.005323487,0.837997,0.04460441,0.0438355,,0.0438355,look,0,,42,look_f0_s42_in22k_v5fix,last
ISIC_0067930,BCN_0003478,BCN_0003478,<40,bcn20000,5,False,5,0.009887514,0.00665936,0.0070576062,0.066951945,0.009555045,0.8532346,0.04665385,0.026101917,,0.026101917,look,0,,42,look_f0_s42_in22k_v5fix,last
ISIC_0067946,BCN_0001370,BCN_0001370,40-59,bcn20000,5,False,5,0.014595141,0.008100288,0.007717778,0.069243595,0.00491732,0.84588057,0.049545217,0.02761275,,0.02761275,look,0,,42,look_f0_s42_in22k_v5fix,last
ISIC_0067951,BCN_0002730,BCN_0002730,<40,bcn20000,5,False,5,0.012394294,0.006453041,0.005161724,0.06583778,0.0029514704,0.86293614,0.04426558,0.021798806,,0.021798806,look,0,,42,look_f0_s42_in22k_v5fix,last
ISIC_0067965,BCN_0001855,BCN_0001855,60+,bcn20000,5,False,5,0.0076831253,0.00452154,0.0040870723,0.056410935,0.004381825,0.87371176,0.049203735,0.01658649,,0.01658649,look,0,,42,look_f0_s42_in22k_v5fix,last
ISIC_0067976,BCN_0005070,BCN_0005070,<40,bcn20000,5,False,5,0.017282205,0.009341388,0.0028416794,0.057058223,0.011775099,0.8569059,0.044795465,0.03839869,,0.03839869,look,0,,42,look_f0_s42_in22k_v5fix,last
ISIC_0068000,BCN_0004877,BCN_0004877,40-59,bcn20000,4,True,5,0.0099670645,0.19994462,0.00835175,0.100202106,0.027937274,0.580396,0.07320118,0.23784895,,0.23784895,look,0,,42,look_f0_s42_in22k_v5fix,last
ISIC_0068003,BCN_0000360,BCN_0000360,40-59,bcn20000,4,True,5,0.007826006,0.008600319,0.007289879,0.13476412,0.017801411,0.7835229,0.040195424,0.034227736,,0.034227736,look,0,,42,look_f0_s42_in22k_v5fix,last
ISIC_0068044,BCN_0000209,BCN_0000209,40-59,bcn20000,1,True,4,0.0068498864,0.005258761,0.0034945032,0.04874202,0.8950754,0.0049623745,0.035617094,0.907184,,0.907184,look,0,,42,look_f0_s42_in22k_v5fix,last
ISIC_0068053,BCN_0003316,BCN_0003316,60+,bcn20000,5,False,5,0.01440938,0.006284098,0.0048680003,0.08060763,0.031011544,0.8023822,0.060437117,0.05170502,,0.05170502,look,0,,42,look_f0_s42_in22k_v5fix,last
ISIC_0068100,BCN_0002235,BCN_0002235,60+,bcn20000,5,False,5,0.014697989,0.1286295,0.01730521,0.12302713,0.017214937,0.5913303,0.10779489,0.16054243,,0.16054243,look,0,,42,look_f0_s42_in22k_v5fix,last
ISIC_0068105,BCN_0003138,BCN_0003138,<40,bcn20000,5,False,5,0.01294881,0.00715678,0.006601468,0.070221335,0.0051721833,0.8458482,0.05205114,0.025277773,,0.025277773,look,0,,42,look_f0_s42_in22k_v5fix,last
ISIC_0068111,BCN_0002740,BCN_0002740,<40,bcn20000,5,False,5,0.008605885,0.0053466866,0.0050942157,0.06731131,0.0056761997,0.8563666,0.051599137,0.01962877,,0.01962877,look,0,,42,look_f0_s42_in22k_v5fix,last
ISIC_0068134,BCN_0003249,BCN_0003249,40-59,bcn20000,5,False,1,0.025959598,0.8040655,0.029734036,0.08076362,0.0066587003,0.01935623,0.033462234,0.8366838,,0.8366838,look,0,,42,look_f0_s42_in22k_v5fix,last
ISIC_0068143,BCN_0003907,BCN_0003907,60+,bcn20000,4,True,4,0.004451438,0.010222838,0.0052557136,0.05789187,0.8830271,0.003027152,0.036123835,0.8977014,,0.8977014,look,0,,42,look_f0_s42_in22k_v5fix,last
ISIC_0068179,BCN_0005324,BCN_0005324,<40,bcn20000,5,False,5,0.0109849125,0.008726239,0.005337064,0.09909579,0.043574527,0.7633878,0.068893634,0.06328568,,0.06328568,look,0,,42,look_f0_s42_in22k_v5fix,last
ISIC_0068188,BCN_0001163,BCN_0001163,60+,bcn20000,4,True,4,0.008714571,0.007602898,0.0046295915,0.06523187,0.8571467,0.012235505,0.044438932,0.87346417,,0.87346417,look,0,,42,look_f0_s42_in22k_v5fix,last
ISIC_0068198,BCN_0002841,BCN_0002841,40-59,bcn20000,5,False,5,0.012388076,0.072343744,0.0054237447,0.065776415,0.0027379787,0.7871539,0.054176062,0.087469794,,0.087469794,look,0,,42,look_f0_s42_in22k_v5fix,last
ISIC_0068204,BCN_0005456,BCN_0005456,40-59,bcn20000,5,False,5,0.015710942,0.0061128577,0.0068718186,0.07602393,0.002754787,0.83959997,0.052925695,0.024578588,,0.024578588,look,0,,42,look_f0_s42_in22k_v5fix,last
ISIC_0068207,BCN_0002171,BCN_0002171,40-59,bcn20000,5,False,5,0.009811264,0.007831224,0.0051499307,0.066262275,0.0061440114,0.8588377,0.045963563,0.0237865,,0.0237865,look,0,,42,look_f0_s42_in22k_v5fix,last
ISIC_0068219,BCN_0005038,BCN_0005038,60+,bcn20000,2,False,2,0.010580287,0.0041360473,0.8868009,0.055056613,0.0037666683,0.0032453374,0.036414187,0.018483004,,0.018483004,look,0,,42,look_f0_s42_in22k_v5fix,last
ISIC_0068226,BCN_0000071,BCN_0000071,60+,bcn20000,2,False,4,0.03582914,0.004662956,0.008641221,0.119343646,0.72597975,0.03932881,0.066214554,0.76647186,,0.76647186,look,0,,42,look_f0_s42_in22k_v5fix,last
ISIC_0068232,BCN_0002640,BCN_0002640,60+,bcn20000,0,True,1,0.011945604,0.8910961,0.0038623742,0.046592563,0.008008302,0.009340892,0.029154219,0.91105,,0.91105,look,0,,42,look_f0_s42_in22k_v5fix,last
ISIC_0068240,BCN_0003029,BCN_0003029,60+,bcn20000,1,True,1,0.007881697,0.8793567,0.0068278224,0.052652426,0.0059673567,0.003543234,0.043770745,0.89320576,,0.89320576,look,0,,42,look_f0_s42_in22k_v5fix,last
ISIC_0068243,BCN_0000511,BCN_0000511,60+,bcn20000,1,True,4,0.01047679,0.017491939,0.00612137,0.07719735,0.83400023,0.003242792,0.051469587,0.86196893,,0.86196893,look,0,,42,look_f0_s42_in22k_v5fix,last
ISIC_0068285,BCN_0004139,BCN_0004139,40-59,bcn20000,2,False,2,0.05075412,0.0029803782,0.79379416,0.0898569,0.0034136884,0.015181854,0.044018872,0.057148185,,0.057148185,look,0,,42,look_f0_s42_in22k_v5fix,last
ISIC_0068294,BCN_0004066,BCN_0004066,60+,bcn20000,4,True,2,0.013144183,0.11584127,0.6931689,0.07528357,0.0042508314,0.012067959,0.086243294,0.13323627,,0.13323627,look,0,,42,look_f0_s42_in22k_v5fix,last
ISIC_0068306,BCN_0003389,BCN_0003389,60+,bcn20000,1,True,2,0.06029275,0.040468805,0.7990593,0.05402775,0.004965381,0.0010655331,0.040120494,0.105726935,,0.105726935,look,0,,42,look_f0_s42_in22k_v5fix,last
ISIC_0068322,BCN_0001038,BCN_0001038,60+,bcn20000,1,True,0,0.91772383,0.024639562,0.0014807851,0.026411956,0.0109105725,0.0016373376,0.017195925,0.95327395,,0.95327395,look,0,,42,look_f0_s42_in22k_v5fix,last
ISIC_0068333,BCN_0004112,BCN_0004112,40-59,bcn20000,5,False,2,0.005461348,0.0057346225,0.87776804,0.047516536,0.006874863,0.020348355,0.036296282,0.018070834,,0.018070834,look,0,,42,look_f0_s42_in22k_v5fix,last
ISIC_0068338,BCN_0000200,BCN_0000200,60+,bcn20000,1,True,1,0.0073179347,0.86859465,0.0042084204,0.058063548,0.00372959,0.013977296,0.044108678,0.8796422,,0.8796422,look,0,,42,look_f0_s42_in22k_v5fix,last
ISIC_0068339,BCN_0003657,BCN_0003657,60+,bcn20000,1,True,1,0.0054651313,0.90209764,0.004874043,0.04635141,0.0031699087,0.005871254,0.03217051,0.9107327,,0.9107327,look,0,,42,look_f0_s42_in22k_v5fix,last
ISIC_0068354,BCN_0001154,BCN_0001154,60+,bcn20000,0,True,1,0.044116355,0.8322068,0.0030920408,0.0759686,0.0034440267,0.0031567717,0.038015455,0.8797672,,0.8797672,look,0,,42,look_f0_s42_in22k_v5fix,last
ISIC_0068355,BCN_0003535,BCN_0003535,40-59,bcn20000,1,True,1,0.009097181,0.8654083,0.0035491772,0.062501304,0.005779146,0.007970702,0.04569418,0.8802846,,0.8802846,look,0,,42,look_f0_s42_in22k_v5fix,last
ISIC_0068372,BCN_0004420,BCN_0004420,40-59,bcn20000,5,False,5,0.010624546,0.006404317,0.00524511,0.06627999,0.004561468,0.85906595,0.04781861,0.02159033,,0.02159033,look,0,,42,look_f0_s42_in22k_v5fix,last
ISIC_0068378,BCN_0000253,BCN_0000253,<40,bcn20000,5,False,4,0.0096587045,0.006091939,0.0064575393,0.06269241,0.8595174,0.006382188,0.049199715,0.87526804,,0.87526804,look,0,,42,look_f0_s42_in22k_v5fix,last
ISIC_0068383,BCN_0000627,BCN_0000627,60+,bcn20000,4,True,4,0.008372701,0.0074978783,0.0070150206,0.05461263,0.8729394,0.004420889,0.045141563,0.88881,,0.88881,look,0,,42,look_f0_s42_in22k_v5fix,last
ISIC_0068398,BCN_0000518,BCN_0000518,60+,bcn20000,2,False,5,0.026327798,0.004628891,0.094725475,0.17310695,0.008544574,0.60422844,0.08843781,0.039501265,,0.039501265,look,0,,42,look_f0_s42_in22k_v5fix,last
ISIC_0068399,BCN_0001446,BCN_0001446,60+,bcn20000,1,True,5,0.01568714,0.026802184,0.005782519,0.087965,0.0038637177,0.79883975,0.061059706,0.046353042,,0.046353042,look,0,,42,look_f0_s42_in22k_v5fix,last
ISIC_0068409,BCN_0004153,BCN_0004153,60+,bcn20000,0,True,1,0.015692472,0.8291084,0.016363226,0.105020024,0.004914704,0.0024831018,0.026418129,0.8497156,,0.8497156,look,0,,42,look_f0_s42_in22k_v5fix,last
ISIC_0068423,BCN_0000430,BCN_0000430,60+,bcn20000,5,False,5,0.0117053995,0.0072310288,0.00404057,0.06476317,0.0050054947,0.8601345,0.04711978,0.023941923,,0.023941923,look,0,,42,look_f0_s42_in22k_v5fix,last
ISIC_0068427,BCN_0003363,BCN_0003363,60+,bcn20000,4,True,2,0.009826894,0.002989704,0.73281115,0.080505356,0.11408178,0.0058625415,0.053922504,0.12689838,,0.12689838,look,0,,42,look_f0_s42_in22k_v5fix,last
ISIC_0068462,BCN_0003316,BCN_0003316,60+,bcn20000,5,False,5,0.007857796,0.0042595244,0.0058644484,0.06320792,0.0026873457,0.87348205,0.042640965,0.014804667,,0.014804667,look,0,,42,look_f0_s42_in22k_v5fix,last
ISIC_0068481,BCN_0003324,BCN_0003324,60+,bcn20000,0,True,1,0.003682641,0.8919283,0.003947223,0.058728565,0.008933321,0.0018158084,0.030964116,0.90454423,,0.90454423,look,0,,42,look_f0_s42_in22k_v5fix,last
ISIC_0068484,BCN_0002464,BCN_0002464,40-59,bcn20000,6,False,5,0.008113882,0.12798229,0.0046012457,0.09336502,0.006436879,0.4942625,0.2652382,0.14253305,,0.14253305,look,0,,42,look_f0_s42_in22k_v5fix,last
ISIC_0068487,BCN_0005628,BCN_0005628,<40,bcn20000,5,False,5,0.010325231,0.006762897,0.0073812343,0.064605094,0.0059843934,0.85779524,0.047145993,0.023072522,,0.023072522,look,0,,42,look_f0_s42_in22k_v5fix,last
ISIC_0068489,BCN_0003598,BCN_0003598,40-59,bcn20000,1,True,4,0.007290494,0.0049063927,0.0034214759,0.050156027,0.6179054,0.014136052,0.30218416,0.6301023,,0.6301023,look,0,,42,look_f0_s42_in22k_v5fix,last
ISIC_0068491,BCN_0002440,BCN_0002440,40-59,bcn20000,5,False,4,0.010164923,0.009296555,0.0101921875,0.12032248,0.45158783,0.32785067,0.070585355,0.4710493,,0.4710493,look,0,,42,look_f0_s42_in22k_v5fix,last
ISIC_0068522,BCN_0000600,BCN_0000600,60+,bcn20000,0,True,2,0.010637234,0.004861023,0.9025982,0.043017555,0.0034005144,0.0022740243,0.033211317,0.01889877,,0.01889877,look,0,,42,look_f0_s42_in22k_v5fix,last
ISIC_0068538,BCN_0003816,BCN_0003816,40-59,bcn20000,5,False,4,0.005059997,0.012426972,0.00344457,0.056386124,0.87106425,0.011144454,0.040473744,0.88855124,,0.88855124,look,0,,42,look_f0_s42_in22k_v5fix,last
ISIC_0068548,BCN_0004631,BCN_0004631,40-59,bcn20000,4,True,4,0.011642863,0.0048629004,0.012536288,0.081075095,0.8205876,0.022118859,0.047176465,0.83709335,,0.83709335,look,0,,42,look_f0_s42_in22k_v5fix,last
ISIC_0068556,BCN_0000979,BCN_0000979,60+,bcn20000,0,True,2,0.019749006,0.008442415,0.8594146,0.05785868,0.0048968685,0.004902074,0.044736423,0.03308829,,0.03308829,look,0,,42,look_f0_s42_in22k_v5fix,last
ISIC_0068561,BCN_0002563,BCN_0002563,60+,bcn20000,5,False,5,0.012678222,0.0049623777,0.0034850135,0.060681462,0.0050558387,0.8666786,0.04645852,0.02269644,,0.02269644,look,0,,42,look_f0_s42_in22k_v5fix,last
ISIC_0068566,BCN_0001420,BCN_0001420,40-59,bcn20000,5,False,5,0.009165377,0.004891087,0.0075655184,0.063559204,0.0050221067,0.86290884,0.04688786,0.019078571,,0.019078571,look,0,,42,look_f0_s42_in22k_v5fix,last
ISIC_0068577,BCN_0001679,BCN_0001679,60+,bcn20000,2,False,4,0.008072755,0.0041244915,0.00636322,0.0582005,0.8745762,0.005029307,0.0436335,0.88677347,,0.88677347,look,0,,42,look_f0_s42_in22k_v5fix,last
ISIC_0068596,BCN_0000303,BCN_0000303,<40,bcn20000,2,False,5,0.009844017,0.009868447,0.00532317,0.061090197,0.007974695,0.85550535,0.05039423,0.027687158,,0.027687158,look,0,,42,look_f0_s42_in22k_v5fix,last
ISIC_0068631,BCN_0002905,BCN_0002905,<40,bcn20000,5,False,5,0.009631204,0.015024044,0.0069122324,0.070757926,0.03696414,0.81577,0.04494049,0.06161939,,0.06161939,look,0,,42,look_f0_s42_in22k_v5fix,last
ISIC_0068633,BCN_0000188,BCN_0000188,60+,bcn20000,4,True,5,0.011962811,0.005431616,0.00390301,0.074616134,0.033463903,0.8155887,0.05503382,0.05085833,,0.05085833,look,0,,42,look_f0_s42_in22k_v5fix,last
ISIC_0068634,BCN_0001966,BCN_0001966,<40,bcn20000,5,False,5,0.012526945,0.0079307435,0.0064664637,0.06945064,0.003545659,0.8458596,0.054219976,0.024003347,,0.024003347,look,0,,42,look_f0_s42_in22k_v5fix,last
ISIC_0068656,BCN_0002502,BCN_0002502,40-59,bcn20000,5,False,1,0.054415774,0.7188565,0.025377868,0.08576908,0.003697809,0.059945386,0.05193753,0.7769701,,0.7769701,look,0,,42,look_f0_s42_in22k_v5fix,last
ISIC_0068668,BCN_0003718,BCN_0003718,40-59,bcn20000,5,False,5,0.010308456,0.006926896,0.005916264,0.066548474,0.0060733436,0.8582739,0.045952637,0.023308694,,0.023308694,look,0,,42,look_f0_s42_in22k_v5fix,last
ISIC_0068676,BCN_0004153,BCN_0004153,60+,bcn20000,0,True,0,0.8937067,0.0011095598,0.048293952,0.025136879,0.0058332593,0.0034927086,0.022426918,0.9006495,,0.9006495,look,0,,42,look_f0_s42_in22k_v5fix,last
ISIC_0068684,BCN_0003154,BCN_0003154,<40,bcn20000,5,False,5,0.008141236,0.004999405,0.007007504,0.062249575,0.0074189883,0.86026084,0.049922522,0.02055963,,0.02055963,look,0,,42,look_f0_s42_in22k_v5fix,last
ISIC_0068697,BCN_0003892,BCN_0003892,60+,bcn20000,5,False,5,0.0077676745,0.0051589343,0.0043362123,0.06326718,0.015353631,0.8578882,0.04622823,0.02828024,,0.02828024,look,0,,42,look_f0_s42_in22k_v5fix,last
ISIC_0068726,BCN_0002563,BCN_0002563,60+,bcn20000,5,False,5,0.01158525,0.0046810717,0.0031259912,0.057928864,0.005166624,0.87506413,0.042448133,0.021432946,,0.021432946,look,0,,42,look_f0_s42_in22k_v5fix,last
ISIC_0068731,BCN_0000884,BCN_0000884,60+,bcn20000,1,True,1,0.007103197,0.89929426,0.0067991135,0.047146685,0.0037788814,0.0033653046,0.032512423,0.91017634,,0.91017634,look,0,,42,look_f0_s42_in22k_v5fix,last
ISIC_0068742,BCN_0004375,BCN_0004375,60+,bcn20000,1,True,1,0.006978052,0.8843385,0.0056632645,0.053304162,0.0045094616,0.0035770051,0.041629396,0.895826,,0.895826,look,0,,42,look_f0_s42_in22k_v5fix,last
ISIC_0068768,BCN_0001694,BCN_0001694,60+,bcn20000,4,True,5,0.011539159,0.014978989,0.006846464,0.13846086,0.26137912,0.45902973,0.10776563,0.28789726,,0.28789726,look,0,,42,look_f0_s42_in22k_v5fix,last
ISIC_0068779,BCN_0003324,BCN_0003324,60+,bcn20000,0,True,1,0.006707483,0.8916702,0.0043084524,0.05348534,0.013694244,0.0020364956,0.028097682,0.91207194,,0.91207194,look,0,,42,look_f0_s42_in22k_v5fix,last
ISIC_0068792,BCN_0004752,BCN_0004752,60+,bcn20000,1,True,1,0.009537046,0.91195273,0.008063796,0.04174644,0.0025589545,0.0017796253,0.024361443,0.9240487,,0.9240487,look,0,,42,look_f0_s42_in22k_v5fix,last
ISIC_0068807,BCN_0001061,BCN_0001061,<40,bcn20000,5,False,5,0.012635712,0.0060856985,0.004757085,0.06853984,0.010162442,0.8473901,0.050429124,0.028883852,,0.028883852,look,0,,42,look_f0_s42_in22k_v5fix,last
ISIC_0068818,BCN_0001694,BCN_0001694,60+,bcn20000,4,True,4,0.17462385,0.10119694,0.007985603,0.20508987,0.3719339,0.007389357,0.13178053,0.64775467,,0.64775467,look,0,,42,look_f0_s42_in22k_v5fix,last
ISIC_0068840,BCN_0002577,BCN_0002577,40-59,bcn20000,4,True,4,0.007679649,0.004517723,0.006071049,0.050743412,0.8886742,0.0025136813,0.039800324,0.9008716,,0.9008716,look,0,,42,look_f0_s42_in22k_v5fix,last
ISIC_0068851,BCN_0002214,BCN_0002214,60+,bcn20000,4,True,1,0.027666781,0.5380767,0.009798577,0.077044435,0.045214538,0.23469006,0.06750893,0.61095804,,0.61095804,look,0,,42,look_f0_s42_in22k_v5fix,last
ISIC_0068869,BCN_0000332,BCN_0000332,60+,bcn20000,1,True,1,0.16745518,0.6920164,0.0024084372,0.07767034,0.003267478,0.0038015503,0.053380646,0.8627391,,0.8627391,look,0,,42,look_f0_s42_in22k_v5fix,last
ISIC_0068879,BCN_0001655,BCN_0001655,60+,bcn20000,0,True,4,0.03315594,0.011613052,0.26447785,0.10009916,0.516527,0.0026853771,0.07144167,0.561296,,0.561296,look,0,,42,look_f0_s42_in22k_v5fix,last
ISIC_0068885,BCN_0004642,BCN_0004642,60+,bcn20000,0,True,1,0.008652826,0.89261764,0.0048531606,0.050715093,0.0034444944,0.0028217807,0.036895137,0.90471494,,0.90471494,look,0,,42,look_f0_s42_in22k_v5fix,last
ISIC_0068900,BCN_0000444,BCN_0000444,40-59,bcn20000,4,True,1,0.008673606,0.4903374,0.007257236,0.14886937,0.26062283,0.004130392,0.080109134,0.75963384,,0.75963384,look,0,,42,look_f0_s42_in22k_v5fix,last
ISIC_0068920,BCN_0003389,BCN_0003389,60+,bcn20000,1,True,0,0.5902975,0.13451421,0.11749266,0.09695169,0.0025764452,0.0014567325,0.05671075,0.7273882,,0.7273882,look,0,,42,look_f0_s42_in22k_v5fix,last
ISIC_0068933,BCN_0005409,BCN_0005409,40-59,bcn20000,1,True,1,0.087277986,0.5753183,0.20511368,0.076857306,0.0028344484,0.001461192,0.051137168,0.6654307,,0.6654307,look,0,,42,look_f0_s42_in22k_v5fix,last
ISIC_0068939,BCN_0005646,BCN_0005646,40-59,bcn20000,5,False,5,0.008430723,0.004854089,0.0043229316,0.064174846,0.008590055,0.8615439,0.04808351,0.021874867,,0.021874867,look,0,,42,look_f0_s42_in22k_v5fix,last
ISIC_0068959,BCN_0002348,BCN_0002348,<40,bcn20000,5,False,5,0.007917472,0.012708444,0.01197603,0.058125872,0.0035901477,0.8708631,0.034818955,0.024216063,,0.024216063,look,0,,42,look_f0_s42_in22k_v5fix,last
ISIC_0068989,BCN_0003551,BCN_0003551,<40,bcn20000,0,True,5,0.099779375,0.009974554,0.03808087,0.08373937,0.017543418,0.5733846,0.17749777,0.12729734,,0.12729734,look,0,,42,look_f0_s42_in22k_v5fix,last
ISIC_0068993,BCN_0002079,BCN_0002079,40-59,bcn20000,4,True,4,0.010197862,0.006602382,0.0062171565,0.055375006,0.87773776,0.0030224044,0.04084742,0.894538,,0.894538,look,0,,42,look_f0_s42_in22k_v5fix,last
ISIC_0068995,BCN_0000230,BCN_0000230,60+,bcn20000,0,True,0,0.8153085,0.06257511,0.007493909,0.07234009,0.002616896,0.004875596,0.034789886,0.8805005,,0.8805005,look,0,,42,look_f0_s42_in22k_v5fix,last
ISIC_0069032,BCN_0000984,BCN_0000984,60+,bcn20000,1,True,1,0.018316261,0.33860326,0.097952686,0.15678911,0.0042982446,0.31640905,0.0676314,0.36121777,,0.36121777,look,0,,42,look_f0_s42_in22k_v5fix,last
ISIC_0069067,BCN_0002770,BCN_0002770,<40,bcn20000,5,False,5,0.0090936255,0.0059334603,0.0055441884,0.065085344,0.0155042475,0.84740704,0.051432155,0.030531332,,0.030531332,look,0,,42,look_f0_s42_in22k_v5fix,last
ISIC_0069091,BCN_0002577,BCN_0002577,40-59,bcn20000,4,True,4,0.0055731214,0.0033635586,0.005328583,0.049269095,0.8916522,0.004217478,0.040595908,0.9005889,,0.9005889,look,0,,42,look_f0_s42_in22k_v5fix,last
ISIC_0069093,BCN_0002614,BCN_0002614,40-59,bcn20000,4,True,4,0.010908292,0.002487262,0.012202366,0.07458286,0.7448331,0.09605407,0.058931943,0.75822866,,0.75822866,look,0,,42,look_f0_s42_in22k_v5fix,last
ISIC_0069105,BCN_0001163,BCN_0001163,60+,bcn20000,4,True,4,0.0076410784,0.0065434794,0.0046779457,0.05041338,0.88888174,0.004777412,0.037065007,0.9030663,,0.9030663,look,0,,42,look_f0_s42_in22k_v5fix,last
ISIC_0069115,BCN_0004845,BCN_0004845,40-59,bcn20000,5,False,5,0.00799874,0.0048858537,0.00927974,0.06879663,0.0058575305,0.8593008,0.043880705,0.018742125,,0.018742125,look,0,,42,look_f0_s42_in22k_v5fix,last
ISIC_0069126,BCN_0000168,BCN_0000168,40-59,bcn20000,5,False,2,0.012576648,0.005006606,0.48713297,0.13744871,0.007504282,0.29016042,0.060170356,0.025087537,,0.025087537,look,0,,42,look_f0_s42_in22k_v5fix,last
ISIC_0069129,BCN_0005626,BCN_0005626,60+,bcn20000,2,False,2,0.0072248983,0.0047372463,0.8719801,0.053631574,0.01761483,0.0060844594,0.038726885,0.029576976,,0.029576976,look,0,,42,look_f0_s42_in22k_v5fix,last
ISIC_0069153,BCN_0004274,BCN_0004274,60+,bcn20000,1,True,1,0.030217292,0.8502448,0.014672074,0.06111391,0.0053076455,0.0014801072,0.03696414,0.8857698,,0.8857698,look,0,,42,look_f0_s42_in22k_v5fix,last
ISIC_0069157,BCN_0003568,BCN_0003568,<40,bcn20000,5,False,5,0.011460804,0.009569269,0.056221526,0.095472984,0.009675829,0.74640775,0.071191825,0.0307059,,0.0307059,look,0,,42,look_f0_s42_in22k_v5fix,last
ISIC_0069178,BCN_0003316,BCN_0003316,60+,bcn20000,5,False,4,0.02575854,0.0064845476,0.011626069,0.12560733,0.64060974,0.10077379,0.08914004,0.6728528,,0.6728528,look,0,,42,look_f0_s42_in22k_v5fix,last
ISIC_0069179,BCN_0000319,BCN_0000319,60+,bcn20000,4,True,4,0.0053807124,0.0047309487,0.0059689237,0.03725812,0.9153769,0.0031816564,0.028102793,0.9254886,,0.9254886,look,0,,42,look_f0_s42_in22k_v5fix,last
ISIC_0069184,BCN_0000332,BCN_0000332,60+,bcn20000,1,True,0,0.7910052,0.06732597,0.0023729317,0.06709544,0.0057149357,0.004683881,0.061801657,0.8640461,,0.8640461,look,0,,42,look_f0_s42_in22k_v5fix,last
ISIC_0069190,BCN_0005324,BCN_0005324,<40,bcn20000,5,False,5,0.011903738,0.00817617,0.0075721247,0.07187113,0.007431068,0.8396343,0.053411577,0.027510975,,0.027510975,look,0,,42,look_f0_s42_in22k_v5fix,last
ISIC_0069191,BCN_0004375,BCN_0004375,60+,bcn20000,1,True,1,0.005332382,0.914968,0.009011879,0.0386981,0.0033513764,0.0059497436,0.022688558,0.9236518,,0.9236518,look,0,,42,look_f0_s42_in22k_v5fix,last
ISIC_0069205,BCN_0000887,BCN_0000887,<40,bcn20000,5,False,5,0.0062738233,0.0033024203,0.0077529214,0.05270599,0.015431719,0.86763,0.04690312,0.025007963,,0.025007963,look,0,,42,look_f0_s42_in22k_v5fix,last
ISIC_0069220,BCN_0001805,BCN_0001805,60+,bcn20000,0,True,0,0.93347126,0.003181616,0.0039365105,0.029142456,0.00425483,0.0025627872,0.02345045,0.9409077,,0.9409077,look,0,,42,look_f0_s42_in22k_v5fix,last
ISIC_0069242,BCN_0001948,BCN_0001948,40-59,bcn20000,6,False,1,0.010489739,0.45169142,0.0042251335,0.08633632,0.019582491,0.16191886,0.26575595,0.48176363,,0.48176363,look,0,,42,look_f0_s42_in22k_v5fix,last
ISIC_0069243,BCN_0003235,BCN_0003235,40-59,bcn20000,5,False,4,0.010684667,0.008043445,0.0072676865,0.10270125,0.6795887,0.11624349,0.07547076,0.6983168,,0.6983168,look,0,,42,look_f0_s42_in22k_v5fix,last
ISIC_0069245,BCN_0003907,BCN_0003907,60+,bcn20000,4,True,4,0.035212412,0.15010908,0.014992136,0.15735655,0.5052069,0.048270088,0.08885279,0.6905284,,0.6905284,look,0,,42,look_f0_s42_in22k_v5fix,last
ISIC_0069268,BCN_0005666,BCN_0005666,60+,bcn20000,4,True,4,0.01003692,0.0041690203,0.002830047,0.09127921,0.774607,0.047457237,0.069620565,0.78881294,,0.78881294,look,0,,42,look_f0_s42_in22k_v5fix,last
ISIC_0069271,BCN_0004153,BCN_0004153,60+,bcn20000,0,True,2,0.13079153,0.003168517,0.5255666,0.10657867,0.050044768,0.08170695,0.10214296,0.18400481,,0.18400481,look,0,,42,look_f0_s42_in22k_v5fix,last
ISIC_0069293,BCN_0001694,BCN_0001694,60+,bcn20000,4,True,0,0.4230582,0.010001021,0.013525796,0.10752068,0.37974072,0.0058937306,0.06025987,0.81279993,,0.81279993,look,0,,42,look_f0_s42_in22k_v5fix,last
ISIC_0069301,BCN_0001091,BCN_0001091,60+,bcn20000,1,True,1,0.010365522,0.8867788,0.0030826111,0.05057394,0.0065978747,0.003976183,0.038625173,0.9037422,,0.9037422,look,0,,42,look_f0_s42_in22k_v5fix,last
ISIC_0069320,BCN_0002033,BCN_0002033,60+,bcn20000,5,False,4,0.0045837834,0.015121762,0.0026644648,0.15727738,0.37026668,0.3342809,0.11580499,0.3899722,,0.3899722,look,0,,42,look_f0_s42_in22k_v5fix,last
ISIC_0069323,BCN_0002597,BCN_0002597,40-59,bcn20000,5,False,5,0.009871502,0.005360469,0.005940225,0.06179673,0.017702248,0.85156447,0.04776446,0.03293422,,0.03293422,look,0,,42,look_f0_s42_in22k_v5fix,last
ISIC_0069324,BCN_0004631,BCN_0004631,40-59,bcn20000,4,True,4,0.017186271,0.0073066056,0.018427934,0.14211749,0.5539976,0.18357643,0.077387705,0.57849044,,0.57849044,look,0,,42,look_f0_s42_in22k_v5fix,last
ISIC_0069342,BCN_0004379,BCN_0004379,60+,bcn20000,1,True,1,0.0148107475,0.87235904,0.00687563,0.056174133,0.0051156627,0.009418903,0.03524586,0.89228547,,0.89228547,look,0,,42,look_f0_s42_in22k_v5fix,last
ISIC_0069354,BCN_0005537,BCN_0005537,40-59,bcn20000,2,False,5,0.023583913,0.0026891348,0.1520718,0.07191824,0.0102638155,0.68314004,0.056333072,0.036536865,,0.036536865,look,0,,42,look_f0_s42_in22k_v5fix,last
ISIC_0069396,BCN_0001961,BCN_0001961,<40,bcn20000,5,False,5,0.005726453,0.0039004716,0.0055740117,0.058838423,0.007715977,0.8799532,0.038291503,0.017342903,,0.017342903,look,0,,42,look_f0_s42_in22k_v5fix,last
ISIC_0069403,BCN_0001356,BCN_0001356,40-59,bcn20000,5,False,5,0.011643259,0.00794799,0.0062244767,0.06784789,0.004939348,0.85709006,0.04430694,0.024530597,,0.024530597,look,0,,42,look_f0_s42_in22k_v5fix,last
ISIC_0069410,BCN_0005666,BCN_0005666,60+,bcn20000,4,True,4,0.010381582,0.002722641,0.0034236454,0.090281345,0.6878052,0.13803983,0.06734579,0.7009094,,0.7009094,look,0,,42,look_f0_s42_in22k_v5fix,last
ISIC_0069411,BCN_0000121,BCN_0000121,60+,bcn20000,4,True,4,0.008674335,0.027808286,0.0068616727,0.08342941,0.8178162,0.0022926521,0.053117543,0.85429883,,0.85429883,look,0,,42,look_f0_s42_in22k_v5fix,last
ISIC_0069437,BCN_0000121,BCN_0000121,60+,bcn20000,4,True,4,0.009696767,0.008481733,0.00559208,0.06531902,0.86635995,0.0035968553,0.040953588,0.8845385,,0.8845385,look,0,,42,look_f0_s42_in22k_v5fix,last
ISIC_0069446,BCN_0003228,BCN_0003228,60+,bcn20000,0,True,1,0.009128528,0.8727724,0.02439777,0.052630715,0.004881224,0.002898435,0.033290945,0.8867821,,0.8867821,look,0,,42,look_f0_s42_in22k_v5fix,last
ISIC_0069447,BCN_0001420,BCN_0001420,40-59,bcn20000,5,False,5,0.008231562,0.0047479537,0.004946757,0.05634689,0.0060469448,0.8838865,0.035793375,0.01902646,,0.01902646,look,0,,42,look_f0_s42_in22k_v5fix,last
ISIC_0069493,BCN_0004375,BCN_0004375,60+,bcn20000,1,True,1,0.0061728903,0.87162864,0.0063056857,0.05396122,0.0042830906,0.0055487757,0.052099638,0.8820846,,0.8820846,look,0,,42,look_f0_s42_in22k_v5fix,last
ISIC_0069495,BCN_0001987,BCN_0001987,40-59,bcn20000,5,False,2,0.009356908,0.005671415,0.7410632,0.070114605,0.112475954,0.009988185,0.051329706,0.12750427,,0.12750427,look,0,,42,look_f0_s42_in22k_v5fix,last
ISIC_0069507,BCN_0000512,BCN_0000512,<40,bcn20000,5,False,5,0.012735379,0.010358945,0.0074497354,0.06912758,0.0043695676,0.84863263,0.04732612,0.02746389,,0.02746389,look,0,,42,look_f0_s42_in22k_v5fix,last
ISIC_0069508,BCN_0004066,BCN_0004066,60+,bcn20000,4,True,4,0.009599607,0.007152796,0.00790234,0.07623688,0.65437585,0.18499707,0.059735466,0.6711283,,0.6711283,look,0,,42,look_f0_s42_in22k_v5fix,last
ISIC_0069519,BCN_0005324,BCN_0005324,<40,bcn20000,5,False,5,0.009303583,0.0061459476,0.0042269677,0.07049936,0.013533516,0.8468428,0.049447767,0.028983045,,0.028983045,look,0,,42,look_f0_s42_in22k_v5fix,last
ISIC_0069554,BCN_0000692,BCN_0000692,40-59,bcn20000,5,False,3,0.00019037965,9.538379e-05,0.00010952129,0.9903289,0.0056162826,0.0010483431,0.0026111181,0.005902046,,0.005902046,look,0,,42,look_f0_s42_in22k_v5fix,last
ISIC_0069555,BCN_0000096,BCN_0000096,60+,bcn20000,1,True,1,0.008738758,0.8982964,0.0057549193,0.046752024,0.0039347764,0.002732218,0.03379096,0.91097,,0.91097,look,0,,42,look_f0_s42_in22k_v5fix,last
ISIC_0069592,BCN_0000360,BCN_0000360,40-59,bcn20000,4,True,5,0.009123473,0.0058346055,0.007808895,0.055791255,0.01476163,0.865071,0.04160913,0.02971971,,0.02971971,look,0,,42,look_f0_s42_in22k_v5fix,last
ISIC_0069614,BCN_0004633,BCN_0004633,60+,bcn20000,0,True,0,0.47431403,0.009720609,0.3440004,0.08622565,0.027592983,0.0028322246,0.055314083,0.5116276,,0.5116276,look,0,,42,look_f0_s42_in22k_v5fix,last
ISIC_0069672,BCN_0002502,BCN_0002502,40-59,bcn20000,5,False,1,0.076673806,0.43990323,0.041228857,0.112179294,0.004493558,0.25743398,0.06808724,0.52107054,,0.52107054,look,0,,42,look_f0_s42_in22k_v5fix,last
ISIC_0069683,BCN_0004513,BCN_0004513,40-59,bcn20000,2,False,1,0.037274107,0.83881265,0.0044020712,0.07044858,0.0019054125,0.01547137,0.031685814,0.8779922,,0.8779922,look,0,,42,look_f0_s42_in22k_v5fix,last
ISIC_0069684,BCN_0001665,BCN_0001665,60+,bcn20000,5,False,5,0.010577789,0.006864396,0.0056925565,0.061555367,0.0046447045,0.8669416,0.043723617,0.02208689,,0.02208689,look,0,,42,look_f0_s42_in22k_v5fix,last
ISIC_0069687,BCN_0003816,BCN_0003816,40-59,bcn20000,5,False,5,0.006395303,0.0056298287,0.002658573,0.06901203,0.04269938,0.83437055,0.0392344,0.054724514,,0.054724514,look,0,,42,look_f0_s42_in22k_v5fix,last
ISIC_0069698,BCN_0003597,BCN_0003597,<40,bcn20000,5,False,5,0.00914684,0.008764933,0.0057778778,0.06779775,0.006406525,0.85129076,0.050815247,0.024318298,,0.024318298,look,0,,42,look_f0_s42_in22k_v5fix,last
ISIC_0069700,BCN_0003373,BCN_0003373,<40,bcn20000,5,False,5,0.010179452,0.005720292,0.007193315,0.068934165,0.008467717,0.8475506,0.05195451,0.024367461,,0.024367461,look,0,,42,look_f0_s42_in22k_v5fix,last
ISIC_0069706,BCN_0005666,BCN_0005666,60+,bcn20000,4,True,4,0.006230936,0.0040087304,0.007821817,0.04835565,0.88956237,0.0040465184,0.03997397,0.899802,,0.899802,look,0,,42,look_f0_s42_in22k_v5fix,last
ISIC_0069714,BCN_0001425,BCN_0001425,40-59,bcn20000,1,True,1,0.008230834,0.8900591,0.009882337,0.05385713,0.0032840297,0.00398023,0.030706313,0.90157396,,0.90157396,look,0,,42,look_f0_s42_in22k_v5fix,last
ISIC_0069732,BCN_0004027,BCN_0004027,40-59,bcn20000,1,True,1,0.0370978,0.82627636,0.0046176156,0.081387036,0.005193698,0.0043202075,0.04110725,0.8685679,,0.8685679,look,0,,42,look_f0_s42_in22k_v5fix,last
ISIC_0069735,BCN_0000887,BCN_0000887,<40,bcn20000,5,False,5,0.008065779,0.0043751793,0.007855872,0.056822035,0.009962041,0.8652931,0.047626056,0.022402998,,0.022402998,look,0,,42,look_f0_s42_in22k_v5fix,last
ISIC_0069743,BCN_0001096,BCN_0001096,<40,bcn20000,4,True,5,0.010796832,0.007007201,0.007516971,0.07534468,0.007732981,0.8398608,0.051740445,0.025537014,,0.025537014,look,0,,42,look_f0_s42_in22k_v5fix,last
ISIC_0069758,BCN_0005133,BCN_0005133,60+,bcn20000,2,False,1,0.016268848,0.5261328,0.2397883,0.12906723,0.007078402,0.015004633,0.06665982,0.5494801,,0.5494801,look,0,,42,look_f0_s42_in22k_v5fix,last
ISIC_0069774,BCN_0001818,BCN_0001818,40-59,bcn20000,5,False,5,0.015115932,0.009009128,0.009379119,0.0691871,0.0035074104,0.84315115,0.050650198,0.027632471,,0.027632471,look,0,,42,look_f0_s42_in22k_v5fix,last
ISIC_0069790,BCN_0003402,BCN_0003402,40-59,bcn20000,2,False,2,0.015977558,0.004051538,0.91596127,0.030651337,0.0032762159,0.002990895,0.027091222,0.023305312,,0.023305312,look,0,,42,look_f0_s42_in22k_v5fix,last
ISIC_0069791,BCN_0004631,BCN_0004631,40-59,bcn20000,4,True,4,0.01880704,0.0038413678,0.0074602803,0.07808635,0.84309137,0.003758935,0.04495461,0.86573976,,0.86573976,look,0,,42,look_f0_s42_in22k_v5fix,last
ISIC_0069798,BCN_0005033,BCN_0005033,40-59,bcn20000,5,False,5,0.016923932,0.014456299,0.007363654,0.11391402,0.10017843,0.6768711,0.0702925,0.13155866,,0.13155866,look,0,,42,look_f0_s42_in22k_v5fix,last
ISIC_0069813,BCN_0003487,BCN_0003487,40-59,bcn20000,1,True,1,0.03178624,0.839503,0.0123533765,0.0670488,0.005785192,0.003944353,0.039579097,0.8770744,,0.8770744,look,0,,42,look_f0_s42_in22k_v5fix,last
ISIC_0069824,BCN_0005363,BCN_0005363,<40,bcn20000,5,False,5,0.01233787,0.007712048,0.007420538,0.07067478,0.0057305912,0.84479654,0.051327668,0.02578051,,0.02578051,look,0,,42,look_f0_s42_in22k_v5fix,last
ISIC_0069828,BCN_0000534,BCN_0000534,60+,bcn20000,1,True,1,0.007331277,0.89144707,0.0043985085,0.051464196,0.00431338,0.003915701,0.037129883,0.9030917,,0.9030917,look,0,,42,look_f0_s42_in22k_v5fix,last
ISIC_0069854,BCN_0005033,BCN_0005033,40-59,bcn20000,5,False,5,0.0111558195,0.00902754,0.0066113756,0.06833013,0.0130505925,0.8462988,0.045525678,0.03323395,,0.03323395,look,0,,42,look_f0_s42_in22k_v5fix,last
ISIC_0069869,BCN_0000927,BCN_0000927,60+,bcn20000,0,True,2,0.026399866,0.0048058005,0.75247353,0.08352306,0.08185306,0.003327237,0.047617547,0.11305873,,0.11305873,look,0,,42,look_f0_s42_in22k_v5fix,last
ISIC_0069873,BCN_0001108,BCN_0001108,60+,bcn20000,4,True,4,0.009861132,0.0054173367,0.009786609,0.05259323,0.88226265,0.0033604736,0.03671851,0.8975411,,0.8975411,look,0,,42,look_f0_s42_in22k_v5fix,last
ISIC_0069879,BCN_0000303,BCN_0000303,<40,bcn20000,2,False,5,0.009906721,0.02936904,0.0032942083,0.071045965,0.012251206,0.8201392,0.05399356,0.051526967,,0.051526967,look,0,,42,look_f0_s42_in22k_v5fix,last
ISIC_0069885,BCN_0001430,BCN_0001430,40-59,bcn20000,2,False,4,0.010099912,0.0046959654,0.016082646,0.063475505,0.8593796,0.0047106757,0.04155565,0.8741755,,0.8741755,look,0,,42,look_f0_s42_in22k_v5fix,last
ISIC_0069908,BCN_0000029,BCN_0000029,40-59,bcn20000,4,True,5,0.009347503,0.0048273467,0.005552086,0.059040233,0.008186743,0.8658493,0.047196783,0.022361591,,0.022361591,look,0,,42,look_f0_s42_in22k_v5fix,last
ISIC_0069934,BCN_0002207,BCN_0002207,60+,bcn20000,1,True,0,0.81805634,0.030259052,0.01878461,0.06920255,0.0061908625,0.0043897717,0.05311684,0.85450625,,0.85450625,look,0,,42,look_f0_s42_in22k_v5fix,last
ISIC_0069935,BCN_0002144,BCN_0002144,40-59,bcn20000,5,False,1,0.008281163,0.8791833,0.005448524,0.05603809,0.0062317275,0.006541952,0.03827526,0.8936962,,0.8936962,look,0,,42,look_f0_s42_in22k_v5fix,last
ISIC_0069966,BCN_0000209,BCN_0000209,40-59,bcn20000,1,True,4,0.0046229074,0.0026773992,0.0055598477,0.03511191,0.91385293,0.005584281,0.03259071,0.92115325,,0.92115325,look,0,,42,look_f0_s42_in22k_v5fix,last
ISIC_0069972,BCN_0003889,BCN_0003889,60+,bcn20000,1,True,1,0.041890822,0.8486284,0.003057869,0.058955774,0.0042817,0.006952592,0.036232814,0.8948009,,0.8948009,look,0,,42,look_f0_s42_in22k_v5fix,last
ISIC_0069992,BCN_0004021,BCN_0004021,<40,bcn20000,5,False,5,0.008978161,0.028769692,0.018729823,0.07642959,0.004001637,0.80203927,0.0610518,0.04174949,,0.04174949,look,0,,42,look_f0_s42_in22k_v5fix,last
ISIC_0070011,BCN_0001091,BCN_0001091,60+,bcn20000,1,True,1,0.027889695,0.84623367,0.0029167482,0.06406332,0.0066365693,0.0040700235,0.048189864,0.8807599,,0.8807599,look,0,,42,look_f0_s42_in22k_v5fix,last
ISIC_0070012,BCN_0001729,BCN_0001729,60+,bcn20000,4,True,4,0.015602876,0.0051606046,0.003373298,0.060601875,0.86767876,0.0021267205,0.04545585,0.8884422,,0.8884422,look,0,,42,look_f0_s42_in22k_v5fix,last
ISIC_0070018,BCN_0000360,BCN_0000360,40-59,bcn20000,4,True,4,0.012168642,0.009905215,0.009084982,0.08749374,0.70742816,0.12855302,0.04536625,0.729502,,0.729502,look,0,,42,look_f0_s42_in22k_v5fix,last
ISIC_0070028,BCN_0000384,BCN_0000384,60+,bcn20000,5,False,5,0.022034945,0.011903701,0.11808159,0.12211001,0.021604689,0.606742,0.09752307,0.055543333,,0.055543333,look,0,,42,look_f0_s42_in22k_v5fix,last
ISIC_0070044,BCN_0001356,BCN_0001356,40-59,bcn20000,5,False,5,0.006949143,0.0079250485,0.0025296048,0.053902462,0.011265496,0.88823915,0.029189054,0.026139688,,0.026139688,look,0,,42,look_f0_s42_in22k_v5fix,last
ISIC_0070072,BCN_0000206,BCN_0000206,60+,bcn20000,1,True,1,0.007377632,0.8779074,0.004835064,0.056753155,0.0057888944,0.007248098,0.040089816,0.89107394,,0.89107394,look,0,,42,look_f0_s42_in22k_v5fix,last
ISIC_0070077,BCN_0001114,BCN_0001114,<40,bcn20000,5,False,5,0.01224884,0.006905425,0.0066706133,0.0710232,0.0061105313,0.8452441,0.051797304,0.025264796,,0.025264796,look,0,,42,look_f0_s42_in22k_v5fix,last
ISIC_0070102,BCN_0003889,BCN_0003889,60+,bcn20000,1,True,1,0.1810123,0.6366036,0.0045451857,0.08204023,0.007310023,0.003927623,0.084560975,0.8249259,,0.8249259,look,0,,42,look_f0_s42_in22k_v5fix,last
ISIC_0070118,BCN_0000319,BCN_0000319,60+,bcn20000,4,True,4,0.009101961,0.013754525,0.06695538,0.060434338,0.7967098,0.0021401893,0.05090392,0.81956625,,0.81956625,look,0,,42,look_f0_s42_in22k_v5fix,last
ISIC_0070146,BCN_0003657,BCN_0003657,60+,bcn20000,1,True,1,0.0077416697,0.9105481,0.0045915055,0.04178195,0.002461032,0.0043937387,0.028482048,0.9207508,,0.9207508,look,0,,42,look_f0_s42_in22k_v5fix,last
ISIC_0070163,BCN_0000319,BCN_0000319,60+,bcn20000,4,True,4,0.0043536993,0.32620844,0.012496103,0.056309495,0.542264,0.010413767,0.04795445,0.8728261,,0.8728261,look,0,,42,look_f0_s42_in22k_v5fix,last
ISIC_0070169,BCN_0005125,BCN_0005125,40-59,bcn20000,5,False,5,0.0142912455,0.015693236,0.0086933905,0.06296421,0.010564213,0.83583677,0.05195703,0.040548693,,0.040548693,look,0,,42,look_f0_s42_in22k_v5fix,last
ISIC_0070170,BCN_0001729,BCN_0001729,60+,bcn20000,4,True,4,0.013476644,0.0034936073,0.0028252918,0.060197953,0.87225026,0.0021662633,0.04558996,0.88922054,,0.88922054,look,0,,42,look_f0_s42_in22k_v5fix,last
ISIC_0070195,BCN_0004010,BCN_0004010,40-59,bcn20000,0,True,3,0.13244787,0.0036699865,0.004274162,0.83866507,0.0006472063,0.00044747296,0.019848209,0.13676506,,0.13676506,look,0,,42,look_f0_s42_in22k_v5fix,last
ISIC_0070197,BCN_0004870,BCN_0004870,60+,bcn20000,1,True,1,0.0111005865,0.7963598,0.013225874,0.07257597,0.006422551,0.0025540262,0.09776123,0.81388295,,0.81388295,look,0,,42,look_f0_s42_in22k_v5fix,last
ISIC_0070217,BCN_0004877,BCN_0004877,40-59,bcn20000,4,True,5,0.004922226,0.010331263,0.007702867,0.044449087,0.0470336,0.8468025,0.038758494,0.06228709,,0.06228709,look,0,,42,look_f0_s42_in22k_v5fix,last
ISIC_0070226,BCN_0003597,BCN_0003597,<40,bcn20000,5,False,5,0.009058379,0.009663584,0.0049696895,0.07567749,0.0044751274,0.8427096,0.05344608,0.02319709,,0.02319709,look,0,,42,look_f0_s42_in22k_v5fix,last
ISIC_0070228,BCN_0000643,BCN_0000643,unknown,bcn20000,5,False,4,0.007867306,0.0031433725,0.00670386,0.07453315,0.46346536,0.37152258,0.07276437,0.47447604,,0.47447604,look,0,,42,look_f0_s42_in22k_v5fix,last
ISIC_0070236,BCN_0003162,BCN_0003162,60+,bcn20000,1,True,5,0.014536287,0.0465109,0.0056845546,0.06959874,0.013712853,0.8014176,0.04853903,0.07476004,,0.07476004,look,0,,42,look_f0_s42_in22k_v5fix,last
ISIC_0070238,BCN_0002794,BCN_0002794,60+,bcn20000,2,False,2,0.0048815524,0.005292218,0.9148879,0.039965726,0.0035348139,0.002083275,0.02935447,0.013708584,,0.013708584,look,0,,42,look_f0_s42_in22k_v5fix,last
ISIC_0070261,BCN_0000303,BCN_0000303,<40,bcn20000,2,False,5,0.01500007,0.012697482,0.008360461,0.065556675,0.012067457,0.8364098,0.04990805,0.039765008,,0.039765008,look,0,,42,look_f0_s42_in22k_v5fix,last
ISIC_0070279,BCN_0005030,BCN_0005030,<40,bcn20000,5,False,5,0.028693005,0.018848121,0.028669357,0.09103623,0.005324839,0.76977575,0.05765266,0.052865967,,0.052865967,look,0,,42,look_f0_s42_in22k_v5fix,last
ISIC_0070338,BCN_0003497,BCN_0003497,60+,bcn20000,0,True,1,0.0048379935,0.8859346,0.0061401543,0.051145967,0.0073126936,0.004345271,0.040283367,0.8980853,,0.8980853,look,0,,42,look_f0_s42_in22k_v5fix,last
ISIC_0070361,BCN_0001061,BCN_0001061,<40,bcn20000,5,False,5,0.010851575,0.0067015,0.0071702506,0.07049977,0.0055213133,0.8498918,0.04936388,0.023074389,,0.023074389,look,0,,42,look_f0_s42_in22k_v5fix,last
ISIC_0070392,BCN_0000512,BCN_0000512,<40,bcn20000,5,False,5,0.013031351,0.007699053,0.0066999514,0.07023181,0.0043828445,0.8513521,0.046602976,0.02511325,,0.02511325,look,0,,42,look_f0_s42_in22k_v5fix,last
ISIC_0070427,BCN_0001108,BCN_0001108,60+,bcn20000,4,True,4,0.0063639083,0.0030688187,0.012369222,0.057176594,0.87697655,0.005822837,0.038222134,0.8864093,,0.8864093,look,0,,42,look_f0_s42_in22k_v5fix,last
ISIC_0070447,BCN_0000906,BCN_0000906,60+,bcn20000,4,True,4,0.020514654,0.05209214,0.022487726,0.1432978,0.6333526,0.023007477,0.105247594,0.7059594,,0.7059594,look,0,,42,look_f0_s42_in22k_v5fix,last
ISIC_0070483,BCN_0005316,BCN_0005316,60+,bcn20000,0,True,2,0.30894503,0.014950565,0.4757109,0.11254764,0.01277739,0.0064942767,0.06857417,0.336673,,0.336673,look,0,,42,look_f0_s42_in22k_v5fix,last
ISIC_0070525,BCN_0004282,BCN_0004282,40-59,bcn20000,1,True,1,0.0054331687,0.83164084,0.00974317,0.11254456,0.0020190107,0.002323814,0.03629549,0.83909297,,0.83909297,look,0,,42,look_f0_s42_in22k_v5fix,last
ISIC_0070540,BCN_0001699,BCN_0001699,40-59,bcn20000,2,False,4,0.011054609,0.0025626065,0.036674418,0.041459747,0.86592215,0.0134170875,0.028909402,0.8795394,,0.8795394,look,0,,42,look_f0_s42_in22k_v5fix,last
ISIC_0070541,BCN_0005353,BCN_0005353,60+,bcn20000,1,True,1,0.004654534,0.8975632,0.00449588,0.048152335,0.0034365563,0.006143349,0.035554007,0.9056543,,0.9056543,look,0,,42,look_f0_s42_in22k_v5fix,last
ISIC_0070547,BCN_0002841,BCN_0002841,40-59,bcn20000,5,False,5,0.0071150246,0.010969725,0.012805085,0.055600666,0.003516953,0.86497617,0.04501641,0.021601703,,0.021601703,look,0,,42,look_f0_s42_in22k_v5fix,last
ISIC_0070549,BCN_0001163,BCN_0001163,60+,bcn20000,4,True,4,0.011119051,0.0057837763,0.006046819,0.059594568,0.872085,0.0035647564,0.04180601,0.8889878,,0.8889878,look,0,,42,look_f0_s42_in22k_v5fix,last
ISIC_0070566,BCN_0003907,BCN_0003907,60+,bcn20000,4,True,4,0.008177332,0.005394769,0.0057634,0.05341307,0.8828145,0.0051636775,0.039273206,0.8963866,,0.8963866,look,0,,42,look_f0_s42_in22k_v5fix,last
ISIC_0070571,BCN_0002440,BCN_0002440,40-59,bcn20000,5,False,4,0.007200571,0.005646454,0.008123968,0.066360444,0.83303756,0.03248952,0.04714147,0.84588456,,0.84588456,look,0,,42,look_f0_s42_in22k_v5fix,last
ISIC_0070588,BCN_0004066,BCN_0004066,60+,bcn20000,4,True,4,0.0063240393,0.013754594,0.0064816484,0.0684481,0.85148126,0.010154647,0.043355722,0.8715599,,0.8715599,look,0,,42,look_f0_s42_in22k_v5fix,last
ISIC_0070619,BCN_0002854,BCN_0002854,60+,bcn20000,2,False,0,0.8035059,0.08106006,0.003039274,0.06716045,0.005121729,0.0007666854,0.039345957,0.88968766,,0.88968766,look,0,,42,look_f0_s42_in22k_v5fix,last
ISIC_0070622,BCN_0002794,BCN_0002794,60+,bcn20000,2,False,2,0.26654592,0.015100367,0.52684796,0.11576732,0.0050464994,0.005207343,0.065484606,0.28669277,,0.28669277,look,0,,42,look_f0_s42_in22k_v5fix,last
ISIC_0070640,BCN_0001602,BCN_0001602,40-59,bcn20000,5,False,5,0.012323472,0.0075487536,0.0073276474,0.065867275,0.008063711,0.8498348,0.04903434,0.027935937,,0.027935937,look,0,,42,look_f0_s42_in22k_v5fix,last
ISIC_0070667,BCN_0000643,BCN_0000643,unknown,bcn20000,5,False,5,0.01100033,0.00399803,0.004615417,0.094111905,0.2491974,0.5660026,0.071074344,0.26419574,,0.26419574,look,0,,42,look_f0_s42_in22k_v5fix,last
ISIC_0070682,BCN_0001804,BCN_0001804,60+,bcn20000,1,True,0,0.88468856,0.03930853,0.003003837,0.034144044,0.0021523389,0.0012157387,0.035487015,0.9261494,,0.9261494,look,0,,42,look_f0_s42_in22k_v5fix,last
ISIC_0070713,BCN_0001154,BCN_0001154,60+,bcn20000,0,True,1,0.010450657,0.88262236,0.0043053455,0.052339293,0.004029329,0.0049412297,0.041311853,0.89710236,,0.89710236,look,0,,42,look_f0_s42_in22k_v5fix,last
ISIC_0070722,BCN_0003316,BCN_0003316,60+,bcn20000,5,False,2,0.0040192134,0.0034519862,0.89973325,0.040814362,0.003339976,0.009104524,0.039536707,0.010811176,,0.010811176,look,0,,42,look_f0_s42_in22k_v5fix,last
ISIC_0070734,BCN_0004274,BCN_0004274,60+,bcn20000,1,True,4,0.09848089,0.095163904,0.04405737,0.15665114,0.5322266,0.0046859304,0.06873418,0.72587144,,0.72587144,look,0,,42,look_f0_s42_in22k_v5fix,last
ISIC_0070737,BCN_0004865,BCN_0004865,60+,bcn20000,0,True,0,0.93589985,0.0014318569,0.008878761,0.025296988,0.0020814736,0.0026740215,0.02373704,0.9394132,,0.9394132,look,0,,42,look_f0_s42_in22k_v5fix,last
ISIC_0070744,BCN_0003487,BCN_0003487,40-59,bcn20000,1,True,1,0.011884577,0.8783041,0.0073580532,0.057580158,0.0041686012,0.0040492574,0.036655225,0.8943573,,0.8943573,look,0,,42,look_f0_s42_in22k_v5fix,last
ISIC_0070754,BCN_0000672,BCN_0000672,60+,bcn20000,0,True,0,0.94394714,0.001617653,0.0022794914,0.026690595,0.0046009263,0.0030464255,0.01781774,0.95016575,,0.95016575,look,0,,42,look_f0_s42_in22k_v5fix,last
ISIC_0070756,BCN_0003907,BCN_0003907,60+,bcn20000,4,True,1,0.038047325,0.46567237,0.007996465,0.13794918,0.23332547,0.012561324,0.10444786,0.73704517,,0.73704517,look,0,,42,look_f0_s42_in22k_v5fix,last
ISIC_0070786,BCN_0002273,BCN_0002273,<40,bcn20000,5,False,5,0.00930198,0.004790889,0.0049787825,0.06776944,0.011085987,0.8545996,0.04747322,0.025178857,,0.025178857,look,0,,42,look_f0_s42_in22k_v5fix,last
ISIC_0070806,BCN_0001602,BCN_0001602,40-59,bcn20000,5,False,5,0.009602981,0.005686444,0.0067917076,0.062221095,0.0075182472,0.8618172,0.046362307,0.022807673,,0.022807673,look,0,,42,look_f0_s42_in22k_v5fix,last
ISIC_0070812,BCN_0001679,BCN_0001679,60+,bcn20000,2,False,4,0.0064906543,0.005555183,0.013028012,0.058055542,0.87215215,0.004039906,0.04067855,0.884198,,0.884198,look,0,,42,look_f0_s42_in22k_v5fix,last
ISIC_0070814,BCN_0004254,BCN_0004254,40-59,bcn20000,4,True,5,0.008009141,0.006888648,0.004699319,0.06345003,0.01429127,0.8533187,0.049342938,0.02918906,,0.02918906,look,0,,42,look_f0_s42_in22k_v5fix,last
ISIC_0070815,BCN_0000360,BCN_0000360,40-59,bcn20000,4,True,5,0.007876144,0.004888579,0.008469898,0.060932867,0.010702278,0.86655074,0.040579423,0.023467,,0.023467,look,0,,42,look_f0_s42_in22k_v5fix,last
ISIC_0070819,BCN_0002348,BCN_0002348,<40,bcn20000,5,False,1,0.009306343,0.8907347,0.0074334177,0.052736998,0.004008975,0.0040086005,0.031770922,0.90405,,0.90405,look,0,,42,look_f0_s42_in22k_v5fix,last
ISIC_0070843,BCN_0000585,BCN_0000585,40-59,bcn20000,1,True,1,0.007821505,0.88435286,0.0060093766,0.051045243,0.0054402505,0.0051417593,0.040188946,0.8976146,,0.8976146,look,0,,42,look_f0_s42_in22k_v5fix,last
ISIC_0070900,BCN_0004009,BCN_0004009,60+,bcn20000,5,False,4,0.007255144,0.0052176067,0.0077959136,0.060727924,0.86724377,0.0075718556,0.044187766,0.8797165,,0.8797165,look,0,,42,look_f0_s42_in22k_v5fix,last
ISIC_0070907,BCN_0003202,BCN_0003202,40-59,bcn20000,2,False,0,0.63864183,0.020629762,0.002261479,0.30402765,0.0046592057,0.0030583455,0.026721666,0.6639308,,0.6639308,look,0,,42,look_f0_s42_in22k_v5fix,last
ISIC_0070931,BCN_0002577,BCN_0002577,40-59,bcn20000,4,True,4,0.007997265,0.0047463635,0.006025316,0.054907516,0.8786294,0.0035474808,0.044146683,0.89137304,,0.89137304,look,0,,42,look_f0_s42_in22k_v5fix,last
ISIC_0070935,BCN_0001106,BCN_0001106,60+,bcn20000,1,True,0,0.51398784,0.2327053,0.011259083,0.10038569,0.035453867,0.0009394423,0.1052688,0.782147,,0.782147,look,0,,42,look_f0_s42_in22k_v5fix,last
ISIC_0070953,BCN_0000511,BCN_0000511,60+,bcn20000,1,True,1,0.02994954,0.84921557,0.0040301993,0.068123646,0.024602316,0.0012179349,0.02286077,0.9037674,,0.9037674,look,0,,42,look_f0_s42_in22k_v5fix,last
ISIC_0070954,BCN_0002030,BCN_0002030,60+,bcn20000,2,False,2,0.0064165397,0.0071330788,0.90117186,0.047349937,0.0033308573,0.009450579,0.025147172,0.016880475,,0.016880475,look,0,,42,look_f0_s42_in22k_v5fix,last
ISIC_0070955,BCN_0002607,BCN_0002607,40-59,bcn20000,5,False,5,0.010862252,0.0041739657,0.0056666406,0.058934715,0.003222639,0.87067616,0.046463657,0.018258857,,0.018258857,look,0,,42,look_f0_s42_in22k_v5fix,last
ISIC_0070958,BCN_0005287,BCN_0005287,40-59,bcn20000,1,True,1,0.009143298,0.87460566,0.0063513354,0.05707234,0.0057099233,0.007342333,0.03977509,0.8894589,,0.8894589,look,0,,42,look_f0_s42_in22k_v5fix,last
ISIC_0070978,BCN_0000588,BCN_0000588,<40,bcn20000,5,False,5,0.010899824,0.0074185524,0.007842662,0.06810479,0.008378212,0.8429434,0.054412674,0.026696589,,0.026696589,look,0,,42,look_f0_s42_in22k_v5fix,last
ISIC_0070990,BCN_0000444,BCN_0000444,40-59,bcn20000,4,True,4,0.01367966,0.0067313,0.007033628,0.0704176,0.85503465,0.0033049968,0.04379819,0.8754456,,0.8754456,look,0,,42,look_f0_s42_in22k_v5fix,last
ISIC_0071003,BCN_0005046,BCN_0005046,60+,bcn20000,1,True,1,0.007832801,0.87546086,0.008965338,0.058525443,0.006513455,0.004326489,0.03837561,0.88980716,,0.88980716,look,0,,42,look_f0_s42_in22k_v5fix,last
ISIC_0071013,BCN_0001430,BCN_0001430,40-59,bcn20000,2,False,4,0.01387033,0.0073091225,0.082986,0.08766431,0.7473218,0.005257594,0.055590793,0.7685012,,0.7685012,look,0,,42,look_f0_s42_in22k_v5fix,last
ISIC_0071044,BCN_0002464,BCN_0002464,40-59,bcn20000,6,False,1,0.0061184242,0.8059086,0.0061112456,0.07683891,0.007875274,0.03876196,0.058385562,0.8199023,,0.8199023,look,0,,42,look_f0_s42_in22k_v5fix,last
ISIC_0071053,BCN_0001151,BCN_0001151,60+,bcn20000,1,True,2,0.13347317,0.020017946,0.6564215,0.10827909,0.0046707755,0.0035845067,0.07355311,0.1581619,,0.1581619,look,0,,42,look_f0_s42_in22k_v5fix,last
ISIC_0071078,BCN_0005516,BCN_0005516,40-59,bcn20000,5,False,5,0.036808655,0.0018050952,0.12283712,0.06900751,0.008453795,0.70010877,0.06097911,0.047067545,,0.047067545,look,0,,42,look_f0_s42_in22k_v5fix,last
ISIC_0071096,BCN_0003921,BCN_0003921,<40,bcn20000,5,False,5,0.009775619,0.0042920606,0.0042735175,0.067281894,0.010556088,0.85678667,0.0470341,0.024623767,,0.024623767,look,0,,42,look_f0_s42_in22k_v5fix,last
ISIC_0071102,BCN_0000241,BCN_0000241,40-59,bcn20000,1,True,1,0.00727734,0.88102823,0.005156255,0.056387383,0.0058394405,0.00479208,0.039519303,0.8941451,,0.8941451,look,0,,42,look_f0_s42_in22k_v5fix,last
ISIC_0071103,BCN_0001987,BCN_0001987,40-59,bcn20000,5,False,5,0.013045729,0.005828762,0.22420545,0.15764898,0.15364611,0.33937207,0.106252864,0.17252061,,0.17252061,look,0,,42,look_f0_s42_in22k_v5fix,last
ISIC_0071106,BCN_0001841,BCN_0001841,<40,bcn20000,5,False,5,0.00952266,0.006137807,0.0064758984,0.065250844,0.0066649886,0.8602842,0.045663618,0.022325456,,0.022325456,look,0,,42,look_f0_s42_in22k_v5fix,last
ISIC_0071107,BCN_0002841,BCN_0002841,40-59,bcn20000,5,False,5,0.012808659,0.009641449,0.005019561,0.08046538,0.0018131181,0.83801925,0.052232556,0.024263225,,0.024263225,look,0,,42,look_f0_s42_in22k_v5fix,last
ISIC_0071114,BCN_0002034,BCN_0002034,60+,bcn20000,1,True,5,0.016839515,0.26880983,0.011785672,0.1376878,0.0112399375,0.46007535,0.09356189,0.29688928,,0.29688928,look,0,,42,look_f0_s42_in22k_v5fix,last
ISIC_0071121,BCN_0002881,BCN_0002881,40-59,bcn20000,5,False,1,0.008518868,0.90516174,0.0039011072,0.043881476,0.0030970436,0.006536547,0.028903196,0.9167777,,0.9167777,look,0,,42,look_f0_s42_in22k_v5fix,last
ISIC_0071174,BCN_0005324,BCN_0005324,<40,bcn20000,5,False,5,0.008832662,0.004993123,0.0036026645,0.068406865,0.010489257,0.854107,0.04956838,0.024315042,,0.024315042,look,0,,42,look_f0_s42_in22k_v5fix,last
ISIC_0071179,BCN_0002843,BCN_0002843,60+,bcn20000,4,True,4,0.0053223665,0.022541152,0.0043124417,0.06360615,0.8547218,0.0010906674,0.04840544,0.8825853,,0.8825853,look,0,,42,look_f0_s42_in22k_v5fix,last
ISIC_0071181,BCN_0002740,BCN_0002740,<40,bcn20000,5,False,5,0.0076495013,0.004631152,0.0044555007,0.061843723,0.0055349823,0.8675311,0.048354004,0.017815635,,0.017815635,look,0,,42,look_f0_s42_in22k_v5fix,last
ISIC_0071186,BCN_0001154,BCN_0001154,60+,bcn20000,0,True,1,0.0077512013,0.9013453,0.0043152156,0.046769608,0.0033029113,0.0042156302,0.032300033,0.9123995,,0.9123995,look,0,,42,look_f0_s42_in22k_v5fix,last
ISIC_0071192,BCN_0003760,BCN_0003760,<40,bcn20000,4,True,2,0.27612972,0.009309184,0.6041376,0.046520513,0.017047293,0.002199527,0.044656232,0.30248618,,0.30248618,look,0,,42,look_f0_s42_in22k_v5fix,last
ISIC_0071216,BCN_0002740,BCN_0002740,<40,bcn20000,5,False,5,0.008957507,0.004362519,0.0042550736,0.06793302,0.0040551852,0.8593641,0.051072665,0.017375212,,0.017375212,look,0,,42,look_f0_s42_in22k_v5fix,last
ISIC_0071246,BCN_0003316,BCN_0003316,60+,bcn20000,5,False,5,0.00956077,0.0054691546,0.0085653765,0.077358,0.030248135,0.8059799,0.06281864,0.04527806,,0.04527806,look,0,,42,look_f0_s42_in22k_v5fix,last
ISIC_0071276,BCN_0004139,BCN_0004139,40-59,bcn20000,2,False,0,0.6176,0.007257483,0.19464493,0.0824615,0.009018144,0.0069827186,0.08203514,0.6338756,,0.6338756,look,0,,42,look_f0_s42_in22k_v5fix,last
ISIC_0071322,BCN_0001143,BCN_0001143,40-59,bcn20000,0,True,5,0.124501504,0.010103947,0.043687657,0.092446655,0.003305039,0.6243655,0.101589605,0.13791049,,0.13791049,look,0,,42,look_f0_s42_in22k_v5fix,last
ISIC_0071346,BCN_0004877,BCN_0004877,40-59,bcn20000,4,True,2,0.012475099,0.009033133,0.8562383,0.058665745,0.0034863628,0.01442902,0.045672305,0.024994595,,0.024994595,look,0,,42,look_f0_s42_in22k_v5fix,last
ISIC_0071365,BCN_0000518,BCN_0000518,60+,bcn20000,2,False,2,0.0069592004,0.005530777,0.9001221,0.045703642,0.0027171457,0.005376966,0.033590093,0.015207123,,0.015207123,look,0,,42,look_f0_s42_in22k_v5fix,last
ISIC_0071369,BCN_0004274,BCN_0004274,60+,bcn20000,1,True,1,0.25393614,0.28825644,0.0064883344,0.22970952,0.1527737,0.0034652483,0.06537066,0.69496626,,0.69496626,look,0,,42,look_f0_s42_in22k_v5fix,last
ISIC_0071386,BCN_0001370,BCN_0001370,40-59,bcn20000,5,False,5,0.014071796,0.009264836,0.0075963615,0.06972754,0.005500089,0.8441339,0.04970534,0.028836722,,0.028836722,look,0,,42,look_f0_s42_in22k_v5fix,last
ISIC_0071397,BCN_0001106,BCN_0001106,60+,bcn20000,1,True,1,0.007824859,0.845221,0.0071502556,0.06137955,0.037148055,0.0013932228,0.03988307,0.8901939,,0.8901939,look,0,,42,look_f0_s42_in22k_v5fix,last
ISIC_0071410,BCN_0002684,BCN_0002684,40-59,bcn20000,5,False,5,0.015768142,0.0048303776,0.018980326,0.07031004,0.013808343,0.8228795,0.053423196,0.034406863,,0.034406863,look,0,,42,look_f0_s42_in22k_v5fix,last
ISIC_0071445,BCN_0002983,BCN_0002983,40-59,bcn20000,2,False,2,0.0074057933,0.0036029057,0.90788835,0.041955158,0.0040016784,0.002999914,0.032146145,0.015010377,,0.015010377,look,0,,42,look_f0_s42_in22k_v5fix,last
ISIC_0071449,BCN_0004822,BCN_0004822,60+,bcn20000,0,True,5,0.017874965,0.2531356,0.015816333,0.20520389,0.028371572,0.3757139,0.10388366,0.29938212,,0.29938212,look,0,,42,look_f0_s42_in22k_v5fix,last
ISIC_0071450,BCN_0005287,BCN_0005287,40-59,bcn20000,1,True,1,0.008562855,0.8701585,0.0077143544,0.05406056,0.0072527523,0.012825925,0.039425123,0.8859741,,0.8859741,look,0,,42,look_f0_s42_in22k_v5fix,last
ISIC_0071457,BCN_0000497,BCN_0000497,60+,bcn20000,5,False,5,0.008921458,0.0044764928,0.011754772,0.06605189,0.015936196,0.84742135,0.045437854,0.029334147,,0.029334147,look,0,,42,look_f0_s42_in22k_v5fix,last
ISIC_0071543,BCN_0001948,BCN_0001948,40-59,bcn20000,6,False,1,0.010089396,0.40678477,0.012049889,0.12666672,0.008868942,0.24174236,0.19379793,0.4257431,,0.4257431,look,0,,42,look_f0_s42_in22k_v5fix,last
ISIC_0071545,BCN_0002854,BCN_0002854,60+,bcn20000,2,False,1,0.10916628,0.590241,0.04165248,0.1419587,0.04731221,0.00054706616,0.06912225,0.7467195,,0.7467195,look,0,,42,look_f0_s42_in22k_v5fix,last
ISIC_0071555,BCN_0004002,BCN_0004002,60+,bcn20000,1,True,1,0.04153126,0.8641128,0.0026193676,0.056407098,0.0022387933,0.004786856,0.028303884,0.90788287,,0.90788287,look,0,,42,look_f0_s42_in22k_v5fix,last
ISIC_0071559,BCN_0000029,BCN_0000029,40-59,bcn20000,4,True,5,0.010405216,0.0067706453,0.009198476,0.06922444,0.004359966,0.8533494,0.046691846,0.021535827,,0.021535827,look,0,,42,look_f0_s42_in22k_v5fix,last
ISIC_0071606,BCN_0001154,BCN_0001154,60+,bcn20000,0,True,1,0.010450657,0.88262236,0.0043053455,0.052339293,0.004029329,0.0049412297,0.041311853,0.89710236,,0.89710236,look,0,,42,look_f0_s42_in22k_v5fix,last
ISIC_0071650,BCN_0002077,BCN_0002077,<40,bcn20000,5,False,5,0.010640746,0.007190399,0.006472331,0.06338796,0.0049286727,0.8655487,0.041831188,0.022759818,,0.022759818,look,0,,42,look_f0_s42_in22k_v5fix,last
ISIC_0071672,BCN_0003751,BCN_0003751,60+,bcn20000,1,True,5,0.010462739,0.008161925,0.03957719,0.07097696,0.00585381,0.747224,0.11774337,0.024478473,,0.024478473,look,0,,42,look_f0_s42_in22k_v5fix,last
ISIC_0071687,BCN_0000168,BCN_0000168,40-59,bcn20000,5,False,5,0.011166446,0.0073243743,0.010244503,0.06437239,0.0033797272,0.8649049,0.03860769,0.021870548,,0.021870548,look,0,,42,look_f0_s42_in22k_v5fix,last
ISIC_0071690,BCN_0001512,BCN_0001512,60+,bcn20000,0,True,0,0.8967654,0.0016368467,0.02310073,0.03786336,0.0052199177,0.0030002962,0.032413468,0.9036222,,0.9036222,look,0,,42,look_f0_s42_in22k_v5fix,last
ISIC_0071691,BCN_0002563,BCN_0002563,60+,bcn20000,5,False,5,0.014879276,0.006544016,0.0040021753,0.07211998,0.0031723902,0.8468143,0.052467875,0.024595682,,0.024595682,look,0,,42,look_f0_s42_in22k_v5fix,last
ISIC_0071692,BCN_0004602,BCN_0004602,60+,bcn20000,1,True,1,0.013035773,0.85265595,0.006597261,0.06433383,0.0070309476,0.003027877,0.053318307,0.8727227,,0.8727227,look,0,,42,look_f0_s42_in22k_v5fix,last
ISIC_0071712,BCN_0003584,BCN_0003584,60+,bcn20000,4,True,4,0.00883211,0.007199449,0.0061990456,0.05352553,0.8793732,0.0034982066,0.0413725,0.89540476,,0.89540476,look,0,,42,look_f0_s42_in22k_v5fix,last
ISIC_0071746,BCN_0000652,BCN_0000652,60+,bcn20000,4,True,2,0.005503936,0.003512095,0.90489674,0.050926708,0.003238644,0.0017638211,0.030158017,0.012254676,,0.012254676,look,0,,42,look_f0_s42_in22k_v5fix,last
ISIC_0071753,BCN_0005136,BCN_0005136,60+,bcn20000,2,False,0,0.7793364,0.0073413514,0.010191019,0.06619668,0.08981658,0.0053259623,0.041792,0.8764943,,0.8764943,look,0,,42,look_f0_s42_in22k_v5fix,last
ISIC_0071756,BCN_0001805,BCN_0001805,60+,bcn20000,0,True,0,0.7812075,0.0068533584,0.080554135,0.0645593,0.008615598,0.007143849,0.05106627,0.79667646,,0.79667646,look,0,,42,look_f0_s42_in22k_v5fix,last
ISIC_0071761,BCN_0004096,BCN_0004096,<40,bcn20000,5,False,5,0.009850325,0.0045643337,0.005153383,0.11987076,0.1114194,0.6617265,0.08741531,0.12583406,,0.12583406,look,0,,42,look_f0_s42_in22k_v5fix,last
ISIC_0071787,BCN_0002464,BCN_0002464,40-59,bcn20000,6,False,6,0.0028072365,0.10362434,0.00583112,0.056417745,0.0040845657,0.08040474,0.74683017,0.11051614,,0.11051614,look,0,,42,look_f0_s42_in22k_v5fix,last
ISIC_0071793,BCN_0002404,BCN_0002404,60+,bcn20000,2,False,2,0.021133222,0.05730554,0.753929,0.10244213,0.0029936729,0.0070012887,0.055195145,0.08143243,,0.08143243,look,0,,42,look_f0_s42_in22k_v5fix,last
ISIC_0071815,BCN_0000121,BCN_0000121,60+,bcn20000,4,True,4,0.034053814,0.09822663,0.0034194733,0.11587694,0.68227553,0.0024910423,0.06365657,0.814556,,0.814556,look,0,,42,look_f0_s42_in22k_v5fix,last
ISIC_0071824,BCN_0001818,BCN_0001818,40-59,bcn20000,5,False,5,0.015643341,0.009023255,0.008215133,0.072465695,0.011953746,0.8369185,0.045780323,0.03662034,,0.03662034,look,0,,42,look_f0_s42_in22k_v5fix,last
ISIC_0071828,BCN_0002258,BCN_0002258,60+,bcn20000,2,False,4,0.005784025,0.004463014,0.011047004,0.06429144,0.86502403,0.0053974544,0.043992978,0.8752711,,0.8752711,look,0,,42,look_f0_s42_in22k_v5fix,last
ISIC_0071834,BCN_0004877,BCN_0004877,40-59,bcn20000,4,True,5,0.003745288,0.26964417,0.008890479,0.08154453,0.086372204,0.489162,0.06064133,0.35976166,,0.35976166,look,0,,42,look_f0_s42_in22k_v5fix,last
ISIC_0071857,BCN_0003907,BCN_0003907,60+,bcn20000,4,True,4,0.006342505,0.0068586194,0.006465287,0.049944293,0.8874478,0.0058497726,0.037091732,0.9006489,,0.9006489,look,0,,42,look_f0_s42_in22k_v5fix,last
ISIC_0071863,BCN_0004504,BCN_0004504,40-59,bcn20000,5,False,5,0.012654037,0.007843706,0.009275827,0.07153784,0.0066569205,0.8401978,0.051833913,0.027154664,,0.027154664,look,0,,42,look_f0_s42_in22k_v5fix,last
ISIC_0071920,BCN_0003096,BCN_0003096,60+,bcn20000,1,True,1,0.0797967,0.76853585,0.01563704,0.06998054,0.0024302024,0.0027196868,0.060899917,0.8507627,,0.8507627,look,0,,42,look_f0_s42_in22k_v5fix,last
ISIC_0071958,BCN_0004060,BCN_0004060,40-59,bcn20000,1,True,4,0.022188965,0.006230304,0.0032372738,0.056928255,0.86624855,0.007667729,0.03749894,0.8946678,,0.8946678,look,0,,42,look_f0_s42_in22k_v5fix,last
ISIC_0071972,BCN_0004254,BCN_0004254,40-59,bcn20000,4,True,5,0.009157268,0.0049641845,0.0062136278,0.06293913,0.0062535354,0.8609956,0.04947652,0.020374987,,0.020374987,look,0,,42,look_f0_s42_in22k_v5fix,last
ISIC_0071976,BCN_0004153,BCN_0004153,60+,bcn20000,0,True,1,0.007871735,0.6960708,0.026784245,0.10526434,0.099941164,0.02206815,0.041999493,0.8038837,,0.8038837,look,0,,42,look_f0_s42_in22k_v5fix,last
ISIC_0071979,BCN_0005292,BCN_0005292,40-59,bcn20000,1,True,2,0.011192633,0.21093805,0.46512172,0.16237709,0.030525753,0.030889567,0.08895519,0.25265643,,0.25265643,look,0,,42,look_f0_s42_in22k_v5fix,last
ISIC_0071988,BCN_0001085,BCN_0001085,60+,bcn20000,4,True,4,0.0067625875,0.023203373,0.0062376475,0.069821484,0.8546385,0.0011676728,0.038168754,0.88460445,,0.88460445,look,0,,42,look_f0_s42_in22k_v5fix,last
ISIC_0072017,BCN_0004190,BCN_0004190,<40,bcn20000,5,False,5,0.009501374,0.0060264403,0.0059502465,0.06361619,0.0064940103,0.8588096,0.049602132,0.022021824,,0.022021824,look,0,,42,look_f0_s42_in22k_v5fix,last
ISIC_0072018,BCN_0000927,BCN_0000927,60+,bcn20000,0,True,0,0.59603626,0.0048886673,0.075547524,0.12599646,0.009889034,0.13267085,0.05497117,0.6108139,,0.6108139,look,0,,42,look_f0_s42_in22k_v5fix,last
ISIC_0072038,BCN_0000290,BCN_0000290,60+,bcn20000,0,True,0,0.26116484,0.20071469,0.2591387,0.1584097,0.012783379,0.008995981,0.09879273,0.47466293,,0.47466293,look,0,,42,look_f0_s42_in22k_v5fix,last
ISIC_0072045,BCN_0001068,BCN_0001068,60+,bcn20000,3,False,1,0.010070501,0.8873505,0.0072569246,0.051826883,0.0056994264,0.0037333367,0.034062397,0.90312046,,0.90312046,look,0,,42,look_f0_s42_in22k_v5fix,last
ISIC_0072055,BCN_0004174,BCN_0004174,60+,bcn20000,2,False,0,0.8223362,0.002085226,0.071242586,0.04565627,0.016980644,0.0030189473,0.03868004,0.84140205,,0.84140205,look,0,,42,look_f0_s42_in22k_v5fix,last
ISIC_0072060,BCN_0000332,BCN_0000332,60+,bcn20000,1,True,1,0.113981016,0.72404414,0.0046614776,0.093269445,0.005484421,0.0046523334,0.053907163,0.84350955,,0.84350955,look,0,,42,look_f0_s42_in22k_v5fix,last
ISIC_0072062,BCN_0005033,BCN_0005033,40-59,bcn20000,5,False,5,0.016817939,0.014946355,0.008060687,0.122881465,0.14196752,0.62088597,0.07444003,0.1737318,,0.1737318,look,0,,42,look_f0_s42_in22k_v5fix,last
ISIC_0072070,BCN_0004346,BCN_0004346,60+,bcn20000,2,False,0,0.9205646,0.012379283,0.0034400034,0.035689566,0.0019365941,0.0022740394,0.023715902,0.9348805,,0.9348805,look,0,,42,look_f0_s42_in22k_v5fix,last
ISIC_0072085,BCN_0003597,BCN_0003597,<40,bcn20000,5,False,5,0.012047581,0.007495298,0.0062357974,0.06836078,0.006301759,0.8517401,0.04781854,0.02584464,,0.02584464,look,0,,42,look_f0_s42_in22k_v5fix,last
ISIC_0072087,BCN_0001729,BCN_0001729,60+,bcn20000,4,True,0,0.27266043,0.030262591,0.0008326299,0.23731759,0.26032007,0.03325088,0.16535586,0.5632431,,0.5632431,look,0,,42,look_f0_s42_in22k_v5fix,last
ISIC_0072092,BCN_0004002,BCN_0004002,60+,bcn20000,1,True,1,0.11317028,0.74656516,0.0024195977,0.08075176,0.0037432942,0.0062983087,0.047051467,0.8634787,,0.8634787,look,0,,42,look_f0_s42_in22k_v5fix,last
ISIC_0072103,BCN_0003907,BCN_0003907,60+,bcn20000,4,True,4,0.0049036345,0.0037836398,0.0070703607,0.03646676,0.92048305,0.0022474285,0.0250451,0.9291703,,0.9291703,look,0,,42,look_f0_s42_in22k_v5fix,last
ISIC_0072105,BCN_0003389,BCN_0003389,60+,bcn20000,1,True,4,0.004805506,0.0024626183,0.01864272,0.026745949,0.923989,0.0034170856,0.019937132,0.9312571,,0.9312571,look,0,,42,look_f0_s42_in22k_v5fix,last
ISIC_0072134,BCN_0000206,BCN_0000206,60+,bcn20000,1,True,1,0.04417407,0.8551738,0.0034019724,0.051047865,0.0031892397,0.0053101326,0.03770293,0.90253717,,0.90253717,look,0,,42,look_f0_s42_in22k_v5fix,last
ISIC_0072137,BCN_0001523,BCN_0001523,60+,bcn20000,3,False,5,0.007019146,0.02572968,0.008150213,0.09864168,0.00196599,0.80623513,0.05225815,0.034714814,,0.034714814,look,0,,42,look_f0_s42_in22k_v5fix,last
ISIC_0072141,BCN_0001666,BCN_0001666,40-59,bcn20000,1,True,1,0.0083975075,0.89742756,0.0056575057,0.0458919,0.003500864,0.004340009,0.0347846,0.90932596,,0.90932596,look,0,,42,look_f0_s42_in22k_v5fix,last
ISIC_0072152,BCN_0004010,BCN_0004010,40-59,bcn20000,0,True,1,0.015354774,0.9013149,0.002960907,0.04601924,0.0029614368,0.0034952585,0.027893413,0.9196311,,0.9196311,look,0,,42,look_f0_s42_in22k_v5fix,last
ISIC_0072158,BCN_0005293,BCN_0005293,60+,bcn20000,0,True,1,0.014126865,0.9036039,0.001586828,0.052489158,0.0073953294,0.00028770362,0.020510215,0.9251261,,0.9251261,look,0,,42,look_f0_s42_in22k_v5fix,last
ISIC_0072164,BCN_0001356,BCN_0001356,40-59,bcn20000,5,False,5,0.012642678,0.00888928,0.004951725,0.06480236,0.007245197,0.8588211,0.042647615,0.028777156,,0.028777156,look,0,,42,look_f0_s42_in22k_v5fix,last
ISIC_0072168,BCN_0002841,BCN_0002841,40-59,bcn20000,5,False,5,0.011059276,0.26764244,0.0063541993,0.1073164,0.005655135,0.5205804,0.08139217,0.28435686,,0.28435686,look,0,,42,look_f0_s42_in22k_v5fix,last
ISIC_0072171,BCN_0002614,BCN_0002614,40-59,bcn20000,4,True,5,0.009763755,0.0026098604,0.016888509,0.064782254,0.032594685,0.82948357,0.043877326,0.0449683,,0.0449683,look,0,,42,look_f0_s42_in22k_v5fix,last
ISIC_0072176,BCN_0003330,BCN_0003330,60+,bcn20000,1,True,1,0.0068446524,0.893706,0.0037330587,0.057082668,0.0030402467,0.0027215816,0.032871723,0.9035909,,0.9035909,look,0,,42,look_f0_s42_in22k_v5fix,last
ISIC_0072263,BCN_0005293,BCN_0005293,60+,bcn20000,0,True,1,0.028916314,0.8710737,0.0012371972,0.06441878,0.010544225,0.00018497149,0.02362486,0.91053426,,0.91053426,look,0,,42,look_f0_s42_in22k_v5fix,last
ISIC_0072290,BCN_0001423,BCN_0001423,40-59,bcn20000,5,False,5,0.010400482,0.0054017617,0.007354572,0.08465261,0.113943964,0.72537863,0.052868064,0.12974621,,0.12974621,look,0,,42,look_f0_s42_in22k_v5fix,last
ISIC_0072318,BCN_0000516,BCN_0000516,60+,bcn20000,1,True,1,0.006884513,0.8843103,0.0050476603,0.053568903,0.0046902806,0.0044410923,0.041057315,0.8958851,,0.8958851,look,0,,42,look_f0_s42_in22k_v5fix,last
ISIC_0072361,BCN_0004274,BCN_0004274,60+,bcn20000,1,True,1,0.27361336,0.4780767,0.023795193,0.15363646,0.0071814265,0.0035584944,0.060138393,0.75887144,,0.75887144,look,0,,42,look_f0_s42_in22k_v5fix,last
ISIC_0072370,BCN_0002258,BCN_0002258,60+,bcn20000,2,False,4,0.0062351674,0.0053618085,0.009687509,0.060058687,0.87251717,0.004192452,0.041947115,0.88411415,,0.88411415,look,0,,42,look_f0_s42_in22k_v5fix,last
ISIC_0072377,BCN_0000188,BCN_0000188,60+,bcn20000,4,True,4,0.009396668,0.0059046173,0.0063782297,0.059735972,0.8745433,0.0058788545,0.03816223,0.8898446,,0.8898446,look,0,,42,look_f0_s42_in22k_v5fix,last
ISIC_0072394,BCN_0005406,BCN_0005406,<40,bcn20000,5,False,4,0.009011726,0.31540138,0.0062090927,0.11895479,0.4605464,0.0036639168,0.08621261,0.7849595,,0.7849595,look,0,,42,look_f0_s42_in22k_v5fix,last
ISIC_0072397,BCN_0004139,BCN_0004139,<40,bcn20000,2,False,2,0.005020567,0.0017284837,0.9207434,0.032184187,0.0042418307,0.0038473199,0.032234143,0.010990881,,0.010990881,look,0,,42,look_f0_s42_in22k_v5fix,last
ISIC_0072420,BCN_0002440,BCN_0002440,40-59,bcn20000,5,False,5,0.010277822,0.0078102387,0.006081022,0.079714686,0.025572065,0.81609833,0.054445796,0.043660127,,0.043660127,look,0,,42,look_f0_s42_in22k_v5fix,last
ISIC_0072440,BCN_0002079,BCN_0002079,40-59,bcn20000,4,True,4,0.010657049,0.0053345924,0.005891078,0.05683408,0.8767282,0.0028895577,0.04166536,0.8927198,,0.8927198,look,0,,42,look_f0_s42_in22k_v5fix,last
ISIC_0072461,BCN_0005046,BCN_0005046,60+,bcn20000,1,True,3,0.0016499663,0.16334225,0.0010211774,0.8167966,0.002294275,0.0007880052,0.01410771,0.16728649,,0.16728649,look,0,,42,look_f0_s42_in22k_v5fix,last
ISIC_0072479,BCN_0002688,BCN_0002688,40-59,bcn20000,6,False,6,0.0011561275,0.0005701877,0.0005874363,0.0053853444,0.0006824846,0.00053448655,0.991084,0.0024087997,,0.0024087997,look,0,,42,look_f0_s42_in22k_v5fix,last
ISIC_0072500,BCN_0000248,BCN_0000248,<40,bcn20000,5,False,5,0.013767831,0.007966996,0.007249645,0.07274038,0.004827023,0.8442671,0.04918107,0.026561849,,0.026561849,look,0,,42,look_f0_s42_in22k_v5fix,last
ISIC_0072508,BCN_0001814,BCN_0001814,60+,bcn20000,4,True,4,0.0063557066,0.0048706126,0.0145201795,0.0607851,0.8561699,0.013102929,0.04419557,0.8673962,,0.8673962,look,0,,42,look_f0_s42_in22k_v5fix,last
ISIC_0072536,BCN_0002171,BCN_0002171,40-59,bcn20000,5,False,5,0.011330993,0.007736608,0.0068830494,0.06991174,0.004694907,0.8504687,0.048974074,0.023762507,,0.023762507,look,0,,42,look_f0_s42_in22k_v5fix,last
ISIC_0072542,BCN_0003584,BCN_0003584,60+,bcn20000,4,True,4,0.0064187986,0.010206369,0.010114516,0.049242694,0.8844564,0.0025046,0.037056632,0.90108156,,0.90108156,look,0,,42,look_f0_s42_in22k_v5fix,last
ISIC_0072572,BCN_0003802,BCN_0003802,60+,bcn20000,0,True,0,0.92001516,0.0063284105,0.01596551,0.02892976,0.0019685456,0.0021930668,0.024599563,0.9283121,,0.9283121,look,0,,42,look_f0_s42_in22k_v5fix,last
ISIC_0072602,BCN_0004752,BCN_0004752,60+,bcn20000,1,True,1,0.00804498,0.8773275,0.008279748,0.056895368,0.004457079,0.003964435,0.04103086,0.8898295,,0.8898295,look,0,,42,look_f0_s42_in22k_v5fix,last
ISIC_0072609,BCN_0001941,BCN_0001941,60+,bcn20000,5,False,1,0.005947048,0.91335905,0.004604538,0.03850418,0.004626105,0.013419005,0.019540075,0.9239322,,0.9239322,look,0,,42,look_f0_s42_in22k_v5fix,last
ISIC_0072623,BCN_0004027,BCN_0004027,40-59,bcn20000,1,True,1,0.106993236,0.7137017,0.0038275837,0.10177437,0.0037813245,0.0054427083,0.06447901,0.8244763,,0.8244763,look,0,,42,look_f0_s42_in22k_v5fix,last
ISIC_0072624,BCN_0001814,BCN_0001814,60+,bcn20000,4,True,4,0.008844563,0.0051828832,0.008134763,0.059099656,0.8721029,0.004192328,0.04244291,0.88613033,,0.88613033,look,0,,42,look_f0_s42_in22k_v5fix,last
ISIC_0072631,BCN_0004254,BCN_0004254,40-59,bcn20000,4,True,5,0.008520308,0.015828291,0.005663275,0.07234702,0.024367608,0.8171091,0.05616441,0.048716206,,0.048716206,look,0,,42,look_f0_s42_in22k_v5fix,last
ISIC_0072638,BCN_0002940,BCN_0002940,40-59,bcn20000,1,True,1,0.009520802,0.8554975,0.0071445378,0.0662704,0.0051521114,0.009386706,0.047027856,0.8701704,,0.8701704,look,0,,42,look_f0_s42_in22k_v5fix,last
ISIC_0072656,BCN_0004375,BCN_0004375,60+,bcn20000,1,True,1,0.0057274294,0.88154894,0.010671473,0.05775748,0.0030591653,0.00786754,0.033368,0.8903355,,0.8903355,look,0,,42,look_f0_s42_in22k_v5fix,last
ISIC_0072658,BCN_0001679,BCN_0001679,60+,bcn20000,2,False,4,0.010545657,0.19060746,0.010866,0.13702342,0.57558215,0.0020283381,0.07334696,0.77673525,,0.77673525,look,0,,42,look_f0_s42_in22k_v5fix,last
ISIC_0072691,BCN_0002614,BCN_0002614,40-59,bcn20000,4,True,5,0.034508757,0.0017982848,0.010689763,0.09092329,0.3816346,0.41222706,0.068218336,0.41794163,,0.41794163,look,0,,42,look_f0_s42_in22k_v5fix,last
ISIC_0072698,BCN_0005265,BCN_0005265,60+,bcn20000,1,True,1,0.009250364,0.5248448,0.0069261943,0.08037765,0.019628875,0.002069572,0.35690254,0.55372405,,0.55372405,look,0,,42,look_f0_s42_in22k_v5fix,last
ISIC_0072732,BCN_0001972,BCN_0001972,40-59,bcn20000,1,True,1,0.007921872,0.89718854,0.0050492757,0.04923332,0.0042125033,0.0036295198,0.032764915,0.9093229,,0.9093229,look,0,,42,look_f0_s42_in22k_v5fix,last
ISIC_0072738,BCN_0004066,BCN_0004066,60+,bcn20000,4,True,1,0.0051268083,0.5351816,0.011947359,0.13040549,0.22454591,0.024077367,0.06871547,0.7648543,,0.7648543,look,0,,42,look_f0_s42_in22k_v5fix,last
ISIC_0072748,BCN_0000627,BCN_0000627,60+,bcn20000,4,True,4,0.0068851095,0.005699903,0.006932542,0.054018937,0.8824782,0.0040399265,0.039945416,0.89506316,,0.89506316,look,0,,42,look_f0_s42_in22k_v5fix,last
ISIC_0072784,BCN_0005228,BCN_0005228,<40,bcn20000,2,False,1,0.008130973,0.8666276,0.008546111,0.061621908,0.008527829,0.0050821784,0.041463595,0.88328636,,0.88328636,look,0,,42,look_f0_s42_in22k_v5fix,last
ISIC_0072837,BCN_0000993,BCN_0000993,40-59,bcn20000,5,False,5,0.0093681365,0.005046193,0.0064139063,0.071035735,0.0060776426,0.8549564,0.047101952,0.020491973,,0.020491973,look,0,,42,look_f0_s42_in22k_v5fix,last
ISIC_0072857,BCN_0000332,BCN_0000332,60+,bcn20000,1,True,1,0.016025944,0.85901165,0.0045598596,0.06055692,0.0045888135,0.005869789,0.049387,0.87962645,,0.87962645,look,0,,42,look_f0_s42_in22k_v5fix,last
ISIC_0072858,BCN_0003316,BCN_0003316,60+,bcn20000,5,False,5,0.01653133,0.012040117,0.015099156,0.08324392,0.027105667,0.78072655,0.065253265,0.055677112,,0.055677112,look,0,,42,look_f0_s42_in22k_v5fix,last
ISIC_0072869,BCN_0005293,BCN_0005293,60+,bcn20000,0,True,1,0.03637147,0.837826,0.002002029,0.07883945,0.015962295,0.00017165055,0.028827054,0.8901598,,0.8901598,look,0,,42,look_f0_s42_in22k_v5fix,last
ISIC_0072887,BCN_0002894,BCN_0002894,60+,bcn20000,4,True,2,0.013904629,0.020309398,0.8323137,0.07941752,0.004529401,0.00357874,0.045946572,0.03874343,,0.03874343,look,0,,42,look_f0_s42_in22k_v5fix,last
ISIC_0072895,BCN_0005626,BCN_0005626,60+,bcn20000,2,False,2,0.007286957,0.0043484573,0.87564117,0.056181706,0.012365153,0.0041268263,0.040049855,0.024000566,,0.024000566,look,0,,42,look_f0_s42_in22k_v5fix,last
ISIC_0072902,BCN_0002033,BCN_0002033,60+,bcn20000,5,False,4,0.005368332,0.0057833744,0.0056288326,0.052254908,0.8861429,0.0040024566,0.04081923,0.89729464,,0.89729464,look,0,,42,look_f0_s42_in22k_v5fix,last
ISIC_0072907,BCN_0002702,BCN_0002702,60+,bcn20000,1,True,1,0.005628324,0.90574664,0.0065306607,0.043583687,0.0049138893,0.0035128098,0.03008402,0.91628885,,0.91628885,look,0,,42,look_f0_s42_in22k_v5fix,last
ISIC_0072935,BCN_0001500,BCN_0001500,60+,bcn20000,1,True,1,0.010146141,0.9009091,0.0036560798,0.04744458,0.0031986057,0.0035170356,0.031128453,0.9142539,,0.9142539,look,0,,42,look_f0_s42_in22k_v5fix,last
ISIC_0072957,BCN_0002740,BCN_0002740,<40,bcn20000,5,False,5,0.00699857,0.004341752,0.0036583433,0.05983921,0.0046815495,0.8724152,0.04806533,0.016021872,,0.016021872,look,0,,42,look_f0_s42_in22k_v5fix,last
ISIC_0072960,BCN_0003740,BCN_0003740,<40,bcn20000,5,False,5,0.014654377,0.006331133,0.014527844,0.0840315,0.0048280223,0.8166312,0.058995903,0.025813533,,0.025813533,look,0,,42,look_f0_s42_in22k_v5fix,last
ISIC_0072965,BCN_0004084,BCN_0004084,<40,bcn20000,5,False,4,0.006490275,0.0040940037,0.040033195,0.10795236,0.6744624,0.097637,0.06933074,0.6850467,,0.6850467,look,0,,42,look_f0_s42_in22k_v5fix,last
ISIC_0072974,BCN_0001887,BCN_0001887,60+,bcn20000,1,True,5,0.06577068,0.032943487,0.0054516555,0.109648496,0.3007705,0.31429726,0.17111789,0.39948466,,0.39948466,look,0,,42,look_f0_s42_in22k_v5fix,last
ISIC_0072977,BCN_0001085,BCN_0001085,60+,bcn20000,4,True,4,0.010955082,0.010940581,0.011826987,0.062873214,0.8593443,0.0026971882,0.04136269,0.88123995,,0.88123995,look,0,,42,look_f0_s42_in22k_v5fix,last
ISIC_0073027,BCN_0003597,BCN_0003597,<40,bcn20000,5,False,5,0.010352732,0.0067888526,0.0059922445,0.067914486,0.007123727,0.8519776,0.049850415,0.024265312,,0.024265312,look,0,,42,look_f0_s42_in22k_v5fix,last
ISIC_0073044,BCN_0004206,BCN_0004206,40-59,bcn20000,4,True,5,0.010077418,0.06375606,0.0032749702,0.124733195,0.01687957,0.721041,0.06023766,0.090713054,,0.090713054,look,0,,42,look_f0_s42_in22k_v5fix,last
ISIC_0073054,BCN_0000618,BCN_0000618,60+,bcn20000,4,True,0,0.3853989,0.050664414,0.33084705,0.11329664,0.012621675,0.0067150523,0.100456156,0.448685,,0.448685,look,0,,42,look_f0_s42_in22k_v5fix,last
ISIC_0073055,BCN_0000209,BCN_0000209,40-59,bcn20000,1,True,2,0.010454927,0.014594356,0.41418737,0.11760679,0.30482537,0.0062267585,0.13210449,0.32987463,,0.32987463,look,0,,42,look_f0_s42_in22k_v5fix,last
ISIC_0073059,BCN_0002172,BCN_0002172,60+,bcn20000,1,True,1,0.0094597805,0.90369225,0.006125447,0.041919578,0.0034885006,0.003693328,0.031621177,0.9166405,,0.9166405,look,0,,42,look_f0_s42_in22k_v5fix,last
ISIC_0073068,BCN_0004822,BCN_0004822,60+,bcn20000,0,True,1,0.0047443844,0.53733504,0.0064957915,0.24702345,0.03559594,0.08340827,0.08539715,0.5776754,,0.5776754,look,0,,42,look_f0_s42_in22k_v5fix,last
ISIC_0073079,BCN_0004224,BCN_0004224,40-59,bcn20000,1,True,1,0.007959141,0.8763602,0.0061775525,0.058768883,0.0042108935,0.008999874,0.037523437,0.8885302,,0.8885302,look,0,,42,look_f0_s42_in22k_v5fix,last
ISIC_0073097,BCN_0003760,BCN_0003760,<40,bcn20000,4,True,1,0.016601281,0.8116097,0.02139974,0.06633955,0.013035273,0.003852277,0.06716218,0.84124625,,0.84124625,look,0,,42,look_f0_s42_in22k_v5fix,last
ISIC_0073101,BCN_0000764,BCN_0000764,40-59,bcn20000,5,False,5,0.012329695,0.006262037,0.0062985118,0.07393691,0.0044764737,0.84788734,0.04880897,0.023068205,,0.023068205,look,0,,42,look_f0_s42_in22k_v5fix,last
ISIC_0073102,BCN_0004481,BCN_0004481,40-59,bcn20000,4,True,5,0.008337708,0.005553089,0.0040596556,0.06272308,0.007102845,0.84604275,0.06618094,0.020993643,,0.020993643,look,0,,42,look_f0_s42_in22k_v5fix,last
ISIC_0073108,BCN_0003673,BCN_0003673,60+,bcn20000,2,False,0,0.46390742,0.0051806835,0.02764373,0.14828496,0.20439962,0.0023713477,0.14821228,0.6734877,,0.6734877,look,0,,42,look_f0_s42_in22k_v5fix,last
ISIC_0073119,BCN_0000029,BCN_0000029,40-59,bcn20000,4,True,5,0.0071028443,0.016013704,0.012147809,0.077937335,0.0033588018,0.83691883,0.046520602,0.02647535,,0.02647535,look,0,,42,look_f0_s42_in22k_v5fix,last
ISIC_0073122,BCN_0004855,BCN_0004855,40-59,bcn20000,1,True,1,0.029177945,0.8237278,0.0037743314,0.074826196,0.011351517,0.0082063135,0.048935905,0.8642573,,0.8642573,look,0,,42,look_f0_s42_in22k_v5fix,last
ISIC_0073128,BCN_0000534,BCN_0000534,60+,bcn20000,1,True,1,0.006499432,0.8828768,0.004926196,0.05530782,0.005560685,0.0044603897,0.040368684,0.8949369,,0.8949369,look,0,,42,look_f0_s42_in22k_v5fix,last
ISIC_0073133,BCN_0001423,BCN_0001423,40-59,bcn20000,5,False,5,0.0072321636,0.0033070673,0.0052365614,0.05162258,0.013337056,0.8811264,0.03813812,0.023876287,,0.023876287,look,0,,42,look_f0_s42_in22k_v5fix,last
ISIC_0073168,BCN_0005666,BCN_0005666,60+,bcn20000,4,True,4,0.007562753,0.0035570846,0.004460503,0.057666223,0.87035966,0.009933063,0.046460696,0.8814795,,0.8814795,look,0,,42,look_f0_s42_in22k_v5fix,last
ISIC_0073171,BCN_0003816,BCN_0003816,40-59,bcn20000,5,False,4,0.009032183,0.010644796,0.0062307916,0.0751992,0.8148995,0.030660063,0.053333353,0.8345765,,0.8345765,look,0,,42,look_f0_s42_in22k_v5fix,last
ISIC_0073173,BCN_0002989,BCN_0002989,60+,bcn20000,4,True,1,0.23221412,0.3003646,0.009912746,0.108972825,0.24719925,0.010193684,0.09114278,0.77977794,,0.77977794,look,0,,42,look_f0_s42_in22k_v5fix,last
ISIC_0073198,BCN_0001154,BCN_0001154,60+,bcn20000,0,True,0,0.7582588,0.015808089,0.032803945,0.07218281,0.001998627,0.06716319,0.051784486,0.7760655,,0.7760655,look,0,,42,look_f0_s42_in22k_v5fix,last
ISIC_0073214,BCN_0000257,BCN_0000257,60+,bcn20000,0,True,2,0.015177396,0.01848352,0.874811,0.045326926,0.0035081482,0.0031762905,0.039516747,0.03716906,,0.03716906,look,0,,42,look_f0_s42_in22k_v5fix,last
ISIC_0073228,BCN_0003360,BCN_0003360,60+,bcn20000,2,False,5,0.009336646,0.005491731,0.007040388,0.0628186,0.0042912336,0.87312967,0.03789174,0.01911961,,0.01911961,look,0,,42,look_f0_s42_in22k_v5fix,last
ISIC_0073232,BCN_0000185,BCN_0000185,40-59,bcn20000,5,False,5,0.011212349,0.0066175675,0.004414967,0.07551138,0.009531311,0.8401042,0.052608185,0.027361229,,0.027361229,look,0,,42,look_f0_s42_in22k_v5fix,last
ISIC_0073246,BCN_0005265,BCN_0005265,60+,bcn20000,1,True,1,0.0076836813,0.88652873,0.0063994084,0.05413261,0.005929126,0.0035615931,0.035764907,0.90014154,,0.90014154,look,0,,42,look_f0_s42_in22k_v5fix,last
ISIC_0073249,BCN_0001085,BCN_0001085,60+,bcn20000,4,True,4,0.0065405658,0.019163638,0.0042751483,0.05529073,0.88648254,0.0012011535,0.027046233,0.91218674,,0.91218674,look,0,,42,look_f0_s42_in22k_v5fix,last
