image_id,group_id,effective_lesion_id,age_band,archive,y_true,y_esc,pred_index,p_akiec,p_bcc,p_bkl,p_df,p_mel,p_nv,p_vasc,escalation_mass,s_esc,declared_score,arm,fold,loao_holdout,seed,run_id,checkpoint
ISIC_0000001,__singleton__ISIC_0000001,__singleton__ISIC_0000001,<40,mskcc,5,False,5,0.009660753,0.005110043,0.011801013,0.056370564,0.0032449798,0.87367654,0.040136147,0.018015776,,0.018015776,m7,-1,mskcc,42,m7_loao-mskcc_s42_in22k_v5scr,last
ISIC_0000002,__singleton__ISIC_0000002,__singleton__ISIC_0000002,60+,mskcc,4,True,4,0.0018928624,0.0031557488,0.0014707814,0.06318393,0.8884873,0.008738416,0.033071067,0.8935359,,0.8935359,m7,-1,mskcc,42,m7_loao-mskcc_s42_in22k_v5scr,last
ISIC_0000004,__singleton__ISIC_0000004,__singleton__ISIC_0000004,60+,mskcc,4,True,1,0.0010971414,0.55043054,0.0010087835,0.06519124,0.16205521,0.001863773,0.21835329,0.7135829,,0.7135829,m7,-1,mskcc,42,m7_loao-mskcc_s42_in22k_v5scr,last
ISIC_0000006,__singleton__ISIC_0000006,__singleton__ISIC_0000006,<40,mskcc,5,False,5,0.011442054,0.0074840817,0.010641129,0.060204387,0.0042143273,0.86087465,0.04513929,0.023140464,,0.023140464,m7,-1,mskcc,42,m7_loao-mskcc_s42_in22k_v5scr,last
ISIC_0000007,__singleton__ISIC_0000007,__singleton__ISIC_0000007,<40,mskcc,5,False,5,0.012895836,0.008096595,0.013518096,0.06389054,0.0044028657,0.84670526,0.050490767,0.025395297,,0.025395297,m7,-1,mskcc,42,m7_loao-mskcc_s42_in22k_v5scr,last
ISIC_0000008,__singleton__ISIC_0000008,__singleton__ISIC_0000008,<40,mskcc,5,False,4,0.0042807655,0.004227356,0.0019378274,0.056923985,0.67345256,0.22198138,0.03719607,0.6819607,,0.6819607,m7,-1,mskcc,42,m7_loao-mskcc_s42_in22k_v5scr,last
ISIC_0000009,__singleton__ISIC_0000009,__singleton__ISIC_0000009,<40,mskcc,5,False,5,0.0080242315,0.004777289,0.005796551,0.05474503,0.005238276,0.88303906,0.038379565,0.018039797,,0.018039797,m7,-1,mskcc,42,m7_loao-mskcc_s42_in22k_v5scr,last
ISIC_0000012,__singleton__ISIC_0000012,__singleton__ISIC_0000012,<40,mskcc,5,False,5,0.016218647,0.0044397856,0.0043704985,0.07756346,0.021767309,0.8250676,0.050572813,0.042425744,,0.042425744,m7,-1,mskcc,42,m7_loao-mskcc_s42_in22k_v5scr,last
ISIC_0000014,__singleton__ISIC_0000014,__singleton__ISIC_0000014,<40,mskcc,5,False,5,0.0049285386,0.0050526233,0.008936047,0.04322082,0.0060190978,0.89616674,0.035676174,0.01600026,,0.01600026,m7,-1,mskcc,42,m7_loao-mskcc_s42_in22k_v5scr,last
ISIC_0000015,__singleton__ISIC_0000015,__singleton__ISIC_0000015,<40,mskcc,5,False,5,0.006741352,0.0038855227,0.0040081074,0.046487857,0.008866218,0.89611024,0.03390068,0.019493092,,0.019493092,m7,-1,mskcc,42,m7_loao-mskcc_s42_in22k_v5scr,last
ISIC_0000017_downsampled,__singleton__ISIC_0000017_downsampled,__singleton__ISIC_0000017_downsampled,40-59,mskcc,5,False,5,0.00845229,0.004856046,0.0068063415,0.055415597,0.027712103,0.8574182,0.039339542,0.041020438,,0.041020438,m7,-1,mskcc,42,m7_loao-mskcc_s42_in22k_v5scr,last
ISIC_0000018_downsampled,__singleton__ISIC_0000018_downsampled,__singleton__ISIC_0000018_downsampled,<40,mskcc,5,False,5,0.0052655833,0.0074394983,0.008233883,0.0462466,0.0048259855,0.88832873,0.039659783,0.017531067,,0.017531067,m7,-1,mskcc,42,m7_loao-mskcc_s42_in22k_v5scr,last
ISIC_0000024_downsampled,__singleton__ISIC_0000024_downsampled,__singleton__ISIC_0000024_downsampled,40-59,mskcc,5,False,1,0.13795742,0.4203302,0.0059851594,0.17760018,0.16352431,0.010210795,0.08439193,0.72181195,,0.72181195,m7,-1,mskcc,42,m7_loao-mskcc_s42_in22k_v5scr,last
ISIC_0000025_downsampled,__singleton__ISIC_0000025_downsampled,__singleton__ISIC_0000025_downsampled,<40,mskcc,5,False,5,0.072338104,0.0030908964,0.087832935,0.04976792,0.14643577,0.59497565,0.045558736,0.22186476,,0.22186476,m7,-1,mskcc,42,m7_loao-mskcc_s42_in22k_v5scr,last
ISIC_0000026_downsampled,__singleton__ISIC_0000026_downsampled,__singleton__ISIC_0000026_downsampled,<40,mskcc,4,True,4,0.028812563,0.0037831452,0.041320354,0.044072524,0.7915442,0.054908827,0.035558406,0.8241399,,0.8241399,m7,-1,mskcc,42,m7_loao-mskcc_s42_in22k_v5scr,last
ISIC_0000027_downsampled,__singleton__ISIC_0000027_downsampled,__singleton__ISIC_0000027_downsampled,<40,mskcc,5,False,5,0.007137637,0.0042168424,0.011170073,0.05303201,0.0036209235,0.8772782,0.043544274,0.014975403,,0.014975403,m7,-1,mskcc,42,m7_loao-mskcc_s42_in22k_v5scr,last
ISIC_0000028_downsampled,__singleton__ISIC_0000028_downsampled,__singleton__ISIC_0000028_downsampled,60+,mskcc,5,False,5,0.009157234,0.0058881785,0.010172094,0.04994963,0.003909693,0.8817137,0.03920954,0.018955104,,0.018955104,m7,-1,mskcc,42,m7_loao-mskcc_s42_in22k_v5scr,last
ISIC_0000038_downsampled,__singleton__ISIC_0000038_downsampled,__singleton__ISIC_0000038_downsampled,40-59,mskcc,5,False,5,0.006414582,0.0073226998,0.0012819697,0.052187733,0.050811123,0.842689,0.03929296,0.0645484,,0.0645484,m7,-1,mskcc,42,m7_loao-mskcc_s42_in22k_v5scr,last
ISIC_0000040_downsampled,__singleton__ISIC_0000040_downsampled,__singleton__ISIC_0000040_downsampled,60+,mskcc,4,True,5,0.005865793,0.003205939,0.013413265,0.08628576,0.003921256,0.87894696,0.008361119,0.012992987,,0.012992987,m7,-1,mskcc,42,m7_loao-mskcc_s42_in22k_v5scr,last
ISIC_0000042_downsampled,__singleton__ISIC_0000042_downsampled,__singleton__ISIC_0000042_downsampled,40-59,mskcc,5,False,4,0.014420668,0.015247982,0.12663682,0.18772973,0.33494943,0.20221895,0.11879643,0.3646181,,0.3646181,m7,-1,mskcc,42,m7_loao-mskcc_s42_in22k_v5scr,last
ISIC_0000043_downsampled,__singleton__ISIC_0000043_downsampled,__singleton__ISIC_0000043_downsampled,<40,mskcc,4,True,5,0.0034854661,0.0031298152,0.0014748649,0.06227356,0.099755675,0.77730453,0.052576084,0.106370956,,0.106370956,m7,-1,mskcc,42,m7_loao-mskcc_s42_in22k_v5scr,last
ISIC_0000044_downsampled,__singleton__ISIC_0000044_downsampled,__singleton__ISIC_0000044_downsampled,<40,mskcc,5,False,5,0.011370569,0.00791664,0.0060331495,0.06252322,0.0057568196,0.865229,0.041170534,0.025044028,,0.025044028,m7,-1,mskcc,42,m7_loao-mskcc_s42_in22k_v5scr,last
ISIC_0000045_downsampled,__singleton__ISIC_0000045_downsampled,__singleton__ISIC_0000045_downsampled,<40,mskcc,5,False,5,0.009932634,0.006824174,0.0052146716,0.060614135,0.005548345,0.8708489,0.041017108,0.022305153,,0.022305153,m7,-1,mskcc,42,m7_loao-mskcc_s42_in22k_v5scr,last
ISIC_0000047_downsampled,__singleton__ISIC_0000047_downsampled,__singleton__ISIC_0000047_downsampled,60+,mskcc,5,False,5,0.009380993,0.0050144605,0.009170997,0.05355089,0.00523549,0.87613857,0.041508645,0.019630944,,0.019630944,m7,-1,mskcc,42,m7_loao-mskcc_s42_in22k_v5scr,last
ISIC_0000051_downsampled,__singleton__ISIC_0000051_downsampled,__singleton__ISIC_0000051_downsampled,40-59,mskcc,5,False,5,0.025132112,0.0052962685,0.0028534138,0.0398177,0.04336396,0.8555904,0.027946183,0.07379234,,0.07379234,m7,-1,mskcc,42,m7_loao-mskcc_s42_in22k_v5scr,last
ISIC_0000052_downsampled,__singleton__ISIC_0000052_downsampled,__singleton__ISIC_0000052_downsampled,40-59,mskcc,5,False,4,0.011635929,0.013761781,0.0045715123,0.06623237,0.5721332,0.2828636,0.048801593,0.5975309,,0.5975309,m7,-1,mskcc,42,m7_loao-mskcc_s42_in22k_v5scr,last
ISIC_0000053_downsampled,__singleton__ISIC_0000053_downsampled,__singleton__ISIC_0000053_downsampled,<40,mskcc,5,False,5,0.009160082,0.0041275206,0.0058312877,0.05062849,0.019129105,0.87329966,0.037823882,0.03241671,,0.03241671,m7,-1,mskcc,42,m7_loao-mskcc_s42_in22k_v5scr,last
ISIC_0000054_downsampled,__singleton__ISIC_0000054_downsampled,__singleton__ISIC_0000054_downsampled,<40,mskcc,4,True,5,0.007569864,0.004885093,0.005966576,0.053585105,0.023787031,0.8665399,0.037666325,0.036241986,,0.036241986,m7,-1,mskcc,42,m7_loao-mskcc_s42_in22k_v5scr,last
ISIC_0000055_downsampled,__singleton__ISIC_0000055_downsampled,__singleton__ISIC_0000055_downsampled,40-59,mskcc,5,False,5,0.0032210886,0.0035306683,0.06138982,0.04927901,0.0011921825,0.8479506,0.033436608,0.007943939,,0.007943939,m7,-1,mskcc,42,m7_loao-mskcc_s42_in22k_v5scr,last
ISIC_0000057_downsampled,__singleton__ISIC_0000057_downsampled,__singleton__ISIC_0000057_downsampled,40-59,mskcc,5,False,5,0.008292175,0.0062819775,0.0026228642,0.06797153,0.06415414,0.79770434,0.052972957,0.078728296,,0.078728296,m7,-1,mskcc,42,m7_loao-mskcc_s42_in22k_v5scr,last
ISIC_0000058_downsampled,__singleton__ISIC_0000058_downsampled,__singleton__ISIC_0000058_downsampled,40-59,mskcc,5,False,5,0.0042136125,0.0054473127,0.004182658,0.034350693,0.0057992064,0.91859,0.02741659,0.015460132,,0.015460132,m7,-1,mskcc,42,m7_loao-mskcc_s42_in22k_v5scr,last
ISIC_0000059_downsampled,__singleton__ISIC_0000059_downsampled,__singleton__ISIC_0000059_downsampled,<40,mskcc,5,False,5,0.009141188,0.0049999924,0.0046572704,0.044380166,0.003977848,0.9019831,0.030860374,0.01811903,,0.01811903,m7,-1,mskcc,42,m7_loao-mskcc_s42_in22k_v5scr,last
ISIC_0000060_downsampled,__singleton__ISIC_0000060_downsampled,__singleton__ISIC_0000060_downsampled,<40,mskcc,5,False,5,0.006868693,0.0038457466,0.0044557652,0.04579718,0.0061756303,0.90898305,0.023873983,0.01689007,,0.01689007,m7,-1,mskcc,42,m7_loao-mskcc_s42_in22k_v5scr,last
ISIC_0000062_downsampled,__singleton__ISIC_0000062_downsampled,__singleton__ISIC_0000062_downsampled,40-59,mskcc,5,False,5,0.0076764096,0.0038750893,0.006700354,0.05813623,0.0071683456,0.8761274,0.040316045,0.018719845,,0.018719845,m7,-1,mskcc,42,m7_loao-mskcc_s42_in22k_v5scr,last
ISIC_0000065_downsampled,__singleton__ISIC_0000065_downsampled,__singleton__ISIC_0000065_downsampled,<40,mskcc,5,False,5,0.011167056,0.0060758656,0.006591696,0.05345844,0.005766039,0.8771587,0.039782144,0.023008961,,0.023008961,m7,-1,mskcc,42,m7_loao-mskcc_s42_in22k_v5scr,last
ISIC_0000066,__singleton__ISIC_0000066,__singleton__ISIC_0000066,40-59,mskcc,5,False,5,0.0095160585,0.0034642823,0.009553913,0.038589098,0.008646462,0.9086185,0.02161163,0.021626804,,0.021626804,m7,-1,mskcc,42,m7_loao-mskcc_s42_in22k_v5scr,last
ISIC_0000067,__singleton__ISIC_0000067,__singleton__ISIC_0000067,40-59,mskcc,5,False,5,0.00923273,0.002224148,0.08360213,0.061099146,0.007684977,0.79627776,0.039879087,0.019141855,,0.019141855,m7,-1,mskcc,42,m7_loao-mskcc_s42_in22k_v5scr,last
ISIC_0000068,__singleton__ISIC_0000068,__singleton__ISIC_0000068,<40,mskcc,5,False,5,0.00995126,0.008069404,0.001511097,0.06499976,0.02869526,0.8452233,0.04154983,0.046715923,,0.046715923,m7,-1,mskcc,42,m7_loao-mskcc_s42_in22k_v5scr,last
ISIC_0000071,__singleton__ISIC_0000071,__singleton__ISIC_0000071,<40,mskcc,5,False,5,0.006247941,0.005619814,0.0017681188,0.048916508,0.005458707,0.89579254,0.03619643,0.017326463,,0.017326463,m7,-1,mskcc,42,m7_loao-mskcc_s42_in22k_v5scr,last
ISIC_0000072,__singleton__ISIC_0000072,__singleton__ISIC_0000072,60+,mskcc,5,False,5,0.022583071,0.0073296777,0.009676177,0.074826986,0.09726798,0.73122627,0.05708987,0.12718073,,0.12718073,m7,-1,mskcc,42,m7_loao-mskcc_s42_in22k_v5scr,last
ISIC_0000075,__singleton__ISIC_0000075,__singleton__ISIC_0000075,40-59,mskcc,5,False,4,0.06480745,0.011941641,0.0025795295,0.06580935,0.39063457,0.38648587,0.07774159,0.46738365,,0.46738365,m7,-1,mskcc,42,m7_loao-mskcc_s42_in22k_v5scr,last
ISIC_0000081_downsampled,__singleton__ISIC_0000081_downsampled,__singleton__ISIC_0000081_downsampled,unknown,mskcc,5,False,5,0.0037771652,0.0063641993,0.0029043753,0.038620196,0.013924612,0.90250033,0.031909123,0.024065975,,0.024065975,m7,-1,mskcc,42,m7_loao-mskcc_s42_in22k_v5scr,last
ISIC_0000088_downsampled,__singleton__ISIC_0000088_downsampled,__singleton__ISIC_0000088_downsampled,unknown,mskcc,5,False,5,0.0124771055,0.008959419,0.0060856133,0.08133496,0.14886668,0.6826004,0.059675813,0.17030321,,0.17030321,m7,-1,mskcc,42,m7_loao-mskcc_s42_in22k_v5scr,last
ISIC_0000093_downsampled,__singleton__ISIC_0000093_downsampled,__singleton__ISIC_0000093_downsampled,unknown,mskcc,5,False,4,0.005179574,0.0033804548,0.0030094099,0.025269067,0.9278967,0.016133485,0.019131327,0.9364567,,0.9364567,m7,-1,mskcc,42,m7_loao-mskcc_s42_in22k_v5scr,last
ISIC_0000096_downsampled,__singleton__ISIC_0000096_downsampled,__singleton__ISIC_0000096_downsampled,unknown,mskcc,5,False,5,0.0098145455,0.0065210336,0.0072110803,0.05751585,0.0065416815,0.8726765,0.039719366,0.022877261,,0.022877261,m7,-1,mskcc,42,m7_loao-mskcc_s42_in22k_v5scr,last
ISIC_0000097_downsampled,__singleton__ISIC_0000097_downsampled,__singleton__ISIC_0000097_downsampled,unknown,mskcc,5,False,5,0.008122262,0.006414654,0.0036204713,0.05317189,0.009803542,0.88247406,0.03639318,0.024340458,,0.024340458,m7,-1,mskcc,42,m7_loao-mskcc_s42_in22k_v5scr,last
ISIC_0000098_downsampled,__singleton__ISIC_0000098_downsampled,__singleton__ISIC_0000098_downsampled,unknown,mskcc,5,False,5,0.0121698,0.0077172033,0.006337422,0.059475794,0.0058102347,0.86612344,0.042366114,0.025697239,,0.025697239,m7,-1,mskcc,42,m7_loao-mskcc_s42_in22k_v5scr,last
ISIC_0000099_downsampled,__singleton__ISIC_0000099_downsampled,__singleton__ISIC_0000099_downsampled,unknown,mskcc,5,False,5,0.003391657,0.009683983,0.09971659,0.09377955,0.0018950838,0.7494233,0.042109758,0.0149707245,,0.0149707245,m7,-1,mskcc,42,m7_loao-mskcc_s42_in22k_v5scr,last
ISIC_0000100_downsampled,__singleton__ISIC_0000100_downsampled,__singleton__ISIC_0000100_downsampled,unknown,mskcc,5,False,5,0.006216767,0.0052896063,0.0031722235,0.041659437,0.0028767579,0.9076425,0.033142574,0.014383131,,0.014383131,m7,-1,mskcc,42,m7_loao-mskcc_s42_in22k_v5scr,last
ISIC_0000101_downsampled,__singleton__ISIC_0000101_downsampled,__singleton__ISIC_0000101_downsampled,unknown,mskcc,5,False,2,0.008094998,0.0019405358,0.86069757,0.07990352,0.0018535831,0.014768551,0.032741144,0.011889117,,0.011889117,m7,-1,mskcc,42,m7_loao-mskcc_s42_in22k_v5scr,last
ISIC_0000102_downsampled,__singleton__ISIC_0000102_downsampled,__singleton__ISIC_0000102_downsampled,unknown,mskcc,5,False,5,0.0071188603,0.0035943866,0.0023877851,0.06929437,0.023879614,0.8584038,0.03532104,0.03459286,,0.03459286,m7,-1,mskcc,42,m7_loao-mskcc_s42_in22k_v5scr,last
ISIC_0000103_downsampled,__singleton__ISIC_0000103_downsampled,__singleton__ISIC_0000103_downsampled,unknown,mskcc,5,False,4,0.013127761,0.011831918,0.007985044,0.10197957,0.46603745,0.33374405,0.06529419,0.49099714,,0.49099714,m7,-1,mskcc,42,m7_loao-mskcc_s42_in22k_v5scr,last
ISIC_0000104_downsampled,__singleton__ISIC_0000104_downsampled,__singleton__ISIC_0000104_downsampled,unknown,mskcc,5,False,5,0.009955589,0.005374872,0.004956676,0.06024338,0.0035867558,0.8817787,0.034103975,0.018917216,,0.018917216,m7,-1,mskcc,42,m7_loao-mskcc_s42_in22k_v5scr,last
ISIC_0000107_downsampled,__singleton__ISIC_0000107_downsampled,__singleton__ISIC_0000107_downsampled,unknown,mskcc,5,False,5,0.008472502,0.005578594,0.0060866326,0.054286126,0.010468356,0.8774549,0.037652932,0.024519453,,0.024519453,m7,-1,mskcc,42,m7_loao-mskcc_s42_in22k_v5scr,last
ISIC_0000109_downsampled,__singleton__ISIC_0000109_downsampled,__singleton__ISIC_0000109_downsampled,unknown,mskcc,5,False,4,0.016139295,0.0028612101,0.014559942,0.053380284,0.86410546,0.014828454,0.03412531,0.883106,,0.883106,m7,-1,mskcc,42,m7_loao-mskcc_s42_in22k_v5scr,last
ISIC_0000111_downsampled,__singleton__ISIC_0000111_downsampled,__singleton__ISIC_0000111_downsampled,unknown,mskcc,5,False,5,0.010099992,0.008052235,0.0036255505,0.05918978,0.01599486,0.8620333,0.041004315,0.034147084,,0.034147084,m7,-1,mskcc,42,m7_loao-mskcc_s42_in22k_v5scr,last
ISIC_0000112_downsampled,__singleton__ISIC_0000112_downsampled,__singleton__ISIC_0000112_downsampled,unknown,mskcc,5,False,5,0.0074609136,0.005564893,0.0045791483,0.051934104,0.008920015,0.8816898,0.03985107,0.021945823,,0.021945823,m7,-1,mskcc,42,m7_loao-mskcc_s42_in22k_v5scr,last
ISIC_0000115_downsampled,__singleton__ISIC_0000115_downsampled,__singleton__ISIC_0000115_downsampled,unknown,mskcc,5,False,5,0.00876324,0.0059532113,0.0066261417,0.05165978,0.00697485,0.8816726,0.03835018,0.0216913,,0.0216913,m7,-1,mskcc,42,m7_loao-mskcc_s42_in22k_v5scr,last
ISIC_0000116_downsampled,__singleton__ISIC_0000116_downsampled,__singleton__ISIC_0000116_downsampled,unknown,mskcc,5,False,5,0.006064507,0.006551457,0.005451707,0.054139033,0.018734831,0.8667282,0.042330302,0.031350795,,0.031350795,m7,-1,mskcc,42,m7_loao-mskcc_s42_in22k_v5scr,last
ISIC_0000117_downsampled,__singleton__ISIC_0000117_downsampled,__singleton__ISIC_0000117_downsampled,unknown,mskcc,5,False,5,0.0064579654,0.0068266,0.0044096676,0.05786708,0.0138649475,0.87045133,0.04012249,0.027149513,,0.027149513,m7,-1,mskcc,42,m7_loao-mskcc_s42_in22k_v5scr,last
ISIC_0000118_downsampled,__singleton__ISIC_0000118_downsampled,__singleton__ISIC_0000118_downsampled,unknown,mskcc,5,False,5,0.013132166,0.0072672684,0.007980201,0.07100554,0.33155584,0.5131006,0.05595833,0.35195526,,0.35195526,m7,-1,mskcc,42,m7_loao-mskcc_s42_in22k_v5scr,last
ISIC_0000119_downsampled,__singleton__ISIC_0000119_downsampled,__singleton__ISIC_0000119_downsampled,unknown,mskcc,5,False,5,0.0071939523,0.003913004,0.0067339507,0.05995835,0.0061138156,0.8785422,0.037544675,0.017220773,,0.017220773,m7,-1,mskcc,42,m7_loao-mskcc_s42_in22k_v5scr,last
ISIC_0000120_downsampled,__singleton__ISIC_0000120_downsampled,__singleton__ISIC_0000120_downsampled,unknown,mskcc,5,False,5,0.0067787822,0.0055135814,0.007173559,0.060864165,0.0039166827,0.871442,0.044311244,0.016209047,,0.016209047,m7,-1,mskcc,42,m7_loao-mskcc_s42_in22k_v5scr,last
ISIC_0000122_downsampled,__singleton__ISIC_0000122_downsampled,__singleton__ISIC_0000122_downsampled,unknown,mskcc,5,False,5,0.009109465,0.0066518635,0.0053199483,0.05686866,0.008231391,0.8635981,0.050220527,0.023992721,,0.023992721,m7,-1,mskcc,42,m7_loao-mskcc_s42_in22k_v5scr,last
ISIC_0000123_downsampled,__singleton__ISIC_0000123_downsampled,__singleton__ISIC_0000123_downsampled,unknown,mskcc,5,False,5,0.0062161456,0.0064188847,0.009450514,0.05654873,0.0058872565,0.8773309,0.0381476,0.018522287,,0.018522287,m7,-1,mskcc,42,m7_loao-mskcc_s42_in22k_v5scr,last
ISIC_0000131_downsampled,__singleton__ISIC_0000131_downsampled,__singleton__ISIC_0000131_downsampled,unknown,mskcc,5,False,5,0.002830589,0.006691141,0.01267316,0.0777428,0.0037030093,0.8493408,0.047018517,0.01322474,,0.01322474,m7,-1,mskcc,42,m7_loao-mskcc_s42_in22k_v5scr,last
ISIC_0000132_downsampled,__singleton__ISIC_0000132_downsampled,__singleton__ISIC_0000132_downsampled,unknown,mskcc,5,False,5,0.009655699,0.0068007726,0.0069568884,0.0558222,0.0052777687,0.87346816,0.042018604,0.021734241,,0.021734241,m7,-1,mskcc,42,m7_loao-mskcc_s42_in22k_v5scr,last
ISIC_0000133_downsampled,__singleton__ISIC_0000133_downsampled,__singleton__ISIC_0000133_downsampled,unknown,mskcc,5,False,5,0.016912607,0.005022602,0.0051574814,0.05683892,0.18038619,0.69894886,0.036733434,0.2023214,,0.2023214,m7,-1,mskcc,42,m7_loao-mskcc_s42_in22k_v5scr,last
ISIC_0000134_downsampled,__singleton__ISIC_0000134_downsampled,__singleton__ISIC_0000134_downsampled,unknown,mskcc,5,False,5,0.011089769,0.0047873226,0.0088731265,0.06470006,0.004954905,0.86256504,0.043029793,0.020831997,,0.020831997,m7,-1,mskcc,42,m7_loao-mskcc_s42_in22k_v5scr,last
ISIC_0000135_downsampled,__singleton__ISIC_0000135_downsampled,__singleton__ISIC_0000135_downsampled,unknown,mskcc,5,False,4,0.00962443,0.005613087,0.0053711454,0.05591795,0.8433326,0.033939887,0.046200916,0.8585701,,0.8585701,m7,-1,mskcc,42,m7_loao-mskcc_s42_in22k_v5scr,last
ISIC_0000139_downsampled,__singleton__ISIC_0000139_downsampled,__singleton__ISIC_0000139_downsampled,unknown,mskcc,4,True,4,0.0029033904,0.003095854,0.0033159594,0.033355255,0.9264819,0.012963442,0.017884193,0.93248117,,0.93248117,m7,-1,mskcc,42,m7_loao-mskcc_s42_in22k_v5scr,last
ISIC_0000141_downsampled,__singleton__ISIC_0000141_downsampled,__singleton__ISIC_0000141_downsampled,unknown,mskcc,4,True,5,0.008118322,0.0043570753,0.005451556,0.047999505,0.005762974,0.89326304,0.03504754,0.018238371,,0.018238371,m7,-1,mskcc,42,m7_loao-mskcc_s42_in22k_v5scr,last
ISIC_0000142_downsampled,__singleton__ISIC_0000142_downsampled,__singleton__ISIC_0000142_downsampled,unknown,mskcc,4,True,4,0.0048574344,0.002382889,0.017821139,0.051091313,0.88351154,0.0127799325,0.027555712,0.89075184,,0.89075184,m7,-1,mskcc,42,m7_loao-mskcc_s42_in22k_v5scr,last
ISIC_0000143_downsampled,__singleton__ISIC_0000143_downsampled,__singleton__ISIC_0000143_downsampled,unknown,mskcc,4,True,4,0.0017960148,0.033636067,0.0023349486,0.046391893,0.8263394,0.061404876,0.028096838,0.8617715,,0.8617715,m7,-1,mskcc,42,m7_loao-mskcc_s42_in22k_v5scr,last
ISIC_0000146_downsampled,__singleton__ISIC_0000146_downsampled,__singleton__ISIC_0000146_downsampled,unknown,mskcc,4,True,4,0.0034763843,0.0042045624,0.0017115999,0.03327561,0.8792121,0.014187841,0.06393202,0.88689303,,0.88689303,m7,-1,mskcc,42,m7_loao-mskcc_s42_in22k_v5scr,last
ISIC_0000149_downsampled,__singleton__ISIC_0000149_downsampled,__singleton__ISIC_0000149_downsampled,unknown,mskcc,4,True,5,0.008457216,0.0022280684,0.016126066,0.06313191,0.1962966,0.6780605,0.035699725,0.20698188,,0.20698188,m7,-1,mskcc,42,m7_loao-mskcc_s42_in22k_v5scr,last
ISIC_0000152_downsampled,__singleton__ISIC_0000152_downsampled,__singleton__ISIC_0000152_downsampled,unknown,mskcc,4,True,4,0.009029908,0.0060030003,0.0044374024,0.06393416,0.7929332,0.07315359,0.050508775,0.8079661,,0.8079661,m7,-1,mskcc,42,m7_loao-mskcc_s42_in22k_v5scr,last
ISIC_0000154_downsampled,__singleton__ISIC_0000154_downsampled,__singleton__ISIC_0000154_downsampled,unknown,mskcc,4,True,4,0.00716263,0.0061057624,0.002107951,0.036568798,0.8905778,0.029021753,0.028455336,0.9038462,,0.9038462,m7,-1,mskcc,42,m7_loao-mskcc_s42_in22k_v5scr,last
ISIC_0000155_downsampled,__singleton__ISIC_0000155_downsampled,__singleton__ISIC_0000155_downsampled,unknown,mskcc,4,True,4,0.0031529274,0.0019443776,0.017947024,0.045106612,0.9098132,0.004149721,0.017886203,0.91491055,,0.91491055,m7,-1,mskcc,42,m7_loao-mskcc_s42_in22k_v5scr,last
ISIC_0000156_downsampled,__singleton__ISIC_0000156_downsampled,__singleton__ISIC_0000156_downsampled,unknown,mskcc,4,True,4,0.0053593777,0.003864626,0.0030473683,0.042481337,0.88453996,0.031069795,0.029637562,0.89376396,,0.89376396,m7,-1,mskcc,42,m7_loao-mskcc_s42_in22k_v5scr,last
ISIC_0000160,__singleton__ISIC_0000160,__singleton__ISIC_0000160,40-59,mskcc,4,True,4,0.006782064,0.0038168002,0.0032380668,0.03542794,0.9184065,0.002518293,0.029810295,0.9290053,,0.9290053,m7,-1,mskcc,42,m7_loao-mskcc_s42_in22k_v5scr,last
ISIC_0000163,__singleton__ISIC_0000163,__singleton__ISIC_0000163,60+,mskcc,4,True,5,0.01825119,0.034192517,0.061416484,0.1184118,0.29208827,0.3745103,0.101129465,0.34453198,,0.34453198,m7,-1,mskcc,42,m7_loao-mskcc_s42_in22k_v5scr,last
ISIC_0000164,__singleton__ISIC_0000164,__singleton__ISIC_0000164,60+,mskcc,4,True,4,0.008239714,0.0069054523,0.005995569,0.049308293,0.8058254,0.08860834,0.03511718,0.8209706,,0.8209706,m7,-1,mskcc,42,m7_loao-mskcc_s42_in22k_v5scr,last
ISIC_0000167,__singleton__ISIC_0000167,__singleton__ISIC_0000167,40-59,mskcc,4,True,3,0.017644918,0.0042864527,0.008104516,0.8009791,0.14890392,0.00073688873,0.019344272,0.17083529,,0.17083529,m7,-1,mskcc,42,m7_loao-mskcc_s42_in22k_v5scr,last
ISIC_0000171,__singleton__ISIC_0000171,__singleton__ISIC_0000171,40-59,mskcc,4,True,4,0.010198072,0.0071054557,0.007519977,0.07388929,0.6732673,0.17202377,0.055996224,0.69057083,,0.69057083,m7,-1,mskcc,42,m7_loao-mskcc_s42_in22k_v5scr,last
ISIC_0000173,__singleton__ISIC_0000173,__singleton__ISIC_0000173,60+,mskcc,4,True,2,0.020934787,0.0028101276,0.8133507,0.073805265,0.056285374,0.0011900184,0.031623743,0.08003029,,0.08003029,m7,-1,mskcc,42,m7_loao-mskcc_s42_in22k_v5scr,last
ISIC_0000175,__singleton__ISIC_0000175,__singleton__ISIC_0000175,<40,mskcc,4,True,5,0.014111346,0.005138257,0.0030952475,0.025970932,0.009722322,0.9214922,0.02046967,0.028971925,,0.028971925,m7,-1,mskcc,42,m7_loao-mskcc_s42_in22k_v5scr,last
ISIC_0000176_downsampled,__singleton__ISIC_0000176_downsampled,__singleton__ISIC_0000176_downsampled,40-59,mskcc,4,True,5,0.022440322,0.005124192,0.02542668,0.028485723,0.060538396,0.8325813,0.025403447,0.08810291,,0.08810291,m7,-1,mskcc,42,m7_loao-mskcc_s42_in22k_v5scr,last
ISIC_0000177_downsampled,__singleton__ISIC_0000177_downsampled,__singleton__ISIC_0000177_downsampled,<40,mskcc,5,False,5,0.016563553,0.007529178,0.03243361,0.09545521,0.0059806244,0.7660535,0.07598431,0.030073356,,0.030073356,m7,-1,mskcc,42,m7_loao-mskcc_s42_in22k_v5scr,last
ISIC_0000181_downsampled,__singleton__ISIC_0000181_downsampled,__singleton__ISIC_0000181_downsampled,<40,mskcc,5,False,2,0.0026894738,0.0077973083,0.82856405,0.041864153,0.0055740294,0.033676997,0.07983397,0.01606081,,0.01606081,m7,-1,mskcc,42,m7_loao-mskcc_s42_in22k_v5scr,last
ISIC_0000182_downsampled,__singleton__ISIC_0000182_downsampled,__singleton__ISIC_0000182_downsampled,40-59,mskcc,5,False,4,0.0030529934,0.008324496,0.016733726,0.07658334,0.46108434,0.39327094,0.040950138,0.47246182,,0.47246182,m7,-1,mskcc,42,m7_loao-mskcc_s42_in22k_v5scr,last
ISIC_0000184_downsampled,__singleton__ISIC_0000184_downsampled,__singleton__ISIC_0000184_downsampled,<40,mskcc,5,False,5,0.003984399,0.09383085,0.028194863,0.14276251,0.24298067,0.42262623,0.06562049,0.34079593,,0.34079593,m7,-1,mskcc,42,m7_loao-mskcc_s42_in22k_v5scr,last
ISIC_0000185_downsampled,__singleton__ISIC_0000185_downsampled,__singleton__ISIC_0000185_downsampled,<40,mskcc,5,False,5,0.007205917,0.0077898493,0.0057485877,0.053180844,0.0073768855,0.87728673,0.04141119,0.022372652,,0.022372652,m7,-1,mskcc,42,m7_loao-mskcc_s42_in22k_v5scr,last
ISIC_0000186_downsampled,__singleton__ISIC_0000186_downsampled,__singleton__ISIC_0000186_downsampled,<40,mskcc,5,False,5,0.011910408,0.0063821385,0.009245838,0.16705954,0.0061295,0.74874014,0.050532512,0.024422046,,0.024422046,m7,-1,mskcc,42,m7_loao-mskcc_s42_in22k_v5scr,last
ISIC_0000187,__singleton__ISIC_0000187,__singleton__ISIC_0000187,<40,mskcc,5,False,5,0.010416184,0.004117167,0.014661224,0.068921514,0.017315336,0.8395765,0.044992015,0.031848684,,0.031848684,m7,-1,mskcc,42,m7_loao-mskcc_s42_in22k_v5scr,last
ISIC_0000189_downsampled,__singleton__ISIC_0000189_downsampled,__singleton__ISIC_0000189_downsampled,<40,mskcc,5,False,5,0.008436377,0.0050210957,0.013181054,0.05828154,0.004000722,0.87286943,0.038209744,0.017458195,,0.017458195,m7,-1,mskcc,42,m7_loao-mskcc_s42_in22k_v5scr,last
ISIC_0000195_downsampled,__singleton__ISIC_0000195_downsampled,__singleton__ISIC_0000195_downsampled,<40,mskcc,5,False,5,0.005125122,0.036695592,0.20822504,0.05128461,0.013791744,0.6499133,0.03496458,0.055612456,,0.055612456,m7,-1,mskcc,42,m7_loao-mskcc_s42_in22k_v5scr,last
ISIC_0000196_downsampled,__singleton__ISIC_0000196_downsampled,__singleton__ISIC_0000196_downsampled,<40,mskcc,5,False,5,0.0070463363,0.004906371,0.0052223415,0.055352937,0.005496919,0.88766855,0.034306545,0.017449627,,0.017449627,m7,-1,mskcc,42,m7_loao-mskcc_s42_in22k_v5scr,last
ISIC_0000197_downsampled,__singleton__ISIC_0000197_downsampled,__singleton__ISIC_0000197_downsampled,<40,mskcc,5,False,5,0.00725797,0.004120332,0.005913501,0.055677716,0.0059395568,0.88758713,0.033503868,0.01731786,,0.01731786,m7,-1,mskcc,42,m7_loao-mskcc_s42_in22k_v5scr,last
ISIC_0000199,__singleton__ISIC_0000199,__singleton__ISIC_0000199,<40,mskcc,5,False,5,0.015192697,0.009446919,0.004799506,0.07034464,0.12464211,0.7265737,0.049000457,0.14928173,,0.14928173,m7,-1,mskcc,42,m7_loao-mskcc_s42_in22k_v5scr,last
ISIC_0000201_downsampled,__singleton__ISIC_0000201_downsampled,__singleton__ISIC_0000201_downsampled,<40,mskcc,5,False,4,0.08053457,0.0029386815,0.2239245,0.06428773,0.511224,0.08345816,0.033632416,0.59469724,,0.59469724,m7,-1,mskcc,42,m7_loao-mskcc_s42_in22k_v5scr,last
ISIC_0000202_downsampled,__singleton__ISIC_0000202_downsampled,__singleton__ISIC_0000202_downsampled,<40,mskcc,5,False,5,0.0059132967,0.0056131654,0.010537224,0.056103688,0.007816118,0.8754043,0.038612206,0.019342579,,0.019342579,m7,-1,mskcc,42,m7_loao-mskcc_s42_in22k_v5scr,last
ISIC_0000203_downsampled,__singleton__ISIC_0000203_downsampled,__singleton__ISIC_0000203_downsampled,40-59,mskcc,5,False,4,0.006752871,0.007625089,0.006460236,0.0723181,0.7571286,0.10180907,0.047905993,0.77150655,,0.77150655,m7,-1,mskcc,42,m7_loao-mskcc_s42_in22k_v5scr,last
ISIC_0000205_downsampled,__singleton__ISIC_0000205_downsampled,__singleton__ISIC_0000205_downsampled,40-59,mskcc,5,False,5,0.0054420433,0.0046168454,0.0050100186,0.051910307,0.005159472,0.8975293,0.030331964,0.015218361,,0.015218361,m7,-1,mskcc,42,m7_loao-mskcc_s42_in22k_v5scr,last
ISIC_0000206_downsampled,__singleton__ISIC_0000206_downsampled,__singleton__ISIC_0000206_downsampled,60+,mskcc,5,False,5,0.013970454,0.004478621,0.004055919,0.046211753,0.017987197,0.8749673,0.038328778,0.036436275,,0.036436275,m7,-1,mskcc,42,m7_loao-mskcc_s42_in22k_v5scr,last
ISIC_0000207_downsampled,__singleton__ISIC_0000207_downsampled,__singleton__ISIC_0000207_downsampled,<40,mskcc,5,False,5,0.01473426,0.009219229,0.0107772965,0.08009509,0.010509028,0.82632244,0.04834275,0.03446252,,0.03446252,m7,-1,mskcc,42,m7_loao-mskcc_s42_in22k_v5scr,last
ISIC_0000210,__singleton__ISIC_0000210,__singleton__ISIC_0000210,60+,mskcc,5,False,5,0.010290674,0.006514564,0.005984175,0.054974798,0.008392922,0.8722906,0.041552298,0.025198162,,0.025198162,m7,-1,mskcc,42,m7_loao-mskcc_s42_in22k_v5scr,last
ISIC_0000211,__singleton__ISIC_0000211,__singleton__ISIC_0000211,<40,mskcc,5,False,5,0.016275793,0.006181979,0.01705752,0.058275886,0.0049390886,0.8534321,0.043837674,0.027396861,,0.027396861,m7,-1,mskcc,42,m7_loao-mskcc_s42_in22k_v5scr,last
ISIC_0000212,__singleton__ISIC_0000212,__singleton__ISIC_0000212,<40,mskcc,5,False,5,0.012873568,0.0073522893,0.002973313,0.07876766,0.12754235,0.72522086,0.045269962,0.1477682,,0.1477682,m7,-1,mskcc,42,m7_loao-mskcc_s42_in22k_v5scr,last
ISIC_0000214,__singleton__ISIC_0000214,__singleton__ISIC_0000214,60+,mskcc,5,False,4,0.0041091926,0.0029251578,0.04564864,0.030827248,0.8753379,0.010421123,0.030730713,0.88237226,,0.88237226,m7,-1,mskcc,42,m7_loao-mskcc_s42_in22k_v5scr,last
ISIC_0000215,__singleton__ISIC_0000215,__singleton__ISIC_0000215,40-59,mskcc,5,False,5,0.0028963105,0.0026728595,0.0073745986,0.04450861,0.0071012247,0.90408736,0.03135903,0.012670395,,0.012670395,m7,-1,mskcc,42,m7_loao-mskcc_s42_in22k_v5scr,last
ISIC_0000216,__singleton__ISIC_0000216,__singleton__ISIC_0000216,<40,mskcc,5,False,5,0.0059875613,0.0061196317,0.0034501574,0.052841507,0.02384932,0.8647126,0.04303928,0.035956513,,0.035956513,m7,-1,mskcc,42,m7_loao-mskcc_s42_in22k_v5scr,last
ISIC_0000218_downsampled,__singleton__ISIC_0000218_downsampled,__singleton__ISIC_0000218_downsampled,40-59,mskcc,5,False,5,0.011260776,0.0075275265,0.008303009,0.058975354,0.009154977,0.8610161,0.043762345,0.02794328,,0.02794328,m7,-1,mskcc,42,m7_loao-mskcc_s42_in22k_v5scr,last
ISIC_0000222,__singleton__ISIC_0000222,__singleton__ISIC_0000222,<40,mskcc,5,False,5,0.0125606,0.0069842595,0.005069033,0.052599307,0.011046085,0.87167484,0.04006595,0.030590944,,0.030590944,m7,-1,mskcc,42,m7_loao-mskcc_s42_in22k_v5scr,last
ISIC_0000225,__singleton__ISIC_0000225,__singleton__ISIC_0000225,<40,mskcc,5,False,5,0.014486804,0.0051286654,0.005709568,0.055238716,0.008269514,0.87071276,0.040453926,0.027884983,,0.027884983,m7,-1,mskcc,42,m7_loao-mskcc_s42_in22k_v5scr,last
ISIC_0000226,__singleton__ISIC_0000226,__singleton__ISIC_0000226,60+,mskcc,5,False,5,0.012382623,0.008896866,0.0043672402,0.06675113,0.24527043,0.61338663,0.048945006,0.26654992,,0.26654992,m7,-1,mskcc,42,m7_loao-mskcc_s42_in22k_v5scr,last
ISIC_0000228,__singleton__ISIC_0000228,__singleton__ISIC_0000228,<40,mskcc,5,False,5,0.008647613,0.0065133367,0.0036514027,0.07127246,0.0560603,0.80592793,0.04792698,0.07122125,,0.07122125,m7,-1,mskcc,42,m7_loao-mskcc_s42_in22k_v5scr,last
ISIC_0000230,__singleton__ISIC_0000230,__singleton__ISIC_0000230,<40,mskcc,5,False,4,0.008653864,0.004926842,0.0077015394,0.08653034,0.5463137,0.2923099,0.05356382,0.5598944,,0.5598944,m7,-1,mskcc,42,m7_loao-mskcc_s42_in22k_v5scr,last
ISIC_0000231,__singleton__ISIC_0000231,__singleton__ISIC_0000231,<40,mskcc,5,False,4,0.008948526,0.005508878,0.004319893,0.06496107,0.73632234,0.14024499,0.039694294,0.75077975,,0.75077975,m7,-1,mskcc,42,m7_loao-mskcc_s42_in22k_v5scr,last
ISIC_0000233,__singleton__ISIC_0000233,__singleton__ISIC_0000233,60+,mskcc,5,False,5,0.008949589,0.00812727,0.009238217,0.050610717,0.0061671333,0.87527806,0.04162905,0.023243994,,0.023243994,m7,-1,mskcc,42,m7_loao-mskcc_s42_in22k_v5scr,last
ISIC_0000234,__singleton__ISIC_0000234,__singleton__ISIC_0000234,<40,mskcc,5,False,5,0.005137063,0.0045567276,0.007291637,0.055687703,0.008855406,0.8844937,0.03397775,0.018549196,,0.018549196,m7,-1,mskcc,42,m7_loao-mskcc_s42_in22k_v5scr,last
ISIC_0000235,__singleton__ISIC_0000235,__singleton__ISIC_0000235,<40,mskcc,5,False,6,0.0002645488,0.0002510679,0.00084015337,0.0052842624,0.00020911156,0.0010083661,0.99214244,0.0007247283,,0.0007247283,m7,-1,mskcc,42,m7_loao-mskcc_s42_in22k_v5scr,last
ISIC_0000237,__singleton__ISIC_0000237,__singleton__ISIC_0000237,60+,mskcc,5,False,2,0.0021921878,0.000588332,0.42361605,0.040721305,0.07947963,0.41932443,0.034078028,0.08226015,,0.08226015,m7,-1,mskcc,42,m7_loao-mskcc_s42_in22k_v5scr,last
ISIC_0000243,__singleton__ISIC_0000243,__singleton__ISIC_0000243,60+,mskcc,5,False,5,0.0034170111,0.00561112,0.0039213416,0.05253884,0.21223657,0.6888545,0.0334206,0.2212647,,0.2212647,m7,-1,mskcc,42,m7_loao-mskcc_s42_in22k_v5scr,last
ISIC_0000244,__singleton__ISIC_0000244,__singleton__ISIC_0000244,40-59,mskcc,5,False,5,0.006120466,0.0077554444,0.0036507037,0.05150974,0.04770953,0.83402985,0.04922424,0.06158544,,0.06158544,m7,-1,mskcc,42,m7_loao-mskcc_s42_in22k_v5scr,last
ISIC_0000245,__singleton__ISIC_0000245,__singleton__ISIC_0000245,60+,mskcc,5,False,5,0.0022259878,0.0010985998,0.0024444987,0.066274896,0.0012644998,0.90911156,0.017579934,0.0045890873,,0.0045890873,m7,-1,mskcc,42,m7_loao-mskcc_s42_in22k_v5scr,last
ISIC_0000249,__singleton__ISIC_0000249,__singleton__ISIC_0000249,<40,mskcc,5,False,4,0.027433759,0.00637871,0.00039007928,0.056202523,0.8330577,0.04655096,0.029986193,0.86687016,,0.86687016,m7,-1,mskcc,42,m7_loao-mskcc_s42_in22k_v5scr,last
ISIC_0000251,__singleton__ISIC_0000251,__singleton__ISIC_0000251,40-59,mskcc,5,False,5,0.0149942795,0.0051939813,0.017305873,0.057658516,0.007974076,0.84334224,0.05353101,0.028162338,,0.028162338,m7,-1,mskcc,42,m7_loao-mskcc_s42_in22k_v5scr,last
ISIC_0000252,__singleton__ISIC_0000252,__singleton__ISIC_0000252,60+,mskcc,5,False,5,0.013243215,0.006440064,0.004653687,0.08945831,0.25311282,0.56510925,0.067982614,0.2727961,,0.2727961,m7,-1,mskcc,42,m7_loao-mskcc_s42_in22k_v5scr,last
ISIC_0000254,__singleton__ISIC_0000254,__singleton__ISIC_0000254,60+,mskcc,5,False,5,0.008219881,0.006073244,0.00855776,0.05598902,0.009081662,0.8714879,0.040590525,0.023374787,,0.023374787,m7,-1,mskcc,42,m7_loao-mskcc_s42_in22k_v5scr,last
ISIC_0000255,__singleton__ISIC_0000255,__singleton__ISIC_0000255,60+,mskcc,5,False,5,0.0045177974,0.00447725,0.0058474177,0.05546246,0.0073982393,0.88048685,0.04180999,0.016393285,,0.016393285,m7,-1,mskcc,42,m7_loao-mskcc_s42_in22k_v5scr,last
ISIC_0000256,__singleton__ISIC_0000256,__singleton__ISIC_0000256,60+,mskcc,5,False,5,0.008155562,0.0036396235,0.013748678,0.06040472,0.007148342,0.8683762,0.03852686,0.018943528,,0.018943528,m7,-1,mskcc,42,m7_loao-mskcc_s42_in22k_v5scr,last
ISIC_0000260,__singleton__ISIC_0000260,__singleton__ISIC_0000260,<40,mskcc,5,False,5,0.007241608,0.0058056144,0.0055655814,0.0538538,0.012489123,0.8748411,0.040203243,0.025536345,,0.025536345,m7,-1,mskcc,42,m7_loao-mskcc_s42_in22k_v5scr,last
ISIC_0000261,__singleton__ISIC_0000261,__singleton__ISIC_0000261,<40,mskcc,5,False,5,0.004256255,0.003193601,0.008309111,0.038953576,0.003946581,0.91178185,0.029559089,0.011396437,,0.011396437,m7,-1,mskcc,42,m7_loao-mskcc_s42_in22k_v5scr,last
ISIC_0000262,__singleton__ISIC_0000262,__singleton__ISIC_0000262,<40,mskcc,5,False,5,0.0033582055,0.005522986,0.0067070276,0.058459792,0.0024617473,0.8879426,0.035547625,0.011342939,,0.011342939,m7,-1,mskcc,42,m7_loao-mskcc_s42_in22k_v5scr,last
ISIC_0000263,__singleton__ISIC_0000263,__singleton__ISIC_0000263,<40,mskcc,5,False,5,0.0077400533,0.005576087,0.005805862,0.057866678,0.0057912273,0.87629634,0.040923677,0.019107368,,0.019107368,m7,-1,mskcc,42,m7_loao-mskcc_s42_in22k_v5scr,last
ISIC_0000264,__singleton__ISIC_0000264,__singleton__ISIC_0000264,<40,mskcc,5,False,5,0.008961555,0.0070474176,0.00521452,0.056665786,0.0047412002,0.8776184,0.039751142,0.020750172,,0.020750172,m7,-1,mskcc,42,m7_loao-mskcc_s42_in22k_v5scr,last
ISIC_0000269,__singleton__ISIC_0000269,__singleton__ISIC_0000269,<40,mskcc,5,False,5,0.0075235637,0.0062266532,0.0043743877,0.06162686,0.008683436,0.86812586,0.043439265,0.022433653,,0.022433653,m7,-1,mskcc,42,m7_loao-mskcc_s42_in22k_v5scr,last
ISIC_0000271,__singleton__ISIC_0000271,__singleton__ISIC_0000271,<40,mskcc,5,False,5,0.010013143,0.008141947,0.005609177,0.04949682,0.0036908505,0.88638127,0.036666818,0.02184594,,0.02184594,m7,-1,mskcc,42,m7_loao-mskcc_s42_in22k_v5scr,last
ISIC_0000282,__singleton__ISIC_0000282,__singleton__ISIC_0000282,60+,mskcc,4,True,4,0.0031255172,0.031422816,0.12886047,0.069355115,0.6944501,0.0100759715,0.06271003,0.7289984,,0.7289984,m7,-1,mskcc,42,m7_loao-mskcc_s42_in22k_v5scr,last
ISIC_0000283,__singleton__ISIC_0000283,__singleton__ISIC_0000283,40-59,mskcc,4,True,4,0.01053517,0.0038007211,0.005168549,0.042368744,0.90574414,0.0020612143,0.03032145,0.92008,,0.92008,m7,-1,mskcc,42,m7_loao-mskcc_s42_in22k_v5scr,last
ISIC_0000285,__singleton__ISIC_0000285,__singleton__ISIC_0000285,60+,mskcc,4,True,5,0.028390698,0.0023962322,0.0041525075,0.058725867,0.37485796,0.48755455,0.04392227,0.4056449,,0.4056449,m7,-1,mskcc,42,m7_loao-mskcc_s42_in22k_v5scr,last
ISIC_0000287,__singleton__ISIC_0000287,__singleton__ISIC_0000287,40-59,mskcc,4,True,5,0.011654622,0.004780079,0.0037390103,0.06542753,0.024604345,0.85545063,0.034343693,0.041039046,,0.041039046,m7,-1,mskcc,42,m7_loao-mskcc_s42_in22k_v5scr,last
ISIC_0000288,__singleton__ISIC_0000288,__singleton__ISIC_0000288,60+,mskcc,4,True,5,0.010691278,0.0074380096,0.0015424096,0.049941376,0.11917505,0.78582394,0.025387945,0.13730434,,0.13730434,m7,-1,mskcc,42,m7_loao-mskcc_s42_in22k_v5scr,last
ISIC_0000289,__singleton__ISIC_0000289,__singleton__ISIC_0000289,60+,mskcc,4,True,4,0.0069937254,0.006357847,0.008637927,0.072555184,0.8268565,0.028750168,0.049848612,0.84020805,,0.84020805,m7,-1,mskcc,42,m7_loao-mskcc_s42_in22k_v5scr,last
ISIC_0000290,__singleton__ISIC_0000290,__singleton__ISIC_0000290,60+,mskcc,4,True,4,0.0015281421,0.0034628443,0.1740172,0.062402803,0.703652,0.0031681708,0.051768772,0.708643,,0.708643,m7,-1,mskcc,42,m7_loao-mskcc_s42_in22k_v5scr,last
ISIC_0000292,__singleton__ISIC_0000292,__singleton__ISIC_0000292,60+,mskcc,4,True,5,0.0060999454,0.006379256,0.0031487013,0.056909457,0.05615833,0.8298379,0.041466497,0.068637535,,0.068637535,m7,-1,mskcc,42,m7_loao-mskcc_s42_in22k_v5scr,last
ISIC_0000294,__singleton__ISIC_0000294,__singleton__ISIC_0000294,60+,mskcc,4,True,4,0.005909365,0.005611287,0.0046867565,0.055412643,0.86183083,0.029693188,0.036855828,0.87335145,,0.87335145,m7,-1,mskcc,42,m7_loao-mskcc_s42_in22k_v5scr,last
ISIC_0000295,__singleton__ISIC_0000295,__singleton__ISIC_0000295,60+,mskcc,4,True,4,0.0061721085,0.003305986,0.0043841666,0.044310234,0.5265246,0.38426065,0.031042231,0.5360027,,0.5360027,m7,-1,mskcc,42,m7_loao-mskcc_s42_in22k_v5scr,last
ISIC_0000298,__singleton__ISIC_0000298,__singleton__ISIC_0000298,40-59,mskcc,4,True,5,0.013270584,0.006471635,0.006663047,0.069179386,0.038541444,0.80325985,0.062613964,0.058283664,,0.058283664,m7,-1,mskcc,42,m7_loao-mskcc_s42_in22k_v5scr,last
ISIC_0000300,__singleton__ISIC_0000300,__singleton__ISIC_0000300,60+,mskcc,4,True,4,0.00741852,0.0066784765,0.0028001552,0.05170645,0.8709508,0.026168691,0.034276843,0.8850478,,0.8850478,m7,-1,mskcc,42,m7_loao-mskcc_s42_in22k_v5scr,last
ISIC_0000301,__singleton__ISIC_0000301,__singleton__ISIC_0000301,60+,mskcc,4,True,5,0.009020125,0.0070608333,0.005004701,0.07407874,0.038260005,0.8192187,0.047356885,0.054340962,,0.054340962,m7,-1,mskcc,42,m7_loao-mskcc_s42_in22k_v5scr,last
ISIC_0000306,__singleton__ISIC_0000306,__singleton__ISIC_0000306,40-59,mskcc,4,True,5,0.014406344,0.012289721,0.0042817765,0.07804508,0.066177435,0.7722855,0.05251404,0.0928735,,0.0928735,m7,-1,mskcc,42,m7_loao-mskcc_s42_in22k_v5scr,last
ISIC_0000316,__singleton__ISIC_0000316,__singleton__ISIC_0000316,<40,mskcc,5,False,5,0.005114273,0.0043452424,0.0040251124,0.05207861,0.009121848,0.8953187,0.029996226,0.018581364,,0.018581364,m7,-1,mskcc,42,m7_loao-mskcc_s42_in22k_v5scr,last
ISIC_0000317,__singleton__ISIC_0000317,__singleton__ISIC_0000317,60+,mskcc,5,False,5,0.011824437,0.006508513,0.0059597366,0.05392046,0.008325626,0.8733648,0.040096465,0.026658576,,0.026658576,m7,-1,mskcc,42,m7_loao-mskcc_s42_in22k_v5scr,last
ISIC_0000319,__singleton__ISIC_0000319,__singleton__ISIC_0000319,40-59,mskcc,5,False,5,0.0052001267,0.0047881645,0.01639795,0.08103546,0.06522433,0.780869,0.04648493,0.07521262,,0.07521262,m7,-1,mskcc,42,m7_loao-mskcc_s42_in22k_v5scr,last
ISIC_0000321,__singleton__ISIC_0000321,__singleton__ISIC_0000321,<40,mskcc,5,False,5,0.013097462,0.007200287,0.008287934,0.057962824,0.011974363,0.8579865,0.043490585,0.03227211,,0.03227211,m7,-1,mskcc,42,m7_loao-mskcc_s42_in22k_v5scr,last
ISIC_0000322,__singleton__ISIC_0000322,__singleton__ISIC_0000322,<40,mskcc,5,False,5,0.0114888325,0.0074921376,0.006783782,0.05876359,0.009318428,0.8641354,0.0420179,0.028299399,,0.028299399,m7,-1,mskcc,42,m7_loao-mskcc_s42_in22k_v5scr,last
ISIC_0000323,__singleton__ISIC_0000323,__singleton__ISIC_0000323,40-59,mskcc,5,False,1,0.004255185,0.8032901,0.011476276,0.06262387,0.022334117,0.033762205,0.062258232,0.8298794,,0.8298794,m7,-1,mskcc,42,m7_loao-mskcc_s42_in22k_v5scr,last
ISIC_0000324,__singleton__ISIC_0000324,__singleton__ISIC_0000324,<40,mskcc,5,False,5,0.011786416,0.006247814,0.009231513,0.059737686,0.008341369,0.85957605,0.045079235,0.0263756,,0.0263756,m7,-1,mskcc,42,m7_loao-mskcc_s42_in22k_v5scr,last
ISIC_0000326,__singleton__ISIC_0000326,__singleton__ISIC_0000326,<40,mskcc,5,False,5,0.007289391,0.006357553,0.010038631,0.055437792,0.008076828,0.87289953,0.039900284,0.021723771,,0.021723771,m7,-1,mskcc,42,m7_loao-mskcc_s42_in22k_v5scr,last
ISIC_0000328,__singleton__ISIC_0000328,__singleton__ISIC_0000328,<40,mskcc,5,False,5,0.00219957,0.008669367,0.001829634,0.043865666,0.008485437,0.90975004,0.025200319,0.019354373,,0.019354373,m7,-1,mskcc,42,m7_loao-mskcc_s42_in22k_v5scr,last
ISIC_0000329,__singleton__ISIC_0000329,__singleton__ISIC_0000329,<40,mskcc,5,False,5,0.012201571,0.0060515907,0.0019976068,0.055215973,0.044535387,0.84039706,0.039600935,0.062788546,,0.062788546,m7,-1,mskcc,42,m7_loao-mskcc_s42_in22k_v5scr,last
ISIC_0000330,__singleton__ISIC_0000330,__singleton__ISIC_0000330,<40,mskcc,5,False,5,0.0135290455,0.0073410026,0.0054800604,0.060502056,0.0067781517,0.86682636,0.03954331,0.0276482,,0.0276482,m7,-1,mskcc,42,m7_loao-mskcc_s42_in22k_v5scr,last
ISIC_0000332,__singleton__ISIC_0000332,__singleton__ISIC_0000332,<40,mskcc,5,False,5,0.006018904,0.0020073098,0.005731632,0.04145929,0.119709544,0.7928102,0.03226308,0.12773576,,0.12773576,m7,-1,mskcc,42,m7_loao-mskcc_s42_in22k_v5scr,last
ISIC_0000333,__singleton__ISIC_0000333,__singleton__ISIC_0000333,<40,mskcc,5,False,5,0.004934079,0.20416349,0.003838965,0.097354256,0.087847814,0.5350318,0.06682962,0.2969454,,0.2969454,m7,-1,mskcc,42,m7_loao-mskcc_s42_in22k_v5scr,last
ISIC_0000339,__singleton__ISIC_0000339,__singleton__ISIC_0000339,<40,mskcc,5,False,5,0.008543275,0.0069760974,0.0030353619,0.054267712,0.009939555,0.87882394,0.038414,0.025458928,,0.025458928,m7,-1,mskcc,42,m7_loao-mskcc_s42_in22k_v5scr,last
ISIC_0000343,__singleton__ISIC_0000343,__singleton__ISIC_0000343,unknown,mskcc,5,False,4,0.020391412,0.001188202,0.03616016,0.031997703,0.88330376,0.005472214,0.021486448,0.9048834,,0.9048834,m7,-1,mskcc,42,m7_loao-mskcc_s42_in22k_v5scr,last
ISIC_0000345,__singleton__ISIC_0000345,__singleton__ISIC_0000345,<40,mskcc,5,False,5,0.010533054,0.006921224,0.007378166,0.058723133,0.0066706566,0.8685947,0.041179076,0.024124935,,0.024124935,m7,-1,mskcc,42,m7_loao-mskcc_s42_in22k_v5scr,last
ISIC_0000347,__singleton__ISIC_0000347,__singleton__ISIC_0000347,unknown,mskcc,5,False,3,0.0018073404,0.00042844805,0.0020126598,0.95194024,0.0011373643,0.031918414,0.010755597,0.0033731526,,0.0033731526,m7,-1,mskcc,42,m7_loao-mskcc_s42_in22k_v5scr,last
ISIC_0000348,__singleton__ISIC_0000348,__singleton__ISIC_0000348,unknown,mskcc,5,False,5,0.013955395,0.0033048312,0.012862989,0.04640663,0.020805845,0.872218,0.03044643,0.03806607,,0.03806607,m7,-1,mskcc,42,m7_loao-mskcc_s42_in22k_v5scr,last
ISIC_0000349,__singleton__ISIC_0000349,__singleton__ISIC_0000349,unknown,mskcc,5,False,5,0.0137012815,0.005623576,0.003693246,0.06783792,0.07914523,0.7836955,0.046303257,0.09847009,,0.09847009,m7,-1,mskcc,42,m7_loao-mskcc_s42_in22k_v5scr,last
ISIC_0000352,__singleton__ISIC_0000352,__singleton__ISIC_0000352,unknown,mskcc,5,False,5,0.007821951,0.004005831,0.0020028688,0.05170122,0.024985101,0.8770569,0.03242614,0.036812883,,0.036812883,m7,-1,mskcc,42,m7_loao-mskcc_s42_in22k_v5scr,last
ISIC_0000358,__singleton__ISIC_0000358,__singleton__ISIC_0000358,<40,mskcc,5,False,5,0.010749467,0.004736073,0.0050753835,0.04777048,0.0071738763,0.88537794,0.039116822,0.022659417,,0.022659417,m7,-1,mskcc,42,m7_loao-mskcc_s42_in22k_v5scr,last
ISIC_0000360,__singleton__ISIC_0000360,__singleton__ISIC_0000360,<40,mskcc,5,False,5,0.010930099,0.0074979565,0.015070276,0.055465892,0.0056974054,0.8629289,0.04240945,0.02412546,,0.02412546,m7,-1,mskcc,42,m7_loao-mskcc_s42_in22k_v5scr,last
ISIC_0000363,__singleton__ISIC_0000363,__singleton__ISIC_0000363,<40,mskcc,5,False,5,0.009204185,0.007125614,0.004344717,0.050661575,0.045396365,0.84348655,0.03978103,0.061726164,,0.061726164,m7,-1,mskcc,42,m7_loao-mskcc_s42_in22k_v5scr,last
ISIC_0000364,__singleton__ISIC_0000364,__singleton__ISIC_0000364,<40,mskcc,5,False,5,0.011350935,0.005133466,0.0076219114,0.04898895,0.021411384,0.87601095,0.029482372,0.037895784,,0.037895784,m7,-1,mskcc,42,m7_loao-mskcc_s42_in22k_v5scr,last
ISIC_0000366,__singleton__ISIC_0000366,__singleton__ISIC_0000366,40-59,mskcc,5,False,5,0.013346706,0.0077157742,0.00542777,0.060661662,0.016706077,0.8484399,0.04770208,0.037768558,,0.037768558,m7,-1,mskcc,42,m7_loao-mskcc_s42_in22k_v5scr,last
ISIC_0000367,__singleton__ISIC_0000367,__singleton__ISIC_0000367,<40,mskcc,5,False,5,0.012802149,0.00545003,0.007750365,0.050823327,0.009782783,0.874481,0.038910437,0.028034963,,0.028034963,m7,-1,mskcc,42,m7_loao-mskcc_s42_in22k_v5scr,last
ISIC_0000368,__singleton__ISIC_0000368,__singleton__ISIC_0000368,<40,mskcc,5,False,5,0.008053964,0.0047435774,0.0027573488,0.062317245,0.28638172,0.59869075,0.03705536,0.29917926,,0.29917926,m7,-1,mskcc,42,m7_loao-mskcc_s42_in22k_v5scr,last
ISIC_0000376_downsampled,__singleton__ISIC_0000376_downsampled,__singleton__ISIC_0000376_downsampled,unknown,mskcc,5,False,5,0.005089264,0.00416376,0.005328093,0.06420841,0.0036268109,0.8745017,0.043081947,0.012879835,,0.012879835,m7,-1,mskcc,42,m7_loao-mskcc_s42_in22k_v5scr,last
ISIC_0000378_downsampled,__singleton__ISIC_0000378_downsampled,__singleton__ISIC_0000378_downsampled,unknown,mskcc,5,False,5,0.002856709,0.0028961056,0.008459348,0.038014527,0.09972986,0.82437056,0.023672845,0.105482675,,0.105482675,m7,-1,mskcc,42,m7_loao-mskcc_s42_in22k_v5scr,last
ISIC_0000380_downsampled,__singleton__ISIC_0000380_downsampled,__singleton__ISIC_0000380_downsampled,unknown,mskcc,5,False,5,0.0068250853,0.006484885,0.0036763013,0.054285817,0.057233244,0.8266904,0.044804245,0.070543215,,0.070543215,m7,-1,mskcc,42,m7_loao-mskcc_s42_in22k_v5scr,last
ISIC_0000384_downsampled,__singleton__ISIC_0000384_downsampled,__singleton__ISIC_0000384_downsampled,unknown,mskcc,5,False,5,0.0072005177,0.002259848,0.028229516,0.06087938,0.1527615,0.6955411,0.05312809,0.16222186,,0.16222186,m7,-1,mskcc,42,m7_loao-mskcc_s42_in22k_v5scr,last
ISIC_0000386_downsampled,__singleton__ISIC_0000386_downsampled,__singleton__ISIC_0000386_downsampled,unknown,mskcc,5,False,5,0.00952114,0.0049326317,0.005779362,0.06043259,0.005078728,0.87481374,0.039441925,0.0195325,,0.0195325,m7,-1,mskcc,42,m7_loao-mskcc_s42_in22k_v5scr,last
ISIC_0000387_downsampled,__singleton__ISIC_0000387_downsampled,__singleton__ISIC_0000387_downsampled,unknown,mskcc,5,False,5,0.010040286,0.0067251762,0.0052847844,0.057061657,0.0046344413,0.8781207,0.03813289,0.021399904,,0.021399904,m7,-1,mskcc,42,m7_loao-mskcc_s42_in22k_v5scr,last
ISIC_0000388_downsampled,__singleton__ISIC_0000388_downsampled,__singleton__ISIC_0000388_downsampled,unknown,mskcc,5,False,5,0.0036396263,0.002928055,0.05935174,0.083006226,0.017375529,0.781878,0.051820822,0.02394321,,0.02394321,m7,-1,mskcc,42,m7_loao-mskcc_s42_in22k_v5scr,last
ISIC_0000391_downsampled,__singleton__ISIC_0000391_downsampled,__singleton__ISIC_0000391_downsampled,unknown,mskcc,5,False,5,0.0013241526,0.0030045367,0.0035515074,0.07323748,0.029578097,0.86272836,0.026575867,0.033906788,,0.033906788,m7,-1,mskcc,42,m7_loao-mskcc_s42_in22k_v5scr,last
ISIC_0000392_downsampled,__singleton__ISIC_0000392_downsampled,__singleton__ISIC_0000392_downsampled,unknown,mskcc,5,False,5,0.004643914,0.0057562618,0.014383938,0.065501526,0.0020899514,0.85811377,0.049510665,0.012490127,,0.012490127,m7,-1,mskcc,42,m7_loao-mskcc_s42_in22k_v5scr,last
ISIC_0000395_downsampled,__singleton__ISIC_0000395_downsampled,__singleton__ISIC_0000395_downsampled,unknown,mskcc,4,True,4,0.012106914,0.015397933,0.002263156,0.03952454,0.90287733,0.0015708931,0.026259283,0.9303822,,0.9303822,m7,-1,mskcc,42,m7_loao-mskcc_s42_in22k_v5scr,last
ISIC_0000396_downsampled,__singleton__ISIC_0000396_downsampled,__singleton__ISIC_0000396_downsampled,unknown,mskcc,5,False,4,0.0080875,0.0043809824,0.014131516,0.080731235,0.4482324,0.3840231,0.060413238,0.4607009,,0.4607009,m7,-1,mskcc,42,m7_loao-mskcc_s42_in22k_v5scr,last
ISIC_0000397_downsampled,__singleton__ISIC_0000397_downsampled,__singleton__ISIC_0000397_downsampled,unknown,mskcc,5,False,5,0.0068176547,0.004912334,0.0066882893,0.050806303,0.010424374,0.8816263,0.038724873,0.022154363,,0.022154363,m7,-1,mskcc,42,m7_loao-mskcc_s42_in22k_v5scr,last
ISIC_0000403_downsampled,__singleton__ISIC_0000403_downsampled,__singleton__ISIC_0000403_downsampled,unknown,mskcc,5,False,4,0.0048377938,0.0041969917,0.073296845,0.06674457,0.6486439,0.15108584,0.05119405,0.6576787,,0.6576787,m7,-1,mskcc,42,m7_loao-mskcc_s42_in22k_v5scr,last
ISIC_0000407_downsampled,__singleton__ISIC_0000407_downsampled,__singleton__ISIC_0000407_downsampled,unknown,mskcc,5,False,5,0.0023092248,0.0026245457,0.006971429,0.050352164,0.16684344,0.7329249,0.0379743,0.17177722,,0.17177722,m7,-1,mskcc,42,m7_loao-mskcc_s42_in22k_v5scr,last
ISIC_0000408_downsampled,__singleton__ISIC_0000408_downsampled,__singleton__ISIC_0000408_downsampled,unknown,mskcc,5,False,5,0.00595616,0.008396084,0.0020273223,0.10957692,0.18640068,0.62959045,0.058052413,0.20075293,,0.20075293,m7,-1,mskcc,42,m7_loao-mskcc_s42_in22k_v5scr,last
ISIC_0000409_downsampled,__singleton__ISIC_0000409_downsampled,__singleton__ISIC_0000409_downsampled,unknown,mskcc,5,False,5,0.009664167,0.0025582188,0.010039334,0.047772475,0.027959218,0.86922437,0.032782182,0.040181603,,0.040181603,m7,-1,mskcc,42,m7_loao-mskcc_s42_in22k_v5scr,last
ISIC_0000410_downsampled,__singleton__ISIC_0000410_downsampled,__singleton__ISIC_0000410_downsampled,unknown,mskcc,4,True,5,0.00084074226,0.0037805648,0.2959844,0.12683217,0.02955535,0.49746653,0.04554021,0.03417666,,0.03417666,m7,-1,mskcc,42,m7_loao-mskcc_s42_in22k_v5scr,last
ISIC_0000412_downsampled,__singleton__ISIC_0000412_downsampled,__singleton__ISIC_0000412_downsampled,unknown,mskcc,4,True,4,0.0019384577,0.0031569444,0.1729206,0.031115076,0.75466603,0.009973036,0.026229883,0.75976145,,0.75976145,m7,-1,mskcc,42,m7_loao-mskcc_s42_in22k_v5scr,last
ISIC_0000413_downsampled,__singleton__ISIC_0000413_downsampled,__singleton__ISIC_0000413_downsampled,unknown,mskcc,4,True,4,0.0010359046,0.011520417,0.020364419,0.07483316,0.5001977,0.3467849,0.045263477,0.512754,,0.512754,m7,-1,mskcc,42,m7_loao-mskcc_s42_in22k_v5scr,last
ISIC_0000415_downsampled,__singleton__ISIC_0000415_downsampled,__singleton__ISIC_0000415_downsampled,unknown,mskcc,4,True,4,0.0033688087,0.010941563,0.2807941,0.08896362,0.49746713,0.055043157,0.06342162,0.5117775,,0.5117775,m7,-1,mskcc,42,m7_loao-mskcc_s42_in22k_v5scr,last
ISIC_0000416_downsampled,__singleton__ISIC_0000416_downsampled,__singleton__ISIC_0000416_downsampled,unknown,mskcc,5,False,5,0.012321157,0.0043305065,0.008531309,0.045096446,0.009624215,0.89238936,0.02770712,0.026275879,,0.026275879,m7,-1,mskcc,42,m7_loao-mskcc_s42_in22k_v5scr,last
ISIC_0000418_downsampled,__singleton__ISIC_0000418_downsampled,__singleton__ISIC_0000418_downsampled,unknown,mskcc,5,False,5,0.0045693666,0.0032682582,0.008370084,0.042945884,0.008751189,0.8968357,0.03525954,0.016588815,,0.016588815,m7,-1,mskcc,42,m7_loao-mskcc_s42_in22k_v5scr,last
ISIC_0000420_downsampled,__singleton__ISIC_0000420_downsampled,__singleton__ISIC_0000420_downsampled,unknown,mskcc,4,True,5,0.0069659064,0.00402589,0.010240553,0.046529524,0.0072179683,0.8931909,0.03182922,0.018209765,,0.018209765,m7,-1,mskcc,42,m7_loao-mskcc_s42_in22k_v5scr,last
ISIC_0000421_downsampled,__singleton__ISIC_0000421_downsampled,__singleton__ISIC_0000421_downsampled,unknown,mskcc,5,False,5,0.008372459,0.005209225,0.012853866,0.07657955,0.0035777548,0.8467108,0.04669631,0.01715944,,0.01715944,m7,-1,mskcc,42,m7_loao-mskcc_s42_in22k_v5scr,last
ISIC_0000425_downsampled,__singleton__ISIC_0000425_downsampled,__singleton__ISIC_0000425_downsampled,unknown,mskcc,5,False,5,0.014172374,0.0052234046,0.059343763,0.07242552,0.0060387594,0.78346,0.059336133,0.025434539,,0.025434539,m7,-1,mskcc,42,m7_loao-mskcc_s42_in22k_v5scr,last
ISIC_0000426_downsampled,__singleton__ISIC_0000426_downsampled,__singleton__ISIC_0000426_downsampled,unknown,mskcc,5,False,4,0.0069153523,0.0040736855,0.021747977,0.07726773,0.71089715,0.10156927,0.07752877,0.72188616,,0.72188616,m7,-1,mskcc,42,m7_loao-mskcc_s42_in22k_v5scr,last
ISIC_0000431_downsampled,__singleton__ISIC_0000431_downsampled,__singleton__ISIC_0000431_downsampled,unknown,mskcc,5,False,5,0.008581984,0.0048218635,0.028378433,0.06704499,0.01559412,0.82785106,0.04772762,0.028997969,,0.028997969,m7,-1,mskcc,42,m7_loao-mskcc_s42_in22k_v5scr,last
ISIC_0000433_downsampled,__singleton__ISIC_0000433_downsampled,__singleton__ISIC_0000433_downsampled,unknown,mskcc,5,False,5,0.011252821,0.0061687366,0.002749849,0.044615712,0.011269608,0.8914866,0.032456685,0.028691165,,0.028691165,m7,-1,mskcc,42,m7_loao-mskcc_s42_in22k_v5scr,last
ISIC_0000439_downsampled,__singleton__ISIC_0000439_downsampled,__singleton__ISIC_0000439_downsampled,unknown,mskcc,5,False,5,0.016461717,0.007854945,0.006343124,0.060475994,0.020627238,0.8338453,0.054391664,0.0449439,,0.0449439,m7,-1,mskcc,42,m7_loao-mskcc_s42_in22k_v5scr,last
ISIC_0000444_downsampled,__singleton__ISIC_0000444_downsampled,__singleton__ISIC_0000444_downsampled,unknown,mskcc,4,True,5,0.15168217,0.0054104077,0.059063494,0.05615425,0.073097736,0.6187413,0.035850737,0.2301903,,0.2301903,m7,-1,mskcc,42,m7_loao-mskcc_s42_in22k_v5scr,last
ISIC_0000445_downsampled,__singleton__ISIC_0000445_downsampled,__singleton__ISIC_0000445_downsampled,unknown,mskcc,4,True,5,0.008532605,0.006331065,0.0077655213,0.05626042,0.011710539,0.86899954,0.040400345,0.02657421,,0.02657421,m7,-1,mskcc,42,m7_loao-mskcc_s42_in22k_v5scr,last
ISIC_0000448_downsampled,__singleton__ISIC_0000448_downsampled,__singleton__ISIC_0000448_downsampled,unknown,mskcc,5,False,5,0.01792036,0.0033052927,0.0039858567,0.051106095,0.008701383,0.8864068,0.028574208,0.029927038,,0.029927038,m7,-1,mskcc,42,m7_loao-mskcc_s42_in22k_v5scr,last
ISIC_0000451_downsampled,__singleton__ISIC_0000451_downsampled,__singleton__ISIC_0000451_downsampled,unknown,mskcc,5,False,5,0.008583927,0.0054931287,0.011027506,0.06323626,0.0038040827,0.86053777,0.0473173,0.017881138,,0.017881138,m7,-1,mskcc,42,m7_loao-mskcc_s42_in22k_v5scr,last
ISIC_0000455_downsampled,__singleton__ISIC_0000455_downsampled,__singleton__ISIC_0000455_downsampled,unknown,mskcc,5,False,5,0.007254364,0.004513014,0.0065262383,0.05361323,0.012721465,0.87740904,0.037962638,0.024488844,,0.024488844,m7,-1,mskcc,42,m7_loao-mskcc_s42_in22k_v5scr,last
ISIC_0000456_downsampled,__singleton__ISIC_0000456_downsampled,__singleton__ISIC_0000456_downsampled,unknown,mskcc,5,False,5,0.005235491,0.0075952522,0.0068670507,0.04413993,0.014181478,0.8862166,0.035764214,0.027012222,,0.027012222,m7,-1,mskcc,42,m7_loao-mskcc_s42_in22k_v5scr,last
ISIC_0000457_downsampled,__singleton__ISIC_0000457_downsampled,__singleton__ISIC_0000457_downsampled,unknown,mskcc,5,False,5,0.008032,0.00627561,0.0060182433,0.05903599,0.021964177,0.84813476,0.050539162,0.03627179,,0.03627179,m7,-1,mskcc,42,m7_loao-mskcc_s42_in22k_v5scr,last
ISIC_0000460,__singleton__ISIC_0000460,__singleton__ISIC_0000460,unknown,mskcc,5,False,5,0.00918224,0.0057555777,0.007183637,0.054784734,0.0075591714,0.87404394,0.041490693,0.022496989,,0.022496989,m7,-1,mskcc,42,m7_loao-mskcc_s42_in22k_v5scr,last
ISIC_0000463_downsampled,__singleton__ISIC_0000463_downsampled,__singleton__ISIC_0000463_downsampled,unknown,mskcc,4,True,5,0.007844052,0.0062767854,0.004150427,0.07364907,0.23289888,0.623192,0.051988807,0.24701971,,0.24701971,m7,-1,mskcc,42,m7_loao-mskcc_s42_in22k_v5scr,last
ISIC_0000465,__singleton__ISIC_0000465,__singleton__ISIC_0000465,unknown,mskcc,5,False,5,0.0061473907,0.07026492,0.05055836,0.102815226,0.0061468775,0.71980995,0.04425734,0.08255919,,0.08255919,m7,-1,mskcc,42,m7_loao-mskcc_s42_in22k_v5scr,last
ISIC_0000473_downsampled,__singleton__ISIC_0000473_downsampled,__singleton__ISIC_0000473_downsampled,unknown,mskcc,5,False,5,0.0036765868,0.0024841991,0.016279155,0.05320525,0.0065118796,0.87734586,0.040497076,0.0126726655,,0.0126726655,m7,-1,mskcc,42,m7_loao-mskcc_s42_in22k_v5scr,last
ISIC_0000474,__singleton__ISIC_0000474,__singleton__ISIC_0000474,unknown,mskcc,5,False,5,0.0071762484,0.0051048254,0.006164704,0.052042708,0.0037403519,0.8896184,0.036152646,0.016021425,,0.016021425,m7,-1,mskcc,42,m7_loao-mskcc_s42_in22k_v5scr,last
ISIC_0000477,__singleton__ISIC_0000477,__singleton__ISIC_0000477,unknown,mskcc,5,False,5,0.0071350653,0.0205709,0.0028689723,0.08152655,0.0034849572,0.84903854,0.035374995,0.031190922,,0.031190922,m7,-1,mskcc,42,m7_loao-mskcc_s42_in22k_v5scr,last
ISIC_0000478,__singleton__ISIC_0000478,__singleton__ISIC_0000478,unknown,mskcc,5,False,5,0.0055853734,0.0046063103,0.006393487,0.034389928,0.0074895574,0.9128866,0.028648736,0.017681241,,0.017681241,m7,-1,mskcc,42,m7_loao-mskcc_s42_in22k_v5scr,last
ISIC_0000481,__singleton__ISIC_0000481,__singleton__ISIC_0000481,unknown,mskcc,5,False,4,0.006955849,0.006376506,0.005853227,0.10045203,0.4693372,0.33999747,0.07102781,0.48266956,,0.48266956,m7,-1,mskcc,42,m7_loao-mskcc_s42_in22k_v5scr,last
ISIC_0000483,__singleton__ISIC_0000483,__singleton__ISIC_0000483,unknown,mskcc,5,False,5,0.008546161,0.005395185,0.008506679,0.050438285,0.0036699346,0.88382316,0.039620567,0.017611282,,0.017611282,m7,-1,mskcc,42,m7_loao-mskcc_s42_in22k_v5scr,last
ISIC_0000484,__singleton__ISIC_0000484,__singleton__ISIC_0000484,unknown,mskcc,4,True,5,0.00092428894,0.073979616,0.015588665,0.06756188,0.048067134,0.75527316,0.038605236,0.12297104,,0.12297104,m7,-1,mskcc,42,m7_loao-mskcc_s42_in22k_v5scr,last
ISIC_0000488,__singleton__ISIC_0000488,__singleton__ISIC_0000488,unknown,mskcc,5,False,5,0.009484037,0.008031649,0.00694732,0.062240437,0.006096969,0.85983634,0.047363266,0.023612654,,0.023612654,m7,-1,mskcc,42,m7_loao-mskcc_s42_in22k_v5scr,last
ISIC_0000492,__singleton__ISIC_0000492,__singleton__ISIC_0000492,unknown,mskcc,5,False,5,0.0067122304,0.010802681,0.0046571004,0.04779596,0.0023049132,0.8980522,0.029674878,0.019819824,,0.019819824,m7,-1,mskcc,42,m7_loao-mskcc_s42_in22k_v5scr,last
ISIC_0000493,__singleton__ISIC_0000493,__singleton__ISIC_0000493,unknown,mskcc,5,False,5,0.008144602,0.0048087374,0.0043959296,0.04513322,0.011346582,0.89286,0.03331101,0.024299921,,0.024299921,m7,-1,mskcc,42,m7_loao-mskcc_s42_in22k_v5scr,last
ISIC_0000494,__singleton__ISIC_0000494,__singleton__ISIC_0000494,unknown,mskcc,5,False,5,0.009159479,0.0065069688,0.005128764,0.052971054,0.0050455607,0.88281894,0.0383692,0.020712009,,0.020712009,m7,-1,mskcc,42,m7_loao-mskcc_s42_in22k_v5scr,last
ISIC_0000495,__singleton__ISIC_0000495,__singleton__ISIC_0000495,unknown,mskcc,5,False,5,0.007819719,0.0049070003,0.0070484574,0.056985483,0.00553901,0.8763389,0.041361462,0.018265728,,0.018265728,m7,-1,mskcc,42,m7_loao-mskcc_s42_in22k_v5scr,last
ISIC_0000498,__singleton__ISIC_0000498,__singleton__ISIC_0000498,unknown,mskcc,5,False,5,0.002650538,0.0021666219,0.0094699925,0.055951983,0.0040290575,0.8972027,0.028529251,0.008846218,,0.008846218,m7,-1,mskcc,42,m7_loao-mskcc_s42_in22k_v5scr,last
ISIC_0000499,__singleton__ISIC_0000499,__singleton__ISIC_0000499,unknown,mskcc,5,False,5,0.0064015687,0.0050974446,0.0067058406,0.058653183,0.0064522903,0.87687653,0.03981306,0.017951304,,0.017951304,m7,-1,mskcc,42,m7_loao-mskcc_s42_in22k_v5scr,last
ISIC_0000501,__singleton__ISIC_0000501,__singleton__ISIC_0000501,unknown,mskcc,5,False,4,0.013261833,0.0118743,0.016176132,0.111238874,0.38046557,0.37604162,0.090941675,0.4056017,,0.4056017,m7,-1,mskcc,42,m7_loao-mskcc_s42_in22k_v5scr,last
ISIC_0000504_downsampled,__singleton__ISIC_0000504_downsampled,__singleton__ISIC_0000504_downsampled,unknown,mskcc,5,False,5,0.009390247,0.007462069,0.005278701,0.058357794,0.008110229,0.86795294,0.043447953,0.024962544,,0.024962544,m7,-1,mskcc,42,m7_loao-mskcc_s42_in22k_v5scr,last
ISIC_0000506,__singleton__ISIC_0000506,__singleton__ISIC_0000506,unknown,mskcc,5,False,5,0.011333805,0.0071840133,0.0067151207,0.0643154,0.0051646275,0.8649206,0.040366434,0.023682445,,0.023682445,m7,-1,mskcc,42,m7_loao-mskcc_s42_in22k_v5scr,last
ISIC_0000509,__singleton__ISIC_0000509,__singleton__ISIC_0000509,unknown,mskcc,5,False,5,0.0065563624,0.0072647217,0.0045173545,0.05245562,0.0037523652,0.88545525,0.039998345,0.01757345,,0.01757345,m7,-1,mskcc,42,m7_loao-mskcc_s42_in22k_v5scr,last
ISIC_0000510,__singleton__ISIC_0000510,__singleton__ISIC_0000510,unknown,mskcc,5,False,5,0.008119036,0.0049316585,0.006373659,0.06068127,0.0040279822,0.8749293,0.040937003,0.017078677,,0.017078677,m7,-1,mskcc,42,m7_loao-mskcc_s42_in22k_v5scr,last
ISIC_0000513,__singleton__ISIC_0000513,__singleton__ISIC_0000513,unknown,mskcc,4,True,5,0.0037138136,0.0038721915,0.0035655536,0.05945021,0.031048467,0.856629,0.04172071,0.03863447,,0.03863447,m7,-1,mskcc,42,m7_loao-mskcc_s42_in22k_v5scr,last
ISIC_0000515,__singleton__ISIC_0000515,__singleton__ISIC_0000515,unknown,mskcc,5,False,5,0.00765621,0.0044267243,0.010260855,0.05785917,0.004152786,0.87572277,0.03992149,0.01623572,,0.01623572,m7,-1,mskcc,42,m7_loao-mskcc_s42_in22k_v5scr,last
ISIC_0000518,__singleton__ISIC_0000518,__singleton__ISIC_0000518,unknown,mskcc,4,True,5,0.01445681,0.0013738605,0.00935112,0.040206667,0.14688642,0.7580334,0.02969173,0.16271709,,0.16271709,m7,-1,mskcc,42,m7_loao-mskcc_s42_in22k_v5scr,last
ISIC_0000519_downsampled,__singleton__ISIC_0000519_downsampled,__singleton__ISIC_0000519_downsampled,unknown,mskcc,4,True,4,0.0019403668,0.0033038687,0.0093784975,0.038265985,0.9175611,0.0067836773,0.022766538,0.92280537,,0.92280537,m7,-1,mskcc,42,m7_loao-mskcc_s42_in22k_v5scr,last
ISIC_0000522,__singleton__ISIC_0000522,__singleton__ISIC_0000522,unknown,mskcc,4,True,5,0.0033668207,0.03458665,0.008257945,0.043014694,0.20231755,0.658393,0.050063252,0.24027102,,0.24027102,m7,-1,mskcc,42,m7_loao-mskcc_s42_in22k_v5scr,last
ISIC_0000523,__singleton__ISIC_0000523,__singleton__ISIC_0000523,unknown,mskcc,5,False,5,0.008448719,0.015042077,0.030604998,0.051130638,0.00225194,0.86176074,0.03076092,0.025742736,,0.025742736,m7,-1,mskcc,42,m7_loao-mskcc_s42_in22k_v5scr,last
ISIC_0000524,__singleton__ISIC_0000524,__singleton__ISIC_0000524,unknown,mskcc,5,False,5,0.00914411,0.0064576482,0.0040098075,0.08281071,0.37246448,0.47037572,0.054737557,0.38806623,,0.38806623,m7,-1,mskcc,42,m7_loao-mskcc_s42_in22k_v5scr,last
ISIC_0000525,__singleton__ISIC_0000525,__singleton__ISIC_0000525,unknown,mskcc,5,False,5,0.006138436,0.004147997,0.004726397,0.05082809,0.0045002364,0.8954634,0.034195516,0.01478667,,0.01478667,m7,-1,mskcc,42,m7_loao-mskcc_s42_in22k_v5scr,last
ISIC_0000527,__singleton__ISIC_0000527,__singleton__ISIC_0000527,unknown,mskcc,5,False,5,0.0066192946,0.0043071667,0.0038900801,0.05463466,0.0061418815,0.8846077,0.039799258,0.017068341,,0.017068341,m7,-1,mskcc,42,m7_loao-mskcc_s42_in22k_v5scr,last
ISIC_0000528,__singleton__ISIC_0000528,__singleton__ISIC_0000528,unknown,mskcc,5,False,5,0.029042967,0.002068308,0.023493325,0.036328465,0.0036794473,0.8748105,0.030576913,0.03479072,,0.03479072,m7,-1,mskcc,42,m7_loao-mskcc_s42_in22k_v5scr,last
ISIC_0000530,__singleton__ISIC_0000530,__singleton__ISIC_0000530,unknown,mskcc,5,False,4,0.008199065,0.018006783,0.017187001,0.061202526,0.6883523,0.16573375,0.041318636,0.7145581,,0.7145581,m7,-1,mskcc,42,m7_loao-mskcc_s42_in22k_v5scr,last
ISIC_0000531,__singleton__ISIC_0000531,__singleton__ISIC_0000531,unknown,mskcc,4,True,5,0.021565033,0.10621757,0.022255002,0.07073474,0.24438898,0.48641658,0.048422076,0.37217158,,0.37217158,m7,-1,mskcc,42,m7_loao-mskcc_s42_in22k_v5scr,last
ISIC_0000533,__singleton__ISIC_0000533,__singleton__ISIC_0000533,unknown,mskcc,4,True,5,0.008764455,0.005832272,0.0060341978,0.056722935,0.006181075,0.8748793,0.041585658,0.020777801,,0.020777801,m7,-1,mskcc,42,m7_loao-mskcc_s42_in22k_v5scr,last
ISIC_0000535,__singleton__ISIC_0000535,__singleton__ISIC_0000535,unknown,mskcc,5,False,5,0.008036191,0.005993255,0.004180002,0.05980261,0.005759324,0.87550664,0.040721983,0.019788768,,0.019788768,m7,-1,mskcc,42,m7_loao-mskcc_s42_in22k_v5scr,last
ISIC_0000536,__singleton__ISIC_0000536,__singleton__ISIC_0000536,unknown,mskcc,5,False,5,0.010096924,0.007009737,0.0053418227,0.05765423,0.011154065,0.86723465,0.0415086,0.028260726,,0.028260726,m7,-1,mskcc,42,m7_loao-mskcc_s42_in22k_v5scr,last
ISIC_0000538,__singleton__ISIC_0000538,__singleton__ISIC_0000538,unknown,mskcc,5,False,5,0.010644706,0.006083149,0.0075948774,0.060689233,0.00447162,0.86771923,0.04279726,0.021199476,,0.021199476,m7,-1,mskcc,42,m7_loao-mskcc_s42_in22k_v5scr,last
ISIC_0000541,__singleton__ISIC_0000541,__singleton__ISIC_0000541,unknown,mskcc,5,False,4,0.0029073732,0.004512305,0.0067454455,0.07020845,0.65032804,0.22366565,0.04163274,0.65774775,,0.65774775,m7,-1,mskcc,42,m7_loao-mskcc_s42_in22k_v5scr,last
ISIC_0000542,__singleton__ISIC_0000542,__singleton__ISIC_0000542,unknown,mskcc,5,False,5,0.0076784394,0.0064640353,0.0047322484,0.04580453,0.0052201482,0.89594895,0.034151558,0.019362623,,0.019362623,m7,-1,mskcc,42,m7_loao-mskcc_s42_in22k_v5scr,last
ISIC_0000543,__singleton__ISIC_0000543,__singleton__ISIC_0000543,unknown,mskcc,5,False,4,0.0055548456,0.0031142987,0.00464001,0.0475623,0.7817401,0.12833174,0.029056737,0.79040927,,0.79040927,m7,-1,mskcc,42,m7_loao-mskcc_s42_in22k_v5scr,last
ISIC_0000547,__singleton__ISIC_0000547,__singleton__ISIC_0000547,unknown,mskcc,4,True,5,0.0024633869,0.06818981,0.081999555,0.060643803,0.085294634,0.64210784,0.059301022,0.15594783,,0.15594783,m7,-1,mskcc,42,m7_loao-mskcc_s42_in22k_v5scr,last
ISIC_0000548,__singleton__ISIC_0000548,__singleton__ISIC_0000548,unknown,mskcc,4,True,5,0.0019459937,0.013421416,0.037025698,0.055145126,0.11276765,0.73037887,0.049315248,0.12813506,,0.12813506,m7,-1,mskcc,42,m7_loao-mskcc_s42_in22k_v5scr,last
ISIC_0000549,__singleton__ISIC_0000549,__singleton__ISIC_0000549,unknown,mskcc,4,True,4,0.006442778,0.003474627,0.05216124,0.04993961,0.8438937,0.007654936,0.036433015,0.8538111,,0.8538111,m7,-1,mskcc,42,m7_loao-mskcc_s42_in22k_v5scr,last
ISIC_0000556,__singleton__ISIC_0000556,__singleton__ISIC_0000556,unknown,mskcc,5,False,5,0.005162854,0.005837504,0.0054745316,0.0498016,0.003432888,0.8958308,0.03445974,0.014433246,,0.014433246,m7,-1,mskcc,42,m7_loao-mskcc_s42_in22k_v5scr,last
ISIC_0000882_downsampled,__singleton__ISIC_0000882_downsampled,__singleton__ISIC_0000882_downsampled,<40,mskcc,5,False,5,0.005766069,0.113551214,0.003926882,0.049583223,0.005854107,0.7916552,0.029663328,0.1251714,,0.1251714,m7,-1,mskcc,42,m7_loao-mskcc_s42_in22k_v5scr,last
ISIC_0000999_downsampled,__singleton__ISIC_0000999_downsampled,__singleton__ISIC_0000999_downsampled,<40,mskcc,5,False,5,0.0057061655,0.003282845,0.0013380479,0.03060948,0.029367398,0.90336037,0.026335595,0.03835641,,0.03835641,m7,-1,mskcc,42,m7_loao-mskcc_s42_in22k_v5scr,last
ISIC_0001105_downsampled,__singleton__ISIC_0001105_downsampled,__singleton__ISIC_0001105_downsampled,<40,mskcc,4,True,5,0.008655794,0.0053169704,0.0051882807,0.06264347,0.0067162765,0.87007385,0.041405413,0.02068904,,0.02068904,m7,-1,mskcc,42,m7_loao-mskcc_s42_in22k_v5scr,last
ISIC_0001118_downsampled,__singleton__ISIC_0001118_downsampled,__singleton__ISIC_0001118_downsampled,60+,mskcc,4,True,4,0.003691088,0.008483549,0.0016327278,0.054709017,0.8862976,0.009771794,0.03541432,0.8984722,,0.8984722,m7,-1,mskcc,42,m7_loao-mskcc_s42_in22k_v5scr,last
ISIC_0001119_downsampled,__singleton__ISIC_0001119_downsampled,__singleton__ISIC_0001119_downsampled,40-59,mskcc,4,True,5,0.010780826,0.005128626,0.029200416,0.080092266,0.1088366,0.71449214,0.05146917,0.124746054,,0.124746054,m7,-1,mskcc,42,m7_loao-mskcc_s42_in22k_v5scr,last
ISIC_0001128_downsampled,__singleton__ISIC_0001128_downsampled,__singleton__ISIC_0001128_downsampled,40-59,mskcc,4,True,5,0.0033689968,0.0025209072,0.005530774,0.04001919,0.009016418,0.9089069,0.030636827,0.014906322,,0.014906322,m7,-1,mskcc,42,m7_loao-mskcc_s42_in22k_v5scr,last
ISIC_0001131_downsampled,__singleton__ISIC_0001131_downsampled,__singleton__ISIC_0001131_downsampled,40-59,mskcc,4,True,4,0.0022567362,0.0023547092,0.004780628,0.032991666,0.92352253,0.0024110116,0.031682625,0.92813396,,0.92813396,m7,-1,mskcc,42,m7_loao-mskcc_s42_in22k_v5scr,last
ISIC_0001133_downsampled,__singleton__ISIC_0001133_downsampled,__singleton__ISIC_0001133_downsampled,60+,mskcc,4,True,5,0.010273491,0.007921099,0.0017409041,0.0800463,0.13303697,0.7205361,0.046445083,0.15123156,,0.15123156,m7,-1,mskcc,42,m7_loao-mskcc_s42_in22k_v5scr,last
ISIC_0001134_downsampled,__singleton__ISIC_0001134_downsampled,__singleton__ISIC_0001134_downsampled,60+,mskcc,4,True,4,0.020612065,0.0050003696,0.030211903,0.08139346,0.4614053,0.35270768,0.048669193,0.48701775,,0.48701775,m7,-1,mskcc,42,m7_loao-mskcc_s42_in22k_v5scr,last
ISIC_0001140_downsampled,__singleton__ISIC_0001140_downsampled,__singleton__ISIC_0001140_downsampled,40-59,mskcc,4,True,4,0.010646528,0.006804112,0.0035370772,0.04624263,0.8259132,0.045141567,0.061714925,0.8433638,,0.8433638,m7,-1,mskcc,42,m7_loao-mskcc_s42_in22k_v5scr,last
ISIC_0001181_downsampled,__singleton__ISIC_0001181_downsampled,__singleton__ISIC_0001181_downsampled,<40,mskcc,5,False,5,0.004499732,0.006448219,0.15218472,0.16347386,0.0048025893,0.63385576,0.03473516,0.01575054,,0.01575054,m7,-1,mskcc,42,m7_loao-mskcc_s42_in22k_v5scr,last
ISIC_0001188_downsampled,__singleton__ISIC_0001188_downsampled,__singleton__ISIC_0001188_downsampled,<40,mskcc,5,False,5,0.010577927,0.0060830587,0.00600901,0.05593185,0.018155178,0.85760915,0.04563379,0.034816165,,0.034816165,m7,-1,mskcc,42,m7_loao-mskcc_s42_in22k_v5scr,last
ISIC_0001190_downsampled,__singleton__ISIC_0001190_downsampled,__singleton__ISIC_0001190_downsampled,<40,mskcc,5,False,5,0.002965811,0.0022914666,0.02018925,0.049906004,0.0016052751,0.89931875,0.023723455,0.006862553,,0.006862553,m7,-1,mskcc,42,m7_loao-mskcc_s42_in22k_v5scr,last
ISIC_0001191_downsampled,__singleton__ISIC_0001191_downsampled,__singleton__ISIC_0001191_downsampled,<40,mskcc,5,False,5,0.0030314375,0.004210308,0.0037381195,0.026978916,0.0049254363,0.9323124,0.024803381,0.012167182,,0.012167182,m7,-1,mskcc,42,m7_loao-mskcc_s42_in22k_v5scr,last
ISIC_0001213_downsampled,__singleton__ISIC_0001213_downsampled,__singleton__ISIC_0001213_downsampled,<40,mskcc,5,False,5,0.0071924254,0.0050659133,0.0057509826,0.050774444,0.011877171,0.87357765,0.045761436,0.02413551,,0.02413551,m7,-1,mskcc,42,m7_loao-mskcc_s42_in22k_v5scr,last
ISIC_0001242_downsampled,__singleton__ISIC_0001242_downsampled,__singleton__ISIC_0001242_downsampled,<40,mskcc,5,False,5,0.009152641,0.0061618513,0.0070517343,0.055527665,0.0060258284,0.8757281,0.040352244,0.02134032,,0.02134032,m7,-1,mskcc,42,m7_loao-mskcc_s42_in22k_v5scr,last
ISIC_0001296_downsampled,__singleton__ISIC_0001296_downsampled,__singleton__ISIC_0001296_downsampled,<40,mskcc,5,False,5,0.0061451667,0.00591387,0.010689443,0.0616727,0.0125063,0.85483956,0.048232984,0.024565335,,0.024565335,m7,-1,mskcc,42,m7_loao-mskcc_s42_in22k_v5scr,last
ISIC_0001299_downsampled,__singleton__ISIC_0001299_downsampled,__singleton__ISIC_0001299_downsampled,<40,mskcc,5,False,5,0.0035868206,0.003868312,0.0092967115,0.06292123,0.018314531,0.8594061,0.042606365,0.025769664,,0.025769664,m7,-1,mskcc,42,m7_loao-mskcc_s42_in22k_v5scr,last
ISIC_0001306_downsampled,__singleton__ISIC_0001306_downsampled,__singleton__ISIC_0001306_downsampled,<40,mskcc,5,False,5,0.0026139407,0.003163784,0.0070427777,0.042220656,0.0055609285,0.90870064,0.030697381,0.011338653,,0.011338653,m7,-1,mskcc,42,m7_loao-mskcc_s42_in22k_v5scr,last
ISIC_0001367_downsampled,__singleton__ISIC_0001367_downsampled,__singleton__ISIC_0001367_downsampled,<40,mskcc,5,False,5,0.00866708,0.0058774436,0.0061839544,0.055052176,0.008860405,0.87541634,0.039942656,0.023404928,,0.023404928,m7,-1,mskcc,42,m7_loao-mskcc_s42_in22k_v5scr,last
ISIC_0001372_downsampled,__singleton__ISIC_0001372_downsampled,__singleton__ISIC_0001372_downsampled,<40,mskcc,5,False,5,0.0070424913,0.005608243,0.0053106947,0.04621652,0.00802187,0.8856203,0.042179883,0.020672604,,0.020672604,m7,-1,mskcc,42,m7_loao-mskcc_s42_in22k_v5scr,last
ISIC_0001374_downsampled,__singleton__ISIC_0001374_downsampled,__singleton__ISIC_0001374_downsampled,<40,mskcc,5,False,5,0.0057321563,0.0067264806,0.0076453495,0.06295358,0.008340584,0.8628348,0.04576701,0.020799221,,0.020799221,m7,-1,mskcc,42,m7_loao-mskcc_s42_in22k_v5scr,last
ISIC_0001427_downsampled,__singleton__ISIC_0001427_downsampled,__singleton__ISIC_0001427_downsampled,<40,mskcc,5,False,5,0.007911595,0.006028814,0.007293867,0.055023957,0.0053799865,0.87852716,0.039834537,0.019320395,,0.019320395,m7,-1,mskcc,42,m7_loao-mskcc_s42_in22k_v5scr,last
ISIC_0001442_downsampled,__singleton__ISIC_0001442_downsampled,__singleton__ISIC_0001442_downsampled,<40,mskcc,5,False,5,0.007023676,0.0060429955,0.007962097,0.06024134,0.0038419203,0.8729119,0.04197603,0.016908592,,0.016908592,m7,-1,mskcc,42,m7_loao-mskcc_s42_in22k_v5scr,last
ISIC_0001449_downsampled,__singleton__ISIC_0001449_downsampled,__singleton__ISIC_0001449_downsampled,<40,mskcc,5,False,5,0.006817314,0.0043733083,0.0061748796,0.049150005,0.0043664775,0.8936995,0.035418406,0.015557099,,0.015557099,m7,-1,mskcc,42,m7_loao-mskcc_s42_in22k_v5scr,last
ISIC_0001769_downsampled,__singleton__ISIC_0001769_downsampled,__singleton__ISIC_0001769_downsampled,<40,mskcc,5,False,5,0.008718535,0.005865871,0.004146171,0.058691643,0.008829703,0.87384975,0.039898366,0.023414109,,0.023414109,m7,-1,mskcc,42,m7_loao-mskcc_s42_in22k_v5scr,last
ISIC_0001852_downsampled,__singleton__ISIC_0001852_downsampled,__singleton__ISIC_0001852_downsampled,<40,mskcc,5,False,5,0.009047865,0.0046808077,0.0029668957,0.08021315,0.16127549,0.7049795,0.036836307,0.17500417,,0.17500417,m7,-1,mskcc,42,m7_loao-mskcc_s42_in22k_v5scr,last
ISIC_0001871_downsampled,__singleton__ISIC_0001871_downsampled,__singleton__ISIC_0001871_downsampled,<40,mskcc,5,False,5,0.00919418,0.007324928,0.005251426,0.059075873,0.006135872,0.8695309,0.043486785,0.02265498,,0.02265498,m7,-1,mskcc,42,m7_loao-mskcc_s42_in22k_v5scr,last
ISIC_0001960_downsampled,__singleton__ISIC_0001960_downsampled,__singleton__ISIC_0001960_downsampled,<40,mskcc,5,False,5,0.0050725755,0.009222667,0.0052756295,0.050625425,0.0062593995,0.89367926,0.029864987,0.020554643,,0.020554643,m7,-1,mskcc,42,m7_loao-mskcc_s42_in22k_v5scr,last
ISIC_0002093_downsampled,__singleton__ISIC_0002093_downsampled,__singleton__ISIC_0002093_downsampled,<40,mskcc,5,False,5,0.006395704,0.0062283413,0.004670314,0.045099664,0.0057444912,0.8996079,0.032253448,0.018368537,,0.018368537,m7,-1,mskcc,42,m7_loao-mskcc_s42_in22k_v5scr,last
ISIC_0002107_downsampled,__singleton__ISIC_0002107_downsampled,__singleton__ISIC_0002107_downsampled,<40,mskcc,5,False,5,0.0068745418,0.006356323,0.0026815857,0.07174971,0.14233929,0.71901333,0.050985146,0.15557015,,0.15557015,m7,-1,mskcc,42,m7_loao-mskcc_s42_in22k_v5scr,last
ISIC_0002206_downsampled,__singleton__ISIC_0002206_downsampled,__singleton__ISIC_0002206_downsampled,<40,mskcc,5,False,5,0.0065637967,0.0043492755,0.0056162626,0.056636944,0.003065377,0.8863058,0.03746251,0.01397845,,0.01397845,m7,-1,mskcc,42,m7_loao-mskcc_s42_in22k_v5scr,last
ISIC_0002246_downsampled,__singleton__ISIC_0002246_downsampled,__singleton__ISIC_0002246_downsampled,<40,mskcc,5,False,5,0.0107320985,0.0080690365,0.0047476697,0.055684444,0.00634174,0.8722372,0.042187724,0.025142875,,0.025142875,m7,-1,mskcc,42,m7_loao-mskcc_s42_in22k_v5scr,last
ISIC_0002287_downsampled,__singleton__ISIC_0002287_downsampled,__singleton__ISIC_0002287_downsampled,<40,mskcc,5,False,5,0.006678206,0.0037990937,0.0045548636,0.05403285,0.004409977,0.8881211,0.03840378,0.014887277,,0.014887277,m7,-1,mskcc,42,m7_loao-mskcc_s42_in22k_v5scr,last
ISIC_0002439_downsampled,__singleton__ISIC_0002439_downsampled,__singleton__ISIC_0002439_downsampled,<40,mskcc,5,False,5,0.011362974,0.006666681,0.004254677,0.061410185,0.012594727,0.85854924,0.045161534,0.030624382,,0.030624382,m7,-1,mskcc,42,m7_loao-mskcc_s42_in22k_v5scr,last
ISIC_0002469_downsampled,__singleton__ISIC_0002469_downsampled,__singleton__ISIC_0002469_downsampled,<40,mskcc,5,False,5,0.008895932,0.006829418,0.0056777284,0.05761376,0.004933611,0.873495,0.04255458,0.02065896,,0.02065896,m7,-1,mskcc,42,m7_loao-mskcc_s42_in22k_v5scr,last
ISIC_0002489_downsampled,__singleton__ISIC_0002489_downsampled,__singleton__ISIC_0002489_downsampled,<40,mskcc,5,False,5,0.0078112623,0.006825519,0.005880563,0.055803705,0.0053015486,0.876506,0.041871443,0.01993833,,0.01993833,m7,-1,mskcc,42,m7_loao-mskcc_s42_in22k_v5scr,last
ISIC_0002647_downsampled,__singleton__ISIC_0002647_downsampled,__singleton__ISIC_0002647_downsampled,<40,mskcc,5,False,5,0.008747412,0.0069227526,0.007918236,0.058230683,0.0051088342,0.8667961,0.04627603,0.020778999,,0.020778999,m7,-1,mskcc,42,m7_loao-mskcc_s42_in22k_v5scr,last
ISIC_0002673_downsampled,__singleton__ISIC_0002673_downsampled,__singleton__ISIC_0002673_downsampled,<40,mskcc,5,False,5,0.004118412,0.00480487,0.0056874943,0.03883968,0.003089248,0.8968252,0.04663509,0.01201253,,0.01201253,m7,-1,mskcc,42,m7_loao-mskcc_s42_in22k_v5scr,last
ISIC_0002780_downsampled,__singleton__ISIC_0002780_downsampled,__singleton__ISIC_0002780_downsampled,<40,mskcc,5,False,5,0.0063101253,0.0041113626,0.0038735939,0.045057055,0.004390215,0.90271604,0.033541646,0.014811704,,0.014811704,m7,-1,mskcc,42,m7_loao-mskcc_s42_in22k_v5scr,last
ISIC_0002806_downsampled,__singleton__ISIC_0002806_downsampled,__singleton__ISIC_0002806_downsampled,<40,mskcc,5,False,5,0.007805405,0.005388481,0.0053532794,0.05964371,0.005607389,0.87542796,0.040773753,0.018801276,,0.018801276,m7,-1,mskcc,42,m7_loao-mskcc_s42_in22k_v5scr,last
ISIC_0002829_downsampled,__singleton__ISIC_0002829_downsampled,__singleton__ISIC_0002829_downsampled,<40,mskcc,5,False,5,0.007396751,0.004983754,0.004247423,0.04654729,0.0063131307,0.89270115,0.0378105,0.018693635,,0.018693635,m7,-1,mskcc,42,m7_loao-mskcc_s42_in22k_v5scr,last
ISIC_0002836_downsampled,__singleton__ISIC_0002836_downsampled,__singleton__ISIC_0002836_downsampled,<40,mskcc,5,False,5,0.0057399143,0.004642702,0.0046382593,0.04713648,0.0069745877,0.89717394,0.033694144,0.017357204,,0.017357204,m7,-1,mskcc,42,m7_loao-mskcc_s42_in22k_v5scr,last
ISIC_0002975_downsampled,__singleton__ISIC_0002975_downsampled,__singleton__ISIC_0002975_downsampled,<40,mskcc,5,False,5,0.00919825,0.005298444,0.005654113,0.05900921,0.008297039,0.8555926,0.056950416,0.022793733,,0.022793733,m7,-1,mskcc,42,m7_loao-mskcc_s42_in22k_v5scr,last
ISIC_0002976_downsampled,__singleton__ISIC_0002976_downsampled,__singleton__ISIC_0002976_downsampled,<40,mskcc,5,False,5,0.007679048,0.004648122,0.0037530398,0.05395428,0.010423907,0.87830025,0.041241392,0.022751078,,0.022751078,m7,-1,mskcc,42,m7_loao-mskcc_s42_in22k_v5scr,last
ISIC_0003051_downsampled,__singleton__ISIC_0003051_downsampled,__singleton__ISIC_0003051_downsampled,<40,mskcc,5,False,5,0.009388833,0.0050101527,0.0033832372,0.05422591,0.01416739,0.8719282,0.04189626,0.028566375,,0.028566375,m7,-1,mskcc,42,m7_loao-mskcc_s42_in22k_v5scr,last
ISIC_0003056_downsampled,__singleton__ISIC_0003056_downsampled,__singleton__ISIC_0003056_downsampled,<40,mskcc,5,False,5,0.0056497785,0.026449034,0.0011150109,0.10250814,0.02287913,0.7988792,0.042519737,0.05497794,,0.05497794,m7,-1,mskcc,42,m7_loao-mskcc_s42_in22k_v5scr,last
ISIC_0003174_downsampled,__singleton__ISIC_0003174_downsampled,__singleton__ISIC_0003174_downsampled,<40,mskcc,5,False,5,0.0099018095,0.007526293,0.0063821874,0.053247906,0.0065247756,0.87614644,0.04027053,0.023952877,,0.023952877,m7,-1,mskcc,42,m7_loao-mskcc_s42_in22k_v5scr,last
ISIC_0003346_downsampled,__singleton__ISIC_0003346_downsampled,__singleton__ISIC_0003346_downsampled,<40,mskcc,5,False,5,0.0056294603,0.0040083444,0.006314981,0.039272543,0.007236061,0.9029365,0.034602113,0.016873866,,0.016873866,m7,-1,mskcc,42,m7_loao-mskcc_s42_in22k_v5scr,last
ISIC_0003559_downsampled,__singleton__ISIC_0003559_downsampled,__singleton__ISIC_0003559_downsampled,<40,mskcc,5,False,5,0.007666535,0.0057546436,0.005359472,0.05324485,0.004831966,0.8849629,0.038179483,0.018253144,,0.018253144,m7,-1,mskcc,42,m7_loao-mskcc_s42_in22k_v5scr,last
ISIC_0003657_downsampled,__singleton__ISIC_0003657_downsampled,__singleton__ISIC_0003657_downsampled,<40,mskcc,5,False,5,0.009072717,0.008628534,0.00469464,0.05527159,0.005723935,0.86482525,0.05178323,0.023425186,,0.023425186,m7,-1,mskcc,42,m7_loao-mskcc_s42_in22k_v5scr,last
ISIC_0003728_downsampled,__singleton__ISIC_0003728_downsampled,__singleton__ISIC_0003728_downsampled,<40,mskcc,5,False,5,0.008177066,0.006527957,0.00473028,0.060884524,0.0065831044,0.85684216,0.05625486,0.021288127,,0.021288127,m7,-1,mskcc,42,m7_loao-mskcc_s42_in22k_v5scr,last
ISIC_0004166_downsampled,__singleton__ISIC_0004166_downsampled,__singleton__ISIC_0004166_downsampled,<40,mskcc,5,False,5,0.0068009407,0.0049308958,0.006002797,0.05735585,0.003349421,0.87769824,0.0438619,0.0150812585,,0.0150812585,m7,-1,mskcc,42,m7_loao-mskcc_s42_in22k_v5scr,last
ISIC_0004168_downsampled,__singleton__ISIC_0004168_downsampled,__singleton__ISIC_0004168_downsampled,<40,mskcc,5,False,5,0.007985313,0.0046466496,0.0072849593,0.0523857,0.009687913,0.8712352,0.04677425,0.022319876,,0.022319876,m7,-1,mskcc,42,m7_loao-mskcc_s42_in22k_v5scr,last
ISIC_0004309_downsampled,__singleton__ISIC_0004309_downsampled,__singleton__ISIC_0004309_downsampled,<40,mskcc,5,False,5,0.0074468893,0.009671449,0.0038716092,0.05659007,0.0040058466,0.87512857,0.043285582,0.021124184,,0.021124184,m7,-1,mskcc,42,m7_loao-mskcc_s42_in22k_v5scr,last
ISIC_0004337_downsampled,__singleton__ISIC_0004337_downsampled,__singleton__ISIC_0004337_downsampled,<40,mskcc,5,False,5,0.007179993,0.00746184,0.0077217333,0.056286167,0.009766736,0.86566293,0.045920555,0.024408568,,0.024408568,m7,-1,mskcc,42,m7_loao-mskcc_s42_in22k_v5scr,last
ISIC_0004346_downsampled,__singleton__ISIC_0004346_downsampled,__singleton__ISIC_0004346_downsampled,<40,mskcc,5,False,5,0.0058632405,0.0059975884,0.008003953,0.05437975,0.0043857163,0.8836321,0.037737634,0.016246546,,0.016246546,m7,-1,mskcc,42,m7_loao-mskcc_s42_in22k_v5scr,last
ISIC_0004985_downsampled,__singleton__ISIC_0004985_downsampled,__singleton__ISIC_0004985_downsampled,<40,mskcc,5,False,5,0.00746462,0.004197308,0.005266305,0.05842693,0.009920126,0.87250286,0.042221818,0.021582054,,0.021582054,m7,-1,mskcc,42,m7_loao-mskcc_s42_in22k_v5scr,last
ISIC_0005000_downsampled,__singleton__ISIC_0005000_downsampled,__singleton__ISIC_0005000_downsampled,<40,mskcc,5,False,5,0.006920772,0.0058511696,0.0033367572,0.05939118,0.039795324,0.83091336,0.053791538,0.052567266,,0.052567266,m7,-1,mskcc,42,m7_loao-mskcc_s42_in22k_v5scr,last
ISIC_0005187_downsampled,__singleton__ISIC_0005187_downsampled,__singleton__ISIC_0005187_downsampled,<40,mskcc,5,False,5,0.0062008444,0.0056738066,0.006587222,0.05967789,0.0048046783,0.87386405,0.04319151,0.01667933,,0.01667933,m7,-1,mskcc,42,m7_loao-mskcc_s42_in22k_v5scr,last
ISIC_0005247_downsampled,__singleton__ISIC_0005247_downsampled,__singleton__ISIC_0005247_downsampled,<40,mskcc,5,False,5,0.008055162,0.0062223654,0.0055706813,0.05453519,0.004616055,0.8785192,0.042481396,0.018893583,,0.018893583,m7,-1,mskcc,42,m7_loao-mskcc_s42_in22k_v5scr,last
ISIC_0005564_downsampled,__singleton__ISIC_0005564_downsampled,__singleton__ISIC_0005564_downsampled,<40,mskcc,5,False,5,0.00785761,0.005533754,0.003967946,0.049118172,0.006275015,0.8896738,0.037573755,0.019666377,,0.019666377,m7,-1,mskcc,42,m7_loao-mskcc_s42_in22k_v5scr,last
ISIC_0005620_downsampled,__singleton__ISIC_0005620_downsampled,__singleton__ISIC_0005620_downsampled,<40,mskcc,5,False,5,0.007038459,0.004753813,0.005685073,0.05099385,0.005917559,0.888502,0.0371092,0.01770983,,0.01770983,m7,-1,mskcc,42,m7_loao-mskcc_s42_in22k_v5scr,last
ISIC_0005666_downsampled,__singleton__ISIC_0005666_downsampled,__singleton__ISIC_0005666_downsampled,<40,mskcc,5,False,5,0.006392115,0.005215557,0.0048788297,0.0486048,0.0044602305,0.8942953,0.03615316,0.016067902,,0.016067902,m7,-1,mskcc,42,m7_loao-mskcc_s42_in22k_v5scr,last
ISIC_0006651_downsampled,__singleton__ISIC_0006651_downsampled,__singleton__ISIC_0006651_downsampled,<40,mskcc,5,False,5,0.0065853023,0.00644063,0.0041164365,0.051925283,0.011250149,0.87937033,0.04031189,0.024276081,,0.024276081,m7,-1,mskcc,42,m7_loao-mskcc_s42_in22k_v5scr,last
ISIC_0006671_downsampled,__singleton__ISIC_0006671_downsampled,__singleton__ISIC_0006671_downsampled,<40,mskcc,5,False,5,0.0058482066,0.03189505,0.33196905,0.09402503,0.012306973,0.44701976,0.07693588,0.05005023,,0.05005023,m7,-1,mskcc,42,m7_loao-mskcc_s42_in22k_v5scr,last
ISIC_0006711_downsampled,__singleton__ISIC_0006711_downsampled,__singleton__ISIC_0006711_downsampled,<40,mskcc,5,False,5,0.009381349,0.004611228,0.0046674614,0.059175994,0.0065471884,0.87653863,0.039078195,0.020539766,,0.020539766,m7,-1,mskcc,42,m7_loao-mskcc_s42_in22k_v5scr,last
ISIC_0006776_downsampled,__singleton__ISIC_0006776_downsampled,__singleton__ISIC_0006776_downsampled,<40,mskcc,5,False,5,0.004522439,0.009306791,0.0030783582,0.06300379,0.0047865473,0.8800383,0.035263818,0.018615779,,0.018615779,m7,-1,mskcc,42,m7_loao-mskcc_s42_in22k_v5scr,last
ISIC_0006795_downsampled,__singleton__ISIC_0006795_downsampled,__singleton__ISIC_0006795_downsampled,<40,mskcc,5,False,5,0.007750867,0.006413126,0.0076867617,0.053736456,0.0059245094,0.87781984,0.04066844,0.020088503,,0.020088503,m7,-1,mskcc,42,m7_loao-mskcc_s42_in22k_v5scr,last
ISIC_0006800_downsampled,__singleton__ISIC_0006800_downsampled,__singleton__ISIC_0006800_downsampled,<40,mskcc,5,False,5,0.010212363,0.0058153947,0.0057187113,0.05182939,0.006303554,0.87863,0.04149051,0.022331312,,0.022331312,m7,-1,mskcc,42,m7_loao-mskcc_s42_in22k_v5scr,last
ISIC_0006815_downsampled,__singleton__ISIC_0006815_downsampled,__singleton__ISIC_0006815_downsampled,<40,mskcc,5,False,5,0.004271948,0.007410719,0.022930369,0.043000933,0.023082742,0.86725813,0.032045193,0.034765407,,0.034765407,m7,-1,mskcc,42,m7_loao-mskcc_s42_in22k_v5scr,last
ISIC_0006940_downsampled,__singleton__ISIC_0006940_downsampled,__singleton__ISIC_0006940_downsampled,<40,mskcc,5,False,5,0.008907341,0.0064021335,0.005157357,0.051872797,0.004893472,0.88603544,0.03673133,0.020202948,,0.020202948,m7,-1,mskcc,42,m7_loao-mskcc_s42_in22k_v5scr,last
ISIC_0007087_downsampled,__singleton__ISIC_0007087_downsampled,__singleton__ISIC_0007087_downsampled,<40,mskcc,5,False,5,0.008232824,0.0068967007,0.0046362425,0.05503522,0.00902074,0.87129617,0.04488208,0.024150264,,0.024150264,m7,-1,mskcc,42,m7_loao-mskcc_s42_in22k_v5scr,last
ISIC_0007141_downsampled,__singleton__ISIC_0007141_downsampled,__singleton__ISIC_0007141_downsampled,<40,mskcc,5,False,5,0.009067764,0.0053773727,0.0046530627,0.048604082,0.0058882977,0.88926834,0.03714103,0.020333434,,0.020333434,m7,-1,mskcc,42,m7_loao-mskcc_s42_in22k_v5scr,last
ISIC_0007235_downsampled,__singleton__ISIC_0007235_downsampled,__singleton__ISIC_0007235_downsampled,<40,mskcc,5,False,5,0.008134992,0.0068305642,0.0056632035,0.055734448,0.010271293,0.87162566,0.04173979,0.025236849,,0.025236849,m7,-1,mskcc,42,m7_loao-mskcc_s42_in22k_v5scr,last
ISIC_0007241_downsampled,__singleton__ISIC_0007241_downsampled,__singleton__ISIC_0007241_downsampled,<40,mskcc,5,False,5,0.008685877,0.006055276,0.006850225,0.0534147,0.0058968444,0.8781615,0.040935606,0.020637996,,0.020637996,m7,-1,mskcc,42,m7_loao-mskcc_s42_in22k_v5scr,last
ISIC_0007332_downsampled,__singleton__ISIC_0007332_downsampled,__singleton__ISIC_0007332_downsampled,<40,mskcc,5,False,5,0.0077145686,0.0057577905,0.0057614017,0.053770557,0.0036564763,0.8816992,0.041640062,0.017128836,,0.017128836,m7,-1,mskcc,42,m7_loao-mskcc_s42_in22k_v5scr,last
ISIC_0007344_downsampled,__singleton__ISIC_0007344_downsampled,__singleton__ISIC_0007344_downsampled,<40,mskcc,5,False,5,0.005228741,0.0055415467,0.0037554435,0.042921677,0.0044059693,0.8993056,0.038841024,0.015176257,,0.015176257,m7,-1,mskcc,42,m7_loao-mskcc_s42_in22k_v5scr,last
ISIC_0007528_downsampled,__singleton__ISIC_0007528_downsampled,__singleton__ISIC_0007528_downsampled,<40,mskcc,5,False,5,0.008590057,0.0067097275,0.006352203,0.054415103,0.0071359356,0.87373376,0.043063115,0.02243572,,0.02243572,m7,-1,mskcc,42,m7_loao-mskcc_s42_in22k_v5scr,last
ISIC_0007557_downsampled,__singleton__ISIC_0007557_downsampled,__singleton__ISIC_0007557_downsampled,<40,mskcc,5,False,5,0.007666901,0.0063015707,0.008619834,0.06357022,0.004449897,0.86316377,0.04622786,0.018418368,,0.018418368,m7,-1,mskcc,42,m7_loao-mskcc_s42_in22k_v5scr,last
ISIC_0007760_downsampled,__singleton__ISIC_0007760_downsampled,__singleton__ISIC_0007760_downsampled,<40,mskcc,5,False,5,0.0063180756,0.005042006,0.0035602269,0.043993264,0.007065198,0.89802206,0.03599925,0.018425278,,0.018425278,m7,-1,mskcc,42,m7_loao-mskcc_s42_in22k_v5scr,last
ISIC_0007788_downsampled,__singleton__ISIC_0007788_downsampled,__singleton__ISIC_0007788_downsampled,<40,mskcc,5,False,5,0.006136319,0.0054250914,0.01028397,0.047943752,0.0031178065,0.8896585,0.037434496,0.014679217,,0.014679217,m7,-1,mskcc,42,m7_loao-mskcc_s42_in22k_v5scr,last
ISIC_0007796_downsampled,__singleton__ISIC_0007796_downsampled,__singleton__ISIC_0007796_downsampled,<40,mskcc,5,False,5,0.0063235755,0.003683995,0.0052125514,0.052902285,0.0057628723,0.89069533,0.03541938,0.015770443,,0.015770443,m7,-1,mskcc,42,m7_loao-mskcc_s42_in22k_v5scr,last
ISIC_0008025_downsampled,__singleton__ISIC_0008025_downsampled,__singleton__ISIC_0008025_downsampled,<40,mskcc,5,False,5,0.00787363,0.006781211,0.0063825385,0.05999284,0.005897698,0.8694644,0.043607693,0.020552538,,0.020552538,m7,-1,mskcc,42,m7_loao-mskcc_s42_in22k_v5scr,last
ISIC_0008256_downsampled,__singleton__ISIC_0008256_downsampled,__singleton__ISIC_0008256_downsampled,<40,mskcc,5,False,5,0.009402942,0.0061939773,0.0061958497,0.056012075,0.007059999,0.8714989,0.04363628,0.022656918,,0.022656918,m7,-1,mskcc,42,m7_loao-mskcc_s42_in22k_v5scr,last
ISIC_0008294_downsampled,__singleton__ISIC_0008294_downsampled,__singleton__ISIC_0008294_downsampled,<40,mskcc,5,False,5,0.009877057,0.0064967717,0.0062341127,0.05781243,0.0043430086,0.87388206,0.041354515,0.020716837,,0.020716837,m7,-1,mskcc,42,m7_loao-mskcc_s42_in22k_v5scr,last
ISIC_0008347_downsampled,__singleton__ISIC_0008347_downsampled,__singleton__ISIC_0008347_downsampled,<40,mskcc,5,False,5,0.0090192985,0.005889311,0.005885574,0.06331629,0.0038493017,0.8719016,0.04013864,0.018757911,,0.018757911,m7,-1,mskcc,42,m7_loao-mskcc_s42_in22k_v5scr,last
ISIC_0008507_downsampled,__singleton__ISIC_0008507_downsampled,__singleton__ISIC_0008507_downsampled,<40,mskcc,5,False,5,0.008649632,0.005558329,0.005533152,0.054191656,0.008226638,0.87802666,0.039813913,0.0224346,,0.0224346,m7,-1,mskcc,42,m7_loao-mskcc_s42_in22k_v5scr,last
ISIC_0008524_downsampled,__singleton__ISIC_0008524_downsampled,__singleton__ISIC_0008524_downsampled,<40,mskcc,5,False,5,0.0069324323,0.0068581947,0.005892295,0.05348643,0.007323145,0.87882686,0.040680666,0.021113772,,0.021113772,m7,-1,mskcc,42,m7_loao-mskcc_s42_in22k_v5scr,last
ISIC_0008528_downsampled,__singleton__ISIC_0008528_downsampled,__singleton__ISIC_0008528_downsampled,<40,mskcc,5,False,5,0.009254864,0.00694041,0.0049288482,0.05549134,0.0047768,0.8731162,0.045491554,0.020972075,,0.020972075,m7,-1,mskcc,42,m7_loao-mskcc_s42_in22k_v5scr,last
ISIC_0008552_downsampled,__singleton__ISIC_0008552_downsampled,__singleton__ISIC_0008552_downsampled,<40,mskcc,5,False,5,0.0057441713,0.0040489095,0.0041429996,0.051116355,0.006373979,0.8944785,0.034095027,0.01616706,,0.01616706,m7,-1,mskcc,42,m7_loao-mskcc_s42_in22k_v5scr,last
ISIC_0008626_downsampled,__singleton__ISIC_0008626_downsampled,__singleton__ISIC_0008626_downsampled,<40,mskcc,5,False,5,0.008282704,0.0056299865,0.0067302985,0.055213112,0.005298808,0.8752303,0.043614853,0.019211499,,0.019211499,m7,-1,mskcc,42,m7_loao-mskcc_s42_in22k_v5scr,last
ISIC_0008785_downsampled,__singleton__ISIC_0008785_downsampled,__singleton__ISIC_0008785_downsampled,<40,mskcc,5,False,5,0.00781298,0.0048366333,0.0050371294,0.054879725,0.004396929,0.8848291,0.03820754,0.017046541,,0.017046541,m7,-1,mskcc,42,m7_loao-mskcc_s42_in22k_v5scr,last
ISIC_0008807_downsampled,__singleton__ISIC_0008807_downsampled,__singleton__ISIC_0008807_downsampled,<40,mskcc,5,False,5,0.008799422,0.006653716,0.006076226,0.054119613,0.0048639947,0.8764113,0.04307578,0.020317132,,0.020317132,m7,-1,mskcc,42,m7_loao-mskcc_s42_in22k_v5scr,last
ISIC_0008879_downsampled,__singleton__ISIC_0008879_downsampled,__singleton__ISIC_0008879_downsampled,<40,mskcc,5,False,5,0.008544035,0.0057545854,0.0049380776,0.051173385,0.011767449,0.87826025,0.03956225,0.026066069,,0.026066069,m7,-1,mskcc,42,m7_loao-mskcc_s42_in22k_v5scr,last
ISIC_0008913_downsampled,__singleton__ISIC_0008913_downsampled,__singleton__ISIC_0008913_downsampled,<40,mskcc,5,False,5,0.007335544,0.0058080032,0.0057747653,0.056293473,0.006478712,0.8793231,0.038986474,0.019622259,,0.019622259,m7,-1,mskcc,42,m7_loao-mskcc_s42_in22k_v5scr,last
ISIC_0008992_downsampled,__singleton__ISIC_0008992_downsampled,__singleton__ISIC_0008992_downsampled,<40,mskcc,5,False,5,0.0049003004,0.006165157,0.0014900442,0.049615305,0.004238572,0.90995634,0.023634307,0.015304029,,0.015304029,m7,-1,mskcc,42,m7_loao-mskcc_s42_in22k_v5scr,last
ISIC_0008993_downsampled,__singleton__ISIC_0008993_downsampled,__singleton__ISIC_0008993_downsampled,<40,mskcc,5,False,5,0.0058087716,0.0049352264,0.011256276,0.061245013,0.0041822935,0.86828226,0.044290163,0.014926292,,0.014926292,m7,-1,mskcc,42,m7_loao-mskcc_s42_in22k_v5scr,last
ISIC_0008998_downsampled,__singleton__ISIC_0008998_downsampled,__singleton__ISIC_0008998_downsampled,<40,mskcc,5,False,5,0.007986396,0.0062407022,0.005963308,0.050540663,0.006980768,0.88130635,0.040981833,0.021207865,,0.021207865,m7,-1,mskcc,42,m7_loao-mskcc_s42_in22k_v5scr,last
ISIC_0009035_downsampled,__singleton__ISIC_0009035_downsampled,__singleton__ISIC_0009035_downsampled,<40,mskcc,5,False,5,0.008499104,0.0086850645,0.0062917816,0.049878217,0.0054426766,0.8816212,0.039582018,0.022626845,,0.022626845,m7,-1,mskcc,42,m7_loao-mskcc_s42_in22k_v5scr,last
ISIC_0009083_downsampled,__singleton__ISIC_0009083_downsampled,__singleton__ISIC_0009083_downsampled,<40,mskcc,5,False,5,0.00759504,0.0059154974,0.004927936,0.057705488,0.0053705955,0.874942,0.043543447,0.018881133,,0.018881133,m7,-1,mskcc,42,m7_loao-mskcc_s42_in22k_v5scr,last
ISIC_0009188_downsampled,__singleton__ISIC_0009188_downsampled,__singleton__ISIC_0009188_downsampled,<40,mskcc,5,False,5,0.0069306605,0.007100861,0.006140345,0.051539954,0.0068068192,0.8805739,0.040907435,0.02083834,,0.02083834,m7,-1,mskcc,42,m7_loao-mskcc_s42_in22k_v5scr,last
ISIC_0009252_downsampled,__singleton__ISIC_0009252_downsampled,__singleton__ISIC_0009252_downsampled,<40,mskcc,5,False,5,0.008665434,0.0058640414,0.0053438838,0.050947033,0.005049923,0.88562846,0.03850112,0.0195794,,0.0195794,m7,-1,mskcc,42,m7_loao-mskcc_s42_in22k_v5scr,last
ISIC_0009297_downsampled,__singleton__ISIC_0009297_downsampled,__singleton__ISIC_0009297_downsampled,<40,mskcc,5,False,5,0.009302648,0.005915223,0.005876393,0.05630929,0.006501303,0.87199026,0.044104964,0.021719173,,0.021719173,m7,-1,mskcc,42,m7_loao-mskcc_s42_in22k_v5scr,last
ISIC_0009298_downsampled,__singleton__ISIC_0009298_downsampled,__singleton__ISIC_0009298_downsampled,<40,mskcc,5,False,5,0.008364344,0.0059212353,0.0049144905,0.049487982,0.0054889875,0.8880084,0.037814554,0.019774567,,0.019774567,m7,-1,mskcc,42,m7_loao-mskcc_s42_in22k_v5scr,last
ISIC_0009344_downsampled,__singleton__ISIC_0009344_downsampled,__singleton__ISIC_0009344_downsampled,<40,mskcc,5,False,5,0.0069127777,0.005581707,0.008023804,0.054916643,0.006966715,0.8774244,0.04017398,0.0194612,,0.0194612,m7,-1,mskcc,42,m7_loao-mskcc_s42_in22k_v5scr,last
ISIC_0009504_downsampled,__singleton__ISIC_0009504_downsampled,__singleton__ISIC_0009504_downsampled,<40,mskcc,5,False,5,0.014354388,0.0033320603,0.0018260464,0.10045622,0.05246043,0.7890978,0.03847306,0.07014687,,0.07014687,m7,-1,mskcc,42,m7_loao-mskcc_s42_in22k_v5scr,last
ISIC_0009533_downsampled,__singleton__ISIC_0009533_downsampled,__singleton__ISIC_0009533_downsampled,<40,mskcc,5,False,5,0.006313239,0.0050222725,0.005739576,0.05197991,0.0047090296,0.88770413,0.038531877,0.016044542,,0.016044542,m7,-1,mskcc,42,m7_loao-mskcc_s42_in22k_v5scr,last
ISIC_0009564_downsampled,__singleton__ISIC_0009564_downsampled,__singleton__ISIC_0009564_downsampled,<40,mskcc,5,False,5,0.00825016,0.0058806953,0.004610164,0.049461264,0.01953565,0.8748012,0.037460867,0.033666506,,0.033666506,m7,-1,mskcc,42,m7_loao-mskcc_s42_in22k_v5scr,last
ISIC_0009599_downsampled,__singleton__ISIC_0009599_downsampled,__singleton__ISIC_0009599_downsampled,<40,mskcc,5,False,5,0.009393686,0.0069316574,0.005144133,0.058680654,0.0073433267,0.8647646,0.047741987,0.02366867,,0.02366867,m7,-1,mskcc,42,m7_loao-mskcc_s42_in22k_v5scr,last
ISIC_0009800_downsampled,__singleton__ISIC_0009800_downsampled,__singleton__ISIC_0009800_downsampled,<40,mskcc,5,False,5,0.008439172,0.0069098133,0.004213339,0.052133873,0.0072241225,0.8770833,0.043996423,0.022573108,,0.022573108,m7,-1,mskcc,42,m7_loao-mskcc_s42_in22k_v5scr,last
ISIC_0009871,__singleton__ISIC_0009871,__singleton__ISIC_0009871,40-59,mskcc,5,False,5,0.0053803194,0.0036294777,0.10294322,0.08054571,0.0071776146,0.7486929,0.0516307,0.01618741,,0.01618741,m7,-1,mskcc,42,m7_loao-mskcc_s42_in22k_v5scr,last
ISIC_0009873,__singleton__ISIC_0009873,__singleton__ISIC_0009873,40-59,mskcc,5,False,5,0.013824853,0.0067717247,0.06525321,0.0718578,0.012417025,0.75370973,0.07616561,0.033013605,,0.033013605,m7,-1,mskcc,42,m7_loao-mskcc_s42_in22k_v5scr,last
ISIC_0009874,__singleton__ISIC_0009874,__singleton__ISIC_0009874,40-59,mskcc,5,False,5,0.010194231,0.004969688,0.011388239,0.06271731,0.0043265587,0.8596557,0.046748187,0.019490477,,0.019490477,m7,-1,mskcc,42,m7_loao-mskcc_s42_in22k_v5scr,last
ISIC_0009875,__singleton__ISIC_0009875,__singleton__ISIC_0009875,<40,mskcc,5,False,2,0.22688566,0.00064110005,0.668062,0.05315096,0.007999896,0.00662507,0.036635328,0.23552665,,0.23552665,m7,-1,mskcc,42,m7_loao-mskcc_s42_in22k_v5scr,last
ISIC_0009877,__singleton__ISIC_0009877,__singleton__ISIC_0009877,<40,mskcc,5,False,3,0.004938606,0.0006641984,0.0019330393,0.9506087,0.0022492579,0.029093448,0.010512815,0.007852063,,0.007852063,m7,-1,mskcc,42,m7_loao-mskcc_s42_in22k_v5scr,last
ISIC_0009880,__singleton__ISIC_0009880,__singleton__ISIC_0009880,40-59,mskcc,5,False,5,0.0068132486,0.00817901,0.013731878,0.073816545,0.29637155,0.5339927,0.06709509,0.31136382,,0.31136382,m7,-1,mskcc,42,m7_loao-mskcc_s42_in22k_v5scr,last
ISIC_0009884,__singleton__ISIC_0009884,__singleton__ISIC_0009884,60+,mskcc,5,False,5,0.011798601,0.004711523,0.0047938502,0.0651229,0.063871756,0.80011463,0.04958683,0.08038188,,0.08038188,m7,-1,mskcc,42,m7_loao-mskcc_s42_in22k_v5scr,last
ISIC_0009889,__singleton__ISIC_0009889,__singleton__ISIC_0009889,<40,mskcc,5,False,5,0.011409296,0.010394966,0.005139307,0.05727012,0.08266805,0.7934003,0.03971796,0.10447231,,0.10447231,m7,-1,mskcc,42,m7_loao-mskcc_s42_in22k_v5scr,last
ISIC_0009895,__singleton__ISIC_0009895,__singleton__ISIC_0009895,<40,mskcc,5,False,4,0.0042993864,0.00316306,0.011783663,0.06664957,0.4794808,0.38897616,0.045647256,0.48694324,,0.48694324,m7,-1,mskcc,42,m7_loao-mskcc_s42_in22k_v5scr,last
ISIC_0009896,__singleton__ISIC_0009896,__singleton__ISIC_0009896,<40,mskcc,5,False,5,0.009028074,0.0045147156,0.001962508,0.059593864,0.3378274,0.5446358,0.04243756,0.35137022,,0.35137022,m7,-1,mskcc,42,m7_loao-mskcc_s42_in22k_v5scr,last
ISIC_0009904,__singleton__ISIC_0009904,__singleton__ISIC_0009904,<40,mskcc,5,False,5,0.016339716,0.0086914385,0.0057512163,0.123307854,0.36459586,0.39194894,0.08936499,0.389627,,0.389627,m7,-1,mskcc,42,m7_loao-mskcc_s42_in22k_v5scr,last
ISIC_0009906,__singleton__ISIC_0009906,__singleton__ISIC_0009906,40-59,mskcc,5,False,0,0.50787866,0.0028979406,0.038564615,0.07701121,0.003981583,0.28794613,0.081719935,0.51475817,,0.51475817,m7,-1,mskcc,42,m7_loao-mskcc_s42_in22k_v5scr,last
ISIC_0009909,__singleton__ISIC_0009909,__singleton__ISIC_0009909,<40,mskcc,5,False,5,0.008815872,0.004263431,0.005622262,0.06673967,0.018138452,0.8517,0.04472021,0.031217754,,0.031217754,m7,-1,mskcc,42,m7_loao-mskcc_s42_in22k_v5scr,last
ISIC_0009912,__singleton__ISIC_0009912,__singleton__ISIC_0009912,<40,mskcc,5,False,5,0.0070135654,0.006581664,0.0071018348,0.069929,0.10742145,0.75669944,0.04525307,0.12101668,,0.12101668,m7,-1,mskcc,42,m7_loao-mskcc_s42_in22k_v5scr,last
ISIC_0009915,__singleton__ISIC_0009915,__singleton__ISIC_0009915,40-59,mskcc,5,False,5,0.0063490816,0.0030758185,0.004787598,0.03326242,0.010034005,0.9112012,0.031289984,0.019458905,,0.019458905,m7,-1,mskcc,42,m7_loao-mskcc_s42_in22k_v5scr,last
ISIC_0009918,__singleton__ISIC_0009918,__singleton__ISIC_0009918,60+,mskcc,4,True,2,0.0044685635,0.0021445965,0.9270928,0.029218933,0.016483268,0.00057417835,0.020017713,0.023096427,,0.023096427,m7,-1,mskcc,42,m7_loao-mskcc_s42_in22k_v5scr,last
ISIC_0009927,__singleton__ISIC_0009927,__singleton__ISIC_0009927,40-59,mskcc,4,True,5,0.0009966139,0.0019713657,0.0022879117,0.02103456,0.0036868474,0.95224756,0.017775225,0.006654827,,0.006654827,m7,-1,mskcc,42,m7_loao-mskcc_s42_in22k_v5scr,last
ISIC_0009929,__singleton__ISIC_0009929,__singleton__ISIC_0009929,<40,mskcc,5,False,5,0.011153207,0.005547533,0.007841964,0.053730004,0.005026763,0.87535095,0.041349605,0.021727504,,0.021727504,m7,-1,mskcc,42,m7_loao-mskcc_s42_in22k_v5scr,last
ISIC_0009930,__singleton__ISIC_0009930,__singleton__ISIC_0009930,<40,mskcc,5,False,5,0.011243289,0.005682972,0.010645401,0.058409758,0.006113888,0.8650251,0.04287955,0.02304015,,0.02304015,m7,-1,mskcc,42,m7_loao-mskcc_s42_in22k_v5scr,last
ISIC_0009932,__singleton__ISIC_0009932,__singleton__ISIC_0009932,<40,mskcc,5,False,5,0.012723578,0.0061034807,0.011969014,0.07121194,0.007957593,0.8390078,0.051026527,0.026784651,,0.026784651,m7,-1,mskcc,42,m7_loao-mskcc_s42_in22k_v5scr,last
ISIC_0009934,__singleton__ISIC_0009934,__singleton__ISIC_0009934,60+,mskcc,4,True,4,0.038560867,0.0007777078,0.009851035,0.026675453,0.9024017,0.0017205547,0.020012671,0.9417403,,0.9417403,m7,-1,mskcc,42,m7_loao-mskcc_s42_in22k_v5scr,last
ISIC_0009936,__singleton__ISIC_0009936,__singleton__ISIC_0009936,<40,mskcc,5,False,5,0.0059736217,0.0052954904,0.008752046,0.060033336,0.0038863737,0.87783444,0.038224712,0.015155486,,0.015155486,m7,-1,mskcc,42,m7_loao-mskcc_s42_in22k_v5scr,last
ISIC_0009937,__singleton__ISIC_0009937,__singleton__ISIC_0009937,40-59,mskcc,5,False,5,0.011550211,0.32246098,0.015584576,0.078337975,0.026218917,0.47136602,0.0744813,0.36023012,,0.36023012,m7,-1,mskcc,42,m7_loao-mskcc_s42_in22k_v5scr,last
ISIC_0009939,__singleton__ISIC_0009939,__singleton__ISIC_0009939,<40,mskcc,5,False,5,0.0102792885,0.0072607454,0.0053692455,0.061286356,0.011153041,0.8560819,0.04856945,0.028693076,,0.028693076,m7,-1,mskcc,42,m7_loao-mskcc_s42_in22k_v5scr,last
ISIC_0009941,__singleton__ISIC_0009941,__singleton__ISIC_0009941,40-59,mskcc,5,False,5,0.007556785,0.00984163,0.008269499,0.06346909,0.0049498244,0.85649323,0.049419947,0.02234824,,0.02234824,m7,-1,mskcc,42,m7_loao-mskcc_s42_in22k_v5scr,last
ISIC_0009943,__singleton__ISIC_0009943,__singleton__ISIC_0009943,<40,mskcc,5,False,5,0.008544415,0.0058151055,0.005417323,0.055218767,0.0058128266,0.8756188,0.043572713,0.020172346,,0.020172346,m7,-1,mskcc,42,m7_loao-mskcc_s42_in22k_v5scr,last
ISIC_0009945,__singleton__ISIC_0009945,__singleton__ISIC_0009945,<40,mskcc,5,False,5,0.010421735,0.0062876646,0.0055673462,0.058199316,0.0044566705,0.8764686,0.038598653,0.021166071,,0.021166071,m7,-1,mskcc,42,m7_loao-mskcc_s42_in22k_v5scr,last
ISIC_0009946,__singleton__ISIC_0009946,__singleton__ISIC_0009946,40-59,mskcc,5,False,3,0.0016574119,4.2098884e-05,0.0021529277,0.98669565,0.00018266842,0.0035925,0.0056767794,0.0018821793,,0.0018821793,m7,-1,mskcc,42,m7_loao-mskcc_s42_in22k_v5scr,last
ISIC_0009949,__singleton__ISIC_0009949,__singleton__ISIC_0009949,40-59,mskcc,5,False,5,0.0111580305,0.006138722,0.0038421866,0.061330352,0.036164284,0.8419512,0.03941524,0.053461038,,0.053461038,m7,-1,mskcc,42,m7_loao-mskcc_s42_in22k_v5scr,last
ISIC_0009951,__singleton__ISIC_0009951,__singleton__ISIC_0009951,40-59,mskcc,5,False,2,0.014007216,0.017422967,0.33749008,0.08148145,0.31022847,0.17926936,0.060100507,0.34165865,,0.34165865,m7,-1,mskcc,42,m7_loao-mskcc_s42_in22k_v5scr,last
ISIC_0009954,__singleton__ISIC_0009954,__singleton__ISIC_0009954,40-59,mskcc,5,False,5,0.008360185,0.00539747,0.010094642,0.053681403,0.0067774765,0.8756294,0.0400594,0.020535132,,0.020535132,m7,-1,mskcc,42,m7_loao-mskcc_s42_in22k_v5scr,last
ISIC_0009956,__singleton__ISIC_0009956,__singleton__ISIC_0009956,<40,mskcc,5,False,5,0.008234245,0.006403116,0.004540613,0.05819158,0.008189327,0.8723903,0.042050924,0.022826687,,0.022826687,m7,-1,mskcc,42,m7_loao-mskcc_s42_in22k_v5scr,last
ISIC_0009958,__singleton__ISIC_0009958,__singleton__ISIC_0009958,40-59,mskcc,5,False,5,0.0074281935,0.0039909533,0.0084031345,0.058456454,0.004484897,0.87616336,0.041073017,0.015904045,,0.015904045,m7,-1,mskcc,42,m7_loao-mskcc_s42_in22k_v5scr,last
ISIC_0009961,__singleton__ISIC_0009961,__singleton__ISIC_0009961,60+,mskcc,5,False,5,0.01502631,0.0062729456,0.11562797,0.08047634,0.002740502,0.697243,0.08261291,0.024039758,,0.024039758,m7,-1,mskcc,42,m7_loao-mskcc_s42_in22k_v5scr,last
ISIC_0009962,__singleton__ISIC_0009962,__singleton__ISIC_0009962,40-59,mskcc,5,False,5,0.030275984,0.0035940541,0.02664598,0.08967716,0.24588464,0.4993102,0.104611985,0.27975467,,0.27975467,m7,-1,mskcc,42,m7_loao-mskcc_s42_in22k_v5scr,last
ISIC_0009963,__singleton__ISIC_0009963,__singleton__ISIC_0009963,40-59,mskcc,5,False,5,0.009271583,0.0059314785,0.008307815,0.06476748,0.0047975886,0.86436975,0.04255437,0.02000065,,0.02000065,m7,-1,mskcc,42,m7_loao-mskcc_s42_in22k_v5scr,last
ISIC_0009966,__singleton__ISIC_0009966,__singleton__ISIC_0009966,<40,mskcc,5,False,5,0.00831146,0.006207878,0.0058556776,0.053369705,0.0060872836,0.8799359,0.040232066,0.020606622,,0.020606622,m7,-1,mskcc,42,m7_loao-mskcc_s42_in22k_v5scr,last
ISIC_0009969,__singleton__ISIC_0009969,__singleton__ISIC_0009969,40-59,mskcc,5,False,5,0.010516884,0.0060680285,0.0077865706,0.06609845,0.0048932284,0.8627657,0.041871194,0.02147814,,0.02147814,m7,-1,mskcc,42,m7_loao-mskcc_s42_in22k_v5scr,last
ISIC_0009972,__singleton__ISIC_0009972,__singleton__ISIC_0009972,40-59,mskcc,5,False,5,0.0095723225,0.0042147795,0.0042314716,0.049243163,0.012277096,0.8826936,0.03776764,0.026064198,,0.026064198,m7,-1,mskcc,42,m7_loao-mskcc_s42_in22k_v5scr,last
ISIC_0009974,__singleton__ISIC_0009974,__singleton__ISIC_0009974,40-59,mskcc,5,False,5,0.008359033,0.005230951,0.0035041126,0.056746617,0.012938273,0.87482065,0.038400434,0.026528258,,0.026528258,m7,-1,mskcc,42,m7_loao-mskcc_s42_in22k_v5scr,last
ISIC_0009977,__singleton__ISIC_0009977,__singleton__ISIC_0009977,60+,mskcc,5,False,5,0.008086803,0.0044385046,0.009635843,0.055287525,0.004284339,0.8813063,0.03696069,0.016809646,,0.016809646,m7,-1,mskcc,42,m7_loao-mskcc_s42_in22k_v5scr,last
ISIC_0009980,__singleton__ISIC_0009980,__singleton__ISIC_0009980,<40,mskcc,5,False,5,0.01564757,0.008736219,0.0071763555,0.061797176,0.0335106,0.81965435,0.053477768,0.057894386,,0.057894386,m7,-1,mskcc,42,m7_loao-mskcc_s42_in22k_v5scr,last
ISIC_0009981,__singleton__ISIC_0009981,__singleton__ISIC_0009981,40-59,mskcc,5,False,5,0.008382384,0.0057549393,0.006523869,0.05679604,0.004970954,0.87984926,0.03772248,0.019108277,,0.019108277,m7,-1,mskcc,42,m7_loao-mskcc_s42_in22k_v5scr,last
ISIC_0009993,__singleton__ISIC_0009993,__singleton__ISIC_0009993,60+,mskcc,4,True,5,0.011061974,0.0057727913,0.0032936428,0.060410727,0.013638757,0.86789095,0.03793115,0.030473523,,0.030473523,m7,-1,mskcc,42,m7_loao-mskcc_s42_in22k_v5scr,last
ISIC_0009994,__singleton__ISIC_0009994,__singleton__ISIC_0009994,60+,mskcc,5,False,5,0.007212132,0.0059687467,0.003591156,0.03861586,0.0019300722,0.9144929,0.02818909,0.015110951,,0.015110951,m7,-1,mskcc,42,m7_loao-mskcc_s42_in22k_v5scr,last
ISIC_0009995,__singleton__ISIC_0009995,__singleton__ISIC_0009995,60+,mskcc,5,False,2,0.0007871593,0.00054496806,0.9601241,0.018574385,0.0030441599,0.0029086745,0.0140165435,0.004376287,,0.004376287,m7,-1,mskcc,42,m7_loao-mskcc_s42_in22k_v5scr,last
ISIC_0009998,__singleton__ISIC_0009998,__singleton__ISIC_0009998,60+,mskcc,5,False,4,0.0026208856,0.00089578563,0.00045484636,0.017861445,0.94648033,0.021475,0.010211707,0.949997,,0.949997,m7,-1,mskcc,42,m7_loao-mskcc_s42_in22k_v5scr,last
ISIC_0010003,__singleton__ISIC_0010003,__singleton__ISIC_0010003,<40,mskcc,5,False,5,0.005722419,0.0021634586,0.006692748,0.04553462,0.004742227,0.9129909,0.022153616,0.012628105,,0.012628105,m7,-1,mskcc,42,m7_loao-mskcc_s42_in22k_v5scr,last
ISIC_0010005,__singleton__ISIC_0010005,__singleton__ISIC_0010005,60+,mskcc,5,False,5,0.00797416,0.014128977,0.0037167321,0.059059586,0.008174659,0.8539538,0.052992,0.030277796,,0.030277796,m7,-1,mskcc,42,m7_loao-mskcc_s42_in22k_v5scr,last
ISIC_0010006,__singleton__ISIC_0010006,__singleton__ISIC_0010006,40-59,mskcc,5,False,5,0.0075295367,0.0049675805,0.00749229,0.059042666,0.0036916698,0.8813787,0.035897605,0.016188787,,0.016188787,m7,-1,mskcc,42,m7_loao-mskcc_s42_in22k_v5scr,last
ISIC_0010009,__singleton__ISIC_0010009,__singleton__ISIC_0010009,<40,mskcc,5,False,5,0.007974484,0.005126719,0.007966749,0.054525785,0.009809737,0.8769257,0.037670825,0.022910941,,0.022910941,m7,-1,mskcc,42,m7_loao-mskcc_s42_in22k_v5scr,last
ISIC_0010011,__singleton__ISIC_0010011,__singleton__ISIC_0010011,60+,mskcc,4,True,5,0.013706733,0.0043391655,0.003103528,0.048837908,0.0064699235,0.88453454,0.03900822,0.024515823,,0.024515823,m7,-1,mskcc,42,m7_loao-mskcc_s42_in22k_v5scr,last
ISIC_0010013,__singleton__ISIC_0010013,__singleton__ISIC_0010013,40-59,mskcc,5,False,5,0.012076466,0.0062152436,0.0070895134,0.06725753,0.004509103,0.8586841,0.044167984,0.022800812,,0.022800812,m7,-1,mskcc,42,m7_loao-mskcc_s42_in22k_v5scr,last
ISIC_0010014,__singleton__ISIC_0010014,__singleton__ISIC_0010014,40-59,mskcc,5,False,5,0.009557807,0.0053050667,0.017734153,0.0634816,0.002381402,0.85975075,0.041789237,0.017244276,,0.017244276,m7,-1,mskcc,42,m7_loao-mskcc_s42_in22k_v5scr,last
ISIC_0010015,__singleton__ISIC_0010015,__singleton__ISIC_0010015,40-59,mskcc,5,False,5,0.009122351,0.0052773184,0.0034438637,0.047445074,0.007423799,0.89135313,0.035934485,0.02182347,,0.02182347,m7,-1,mskcc,42,m7_loao-mskcc_s42_in22k_v5scr,last
ISIC_0010016,__singleton__ISIC_0010016,__singleton__ISIC_0010016,60+,mskcc,4,True,5,0.010850318,0.0047984007,0.008620782,0.051636543,0.008665581,0.87260705,0.042821407,0.0243143,,0.0243143,m7,-1,mskcc,42,m7_loao-mskcc_s42_in22k_v5scr,last
ISIC_0010017,__singleton__ISIC_0010017,__singleton__ISIC_0010017,40-59,mskcc,5,False,5,0.006739645,0.003589481,0.0063791517,0.040093884,0.0067819026,0.90289825,0.033517636,0.017111028,,0.017111028,m7,-1,mskcc,42,m7_loao-mskcc_s42_in22k_v5scr,last
ISIC_0010018,__singleton__ISIC_0010018,__singleton__ISIC_0010018,40-59,mskcc,5,False,5,0.0075041354,0.004041188,0.0059950757,0.06253942,0.015867881,0.86338973,0.040662587,0.027413204,,0.027413204,m7,-1,mskcc,42,m7_loao-mskcc_s42_in22k_v5scr,last
ISIC_0010019,__singleton__ISIC_0010019,__singleton__ISIC_0010019,60+,mskcc,5,False,5,0.014295403,0.0062413253,0.0027102176,0.050209682,0.009237105,0.877982,0.03932435,0.029773833,,0.029773833,m7,-1,mskcc,42,m7_loao-mskcc_s42_in22k_v5scr,last
ISIC_0010020,__singleton__ISIC_0010020,__singleton__ISIC_0010020,60+,mskcc,5,False,5,0.005316383,0.0072651687,0.00691268,0.04137934,0.0038460738,0.8988749,0.03640542,0.016427625,,0.016427625,m7,-1,mskcc,42,m7_loao-mskcc_s42_in22k_v5scr,last
ISIC_0010021,__singleton__ISIC_0010021,__singleton__ISIC_0010021,<40,mskcc,5,False,5,0.0075104353,0.004074665,0.00378231,0.059031248,0.018648863,0.86718756,0.039764896,0.030233962,,0.030233962,m7,-1,mskcc,42,m7_loao-mskcc_s42_in22k_v5scr,last
ISIC_0010022,__singleton__ISIC_0010022,__singleton__ISIC_0010022,60+,mskcc,5,False,5,0.006919701,0.008442496,0.008829668,0.056944694,0.005437583,0.8696836,0.04374226,0.02079978,,0.02079978,m7,-1,mskcc,42,m7_loao-mskcc_s42_in22k_v5scr,last
ISIC_0010025,__singleton__ISIC_0010025,__singleton__ISIC_0010025,40-59,mskcc,5,False,5,0.017186793,0.006728156,0.0026876142,0.056856945,0.005138584,0.88173413,0.02966779,0.029053532,,0.029053532,m7,-1,mskcc,42,m7_loao-mskcc_s42_in22k_v5scr,last
ISIC_0010032,__singleton__ISIC_0010032,__singleton__ISIC_0010032,60+,mskcc,5,False,5,0.0072882487,0.005254825,0.0027421266,0.04368232,0.01611372,0.88692015,0.037998557,0.028656796,,0.028656796,m7,-1,mskcc,42,m7_loao-mskcc_s42_in22k_v5scr,last
ISIC_0010034,__singleton__ISIC_0010034,__singleton__ISIC_0010034,40-59,mskcc,4,True,4,0.0135706,0.0067727678,0.0052799922,0.04408441,0.79162055,0.095277056,0.043394726,0.8119639,,0.8119639,m7,-1,mskcc,42,m7_loao-mskcc_s42_in22k_v5scr,last
ISIC_0010036,__singleton__ISIC_0010036,__singleton__ISIC_0010036,60+,mskcc,4,True,4,0.02010733,0.0053848443,0.0034410337,0.068911284,0.640285,0.20808178,0.05378872,0.6657772,,0.6657772,m7,-1,mskcc,42,m7_loao-mskcc_s42_in22k_v5scr,last
ISIC_0010037,__singleton__ISIC_0010037,__singleton__ISIC_0010037,40-59,mskcc,5,False,5,0.013242279,0.0066509377,0.011327559,0.07863059,0.04081129,0.7865577,0.06277971,0.060704507,,0.060704507,m7,-1,mskcc,42,m7_loao-mskcc_s42_in22k_v5scr,last
ISIC_0010040,__singleton__ISIC_0010040,__singleton__ISIC_0010040,40-59,mskcc,5,False,5,0.008848355,0.0062860157,0.008952939,0.06041785,0.0076339524,0.8655493,0.04231161,0.022768322,,0.022768322,m7,-1,mskcc,42,m7_loao-mskcc_s42_in22k_v5scr,last
ISIC_0010043,__singleton__ISIC_0010043,__singleton__ISIC_0010043,40-59,mskcc,5,False,5,0.040757675,0.04485334,0.016542723,0.08235303,0.12774804,0.60761476,0.0801304,0.21335906,,0.21335906,m7,-1,mskcc,42,m7_loao-mskcc_s42_in22k_v5scr,last
ISIC_0010044,__singleton__ISIC_0010044,__singleton__ISIC_0010044,<40,mskcc,5,False,5,0.006177236,0.0065785623,0.38229844,0.112080276,0.015836926,0.42227918,0.054749332,0.028592724,,0.028592724,m7,-1,mskcc,42,m7_loao-mskcc_s42_in22k_v5scr,last
ISIC_0010047,__singleton__ISIC_0010047,__singleton__ISIC_0010047,60+,mskcc,5,False,0,0.52389973,0.0073754634,0.1282741,0.104017526,0.007350658,0.11551598,0.113566495,0.5386259,,0.5386259,m7,-1,mskcc,42,m7_loao-mskcc_s42_in22k_v5scr,last
ISIC_0010051,__singleton__ISIC_0010051,__singleton__ISIC_0010051,40-59,mskcc,5,False,5,0.06623266,0.02925302,0.007968005,0.12723409,0.113538794,0.5416476,0.11412586,0.20902447,,0.20902447,m7,-1,mskcc,42,m7_loao-mskcc_s42_in22k_v5scr,last
ISIC_0010053,__singleton__ISIC_0010053,__singleton__ISIC_0010053,60+,mskcc,5,False,5,0.011916863,0.0034302026,0.09507593,0.066683516,0.21163198,0.5622384,0.04902316,0.22697905,,0.22697905,m7,-1,mskcc,42,m7_loao-mskcc_s42_in22k_v5scr,last
ISIC_0010055,__singleton__ISIC_0010055,__singleton__ISIC_0010055,60+,mskcc,5,False,5,0.0034064257,0.003671928,0.0081644785,0.05260924,0.033602957,0.8634238,0.035121135,0.04068131,,0.04068131,m7,-1,mskcc,42,m7_loao-mskcc_s42_in22k_v5scr,last
ISIC_0010056,__singleton__ISIC_0010056,__singleton__ISIC_0010056,60+,mskcc,4,True,4,0.0010396058,0.017096132,0.0048213466,0.020619856,0.9384701,0.0050310106,0.012921888,0.95660585,,0.95660585,m7,-1,mskcc,42,m7_loao-mskcc_s42_in22k_v5scr,last
ISIC_0010057,__singleton__ISIC_0010057,__singleton__ISIC_0010057,40-59,mskcc,5,False,5,0.0067715924,0.004540816,0.0053142803,0.040433325,0.0059036105,0.9050343,0.032002103,0.01721602,,0.01721602,m7,-1,mskcc,42,m7_loao-mskcc_s42_in22k_v5scr,last
ISIC_0010060,__singleton__ISIC_0010060,__singleton__ISIC_0010060,<40,mskcc,5,False,5,0.008311608,0.014103967,0.005374706,0.06604807,0.012949033,0.85407364,0.039139003,0.035364605,,0.035364605,m7,-1,mskcc,42,m7_loao-mskcc_s42_in22k_v5scr,last
ISIC_0010064,__singleton__ISIC_0010064,__singleton__ISIC_0010064,<40,mskcc,5,False,5,0.009541065,0.0068430104,0.0061937347,0.054094646,0.003644461,0.8732401,0.0464429,0.020028537,,0.020028537,m7,-1,mskcc,42,m7_loao-mskcc_s42_in22k_v5scr,last
ISIC_0010067,__singleton__ISIC_0010067,__singleton__ISIC_0010067,60+,mskcc,4,True,1,0.0016332746,0.9560879,0.0011454397,0.0178803,0.0065514254,0.0036505805,0.013051003,0.9642726,,0.9642726,m7,-1,mskcc,42,m7_loao-mskcc_s42_in22k_v5scr,last
ISIC_0010070,__singleton__ISIC_0010070,__singleton__ISIC_0010070,<40,mskcc,5,False,5,0.009602961,0.0070726206,0.005944228,0.049625974,0.005760656,0.8823371,0.039656505,0.022436239,,0.022436239,m7,-1,mskcc,42,m7_loao-mskcc_s42_in22k_v5scr,last
ISIC_0010073,__singleton__ISIC_0010073,__singleton__ISIC_0010073,<40,mskcc,5,False,5,0.009392227,0.040424738,0.0049351105,0.13030052,0.0384538,0.7209359,0.055557784,0.08827077,,0.08827077,m7,-1,mskcc,42,m7_loao-mskcc_s42_in22k_v5scr,last
ISIC_0010075,__singleton__ISIC_0010075,__singleton__ISIC_0010075,40-59,mskcc,5,False,5,0.0027388441,0.0037086327,0.012022321,0.03466461,0.003548378,0.9148765,0.028440712,0.009995854,,0.009995854,m7,-1,mskcc,42,m7_loao-mskcc_s42_in22k_v5scr,last
ISIC_0010077,__singleton__ISIC_0010077,__singleton__ISIC_0010077,<40,mskcc,5,False,5,0.010529836,0.0065013613,0.0068551362,0.06227249,0.025509508,0.84028393,0.048047725,0.042540707,,0.042540707,m7,-1,mskcc,42,m7_loao-mskcc_s42_in22k_v5scr,last
ISIC_0010081,__singleton__ISIC_0010081,__singleton__ISIC_0010081,60+,mskcc,4,True,1,0.008397579,0.92357916,0.0027670641,0.03340605,0.0034908983,0.001793474,0.026565723,0.93546766,,0.93546766,m7,-1,mskcc,42,m7_loao-mskcc_s42_in22k_v5scr,last
ISIC_0010087,__singleton__ISIC_0010087,__singleton__ISIC_0010087,<40,mskcc,5,False,5,0.002805304,0.0063790935,0.012262668,0.04005435,0.0053826123,0.899823,0.03329296,0.01456701,,0.01456701,m7,-1,mskcc,42,m7_loao-mskcc_s42_in22k_v5scr,last
ISIC_0010088,__singleton__ISIC_0010088,__singleton__ISIC_0010088,40-59,mskcc,5,False,5,0.019178284,0.15942122,0.011012112,0.10078367,0.06924511,0.5436921,0.09666748,0.2478446,,0.2478446,m7,-1,mskcc,42,m7_loao-mskcc_s42_in22k_v5scr,last
ISIC_0010090,__singleton__ISIC_0010090,__singleton__ISIC_0010090,40-59,mskcc,5,False,1,0.006934618,0.8784357,0.007657914,0.035032935,0.009668184,0.012122377,0.050148398,0.8950385,,0.8950385,m7,-1,mskcc,42,m7_loao-mskcc_s42_in22k_v5scr,last
ISIC_0010092,__singleton__ISIC_0010092,__singleton__ISIC_0010092,<40,mskcc,5,False,5,0.0074081914,0.0055031166,0.00368845,0.05416066,0.011741724,0.8752073,0.042290587,0.024653032,,0.024653032,m7,-1,mskcc,42,m7_loao-mskcc_s42_in22k_v5scr,last
ISIC_0010094,__singleton__ISIC_0010094,__singleton__ISIC_0010094,<40,mskcc,4,True,5,0.010780403,0.007500441,0.008856165,0.057728626,0.0033626459,0.87119234,0.04057938,0.021643491,,0.021643491,m7,-1,mskcc,42,m7_loao-mskcc_s42_in22k_v5scr,last
ISIC_0010100,__singleton__ISIC_0010100,__singleton__ISIC_0010100,40-59,mskcc,5,False,3,0.0031953966,0.001209875,0.0020233737,0.80465645,0.0026124613,0.1688017,0.017500795,0.007017733,,0.007017733,m7,-1,mskcc,42,m7_loao-mskcc_s42_in22k_v5scr,last
ISIC_0010102,__singleton__ISIC_0010102,__singleton__ISIC_0010102,40-59,mskcc,5,False,2,0.067223,0.05187044,0.55619997,0.2011807,0.0615456,0.0216301,0.040350247,0.18063903,,0.18063903,m7,-1,mskcc,42,m7_loao-mskcc_s42_in22k_v5scr,last
ISIC_0010104,__singleton__ISIC_0010104,__singleton__ISIC_0010104,<40,mskcc,5,False,5,0.051940393,0.0059433007,0.097836606,0.07819266,0.10068869,0.61630017,0.049098164,0.15857238,,0.15857238,m7,-1,mskcc,42,m7_loao-mskcc_s42_in22k_v5scr,last
ISIC_0010168,__singleton__ISIC_0010168,__singleton__ISIC_0010168,60+,mskcc,5,False,5,0.0075132013,0.0050636716,0.0097740395,0.05162517,0.006227472,0.88140315,0.038393326,0.018804345,,0.018804345,m7,-1,mskcc,42,m7_loao-mskcc_s42_in22k_v5scr,last
ISIC_0010170,__singleton__ISIC_0010170,__singleton__ISIC_0010170,40-59,mskcc,5,False,5,0.013028511,0.008242935,0.009525629,0.06877465,0.013770291,0.8425826,0.044075392,0.035041735,,0.035041735,m7,-1,mskcc,42,m7_loao-mskcc_s42_in22k_v5scr,last
ISIC_0010174,__singleton__ISIC_0010174,__singleton__ISIC_0010174,60+,mskcc,4,True,4,0.0038961992,0.037066486,0.0014527175,0.03319424,0.89537364,0.0014146947,0.027601985,0.93633634,,0.93633634,m7,-1,mskcc,42,m7_loao-mskcc_s42_in22k_v5scr,last
ISIC_0010177,__singleton__ISIC_0010177,__singleton__ISIC_0010177,40-59,mskcc,5,False,5,0.0071969386,0.0045864102,0.018188678,0.06208032,0.0084367655,0.8532577,0.046253223,0.020220114,,0.020220114,m7,-1,mskcc,42,m7_loao-mskcc_s42_in22k_v5scr,last
ISIC_0010183,__singleton__ISIC_0010183,__singleton__ISIC_0010183,60+,mskcc,5,False,5,0.005675617,0.058395747,0.1680237,0.074805155,0.19928771,0.39792448,0.0958876,0.26335907,,0.26335907,m7,-1,mskcc,42,m7_loao-mskcc_s42_in22k_v5scr,last
ISIC_0010184,__singleton__ISIC_0010184,__singleton__ISIC_0010184,40-59,mskcc,5,False,5,0.009163303,0.0056471727,0.007362852,0.05446544,0.013451091,0.8677835,0.042126622,0.028261568,,0.028261568,m7,-1,mskcc,42,m7_loao-mskcc_s42_in22k_v5scr,last
ISIC_0010185,__singleton__ISIC_0010185,__singleton__ISIC_0010185,40-59,mskcc,5,False,5,0.002231262,0.010909647,0.0058270153,0.03798365,0.002399508,0.90567535,0.03497357,0.015540416,,0.015540416,m7,-1,mskcc,42,m7_loao-mskcc_s42_in22k_v5scr,last
ISIC_0010186,__singleton__ISIC_0010186,__singleton__ISIC_0010186,40-59,mskcc,5,False,5,0.0034204118,0.025096193,0.0040248446,0.08360489,0.06454713,0.7555601,0.06374649,0.093063734,,0.093063734,m7,-1,mskcc,42,m7_loao-mskcc_s42_in22k_v5scr,last
ISIC_0010189,__singleton__ISIC_0010189,__singleton__ISIC_0010189,40-59,mskcc,4,True,2,0.003267479,0.0038318443,0.38645282,0.31680688,0.17350833,0.080015436,0.036117222,0.18060765,,0.18060765,m7,-1,mskcc,42,m7_loao-mskcc_s42_in22k_v5scr,last
ISIC_0010191,__singleton__ISIC_0010191,__singleton__ISIC_0010191,60+,mskcc,5,False,4,0.1607943,0.013548209,0.07748019,0.11247337,0.46502483,0.0752189,0.09546019,0.63936734,,0.63936734,m7,-1,mskcc,42,m7_loao-mskcc_s42_in22k_v5scr,last
ISIC_0010192,__singleton__ISIC_0010192,__singleton__ISIC_0010192,60+,mskcc,5,False,5,0.0048989314,0.0029271387,0.06745401,0.06339704,0.011639374,0.7998061,0.049877416,0.019465445,,0.019465445,m7,-1,mskcc,42,m7_loao-mskcc_s42_in22k_v5scr,last
ISIC_0010193,__singleton__ISIC_0010193,__singleton__ISIC_0010193,60+,mskcc,5,False,1,0.07990295,0.36486906,0.00038441108,0.13564177,0.01923329,0.26480007,0.13516845,0.4640053,,0.4640053,m7,-1,mskcc,42,m7_loao-mskcc_s42_in22k_v5scr,last
ISIC_0010202,__singleton__ISIC_0010202,__singleton__ISIC_0010202,<40,mskcc,5,False,5,0.008209288,0.0043806657,0.00366637,0.052989542,0.0067501077,0.8884916,0.035512354,0.01934006,,0.01934006,m7,-1,mskcc,42,m7_loao-mskcc_s42_in22k_v5scr,last
ISIC_0010213,__singleton__ISIC_0010213,__singleton__ISIC_0010213,40-59,mskcc,5,False,5,0.007207626,0.0047441353,0.003682995,0.052706912,0.0050141877,0.8920217,0.034622468,0.016965948,,0.016965948,m7,-1,mskcc,42,m7_loao-mskcc_s42_in22k_v5scr,last
ISIC_0010215,__singleton__ISIC_0010215,__singleton__ISIC_0010215,60+,mskcc,5,False,5,0.007695478,0.0057099354,0.010479488,0.057090048,0.0043059504,0.8728885,0.041830607,0.017711364,,0.017711364,m7,-1,mskcc,42,m7_loao-mskcc_s42_in22k_v5scr,last
ISIC_0010216,__singleton__ISIC_0010216,__singleton__ISIC_0010216,40-59,mskcc,5,False,5,0.008003573,0.0071395785,0.010618327,0.0646723,0.003080673,0.8604152,0.04607035,0.018223824,,0.018223824,m7,-1,mskcc,42,m7_loao-mskcc_s42_in22k_v5scr,last
ISIC_0010219,__singleton__ISIC_0010219,__singleton__ISIC_0010219,<40,mskcc,5,False,5,0.007228907,0.0054439125,0.011485473,0.061772924,0.0033256873,0.86474484,0.045998193,0.015998507,,0.015998507,m7,-1,mskcc,42,m7_loao-mskcc_s42_in22k_v5scr,last
ISIC_0010222,__singleton__ISIC_0010222,__singleton__ISIC_0010222,40-59,mskcc,5,False,5,0.0061210017,0.0033107526,0.004746326,0.04451618,0.015108575,0.8800975,0.046099696,0.02454033,,0.02454033,m7,-1,mskcc,42,m7_loao-mskcc_s42_in22k_v5scr,last
ISIC_0010226,__singleton__ISIC_0010226,__singleton__ISIC_0010226,40-59,mskcc,5,False,1,0.004639543,0.74308056,0.049115736,0.04770292,0.015810886,0.1114738,0.028176557,0.763531,,0.763531,m7,-1,mskcc,42,m7_loao-mskcc_s42_in22k_v5scr,last
ISIC_0010235,__singleton__ISIC_0010235,__singleton__ISIC_0010235,60+,mskcc,4,True,5,0.02581734,0.022338543,0.06438806,0.08986825,0.22829822,0.5038948,0.065394804,0.2764541,,0.2764541,m7,-1,mskcc,42,m7_loao-mskcc_s42_in22k_v5scr,last
ISIC_0010236,__singleton__ISIC_0010236,__singleton__ISIC_0010236,40-59,mskcc,5,False,5,0.007938476,0.0045183483,0.012928068,0.043759275,0.0044718063,0.8922609,0.034123145,0.016928632,,0.016928632,m7,-1,mskcc,42,m7_loao-mskcc_s42_in22k_v5scr,last
ISIC_0010239,__singleton__ISIC_0010239,__singleton__ISIC_0010239,60+,mskcc,5,False,4,0.009336137,0.0031929982,0.0047457917,0.06931861,0.8363917,0.031628348,0.045386374,0.8489208,,0.8489208,m7,-1,mskcc,42,m7_loao-mskcc_s42_in22k_v5scr,last
ISIC_0010240,__singleton__ISIC_0010240,__singleton__ISIC_0010240,60+,mskcc,4,True,5,0.005010956,0.009167163,0.0077380366,0.05146912,0.08043937,0.82185906,0.02431622,0.094617486,,0.094617486,m7,-1,mskcc,42,m7_loao-mskcc_s42_in22k_v5scr,last
ISIC_0010244,__singleton__ISIC_0010244,__singleton__ISIC_0010244,40-59,mskcc,5,False,5,0.0049145822,0.01300592,0.017268205,0.04091201,0.0010918304,0.8835326,0.039274912,0.019012332,,0.019012332,m7,-1,mskcc,42,m7_loao-mskcc_s42_in22k_v5scr,last
ISIC_0010248,__singleton__ISIC_0010248,__singleton__ISIC_0010248,<40,mskcc,5,False,5,0.022817014,0.13156965,0.06774537,0.16833466,0.027640216,0.53275,0.049143035,0.1820269,,0.1820269,m7,-1,mskcc,42,m7_loao-mskcc_s42_in22k_v5scr,last
ISIC_0010256,__singleton__ISIC_0010256,__singleton__ISIC_0010256,<40,mskcc,5,False,5,0.0054205107,0.0029665814,0.030872293,0.061958812,0.011763728,0.8470894,0.039928634,0.020150822,,0.020150822,m7,-1,mskcc,42,m7_loao-mskcc_s42_in22k_v5scr,last
ISIC_0010261,__singleton__ISIC_0010261,__singleton__ISIC_0010261,60+,mskcc,5,False,4,0.010820816,0.0051555233,0.009947654,0.07958124,0.4610614,0.38188526,0.051548157,0.47703773,,0.47703773,m7,-1,mskcc,42,m7_loao-mskcc_s42_in22k_v5scr,last
ISIC_0010264,__singleton__ISIC_0010264,__singleton__ISIC_0010264,60+,mskcc,5,False,2,0.0040831463,0.004699751,0.81489635,0.058130797,0.0020383883,0.05882406,0.057327475,0.010821286,,0.010821286,m7,-1,mskcc,42,m7_loao-mskcc_s42_in22k_v5scr,last
ISIC_0010267,__singleton__ISIC_0010267,__singleton__ISIC_0010267,60+,mskcc,4,True,2,0.0006579883,0.0014999621,0.881993,0.04682302,0.035798203,0.0062337997,0.026994022,0.037956152,,0.037956152,m7,-1,mskcc,42,m7_loao-mskcc_s42_in22k_v5scr,last
ISIC_0010317,__singleton__ISIC_0010317,__singleton__ISIC_0010317,<40,mskcc,5,False,5,0.011166548,0.005757842,0.007261501,0.05454,0.009038355,0.8703843,0.04185146,0.025962746,,0.025962746,m7,-1,mskcc,42,m7_loao-mskcc_s42_in22k_v5scr,last
ISIC_0010318,__singleton__ISIC_0010318,__singleton__ISIC_0010318,60+,mskcc,5,False,5,0.059531532,0.0023872184,0.011009664,0.054306425,0.016254548,0.8183631,0.038147535,0.078173295,,0.078173295,m7,-1,mskcc,42,m7_loao-mskcc_s42_in22k_v5scr,last
ISIC_0010319,__singleton__ISIC_0010319,__singleton__ISIC_0010319,60+,mskcc,4,True,4,0.032039624,0.0029212895,0.12334665,0.054313224,0.6005037,0.129369,0.05750648,0.6354646,,0.6354646,m7,-1,mskcc,42,m7_loao-mskcc_s42_in22k_v5scr,last
ISIC_0010321,__singleton__ISIC_0010321,__singleton__ISIC_0010321,60+,mskcc,4,True,5,0.001639143,0.021368733,0.06517523,0.05800546,0.07462099,0.7165713,0.062619224,0.09762887,,0.09762887,m7,-1,mskcc,42,m7_loao-mskcc_s42_in22k_v5scr,last
ISIC_0010322,__singleton__ISIC_0010322,__singleton__ISIC_0010322,60+,mskcc,4,True,0,0.43605745,0.0016191504,0.025137322,0.07158223,0.23214181,0.15860407,0.074857995,0.6698184,,0.6698184,m7,-1,mskcc,42,m7_loao-mskcc_s42_in22k_v5scr,last
ISIC_0010323,__singleton__ISIC_0010323,__singleton__ISIC_0010323,60+,mskcc,5,False,2,0.012359251,0.018910067,0.8840701,0.038875517,0.0078803515,0.011669063,0.026235601,0.03914967,,0.03914967,m7,-1,mskcc,42,m7_loao-mskcc_s42_in22k_v5scr,last
ISIC_0010326,__singleton__ISIC_0010326,__singleton__ISIC_0010326,40-59,mskcc,5,False,4,0.012430745,0.21198085,0.040380727,0.04332947,0.5665896,0.04899203,0.07629662,0.7910012,,0.7910012,m7,-1,mskcc,42,m7_loao-mskcc_s42_in22k_v5scr,last
ISIC_0010327,__singleton__ISIC_0010327,__singleton__ISIC_0010327,40-59,mskcc,5,False,5,0.0057340376,0.0036816949,0.004507415,0.2709078,0.0056329556,0.67561316,0.03392297,0.015048688,,0.015048688,m7,-1,mskcc,42,m7_loao-mskcc_s42_in22k_v5scr,last
ISIC_0010332,__singleton__ISIC_0010332,__singleton__ISIC_0010332,60+,mskcc,5,False,5,0.0036904304,0.0047934027,0.120891444,0.08432299,0.009820016,0.72180396,0.05467763,0.018303849,,0.018303849,m7,-1,mskcc,42,m7_loao-mskcc_s42_in22k_v5scr,last
ISIC_0010334,__singleton__ISIC_0010334,__singleton__ISIC_0010334,60+,mskcc,5,False,5,0.008847514,0.006422267,0.0077796374,0.05157129,0.005829956,0.87931794,0.040231414,0.021099737,,0.021099737,m7,-1,mskcc,42,m7_loao-mskcc_s42_in22k_v5scr,last
ISIC_0010335,__singleton__ISIC_0010335,__singleton__ISIC_0010335,60+,mskcc,5,False,5,0.0075549698,0.003515517,0.011342488,0.05952986,0.0029346885,0.87305504,0.04206748,0.014005176,,0.014005176,m7,-1,mskcc,42,m7_loao-mskcc_s42_in22k_v5scr,last
ISIC_0010337,__singleton__ISIC_0010337,__singleton__ISIC_0010337,40-59,mskcc,5,False,5,0.4016998,0.0105295405,0.08315112,0.03182174,0.0022632712,0.4467925,0.023742007,0.41449264,,0.41449264,m7,-1,mskcc,42,m7_loao-mskcc_s42_in22k_v5scr,last
ISIC_0010339,__singleton__ISIC_0010339,__singleton__ISIC_0010339,40-59,mskcc,5,False,5,0.008445672,0.005353089,0.009162853,0.058409516,0.02650707,0.84743303,0.04468881,0.04030583,,0.04030583,m7,-1,mskcc,42,m7_loao-mskcc_s42_in22k_v5scr,last
ISIC_0010342,__singleton__ISIC_0010342,__singleton__ISIC_0010342,40-59,mskcc,5,False,5,0.009980409,0.004915909,0.006257997,0.06448174,0.007296008,0.86447626,0.042591643,0.022192325,,0.022192325,m7,-1,mskcc,42,m7_loao-mskcc_s42_in22k_v5scr,last
ISIC_0010344,__singleton__ISIC_0010344,__singleton__ISIC_0010344,40-59,mskcc,5,False,5,0.0076464075,0.0044607185,0.00797611,0.06248298,0.004266524,0.86924034,0.043926988,0.016373651,,0.016373651,m7,-1,mskcc,42,m7_loao-mskcc_s42_in22k_v5scr,last
ISIC_0010346,__singleton__ISIC_0010346,__singleton__ISIC_0010346,<40,mskcc,5,False,5,0.016250543,0.018903749,0.12831151,0.030420242,0.028830195,0.7412468,0.036036965,0.06398448,,0.06398448,m7,-1,mskcc,42,m7_loao-mskcc_s42_in22k_v5scr,last
ISIC_0010347,__singleton__ISIC_0010347,__singleton__ISIC_0010347,<40,mskcc,5,False,1,0.007962981,0.44141075,0.019659778,0.07930776,0.069256805,0.32709372,0.05530821,0.5186305,,0.5186305,m7,-1,mskcc,42,m7_loao-mskcc_s42_in22k_v5scr,last
ISIC_0010350,__singleton__ISIC_0010350,__singleton__ISIC_0010350,<40,mskcc,4,True,5,0.010486687,0.0071810754,0.0061143804,0.053565234,0.007145477,0.8752592,0.040247962,0.02481324,,0.02481324,m7,-1,mskcc,42,m7_loao-mskcc_s42_in22k_v5scr,last
ISIC_0010356,__singleton__ISIC_0010356,__singleton__ISIC_0010356,<40,mskcc,5,False,5,0.009594423,0.007998831,0.008789325,0.056838844,0.0051403022,0.8677326,0.043905657,0.022733556,,0.022733556,m7,-1,mskcc,42,m7_loao-mskcc_s42_in22k_v5scr,last
ISIC_0010358,__singleton__ISIC_0010358,__singleton__ISIC_0010358,40-59,mskcc,4,True,5,0.0032534944,0.0026506807,0.0059152613,0.03294273,0.0029000873,0.9293454,0.022992373,0.008804263,,0.008804263,m7,-1,mskcc,42,m7_loao-mskcc_s42_in22k_v5scr,last
ISIC_0010360,__singleton__ISIC_0010360,__singleton__ISIC_0010360,40-59,mskcc,4,True,5,0.0064651305,0.005508544,0.006434268,0.054108802,0.009631289,0.87992,0.037931994,0.021604963,,0.021604963,m7,-1,mskcc,42,m7_loao-mskcc_s42_in22k_v5scr,last
ISIC_0010365,__singleton__ISIC_0010365,__singleton__ISIC_0010365,60+,mskcc,5,False,5,0.00801434,0.0055359513,0.008827282,0.0519616,0.0046102805,0.8783624,0.042688128,0.01816057,,0.01816057,m7,-1,mskcc,42,m7_loao-mskcc_s42_in22k_v5scr,last
ISIC_0010367,__singleton__ISIC_0010367,__singleton__ISIC_0010367,60+,mskcc,5,False,5,0.009297325,0.0055999695,0.0039795428,0.055328105,0.0164745,0.86386657,0.04545398,0.031371795,,0.031371795,m7,-1,mskcc,42,m7_loao-mskcc_s42_in22k_v5scr,last
ISIC_0010368,__singleton__ISIC_0010368,__singleton__ISIC_0010368,60+,mskcc,5,False,5,0.013567506,0.005862286,0.0048233625,0.049092766,0.008223013,0.88179934,0.036631867,0.027652804,,0.027652804,m7,-1,mskcc,42,m7_loao-mskcc_s42_in22k_v5scr,last
ISIC_0010382,__singleton__ISIC_0010382,__singleton__ISIC_0010382,40-59,mskcc,5,False,0,0.575915,0.14437255,0.033318438,0.1162492,0.037537146,0.030459536,0.062148158,0.7578247,,0.7578247,m7,-1,mskcc,42,m7_loao-mskcc_s42_in22k_v5scr,last
ISIC_0010439,__singleton__ISIC_0010439,__singleton__ISIC_0010439,<40,mskcc,5,False,5,0.004063209,0.0052711144,0.0074407468,0.052569225,0.0059725563,0.88806945,0.03661376,0.015306881,,0.015306881,m7,-1,mskcc,42,m7_loao-mskcc_s42_in22k_v5scr,last
ISIC_0010440,__singleton__ISIC_0010440,__singleton__ISIC_0010440,40-59,mskcc,5,False,5,0.008371513,0.0047531975,0.007600943,0.059105422,0.008514971,0.869126,0.0425279,0.021639682,,0.021639682,m7,-1,mskcc,42,m7_loao-mskcc_s42_in22k_v5scr,last
ISIC_0010441,__singleton__ISIC_0010441,__singleton__ISIC_0010441,60+,mskcc,4,True,2,0.014457311,0.051388,0.7079808,0.12819506,0.0019111761,0.025261344,0.070806384,0.06775649,,0.06775649,m7,-1,mskcc,42,m7_loao-mskcc_s42_in22k_v5scr,last
ISIC_0010442,__singleton__ISIC_0010442,__singleton__ISIC_0010442,<40,mskcc,5,False,5,0.010271501,0.0057353955,0.0024958057,0.048531882,0.010794026,0.88539124,0.036780134,0.026800923,,0.026800923,m7,-1,mskcc,42,m7_loao-mskcc_s42_in22k_v5scr,last
ISIC_0010443,__singleton__ISIC_0010443,__singleton__ISIC_0010443,40-59,mskcc,5,False,5,0.008808293,0.007217701,0.011527206,0.059583105,0.0029104555,0.8645879,0.04536543,0.01893645,,0.01893645,m7,-1,mskcc,42,m7_loao-mskcc_s42_in22k_v5scr,last
ISIC_0010444,__singleton__ISIC_0010444,__singleton__ISIC_0010444,<40,mskcc,5,False,5,0.004931082,0.024641851,0.111233145,0.05465854,0.019378552,0.74989617,0.03526058,0.048951484,,0.048951484,m7,-1,mskcc,42,m7_loao-mskcc_s42_in22k_v5scr,last
ISIC_0010445,__singleton__ISIC_0010445,__singleton__ISIC_0010445,<40,mskcc,5,False,5,0.008816369,0.0065386044,0.006601987,0.067736365,0.007780488,0.8573414,0.04518468,0.02313546,,0.02313546,m7,-1,mskcc,42,m7_loao-mskcc_s42_in22k_v5scr,last
ISIC_0010448,__singleton__ISIC_0010448,__singleton__ISIC_0010448,<40,mskcc,5,False,5,0.015760014,0.02228817,0.0927824,0.035995897,0.0624091,0.7433923,0.02737214,0.10045728,,0.10045728,m7,-1,mskcc,42,m7_loao-mskcc_s42_in22k_v5scr,last
ISIC_0010452,__singleton__ISIC_0010452,__singleton__ISIC_0010452,<40,mskcc,5,False,5,0.010472924,0.006203635,0.011424828,0.07032058,0.004921948,0.85202473,0.044631302,0.021598509,,0.021598509,m7,-1,mskcc,42,m7_loao-mskcc_s42_in22k_v5scr,last
ISIC_0010455,__singleton__ISIC_0010455,__singleton__ISIC_0010455,40-59,mskcc,5,False,5,0.007877794,0.005305751,0.004325543,0.055356078,0.007859217,0.880519,0.038756765,0.021042762,,0.021042762,m7,-1,mskcc,42,m7_loao-mskcc_s42_in22k_v5scr,last
ISIC_0010457,__singleton__ISIC_0010457,__singleton__ISIC_0010457,<40,mskcc,5,False,1,0.011619128,0.935908,0.008308081,0.021307506,0.0026695044,0.0043836604,0.01580407,0.9501967,,0.9501967,m7,-1,mskcc,42,m7_loao-mskcc_s42_in22k_v5scr,last
ISIC_0010459,__singleton__ISIC_0010459,__singleton__ISIC_0010459,<40,mskcc,5,False,5,0.015625257,0.013067069,0.004775846,0.047332104,0.012036141,0.86323917,0.043924406,0.04072847,,0.04072847,m7,-1,mskcc,42,m7_loao-mskcc_s42_in22k_v5scr,last
ISIC_0010460,__singleton__ISIC_0010460,__singleton__ISIC_0010460,<40,mskcc,5,False,5,0.0026049016,0.013937071,0.012804123,0.026594838,0.0013292739,0.92569846,0.017031327,0.017871246,,0.017871246,m7,-1,mskcc,42,m7_loao-mskcc_s42_in22k_v5scr,last
ISIC_0010462,__singleton__ISIC_0010462,__singleton__ISIC_0010462,60+,mskcc,5,False,5,0.010681711,0.006337906,0.008009384,0.05362689,0.005533468,0.8790362,0.036774486,0.022553084,,0.022553084,m7,-1,mskcc,42,m7_loao-mskcc_s42_in22k_v5scr,last
ISIC_0010465,__singleton__ISIC_0010465,__singleton__ISIC_0010465,<40,mskcc,5,False,5,0.011113744,0.0063500763,0.0031202545,0.04114311,0.004248109,0.89941055,0.034614153,0.021711929,,0.021711929,m7,-1,mskcc,42,m7_loao-mskcc_s42_in22k_v5scr,last
ISIC_0010466,__singleton__ISIC_0010466,__singleton__ISIC_0010466,60+,mskcc,4,True,5,0.021722239,0.20417784,0.013769723,0.044087615,0.09611261,0.5706616,0.049468342,0.3220127,,0.3220127,m7,-1,mskcc,42,m7_loao-mskcc_s42_in22k_v5scr,last
ISIC_0010467,__singleton__ISIC_0010467,__singleton__ISIC_0010467,60+,mskcc,5,False,5,0.0062207608,0.15292217,0.051085528,0.08850601,0.0053259977,0.6368437,0.059095755,0.16446893,,0.16446893,m7,-1,mskcc,42,m7_loao-mskcc_s42_in22k_v5scr,last
ISIC_0010472,__singleton__ISIC_0010472,__singleton__ISIC_0010472,<40,mskcc,5,False,4,0.014743599,0.00802644,0.0028453297,0.048903435,0.61721677,0.27774668,0.030517751,0.6399868,,0.6399868,m7,-1,mskcc,42,m7_loao-mskcc_s42_in22k_v5scr,last
ISIC_0010473,__singleton__ISIC_0010473,__singleton__ISIC_0010473,<40,mskcc,5,False,5,0.007950755,0.00398802,0.008105347,0.05650719,0.07310597,0.79960215,0.050740574,0.08504474,,0.08504474,m7,-1,mskcc,42,m7_loao-mskcc_s42_in22k_v5scr,last
ISIC_0010474,__singleton__ISIC_0010474,__singleton__ISIC_0010474,<40,mskcc,5,False,5,0.011475524,0.005015234,0.006946044,0.05950767,0.013435928,0.860289,0.0433306,0.029926686,,0.029926686,m7,-1,mskcc,42,m7_loao-mskcc_s42_in22k_v5scr,last
ISIC_0010476,__singleton__ISIC_0010476,__singleton__ISIC_0010476,40-59,mskcc,4,True,5,0.0007928762,0.0023008375,0.19962564,0.048164416,0.008154623,0.7139865,0.02697516,0.011248337,,0.011248337,m7,-1,mskcc,42,m7_loao-mskcc_s42_in22k_v5scr,last
ISIC_0010479,__singleton__ISIC_0010479,__singleton__ISIC_0010479,60+,mskcc,5,False,2,0.005430887,0.014535575,0.5832162,0.07778345,0.009249948,0.25047195,0.059311945,0.02921641,,0.02921641,m7,-1,mskcc,42,m7_loao-mskcc_s42_in22k_v5scr,last
ISIC_0010480,__singleton__ISIC_0010480,__singleton__ISIC_0010480,60+,mskcc,5,False,5,0.0039771306,0.0018918168,0.0024488328,0.048685547,0.014591096,0.9045725,0.02383315,0.020460043,,0.020460043,m7,-1,mskcc,42,m7_loao-mskcc_s42_in22k_v5scr,last
ISIC_0010481,__singleton__ISIC_0010481,__singleton__ISIC_0010481,<40,mskcc,5,False,5,0.0055700378,0.0074341395,0.005320769,0.054913104,0.006718642,0.87464523,0.045398038,0.01972282,,0.01972282,m7,-1,mskcc,42,m7_loao-mskcc_s42_in22k_v5scr,last
ISIC_0010483,__singleton__ISIC_0010483,__singleton__ISIC_0010483,40-59,mskcc,5,False,5,0.00941779,0.008380163,0.006356542,0.06554061,0.0142765455,0.85352063,0.04250779,0.0320745,,0.0320745,m7,-1,mskcc,42,m7_loao-mskcc_s42_in22k_v5scr,last
ISIC_0010487,__singleton__ISIC_0010487,__singleton__ISIC_0010487,40-59,mskcc,5,False,5,0.01908469,0.0043762224,0.0041485075,0.09919418,0.0539984,0.77857035,0.040627677,0.07745931,,0.07745931,m7,-1,mskcc,42,m7_loao-mskcc_s42_in22k_v5scr,last
ISIC_0010488,__singleton__ISIC_0010488,__singleton__ISIC_0010488,<40,mskcc,5,False,5,0.008533936,0.006369115,0.0058695045,0.061258934,0.0053575714,0.8667409,0.045870062,0.020260623,,0.020260623,m7,-1,mskcc,42,m7_loao-mskcc_s42_in22k_v5scr,last
ISIC_0010492,__singleton__ISIC_0010492,__singleton__ISIC_0010492,<40,mskcc,5,False,4,0.020479063,0.0022954876,0.013078649,0.082700804,0.6174084,0.2067921,0.057245538,0.640183,,0.640183,m7,-1,mskcc,42,m7_loao-mskcc_s42_in22k_v5scr,last
ISIC_0010494,__singleton__ISIC_0010494,__singleton__ISIC_0010494,60+,mskcc,5,False,5,0.0018423848,0.0031418425,0.0019594643,0.0413569,0.019315565,0.8936767,0.038707178,0.024299793,,0.024299793,m7,-1,mskcc,42,m7_loao-mskcc_s42_in22k_v5scr,last
ISIC_0010498,__singleton__ISIC_0010498,__singleton__ISIC_0010498,<40,mskcc,5,False,5,0.005408463,0.014651363,0.024635268,0.057258774,0.10290751,0.76774484,0.027393855,0.12296733,,0.12296733,m7,-1,mskcc,42,m7_loao-mskcc_s42_in22k_v5scr,last
ISIC_0010552,__singleton__ISIC_0010552,__singleton__ISIC_0010552,<40,mskcc,5,False,5,0.0102681685,0.0067831893,0.010505028,0.059322465,0.004765193,0.8640351,0.044320762,0.021816552,,0.021816552,m7,-1,mskcc,42,m7_loao-mskcc_s42_in22k_v5scr,last
ISIC_0010554,__singleton__ISIC_0010554,__singleton__ISIC_0010554,60+,mskcc,5,False,5,0.0048003714,0.010788749,0.12675661,0.1443649,0.19781592,0.3787173,0.13675623,0.21340504,,0.21340504,m7,-1,mskcc,42,m7_loao-mskcc_s42_in22k_v5scr,last
ISIC_0010558,__singleton__ISIC_0010558,__singleton__ISIC_0010558,<40,mskcc,5,False,5,0.007776791,0.005884206,0.0049328306,0.052527446,0.0056099123,0.8865626,0.036706235,0.01927091,,0.01927091,m7,-1,mskcc,42,m7_loao-mskcc_s42_in22k_v5scr,last
ISIC_0010562,__singleton__ISIC_0010562,__singleton__ISIC_0010562,60+,mskcc,5,False,2,0.023124227,0.07490103,0.4702573,0.17869812,0.009762377,0.13537242,0.107884556,0.10778763,,0.10778763,m7,-1,mskcc,42,m7_loao-mskcc_s42_in22k_v5scr,last
ISIC_0010565,__singleton__ISIC_0010565,__singleton__ISIC_0010565,40-59,mskcc,5,False,5,0.086763315,0.23002225,0.005310573,0.08935283,0.1952199,0.30175683,0.091574304,0.51200545,,0.51200545,m7,-1,mskcc,42,m7_loao-mskcc_s42_in22k_v5scr,last
ISIC_0010566,__singleton__ISIC_0010566,__singleton__ISIC_0010566,60+,mskcc,5,False,5,0.00630226,0.0041393805,0.13901657,0.16176629,0.042896193,0.559047,0.086832374,0.053337835,,0.053337835,m7,-1,mskcc,42,m7_loao-mskcc_s42_in22k_v5scr,last
ISIC_0010567,__singleton__ISIC_0010567,__singleton__ISIC_0010567,60+,mskcc,5,False,5,0.0038233276,0.0034538466,0.009976283,0.055961985,0.01804313,0.8674883,0.04125309,0.025320305,,0.025320305,m7,-1,mskcc,42,m7_loao-mskcc_s42_in22k_v5scr,last
ISIC_0010568,__singleton__ISIC_0010568,__singleton__ISIC_0010568,60+,mskcc,5,False,5,0.0037850146,0.0037288943,0.023047209,0.080253564,0.002981676,0.8235068,0.062696874,0.010495584,,0.010495584,m7,-1,mskcc,42,m7_loao-mskcc_s42_in22k_v5scr,last
ISIC_0010569,__singleton__ISIC_0010569,__singleton__ISIC_0010569,40-59,mskcc,5,False,5,0.0084371455,0.21707259,0.08719768,0.077264756,0.0048009953,0.53162396,0.073602825,0.23031072,,0.23031072,m7,-1,mskcc,42,m7_loao-mskcc_s42_in22k_v5scr,last
ISIC_0010571,__singleton__ISIC_0010571,__singleton__ISIC_0010571,<40,mskcc,5,False,5,0.012135496,0.009870738,0.005698885,0.052021556,0.0054567535,0.87702745,0.037789017,0.027462987,,0.027462987,m7,-1,mskcc,42,m7_loao-mskcc_s42_in22k_v5scr,last
ISIC_0010572,__singleton__ISIC_0010572,__singleton__ISIC_0010572,<40,mskcc,5,False,5,0.0067578335,0.0058432743,0.0036513906,0.049212087,0.0043191398,0.8993014,0.030914843,0.016920246,,0.016920246,m7,-1,mskcc,42,m7_loao-mskcc_s42_in22k_v5scr,last
ISIC_0010573,__singleton__ISIC_0010573,__singleton__ISIC_0010573,<40,mskcc,5,False,5,0.006498984,0.0052775834,0.00537797,0.053194694,0.0052549727,0.88448155,0.039914146,0.01703154,,0.01703154,m7,-1,mskcc,42,m7_loao-mskcc_s42_in22k_v5scr,last
ISIC_0010574,__singleton__ISIC_0010574,__singleton__ISIC_0010574,<40,mskcc,5,False,5,0.010595206,0.0071003945,0.0040665357,0.068651535,0.017894648,0.8471599,0.044531804,0.035590246,,0.035590246,m7,-1,mskcc,42,m7_loao-mskcc_s42_in22k_v5scr,last
ISIC_0010581,__singleton__ISIC_0010581,__singleton__ISIC_0010581,<40,mskcc,5,False,5,0.008664768,0.006960976,0.0054332213,0.047776375,0.0107347965,0.8849268,0.035503075,0.026360542,,0.026360542,m7,-1,mskcc,42,m7_loao-mskcc_s42_in22k_v5scr,last
ISIC_0010582,__singleton__ISIC_0010582,__singleton__ISIC_0010582,40-59,mskcc,5,False,5,0.013808892,0.008580855,0.0037357914,0.0711938,0.21031551,0.657982,0.034383163,0.23270527,,0.23270527,m7,-1,mskcc,42,m7_loao-mskcc_s42_in22k_v5scr,last
ISIC_0010584,__singleton__ISIC_0010584,__singleton__ISIC_0010584,40-59,mskcc,5,False,1,0.059127226,0.489,0.13670115,0.16528916,0.04629286,0.009427595,0.094161965,0.5944201,,0.5944201,m7,-1,mskcc,42,m7_loao-mskcc_s42_in22k_v5scr,last
ISIC_0010585,__singleton__ISIC_0010585,__singleton__ISIC_0010585,<40,mskcc,5,False,5,0.007495619,0.005256709,0.008748503,0.05417511,0.0066301827,0.8766845,0.041009374,0.01938251,,0.01938251,m7,-1,mskcc,42,m7_loao-mskcc_s42_in22k_v5scr,last
ISIC_0010590,__singleton__ISIC_0010590,__singleton__ISIC_0010590,<40,mskcc,5,False,5,0.010699611,0.007105584,0.0103598535,0.056337748,0.004059039,0.86637443,0.045063827,0.021864234,,0.021864234,m7,-1,mskcc,42,m7_loao-mskcc_s42_in22k_v5scr,last
ISIC_0010591,__singleton__ISIC_0010591,__singleton__ISIC_0010591,60+,mskcc,4,True,5,0.023326388,0.0070761563,0.22227359,0.07629155,0.007607686,0.61516094,0.04826359,0.038010232,,0.038010232,m7,-1,mskcc,42,m7_loao-mskcc_s42_in22k_v5scr,last
ISIC_0010593,__singleton__ISIC_0010593,__singleton__ISIC_0010593,60+,mskcc,5,False,5,0.006219035,0.005425374,0.01068344,0.040308014,0.004387436,0.8986699,0.03430682,0.016031845,,0.016031845,m7,-1,mskcc,42,m7_loao-mskcc_s42_in22k_v5scr,last
ISIC_0010595,__singleton__ISIC_0010595,__singleton__ISIC_0010595,40-59,mskcc,5,False,5,0.024134014,0.0039489185,0.004341831,0.052048657,0.0100353975,0.8617865,0.043704692,0.038118333,,0.038118333,m7,-1,mskcc,42,m7_loao-mskcc_s42_in22k_v5scr,last
ISIC_0010596,__singleton__ISIC_0010596,__singleton__ISIC_0010596,60+,mskcc,4,True,4,0.0038639477,0.0022468758,0.0039728708,0.034650218,0.9213078,0.011265321,0.022692936,0.92741865,,0.92741865,m7,-1,mskcc,42,m7_loao-mskcc_s42_in22k_v5scr,last
ISIC_0010598,__singleton__ISIC_0010598,__singleton__ISIC_0010598,<40,mskcc,5,False,5,0.010373643,0.0049496274,0.023194237,0.05292519,0.006554665,0.85614437,0.045858227,0.021877935,,0.021877935,m7,-1,mskcc,42,m7_loao-mskcc_s42_in22k_v5scr,last
ISIC_0010602,__singleton__ISIC_0010602,__singleton__ISIC_0010602,60+,mskcc,5,False,5,0.0076679653,0.0046706693,0.0053917444,0.056073748,0.0052517406,0.8824803,0.03846389,0.017590376,,0.017590376,m7,-1,mskcc,42,m7_loao-mskcc_s42_in22k_v5scr,last
ISIC_0010604,__singleton__ISIC_0010604,__singleton__ISIC_0010604,<40,mskcc,5,False,2,0.004333009,0.033650864,0.4681634,0.13506858,0.2465174,0.069244504,0.04302224,0.28450128,,0.28450128,m7,-1,mskcc,42,m7_loao-mskcc_s42_in22k_v5scr,last
ISIC_0010605,__singleton__ISIC_0010605,__singleton__ISIC_0010605,60+,mskcc,5,False,5,0.018794393,0.14721566,0.010275693,0.11674362,0.17157307,0.40493307,0.13046451,0.33758312,,0.33758312,m7,-1,mskcc,42,m7_loao-mskcc_s42_in22k_v5scr,last
ISIC_0010606,__singleton__ISIC_0010606,__singleton__ISIC_0010606,40-59,mskcc,5,False,5,0.009442058,0.007530568,0.0033283844,0.062401704,0.031928167,0.83840245,0.0469667,0.048900794,,0.048900794,m7,-1,mskcc,42,m7_loao-mskcc_s42_in22k_v5scr,last
ISIC_0010846,__singleton__ISIC_0010846,__singleton__ISIC_0010846,40-59,mskcc,5,False,4,0.00071841263,0.16871817,0.0019457503,0.06192571,0.56216526,0.14573386,0.058792852,0.73160183,,0.73160183,m7,-1,mskcc,42,m7_loao-mskcc_s42_in22k_v5scr,last
ISIC_0010849,__singleton__ISIC_0010849,__singleton__ISIC_0010849,<40,mskcc,5,False,5,0.0008616313,0.0027740763,0.06675891,0.047526542,0.026443563,0.82285404,0.03278124,0.030079272,,0.030079272,m7,-1,mskcc,42,m7_loao-mskcc_s42_in22k_v5scr,last
ISIC_0010850,__singleton__ISIC_0010850,__singleton__ISIC_0010850,<40,mskcc,5,False,5,0.0059011257,0.0064087124,0.0058481162,0.06623826,0.16907437,0.70544875,0.041080695,0.1813842,,0.1813842,m7,-1,mskcc,42,m7_loao-mskcc_s42_in22k_v5scr,last
ISIC_0010853,__singleton__ISIC_0010853,__singleton__ISIC_0010853,<40,mskcc,5,False,5,0.018518524,0.016633997,0.0050425245,0.05114483,0.008624407,0.8537475,0.046288166,0.04377693,,0.04377693,m7,-1,mskcc,42,m7_loao-mskcc_s42_in22k_v5scr,last
ISIC_0010856,__singleton__ISIC_0010856,__singleton__ISIC_0010856,60+,mskcc,5,False,5,0.0048731,0.004534871,0.011513312,0.061281066,0.009979238,0.86030513,0.047513343,0.019387208,,0.019387208,m7,-1,mskcc,42,m7_loao-mskcc_s42_in22k_v5scr,last
ISIC_0010858,__singleton__ISIC_0010858,__singleton__ISIC_0010858,<40,mskcc,5,False,5,0.010302174,0.0026595308,0.043165706,0.07463155,0.07282247,0.72421765,0.07220093,0.08578417,,0.08578417,m7,-1,mskcc,42,m7_loao-mskcc_s42_in22k_v5scr,last
ISIC_0010862,__singleton__ISIC_0010862,__singleton__ISIC_0010862,60+,mskcc,4,True,4,0.001742337,0.004178364,0.003508523,0.040505856,0.89982677,0.002089708,0.048148375,0.9057475,,0.9057475,m7,-1,mskcc,42,m7_loao-mskcc_s42_in22k_v5scr,last
ISIC_0010863,__singleton__ISIC_0010863,__singleton__ISIC_0010863,60+,mskcc,4,True,5,0.006268377,0.0023784242,0.007062101,0.037326515,0.008808465,0.90893936,0.029216764,0.017455265,,0.017455265,m7,-1,mskcc,42,m7_loao-mskcc_s42_in22k_v5scr,last
ISIC_0010864,__singleton__ISIC_0010864,__singleton__ISIC_0010864,<40,mskcc,5,False,5,0.010245337,0.006047689,0.007969695,0.05572202,0.0054772533,0.8724151,0.042122863,0.02177028,,0.02177028,m7,-1,mskcc,42,m7_loao-mskcc_s42_in22k_v5scr,last
ISIC_0011079,__singleton__ISIC_0011079,__singleton__ISIC_0011079,<40,mskcc,5,False,5,0.0070053027,0.005651834,0.0074606943,0.05042957,0.0048960615,0.8831842,0.041372333,0.0175532,,0.0175532,m7,-1,mskcc,42,m7_loao-mskcc_s42_in22k_v5scr,last
ISIC_0011083,__singleton__ISIC_0011083,__singleton__ISIC_0011083,40-59,mskcc,5,False,5,0.008013519,0.006362064,0.02056247,0.06562578,0.032825653,0.8186537,0.047956835,0.047201235,,0.047201235,m7,-1,mskcc,42,m7_loao-mskcc_s42_in22k_v5scr,last
ISIC_0011088,__singleton__ISIC_0011088,__singleton__ISIC_0011088,60+,mskcc,5,False,5,0.021245109,0.004570643,0.012461497,0.060598057,0.02044582,0.8381851,0.042493857,0.04626157,,0.04626157,m7,-1,mskcc,42,m7_loao-mskcc_s42_in22k_v5scr,last
ISIC_0011089,__singleton__ISIC_0011089,__singleton__ISIC_0011089,<40,mskcc,5,False,5,0.0088612195,0.006020674,0.004803262,0.093918,0.0036433123,0.85162723,0.031126378,0.018525206,,0.018525206,m7,-1,mskcc,42,m7_loao-mskcc_s42_in22k_v5scr,last
ISIC_0011090,__singleton__ISIC_0011090,__singleton__ISIC_0011090,<40,mskcc,5,False,5,0.0095334025,0.004415978,0.020565026,0.06930365,0.012185868,0.8304562,0.05353987,0.026135249,,0.026135249,m7,-1,mskcc,42,m7_loao-mskcc_s42_in22k_v5scr,last
ISIC_0011092,__singleton__ISIC_0011092,__singleton__ISIC_0011092,40-59,mskcc,5,False,5,0.0077420473,0.005357247,0.04228656,0.07084874,0.011780622,0.8143807,0.047604132,0.024879918,,0.024879918,m7,-1,mskcc,42,m7_loao-mskcc_s42_in22k_v5scr,last
ISIC_0011101,__singleton__ISIC_0011101,__singleton__ISIC_0011101,<40,mskcc,5,False,5,0.0127317235,0.008054969,0.004256041,0.07222009,0.019227583,0.827288,0.0562217,0.040014274,,0.040014274,m7,-1,mskcc,42,m7_loao-mskcc_s42_in22k_v5scr,last
ISIC_0011102,__singleton__ISIC_0011102,__singleton__ISIC_0011102,60+,mskcc,5,False,5,0.010832348,0.00581655,0.00541448,0.062162068,0.006452505,0.8690844,0.040237576,0.023101402,,0.023101402,m7,-1,mskcc,42,m7_loao-mskcc_s42_in22k_v5scr,last
ISIC_0011104,__singleton__ISIC_0011104,__singleton__ISIC_0011104,60+,mskcc,5,False,5,0.0051304586,0.004440023,0.006236219,0.054400686,0.0044715023,0.8888939,0.03642724,0.0140419835,,0.0140419835,m7,-1,mskcc,42,m7_loao-mskcc_s42_in22k_v5scr,last
ISIC_0011105,__singleton__ISIC_0011105,__singleton__ISIC_0011105,<40,mskcc,5,False,5,0.00809196,0.0039445036,0.0030138881,0.063712895,0.008977965,0.8730853,0.039173454,0.02101443,,0.02101443,m7,-1,mskcc,42,m7_loao-mskcc_s42_in22k_v5scr,last
ISIC_0011107,__singleton__ISIC_0011107,__singleton__ISIC_0011107,40-59,mskcc,5,False,5,0.002790702,0.003647354,0.012792312,0.066862434,0.009439923,0.86481655,0.039650667,0.015877979,,0.015877979,m7,-1,mskcc,42,m7_loao-mskcc_s42_in22k_v5scr,last
ISIC_0011115,__singleton__ISIC_0011115,__singleton__ISIC_0011115,60+,mskcc,5,False,5,0.0063476027,0.025594193,0.0026346315,0.050301045,0.017526753,0.8593702,0.038225558,0.04946855,,0.04946855,m7,-1,mskcc,42,m7_loao-mskcc_s42_in22k_v5scr,last
ISIC_0011118,__singleton__ISIC_0011118,__singleton__ISIC_0011118,60+,mskcc,4,True,5,0.004018467,0.005405809,0.006013338,0.045735065,0.012460633,0.89412266,0.032243952,0.021884909,,0.021884909,m7,-1,mskcc,42,m7_loao-mskcc_s42_in22k_v5scr,last
ISIC_0011120,__singleton__ISIC_0011120,__singleton__ISIC_0011120,<40,mskcc,5,False,5,0.0063483994,0.015599638,0.008221538,0.04765317,0.0051474585,0.8728193,0.044210482,0.027095497,,0.027095497,m7,-1,mskcc,42,m7_loao-mskcc_s42_in22k_v5scr,last
ISIC_0011121,__singleton__ISIC_0011121,__singleton__ISIC_0011121,60+,mskcc,4,True,4,0.06522133,0.012039282,0.17808151,0.17185485,0.29118752,0.18771401,0.09390152,0.36844814,,0.36844814,m7,-1,mskcc,42,m7_loao-mskcc_s42_in22k_v5scr,last
ISIC_0011124,__singleton__ISIC_0011124,__singleton__ISIC_0011124,40-59,mskcc,5,False,5,0.0067261667,0.004437076,0.0063821636,0.051410813,0.0060060155,0.886235,0.038802765,0.017169258,,0.017169258,m7,-1,mskcc,42,m7_loao-mskcc_s42_in22k_v5scr,last
ISIC_0011126,__singleton__ISIC_0011126,__singleton__ISIC_0011126,40-59,mskcc,4,True,5,0.0047630416,0.0029728196,0.028733194,0.13336529,0.10841272,0.645159,0.07659397,0.11614858,,0.11614858,m7,-1,mskcc,42,m7_loao-mskcc_s42_in22k_v5scr,last
ISIC_0011127,__singleton__ISIC_0011127,__singleton__ISIC_0011127,60+,mskcc,5,False,5,0.013711159,0.004094181,0.008892597,0.06515655,0.0042655817,0.86368066,0.04019935,0.022070922,,0.022070922,m7,-1,mskcc,42,m7_loao-mskcc_s42_in22k_v5scr,last
ISIC_0011129,__singleton__ISIC_0011129,__singleton__ISIC_0011129,40-59,mskcc,5,False,4,0.004633735,0.0021053143,0.012331416,0.050415047,0.895922,0.00074315595,0.03384936,0.902661,,0.902661,m7,-1,mskcc,42,m7_loao-mskcc_s42_in22k_v5scr,last
ISIC_0011130,__singleton__ISIC_0011130,__singleton__ISIC_0011130,60+,mskcc,4,True,5,0.008978177,0.01080091,0.019173145,0.064987406,0.08079512,0.7632717,0.05199349,0.1005742,,0.1005742,m7,-1,mskcc,42,m7_loao-mskcc_s42_in22k_v5scr,last
ISIC_0011131,__singleton__ISIC_0011131,__singleton__ISIC_0011131,60+,mskcc,5,False,5,0.009123435,0.006325087,0.007205454,0.055529017,0.012021734,0.87040156,0.039393745,0.027470257,,0.027470257,m7,-1,mskcc,42,m7_loao-mskcc_s42_in22k_v5scr,last
ISIC_0011132,__singleton__ISIC_0011132,__singleton__ISIC_0011132,60+,mskcc,4,True,5,0.0008809487,0.005852692,0.004027602,0.018056696,0.005331575,0.94496274,0.020887798,0.012065215,,0.012065215,m7,-1,mskcc,42,m7_loao-mskcc_s42_in22k_v5scr,last
ISIC_0011135,__singleton__ISIC_0011135,__singleton__ISIC_0011135,60+,mskcc,4,True,4,0.008349952,0.004963731,0.004700185,0.042258963,0.90870404,0.0016737758,0.029349275,0.92201775,,0.92201775,m7,-1,mskcc,42,m7_loao-mskcc_s42_in22k_v5scr,last
ISIC_0011137,__singleton__ISIC_0011137,__singleton__ISIC_0011137,60+,mskcc,4,True,5,0.0065585985,0.005082991,0.0071074674,0.054199014,0.27334955,0.6037554,0.049946938,0.28499115,,0.28499115,m7,-1,mskcc,42,m7_loao-mskcc_s42_in22k_v5scr,last
ISIC_0011139,__singleton__ISIC_0011139,__singleton__ISIC_0011139,60+,mskcc,4,True,5,0.0106720915,0.0021477554,0.41936654,0.06832188,0.008244056,0.43315366,0.058093976,0.021063903,,0.021063903,m7,-1,mskcc,42,m7_loao-mskcc_s42_in22k_v5scr,last
ISIC_0011140,__singleton__ISIC_0011140,__singleton__ISIC_0011140,60+,mskcc,4,True,5,0.0091794925,0.06658982,0.0052297283,0.10354857,0.051242787,0.67559445,0.08861513,0.1270121,,0.1270121,m7,-1,mskcc,42,m7_loao-mskcc_s42_in22k_v5scr,last
ISIC_0011143,__singleton__ISIC_0011143,__singleton__ISIC_0011143,<40,mskcc,5,False,5,0.0065816664,0.010103854,0.00497336,0.06019785,0.0065490296,0.86498624,0.04660796,0.02323455,,0.02323455,m7,-1,mskcc,42,m7_loao-mskcc_s42_in22k_v5scr,last
ISIC_0011146,__singleton__ISIC_0011146,__singleton__ISIC_0011146,60+,mskcc,5,False,5,0.053480815,0.1723407,0.14652792,0.18076271,0.14623292,0.2030482,0.09760682,0.37205446,,0.37205446,m7,-1,mskcc,42,m7_loao-mskcc_s42_in22k_v5scr,last
ISIC_0011149,__singleton__ISIC_0011149,__singleton__ISIC_0011149,40-59,mskcc,5,False,5,0.014606022,0.002257927,0.019572163,0.040532317,0.0054830573,0.8801463,0.037402205,0.022347007,,0.022347007,m7,-1,mskcc,42,m7_loao-mskcc_s42_in22k_v5scr,last
ISIC_0011151,__singleton__ISIC_0011151,__singleton__ISIC_0011151,60+,mskcc,4,True,2,0.0012867254,0.0020529795,0.9151914,0.031406775,0.012509023,0.009345208,0.028207881,0.015848728,,0.015848728,m7,-1,mskcc,42,m7_loao-mskcc_s42_in22k_v5scr,last
ISIC_0011155,__singleton__ISIC_0011155,__singleton__ISIC_0011155,60+,mskcc,5,False,5,0.014176194,0.0041315416,0.3605643,0.058823183,0.005417848,0.45895928,0.09792767,0.023725582,,0.023725582,m7,-1,mskcc,42,m7_loao-mskcc_s42_in22k_v5scr,last
ISIC_0011156,__singleton__ISIC_0011156,__singleton__ISIC_0011156,40-59,mskcc,5,False,5,0.008321105,0.0038102644,0.04226413,0.06563963,0.0049817455,0.80621314,0.06876995,0.017113114,,0.017113114,m7,-1,mskcc,42,m7_loao-mskcc_s42_in22k_v5scr,last
ISIC_0011162,__singleton__ISIC_0011162,__singleton__ISIC_0011162,60+,mskcc,5,False,1,0.007505922,0.73218536,0.024753086,0.045004603,0.0017031141,0.15856442,0.030283513,0.7413944,,0.7413944,m7,-1,mskcc,42,m7_loao-mskcc_s42_in22k_v5scr,last
ISIC_0011163,__singleton__ISIC_0011163,__singleton__ISIC_0011163,60+,mskcc,4,True,5,0.00777812,0.0063645076,0.0065720174,0.058330424,0.009330419,0.86954856,0.042075906,0.023473047,,0.023473047,m7,-1,mskcc,42,m7_loao-mskcc_s42_in22k_v5scr,last
ISIC_0011166,__singleton__ISIC_0011166,__singleton__ISIC_0011166,40-59,mskcc,4,True,5,0.03711652,0.0035036504,0.1896494,0.05167591,0.30975902,0.36131814,0.046977323,0.3503792,,0.3503792,m7,-1,mskcc,42,m7_loao-mskcc_s42_in22k_v5scr,last
ISIC_0011169,__singleton__ISIC_0011169,__singleton__ISIC_0011169,40-59,mskcc,4,True,5,0.008201278,0.0057465625,0.00910477,0.058618266,0.0030816433,0.8752803,0.03996712,0.017029485,,0.017029485,m7,-1,mskcc,42,m7_loao-mskcc_s42_in22k_v5scr,last
ISIC_0011170,__singleton__ISIC_0011170,__singleton__ISIC_0011170,40-59,mskcc,5,False,5,0.007972304,0.0041199974,0.04830299,0.06168016,0.001635476,0.82852775,0.04776134,0.013727778,,0.013727778,m7,-1,mskcc,42,m7_loao-mskcc_s42_in22k_v5scr,last
ISIC_0011173,__singleton__ISIC_0011173,__singleton__ISIC_0011173,40-59,mskcc,5,False,5,0.011433316,0.006805443,0.006841507,0.057219256,0.0062544243,0.87056684,0.04087922,0.024493184,,0.024493184,m7,-1,mskcc,42,m7_loao-mskcc_s42_in22k_v5scr,last
ISIC_0011176,__singleton__ISIC_0011176,__singleton__ISIC_0011176,40-59,mskcc,4,True,5,0.005382479,0.005470605,0.011058258,0.06493131,0.07573742,0.78201693,0.055402923,0.0865905,,0.0865905,m7,-1,mskcc,42,m7_loao-mskcc_s42_in22k_v5scr,last
ISIC_0011204,__singleton__ISIC_0011204,__singleton__ISIC_0011204,<40,mskcc,5,False,5,0.006537459,0.005354674,0.0045263683,0.05728964,0.031578925,0.85511816,0.039594702,0.043471057,,0.043471057,m7,-1,mskcc,42,m7_loao-mskcc_s42_in22k_v5scr,last
ISIC_0011208,__singleton__ISIC_0011208,__singleton__ISIC_0011208,<40,mskcc,5,False,5,0.004583655,0.0363299,0.010078292,0.053644594,0.0022800616,0.8509591,0.042124365,0.043193612,,0.043193612,m7,-1,mskcc,42,m7_loao-mskcc_s42_in22k_v5scr,last
ISIC_0011210,__singleton__ISIC_0011210,__singleton__ISIC_0011210,40-59,mskcc,4,True,5,0.007225493,0.0043346486,0.014717091,0.06030629,0.06988998,0.8016532,0.041873325,0.08145012,,0.08145012,m7,-1,mskcc,42,m7_loao-mskcc_s42_in22k_v5scr,last
ISIC_0011211,__singleton__ISIC_0011211,__singleton__ISIC_0011211,40-59,mskcc,5,False,5,0.020499839,0.0052756127,0.002710633,0.044834077,0.0073127723,0.8842812,0.03508587,0.033088222,,0.033088222,m7,-1,mskcc,42,m7_loao-mskcc_s42_in22k_v5scr,last
ISIC_0011212,__singleton__ISIC_0011212,__singleton__ISIC_0011212,40-59,mskcc,5,False,5,0.009951615,0.0057943556,0.008564796,0.053117268,0.004749744,0.87466794,0.043154307,0.020495716,,0.020495716,m7,-1,mskcc,42,m7_loao-mskcc_s42_in22k_v5scr,last
ISIC_0011213,__singleton__ISIC_0011213,__singleton__ISIC_0011213,<40,mskcc,5,False,5,0.00779587,0.0051742746,0.0046335654,0.056772146,0.004997755,0.8825942,0.038032148,0.017967898,,0.017967898,m7,-1,mskcc,42,m7_loao-mskcc_s42_in22k_v5scr,last
ISIC_0011214,__singleton__ISIC_0011214,__singleton__ISIC_0011214,60+,mskcc,5,False,5,0.009989738,0.005161566,0.0044699972,0.053943895,0.011188963,0.87517554,0.040070392,0.026340269,,0.026340269,m7,-1,mskcc,42,m7_loao-mskcc_s42_in22k_v5scr,last
ISIC_0011215,__singleton__ISIC_0011215,__singleton__ISIC_0011215,<40,mskcc,5,False,4,0.019665215,0.0051854635,0.03313766,0.07383145,0.4747878,0.34186658,0.051525857,0.49963847,,0.49963847,m7,-1,mskcc,42,m7_loao-mskcc_s42_in22k_v5scr,last
ISIC_0011217,__singleton__ISIC_0011217,__singleton__ISIC_0011217,40-59,mskcc,5,False,5,0.0074565597,0.0075391107,0.0029624526,0.06039209,0.010208539,0.8664944,0.044946816,0.025204208,,0.025204208,m7,-1,mskcc,42,m7_loao-mskcc_s42_in22k_v5scr,last
ISIC_0011223,__singleton__ISIC_0011223,__singleton__ISIC_0011223,40-59,mskcc,5,False,5,0.019243883,0.010451724,0.007994797,0.06763983,0.17842509,0.6672677,0.04897698,0.2081207,,0.2081207,m7,-1,mskcc,42,m7_loao-mskcc_s42_in22k_v5scr,last
ISIC_0011225,__singleton__ISIC_0011225,__singleton__ISIC_0011225,40-59,mskcc,5,False,5,0.005203314,0.022620639,0.01693361,0.034204282,0.0987332,0.7960202,0.026284805,0.12655716,,0.12655716,m7,-1,mskcc,42,m7_loao-mskcc_s42_in22k_v5scr,last
ISIC_0011227,__singleton__ISIC_0011227,__singleton__ISIC_0011227,40-59,mskcc,5,False,1,0.008231834,0.9054841,0.0028437835,0.050604086,0.0009633704,0.0061364216,0.025736462,0.9146793,,0.9146793,m7,-1,mskcc,42,m7_loao-mskcc_s42_in22k_v5scr,last
ISIC_0011229,__singleton__ISIC_0011229,__singleton__ISIC_0011229,40-59,mskcc,5,False,3,0.0031010031,0.0014926521,0.0007293163,0.94071746,0.0011772646,0.045309123,0.007473143,0.00577092,,0.00577092,m7,-1,mskcc,42,m7_loao-mskcc_s42_in22k_v5scr,last
ISIC_0011230,__singleton__ISIC_0011230,__singleton__ISIC_0011230,40-59,mskcc,5,False,5,0.006838261,0.004809329,0.0069342027,0.05999502,0.005950577,0.8764393,0.039033346,0.017598167,,0.017598167,m7,-1,mskcc,42,m7_loao-mskcc_s42_in22k_v5scr,last
ISIC_0011292,__singleton__ISIC_0011292,__singleton__ISIC_0011292,40-59,mskcc,5,False,5,0.010920664,0.0042939335,0.0064747604,0.046100583,0.012080398,0.88707274,0.033056885,0.027294997,,0.027294997,m7,-1,mskcc,42,m7_loao-mskcc_s42_in22k_v5scr,last
ISIC_0011295,__singleton__ISIC_0000519_downsampled,__singleton__ISIC_0011295,60+,mskcc,4,True,4,0.0044301027,0.031757243,0.0040709414,0.10846844,0.5997514,0.20533873,0.04618315,0.63593876,,0.63593876,m7,-1,mskcc,42,m7_loao-mskcc_s42_in22k_v5scr,last
ISIC_0011298,__singleton__ISIC_0011298,__singleton__ISIC_0011298,40-59,mskcc,5,False,5,0.009784567,0.005240161,0.008174789,0.0549871,0.010541227,0.8694109,0.041861337,0.025565956,,0.025565956,m7,-1,mskcc,42,m7_loao-mskcc_s42_in22k_v5scr,last
ISIC_0011301,__singleton__ISIC_0011301,__singleton__ISIC_0011301,<40,mskcc,5,False,5,0.0075163012,0.0053581586,0.010918203,0.05744051,0.0033063542,0.8763344,0.039126128,0.016180813,,0.016180813,m7,-1,mskcc,42,m7_loao-mskcc_s42_in22k_v5scr,last
ISIC_0011304,__singleton__ISIC_0011304,__singleton__ISIC_0011304,<40,mskcc,5,False,5,0.009655824,0.0061705965,0.0070422417,0.053780362,0.006321442,0.8747278,0.042301662,0.022147862,,0.022147862,m7,-1,mskcc,42,m7_loao-mskcc_s42_in22k_v5scr,last
ISIC_0011305,__singleton__ISIC_0011305,__singleton__ISIC_0011305,60+,mskcc,4,True,5,0.018225098,0.004544116,0.010856059,0.06410157,0.053349134,0.80390495,0.045019094,0.07611835,,0.07611835,m7,-1,mskcc,42,m7_loao-mskcc_s42_in22k_v5scr,last
ISIC_0011306,__singleton__ISIC_0011306,__singleton__ISIC_0011306,60+,mskcc,5,False,5,0.005630682,0.005054081,0.011672961,0.054374125,0.006123209,0.8779905,0.039154485,0.016807972,,0.016807972,m7,-1,mskcc,42,m7_loao-mskcc_s42_in22k_v5scr,last
ISIC_0011315,__singleton__ISIC_0011315,__singleton__ISIC_0011315,40-59,mskcc,4,True,5,0.008302284,0.009169468,0.07247119,0.045718666,0.01712998,0.8102039,0.037004557,0.034601733,,0.034601733,m7,-1,mskcc,42,m7_loao-mskcc_s42_in22k_v5scr,last
ISIC_0011317,__singleton__ISIC_0011317,__singleton__ISIC_0011317,<40,mskcc,5,False,5,0.015757307,0.004979841,0.003824554,0.05158312,0.030707331,0.85384685,0.03930098,0.05144448,,0.05144448,m7,-1,mskcc,42,m7_loao-mskcc_s42_in22k_v5scr,last
ISIC_0011321,__singleton__ISIC_0011321,__singleton__ISIC_0011321,<40,mskcc,5,False,5,0.0073084,0.0055619553,0.008396055,0.057519164,0.0055204113,0.8749095,0.04078452,0.018390765,,0.018390765,m7,-1,mskcc,42,m7_loao-mskcc_s42_in22k_v5scr,last
ISIC_0011322,__singleton__ISIC_0011322,__singleton__ISIC_0011322,<40,mskcc,5,False,5,0.008442147,0.005995437,0.009930077,0.079370946,0.06439979,0.7773582,0.05450339,0.07883737,,0.07883737,m7,-1,mskcc,42,m7_loao-mskcc_s42_in22k_v5scr,last
ISIC_0011323,__singleton__ISIC_0011323,__singleton__ISIC_0011323,40-59,mskcc,5,False,5,0.004358317,0.010680199,0.008039215,0.04046707,0.0024405832,0.8962211,0.037793495,0.0174791,,0.0174791,m7,-1,mskcc,42,m7_loao-mskcc_s42_in22k_v5scr,last
ISIC_0011326,__singleton__ISIC_0011326,__singleton__ISIC_0011326,40-59,mskcc,5,False,5,0.035368547,0.003036528,0.13955167,0.07225164,0.028572181,0.6624255,0.058793943,0.066977255,,0.066977255,m7,-1,mskcc,42,m7_loao-mskcc_s42_in22k_v5scr,last
ISIC_0011328,__singleton__ISIC_0011328,__singleton__ISIC_0011328,<40,mskcc,5,False,5,0.008033792,0.005634484,0.0033873708,0.054297615,0.01170447,0.877953,0.03898932,0.025372745,,0.025372745,m7,-1,mskcc,42,m7_loao-mskcc_s42_in22k_v5scr,last
ISIC_0011330,__singleton__ISIC_0011330,__singleton__ISIC_0011330,<40,mskcc,5,False,5,0.012561437,0.008061079,0.0063374653,0.057484787,0.015737768,0.85340047,0.046417065,0.036360286,,0.036360286,m7,-1,mskcc,42,m7_loao-mskcc_s42_in22k_v5scr,last
ISIC_0011336,__singleton__ISIC_0011336,__singleton__ISIC_0011336,60+,mskcc,5,False,5,0.009069011,0.0037790642,0.0019845667,0.056403317,0.018480008,0.8769013,0.033382718,0.031328082,,0.031328082,m7,-1,mskcc,42,m7_loao-mskcc_s42_in22k_v5scr,last
ISIC_0011341,__singleton__ISIC_0011341,__singleton__ISIC_0011341,40-59,mskcc,5,False,5,0.012803309,0.007966672,0.007913534,0.074941024,0.006244903,0.84173685,0.048393678,0.027014883,,0.027014883,m7,-1,mskcc,42,m7_loao-mskcc_s42_in22k_v5scr,last
ISIC_0011347,__singleton__ISIC_0011347,__singleton__ISIC_0011347,60+,mskcc,5,False,5,0.0015773643,0.032511022,0.0032992908,0.042889033,0.0015837192,0.88228285,0.03585672,0.035672106,,0.035672106,m7,-1,mskcc,42,m7_loao-mskcc_s42_in22k_v5scr,last
ISIC_0011348,__singleton__ISIC_0011348,__singleton__ISIC_0011348,60+,mskcc,4,True,5,0.009637283,0.0019893234,0.004432395,0.076069124,0.43528163,0.43753833,0.03505191,0.44690824,,0.44690824,m7,-1,mskcc,42,m7_loao-mskcc_s42_in22k_v5scr,last
ISIC_0011350,__singleton__ISIC_0011350,__singleton__ISIC_0011350,60+,mskcc,4,True,5,0.011262223,0.002192666,0.0062689953,0.045390565,0.27608395,0.62450373,0.034297887,0.28953883,,0.28953883,m7,-1,mskcc,42,m7_loao-mskcc_s42_in22k_v5scr,last
ISIC_0011353,__singleton__ISIC_0011353,__singleton__ISIC_0011353,40-59,mskcc,5,False,5,0.007833986,0.005893846,0.010039955,0.06544525,0.006810469,0.8539555,0.050021023,0.0205383,,0.0205383,m7,-1,mskcc,42,m7_loao-mskcc_s42_in22k_v5scr,last
ISIC_0011356,__singleton__ISIC_0011356,__singleton__ISIC_0011356,40-59,mskcc,4,True,4,0.006541645,0.063074544,0.021214958,0.18234871,0.54988766,0.113898784,0.063033715,0.61950386,,0.61950386,m7,-1,mskcc,42,m7_loao-mskcc_s42_in22k_v5scr,last
ISIC_0011363,__singleton__ISIC_0011363,__singleton__ISIC_0011363,40-59,mskcc,5,False,5,0.0038293581,0.0058418307,0.004110077,0.034843054,0.055617876,0.8526281,0.043129742,0.065289065,,0.065289065,m7,-1,mskcc,42,m7_loao-mskcc_s42_in22k_v5scr,last
ISIC_0011366,__singleton__ISIC_0011366,__singleton__ISIC_0011366,60+,mskcc,4,True,5,0.0025287194,0.0030738974,0.022686657,0.14275812,0.23714218,0.54447675,0.04733368,0.24274479,,0.24274479,m7,-1,mskcc,42,m7_loao-mskcc_s42_in22k_v5scr,last
ISIC_0011367,__singleton__ISIC_0011367,__singleton__ISIC_0011367,40-59,mskcc,5,False,5,0.005603927,0.0071325283,0.052540943,0.079590715,0.11044124,0.70812255,0.036568128,0.12317769,,0.12317769,m7,-1,mskcc,42,m7_loao-mskcc_s42_in22k_v5scr,last
ISIC_0011372,__singleton__ISIC_0011372,__singleton__ISIC_0011372,60+,mskcc,5,False,5,0.010360912,0.006145584,0.006892492,0.05226946,0.0041887164,0.88323486,0.036907986,0.020695213,,0.020695213,m7,-1,mskcc,42,m7_loao-mskcc_s42_in22k_v5scr,last
ISIC_0011373,__singleton__ISIC_0011373,__singleton__ISIC_0011373,60+,mskcc,5,False,5,0.01033827,0.0068150256,0.0038733352,0.06228271,0.028581038,0.84465504,0.04345453,0.045734335,,0.045734335,m7,-1,mskcc,42,m7_loao-mskcc_s42_in22k_v5scr,last
ISIC_0011383,__singleton__ISIC_0011383,__singleton__ISIC_0011383,60+,mskcc,5,False,5,0.009085701,0.005932132,0.0039475686,0.0580383,0.022313934,0.85747224,0.04321011,0.037331767,,0.037331767,m7,-1,mskcc,42,m7_loao-mskcc_s42_in22k_v5scr,last
ISIC_0011385,__singleton__ISIC_0011385,__singleton__ISIC_0011385,40-59,mskcc,5,False,5,0.00976011,0.005057624,0.015388151,0.07543336,0.0046093822,0.8447662,0.044985175,0.019427115,,0.019427115,m7,-1,mskcc,42,m7_loao-mskcc_s42_in22k_v5scr,last
ISIC_0011387,__singleton__ISIC_0011387,__singleton__ISIC_0011387,60+,mskcc,4,True,5,0.010416314,0.0057777916,0.0040883,0.045820333,0.009869589,0.89167714,0.03235043,0.026063694,,0.026063694,m7,-1,mskcc,42,m7_loao-mskcc_s42_in22k_v5scr,last
ISIC_0011390,__singleton__ISIC_0011390,__singleton__ISIC_0011390,60+,mskcc,4,True,5,0.029287223,0.009317724,0.034337204,0.06363305,0.09639656,0.7309989,0.03602936,0.13500151,,0.13500151,m7,-1,mskcc,42,m7_loao-mskcc_s42_in22k_v5scr,last
ISIC_0011393,__singleton__ISIC_0011393,__singleton__ISIC_0011393,60+,mskcc,5,False,5,0.006932856,0.0061717164,0.00931526,0.06403838,0.007145269,0.8645162,0.04188027,0.020249842,,0.020249842,m7,-1,mskcc,42,m7_loao-mskcc_s42_in22k_v5scr,last
ISIC_0011397,__singleton__ISIC_0011397,__singleton__ISIC_0011397,<40,mskcc,5,False,4,0.005374705,0.07647763,0.028291358,0.08038479,0.5835423,0.15810192,0.067827284,0.6653946,,0.6653946,m7,-1,mskcc,42,m7_loao-mskcc_s42_in22k_v5scr,last
ISIC_0011398,__singleton__ISIC_0011398,__singleton__ISIC_0011398,40-59,mskcc,5,False,5,0.007475207,0.0026218533,0.009871165,0.06593782,0.002805674,0.8798108,0.03147749,0.012902735,,0.012902735,m7,-1,mskcc,42,m7_loao-mskcc_s42_in22k_v5scr,last
ISIC_0012089_downsampled,__singleton__ISIC_0012089_downsampled,__singleton__ISIC_0012089_downsampled,40-59,mskcc,5,False,5,0.008148144,0.03269575,0.013467282,0.08457414,0.11068169,0.6910078,0.059425194,0.15152559,,0.15152559,m7,-1,mskcc,42,m7_loao-mskcc_s42_in22k_v5scr,last
ISIC_0012090_downsampled,__singleton__ISIC_0012090_downsampled,__singleton__ISIC_0012090_downsampled,60+,mskcc,2,False,0,0.633413,0.106483,0.10735322,0.065437004,0.021264238,0.0018605923,0.064188875,0.76116025,,0.76116025,m7,-1,mskcc,42,m7_loao-mskcc_s42_in22k_v5scr,last
ISIC_0012095_downsampled,__singleton__ISIC_0012095_downsampled,__singleton__ISIC_0012095_downsampled,<40,mskcc,5,False,5,0.010573205,0.006570953,0.0060300953,0.057397924,0.0047169914,0.8741824,0.040528383,0.02186115,,0.02186115,m7,-1,mskcc,42,m7_loao-mskcc_s42_in22k_v5scr,last
ISIC_0012097_downsampled,__singleton__ISIC_0012097_downsampled,__singleton__ISIC_0012097_downsampled,40-59,mskcc,5,False,5,0.00927384,0.005411122,0.006345524,0.05960528,0.014276993,0.8635527,0.041534457,0.028961957,,0.028961957,m7,-1,mskcc,42,m7_loao-mskcc_s42_in22k_v5scr,last
ISIC_0012105_downsampled,__singleton__ISIC_0012105_downsampled,__singleton__ISIC_0012105_downsampled,<40,mskcc,5,False,5,0.010731376,0.0061878604,0.0059814146,0.056191485,0.007014995,0.87547857,0.038414355,0.023934232,,0.023934232,m7,-1,mskcc,42,m7_loao-mskcc_s42_in22k_v5scr,last
ISIC_0012108_downsampled,__singleton__ISIC_0012108_downsampled,__singleton__ISIC_0012108_downsampled,60+,mskcc,5,False,5,0.007361898,0.012990744,0.004881076,0.051617462,0.008577011,0.8789495,0.035622347,0.028929655,,0.028929655,m7,-1,mskcc,42,m7_loao-mskcc_s42_in22k_v5scr,last
ISIC_0012109_downsampled,__singleton__ISIC_0012109_downsampled,__singleton__ISIC_0012109_downsampled,40-59,mskcc,5,False,5,0.009757269,0.00562217,0.003998252,0.059566006,0.010445011,0.86883277,0.04177855,0.02582445,,0.02582445,m7,-1,mskcc,42,m7_loao-mskcc_s42_in22k_v5scr,last
ISIC_0012118_downsampled,__singleton__ISIC_0012118_downsampled,__singleton__ISIC_0012118_downsampled,<40,mskcc,5,False,5,0.010441453,0.0062225633,0.0037958568,0.06650719,0.018457651,0.85490805,0.039667204,0.035121668,,0.035121668,m7,-1,mskcc,42,m7_loao-mskcc_s42_in22k_v5scr,last
ISIC_0012136_downsampled,__singleton__ISIC_0012136_downsampled,__singleton__ISIC_0012136_downsampled,60+,mskcc,2,False,0,0.5839505,0.023268891,0.2342407,0.048965104,0.004862768,0.07081435,0.03389767,0.6120822,,0.6120822,m7,-1,mskcc,42,m7_loao-mskcc_s42_in22k_v5scr,last
ISIC_0012137_downsampled,__singleton__ISIC_0012137_downsampled,__singleton__ISIC_0012137_downsampled,60+,mskcc,4,True,5,0.009464743,0.003853323,0.003641933,0.067107625,0.052069686,0.81984067,0.04402206,0.065387756,,0.065387756,m7,-1,mskcc,42,m7_loao-mskcc_s42_in22k_v5scr,last
ISIC_0012141_downsampled,__singleton__ISIC_0012141_downsampled,__singleton__ISIC_0012141_downsampled,40-59,mskcc,5,False,5,0.0078759985,0.0048873676,0.004202929,0.05110063,0.013668786,0.8822148,0.036049504,0.026432153,,0.026432153,m7,-1,mskcc,42,m7_loao-mskcc_s42_in22k_v5scr,last
ISIC_0012143_downsampled,__singleton__ISIC_0012143_downsampled,__singleton__ISIC_0012143_downsampled,60+,mskcc,2,False,2,0.08418892,0.0020109967,0.7776242,0.09109087,0.0019162601,0.0032373255,0.039931446,0.08811618,,0.08811618,m7,-1,mskcc,42,m7_loao-mskcc_s42_in22k_v5scr,last
ISIC_0012148_downsampled,__singleton__ISIC_0012148_downsampled,__singleton__ISIC_0012148_downsampled,40-59,mskcc,5,False,5,0.008495852,0.007112736,0.0074111014,0.054224603,0.004776506,0.87811774,0.0398615,0.020385094,,0.020385094,m7,-1,mskcc,42,m7_loao-mskcc_s42_in22k_v5scr,last
ISIC_0012150_downsampled,__singleton__ISIC_0012150_downsampled,__singleton__ISIC_0012150_downsampled,60+,mskcc,5,False,5,0.008766936,0.0058915904,0.0051111463,0.058428183,0.012834638,0.86614776,0.04281966,0.027493164,,0.027493164,m7,-1,mskcc,42,m7_loao-mskcc_s42_in22k_v5scr,last
ISIC_0012152_downsampled,__singleton__ISIC_0012152_downsampled,__singleton__ISIC_0012152_downsampled,40-59,mskcc,5,False,5,0.004511443,0.0024332223,0.041814372,0.034688674,0.0063967686,0.88289344,0.027262066,0.013341434,,0.013341434,m7,-1,mskcc,42,m7_loao-mskcc_s42_in22k_v5scr,last
ISIC_0012155_downsampled,__singleton__ISIC_0012155_downsampled,__singleton__ISIC_0012155_downsampled,60+,mskcc,2,False,0,0.7219347,0.16107379,0.033090472,0.040160783,0.0012001587,0.015971761,0.026568396,0.8842086,,0.8842086,m7,-1,mskcc,42,m7_loao-mskcc_s42_in22k_v5scr,last
ISIC_0012156_downsampled,__singleton__ISIC_0012156_downsampled,__singleton__ISIC_0012156_downsampled,<40,mskcc,5,False,5,0.010451383,0.0058917054,0.0055270726,0.059262175,0.014208743,0.85929096,0.045367964,0.030551832,,0.030551832,m7,-1,mskcc,42,m7_loao-mskcc_s42_in22k_v5scr,last
ISIC_0012164_downsampled,__singleton__ISIC_0012164_downsampled,__singleton__ISIC_0012164_downsampled,<40,mskcc,5,False,5,0.009512662,0.008407065,0.0068959794,0.059024878,0.012835949,0.8588067,0.04451668,0.030755676,,0.030755676,m7,-1,mskcc,42,m7_loao-mskcc_s42_in22k_v5scr,last
ISIC_0012170_downsampled,__singleton__ISIC_0012170_downsampled,__singleton__ISIC_0012170_downsampled,60+,mskcc,2,False,0,0.91591,0.0044056205,0.012511062,0.045695204,0.0010035898,0.00047745972,0.019997071,0.9213192,,0.9213192,m7,-1,mskcc,42,m7_loao-mskcc_s42_in22k_v5scr,last
ISIC_0012178_downsampled,__singleton__ISIC_0012178_downsampled,__singleton__ISIC_0012178_downsampled,40-59,mskcc,2,False,2,0.2101236,0.033057142,0.61700416,0.06757369,0.005434944,0.0033178956,0.06348855,0.24861568,,0.24861568,m7,-1,mskcc,42,m7_loao-mskcc_s42_in22k_v5scr,last
ISIC_0012183_downsampled,__singleton__ISIC_0012183_downsampled,__singleton__ISIC_0012183_downsampled,40-59,mskcc,2,False,0,0.49181852,0.28147918,0.11827784,0.05185263,0.0014503963,0.0050233295,0.05009807,0.7747481,,0.7747481,m7,-1,mskcc,42,m7_loao-mskcc_s42_in22k_v5scr,last
ISIC_0012187_downsampled,__singleton__ISIC_0012187_downsampled,__singleton__ISIC_0012187_downsampled,40-59,mskcc,5,False,5,0.00897951,0.007727836,0.004506225,0.049858868,0.0064708577,0.8831036,0.039353047,0.023178203,,0.023178203,m7,-1,mskcc,42,m7_loao-mskcc_s42_in22k_v5scr,last
ISIC_0012191_downsampled,__singleton__ISIC_0012191_downsampled,__singleton__ISIC_0012191_downsampled,60+,mskcc,5,False,5,0.0064511304,0.010782438,0.004443084,0.05413889,0.019594086,0.8649757,0.03961458,0.036827654,,0.036827654,m7,-1,mskcc,42,m7_loao-mskcc_s42_in22k_v5scr,last
ISIC_0012201_downsampled,__singleton__ISIC_0012201_downsampled,__singleton__ISIC_0012201_downsampled,60+,mskcc,5,False,5,0.009175186,0.00537905,0.004333237,0.055254,0.007892785,0.88024515,0.03772043,0.02244702,,0.02244702,m7,-1,mskcc,42,m7_loao-mskcc_s42_in22k_v5scr,last
ISIC_0012205_downsampled,__singleton__ISIC_0012205_downsampled,__singleton__ISIC_0012205_downsampled,<40,mskcc,5,False,5,0.006586704,0.0052151424,0.0046137115,0.056454644,0.0080471225,0.87783283,0.04124988,0.019848969,,0.019848969,m7,-1,mskcc,42,m7_loao-mskcc_s42_in22k_v5scr,last
ISIC_0012206_downsampled,__singleton__ISIC_0012206_downsampled,__singleton__ISIC_0012206_downsampled,60+,mskcc,5,False,5,0.0054159886,0.003682333,0.0046492927,0.042070076,0.004901485,0.9091218,0.030159077,0.013999807,,0.013999807,m7,-1,mskcc,42,m7_loao-mskcc_s42_in22k_v5scr,last
ISIC_0012210_downsampled,__singleton__ISIC_0012210_downsampled,__singleton__ISIC_0012210_downsampled,40-59,mskcc,2,False,5,0.017384887,0.019058172,0.002794485,0.061946984,0.0019551273,0.7807275,0.11613272,0.038398184,,0.038398184,m7,-1,mskcc,42,m7_loao-mskcc_s42_in22k_v5scr,last
ISIC_0012216_downsampled,__singleton__ISIC_0012216_downsampled,__singleton__ISIC_0012216_downsampled,40-59,mskcc,5,False,2,0.019981712,0.11773612,0.41165915,0.11562113,0.0061756317,0.2177897,0.11103654,0.14389348,,0.14389348,m7,-1,mskcc,42,m7_loao-mskcc_s42_in22k_v5scr,last
ISIC_0012222_downsampled,__singleton__ISIC_0012222_downsampled,__singleton__ISIC_0012222_downsampled,40-59,mskcc,5,False,5,0.008396854,0.006321601,0.005000054,0.053079087,0.008248406,0.8765336,0.042420402,0.022966862,,0.022966862,m7,-1,mskcc,42,m7_loao-mskcc_s42_in22k_v5scr,last
ISIC_0012223_downsampled,__singleton__ISIC_0012223_downsampled,__singleton__ISIC_0012223_downsampled,40-59,mskcc,2,False,0,0.63294286,0.032985467,0.06521608,0.051212065,0.0028230778,0.17624803,0.038572483,0.66875136,,0.66875136,m7,-1,mskcc,42,m7_loao-mskcc_s42_in22k_v5scr,last
ISIC_0012224_downsampled,__singleton__ISIC_0012224_downsampled,__singleton__ISIC_0012224_downsampled,60+,mskcc,2,False,1,0.0058229268,0.90834856,0.0066268486,0.042447954,0.003240052,0.004470655,0.029042978,0.9174115,,0.9174115,m7,-1,mskcc,42,m7_loao-mskcc_s42_in22k_v5scr,last
ISIC_0012228_downsampled,__singleton__ISIC_0012228_downsampled,__singleton__ISIC_0012228_downsampled,40-59,mskcc,5,False,5,0.0073966645,0.0049641384,0.005289652,0.058934752,0.0035577486,0.8874072,0.032449774,0.015918551,,0.015918551,m7,-1,mskcc,42,m7_loao-mskcc_s42_in22k_v5scr,last
ISIC_0012232_downsampled,__singleton__ISIC_0012232_downsampled,__singleton__ISIC_0012232_downsampled,<40,mskcc,5,False,5,0.011306488,0.0061953315,0.0070836185,0.055382986,0.007467703,0.8702798,0.042284023,0.024969522,,0.024969522,m7,-1,mskcc,42,m7_loao-mskcc_s42_in22k_v5scr,last
ISIC_0012233_downsampled,__singleton__ISIC_0012233_downsampled,__singleton__ISIC_0012233_downsampled,<40,mskcc,5,False,5,0.007797521,0.0059231175,0.0048852353,0.056060534,0.006614834,0.87848663,0.040232237,0.020335473,,0.020335473,m7,-1,mskcc,42,m7_loao-mskcc_s42_in22k_v5scr,last
ISIC_0012246_downsampled,__singleton__ISIC_0012246_downsampled,__singleton__ISIC_0012246_downsampled,<40,mskcc,5,False,5,0.0069186036,0.007967514,0.0031167273,0.06793294,0.01623808,0.85536855,0.042457603,0.031124197,,0.031124197,m7,-1,mskcc,42,m7_loao-mskcc_s42_in22k_v5scr,last
ISIC_0012248_downsampled,__singleton__ISIC_0012248_downsampled,__singleton__ISIC_0012248_downsampled,60+,mskcc,2,False,2,0.033549424,0.10382141,0.7686633,0.053438812,0.0011792865,0.0034430325,0.035904758,0.13855013,,0.13855013,m7,-1,mskcc,42,m7_loao-mskcc_s42_in22k_v5scr,last
ISIC_0012256_downsampled,__singleton__ISIC_0012256_downsampled,__singleton__ISIC_0012256_downsampled,<40,mskcc,5,False,2,0.017759826,0.008344882,0.881304,0.028669521,0.0052862787,0.030025592,0.028609816,0.031390987,,0.031390987,m7,-1,mskcc,42,m7_loao-mskcc_s42_in22k_v5scr,last
ISIC_0012258_downsampled,__singleton__ISIC_0012258_downsampled,__singleton__ISIC_0012258_downsampled,40-59,mskcc,4,True,3,0.020001747,0.22520195,0.12109564,0.5810854,0.0005118618,0.015618834,0.036484607,0.24571556,,0.24571556,m7,-1,mskcc,42,m7_loao-mskcc_s42_in22k_v5scr,last
ISIC_0012260_downsampled,__singleton__ISIC_0012260_downsampled,__singleton__ISIC_0012260_downsampled,60+,mskcc,5,False,3,0.0032950258,0.0030594578,0.0015535926,0.8771653,9.241855e-05,0.10878995,0.006044252,0.006446902,,0.006446902,m7,-1,mskcc,42,m7_loao-mskcc_s42_in22k_v5scr,last
ISIC_0012261_downsampled,__singleton__ISIC_0012261_downsampled,__singleton__ISIC_0012261_downsampled,<40,mskcc,5,False,5,0.010177461,0.02567467,0.14347415,0.040842026,0.00246478,0.7484146,0.028952302,0.03831691,,0.03831691,m7,-1,mskcc,42,m7_loao-mskcc_s42_in22k_v5scr,last
ISIC_0012271_downsampled,__singleton__ISIC_0012271_downsampled,__singleton__ISIC_0012271_downsampled,<40,mskcc,5,False,5,0.014791307,0.0068825856,0.005802695,0.054272994,0.009957787,0.85218686,0.056105714,0.03163168,,0.03163168,m7,-1,mskcc,42,m7_loao-mskcc_s42_in22k_v5scr,last
ISIC_0012274_downsampled,__singleton__ISIC_0012274_downsampled,__singleton__ISIC_0012274_downsampled,40-59,mskcc,5,False,4,0.0074486923,0.005108211,0.002067292,0.05992834,0.8253703,0.040472064,0.059605166,0.8379272,,0.8379272,m7,-1,mskcc,42,m7_loao-mskcc_s42_in22k_v5scr,last
ISIC_0012281_downsampled,__singleton__ISIC_0012281_downsampled,__singleton__ISIC_0012281_downsampled,<40,mskcc,5,False,5,0.010737944,0.005344889,0.005463758,0.04668959,0.0027131618,0.8923246,0.03672606,0.018795997,,0.018795997,m7,-1,mskcc,42,m7_loao-mskcc_s42_in22k_v5scr,last
ISIC_0012284_downsampled,__singleton__ISIC_0012284_downsampled,__singleton__ISIC_0012284_downsampled,40-59,mskcc,5,False,5,0.007833812,0.006524952,0.006486498,0.05534364,0.005198585,0.87895834,0.039654102,0.01955735,,0.01955735,m7,-1,mskcc,42,m7_loao-mskcc_s42_in22k_v5scr,last
ISIC_0012290_downsampled,__singleton__ISIC_0012290_downsampled,__singleton__ISIC_0012290_downsampled,60+,mskcc,4,True,4,0.055397402,0.083117254,0.0030700015,0.3561358,0.45423636,0.0068053883,0.041237786,0.592751,,0.592751,m7,-1,mskcc,42,m7_loao-mskcc_s42_in22k_v5scr,last
ISIC_0012291_downsampled,__singleton__ISIC_0012291_downsampled,__singleton__ISIC_0012291_downsampled,60+,mskcc,2,False,0,0.67822033,0.17673539,0.0058533917,0.039760016,0.0083889915,0.004063609,0.08697828,0.8633447,,0.8633447,m7,-1,mskcc,42,m7_loao-mskcc_s42_in22k_v5scr,last
ISIC_0012294_downsampled,__singleton__ISIC_0012294_downsampled,__singleton__ISIC_0012294_downsampled,40-59,mskcc,2,False,1,0.051798705,0.7680094,0.05508733,0.061074805,0.0032580127,0.00831679,0.052454967,0.8230661,,0.8230661,m7,-1,mskcc,42,m7_loao-mskcc_s42_in22k_v5scr,last
ISIC_0012298_downsampled,__singleton__ISIC_0012298_downsampled,__singleton__ISIC_0012298_downsampled,60+,mskcc,4,True,5,0.010155711,0.007260171,0.008149044,0.09134106,0.04861042,0.7769034,0.05758024,0.0660263,,0.0660263,m7,-1,mskcc,42,m7_loao-mskcc_s42_in22k_v5scr,last
ISIC_0012299_downsampled,__singleton__ISIC_0012299_downsampled,__singleton__ISIC_0012299_downsampled,60+,mskcc,2,False,1,0.033667196,0.64723873,0.015383837,0.1877474,0.0010079459,0.028785674,0.086169176,0.6819139,,0.6819139,m7,-1,mskcc,42,m7_loao-mskcc_s42_in22k_v5scr,last
ISIC_0012303_downsampled,__singleton__ISIC_0012303_downsampled,__singleton__ISIC_0012303_downsampled,<40,mskcc,5,False,5,0.00832242,0.0051312125,0.0083243055,0.05296938,0.0060614427,0.8808614,0.038329866,0.019515075,,0.019515075,m7,-1,mskcc,42,m7_loao-mskcc_s42_in22k_v5scr,last
ISIC_0012309_downsampled,__singleton__ISIC_0012309_downsampled,__singleton__ISIC_0012309_downsampled,40-59,mskcc,5,False,5,0.01104537,0.0059255073,0.031616393,0.067540206,0.056673594,0.7873426,0.039856315,0.073644474,,0.073644474,m7,-1,mskcc,42,m7_loao-mskcc_s42_in22k_v5scr,last
ISIC_0012311_downsampled,__singleton__ISIC_0012311_downsampled,__singleton__ISIC_0012311_downsampled,40-59,mskcc,5,False,5,0.008351603,0.0088627525,0.006991114,0.05731117,0.0031092176,0.8735123,0.0418618,0.02032357,,0.02032357,m7,-1,mskcc,42,m7_loao-mskcc_s42_in22k_v5scr,last
ISIC_0012314_downsampled,__singleton__ISIC_0012314_downsampled,__singleton__ISIC_0012314_downsampled,60+,mskcc,2,False,1,0.02623214,0.8909465,0.0063045933,0.03089936,0.0068476712,0.0047190725,0.03405055,0.9240263,,0.9240263,m7,-1,mskcc,42,m7_loao-mskcc_s42_in22k_v5scr,last
ISIC_0012316_downsampled,__singleton__ISIC_0012316_downsampled,__singleton__ISIC_0012316_downsampled,40-59,mskcc,5,False,5,0.006387005,0.005141987,0.008570938,0.048711997,0.0027023025,0.8954504,0.03303531,0.014231294,,0.014231294,m7,-1,mskcc,42,m7_loao-mskcc_s42_in22k_v5scr,last
ISIC_0012318_downsampled,__singleton__ISIC_0012318_downsampled,__singleton__ISIC_0012318_downsampled,40-59,mskcc,5,False,5,0.24768563,0.006194324,0.17115729,0.0687978,0.0014904172,0.46155038,0.043124206,0.25537038,,0.25537038,m7,-1,mskcc,42,m7_loao-mskcc_s42_in22k_v5scr,last
ISIC_0012320_downsampled,__singleton__ISIC_0012320_downsampled,__singleton__ISIC_0012320_downsampled,40-59,mskcc,5,False,5,0.009706458,0.007315327,0.005845094,0.056868147,0.0045915437,0.87484145,0.04083186,0.021613328,,0.021613328,m7,-1,mskcc,42,m7_loao-mskcc_s42_in22k_v5scr,last
ISIC_0012324_downsampled,__singleton__ISIC_0012324_downsampled,__singleton__ISIC_0012324_downsampled,40-59,mskcc,5,False,5,0.0069933417,0.09669798,0.01709671,0.11875347,0.14138769,0.5519278,0.067142986,0.24507901,,0.24507901,m7,-1,mskcc,42,m7_loao-mskcc_s42_in22k_v5scr,last
ISIC_0012325_downsampled,__singleton__ISIC_0012325_downsampled,__singleton__ISIC_0012325_downsampled,40-59,mskcc,5,False,5,0.010442055,0.0055872006,0.003511999,0.032157764,0.0065240716,0.9126167,0.029160166,0.022553327,,0.022553327,m7,-1,mskcc,42,m7_loao-mskcc_s42_in22k_v5scr,last
ISIC_0012329_downsampled,__singleton__ISIC_0012329_downsampled,__singleton__ISIC_0012329_downsampled,40-59,mskcc,2,False,1,0.008008207,0.6797093,0.1446972,0.1064867,0.004754875,0.0032407253,0.05310305,0.6924724,,0.6924724,m7,-1,mskcc,42,m7_loao-mskcc_s42_in22k_v5scr,last
ISIC_0012330_downsampled,__singleton__ISIC_0012330_downsampled,__singleton__ISIC_0012330_downsampled,60+,mskcc,2,False,0,0.37124097,0.13333715,0.15228544,0.10633234,0.05511989,0.062400006,0.11928422,0.559698,,0.559698,m7,-1,mskcc,42,m7_loao-mskcc_s42_in22k_v5scr,last
ISIC_0012333_downsampled,__singleton__ISIC_0012333_downsampled,__singleton__ISIC_0012333_downsampled,40-59,mskcc,5,False,5,0.008881753,0.0055668065,0.005082333,0.061107308,0.015159666,0.86427355,0.039928604,0.029608225,,0.029608225,m7,-1,mskcc,42,m7_loao-mskcc_s42_in22k_v5scr,last
ISIC_0012334_downsampled,__singleton__ISIC_0012334_downsampled,__singleton__ISIC_0012334_downsampled,60+,mskcc,5,False,5,0.010162259,0.006980942,0.0062706154,0.05601751,0.009310529,0.8712168,0.040041395,0.02645373,,0.02645373,m7,-1,mskcc,42,m7_loao-mskcc_s42_in22k_v5scr,last
ISIC_0012338_downsampled,__singleton__ISIC_0012338_downsampled,__singleton__ISIC_0012338_downsampled,<40,mskcc,5,False,5,0.008308122,0.0076978095,0.006766553,0.052445024,0.0024177758,0.88510376,0.037261024,0.018423706,,0.018423706,m7,-1,mskcc,42,m7_loao-mskcc_s42_in22k_v5scr,last
ISIC_0012339_downsampled,__singleton__ISIC_0012339_downsampled,__singleton__ISIC_0012339_downsampled,<40,mskcc,5,False,5,0.008860116,0.005754972,0.0055960203,0.048527326,0.0050539006,0.8867995,0.039408203,0.019668989,,0.019668989,m7,-1,mskcc,42,m7_loao-mskcc_s42_in22k_v5scr,last
ISIC_0012348_downsampled,__singleton__ISIC_0012348_downsampled,__singleton__ISIC_0012348_downsampled,40-59,mskcc,4,True,2,0.00223616,0.0015262866,0.9334361,0.03142731,0.00259723,0.004726597,0.024050208,0.006359677,,0.006359677,m7,-1,mskcc,42,m7_loao-mskcc_s42_in22k_v5scr,last
ISIC_0012359_downsampled,__singleton__ISIC_0012359_downsampled,__singleton__ISIC_0012359_downsampled,60+,mskcc,2,False,0,0.90398955,0.00078041584,0.04296395,0.019893987,0.002877372,0.0009323979,0.028562289,0.9076473,,0.9076473,m7,-1,mskcc,42,m7_loao-mskcc_s42_in22k_v5scr,last
ISIC_0012360_downsampled,__singleton__ISIC_0012360_downsampled,__singleton__ISIC_0012360_downsampled,40-59,mskcc,5,False,5,0.0047613406,0.0055970675,0.0056256386,0.04399457,0.0035567356,0.89992416,0.036540426,0.013915144,,0.013915144,m7,-1,mskcc,42,m7_loao-mskcc_s42_in22k_v5scr,last
ISIC_0012363_downsampled,__singleton__ISIC_0012363_downsampled,__singleton__ISIC_0012363_downsampled,60+,mskcc,5,False,5,0.012589562,0.055818945,0.087952115,0.039919775,0.0009089064,0.75314605,0.049664628,0.06931741,,0.06931741,m7,-1,mskcc,42,m7_loao-mskcc_s42_in22k_v5scr,last
ISIC_0012364_downsampled,__singleton__ISIC_0012364_downsampled,__singleton__ISIC_0012364_downsampled,60+,mskcc,2,False,2,0.30433026,0.021184219,0.49049577,0.09286982,0.0041928203,0.0056676515,0.081259444,0.3297073,,0.3297073,m7,-1,mskcc,42,m7_loao-mskcc_s42_in22k_v5scr,last
ISIC_0012369_downsampled,__singleton__ISIC_0012369_downsampled,__singleton__ISIC_0012369_downsampled,40-59,mskcc,4,True,1,0.357767,0.5348603,0.0058684396,0.058567017,0.0075189127,0.004502401,0.030915948,0.9001462,,0.9001462,m7,-1,mskcc,42,m7_loao-mskcc_s42_in22k_v5scr,last
ISIC_0012376_downsampled,__singleton__ISIC_0012376_downsampled,__singleton__ISIC_0012376_downsampled,<40,mskcc,5,False,5,0.005471374,0.0053742127,0.0071473424,0.05903272,0.003383092,0.8848562,0.03473494,0.014228678,,0.014228678,m7,-1,mskcc,42,m7_loao-mskcc_s42_in22k_v5scr,last
ISIC_0012377_downsampled,__singleton__ISIC_0012377_downsampled,__singleton__ISIC_0012377_downsampled,60+,mskcc,2,False,1,0.047365624,0.8041907,0.027988212,0.067541376,0.003056293,0.001925116,0.047932755,0.8546126,,0.8546126,m7,-1,mskcc,42,m7_loao-mskcc_s42_in22k_v5scr,last
ISIC_0012379_downsampled,__singleton__ISIC_0012379_downsampled,__singleton__ISIC_0012379_downsampled,60+,mskcc,2,False,1,0.08342368,0.57470375,0.024379592,0.113339946,0.0022744013,0.002297711,0.19958094,0.6604018,,0.6604018,m7,-1,mskcc,42,m7_loao-mskcc_s42_in22k_v5scr,last
ISIC_0012380_downsampled,__singleton__ISIC_0012380_downsampled,__singleton__ISIC_0012380_downsampled,40-59,mskcc,2,False,2,0.003444962,0.0035550217,0.9015774,0.052978665,0.0025485232,0.00089729833,0.03499803,0.009548507,,0.009548507,m7,-1,mskcc,42,m7_loao-mskcc_s42_in22k_v5scr,last
ISIC_0012381_downsampled,__singleton__ISIC_0012381_downsampled,__singleton__ISIC_0012381_downsampled,40-59,mskcc,5,False,1,0.0041591236,0.9392438,0.0017502952,0.026324779,0.0007735235,0.007911288,0.019837108,0.9441765,,0.9441765,m7,-1,mskcc,42,m7_loao-mskcc_s42_in22k_v5scr,last
ISIC_0012382_downsampled,__singleton__ISIC_0012382_downsampled,__singleton__ISIC_0012382_downsampled,60+,mskcc,4,True,5,0.008306671,0.007358828,0.0030252617,0.08340667,0.21248999,0.6256627,0.059749864,0.2281555,,0.2281555,m7,-1,mskcc,42,m7_loao-mskcc_s42_in22k_v5scr,last
ISIC_0012383_downsampled,__singleton__ISIC_0012383_downsampled,__singleton__ISIC_0012383_downsampled,40-59,mskcc,2,False,2,0.031056155,0.00503114,0.92843306,0.01902377,0.003073268,0.00074074976,0.01264184,0.03916056,,0.03916056,m7,-1,mskcc,42,m7_loao-mskcc_s42_in22k_v5scr,last
ISIC_0012384_downsampled,__singleton__ISIC_0012384_downsampled,__singleton__ISIC_0012384_downsampled,<40,mskcc,5,False,4,0.029651757,0.0037405773,0.14005767,0.072262876,0.59624237,0.10308407,0.054960776,0.6296347,,0.6296347,m7,-1,mskcc,42,m7_loao-mskcc_s42_in22k_v5scr,last
ISIC_0012387_downsampled,__singleton__ISIC_0012387_downsampled,__singleton__ISIC_0012387_downsampled,60+,mskcc,2,False,0,0.56383395,0.012371997,0.102111205,0.24462429,0.004149086,0.0039064093,0.06900305,0.58035505,,0.58035505,m7,-1,mskcc,42,m7_loao-mskcc_s42_in22k_v5scr,last
ISIC_0012391_downsampled,__singleton__ISIC_0012391_downsampled,__singleton__ISIC_0012391_downsampled,60+,mskcc,4,True,5,0.0063530756,0.0061755106,0.007861617,0.05769465,0.010232597,0.87324816,0.038434427,0.022761183,,0.022761183,m7,-1,mskcc,42,m7_loao-mskcc_s42_in22k_v5scr,last
ISIC_0012395_downsampled,__singleton__ISIC_0012395_downsampled,__singleton__ISIC_0012395_downsampled,40-59,mskcc,4,True,4,0.012158573,0.0044692517,0.0040011713,0.05298961,0.84956163,0.04127533,0.035544384,0.8661895,,0.8661895,m7,-1,mskcc,42,m7_loao-mskcc_s42_in22k_v5scr,last
ISIC_0012397_downsampled,__singleton__ISIC_0012397_downsampled,__singleton__ISIC_0012397_downsampled,60+,mskcc,2,False,5,0.18929128,0.0039043126,0.03909713,0.17964996,0.0030657272,0.56288874,0.022102896,0.19626132,,0.19626132,m7,-1,mskcc,42,m7_loao-mskcc_s42_in22k_v5scr,last
ISIC_0012415_downsampled,__singleton__ISIC_0012415_downsampled,__singleton__ISIC_0012415_downsampled,40-59,mskcc,2,False,5,0.007855191,0.008903623,0.0020388314,0.053163532,0.009544222,0.8861227,0.032371957,0.026303036,,0.026303036,m7,-1,mskcc,42,m7_loao-mskcc_s42_in22k_v5scr,last
ISIC_0012417_downsampled,__singleton__ISIC_0012417_downsampled,__singleton__ISIC_0012417_downsampled,60+,mskcc,2,False,2,0.22783874,0.05507904,0.4672926,0.20289436,0.0010357945,0.0018057034,0.04405371,0.28395355,,0.28395355,m7,-1,mskcc,42,m7_loao-mskcc_s42_in22k_v5scr,last
ISIC_0012425_downsampled,__singleton__ISIC_0012425_downsampled,__singleton__ISIC_0012425_downsampled,40-59,mskcc,4,True,5,0.010410737,0.0025780841,0.0032929247,0.042913217,0.006984054,0.907375,0.026446046,0.019972876,,0.019972876,m7,-1,mskcc,42,m7_loao-mskcc_s42_in22k_v5scr,last
ISIC_0012428_downsampled,__singleton__ISIC_0012428_downsampled,__singleton__ISIC_0012428_downsampled,40-59,mskcc,2,False,6,0.00300312,0.0011811495,0.044029847,0.048710424,0.0056440406,0.035254657,0.86217684,0.00982831,,0.00982831,m7,-1,mskcc,42,m7_loao-mskcc_s42_in22k_v5scr,last
ISIC_0012432_downsampled,__singleton__ISIC_0012432_downsampled,__singleton__ISIC_0012432_downsampled,40-59,mskcc,2,False,0,0.3577604,0.018435976,0.13757913,0.083737835,0.019653399,0.053896412,0.32893682,0.3958498,,0.3958498,m7,-1,mskcc,42,m7_loao-mskcc_s42_in22k_v5scr,last
ISIC_0012433_downsampled,__singleton__ISIC_0012433_downsampled,__singleton__ISIC_0012433_downsampled,60+,mskcc,2,False,0,0.9031252,0.010136492,0.008473196,0.060447942,0.0012012655,0.001588116,0.015027818,0.914463,,0.914463,m7,-1,mskcc,42,m7_loao-mskcc_s42_in22k_v5scr,last
ISIC_0012442_downsampled,__singleton__ISIC_0012442_downsampled,__singleton__ISIC_0012442_downsampled,40-59,mskcc,5,False,5,0.008834087,0.00675865,0.0067074704,0.05859561,0.0047836667,0.8705015,0.04381898,0.020376403,,0.020376403,m7,-1,mskcc,42,m7_loao-mskcc_s42_in22k_v5scr,last
ISIC_0012450_downsampled,__singleton__ISIC_0012450_downsampled,__singleton__ISIC_0012450_downsampled,40-59,mskcc,4,True,5,0.012863161,0.005240265,0.0018916964,0.06672952,0.098913796,0.7704961,0.0438655,0.117017224,,0.117017224,m7,-1,mskcc,42,m7_loao-mskcc_s42_in22k_v5scr,last
ISIC_0012452_downsampled,__singleton__ISIC_0012452_downsampled,__singleton__ISIC_0012452_downsampled,60+,mskcc,2,False,3,0.1341279,0.13718536,0.07932377,0.34214616,0.06289764,0.094353504,0.14996561,0.33421087,,0.33421087,m7,-1,mskcc,42,m7_loao-mskcc_s42_in22k_v5scr,last
ISIC_0012453_downsampled,__singleton__ISIC_0012453_downsampled,__singleton__ISIC_0012453_downsampled,40-59,mskcc,5,False,5,0.005348433,0.0032801717,0.004125195,0.04340407,0.0021617436,0.82434815,0.117332265,0.010790348,,0.010790348,m7,-1,mskcc,42,m7_loao-mskcc_s42_in22k_v5scr,last
ISIC_0012455_downsampled,__singleton__ISIC_0012455_downsampled,__singleton__ISIC_0012455_downsampled,40-59,mskcc,2,False,5,0.0055435076,0.021324897,0.046737436,0.1162181,0.28214112,0.45491672,0.07311827,0.30900952,,0.30900952,m7,-1,mskcc,42,m7_loao-mskcc_s42_in22k_v5scr,last
ISIC_0012473_downsampled,__singleton__ISIC_0012473_downsampled,__singleton__ISIC_0012473_downsampled,60+,mskcc,2,False,0,0.94965464,0.008200379,0.0029365248,0.019654889,0.0012856425,0.0017519939,0.016515944,0.9591407,,0.9591407,m7,-1,mskcc,42,m7_loao-mskcc_s42_in22k_v5scr,last
ISIC_0012475_downsampled,__singleton__ISIC_0012475_downsampled,__singleton__ISIC_0012475_downsampled,60+,mskcc,2,False,2,0.020867998,0.0051766727,0.86603266,0.06466042,0.0022807904,0.0023726556,0.038608775,0.02832546,,0.02832546,m7,-1,mskcc,42,m7_loao-mskcc_s42_in22k_v5scr,last
ISIC_0012478_downsampled,__singleton__ISIC_0012478_downsampled,__singleton__ISIC_0012478_downsampled,60+,mskcc,2,False,1,0.0058434852,0.8031744,0.074650735,0.06772409,0.0027279814,0.0025894993,0.04328972,0.8117458,,0.8117458,m7,-1,mskcc,42,m7_loao-mskcc_s42_in22k_v5scr,last
ISIC_0012481_downsampled,__singleton__ISIC_0012481_downsampled,__singleton__ISIC_0012481_downsampled,40-59,mskcc,5,False,5,0.010487223,0.006622688,0.0066332854,0.073269255,0.029671278,0.82792646,0.045389745,0.04678119,,0.04678119,m7,-1,mskcc,42,m7_loao-mskcc_s42_in22k_v5scr,last
ISIC_0012484_downsampled,__singleton__ISIC_0012484_downsampled,__singleton__ISIC_0012484_downsampled,60+,mskcc,5,False,2,0.40579253,0.0020991436,0.5102099,0.053185552,0.0017110961,0.0018451943,0.02515656,0.4096028,,0.4096028,m7,-1,mskcc,42,m7_loao-mskcc_s42_in22k_v5scr,last
ISIC_0012487_downsampled,__singleton__ISIC_0012487_downsampled,__singleton__ISIC_0012487_downsampled,40-59,mskcc,5,False,1,0.044494137,0.78993267,0.015047229,0.119591475,0.001975195,0.004302328,0.024657033,0.836402,,0.836402,m7,-1,mskcc,42,m7_loao-mskcc_s42_in22k_v5scr,last
ISIC_0012493_downsampled,__singleton__ISIC_0012493_downsampled,__singleton__ISIC_0012493_downsampled,<40,mskcc,5,False,5,0.007312056,0.012811474,0.019512314,0.046632085,0.0019413044,0.8813935,0.030397289,0.022064835,,0.022064835,m7,-1,mskcc,42,m7_loao-mskcc_s42_in22k_v5scr,last
ISIC_0012494_downsampled,__singleton__ISIC_0012494_downsampled,__singleton__ISIC_0012494_downsampled,60+,mskcc,5,False,5,0.01346417,0.0048486385,0.022015171,0.039114207,0.0028625566,0.8973666,0.02032867,0.021175364,,0.021175364,m7,-1,mskcc,42,m7_loao-mskcc_s42_in22k_v5scr,last
ISIC_0012495_downsampled,__singleton__ISIC_0012495_downsampled,__singleton__ISIC_0012495_downsampled,40-59,mskcc,5,False,5,0.008125531,0.009750107,0.021218993,0.061722767,0.0028554294,0.8482228,0.04810436,0.020731067,,0.020731067,m7,-1,mskcc,42,m7_loao-mskcc_s42_in22k_v5scr,last
ISIC_0012503_downsampled,__singleton__ISIC_0012503_downsampled,__singleton__ISIC_0012503_downsampled,<40,mskcc,5,False,5,0.010998606,0.008796756,0.01419642,0.06668007,0.0043802704,0.8486186,0.046329256,0.024175633,,0.024175633,m7,-1,mskcc,42,m7_loao-mskcc_s42_in22k_v5scr,last
ISIC_0012506_downsampled,__singleton__ISIC_0012506_downsampled,__singleton__ISIC_0012506_downsampled,40-59,mskcc,5,False,5,0.010135829,0.0048121796,0.005864003,0.059448242,0.010274162,0.8711559,0.03830957,0.025222171,,0.025222171,m7,-1,mskcc,42,m7_loao-mskcc_s42_in22k_v5scr,last
ISIC_0012508_downsampled,__singleton__ISIC_0012508_downsampled,__singleton__ISIC_0012508_downsampled,60+,mskcc,5,False,5,0.008214248,0.0058507705,0.0031838496,0.052847773,0.0093519045,0.8880408,0.032510728,0.023416923,,0.023416923,m7,-1,mskcc,42,m7_loao-mskcc_s42_in22k_v5scr,last
ISIC_0012510_downsampled,__singleton__ISIC_0012510_downsampled,__singleton__ISIC_0012510_downsampled,60+,mskcc,2,False,2,0.004703896,0.00535945,0.9206528,0.03302475,0.005443073,0.0057528345,0.025063304,0.015506419,,0.015506419,m7,-1,mskcc,42,m7_loao-mskcc_s42_in22k_v5scr,last
ISIC_0012511_downsampled,__singleton__ISIC_0012511_downsampled,__singleton__ISIC_0012511_downsampled,<40,mskcc,5,False,5,0.0055575036,0.004922997,0.0045049884,0.051936887,0.003766464,0.8927068,0.036604267,0.014246965,,0.014246965,m7,-1,mskcc,42,m7_loao-mskcc_s42_in22k_v5scr,last
ISIC_0012512_downsampled,__singleton__ISIC_0012512_downsampled,__singleton__ISIC_0012512_downsampled,60+,mskcc,4,True,5,0.0020431988,0.0022769414,0.0032016009,0.051639866,0.0020561998,0.9218835,0.016898615,0.00637634,,0.00637634,m7,-1,mskcc,42,m7_loao-mskcc_s42_in22k_v5scr,last
ISIC_0012516_downsampled,__singleton__ISIC_0012516_downsampled,__singleton__ISIC_0012516_downsampled,60+,mskcc,2,False,2,0.009951052,0.0039361,0.6373203,0.09376373,0.0045259665,0.17926721,0.07123569,0.018413119,,0.018413119,m7,-1,mskcc,42,m7_loao-mskcc_s42_in22k_v5scr,last
ISIC_0012517_downsampled,__singleton__ISIC_0012517_downsampled,__singleton__ISIC_0012517_downsampled,60+,mskcc,2,False,2,0.035246305,0.003418064,0.8726232,0.051727798,0.0005889428,0.0009767567,0.03541891,0.039253313,,0.039253313,m7,-1,mskcc,42,m7_loao-mskcc_s42_in22k_v5scr,last
ISIC_0012518_downsampled,__singleton__ISIC_0012518_downsampled,__singleton__ISIC_0012518_downsampled,40-59,mskcc,5,False,5,0.006270879,0.011191814,0.017248483,0.05163063,0.0013675381,0.8805907,0.031700004,0.01883023,,0.01883023,m7,-1,mskcc,42,m7_loao-mskcc_s42_in22k_v5scr,last
ISIC_0012520_downsampled,__singleton__ISIC_0012520_downsampled,__singleton__ISIC_0012520_downsampled,<40,mskcc,5,False,5,0.0072873537,0.004857161,0.014322164,0.058797415,0.0039037229,0.8718079,0.039024286,0.016048238,,0.016048238,m7,-1,mskcc,42,m7_loao-mskcc_s42_in22k_v5scr,last
ISIC_0012523_downsampled,__singleton__ISIC_0012523_downsampled,__singleton__ISIC_0012523_downsampled,40-59,mskcc,5,False,2,0.012781719,0.008263862,0.90810305,0.022623083,0.016321335,0.002071316,0.029835626,0.037366915,,0.037366915,m7,-1,mskcc,42,m7_loao-mskcc_s42_in22k_v5scr,last
ISIC_0012526_downsampled,__singleton__ISIC_0012526_downsampled,__singleton__ISIC_0012526_downsampled,40-59,mskcc,5,False,5,0.013226692,0.0069615734,0.004485987,0.0609084,0.013622959,0.85781544,0.04297903,0.033811223,,0.033811223,m7,-1,mskcc,42,m7_loao-mskcc_s42_in22k_v5scr,last
ISIC_0012527_downsampled,__singleton__ISIC_0012527_downsampled,__singleton__ISIC_0012527_downsampled,60+,mskcc,2,False,2,0.008445238,0.003794081,0.89092374,0.04917331,0.0037236467,0.0030498395,0.040890053,0.015962966,,0.015962966,m7,-1,mskcc,42,m7_loao-mskcc_s42_in22k_v5scr,last
ISIC_0012529_downsampled,__singleton__ISIC_0012529_downsampled,__singleton__ISIC_0012529_downsampled,<40,mskcc,5,False,5,0.008390966,0.007640991,0.005981366,0.052753102,0.0037280046,0.8838205,0.037685025,0.01975996,,0.01975996,m7,-1,mskcc,42,m7_loao-mskcc_s42_in22k_v5scr,last
ISIC_0012537_downsampled,__singleton__ISIC_0012537_downsampled,__singleton__ISIC_0012537_downsampled,40-59,mskcc,2,False,0,0.43606913,0.0061801267,0.2310051,0.072511725,0.0057547675,0.21016204,0.038317107,0.44800404,,0.44800404,m7,-1,mskcc,42,m7_loao-mskcc_s42_in22k_v5scr,last
ISIC_0012539_downsampled,__singleton__ISIC_0012539_downsampled,__singleton__ISIC_0012539_downsampled,40-59,mskcc,5,False,1,0.0046267817,0.9041667,0.0033548353,0.04071438,0.003611402,0.010675162,0.03285071,0.9124049,,0.9124049,m7,-1,mskcc,42,m7_loao-mskcc_s42_in22k_v5scr,last
ISIC_0012544_downsampled,__singleton__ISIC_0012544_downsampled,__singleton__ISIC_0012544_downsampled,40-59,mskcc,5,False,5,0.009487746,0.0057222825,0.005497908,0.058687493,0.010278972,0.8704852,0.039840423,0.025489,,0.025489,m7,-1,mskcc,42,m7_loao-mskcc_s42_in22k_v5scr,last
ISIC_0012547_downsampled,__singleton__ISIC_0012547_downsampled,__singleton__ISIC_0012547_downsampled,60+,mskcc,5,False,1,0.0034299146,0.8434504,0.014097446,0.07184958,0.007918781,0.015731227,0.04352261,0.8547991,,0.8547991,m7,-1,mskcc,42,m7_loao-mskcc_s42_in22k_v5scr,last
ISIC_0012548_downsampled,__singleton__ISIC_0012548_downsampled,__singleton__ISIC_0012548_downsampled,<40,mskcc,2,False,2,0.005664655,0.0051380573,0.86535263,0.049352195,0.0037606126,0.018515436,0.05221645,0.014563325,,0.014563325,m7,-1,mskcc,42,m7_loao-mskcc_s42_in22k_v5scr,last
ISIC_0012551_downsampled,__singleton__ISIC_0012551_downsampled,__singleton__ISIC_0012551_downsampled,<40,mskcc,5,False,5,0.008758222,0.008285731,0.0062942216,0.056161683,0.009302204,0.8697287,0.04146921,0.026346155,,0.026346155,m7,-1,mskcc,42,m7_loao-mskcc_s42_in22k_v5scr,last
ISIC_0012654_downsampled,MSK4_0011170,MSK4_0011170,<40,mskcc,5,False,5,0.009942115,0.0061990246,0.0067788544,0.058356993,0.012379724,0.8616805,0.044662774,0.028520864,,0.028520864,m7,-1,mskcc,42,m7_loao-mskcc_s42_in22k_v5scr,last
ISIC_0012658_downsampled,MSK4_0010465,MSK4_0010465,40-59,mskcc,5,False,5,0.015381263,0.004809242,0.0037000424,0.061102357,0.010304454,0.86404043,0.040662296,0.030494958,,0.030494958,m7,-1,mskcc,42,m7_loao-mskcc_s42_in22k_v5scr,last
ISIC_0012659_downsampled,MSK4_0010119,MSK4_0010119,<40,mskcc,5,False,5,0.008921393,0.0068584415,0.0072979606,0.05567186,0.005661053,0.87532073,0.04026846,0.021440888,,0.021440888,m7,-1,mskcc,42,m7_loao-mskcc_s42_in22k_v5scr,last
ISIC_0012661_downsampled,MSK4_0011175,MSK4_0011175,40-59,mskcc,2,False,2,0.00961719,0.0050965566,0.88467896,0.046540186,0.0033333995,0.012156542,0.038577117,0.018047146,,0.018047146,m7,-1,mskcc,42,m7_loao-mskcc_s42_in22k_v5scr,last
ISIC_0012663_downsampled,MSK4_0011177,MSK4_0011177,<40,mskcc,5,False,5,0.010395113,0.0066519617,0.005510556,0.059963007,0.00816624,0.86476797,0.044545162,0.025213316,,0.025213316,m7,-1,mskcc,42,m7_loao-mskcc_s42_in22k_v5scr,last
ISIC_0012665_downsampled,MSK4_0011179,MSK4_0011179,60+,mskcc,5,False,5,0.010068904,0.005264025,0.004885567,0.06965984,0.025937656,0.83839065,0.04579333,0.041270584,,0.041270584,m7,-1,mskcc,42,m7_loao-mskcc_s42_in22k_v5scr,last
ISIC_0012666_downsampled,MSK4_0011180,MSK4_0011180,60+,mskcc,2,False,5,0.026133586,0.13767672,0.04142682,0.06897053,0.004682648,0.6646287,0.056481037,0.16849294,,0.16849294,m7,-1,mskcc,42,m7_loao-mskcc_s42_in22k_v5scr,last
ISIC_0012670_downsampled,MSK4_0011184,MSK4_0011184,60+,mskcc,5,False,5,0.007944282,0.0070021246,0.0053976774,0.049868856,0.005527042,0.88714427,0.037115797,0.020473449,,0.020473449,m7,-1,mskcc,42,m7_loao-mskcc_s42_in22k_v5scr,last
ISIC_0012672_downsampled,MSK4_0010383,MSK4_0010383,40-59,mskcc,5,False,5,0.0104535,0.008352203,0.0077408226,0.058272757,0.0051589366,0.86298066,0.04704101,0.02396464,,0.02396464,m7,-1,mskcc,42,m7_loao-mskcc_s42_in22k_v5scr,last
ISIC_0012675_downsampled,MSK4_0011188,MSK4_0011188,40-59,mskcc,5,False,5,0.008001594,0.00520694,0.0060761212,0.06141598,0.0063192807,0.8729874,0.03999275,0.019527815,,0.019527815,m7,-1,mskcc,42,m7_loao-mskcc_s42_in22k_v5scr,last
ISIC_0012676_downsampled,MSK4_0010186,MSK4_0010186,40-59,mskcc,5,False,5,0.0087950155,0.0048204497,0.0043650297,0.056575526,0.0072846864,0.8804423,0.03771689,0.02090015,,0.02090015,m7,-1,mskcc,42,m7_loao-mskcc_s42_in22k_v5scr,last
ISIC_0012677_downsampled,MSK4_0010187,MSK4_0010187,40-59,mskcc,5,False,5,0.012490056,0.009398338,0.0018349208,0.09167951,0.37253878,0.40808696,0.103971384,0.39442718,,0.39442718,m7,-1,mskcc,42,m7_loao-mskcc_s42_in22k_v5scr,last
ISIC_0012680_downsampled,MSK4_0010991,MSK4_0010991,40-59,mskcc,5,False,5,0.009353309,0.0065928157,0.0062013534,0.060995653,0.007298104,0.86410135,0.04545737,0.023244228,,0.023244228,m7,-1,mskcc,42,m7_loao-mskcc_s42_in22k_v5scr,last
ISIC_0012681_downsampled,MSK4_0010992,MSK4_0010992,40-59,mskcc,5,False,5,0.009813505,0.005714175,0.009490753,0.056004208,0.004733108,0.8750716,0.03917265,0.020260789,,0.020260789,m7,-1,mskcc,42,m7_loao-mskcc_s42_in22k_v5scr,last
ISIC_0012683_downsampled,MSK4_0011193,MSK4_0011193,40-59,mskcc,5,False,5,0.012487947,0.005530184,0.008040043,0.068792894,0.0069045876,0.86506516,0.03317913,0.024922717,,0.024922717,m7,-1,mskcc,42,m7_loao-mskcc_s42_in22k_v5scr,last
ISIC_0012684_downsampled,MSK4_0011194,MSK4_0011194,<40,mskcc,5,False,5,0.009724513,0.0054914113,0.007116886,0.07988892,0.10412305,0.73282075,0.06083449,0.119338974,,0.119338974,m7,-1,mskcc,42,m7_loao-mskcc_s42_in22k_v5scr,last
ISIC_0012685_downsampled,MSK4_0011195,MSK4_0011195,40-59,mskcc,5,False,5,0.012019511,0.005857721,0.0034323966,0.06535375,0.043543503,0.8178538,0.05193927,0.061420735,,0.061420735,m7,-1,mskcc,42,m7_loao-mskcc_s42_in22k_v5scr,last
ISIC_0012690_downsampled,MSK4_0011200,MSK4_0011200,40-59,mskcc,5,False,5,0.00945682,0.0068520294,0.0058861617,0.054853223,0.003969843,0.8776384,0.041343514,0.020278692,,0.020278692,m7,-1,mskcc,42,m7_loao-mskcc_s42_in22k_v5scr,last
ISIC_0012693_downsampled,MSK4_0011202,MSK4_0011202,60+,mskcc,2,False,2,0.009054262,0.005202503,0.7724941,0.09253202,0.039184175,0.03046416,0.051068857,0.05344094,,0.05344094,m7,-1,mskcc,42,m7_loao-mskcc_s42_in22k_v5scr,last
ISIC_0012701_downsampled,MSK4_0011210,MSK4_0011210,60+,mskcc,4,True,5,0.0055523496,0.011319687,0.010192636,0.099766515,0.102731265,0.7317934,0.038644146,0.119603306,,0.119603306,m7,-1,mskcc,42,m7_loao-mskcc_s42_in22k_v5scr,last
ISIC_0012704_downsampled,MSK4_0011212,MSK4_0011212,60+,mskcc,2,False,6,0.0011168158,0.027264988,0.012191464,0.026920833,0.0006605342,0.0016046022,0.9302407,0.029042339,,0.029042339,m7,-1,mskcc,42,m7_loao-mskcc_s42_in22k_v5scr,last
ISIC_0012705_downsampled,MSK4_0010345,MSK4_0010345,60+,mskcc,2,False,4,0.01454441,0.066030234,0.17071395,0.06931566,0.6013332,0.007260327,0.07080221,0.68190783,,0.68190783,m7,-1,mskcc,42,m7_loao-mskcc_s42_in22k_v5scr,last
ISIC_0012709_downsampled,MSK4_0011218,MSK4_0011218,40-59,mskcc,5,False,5,0.009444737,0.0065676514,0.004459153,0.05131888,0.004913622,0.8853854,0.03791057,0.020926012,,0.020926012,m7,-1,mskcc,42,m7_loao-mskcc_s42_in22k_v5scr,last
ISIC_0012710_downsampled,MSK4_0011219,MSK4_0011219,40-59,mskcc,5,False,5,0.008755859,0.0064570643,0.0037222356,0.07006411,0.12849233,0.7328067,0.04970173,0.14370525,,0.14370525,m7,-1,mskcc,42,m7_loao-mskcc_s42_in22k_v5scr,last
ISIC_0012711_downsampled,MSK4_0011220,MSK4_0011220,60+,mskcc,5,False,6,0.0037092809,0.0888687,0.00051002693,0.02440584,0.0011550823,0.0015928184,0.8797583,0.093733065,,0.093733065,m7,-1,mskcc,42,m7_loao-mskcc_s42_in22k_v5scr,last
ISIC_0012713_downsampled,MSK4_0011227,MSK4_0011227,<40,mskcc,5,False,5,0.009579936,0.018290037,0.015752584,0.067003734,0.023930183,0.7445324,0.12091111,0.051800154,,0.051800154,m7,-1,mskcc,42,m7_loao-mskcc_s42_in22k_v5scr,last
ISIC_0012715_downsampled,MSK4_0010733,MSK4_0010733,60+,mskcc,4,True,4,0.046419237,0.04313307,0.018293837,0.057727642,0.5233126,0.26811138,0.043002136,0.6128649,,0.6128649,m7,-1,mskcc,42,m7_loao-mskcc_s42_in22k_v5scr,last
ISIC_0012721_downsampled,MSK4_0010466,MSK4_0010466,40-59,mskcc,5,False,5,0.009564411,0.0051378654,0.0074950024,0.057988554,0.0032011508,0.87743956,0.039173342,0.017903427,,0.017903427,m7,-1,mskcc,42,m7_loao-mskcc_s42_in22k_v5scr,last
ISIC_0012722_downsampled,MSK4_0011236,MSK4_0011236,60+,mskcc,5,False,5,0.01017127,0.0053474144,0.0040232195,0.049650613,0.007034905,0.89005387,0.033718746,0.02255359,,0.02255359,m7,-1,mskcc,42,m7_loao-mskcc_s42_in22k_v5scr,last
ISIC_0012735_downsampled,MSK4_0010994,MSK4_0010994,40-59,mskcc,5,False,5,0.009725353,0.0061563416,0.003244738,0.067558885,0.036963776,0.8306383,0.04571251,0.05284547,,0.05284547,m7,-1,mskcc,42,m7_loao-mskcc_s42_in22k_v5scr,last
ISIC_0012737_downsampled,MSK4_0010351,MSK4_0010351,<40,mskcc,5,False,5,0.015464054,0.010449862,0.00963742,0.065609924,0.012424031,0.83642644,0.049988143,0.038337946,,0.038337946,m7,-1,mskcc,42,m7_loao-mskcc_s42_in22k_v5scr,last
ISIC_0012739_downsampled,MSK4_0011254,MSK4_0011254,40-59,mskcc,5,False,5,0.005095188,0.0041510942,0.004001882,0.048468262,0.007171275,0.891617,0.039495293,0.016417557,,0.016417557,m7,-1,mskcc,42,m7_loao-mskcc_s42_in22k_v5scr,last
ISIC_0012740_downsampled,MSK4_0011255,MSK4_0011255,<40,mskcc,5,False,5,0.0087645715,0.0051463214,0.006078091,0.054780025,0.0061479616,0.88202655,0.037056502,0.020058855,,0.020058855,m7,-1,mskcc,42,m7_loao-mskcc_s42_in22k_v5scr,last
ISIC_0012741_downsampled,MSK4_0011257,MSK4_0011257,<40,mskcc,5,False,5,0.009251674,0.0072779693,0.006499465,0.055110555,0.008628876,0.8703448,0.042886585,0.025158517,,0.025158517,m7,-1,mskcc,42,m7_loao-mskcc_s42_in22k_v5scr,last
ISIC_0012742_downsampled,MSK4_0011258,MSK4_0011258,60+,mskcc,5,False,5,0.011175054,0.04249727,0.0044860104,0.04583317,0.003682047,0.7548984,0.13742796,0.057354372,,0.057354372,m7,-1,mskcc,42,m7_loao-mskcc_s42_in22k_v5scr,last
ISIC_0012744_downsampled,MSK4_0011260,MSK4_0011260,60+,mskcc,5,False,1,0.0074093156,0.9398693,0.0016982767,0.019721653,0.0037614421,0.009976791,0.017563105,0.9510401,,0.9510401,m7,-1,mskcc,42,m7_loao-mskcc_s42_in22k_v5scr,last
ISIC_0012746_downsampled,MSK4_0011262,MSK4_0011262,40-59,mskcc,5,False,5,0.0058820704,0.0055638216,0.0049962387,0.05596326,0.012161704,0.8594653,0.055967692,0.023607597,,0.023607597,m7,-1,mskcc,42,m7_loao-mskcc_s42_in22k_v5scr,last
ISIC_0012749_downsampled,MSK4_0010960,MSK4_0010960,60+,mskcc,4,True,4,0.009339656,0.004429625,0.008503542,0.050609965,0.889868,0.001217813,0.03603145,0.9036373,,0.9036373,m7,-1,mskcc,42,m7_loao-mskcc_s42_in22k_v5scr,last
ISIC_0012756_downsampled,MSK4_0010029,MSK4_0010029,40-59,mskcc,4,True,5,0.00814051,0.0062725325,0.0066308733,0.057283346,0.0061459686,0.87580055,0.039726198,0.020559011,,0.020559011,m7,-1,mskcc,42,m7_loao-mskcc_s42_in22k_v5scr,last
ISIC_0012757_downsampled,MSK4_0011269,MSK4_0011269,60+,mskcc,2,False,5,0.00871744,0.012579348,0.009994952,0.041004807,0.0060920836,0.89424133,0.027369957,0.02738887,,0.02738887,m7,-1,mskcc,42,m7_loao-mskcc_s42_in22k_v5scr,last
ISIC_0012758,MSK4_0011270,MSK4_0011270,40-59,mskcc,4,True,5,0.009445546,0.003937653,0.0032103015,0.05734857,0.020016804,0.86375314,0.042287875,0.033400003,,0.033400003,m7,-1,mskcc,42,m7_loao-mskcc_s42_in22k_v5scr,last
ISIC_0012770_downsampled,MSK4_0011282,MSK4_0011282,60+,mskcc,5,False,5,0.011022061,0.007616149,0.005366045,0.05525137,0.009508091,0.86921436,0.042021878,0.0281463,,0.0281463,m7,-1,mskcc,42,m7_loao-mskcc_s42_in22k_v5scr,last
ISIC_0012785_downsampled,MSK4_0011297,MSK4_0011297,60+,mskcc,2,False,5,0.005695167,0.005901278,0.33506566,0.07800149,0.004592881,0.501293,0.06945056,0.016189326,,0.016189326,m7,-1,mskcc,42,m7_loao-mskcc_s42_in22k_v5scr,last
ISIC_0012787_downsampled,MSK4_0011299,MSK4_0011299,60+,mskcc,5,False,5,0.0044067604,0.0052849306,0.01879604,0.05730743,0.0020536457,0.87581414,0.036337107,0.011745336,,0.011745336,m7,-1,mskcc,42,m7_loao-mskcc_s42_in22k_v5scr,last
ISIC_0012793_downsampled,MSK4_0011305,MSK4_0011305,40-59,mskcc,5,False,5,0.010297644,0.005690954,0.005823567,0.0597761,0.014424674,0.86329764,0.040689323,0.030413272,,0.030413272,m7,-1,mskcc,42,m7_loao-mskcc_s42_in22k_v5scr,last
ISIC_0012800_downsampled,MSK4_0011312,MSK4_0011312,60+,mskcc,2,False,0,0.27751273,0.24532612,0.23397784,0.14630514,0.005989255,0.002453347,0.088435546,0.5288281,,0.5288281,m7,-1,mskcc,42,m7_loao-mskcc_s42_in22k_v5scr,last
ISIC_0012803_downsampled,MSK4_0010995,MSK4_0010995,40-59,mskcc,5,False,1,0.03229213,0.6790109,0.07222149,0.13642532,0.0026256733,0.0036213808,0.07380316,0.7139287,,0.7139287,m7,-1,mskcc,42,m7_loao-mskcc_s42_in22k_v5scr,last
ISIC_0012804_downsampled,MSK4_0011316,MSK4_0011316,<40,mskcc,5,False,5,0.009319492,0.006138585,0.0062218406,0.06662386,0.003339662,0.86741805,0.04093853,0.018797738,,0.018797738,m7,-1,mskcc,42,m7_loao-mskcc_s42_in22k_v5scr,last
ISIC_0012806_downsampled,MSK4_0010996,MSK4_0010996,60+,mskcc,5,False,5,0.011807134,0.19401401,0.0010685021,0.081545874,0.011040792,0.67480135,0.025722403,0.21686193,,0.21686193,m7,-1,mskcc,42,m7_loao-mskcc_s42_in22k_v5scr,last
ISIC_0012810_downsampled,MSK4_0011322,MSK4_0011322,40-59,mskcc,2,False,6,0.10003612,0.19503003,0.0058148904,0.034352046,0.0039119474,0.0057772812,0.65507764,0.2989781,,0.2989781,m7,-1,mskcc,42,m7_loao-mskcc_s42_in22k_v5scr,last
ISIC_0012814_downsampled,MSK4_0011326,MSK4_0011326,40-59,mskcc,5,False,5,0.03417617,0.023362452,0.03268429,0.10435747,0.039397575,0.7056303,0.060391758,0.096936196,,0.096936196,m7,-1,mskcc,42,m7_loao-mskcc_s42_in22k_v5scr,last
ISIC_0012823_downsampled,MSK4_0011334,MSK4_0011334,60+,mskcc,5,False,5,0.009696703,0.0060419007,0.0070105456,0.05961173,0.008328739,0.8638536,0.04545683,0.024067342,,0.024067342,m7,-1,mskcc,42,m7_loao-mskcc_s42_in22k_v5scr,last
ISIC_0012826_downsampled,MSK4_0011337,MSK4_0011337,40-59,mskcc,5,False,5,0.004399086,0.023050472,0.00480722,0.05248553,0.004028275,0.87124544,0.03998402,0.03147783,,0.03147783,m7,-1,mskcc,42,m7_loao-mskcc_s42_in22k_v5scr,last
ISIC_0012827_downsampled,MSK4_0011338,MSK4_0011338,40-59,mskcc,5,False,5,0.006968311,0.006355912,0.005178454,0.060893513,0.0039015985,0.87876445,0.03793782,0.017225822,,0.017225822,m7,-1,mskcc,42,m7_loao-mskcc_s42_in22k_v5scr,last
ISIC_0012828_downsampled,MSK4_0011339,MSK4_0011339,60+,mskcc,2,False,6,0.018520672,0.00039761263,0.003072007,0.007971388,0.0040138117,0.00031803022,0.9657064,0.022932097,,0.022932097,m7,-1,mskcc,42,m7_loao-mskcc_s42_in22k_v5scr,last
ISIC_0012833_downsampled,MSK4_0011343,MSK4_0011343,60+,mskcc,2,False,5,0.011444595,0.006928885,0.0035254518,0.07030115,0.095201075,0.76541847,0.04718045,0.11357456,,0.11357456,m7,-1,mskcc,42,m7_loao-mskcc_s42_in22k_v5scr,last
ISIC_0012836_downsampled,MSK4_0011346,MSK4_0011346,40-59,mskcc,5,False,5,0.008098768,0.007913949,0.0075018606,0.0652195,0.014974494,0.8514555,0.044835832,0.03098721,,0.03098721,m7,-1,mskcc,42,m7_loao-mskcc_s42_in22k_v5scr,last
ISIC_0012837_downsampled,MSK4_0011347,MSK4_0011347,60+,mskcc,5,False,1,0.0018792235,0.6894957,0.008502966,0.037355587,0.017245235,0.22130518,0.024216147,0.70862013,,0.70862013,m7,-1,mskcc,42,m7_loao-mskcc_s42_in22k_v5scr,last
ISIC_0012848_downsampled,MSK4_0010348,MSK4_0010348,60+,mskcc,2,False,2,0.0053785183,0.0023983866,0.6685152,0.07842705,0.19012721,0.012274506,0.04287918,0.19790411,,0.19790411,m7,-1,mskcc,42,m7_loao-mskcc_s42_in22k_v5scr,last
ISIC_0012851_downsampled,MSK4_0011358,MSK4_0011358,40-59,mskcc,2,False,5,0.009343361,0.23184052,0.024558386,0.063826315,0.0057954323,0.6008003,0.063835755,0.24697931,,0.24697931,m7,-1,mskcc,42,m7_loao-mskcc_s42_in22k_v5scr,last
ISIC_0012854_downsampled,MSK4_0011361,MSK4_0011361,40-59,mskcc,2,False,1,0.003921152,0.9064311,0.0033591678,0.052191705,0.0034998592,0.0047474294,0.02584964,0.9138521,,0.9138521,m7,-1,mskcc,42,m7_loao-mskcc_s42_in22k_v5scr,last
ISIC_0012855_downsampled,MSK4_0011362,MSK4_0011362,60+,mskcc,5,False,5,0.010139432,0.005673352,0.005686461,0.05843425,0.0069148308,0.87160933,0.04154232,0.022727616,,0.022727616,m7,-1,mskcc,42,m7_loao-mskcc_s42_in22k_v5scr,last
ISIC_0012856_downsampled,MSK4_0011363,MSK4_0011363,60+,mskcc,2,False,6,0.16614625,0.08497348,0.229338,0.21420749,0.0011756492,0.074701115,0.22945802,0.25229537,,0.25229537,m7,-1,mskcc,42,m7_loao-mskcc_s42_in22k_v5scr,last
ISIC_0012865_downsampled,MSK4_0010004,MSK4_0010004,40-59,mskcc,5,False,5,0.010764195,0.009078288,0.008396816,0.06517806,0.0031854422,0.8600625,0.04333476,0.023027925,,0.023027925,m7,-1,mskcc,42,m7_loao-mskcc_s42_in22k_v5scr,last
ISIC_0012871_downsampled,MSK4_0011375,MSK4_0011375,40-59,mskcc,5,False,5,0.009306844,0.0047473526,0.0060973787,0.061687253,0.004909011,0.8726794,0.040572725,0.018963208,,0.018963208,m7,-1,mskcc,42,m7_loao-mskcc_s42_in22k_v5scr,last
ISIC_0012873_downsampled,MSK4_0011377,MSK4_0011377,40-59,mskcc,5,False,5,0.007957424,0.0048513366,0.00565922,0.05322336,0.0059256097,0.88203555,0.0403475,0.01873437,,0.01873437,m7,-1,mskcc,42,m7_loao-mskcc_s42_in22k_v5scr,last
ISIC_0012876_downsampled,MSK4_0011380,MSK4_0011380,40-59,mskcc,5,False,5,0.005755751,0.0068475064,0.00050871907,0.03922974,0.012093825,0.9044413,0.031123135,0.024697082,,0.024697082,m7,-1,mskcc,42,m7_loao-mskcc_s42_in22k_v5scr,last
ISIC_0012877_downsampled,MSK4_0011381,MSK4_0011381,40-59,mskcc,5,False,1,0.002022304,0.8898483,0.0017917007,0.059659086,0.00039325125,0.020168763,0.026116572,0.8922639,,0.8922639,m7,-1,mskcc,42,m7_loao-mskcc_s42_in22k_v5scr,last
ISIC_0012879_downsampled,MSK4_0011383,MSK4_0011383,40-59,mskcc,5,False,5,0.007913547,0.0038687065,0.0031905326,0.051328562,0.008045702,0.89225066,0.03340226,0.019827954,,0.019827954,m7,-1,mskcc,42,m7_loao-mskcc_s42_in22k_v5scr,last
ISIC_0012880_downsampled,MSK4_0011384,MSK4_0011384,60+,mskcc,2,False,2,0.0038916823,0.00471011,0.91736645,0.033689465,0.0022926617,0.0060988674,0.031950723,0.010894454,,0.010894454,m7,-1,mskcc,42,m7_loao-mskcc_s42_in22k_v5scr,last
ISIC_0012883_downsampled,MSK4_0011387,MSK4_0011387,60+,mskcc,5,False,5,0.0058327457,0.0068221437,0.007368657,0.04457758,0.0008119906,0.90717447,0.02741248,0.01346688,,0.01346688,m7,-1,mskcc,42,m7_loao-mskcc_s42_in22k_v5scr,last
ISIC_0012884_downsampled,MSK4_0011388,MSK4_0011388,60+,mskcc,2,False,2,0.11293238,0.00029382922,0.78478795,0.046964202,0.014036585,0.0071251234,0.033859927,0.12726279,,0.12726279,m7,-1,mskcc,42,m7_loao-mskcc_s42_in22k_v5scr,last
ISIC_0012887_downsampled,MSK4_0010999,MSK4_0010999,40-59,mskcc,4,True,5,0.00765817,0.0047378587,0.011603549,0.06454435,0.0037860037,0.86940473,0.03826529,0.016182031,,0.016182031,m7,-1,mskcc,42,m7_loao-mskcc_s42_in22k_v5scr,last
ISIC_0012888_downsampled,MSK4_0011391,MSK4_0011391,<40,mskcc,5,False,5,0.00978824,0.0063033295,0.0037515198,0.057411164,0.02614201,0.85185456,0.04474924,0.04223358,,0.04223358,m7,-1,mskcc,42,m7_loao-mskcc_s42_in22k_v5scr,last
ISIC_0012891_downsampled,MSK4_0011394,MSK4_0011394,<40,mskcc,5,False,5,0.010289467,0.0062717926,0.009303785,0.055119973,0.005890896,0.8702603,0.042863768,0.022452155,,0.022452155,m7,-1,mskcc,42,m7_loao-mskcc_s42_in22k_v5scr,last
ISIC_0012898_downsampled,MSK4_0011402,MSK4_0011402,60+,mskcc,2,False,0,0.90417683,0.0070120282,0.0028488436,0.035409745,0.0024273167,0.008059504,0.040065713,0.9136162,,0.9136162,m7,-1,mskcc,42,m7_loao-mskcc_s42_in22k_v5scr,last
ISIC_0012901_downsampled,MSK4_0011405,MSK4_0011405,60+,mskcc,5,False,5,0.005882353,0.0038928282,0.009657528,0.059549958,0.011625049,0.8701824,0.0392099,0.02140023,,0.02140023,m7,-1,mskcc,42,m7_loao-mskcc_s42_in22k_v5scr,last
ISIC_0012904_downsampled,MSK4_0011408,MSK4_0011408,60+,mskcc,5,False,5,0.009326149,0.012501303,0.004603547,0.061456785,0.0029003213,0.8578638,0.05134814,0.024727773,,0.024727773,m7,-1,mskcc,42,m7_loao-mskcc_s42_in22k_v5scr,last
ISIC_0012905_downsampled,MSK4_0011409,MSK4_0011409,60+,mskcc,5,False,5,0.0065589026,0.0043793228,0.0056291413,0.053824253,0.0067495666,0.8865166,0.03634227,0.017687792,,0.017687792,m7,-1,mskcc,42,m7_loao-mskcc_s42_in22k_v5scr,last
ISIC_0012907_downsampled,MSK4_0011410,MSK4_0011410,60+,mskcc,5,False,5,0.0036820986,0.002152839,0.00360439,0.052445065,0.0023635684,0.8911989,0.044553205,0.008198506,,0.008198506,m7,-1,mskcc,42,m7_loao-mskcc_s42_in22k_v5scr,last
ISIC_0012927_downsampled,MSK4_0011433,MSK4_0011433,60+,mskcc,2,False,5,0.004087823,0.0047538616,0.01355626,0.060421728,0.0029673094,0.8624249,0.05178812,0.011808993,,0.011808993,m7,-1,mskcc,42,m7_loao-mskcc_s42_in22k_v5scr,last
ISIC_0012928_downsampled,MSK4_0011434,MSK4_0011434,60+,mskcc,2,False,0,0.8748576,0.036830384,0.0037568202,0.043583944,0.000937804,0.020157827,0.0198757,0.9126258,,0.9126258,m7,-1,mskcc,42,m7_loao-mskcc_s42_in22k_v5scr,last
ISIC_0012932_downsampled,MSK4_0011436,MSK4_0011436,60+,mskcc,2,False,2,0.013360664,0.012195457,0.60261273,0.0795772,0.18274778,0.060460303,0.04904586,0.2083039,,0.2083039,m7,-1,mskcc,42,m7_loao-mskcc_s42_in22k_v5scr,last
ISIC_0012941_downsampled,MSK4_0011445,MSK4_0011445,60+,mskcc,5,False,3,0.23849802,0.08383016,0.044398982,0.2801593,0.018489879,0.25446102,0.08016266,0.34081805,,0.34081805,m7,-1,mskcc,42,m7_loao-mskcc_s42_in22k_v5scr,last
ISIC_0012944_downsampled,MSK4_0011448,MSK4_0011448,40-59,mskcc,5,False,5,0.0063670464,0.007438655,0.0048973775,0.046974644,0.0061638416,0.8922705,0.03588798,0.019969543,,0.019969543,m7,-1,mskcc,42,m7_loao-mskcc_s42_in22k_v5scr,last
ISIC_0012945_downsampled,MSK4_0011449,MSK4_0011449,60+,mskcc,5,False,5,0.00873303,0.26125613,0.012443594,0.067425504,0.008186895,0.59529424,0.04666062,0.27817607,,0.27817607,m7,-1,mskcc,42,m7_loao-mskcc_s42_in22k_v5scr,last
ISIC_0012949_downsampled,MSK4_0011451,MSK4_0011451,<40,mskcc,5,False,5,0.012847608,0.0063377176,0.007678244,0.074876085,0.05107694,0.7970999,0.050083507,0.07026227,,0.07026227,m7,-1,mskcc,42,m7_loao-mskcc_s42_in22k_v5scr,last
ISIC_0012950_downsampled,MSK4_0011452,MSK4_0011452,40-59,mskcc,5,False,5,0.009757674,0.0055977115,0.015746614,0.055378933,0.004300831,0.86800367,0.041214585,0.019656217,,0.019656217,m7,-1,mskcc,42,m7_loao-mskcc_s42_in22k_v5scr,last
ISIC_0012952_downsampled,MSK4_0011454,MSK4_0011454,40-59,mskcc,2,False,5,0.016948856,0.27717358,0.08202753,0.18828112,0.035998855,0.28840795,0.11116215,0.33012128,,0.33012128,m7,-1,mskcc,42,m7_loao-mskcc_s42_in22k_v5scr,last
ISIC_0012956_downsampled,MSK4_0011458,MSK4_0011458,60+,mskcc,5,False,5,0.008668373,0.007982774,0.005998405,0.058671497,0.0054860017,0.87509656,0.038096473,0.022137148,,0.022137148,m7,-1,mskcc,42,m7_loao-mskcc_s42_in22k_v5scr,last
ISIC_0012957_downsampled,MSK4_0011459,MSK4_0011459,40-59,mskcc,5,False,5,0.011509019,0.0141491145,0.0049387473,0.07054049,0.0036719998,0.84999275,0.045197845,0.029330134,,0.029330134,m7,-1,mskcc,42,m7_loao-mskcc_s42_in22k_v5scr,last
ISIC_0012959_downsampled,MSK4_0011460,MSK4_0011460,60+,mskcc,2,False,2,0.0038723277,0.0036018416,0.9647259,0.016651155,0.0007831894,0.00056869205,0.009797036,0.008257358,,0.008257358,m7,-1,mskcc,42,m7_loao-mskcc_s42_in22k_v5scr,last
ISIC_0012965_downsampled,MSK4_0011466,MSK4_0011466,40-59,mskcc,5,False,5,0.01638386,0.011274257,0.074152224,0.11247033,0.027161686,0.6884008,0.0701568,0.0548198,,0.0548198,m7,-1,mskcc,42,m7_loao-mskcc_s42_in22k_v5scr,last
ISIC_0012966_downsampled,MSK4_0011467,MSK4_0011467,40-59,mskcc,5,False,5,0.01010863,0.17893538,0.0036627427,0.11977573,0.09299369,0.49271923,0.101804525,0.2820377,,0.2820377,m7,-1,mskcc,42,m7_loao-mskcc_s42_in22k_v5scr,last
ISIC_0012981_downsampled,MSK4_0011482,MSK4_0011482,40-59,mskcc,5,False,5,0.0075530126,0.007562588,0.004858161,0.060849395,0.015586271,0.8623916,0.04119898,0.030701872,,0.030701872,m7,-1,mskcc,42,m7_loao-mskcc_s42_in22k_v5scr,last
ISIC_0012986_downsampled,MSK4_0011487,MSK4_0011487,60+,mskcc,2,False,2,0.011960842,0.19733378,0.4079102,0.09803287,0.0067199487,0.201277,0.076765455,0.21601456,,0.21601456,m7,-1,mskcc,42,m7_loao-mskcc_s42_in22k_v5scr,last
ISIC_0012987_downsampled,MSK4_0010464,MSK4_0010464,60+,mskcc,5,False,5,0.017978897,0.011959656,0.0045491965,0.0628898,0.0068202196,0.8531985,0.042603627,0.036758773,,0.036758773,m7,-1,mskcc,42,m7_loao-mskcc_s42_in22k_v5scr,last
ISIC_0012988_downsampled,MSK4_0011000,MSK4_0011000,40-59,mskcc,4,True,5,0.0090734335,0.003944292,0.005113582,0.059785068,0.0064647007,0.87818617,0.037432715,0.019482426,,0.019482426,m7,-1,mskcc,42,m7_loao-mskcc_s42_in22k_v5scr,last
ISIC_0012989_downsampled,MSK4_0010999,MSK4_0011489,40-59,mskcc,4,True,5,0.007811015,0.0047539924,0.011865956,0.06524524,0.0038822596,0.8678819,0.038559712,0.016447267,,0.016447267,m7,-1,mskcc,42,m7_loao-mskcc_s42_in22k_v5scr,last
ISIC_0012998,MSK4_0011499,MSK4_0011499,40-59,mskcc,2,False,2,0.014040224,0.003602674,0.920532,0.03430061,0.0018369652,0.0034046676,0.02228301,0.019479863,,0.019479863,m7,-1,mskcc,42,m7_loao-mskcc_s42_in22k_v5scr,last
ISIC_0012999_downsampled,MSK4_0011501,MSK4_0011501,60+,mskcc,5,False,5,0.009676223,0.00563314,0.0045414045,0.051182706,0.0046753315,0.88727874,0.037012544,0.019984694,,0.019984694,m7,-1,mskcc,42,m7_loao-mskcc_s42_in22k_v5scr,last
ISIC_0013000_downsampled,MSK4_0011502,MSK4_0011502,40-59,mskcc,5,False,1,0.0013314082,0.96262103,0.00028241245,0.010738921,0.00045229364,0.0014200583,0.02315379,0.9644047,,0.9644047,m7,-1,mskcc,42,m7_loao-mskcc_s42_in22k_v5scr,last
ISIC_0013012_downsampled,MSK4_0011514,MSK4_0011514,40-59,mskcc,5,False,5,0.0072472673,0.005761756,0.007910992,0.053145003,0.003439477,0.88288444,0.039611023,0.0164485,,0.0164485,m7,-1,mskcc,42,m7_loao-mskcc_s42_in22k_v5scr,last
ISIC_0013023_downsampled,MSK4_0011525,MSK4_0011525,40-59,mskcc,5,False,5,0.0089774635,0.006925433,0.005938369,0.05617198,0.0054869317,0.8754218,0.041078027,0.021389827,,0.021389827,m7,-1,mskcc,42,m7_loao-mskcc_s42_in22k_v5scr,last
ISIC_0013024_downsampled,MSK4_0010120,MSK4_0010120,<40,mskcc,5,False,5,0.005865528,0.0090026315,0.0065690586,0.07098665,0.050364412,0.7895615,0.067650236,0.065232575,,0.065232575,m7,-1,mskcc,42,m7_loao-mskcc_s42_in22k_v5scr,last
ISIC_0013026_downsampled,MSK4_0011527,MSK4_0011527,<40,mskcc,5,False,5,0.0069550397,0.0035716495,0.0034700658,0.060199108,0.0076549123,0.8472537,0.07089548,0.018181602,,0.018181602,m7,-1,mskcc,42,m7_loao-mskcc_s42_in22k_v5scr,last
ISIC_0013031_downsampled,MSK4_0011532,MSK4_0011532,40-59,mskcc,5,False,1,0.008009776,0.60009676,0.0067490903,0.08936606,0.0017341016,0.26871717,0.025327004,0.60984063,,0.60984063,m7,-1,mskcc,42,m7_loao-mskcc_s42_in22k_v5scr,last
ISIC_0013034_downsampled,MSK4_0011535,MSK4_0011535,40-59,mskcc,2,False,5,0.026904492,0.17524342,0.13234608,0.08096779,0.11306246,0.39472798,0.07674784,0.31521037,,0.31521037,m7,-1,mskcc,42,m7_loao-mskcc_s42_in22k_v5scr,last
ISIC_0013039_downsampled,MSK4_0011539,MSK4_0011539,60+,mskcc,5,False,5,0.009094473,0.0060717887,0.005775767,0.05802742,0.0051754955,0.8723278,0.0435273,0.020341758,,0.020341758,m7,-1,mskcc,42,m7_loao-mskcc_s42_in22k_v5scr,last
ISIC_0013040_downsampled,MSK4_0011540,MSK4_0011540,40-59,mskcc,2,False,2,0.018946279,0.003419661,0.45304012,0.05604844,0.003333968,0.42173752,0.043474026,0.025699906,,0.025699906,m7,-1,mskcc,42,m7_loao-mskcc_s42_in22k_v5scr,last
ISIC_0013044_downsampled,MSK4_0011544,MSK4_0011544,40-59,mskcc,5,False,5,0.01057004,0.0054557878,0.006967084,0.08161298,0.026677785,0.8198251,0.04889118,0.042703614,,0.042703614,m7,-1,mskcc,42,m7_loao-mskcc_s42_in22k_v5scr,last
ISIC_0013048_downsampled,MSK4_0011549,MSK4_0011549,<40,mskcc,5,False,5,0.0096010985,0.0056218253,0.0061821095,0.062503666,0.0053615677,0.86849535,0.042234402,0.020584492,,0.020584492,m7,-1,mskcc,42,m7_loao-mskcc_s42_in22k_v5scr,last
ISIC_0013052_downsampled,MSK4_0010524,MSK4_0010524,60+,mskcc,2,False,0,0.4776542,0.22602883,0.067380965,0.14940786,0.0069242083,0.035925567,0.036678314,0.71060723,,0.71060723,m7,-1,mskcc,42,m7_loao-mskcc_s42_in22k_v5scr,last
ISIC_0013053_downsampled,MSK4_0011552,MSK4_0011552,40-59,mskcc,5,False,5,0.007422447,0.0073080217,0.005603639,0.06012649,0.0028343182,0.8715424,0.045162726,0.017564787,,0.017564787,m7,-1,mskcc,42,m7_loao-mskcc_s42_in22k_v5scr,last
ISIC_0013055_downsampled,MSK4_0011555,MSK4_0011555,40-59,mskcc,5,False,1,0.0021666256,0.6554106,0.03786388,0.051834684,0.026044823,0.19008555,0.03659381,0.68362206,,0.68362206,m7,-1,mskcc,42,m7_loao-mskcc_s42_in22k_v5scr,last
ISIC_0013056_downsampled,MSK4_0011556,MSK4_0011556,60+,mskcc,2,False,0,0.5800491,0.06615639,0.0044050147,0.04303102,0.02104706,0.17949432,0.10581716,0.66725254,,0.66725254,m7,-1,mskcc,42,m7_loao-mskcc_s42_in22k_v5scr,last
ISIC_0013065_downsampled,MSK4_0011563,MSK4_0011563,60+,mskcc,2,False,5,0.008616219,0.037971493,0.01229947,0.07871169,0.014839876,0.8141767,0.033384584,0.06142759,,0.06142759,m7,-1,mskcc,42,m7_loao-mskcc_s42_in22k_v5scr,last
ISIC_0013071_downsampled,MSK4_0011569,MSK4_0011569,40-59,mskcc,5,False,5,0.0043245764,0.02345488,0.002852468,0.1972713,0.001966778,0.6683375,0.1017924,0.029746234,,0.029746234,m7,-1,mskcc,42,m7_loao-mskcc_s42_in22k_v5scr,last
ISIC_0013072_downsampled,MSK4_0010867,MSK4_0010867,60+,mskcc,4,True,4,0.030983884,0.22983085,0.04148778,0.039568175,0.60827404,0.00338295,0.04647227,0.86908877,,0.86908877,m7,-1,mskcc,42,m7_loao-mskcc_s42_in22k_v5scr,last
ISIC_0013073_downsampled,MSK4_0010868,MSK4_0010868,60+,mskcc,4,True,1,0.0031644895,0.8479354,0.01775912,0.03630015,0.045292266,0.013658001,0.035890575,0.8963921,,0.8963921,m7,-1,mskcc,42,m7_loao-mskcc_s42_in22k_v5scr,last
ISIC_0013075_downsampled,MSK4_0010386,MSK4_0010386,40-59,mskcc,5,False,5,0.014915323,0.006375859,0.0048459666,0.048011724,0.0032171318,0.8717568,0.050877158,0.024508312,,0.024508312,m7,-1,mskcc,42,m7_loao-mskcc_s42_in22k_v5scr,last
ISIC_0013079_downsampled,MSK4_0010706,MSK4_0010706,60+,mskcc,4,True,5,0.001864689,0.16619736,0.23987836,0.119280934,0.13635145,0.287871,0.048556194,0.3044135,,0.3044135,m7,-1,mskcc,42,m7_loao-mskcc_s42_in22k_v5scr,last
ISIC_0013080_downsampled,MSK4_0010742,MSK4_0010742,60+,mskcc,5,False,4,0.009531821,0.026766244,0.0020426007,0.075299166,0.6843086,0.11208495,0.08996661,0.7206067,,0.7206067,m7,-1,mskcc,42,m7_loao-mskcc_s42_in22k_v5scr,last
ISIC_0013084_downsampled,MSK4_0011577,MSK4_0011577,40-59,mskcc,5,False,5,0.007604749,0.0054522734,0.0044447267,0.052767955,0.0068352134,0.8861737,0.03672134,0.019892236,,0.019892236,m7,-1,mskcc,42,m7_loao-mskcc_s42_in22k_v5scr,last
ISIC_0013087_downsampled,MSK4_0011580,MSK4_0011580,40-59,mskcc,5,False,5,0.010593719,0.0047269636,0.0074393307,0.047237366,0.0055236844,0.88571465,0.038764294,0.020844366,,0.020844366,m7,-1,mskcc,42,m7_loao-mskcc_s42_in22k_v5scr,last
ISIC_0013088_downsampled,MSK4_0011581,MSK4_0011581,60+,mskcc,2,False,5,0.02129451,0.0086597605,0.005816023,0.089074455,0.15593572,0.66582984,0.0533896,0.18588999,,0.18588999,m7,-1,mskcc,42,m7_loao-mskcc_s42_in22k_v5scr,last
ISIC_0013090_downsampled,MSK4_0011583,MSK4_0011583,40-59,mskcc,5,False,5,0.00813631,0.0052148565,0.0066202516,0.054553114,0.008279009,0.88129425,0.035902224,0.021630175,,0.021630175,m7,-1,mskcc,42,m7_loao-mskcc_s42_in22k_v5scr,last
ISIC_0013106_downsampled,MSK4_0011591,MSK4_0011591,60+,mskcc,5,False,5,0.0054980037,0.004279394,0.010336821,0.043834098,0.0023954732,0.8992261,0.034430113,0.012172871,,0.012172871,m7,-1,mskcc,42,m7_loao-mskcc_s42_in22k_v5scr,last
ISIC_0013109_downsampled,MSK4_0010038,MSK4_0010038,40-59,mskcc,5,False,5,0.011202326,0.007112884,0.006517859,0.055753965,0.007751813,0.8703107,0.041350476,0.026067024,,0.026067024,m7,-1,mskcc,42,m7_loao-mskcc_s42_in22k_v5scr,last
ISIC_0013120_downsampled,MSK4_0010412,MSK4_0010412,40-59,mskcc,5,False,5,0.11362949,0.0526822,0.029521188,0.20527805,0.0070973397,0.552832,0.03895972,0.17340901,,0.17340901,m7,-1,mskcc,42,m7_loao-mskcc_s42_in22k_v5scr,last
ISIC_0013124_downsampled,MSK4_0011606,MSK4_0011606,60+,mskcc,5,False,6,0.00030023238,0.030471193,0.011751273,0.03416506,0.008892606,0.0016562328,0.9127634,0.03966403,,0.03966403,m7,-1,mskcc,42,m7_loao-mskcc_s42_in22k_v5scr,last
ISIC_0013126_downsampled,MSK4_0011608,MSK4_0011608,40-59,mskcc,5,False,5,0.007918438,0.011936922,0.0069176382,0.065422595,0.0406452,0.82121384,0.045945395,0.060500562,,0.060500562,m7,-1,mskcc,42,m7_loao-mskcc_s42_in22k_v5scr,last
ISIC_0013127_downsampled,MSK4_0011609,MSK4_0011609,60+,mskcc,2,False,6,0.066253245,0.008673949,0.16309783,0.05270764,0.0051990813,0.0010386369,0.70302963,0.08012628,,0.08012628,m7,-1,mskcc,42,m7_loao-mskcc_s42_in22k_v5scr,last
ISIC_0013128_downsampled,MSK4_0010390,MSK4_0010390,40-59,mskcc,5,False,5,0.008394051,0.0047101723,0.0062042507,0.068129584,0.05148793,0.8228423,0.038231686,0.06459215,,0.06459215,m7,-1,mskcc,42,m7_loao-mskcc_s42_in22k_v5scr,last
ISIC_0013129_downsampled,MSK4_0011610,MSK4_0011610,40-59,mskcc,2,False,5,0.0045375857,0.36425948,0.0062870537,0.09813163,0.03442956,0.45238325,0.039971426,0.4032266,,0.4032266,m7,-1,mskcc,42,m7_loao-mskcc_s42_in22k_v5scr,last
ISIC_0013132_downsampled,MSK4_0011613,MSK4_0011613,<40,mskcc,5,False,5,0.009683656,0.0065649105,0.005220098,0.052018598,0.006429004,0.8825759,0.03750781,0.022677569,,0.022677569,m7,-1,mskcc,42,m7_loao-mskcc_s42_in22k_v5scr,last
ISIC_0013141_downsampled,MSK4_0010963,MSK4_0010963,40-59,mskcc,4,True,4,0.0059541357,0.010096438,0.0041248715,0.076381855,0.6067345,0.20180856,0.09489966,0.6227851,,0.6227851,m7,-1,mskcc,42,m7_loao-mskcc_s42_in22k_v5scr,last
ISIC_0013146_downsampled,MSK4_0011621,MSK4_0011621,60+,mskcc,2,False,1,0.010100164,0.84044796,0.011613362,0.08202766,0.004354477,0.00695526,0.04450115,0.8549026,,0.8549026,m7,-1,mskcc,42,m7_loao-mskcc_s42_in22k_v5scr,last
ISIC_0013155_downsampled,MSK4_0011626,MSK4_0011626,<40,mskcc,5,False,5,0.006150815,0.0051576653,0.0058329212,0.084010206,0.22365211,0.4625235,0.2126728,0.23496059,,0.23496059,m7,-1,mskcc,42,m7_loao-mskcc_s42_in22k_v5scr,last
ISIC_0013160_downsampled,MSK4_0011631,MSK4_0011631,60+,mskcc,2,False,2,0.023771519,0.030101357,0.82387906,0.06836518,0.0044743144,0.0018259329,0.047582615,0.05834719,,0.05834719,m7,-1,mskcc,42,m7_loao-mskcc_s42_in22k_v5scr,last
ISIC_0013163_downsampled,MSK4_0010038,MSK4_0011634,40-59,mskcc,5,False,5,0.01105785,0.0070397276,0.006447139,0.05558494,0.007852819,0.87078226,0.041235212,0.025950396,,0.025950396,m7,-1,mskcc,42,m7_loao-mskcc_s42_in22k_v5scr,last
ISIC_0013164_downsampled,MSK4_0010430,MSK4_0010430,60+,mskcc,5,False,5,0.008324174,0.005105196,0.0036703765,0.06415865,0.033635207,0.81784594,0.06726045,0.047064576,,0.047064576,m7,-1,mskcc,42,m7_loao-mskcc_s42_in22k_v5scr,last
ISIC_0013165_downsampled,MSK4_0010391,MSK4_0010391,40-59,mskcc,2,False,0,0.87053764,0.030383615,0.020553371,0.03291676,0.00034984807,0.0047314106,0.040527277,0.90127105,,0.90127105,m7,-1,mskcc,42,m7_loao-mskcc_s42_in22k_v5scr,last
ISIC_0013167_downsampled,MSK4_0010591,MSK4_0010591,40-59,mskcc,2,False,2,0.0027571227,0.0013051783,0.8804222,0.048377614,0.004022677,0.041406915,0.021708285,0.008084978,,0.008084978,m7,-1,mskcc,42,m7_loao-mskcc_s42_in22k_v5scr,last
ISIC_0013170_downsampled,MSK4_0011637,MSK4_0011637,60+,mskcc,2,False,2,0.011091533,0.0022490083,0.88767725,0.03939226,0.01677758,0.0034008531,0.039411522,0.030118123,,0.030118123,m7,-1,mskcc,42,m7_loao-mskcc_s42_in22k_v5scr,last
ISIC_0013173_downsampled,MSK4_0011639,MSK4_0011639,40-59,mskcc,5,False,5,0.0057708058,0.008169486,0.0051588463,0.06646325,0.014230277,0.8240033,0.076204106,0.028170569,,0.028170569,m7,-1,mskcc,42,m7_loao-mskcc_s42_in22k_v5scr,last
ISIC_0013176_downsampled,MSK4_0011641,MSK4_0011641,<40,mskcc,5,False,5,0.0052577076,0.0049377745,0.0060439217,0.045511868,0.0050872457,0.9010027,0.032158837,0.015282728,,0.015282728,m7,-1,mskcc,42,m7_loao-mskcc_s42_in22k_v5scr,last
ISIC_0013178_downsampled,MSK4_0011643,MSK4_0011643,60+,mskcc,2,False,1,0.016958307,0.8199466,0.031078339,0.056838986,0.016042946,0.023505628,0.035629287,0.85294783,,0.85294783,m7,-1,mskcc,42,m7_loao-mskcc_s42_in22k_v5scr,last
ISIC_0013181_downsampled,MSK4_0010387,MSK4_0010387,40-59,mskcc,5,False,5,0.0062729823,0.0071991463,0.010769163,0.047495693,0.016275223,0.87241954,0.03956831,0.029747352,,0.029747352,m7,-1,mskcc,42,m7_loao-mskcc_s42_in22k_v5scr,last
ISIC_0013184_downsampled,MSK4_0010029,MSK4_0010029,40-59,mskcc,4,True,5,0.0075786323,0.0059702103,0.006415796,0.05653298,0.0061131706,0.878357,0.039032146,0.019662013,,0.019662013,m7,-1,mskcc,42,m7_loao-mskcc_s42_in22k_v5scr,last
ISIC_0013189_downsampled,MSK4_0010161,MSK4_0010161,60+,mskcc,2,False,5,0.011182501,0.012242084,0.09627949,0.10723967,0.034632795,0.6845185,0.05390495,0.05805738,,0.05805738,m7,-1,mskcc,42,m7_loao-mskcc_s42_in22k_v5scr,last
ISIC_0013190_downsampled,MSK4_0011651,MSK4_0011651,40-59,mskcc,5,False,5,0.007425732,0.005642864,0.006555914,0.05749122,0.003872494,0.87969446,0.039317332,0.01694109,,0.01694109,m7,-1,mskcc,42,m7_loao-mskcc_s42_in22k_v5scr,last
ISIC_0013191_downsampled,MSK4_0011652,MSK4_0011652,40-59,mskcc,5,False,6,0.027406514,0.2293858,0.0081336275,0.06339821,0.010598664,0.23919122,0.421886,0.26739097,,0.26739097,m7,-1,mskcc,42,m7_loao-mskcc_s42_in22k_v5scr,last
ISIC_0013197_downsampled,MSK4_0011658,MSK4_0011658,<40,mskcc,5,False,6,0.014631208,0.03983824,0.035412304,0.05224291,0.059883602,0.30331275,0.49467903,0.114353046,,0.114353046,m7,-1,mskcc,42,m7_loao-mskcc_s42_in22k_v5scr,last
ISIC_0013198_downsampled,MSK4_0010897,MSK4_0010897,60+,mskcc,4,True,4,0.006689634,0.14509842,0.18484282,0.0742234,0.39420542,0.003269356,0.19167094,0.54599345,,0.54599345,m7,-1,mskcc,42,m7_loao-mskcc_s42_in22k_v5scr,last
ISIC_0013203_downsampled,MSK4_0011663,MSK4_0011663,60+,mskcc,2,False,6,0.020583337,0.09880485,0.04789693,0.055294756,0.013237416,0.0022056065,0.76197714,0.1326256,,0.1326256,m7,-1,mskcc,42,m7_loao-mskcc_s42_in22k_v5scr,last
ISIC_0013204_downsampled,MSK4_0011664,MSK4_0011664,40-59,mskcc,5,False,5,0.007586271,0.0053515565,0.0030772625,0.06061069,0.01423741,0.87110645,0.038030278,0.027175236,,0.027175236,m7,-1,mskcc,42,m7_loao-mskcc_s42_in22k_v5scr,last
ISIC_0013205_downsampled,MSK4_0011665,MSK4_0011665,40-59,mskcc,5,False,5,0.0077519226,0.0071769194,0.0039920225,0.057765886,0.011869273,0.86945105,0.041992873,0.026798114,,0.026798114,m7,-1,mskcc,42,m7_loao-mskcc_s42_in22k_v5scr,last
ISIC_0013207_downsampled,MSK4_0011667,MSK4_0011667,60+,mskcc,5,False,6,0.01190558,0.034373492,0.007111242,0.052069522,0.07904855,0.18496314,0.63052845,0.12532762,,0.12532762,m7,-1,mskcc,42,m7_loao-mskcc_s42_in22k_v5scr,last
ISIC_0013212_downsampled,MSK4_0010568,MSK4_0010568,<40,mskcc,5,False,1,0.0021493859,0.9303542,0.0022790395,0.03548557,0.0036000214,0.0046821423,0.02144969,0.9361036,,0.9361036,m7,-1,mskcc,42,m7_loao-mskcc_s42_in22k_v5scr,last
ISIC_0013213_downsampled,MSK4_0011673,MSK4_0011673,40-59,mskcc,5,False,5,0.12391177,0.23571144,0.010040613,0.063898146,0.003750039,0.50674003,0.055947937,0.36337322,,0.36337322,m7,-1,mskcc,42,m7_loao-mskcc_s42_in22k_v5scr,last
ISIC_0013216_downsampled,MSK4_0011675,MSK4_0011675,40-59,mskcc,5,False,5,0.007312538,0.0047955536,0.0058741444,0.056420483,0.005351508,0.88149244,0.038753387,0.0174596,,0.0174596,m7,-1,mskcc,42,m7_loao-mskcc_s42_in22k_v5scr,last
ISIC_0013219_downsampled,MSK4_0011678,MSK4_0011678,60+,mskcc,5,False,5,0.011084453,0.0057910103,0.007212399,0.061116062,0.013114866,0.859381,0.04230026,0.02999033,,0.02999033,m7,-1,mskcc,42,m7_loao-mskcc_s42_in22k_v5scr,last
ISIC_0013220_downsampled,MSK4_0011679,MSK4_0011679,60+,mskcc,5,False,5,0.02150684,0.25869712,0.007233781,0.089544326,0.004758944,0.55013573,0.0681233,0.28496292,,0.28496292,m7,-1,mskcc,42,m7_loao-mskcc_s42_in22k_v5scr,last
ISIC_0013223_downsampled,MSK4_0011682,MSK4_0011682,40-59,mskcc,2,False,2,0.089737654,0.004750579,0.7607218,0.11266986,0.0005023245,0.0006784631,0.030939205,0.09499056,,0.09499056,m7,-1,mskcc,42,m7_loao-mskcc_s42_in22k_v5scr,last
ISIC_0013226_downsampled,MSK4_0011685,MSK4_0011685,<40,mskcc,5,False,5,0.007204187,0.025971588,0.0051019727,0.04595706,0.019337961,0.8622563,0.034170896,0.052513734,,0.052513734,m7,-1,mskcc,42,m7_loao-mskcc_s42_in22k_v5scr,last
ISIC_0013227_downsampled,MSK4_0011686,MSK4_0011686,40-59,mskcc,5,False,5,0.015108108,0.064098686,0.0116525665,0.057726655,0.008124213,0.77500045,0.06828932,0.087331004,,0.087331004,m7,-1,mskcc,42,m7_loao-mskcc_s42_in22k_v5scr,last
ISIC_0013230_downsampled,MSK4_0011687,MSK4_0011687,40-59,mskcc,5,False,5,0.011818713,0.010223299,0.005825827,0.058545716,0.009093367,0.85684067,0.047652353,0.031135378,,0.031135378,m7,-1,mskcc,42,m7_loao-mskcc_s42_in22k_v5scr,last
ISIC_0013233_downsampled,MSK4_0011689,MSK4_0011689,60+,mskcc,5,False,5,0.012331695,0.0077749924,0.00721939,0.058030237,0.010876281,0.86513215,0.03863526,0.03098297,,0.03098297,m7,-1,mskcc,42,m7_loao-mskcc_s42_in22k_v5scr,last
ISIC_0013235_downsampled,MSK4_0011691,MSK4_0011691,40-59,mskcc,5,False,5,0.009973269,0.0077431607,0.00547705,0.055070788,0.0060322573,0.87332034,0.042383153,0.023748688,,0.023748688,m7,-1,mskcc,42,m7_loao-mskcc_s42_in22k_v5scr,last
ISIC_0013242_downsampled,MSK4_0010725,MSK4_0010725,60+,mskcc,4,True,5,0.0056924294,0.009740289,0.004708293,0.05495519,0.00716509,0.8791168,0.03862194,0.022597808,,0.022597808,m7,-1,mskcc,42,m7_loao-mskcc_s42_in22k_v5scr,last
ISIC_0013244_downsampled,MSK4_0011696,MSK4_0011696,40-59,mskcc,5,False,5,0.0070078704,0.005111162,0.004130872,0.05160421,0.008472916,0.8861766,0.037496343,0.020591948,,0.020591948,m7,-1,mskcc,42,m7_loao-mskcc_s42_in22k_v5scr,last
ISIC_0013249_downsampled,MSK4_0011701,MSK4_0011701,60+,mskcc,5,False,5,0.011324125,0.018039076,0.0067494996,0.0657336,0.042212125,0.81029654,0.045645047,0.07157533,,0.07157533,m7,-1,mskcc,42,m7_loao-mskcc_s42_in22k_v5scr,last
ISIC_0013257_downsampled,MSK4_0011709,MSK4_0011709,<40,mskcc,5,False,5,0.0126991775,0.004261295,0.004577694,0.0610906,0.04793022,0.8297647,0.039676294,0.06489069,,0.06489069,m7,-1,mskcc,42,m7_loao-mskcc_s42_in22k_v5scr,last
ISIC_0013268_downsampled,MSK4_0011008,MSK4_0011008,40-59,mskcc,2,False,5,0.106559455,0.09547782,0.020271886,0.12332471,0.012471586,0.56173676,0.08015779,0.21450886,,0.21450886,m7,-1,mskcc,42,m7_loao-mskcc_s42_in22k_v5scr,last
ISIC_0013269_downsampled,MSK4_0011719,MSK4_0011719,40-59,mskcc,5,False,5,0.005562853,0.0062615834,0.006335344,0.04815334,0.0056066625,0.895322,0.032758176,0.017431099,,0.017431099,m7,-1,mskcc,42,m7_loao-mskcc_s42_in22k_v5scr,last
ISIC_0013270_downsampled,MSK4_0011720,MSK4_0011720,60+,mskcc,2,False,5,0.004721959,0.12145881,0.012457738,0.09942537,0.0037519394,0.6934102,0.0647739,0.1299327,,0.1299327,m7,-1,mskcc,42,m7_loao-mskcc_s42_in22k_v5scr,last
ISIC_0013271_downsampled,MSK4_0011721,MSK4_0011721,60+,mskcc,2,False,5,0.007891808,0.012907257,0.10643046,0.07275636,0.014689687,0.6753457,0.10997871,0.03548875,,0.03548875,m7,-1,mskcc,42,m7_loao-mskcc_s42_in22k_v5scr,last
ISIC_0013274_downsampled,MSK4_0010011,MSK4_0010011,60+,mskcc,5,False,5,0.008744049,0.004919243,0.0032178224,0.06226933,0.05139457,0.8243472,0.045107726,0.06505786,,0.06505786,m7,-1,mskcc,42,m7_loao-mskcc_s42_in22k_v5scr,last
ISIC_0013288_downsampled,MSK4_0010751,MSK4_0010751,60+,mskcc,5,False,5,0.016472029,0.03221784,0.01562522,0.042477787,0.009035108,0.84688514,0.03728686,0.05772498,,0.05772498,m7,-1,mskcc,42,m7_loao-mskcc_s42_in22k_v5scr,last
ISIC_0013302_downsampled,MSK4_0011746,MSK4_0011746,40-59,mskcc,5,False,5,0.012034872,0.014022723,0.009099502,0.07591699,0.1912629,0.6477447,0.04991829,0.2173205,,0.2173205,m7,-1,mskcc,42,m7_loao-mskcc_s42_in22k_v5scr,last
ISIC_0013304_downsampled,MSK4_0011747,MSK4_0011747,60+,mskcc,5,False,1,0.034642562,0.6668902,0.028857999,0.031667102,0.0063003167,0.019034639,0.21260715,0.7078331,,0.7078331,m7,-1,mskcc,42,m7_loao-mskcc_s42_in22k_v5scr,last
ISIC_0013310_downsampled,MSK4_0011749,MSK4_0011749,60+,mskcc,5,False,5,0.07102534,0.048711613,0.010115041,0.16465768,0.0027762537,0.5992787,0.10343543,0.122513205,,0.122513205,m7,-1,mskcc,42,m7_loao-mskcc_s42_in22k_v5scr,last
ISIC_0013311_downsampled,MSK4_0011750,MSK4_0011750,<40,mskcc,5,False,5,0.0065856506,0.005686674,0.00504012,0.05521615,0.005623907,0.8825022,0.039345283,0.017896231,,0.017896231,m7,-1,mskcc,42,m7_loao-mskcc_s42_in22k_v5scr,last
ISIC_0013316_downsampled,MSK4_0011751,MSK4_0011751,60+,mskcc,2,False,2,0.0035770827,0.005652283,0.89913106,0.04397083,0.009948298,0.004024364,0.03369603,0.019177664,,0.019177664,m7,-1,mskcc,42,m7_loao-mskcc_s42_in22k_v5scr,last
ISIC_0013320_downsampled,MSK4_0011755,MSK4_0011755,60+,mskcc,5,False,5,0.010144308,0.0068889745,0.0055622095,0.051813133,0.00627856,0.87824583,0.041066974,0.023311842,,0.023311842,m7,-1,mskcc,42,m7_loao-mskcc_s42_in22k_v5scr,last
ISIC_0013326_downsampled,MSK4_0011758,MSK4_0011758,60+,mskcc,5,False,1,0.009462689,0.78656185,0.0022117642,0.04219554,0.0058402605,0.096936606,0.056791294,0.8018648,,0.8018648,m7,-1,mskcc,42,m7_loao-mskcc_s42_in22k_v5scr,last
ISIC_0013334_downsampled,MSK4_0011015,MSK4_0011015,60+,mskcc,4,True,2,0.020415429,0.005136358,0.36867595,0.19035082,0.05497734,0.2578783,0.10256579,0.08052912,,0.08052912,m7,-1,mskcc,42,m7_loao-mskcc_s42_in22k_v5scr,last
ISIC_0013335_downsampled,MSK4_0010800,MSK4_0010800,60+,mskcc,2,False,5,0.022777246,0.0022046114,0.022438232,0.031409148,0.021384954,0.8763541,0.023431638,0.04636681,,0.04636681,m7,-1,mskcc,42,m7_loao-mskcc_s42_in22k_v5scr,last
ISIC_0013340_downsampled,MSK4_0011016,MSK4_0011016,40-59,mskcc,5,False,5,0.0029158448,0.007540724,0.014562361,0.03141533,0.010774309,0.9101598,0.022631532,0.021230876,,0.021230876,m7,-1,mskcc,42,m7_loao-mskcc_s42_in22k_v5scr,last
ISIC_0013341_downsampled,MSK4_0011766,MSK4_0011766,60+,mskcc,2,False,2,0.010799047,0.0025371166,0.9130672,0.037108887,0.009170374,0.0009670357,0.026350258,0.022506537,,0.022506537,m7,-1,mskcc,42,m7_loao-mskcc_s42_in22k_v5scr,last
ISIC_0013346_downsampled,MSK4_0010154,MSK4_0010154,<40,mskcc,5,False,5,0.004692475,0.013709937,0.0087495465,0.04807149,0.015447859,0.8864435,0.022885254,0.03385027,,0.03385027,m7,-1,mskcc,42,m7_loao-mskcc_s42_in22k_v5scr,last
ISIC_0013359_downsampled,MSK4_0010062,MSK4_0010062,60+,mskcc,4,True,5,0.0359299,0.05782094,0.007675165,0.094116285,0.21322478,0.54312944,0.048103437,0.3069756,,0.3069756,m7,-1,mskcc,42,m7_loao-mskcc_s42_in22k_v5scr,last
ISIC_0013364_downsampled,MSK4_0011782,MSK4_0011782,40-59,mskcc,2,False,5,0.026957897,0.007673765,0.027643807,0.084986806,0.0384217,0.75108373,0.06323221,0.07305336,,0.07305336,m7,-1,mskcc,42,m7_loao-mskcc_s42_in22k_v5scr,last
ISIC_0013370_downsampled,MSK4_0011787,MSK4_0011787,40-59,mskcc,2,False,2,0.0013204376,0.0006016485,0.8861162,0.04096932,0.0008636178,0.028338546,0.041790266,0.0027857039,,0.0027857039,m7,-1,mskcc,42,m7_loao-mskcc_s42_in22k_v5scr,last
ISIC_0013371_downsampled,MSK4_0011788,MSK4_0011788,60+,mskcc,2,False,2,0.0066369157,0.050306547,0.82918507,0.070479356,0.0010499049,0.005433024,0.036909174,0.057993367,,0.057993367,m7,-1,mskcc,42,m7_loao-mskcc_s42_in22k_v5scr,last
ISIC_0013374_downsampled,MSK4_0010877,MSK4_0010877,60+,mskcc,4,True,5,0.008615309,0.0031750188,0.012477491,0.06508856,0.007231291,0.87158084,0.031831495,0.01902162,,0.01902162,m7,-1,mskcc,42,m7_loao-mskcc_s42_in22k_v5scr,last
ISIC_0013385_downsampled,MSK4_0010303,MSK4_0010303,60+,mskcc,5,False,5,0.009970668,0.005095601,0.0039247647,0.050559133,0.013092479,0.8786916,0.03866572,0.028158747,,0.028158747,m7,-1,mskcc,42,m7_loao-mskcc_s42_in22k_v5scr,last
ISIC_0013390_downsampled,MSK4_0011802,MSK4_0011802,<40,mskcc,5,False,5,0.0069831545,0.006823085,0.004331108,0.066055246,0.011097978,0.8631454,0.041564066,0.024904218,,0.024904218,m7,-1,mskcc,42,m7_loao-mskcc_s42_in22k_v5scr,last
ISIC_0013393_downsampled,MSK4_0011805,MSK4_0011805,60+,mskcc,2,False,2,0.0429314,0.015595562,0.8148778,0.05907289,0.0046644164,0.035874274,0.02698359,0.06319138,,0.06319138,m7,-1,mskcc,42,m7_loao-mskcc_s42_in22k_v5scr,last
ISIC_0013395_downsampled,MSK4_0011807,MSK4_0011807,40-59,mskcc,5,False,5,0.009694924,0.0058018505,0.0044018105,0.053617455,0.006852442,0.87871677,0.04091476,0.022349216,,0.022349216,m7,-1,mskcc,42,m7_loao-mskcc_s42_in22k_v5scr,last
ISIC_0013397_downsampled,MSK4_0011808,MSK4_0011808,60+,mskcc,2,False,1,0.03138002,0.49354565,0.017296027,0.075516105,0.017661205,0.0058952225,0.35870573,0.54258686,,0.54258686,m7,-1,mskcc,42,m7_loao-mskcc_s42_in22k_v5scr,last
ISIC_0013398_downsampled,MSK4_0010965,MSK4_0010965,<40,mskcc,5,False,6,0.006085621,0.0013688509,0.002909975,0.031708125,0.014500954,0.10506877,0.8383578,0.021955427,,0.021955427,m7,-1,mskcc,42,m7_loao-mskcc_s42_in22k_v5scr,last
ISIC_0013399_downsampled,MSK4_0011809,MSK4_0011809,40-59,mskcc,5,False,5,0.009457527,0.013857216,0.0073710172,0.06362224,0.0024572976,0.858818,0.04441669,0.02577204,,0.02577204,m7,-1,mskcc,42,m7_loao-mskcc_s42_in22k_v5scr,last
ISIC_0013403_downsampled,MSK4_0011813,MSK4_0011813,40-59,mskcc,5,False,5,0.009947903,0.006882856,0.00564124,0.057171706,0.00811879,0.8694716,0.042765956,0.024949549,,0.024949549,m7,-1,mskcc,42,m7_loao-mskcc_s42_in22k_v5scr,last
ISIC_0013405_downsampled,MSK4_0010148,MSK4_0010148,60+,mskcc,5,False,5,0.0036296996,0.082996175,0.020247657,0.0452594,0.0023877053,0.80852956,0.03694983,0.08901358,,0.08901358,m7,-1,mskcc,42,m7_loao-mskcc_s42_in22k_v5scr,last
ISIC_0013409_downsampled,MSK4_0011817,MSK4_0011817,60+,mskcc,2,False,6,0.026897505,0.00049064524,0.0011954753,0.009886196,0.012145082,0.00013121658,0.94925404,0.03953323,,0.03953323,m7,-1,mskcc,42,m7_loao-mskcc_s42_in22k_v5scr,last
ISIC_0013411_downsampled,MSK4_0010715,MSK4_0010715,60+,mskcc,4,True,5,0.017494008,0.026516752,0.006265,0.10525124,0.37337682,0.40922675,0.061869476,0.41738757,,0.41738757,m7,-1,mskcc,42,m7_loao-mskcc_s42_in22k_v5scr,last
ISIC_0013414_downsampled,MSK4_0010944,MSK4_0010944,60+,mskcc,4,True,5,0.0052246614,0.006355096,0.0031858818,0.029974138,0.012625162,0.91893125,0.02370387,0.02420492,,0.02420492,m7,-1,mskcc,42,m7_loao-mskcc_s42_in22k_v5scr,last
ISIC_0013421_downsampled,MSK4_0011825,MSK4_0011825,60+,mskcc,2,False,2,0.0034918783,0.0038994672,0.89674413,0.048334993,0.0032533142,0.0072429273,0.03703339,0.010644659,,0.010644659,m7,-1,mskcc,42,m7_loao-mskcc_s42_in22k_v5scr,last
ISIC_0013423_downsampled,MSK4_0010676,MSK4_0010676,60+,mskcc,5,False,1,0.0124852685,0.7596626,0.008307501,0.045627847,0.0835545,0.040428992,0.049933307,0.8557024,,0.8557024,m7,-1,mskcc,42,m7_loao-mskcc_s42_in22k_v5scr,last
ISIC_0013424_downsampled,MSK4_0010677,MSK4_0010677,60+,mskcc,5,False,5,0.0038799322,0.022622269,0.0017173279,0.09238003,0.023853285,0.44980246,0.4057447,0.050355487,,0.050355487,m7,-1,mskcc,42,m7_loao-mskcc_s42_in22k_v5scr,last
ISIC_0013425_downsampled,MSK4_0011021,MSK4_0011021,60+,mskcc,5,False,5,0.013115791,0.0050975643,0.0020452559,0.074103355,0.05738133,0.8066461,0.041610587,0.07559468,,0.07559468,m7,-1,mskcc,42,m7_loao-mskcc_s42_in22k_v5scr,last
ISIC_0013428_downsampled,MSK4_0010253,MSK4_0010253,40-59,mskcc,5,False,5,0.0039539244,0.0038435992,0.004841768,0.040188458,0.008015441,0.907978,0.031178877,0.015812963,,0.015812963,m7,-1,mskcc,42,m7_loao-mskcc_s42_in22k_v5scr,last
ISIC_0013429_downsampled,MSK4_0010737,MSK4_0010737,60+,mskcc,4,True,5,0.008638964,0.004849448,0.004144729,0.052386645,0.011716837,0.87970746,0.03855589,0.025205249,,0.025205249,m7,-1,mskcc,42,m7_loao-mskcc_s42_in22k_v5scr,last
ISIC_0013430_downsampled,MSK4_0011826,MSK4_0011826,<40,mskcc,5,False,5,0.009224936,0.008998779,0.0054411483,0.055292636,0.0067414455,0.8678353,0.046465788,0.02496516,,0.02496516,m7,-1,mskcc,42,m7_loao-mskcc_s42_in22k_v5scr,last
ISIC_0013432_downsampled,MSK4_0010011,MSK4_0010011,60+,mskcc,5,False,5,0.009337789,0.0055922563,0.0038441324,0.060910303,0.025652703,0.8521084,0.042554427,0.040582746,,0.040582746,m7,-1,mskcc,42,m7_loao-mskcc_s42_in22k_v5scr,last
ISIC_0013437_downsampled,MSK4_0011831,MSK4_0011831,<40,mskcc,5,False,5,0.007514011,0.006088866,0.0061167995,0.05374588,0.004789919,0.882835,0.038909484,0.018392796,,0.018392796,m7,-1,mskcc,42,m7_loao-mskcc_s42_in22k_v5scr,last
ISIC_0013438_downsampled,MSK4_0011832,MSK4_0011832,60+,mskcc,5,False,5,0.012007898,0.11733919,0.0050632046,0.07608431,0.006900331,0.6862904,0.09631464,0.13624741,,0.13624741,m7,-1,mskcc,42,m7_loao-mskcc_s42_in22k_v5scr,last
ISIC_0013457_downsampled,MSK4_0010790,MSK4_0010790,40-59,mskcc,4,True,5,0.011570088,0.009853562,0.0041618925,0.06831211,0.08248966,0.7800096,0.04360305,0.10391331,,0.10391331,m7,-1,mskcc,42,m7_loao-mskcc_s42_in22k_v5scr,last
ISIC_0013458_downsampled,MSK4_0011836,MSK4_0011836,40-59,mskcc,2,False,5,0.003344623,0.0025214234,0.005067808,0.03559101,0.034599017,0.8916073,0.027268725,0.040465064,,0.040465064,m7,-1,mskcc,42,m7_loao-mskcc_s42_in22k_v5scr,last
ISIC_0013459_downsampled,MSK4_0011837,MSK4_0011837,40-59,mskcc,4,True,2,0.0041051316,0.0016416494,0.8678021,0.06771143,0.0043288697,0.02275724,0.031653684,0.010075651,,0.010075651,m7,-1,mskcc,42,m7_loao-mskcc_s42_in22k_v5scr,last
ISIC_0013472_downsampled,MSK4_0010015,MSK4_0010015,60+,mskcc,4,True,5,0.009566038,0.007872842,0.007680947,0.05458659,0.0076705315,0.8711809,0.041442107,0.025109412,,0.025109412,m7,-1,mskcc,42,m7_loao-mskcc_s42_in22k_v5scr,last
ISIC_0013480_downsampled,MSK4_0010339,MSK4_0010339,60+,mskcc,5,False,5,0.0017415176,0.003961421,0.004043986,0.04134782,0.002758051,0.9215211,0.024626018,0.00846099,,0.00846099,m7,-1,mskcc,42,m7_loao-mskcc_s42_in22k_v5scr,last
ISIC_0013487_downsampled,MSK4_0010432,MSK4_0010432,60+,mskcc,5,False,5,0.008280862,0.0050736926,0.0042999815,0.055541318,0.017356802,0.8711355,0.03831186,0.030711357,,0.030711357,m7,-1,mskcc,42,m7_loao-mskcc_s42_in22k_v5scr,last
ISIC_0013488_downsampled,MSK4_0010433,MSK4_0010433,60+,mskcc,5,False,5,0.010294571,0.006987135,0.006241901,0.04835174,0.008373459,0.87956816,0.04018291,0.025655165,,0.025655165,m7,-1,mskcc,42,m7_loao-mskcc_s42_in22k_v5scr,last
ISIC_0013490_downsampled,MSK4_0010005,MSK4_0010005,60+,mskcc,4,True,5,0.006679061,0.0034353312,0.0027024834,0.03471516,0.009774002,0.9222103,0.020483766,0.019888394,,0.019888394,m7,-1,mskcc,42,m7_loao-mskcc_s42_in22k_v5scr,last
ISIC_0013491_downsampled,MSK4_0010939,MSK4_0010939,60+,mskcc,4,True,5,0.008246654,0.006405611,0.0047281324,0.052165233,0.009739933,0.87852633,0.040188078,0.024392199,,0.024392199,m7,-1,mskcc,42,m7_loao-mskcc_s42_in22k_v5scr,last
ISIC_0013499_downsampled,MSK4_0010440,MSK4_0010440,60+,mskcc,4,True,5,0.006440255,0.0056888713,0.007475926,0.04600064,0.01235735,0.8877159,0.034321122,0.024486477,,0.024486477,m7,-1,mskcc,42,m7_loao-mskcc_s42_in22k_v5scr,last
ISIC_0013500_downsampled,MSK4_0010441,MSK4_0010441,60+,mskcc,4,True,5,0.0046983724,0.0043103215,0.004234104,0.047678825,0.010158458,0.8959018,0.03301807,0.019167151,,0.019167151,m7,-1,mskcc,42,m7_loao-mskcc_s42_in22k_v5scr,last
ISIC_0013501_downsampled,MSK4_0010442,MSK4_0010442,60+,mskcc,4,True,5,0.0010020968,0.00580556,0.006019299,0.040078342,0.026967466,0.8939671,0.026160212,0.03377512,,0.03377512,m7,-1,mskcc,42,m7_loao-mskcc_s42_in22k_v5scr,last
ISIC_0013517_downsampled,MSK4_0011047,MSK4_0011047,60+,mskcc,5,False,5,0.008567256,0.004921392,0.0062449165,0.054413553,0.005791141,0.88414663,0.035915118,0.01927979,,0.01927979,m7,-1,mskcc,42,m7_loao-mskcc_s42_in22k_v5scr,last
ISIC_0013518_downsampled,MSK4_0010738,MSK4_0010738,60+,mskcc,4,True,2,0.017755216,0.057501514,0.382533,0.090794094,0.18057282,0.18908633,0.08175694,0.25582954,,0.25582954,m7,-1,mskcc,42,m7_loao-mskcc_s42_in22k_v5scr,last
ISIC_0013523_downsampled,MSK4_0011049,MSK4_0011049,40-59,mskcc,5,False,5,0.008478095,0.005155059,0.011559935,0.06137904,0.0028642796,0.8705832,0.039980445,0.016497433,,0.016497433,m7,-1,mskcc,42,m7_loao-mskcc_s42_in22k_v5scr,last
ISIC_0013526_downsampled,MSK4_0010531,MSK4_0010531,40-59,mskcc,5,False,5,0.0073064314,0.004928092,0.0062424005,0.05533181,0.00773354,0.8732349,0.045222864,0.019968065,,0.019968065,m7,-1,mskcc,42,m7_loao-mskcc_s42_in22k_v5scr,last
ISIC_0013527_downsampled,MSK4_0010532,MSK4_0010532,40-59,mskcc,5,False,6,0.0015850011,0.0006673393,0.00042362395,0.009105513,0.0067467177,0.0003363898,0.9811354,0.008999058,,0.008999058,m7,-1,mskcc,42,m7_loao-mskcc_s42_in22k_v5scr,last
ISIC_0013529_downsampled,MSK4_0010534,MSK4_0010534,40-59,mskcc,5,False,5,0.008906965,0.0057376157,0.0055770767,0.05191089,0.011417208,0.8749934,0.0414569,0.026061788,,0.026061788,m7,-1,mskcc,42,m7_loao-mskcc_s42_in22k_v5scr,last
ISIC_0013552_downsampled,MSK4_0011058,MSK4_0011058,60+,mskcc,5,False,5,0.0031097003,0.008049162,0.013917842,0.03394983,0.008849145,0.8762158,0.055908456,0.020008007,,0.020008007,m7,-1,mskcc,42,m7_loao-mskcc_s42_in22k_v5scr,last
ISIC_0013567_downsampled,MSK4_0011065,MSK4_0011065,60+,mskcc,4,True,2,0.00967574,0.06217332,0.4122894,0.13510394,0.1671537,0.14404733,0.06955656,0.23900276,,0.23900276,m7,-1,mskcc,42,m7_loao-mskcc_s42_in22k_v5scr,last
ISIC_0013579_downsampled,MSK4_0010783,MSK4_0010783,60+,mskcc,4,True,2,0.13221377,0.079725355,0.26802316,0.08430617,0.18065141,0.16368376,0.09139638,0.39259052,,0.39259052,m7,-1,mskcc,42,m7_loao-mskcc_s42_in22k_v5scr,last
ISIC_0013584_downsampled,MSK4_0011843,MSK4_0011843,60+,mskcc,2,False,5,0.0019189838,0.013988065,0.0054573365,0.04613003,0.01763064,0.89291567,0.02195925,0.03353769,,0.03353769,m7,-1,mskcc,42,m7_loao-mskcc_s42_in22k_v5scr,last
ISIC_0013592_downsampled,MSK4_0011846,MSK4_0011846,<40,mskcc,5,False,5,0.011419477,0.003778365,0.0020417818,0.061556093,0.049115628,0.8007951,0.07129349,0.06431347,,0.06431347,m7,-1,mskcc,42,m7_loao-mskcc_s42_in22k_v5scr,last
ISIC_0013594_downsampled,__singleton__ISIC_0012290_downsampled,MSK4_0010729,60+,mskcc,4,True,4,0.049268622,0.07702664,0.0026626615,0.38786122,0.43674624,0.005803767,0.040630847,0.5630415,,0.5630415,m7,-1,mskcc,42,m7_loao-mskcc_s42_in22k_v5scr,last
ISIC_0013596_downsampled,MSK4_0010503,MSK4_0010503,60+,mskcc,5,False,5,0.004610789,0.0076754745,0.006639891,0.047533654,0.009068435,0.8900625,0.034409262,0.021354698,,0.021354698,m7,-1,mskcc,42,m7_loao-mskcc_s42_in22k_v5scr,last
ISIC_0013601_downsampled,MSK4_0010508,MSK4_0010508,60+,mskcc,5,False,5,0.0045852577,0.019290186,0.0017407584,0.047540974,0.001462803,0.8982698,0.027110165,0.025338247,,0.025338247,m7,-1,mskcc,42,m7_loao-mskcc_s42_in22k_v5scr,last
ISIC_0013603_downsampled,MSK4_0010510,MSK4_0010510,60+,mskcc,5,False,5,0.0075466754,0.008234665,0.00749586,0.058173772,0.00973153,0.86378586,0.045031697,0.02551287,,0.02551287,m7,-1,mskcc,42,m7_loao-mskcc_s42_in22k_v5scr,last
ISIC_0013618_downsampled,MSK4_0010712,MSK4_0010712,60+,mskcc,4,True,5,0.013109815,0.0055348407,0.09260054,0.044708945,0.13712083,0.66982627,0.037098814,0.15576549,,0.15576549,m7,-1,mskcc,42,m7_loao-mskcc_s42_in22k_v5scr,last
ISIC_0013621_downsampled,MSK4_0010124,MSK4_0010124,60+,mskcc,2,False,2,0.089767225,0.06802247,0.67659676,0.065786265,0.04726555,0.015775962,0.03678575,0.20505524,,0.20505524,m7,-1,mskcc,42,m7_loao-mskcc_s42_in22k_v5scr,last
ISIC_0013625_downsampled,MSK4_0010251,MSK4_0010251,60+,mskcc,2,False,5,0.012135632,0.010104602,0.0049243076,0.0619414,0.009139386,0.8612382,0.04051649,0.03137962,,0.03137962,m7,-1,mskcc,42,m7_loao-mskcc_s42_in22k_v5scr,last
ISIC_0013636_downsampled,MSK4_0010792,MSK4_0010792,40-59,mskcc,4,True,5,0.003767337,0.022412915,0.006228764,0.09552899,0.17682435,0.619275,0.075962715,0.2030046,,0.2030046,m7,-1,mskcc,42,m7_loao-mskcc_s42_in22k_v5scr,last
ISIC_0013639_downsampled,MSK4_0010040,MSK4_0010040,40-59,mskcc,4,True,5,0.0073980554,0.0059222546,0.0044228937,0.05933041,0.030575467,0.8438831,0.048467904,0.043895777,,0.043895777,m7,-1,mskcc,42,m7_loao-mskcc_s42_in22k_v5scr,last
ISIC_0013644_downsampled,MSK4_0010827,MSK4_0010827,40-59,mskcc,4,True,5,0.00745936,0.014395437,0.00249571,0.035594553,0.008178267,0.9069842,0.024892444,0.030033063,,0.030033063,m7,-1,mskcc,42,m7_loao-mskcc_s42_in22k_v5scr,last
ISIC_0013651_downsampled,MSK4_0010312,MSK4_0010312,60+,mskcc,4,True,5,0.006095456,0.0044449694,0.07126504,0.06698804,0.013025862,0.7925383,0.045642324,0.023566287,,0.023566287,m7,-1,mskcc,42,m7_loao-mskcc_s42_in22k_v5scr,last
ISIC_0013656_downsampled,MSK4_0010682,MSK4_0010682,60+,mskcc,5,False,5,0.006044909,0.0060982076,0.0033729041,0.038951475,0.010847039,0.8836302,0.05105526,0.022990156,,0.022990156,m7,-1,mskcc,42,m7_loao-mskcc_s42_in22k_v5scr,last
ISIC_0013663_downsampled,MSK4_0010102,MSK4_0010102,40-59,mskcc,4,True,5,0.0027264452,0.0103792865,0.00633101,0.12136844,0.009717668,0.81707215,0.032404948,0.0228234,,0.0228234,m7,-1,mskcc,42,m7_loao-mskcc_s42_in22k_v5scr,last
ISIC_0013667_downsampled,MSK4_0010553,MSK4_0010553,40-59,mskcc,2,False,5,0.0031583472,0.0026493706,0.0065358123,0.034275167,0.0034394914,0.9256679,0.024273902,0.009247209,,0.009247209,m7,-1,mskcc,42,m7_loao-mskcc_s42_in22k_v5scr,last
ISIC_0013670_downsampled,MSK4_0010163,MSK4_0010163,60+,mskcc,5,False,5,0.0032256972,0.004153578,0.0024196294,0.041887365,0.02519732,0.89808625,0.025030017,0.032576595,,0.032576595,m7,-1,mskcc,42,m7_loao-mskcc_s42_in22k_v5scr,last
ISIC_0013671_downsampled,MSK4_0010450,MSK4_0010450,40-59,mskcc,4,True,5,0.010676718,0.007385147,0.0067567863,0.058684617,0.003556621,0.87174714,0.04119301,0.021618485,,0.021618485,m7,-1,mskcc,42,m7_loao-mskcc_s42_in22k_v5scr,last
ISIC_0013672_downsampled,MSK4_0010451,MSK4_0010451,40-59,mskcc,4,True,5,0.008949872,0.0062210686,0.0046664737,0.0491094,0.004408881,0.89167744,0.03496686,0.019579822,,0.019579822,m7,-1,mskcc,42,m7_loao-mskcc_s42_in22k_v5scr,last
ISIC_0013675_downsampled,MSK4_0011853,MSK4_0011853,60+,mskcc,5,False,5,0.010046476,0.00713943,0.005934712,0.057024736,0.0047497214,0.86855584,0.046549108,0.021935627,,0.021935627,m7,-1,mskcc,42,m7_loao-mskcc_s42_in22k_v5scr,last
ISIC_0013676_downsampled,MSK4_0010981,MSK4_0010981,40-59,mskcc,5,False,5,0.007202691,0.004551264,0.006657761,0.050151452,0.0055688582,0.8936086,0.032259326,0.017322812,,0.017322812,m7,-1,mskcc,42,m7_loao-mskcc_s42_in22k_v5scr,last
ISIC_0013680_downsampled,MSK4_0010604,MSK4_0010604,40-59,mskcc,2,False,1,0.10759915,0.55653995,0.0069934414,0.13955313,0.004272855,0.11895472,0.0660867,0.66841197,,0.66841197,m7,-1,mskcc,42,m7_loao-mskcc_s42_in22k_v5scr,last
ISIC_0013682_downsampled,MSK4_0011854,MSK4_0011854,60+,mskcc,2,False,3,0.22156301,0.072829984,0.009538084,0.40662327,0.1643343,0.007994244,0.11711712,0.4587273,,0.4587273,m7,-1,mskcc,42,m7_loao-mskcc_s42_in22k_v5scr,last
ISIC_0013684_downsampled,MSK4_0010628,MSK4_0010628,60+,mskcc,2,False,0,0.8154757,0.0022783328,0.12165088,0.031654455,0.0052055926,0.0012665036,0.022468444,0.8229596,,0.8229596,m7,-1,mskcc,42,m7_loao-mskcc_s42_in22k_v5scr,last
ISIC_0013688_downsampled,MSK4_0010454,MSK4_0010454,40-59,mskcc,5,False,5,0.010099617,0.009706354,0.004483272,0.05633285,0.0042808945,0.86986786,0.045229185,0.024086867,,0.024086867,m7,-1,mskcc,42,m7_loao-mskcc_s42_in22k_v5scr,last
ISIC_0013689_downsampled,MSK4_0010455,MSK4_0010455,40-59,mskcc,5,False,5,0.010369148,0.0062475875,0.0064702993,0.055449225,0.00813241,0.8739609,0.039370403,0.024749145,,0.024749145,m7,-1,mskcc,42,m7_loao-mskcc_s42_in22k_v5scr,last
ISIC_0013690_downsampled,MSK4_0010456,MSK4_0010456,40-59,mskcc,5,False,5,0.004513333,0.0024865568,0.002433927,0.0531915,0.0091673685,0.86956507,0.058642205,0.016167259,,0.016167259,m7,-1,mskcc,42,m7_loao-mskcc_s42_in22k_v5scr,last
ISIC_0013691_downsampled,MSK4_0010074,MSK4_0010074,60+,mskcc,2,False,2,0.008804283,0.009403844,0.8912599,0.04817992,0.0040311906,0.0047100815,0.033610888,0.022239318,,0.022239318,m7,-1,mskcc,42,m7_loao-mskcc_s42_in22k_v5scr,last
ISIC_0013695_downsampled,MSK4_0010392,MSK4_0010392,40-59,mskcc,5,False,5,0.0068812966,0.006102569,0.0056369314,0.053198177,0.0050996463,0.8861452,0.03693636,0.018083513,,0.018083513,m7,-1,mskcc,42,m7_loao-mskcc_s42_in22k_v5scr,last
ISIC_0013702_downsampled,MSK4_0010829,MSK4_0010829,40-59,mskcc,4,True,5,0.009367372,0.005774296,0.004902732,0.05562471,0.007342707,0.8763464,0.0406417,0.022484375,,0.022484375,m7,-1,mskcc,42,m7_loao-mskcc_s42_in22k_v5scr,last
ISIC_0013706_downsampled,MSK4_0010179,MSK4_0010179,60+,mskcc,2,False,0,0.876887,0.035255644,0.016809376,0.02458931,0.00033284098,0.01803975,0.02808613,0.9124755,,0.9124755,m7,-1,mskcc,42,m7_loao-mskcc_s42_in22k_v5scr,last
ISIC_0013707_downsampled,MSK4_0010180,MSK4_0010180,60+,mskcc,2,False,2,0.11934818,0.0012987582,0.78704476,0.050485022,0.0017645432,0.00074984,0.039308913,0.12241148,,0.12241148,m7,-1,mskcc,42,m7_loao-mskcc_s42_in22k_v5scr,last
ISIC_0013709_downsampled,MSK4_0010526,MSK4_0010526,60+,mskcc,2,False,0,0.83319145,0.0067724255,0.06960119,0.049345598,0.005456904,0.005235853,0.03039665,0.8454208,,0.8454208,m7,-1,mskcc,42,m7_loao-mskcc_s42_in22k_v5scr,last
ISIC_0013712_downsampled,MSK4_0010016,MSK4_0010016,60+,mskcc,5,False,5,0.004719693,0.010047936,0.0044214376,0.042953365,0.011001337,0.89861447,0.028241804,0.025768965,,0.025768965,m7,-1,mskcc,42,m7_loao-mskcc_s42_in22k_v5scr,last
ISIC_0013721_downsampled,MSK4_0010361,MSK4_0010361,60+,mskcc,5,False,4,0.2364756,0.12043735,0.026543869,0.043478835,0.4102118,0.010155287,0.15269731,0.7671248,,0.7671248,m7,-1,mskcc,42,m7_loao-mskcc_s42_in22k_v5scr,last
ISIC_0013725_downsampled,MSK4_0010238,MSK4_0010238,60+,mskcc,2,False,1,0.008253402,0.7463307,0.11859383,0.08115164,0.0067235064,0.001742545,0.037204422,0.7613076,,0.7613076,m7,-1,mskcc,42,m7_loao-mskcc_s42_in22k_v5scr,last
ISIC_0013731_downsampled,MSK4_0010106,MSK4_0010106,60+,mskcc,2,False,2,0.1841611,0.17263697,0.5255433,0.09178123,0.00030176216,0.008450556,0.017125102,0.3570998,,0.3570998,m7,-1,mskcc,42,m7_loao-mskcc_s42_in22k_v5scr,last
ISIC_0013733_downsampled,MSK4_0010108,MSK4_0010108,60+,mskcc,4,True,5,0.005416988,0.0006699165,0.0635066,0.05325702,0.0013034551,0.85590476,0.019941242,0.0073903594,,0.0073903594,m7,-1,mskcc,42,m7_loao-mskcc_s42_in22k_v5scr,last
ISIC_0013737_downsampled,MSK4_0011860,MSK4_0011860,<40,mskcc,5,False,5,0.0076272823,0.0052147526,0.004868689,0.049677942,0.0076002204,0.8891535,0.035857674,0.020442255,,0.020442255,m7,-1,mskcc,42,m7_loao-mskcc_s42_in22k_v5scr,last
ISIC_0013738_downsampled,MSK4_0011861,MSK4_0011861,<40,mskcc,5,False,5,0.008058025,0.004650352,0.0043669334,0.050934087,0.011098762,0.88737446,0.033517323,0.023807138,,0.023807138,m7,-1,mskcc,42,m7_loao-mskcc_s42_in22k_v5scr,last
ISIC_0013739_downsampled,MSK4_0010964,MSK4_0010964,40-59,mskcc,4,True,5,0.08708566,0.0046586297,0.3231435,0.09908731,0.063542135,0.37427074,0.04821198,0.15528643,,0.15528643,m7,-1,mskcc,42,m7_loao-mskcc_s42_in22k_v5scr,last
ISIC_0013748_downsampled,MSK4_0011079,MSK4_0011079,40-59,mskcc,5,False,5,0.017824342,0.009160815,0.0032322498,0.055882037,0.003568594,0.87811905,0.03221287,0.03055375,,0.03055375,m7,-1,mskcc,42,m7_loao-mskcc_s42_in22k_v5scr,last
ISIC_0013762_downsampled,MSK4_0010014,MSK4_0010014,60+,mskcc,4,True,4,0.013153371,0.012869896,0.03283419,0.060842093,0.6591716,0.051774666,0.16935423,0.68519485,,0.68519485,m7,-1,mskcc,42,m7_loao-mskcc_s42_in22k_v5scr,last
ISIC_0013766_downsampled,MSK4_0010680,MSK4_0010680,60+,mskcc,4,True,5,0.0074844724,0.0043107606,0.0035155828,0.049767543,0.016311804,0.88985956,0.028750312,0.028107036,,0.028107036,m7,-1,mskcc,42,m7_loao-mskcc_s42_in22k_v5scr,last
ISIC_0013767_downsampled,MSK4_0010748,MSK4_0010748,60+,mskcc,4,True,5,0.006897537,0.0017700103,0.01794697,0.025841393,0.07742487,0.8472222,0.022897,0.08609241,,0.08609241,m7,-1,mskcc,42,m7_loao-mskcc_s42_in22k_v5scr,last
ISIC_0013772_downsampled,MSK4_0010227,MSK4_0010227,60+,mskcc,5,False,5,0.007828136,0.00510427,0.023308517,0.06265534,0.0124949245,0.8499632,0.0386457,0.02542733,,0.02542733,m7,-1,mskcc,42,m7_loao-mskcc_s42_in22k_v5scr,last
ISIC_0013777_downsampled,MSK4_0010919,MSK4_0010919,60+,mskcc,4,True,5,0.005115395,0.058956567,0.0097227115,0.070266455,0.008769476,0.80820644,0.03896296,0.072841436,,0.072841436,m7,-1,mskcc,42,m7_loao-mskcc_s42_in22k_v5scr,last
ISIC_0013782_downsampled,MSK4_0010562,MSK4_0010562,60+,mskcc,2,False,2,0.06509649,0.032070015,0.51459336,0.10185031,0.003274183,0.13252346,0.15059215,0.10044069,,0.10044069,m7,-1,mskcc,42,m7_loao-mskcc_s42_in22k_v5scr,last
ISIC_0013783_downsampled,MSK4_0010703,MSK4_0010703,60+,mskcc,4,True,5,0.0023430823,0.0052554905,0.07078455,0.05221696,0.066842586,0.76407677,0.038480494,0.07444116,,0.07444116,m7,-1,mskcc,42,m7_loao-mskcc_s42_in22k_v5scr,last
ISIC_0013794_downsampled,MSK4_0011083,MSK4_0011083,40-59,mskcc,5,False,5,0.010944433,0.0071348227,0.007384932,0.06088512,0.0072795004,0.8610475,0.04532363,0.025358755,,0.025358755,m7,-1,mskcc,42,m7_loao-mskcc_s42_in22k_v5scr,last
ISIC_0013795_downsampled,MSK4_0011084,MSK4_0011084,40-59,mskcc,5,False,5,0.009389918,0.00645004,0.005227563,0.054846626,0.01042369,0.874071,0.039591186,0.026263649,,0.026263649,m7,-1,mskcc,42,m7_loao-mskcc_s42_in22k_v5scr,last
ISIC_0013797_downsampled,MSK4_0011086,MSK4_0011086,40-59,mskcc,5,False,5,0.009555407,0.0050919345,0.0037661723,0.052593235,0.06721539,0.8220368,0.039741132,0.08186273,,0.08186273,m7,-1,mskcc,42,m7_loao-mskcc_s42_in22k_v5scr,last
ISIC_0013799_downsampled,MSK4_0011088,MSK4_0011088,40-59,mskcc,5,False,5,0.009451808,0.006742661,0.008386961,0.062450543,0.009842756,0.8533498,0.049775407,0.026037227,,0.026037227,m7,-1,mskcc,42,m7_loao-mskcc_s42_in22k_v5scr,last
ISIC_0013801_downsampled,MSK4_0011090,MSK4_0011090,40-59,mskcc,5,False,5,0.011379556,0.0089472905,0.00608674,0.058678303,0.0063287946,0.86536103,0.04321825,0.02665564,,0.02665564,m7,-1,mskcc,42,m7_loao-mskcc_s42_in22k_v5scr,last
ISIC_0013802_downsampled,MSK4_0011091,MSK4_0011091,40-59,mskcc,5,False,5,0.0045822463,0.0022603509,0.0017873133,0.04445914,0.017884254,0.8615976,0.067429066,0.024726853,,0.024726853,m7,-1,mskcc,42,m7_loao-mskcc_s42_in22k_v5scr,last
ISIC_0013803_downsampled,MSK4_0011092,MSK4_0011092,40-59,mskcc,5,False,5,0.013419127,0.008863933,0.0054867063,0.09578911,0.09404626,0.7226681,0.059726726,0.11632932,,0.11632932,m7,-1,mskcc,42,m7_loao-mskcc_s42_in22k_v5scr,last
ISIC_0013804_downsampled,MSK4_0011094,MSK4_0011094,40-59,mskcc,5,False,5,0.011998142,0.0060638934,0.003872951,0.075052984,0.35923722,0.5053093,0.0384655,0.37729925,,0.37729925,m7,-1,mskcc,42,m7_loao-mskcc_s42_in22k_v5scr,last
ISIC_0013805_downsampled,MSK4_0011095,MSK4_0011095,40-59,mskcc,5,False,5,0.014514054,0.0071103377,0.0064525586,0.058129154,0.0069352123,0.8655683,0.041290432,0.028559605,,0.028559605,m7,-1,mskcc,42,m7_loao-mskcc_s42_in22k_v5scr,last
ISIC_0013807_downsampled,MSK4_0011097,MSK4_0011097,40-59,mskcc,5,False,5,0.0092392415,0.006146345,0.005362474,0.062302977,0.011832649,0.8654326,0.0396837,0.027218236,,0.027218236,m7,-1,mskcc,42,m7_loao-mskcc_s42_in22k_v5scr,last
ISIC_0013808_downsampled,MSK4_0011098,MSK4_0011098,40-59,mskcc,5,False,5,0.009762733,0.0060430714,0.005723503,0.05783213,0.010876875,0.8684894,0.04127223,0.02668268,,0.02668268,m7,-1,mskcc,42,m7_loao-mskcc_s42_in22k_v5scr,last
ISIC_0013809_downsampled,MSK4_0010970,MSK4_0010970,60+,mskcc,5,False,5,0.00351506,0.0035691329,0.3248166,0.039182335,0.008572935,0.5936968,0.026647082,0.015657127,,0.015657127,m7,-1,mskcc,42,m7_loao-mskcc_s42_in22k_v5scr,last
ISIC_0013817_downsampled,MSK4_0010066,MSK4_0010066,60+,mskcc,2,False,2,0.01968165,0.01890803,0.43437868,0.13294277,0.009258287,0.29119152,0.093639046,0.047847964,,0.047847964,m7,-1,mskcc,42,m7_loao-mskcc_s42_in22k_v5scr,last
ISIC_0013819_downsampled,MSK4_0010281,MSK4_0010281,60+,mskcc,5,False,5,0.006021167,0.010615457,0.009721,0.09374976,0.0020286266,0.8457095,0.032154392,0.018665252,,0.018665252,m7,-1,mskcc,42,m7_loao-mskcc_s42_in22k_v5scr,last
ISIC_0013835_downsampled,MSK4_0011865,MSK4_0011865,40-59,mskcc,5,False,6,0.029276233,0.2033601,0.0021792008,0.057109125,0.0043332838,0.021466061,0.68227607,0.23696962,,0.23696962,m7,-1,mskcc,42,m7_loao-mskcc_s42_in22k_v5scr,last
ISIC_0013836_downsampled,MSK4_0011866,MSK4_0011866,<40,mskcc,5,False,5,0.0061705504,0.0053738593,0.021032648,0.061088484,0.0034025693,0.86012506,0.042806886,0.0149469795,,0.0149469795,m7,-1,mskcc,42,m7_loao-mskcc_s42_in22k_v5scr,last
ISIC_0013837_downsampled,MSK4_0010949,MSK4_0010949,40-59,mskcc,5,False,5,0.0058643618,0.0028588152,0.0031921798,0.055636063,0.020703325,0.8716766,0.040068608,0.029426502,,0.029426502,m7,-1,mskcc,42,m7_loao-mskcc_s42_in22k_v5scr,last
ISIC_0013840_downsampled,MSK4_0010696,MSK4_0010696,60+,mskcc,4,True,4,0.010575221,0.054775592,0.06224288,0.08409369,0.51127446,0.1847408,0.0922974,0.5766253,,0.5766253,m7,-1,mskcc,42,m7_loao-mskcc_s42_in22k_v5scr,last
ISIC_0013841_downsampled,MSK4_0010551,MSK4_0010551,60+,mskcc,2,False,2,0.010776908,0.0037320852,0.88137925,0.049988408,0.017244339,0.0025869438,0.03429211,0.03175333,,0.03175333,m7,-1,mskcc,42,m7_loao-mskcc_s42_in22k_v5scr,last
ISIC_0013842_downsampled,MSK4_0010755,MSK4_0010755,60+,mskcc,4,True,5,0.0061238245,0.0028369322,0.0051938975,0.062662914,0.019861031,0.87578136,0.027540041,0.028821789,,0.028821789,m7,-1,mskcc,42,m7_loao-mskcc_s42_in22k_v5scr,last
ISIC_0013844_downsampled,MSK4_0010757,MSK4_0010757,60+,mskcc,4,True,5,0.0070825266,0.006134798,0.006041441,0.061399184,0.02442689,0.85194325,0.042971954,0.037644215,,0.037644215,m7,-1,mskcc,42,m7_loao-mskcc_s42_in22k_v5scr,last
ISIC_0013845_downsampled,MSK4_0010758,MSK4_0010758,60+,mskcc,4,True,1,0.0016092297,0.78880024,0.0006664568,0.039761983,0.010736003,0.07169194,0.086734205,0.80114543,,0.80114543,m7,-1,mskcc,42,m7_loao-mskcc_s42_in22k_v5scr,last
ISIC_0013861_downsampled,MSK4_0010014,MSK4_0010014,60+,mskcc,4,True,4,0.0046376544,0.01870358,0.17803028,0.15047148,0.41187048,0.16735876,0.06892776,0.43521172,,0.43521172,m7,-1,mskcc,42,m7_loao-mskcc_s42_in22k_v5scr,last
ISIC_0013862_downsampled,MSK4_0010709,MSK4_0010709,60+,mskcc,5,False,5,0.004676103,0.011544305,0.0065553677,0.056840573,0.011839277,0.8768012,0.031743106,0.028059684,,0.028059684,m7,-1,mskcc,42,m7_loao-mskcc_s42_in22k_v5scr,last
ISIC_0013863_downsampled,MSK4_0010535,MSK4_0010535,40-59,mskcc,2,False,6,0.015261688,0.0053397976,0.0010344682,0.022989651,0.0015299323,0.005495476,0.948349,0.022131417,,0.022131417,m7,-1,mskcc,42,m7_loao-mskcc_s42_in22k_v5scr,last
ISIC_0013867_downsampled,MSK4_0010208,MSK4_0010208,60+,mskcc,4,True,1,0.033323217,0.8932708,0.006735615,0.026213922,0.00834515,0.013466239,0.01864505,0.93493915,,0.93493915,m7,-1,mskcc,42,m7_loao-mskcc_s42_in22k_v5scr,last
ISIC_0013874_downsampled,MSK4_0010029,MSK4_0010029,60+,mskcc,4,True,5,0.011500087,0.0060339067,0.0027560175,0.057112068,0.045178894,0.8326541,0.044764902,0.062712885,,0.062712885,m7,-1,mskcc,42,m7_loao-mskcc_s42_in22k_v5scr,last
ISIC_0013886_downsampled,MSK4_0010519,MSK4_0010519,60+,mskcc,5,False,5,0.010462408,0.007860332,0.006247827,0.054262124,0.0077443784,0.87261266,0.04081032,0.02606712,,0.02606712,m7,-1,mskcc,42,m7_loao-mskcc_s42_in22k_v5scr,last
ISIC_0013888_downsampled,MSK4_0010521,MSK4_0010521,60+,mskcc,5,False,5,0.006840068,0.0034813792,0.0051546623,0.05142373,0.011037242,0.8639609,0.05810206,0.02135869,,0.02135869,m7,-1,mskcc,42,m7_loao-mskcc_s42_in22k_v5scr,last
ISIC_0013890_downsampled,MSK4_0010631,MSK4_0010631,60+,mskcc,2,False,6,0.005176166,0.0008624797,0.15134744,0.021702152,0.0013843375,0.0030247818,0.8165027,0.007422983,,0.007422983,m7,-1,mskcc,42,m7_loao-mskcc_s42_in22k_v5scr,last
ISIC_0013896_downsampled,MSK4_0010988,MSK4_0010988,40-59,mskcc,5,False,5,0.008011341,0.0053730225,0.0051656165,0.052258167,0.01207901,0.8786034,0.03850949,0.025463372,,0.025463372,m7,-1,mskcc,42,m7_loao-mskcc_s42_in22k_v5scr,last
ISIC_0013898_downsampled,MSK4_0010098,MSK4_0010098,40-59,mskcc,5,False,4,0.007243356,0.003787477,0.0021602097,0.05816057,0.49883187,0.38875806,0.041058525,0.5098627,,0.5098627,m7,-1,mskcc,42,m7_loao-mskcc_s42_in22k_v5scr,last
ISIC_0013908_downsampled,MSK4_0010423,MSK4_0010423,60+,mskcc,4,True,6,0.0063027684,0.0045559127,0.055290114,0.07081184,0.24406737,0.29919368,0.31977832,0.25492606,,0.25492606,m7,-1,mskcc,42,m7_loao-mskcc_s42_in22k_v5scr,last
ISIC_0013910_downsampled,MSK4_0010425,MSK4_0010425,60+,mskcc,2,False,6,0.22189757,0.14543526,0.011632526,0.07530196,0.039327115,0.07789254,0.42851308,0.40665993,,0.40665993,m7,-1,mskcc,42,m7_loao-mskcc_s42_in22k_v5scr,last
ISIC_0013918_downsampled,MSK4_0010626,MSK4_0010626,60+,mskcc,2,False,5,0.012538256,0.005239484,0.027701298,0.058550578,0.00073294825,0.84600794,0.04922953,0.01851069,,0.01851069,m7,-1,mskcc,42,m7_loao-mskcc_s42_in22k_v5scr,last
ISIC_0013922_downsampled,MSK4_0010142,MSK4_0010142,60+,mskcc,5,False,5,0.008706835,0.005420869,0.0050770533,0.055129174,0.013907022,0.871984,0.03977503,0.028034726,,0.028034726,m7,-1,mskcc,42,m7_loao-mskcc_s42_in22k_v5scr,last
ISIC_0013927_downsampled,MSK4_0011881,MSK4_0011881,60+,mskcc,2,False,2,0.028326727,0.0022708245,0.86111784,0.04980241,0.006657109,0.00290097,0.04892415,0.03725466,,0.03725466,m7,-1,mskcc,42,m7_loao-mskcc_s42_in22k_v5scr,last
ISIC_0013933_downsampled,MSK4_0011107,MSK4_0011107,60+,mskcc,2,False,1,0.022326931,0.7789063,0.11165087,0.043904968,0.0031274597,0.003555233,0.036528196,0.8043607,,0.8043607,m7,-1,mskcc,42,m7_loao-mskcc_s42_in22k_v5scr,last
ISIC_0013935_downsampled,MSK4_0010016,MSK4_0010016,60+,mskcc,5,False,5,0.011428711,0.011678098,0.026145771,0.07798133,0.13828689,0.6746607,0.059818584,0.1613937,,0.1613937,m7,-1,mskcc,42,m7_loao-mskcc_s42_in22k_v5scr,last
ISIC_0013942_downsampled,MSK4_0010875,MSK4_0010875,40-59,mskcc,5,False,5,0.008864134,0.0055561983,0.0069183856,0.06077794,0.019190475,0.8660544,0.032638587,0.033610806,,0.033610806,m7,-1,mskcc,42,m7_loao-mskcc_s42_in22k_v5scr,last
ISIC_0013946_downsampled,MSK4_0010585,MSK4_0010585,40-59,mskcc,5,False,5,0.0014553827,0.0052842167,0.23746553,0.24647753,0.0059115267,0.47889215,0.024513662,0.012651127,,0.012651127,m7,-1,mskcc,42,m7_loao-mskcc_s42_in22k_v5scr,last
ISIC_0013948_downsampled,MSK4_0010230,MSK4_0010230,60+,mskcc,4,True,4,0.00620104,0.0077693737,0.003490974,0.07345148,0.6208005,0.22708738,0.061199255,0.63477093,,0.63477093,m7,-1,mskcc,42,m7_loao-mskcc_s42_in22k_v5scr,last
ISIC_0013961_downsampled,MSK4_0010328,MSK4_0010328,<40,mskcc,5,False,6,0.00049711036,0.000829056,0.0002947084,0.010148758,0.0006826829,0.002502593,0.985045,0.0020088493,,0.0020088493,m7,-1,mskcc,42,m7_loao-mskcc_s42_in22k_v5scr,last
ISIC_0013965_downsampled,MSK4_0010646,MSK4_0010646,60+,mskcc,5,False,6,0.04352208,0.013260065,0.063678384,0.062078662,0.013574124,0.01106961,0.79281706,0.070356265,,0.070356265,m7,-1,mskcc,42,m7_loao-mskcc_s42_in22k_v5scr,last
ISIC_0013969_downsampled,MSK4_0010015,MSK4_0010015,60+,mskcc,4,True,5,0.012064961,0.0054710004,0.009838282,0.045477193,0.0068848715,0.88489926,0.035364315,0.024420833,,0.024420833,m7,-1,mskcc,42,m7_loao-mskcc_s42_in22k_v5scr,last
ISIC_0013972_downsampled,MSK4_0010697,MSK4_0010697,60+,mskcc,4,True,1,0.009493336,0.74607766,0.04418253,0.0515724,0.007739047,0.093360715,0.047574285,0.7633101,,0.7633101,m7,-1,mskcc,42,m7_loao-mskcc_s42_in22k_v5scr,last
ISIC_0013977_downsampled,MSK4_0010048,MSK4_0010048,60+,mskcc,2,False,6,0.005699645,0.033356037,0.0018371879,0.01638015,0.0013633986,0.001069212,0.9402944,0.040419083,,0.040419083,m7,-1,mskcc,42,m7_loao-mskcc_s42_in22k_v5scr,last
ISIC_0013982_downsampled,MSK4_0010621,MSK4_0010621,60+,mskcc,5,False,5,0.020311141,0.13380358,0.037064657,0.08066784,0.0059489394,0.67408776,0.048116017,0.16006367,,0.16006367,m7,-1,mskcc,42,m7_loao-mskcc_s42_in22k_v5scr,last
ISIC_0013984_downsampled,MSK4_0010042,MSK4_0010042,60+,mskcc,4,True,5,0.0073957457,0.0069487006,0.0037824998,0.06849525,0.03940879,0.82357126,0.050397657,0.05375324,,0.05375324,m7,-1,mskcc,42,m7_loao-mskcc_s42_in22k_v5scr,last
ISIC_0013987_downsampled,MSK4_0010905,MSK4_0010905,60+,mskcc,4,True,5,0.001338742,0.010449776,0.002171958,0.033876136,0.0048864186,0.9275677,0.01970928,0.016674936,,0.016674936,m7,-1,mskcc,42,m7_loao-mskcc_s42_in22k_v5scr,last
ISIC_0013998_downsampled,MSK4_0010010,MSK4_0010010,40-59,mskcc,5,False,6,0.016311543,0.11436727,0.012532549,0.11715277,0.009722627,0.33389533,0.3960179,0.14040144,,0.14040144,m7,-1,mskcc,42,m7_loao-mskcc_s42_in22k_v5scr,last
ISIC_0014004_downsampled,MSK4_0010474,MSK4_0010474,40-59,mskcc,5,False,5,0.054923378,0.0075936774,0.00813776,0.048708014,0.0020942173,0.8201328,0.058410056,0.06461127,,0.06461127,m7,-1,mskcc,42,m7_loao-mskcc_s42_in22k_v5scr,last
ISIC_0014006_downsampled,MSK4_0011898,MSK4_0011898,60+,mskcc,2,False,6,0.20483199,0.006513829,0.13721606,0.03342364,0.009571581,0.0041614003,0.6042815,0.2209174,,0.2209174,m7,-1,mskcc,42,m7_loao-mskcc_s42_in22k_v5scr,last
ISIC_0014027_downsampled,MSK4_0010586,MSK4_0010586,40-59,mskcc,4,True,5,0.006427201,0.005832257,0.009643795,0.051914718,0.004537285,0.8832941,0.038350545,0.016796743,,0.016796743,m7,-1,mskcc,42,m7_loao-mskcc_s42_in22k_v5scr,last
ISIC_0014029_downsampled,MSK4_0010033,MSK4_0010033,<40,mskcc,2,False,2,0.008683499,0.007294447,0.8616885,0.05981588,0.0034268682,0.0077339397,0.05135695,0.019404814,,0.019404814,m7,-1,mskcc,42,m7_loao-mskcc_s42_in22k_v5scr,last
ISIC_0014031_downsampled,MSK4_0010035,MSK4_0010035,<40,mskcc,2,False,5,0.0132249165,0.01875919,0.012841999,0.08751611,0.07628064,0.7281669,0.06321026,0.108264744,,0.108264744,m7,-1,mskcc,42,m7_loao-mskcc_s42_in22k_v5scr,last
ISIC_0014032_downsampled,MSK4_0010292,MSK4_0010292,60+,mskcc,2,False,2,0.0023164344,0.011980275,0.9047404,0.052621033,0.00077784725,0.0025982438,0.024965826,0.015074556,,0.015074556,m7,-1,mskcc,42,m7_loao-mskcc_s42_in22k_v5scr,last
ISIC_0014037_downsampled,MSK4_0010061,MSK4_0010061,60+,mskcc,4,True,4,0.1461208,0.05575041,0.19721662,0.15568379,0.3516902,0.0013805373,0.09215765,0.55356145,,0.55356145,m7,-1,mskcc,42,m7_loao-mskcc_s42_in22k_v5scr,last
ISIC_0014038_downsampled,MSK4_0011904,MSK4_0011904,40-59,mskcc,2,False,0,0.6325647,0.0066330563,0.26124942,0.067354836,0.0017889026,0.0012236681,0.029185416,0.6409867,,0.6409867,m7,-1,mskcc,42,m7_loao-mskcc_s42_in22k_v5scr,last
ISIC_0014045_downsampled,MSK4_0011113,MSK4_0011113,60+,mskcc,5,False,1,0.04598828,0.43462017,0.018571349,0.36615273,0.0070795924,0.035963003,0.09162488,0.48768806,,0.48768806,m7,-1,mskcc,42,m7_loao-mskcc_s42_in22k_v5scr,last
ISIC_0014046_downsampled,MSK4_0011114,MSK4_0011114,60+,mskcc,5,False,5,0.0033538062,0.028814012,0.020514473,0.039552074,0.002839609,0.8749875,0.029938625,0.03500743,,0.03500743,m7,-1,mskcc,42,m7_loao-mskcc_s42_in22k_v5scr,last
ISIC_0014055_downsampled,MSK4_0011908,MSK4_0011908,60+,mskcc,2,False,2,0.0020682698,0.011236767,0.90508556,0.03935811,0.0016462315,0.0035599335,0.037045192,0.014951269,,0.014951269,m7,-1,mskcc,42,m7_loao-mskcc_s42_in22k_v5scr,last
ISIC_0014069_downsampled,MSK4_0011912,MSK4_0011912,40-59,mskcc,5,False,1,0.0070907013,0.87196624,0.004562843,0.052860912,0.0048026266,0.017073827,0.04164281,0.8838596,,0.8838596,m7,-1,mskcc,42,m7_loao-mskcc_s42_in22k_v5scr,last
ISIC_0014079_downsampled,MSK4_0010028,MSK4_0010028,60+,mskcc,4,True,4,0.015843121,0.0046161264,0.14277056,0.045884844,0.72068125,0.007854062,0.062350046,0.7411405,,0.7411405,m7,-1,mskcc,42,m7_loao-mskcc_s42_in22k_v5scr,last
ISIC_0014080_downsampled,MSK4_0010263,MSK4_0010263,60+,mskcc,5,False,5,0.009183114,0.0065307464,0.0061222543,0.05849503,0.008310097,0.8709245,0.04043431,0.024023958,,0.024023958,m7,-1,mskcc,42,m7_loao-mskcc_s42_in22k_v5scr,last
ISIC_0014082_downsampled,MSK4_0010710,MSK4_0010710,60+,mskcc,4,True,1,0.010777703,0.7552521,0.01707847,0.03747497,0.046082992,0.08392886,0.049404837,0.8121128,,0.8121128,m7,-1,mskcc,42,m7_loao-mskcc_s42_in22k_v5scr,last
ISIC_0014083_downsampled,MSK4_0011916,MSK4_0011916,60+,mskcc,2,False,1,0.009107988,0.8656731,0.02621521,0.04959148,0.00440933,0.0019686606,0.043034185,0.87919044,,0.87919044,m7,-1,mskcc,42,m7_loao-mskcc_s42_in22k_v5scr,last
ISIC_0014088_downsampled,MSK4_0010394,MSK4_0010394,40-59,mskcc,4,True,5,0.006699098,0.0049500028,0.0069766743,0.051502466,0.0072682938,0.8871876,0.035415843,0.018917393,,0.018917393,m7,-1,mskcc,42,m7_loao-mskcc_s42_in22k_v5scr,last
ISIC_0014089_downsampled,MSK4_0010395,MSK4_0010395,40-59,mskcc,5,False,5,0.006277719,0.0052802856,0.0044195307,0.049062278,0.0067698928,0.89752567,0.030664595,0.018327897,,0.018327897,m7,-1,mskcc,42,m7_loao-mskcc_s42_in22k_v5scr,last
ISIC_0014090_downsampled,MSK4_0011917,MSK4_0011917,60+,mskcc,5,False,5,0.009985433,0.008788509,0.007478925,0.06693112,0.04420414,0.81578785,0.04682403,0.06297808,,0.06297808,m7,-1,mskcc,42,m7_loao-mskcc_s42_in22k_v5scr,last
ISIC_0014093_downsampled,MSK4_0010156,MSK4_0010156,40-59,mskcc,5,False,5,0.008837287,0.0061467956,0.00457262,0.05429379,0.009127286,0.8770351,0.039987195,0.024111368,,0.024111368,m7,-1,mskcc,42,m7_loao-mskcc_s42_in22k_v5scr,last
ISIC_0014099_downsampled,MSK4_0010961,MSK4_0010961,60+,mskcc,4,True,2,0.0011471432,0.003163186,0.96404225,0.012743203,7.9987556e-05,0.0008139465,0.01801023,0.0043903165,,0.0043903165,m7,-1,mskcc,42,m7_loao-mskcc_s42_in22k_v5scr,last
ISIC_0014103_downsampled,MSK4_0010022,MSK4_0010022,60+,mskcc,4,True,5,0.004148617,0.016984625,0.021782078,0.0932769,0.064087264,0.74860716,0.051113393,0.08522051,,0.08522051,m7,-1,mskcc,42,m7_loao-mskcc_s42_in22k_v5scr,last
ISIC_0014108_downsampled,MSK4_0011121,MSK4_0011121,60+,mskcc,4,True,4,0.0024069143,0.025488019,0.003215243,0.078584574,0.8046181,0.049724203,0.035963014,0.83251303,,0.83251303,m7,-1,mskcc,42,m7_loao-mskcc_s42_in22k_v5scr,last
ISIC_0014110_downsampled,MSK4_0010849,MSK4_0010849,60+,mskcc,4,True,5,0.010578298,0.0060618473,0.021237168,0.06743602,0.0062272777,0.840485,0.047974527,0.022867423,,0.022867423,m7,-1,mskcc,42,m7_loao-mskcc_s42_in22k_v5scr,last
ISIC_0014120_downsampled,MSK4_0011927,MSK4_0011927,60+,mskcc,2,False,2,0.012462017,0.010586609,0.5327012,0.13233234,0.016781569,0.20769045,0.0874458,0.039830193,,0.039830193,m7,-1,mskcc,42,m7_loao-mskcc_s42_in22k_v5scr,last
ISIC_0014127_downsampled,MSK4_0010380,MSK4_0010380,40-59,mskcc,4,True,5,0.0072182617,0.0056847977,0.0029453598,0.055659212,0.06650738,0.8246558,0.03732925,0.079410434,,0.079410434,m7,-1,mskcc,42,m7_loao-mskcc_s42_in22k_v5scr,last
ISIC_0014131_downsampled,MSK4_0010557,MSK4_0010557,60+,mskcc,5,False,5,0.011583938,0.0075070295,0.00483948,0.05592424,0.004739121,0.88253677,0.03286942,0.023830088,,0.023830088,m7,-1,mskcc,42,m7_loao-mskcc_s42_in22k_v5scr,last
ISIC_0014132_downsampled,MSK4_0011929,MSK4_0011929,40-59,mskcc,4,True,4,0.033756737,0.003910806,0.21110803,0.028573528,0.68443406,0.013084324,0.025132447,0.72210157,,0.72210157,m7,-1,mskcc,42,m7_loao-mskcc_s42_in22k_v5scr,last
ISIC_0014133_downsampled,MSK4_0010889,MSK4_0010889,60+,mskcc,4,True,4,0.0032783411,0.0026361826,0.0052734567,0.033647183,0.91094923,0.017438093,0.026777491,0.91686374,,0.91686374,m7,-1,mskcc,42,m7_loao-mskcc_s42_in22k_v5scr,last
ISIC_0014139_downsampled,MSK4_0011934,MSK4_0011934,60+,mskcc,2,False,2,0.005361938,0.0035545214,0.9041945,0.046877306,0.0044588232,0.0033597155,0.03219323,0.013375282,,0.013375282,m7,-1,mskcc,42,m7_loao-mskcc_s42_in22k_v5scr,last
ISIC_0014144_downsampled,MSK4_0010943,MSK4_0010943,60+,mskcc,4,True,2,0.0076043843,0.0036762021,0.7851073,0.04970698,0.014339925,0.11194902,0.027616082,0.025620513,,0.025620513,m7,-1,mskcc,42,m7_loao-mskcc_s42_in22k_v5scr,last
ISIC_0014148_downsampled,MSK4_0010671,MSK4_0010671,60+,mskcc,4,True,2,0.007220612,0.0046950704,0.7420839,0.048092883,0.081293255,0.077413686,0.039200597,0.09320894,,0.09320894,m7,-1,mskcc,42,m7_loao-mskcc_s42_in22k_v5scr,last
ISIC_0014149_downsampled,MSK4_0011125,MSK4_0011125,60+,mskcc,5,False,5,0.034586962,0.020421192,0.38643572,0.052400477,0.0038027666,0.43029603,0.07205683,0.05881092,,0.05881092,m7,-1,mskcc,42,m7_loao-mskcc_s42_in22k_v5scr,last
ISIC_0014156_downsampled,MSK4_0010858,MSK4_0010858,60+,mskcc,4,True,2,0.0071433727,0.011744238,0.4038676,0.15031461,0.06258191,0.29953718,0.06481108,0.08146952,,0.08146952,m7,-1,mskcc,42,m7_loao-mskcc_s42_in22k_v5scr,last
ISIC_0014157_downsampled,MSK4_0010851,MSK4_0010851,40-59,mskcc,4,True,3,0.030827604,0.003982733,0.011799789,0.6624668,0.0041388483,0.26171616,0.025068078,0.038949188,,0.038949188,m7,-1,mskcc,42,m7_loao-mskcc_s42_in22k_v5scr,last
ISIC_0014158_downsampled,MSK4_0011939,MSK4_0011939,<40,mskcc,5,False,5,0.011695207,0.009285471,0.007837841,0.08956133,0.022649342,0.8060817,0.052889075,0.04363002,,0.04363002,m7,-1,mskcc,42,m7_loao-mskcc_s42_in22k_v5scr,last
ISIC_0014160_downsampled,MSK4_0010927,MSK4_0010927,40-59,mskcc,4,True,5,0.0109972395,0.015698992,0.004276059,0.0381836,0.05162507,0.8518704,0.027348686,0.0783213,,0.0783213,m7,-1,mskcc,42,m7_loao-mskcc_s42_in22k_v5scr,last
ISIC_0014163_downsampled,MSK4_0010793,MSK4_0010793,60+,mskcc,4,True,2,0.030687321,0.0013801621,0.59553593,0.052030526,0.138741,0.13068,0.05094507,0.17080848,,0.17080848,m7,-1,mskcc,42,m7_loao-mskcc_s42_in22k_v5scr,last
ISIC_0014169_downsampled,MSK4_0010633,MSK4_0010633,60+,mskcc,2,False,6,0.015561807,0.0032968926,0.31012616,0.06574214,0.0021646214,0.0006352473,0.60247314,0.02102332,,0.02102332,m7,-1,mskcc,42,m7_loao-mskcc_s42_in22k_v5scr,last
ISIC_0014171_downsampled,MSK4_0010022,MSK4_0010022,60+,mskcc,4,True,5,0.0050808704,0.0035955962,0.106079206,0.07011076,0.01765248,0.7570793,0.040401757,0.026328947,,0.026328947,m7,-1,mskcc,42,m7_loao-mskcc_s42_in22k_v5scr,last
ISIC_0014183_downsampled,MSK4_0010166,MSK4_0010166,60+,mskcc,4,True,5,0.0019351876,0.009735994,0.004057194,0.099968426,0.06679516,0.7886204,0.028887669,0.07846634,,0.07846634,m7,-1,mskcc,42,m7_loao-mskcc_s42_in22k_v5scr,last
ISIC_0014190_downsampled,MSK4_0010788,MSK4_0010788,60+,mskcc,4,True,5,0.0042658774,0.02946585,0.020510215,0.040864646,0.0067191664,0.8763295,0.021844808,0.040450893,,0.040450893,m7,-1,mskcc,42,m7_loao-mskcc_s42_in22k_v5scr,last
ISIC_0014197_downsampled,MSK4_0010819,MSK4_0010819,60+,mskcc,5,False,5,0.0100920815,0.00833051,0.0045199627,0.067380354,0.014517692,0.8458095,0.049349856,0.032940283,,0.032940283,m7,-1,mskcc,42,m7_loao-mskcc_s42_in22k_v5scr,last
ISIC_0014212_downsampled,MSK4_0011956,MSK4_0011956,60+,mskcc,2,False,2,0.009510054,0.004233829,0.9110548,0.040715486,0.0034204246,0.0019240907,0.02914134,0.017164309,,0.017164309,m7,-1,mskcc,42,m7_loao-mskcc_s42_in22k_v5scr,last
ISIC_0014216_downsampled,MSK4_0010194,MSK4_0010194,60+,mskcc,2,False,2,0.004732468,0.003074131,0.90346026,0.048121102,0.0032760848,0.0031007677,0.03423523,0.011082684,,0.011082684,m7,-1,mskcc,42,m7_loao-mskcc_s42_in22k_v5scr,last
ISIC_0014219_downsampled,MSK4_0010841,MSK4_0010841,60+,mskcc,4,True,5,0.00525421,0.038394492,0.00394984,0.036626767,0.019862466,0.8721946,0.023717612,0.06351116,,0.06351116,m7,-1,mskcc,42,m7_loao-mskcc_s42_in22k_v5scr,last
ISIC_0014222_downsampled,MSK4_0010028,MSK4_0010028,60+,mskcc,4,True,4,0.09925437,0.0076406975,0.034232046,0.054560028,0.6680001,0.08798177,0.048330985,0.7748952,,0.7748952,m7,-1,mskcc,42,m7_loao-mskcc_s42_in22k_v5scr,last
ISIC_0014225_downsampled,MSK4_0011958,MSK4_0011958,60+,mskcc,5,False,5,0.0079916185,0.0073027085,0.0055185356,0.05169684,0.010594286,0.88610125,0.030794801,0.025888612,,0.025888612,m7,-1,mskcc,42,m7_loao-mskcc_s42_in22k_v5scr,last
ISIC_0014255_downsampled,MSK4_0010462,MSK4_0010462,60+,mskcc,4,True,0,0.68038553,0.004315186,0.008772056,0.025138956,0.0011628518,0.25807196,0.022153486,0.68586355,,0.68586355,m7,-1,mskcc,42,m7_loao-mskcc_s42_in22k_v5scr,last
ISIC_0014264_downsampled,MSK4_0010589,MSK4_0010589,40-59,mskcc,2,False,2,0.0036681327,0.007992771,0.9234847,0.030156765,0.0021431143,0.0062590647,0.026295476,0.0138040185,,0.0138040185,m7,-1,mskcc,42,m7_loao-mskcc_s42_in22k_v5scr,last
ISIC_0014274_downsampled,MSK4_0011974,MSK4_0011974,40-59,mskcc,5,False,5,0.0063593644,0.0095227,0.0030156437,0.054296367,0.0033696634,0.8858835,0.03755278,0.019251727,,0.019251727,m7,-1,mskcc,42,m7_loao-mskcc_s42_in22k_v5scr,last
ISIC_0014278_downsampled,MSK4_0011978,MSK4_0011978,40-59,mskcc,2,False,5,0.009451337,0.0075787026,0.013468611,0.06051449,0.0022423647,0.8688176,0.037926845,0.019272404,,0.019272404,m7,-1,mskcc,42,m7_loao-mskcc_s42_in22k_v5scr,last
ISIC_0014284_downsampled,MSK4_0010898,MSK4_0010898,40-59,mskcc,4,True,1,0.0065178676,0.893808,0.0075303074,0.04660854,0.008379913,0.004297579,0.032857735,0.90870583,,0.90870583,m7,-1,mskcc,42,m7_loao-mskcc_s42_in22k_v5scr,last
ISIC_0014288_downsampled,MSK4_0010820,MSK4_0010820,60+,mskcc,4,True,5,0.003648795,0.036296282,0.017127272,0.03913565,0.002393868,0.8747309,0.026667202,0.042338945,,0.042338945,m7,-1,mskcc,42,m7_loao-mskcc_s42_in22k_v5scr,last
ISIC_0014289_downsampled,MSK4_0010029,MSK4_0010029,60+,mskcc,4,True,5,0.009361806,0.0058296495,0.003076768,0.0556908,0.014879037,0.87044543,0.040716533,0.030070493,,0.030070493,m7,-1,mskcc,42,m7_loao-mskcc_s42_in22k_v5scr,last
ISIC_0014290_downsampled,MSK4_0010945,MSK4_0010945,60+,mskcc,4,True,4,0.0062914803,0.004447193,0.002040946,0.043520175,0.8791883,0.032669313,0.031842634,0.88992697,,0.88992697,m7,-1,mskcc,42,m7_loao-mskcc_s42_in22k_v5scr,last
ISIC_0014308_downsampled,MSK4_0010888,MSK4_0010888,60+,mskcc,4,True,5,0.01005218,0.017030902,0.00674753,0.04053149,0.0073634125,0.8910614,0.02721304,0.034446493,,0.034446493,m7,-1,mskcc,42,m7_loao-mskcc_s42_in22k_v5scr,last
ISIC_0014310_downsampled,MSK4_0011986,MSK4_0011986,40-59,mskcc,2,False,5,0.025661983,0.010464,0.3264071,0.10433374,0.00998368,0.46081683,0.0623327,0.04610966,,0.04610966,m7,-1,mskcc,42,m7_loao-mskcc_s42_in22k_v5scr,last
ISIC_0014311_downsampled,MSK4_0010830,MSK4_0010830,40-59,mskcc,2,False,2,0.0071718157,0.0027401133,0.9327173,0.03049932,0.0033590377,0.0010832921,0.022429055,0.013270967,,0.013270967,m7,-1,mskcc,42,m7_loao-mskcc_s42_in22k_v5scr,last
ISIC_0014316_downsampled,MSK4_0010416,MSK4_0010416,60+,mskcc,4,True,5,0.004659142,0.0060122698,0.0040317746,0.045519885,0.0070219943,0.8991783,0.033576574,0.017693406,,0.017693406,m7,-1,mskcc,42,m7_loao-mskcc_s42_in22k_v5scr,last
ISIC_0014319_downsampled,MSK4_0010053,MSK4_0010053,60+,mskcc,4,True,5,0.004965574,0.006872653,0.008648812,0.05170513,0.008427693,0.8852347,0.034145407,0.02026592,,0.02026592,m7,-1,mskcc,42,m7_loao-mskcc_s42_in22k_v5scr,last
ISIC_0014324_downsampled,MSK4_0010962,MSK4_0010962,60+,mskcc,4,True,0,0.94663906,0.0029774494,0.007069686,0.020164173,0.0028223926,0.0063713663,0.013955817,0.9524389,,0.9524389,m7,-1,mskcc,42,m7_loao-mskcc_s42_in22k_v5scr,last
ISIC_0014325_downsampled,MSK4_0010896,MSK4_0010896,60+,mskcc,4,True,2,0.0073472345,0.0026186693,0.4427845,0.07738475,0.017601725,0.40395993,0.048303254,0.027567629,,0.027567629,m7,-1,mskcc,42,m7_loao-mskcc_s42_in22k_v5scr,last
ISIC_0014327_downsampled,MSK4_0010354,MSK4_0010354,60+,mskcc,4,True,5,0.008346071,0.004627288,0.009255225,0.05580385,0.12344107,0.7416519,0.056874607,0.13641442,,0.13641442,m7,-1,mskcc,42,m7_loao-mskcc_s42_in22k_v5scr,last
ISIC_0014328_downsampled,MSK4_0010366,MSK4_0010366,60+,mskcc,5,False,5,0.010122661,0.06142829,0.0065915473,0.042415127,0.005076359,0.8270429,0.047323167,0.07662731,,0.07662731,m7,-1,mskcc,42,m7_loao-mskcc_s42_in22k_v5scr,last
ISIC_0014336_downsampled,MSK4_0010876,MSK4_0010876,60+,mskcc,4,True,2,0.0074225706,0.0018520749,0.65931827,0.05347598,0.2177526,0.020598268,0.039580267,0.22702725,,0.22702725,m7,-1,mskcc,42,m7_loao-mskcc_s42_in22k_v5scr,last
ISIC_0014346_downsampled,MSK4_0011994,MSK4_0011994,<40,mskcc,5,False,5,0.007837574,0.0040275697,0.004525344,0.05245506,0.010134709,0.8843968,0.03662293,0.021999853,,0.021999853,m7,-1,mskcc,42,m7_loao-mskcc_s42_in22k_v5scr,last
ISIC_0014347_downsampled,MSK4_0010972,MSK4_0010972,60+,mskcc,4,True,0,0.9493395,0.004184723,0.0019246532,0.018316226,0.00052493566,0.00758985,0.01812019,0.95404917,,0.95404917,m7,-1,mskcc,42,m7_loao-mskcc_s42_in22k_v5scr,last
ISIC_0014349_downsampled,MSK4_0010796,MSK4_0010796,60+,mskcc,4,True,5,0.00591682,0.018332306,0.004071184,0.0859666,0.11470779,0.71881545,0.052189864,0.13895692,,0.13895692,m7,-1,mskcc,42,m7_loao-mskcc_s42_in22k_v5scr,last
ISIC_0014353_downsampled,MSK4_0010518,MSK4_0010518,60+,mskcc,5,False,5,0.0074270284,0.044470802,0.04482619,0.090898156,0.0066517135,0.75522155,0.050504535,0.058549546,,0.058549546,m7,-1,mskcc,42,m7_loao-mskcc_s42_in22k_v5scr,last
ISIC_0014360_downsampled,MSK4_0010698,MSK4_0010698,60+,mskcc,4,True,5,0.003573653,0.0034514663,0.015527267,0.04782792,0.03340034,0.8722452,0.023974063,0.040425457,,0.040425457,m7,-1,mskcc,42,m7_loao-mskcc_s42_in22k_v5scr,last
ISIC_0014365_downsampled,MSK4_0010689,MSK4_0010689,40-59,mskcc,5,False,5,0.0115483515,0.0065571093,0.0046058428,0.055776834,0.0064182905,0.87846684,0.03662675,0.02452375,,0.02452375,m7,-1,mskcc,42,m7_loao-mskcc_s42_in22k_v5scr,last
ISIC_0014369_downsampled,MSK4_0010946,MSK4_0010946,<40,mskcc,4,True,4,0.0027028667,0.0029134904,0.0011046652,0.021061007,0.95365655,0.0027234212,0.015837966,0.9592729,,0.9592729,m7,-1,mskcc,42,m7_loao-mskcc_s42_in22k_v5scr,last
ISIC_0014386_downsampled,MSK4_0010623,MSK4_0010623,60+,mskcc,2,False,2,0.009906655,0.003325416,0.8992919,0.046561304,0.0045038196,0.0033172031,0.033093765,0.017735891,,0.017735891,m7,-1,mskcc,42,m7_loao-mskcc_s42_in22k_v5scr,last
ISIC_0014392_downsampled,MSK4_0012013,MSK4_0012013,40-59,mskcc,2,False,2,0.007946321,0.0043876427,0.8942583,0.047949784,0.004170393,0.009893393,0.031394187,0.016504357,,0.016504357,m7,-1,mskcc,42,m7_loao-mskcc_s42_in22k_v5scr,last
ISIC_0014397_downsampled,MSK4_0012016,MSK4_0012016,40-59,mskcc,2,False,2,0.0028145907,0.0053589204,0.8988225,0.051150016,0.0033449745,0.0028344647,0.035674527,0.011518486,,0.011518486,m7,-1,mskcc,42,m7_loao-mskcc_s42_in22k_v5scr,last
ISIC_0014409_downsampled,MSK4_0012018,MSK4_0012018,40-59,mskcc,2,False,5,0.01061409,0.0068795667,0.011175796,0.060609832,0.0046515884,0.8679797,0.038089406,0.022145245,,0.022145245,m7,-1,mskcc,42,m7_loao-mskcc_s42_in22k_v5scr,last
ISIC_0014410_downsampled,MSK4_0010397,MSK4_0010397,40-59,mskcc,2,False,1,0.009060742,0.6960492,0.15137826,0.08513477,0.003975426,0.0113031445,0.043098386,0.7090854,,0.7090854,m7,-1,mskcc,42,m7_loao-mskcc_s42_in22k_v5scr,last
ISIC_0014422_downsampled,MSK4_0010735,MSK4_0010735,40-59,mskcc,4,True,2,0.002669705,0.0030963807,0.7316789,0.061929725,0.0049338704,0.16251026,0.03318118,0.010699956,,0.010699956,m7,-1,mskcc,42,m7_loao-mskcc_s42_in22k_v5scr,last
ISIC_0014430_downsampled,MSK4_0012021,MSK4_0012021,<40,mskcc,5,False,2,0.0064637484,0.0017414623,0.5945079,0.12518637,0.03294481,0.1616267,0.077529,0.04115002,,0.04115002,m7,-1,mskcc,42,m7_loao-mskcc_s42_in22k_v5scr,last
ISIC_0014432_downsampled,MSK4_0012023,MSK4_0012023,60+,mskcc,2,False,2,0.0048697623,0.042261783,0.49846727,0.09763241,0.004868246,0.28231642,0.069584176,0.051999792,,0.051999792,m7,-1,mskcc,42,m7_loao-mskcc_s42_in22k_v5scr,last
ISIC_0014433_downsampled,MSK4_0010593,MSK4_0010593,60+,mskcc,5,False,1,0.0070911893,0.8030682,0.0017722151,0.07666514,0.0070305886,0.042312145,0.06206046,0.81719,,0.81719,m7,-1,mskcc,42,m7_loao-mskcc_s42_in22k_v5scr,last
ISIC_0014434_downsampled,MSK4_0010330,MSK4_0010330,<40,mskcc,4,True,2,0.008942222,0.017488115,0.77347684,0.04586963,0.0076549244,0.11945415,0.02711415,0.034085263,,0.034085263,m7,-1,mskcc,42,m7_loao-mskcc_s42_in22k_v5scr,last
ISIC_0014441_downsampled,MSK4_0012028,MSK4_0012028,40-59,mskcc,5,False,1,0.027589858,0.6599337,0.049085643,0.043544848,0.00031809713,0.19061601,0.028911833,0.68784165,,0.68784165,m7,-1,mskcc,42,m7_loao-mskcc_s42_in22k_v5scr,last
ISIC_0014457_downsampled,MSK4_0012036,MSK4_0012036,60+,mskcc,2,False,5,0.006761556,0.0061726873,0.0049759736,0.050650317,0.012125937,0.8858197,0.033493772,0.02506018,,0.02506018,m7,-1,mskcc,42,m7_loao-mskcc_s42_in22k_v5scr,last
ISIC_0014458_downsampled,MSK4_0010764,MSK4_0010764,40-59,mskcc,5,False,5,0.007360808,0.004683767,0.0036507668,0.062343266,0.06652031,0.8132886,0.04215251,0.07856488,,0.07856488,m7,-1,mskcc,42,m7_loao-mskcc_s42_in22k_v5scr,last
ISIC_0014473_downsampled,MSK4_0010619,MSK4_0010619,60+,mskcc,5,False,5,0.006699926,0.00560776,0.0038405189,0.04966586,0.03280211,0.86839247,0.032991294,0.045109794,,0.045109794,m7,-1,mskcc,42,m7_loao-mskcc_s42_in22k_v5scr,last
ISIC_0014475_downsampled,MSK4_0012041,MSK4_0012041,40-59,mskcc,5,False,5,0.010601091,0.006172618,0.00803221,0.058433533,0.0055512562,0.86652654,0.04468277,0.022324964,,0.022324964,m7,-1,mskcc,42,m7_loao-mskcc_s42_in22k_v5scr,last
ISIC_0014476_downsampled,MSK4_0010722,MSK4_0010722,60+,mskcc,4,True,5,0.0064326455,0.017704535,0.0038932525,0.06455707,0.031560082,0.829189,0.046663437,0.055697262,,0.055697262,m7,-1,mskcc,42,m7_loao-mskcc_s42_in22k_v5scr,last
ISIC_0014480_downsampled,MSK4_0010023,MSK4_0010023,60+,mskcc,4,True,5,0.010312124,0.026377367,0.0066364445,0.08070517,0.020671453,0.80001426,0.055283125,0.057360943,,0.057360943,m7,-1,mskcc,42,m7_loao-mskcc_s42_in22k_v5scr,last
ISIC_0014486_downsampled,MSK4_0010077,MSK4_0010077,60+,mskcc,4,True,4,0.008960239,0.011316426,0.0038226903,0.064628676,0.58022606,0.26868382,0.06236214,0.6005027,,0.6005027,m7,-1,mskcc,42,m7_loao-mskcc_s42_in22k_v5scr,last
ISIC_0014489_downsampled,MSK4_0010860,MSK4_0010860,60+,mskcc,4,True,5,0.012398277,0.030194964,0.0043759714,0.049796447,0.013542844,0.85094446,0.03874707,0.056136087,,0.056136087,m7,-1,mskcc,42,m7_loao-mskcc_s42_in22k_v5scr,last
ISIC_0014490_downsampled,MSK4_0010333,MSK4_0010333,<40,mskcc,5,False,5,0.0071752905,0.00687011,0.010641061,0.05389253,0.0063846116,0.87635386,0.038682584,0.020430012,,0.020430012,m7,-1,mskcc,42,m7_loao-mskcc_s42_in22k_v5scr,last
ISIC_0014498_downsampled,MSK4_0012046,MSK4_0012046,<40,mskcc,5,False,5,0.008726087,0.006677831,0.006722681,0.05636455,0.0043972386,0.8755355,0.041576173,0.019801158,,0.019801158,m7,-1,mskcc,42,m7_loao-mskcc_s42_in22k_v5scr,last
ISIC_0014500_downsampled,MSK4_0010233,MSK4_0010233,60+,mskcc,2,False,1,0.001917276,0.4338738,0.028915126,0.38296905,0.00046290524,0.10556589,0.046295956,0.436254,,0.436254,m7,-1,mskcc,42,m7_loao-mskcc_s42_in22k_v5scr,last
ISIC_0014503_downsampled,MSK4_0010469,MSK4_0010469,40-59,mskcc,2,False,5,0.013382843,0.004338736,0.0051732203,0.036817886,0.0024666607,0.9066315,0.031189142,0.020188238,,0.020188238,m7,-1,mskcc,42,m7_loao-mskcc_s42_in22k_v5scr,last
ISIC_0014507_downsampled,MSK4_0010023,MSK4_0010023,60+,mskcc,4,True,4,0.004385376,0.008825719,0.0041507315,0.0779409,0.6943489,0.16422707,0.046121243,0.70755994,,0.70755994,m7,-1,mskcc,42,m7_loao-mskcc_s42_in22k_v5scr,last
ISIC_0014513_downsampled,MSK4_0010985,MSK4_0010985,60+,mskcc,4,True,5,0.0029934542,0.33757856,0.008567247,0.047333345,0.01340852,0.5561237,0.03399526,0.35398054,,0.35398054,m7,-1,mskcc,42,m7_loao-mskcc_s42_in22k_v5scr,last
ISIC_0014515_downsampled,MSK4_0010234,MSK4_0010234,60+,mskcc,2,False,2,0.009717402,0.0034589232,0.93164814,0.036196817,0.0014315314,0.00039971631,0.017147508,0.014607857,,0.014607857,m7,-1,mskcc,42,m7_loao-mskcc_s42_in22k_v5scr,last
ISIC_0014516_downsampled,MSK4_0012054,MSK4_0012054,60+,mskcc,5,False,5,0.0055136443,0.0060221194,0.0067672,0.048609693,0.0076416368,0.8920425,0.033403218,0.0191774,,0.0191774,m7,-1,mskcc,42,m7_loao-mskcc_s42_in22k_v5scr,last
ISIC_0014518_downsampled,MSK4_0010753,MSK4_0010753,60+,mskcc,4,True,4,0.008369117,0.016133178,0.0119698355,0.07361554,0.7833965,0.022419238,0.084096685,0.80789876,,0.80789876,m7,-1,mskcc,42,m7_loao-mskcc_s42_in22k_v5scr,last
ISIC_0014522_downsampled,MSK4_0012056,MSK4_0012056,40-59,mskcc,5,False,5,0.010954109,0.0037661197,0.0040204865,0.058568712,0.020225355,0.86181736,0.040647835,0.034945585,,0.034945585,m7,-1,mskcc,42,m7_loao-mskcc_s42_in22k_v5scr,last
ISIC_0014525_downsampled,MSK4_0010701,MSK4_0010701,60+,mskcc,4,True,5,0.03551621,0.082558416,0.0104843415,0.05565222,0.010857992,0.7476826,0.057248246,0.12893263,,0.12893263,m7,-1,mskcc,42,m7_loao-mskcc_s42_in22k_v5scr,last
ISIC_0014526_downsampled,MSK4_0010105,MSK4_0010105,60+,mskcc,2,False,5,0.15653065,0.17738271,0.07048932,0.034358494,0.002210123,0.5278391,0.031189559,0.33612347,,0.33612347,m7,-1,mskcc,42,m7_loao-mskcc_s42_in22k_v5scr,last
ISIC_0014527_downsampled,MSK4_0010971,MSK4_0010971,60+,mskcc,4,True,5,0.002278048,0.005384154,0.0048074033,0.041363757,0.0060009817,0.921426,0.018739684,0.013663184,,0.013663184,m7,-1,mskcc,42,m7_loao-mskcc_s42_in22k_v5scr,last
ISIC_0014541_downsampled,MSK4_0010446,MSK4_0010446,60+,mskcc,4,True,5,0.0038094039,0.002738129,0.02833454,0.037192754,0.062276598,0.84446764,0.021180972,0.06882413,,0.06882413,m7,-1,mskcc,42,m7_loao-mskcc_s42_in22k_v5scr,last
ISIC_0014542_downsampled,MSK4_0010447,MSK4_0010447,60+,mskcc,4,True,1,0.00094213855,0.3978766,0.010172446,0.11738069,0.08281168,0.34095812,0.04985832,0.4816304,,0.4816304,m7,-1,mskcc,42,m7_loao-mskcc_s42_in22k_v5scr,last
ISIC_0014543_downsampled,MSK4_0010609,MSK4_0010609,40-59,mskcc,4,True,5,0.01089486,0.0073574088,0.0055866214,0.047748726,0.009097715,0.8842001,0.035114635,0.027349982,,0.027349982,m7,-1,mskcc,42,m7_loao-mskcc_s42_in22k_v5scr,last
ISIC_0014548_downsampled,MSK4_0010824,MSK4_0010824,60+,mskcc,4,True,5,0.009021335,0.0074672326,0.008791971,0.03966841,0.008526352,0.89862764,0.027897066,0.025014918,,0.025014918,m7,-1,mskcc,42,m7_loao-mskcc_s42_in22k_v5scr,last
ISIC_0014557_downsampled,MSK4_0011167,MSK4_0011167,60+,mskcc,4,True,2,0.004038236,0.00423642,0.7902374,0.053173326,0.064843446,0.04812147,0.035349634,0.073118106,,0.073118106,m7,-1,mskcc,42,m7_loao-mskcc_s42_in22k_v5scr,last
ISIC_0014559_downsampled,MSK4_0010895,MSK4_0010895,60+,mskcc,4,True,4,0.013657489,0.01599895,0.018247345,0.08216375,0.5588423,0.25474942,0.05634077,0.5884987,,0.5884987,m7,-1,mskcc,42,m7_loao-mskcc_s42_in22k_v5scr,last
ISIC_0014568_downsampled,__singleton__ISIC_0014568_downsampled,__singleton__ISIC_0014568_downsampled,60+,mskcc,2,False,2,0.0063503045,0.010020485,0.85052645,0.05754566,0.009232134,0.026945375,0.03937964,0.025602924,,0.025602924,m7,-1,mskcc,42,m7_loao-mskcc_s42_in22k_v5scr,last
ISIC_0014569_downsampled,__singleton__ISIC_0014569_downsampled,__singleton__ISIC_0014569_downsampled,60+,mskcc,2,False,2,0.0032279606,0.0032720387,0.8930353,0.053036377,0.0014333724,0.008423068,0.037571836,0.007933372,,0.007933372,m7,-1,mskcc,42,m7_loao-mskcc_s42_in22k_v5scr,last
ISIC_0014570_downsampled,__singleton__ISIC_0014570_downsampled,__singleton__ISIC_0014570_downsampled,60+,mskcc,2,False,2,0.004018914,0.00238098,0.860866,0.055559214,0.029330837,0.0068387794,0.041005276,0.03573073,,0.03573073,m7,-1,mskcc,42,m7_loao-mskcc_s42_in22k_v5scr,last
ISIC_0014571_downsampled,__singleton__ISIC_0014571_downsampled,__singleton__ISIC_0014571_downsampled,60+,mskcc,2,False,2,0.002909965,0.010213887,0.8784875,0.051289808,0.0036336984,0.01816141,0.03530368,0.016757552,,0.016757552,m7,-1,mskcc,42,m7_loao-mskcc_s42_in22k_v5scr,last
ISIC_0014572_downsampled,__singleton__ISIC_0014572_downsampled,__singleton__ISIC_0014572_downsampled,60+,mskcc,2,False,2,0.002570947,0.0023425163,0.92788076,0.035217173,0.0027007659,0.0034945926,0.02579321,0.007614229,,0.007614229,m7,-1,mskcc,42,m7_loao-mskcc_s42_in22k_v5scr,last
ISIC_0014573_downsampled,__singleton__ISIC_0014573_downsampled,__singleton__ISIC_0014573_downsampled,60+,mskcc,2,False,5,0.00580047,0.010667884,0.07069702,0.080041274,0.007077385,0.7651183,0.060597632,0.023545738,,0.023545738,m7,-1,mskcc,42,m7_loao-mskcc_s42_in22k_v5scr,last
ISIC_0014576_downsampled,__singleton__ISIC_0014576_downsampled,__singleton__ISIC_0014576_downsampled,60+,mskcc,2,False,3,0.10427089,0.10882225,0.13714772,0.27344963,0.148417,0.17653066,0.051361874,0.36151013,,0.36151013,m7,-1,mskcc,42,m7_loao-mskcc_s42_in22k_v5scr,last
ISIC_0014577_downsampled,__singleton__ISIC_0014577_downsampled,__singleton__ISIC_0014577_downsampled,60+,mskcc,2,False,2,0.0041401554,0.0008001159,0.93347555,0.040212143,0.00031329255,0.0027764787,0.01828223,0.005253564,,0.005253564,m7,-1,mskcc,42,m7_loao-mskcc_s42_in22k_v5scr,last
ISIC_0014579_downsampled,__singleton__ISIC_0014579_downsampled,__singleton__ISIC_0014579_downsampled,60+,mskcc,2,False,2,0.0028668419,0.0014248881,0.66038334,0.124281235,0.019870736,0.054461095,0.1367119,0.024162466,,0.024162466,m7,-1,mskcc,42,m7_loao-mskcc_s42_in22k_v5scr,last
ISIC_0014580_downsampled,__singleton__ISIC_0014580_downsampled,__singleton__ISIC_0014580_downsampled,60+,mskcc,2,False,5,0.009055378,0.005400202,0.021806626,0.066004016,0.012621805,0.8153572,0.06975466,0.027077384,,0.027077384,m7,-1,mskcc,42,m7_loao-mskcc_s42_in22k_v5scr,last
ISIC_0014581_downsampled,__singleton__ISIC_0014581_downsampled,__singleton__ISIC_0014581_downsampled,60+,mskcc,2,False,5,0.008936087,0.0020072153,0.15024048,0.045648348,0.010812657,0.7168949,0.0654603,0.02175596,,0.02175596,m7,-1,mskcc,42,m7_loao-mskcc_s42_in22k_v5scr,last
ISIC_0014586_downsampled,__singleton__ISIC_0014586_downsampled,__singleton__ISIC_0014586_downsampled,60+,mskcc,2,False,2,0.007891706,0.0028205065,0.9319943,0.034776956,0.0024239619,0.0021901147,0.017902458,0.0131361745,,0.0131361745,m7,-1,mskcc,42,m7_loao-mskcc_s42_in22k_v5scr,last
ISIC_0014588_downsampled,__singleton__ISIC_0014588_downsampled,__singleton__ISIC_0014588_downsampled,60+,mskcc,2,False,5,0.009495141,0.0069156666,0.007940833,0.05233487,0.0042035417,0.882346,0.036763996,0.020614348,,0.020614348,m7,-1,mskcc,42,m7_loao-mskcc_s42_in22k_v5scr,last
ISIC_0014591_downsampled,__singleton__ISIC_0014591_downsampled,__singleton__ISIC_0014591_downsampled,60+,mskcc,2,False,2,0.0016461822,0.0017926029,0.86696976,0.06498693,0.004760834,0.029907327,0.029936261,0.008199619,,0.008199619,m7,-1,mskcc,42,m7_loao-mskcc_s42_in22k_v5scr,last
ISIC_0014592_downsampled,__singleton__ISIC_0014592_downsampled,__singleton__ISIC_0014592_downsampled,60+,mskcc,2,False,2,0.0017211357,0.0019029108,0.93424934,0.031959787,0.0023794542,0.0028409588,0.024946466,0.006003501,,0.006003501,m7,-1,mskcc,42,m7_loao-mskcc_s42_in22k_v5scr,last
ISIC_0014597_downsampled,__singleton__ISIC_0014597_downsampled,__singleton__ISIC_0014597_downsampled,60+,mskcc,2,False,5,0.0056227385,0.0069069467,0.008220668,0.05706296,0.0033953781,0.88771075,0.03108055,0.015925063,,0.015925063,m7,-1,mskcc,42,m7_loao-mskcc_s42_in22k_v5scr,last
ISIC_0014598_downsampled,__singleton__ISIC_0014598_downsampled,__singleton__ISIC_0014598_downsampled,60+,mskcc,2,False,5,0.0038543376,0.005354045,0.0055216122,0.042029835,0.00530075,0.90919614,0.028743314,0.014509133,,0.014509133,m7,-1,mskcc,42,m7_loao-mskcc_s42_in22k_v5scr,last
ISIC_0014600_downsampled,__singleton__ISIC_0014600_downsampled,__singleton__ISIC_0014600_downsampled,60+,mskcc,2,False,2,0.109389804,0.002865695,0.68437696,0.07307617,0.03963481,0.03341478,0.057241824,0.15189031,,0.15189031,m7,-1,mskcc,42,m7_loao-mskcc_s42_in22k_v5scr,last
ISIC_0014605_downsampled,__singleton__ISIC_0014605_downsampled,__singleton__ISIC_0014605_downsampled,60+,mskcc,2,False,2,0.00907504,0.0032264972,0.9180442,0.041476984,0.0033243396,0.0016083791,0.023244528,0.015625877,,0.015625877,m7,-1,mskcc,42,m7_loao-mskcc_s42_in22k_v5scr,last
ISIC_0014606_downsampled,__singleton__ISIC_0014606_downsampled,__singleton__ISIC_0014606_downsampled,60+,mskcc,2,False,5,0.005487442,0.004330304,0.01067634,0.033807192,0.0012045818,0.91813445,0.026359675,0.0110223275,,0.0110223275,m7,-1,mskcc,42,m7_loao-mskcc_s42_in22k_v5scr,last
ISIC_0014609_downsampled,__singleton__ISIC_0014609_downsampled,__singleton__ISIC_0014609_downsampled,60+,mskcc,2,False,2,0.0012470828,0.0016824352,0.9450743,0.028099956,0.0014667087,0.0033145798,0.019114964,0.0043962267,,0.0043962267,m7,-1,mskcc,42,m7_loao-mskcc_s42_in22k_v5scr,last
ISIC_0014610_downsampled,__singleton__ISIC_0014610_downsampled,__singleton__ISIC_0014610_downsampled,60+,mskcc,2,False,2,0.002240287,0.0052812113,0.9008799,0.0496455,0.0070786644,0.0059821573,0.02889232,0.014600162,,0.014600162,m7,-1,mskcc,42,m7_loao-mskcc_s42_in22k_v5scr,last
ISIC_0014611_downsampled,__singleton__ISIC_0014611_downsampled,__singleton__ISIC_0014611_downsampled,40-59,mskcc,2,False,2,0.0044754557,0.0023453357,0.9031182,0.04403825,0.0068456414,0.0066199494,0.032557134,0.013666432,,0.013666432,m7,-1,mskcc,42,m7_loao-mskcc_s42_in22k_v5scr,last
ISIC_0014612_downsampled,__singleton__ISIC_0014612_downsampled,__singleton__ISIC_0014612_downsampled,60+,mskcc,2,False,2,0.004355479,0.0039287973,0.924185,0.041509945,0.0013942844,0.0032419781,0.021384584,0.009678561,,0.009678561,m7,-1,mskcc,42,m7_loao-mskcc_s42_in22k_v5scr,last
ISIC_0014615_downsampled,__singleton__ISIC_0014615_downsampled,__singleton__ISIC_0014615_downsampled,60+,mskcc,2,False,2,0.0028820254,0.0067214584,0.8946898,0.046802096,0.004962515,0.0028917787,0.04105037,0.014565999,,0.014565999,m7,-1,mskcc,42,m7_loao-mskcc_s42_in22k_v5scr,last
ISIC_0014616_downsampled,__singleton__ISIC_0014616_downsampled,__singleton__ISIC_0014616_downsampled,60+,mskcc,2,False,5,0.019458389,0.018421607,0.2240607,0.1811209,0.006847694,0.44482964,0.105261125,0.04472769,,0.04472769,m7,-1,mskcc,42,m7_loao-mskcc_s42_in22k_v5scr,last
ISIC_0014618_downsampled,__singleton__ISIC_0014618_downsampled,__singleton__ISIC_0014618_downsampled,60+,mskcc,2,False,2,0.0026176004,0.0025344691,0.92502505,0.03468829,0.0029522832,0.0018940173,0.030288287,0.008104352,,0.008104352,m7,-1,mskcc,42,m7_loao-mskcc_s42_in22k_v5scr,last
ISIC_0014619_downsampled,__singleton__ISIC_0014619_downsampled,__singleton__ISIC_0014619_downsampled,60+,mskcc,2,False,5,0.04092933,0.015006049,0.15379293,0.0613437,0.05766961,0.6304813,0.040777102,0.113604985,,0.113604985,m7,-1,mskcc,42,m7_loao-mskcc_s42_in22k_v5scr,last
ISIC_0014620_downsampled,__singleton__ISIC_0014620_downsampled,__singleton__ISIC_0014620_downsampled,60+,mskcc,2,False,2,0.003211046,0.01842204,0.76271695,0.076160505,0.016673315,0.07524008,0.04757607,0.0383064,,0.0383064,m7,-1,mskcc,42,m7_loao-mskcc_s42_in22k_v5scr,last
ISIC_0014622_downsampled,__singleton__ISIC_0014622_downsampled,__singleton__ISIC_0014622_downsampled,60+,mskcc,2,False,2,0.019019196,0.0067768036,0.4592095,0.123122334,0.024648335,0.2753095,0.091914356,0.050444335,,0.050444335,m7,-1,mskcc,42,m7_loao-mskcc_s42_in22k_v5scr,last
ISIC_0014624_downsampled,__singleton__ISIC_0014624_downsampled,__singleton__ISIC_0014624_downsampled,60+,mskcc,2,False,2,0.0021777628,0.0024534566,0.9458194,0.02449523,0.0028206024,0.002002079,0.020231545,0.007451822,,0.007451822,m7,-1,mskcc,42,m7_loao-mskcc_s42_in22k_v5scr,last
ISIC_0014625_downsampled,__singleton__ISIC_0014625_downsampled,__singleton__ISIC_0014625_downsampled,60+,mskcc,2,False,4,0.0027137292,0.0012759182,0.33480403,0.08336419,0.3778154,0.104503006,0.09552364,0.38180503,,0.38180503,m7,-1,mskcc,42,m7_loao-mskcc_s42_in22k_v5scr,last
ISIC_0014626_downsampled,__singleton__ISIC_0014626_downsampled,__singleton__ISIC_0014626_downsampled,60+,mskcc,2,False,2,0.070775785,0.013821795,0.3918413,0.054099374,0.12960291,0.28517425,0.054684557,0.2142005,,0.2142005,m7,-1,mskcc,42,m7_loao-mskcc_s42_in22k_v5scr,last
ISIC_0014627_downsampled,__singleton__ISIC_0014627_downsampled,__singleton__ISIC_0014627_downsampled,60+,mskcc,2,False,2,0.012933784,0.01163209,0.4182853,0.15233274,0.008859273,0.28409734,0.11185956,0.03342515,,0.03342515,m7,-1,mskcc,42,m7_loao-mskcc_s42_in22k_v5scr,last
ISIC_0014631_downsampled,__singleton__ISIC_0014631_downsampled,__singleton__ISIC_0014631_downsampled,60+,mskcc,2,False,5,0.0059351805,0.03934934,0.18295544,0.06777407,0.023518149,0.6317503,0.048717428,0.06880267,,0.06880267,m7,-1,mskcc,42,m7_loao-mskcc_s42_in22k_v5scr,last
ISIC_0014632_downsampled,__singleton__ISIC_0014632_downsampled,__singleton__ISIC_0014632_downsampled,60+,mskcc,2,False,2,0.0012885145,0.0050361673,0.93098676,0.036470067,0.0018240286,0.0021275643,0.022266954,0.00814871,,0.00814871,m7,-1,mskcc,42,m7_loao-mskcc_s42_in22k_v5scr,last
ISIC_0014633_downsampled,__singleton__ISIC_0014633_downsampled,__singleton__ISIC_0014633_downsampled,60+,mskcc,2,False,2,0.01045454,0.0025313431,0.8530608,0.051413797,0.014001434,0.027489198,0.04104892,0.026987318,,0.026987318,m7,-1,mskcc,42,m7_loao-mskcc_s42_in22k_v5scr,last
ISIC_0014635_downsampled,__singleton__ISIC_0014635_downsampled,__singleton__ISIC_0014635_downsampled,60+,mskcc,2,False,5,0.007631766,0.01222774,0.010634232,0.045326665,0.002427632,0.89493513,0.026816852,0.022287138,,0.022287138,m7,-1,mskcc,42,m7_loao-mskcc_s42_in22k_v5scr,last
ISIC_0014636_downsampled,__singleton__ISIC_0014636_downsampled,__singleton__ISIC_0014636_downsampled,60+,mskcc,2,False,2,0.15840676,0.0013826169,0.46561307,0.15554453,0.0013984552,0.15574555,0.061909042,0.16118784,,0.16118784,m7,-1,mskcc,42,m7_loao-mskcc_s42_in22k_v5scr,last
ISIC_0014637_downsampled,__singleton__ISIC_0014637_downsampled,__singleton__ISIC_0014637_downsampled,60+,mskcc,2,False,2,0.0030434695,0.014763078,0.8605005,0.06556024,0.00210066,0.010211082,0.043820873,0.019907206,,0.019907206,m7,-1,mskcc,42,m7_loao-mskcc_s42_in22k_v5scr,last
ISIC_0014639_downsampled,__singleton__ISIC_0014639_downsampled,__singleton__ISIC_0014639_downsampled,60+,mskcc,2,False,5,0.0041346694,0.0049794693,0.028597066,0.052511834,0.021097988,0.86592746,0.022751661,0.030212127,,0.030212127,m7,-1,mskcc,42,m7_loao-mskcc_s42_in22k_v5scr,last
ISIC_0014641_downsampled,__singleton__ISIC_0014641_downsampled,__singleton__ISIC_0014641_downsampled,60+,mskcc,2,False,2,0.0032116482,0.00466252,0.88254076,0.06414038,0.0038882059,0.010023115,0.031533334,0.011762374,,0.011762374,m7,-1,mskcc,42,m7_loao-mskcc_s42_in22k_v5scr,last
ISIC_0014642_downsampled,__singleton__ISIC_0014642_downsampled,__singleton__ISIC_0014642_downsampled,60+,mskcc,2,False,5,0.01896063,0.010099715,0.10354891,0.048510913,0.03824351,0.7277584,0.052877806,0.06730385,,0.06730385,m7,-1,mskcc,42,m7_loao-mskcc_s42_in22k_v5scr,last
ISIC_0014643_downsampled,__singleton__ISIC_0014643_downsampled,__singleton__ISIC_0014643_downsampled,60+,mskcc,2,False,2,0.00849449,0.067686796,0.46305263,0.14810677,0.02359117,0.18824589,0.10082219,0.09977245,,0.09977245,m7,-1,mskcc,42,m7_loao-mskcc_s42_in22k_v5scr,last
ISIC_0014644_downsampled,__singleton__ISIC_0014644_downsampled,__singleton__ISIC_0014644_downsampled,60+,mskcc,2,False,2,0.00423022,0.0036469975,0.90891534,0.048595037,0.0019690455,0.0022113747,0.030431949,0.009846263,,0.009846263,m7,-1,mskcc,42,m7_loao-mskcc_s42_in22k_v5scr,last
ISIC_0014645_downsampled,__singleton__ISIC_0014645_downsampled,__singleton__ISIC_0014645_downsampled,60+,mskcc,2,False,2,0.005589283,0.004592606,0.92005014,0.038372464,0.0061056474,0.0016829392,0.023606887,0.016287535,,0.016287535,m7,-1,mskcc,42,m7_loao-mskcc_s42_in22k_v5scr,last
ISIC_0014646_downsampled,__singleton__ISIC_0014646_downsampled,__singleton__ISIC_0014646_downsampled,60+,mskcc,2,False,2,0.005997907,0.0068716686,0.9099485,0.042954605,0.0046169716,0.0029486378,0.026661644,0.017486548,,0.017486548,m7,-1,mskcc,42,m7_loao-mskcc_s42_in22k_v5scr,last
ISIC_0014648_downsampled,__singleton__ISIC_0014648_downsampled,__singleton__ISIC_0014648_downsampled,60+,mskcc,2,False,2,0.0049365438,0.0024762917,0.8568498,0.052299432,0.009528056,0.011334858,0.062575124,0.016940892,,0.016940892,m7,-1,mskcc,42,m7_loao-mskcc_s42_in22k_v5scr,last
ISIC_0014650_downsampled,__singleton__ISIC_0014650_downsampled,__singleton__ISIC_0014650_downsampled,60+,mskcc,2,False,2,0.0030151412,0.003636611,0.9283902,0.030413052,0.0032645038,0.005161645,0.0261188,0.009916256,,0.009916256,m7,-1,mskcc,42,m7_loao-mskcc_s42_in22k_v5scr,last
ISIC_0014651_downsampled,__singleton__ISIC_0014651_downsampled,__singleton__ISIC_0014651_downsampled,60+,mskcc,2,False,2,0.0047862083,0.004584421,0.91154194,0.0422363,0.003154994,0.0058232397,0.027872892,0.012525623,,0.012525623,m7,-1,mskcc,42,m7_loao-mskcc_s42_in22k_v5scr,last
ISIC_0014654_downsampled,__singleton__ISIC_0014654_downsampled,__singleton__ISIC_0014654_downsampled,60+,mskcc,2,False,2,0.0034342944,0.0040396233,0.9132738,0.034969177,0.004905553,0.0048286594,0.03454893,0.012379471,,0.012379471,m7,-1,mskcc,42,m7_loao-mskcc_s42_in22k_v5scr,last
ISIC_0014663_downsampled,__singleton__ISIC_0014663_downsampled,__singleton__ISIC_0014663_downsampled,60+,mskcc,4,True,4,0.0071890065,0.0059105386,0.0070116594,0.0523721,0.8578143,0.031900752,0.037801627,0.87091386,,0.87091386,m7,-1,mskcc,42,m7_loao-mskcc_s42_in22k_v5scr,last
ISIC_0014664_downsampled,__singleton__ISIC_0014664_downsampled,__singleton__ISIC_0014664_downsampled,<40,mskcc,5,False,2,0.005027819,0.004493948,0.78750956,0.07688316,0.0061663454,0.06906004,0.050859123,0.015688114,,0.015688114,m7,-1,mskcc,42,m7_loao-mskcc_s42_in22k_v5scr,last
ISIC_0014665_downsampled,__singleton__ISIC_0014665_downsampled,__singleton__ISIC_0014665_downsampled,40-59,mskcc,5,False,5,0.016771356,0.005384875,0.14435321,0.083729655,0.008485302,0.68464893,0.05662672,0.030641533,,0.030641533,m7,-1,mskcc,42,m7_loao-mskcc_s42_in22k_v5scr,last
ISIC_0014666_downsampled,__singleton__ISIC_0014666_downsampled,__singleton__ISIC_0014666_downsampled,60+,mskcc,4,True,4,0.008500971,0.004050531,0.07572207,0.073149726,0.7717076,0.0047288076,0.062140368,0.7842591,,0.7842591,m7,-1,mskcc,42,m7_loao-mskcc_s42_in22k_v5scr,last
ISIC_0014667_downsampled,__singleton__ISIC_0014667_downsampled,__singleton__ISIC_0014667_downsampled,60+,mskcc,5,False,6,0.00045504767,0.00020382252,0.00034401368,0.0062357294,0.0006604067,0.0009229196,0.9911781,0.0013192769,,0.0013192769,m7,-1,mskcc,42,m7_loao-mskcc_s42_in22k_v5scr,last
ISIC_0014680_downsampled,__singleton__ISIC_0014680_downsampled,__singleton__ISIC_0014680_downsampled,<40,mskcc,5,False,5,0.008445836,0.0046118265,0.008913128,0.057350375,0.012168831,0.86527556,0.043234516,0.025226492,,0.025226492,m7,-1,mskcc,42,m7_loao-mskcc_s42_in22k_v5scr,last
ISIC_0014684_downsampled,__singleton__ISIC_0014684_downsampled,__singleton__ISIC_0014684_downsampled,<40,mskcc,5,False,5,0.009387451,0.004049568,0.0057573863,0.059882354,0.017892074,0.87314785,0.029883353,0.031329095,,0.031329095,m7,-1,mskcc,42,m7_loao-mskcc_s42_in22k_v5scr,last
ISIC_0014687_downsampled,__singleton__ISIC_0014687_downsampled,__singleton__ISIC_0014687_downsampled,40-59,mskcc,5,False,5,0.020821838,0.0038395002,0.20495586,0.071931936,0.017452324,0.62806594,0.052932695,0.04211366,,0.04211366,m7,-1,mskcc,42,m7_loao-mskcc_s42_in22k_v5scr,last
ISIC_0014692_downsampled,__singleton__ISIC_0014692_downsampled,__singleton__ISIC_0014692_downsampled,40-59,mskcc,5,False,5,0.02626672,0.0058250437,0.023172803,0.05908209,0.008800001,0.8288099,0.048043378,0.040891763,,0.040891763,m7,-1,mskcc,42,m7_loao-mskcc_s42_in22k_v5scr,last
ISIC_0014693_downsampled,__singleton__ISIC_0014693_downsampled,__singleton__ISIC_0014693_downsampled,40-59,mskcc,5,False,5,0.009832874,0.0068693873,0.010175006,0.09141668,0.006791176,0.8311218,0.043793064,0.023493437,,0.023493437,m7,-1,mskcc,42,m7_loao-mskcc_s42_in22k_v5scr,last
ISIC_0014694_downsampled,__singleton__ISIC_0014694_downsampled,__singleton__ISIC_0014694_downsampled,<40,mskcc,5,False,4,0.006534164,0.00350102,0.004982498,0.05135635,0.87355345,0.018848134,0.04122435,0.8835886,,0.8835886,m7,-1,mskcc,42,m7_loao-mskcc_s42_in22k_v5scr,last
ISIC_0014695_downsampled,__singleton__ISIC_0014695_downsampled,__singleton__ISIC_0014695_downsampled,40-59,mskcc,4,True,1,0.0030164605,0.8315492,0.036024604,0.062255543,0.008055301,0.016037457,0.04306143,0.842621,,0.842621,m7,-1,mskcc,42,m7_loao-mskcc_s42_in22k_v5scr,last
ISIC_0014697_downsampled,__singleton__ISIC_0014697_downsampled,__singleton__ISIC_0014697_downsampled,40-59,mskcc,5,False,5,0.007979848,0.0056244815,0.005149893,0.055256166,0.0038160325,0.8814206,0.040752947,0.017420363,,0.017420363,m7,-1,mskcc,42,m7_loao-mskcc_s42_in22k_v5scr,last
ISIC_0014698_downsampled,__singleton__ISIC_0014698_downsampled,__singleton__ISIC_0014698_downsampled,unknown,mskcc,5,False,5,0.042988375,0.010376318,0.095284075,0.10169121,0.22825098,0.33948177,0.18192728,0.28161567,,0.28161567,m7,-1,mskcc,42,m7_loao-mskcc_s42_in22k_v5scr,last
ISIC_0014711_downsampled,__singleton__ISIC_0014711_downsampled,__singleton__ISIC_0014711_downsampled,60+,mskcc,2,False,2,0.0024794945,0.0016814613,0.9346826,0.03312909,0.0033138336,0.0059551806,0.018758357,0.0074747894,,0.0074747894,m7,-1,mskcc,42,m7_loao-mskcc_s42_in22k_v5scr,last
ISIC_0014712_downsampled,__singleton__ISIC_0014712_downsampled,__singleton__ISIC_0014712_downsampled,unknown,mskcc,2,False,4,0.0045227217,0.0059107523,0.017209623,0.08131252,0.4524016,0.40138003,0.037262768,0.46283507,,0.46283507,m7,-1,mskcc,42,m7_loao-mskcc_s42_in22k_v5scr,last
ISIC_0014713_downsampled,__singleton__ISIC_0014713_downsampled,__singleton__ISIC_0014713_downsampled,<40,mskcc,5,False,5,0.008786094,0.004763515,0.005423288,0.057646677,0.0150805805,0.8669477,0.04135203,0.02863019,,0.02863019,m7,-1,mskcc,42,m7_loao-mskcc_s42_in22k_v5scr,last
ISIC_0014715_downsampled,__singleton__ISIC_0014715_downsampled,__singleton__ISIC_0014715_downsampled,<40,mskcc,5,False,5,0.008421446,0.006782735,0.004957062,0.08105998,0.37177032,0.47351715,0.053491235,0.3869745,,0.3869745,m7,-1,mskcc,42,m7_loao-mskcc_s42_in22k_v5scr,last
ISIC_0014720_downsampled,__singleton__ISIC_0014720_downsampled,__singleton__ISIC_0014720_downsampled,<40,mskcc,5,False,5,0.011198337,0.0077894046,0.0058138724,0.061254364,0.010820569,0.8607027,0.04242083,0.029808309,,0.029808309,m7,-1,mskcc,42,m7_loao-mskcc_s42_in22k_v5scr,last
ISIC_0014722_downsampled,__singleton__ISIC_0014722_downsampled,__singleton__ISIC_0014722_downsampled,40-59,mskcc,4,True,4,0.007474256,0.14420176,0.014241011,0.19575325,0.395559,0.14368345,0.09908729,0.547235,,0.547235,m7,-1,mskcc,42,m7_loao-mskcc_s42_in22k_v5scr,last
ISIC_0014724_downsampled,__singleton__ISIC_0014724_downsampled,__singleton__ISIC_0014724_downsampled,60+,mskcc,5,False,4,0.014394158,0.0040492103,0.013269153,0.050461166,0.85138404,0.025543202,0.040899117,0.8698274,,0.8698274,m7,-1,mskcc,42,m7_loao-mskcc_s42_in22k_v5scr,last
ISIC_0014727_downsampled,__singleton__ISIC_0014727_downsampled,__singleton__ISIC_0014727_downsampled,60+,mskcc,4,True,5,0.014204799,0.007956017,0.15091486,0.1270293,0.12434943,0.48910165,0.086443946,0.14651024,,0.14651024,m7,-1,mskcc,42,m7_loao-mskcc_s42_in22k_v5scr,last
ISIC_0014729_downsampled,__singleton__ISIC_0014729_downsampled,__singleton__ISIC_0014729_downsampled,40-59,mskcc,5,False,5,0.0038788123,0.02964108,0.0019949514,0.029254898,0.0032948388,0.8865618,0.045373503,0.036814734,,0.036814734,m7,-1,mskcc,42,m7_loao-mskcc_s42_in22k_v5scr,last
ISIC_0014735_downsampled,__singleton__ISIC_0014735_downsampled,__singleton__ISIC_0014735_downsampled,<40,mskcc,4,True,5,0.009097603,0.0107199745,0.007193078,0.0497384,0.049452543,0.83727175,0.03652665,0.06927012,,0.06927012,m7,-1,mskcc,42,m7_loao-mskcc_s42_in22k_v5scr,last
ISIC_0014739_downsampled,__singleton__ISIC_0014739_downsampled,__singleton__ISIC_0014739_downsampled,unknown,mskcc,5,False,5,0.024759429,0.003993774,0.0038548543,0.050744303,0.025252087,0.846517,0.04487849,0.054005288,,0.054005288,m7,-1,mskcc,42,m7_loao-mskcc_s42_in22k_v5scr,last
ISIC_0014740_downsampled,__singleton__ISIC_0014740_downsampled,__singleton__ISIC_0014740_downsampled,<40,mskcc,5,False,4,0.010003276,0.0074228942,0.008694675,0.07374386,0.6950763,0.14570352,0.059355453,0.7125025,,0.7125025,m7,-1,mskcc,42,m7_loao-mskcc_s42_in22k_v5scr,last
ISIC_0014742_downsampled,__singleton__ISIC_0014742_downsampled,__singleton__ISIC_0014742_downsampled,unknown,mskcc,5,False,5,0.0065279817,0.0051637907,0.00502871,0.048052747,0.0043970016,0.8994339,0.03139595,0.016088774,,0.016088774,m7,-1,mskcc,42,m7_loao-mskcc_s42_in22k_v5scr,last
ISIC_0014745_downsampled,__singleton__ISIC_0014745_downsampled,__singleton__ISIC_0014745_downsampled,60+,mskcc,5,False,4,0.009719844,0.0016990772,0.006151089,0.027331075,0.5240703,0.3976392,0.033389352,0.53548926,,0.53548926,m7,-1,mskcc,42,m7_loao-mskcc_s42_in22k_v5scr,last
ISIC_0014749_downsampled,__singleton__ISIC_0014749_downsampled,__singleton__ISIC_0014749_downsampled,<40,mskcc,5,False,5,0.006399352,0.0120705115,0.008944318,0.06822689,0.35270214,0.511018,0.0406389,0.371172,,0.371172,m7,-1,mskcc,42,m7_loao-mskcc_s42_in22k_v5scr,last
ISIC_0014754_downsampled,__singleton__ISIC_0014754_downsampled,__singleton__ISIC_0014754_downsampled,60+,mskcc,5,False,5,0.010215719,0.005580964,0.00168043,0.056836903,0.01983072,0.86712706,0.038728245,0.035627402,,0.035627402,m7,-1,mskcc,42,m7_loao-mskcc_s42_in22k_v5scr,last
ISIC_0014755_downsampled,__singleton__ISIC_0014755_downsampled,__singleton__ISIC_0014755_downsampled,<40,mskcc,5,False,5,0.00636817,0.0043847905,0.0026770092,0.04782441,0.028340738,0.88278025,0.027624656,0.0390937,,0.0390937,m7,-1,mskcc,42,m7_loao-mskcc_s42_in22k_v5scr,last
ISIC_0014762_downsampled,__singleton__ISIC_0014762_downsampled,__singleton__ISIC_0014762_downsampled,<40,mskcc,5,False,5,0.004870087,0.0038811357,0.0035942234,0.056919076,0.06253964,0.82893986,0.03925596,0.07129086,,0.07129086,m7,-1,mskcc,42,m7_loao-mskcc_s42_in22k_v5scr,last
ISIC_0014766_downsampled,__singleton__ISIC_0014766_downsampled,__singleton__ISIC_0014766_downsampled,40-59,mskcc,4,True,4,0.004581694,0.016448569,0.0023501802,0.032131076,0.91970205,0.0021864166,0.0225999,0.9407323,,0.9407323,m7,-1,mskcc,42,m7_loao-mskcc_s42_in22k_v5scr,last
ISIC_0014768_downsampled,__singleton__ISIC_0014768_downsampled,__singleton__ISIC_0014768_downsampled,<40,mskcc,5,False,5,0.011027322,0.0062471507,0.0074916235,0.05596482,0.0077814916,0.8719821,0.03950543,0.025055964,,0.025055964,m7,-1,mskcc,42,m7_loao-mskcc_s42_in22k_v5scr,last
ISIC_0014770_downsampled,__singleton__ISIC_0014770_downsampled,__singleton__ISIC_0014770_downsampled,40-59,mskcc,2,False,5,0.009420664,0.058555055,0.30046934,0.16683641,0.0021928374,0.39549243,0.06703327,0.07016856,,0.07016856,m7,-1,mskcc,42,m7_loao-mskcc_s42_in22k_v5scr,last
ISIC_0014771_downsampled,__singleton__ISIC_0014771_downsampled,__singleton__ISIC_0014771_downsampled,40-59,mskcc,5,False,4,0.005137738,0.005884859,0.0054009757,0.062137827,0.649971,0.21619345,0.055274155,0.6609936,,0.6609936,m7,-1,mskcc,42,m7_loao-mskcc_s42_in22k_v5scr,last
ISIC_0014773_downsampled,__singleton__ISIC_0014773_downsampled,__singleton__ISIC_0014773_downsampled,60+,mskcc,5,False,5,0.00943205,0.005899089,0.006211333,0.05543791,0.0049570254,0.8790766,0.038985964,0.020288166,,0.020288166,m7,-1,mskcc,42,m7_loao-mskcc_s42_in22k_v5scr,last
ISIC_0014778_downsampled,__singleton__ISIC_0014778_downsampled,__singleton__ISIC_0014778_downsampled,<40,mskcc,5,False,5,0.012266597,0.0049274,0.004554248,0.05330383,0.011800283,0.8746291,0.038518626,0.02899428,,0.02899428,m7,-1,mskcc,42,m7_loao-mskcc_s42_in22k_v5scr,last
ISIC_0014783_downsampled,__singleton__ISIC_0014783_downsampled,__singleton__ISIC_0014783_downsampled,<40,mskcc,5,False,5,0.010159669,0.006138393,0.004340804,0.060681358,0.018889423,0.85552216,0.044268172,0.035187487,,0.035187487,m7,-1,mskcc,42,m7_loao-mskcc_s42_in22k_v5scr,last
ISIC_0014784_downsampled,__singleton__ISIC_0014784_downsampled,__singleton__ISIC_0014784_downsampled,40-59,mskcc,4,True,4,0.002142486,0.001834055,0.0028599615,0.07184541,0.510449,0.37376913,0.037100058,0.5144255,,0.5144255,m7,-1,mskcc,42,m7_loao-mskcc_s42_in22k_v5scr,last
ISIC_0014785_downsampled,__singleton__ISIC_0014785_downsampled,__singleton__ISIC_0014785_downsampled,60+,mskcc,5,False,5,0.0076595913,0.0050825095,0.0047717607,0.052770883,0.04687922,0.84192735,0.040908627,0.05962132,,0.05962132,m7,-1,mskcc,42,m7_loao-mskcc_s42_in22k_v5scr,last
ISIC_0014786_downsampled,__singleton__ISIC_0014786_downsampled,__singleton__ISIC_0014786_downsampled,<40,mskcc,5,False,5,0.02942857,0.0032630991,0.00682226,0.07139781,0.18245469,0.6560623,0.050571214,0.21514636,,0.21514636,m7,-1,mskcc,42,m7_loao-mskcc_s42_in22k_v5scr,last
ISIC_0014787_downsampled,__singleton__ISIC_0014787_downsampled,__singleton__ISIC_0014787_downsampled,40-59,mskcc,5,False,5,0.0045618806,0.001318252,0.009086935,0.046188723,0.025007946,0.8693165,0.04451974,0.030888079,,0.030888079,m7,-1,mskcc,42,m7_loao-mskcc_s42_in22k_v5scr,last
ISIC_0014788_downsampled,__singleton__ISIC_0014788_downsampled,__singleton__ISIC_0014788_downsampled,unknown,mskcc,4,True,4,0.0119620785,0.0028994523,0.0027745045,0.03192721,0.91859174,0.0048902626,0.026954846,0.93345326,,0.93345326,m7,-1,mskcc,42,m7_loao-mskcc_s42_in22k_v5scr,last
ISIC_0014790_downsampled,__singleton__ISIC_0014790_downsampled,__singleton__ISIC_0014790_downsampled,60+,mskcc,4,True,4,0.004066372,0.001435779,0.0024602173,0.03472512,0.93419635,0.006846038,0.016270095,0.9396985,,0.9396985,m7,-1,mskcc,42,m7_loao-mskcc_s42_in22k_v5scr,last
ISIC_0014792_downsampled,__singleton__ISIC_0014792_downsampled,__singleton__ISIC_0014792_downsampled,unknown,mskcc,5,False,5,0.013249983,0.005539573,0.04918963,0.062012725,0.030483749,0.7891235,0.050400894,0.049273305,,0.049273305,m7,-1,mskcc,42,m7_loao-mskcc_s42_in22k_v5scr,last
ISIC_0014793_downsampled,__singleton__ISIC_0014793_downsampled,__singleton__ISIC_0014793_downsampled,40-59,mskcc,2,False,2,0.004335952,0.0060481452,0.7511972,0.07784042,0.0143850995,0.08819966,0.057993434,0.024769198,,0.024769198,m7,-1,mskcc,42,m7_loao-mskcc_s42_in22k_v5scr,last
ISIC_0014794_downsampled,__singleton__ISIC_0014794_downsampled,__singleton__ISIC_0014794_downsampled,40-59,mskcc,5,False,5,0.012688036,0.004449241,0.0047797523,0.06107261,0.03260234,0.8464646,0.0379434,0.049739618,,0.049739618,m7,-1,mskcc,42,m7_loao-mskcc_s42_in22k_v5scr,last
ISIC_0014795_downsampled,__singleton__ISIC_0014795_downsampled,__singleton__ISIC_0014795_downsampled,60+,mskcc,4,True,4,0.012033836,0.0069612176,0.0059179175,0.06308695,0.69524896,0.16790113,0.048849978,0.714244,,0.714244,m7,-1,mskcc,42,m7_loao-mskcc_s42_in22k_v5scr,last
ISIC_0014796_downsampled,__singleton__ISIC_0014796_downsampled,__singleton__ISIC_0014796_downsampled,unknown,mskcc,5,False,5,0.009840941,0.0048703137,0.0051815133,0.056343533,0.025423812,0.8613976,0.036942247,0.040135067,,0.040135067,m7,-1,mskcc,42,m7_loao-mskcc_s42_in22k_v5scr,last
ISIC_0014797_downsampled,__singleton__ISIC_0014797_downsampled,__singleton__ISIC_0014797_downsampled,60+,mskcc,5,False,6,0.00094705273,0.00038075718,0.00078231544,0.008791666,0.00039308617,0.0021262506,0.98657876,0.001720896,,0.001720896,m7,-1,mskcc,42,m7_loao-mskcc_s42_in22k_v5scr,last
ISIC_0014798_downsampled,__singleton__ISIC_0014798_downsampled,__singleton__ISIC_0014798_downsampled,40-59,mskcc,5,False,5,0.008019622,0.01118347,0.0048743724,0.055636875,0.006948724,0.8725899,0.040746998,0.026151817,,0.026151817,m7,-1,mskcc,42,m7_loao-mskcc_s42_in22k_v5scr,last
ISIC_0014800_downsampled,__singleton__ISIC_0014800_downsampled,__singleton__ISIC_0014800_downsampled,40-59,mskcc,4,True,4,0.005041754,0.002596648,0.0045907735,0.03186843,0.9100027,0.01892283,0.026976813,0.9176411,,0.9176411,m7,-1,mskcc,42,m7_loao-mskcc_s42_in22k_v5scr,last
ISIC_0014802_downsampled,__singleton__ISIC_0014802_downsampled,__singleton__ISIC_0014802_downsampled,unknown,mskcc,5,False,5,0.009730064,0.004626298,0.0105134,0.055636592,0.00912404,0.8710805,0.039289035,0.0234804,,0.0234804,m7,-1,mskcc,42,m7_loao-mskcc_s42_in22k_v5scr,last
ISIC_0014803_downsampled,__singleton__ISIC_0014803_downsampled,__singleton__ISIC_0014803_downsampled,<40,mskcc,5,False,5,0.007423777,0.0047175437,0.0040260577,0.04285511,0.004327093,0.9051359,0.03151455,0.016468413,,0.016468413,m7,-1,mskcc,42,m7_loao-mskcc_s42_in22k_v5scr,last
ISIC_0014805_downsampled,__singleton__ISIC_0014805_downsampled,__singleton__ISIC_0014805_downsampled,60+,mskcc,5,False,5,0.014120508,0.0028834417,0.0079950765,0.041351553,0.006123371,0.8935831,0.033942927,0.023127321,,0.023127321,m7,-1,mskcc,42,m7_loao-mskcc_s42_in22k_v5scr,last
ISIC_0014806_downsampled,__singleton__ISIC_0014806_downsampled,__singleton__ISIC_0014806_downsampled,60+,mskcc,2,False,5,0.004147209,0.003850851,0.0032905783,0.04584775,0.0024201097,0.90119344,0.039249998,0.01041817,,0.01041817,m7,-1,mskcc,42,m7_loao-mskcc_s42_in22k_v5scr,last
ISIC_0014808_downsampled,__singleton__ISIC_0014808_downsampled,__singleton__ISIC_0014808_downsampled,40-59,mskcc,5,False,5,0.011489665,0.004745706,0.0030047882,0.05133121,0.06968022,0.81650734,0.043241065,0.085915595,,0.085915595,m7,-1,mskcc,42,m7_loao-mskcc_s42_in22k_v5scr,last
ISIC_0014809_downsampled,__singleton__ISIC_0014809_downsampled,__singleton__ISIC_0014809_downsampled,60+,mskcc,4,True,4,0.010218996,0.0029272244,0.005181716,0.040761612,0.89426005,0.01635026,0.03030014,0.9074063,,0.9074063,m7,-1,mskcc,42,m7_loao-mskcc_s42_in22k_v5scr,last
ISIC_0014812_downsampled,__singleton__ISIC_0014812_downsampled,__singleton__ISIC_0014812_downsampled,60+,mskcc,5,False,5,0.012085753,0.0046865214,0.0058011003,0.05347693,0.01338772,0.86166555,0.048896432,0.030159995,,0.030159995,m7,-1,mskcc,42,m7_loao-mskcc_s42_in22k_v5scr,last
ISIC_0014814_downsampled,__singleton__ISIC_0014814_downsampled,__singleton__ISIC_0014814_downsampled,40-59,mskcc,5,False,5,0.011125519,0.004869828,0.0046417858,0.0687318,0.067832746,0.79534274,0.047455568,0.08382809,,0.08382809,m7,-1,mskcc,42,m7_loao-mskcc_s42_in22k_v5scr,last
ISIC_0014815_downsampled,__singleton__ISIC_0014815_downsampled,__singleton__ISIC_0014815_downsampled,unknown,mskcc,5,False,5,0.013816135,0.006515,0.004479266,0.063828304,0.0667153,0.7968791,0.04776698,0.08704644,,0.08704644,m7,-1,mskcc,42,m7_loao-mskcc_s42_in22k_v5scr,last
ISIC_0014818_downsampled,__singleton__ISIC_0014818_downsampled,__singleton__ISIC_0014818_downsampled,unknown,mskcc,5,False,5,0.009212083,0.004734697,0.006669429,0.05462344,0.007412601,0.8812367,0.036111105,0.02135938,,0.02135938,m7,-1,mskcc,42,m7_loao-mskcc_s42_in22k_v5scr,last
ISIC_0014820_downsampled,__singleton__ISIC_0014820_downsampled,__singleton__ISIC_0014820_downsampled,60+,mskcc,5,False,5,0.01530331,0.0068539428,0.0050504943,0.06195644,0.011146536,0.85692835,0.04276103,0.03330379,,0.03330379,m7,-1,mskcc,42,m7_loao-mskcc_s42_in22k_v5scr,last
ISIC_0014823_downsampled,__singleton__ISIC_0014823_downsampled,__singleton__ISIC_0014823_downsampled,unknown,mskcc,2,False,5,0.006320186,0.008971957,0.043271452,0.07369407,0.003402436,0.81803876,0.046301115,0.018694578,,0.018694578,m7,-1,mskcc,42,m7_loao-mskcc_s42_in22k_v5scr,last
ISIC_0014825_downsampled,__singleton__ISIC_0014825_downsampled,__singleton__ISIC_0014825_downsampled,<40,mskcc,5,False,5,0.011363858,0.0049236515,0.0064750277,0.047358714,0.01076084,0.8832851,0.035832927,0.02704835,,0.02704835,m7,-1,mskcc,42,m7_loao-mskcc_s42_in22k_v5scr,last
ISIC_0014826_downsampled,__singleton__ISIC_0014826_downsampled,__singleton__ISIC_0014826_downsampled,40-59,mskcc,4,True,5,0.0060143666,0.004914889,0.002175502,0.04300274,0.013789932,0.8941626,0.035940025,0.024719188,,0.024719188,m7,-1,mskcc,42,m7_loao-mskcc_s42_in22k_v5scr,last
ISIC_0014830_downsampled,__singleton__ISIC_0014830_downsampled,__singleton__ISIC_0014830_downsampled,unknown,mskcc,5,False,5,0.010486382,0.0060745063,0.00558032,0.070115626,0.044718426,0.81289333,0.050131377,0.06127931,,0.06127931,m7,-1,mskcc,42,m7_loao-mskcc_s42_in22k_v5scr,last
ISIC_0014831_downsampled,__singleton__ISIC_0014831_downsampled,__singleton__ISIC_0014831_downsampled,40-59,mskcc,2,False,5,0.010955907,0.0052334024,0.022798736,0.073274836,0.01571375,0.8161454,0.055877887,0.03190306,,0.03190306,m7,-1,mskcc,42,m7_loao-mskcc_s42_in22k_v5scr,last
ISIC_0014832_downsampled,__singleton__ISIC_0014832_downsampled,__singleton__ISIC_0014832_downsampled,40-59,mskcc,4,True,5,0.017335527,0.010026273,0.011637448,0.090317294,0.117560916,0.6874088,0.06571369,0.14492272,,0.14492272,m7,-1,mskcc,42,m7_loao-mskcc_s42_in22k_v5scr,last
ISIC_0014834_downsampled,__singleton__ISIC_0014834_downsampled,__singleton__ISIC_0014834_downsampled,unknown,mskcc,5,False,4,0.0111409975,0.006305452,0.012799973,0.0982665,0.4352816,0.36248755,0.073717974,0.45272806,,0.45272806,m7,-1,mskcc,42,m7_loao-mskcc_s42_in22k_v5scr,last
ISIC_0014836_downsampled,__singleton__ISIC_0014836_downsampled,__singleton__ISIC_0014836_downsampled,<40,mskcc,5,False,5,0.007186127,0.0051214434,0.00446697,0.057374567,0.009480781,0.8792787,0.037091512,0.021788351,,0.021788351,m7,-1,mskcc,42,m7_loao-mskcc_s42_in22k_v5scr,last
ISIC_0014843_downsampled,__singleton__ISIC_0014843_downsampled,__singleton__ISIC_0014843_downsampled,<40,mskcc,5,False,5,0.011580677,0.005429558,0.005199038,0.066157185,0.03329927,0.8317394,0.046594925,0.050309505,,0.050309505,m7,-1,mskcc,42,m7_loao-mskcc_s42_in22k_v5scr,last
ISIC_0014846_downsampled,__singleton__ISIC_0000222,__singleton__ISIC_0014846_downsampled,<40,mskcc,5,False,5,0.0139241535,0.0033118313,0.009017398,0.048601918,0.007192082,0.88065207,0.037300568,0.024428066,,0.024428066,m7,-1,mskcc,42,m7_loao-mskcc_s42_in22k_v5scr,last
ISIC_0014848_downsampled,__singleton__ISIC_0014848_downsampled,__singleton__ISIC_0014848_downsampled,unknown,mskcc,5,False,5,0.0064619607,0.0026843832,0.008310568,0.056425914,0.011565241,0.8740649,0.04048694,0.020711586,,0.020711586,m7,-1,mskcc,42,m7_loao-mskcc_s42_in22k_v5scr,last
ISIC_0014850_downsampled,__singleton__ISIC_0014850_downsampled,__singleton__ISIC_0014850_downsampled,40-59,mskcc,5,False,5,0.010820083,0.005303932,0.007548587,0.066673726,0.01969601,0.84123087,0.0487267,0.035820026,,0.035820026,m7,-1,mskcc,42,m7_loao-mskcc_s42_in22k_v5scr,last
ISIC_0014854_downsampled,__singleton__ISIC_0014854_downsampled,__singleton__ISIC_0014854_downsampled,<40,mskcc,5,False,5,0.009115559,0.0011790273,0.03987368,0.064923346,0.02757886,0.815257,0.042072564,0.037873447,,0.037873447,m7,-1,mskcc,42,m7_loao-mskcc_s42_in22k_v5scr,last
ISIC_0014855_downsampled,__singleton__ISIC_0014855_downsampled,__singleton__ISIC_0014855_downsampled,unknown,mskcc,5,False,5,0.006442586,0.0037987486,0.0027207476,0.040466886,0.032341573,0.87469137,0.039538104,0.042582907,,0.042582907,m7,-1,mskcc,42,m7_loao-mskcc_s42_in22k_v5scr,last
ISIC_0014857_downsampled,__singleton__ISIC_0014857_downsampled,__singleton__ISIC_0014857_downsampled,60+,mskcc,4,True,1,0.0029412224,0.7267991,0.002691694,0.030893221,0.20965111,0.001891459,0.025132237,0.93939143,,0.93939143,m7,-1,mskcc,42,m7_loao-mskcc_s42_in22k_v5scr,last
ISIC_0014866_downsampled,__singleton__ISIC_0014866_downsampled,__singleton__ISIC_0014866_downsampled,40-59,mskcc,5,False,5,0.008172208,0.0037774309,0.005939871,0.047373515,0.0030158667,0.894892,0.036829147,0.014965506,,0.014965506,m7,-1,mskcc,42,m7_loao-mskcc_s42_in22k_v5scr,last
ISIC_0014869_downsampled,__singleton__ISIC_0014869_downsampled,__singleton__ISIC_0014869_downsampled,40-59,mskcc,5,False,5,0.002593648,0.003452249,0.0016805828,0.028992625,0.0063880566,0.93136543,0.025527438,0.012433954,,0.012433954,m7,-1,mskcc,42,m7_loao-mskcc_s42_in22k_v5scr,last
ISIC_0014876_downsampled,__singleton__ISIC_0014876_downsampled,__singleton__ISIC_0014876_downsampled,40-59,mskcc,5,False,5,0.0118069025,0.0052895793,0.0075566345,0.06055636,0.15034083,0.7197795,0.044670228,0.16743731,,0.16743731,m7,-1,mskcc,42,m7_loao-mskcc_s42_in22k_v5scr,last
ISIC_0014883_downsampled,__singleton__ISIC_0014883_downsampled,__singleton__ISIC_0014883_downsampled,unknown,mskcc,4,True,4,0.0059003523,0.0031596993,0.0038100278,0.05370192,0.8294294,0.06678647,0.037212215,0.8384894,,0.8384894,m7,-1,mskcc,42,m7_loao-mskcc_s42_in22k_v5scr,last
ISIC_0014898_downsampled,__singleton__ISIC_0014898_downsampled,__singleton__ISIC_0014898_downsampled,40-59,mskcc,5,False,5,0.011330653,0.0065032532,0.006118695,0.07291565,0.049523573,0.8084824,0.045125835,0.06735748,,0.06735748,m7,-1,mskcc,42,m7_loao-mskcc_s42_in22k_v5scr,last
ISIC_0014903_downsampled,__singleton__ISIC_0014903_downsampled,__singleton__ISIC_0014903_downsampled,40-59,mskcc,5,False,5,0.00642726,0.0044547,0.010911607,0.05359356,0.01330538,0.87890375,0.032403875,0.024187341,,0.024187341,m7,-1,mskcc,42,m7_loao-mskcc_s42_in22k_v5scr,last
ISIC_0014904_downsampled,__singleton__ISIC_0014904_downsampled,__singleton__ISIC_0014904_downsampled,40-59,mskcc,5,False,5,0.009204135,0.006946556,0.013182888,0.06069098,0.0068560475,0.8605415,0.04257791,0.023006737,,0.023006737,m7,-1,mskcc,42,m7_loao-mskcc_s42_in22k_v5scr,last
ISIC_0014908_downsampled,__singleton__ISIC_0014908_downsampled,__singleton__ISIC_0014908_downsampled,40-59,mskcc,5,False,5,0.013100559,0.007453323,0.029799249,0.06803771,0.06196481,0.7727428,0.04690157,0.08251869,,0.08251869,m7,-1,mskcc,42,m7_loao-mskcc_s42_in22k_v5scr,last
ISIC_0014910_downsampled,__singleton__ISIC_0014910_downsampled,__singleton__ISIC_0014910_downsampled,<40,mskcc,5,False,5,0.01069956,0.009146897,0.0048244544,0.074896365,0.09370541,0.75650084,0.050226472,0.11355187,,0.11355187,m7,-1,mskcc,42,m7_loao-mskcc_s42_in22k_v5scr,last
ISIC_0014913_downsampled,__singleton__ISIC_0014913_downsampled,__singleton__ISIC_0014913_downsampled,40-59,mskcc,5,False,5,0.01019273,0.006612153,0.0063944175,0.07295277,0.035056923,0.81213135,0.056659687,0.051861808,,0.051861808,m7,-1,mskcc,42,m7_loao-mskcc_s42_in22k_v5scr,last
ISIC_0014915_downsampled,__singleton__ISIC_0014915_downsampled,__singleton__ISIC_0014915_downsampled,<40,mskcc,5,False,5,0.010570146,0.0043824073,0.0031679666,0.04999646,0.014598026,0.8858935,0.03139159,0.029550578,,0.029550578,m7,-1,mskcc,42,m7_loao-mskcc_s42_in22k_v5scr,last
ISIC_0014922_downsampled,__singleton__ISIC_0014922_downsampled,__singleton__ISIC_0014922_downsampled,unknown,mskcc,4,True,4,0.007587267,0.0042032925,0.004821199,0.048593067,0.8460363,0.057022322,0.031736545,0.8578269,,0.8578269,m7,-1,mskcc,42,m7_loao-mskcc_s42_in22k_v5scr,last
ISIC_0014927_downsampled,__singleton__ISIC_0014927_downsampled,__singleton__ISIC_0014927_downsampled,<40,mskcc,5,False,5,0.006843619,0.004477036,0.0041074734,0.048465546,0.007833127,0.8911856,0.03708752,0.019153781,,0.019153781,m7,-1,mskcc,42,m7_loao-mskcc_s42_in22k_v5scr,last
ISIC_0014928_downsampled,__singleton__ISIC_0014928_downsampled,__singleton__ISIC_0014928_downsampled,<40,mskcc,4,True,5,0.009372923,0.0059057535,0.0056898543,0.056092914,0.0093228035,0.87383664,0.039779,0.02460148,,0.02460148,m7,-1,mskcc,42,m7_loao-mskcc_s42_in22k_v5scr,last
ISIC_0014929_downsampled,__singleton__ISIC_0014929_downsampled,__singleton__ISIC_0014929_downsampled,<40,mskcc,5,False,5,0.0121736,0.0067836395,0.005140268,0.057738483,0.007685239,0.8690262,0.04145253,0.026642477,,0.026642477,m7,-1,mskcc,42,m7_loao-mskcc_s42_in22k_v5scr,last
ISIC_0014931_downsampled,__singleton__ISIC_0014931_downsampled,__singleton__ISIC_0014931_downsampled,60+,mskcc,4,True,4,0.00827778,0.0037770062,0.0065204767,0.055626314,0.84844905,0.038097035,0.039252356,0.86050385,,0.86050385,m7,-1,mskcc,42,m7_loao-mskcc_s42_in22k_v5scr,last
ISIC_0014932_downsampled,__singleton__ISIC_0014932_downsampled,__singleton__ISIC_0014932_downsampled,unknown,mskcc,4,True,4,0.016134856,0.0021233074,0.1472364,0.0843117,0.6289404,0.062105183,0.059148096,0.64719856,,0.64719856,m7,-1,mskcc,42,m7_loao-mskcc_s42_in22k_v5scr,last
ISIC_0014933_downsampled,__singleton__ISIC_0014933_downsampled,__singleton__ISIC_0014933_downsampled,<40,mskcc,5,False,5,0.01387241,0.007042912,0.006243814,0.057859454,0.006050832,0.8657723,0.043158222,0.026966155,,0.026966155,m7,-1,mskcc,42,m7_loao-mskcc_s42_in22k_v5scr,last
ISIC_0014936_downsampled,__singleton__ISIC_0014936_downsampled,__singleton__ISIC_0014936_downsampled,40-59,mskcc,5,False,5,0.03724403,0.0028368547,0.014829525,0.065320775,0.4139855,0.419662,0.046121318,0.45406637,,0.45406637,m7,-1,mskcc,42,m7_loao-mskcc_s42_in22k_v5scr,last
ISIC_0014938_downsampled,__singleton__ISIC_0014938_downsampled,__singleton__ISIC_0014938_downsampled,40-59,mskcc,5,False,4,0.0021136524,0.010012345,0.0125677595,0.0324653,0.86879003,0.052158304,0.021892672,0.880916,,0.880916,m7,-1,mskcc,42,m7_loao-mskcc_s42_in22k_v5scr,last
ISIC_0014941_downsampled,__singleton__ISIC_0014941_downsampled,__singleton__ISIC_0014941_downsampled,<40,mskcc,5,False,5,0.010407196,0.0067794677,0.005385755,0.06355806,0.02940694,0.8315053,0.052957315,0.046593606,,0.046593606,m7,-1,mskcc,42,m7_loao-mskcc_s42_in22k_v5scr,last
ISIC_0014947_downsampled,__singleton__ISIC_0014947_downsampled,__singleton__ISIC_0014947_downsampled,<40,mskcc,5,False,5,0.018236255,0.0058583627,0.0024379906,0.06673068,0.35996008,0.5006694,0.046107236,0.3840547,,0.3840547,m7,-1,mskcc,42,m7_loao-mskcc_s42_in22k_v5scr,last
ISIC_0014948_downsampled,__singleton__ISIC_0014948_downsampled,__singleton__ISIC_0014948_downsampled,40-59,mskcc,5,False,1,0.025261186,0.6966195,0.004054121,0.09240356,0.10369029,0.0046904297,0.07328091,0.82557094,,0.82557094,m7,-1,mskcc,42,m7_loao-mskcc_s42_in22k_v5scr,last
ISIC_0014949_downsampled,__singleton__ISIC_0014949_downsampled,__singleton__ISIC_0014949_downsampled,60+,mskcc,5,False,5,0.010774609,0.0069330744,0.0054142284,0.056648407,0.010109035,0.8708793,0.03924129,0.027816718,,0.027816718,m7,-1,mskcc,42,m7_loao-mskcc_s42_in22k_v5scr,last
ISIC_0014951_downsampled,__singleton__ISIC_0014951_downsampled,__singleton__ISIC_0014951_downsampled,unknown,mskcc,4,True,5,0.014963141,0.0050554303,0.016036771,0.07265868,0.13458729,0.70787555,0.048823155,0.15460587,,0.15460587,m7,-1,mskcc,42,m7_loao-mskcc_s42_in22k_v5scr,last
ISIC_0014952_downsampled,__singleton__ISIC_0014952_downsampled,__singleton__ISIC_0014952_downsampled,40-59,mskcc,5,False,4,0.009513957,0.0025435686,0.0027346942,0.033423837,0.7098245,0.21947053,0.022488868,0.72188205,,0.72188205,m7,-1,mskcc,42,m7_loao-mskcc_s42_in22k_v5scr,last
ISIC_0014955_downsampled,__singleton__ISIC_0014955_downsampled,__singleton__ISIC_0014955_downsampled,60+,mskcc,5,False,5,0.030577483,0.0027298133,0.016421588,0.0454833,0.13163254,0.7401966,0.0329587,0.16493984,,0.16493984,m7,-1,mskcc,42,m7_loao-mskcc_s42_in22k_v5scr,last
ISIC_0014956_downsampled,__singleton__ISIC_0014956_downsampled,__singleton__ISIC_0014956_downsampled,<40,mskcc,5,False,4,0.0055413824,0.008308222,0.0037975144,0.080420434,0.7576343,0.06604272,0.07825546,0.7714839,,0.7714839,m7,-1,mskcc,42,m7_loao-mskcc_s42_in22k_v5scr,last
ISIC_0014957_downsampled,__singleton__ISIC_0014957_downsampled,__singleton__ISIC_0014957_downsampled,<40,mskcc,5,False,5,0.008399006,0.0046340297,0.0056723575,0.05420885,0.0049048793,0.8867067,0.035474103,0.017937915,,0.017937915,m7,-1,mskcc,42,m7_loao-mskcc_s42_in22k_v5scr,last
ISIC_0014962_downsampled,__singleton__ISIC_0014962_downsampled,__singleton__ISIC_0014962_downsampled,<40,mskcc,5,False,5,0.00610752,0.005100034,0.0037684385,0.04052202,0.003968037,0.90398115,0.036552843,0.015175592,,0.015175592,m7,-1,mskcc,42,m7_loao-mskcc_s42_in22k_v5scr,last
ISIC_0014963_downsampled,__singleton__ISIC_0014963_downsampled,__singleton__ISIC_0014963_downsampled,60+,mskcc,4,True,4,0.0055161645,0.005353519,0.002057735,0.046140607,0.89398354,0.0099422205,0.037006233,0.9048532,,0.9048532,m7,-1,mskcc,42,m7_loao-mskcc_s42_in22k_v5scr,last
ISIC_0014964_downsampled,__singleton__ISIC_0014964_downsampled,__singleton__ISIC_0014964_downsampled,<40,mskcc,5,False,5,0.0068525285,0.004369108,0.004023268,0.055884086,0.013415455,0.8762705,0.039185107,0.024637092,,0.024637092,m7,-1,mskcc,42,m7_loao-mskcc_s42_in22k_v5scr,last
ISIC_0014968_downsampled,__singleton__ISIC_0014968_downsampled,__singleton__ISIC_0014968_downsampled,unknown,mskcc,5,False,5,0.008574172,0.0032401353,0.0030698495,0.05611893,0.01689944,0.86798555,0.04411191,0.028713748,,0.028713748,m7,-1,mskcc,42,m7_loao-mskcc_s42_in22k_v5scr,last
ISIC_0014969_downsampled,__singleton__ISIC_0014969_downsampled,__singleton__ISIC_0014969_downsampled,40-59,mskcc,5,False,5,0.008274305,0.0033522747,0.005158565,0.05634755,0.060766958,0.82891774,0.03718248,0.07239354,,0.07239354,m7,-1,mskcc,42,m7_loao-mskcc_s42_in22k_v5scr,last
ISIC_0014973_downsampled,__singleton__ISIC_0014973_downsampled,__singleton__ISIC_0014973_downsampled,unknown,mskcc,5,False,5,0.0054455204,0.0020476095,0.007130731,0.051490374,0.03010996,0.8700701,0.03370561,0.03760309,,0.03760309,m7,-1,mskcc,42,m7_loao-mskcc_s42_in22k_v5scr,last
ISIC_0014975_downsampled,__singleton__ISIC_0014975_downsampled,__singleton__ISIC_0014975_downsampled,60+,mskcc,4,True,5,0.015135321,0.01137697,0.018389747,0.09758791,0.09106559,0.7187073,0.047737125,0.11757788,,0.11757788,m7,-1,mskcc,42,m7_loao-mskcc_s42_in22k_v5scr,last
ISIC_0014979_downsampled,__singleton__ISIC_0014979_downsampled,__singleton__ISIC_0014979_downsampled,60+,mskcc,4,True,5,0.014061198,0.007921977,0.006997455,0.059457276,0.0059227324,0.8638771,0.041762207,0.027905907,,0.027905907,m7,-1,mskcc,42,m7_loao-mskcc_s42_in22k_v5scr,last
ISIC_0014987_downsampled,__singleton__ISIC_0014987_downsampled,__singleton__ISIC_0014987_downsampled,40-59,mskcc,4,True,5,0.027138127,0.0045941775,0.009604784,0.08274064,0.30180147,0.517164,0.05695679,0.33353376,,0.33353376,m7,-1,mskcc,42,m7_loao-mskcc_s42_in22k_v5scr,last
ISIC_0014989_downsampled,__singleton__ISIC_0014989_downsampled,__singleton__ISIC_0014989_downsampled,<40,mskcc,5,False,5,0.009338982,0.0060490407,0.003492681,0.051929347,0.031980023,0.85188085,0.045329016,0.047368046,,0.047368046,m7,-1,mskcc,42,m7_loao-mskcc_s42_in22k_v5scr,last
ISIC_0014994_downsampled,__singleton__ISIC_0014994_downsampled,__singleton__ISIC_0014994_downsampled,40-59,mskcc,5,False,5,0.009908455,0.0060477285,0.006867688,0.058688078,0.006317176,0.8676225,0.044548362,0.02227336,,0.02227336,m7,-1,mskcc,42,m7_loao-mskcc_s42_in22k_v5scr,last
ISIC_0015003_downsampled,__singleton__ISIC_0015003_downsampled,__singleton__ISIC_0015003_downsampled,40-59,mskcc,5,False,4,0.004334161,0.002830738,0.0039081774,0.035768695,0.8898649,0.03498433,0.028309036,0.8970298,,0.8970298,m7,-1,mskcc,42,m7_loao-mskcc_s42_in22k_v5scr,last
ISIC_0015004_downsampled,__singleton__ISIC_0015004_downsampled,__singleton__ISIC_0015004_downsampled,60+,mskcc,4,True,5,0.012596298,0.016910868,0.0046154237,0.05889775,0.0076268897,0.84823024,0.051122412,0.037134055,,0.037134055,m7,-1,mskcc,42,m7_loao-mskcc_s42_in22k_v5scr,last
ISIC_0015005_downsampled,__singleton__ISIC_0015005_downsampled,__singleton__ISIC_0015005_downsampled,40-59,mskcc,4,True,5,0.011653404,0.006517714,0.009873012,0.08189418,0.10538617,0.72713614,0.05753939,0.123557284,,0.123557284,m7,-1,mskcc,42,m7_loao-mskcc_s42_in22k_v5scr,last
ISIC_0015006_downsampled,__singleton__ISIC_0015006_downsampled,__singleton__ISIC_0015006_downsampled,<40,mskcc,2,False,4,0.021686036,0.010306486,0.016027577,0.11650543,0.64907765,0.09180335,0.09459356,0.68107015,,0.68107015,m7,-1,mskcc,42,m7_loao-mskcc_s42_in22k_v5scr,last
ISIC_0015007_downsampled,__singleton__ISIC_0015007_downsampled,__singleton__ISIC_0015007_downsampled,<40,mskcc,5,False,5,0.010679032,0.010651123,0.10037554,0.09866262,0.014630895,0.7042656,0.06073517,0.03596105,,0.03596105,m7,-1,mskcc,42,m7_loao-mskcc_s42_in22k_v5scr,last
ISIC_0015008_downsampled,__singleton__ISIC_0015008_downsampled,__singleton__ISIC_0015008_downsampled,unknown,mskcc,5,False,5,0.009651471,0.006260114,0.010576105,0.062520415,0.007364402,0.8647592,0.038868286,0.023275986,,0.023275986,m7,-1,mskcc,42,m7_loao-mskcc_s42_in22k_v5scr,last
ISIC_0015009_downsampled,__singleton__ISIC_0015009_downsampled,__singleton__ISIC_0015009_downsampled,<40,mskcc,5,False,5,0.008166398,0.005964226,0.004170767,0.049591992,0.006596994,0.8961044,0.029405236,0.020727618,,0.020727618,m7,-1,mskcc,42,m7_loao-mskcc_s42_in22k_v5scr,last
ISIC_0015013_downsampled,__singleton__ISIC_0015013_downsampled,__singleton__ISIC_0015013_downsampled,<40,mskcc,5,False,5,0.008612156,0.006249817,0.011466147,0.0679875,0.023620699,0.83849376,0.043569766,0.038482673,,0.038482673,m7,-1,mskcc,42,m7_loao-mskcc_s42_in22k_v5scr,last
ISIC_0015015_downsampled,__singleton__ISIC_0015015_downsampled,__singleton__ISIC_0015015_downsampled,unknown,mskcc,5,False,4,0.008388967,0.0018846093,0.0027545965,0.03542557,0.89303976,0.03309449,0.025412047,0.90331334,,0.90331334,m7,-1,mskcc,42,m7_loao-mskcc_s42_in22k_v5scr,last
ISIC_0015016_downsampled,__singleton__ISIC_0015016_downsampled,__singleton__ISIC_0015016_downsampled,<40,mskcc,5,False,5,0.0061710323,0.0051784012,0.0062584043,0.04689068,0.005617431,0.8977734,0.032110557,0.016966864,,0.016966864,m7,-1,mskcc,42,m7_loao-mskcc_s42_in22k_v5scr,last
ISIC_0015018_downsampled,__singleton__ISIC_0015018_downsampled,__singleton__ISIC_0015018_downsampled,unknown,mskcc,5,False,5,0.009464266,0.0041119712,0.0051773856,0.0678051,0.027130019,0.84539425,0.040917017,0.040706255,,0.040706255,m7,-1,mskcc,42,m7_loao-mskcc_s42_in22k_v5scr,last
ISIC_0015030_downsampled,__singleton__ISIC_0015030_downsampled,__singleton__ISIC_0015030_downsampled,<40,mskcc,5,False,5,0.0107202595,0.006460431,0.006162018,0.055914313,0.010159925,0.8685079,0.042075183,0.027340615,,0.027340615,m7,-1,mskcc,42,m7_loao-mskcc_s42_in22k_v5scr,last
ISIC_0015031_downsampled,__singleton__ISIC_0015031_downsampled,__singleton__ISIC_0015031_downsampled,<40,mskcc,5,False,5,0.035385527,0.07784943,0.012581916,0.13706996,0.01809134,0.61754656,0.1014753,0.1313263,,0.1313263,m7,-1,mskcc,42,m7_loao-mskcc_s42_in22k_v5scr,last
ISIC_0015034_downsampled,__singleton__ISIC_0015034_downsampled,__singleton__ISIC_0015034_downsampled,40-59,mskcc,5,False,5,0.00785469,0.005169862,0.003799459,0.049236167,0.008058285,0.8952502,0.030631358,0.021082837,,0.021082837,m7,-1,mskcc,42,m7_loao-mskcc_s42_in22k_v5scr,last
ISIC_0015035_downsampled,__singleton__ISIC_0015035_downsampled,__singleton__ISIC_0015035_downsampled,40-59,mskcc,5,False,5,0.010616918,0.0056751687,0.006691506,0.06024668,0.0066197785,0.8665549,0.043594982,0.022911865,,0.022911865,m7,-1,mskcc,42,m7_loao-mskcc_s42_in22k_v5scr,last
ISIC_0015040_downsampled,__singleton__ISIC_0015040_downsampled,__singleton__ISIC_0015040_downsampled,40-59,mskcc,5,False,5,0.009973683,0.007927458,0.0043903925,0.11101867,0.014249821,0.7953102,0.05712978,0.03215096,,0.03215096,m7,-1,mskcc,42,m7_loao-mskcc_s42_in22k_v5scr,last
ISIC_0015041_downsampled,__singleton__ISIC_0015041_downsampled,__singleton__ISIC_0015041_downsampled,40-59,mskcc,4,True,2,0.12623014,0.0113966875,0.31106758,0.12283641,0.051124528,0.2789911,0.09835358,0.18875135,,0.18875135,m7,-1,mskcc,42,m7_loao-mskcc_s42_in22k_v5scr,last
ISIC_0015043_downsampled,__singleton__ISIC_0015043_downsampled,__singleton__ISIC_0015043_downsampled,<40,mskcc,5,False,5,0.0072532436,0.009881429,0.004915137,0.049833134,0.0070496784,0.8788076,0.0422598,0.024184352,,0.024184352,m7,-1,mskcc,42,m7_loao-mskcc_s42_in22k_v5scr,last
ISIC_0015045_downsampled,__singleton__ISIC_0015045_downsampled,__singleton__ISIC_0015045_downsampled,40-59,mskcc,4,True,4,0.0226908,0.0821016,0.00862714,0.121118695,0.6724544,0.01420546,0.07880191,0.77724683,,0.77724683,m7,-1,mskcc,42,m7_loao-mskcc_s42_in22k_v5scr,last
ISIC_0015046_downsampled,__singleton__ISIC_0015046_downsampled,__singleton__ISIC_0015046_downsampled,unknown,mskcc,4,True,5,0.00799276,0.0048704636,0.005315635,0.04696954,0.01560719,0.8826065,0.036637954,0.028470416,,0.028470416,m7,-1,mskcc,42,m7_loao-mskcc_s42_in22k_v5scr,last
ISIC_0015056_downsampled,__singleton__ISIC_0015056_downsampled,__singleton__ISIC_0015056_downsampled,60+,mskcc,5,False,4,0.0037284568,0.0010869857,0.002374312,0.0181656,0.9583825,0.0024721087,0.013790017,0.96319795,,0.96319795,m7,-1,mskcc,42,m7_loao-mskcc_s42_in22k_v5scr,last
ISIC_0015060_downsampled,__singleton__ISIC_0015060_downsampled,__singleton__ISIC_0015060_downsampled,40-59,mskcc,5,False,5,0.007566178,0.008113068,0.004054799,0.067564115,0.0034287234,0.8114136,0.09785951,0.01910797,,0.01910797,m7,-1,mskcc,42,m7_loao-mskcc_s42_in22k_v5scr,last
ISIC_0015062_downsampled,__singleton__ISIC_0015062_downsampled,__singleton__ISIC_0015062_downsampled,40-59,mskcc,2,False,2,0.0129382685,0.0039423043,0.86560476,0.055729866,0.012577725,0.012215893,0.036991194,0.029458296,,0.029458296,m7,-1,mskcc,42,m7_loao-mskcc_s42_in22k_v5scr,last
ISIC_0015078_downsampled,__singleton__ISIC_0015078_downsampled,__singleton__ISIC_0015078_downsampled,unknown,mskcc,5,False,5,0.0060811522,0.004407872,0.016862055,0.046685968,0.06994335,0.8297638,0.02625572,0.08043238,,0.08043238,m7,-1,mskcc,42,m7_loao-mskcc_s42_in22k_v5scr,last
ISIC_0015089_downsampled,__singleton__ISIC_0015089_downsampled,__singleton__ISIC_0015089_downsampled,60+,mskcc,5,False,5,0.007949624,0.0057768403,0.007553598,0.051539365,0.008297155,0.8783771,0.040506396,0.022023618,,0.022023618,m7,-1,mskcc,42,m7_loao-mskcc_s42_in22k_v5scr,last
ISIC_0015108_downsampled,__singleton__ISIC_0015108_downsampled,__singleton__ISIC_0015108_downsampled,60+,mskcc,2,False,2,0.012804677,0.0007964879,0.8732439,0.05023335,0.0314712,0.0023347007,0.029115604,0.045072366,,0.045072366,m7,-1,mskcc,42,m7_loao-mskcc_s42_in22k_v5scr,last
ISIC_0015109_downsampled,__singleton__ISIC_0015109_downsampled,__singleton__ISIC_0015109_downsampled,40-59,mskcc,4,True,4,0.0119940955,0.0024519858,0.0035719418,0.048343007,0.6894869,0.20916702,0.034984957,0.703933,,0.703933,m7,-1,mskcc,42,m7_loao-mskcc_s42_in22k_v5scr,last
ISIC_0015110_downsampled,__singleton__ISIC_0015110_downsampled,__singleton__ISIC_0015110_downsampled,60+,mskcc,4,True,4,0.047128703,0.007874372,0.12125913,0.10775017,0.61503494,0.0110796485,0.08987296,0.670038,,0.670038,m7,-1,mskcc,42,m7_loao-mskcc_s42_in22k_v5scr,last
ISIC_0015112_downsampled,__singleton__ISIC_0015112_downsampled,__singleton__ISIC_0015112_downsampled,60+,mskcc,2,False,2,0.00550014,0.0018213344,0.91830885,0.03162999,0.014496199,0.0018617845,0.026381683,0.021817673,,0.021817673,m7,-1,mskcc,42,m7_loao-mskcc_s42_in22k_v5scr,last
ISIC_0015118_downsampled,__singleton__ISIC_0015118_downsampled,__singleton__ISIC_0015118_downsampled,60+,mskcc,5,False,5,0.006725402,0.0046126987,0.0031474582,0.065627225,0.019538788,0.862372,0.03797645,0.03087689,,0.03087689,m7,-1,mskcc,42,m7_loao-mskcc_s42_in22k_v5scr,last
ISIC_0015119_downsampled,__singleton__ISIC_0015119_downsampled,__singleton__ISIC_0015119_downsampled,40-59,mskcc,4,True,4,0.007446999,0.027021825,0.008722418,0.058923833,0.83903885,0.005200614,0.053645503,0.8735077,,0.8735077,m7,-1,mskcc,42,m7_loao-mskcc_s42_in22k_v5scr,last
ISIC_0015124_downsampled,__singleton__ISIC_0015124_downsampled,__singleton__ISIC_0015124_downsampled,40-59,mskcc,4,True,5,0.0098232785,0.007058944,0.003942479,0.056935307,0.017273603,0.8514805,0.053485878,0.034155823,,0.034155823,m7,-1,mskcc,42,m7_loao-mskcc_s42_in22k_v5scr,last
ISIC_0015129_downsampled,__singleton__ISIC_0015129_downsampled,__singleton__ISIC_0015129_downsampled,unknown,mskcc,5,False,5,0.010470944,0.0034049125,0.0051471274,0.061293513,0.068301335,0.8133072,0.038074892,0.08217719,,0.08217719,m7,-1,mskcc,42,m7_loao-mskcc_s42_in22k_v5scr,last
ISIC_0015132_downsampled,__singleton__ISIC_0015132_downsampled,__singleton__ISIC_0015132_downsampled,60+,mskcc,4,True,4,0.010493729,0.0028198569,0.005309599,0.038957667,0.90775704,0.0035812291,0.031080812,0.92107064,,0.92107064,m7,-1,mskcc,42,m7_loao-mskcc_s42_in22k_v5scr,last
ISIC_0015139_downsampled,__singleton__ISIC_0015139_downsampled,__singleton__ISIC_0015139_downsampled,<40,mskcc,5,False,5,0.0059623304,0.0017916416,0.0032130713,0.055935394,0.042757023,0.85621864,0.034121964,0.050510995,,0.050510995,m7,-1,mskcc,42,m7_loao-mskcc_s42_in22k_v5scr,last
ISIC_0015140_downsampled,__singleton__ISIC_0015140_downsampled,__singleton__ISIC_0015140_downsampled,<40,mskcc,5,False,5,0.0127361445,0.01905876,0.0077249617,0.08106804,0.08929314,0.73125255,0.058866415,0.12108804,,0.12108804,m7,-1,mskcc,42,m7_loao-mskcc_s42_in22k_v5scr,last
ISIC_0015144_downsampled,__singleton__ISIC_0015144_downsampled,__singleton__ISIC_0015144_downsampled,<40,mskcc,5,False,5,0.012189828,0.0053327335,0.009615206,0.061990246,0.008809078,0.8590495,0.043013472,0.02633164,,0.02633164,m7,-1,mskcc,42,m7_loao-mskcc_s42_in22k_v5scr,last
ISIC_0015146_downsampled,__singleton__ISIC_0015146_downsampled,__singleton__ISIC_0015146_downsampled,unknown,mskcc,5,False,5,0.0070229676,0.0058148503,0.0034508375,0.0667354,0.019422365,0.85724527,0.040308323,0.032260183,,0.032260183,m7,-1,mskcc,42,m7_loao-mskcc_s42_in22k_v5scr,last
ISIC_0015149_downsampled,__singleton__ISIC_0015149_downsampled,__singleton__ISIC_0015149_downsampled,60+,mskcc,5,False,4,0.010589987,0.0078170905,0.0048670173,0.057747066,0.8644161,0.009872944,0.044689763,0.8828232,,0.8828232,m7,-1,mskcc,42,m7_loao-mskcc_s42_in22k_v5scr,last
ISIC_0015152_downsampled,__singleton__ISIC_0015152_downsampled,__singleton__ISIC_0015152_downsampled,40-59,mskcc,5,False,5,0.008934754,0.0047750687,0.0066219694,0.04645991,0.011064961,0.8797341,0.042409208,0.024774782,,0.024774782,m7,-1,mskcc,42,m7_loao-mskcc_s42_in22k_v5scr,last
ISIC_0015153_downsampled,__singleton__ISIC_0015153_downsampled,__singleton__ISIC_0015153_downsampled,unknown,mskcc,2,False,2,0.0007993819,0.0005343467,0.91659856,0.024670703,0.029745588,0.00076106354,0.026890416,0.031079317,,0.031079317,m7,-1,mskcc,42,m7_loao-mskcc_s42_in22k_v5scr,last
ISIC_0015156_downsampled,__singleton__ISIC_0015156_downsampled,__singleton__ISIC_0015156_downsampled,60+,mskcc,4,True,4,0.0152700655,0.010138862,0.015611589,0.11417303,0.5225379,0.24595757,0.07631107,0.5479468,,0.5479468,m7,-1,mskcc,42,m7_loao-mskcc_s42_in22k_v5scr,last
ISIC_0015157_downsampled,__singleton__ISIC_0015157_downsampled,__singleton__ISIC_0015157_downsampled,40-59,mskcc,5,False,5,0.011012118,0.005661572,0.0072753695,0.05701994,0.008790866,0.8706933,0.039546717,0.025464555,,0.025464555,m7,-1,mskcc,42,m7_loao-mskcc_s42_in22k_v5scr,last
ISIC_0015158_downsampled,__singleton__ISIC_0015158_downsampled,__singleton__ISIC_0015158_downsampled,60+,mskcc,2,False,4,0.0076044393,0.0045620087,0.008615015,0.041120257,0.9050912,0.002245907,0.030761113,0.91725767,,0.91725767,m7,-1,mskcc,42,m7_loao-mskcc_s42_in22k_v5scr,last
ISIC_0015160_downsampled,__singleton__ISIC_0015160_downsampled,__singleton__ISIC_0015160_downsampled,<40,mskcc,5,False,2,0.012134221,0.0028418058,0.6285328,0.11301843,0.0058516013,0.14572373,0.09189737,0.020827629,,0.020827629,m7,-1,mskcc,42,m7_loao-mskcc_s42_in22k_v5scr,last
ISIC_0015161_downsampled,__singleton__ISIC_0015161_downsampled,__singleton__ISIC_0015161_downsampled,<40,mskcc,5,False,5,0.0046806387,0.0037955067,0.021947663,0.07998524,0.0022678513,0.8537985,0.03352451,0.010743997,,0.010743997,m7,-1,mskcc,42,m7_loao-mskcc_s42_in22k_v5scr,last
ISIC_0015163_downsampled,__singleton__ISIC_0015163_downsampled,__singleton__ISIC_0015163_downsampled,60+,mskcc,4,True,4,0.008634019,0.0052768406,0.0039448994,0.05048021,0.8791611,0.012312144,0.040190842,0.893072,,0.893072,m7,-1,mskcc,42,m7_loao-mskcc_s42_in22k_v5scr,last
ISIC_0015166_downsampled,__singleton__ISIC_0015166_downsampled,__singleton__ISIC_0015166_downsampled,unknown,mskcc,4,True,4,0.0063736653,0.003622062,0.0049609095,0.04947953,0.8646367,0.04136381,0.029563162,0.8746324,,0.8746324,m7,-1,mskcc,42,m7_loao-mskcc_s42_in22k_v5scr,last
ISIC_0015167_downsampled,__singleton__ISIC_0015167_downsampled,__singleton__ISIC_0015167_downsampled,unknown,mskcc,4,True,4,0.005892561,0.004412702,0.0029769663,0.054390725,0.89078945,0.011995333,0.029542264,0.90109473,,0.90109473,m7,-1,mskcc,42,m7_loao-mskcc_s42_in22k_v5scr,last
ISIC_0015168_downsampled,__singleton__ISIC_0015168_downsampled,__singleton__ISIC_0015168_downsampled,unknown,mskcc,2,False,2,0.0034160311,0.004732422,0.9271038,0.033813216,0.00445325,0.002750143,0.023731032,0.012601703,,0.012601703,m7,-1,mskcc,42,m7_loao-mskcc_s42_in22k_v5scr,last
ISIC_0015170_downsampled,__singleton__ISIC_0015170_downsampled,__singleton__ISIC_0015170_downsampled,60+,mskcc,2,False,2,0.009474724,0.0031395012,0.91713715,0.03827631,0.0048492197,0.0017980962,0.025324937,0.017463446,,0.017463446,m7,-1,mskcc,42,m7_loao-mskcc_s42_in22k_v5scr,last
ISIC_0015171_downsampled,__singleton__ISIC_0015171_downsampled,__singleton__ISIC_0015171_downsampled,unknown,mskcc,5,False,5,0.016551116,0.018064732,0.015179216,0.13305593,0.32032514,0.40368482,0.09313904,0.35494098,,0.35494098,m7,-1,mskcc,42,m7_loao-mskcc_s42_in22k_v5scr,last
ISIC_0015173_downsampled,__singleton__ISIC_0015173_downsampled,__singleton__ISIC_0015173_downsampled,40-59,mskcc,5,False,4,0.005518787,0.043342073,0.09751915,0.16910772,0.537192,0.0915982,0.055722058,0.58605283,,0.58605283,m7,-1,mskcc,42,m7_loao-mskcc_s42_in22k_v5scr,last
ISIC_0015174_downsampled,__singleton__ISIC_0015174_downsampled,__singleton__ISIC_0015174_downsampled,40-59,mskcc,5,False,4,0.01403543,0.0076066847,0.0051735346,0.078871936,0.46199664,0.37663433,0.055681508,0.48363876,,0.48363876,m7,-1,mskcc,42,m7_loao-mskcc_s42_in22k_v5scr,last
ISIC_0015179_downsampled,__singleton__ISIC_0015179_downsampled,__singleton__ISIC_0015179_downsampled,60+,mskcc,5,False,4,0.009043181,0.0029318351,0.005168023,0.06033305,0.7695806,0.10987989,0.04306342,0.7815556,,0.7815556,m7,-1,mskcc,42,m7_loao-mskcc_s42_in22k_v5scr,last
ISIC_0015180_downsampled,__singleton__ISIC_0015180_downsampled,__singleton__ISIC_0015180_downsampled,60+,mskcc,4,True,4,0.0034989319,0.0069682444,0.036138497,0.10099915,0.7601501,0.037498612,0.054746512,0.77061725,,0.77061725,m7,-1,mskcc,42,m7_loao-mskcc_s42_in22k_v5scr,last
ISIC_0015181_downsampled,__singleton__ISIC_0015181_downsampled,__singleton__ISIC_0015181_downsampled,40-59,mskcc,2,False,4,0.002799044,0.0064609274,0.0028178645,0.058553293,0.8754775,0.019806903,0.034084428,0.8847375,,0.8847375,m7,-1,mskcc,42,m7_loao-mskcc_s42_in22k_v5scr,last
ISIC_0015182_downsampled,__singleton__ISIC_0015182_downsampled,__singleton__ISIC_0015182_downsampled,40-59,mskcc,2,False,1,0.0046400195,0.5616666,0.036436167,0.12010528,0.0014619664,0.2268336,0.04885641,0.56776863,,0.56776863,m7,-1,mskcc,42,m7_loao-mskcc_s42_in22k_v5scr,last
ISIC_0015190_downsampled,__singleton__ISIC_0015190_downsampled,__singleton__ISIC_0015190_downsampled,60+,mskcc,4,True,4,0.00531098,0.004893593,0.005516647,0.042066734,0.9038414,0.008920518,0.02945009,0.91404593,,0.91404593,m7,-1,mskcc,42,m7_loao-mskcc_s42_in22k_v5scr,last
ISIC_0015200_downsampled,__singleton__ISIC_0015200_downsampled,__singleton__ISIC_0015200_downsampled,unknown,mskcc,4,True,4,0.016756993,0.014413196,0.009927819,0.12455446,0.6251514,0.11778854,0.09140767,0.6563216,,0.6563216,m7,-1,mskcc,42,m7_loao-mskcc_s42_in22k_v5scr,last
ISIC_0015201_downsampled,__singleton__ISIC_0015201_downsampled,__singleton__ISIC_0015201_downsampled,<40,mskcc,5,False,5,0.011699297,0.0059406934,0.0027870673,0.06391005,0.09395386,0.7726778,0.049031306,0.11159386,,0.11159386,m7,-1,mskcc,42,m7_loao-mskcc_s42_in22k_v5scr,last
ISIC_0015206_downsampled,__singleton__ISIC_0015206_downsampled,__singleton__ISIC_0015206_downsampled,40-59,mskcc,4,True,5,0.011052696,0.0050424137,0.0061343196,0.0754572,0.20252553,0.64871216,0.05107567,0.21862063,,0.21862063,m7,-1,mskcc,42,m7_loao-mskcc_s42_in22k_v5scr,last
ISIC_0015207_downsampled,__singleton__ISIC_0015207_downsampled,__singleton__ISIC_0015207_downsampled,40-59,mskcc,5,False,6,0.003990642,0.001073584,0.0039984672,0.02956593,0.05125187,0.030872671,0.87924683,0.056316096,,0.056316096,m7,-1,mskcc,42,m7_loao-mskcc_s42_in22k_v5scr,last
ISIC_0015208_downsampled,__singleton__ISIC_0015208_downsampled,__singleton__ISIC_0015208_downsampled,40-59,mskcc,5,False,5,0.011977125,0.003862878,0.0046995822,0.059477948,0.044242185,0.8358901,0.039850183,0.06008219,,0.06008219,m7,-1,mskcc,42,m7_loao-mskcc_s42_in22k_v5scr,last
ISIC_0015211_downsampled,__singleton__ISIC_0015211_downsampled,__singleton__ISIC_0015211_downsampled,40-59,mskcc,5,False,5,0.007204362,0.0098258685,0.010071812,0.06341706,0.0030642943,0.8536797,0.052736875,0.020094525,,0.020094525,m7,-1,mskcc,42,m7_loao-mskcc_s42_in22k_v5scr,last
ISIC_0015212_downsampled,__singleton__ISIC_0015212_downsampled,__singleton__ISIC_0015212_downsampled,<40,mskcc,5,False,5,0.011012697,0.0060124295,0.0070421216,0.056351747,0.0070109754,0.8711868,0.041383214,0.024036102,,0.024036102,m7,-1,mskcc,42,m7_loao-mskcc_s42_in22k_v5scr,last
ISIC_0015215_downsampled,__singleton__ISIC_0015215_downsampled,__singleton__ISIC_0015215_downsampled,40-59,mskcc,5,False,5,0.010316491,0.008521334,0.0039179213,0.053688563,0.0185694,0.8642041,0.040782288,0.037407227,,0.037407227,m7,-1,mskcc,42,m7_loao-mskcc_s42_in22k_v5scr,last
ISIC_0015219_downsampled,__singleton__ISIC_0015219_downsampled,__singleton__ISIC_0015219_downsampled,unknown,mskcc,4,True,4,0.005667459,0.0038035351,0.005394885,0.042251278,0.8902083,0.020725856,0.03194874,0.8996793,,0.8996793,m7,-1,mskcc,42,m7_loao-mskcc_s42_in22k_v5scr,last
ISIC_0015220_downsampled,__singleton__ISIC_0015220_downsampled,__singleton__ISIC_0015220_downsampled,60+,mskcc,2,False,4,0.03766336,0.0012324972,0.015691012,0.05360737,0.8207098,0.039911762,0.031184196,0.85960567,,0.85960567,m7,-1,mskcc,42,m7_loao-mskcc_s42_in22k_v5scr,last
ISIC_0015223_downsampled,__singleton__ISIC_0015223_downsampled,__singleton__ISIC_0015223_downsampled,<40,mskcc,5,False,5,0.01018425,0.006735985,0.005033203,0.055996,0.006468843,0.8728185,0.042763278,0.023389079,,0.023389079,m7,-1,mskcc,42,m7_loao-mskcc_s42_in22k_v5scr,last
ISIC_0015224_downsampled,__singleton__ISIC_0015224_downsampled,__singleton__ISIC_0015224_downsampled,40-59,mskcc,5,False,5,0.010895526,0.0070048287,0.004536749,0.05335956,0.0049136216,0.87786037,0.041429408,0.022813976,,0.022813976,m7,-1,mskcc,42,m7_loao-mskcc_s42_in22k_v5scr,last
ISIC_0015226_downsampled,__singleton__ISIC_0015226_downsampled,__singleton__ISIC_0015226_downsampled,unknown,mskcc,5,False,5,0.0117461085,0.006654987,0.006799711,0.060996506,0.004412735,0.86418086,0.045209095,0.02281383,,0.02281383,m7,-1,mskcc,42,m7_loao-mskcc_s42_in22k_v5scr,last
ISIC_0015229_downsampled,__singleton__ISIC_0015229_downsampled,__singleton__ISIC_0015229_downsampled,60+,mskcc,4,True,4,0.0062883385,0.0052613593,0.006819252,0.052124552,0.87836176,0.018172137,0.03297261,0.8899115,,0.8899115,m7,-1,mskcc,42,m7_loao-mskcc_s42_in22k_v5scr,last
ISIC_0015232_downsampled,__singleton__ISIC_0015232_downsampled,__singleton__ISIC_0015232_downsampled,40-59,mskcc,5,False,5,0.005303726,0.10568813,0.006852332,0.121853545,0.0083617605,0.5548463,0.19709429,0.11935362,,0.11935362,m7,-1,mskcc,42,m7_loao-mskcc_s42_in22k_v5scr,last
ISIC_0015233_downsampled,__singleton__ISIC_0015233_downsampled,__singleton__ISIC_0015233_downsampled,60+,mskcc,2,False,2,0.0030908422,0.003563711,0.9282867,0.037608534,0.0013354324,0.0052997023,0.020815078,0.007989986,,0.007989986,m7,-1,mskcc,42,m7_loao-mskcc_s42_in22k_v5scr,last
ISIC_0015237_downsampled,__singleton__ISIC_0015237_downsampled,__singleton__ISIC_0015237_downsampled,unknown,mskcc,5,False,5,0.0243036,0.03912484,0.0053419853,0.08186097,0.0225368,0.77609146,0.05074038,0.08596524,,0.08596524,m7,-1,mskcc,42,m7_loao-mskcc_s42_in22k_v5scr,last
ISIC_0015241_downsampled,__singleton__ISIC_0015241_downsampled,__singleton__ISIC_0015241_downsampled,60+,mskcc,5,False,5,0.010639936,0.006775805,0.007858088,0.060564253,0.0082024345,0.8629813,0.04297821,0.025618173,,0.025618173,m7,-1,mskcc,42,m7_loao-mskcc_s42_in22k_v5scr,last
ISIC_0015244_downsampled,__singleton__ISIC_0015244_downsampled,__singleton__ISIC_0015244_downsampled,40-59,mskcc,5,False,5,0.008532661,0.007317425,0.008171057,0.09843024,0.2163815,0.5973483,0.063818894,0.23223159,,0.23223159,m7,-1,mskcc,42,m7_loao-mskcc_s42_in22k_v5scr,last
ISIC_0015245_downsampled,__singleton__ISIC_0015245_downsampled,__singleton__ISIC_0015245_downsampled,60+,mskcc,5,False,5,0.009679762,0.0063510938,0.0072628357,0.060150564,0.014929,0.86266005,0.038966656,0.030959856,,0.030959856,m7,-1,mskcc,42,m7_loao-mskcc_s42_in22k_v5scr,last
ISIC_0015255_downsampled,__singleton__ISIC_0015255_downsampled,__singleton__ISIC_0015255_downsampled,40-59,mskcc,5,False,5,0.007086966,0.0039056735,0.0036668333,0.07347561,0.37599364,0.4913565,0.044514813,0.3869863,,0.3869863,m7,-1,mskcc,42,m7_loao-mskcc_s42_in22k_v5scr,last
ISIC_0015256_downsampled,__singleton__ISIC_0015256_downsampled,__singleton__ISIC_0015256_downsampled,60+,mskcc,4,True,4,0.009302833,0.0030506772,0.020958966,0.10823604,0.42004138,0.39409465,0.044315483,0.4323949,,0.4323949,m7,-1,mskcc,42,m7_loao-mskcc_s42_in22k_v5scr,last
ISIC_0015260_downsampled,__singleton__ISIC_0015260_downsampled,__singleton__ISIC_0015260_downsampled,40-59,mskcc,2,False,2,0.005369894,0.0021502632,0.896391,0.04330447,0.007056557,0.017935557,0.027792271,0.0145767145,,0.0145767145,m7,-1,mskcc,42,m7_loao-mskcc_s42_in22k_v5scr,last
ISIC_0015264_downsampled,__singleton__ISIC_0015264_downsampled,__singleton__ISIC_0015264_downsampled,<40,mskcc,5,False,5,0.0064265854,0.0032432731,0.006266029,0.057510752,0.0068320604,0.8870477,0.032673616,0.016501918,,0.016501918,m7,-1,mskcc,42,m7_loao-mskcc_s42_in22k_v5scr,last
ISIC_0015270_downsampled,__singleton__ISIC_0015270_downsampled,__singleton__ISIC_0015270_downsampled,60+,mskcc,5,False,5,0.008017526,0.0037576328,0.0033130443,0.058374427,0.05877023,0.8304164,0.03735082,0.07054539,,0.07054539,m7,-1,mskcc,42,m7_loao-mskcc_s42_in22k_v5scr,last
ISIC_0015274_downsampled,__singleton__ISIC_0015274_downsampled,__singleton__ISIC_0015274_downsampled,40-59,mskcc,5,False,5,0.009990705,0.007712683,0.0053523513,0.058754865,0.009855796,0.8669015,0.041432105,0.027559184,,0.027559184,m7,-1,mskcc,42,m7_loao-mskcc_s42_in22k_v5scr,last
ISIC_0015279_downsampled,__singleton__ISIC_0015279_downsampled,__singleton__ISIC_0015279_downsampled,unknown,mskcc,5,False,5,0.0089669395,0.006774881,0.0073870406,0.05976453,0.010964204,0.86562604,0.040516403,0.026706025,,0.026706025,m7,-1,mskcc,42,m7_loao-mskcc_s42_in22k_v5scr,last
ISIC_0015283_downsampled,__singleton__ISIC_0015283_downsampled,__singleton__ISIC_0015283_downsampled,<40,mskcc,5,False,5,0.0054217326,0.006613355,0.0034865208,0.051261436,0.0078007607,0.8896124,0.035803776,0.019835848,,0.019835848,m7,-1,mskcc,42,m7_loao-mskcc_s42_in22k_v5scr,last
ISIC_0015291_downsampled,__singleton__ISIC_0015291_downsampled,__singleton__ISIC_0015291_downsampled,<40,mskcc,5,False,5,0.0132832285,0.006111858,0.010869365,0.058421515,0.015917558,0.84801805,0.04737835,0.035312645,,0.035312645,m7,-1,mskcc,42,m7_loao-mskcc_s42_in22k_v5scr,last
ISIC_0015295_downsampled,__singleton__ISIC_0015295_downsampled,__singleton__ISIC_0015295_downsampled,60+,mskcc,2,False,2,0.0065201013,0.0012125426,0.95851487,0.018402958,0.0013787202,0.0011227819,0.012847917,0.009111363,,0.009111363,m7,-1,mskcc,42,m7_loao-mskcc_s42_in22k_v5scr,last
ISIC_0015298_downsampled,__singleton__ISIC_0015298_downsampled,__singleton__ISIC_0015298_downsampled,40-59,mskcc,5,False,5,0.009714629,0.004289495,0.009204759,0.051809996,0.0060856426,0.87872815,0.040167246,0.020089766,,0.020089766,m7,-1,mskcc,42,m7_loao-mskcc_s42_in22k_v5scr,last
ISIC_0015309_downsampled,__singleton__ISIC_0015309_downsampled,__singleton__ISIC_0015309_downsampled,<40,mskcc,5,False,5,0.005905202,0.003312502,0.002165483,0.070388354,0.012156462,0.8710826,0.034989383,0.021374166,,0.021374166,m7,-1,mskcc,42,m7_loao-mskcc_s42_in22k_v5scr,last
ISIC_0015310_downsampled,__singleton__ISIC_0015310_downsampled,__singleton__ISIC_0015310_downsampled,<40,mskcc,5,False,5,0.00685949,0.009053706,0.006964864,0.06612993,0.028957337,0.84202963,0.04000506,0.044870533,,0.044870533,m7,-1,mskcc,42,m7_loao-mskcc_s42_in22k_v5scr,last
ISIC_0015311_downsampled,__singleton__ISIC_0015311_downsampled,__singleton__ISIC_0015311_downsampled,<40,mskcc,5,False,5,0.0026940792,0.0026526265,0.01614122,0.069358125,0.029873064,0.82849056,0.05079027,0.03521977,,0.03521977,m7,-1,mskcc,42,m7_loao-mskcc_s42_in22k_v5scr,last
ISIC_0015312_downsampled,__singleton__ISIC_0015312_downsampled,__singleton__ISIC_0015312_downsampled,unknown,mskcc,5,False,4,0.0071597127,0.0058185128,0.0017851985,0.039595615,0.86307216,0.04753695,0.035031777,0.87605035,,0.87605035,m7,-1,mskcc,42,m7_loao-mskcc_s42_in22k_v5scr,last
ISIC_0015331_downsampled,__singleton__ISIC_0015331_downsampled,__singleton__ISIC_0015331_downsampled,<40,mskcc,5,False,5,0.011638261,0.0061327633,0.00621176,0.063830115,0.02435243,0.84230185,0.045532905,0.04212345,,0.04212345,m7,-1,mskcc,42,m7_loao-mskcc_s42_in22k_v5scr,last
ISIC_0015363_downsampled,__singleton__ISIC_0015363_downsampled,__singleton__ISIC_0015363_downsampled,<40,mskcc,5,False,1,0.010896029,0.8380089,0.004344897,0.043238506,0.0025256444,0.041099682,0.05988625,0.85143054,,0.85143054,m7,-1,mskcc,42,m7_loao-mskcc_s42_in22k_v5scr,last
ISIC_0015369_downsampled,__singleton__ISIC_0015369_downsampled,__singleton__ISIC_0015369_downsampled,unknown,mskcc,5,False,5,0.009247793,0.005285972,0.009644817,0.05748271,0.006972028,0.8698438,0.04152296,0.021505792,,0.021505792,m7,-1,mskcc,42,m7_loao-mskcc_s42_in22k_v5scr,last
ISIC_0015372_downsampled,__singleton__ISIC_0015372_downsampled,__singleton__ISIC_0015372_downsampled,40-59,mskcc,5,False,5,0.0026038669,0.0045440146,0.16087344,0.12919681,0.2935525,0.33222154,0.07700777,0.30070037,,0.30070037,m7,-1,mskcc,42,m7_loao-mskcc_s42_in22k_v5scr,last
ISIC_0015386_downsampled,__singleton__ISIC_0015386_downsampled,__singleton__ISIC_0015386_downsampled,40-59,mskcc,5,False,5,0.009445782,0.007372036,0.003042131,0.06932768,0.10041365,0.7582183,0.052180454,0.117231466,,0.117231466,m7,-1,mskcc,42,m7_loao-mskcc_s42_in22k_v5scr,last
ISIC_0015404_downsampled,__singleton__ISIC_0015404_downsampled,__singleton__ISIC_0015404_downsampled,unknown,mskcc,5,False,5,0.010298104,0.00750555,0.03253489,0.07127024,0.04473704,0.7746753,0.058978915,0.062540695,,0.062540695,m7,-1,mskcc,42,m7_loao-mskcc_s42_in22k_v5scr,last
ISIC_0015411_downsampled,__singleton__ISIC_0015411_downsampled,__singleton__ISIC_0015411_downsampled,<40,mskcc,5,False,5,0.008628655,0.0053796694,0.004738721,0.052331563,0.018057436,0.86958337,0.041280642,0.03206576,,0.03206576,m7,-1,mskcc,42,m7_loao-mskcc_s42_in22k_v5scr,last
ISIC_0015416_downsampled,__singleton__ISIC_0015416_downsampled,__singleton__ISIC_0015416_downsampled,<40,mskcc,5,False,4,0.2916924,0.010324153,0.006077209,0.06762992,0.542723,0.03540936,0.046144,0.84473956,,0.84473956,m7,-1,mskcc,42,m7_loao-mskcc_s42_in22k_v5scr,last
ISIC_0015419_downsampled,__singleton__ISIC_0015419_downsampled,__singleton__ISIC_0015419_downsampled,<40,mskcc,5,False,5,0.004197403,0.0032662968,0.01756862,0.067964755,0.03257937,0.82483065,0.049592838,0.04004307,,0.04004307,m7,-1,mskcc,42,m7_loao-mskcc_s42_in22k_v5scr,last
ISIC_0015436_downsampled,__singleton__ISIC_0015436_downsampled,__singleton__ISIC_0015436_downsampled,60+,mskcc,5,False,5,0.00430157,0.010005762,0.0022131628,0.041653022,0.0022722913,0.89056855,0.04898565,0.016579622,,0.016579622,m7,-1,mskcc,42,m7_loao-mskcc_s42_in22k_v5scr,last
ISIC_0015440_downsampled,__singleton__ISIC_0015440_downsampled,__singleton__ISIC_0015440_downsampled,<40,mskcc,5,False,5,0.011292897,0.0060356604,0.006141754,0.06613134,0.005061927,0.86221236,0.043124054,0.022390483,,0.022390483,m7,-1,mskcc,42,m7_loao-mskcc_s42_in22k_v5scr,last
ISIC_0015447_downsampled,__singleton__ISIC_0015447_downsampled,__singleton__ISIC_0015447_downsampled,40-59,mskcc,5,False,5,0.096274205,0.018464653,0.035448413,0.14754155,0.01488271,0.5705335,0.11685492,0.12962157,,0.12962157,m7,-1,mskcc,42,m7_loao-mskcc_s42_in22k_v5scr,last
ISIC_0015455_downsampled,__singleton__ISIC_0015455_downsampled,__singleton__ISIC_0015455_downsampled,40-59,mskcc,5,False,5,0.002241447,0.0032997008,0.0031031775,0.034901816,0.055652007,0.8730535,0.027748272,0.061193153,,0.061193153,m7,-1,mskcc,42,m7_loao-mskcc_s42_in22k_v5scr,last
ISIC_0015482_downsampled,__singleton__ISIC_0015482_downsampled,__singleton__ISIC_0015482_downsampled,60+,mskcc,5,False,4,0.006355344,0.0034410916,0.009012389,0.04901788,0.8271204,0.059905507,0.045147322,0.83691686,,0.83691686,m7,-1,mskcc,42,m7_loao-mskcc_s42_in22k_v5scr,last
ISIC_0015483_downsampled,__singleton__ISIC_0015483_downsampled,__singleton__ISIC_0015483_downsampled,40-59,mskcc,5,False,1,0.0012483306,0.82657176,0.0026360594,0.04631812,0.02032859,0.06987648,0.033020608,0.8481487,,0.8481487,m7,-1,mskcc,42,m7_loao-mskcc_s42_in22k_v5scr,last
ISIC_0015485_downsampled,__singleton__ISIC_0015485_downsampled,__singleton__ISIC_0015485_downsampled,unknown,mskcc,5,False,5,0.010814916,0.015272159,0.003931911,0.079145506,0.30414546,0.5334047,0.05328539,0.33023253,,0.33023253,m7,-1,mskcc,42,m7_loao-mskcc_s42_in22k_v5scr,last
ISIC_0015510_downsampled,__singleton__ISIC_0015510_downsampled,__singleton__ISIC_0015510_downsampled,60+,mskcc,5,False,6,0.0009979567,0.0011580422,0.008296518,0.020883486,0.01839461,0.01124521,0.93902427,0.020550609,,0.020550609,m7,-1,mskcc,42,m7_loao-mskcc_s42_in22k_v5scr,last
ISIC_0015544_downsampled,__singleton__ISIC_0015544_downsampled,__singleton__ISIC_0015544_downsampled,unknown,mskcc,5,False,5,0.011802783,0.005665573,0.004778536,0.056135453,0.014990871,0.8655003,0.04112654,0.032459226,,0.032459226,m7,-1,mskcc,42,m7_loao-mskcc_s42_in22k_v5scr,last
ISIC_0015559_downsampled,__singleton__ISIC_0015559_downsampled,__singleton__ISIC_0015559_downsampled,<40,mskcc,5,False,5,0.011541414,0.006964045,0.004324134,0.059856646,0.010520465,0.8649893,0.04180396,0.029025923,,0.029025923,m7,-1,mskcc,42,m7_loao-mskcc_s42_in22k_v5scr,last
ISIC_0015563_downsampled,__singleton__ISIC_0015563_downsampled,__singleton__ISIC_0015563_downsampled,40-59,mskcc,5,False,5,0.015570048,0.028214863,0.029283797,0.07924279,0.0027674204,0.79076946,0.054151654,0.04655233,,0.04655233,m7,-1,mskcc,42,m7_loao-mskcc_s42_in22k_v5scr,last
ISIC_0015566_downsampled,__singleton__ISIC_0015566_downsampled,__singleton__ISIC_0015566_downsampled,40-59,mskcc,5,False,5,0.010596078,0.0050594583,0.0030058387,0.045749,0.007317003,0.8900988,0.038173866,0.022972539,,0.022972539,m7,-1,mskcc,42,m7_loao-mskcc_s42_in22k_v5scr,last
ISIC_0015568_downsampled,__singleton__ISIC_0015568_downsampled,__singleton__ISIC_0015568_downsampled,40-59,mskcc,5,False,5,0.012409501,0.0041379444,0.0015759511,0.039690956,0.017050926,0.89941037,0.025724279,0.03359837,,0.03359837,m7,-1,mskcc,42,m7_loao-mskcc_s42_in22k_v5scr,last
ISIC_0015582_downsampled,__singleton__ISIC_0015582_downsampled,__singleton__ISIC_0015582_downsampled,<40,mskcc,5,False,5,0.014411548,0.006680465,0.006853872,0.058373354,0.007712482,0.86379945,0.04216872,0.028804494,,0.028804494,m7,-1,mskcc,42,m7_loao-mskcc_s42_in22k_v5scr,last
ISIC_0015603_downsampled,__singleton__ISIC_0015603_downsampled,__singleton__ISIC_0015603_downsampled,<40,mskcc,5,False,5,0.010871261,0.005550702,0.006734944,0.061116375,0.0072284383,0.8656215,0.042876717,0.0236504,,0.0236504,m7,-1,mskcc,42,m7_loao-mskcc_s42_in22k_v5scr,last
ISIC_0015614_downsampled,__singleton__ISIC_0015614_downsampled,__singleton__ISIC_0015614_downsampled,<40,mskcc,5,False,5,0.0040491493,0.0066751763,0.0027338755,0.0696459,0.05962999,0.81994534,0.03732048,0.07035432,,0.07035432,m7,-1,mskcc,42,m7_loao-mskcc_s42_in22k_v5scr,last
ISIC_0015617_downsampled,__singleton__ISIC_0015617_downsampled,__singleton__ISIC_0015617_downsampled,60+,mskcc,5,False,5,0.012043767,0.007201616,0.011339446,0.064619794,0.01594569,0.8403391,0.048510592,0.035191074,,0.035191074,m7,-1,mskcc,42,m7_loao-mskcc_s42_in22k_v5scr,last
ISIC_0015627_downsampled,__singleton__ISIC_0015627_downsampled,__singleton__ISIC_0015627_downsampled,<40,mskcc,5,False,5,0.00922504,0.0053306264,0.010275276,0.06384719,0.00923888,0.8585094,0.043573577,0.023794547,,0.023794547,m7,-1,mskcc,42,m7_loao-mskcc_s42_in22k_v5scr,last
ISIC_0015641_downsampled,__singleton__ISIC_0015641_downsampled,__singleton__ISIC_0015641_downsampled,<40,mskcc,5,False,5,0.0053976453,0.0044130175,0.027194988,0.0883006,0.25480208,0.5301556,0.08973607,0.26461273,,0.26461273,m7,-1,mskcc,42,m7_loao-mskcc_s42_in22k_v5scr,last
ISIC_0015645_downsampled,__singleton__ISIC_0015645_downsampled,__singleton__ISIC_0015645_downsampled,60+,mskcc,5,False,5,0.009503233,0.0042363987,0.008649316,0.058385335,0.009039912,0.8665816,0.04360417,0.022779545,,0.022779545,m7,-1,mskcc,42,m7_loao-mskcc_s42_in22k_v5scr,last
ISIC_0015936_downsampled,__singleton__ISIC_0015936_downsampled,__singleton__ISIC_0015936_downsampled,40-59,mskcc,5,False,5,0.0094911475,0.007699213,0.010279323,0.05861804,0.011095758,0.8605294,0.04228715,0.028286118,,0.028286118,m7,-1,mskcc,42,m7_loao-mskcc_s42_in22k_v5scr,last
ISIC_0015938_downsampled,__singleton__ISIC_0015938_downsampled,__singleton__ISIC_0015938_downsampled,40-59,mskcc,5,False,5,0.008100468,0.0055400426,0.0065638917,0.05389516,0.0067424276,0.8792182,0.039939832,0.020382937,,0.020382937,m7,-1,mskcc,42,m7_loao-mskcc_s42_in22k_v5scr,last
ISIC_0015939_downsampled,__singleton__ISIC_0015939_downsampled,__singleton__ISIC_0015939_downsampled,40-59,mskcc,5,False,5,0.007463336,0.0054792785,0.004663302,0.05122942,0.007544538,0.8895685,0.03405167,0.020487152,,0.020487152,m7,-1,mskcc,42,m7_loao-mskcc_s42_in22k_v5scr,last
ISIC_0015942_downsampled,__singleton__ISIC_0015942_downsampled,__singleton__ISIC_0015942_downsampled,<40,mskcc,5,False,5,0.0052289534,0.0032943294,0.0030403335,0.05722277,0.014355002,0.86507773,0.05178079,0.022878285,,0.022878285,m7,-1,mskcc,42,m7_loao-mskcc_s42_in22k_v5scr,last
ISIC_0015943_downsampled,__singleton__ISIC_0015943_downsampled,__singleton__ISIC_0015943_downsampled,60+,mskcc,5,False,5,0.008815326,0.0058395225,0.0028310402,0.06381958,0.028094793,0.84937006,0.041229703,0.042749643,,0.042749643,m7,-1,mskcc,42,m7_loao-mskcc_s42_in22k_v5scr,last
ISIC_0015944_downsampled,__singleton__ISIC_0015944_downsampled,__singleton__ISIC_0015944_downsampled,40-59,mskcc,5,False,1,0.0022721034,0.93219244,0.0013308651,0.022996422,0.005998221,0.009189321,0.026020534,0.94046277,,0.94046277,m7,-1,mskcc,42,m7_loao-mskcc_s42_in22k_v5scr,last
ISIC_0015946_downsampled,__singleton__ISIC_0015946_downsampled,__singleton__ISIC_0015946_downsampled,<40,mskcc,5,False,5,0.0074922135,0.0068200883,0.0069128885,0.056225844,0.010852695,0.87122816,0.04046816,0.025164997,,0.025164997,m7,-1,mskcc,42,m7_loao-mskcc_s42_in22k_v5scr,last
ISIC_0015947_downsampled,__singleton__ISIC_0015947_downsampled,__singleton__ISIC_0015947_downsampled,40-59,mskcc,5,False,5,0.0053738826,0.049095117,0.0067502074,0.08403043,0.07845327,0.67642885,0.09986822,0.13292228,,0.13292228,m7,-1,mskcc,42,m7_loao-mskcc_s42_in22k_v5scr,last
ISIC_0015948_downsampled,__singleton__ISIC_0015948_downsampled,__singleton__ISIC_0015948_downsampled,<40,mskcc,5,False,5,0.0056217606,0.005024689,0.015342854,0.059753295,0.049763083,0.81735826,0.04713601,0.06040953,,0.06040953,m7,-1,mskcc,42,m7_loao-mskcc_s42_in22k_v5scr,last
ISIC_0015950_downsampled,__singleton__ISIC_0015950_downsampled,__singleton__ISIC_0015950_downsampled,<40,mskcc,5,False,5,0.007303605,0.005304534,0.005892592,0.05529936,0.0074553024,0.87968,0.03906463,0.020063441,,0.020063441,m7,-1,mskcc,42,m7_loao-mskcc_s42_in22k_v5scr,last
ISIC_0015951_downsampled,__singleton__ISIC_0015951_downsampled,__singleton__ISIC_0015951_downsampled,60+,mskcc,5,False,5,0.008450056,0.0050915834,0.00627695,0.05328917,0.0070480458,0.8826187,0.03722543,0.020589685,,0.020589685,m7,-1,mskcc,42,m7_loao-mskcc_s42_in22k_v5scr,last
ISIC_0015953_downsampled,__singleton__ISIC_0015953_downsampled,__singleton__ISIC_0015953_downsampled,40-59,mskcc,5,False,5,0.005192106,0.003960081,0.0049624285,0.051119212,0.041877866,0.8457799,0.04710844,0.051030055,,0.051030055,m7,-1,mskcc,42,m7_loao-mskcc_s42_in22k_v5scr,last
ISIC_0015954_downsampled,__singleton__ISIC_0015954_downsampled,__singleton__ISIC_0015954_downsampled,<40,mskcc,5,False,5,0.01018652,0.0073294034,0.007989333,0.05635214,0.0049520824,0.87000984,0.043180577,0.022468006,,0.022468006,m7,-1,mskcc,42,m7_loao-mskcc_s42_in22k_v5scr,last
ISIC_0015956_downsampled,__singleton__ISIC_0015956_downsampled,__singleton__ISIC_0015956_downsampled,40-59,mskcc,5,False,5,0.00882302,0.006727259,0.005173746,0.05365695,0.0045658587,0.8818844,0.03916871,0.02011614,,0.02011614,m7,-1,mskcc,42,m7_loao-mskcc_s42_in22k_v5scr,last
ISIC_0015958_downsampled,__singleton__ISIC_0015958_downsampled,__singleton__ISIC_0015958_downsampled,40-59,mskcc,5,False,0,0.8600978,0.04957326,0.0031289586,0.032573853,0.0005022672,0.011671593,0.042452175,0.91017336,,0.91017336,m7,-1,mskcc,42,m7_loao-mskcc_s42_in22k_v5scr,last
ISIC_0015959_downsampled,__singleton__ISIC_0015959_downsampled,__singleton__ISIC_0015959_downsampled,60+,mskcc,5,False,5,0.010110623,0.0048903907,0.014673355,0.05358229,0.008704576,0.8654069,0.04263181,0.02370559,,0.02370559,m7,-1,mskcc,42,m7_loao-mskcc_s42_in22k_v5scr,last
ISIC_0015960_downsampled,__singleton__ISIC_0015960_downsampled,__singleton__ISIC_0015960_downsampled,40-59,mskcc,5,False,5,0.008390449,0.0059710206,0.004869498,0.053934753,0.005977576,0.88342893,0.037427843,0.020339046,,0.020339046,m7,-1,mskcc,42,m7_loao-mskcc_s42_in22k_v5scr,last
ISIC_0015961_downsampled,__singleton__ISIC_0015961_downsampled,__singleton__ISIC_0015961_downsampled,40-59,mskcc,5,False,5,0.008467417,0.0067399926,0.0051136087,0.054086138,0.005245806,0.88005865,0.040288445,0.020453217,,0.020453217,m7,-1,mskcc,42,m7_loao-mskcc_s42_in22k_v5scr,last
ISIC_0015962_downsampled,__singleton__ISIC_0015962_downsampled,__singleton__ISIC_0015962_downsampled,<40,mskcc,5,False,5,0.005377941,0.005770646,0.009033177,0.06555411,0.007495497,0.87357146,0.03319708,0.018644083,,0.018644083,m7,-1,mskcc,42,m7_loao-mskcc_s42_in22k_v5scr,last
ISIC_0015966_downsampled,__singleton__ISIC_0015966_downsampled,__singleton__ISIC_0015966_downsampled,60+,mskcc,5,False,5,0.0011441679,0.03884426,0.006032982,0.052988205,0.0010435227,0.8226319,0.07731488,0.04103195,,0.04103195,m7,-1,mskcc,42,m7_loao-mskcc_s42_in22k_v5scr,last
ISIC_0015967_downsampled,__singleton__ISIC_0015967_downsampled,__singleton__ISIC_0015967_downsampled,60+,mskcc,5,False,5,0.05830375,0.006004173,0.015099917,0.09639698,0.048888274,0.7211868,0.054119997,0.113196194,,0.113196194,m7,-1,mskcc,42,m7_loao-mskcc_s42_in22k_v5scr,last
ISIC_0015969_downsampled,__singleton__ISIC_0015969_downsampled,__singleton__ISIC_0015969_downsampled,60+,mskcc,5,False,5,0.005277532,0.0050948504,0.005498835,0.042766646,0.00345489,0.9042611,0.033646073,0.013827273,,0.013827273,m7,-1,mskcc,42,m7_loao-mskcc_s42_in22k_v5scr,last
ISIC_0015971_downsampled,__singleton__ISIC_0015971_downsampled,__singleton__ISIC_0015971_downsampled,<40,mskcc,5,False,5,0.009573033,0.0044878456,0.0037723752,0.054485664,0.011162467,0.8784555,0.03806305,0.025223346,,0.025223346,m7,-1,mskcc,42,m7_loao-mskcc_s42_in22k_v5scr,last
ISIC_0015973_downsampled,__singleton__ISIC_0015973_downsampled,__singleton__ISIC_0015973_downsampled,60+,mskcc,5,False,5,0.0061133644,0.0058095483,0.0045271614,0.04759114,0.0031502051,0.8994179,0.0333907,0.015073118,,0.015073118,m7,-1,mskcc,42,m7_loao-mskcc_s42_in22k_v5scr,last
ISIC_0015975_downsampled,__singleton__ISIC_0015975_downsampled,__singleton__ISIC_0015975_downsampled,<40,mskcc,5,False,5,0.010254745,0.0059132907,0.003943006,0.0646395,0.035472315,0.82721144,0.05256569,0.05164035,,0.05164035,m7,-1,mskcc,42,m7_loao-mskcc_s42_in22k_v5scr,last
ISIC_0015981_downsampled,__singleton__ISIC_0015981_downsampled,__singleton__ISIC_0015981_downsampled,40-59,mskcc,5,False,5,0.011357234,0.0061690495,0.0048692552,0.0602718,0.01936297,0.8548891,0.043080546,0.036889255,,0.036889255,m7,-1,mskcc,42,m7_loao-mskcc_s42_in22k_v5scr,last
ISIC_0015984_downsampled,__singleton__ISIC_0015984_downsampled,__singleton__ISIC_0015984_downsampled,60+,mskcc,5,False,1,0.13645545,0.3022142,0.1313302,0.14435203,0.04453705,0.0039028497,0.2372082,0.4832067,,0.4832067,m7,-1,mskcc,42,m7_loao-mskcc_s42_in22k_v5scr,last
ISIC_0015989_downsampled,__singleton__ISIC_0015989_downsampled,__singleton__ISIC_0015989_downsampled,60+,mskcc,5,False,5,0.0052603493,0.0048747244,0.004943059,0.043572605,0.013841638,0.89210343,0.035404235,0.023976712,,0.023976712,m7,-1,mskcc,42,m7_loao-mskcc_s42_in22k_v5scr,last
ISIC_0015990_downsampled,__singleton__ISIC_0015990_downsampled,__singleton__ISIC_0015990_downsampled,<40,mskcc,5,False,5,0.009346326,0.00627231,0.0050914166,0.055588838,0.0058089825,0.8765775,0.041314665,0.021427618,,0.021427618,m7,-1,mskcc,42,m7_loao-mskcc_s42_in22k_v5scr,last
ISIC_0015991_downsampled,__singleton__ISIC_0015991_downsampled,__singleton__ISIC_0015991_downsampled,60+,mskcc,5,False,5,0.008906074,0.0098037,0.012008527,0.04903562,0.06309635,0.6753811,0.18176858,0.08180612,,0.08180612,m7,-1,mskcc,42,m7_loao-mskcc_s42_in22k_v5scr,last
ISIC_0015992_downsampled,__singleton__ISIC_0015992_downsampled,__singleton__ISIC_0015992_downsampled,<40,mskcc,5,False,5,0.013515143,0.0075950287,0.0037825003,0.08305639,0.13224082,0.7023641,0.057446036,0.153351,,0.153351,m7,-1,mskcc,42,m7_loao-mskcc_s42_in22k_v5scr,last
ISIC_0015996_downsampled,__singleton__ISIC_0015996_downsampled,__singleton__ISIC_0015996_downsampled,<40,mskcc,5,False,5,0.0072841425,0.004196658,0.007468299,0.057625037,0.0052252864,0.8807876,0.037413,0.016706087,,0.016706087,m7,-1,mskcc,42,m7_loao-mskcc_s42_in22k_v5scr,last
ISIC_0015998_downsampled,__singleton__ISIC_0015998_downsampled,__singleton__ISIC_0015998_downsampled,60+,mskcc,5,False,5,0.0127611,0.0034134798,0.0021255421,0.05673991,0.06499592,0.828021,0.031943,0.0811705,,0.0811705,m7,-1,mskcc,42,m7_loao-mskcc_s42_in22k_v5scr,last
ISIC_0015999_downsampled,__singleton__ISIC_0015999_downsampled,__singleton__ISIC_0015999_downsampled,<40,mskcc,5,False,5,0.0096968645,0.0042711366,0.0022571862,0.061424244,0.11638137,0.7684741,0.037495077,0.13034937,,0.13034937,m7,-1,mskcc,42,m7_loao-mskcc_s42_in22k_v5scr,last
ISIC_0016000_downsampled,__singleton__ISIC_0016000_downsampled,__singleton__ISIC_0016000_downsampled,60+,mskcc,5,False,5,0.009034152,0.007846373,0.0064231856,0.049983907,0.003911913,0.88785064,0.034949843,0.020792438,,0.020792438,m7,-1,mskcc,42,m7_loao-mskcc_s42_in22k_v5scr,last
ISIC_0016003_downsampled,__singleton__ISIC_0012222_downsampled,__singleton__ISIC_0016003_downsampled,40-59,mskcc,5,False,5,0.008464594,0.0064638583,0.0053670676,0.054136526,0.0074241487,0.8761302,0.042013634,0.022352602,,0.022352602,m7,-1,mskcc,42,m7_loao-mskcc_s42_in22k_v5scr,last
ISIC_0016005_downsampled,__singleton__ISIC_0016005_downsampled,__singleton__ISIC_0016005_downsampled,40-59,mskcc,5,False,5,0.00890051,0.00581337,0.0056302114,0.052716505,0.0046961224,0.8830505,0.039192647,0.019410003,,0.019410003,m7,-1,mskcc,42,m7_loao-mskcc_s42_in22k_v5scr,last
ISIC_0016006_downsampled,__singleton__ISIC_0016006_downsampled,__singleton__ISIC_0016006_downsampled,60+,mskcc,5,False,5,0.12634887,0.0151978135,0.02558461,0.12047531,0.006088225,0.6329908,0.07331438,0.14763491,,0.14763491,m7,-1,mskcc,42,m7_loao-mskcc_s42_in22k_v5scr,last
ISIC_0016007_downsampled,__singleton__ISIC_0016007_downsampled,__singleton__ISIC_0016007_downsampled,<40,mskcc,5,False,5,0.013344852,0.0069903894,0.0031117382,0.07914282,0.06706633,0.78150463,0.048839286,0.08740157,,0.08740157,m7,-1,mskcc,42,m7_loao-mskcc_s42_in22k_v5scr,last
ISIC_0016012_downsampled,__singleton__ISIC_0016012_downsampled,__singleton__ISIC_0016012_downsampled,60+,mskcc,5,False,5,0.0094301915,0.007869379,0.007694228,0.05177863,0.008590402,0.8751726,0.039464522,0.025889972,,0.025889972,m7,-1,mskcc,42,m7_loao-mskcc_s42_in22k_v5scr,last
ISIC_0016013_downsampled,__singleton__ISIC_0016013_downsampled,__singleton__ISIC_0016013_downsampled,60+,mskcc,5,False,5,0.0115329465,0.0063665533,0.0061516524,0.05656929,0.011349229,0.870235,0.037795316,0.02924873,,0.02924873,m7,-1,mskcc,42,m7_loao-mskcc_s42_in22k_v5scr,last
ISIC_0016015_downsampled,__singleton__ISIC_0016015_downsampled,__singleton__ISIC_0016015_downsampled,40-59,mskcc,5,False,5,0.0072172307,0.004227687,0.0060954187,0.044689443,0.0046400363,0.9032748,0.029855436,0.016084954,,0.016084954,m7,-1,mskcc,42,m7_loao-mskcc_s42_in22k_v5scr,last
ISIC_0016023_downsampled,__singleton__ISIC_0016023_downsampled,__singleton__ISIC_0016023_downsampled,60+,mskcc,5,False,1,0.011764027,0.8766632,0.0041768793,0.061205942,0.003189759,0.011515479,0.031484704,0.891617,,0.891617,m7,-1,mskcc,42,m7_loao-mskcc_s42_in22k_v5scr,last
ISIC_0016025_downsampled,__singleton__ISIC_0016025_downsampled,__singleton__ISIC_0016025_downsampled,<40,mskcc,5,False,5,0.009468564,0.0058486145,0.0057629617,0.05784221,0.005007416,0.8769518,0.039118357,0.020324595,,0.020324595,m7,-1,mskcc,42,m7_loao-mskcc_s42_in22k_v5scr,last
ISIC_0016026_downsampled,__singleton__ISIC_0016026_downsampled,__singleton__ISIC_0016026_downsampled,60+,mskcc,5,False,5,0.008373517,0.011621309,0.013304272,0.050222673,0.012982651,0.8706707,0.0328249,0.032977477,,0.032977477,m7,-1,mskcc,42,m7_loao-mskcc_s42_in22k_v5scr,last
ISIC_0016028_downsampled,__singleton__ISIC_0016028_downsampled,__singleton__ISIC_0016028_downsampled,40-59,mskcc,5,False,5,0.009224689,0.05206518,0.014817283,0.09957342,0.0068163294,0.7401039,0.07739913,0.0681062,,0.0681062,m7,-1,mskcc,42,m7_loao-mskcc_s42_in22k_v5scr,last
ISIC_0016031_downsampled,__singleton__ISIC_0016031_downsampled,__singleton__ISIC_0016031_downsampled,60+,mskcc,5,False,1,0.0041234447,0.5837103,0.062033653,0.17627381,0.0017419931,0.13666321,0.035453543,0.58957577,,0.58957577,m7,-1,mskcc,42,m7_loao-mskcc_s42_in22k_v5scr,last
ISIC_0016033_downsampled,__singleton__ISIC_0016033_downsampled,__singleton__ISIC_0016033_downsampled,60+,mskcc,5,False,5,0.0034071421,0.009681292,0.065203875,0.06483629,0.008940015,0.8119772,0.035954237,0.02202845,,0.02202845,m7,-1,mskcc,42,m7_loao-mskcc_s42_in22k_v5scr,last
ISIC_0016034_downsampled,__singleton__ISIC_0016034_downsampled,__singleton__ISIC_0016034_downsampled,60+,mskcc,5,False,2,0.005035485,0.13064636,0.54044104,0.07027691,0.013372963,0.19418168,0.046045553,0.14905481,,0.14905481,m7,-1,mskcc,42,m7_loao-mskcc_s42_in22k_v5scr,last
ISIC_0016035_downsampled,__singleton__ISIC_0016035_downsampled,__singleton__ISIC_0016035_downsampled,60+,mskcc,5,False,1,0.0050898897,0.9261735,0.0042722723,0.035254166,0.0036886951,0.007741008,0.01778048,0.9349521,,0.9349521,m7,-1,mskcc,42,m7_loao-mskcc_s42_in22k_v5scr,last
ISIC_0016036_downsampled,__singleton__ISIC_0016036_downsampled,__singleton__ISIC_0016036_downsampled,60+,mskcc,5,False,2,0.004113372,0.26515806,0.62393546,0.06559592,0.0024714512,0.009084565,0.02964115,0.27174288,,0.27174288,m7,-1,mskcc,42,m7_loao-mskcc_s42_in22k_v5scr,last
ISIC_0016037_downsampled,__singleton__ISIC_0016037_downsampled,__singleton__ISIC_0016037_downsampled,60+,mskcc,5,False,4,0.004702279,0.03448519,0.24253744,0.06307426,0.5133838,0.09534434,0.04647269,0.5525713,,0.5525713,m7,-1,mskcc,42,m7_loao-mskcc_s42_in22k_v5scr,last
ISIC_0016040_downsampled,__singleton__ISIC_0016040_downsampled,__singleton__ISIC_0016040_downsampled,40-59,mskcc,5,False,5,0.007747533,0.008030787,0.01389282,0.06218206,0.010639861,0.8624776,0.03502925,0.026418181,,0.026418181,m7,-1,mskcc,42,m7_loao-mskcc_s42_in22k_v5scr,last
ISIC_0016042_downsampled,__singleton__ISIC_0016042_downsampled,__singleton__ISIC_0016042_downsampled,60+,mskcc,5,False,5,0.004579411,0.009099762,0.014377697,0.049368586,0.0013833861,0.89554554,0.025645705,0.015062559,,0.015062559,m7,-1,mskcc,42,m7_loao-mskcc_s42_in22k_v5scr,last
ISIC_0016044_downsampled,__singleton__ISIC_0016044_downsampled,__singleton__ISIC_0016044_downsampled,40-59,mskcc,5,False,5,0.009412982,0.00424671,0.00600646,0.05030041,0.0018206333,0.8296627,0.09855006,0.015480325,,0.015480325,m7,-1,mskcc,42,m7_loao-mskcc_s42_in22k_v5scr,last
ISIC_0016045_downsampled,__singleton__ISIC_0016045_downsampled,__singleton__ISIC_0016045_downsampled,60+,mskcc,5,False,5,0.010900859,0.007012798,0.0060677542,0.057992194,0.0111430045,0.86383235,0.043050922,0.02905666,,0.02905666,m7,-1,mskcc,42,m7_loao-mskcc_s42_in22k_v5scr,last
ISIC_0016048_downsampled,__singleton__ISIC_0016048_downsampled,__singleton__ISIC_0016048_downsampled,40-59,mskcc,5,False,5,0.0062133293,0.008258495,0.05592346,0.050107416,0.024843916,0.8218809,0.032772467,0.039315738,,0.039315738,m7,-1,mskcc,42,m7_loao-mskcc_s42_in22k_v5scr,last
ISIC_0016049_downsampled,__singleton__ISIC_0016049_downsampled,__singleton__ISIC_0016049_downsampled,40-59,mskcc,5,False,5,0.00943978,0.005947392,0.0036207088,0.07057144,0.050322488,0.8026745,0.057423756,0.06570966,,0.06570966,m7,-1,mskcc,42,m7_loao-mskcc_s42_in22k_v5scr,last
ISIC_0016050_downsampled,__singleton__ISIC_0016050_downsampled,__singleton__ISIC_0016050_downsampled,60+,mskcc,5,False,5,0.009751003,0.0054339343,0.0041319723,0.054202408,0.013477345,0.87431407,0.038689263,0.028662283,,0.028662283,m7,-1,mskcc,42,m7_loao-mskcc_s42_in22k_v5scr,last
ISIC_0016051_downsampled,__singleton__ISIC_0016051_downsampled,__singleton__ISIC_0016051_downsampled,40-59,mskcc,5,False,4,0.011407725,0.0058267107,0.002957365,0.07702249,0.47213152,0.37667245,0.05398175,0.48936597,,0.48936597,m7,-1,mskcc,42,m7_loao-mskcc_s42_in22k_v5scr,last
ISIC_0016057_downsampled,__singleton__ISIC_0016057_downsampled,__singleton__ISIC_0016057_downsampled,40-59,mskcc,5,False,5,0.006157444,0.006151314,0.0021832837,0.057045054,0.045169882,0.83802795,0.045265123,0.05747864,,0.05747864,m7,-1,mskcc,42,m7_loao-mskcc_s42_in22k_v5scr,last
ISIC_0016060_downsampled,__singleton__ISIC_0016060_downsampled,__singleton__ISIC_0016060_downsampled,60+,mskcc,5,False,4,0.0021571866,0.004751221,0.005649878,0.068244025,0.589739,0.2900774,0.039381318,0.59664744,,0.59664744,m7,-1,mskcc,42,m7_loao-mskcc_s42_in22k_v5scr,last
ISIC_0016061_downsampled,__singleton__ISIC_0016061_downsampled,__singleton__ISIC_0016061_downsampled,60+,mskcc,5,False,5,0.0073064873,0.0037009649,0.0056064283,0.047873266,0.0043274234,0.8939077,0.037277684,0.015334876,,0.015334876,m7,-1,mskcc,42,m7_loao-mskcc_s42_in22k_v5scr,last
ISIC_0016062_downsampled,__singleton__ISIC_0016062_downsampled,__singleton__ISIC_0016062_downsampled,40-59,mskcc,5,False,5,0.0081556095,0.01101845,0.004823367,0.05535207,0.0053904643,0.8767087,0.038551386,0.024564523,,0.024564523,m7,-1,mskcc,42,m7_loao-mskcc_s42_in22k_v5scr,last
ISIC_0016063_downsampled,__singleton__ISIC_0016063_downsampled,__singleton__ISIC_0016063_downsampled,40-59,mskcc,5,False,5,0.009305449,0.006350099,0.013325995,0.0678827,0.023983737,0.8367392,0.042412877,0.039639287,,0.039639287,m7,-1,mskcc,42,m7_loao-mskcc_s42_in22k_v5scr,last
ISIC_0016064_downsampled,__singleton__ISIC_0016064_downsampled,__singleton__ISIC_0016064_downsampled,60+,mskcc,5,False,5,0.010659764,0.008353605,0.005910856,0.061478514,0.016498556,0.854432,0.04266668,0.035511926,,0.035511926,m7,-1,mskcc,42,m7_loao-mskcc_s42_in22k_v5scr,last
ISIC_0016065_downsampled,__singleton__ISIC_0016065_downsampled,__singleton__ISIC_0016065_downsampled,60+,mskcc,5,False,5,0.008107531,0.004548869,0.0023020923,0.069816194,0.03319213,0.8416726,0.04036049,0.045848534,,0.045848534,m7,-1,mskcc,42,m7_loao-mskcc_s42_in22k_v5scr,last
ISIC_0016066_downsampled,__singleton__ISIC_0016066_downsampled,__singleton__ISIC_0016066_downsampled,60+,mskcc,5,False,5,0.0075508277,0.03498827,0.022769032,0.028544012,0.021274157,0.86609536,0.018778348,0.063813254,,0.063813254,m7,-1,mskcc,42,m7_loao-mskcc_s42_in22k_v5scr,last
ISIC_0016069_downsampled,__singleton__ISIC_0016069_downsampled,__singleton__ISIC_0016069_downsampled,<40,mskcc,5,False,5,0.0084270295,0.0043753013,0.002141416,0.053692486,0.021464402,0.8767213,0.033178035,0.034266733,,0.034266733,m7,-1,mskcc,42,m7_loao-mskcc_s42_in22k_v5scr,last
ISIC_0016070_downsampled,__singleton__ISIC_0016070_downsampled,__singleton__ISIC_0016070_downsampled,60+,mskcc,5,False,5,0.007616083,0.016359918,0.0061383233,0.058683246,0.0035592457,0.87468684,0.03295634,0.027535249,,0.027535249,m7,-1,mskcc,42,m7_loao-mskcc_s42_in22k_v5scr,last
ISIC_0016072_downsampled,__singleton__ISIC_0016072_downsampled,__singleton__ISIC_0016072_downsampled,60+,mskcc,5,False,5,0.004359303,0.014459211,0.28534216,0.074141495,0.014145802,0.57261866,0.034933336,0.032964315,,0.032964315,m7,-1,mskcc,42,m7_loao-mskcc_s42_in22k_v5scr,last
