image_id,true_index,true_code,pred_index,pred_code,p_akiec,p_bcc,p_bkl,p_df,p_mel,p_nv,p_vasc,logit_akiec,logit_bcc,logit_bkl,logit_df,logit_mel,logit_nv,logit_vasc,arch,split,fold,checkpoint
ISIC_0024307,5,nv,5,nv,0.04156682,0.0153399035,0.0117946295,0.086645104,0.0073007853,0.7797593,0.057593483,0.01649105,-0.9803537,-1.243167,0.75100917,-1.7228293,2.948174,0.34259823,efficientnet_b0,train,0,ml/checkpoints/oof/efficientnet_b0-oof_f0_best.pt
ISIC_0024317,5,nv,5,nv,0.0379461,0.010871843,0.011526947,0.058282193,0.06244522,0.7515704,0.067357294,-0.32352674,-1.5735171,-1.515006,0.105603255,0.17459625,2.6624715,0.2503178,efficientnet_b0,train,0,ml/checkpoints/oof/efficientnet_b0-oof_f0_best.pt
ISIC_0024319,5,nv,5,nv,0.03720967,0.025070133,0.0038888757,0.08135371,0.1131582,0.6438664,0.09545299,-0.76399493,-1.1588864,-3.0224438,0.018242918,0.34822324,2.0869277,0.17807019,efficientnet_b0,train,0,ml/checkpoints/oof/efficientnet_b0-oof_f0_best.pt
ISIC_0024333,4,mel,4,mel,0.06045424,0.032615837,0.020124376,0.2621478,0.4515098,0.12486922,0.04827864,-1.7386447,-2.3557334,-2.8385997,-0.27162284,0.27206567,-1.0132645,-1.9635421,efficientnet_b0,train,0,ml/checkpoints/oof/efficientnet_b0-oof_f0_best.pt
ISIC_0024338,2,bkl,2,bkl,0.2764603,0.012218215,0.48969364,0.09072321,0.026044643,0.0439758,0.06088422,0.4971688,-2.6219707,1.0688815,-0.6170852,-1.8650863,-1.341259,-1.0159246,efficientnet_b0,train,0,ml/checkpoints/oof/efficientnet_b0-oof_f0_best.pt
ISIC_0024344,5,nv,5,nv,0.050697885,0.023970777,0.08436662,0.13316429,0.086527854,0.52784497,0.093427576,-1.7238723,-2.4729211,-1.2145847,-0.758173,-1.1892902,0.61904603,-1.11257,efficientnet_b0,train,0,ml/checkpoints/oof/efficientnet_b0-oof_f0_best.pt
ISIC_0024347,5,nv,5,nv,0.062503465,0.016923402,0.04623458,0.09802099,0.17329355,0.48493066,0.11809332,-0.56022054,-1.8667451,-0.86171424,-0.110260785,0.4595447,1.4885635,0.076032706,efficientnet_b0,train,0,ml/checkpoints/oof/efficientnet_b0-oof_f0_best.pt
ISIC_0024356,5,nv,5,nv,0.006585155,0.00404993,0.00077206927,0.0402835,0.009686112,0.90751386,0.031109424,-2.582566,-3.0686843,-4.7260647,-0.77144176,-2.1966906,2.3433251,-1.0298729,efficientnet_b0,train,0,ml/checkpoints/oof/efficientnet_b0-oof_f0_best.pt
ISIC_0024361,5,nv,5,nv,0.039456077,0.023077812,0.009292065,0.13276951,0.16452916,0.55424136,0.076634035,-1.090915,-1.6272311,-2.536942,0.1225118,0.3369849,1.5514973,-0.42706162,efficientnet_b0,train,0,ml/checkpoints/oof/efficientnet_b0-oof_f0_best.pt
ISIC_0024373,5,nv,5,nv,0.039335944,0.036897816,0.015197361,0.120621175,0.012072139,0.71087533,0.065000266,-0.13926171,-0.20324795,-1.0902786,0.98125446,-1.3204999,2.7550967,0.36299083,efficientnet_b0,train,0,ml/checkpoints/oof/efficientnet_b0-oof_f0_best.pt
ISIC_0024375,6,vasc,6,vasc,0.0012752188,0.00036046843,0.0008447424,0.005612352,0.00035137867,0.0005023978,0.9910534,-1.7428474,-3.0063162,-2.1546888,-0.26099554,-3.0318558,-2.6743286,4.912803,efficientnet_b0,train,0,ml/checkpoints/oof/efficientnet_b0-oof_f0_best.pt
ISIC_0024377,5,nv,4,mel,0.050176386,0.026315048,0.016932147,0.14228661,0.38799858,0.29222324,0.08406798,-1.5126417,-2.1580453,-2.5989723,-0.47034273,0.53281546,0.24933185,-0.99656045,efficientnet_b0,train,0,ml/checkpoints/oof/efficientnet_b0-oof_f0_best.pt
ISIC_0024381,2,bkl,2,bkl,0.22199307,0.1354074,0.4757165,0.044504058,0.08543866,0.0012087958,0.035731483,-0.43803176,-0.9323899,0.32414418,-2.0450976,-1.3928791,-5.651053,-2.2646458,efficientnet_b0,train,0,ml/checkpoints/oof/efficientnet_b0-oof_f0_best.pt
ISIC_0024382,2,bkl,2,bkl,0.036921814,0.04094617,0.4356125,0.03564527,0.4102184,0.0028111232,0.037844736,-1.6346809,-1.5312251,0.83326966,-1.669867,0.77320623,-4.2098994,-1.6099916,efficientnet_b0,train,0,ml/checkpoints/oof/efficientnet_b0-oof_f0_best.pt
ISIC_0024384,5,nv,5,nv,0.01915137,0.011382684,0.0047122287,0.07160306,0.0011459357,0.8539314,0.038073298,-0.7674034,-1.287684,-2.1696167,0.55136037,-3.5835562,3.0300734,-0.08026425,efficientnet_b0,train,0,ml/checkpoints/oof/efficientnet_b0-oof_f0_best.pt
ISIC_0024386,3,df,3,df,3.486348e-05,3.0118643e-05,5.605551e-06,0.9996165,2.2138038e-05,2.924436e-06,0.00028772195,-5.3302765,-5.476572,-7.1579595,4.93341,-5.7844195,-7.808615,-3.2197225,efficientnet_b0,train,0,ml/checkpoints/oof/efficientnet_b0-oof_f0_best.pt
ISIC_0024392,5,nv,5,nv,0.026669726,0.01608346,0.010597686,0.09222677,0.008847595,0.785722,0.059852693,-0.48265877,-0.9883963,-1.4055521,0.75806254,-1.5860422,2.9004152,0.3256987,efficientnet_b0,train,0,ml/checkpoints/oof/efficientnet_b0-oof_f0_best.pt
ISIC_0024393,5,nv,5,nv,0.026317222,0.023831366,0.009705659,0.11476955,0.017347958,0.7459386,0.062089626,-0.5622261,-0.6614469,-1.5597408,0.91047657,-0.97897494,2.7821937,0.2961292,efficientnet_b0,train,0,ml/checkpoints/oof/efficientnet_b0-oof_f0_best.pt
ISIC_0024409,2,bkl,2,bkl,0.021917697,0.00275956,0.8961412,0.046102706,0.0011537424,0.0058870697,0.026038026,-0.25395772,-2.3261812,3.4568458,0.48961955,-3.1982412,-1.5684937,-0.081694126,efficientnet_b0,train,0,ml/checkpoints/oof/efficientnet_b0-oof_f0_best.pt
ISIC_0024414,5,nv,5,nv,0.042482752,0.031656016,0.0097378595,0.10949139,0.01413617,0.7299186,0.0625772,-0.10518605,-0.39935577,-1.5782627,0.84156173,-1.2055475,2.738649,0.2821168,efficientnet_b0,train,0,ml/checkpoints/oof/efficientnet_b0-oof_f0_best.pt
ISIC_0024416,5,nv,5,nv,0.1017324,0.05514057,0.012461263,0.107247844,0.17518201,0.46093172,0.08730418,-0.8009725,-1.4134326,-2.9006934,-0.7481759,-0.2574928,0.7099316,-0.95391995,efficientnet_b0,train,0,ml/checkpoints/oof/efficientnet_b0-oof_f0_best.pt
ISIC_0024448,1,bcc,1,bcc,0.0197754,0.9368801,0.00087721675,0.025107468,0.0030635544,0.003481848,0.010814598,-0.3198987,3.538218,-3.4353385,-0.08117195,-2.1847618,-2.0567741,-0.9234406,efficientnet_b0,train,0,ml/checkpoints/oof/efficientnet_b0-oof_f0_best.pt
ISIC_0024459,4,mel,4,mel,0.014202858,0.0049410127,0.004558584,0.025131328,0.9279662,0.0068247584,0.016375326,-1.5202371,-2.57611,-2.6566682,-0.94956505,2.659315,-2.2531233,-1.3779045,efficientnet_b0,train,0,ml/checkpoints/oof/efficientnet_b0-oof_f0_best.pt
ISIC_0024462,5,nv,5,nv,0.049493376,0.04043602,0.0069513433,0.108017325,0.02495258,0.6681963,0.101953074,-0.16945985,-0.37157768,-2.1323636,0.6109929,-0.8543216,2.4332833,0.55321395,efficientnet_b0,train,0,ml/checkpoints/oof/efficientnet_b0-oof_f0_best.pt
ISIC_0024464,5,nv,5,nv,0.02508335,0.016608633,0.002228836,0.09316603,0.028950965,0.7813296,0.052632622,-0.7109083,-1.1231899,-3.131633,0.6012706,-0.567509,2.7278845,0.030223498,efficientnet_b0,train,0,ml/checkpoints/oof/efficientnet_b0-oof_f0_best.pt
ISIC_0024466,5,nv,5,nv,0.1954338,0.012936535,0.0089355055,0.13986655,0.05379749,0.5381756,0.050854564,0.002504116,-2.712662,-3.082685,-0.3320289,-1.2874906,1.0154673,-1.3437477,efficientnet_b0,train,0,ml/checkpoints/oof/efficientnet_b0-oof_f0_best.pt
ISIC_0024487,5,nv,5,nv,0.03672735,0.010301225,0.006977663,0.07969894,0.0087794615,0.79112464,0.06639076,-0.32744718,-1.5987059,-1.988255,0.4472876,-1.758554,2.7424867,0.264589,efficientnet_b0,train,0,ml/checkpoints/oof/efficientnet_b0-oof_f0_best.pt
ISIC_0024499,5,nv,5,nv,0.034960706,0.023177613,0.0070690187,0.10091324,0.013779062,0.7541527,0.06594763,-0.34139156,-0.7524294,-1.9398947,0.7186449,-1.2724661,2.7299786,0.2932445,efficientnet_b0,train,0,ml/checkpoints/oof/efficientnet_b0-oof_f0_best.pt
ISIC_0024502,5,nv,5,nv,0.03289201,0.021702908,0.0070713772,0.120882,0.0068093743,0.745031,0.06561136,-0.117216565,-0.533,-1.6543909,1.1843685,-1.6921458,3.0029795,0.57330245,efficientnet_b0,train,0,ml/checkpoints/oof/efficientnet_b0-oof_f0_best.pt
ISIC_0024522,0,akiec,5,nv,0.03379626,0.1655817,0.06634935,0.14189929,0.0011750361,0.5447372,0.046461195,-2.763408,-1.1742934,-2.088824,-1.3286406,-6.1224594,0.01654546,-2.4451406,efficientnet_b0,train,0,ml/checkpoints/oof/efficientnet_b0-oof_f0_best.pt
ISIC_0024523,5,nv,5,nv,0.038062405,0.013144419,0.06816258,0.11904995,0.032117758,0.65288365,0.07657923,-0.9803311,-2.043561,-0.39766234,0.15998508,-1.150149,1.8618408,-0.28123233,efficientnet_b0,train,0,ml/checkpoints/oof/efficientnet_b0-oof_f0_best.pt
ISIC_0024534,5,nv,5,nv,0.041699767,0.026473863,0.008357222,0.1427804,0.008627572,0.6920239,0.08003729,-0.3706342,-0.82497156,-1.9780035,0.8601781,-1.9461664,2.4384909,0.28136313,efficientnet_b0,train,0,ml/checkpoints/oof/efficientnet_b0-oof_f0_best.pt
ISIC_0024562,0,akiec,2,bkl,0.111031644,0.024659779,0.29216504,0.1673182,0.19257097,0.101983495,0.11027085,-1.5768298,-3.0814714,-0.6093262,-1.1667477,-1.0261803,-1.661834,-1.5837054,efficientnet_b0,train,0,ml/checkpoints/oof/efficientnet_b0-oof_f0_best.pt
ISIC_0024564,1,bcc,3,df,0.02612147,0.12487357,0.008907327,0.81271744,0.0013354665,0.0009912526,0.025053436,-1.9662753,-0.4017312,-3.0421586,1.4713506,-4.939752,-5.2378187,-2.0080218,efficientnet_b0,train,0,ml/checkpoints/oof/efficientnet_b0-oof_f0_best.pt
ISIC_0024572,1,bcc,1,bcc,0.049030457,0.7183625,0.04261823,0.050083518,0.0037213475,0.008540868,0.12764311,-0.80543494,1.8790976,-0.94559455,-0.78418475,-3.383791,-2.5530143,0.15136142,efficientnet_b0,train,0,ml/checkpoints/oof/efficientnet_b0-oof_f0_best.pt
ISIC_0024590,1,bcc,1,bcc,0.0073853964,0.92089456,0.0009328162,0.04239835,0.002999312,0.006067239,0.019322325,-1.0905262,3.7353148,-3.159578,0.6570788,-1.9916476,-1.2871269,-0.12876973,efficientnet_b0,train,0,ml/checkpoints/oof/efficientnet_b0-oof_f0_best.pt
ISIC_0024596,5,nv,5,nv,0.036721203,0.012270647,0.005503281,0.057144888,0.01659572,0.838909,0.032855295,-0.39393514,-1.4900795,-2.291945,0.04830048,-1.1881447,2.7348127,-0.5051764,efficientnet_b0,train,0,ml/checkpoints/oof/efficientnet_b0-oof_f0_best.pt
ISIC_0024599,5,nv,5,nv,0.07725314,0.02103167,0.0008203487,0.073550895,0.004687976,0.7517369,0.070919126,0.057834275,-1.2432238,-4.487279,0.008724523,-2.7442522,2.3331332,-0.027712991,efficientnet_b0,train,0,ml/checkpoints/oof/efficientnet_b0-oof_f0_best.pt
ISIC_0024629,5,nv,5,nv,0.056094036,0.01108017,0.026279,0.09057229,0.00571311,0.76119065,0.049070746,-0.14323553,-1.7651078,-0.90149474,0.3358835,-2.4275012,2.464619,-0.2770019,efficientnet_b0,train,0,ml/checkpoints/oof/efficientnet_b0-oof_f0_best.pt
ISIC_0024630,4,mel,4,mel,0.026950093,0.017158968,0.012484326,0.09547936,0.7531454,0.056082938,0.03869897,-1.0659688,-1.5174346,-1.8354816,0.19895469,2.2643027,-0.33312398,-0.70414263,efficientnet_b0,train,0,ml/checkpoints/oof/efficientnet_b0-oof_f0_best.pt
ISIC_0024640,4,mel,4,mel,0.0014425768,0.0005384779,0.0010518912,0.006431919,0.97342515,0.0012205167,0.015889425,-3.169554,-4.154994,-3.4853954,-1.6747123,3.3448358,-3.336711,-0.7703313,efficientnet_b0,train,0,ml/checkpoints/oof/efficientnet_b0-oof_f0_best.pt
ISIC_0024641,5,nv,5,nv,0.049596917,0.02655031,0.009604864,0.07468842,0.019800877,0.7528735,0.06688507,0.12547228,-0.49941492,-1.5161865,0.53486884,-0.7927301,2.8454409,0.42451948,efficientnet_b0,train,0,ml/checkpoints/oof/efficientnet_b0-oof_f0_best.pt
ISIC_0024642,5,nv,5,nv,0.02435532,0.008105331,0.0051130066,0.05587081,0.20604451,0.6385611,0.061949838,-0.8475286,-1.9477565,-2.408491,-0.017236792,1.2878134,2.4189386,0.08604612,efficientnet_b0,train,0,ml/checkpoints/oof/efficientnet_b0-oof_f0_best.pt
ISIC_0024644,4,mel,4,mel,0.008133868,0.02600969,0.033978775,0.06786328,0.7957334,0.031031104,0.03724989,-3.3513045,-2.1888719,-1.9216051,-1.2298458,1.2319232,-2.0123508,-1.829692,efficientnet_b0,train,0,ml/checkpoints/oof/efficientnet_b0-oof_f0_best.pt
ISIC_0024645,5,nv,5,nv,0.032791648,0.013400625,0.008857332,0.10841362,0.008489609,0.7715489,0.056498256,-0.1173132,-1.0121858,-1.4262412,1.0784668,-1.468644,3.040913,0.42672274,efficientnet_b0,train,0,ml/checkpoints/oof/efficientnet_b0-oof_f0_best.pt
ISIC_0024648,5,nv,5,nv,0.041118026,0.018214416,0.022589885,0.073274665,0.029971797,0.76205045,0.052780684,-0.3256829,-1.1399161,-0.9246273,0.25208533,-0.64187276,2.5938833,-0.07598414,efficientnet_b0,train,0,ml/checkpoints/oof/efficientnet_b0-oof_f0_best.pt
ISIC_0024653,5,nv,5,nv,0.043121792,0.012768734,0.004745353,0.078029506,0.108201414,0.6827804,0.070352815,-0.28248182,-1.4995108,-2.4893448,0.31057677,0.6374841,2.479663,0.20701237,efficientnet_b0,train,0,ml/checkpoints/oof/efficientnet_b0-oof_f0_best.pt
ISIC_0024670,5,nv,5,nv,0.04032534,0.03630803,0.0150074065,0.069896765,0.012178679,0.77344435,0.052839465,0.058852315,-0.046088606,-0.9295839,0.6088918,-1.1384408,3.012726,0.3291306,efficientnet_b0,train,0,ml/checkpoints/oof/efficientnet_b0-oof_f0_best.pt
ISIC_0024673,1,bcc,1,bcc,0.027647395,0.93127495,0.0016149282,0.02164608,0.011619092,0.00068349164,0.0055140075,-1.3220435,2.1949797,-4.1622844,-1.5667506,-2.1889253,-5.0221157,-2.9342833,efficientnet_b0,train,0,ml/checkpoints/oof/efficientnet_b0-oof_f0_best.pt
ISIC_0024691,5,nv,5,nv,0.020374052,0.022783421,0.004724814,0.050429914,0.0062400266,0.8514599,0.043987747,-0.75914395,-0.64737296,-2.220578,0.1471784,-1.9424218,2.9735463,0.010504903,efficientnet_b0,train,0,ml/checkpoints/oof/efficientnet_b0-oof_f0_best.pt
ISIC_0024709,2,bkl,3,df,0.16327488,0.015988767,0.056103352,0.47966006,0.23949638,0.010733882,0.034742597,-1.1133757,-3.4369245,-2.1816154,-0.03573326,-0.73027265,-3.8354056,-2.6608443,efficientnet_b0,train,0,ml/checkpoints/oof/efficientnet_b0-oof_f0_best.pt
ISIC_0024710,0,akiec,1,bcc,0.012137001,0.96734816,0.00027165856,0.0061089206,0.0041233744,0.00016922462,0.009841768,-1.0366261,3.3416739,-4.836094,-1.7231344,-2.116213,-5.3094134,-1.2462492,efficientnet_b0,train,0,ml/checkpoints/oof/efficientnet_b0-oof_f0_best.pt
ISIC_0024713,5,nv,5,nv,0.06423887,0.029130006,0.009495483,0.15017319,0.007373466,0.6594466,0.08014233,0.4343885,-0.35645136,-1.4774038,1.2835692,-1.730332,2.763181,0.6555842,efficientnet_b0,train,0,ml/checkpoints/oof/efficientnet_b0-oof_f0_best.pt
ISIC_0024715,5,nv,5,nv,0.04617808,0.026896393,0.009995769,0.09206146,0.007012863,0.7483923,0.06946318,0.23995009,-0.3005628,-1.2903929,0.9299013,-1.6448088,3.0253723,0.64824176,efficientnet_b0,train,0,ml/checkpoints/oof/efficientnet_b0-oof_f0_best.pt
ISIC_0024722,5,nv,5,nv,0.046894208,0.014432859,0.034806862,0.07465402,0.0057412987,0.7571908,0.06628,0.1174589,-1.060928,-0.18062083,0.5824288,-1.9827498,2.89918,0.46345294,efficientnet_b0,train,0,ml/checkpoints/oof/efficientnet_b0-oof_f0_best.pt
ISIC_0024735,5,nv,5,nv,0.021631287,0.008887994,0.0042212596,0.119054176,0.0016797809,0.80136955,0.043156,-0.5400069,-1.4294462,-2.174014,1.165431,-3.095484,3.0721745,0.15067375,efficientnet_b0,train,0,ml/checkpoints/oof/efficientnet_b0-oof_f0_best.pt
ISIC_0024739,4,mel,4,mel,0.018926136,0.008065673,0.03335754,0.03878563,0.8733881,0.0056912987,0.0217856,-1.9496641,-2.8025908,-1.3829241,-1.2321583,1.882172,-3.1512694,-1.8089589,efficientnet_b0,train,0,ml/checkpoints/oof/efficientnet_b0-oof_f0_best.pt
ISIC_0024766,5,nv,5,nv,0.04133271,0.031826038,0.008198569,0.082582034,0.009081546,0.7477604,0.079218686,0.2376875,-0.023681913,-1.380007,0.9298256,-1.2777224,3.133116,0.8882456,efficientnet_b0,train,0,ml/checkpoints/oof/efficientnet_b0-oof_f0_best.pt
ISIC_0024791,5,nv,5,nv,0.029567618,0.020364344,0.020409932,0.10846291,0.010767832,0.66226876,0.14815865,-0.6621901,-1.0350842,-1.0328481,0.6375385,-1.6723063,2.4468017,0.9494139,efficientnet_b0,train,0,ml/checkpoints/oof/efficientnet_b0-oof_f0_best.pt
ISIC_0024803,5,nv,5,nv,0.07072229,0.037717763,0.037269175,0.11728973,0.016875623,0.63284725,0.087278165,0.20000444,-0.42862523,-0.44058996,0.7058906,-1.2328863,2.3914726,0.41034392,efficientnet_b0,train,0,ml/checkpoints/oof/efficientnet_b0-oof_f0_best.pt
ISIC_0024804,5,nv,5,nv,0.03866347,0.0126175685,0.015666148,0.071895316,0.0066775586,0.7985268,0.055953108,-0.14478698,-1.2645924,-1.04818,0.47552875,-1.9009298,2.8830862,0.22483161,efficientnet_b0,train,0,ml/checkpoints/oof/efficientnet_b0-oof_f0_best.pt
ISIC_0024812,5,nv,5,nv,0.042713273,0.017077152,0.0053759194,0.07783443,0.004787417,0.79735744,0.054854397,-0.016358407,-0.9331267,-2.0889385,0.5837157,-2.2048771,2.910435,0.2338143,efficientnet_b0,train,0,ml/checkpoints/oof/efficientnet_b0-oof_f0_best.pt
ISIC_0024821,5,nv,5,nv,0.019937854,0.010192761,0.009832445,0.08061676,0.016495889,0.79761726,0.06530694,-0.7656695,-1.4366119,-1.4726021,0.63141686,-0.9551786,2.9233391,0.42080858,efficientnet_b0,train,0,ml/checkpoints/oof/efficientnet_b0-oof_f0_best.pt
ISIC_0024824,5,nv,5,nv,0.019101156,0.008131876,0.011299794,0.08841816,0.03410796,0.7989855,0.039955493,-1.4352795,-2.2892368,-1.9602436,0.09704919,-0.85549724,2.2983146,-0.69726205,efficientnet_b0,train,0,ml/checkpoints/oof/efficientnet_b0-oof_f0_best.pt
ISIC_0024827,5,nv,4,mel,0.009476643,0.014755408,0.006697847,0.06376157,0.8096779,0.048392817,0.04723781,-2.2876935,-1.8449137,-2.6347377,-0.3813729,2.1601129,-0.6571721,-0.6813291,efficientnet_b0,train,0,ml/checkpoints/oof/efficientnet_b0-oof_f0_best.pt
ISIC_0024838,5,nv,5,nv,0.023861319,0.0110581275,0.00512938,0.090467475,0.003455388,0.78191113,0.084117115,-0.7454401,-1.5145328,-2.2827141,0.5872917,-2.6777637,2.7440424,0.5145113,efficientnet_b0,train,0,ml/checkpoints/oof/efficientnet_b0-oof_f0_best.pt
ISIC_0024840,5,nv,5,nv,0.052983392,0.018310733,0.0070339027,0.098058715,0.0075555,0.7602192,0.05583857,-0.014979104,-1.0774704,-2.0342162,0.6006089,-1.9626815,2.6486492,0.037507363,efficientnet_b0,train,0,ml/checkpoints/oof/efficientnet_b0-oof_f0_best.pt
ISIC_0024842,5,nv,5,nv,0.07860259,0.02808944,0.020715479,0.10459611,0.01498033,0.6840561,0.06895995,0.6701032,-0.35890767,-0.6634202,0.95580494,-0.9875634,2.8337386,0.5392246,efficientnet_b0,train,0,ml/checkpoints/oof/efficientnet_b0-oof_f0_best.pt
ISIC_0024874,5,nv,5,nv,0.029795585,0.036584366,0.032433193,0.11814715,0.008528018,0.51460165,0.25991008,-1.1114371,-0.9061763,-1.0266147,0.2661337,-2.36244,1.7375959,1.0545386,efficientnet_b0,train,0,ml/checkpoints/oof/efficientnet_b0-oof_f0_best.pt
ISIC_0024880,2,bkl,2,bkl,0.018492112,0.008004857,0.8241508,0.05707065,0.0016476894,0.051925205,0.038708687,-1.9151133,-2.7524092,1.8818959,-0.7881675,-4.3330836,-0.88265324,-1.1763936,efficientnet_b0,train,0,ml/checkpoints/oof/efficientnet_b0-oof_f0_best.pt
ISIC_0024881,2,bkl,0,akiec,0.45928973,0.16697122,0.19425076,0.059072107,0.014182349,0.013391907,0.09284188,0.25338992,-0.7584699,-0.6071414,-1.7975326,-3.2242932,-3.2816408,-1.3453934,efficientnet_b0,train,0,ml/checkpoints/oof/efficientnet_b0-oof_f0_best.pt
ISIC_0024895,5,nv,5,nv,0.021120636,0.009815435,0.0121506965,0.06103366,0.0016814135,0.847223,0.046975173,-0.33557048,-1.1018653,-0.88843465,0.7256042,-2.8661866,3.3561428,0.46379805,efficientnet_b0,train,0,ml/checkpoints/oof/efficientnet_b0-oof_f0_best.pt
ISIC_0024903,5,nv,5,nv,0.051653612,0.017906822,0.022005454,0.10665822,0.012235014,0.74286544,0.046675444,0.35211173,-0.7072665,-0.5011581,1.0771812,-1.0881464,3.0180666,0.25076997,efficientnet_b0,train,0,ml/checkpoints/oof/efficientnet_b0-oof_f0_best.pt
ISIC_0024925,0,akiec,0,akiec,0.65523064,0.16208908,0.007592607,0.044300318,0.0025226169,0.09070065,0.03756409,2.0162477,0.6194065,-2.4415648,-0.6777477,-3.543443,0.038824946,-0.84269106,efficientnet_b0,train,0,ml/checkpoints/oof/efficientnet_b0-oof_f0_best.pt
ISIC_0024942,5,nv,5,nv,0.044552844,0.034654234,0.005784619,0.11424498,0.0117740035,0.69664097,0.092348285,-0.103669584,-0.3549256,-2.145143,0.83799946,-1.4344515,2.6459246,0.62522155,efficientnet_b0,train,0,ml/checkpoints/oof/efficientnet_b0-oof_f0_best.pt
ISIC_0024953,5,nv,5,nv,0.07623456,0.015297785,0.029574959,0.07124568,0.0062788925,0.72868603,0.07268213,0.4352109,-1.1708957,-0.51167583,0.36753038,-2.0614104,2.692639,0.3874918,efficientnet_b0,train,0,ml/checkpoints/oof/efficientnet_b0-oof_f0_best.pt
ISIC_0024954,5,nv,5,nv,0.029375285,0.017515326,0.008640243,0.07351717,0.008966328,0.7869823,0.07500333,-0.2600638,-0.7771414,-1.4837871,0.6573015,-1.4467415,3.0279882,0.67731494,efficientnet_b0,train,0,ml/checkpoints/oof/efficientnet_b0-oof_f0_best.pt
ISIC_0024957,5,nv,5,nv,0.05512207,0.0645141,0.008863884,0.104165606,0.0115480395,0.64538425,0.110402085,-0.27710006,-0.1197664,-2.1046653,0.35933173,-1.8401345,2.1831956,0.4174787,efficientnet_b0,train,0,ml/checkpoints/oof/efficientnet_b0-oof_f0_best.pt
ISIC_0024961,4,mel,5,nv,0.18508449,0.008128181,0.012183458,0.14560723,0.11499979,0.4558266,0.07817027,-0.57594705,-3.7014222,-3.2966802,-0.8158466,-1.0518291,0.32535306,-1.4378701,efficientnet_b0,train,0,ml/checkpoints/oof/efficientnet_b0-oof_f0_best.pt
ISIC_0024969,5,nv,5,nv,0.042536467,0.014151723,0.010858619,0.07609013,0.0134587465,0.7841544,0.05874993,-0.39362475,-1.4941499,-1.7590277,0.18793207,-1.5443573,2.5206194,-0.07069668,efficientnet_b0,train,0,ml/checkpoints/oof/efficientnet_b0-oof_f0_best.pt
ISIC_0024996,5,nv,5,nv,0.04126621,0.025981411,0.022232607,0.06599627,0.0065321177,0.8008816,0.03710967,-0.356963,-0.8196257,-0.9754469,0.11259137,-2.2002754,2.6087062,-0.46312922,efficientnet_b0,train,0,ml/checkpoints/oof/efficientnet_b0-oof_f0_best.pt
ISIC_0024997,2,bkl,2,bkl,0.007494171,0.0041846633,0.9341785,0.026859654,0.00095086574,0.009349725,0.016982503,-1.2798035,-1.8625028,3.5457385,-0.0033037541,-3.3443112,-1.0585821,-0.4617455,efficientnet_b0,train,0,ml/checkpoints/oof/efficientnet_b0-oof_f0_best.pt
ISIC_0025000,5,nv,5,nv,0.040667582,0.031698573,0.01450245,0.10144904,0.022945276,0.7022131,0.086524,-0.25927845,-0.50843817,-1.2903922,0.65484697,-0.8315979,2.5895271,0.49571195,efficientnet_b0,train,0,ml/checkpoints/oof/efficientnet_b0-oof_f0_best.pt
ISIC_0025006,5,nv,5,nv,0.0408533,0.041690677,0.009202365,0.09177451,0.01575846,0.74224275,0.058477923,-0.24797502,-0.22768512,-1.7385025,0.56137186,-1.2005854,2.6517136,0.1106865,efficientnet_b0,train,0,ml/checkpoints/oof/efficientnet_b0-oof_f0_best.pt
ISIC_0025008,5,nv,5,nv,0.029651593,0.028711095,0.13399939,0.28068414,0.0054277764,0.424899,0.096627,-2.7842858,-2.816518,-1.2759664,-0.53657174,-4.482272,-0.12195018,-1.6029435,efficientnet_b0,train,0,ml/checkpoints/oof/efficientnet_b0-oof_f0_best.pt
ISIC_0025012,5,nv,5,nv,0.04334194,0.0635705,0.025235219,0.11058093,0.018545562,0.6461616,0.09256416,-0.28721315,0.09581578,-0.82809335,0.64941376,-1.1361034,2.4147158,0.47156814,efficientnet_b0,train,0,ml/checkpoints/oof/efficientnet_b0-oof_f0_best.pt
ISIC_0025015,5,nv,5,nv,0.074705586,0.029770391,0.01438119,0.10065158,0.014686023,0.6797082,0.08609702,0.17570505,-0.7443356,-1.471929,0.47381485,-1.4509537,2.3838136,0.31762484,efficientnet_b0,train,0,ml/checkpoints/oof/efficientnet_b0-oof_f0_best.pt
ISIC_0025021,5,nv,5,nv,0.039750487,0.035429917,0.010733569,0.12579937,0.009183521,0.71600235,0.06310082,-0.3149151,-0.4299807,-1.6241614,0.83715105,-1.7801266,2.5761461,0.1471965,efficientnet_b0,train,0,ml/checkpoints/oof/efficientnet_b0-oof_f0_best.pt
ISIC_0025026,5,nv,5,nv,0.021286745,0.007480409,0.0030935004,0.05437616,0.0041333637,0.86419564,0.04543419,-0.72816634,-1.7739632,-2.6569479,0.20967476,-2.3671596,2.9755483,0.03001408,efficientnet_b0,train,0,ml/checkpoints/oof/efficientnet_b0-oof_f0_best.pt
ISIC_0025029,0,akiec,4,mel,0.13450988,0.14783667,0.14872995,0.097296104,0.41089174,0.0045775245,0.05615817,-0.9373461,-0.8428756,-0.8368514,-1.2612247,0.17934611,-4.3178253,-1.8108115,efficientnet_b0,train,0,ml/checkpoints/oof/efficientnet_b0-oof_f0_best.pt
ISIC_0025047,5,nv,5,nv,0.017902702,0.026349226,0.006805776,0.19152519,0.04598452,0.65101993,0.060412608,-2.197704,-1.8112167,-3.164884,0.17236362,-1.2543509,1.3958845,-0.981458,efficientnet_b0,train,0,ml/checkpoints/oof/efficientnet_b0-oof_f0_best.pt
ISIC_0025055,5,nv,5,nv,0.019405536,0.027726311,0.0044826576,0.10142611,0.01203374,0.7730056,0.0619201,-0.90927434,-0.55245084,-2.3746166,0.7444978,-1.3871185,2.7754536,0.25101212,efficientnet_b0,train,0,ml/checkpoints/oof/efficientnet_b0-oof_f0_best.pt
ISIC_0025057,5,nv,5,nv,0.041500676,0.015871968,0.008737529,0.06885824,0.0043865596,0.81766784,0.04297717,0.3257138,-0.63544136,-1.2323682,0.832054,-1.9214505,3.3064604,0.3606732,efficientnet_b0,train,0,ml/checkpoints/oof/efficientnet_b0-oof_f0_best.pt
ISIC_0025062,5,nv,5,nv,0.045378912,0.02131191,0.005300772,0.07755782,0.36447313,0.41793007,0.068047404,0.07681671,-0.6789647,-2.0703783,0.612793,2.160222,2.2970834,0.4819738,efficientnet_b0,train,0,ml/checkpoints/oof/efficientnet_b0-oof_f0_best.pt
ISIC_0025078,5,nv,5,nv,0.039671123,0.034516122,0.006436252,0.07324953,0.030383822,0.74126256,0.074480616,-0.76165575,-0.90085286,-2.5803328,-0.1484078,-1.0283693,2.1660755,-0.13174066,efficientnet_b0,train,0,ml/checkpoints/oof/efficientnet_b0-oof_f0_best.pt
ISIC_0025081,4,mel,4,mel,0.019853672,0.010522013,0.01062133,0.12913835,0.6813916,0.07188318,0.0765898,-2.2206874,-2.855607,-2.846212,-0.348192,1.3150609,-0.9340342,-0.8706125,efficientnet_b0,train,0,ml/checkpoints/oof/efficientnet_b0-oof_f0_best.pt
ISIC_0025089,0,akiec,0,akiec,0.3650289,0.007406138,0.13910437,0.0964277,0.31324732,0.014285394,0.06450013,0.9285371,-2.9691303,-0.036214877,-0.40264595,0.7755536,-2.3122017,-0.8047722,efficientnet_b0,train,0,ml/checkpoints/oof/efficientnet_b0-oof_f0_best.pt
ISIC_0025093,5,nv,5,nv,0.02840331,0.018926945,0.002113215,0.06995284,0.0027334192,0.81950355,0.058366712,0.011904851,-0.39401424,-2.5863903,0.91322064,-2.3290474,3.374098,0.73214495,efficientnet_b0,train,0,ml/checkpoints/oof/efficientnet_b0-oof_f0_best.pt
ISIC_0025098,5,nv,5,nv,0.034998205,0.016968992,0.008688176,0.0674872,0.004708586,0.809078,0.05807087,-0.44071546,-1.1646247,-1.8340493,0.21592574,-2.4466248,2.699883,0.06565185,efficientnet_b0,train,0,ml/checkpoints/oof/efficientnet_b0-oof_f0_best.pt
ISIC_0025100,5,nv,5,nv,0.08914836,0.036966447,0.022409055,0.09376349,0.034814347,0.6219386,0.100959726,0.29453704,-0.5857543,-1.0862998,0.3450108,-0.64573526,2.2370765,0.41895685,efficientnet_b0,train,0,ml/checkpoints/oof/efficientnet_b0-oof_f0_best.pt
ISIC_0025111,5,nv,5,nv,0.17720862,0.0066530197,0.05495132,0.08104086,0.0038932455,0.6012764,0.0749765,0.31145933,-2.9707975,-0.85942066,-0.47091502,-3.5066252,1.5331863,-0.54869366,efficientnet_b0,train,0,ml/checkpoints/oof/efficientnet_b0-oof_f0_best.pt
ISIC_0025114,5,nv,5,nv,0.04349293,0.022250138,0.0110912565,0.1046648,0.008297043,0.75822604,0.051977705,0.0395929,-0.6306572,-1.3268483,0.9177575,-1.6171063,2.8979762,0.21780941,efficientnet_b0,train,0,ml/checkpoints/oof/efficientnet_b0-oof_f0_best.pt
ISIC_0025121,4,mel,4,mel,0.008623398,0.0042030253,0.0038115657,0.036050152,0.8480011,0.009985598,0.08932508,-2.4444084,-3.1630836,-3.2608478,-1.0139767,2.143994,-2.297744,-0.10660543,efficientnet_b0,train,0,ml/checkpoints/oof/efficientnet_b0-oof_f0_best.pt
ISIC_0025133,5,nv,4,mel,0.013276117,0.041044388,0.0018540514,0.06497003,0.7927865,0.05338878,0.03268015,-2.8871508,-1.7584631,-4.855744,-1.2991914,1.2024367,-1.4955167,-1.9863495,efficientnet_b0,train,0,ml/checkpoints/oof/efficientnet_b0-oof_f0_best.pt
ISIC_0025139,5,nv,5,nv,0.039589554,0.020476783,0.011001735,0.098294556,0.0040224693,0.759856,0.06675892,0.20686625,-0.4524074,-1.0736458,1.1162697,-2.0798032,3.16143,0.72938895,efficientnet_b0,train,0,ml/checkpoints/oof/efficientnet_b0-oof_f0_best.pt
ISIC_0025144,1,bcc,1,bcc,0.018714335,0.9188851,0.0007879333,0.032257576,0.003381063,0.0013807451,0.024593318,-0.7086496,3.1852217,-3.8762813,-0.1641864,-2.4197493,-3.3153162,-0.43546465,efficientnet_b0,train,0,ml/checkpoints/oof/efficientnet_b0-oof_f0_best.pt
ISIC_0025167,5,nv,5,nv,0.060051158,0.03758036,0.008069611,0.09799642,0.008374616,0.7287416,0.059186157,0.4818183,0.0131029,-1.5252736,0.9715524,-1.4881736,2.9779406,0.46730897,efficientnet_b0,train,0,ml/checkpoints/oof/efficientnet_b0-oof_f0_best.pt
ISIC_0025173,5,nv,5,nv,0.013047842,0.061900105,0.0003432297,0.10084853,0.16362627,0.6180157,0.042218324,-3.3027658,-1.7458667,-6.940744,-1.2577688,-0.7738035,0.55512536,-2.1285343,efficientnet_b0,train,0,ml/checkpoints/oof/efficientnet_b0-oof_f0_best.pt
ISIC_0025176,5,nv,5,nv,0.020098383,0.015505568,0.017443398,0.06836378,0.0023785464,0.83237684,0.043833464,-0.80750775,-1.066948,-0.94918597,0.4166961,-2.9416578,2.9161382,-0.027749551,efficientnet_b0,train,0,ml/checkpoints/oof/efficientnet_b0-oof_f0_best.pt
ISIC_0025181,5,nv,5,nv,0.041577533,0.020619217,0.08560783,0.09912614,0.057807967,0.5961463,0.099114984,-1.3490127,-2.0503492,-0.62679595,-0.4801795,-1.019446,1.3139135,-0.48029196,efficientnet_b0,train,0,ml/checkpoints/oof/efficientnet_b0-oof_f0_best.pt
ISIC_0025185,5,nv,5,nv,0.029279832,0.026216196,0.010411895,0.06810868,0.017328423,0.7783171,0.07033797,-0.4291254,-0.539647,-1.4630756,0.41508028,-0.9536762,2.8511097,0.4472875,efficientnet_b0,train,0,ml/checkpoints/oof/efficientnet_b0-oof_f0_best.pt
ISIC_0025189,5,nv,5,nv,0.03860729,0.019627614,0.060401935,0.13484137,0.016589552,0.6697591,0.060173195,-1.202859,-1.8793626,-0.75527877,0.047799032,-2.0475268,1.6506181,-0.7590731,efficientnet_b0,train,0,ml/checkpoints/oof/efficientnet_b0-oof_f0_best.pt
ISIC_0025202,5,nv,5,nv,0.041530635,0.027142635,0.027516996,0.1373142,0.012870834,0.6294611,0.12416354,-0.43765658,-0.8629824,-0.8492843,0.7581838,-1.6091242,2.280776,0.6575114,efficientnet_b0,train,0,ml/checkpoints/oof/efficientnet_b0-oof_f0_best.pt
ISIC_0025204,5,nv,5,nv,0.046915766,0.032278523,0.002931756,0.120163105,0.00776535,0.7135478,0.0763977,0.047486693,-0.3264648,-2.7252655,0.98798305,-1.7511953,2.7693825,0.5350856,efficientnet_b0,train,0,ml/checkpoints/oof/efficientnet_b0-oof_f0_best.pt
ISIC_0025218,5,nv,5,nv,0.016004795,0.021402704,0.017226068,0.093690544,0.0029575443,0.7937757,0.054942675,-0.8630501,-0.5724214,-0.7895147,0.90405864,-2.5515795,3.0408623,0.3703517,efficientnet_b0,train,0,ml/checkpoints/oof/efficientnet_b0-oof_f0_best.pt
ISIC_0025250,6,vasc,6,vasc,0.0022731172,0.00021407493,0.00083231344,0.008000087,0.0006324131,0.00042955411,0.98761845,-1.7524778,-4.1150584,-2.757176,-0.4941774,-3.0318422,-3.418637,4.3216667,efficientnet_b0,train,0,ml/checkpoints/oof/efficientnet_b0-oof_f0_best.pt
ISIC_0025251,5,nv,5,nv,0.018567475,0.016914133,0.01829315,0.0753904,0.008338033,0.80500346,0.05749336,-1.2613983,-1.3546603,-1.2762831,0.13987023,-2.0619824,2.5080369,-0.1311403,efficientnet_b0,train,0,ml/checkpoints/oof/efficientnet_b0-oof_f0_best.pt
ISIC_0025253,5,nv,5,nv,0.0055958726,0.01594312,0.015406687,0.07707964,0.009990427,0.8094523,0.06653199,-2.4650278,-1.4180297,-1.4522555,0.15778205,-1.8854299,2.5093007,0.010625826,efficientnet_b0,train,0,ml/checkpoints/oof/efficientnet_b0-oof_f0_best.pt
ISIC_0025268,4,mel,4,mel,0.0053466326,0.00800227,0.003971223,0.028362043,0.9279557,0.006566243,0.019796005,-2.2848346,-1.8815765,-2.582228,-0.61625016,2.8716822,-2.07936,-0.97582173,efficientnet_b0,train,0,ml/checkpoints/oof/efficientnet_b0-oof_f0_best.pt
ISIC_0025269,5,nv,5,nv,0.021175232,0.010561132,0.0024110535,0.10002388,0.0040143454,0.81593996,0.045874316,-0.66025966,-1.3559117,-2.8330283,0.892317,-2.3232174,2.9912488,0.112813555,efficientnet_b0,train,0,ml/checkpoints/oof/efficientnet_b0-oof_f0_best.pt
ISIC_0025281,5,nv,5,nv,0.051794637,0.027273884,0.0077892393,0.11406777,0.011720554,0.71474844,0.07260541,0.078902915,-0.5624539,-1.8156406,0.86840916,-1.4070396,2.703547,0.41665578,efficientnet_b0,train,0,ml/checkpoints/oof/efficientnet_b0-oof_f0_best.pt
ISIC_0025284,5,nv,5,nv,0.08196355,0.022088112,0.062320627,0.1304758,0.029657269,0.57763886,0.09585577,-0.8033174,-2.1145525,-1.0772996,-0.33840418,-1.8198849,1.1493568,-0.6467473,efficientnet_b0,train,0,ml/checkpoints/oof/efficientnet_b0-oof_f0_best.pt
ISIC_0025292,2,bkl,2,bkl,0.32694274,0.03128896,0.48028862,0.10396237,0.0028769139,0.0049370886,0.04970327,0.7663333,-1.5801867,1.1509354,-0.3794228,-3.966734,-3.426676,-1.1173811,efficientnet_b0,train,0,ml/checkpoints/oof/efficientnet_b0-oof_f0_best.pt
ISIC_0025302,3,df,3,df,0.1083382,0.03667827,0.007707608,0.43761647,0.021675747,0.33493125,0.0530525,-1.3042954,-2.387369,-3.9473455,0.09178957,-2.9133594,-0.17562805,-2.0182714,efficientnet_b0,train,0,ml/checkpoints/oof/efficientnet_b0-oof_f0_best.pt
ISIC_0025313,4,mel,5,nv,0.023058383,0.019618297,0.0019476144,0.12341757,0.03453649,0.7241437,0.07327794,-1.0996847,-1.2612513,-3.5711086,0.57785946,-0.6956979,2.3472757,0.056545444,efficientnet_b0,train,0,ml/checkpoints/oof/efficientnet_b0-oof_f0_best.pt
ISIC_0025322,1,bcc,3,df,0.004253423,0.08720282,0.0072935377,0.8902138,0.00012724267,0.00020459504,0.010704572,-3.7634244,-0.7429117,-3.2241595,1.5803134,-7.272807,-6.7978706,-2.8404775,efficientnet_b0,train,0,ml/checkpoints/oof/efficientnet_b0-oof_f0_best.pt
ISIC_0025324,4,mel,5,nv,0.013395405,0.009359963,0.0044999775,0.045331027,0.0025941073,0.8688323,0.05598729,-0.9440585,-1.3025291,-2.0348983,0.27502126,-2.5857277,3.2281797,0.48615423,efficientnet_b0,train,0,ml/checkpoints/oof/efficientnet_b0-oof_f0_best.pt
ISIC_0025335,5,nv,5,nv,0.017692352,0.036077358,0.029759286,0.07506571,0.0030186062,0.798619,0.039767742,-1.6065238,-0.89399064,-1.086515,-0.16129243,-3.374861,2.2032278,-0.7966001,efficientnet_b0,train,0,ml/checkpoints/oof/efficientnet_b0-oof_f0_best.pt
ISIC_0025353,5,nv,5,nv,0.021951161,0.013534701,0.004992816,0.07270963,0.0056915055,0.81354403,0.067576155,-0.585391,-1.0689542,-2.0662107,0.61226267,-1.9352363,3.027189,0.539044,efficientnet_b0,train,0,ml/checkpoints/oof/efficientnet_b0-oof_f0_best.pt
ISIC_0025367,5,nv,5,nv,0.07820413,0.023192633,0.010034481,0.08613872,0.04822655,0.65672225,0.09748125,-0.1414518,-1.3569394,-2.1947467,-0.044815145,-0.6248646,1.986487,0.07888597,efficientnet_b0,train,0,ml/checkpoints/oof/efficientnet_b0-oof_f0_best.pt
ISIC_0025372,5,nv,5,nv,0.03748709,0.023251621,0.003506609,0.12495493,0.024967952,0.69125235,0.09457941,-0.9674485,-1.4450704,-3.3367956,0.23650788,-1.3738523,1.9470598,-0.04200535,efficientnet_b0,train,0,ml/checkpoints/oof/efficientnet_b0-oof_f0_best.pt
ISIC_0025378,2,bkl,2,bkl,0.011535958,0.00205656,0.89799184,0.04592046,0.0034910373,0.01215305,0.026851032,-1.0667888,-2.7912233,3.287903,0.31465298,-2.262059,-1.0146776,-0.22195363,efficientnet_b0,train,0,ml/checkpoints/oof/efficientnet_b0-oof_f0_best.pt
ISIC_0025384,5,nv,5,nv,0.037180856,0.031198466,0.003419314,0.08029265,0.0078361835,0.773082,0.06699051,0.019380396,-0.15604466,-2.3669734,0.7892643,-1.5376617,3.0539715,0.6081375,efficientnet_b0,train,0,ml/checkpoints/oof/efficientnet_b0-oof_f0_best.pt
ISIC_0025393,5,nv,5,nv,0.055437498,0.036886975,0.010726502,0.112082854,0.030299608,0.7116536,0.04291294,0.26268902,-0.1447086,-1.3798498,0.9666712,-0.34143224,2.8150241,0.006606402,efficientnet_b0,train,0,ml/checkpoints/oof/efficientnet_b0-oof_f0_best.pt
ISIC_0025398,5,nv,5,nv,0.05987004,0.034015097,0.03807035,0.0857428,0.011124848,0.68049663,0.090680204,0.27872923,-0.28664243,-0.1740113,0.63790506,-1.4042661,2.7093759,0.6938919,efficientnet_b0,train,0,ml/checkpoints/oof/efficientnet_b0-oof_f0_best.pt
ISIC_0025401,5,nv,5,nv,0.036994424,0.054285917,0.018874247,0.10934367,0.055079307,0.66997576,0.05544667,-0.6434469,-0.25994912,-1.3164159,0.44028172,-0.24544013,2.2530274,-0.23879232,efficientnet_b0,train,0,ml/checkpoints/oof/efficientnet_b0-oof_f0_best.pt
ISIC_0025403,5,nv,5,nv,0.0076807123,0.02591825,0.004720816,0.09885491,0.0015643933,0.82726896,0.03399198,-1.810144,-0.59390914,-2.296875,0.7447967,-3.4013581,2.8692734,-0.3227316,efficientnet_b0,train,0,ml/checkpoints/oof/efficientnet_b0-oof_f0_best.pt
ISIC_0025407,5,nv,5,nv,0.03025764,0.019442184,0.0035745641,0.12840736,0.002992693,0.7540439,0.061281603,-0.2186957,-0.66099924,-2.3546014,1.2267634,-2.532271,2.9970062,0.48703536,efficientnet_b0,train,0,ml/checkpoints/oof/efficientnet_b0-oof_f0_best.pt
ISIC_0025411,0,akiec,4,mel,0.24258265,0.073881194,0.07582169,0.107334845,0.34692526,0.07532968,0.078124695,-0.77364427,-1.9625283,-1.9366024,-1.5890334,-0.41587734,-1.9431125,-1.9066805,efficientnet_b0,train,0,ml/checkpoints/oof/efficientnet_b0-oof_f0_best.pt
ISIC_0025416,5,nv,5,nv,0.063023366,0.025043037,0.012862732,0.11795363,0.011088094,0.68016344,0.089865714,0.06441032,-0.8584995,-1.5247611,0.69119614,-1.6732236,2.4432378,0.41922113,efficientnet_b0,train,0,ml/checkpoints/oof/efficientnet_b0-oof_f0_best.pt
ISIC_0025434,2,bkl,2,bkl,0.0029578232,0.004529787,0.93553257,0.02386975,0.0043714377,0.0071331584,0.021605518,-2.233322,-1.8071005,3.5233405,-0.14516348,-1.8426836,-1.3530211,-0.24482673,efficientnet_b0,train,0,ml/checkpoints/oof/efficientnet_b0-oof_f0_best.pt
ISIC_0025451,4,mel,5,nv,0.01928636,0.005250721,0.0039432608,0.05699071,0.28071105,0.5855567,0.048261173,-1.270298,-2.5713308,-2.8576884,-0.18680777,1.4076297,2.1428668,-0.35306877,efficientnet_b0,train,0,ml/checkpoints/oof/efficientnet_b0-oof_f0_best.pt
ISIC_0025457,5,nv,5,nv,0.05691493,0.020908564,0.006930743,0.055947173,0.047079008,0.7706252,0.041594356,-0.9274472,-1.9288459,-3.033038,-0.9445969,-1.1171776,1.6781973,-1.2410402,efficientnet_b0,train,0,ml/checkpoints/oof/efficientnet_b0-oof_f0_best.pt
ISIC_0025461,5,nv,2,bkl,0.057172656,0.017272774,0.5508818,0.05103913,0.020877242,0.20641798,0.0963385,-0.97743803,-2.1743822,1.2880065,-1.0909212,-1.984854,0.30638945,-0.4556457,efficientnet_b0,train,0,ml/checkpoints/oof/efficientnet_b0-oof_f0_best.pt
ISIC_0025466,2,bkl,2,bkl,0.10381519,0.02268624,0.3289676,0.11818726,0.038294706,0.24517532,0.14287378,-1.283211,-2.8040648,-0.12986395,-1.1535529,-2.2805116,-0.4238497,-0.96386164,efficientnet_b0,train,0,ml/checkpoints/oof/efficientnet_b0-oof_f0_best.pt
ISIC_0025469,5,nv,4,mel,0.008538605,0.02574498,0.00494909,0.061515756,0.8405433,0.03750303,0.021205157,-3.2777386,-2.1740968,-3.8231325,-1.3030431,1.311712,-1.7979149,-2.368092,efficientnet_b0,train,0,ml/checkpoints/oof/efficientnet_b0-oof_f0_best.pt
ISIC_0025480,5,nv,5,nv,0.024672985,0.010509225,0.006503659,0.09647486,0.016946595,0.7672617,0.077630945,-0.72976,-1.5832156,-2.0631042,0.6338137,-1.105402,2.707359,0.4164973,efficientnet_b0,train,0,ml/checkpoints/oof/efficientnet_b0-oof_f0_best.pt
ISIC_0025483,5,nv,5,nv,0.050992887,0.016273506,0.010172992,0.06522839,0.004775604,0.79222137,0.06033524,0.35729322,-0.7848546,-1.2546564,0.60350186,-2.0108724,3.100448,0.52552354,efficientnet_b0,train,0,ml/checkpoints/oof/efficientnet_b0-oof_f0_best.pt
ISIC_0025498,5,nv,5,nv,0.046393503,0.020081172,0.004407202,0.09195679,0.0069141183,0.7702727,0.059974663,0.28961563,-0.5477612,-2.0643039,0.9737748,-1.6139784,3.0992007,0.54637843,efficientnet_b0,train,0,ml/checkpoints/oof/efficientnet_b0-oof_f0_best.pt
ISIC_0025503,5,nv,5,nv,0.021547582,0.010790968,0.0029412573,0.080222405,0.0018121466,0.8359157,0.046769913,-0.34308112,-1.0346351,-2.3345075,0.97145814,-2.8188324,3.3151832,0.4318954,efficientnet_b0,train,0,ml/checkpoints/oof/efficientnet_b0-oof_f0_best.pt
ISIC_0025514,5,nv,5,nv,0.024315435,0.010199348,0.008769581,0.07053716,0.0076876795,0.83628553,0.042205233,-0.22804047,-1.0968279,-1.247863,0.83698773,-1.3795326,3.3098183,0.32339233,efficientnet_b0,train,0,ml/checkpoints/oof/efficientnet_b0-oof_f0_best.pt
ISIC_0025515,2,bkl,2,bkl,0.025089478,0.013518495,0.50120157,0.17487381,0.16483425,0.05061733,0.06986514,-1.8054448,-2.4238346,1.189115,0.13617136,0.077047065,-1.1035993,-0.7813266,efficientnet_b0,train,0,ml/checkpoints/oof/efficientnet_b0-oof_f0_best.pt
ISIC_0025516,5,nv,5,nv,0.055165518,0.031353172,0.029811662,0.107150845,0.029361948,0.6531489,0.09400801,-1.0371652,-1.6021879,-1.6526036,-0.37326565,-1.6678039,1.4343019,-0.5041232,efficientnet_b0,train,0,ml/checkpoints/oof/efficientnet_b0-oof_f0_best.pt
ISIC_0025520,4,mel,4,mel,0.019468484,0.006806765,0.004038327,0.04441432,0.840069,0.05425471,0.030948386,-0.70180386,-1.7526839,-2.2747705,0.12296094,3.0628831,0.32308888,-0.23828001,efficientnet_b0,train,0,ml/checkpoints/oof/efficientnet_b0-oof_f0_best.pt
ISIC_0025524,4,mel,4,mel,0.011975817,0.0030792085,0.021830361,0.05898495,0.72079575,0.084300205,0.09903372,-2.655529,-4.013746,-2.0551164,-1.0611359,1.4419376,-0.704034,-0.54295796,efficientnet_b0,train,0,ml/checkpoints/oof/efficientnet_b0-oof_f0_best.pt
ISIC_0025526,2,bkl,2,bkl,0.124317154,0.07649872,0.6643003,0.053124085,0.030236749,0.017300453,0.034222342,-0.3037739,-0.78933585,1.3721244,-1.1539795,-1.7175518,-2.2758772,-1.593731,efficientnet_b0,train,0,ml/checkpoints/oof/efficientnet_b0-oof_f0_best.pt
ISIC_0025540,5,nv,5,nv,0.013684706,0.019441126,0.008065581,0.07889614,0.011775019,0.80158144,0.06655605,-0.97109824,-0.6199864,-1.4997716,0.78075516,-1.121397,3.0992093,0.61066717,efficientnet_b0,train,0,ml/checkpoints/oof/efficientnet_b0-oof_f0_best.pt
ISIC_0025543,4,mel,4,mel,0.06803037,0.005566719,0.067737356,0.0954872,0.6733688,0.018159714,0.07164985,-1.0420884,-3.545237,-1.0464051,-0.7030506,1.2502503,-2.3628373,-0.9902517,efficientnet_b0,train,0,ml/checkpoints/oof/efficientnet_b0-oof_f0_best.pt
ISIC_0025547,5,nv,5,nv,0.015137078,0.03263258,0.00547494,0.07846984,0.003215201,0.79342574,0.07164463,-1.4785621,-0.7103982,-2.495528,0.16700499,-3.0278194,2.4806507,0.07600882,efficientnet_b0,train,0,ml/checkpoints/oof/efficientnet_b0-oof_f0_best.pt
ISIC_0025555,5,nv,5,nv,0.03374378,0.007870809,0.011765271,0.053617697,0.08962066,0.7460775,0.057304252,-0.4670004,-1.9226357,-1.5206442,-0.0039174194,0.50978935,2.6290329,0.06257827,efficientnet_b0,train,0,ml/checkpoints/oof/efficientnet_b0-oof_f0_best.pt
ISIC_0025558,5,nv,5,nv,0.022066427,0.0132516455,0.0035714805,0.0808186,0.0034385892,0.8174398,0.05941349,-0.49252757,-1.0024632,-2.3136048,0.80562246,-2.3515234,3.1195924,0.4979364,efficientnet_b0,train,0,ml/checkpoints/oof/efficientnet_b0-oof_f0_best.pt
ISIC_0025559,5,nv,5,nv,0.011230821,0.011476874,0.0031451597,0.11523262,0.009076855,0.7868594,0.06297826,-1.542596,-1.5209239,-2.815393,0.785695,-1.75553,2.7067919,0.18153194,efficientnet_b0,train,0,ml/checkpoints/oof/efficientnet_b0-oof_f0_best.pt
ISIC_0025566,5,nv,5,nv,0.03070242,0.025892423,0.004846649,0.064548455,0.008215485,0.79233956,0.073455125,-0.08654977,-0.2569408,-1.9326036,0.6565249,-1.4048705,3.1640987,0.7857833,efficientnet_b0,train,0,ml/checkpoints/oof/efficientnet_b0-oof_f0_best.pt
ISIC_0025567,2,bkl,2,bkl,0.026155373,0.0062073926,0.8804065,0.032752186,0.003852393,0.019896323,0.03072996,-0.24777892,-1.6860927,3.2685502,-0.02286394,-2.1631389,-0.52129865,-0.08659544,efficientnet_b0,train,0,ml/checkpoints/oof/efficientnet_b0-oof_f0_best.pt
ISIC_0025573,4,mel,4,mel,0.09693708,0.021594513,0.055175032,0.09894285,0.57609993,0.094252266,0.05699832,-1.3587129,-2.8603358,-1.9222646,-1.3382328,0.42350605,-1.3868003,-1.8897533,efficientnet_b0,train,0,ml/checkpoints/oof/efficientnet_b0-oof_f0_best.pt
ISIC_0025574,5,nv,5,nv,0.025796818,0.028330695,0.004673951,0.12169586,0.005858203,0.7478175,0.06582699,-0.5351582,-0.44146347,-2.2434044,1.0161157,-2.0175664,2.8317497,0.40162072,efficientnet_b0,train,0,ml/checkpoints/oof/efficientnet_b0-oof_f0_best.pt
ISIC_0025575,2,bkl,0,akiec,0.58411086,0.089336425,0.11798374,0.16767317,0.004111252,0.0056930175,0.03109153,0.4642391,-1.4134424,-1.1353048,-0.7838351,-4.492124,-4.166611,-2.4689162,efficientnet_b0,train,0,ml/checkpoints/oof/efficientnet_b0-oof_f0_best.pt
ISIC_0025578,6,vasc,6,vasc,0.020667512,0.010437271,0.015667273,0.02459408,0.009384407,0.039451722,0.8797978,-2.2005384,-2.8837185,-2.4775274,-2.0265956,-2.9900522,-1.5540237,1.5505908,efficientnet_b0,train,0,ml/checkpoints/oof/efficientnet_b0-oof_f0_best.pt
ISIC_0025583,2,bkl,2,bkl,0.39140356,0.0038914916,0.4470457,0.058339134,0.05090903,0.0063048233,0.04210627,0.7375793,-3.8733675,0.870501,-1.1658866,-1.3021195,-3.390845,-1.4919631,efficientnet_b0,train,0,ml/checkpoints/oof/efficientnet_b0-oof_f0_best.pt
ISIC_0025590,5,nv,5,nv,0.029827617,0.018275619,0.0047587273,0.08014144,0.0074689854,0.7945801,0.06494747,-0.14939919,-0.639266,-1.9848536,0.83895934,-1.5340747,3.1329799,0.6287448,efficientnet_b0,train,0,ml/checkpoints/oof/efficientnet_b0-oof_f0_best.pt
ISIC_0025613,5,nv,5,nv,0.022934778,0.019146923,0.0077995867,0.088998824,0.051308293,0.7066414,0.103170216,-1.0603884,-1.2409008,-2.138972,0.29558048,-0.25519046,2.3674805,0.44333744,efficientnet_b0,train,0,ml/checkpoints/oof/efficientnet_b0-oof_f0_best.pt
ISIC_0025614,5,nv,5,nv,0.042116195,0.016873458,0.0047382703,0.09681512,0.010724424,0.7681092,0.060623437,0.23795655,-0.6767339,-1.9468037,1.0703274,-1.1299518,3.1414561,0.6022058,efficientnet_b0,train,0,ml/checkpoints/oof/efficientnet_b0-oof_f0_best.pt
ISIC_0025622,3,df,4,mel,0.038859587,0.096091665,0.1642586,0.0737874,0.54522496,0.032549076,0.049228724,-1.5613576,-0.65600985,-0.11987048,-0.9201245,1.0798861,-1.7385634,-1.3248353,efficientnet_b0,train,0,ml/checkpoints/oof/efficientnet_b0-oof_f0_best.pt
ISIC_0025625,5,nv,5,nv,0.11846547,0.028258357,0.01917975,0.084166445,0.004810274,0.66246384,0.0826559,0.6813074,-0.751925,-1.1394593,0.33948204,-2.5225604,2.4026518,0.3213719,efficientnet_b0,train,0,ml/checkpoints/oof/efficientnet_b0-oof_f0_best.pt
ISIC_0025629,5,nv,5,nv,0.03726942,0.031133872,0.005610878,0.13925292,0.0060892086,0.7042613,0.07638235,-0.036525138,-0.21640211,-1.9299911,1.2815934,-1.8481804,2.902451,0.6810532,efficientnet_b0,train,0,ml/checkpoints/oof/efficientnet_b0-oof_f0_best.pt
ISIC_0025648,5,nv,5,nv,0.047652263,0.043231755,0.012909975,0.1259086,0.021958357,0.63603723,0.112301774,-0.23093383,-0.3282887,-1.5368637,0.7406921,-1.0057163,2.360393,0.6263256,efficientnet_b0,train,0,ml/checkpoints/oof/efficientnet_b0-oof_f0_best.pt
ISIC_0025664,5,nv,5,nv,0.049503464,0.04618153,0.023389509,0.096453674,0.0071160793,0.6892341,0.08812164,-0.059418388,-0.1288812,-0.8091736,0.60760164,-1.9991041,2.5741198,0.51725703,efficientnet_b0,train,0,ml/checkpoints/oof/efficientnet_b0-oof_f0_best.pt
ISIC_0025666,5,nv,5,nv,0.042673573,0.018191144,0.008920948,0.07269952,0.0067778314,0.7989201,0.051816892,0.16834503,-0.68429995,-1.3968327,0.70109993,-1.6715777,3.098026,0.3624814,efficientnet_b0,train,0,ml/checkpoints/oof/efficientnet_b0-oof_f0_best.pt
ISIC_0025668,3,df,3,df,0.01235768,0.0088214595,0.006027186,0.95281804,0.0012906886,0.011637066,0.007047949,-3.1734934,-3.5105839,-3.8914907,1.1716529,-5.4325953,-3.2335756,-3.7350342,efficientnet_b0,train,0,ml/checkpoints/oof/efficientnet_b0-oof_f0_best.pt
ISIC_0025683,5,nv,1,bcc,0.017777633,0.64337313,0.006943915,0.060761273,0.046586066,0.17762958,0.046928406,-2.9678931,0.6208905,-3.9079688,-1.7388817,-2.0045328,-0.66613406,-1.9972111,efficientnet_b0,train,0,ml/checkpoints/oof/efficientnet_b0-oof_f0_best.pt
ISIC_0025687,5,nv,5,nv,0.013769316,0.021583425,0.0032384659,0.03967344,0.0152133815,0.85815513,0.04836683,-0.91862905,-0.46914577,-2.3659718,0.13961057,-0.8188962,3.2137134,0.3377429,efficientnet_b0,train,0,ml/checkpoints/oof/efficientnet_b0-oof_f0_best.pt
ISIC_0025688,5,nv,5,nv,0.040397864,0.011959344,0.0059592803,0.058054235,0.0084219165,0.8177407,0.057466708,0.17672971,-1.0405341,-1.7370975,0.5393305,-1.3912098,3.184498,0.5291586,efficientnet_b0,train,0,ml/checkpoints/oof/efficientnet_b0-oof_f0_best.pt
ISIC_0025698,5,nv,5,nv,0.02879042,0.016082928,0.0020799974,0.07740753,0.006980068,0.8020272,0.06663179,-0.28961322,-0.87189776,-2.9172895,0.6994281,-1.7065974,3.0374866,0.54952586,efficientnet_b0,train,0,ml/checkpoints/oof/efficientnet_b0-oof_f0_best.pt
ISIC_0025707,6,vasc,6,vasc,0.0067439093,0.0004045196,0.001757614,0.023988122,0.0009061375,0.0011984932,0.9650012,-1.8855054,-4.6992,-3.230188,-0.61658657,-3.8927097,-3.6130803,3.077984,efficientnet_b0,train,0,ml/checkpoints/oof/efficientnet_b0-oof_f0_best.pt
ISIC_0025723,5,nv,5,nv,0.04966707,0.027326798,0.012333889,0.08601054,0.039027598,0.71735626,0.06827786,-0.23312959,-0.83060384,-1.6261213,0.315998,-0.47420254,2.437101,0.08511366,efficientnet_b0,train,0,ml/checkpoints/oof/efficientnet_b0-oof_f0_best.pt
ISIC_0025729,5,nv,5,nv,0.03482179,0.033515383,0.016450657,0.041523017,0.0017598455,0.82469445,0.04723492,-0.59502786,-0.6332667,-1.344906,-0.41902328,-3.5800455,2.5697417,-0.2901378,efficientnet_b0,train,0,ml/checkpoints/oof/efficientnet_b0-oof_f0_best.pt
ISIC_0025730,5,nv,5,nv,0.02911384,0.02190146,0.02289744,0.08943773,0.26891923,0.5228371,0.04489317,-1.2006267,-1.4852871,-1.4408153,-0.07829776,1.0225708,1.6874297,-0.7675545,efficientnet_b0,train,0,ml/checkpoints/oof/efficientnet_b0-oof_f0_best.pt
ISIC_0025735,5,nv,0,akiec,0.22262679,0.037250374,0.19215794,0.13276094,0.07912714,0.20700546,0.12907131,-1.658943,-3.4467778,-1.8061222,-2.1758897,-2.693384,-1.7316947,-2.2040749,efficientnet_b0,train,0,ml/checkpoints/oof/efficientnet_b0-oof_f0_best.pt
ISIC_0025745,5,nv,5,nv,0.041044258,0.028082035,0.02051871,0.10685878,0.009881659,0.73199123,0.061623294,-0.27082586,-0.65034676,-0.96413976,0.6860314,-1.6947964,2.6102917,0.13556315,efficientnet_b0,train,0,ml/checkpoints/oof/efficientnet_b0-oof_f0_best.pt
ISIC_0025746,2,bkl,2,bkl,0.1381322,0.008670257,0.4795252,0.09127783,0.014828978,0.2208831,0.046682406,-0.21663257,-2.9849453,1.0279527,-0.6309359,-2.4482605,0.2527898,-1.3014764,efficientnet_b0,train,0,ml/checkpoints/oof/efficientnet_b0-oof_f0_best.pt
ISIC_0025754,5,nv,5,nv,0.037257403,0.026851928,0.018735258,0.087810114,0.0053770724,0.7618489,0.06211931,0.052624688,-0.27488837,-0.63481885,0.90995085,-1.883082,3.0705223,0.56383073,efficientnet_b0,train,0,ml/checkpoints/oof/efficientnet_b0-oof_f0_best.pt
ISIC_0025755,4,mel,5,nv,0.04721766,0.016262563,0.0069443136,0.1270453,0.17986323,0.54234505,0.08032182,-1.012076,-2.0779781,-2.928921,-0.022300243,0.3253528,1.4290584,-0.4808027,efficientnet_b0,train,0,ml/checkpoints/oof/efficientnet_b0-oof_f0_best.pt
ISIC_0025756,5,nv,5,nv,0.03437892,0.020197077,0.012624673,0.07390717,0.012720892,0.7864784,0.059692856,-0.40565062,-0.9375564,-1.4074411,0.35971573,-1.3998485,2.724471,0.14611804,efficientnet_b0,train,0,ml/checkpoints/oof/efficientnet_b0-oof_f0_best.pt
ISIC_0025766,4,mel,5,nv,0.17303278,0.009814015,0.03217278,0.08582796,0.2669144,0.3595099,0.07272819,-0.31212786,-3.1817975,-1.994488,-1.013264,0.121319175,0.41913283,-1.1788797,efficientnet_b0,train,0,ml/checkpoints/oof/efficientnet_b0-oof_f0_best.pt
ISIC_0025769,5,nv,5,nv,0.026577314,0.006199539,0.00042654361,0.09232645,0.011471926,0.77611357,0.08688465,-1.0063847,-2.461968,-5.1384835,0.23888782,-1.8465401,2.367856,0.17813842,efficientnet_b0,train,0,ml/checkpoints/oof/efficientnet_b0-oof_f0_best.pt
ISIC_0025798,5,nv,5,nv,0.04282331,0.014388979,0.024753677,0.12731177,0.10076127,0.6186552,0.07130579,-1.0617346,-2.1523545,-1.6098433,0.02782178,-0.20606317,1.6087309,-0.55183977,efficientnet_b0,train,0,ml/checkpoints/oof/efficientnet_b0-oof_f0_best.pt
ISIC_0025811,0,akiec,0,akiec,0.9910637,6.15882e-05,0.001070117,0.0050556557,0.0006636123,0.00033823802,0.0017471588,3.9633682,-5.722696,-2.8676429,-1.3149031,-3.3454678,-4.0194163,-2.3774195,efficientnet_b0,train,0,ml/checkpoints/oof/efficientnet_b0-oof_f0_best.pt
ISIC_0025812,5,nv,5,nv,0.02088755,0.013120689,0.013740277,0.047474567,0.03199611,0.8215351,0.051245697,-1.084742,-1.5497049,-1.5035636,-0.26370096,-0.65828085,2.5872796,-0.18726338,efficientnet_b0,train,0,ml/checkpoints/oof/efficientnet_b0-oof_f0_best.pt
ISIC_0025820,5,nv,5,nv,0.025505029,0.014152383,0.010164073,0.11646605,0.018215302,0.7630813,0.05241587,-0.4799085,-1.0689012,-1.3999245,1.0388157,-0.816522,2.9185805,0.24042532,efficientnet_b0,train,0,ml/checkpoints/oof/efficientnet_b0-oof_f0_best.pt
ISIC_0025833,5,nv,5,nv,0.032346077,0.012785378,0.0072712083,0.076715834,0.016949145,0.7966266,0.057305798,-0.28174606,-1.2099366,-1.7743161,0.5818694,-0.92802143,2.9221473,0.29016298,efficientnet_b0,train,0,ml/checkpoints/oof/efficientnet_b0-oof_f0_best.pt
ISIC_0025834,5,nv,1,bcc,0.010543363,0.65240365,0.0015400735,0.05162962,0.01799785,0.15382735,0.11205807,-3.4305367,0.69462997,-5.354203,-1.8419379,-2.8957813,-0.7502026,-1.0670164,efficientnet_b0,train,0,ml/checkpoints/oof/efficientnet_b0-oof_f0_best.pt
ISIC_0025836,5,nv,5,nv,0.025853459,0.0059833946,0.0043430706,0.09483036,0.035267748,0.7870179,0.046704054,-1.3897521,-2.8532083,-3.173615,-0.090106964,-1.0792277,2.0260544,-0.7983655,efficientnet_b0,train,0,ml/checkpoints/oof/efficientnet_b0-oof_f0_best.pt
ISIC_0025839,5,nv,5,nv,0.037785262,0.020153172,0.0077811154,0.090631396,0.010164493,0.7720117,0.06147282,0.14519796,-0.48335966,-1.4350215,1.0200795,-1.1678206,3.1622784,0.6318737,efficientnet_b0,train,0,ml/checkpoints/oof/efficientnet_b0-oof_f0_best.pt
ISIC_0025842,2,bkl,0,akiec,0.83728635,0.010740721,0.023485886,0.051760748,0.05134247,0.00035254448,0.025031192,1.45224,-2.903884,-2.1215265,-1.331294,-1.3394078,-6.3205047,-2.0578034,efficientnet_b0,train,0,ml/checkpoints/oof/efficientnet_b0-oof_f0_best.pt
ISIC_0025850,5,nv,5,nv,0.04687956,0.010277805,0.0041547655,0.07595456,0.07928615,0.707359,0.07608814,-0.029001651,-1.5465966,-2.4523275,0.4535518,0.49648008,2.684955,0.45530882,efficientnet_b0,train,0,ml/checkpoints/oof/efficientnet_b0-oof_f0_best.pt
ISIC_0025853,5,nv,5,nv,0.01589387,0.065619096,0.0045272154,0.07962234,0.01736599,0.7567494,0.060222056,-1.7842432,-0.36631006,-3.0400696,-0.17288215,-1.6956631,2.0788553,-0.45213816,efficientnet_b0,train,0,ml/checkpoints/oof/efficientnet_b0-oof_f0_best.pt
ISIC_0025857,5,nv,5,nv,0.046430632,0.023617437,0.009468112,0.07822617,0.003136622,0.7980207,0.04110033,-0.5735498,-1.2495239,-2.1635795,-0.051904842,-3.2683625,2.2706254,-0.6954931,efficientnet_b0,train,0,ml/checkpoints/oof/efficientnet_b0-oof_f0_best.pt
ISIC_0025862,5,nv,5,nv,0.022089982,0.030144535,0.0072488873,0.11061097,0.0044648075,0.77784646,0.047594402,-0.732385,-0.42150542,-1.8466612,0.8785101,-2.3312829,2.82902,0.035206042,efficientnet_b0,train,0,ml/checkpoints/oof/efficientnet_b0-oof_f0_best.pt
ISIC_0025869,5,nv,5,nv,0.16064425,0.0317153,0.18911393,0.10966167,0.011482865,0.3852057,0.1121763,-0.33201763,-1.9544108,-0.16886032,-0.7138101,-2.970354,0.5425675,-0.6911382,efficientnet_b0,train,0,ml/checkpoints/oof/efficientnet_b0-oof_f0_best.pt
ISIC_0025875,5,nv,5,nv,0.038353596,0.017100303,0.018185148,0.12363655,0.009043528,0.7389061,0.05477476,-0.42577267,-1.2335248,-1.1720155,0.74472517,-1.8705716,2.5325499,-0.06939144,efficientnet_b0,train,0,ml/checkpoints/oof/efficientnet_b0-oof_f0_best.pt
ISIC_0025889,5,nv,5,nv,0.066850096,0.0184824,0.02647572,0.08620559,0.008208951,0.7399127,0.05386453,0.30242458,-0.9832091,-0.6237999,0.55670685,-1.7948028,2.706504,0.08644417,efficientnet_b0,train,0,ml/checkpoints/oof/efficientnet_b0-oof_f0_best.pt
ISIC_0025894,5,nv,5,nv,0.041767646,0.019841237,0.014979474,0.08874715,0.027373904,0.7533426,0.053947993,-0.01372637,-0.7580859,-1.0391676,0.7399428,-0.43625823,2.8786716,0.24217197,efficientnet_b0,train,0,ml/checkpoints/oof/efficientnet_b0-oof_f0_best.pt
ISIC_0025896,5,nv,5,nv,0.06453322,0.026034147,0.008074651,0.09604715,0.010561151,0.73467237,0.06007723,0.75975156,-0.14801957,-1.3186989,1.1574106,-1.0502464,3.191996,0.6882025,efficientnet_b0,train,0,ml/checkpoints/oof/efficientnet_b0-oof_f0_best.pt
ISIC_0025907,5,nv,5,nv,0.021595733,0.0065104347,0.026418936,0.10059179,0.042519815,0.75883126,0.043532014,-1.1699456,-2.3690355,-0.9683605,0.36862925,-0.49247116,2.389338,-0.4689448,efficientnet_b0,train,0,ml/checkpoints/oof/efficientnet_b0-oof_f0_best.pt
ISIC_0025914,5,nv,5,nv,0.046344794,0.027161282,0.017866155,0.094460145,0.0074304044,0.74367744,0.06305979,0.057477176,-0.47683927,-0.89572346,0.7695463,-1.7730515,2.8329756,0.36545146,efficientnet_b0,train,0,ml/checkpoints/oof/efficientnet_b0-oof_f0_best.pt
ISIC_0025920,5,nv,5,nv,0.06716688,0.021292783,0.0056889304,0.14493904,0.0038342339,0.6811383,0.07593984,0.53931546,-0.60949653,-1.9293425,1.3084484,-2.3238952,2.8559005,0.6620767,efficientnet_b0,train,0,ml/checkpoints/oof/efficientnet_b0-oof_f0_best.pt
ISIC_0025931,5,nv,5,nv,0.03636099,0.031723566,0.02040484,0.099660814,0.016583346,0.72793245,0.06733394,-0.21159285,-0.34802958,-0.7893175,0.79668313,-0.9966905,2.7851188,0.4045749,efficientnet_b0,train,0,ml/checkpoints/oof/efficientnet_b0-oof_f0_best.pt
ISIC_0025941,4,mel,0,akiec,0.44640362,0.013967382,0.014281883,0.111147225,0.016901461,0.3061395,0.09115891,0.88819695,-2.5763018,-2.5540347,-0.5021709,-2.3856266,0.5110142,-0.70042235,efficientnet_b0,train,0,ml/checkpoints/oof/efficientnet_b0-oof_f0_best.pt
ISIC_0025945,5,nv,5,nv,0.055814743,0.039341632,0.008983078,0.12682149,0.0051797577,0.70958626,0.0542731,0.3469766,-0.0027782582,-1.4797189,1.1677189,-2.0303032,2.8896205,0.318967,efficientnet_b0,train,0,ml/checkpoints/oof/efficientnet_b0-oof_f0_best.pt
ISIC_0025950,5,nv,5,nv,0.0093421405,0.013065175,0.0036533128,0.07569696,0.010598113,0.8250907,0.06255367,-1.5889304,-1.2535158,-2.5278313,0.5032722,-1.4627901,2.8920274,0.3125589,efficientnet_b0,train,0,ml/checkpoints/oof/efficientnet_b0-oof_f0_best.pt
ISIC_0025959,5,nv,5,nv,0.030314172,0.01581909,0.0073406226,0.07372946,0.008989259,0.8165113,0.047296148,-0.36095688,-1.011355,-1.7791487,0.5278301,-1.5765421,2.9324684,0.08385646,efficientnet_b0,train,0,ml/checkpoints/oof/efficientnet_b0-oof_f0_best.pt
ISIC_0025963,4,mel,4,mel,0.009788378,0.0042627887,0.005850875,0.050290626,0.79226685,0.009549096,0.12799132,-2.6314106,-3.4626827,-3.1460152,-0.994788,1.7622917,-2.65616,-0.060644127,efficientnet_b0,train,0,ml/checkpoints/oof/efficientnet_b0-oof_f0_best.pt
ISIC_0025969,5,nv,5,nv,0.054878764,0.018527003,0.15802774,0.09349403,0.024479428,0.55108374,0.09950926,-0.2717798,-1.357677,0.7858644,0.2609913,-1.0790733,2.0349805,0.32334447,efficientnet_b0,train,0,ml/checkpoints/oof/efficientnet_b0-oof_f0_best.pt
ISIC_0025978,5,nv,5,nv,0.018539416,0.032067433,0.0059059258,0.07629547,0.017499775,0.80787516,0.04181682,-1.8855327,-1.3375907,-3.0294752,-0.47081804,-1.9432437,1.8889759,-1.0721331,efficientnet_b0,train,0,ml/checkpoints/oof/efficientnet_b0-oof_f0_best.pt
ISIC_0025992,0,akiec,0,akiec,0.9888737,0.00012057722,0.0005060288,0.0041939686,0.000989795,0.0021531302,0.0031628145,4.5589476,-4.4530845,-3.0187807,-0.90397143,-2.3478763,-1.5706965,-1.1861567,efficientnet_b0,train,0,ml/checkpoints/oof/efficientnet_b0-oof_f0_best.pt
ISIC_0026001,5,nv,5,nv,0.058115862,0.0380564,0.038323436,0.111839876,0.021953221,0.6519476,0.07976363,-0.022144718,-0.44551417,-0.4385218,0.6324847,-0.9956696,2.3953807,0.2944841,efficientnet_b0,train,0,ml/checkpoints/oof/efficientnet_b0-oof_f0_best.pt
ISIC_0026019,5,nv,5,nv,0.029197982,0.009101662,0.0060405317,0.06876851,0.011025559,0.8132468,0.06261896,-0.3155395,-1.4811823,-1.8911471,0.5411068,-1.2894228,3.0113955,0.4474289,efficientnet_b0,train,0,ml/checkpoints/oof/efficientnet_b0-oof_f0_best.pt
ISIC_0026030,5,nv,4,mel,0.03204656,0.002928058,0.0016843777,0.029507523,0.8430118,0.059371475,0.03145024,-0.19231057,-2.5851612,-3.1381044,-0.27485523,3.0774806,0.42431355,-0.2110936,efficientnet_b0,train,0,ml/checkpoints/oof/efficientnet_b0-oof_f0_best.pt
ISIC_0026033,5,nv,5,nv,0.039934054,0.014878708,0.009352294,0.059589136,0.010388098,0.78444856,0.08140914,-0.3196461,-1.3069445,-1.7712538,0.0805976,-1.6662148,2.6581054,0.39261204,efficientnet_b0,train,0,ml/checkpoints/oof/efficientnet_b0-oof_f0_best.pt
ISIC_0026043,5,nv,5,nv,0.04796051,0.012241032,0.0072011505,0.08216507,0.03051687,0.758222,0.061693322,0.059840806,-1.3057435,-1.8362961,0.5981931,-0.39225733,2.820439,0.31163847,efficientnet_b0,train,0,ml/checkpoints/oof/efficientnet_b0-oof_f0_best.pt
ISIC_0026052,5,nv,5,nv,0.03632607,0.032695588,0.0221903,0.16756912,0.13755247,0.54279417,0.060872238,-0.8033919,-0.90868723,-1.2962723,0.7254684,0.52807796,1.9008027,-0.28715017,efficientnet_b0,train,0,ml/checkpoints/oof/efficientnet_b0-oof_f0_best.pt
ISIC_0026055,5,nv,5,nv,0.0115292445,0.011655317,0.001788509,0.051718455,0.002530432,0.8964029,0.02437521,-1.0316604,-1.0207846,-2.8951647,0.4692676,-2.548157,3.321843,-0.2829804,efficientnet_b0,train,0,ml/checkpoints/oof/efficientnet_b0-oof_f0_best.pt
ISIC_0026059,5,nv,5,nv,0.026504345,0.018013846,0.0054792906,0.06390091,0.008481689,0.8162193,0.061400633,-0.25566715,-0.6418351,-1.8320004,0.6243576,-1.3950664,3.1717072,0.58444434,efficientnet_b0,train,0,ml/checkpoints/oof/efficientnet_b0-oof_f0_best.pt
ISIC_0026063,5,nv,5,nv,0.080110975,0.020653935,0.034445025,0.09816886,0.009278925,0.70147496,0.055867355,-0.054864682,-1.4103715,-0.89891285,0.14841153,-2.2105315,2.1149077,-0.41529727,efficientnet_b0,train,0,ml/checkpoints/oof/efficientnet_b0-oof_f0_best.pt
ISIC_0026065,5,nv,5,nv,0.051813845,0.038111992,0.07320027,0.10046016,0.0038435734,0.64439666,0.088173546,-0.5401673,-0.84729576,-0.1946256,0.12193658,-3.1414223,1.9804899,-0.008517591,efficientnet_b0,train,0,ml/checkpoints/oof/efficientnet_b0-oof_f0_best.pt
ISIC_0026071,5,nv,2,bkl,0.02948284,0.022008967,0.7528556,0.05273111,0.09030093,0.011811138,0.040809367,-0.7306061,-1.0229646,2.509459,-0.14920881,0.38873342,-1.6453713,-0.40550277,efficientnet_b0,train,0,ml/checkpoints/oof/efficientnet_b0-oof_f0_best.pt
ISIC_0026078,5,nv,5,nv,0.012792099,0.006738382,0.008552733,0.2069867,0.0041393824,0.71652246,0.044268277,-1.2253875,-1.866395,-1.6279643,1.5584394,-2.3536682,2.8001945,0.016053105,efficientnet_b0,train,0,ml/checkpoints/oof/efficientnet_b0-oof_f0_best.pt
ISIC_0026081,4,mel,5,nv,0.03880592,0.013720383,0.0074228365,0.118423365,0.30682138,0.44120213,0.073604025,-0.57628727,-1.6159774,-2.230299,0.5394061,1.4914057,1.8546431,0.0638397,efficientnet_b0,train,0,ml/checkpoints/oof/efficientnet_b0-oof_f0_best.pt
ISIC_0026093,5,nv,5,nv,0.04047872,0.014953894,0.008802915,0.11423523,0.012610735,0.74654883,0.062369693,-0.055156216,-1.050961,-1.58085,0.9823269,-1.2213844,2.8595283,0.37714675,efficientnet_b0,train,0,ml/checkpoints/oof/efficientnet_b0-oof_f0_best.pt
ISIC_0026102,5,nv,5,nv,0.052770846,0.028398415,0.018063702,0.10888593,0.009059152,0.7156667,0.06715524,0.3379955,-0.28163,-0.7340589,1.0623375,-1.4241879,2.9452512,0.57904375,efficientnet_b0,train,0,ml/checkpoints/oof/efficientnet_b0-oof_f0_best.pt
ISIC_0026128,5,nv,5,nv,0.044046693,0.018209502,0.07309569,0.10889098,0.0052084834,0.6894256,0.061122973,-0.14827691,-1.0315835,0.35824233,0.7568201,-2.2832384,2.6023316,0.17936064,efficientnet_b0,train,0,ml/checkpoints/oof/efficientnet_b0-oof_f0_best.pt
ISIC_0026129,5,nv,5,nv,0.06461206,0.029877488,0.013078021,0.12800038,0.01820424,0.6272939,0.11893396,0.29261962,-0.47867605,-1.3048484,0.97625184,-0.97412694,2.5656338,0.9027869,efficientnet_b0,train,0,ml/checkpoints/oof/efficientnet_b0-oof_f0_best.pt
ISIC_0026133,5,nv,5,nv,0.06607196,0.0053206556,0.0024604774,0.080603965,0.028016536,0.77444994,0.04307646,-0.5230646,-3.0422127,-3.8134537,-0.32426113,-1.3810141,1.938344,-0.95083225,efficientnet_b0,train,0,ml/checkpoints/oof/efficientnet_b0-oof_f0_best.pt
ISIC_0026139,2,bkl,2,bkl,0.046984095,0.011003709,0.8127117,0.05288092,0.0054391744,0.013763941,0.057216335,-0.31993616,-1.7715127,2.5306313,-0.2017027,-2.4761176,-1.5476931,-0.122905664,efficientnet_b0,train,0,ml/checkpoints/oof/efficientnet_b0-oof_f0_best.pt
ISIC_0026141,5,nv,5,nv,0.0476075,0.014363787,0.0056463922,0.088167086,0.09959735,0.67424554,0.07037241,-0.17212239,-1.3704027,-2.3040957,0.44412085,0.56602275,2.4784815,0.21868838,efficientnet_b0,train,0,ml/checkpoints/oof/efficientnet_b0-oof_f0_best.pt
ISIC_0026149,0,akiec,0,akiec,0.9665063,0.00026893907,0.0014352748,0.010520391,0.003695908,0.008703776,0.008869354,4.074436,-4.1125226,-2.4378953,-0.4459361,-1.4920255,-0.6354948,-0.61664975,efficientnet_b0,train,0,ml/checkpoints/oof/efficientnet_b0-oof_f0_best.pt
ISIC_0026150,4,mel,4,mel,0.008671614,0.006192027,0.007421675,0.03813178,0.80869204,0.09993094,0.030959886,-1.4341719,-1.7709641,-1.5898216,0.04682132,3.1011915,1.0102527,-0.16153426,efficientnet_b0,train,0,ml/checkpoints/oof/efficientnet_b0-oof_f0_best.pt
ISIC_0026156,1,bcc,1,bcc,0.17719921,0.6639923,0.045376033,0.04755942,0.0030677211,0.0031239723,0.05968136,-0.19263245,1.1283635,-1.5549229,-1.507927,-4.248972,-4.2308016,-1.2808871,efficientnet_b0,train,0,ml/checkpoints/oof/efficientnet_b0-oof_f0_best.pt
ISIC_0026169,5,nv,5,nv,0.021356346,0.016185805,0.009682789,0.086420216,0.0057139653,0.80243105,0.058209833,-0.7339359,-1.0111501,-1.5249348,0.6639369,-2.0523713,2.8923612,0.2687695,efficientnet_b0,train,0,ml/checkpoints/oof/efficientnet_b0-oof_f0_best.pt
ISIC_0026178,0,akiec,0,akiec,0.9597476,0.0024398977,0.0026137813,0.02412662,0.0006849616,0.00044655034,0.009940433,2.8113587,-3.1633558,-3.0945137,-0.87199587,-4.433704,-4.8615146,-1.7587008,efficientnet_b0,train,0,ml/checkpoints/oof/efficientnet_b0-oof_f0_best.pt
ISIC_0026188,4,mel,4,mel,0.012125792,0.0032385685,0.0006465186,0.011817902,0.96395695,0.0006961151,0.0075182086,-1.0672708,-2.387474,-3.9987588,-1.0929898,3.3084412,-3.924846,-1.5452778,efficientnet_b0,train,0,ml/checkpoints/oof/efficientnet_b0-oof_f0_best.pt
ISIC_0026195,5,nv,5,nv,0.06449992,0.032537915,0.016310558,0.07755661,0.011439228,0.71930254,0.07835326,0.28301483,-0.40124315,-1.0918367,0.4673589,-1.4466004,2.6946328,0.4775785,efficientnet_b0,train,0,ml/checkpoints/oof/efficientnet_b0-oof_f0_best.pt
ISIC_0026199,5,nv,5,nv,0.033215135,0.023140147,0.011613034,0.07161855,0.005331956,0.8089241,0.04615715,-0.28728768,-0.6487243,-1.338165,0.48106068,-2.116575,2.9054117,0.041758545,efficientnet_b0,train,0,ml/checkpoints/oof/efficientnet_b0-oof_f0_best.pt
ISIC_0026202,5,nv,5,nv,0.024792086,0.020995436,0.06461612,0.09156395,0.015872478,0.7238737,0.05828628,-1.2840838,-1.4503034,-0.32614446,0.022429287,-1.7300218,2.0900085,-0.4292417,efficientnet_b0,train,0,ml/checkpoints/oof/efficientnet_b0-oof_f0_best.pt
ISIC_0026205,2,bkl,2,bkl,0.024445228,0.016124057,0.74060893,0.09024707,0.0046019144,0.08873134,0.03524135,-1.1103704,-1.5264932,2.3006673,0.19574572,-2.780333,0.17880784,-0.7445853,efficientnet_b0,train,0,ml/checkpoints/oof/efficientnet_b0-oof_f0_best.pt
ISIC_0026207,4,mel,5,nv,0.017101951,0.010694507,0.01324283,0.093688235,0.14799038,0.6515972,0.065684944,-1.755075,-2.2245374,-2.010811,-0.054294832,0.40287986,1.8851591,-0.40939778,efficientnet_b0,train,0,ml/checkpoints/oof/efficientnet_b0-oof_f0_best.pt
ISIC_0026209,5,nv,4,mel,0.009446177,0.002740121,0.00085364276,0.03098004,0.93294144,0.008614287,0.0144243175,-2.3345191,-3.572127,-4.7383714,-1.1467857,2.2582135,-2.4267068,-1.9112133,efficientnet_b0,train,0,ml/checkpoints/oof/efficientnet_b0-oof_f0_best.pt
ISIC_0026210,5,nv,5,nv,0.056506015,0.03863846,0.009590689,0.104148455,0.0074437396,0.7139005,0.06977219,0.01359017,-0.3665086,-1.7599642,0.6250603,-2.0133836,2.5499866,0.22447842,efficientnet_b0,train,0,ml/checkpoints/oof/efficientnet_b0-oof_f0_best.pt
ISIC_0026219,2,bkl,2,bkl,0.14138032,0.009123928,0.6373399,0.110783435,0.010133429,0.034047235,0.057191804,0.63350546,-2.1070476,2.139355,0.3896292,-2.002108,-0.79019934,-0.27153748,efficientnet_b0,train,0,ml/checkpoints/oof/efficientnet_b0-oof_f0_best.pt
ISIC_0026231,5,nv,5,nv,0.021578984,0.007629063,0.003503919,0.084705636,0.3908533,0.43380716,0.057921942,-1.0726295,-2.112384,-2.8904672,0.29483286,1.823983,1.9282508,-0.08525311,efficientnet_b0,train,0,ml/checkpoints/oof/efficientnet_b0-oof_f0_best.pt
ISIC_0026233,5,nv,5,nv,0.059394043,0.031853028,0.0056920736,0.09652438,0.038399823,0.6830118,0.085124865,0.16067246,-0.46238905,-2.1844466,0.6462741,-0.27546856,2.6029906,0.5205977,efficientnet_b0,train,0,ml/checkpoints/oof/efficientnet_b0-oof_f0_best.pt
ISIC_0026237,5,nv,5,nv,0.016371574,0.0063704755,0.0015839728,0.07505225,0.00191328,0.84485686,0.053851575,-1.0922891,-2.0361614,-3.4278998,0.4303487,-3.2390168,2.8513315,0.09839574,efficientnet_b0,train,0,ml/checkpoints/oof/efficientnet_b0-oof_f0_best.pt
ISIC_0026240,5,nv,5,nv,0.04183667,0.018559352,0.0076313717,0.102337785,0.017786792,0.7475458,0.06430227,-0.109788276,-0.92258775,-1.811294,0.7847176,-0.9651054,2.7732341,0.32003364,efficientnet_b0,train,0,ml/checkpoints/oof/efficientnet_b0-oof_f0_best.pt
ISIC_0026245,2,bkl,4,mel,0.025964545,0.007443026,0.026617568,0.04214319,0.77831787,0.07988357,0.0396302,-1.576605,-2.8260593,-1.5517657,-1.0922639,1.823798,-0.45276695,-1.1537457,efficientnet_b0,train,0,ml/checkpoints/oof/efficientnet_b0-oof_f0_best.pt
ISIC_0026268,4,mel,4,mel,0.0036132776,0.0011149342,0.0076171877,0.015232151,0.9581198,0.0038424775,0.0104602175,-1.652292,-2.8281121,-0.90650034,-0.21349913,3.9280653,-1.5907902,-0.5893284,efficientnet_b0,train,0,ml/checkpoints/oof/efficientnet_b0-oof_f0_best.pt
ISIC_0026269,5,nv,5,nv,0.041191436,0.018400682,0.0060894676,0.107275866,0.005428402,0.7624855,0.059128582,0.22628272,-0.5795601,-1.6853874,1.183456,-1.8003032,3.1446357,0.5877665,efficientnet_b0,train,0,ml/checkpoints/oof/efficientnet_b0-oof_f0_best.pt
ISIC_0026277,2,bkl,4,mel,0.04484399,0.015089261,0.06292326,0.04200877,0.69890016,0.094482265,0.041752305,-1.8976195,-2.9868257,-1.5588931,-1.9629306,0.848699,-1.1523969,-1.9690543,efficientnet_b0,train,0,ml/checkpoints/oof/efficientnet_b0-oof_f0_best.pt
ISIC_0026278,5,nv,5,nv,0.03372723,0.020355456,0.0064836727,0.10543612,0.011287131,0.74839187,0.07431842,-0.16425472,-0.6692111,-1.8132731,0.9755452,-1.2588966,2.9353666,0.6257986,efficientnet_b0,train,0,ml/checkpoints/oof/efficientnet_b0-oof_f0_best.pt
ISIC_0026279,5,nv,5,nv,0.03613237,0.012168411,0.013619187,0.12605524,0.17144415,0.5780509,0.06252981,-1.4103171,-2.4986627,-2.3860264,-0.16078578,0.1467515,1.3621559,-0.8618627,efficientnet_b0,train,0,ml/checkpoints/oof/efficientnet_b0-oof_f0_best.pt
ISIC_0026285,5,nv,5,nv,0.05399508,0.06361929,0.02384306,0.11118164,0.049334425,0.59828895,0.0997375,-0.04875114,0.115272686,-0.8661508,0.67352134,-0.13902181,2.3564298,0.56489766,efficientnet_b0,train,0,ml/checkpoints/oof/efficientnet_b0-oof_f0_best.pt
ISIC_0026286,2,bkl,2,bkl,0.33799985,0.010504498,0.4727438,0.056232937,0.0006144278,0.08646328,0.035441145,0.92297745,-2.5482645,1.2584856,-0.8705655,-5.3871317,-0.44034827,-1.3321947,efficientnet_b0,train,0,ml/checkpoints/oof/efficientnet_b0-oof_f0_best.pt
ISIC_0026301,2,bkl,4,mel,0.018697528,0.00916586,0.014019359,0.064568855,0.7983467,0.053424615,0.041777052,-1.2892005,-2.002106,-1.5771528,-0.049859654,2.464951,-0.2393203,-0.48524472,efficientnet_b0,train,0,ml/checkpoints/oof/efficientnet_b0-oof_f0_best.pt
ISIC_0026303,5,nv,5,nv,0.005862456,0.008726936,0.0012073852,0.047071625,0.0025000302,0.90357524,0.031056417,-2.9828277,-2.584982,-4.562939,-0.8997258,-3.8350933,2.054963,-1.315591,efficientnet_b0,train,0,ml/checkpoints/oof/efficientnet_b0-oof_f0_best.pt
ISIC_0026308,5,nv,5,nv,0.025796799,0.013154469,0.007069484,0.072140686,0.0026156618,0.82683676,0.05238609,-0.025655339,-0.69914395,-1.3201184,1.0027126,-2.3143883,3.4417017,0.6827355,efficientnet_b0,train,0,ml/checkpoints/oof/efficientnet_b0-oof_f0_best.pt
ISIC_0026311,2,bkl,2,bkl,0.022469658,0.023642322,0.82995766,0.053075146,0.01267853,0.007089512,0.051087134,-1.0983913,-1.0475187,2.5108175,-0.23884855,-1.6706471,-2.2519407,-0.27702448,efficientnet_b0,train,0,ml/checkpoints/oof/efficientnet_b0-oof_f0_best.pt
ISIC_0026318,5,nv,5,nv,0.03007485,0.043427836,0.01027196,0.10041018,0.02250128,0.7193138,0.07400012,-0.6516698,-0.28425825,-1.7259411,0.55390465,-0.9417869,2.5229387,0.24870765,efficientnet_b0,train,0,ml/checkpoints/oof/efficientnet_b0-oof_f0_best.pt
ISIC_0026328,5,nv,5,nv,0.08802535,0.036043335,0.10281632,0.106242694,0.032660544,0.5141528,0.12005892,-0.66503364,-1.5579364,-0.5097143,-0.47693238,-1.6564909,1.0998621,-0.35467586,efficientnet_b0,train,0,ml/checkpoints/oof/efficientnet_b0-oof_f0_best.pt
ISIC_0026331,5,nv,5,nv,0.0421541,0.022770517,0.0089609055,0.08022229,0.004005943,0.7771165,0.064769745,0.20769534,-0.40817025,-1.3407655,0.8511646,-2.1458578,3.1219535,0.63720185,efficientnet_b0,train,0,ml/checkpoints/oof/efficientnet_b0-oof_f0_best.pt
ISIC_0026332,5,nv,5,nv,0.036337532,0.034729622,0.023338653,0.10130142,0.011095154,0.7204177,0.07277994,-0.2772875,-0.32254574,-0.7200277,0.74796176,-1.46363,2.7096925,0.4173016,efficientnet_b0,train,0,ml/checkpoints/oof/efficientnet_b0-oof_f0_best.pt
ISIC_0026337,1,bcc,4,mel,0.019357957,0.20651692,0.058251537,0.016634956,0.6412786,0.0010081255,0.056951884,-2.906239,-0.5389602,-1.8045721,-3.0578363,0.59412146,-5.86125,-1.8271358,efficientnet_b0,train,0,ml/checkpoints/oof/efficientnet_b0-oof_f0_best.pt
ISIC_0026339,5,nv,5,nv,0.062823325,0.025693294,0.012724678,0.09753676,0.00831839,0.7176072,0.07529634,0.39334622,-0.50074995,-1.2034371,0.8332492,-1.6285117,2.8289423,0.5744515,efficientnet_b0,train,0,ml/checkpoints/oof/efficientnet_b0-oof_f0_best.pt
ISIC_0026340,5,nv,5,nv,0.036552474,0.014119179,0.06455958,0.33988735,0.03162234,0.4689459,0.044313285,-3.3333044,-4.284519,-2.7644649,-1.1034391,-3.4781895,-0.78156585,-3.1407688,efficientnet_b0,train,0,ml/checkpoints/oof/efficientnet_b0-oof_f0_best.pt
ISIC_0026341,5,nv,5,nv,0.02423639,0.0117391655,0.010034966,0.05859183,0.11192601,0.710619,0.072852656,-0.9106561,-1.6355808,-1.7924359,-0.027916148,0.6193266,2.467625,0.18992762,efficientnet_b0,train,0,ml/checkpoints/oof/efficientnet_b0-oof_f0_best.pt
ISIC_0026344,5,nv,5,nv,0.03821637,0.056588013,0.0100331735,0.090151384,0.01137497,0.7400437,0.053592354,-0.3827275,0.00980537,-1.7200946,0.47549877,-1.5945766,2.5807176,-0.04458531,efficientnet_b0,train,0,ml/checkpoints/oof/efficientnet_b0-oof_f0_best.pt
ISIC_0026355,5,nv,5,nv,0.034679458,0.023637965,0.004592297,0.06794304,0.015465414,0.799339,0.054342788,-0.06649843,-0.44979197,-2.088266,0.6060236,-0.87404,3.071139,0.38266587,efficientnet_b0,train,0,ml/checkpoints/oof/efficientnet_b0-oof_f0_best.pt
ISIC_0026359,5,nv,5,nv,0.045514006,0.014307928,0.004255509,0.07801712,0.031505413,0.7701294,0.05627062,-0.686356,-1.8435624,-3.056162,-0.14744785,-1.0542167,2.1421824,-0.4742036,efficientnet_b0,train,0,ml/checkpoints/oof/efficientnet_b0-oof_f0_best.pt
ISIC_0026362,0,akiec,4,mel,0.048377465,0.007287693,0.009361765,0.04502835,0.7905468,0.07071116,0.028686764,-0.40286258,-2.2957094,-2.0452628,-0.47460434,2.3908281,-0.023293227,-0.92546093,efficientnet_b0,train,0,ml/checkpoints/oof/efficientnet_b0-oof_f0_best.pt
ISIC_0026373,5,nv,5,nv,0.08358481,0.027551541,0.022711769,0.12562798,0.010294484,0.64159006,0.088639304,0.73635215,-0.37345088,-0.5666263,1.1438155,-1.3579013,2.77444,0.7950659,efficientnet_b0,train,0,ml/checkpoints/oof/efficientnet_b0-oof_f0_best.pt
ISIC_0026376,5,nv,5,nv,0.02140345,0.009038146,0.0037347118,0.07565294,0.008076815,0.84438306,0.03771079,-0.42626074,-1.2883588,-2.172142,0.8363435,-1.4008155,3.2487934,0.1401334,efficientnet_b0,train,0,ml/checkpoints/oof/efficientnet_b0-oof_f0_best.pt
ISIC_0026383,5,nv,5,nv,0.028796177,0.019217169,0.043202125,0.099872485,0.018526645,0.7253439,0.065041445,-0.7367223,-1.1411608,-0.33107513,0.5069294,-1.1777549,2.489681,0.07805988,efficientnet_b0,train,0,ml/checkpoints/oof/efficientnet_b0-oof_f0_best.pt
ISIC_0026385,5,nv,5,nv,0.044228084,0.017171383,0.02651998,0.11167248,0.011335254,0.73590785,0.053164873,-0.14381002,-1.0899258,-0.6552714,0.78240025,-1.5052525,2.667935,0.040227875,efficientnet_b0,train,0,ml/checkpoints/oof/efficientnet_b0-oof_f0_best.pt
ISIC_0026386,5,nv,5,nv,0.037206803,0.019022692,0.0048624114,0.09433079,0.014418573,0.7517571,0.078401625,-0.12047219,-0.7913313,-2.1554294,0.8098437,-1.0684466,2.8854494,0.6248809,efficientnet_b0,train,0,ml/checkpoints/oof/efficientnet_b0-oof_f0_best.pt
ISIC_0026388,0,akiec,0,akiec,0.7675788,0.10588292,0.034819707,0.047190674,0.020717818,0.0016749759,0.022135211,1.2054029,-0.7755044,-1.8876547,-1.5836419,-2.4068441,-4.9220395,-2.3406687,efficientnet_b0,train,0,ml/checkpoints/oof/efficientnet_b0-oof_f0_best.pt
ISIC_0026403,5,nv,5,nv,0.084374264,0.008635926,0.016104227,0.113731585,0.035706,0.69406974,0.04737821,-0.023509907,-2.3028417,-1.6796905,0.27506882,-0.8834536,2.0838,-0.6006101,efficientnet_b0,train,0,ml/checkpoints/oof/efficientnet_b0-oof_f0_best.pt
ISIC_0026411,0,akiec,0,akiec,0.98750055,0.00037009257,0.0020960832,0.0056488104,8.113279e-05,0.00038271773,0.00392068,4.1150274,-3.7741516,-2.0400789,-1.0487045,-5.291818,-3.7406073,-1.4138846,efficientnet_b0,train,0,ml/checkpoints/oof/efficientnet_b0-oof_f0_best.pt
ISIC_0026426,5,nv,5,nv,0.03288272,0.012895421,0.005819937,0.093889356,0.003668181,0.7961902,0.054654174,-0.09298672,-1.0290619,-1.8246447,0.95618284,-2.2862384,3.093904,0.4150915,efficientnet_b0,train,0,ml/checkpoints/oof/efficientnet_b0-oof_f0_best.pt
ISIC_0026428,5,nv,5,nv,0.045332912,0.028135568,0.008843438,0.10652241,0.012584915,0.7278994,0.07068138,0.20969804,-0.26730075,-1.4246595,1.06402,-1.0718364,2.9858274,0.6538468,efficientnet_b0,train,0,ml/checkpoints/oof/efficientnet_b0-oof_f0_best.pt
ISIC_0026432,5,nv,5,nv,0.05379175,0.01928411,0.0030542586,0.11896524,0.16109364,0.5655474,0.07826356,-0.59658366,-1.6224222,-3.465167,0.19712754,0.50028205,1.7560904,-0.2216216,efficientnet_b0,train,0,ml/checkpoints/oof/efficientnet_b0-oof_f0_best.pt
ISIC_0026434,5,nv,5,nv,0.023077419,0.031068742,0.001700543,0.095688835,0.003220257,0.7872164,0.058027737,-0.31523275,-0.017885242,-2.9231398,1.1070142,-2.2846262,3.2144158,0.6068338,efficientnet_b0,train,0,ml/checkpoints/oof/efficientnet_b0-oof_f0_best.pt
ISIC_0026447,5,nv,5,nv,0.05175877,0.02507733,0.025795115,0.105994165,0.011196267,0.707413,0.07276528,0.26522854,-0.4594011,-0.4311803,0.9820187,-1.2657847,2.8802493,0.6058735,efficientnet_b0,train,0,ml/checkpoints/oof/efficientnet_b0-oof_f0_best.pt
ISIC_0026452,5,nv,5,nv,0.052523095,0.051481765,0.017958459,0.08001457,0.10806253,0.61437553,0.075584,-0.906481,-0.92650616,-1.9796726,-0.4855251,-0.18502393,1.5528724,-0.54248935,efficientnet_b0,train,0,ml/checkpoints/oof/efficientnet_b0-oof_f0_best.pt
ISIC_0026455,5,nv,5,nv,0.022978665,0.034801815,0.0091422815,0.088951565,0.15380132,0.60918736,0.081136934,-1.6671978,-1.2520945,-2.588854,-0.31367198,0.23389766,1.6103619,-0.40562564,efficientnet_b0,train,0,ml/checkpoints/oof/efficientnet_b0-oof_f0_best.pt
ISIC_0026456,6,vasc,1,bcc,0.069742076,0.4307961,0.023251276,0.043898642,0.037281476,0.0007645034,0.3942659,-1.707625,0.11320603,-2.8060687,-2.1705453,-2.3339322,-6.2209578,0.024596715,efficientnet_b0,train,0,ml/checkpoints/oof/efficientnet_b0-oof_f0_best.pt
ISIC_0026465,5,nv,5,nv,0.021824155,0.022341877,0.030975759,0.09848172,0.0059884917,0.7746965,0.045691386,-1.1429393,-1.1194941,-0.79275185,0.36391434,-2.436117,2.4265146,-0.40404698,efficientnet_b0,train,0,ml/checkpoints/oof/efficientnet_b0-oof_f0_best.pt
ISIC_0026467,6,vasc,6,vasc,0.0009061277,0.0008832838,0.00096619566,0.013593678,0.00033222386,0.01038625,0.9729322,-3.2840528,-3.3095865,-3.2198668,-0.5758729,-4.287424,-0.844995,3.6948366,efficientnet_b0,train,0,ml/checkpoints/oof/efficientnet_b0-oof_f0_best.pt
ISIC_0026474,5,nv,5,nv,0.03743757,0.02586266,0.019808086,0.104156345,0.013397248,0.7343377,0.06500049,-0.22321925,-0.59309363,-0.8598037,0.79999924,-1.2508444,2.7530751,0.32850108,efficientnet_b0,train,0,ml/checkpoints/oof/efficientnet_b0-oof_f0_best.pt
ISIC_0026479,5,nv,5,nv,0.037583973,0.01897139,0.012582051,0.08892034,0.0038306394,0.77575046,0.062361185,0.041040488,-0.6426054,-1.0532662,0.9022036,-2.2425056,3.0682936,0.5474057,efficientnet_b0,train,0,ml/checkpoints/oof/efficientnet_b0-oof_f0_best.pt
ISIC_0026481,2,bkl,2,bkl,0.051265445,0.04150384,0.2762677,0.096995324,0.25761625,0.1491953,0.12715606,-2.8803177,-3.0915487,-1.1959642,-2.2426717,-1.2658635,-1.8120784,-1.9719193,efficientnet_b0,train,0,ml/checkpoints/oof/efficientnet_b0-oof_f0_best.pt
ISIC_0026486,5,nv,5,nv,0.055076566,0.018939242,0.010936618,0.08825239,0.0039152834,0.7503049,0.072575055,0.4838235,-0.58366454,-1.1327841,0.9553001,-2.160013,3.095579,0.75972056,efficientnet_b0,train,0,ml/checkpoints/oof/efficientnet_b0-oof_f0_best.pt
ISIC_0026496,1,bcc,1,bcc,0.038756683,0.4409399,0.057169314,0.13163179,0.15637149,0.038707983,0.13642295,-0.91202897,1.5195763,-0.52331495,0.3106764,0.48290214,-0.91328657,0.34642774,efficientnet_b0,train,0,ml/checkpoints/oof/efficientnet_b0-oof_f0_best.pt
ISIC_0026499,5,nv,5,nv,0.05317103,0.025086287,0.011975321,0.07979169,0.013960139,0.73430324,0.081712395,0.48552537,-0.26566687,-1.0051404,0.89143115,-0.85178244,3.1109338,0.91521746,efficientnet_b0,train,0,ml/checkpoints/oof/efficientnet_b0-oof_f0_best.pt
ISIC_0026500,4,mel,5,nv,0.022426218,0.005924392,0.00828994,0.058821276,0.036660656,0.80398333,0.06389413,-1.6679044,-2.9990573,-2.6630924,-0.70363134,-1.1764308,1.9114435,-0.6209075,efficientnet_b0,train,0,ml/checkpoints/oof/efficientnet_b0-oof_f0_best.pt
ISIC_0026514,2,bkl,2,bkl,0.011614371,0.013317123,0.93525374,0.019973218,0.0026415929,0.006321945,0.010877914,-2.4244735,-2.2876658,1.9641013,-1.8823242,-3.9053345,-3.0326898,-2.489982,efficientnet_b0,train,0,ml/checkpoints/oof/efficientnet_b0-oof_f0_best.pt
ISIC_0026526,2,bkl,2,bkl,0.09165687,0.18978213,0.27015942,0.11541868,0.23920858,0.031680834,0.062093437,-1.6118526,-0.88402784,-0.5308923,-1.3813384,-0.6525687,-2.6741927,-2.0012643,efficientnet_b0,train,0,ml/checkpoints/oof/efficientnet_b0-oof_f0_best.pt
ISIC_0026527,5,nv,5,nv,0.040870428,0.014634871,0.0039378274,0.07612622,0.0022189838,0.8193342,0.042877514,0.16443244,-0.86256707,-2.1753454,0.78641844,-2.7489252,3.1625178,0.21237315,efficientnet_b0,train,0,ml/checkpoints/oof/efficientnet_b0-oof_f0_best.pt
ISIC_0026530,2,bkl,2,bkl,0.010523716,0.008289737,0.8664494,0.04468936,0.0006333392,0.033372782,0.036041554,-1.4274111,-1.6660242,2.9833612,0.018693082,-4.2377915,-0.27330178,-0.19636983,efficientnet_b0,train,0,ml/checkpoints/oof/efficientnet_b0-oof_f0_best.pt
ISIC_0026531,4,mel,4,mel,0.005856606,0.0077925087,0.064896286,0.056184933,0.8162995,0.025213934,0.023756169,-2.7713506,-2.4857578,-0.3661304,-0.5102721,2.1658607,-1.311524,-1.3710786,efficientnet_b0,train,0,ml/checkpoints/oof/efficientnet_b0-oof_f0_best.pt
ISIC_0026534,5,nv,5,nv,0.050041415,0.033411466,0.010957395,0.15237501,0.03188811,0.63983566,0.081490956,-0.015539095,-0.41949105,-1.5343758,1.0979545,-0.46615693,2.5328212,0.4721019,efficientnet_b0,train,0,ml/checkpoints/oof/efficientnet_b0-oof_f0_best.pt
ISIC_0026535,5,nv,5,nv,0.04821082,0.023530968,0.010233589,0.09086198,0.005750288,0.75376135,0.06765095,0.30321518,-0.41405085,-1.2466927,0.9369736,-1.8231182,3.0527077,0.6419933,efficientnet_b0,train,0,ml/checkpoints/oof/efficientnet_b0-oof_f0_best.pt
ISIC_0026537,5,nv,5,nv,0.045112327,0.024586385,0.014089336,0.0829934,0.008763173,0.74476,0.07969534,-0.3993537,-1.0063163,-1.5630912,0.21025191,-2.0379515,2.4045527,0.16970184,efficientnet_b0,train,0,ml/checkpoints/oof/efficientnet_b0-oof_f0_best.pt
ISIC_0026538,2,bkl,2,bkl,0.04732549,0.0062619136,0.7422376,0.07288122,0.06958581,0.009431026,0.052276917,-0.91946745,-2.9420304,1.833153,-0.48768547,-0.53395575,-2.5325112,-0.8199615,efficientnet_b0,train,0,ml/checkpoints/oof/efficientnet_b0-oof_f0_best.pt
ISIC_0026539,2,bkl,2,bkl,0.16980027,0.2055228,0.38254243,0.14812045,0.0316171,0.006055904,0.056340925,-0.7824693,-0.59153503,0.029747486,-0.9190663,-2.463394,-4.1160583,-1.8856709,efficientnet_b0,train,0,ml/checkpoints/oof/efficientnet_b0-oof_f0_best.pt
ISIC_0026551,5,nv,5,nv,0.072337195,0.023967253,0.0033037087,0.16120695,0.18851905,0.50139135,0.04927445,-0.5988365,-1.7034864,-3.6851292,0.2025141,0.35902414,1.3372121,-0.9827693,efficientnet_b0,train,0,ml/checkpoints/oof/efficientnet_b0-oof_f0_best.pt
ISIC_0026553,2,bkl,2,bkl,0.105107754,0.08532388,0.53029615,0.077154994,0.013744046,0.06182546,0.12654775,-1.4130573,-1.6215891,0.20539221,-1.7222271,-3.4474378,-1.9437281,-1.2274237,efficientnet_b0,train,0,ml/checkpoints/oof/efficientnet_b0-oof_f0_best.pt
ISIC_0026561,5,nv,5,nv,0.019171681,0.044606805,0.0017372034,0.067819715,0.01343705,0.8053551,0.047872573,-0.7322239,0.11222814,-3.1333818,0.5311947,-1.0876422,3.005625,0.18288441,efficientnet_b0,train,0,ml/checkpoints/oof/efficientnet_b0-oof_f0_best.pt
ISIC_0026564,5,nv,5,nv,0.016352912,0.015298047,0.0018200846,0.12881917,0.0057354807,0.793478,0.03849631,-0.74910396,-0.8157849,-2.944627,1.3148996,-1.7968385,3.1329157,0.10705242,efficientnet_b0,train,0,ml/checkpoints/oof/efficientnet_b0-oof_f0_best.pt
ISIC_0026565,5,nv,5,nv,0.039698407,0.01717445,0.0028420498,0.080232345,0.010397799,0.79700345,0.052651513,-0.6427105,-1.4805987,-3.2794962,0.060905255,-1.9824271,2.3568375,-0.36032662,efficientnet_b0,train,0,ml/checkpoints/oof/efficientnet_b0-oof_f0_best.pt
ISIC_0026571,4,mel,4,mel,0.16973364,0.0038348082,0.006198276,0.04594916,0.7511052,0.0011867782,0.021992166,0.13781667,-3.6522942,-3.1721427,-1.1688782,1.625132,-4.8251715,-1.9057276,efficientnet_b0,train,0,ml/checkpoints/oof/efficientnet_b0-oof_f0_best.pt
ISIC_0026572,5,nv,5,nv,0.036287297,0.023658961,0.0037469165,0.07600949,0.008218902,0.79814327,0.05393515,-0.08849839,-0.51622427,-2.3590326,0.65089196,-1.5735297,3.002322,0.3078163,efficientnet_b0,train,0,ml/checkpoints/oof/efficientnet_b0-oof_f0_best.pt
ISIC_0026576,2,bkl,2,bkl,0.019151537,0.006532788,0.8693223,0.06548515,0.014480637,0.005724183,0.0193035,-1.8701717,-2.945721,1.9451592,-0.64073133,-2.1497424,-3.0778549,-1.8622683,efficientnet_b0,train,0,ml/checkpoints/oof/efficientnet_b0-oof_f0_best.pt
ISIC_0026593,1,bcc,1,bcc,0.009768197,0.67110616,0.0032419781,0.045177646,0.20616445,0.01898903,0.045552526,-2.6269455,1.6028497,-3.729894,-1.0954752,0.42259642,-1.962216,-1.0872116,efficientnet_b0,train,0,ml/checkpoints/oof/efficientnet_b0-oof_f0_best.pt
ISIC_0026595,5,nv,5,nv,0.03855209,0.019554669,0.008431757,0.07801301,0.057252616,0.7257048,0.07249109,-0.26068658,-0.9394829,-1.7806917,0.44417855,0.13477643,2.6744463,0.37076667,efficientnet_b0,train,0,ml/checkpoints/oof/efficientnet_b0-oof_f0_best.pt
ISIC_0026596,4,mel,5,nv,0.06364449,0.031104792,0.112647705,0.11166549,0.009295873,0.56322885,0.108412825,-1.4533978,-2.1693487,-0.88244534,-0.8912029,-3.37714,0.7269755,-0.92076415,efficientnet_b0,train,0,ml/checkpoints/oof/efficientnet_b0-oof_f0_best.pt
ISIC_0026599,5,nv,5,nv,0.009899683,0.16607238,0.0077093355,0.17898196,0.17005672,0.37582392,0.091455996,-3.6398299,-0.8199089,-3.8899007,-0.7450476,-0.79620075,-0.0032119453,-1.4164747,efficientnet_b0,train,0,ml/checkpoints/oof/efficientnet_b0-oof_f0_best.pt
ISIC_0026605,5,nv,5,nv,0.03214352,0.021320315,0.017948212,0.07421569,0.019327454,0.77573776,0.059307005,-0.2938107,-0.70436096,-0.8765309,0.5429542,-0.8024949,2.8897932,0.3187061,efficientnet_b0,train,0,ml/checkpoints/oof/efficientnet_b0-oof_f0_best.pt
ISIC_0026610,5,nv,4,mel,0.054242663,0.00614477,0.038253885,0.09999239,0.6721771,0.071168825,0.05802032,-1.6898005,-3.867667,-2.0390232,-1.0781741,0.8272537,-1.4182132,-1.6224749,efficientnet_b0,train,0,ml/checkpoints/oof/efficientnet_b0-oof_f0_best.pt
ISIC_0026617,5,nv,5,nv,0.045877434,0.027153227,0.031108603,0.058518212,0.01700003,0.7725126,0.047829874,-0.2789667,-0.8034441,-0.6674558,-0.035602137,-1.2717249,2.5447083,-0.2372897,efficientnet_b0,train,0,ml/checkpoints/oof/efficientnet_b0-oof_f0_best.pt
ISIC_0026629,3,df,3,df,0.013243962,0.00047984134,0.03159101,0.9491405,0.00014406137,9.270404e-05,0.0053080125,-1.4801874,-4.798029,-0.61085653,2.7918277,-6.001245,-6.442072,-2.3945117,efficientnet_b0,train,0,ml/checkpoints/oof/efficientnet_b0-oof_f0_best.pt
ISIC_0026635,5,nv,5,nv,0.052047987,0.033176996,0.019280612,0.088462986,0.017363703,0.71117455,0.07849319,0.23410493,-0.21620432,-0.7589612,0.76452297,-0.8636792,2.8488567,0.64495057,efficientnet_b0,train,0,ml/checkpoints/oof/efficientnet_b0-oof_f0_best.pt
ISIC_0026640,5,nv,5,nv,0.037882697,0.024713542,0.009733786,0.11069507,0.03696614,0.7002454,0.0797633,-0.21389927,-0.64104235,-1.572791,0.85838544,-0.2383915,2.703037,0.53066975,efficientnet_b0,train,0,ml/checkpoints/oof/efficientnet_b0-oof_f0_best.pt
ISIC_0026654,5,nv,5,nv,0.06469623,0.001293305,0.03699547,0.06924881,0.034746215,0.73035616,0.0626638,-1.0749354,-4.9874377,-1.633843,-1.0069326,-1.6965678,1.3488939,-1.1068544,efficientnet_b0,train,0,ml/checkpoints/oof/efficientnet_b0-oof_f0_best.pt
ISIC_0026684,5,nv,5,nv,0.034108046,0.020670967,0.019943831,0.090643845,0.026647292,0.74008095,0.06790513,-0.68618476,-1.1869881,-1.2227982,0.29121977,-0.93303084,2.3910413,0.0023931991,efficientnet_b0,train,0,ml/checkpoints/oof/efficientnet_b0-oof_f0_best.pt
ISIC_0026710,5,nv,5,nv,0.023683222,0.018531416,0.018676227,0.115080096,0.017733151,0.7136384,0.092657484,-0.8231655,-1.0684649,-1.0606809,0.75769615,-1.1124963,2.5824442,0.54097736,efficientnet_b0,train,0,ml/checkpoints/oof/efficientnet_b0-oof_f0_best.pt
ISIC_0026723,5,nv,5,nv,0.032241557,0.01586182,0.0041058706,0.094641194,0.0022097246,0.7756661,0.075273775,-0.11889105,-0.8282324,-2.1797295,0.9579456,-2.7992795,3.061575,0.72898453,efficientnet_b0,train,0,ml/checkpoints/oof/efficientnet_b0-oof_f0_best.pt
ISIC_0026727,5,nv,5,nv,0.032352924,0.029916605,0.06625545,0.09448061,0.00857924,0.70978993,0.05862525,-0.52855974,-0.6068505,0.1882536,0.54313064,-1.8559186,2.559705,0.06590161,efficientnet_b0,train,0,ml/checkpoints/oof/efficientnet_b0-oof_f0_best.pt
ISIC_0026741,5,nv,5,nv,0.042530343,0.019961745,0.0025372775,0.08543512,0.061110087,0.7048121,0.0836133,-0.89627516,-1.6526753,-3.7154016,-0.1987357,-0.533816,1.9114382,-0.2202905,efficientnet_b0,train,0,ml/checkpoints/oof/efficientnet_b0-oof_f0_best.pt
ISIC_0026746,4,mel,4,mel,0.047237754,0.002758739,0.0014383933,0.09265899,0.5154647,0.29484886,0.04559253,-0.7128463,-3.5532663,-4.204513,-0.039113723,1.6770291,1.1184231,-0.7482957,efficientnet_b0,train,0,ml/checkpoints/oof/efficientnet_b0-oof_f0_best.pt
ISIC_0026747,5,nv,5,nv,0.028440397,0.018419102,0.012405009,0.058092266,0.00795615,0.8094874,0.06519968,-0.23760335,-0.6720257,-1.0673136,0.47661856,-1.5114688,3.1109872,0.5920405,efficientnet_b0,train,0,ml/checkpoints/oof/efficientnet_b0-oof_f0_best.pt
ISIC_0026761,5,nv,5,nv,0.045443937,0.021253703,0.013335443,0.11936971,0.10749973,0.6124047,0.08069279,-1.1660049,-1.925953,-2.3920588,-0.20025873,-0.30499592,1.4349091,-0.59183496,efficientnet_b0,train,0,ml/checkpoints/oof/efficientnet_b0-oof_f0_best.pt
ISIC_0026763,5,nv,5,nv,0.020653432,0.006216343,0.0018199165,0.056549136,0.0021679564,0.8688681,0.043725144,-0.36840948,-1.5691092,-2.7975006,0.6388189,-2.6225057,3.3709004,0.38163227,efficientnet_b0,train,0,ml/checkpoints/oof/efficientnet_b0-oof_f0_best.pt
ISIC_0026765,0,akiec,0,akiec,0.490883,0.38936126,0.019904267,0.05806304,0.019556763,0.0020934006,0.020138288,1.0120896,0.78039145,-2.1931822,-1.1225867,-2.2107952,-4.4453263,-2.1814933,efficientnet_b0,train,0,ml/checkpoints/oof/efficientnet_b0-oof_f0_best.pt
ISIC_0026777,5,nv,5,nv,0.029335584,0.010176401,0.00777559,0.06963716,0.12064761,0.7052561,0.05717158,-1.2656003,-2.3243303,-2.5934122,-0.40110344,0.14847243,1.9141594,-0.5983448,efficientnet_b0,train,0,ml/checkpoints/oof/efficientnet_b0-oof_f0_best.pt
ISIC_0026783,2,bkl,5,nv,0.05351325,0.014852273,0.069573194,0.11735401,0.08225478,0.53737456,0.12507786,-1.0530204,-2.334797,-0.7905705,-0.26775467,-0.6231283,1.2537456,-0.20401338,efficientnet_b0,train,0,ml/checkpoints/oof/efficientnet_b0-oof_f0_best.pt
ISIC_0026785,5,nv,5,nv,0.0366569,0.026440864,0.01530706,0.085249856,0.019716466,0.7554722,0.061156694,-0.27345642,-0.6001473,-1.1467438,0.57052845,-0.8936039,2.752285,0.23838133,efficientnet_b0,train,0,ml/checkpoints/oof/efficientnet_b0-oof_f0_best.pt
ISIC_0026788,5,nv,5,nv,0.040888377,0.02406631,0.0044901487,0.08781466,0.03403609,0.70968056,0.09902383,-0.050734162,-0.58076715,-2.259694,0.71364826,-0.2341587,2.8032348,0.8337803,efficientnet_b0,train,0,ml/checkpoints/oof/efficientnet_b0-oof_f0_best.pt
ISIC_0026793,5,nv,5,nv,0.019603085,0.014320145,0.0035088623,0.050848417,0.004200063,0.87201804,0.035501435,-0.39802337,-0.7120429,-2.1184187,0.55513865,-1.938611,3.3970997,0.19586286,efficientnet_b0,train,0,ml/checkpoints/oof/efficientnet_b0-oof_f0_best.pt
ISIC_0026795,5,nv,5,nv,0.037065446,0.027489934,0.006824323,0.087380156,0.0056511187,0.73769706,0.09789196,-0.2018201,-0.5006855,-1.8940121,0.6557628,-2.0826519,2.789028,0.76935905,efficientnet_b0,train,0,ml/checkpoints/oof/efficientnet_b0-oof_f0_best.pt
ISIC_0026796,4,mel,4,mel,0.012517007,0.025297118,0.14937784,0.10797078,0.54720706,0.08817843,0.06945177,-2.171955,-1.4683528,0.30743563,-0.017182667,1.6057839,-0.21968086,-0.4584108,efficientnet_b0,train,0,ml/checkpoints/oof/efficientnet_b0-oof_f0_best.pt
ISIC_0026797,5,nv,5,nv,0.033789676,0.021576105,0.0066059693,0.077598624,0.006452763,0.8010852,0.052891705,-0.4427812,-0.89135003,-2.0749626,0.38861316,-2.098428,2.7230308,0.0053100158,efficientnet_b0,train,0,ml/checkpoints/oof/efficientnet_b0-oof_f0_best.pt
ISIC_0026817,5,nv,5,nv,0.028728023,0.021056136,0.00580836,0.0902398,0.009190098,0.79783803,0.047139503,-0.4316623,-0.7423434,-2.0302374,0.71293527,-1.5714089,2.8923702,0.063576065,efficientnet_b0,train,0,ml/checkpoints/oof/efficientnet_b0-oof_f0_best.pt
ISIC_0026818,5,nv,5,nv,0.023631291,0.01732858,0.009729814,0.061599612,0.002614488,0.83404386,0.05105234,-0.76422733,-1.0744419,-1.6516044,0.19385652,-2.965731,2.7994869,0.0060522202,efficientnet_b0,train,0,ml/checkpoints/oof/efficientnet_b0-oof_f0_best.pt
ISIC_0026823,4,mel,4,mel,0.29044443,0.0012170756,0.006247121,0.022176225,0.6485882,0.007250125,0.024076803,1.3182206,-4.1567407,-2.5210712,-1.2541708,2.1216063,-2.372173,-1.1719427,efficientnet_b0,train,0,ml/checkpoints/oof/efficientnet_b0-oof_f0_best.pt
ISIC_0026825,5,nv,0,akiec,0.64473724,0.0019821697,0.17988738,0.056690365,0.03893157,0.030735424,0.047035847,1.068691,-4.71596,-0.20782079,-1.3625478,-1.7383463,-1.9747361,-1.5492418,efficientnet_b0,train,0,ml/checkpoints/oof/efficientnet_b0-oof_f0_best.pt
ISIC_0026828,5,nv,5,nv,0.08059306,0.025850741,0.0065343366,0.08629928,0.004344301,0.7348539,0.06152444,0.20210318,-0.93497014,-2.3102386,0.2705118,-2.7184446,2.4123623,-0.067874864,efficientnet_b0,train,0,ml/checkpoints/oof/efficientnet_b0-oof_f0_best.pt
ISIC_0026830,5,nv,5,nv,0.024763439,0.014175002,0.0035098854,0.13449383,0.004221073,0.74108565,0.077751145,-0.68591,-1.2437983,-2.639695,1.00624,-2.4551888,2.712838,0.45823506,efficientnet_b0,train,0,ml/checkpoints/oof/efficientnet_b0-oof_f0_best.pt
ISIC_0026837,5,nv,5,nv,0.035025768,0.033221327,0.005002871,0.09781993,0.011751418,0.7420261,0.07515252,-0.25366616,-0.30655804,-2.199738,0.773378,-1.3457766,2.7996342,0.5097694,efficientnet_b0,train,0,ml/checkpoints/oof/efficientnet_b0-oof_f0_best.pt
ISIC_0026841,5,nv,5,nv,0.050666053,0.02914208,0.0073693735,0.11335667,0.0030761573,0.7507523,0.045637384,0.30130723,-0.25176567,-1.6266162,1.1065904,-2.5002675,2.9971268,0.1967783,efficientnet_b0,train,0,ml/checkpoints/oof/efficientnet_b0-oof_f0_best.pt
ISIC_0026855,1,bcc,5,nv,0.012901469,0.2907926,0.054254547,0.09489254,0.00018525303,0.5111753,0.035798337,-2.1801808,0.9350883,-0.7438353,-0.18477698,-6.423555,1.4991904,-1.1596206,efficientnet_b0,train,0,ml/checkpoints/oof/efficientnet_b0-oof_f0_best.pt
ISIC_0026859,5,nv,5,nv,0.027280647,0.03027688,0.010225293,0.09579966,0.012979907,0.742851,0.08058659,-0.62152445,-0.5173178,-1.6028376,0.6345569,-1.3642995,2.6827934,0.46163017,efficientnet_b0,train,0,ml/checkpoints/oof/efficientnet_b0-oof_f0_best.pt
ISIC_0026860,5,nv,5,nv,0.038502768,0.025111018,0.0073035774,0.097913675,0.01545179,0.7464035,0.06931373,-0.42074817,-0.84817183,-2.0831141,0.5126079,-1.3337537,2.543788,0.16716452,efficientnet_b0,train,0,ml/checkpoints/oof/efficientnet_b0-oof_f0_best.pt
ISIC_0026865,1,bcc,1,bcc,0.014953321,0.9240649,0.0016211711,0.041010305,0.00021442941,0.0034789168,0.014657063,-1.2115701,2.912279,-3.4333544,-0.20268016,-5.4562783,-2.6697824,-1.2315809,efficientnet_b0,train,0,ml/checkpoints/oof/efficientnet_b0-oof_f0_best.pt
ISIC_0026868,4,mel,2,bkl,0.074324876,0.25407922,0.37777886,0.062349137,0.09984856,0.03328424,0.09833512,-2.0798416,-0.8506411,-0.45397824,-2.2555375,-1.7846326,-2.8832033,-1.7999059,efficientnet_b0,train,0,ml/checkpoints/oof/efficientnet_b0-oof_f0_best.pt
ISIC_0026889,5,nv,5,nv,0.045182966,0.013523401,0.02170982,0.061668996,0.008278732,0.80600965,0.04362652,0.047384,-1.1589146,-0.6855715,0.3584451,-1.6496464,2.9287596,0.012329036,efficientnet_b0,train,0,ml/checkpoints/oof/efficientnet_b0-oof_f0_best.pt
ISIC_0026897,4,mel,4,mel,0.042710144,0.0145716695,0.01748003,0.07101389,0.5033807,0.26875594,0.0820876,-0.7989657,-1.8743228,-1.6923429,-0.2905265,1.6679448,1.0404017,-0.14561507,efficientnet_b0,train,0,ml/checkpoints/oof/efficientnet_b0-oof_f0_best.pt
ISIC_0026898,5,nv,5,nv,0.03020716,0.02289491,0.008737584,0.08898736,0.03393428,0.7432172,0.07202156,-0.6381565,-0.91532093,-1.8786018,0.44225883,-0.5218097,2.5647528,0.23072997,efficientnet_b0,train,0,ml/checkpoints/oof/efficientnet_b0-oof_f0_best.pt
ISIC_0026900,5,nv,5,nv,0.017850002,0.012685965,0.0040312395,0.107318535,0.007092563,0.8144384,0.036583286,-0.39070877,-0.732216,-1.8786387,1.403089,-1.3136659,3.4297864,0.32687908,efficientnet_b0,train,0,ml/checkpoints/oof/efficientnet_b0-oof_f0_best.pt
ISIC_0026902,1,bcc,1,bcc,0.005462946,0.86299515,0.0016235592,0.013344702,0.08015431,0.004483342,0.031935945,-3.812483,1.2499378,-5.025851,-2.919352,-1.1265178,-4.0101027,-2.046739,efficientnet_b0,train,0,ml/checkpoints/oof/efficientnet_b0-oof_f0_best.pt
ISIC_0026904,5,nv,5,nv,0.052469958,0.034887295,0.012061689,0.0981281,0.013082049,0.7259341,0.06343692,0.29135177,-0.1167662,-1.1788548,0.91738486,-1.0976478,2.9185703,0.48115703,efficientnet_b0,train,0,ml/checkpoints/oof/efficientnet_b0-oof_f0_best.pt
ISIC_0026907,2,bkl,3,df,0.02362333,0.019545484,0.29369044,0.5661043,0.0027716965,0.0331963,0.06106852,-2.2642093,-2.4536998,0.25608212,0.9123342,-4.4069843,-1.9240059,-1.3144478,efficientnet_b0,train,0,ml/checkpoints/oof/efficientnet_b0-oof_f0_best.pt
ISIC_0026910,5,nv,5,nv,0.06049294,0.031018378,0.030053338,0.109176986,0.0034378201,0.6833741,0.082446456,0.0016123466,-0.6663343,-0.6979407,0.5920561,-2.8660765,2.4261281,0.31123468,efficientnet_b0,train,0,ml/checkpoints/oof/efficientnet_b0-oof_f0_best.pt
ISIC_0026911,5,nv,5,nv,0.084793866,0.020370904,0.008246089,0.08534381,0.030353991,0.698469,0.072422355,0.6114958,-0.8146198,-1.7189882,0.6179604,-0.41579935,2.7201633,0.4537875,efficientnet_b0,train,0,ml/checkpoints/oof/efficientnet_b0-oof_f0_best.pt
ISIC_0026922,5,nv,5,nv,0.11403889,0.030738529,0.022176426,0.11763977,0.016783569,0.60383606,0.09478672,0.28987625,-1.0211464,-1.3476335,0.32096383,-1.626263,1.9566394,0.10496596,efficientnet_b0,train,0,ml/checkpoints/oof/efficientnet_b0-oof_f0_best.pt
ISIC_0026923,2,bkl,0,akiec,0.9767556,0.00022572787,0.0062351236,0.007798351,0.0036844779,0.00089771097,0.004402935,3.8935595,-4.479102,-1.1604784,-0.93676496,-1.6865484,-3.0985842,-1.5084057,efficientnet_b0,train,0,ml/checkpoints/oof/efficientnet_b0-oof_f0_best.pt
ISIC_0026929,5,nv,5,nv,0.017887076,0.0063533424,0.0034935372,0.050953154,0.015944496,0.869813,0.035555333,-0.719892,-1.7549891,-2.353056,0.32693624,-0.83485675,3.1643078,-0.032880366,efficientnet_b0,train,0,ml/checkpoints/oof/efficientnet_b0-oof_f0_best.pt
ISIC_0026938,5,nv,5,nv,0.03137161,0.016361337,0.0042555663,0.09804007,0.009197197,0.7896184,0.051155865,-0.27128068,-0.92226297,-2.268956,0.86819214,-1.4982854,2.9543657,0.217693,efficientnet_b0,train,0,ml/checkpoints/oof/efficientnet_b0-oof_f0_best.pt
ISIC_0026944,5,nv,5,nv,0.03915282,0.025617294,0.0054566413,0.11021415,0.0063145906,0.7377529,0.07549161,-0.2677884,-0.6919932,-2.2384272,0.76716435,-2.0923982,2.668348,0.38876048,efficientnet_b0,train,0,ml/checkpoints/oof/efficientnet_b0-oof_f0_best.pt
ISIC_0026945,5,nv,5,nv,0.012244471,0.008284867,0.00074726954,0.04207964,0.0139618125,0.8907398,0.03194218,-1.6560191,-2.0466635,-4.452423,-0.42152974,-1.5247681,2.6309586,-0.6971664,efficientnet_b0,train,0,ml/checkpoints/oof/efficientnet_b0-oof_f0_best.pt
ISIC_0026960,5,nv,5,nv,0.03312289,0.010436569,0.008133394,0.1018479,0.03573002,0.7450942,0.06563507,-0.5217365,-1.6766453,-1.9259832,0.6015193,-0.44596997,2.5915494,0.162149,efficientnet_b0,train,0,ml/checkpoints/oof/efficientnet_b0-oof_f0_best.pt
ISIC_0026966,5,nv,5,nv,0.020517265,0.01209563,0.0020943878,0.05561072,0.006759422,0.8692097,0.033712905,-0.46167308,-0.99009585,-2.7436783,0.53543615,-1.5720023,3.2846446,0.034941055,efficientnet_b0,train,0,ml/checkpoints/oof/efficientnet_b0-oof_f0_best.pt
ISIC_0026974,5,nv,5,nv,0.040776156,0.018502416,0.016818168,0.08574709,0.022797063,0.76156133,0.053797774,-0.5936664,-1.3838625,-1.4793041,0.1496385,-1.1751319,2.333607,-0.31653163,efficientnet_b0,train,0,ml/checkpoints/oof/efficientnet_b0-oof_f0_best.pt
ISIC_0026985,5,nv,5,nv,0.03974128,0.02425699,0.01563492,0.0868132,0.0060261125,0.7617307,0.06579688,0.04389455,-0.44979125,-0.8889892,0.8252624,-1.8423938,2.997097,0.54807633,efficientnet_b0,train,0,ml/checkpoints/oof/efficientnet_b0-oof_f0_best.pt
ISIC_0026996,4,mel,5,nv,0.04055886,0.01700475,0.0051031476,0.068615794,0.07181868,0.7196043,0.077294506,0.03023451,-0.839027,-2.042662,0.556003,0.60162497,2.9061818,0.6751032,efficientnet_b0,train,0,ml/checkpoints/oof/efficientnet_b0-oof_f0_best.pt
ISIC_0026998,5,nv,5,nv,0.23537806,0.041633245,0.02511674,0.13150142,0.020860802,0.33040217,0.21510758,-1.0052706,-2.7375646,-3.242929,-1.5874459,-3.4285917,-0.66615295,-1.0953254,efficientnet_b0,train,0,ml/checkpoints/oof/efficientnet_b0-oof_f0_best.pt
ISIC_0027000,5,nv,5,nv,0.016216805,0.014717274,0.0015657808,0.08660289,0.0016040325,0.8417725,0.037520703,-0.52075845,-0.6177846,-2.8584218,1.1545266,-2.834286,3.4287033,0.31808642,efficientnet_b0,train,0,ml/checkpoints/oof/efficientnet_b0-oof_f0_best.pt
ISIC_0027001,5,nv,5,nv,0.04608955,0.028976256,0.00691875,0.06592455,0.008433226,0.7825935,0.061064187,0.09061258,-0.3734968,-1.8057386,0.44853738,-1.6077944,2.9226398,0.37195197,efficientnet_b0,train,0,ml/checkpoints/oof/efficientnet_b0-oof_f0_best.pt
ISIC_0027003,5,nv,5,nv,0.061848167,0.022780363,0.0037190686,0.2193248,0.05929826,0.53545195,0.09757737,-0.8605895,-1.8593732,-3.671799,0.40528172,-0.9026921,1.2978392,-0.40462634,efficientnet_b0,train,0,ml/checkpoints/oof/efficientnet_b0-oof_f0_best.pt
ISIC_0027007,5,nv,5,nv,0.14773092,0.062159143,0.021442614,0.18316196,0.16048989,0.3530707,0.07194477,-1.1340153,-1.9997098,-3.0640275,-0.91903704,-1.0511769,-0.26273948,-1.853509,efficientnet_b0,train,0,ml/checkpoints/oof/efficientnet_b0-oof_f0_best.pt
ISIC_0027008,3,df,0,akiec,0.65783405,0.015040562,0.005216556,0.14893737,0.11988723,0.0061846483,0.04689951,1.2423519,-2.5358503,-3.5947633,-0.24307491,-0.46004924,-3.4245305,-1.3985937,efficientnet_b0,train,0,ml/checkpoints/oof/efficientnet_b0-oof_f0_best.pt
ISIC_0027017,2,bkl,2,bkl,0.025937228,0.0019004976,0.88930625,0.059776373,0.0046028704,0.0016852529,0.016791482,-1.3913494,-4.004913,2.1434128,-0.55641836,-3.120349,-4.1251135,-1.8261571,efficientnet_b0,train,0,ml/checkpoints/oof/efficientnet_b0-oof_f0_best.pt
ISIC_0027018,2,bkl,0,akiec,0.6726608,0.01442785,0.0019760288,0.28683615,0.0023678439,0.0019353692,0.019795824,0.3692831,-3.4727976,-5.460869,-0.48304698,-5.2799783,-5.48166,-3.156487,efficientnet_b0,train,0,ml/checkpoints/oof/efficientnet_b0-oof_f0_best.pt
ISIC_0027022,5,nv,5,nv,0.044159334,0.01844587,0.0058539286,0.088720866,0.008641774,0.77919143,0.05498676,0.13368276,-0.7392811,-1.8870087,0.8313734,-1.4975139,3.0041351,0.35297084,efficientnet_b0,train,0,ml/checkpoints/oof/efficientnet_b0-oof_f0_best.pt
ISIC_0027027,2,bkl,2,bkl,0.024304923,0.00078273274,0.9293511,0.020277383,0.0025865962,0.0027697457,0.019927565,-0.033836335,-3.4694796,3.6099713,-0.2150093,-2.2741728,-2.2057595,-0.23241128,efficientnet_b0,train,0,ml/checkpoints/oof/efficientnet_b0-oof_f0_best.pt
ISIC_0027028,5,nv,5,nv,0.03259867,0.012244038,0.0052293367,0.08619022,0.008447206,0.792099,0.06319161,-0.2152854,-1.1945179,-2.045272,0.7570001,-1.5657208,2.9751296,0.44661462,efficientnet_b0,train,0,ml/checkpoints/oof/efficientnet_b0-oof_f0_best.pt
ISIC_0027041,2,bkl,5,nv,0.039671674,0.029237693,0.1579643,0.12603427,0.13302186,0.4245026,0.08956763,-1.5122244,-1.8174031,-0.13049287,-0.35630813,-0.3023485,0.8580562,-0.697868,efficientnet_b0,train,0,ml/checkpoints/oof/efficientnet_b0-oof_f0_best.pt
ISIC_0027051,5,nv,5,nv,0.028967354,0.007927236,0.011679818,0.06901327,0.012726748,0.8342296,0.03545593,-0.6985606,-1.9944259,-1.6068678,0.16956845,-1.5210242,2.6617785,-0.4964397,efficientnet_b0,train,0,ml/checkpoints/oof/efficientnet_b0-oof_f0_best.pt
ISIC_0027057,1,bcc,1,bcc,0.0046621417,0.74714375,0.005247686,0.06516371,0.15972888,0.005748618,0.012305132,-3.0147376,2.062045,-2.896425,-0.37730968,0.5192654,-2.8052528,-2.044196,efficientnet_b0,train,0,ml/checkpoints/oof/efficientnet_b0-oof_f0_best.pt
ISIC_0027058,1,bcc,1,bcc,0.0020575651,0.9359878,0.005651941,0.019750677,0.0035644355,0.010818733,0.022168756,-3.1576881,2.962391,-2.1472125,-0.8960237,-2.6082056,-1.4979322,-0.7805275,efficientnet_b0,train,0,ml/checkpoints/oof/efficientnet_b0-oof_f0_best.pt
ISIC_0027059,5,nv,5,nv,0.033924844,0.021147761,0.012565119,0.084411256,0.0055871424,0.78459203,0.057771813,-0.04938192,-0.5219956,-1.042605,0.86217123,-1.8530617,3.0916343,0.4829714,efficientnet_b0,train,0,ml/checkpoints/oof/efficientnet_b0-oof_f0_best.pt
ISIC_0027060,4,mel,5,nv,0.015363302,0.020191666,0.01302651,0.1259961,0.09530862,0.6696424,0.060471408,-1.7078347,-1.4345465,-1.8728298,0.3964346,0.11730388,2.0669274,-0.33764577,efficientnet_b0,train,0,ml/checkpoints/oof/efficientnet_b0-oof_f0_best.pt
ISIC_0027062,5,nv,2,bkl,0.0441458,0.015901972,0.24899521,0.17767248,0.20876588,0.22645856,0.07806006,-1.4930911,-2.5141459,0.23684482,-0.100647055,0.06062463,0.14197311,-0.9231103,efficientnet_b0,train,0,ml/checkpoints/oof/efficientnet_b0-oof_f0_best.pt
ISIC_0027064,2,bkl,2,bkl,0.19391541,0.030728055,0.22558397,0.22251953,0.19586404,0.044546586,0.08684247,-1.4525307,-3.2947767,-1.3012604,-1.314938,-1.4425321,-2.9234173,-2.255857,efficientnet_b0,train,0,ml/checkpoints/oof/efficientnet_b0-oof_f0_best.pt
ISIC_0027082,5,nv,5,nv,0.022887262,0.01665784,0.009197707,0.082153454,0.0031668178,0.8195595,0.04637737,-0.70183676,-1.0195363,-1.6134629,0.5761715,-2.6796904,2.8763497,0.004394384,efficientnet_b0,train,0,ml/checkpoints/oof/efficientnet_b0-oof_f0_best.pt
ISIC_0027083,2,bkl,2,bkl,0.012536179,0.015324822,0.5749685,0.09228973,0.19139573,0.029892242,0.083592825,-2.1965098,-1.995655,1.6291865,-0.20019586,0.5292144,-1.3275298,-0.29917115,efficientnet_b0,train,0,ml/checkpoints/oof/efficientnet_b0-oof_f0_best.pt
ISIC_0027094,2,bkl,2,bkl,0.008298401,0.0054895235,0.8369814,0.036491394,0.068961866,0.018968243,0.024809223,-2.900453,-3.3136747,1.7132859,-1.4194396,-0.78296244,-2.0737498,-1.8053005,efficientnet_b0,train,0,ml/checkpoints/oof/efficientnet_b0-oof_f0_best.pt
ISIC_0027102,4,mel,4,mel,0.0025017315,0.009435545,0.00022808109,0.026965488,0.9447602,0.0038888268,0.012220148,-2.6715596,-1.3440588,-5.066597,-0.29398483,3.2623885,-2.2304351,-1.0854564,efficientnet_b0,train,0,ml/checkpoints/oof/efficientnet_b0-oof_f0_best.pt
ISIC_0027104,5,nv,5,nv,0.024083957,0.012862168,0.0036541137,0.082709245,0.0063707517,0.8214245,0.04889522,-0.12129485,-0.7485506,-2.006987,1.1124908,-1.4511232,3.4081993,0.586839,efficientnet_b0,train,0,ml/checkpoints/oof/efficientnet_b0-oof_f0_best.pt
ISIC_0027113,5,nv,5,nv,0.09776412,0.014500159,0.012547908,0.0770853,0.041773643,0.68289626,0.07343267,0.7719461,-1.136452,-1.2810577,0.53430104,-0.07834594,2.7157314,0.48575726,efficientnet_b0,train,0,ml/checkpoints/oof/efficientnet_b0-oof_f0_best.pt
ISIC_0027123,5,nv,5,nv,0.030374598,0.018063908,0.0021859673,0.061391063,0.0035882732,0.8248276,0.059568588,0.14735119,-0.3723396,-2.4841967,0.85100883,-1.9885842,3.448919,0.820873,efficientnet_b0,train,0,ml/checkpoints/oof/efficientnet_b0-oof_f0_best.pt
ISIC_0027147,5,nv,2,bkl,0.08667089,0.027877975,0.33669245,0.16137049,0.010985826,0.30596253,0.07043985,-1.5935984,-2.7278795,-0.23654656,-0.97201365,-3.6591105,-0.3322538,-1.8009572,efficientnet_b0,train,0,ml/checkpoints/oof/efficientnet_b0-oof_f0_best.pt
ISIC_0027154,2,bkl,2,bkl,0.047599178,0.019092528,0.7785988,0.035083253,0.079015374,0.0046699666,0.03594091,-0.7071581,-1.6206765,2.0875223,-1.0122497,-0.20033114,-3.0288217,-0.98809755,efficientnet_b0,train,0,ml/checkpoints/oof/efficientnet_b0-oof_f0_best.pt
ISIC_0027156,5,nv,5,nv,0.090752184,0.026636688,0.0047776336,0.08158851,0.015280003,0.7344018,0.046563115,-0.091367334,-1.3172104,-3.0355546,-0.19781148,-1.8729551,1.9995564,-0.7586912,efficientnet_b0,train,0,ml/checkpoints/oof/efficientnet_b0-oof_f0_best.pt
ISIC_0027167,2,bkl,2,bkl,0.047113895,0.0065000015,0.49054247,0.1133455,0.0068863533,0.26643172,0.06918011,-0.6032331,-2.583999,1.7397108,0.2746396,-2.5262594,1.1293169,-0.21908776,efficientnet_b0,train,0,ml/checkpoints/oof/efficientnet_b0-oof_f0_best.pt
ISIC_0027171,4,mel,5,nv,0.03949153,0.006499538,0.23864375,0.1642452,0.14855076,0.30694407,0.09562519,-2.0148146,-3.8191698,-0.21592887,-0.5895403,-0.68997395,0.0357648,-1.1304644,efficientnet_b0,train,0,ml/checkpoints/oof/efficientnet_b0-oof_f0_best.pt
ISIC_0027173,5,nv,5,nv,0.038452994,0.024994273,0.023565697,0.05978412,0.007995854,0.8126574,0.03254966,-0.12570643,-0.55649644,-0.6153509,0.3155971,-1.6962199,2.9251666,-0.29237598,efficientnet_b0,train,0,ml/checkpoints/oof/efficientnet_b0-oof_f0_best.pt
ISIC_0027178,0,akiec,2,bkl,0.090552576,0.002175399,0.35891026,0.14594586,0.29350638,0.04342248,0.065487,-1.3606267,-5.089345,0.016515035,-0.88332164,-0.18465792,-2.09558,-1.6847059,efficientnet_b0,train,0,ml/checkpoints/oof/efficientnet_b0-oof_f0_best.pt
ISIC_0027179,4,mel,3,df,0.018137947,0.08546552,0.018620964,0.41076103,0.19106108,0.14019461,0.13575885,-4.1534824,-2.6033757,-4.1272006,-1.0334771,-1.7988955,-2.108457,-2.1406085,efficientnet_b0,train,0,ml/checkpoints/oof/efficientnet_b0-oof_f0_best.pt
ISIC_0027183,5,nv,5,nv,0.057484798,0.08327274,0.029634638,0.07936368,0.08344146,0.60485655,0.061946165,-1.8422927,-1.471692,-2.5048695,-1.5197724,-1.469668,0.511178,-1.7675476,efficientnet_b0,train,0,ml/checkpoints/oof/efficientnet_b0-oof_f0_best.pt
ISIC_0027184,0,akiec,0,akiec,0.449473,0.2286111,0.0035541237,0.18137914,0.032493874,0.003001739,0.10148709,-0.38784686,-1.0639004,-5.227814,-1.295333,-3.0148711,-5.396731,-1.875991,efficientnet_b0,train,0,ml/checkpoints/oof/efficientnet_b0-oof_f0_best.pt
ISIC_0027203,5,nv,4,mel,0.017119618,0.0033204735,0.023769204,0.14613561,0.4533136,0.3078571,0.04848445,-2.3793364,-4.019454,-2.0511706,-0.23502636,0.8970227,0.5100744,-1.3383185,efficientnet_b0,train,0,ml/checkpoints/oof/efficientnet_b0-oof_f0_best.pt
ISIC_0027206,5,nv,5,nv,0.044107776,0.023830093,0.010694711,0.105183855,0.0074519203,0.7412554,0.06747619,0.2744861,-0.3412009,-1.1424005,1.1435598,-1.5036786,3.0961952,0.6996247,efficientnet_b0,train,0,ml/checkpoints/oof/efficientnet_b0-oof_f0_best.pt
ISIC_0027231,0,akiec,2,bkl,0.45182058,0.02521026,0.47461826,0.0237306,0.0005818788,0.0033339849,0.0207046,1.3578669,-1.5281672,1.4070926,-1.5886528,-5.2969112,-3.55125,-1.7250624,efficientnet_b0,train,0,ml/checkpoints/oof/efficientnet_b0-oof_f0_best.pt
ISIC_0027239,2,bkl,3,df,0.022859843,0.023085661,0.018132666,0.91940165,0.0018155683,0.00026550793,0.014439231,-3.1584222,-3.1485925,-3.390089,0.535919,-5.6914053,-7.6139145,-3.6178553,efficientnet_b0,train,0,ml/checkpoints/oof/efficientnet_b0-oof_f0_best.pt
ISIC_0027267,5,nv,5,nv,0.048413947,0.033179056,0.022506908,0.108845696,0.008945524,0.70618224,0.07192659,-0.11374944,-0.49161857,-0.8797152,0.69639385,-1.8023841,2.566336,0.28210863,efficientnet_b0,train,0,ml/checkpoints/oof/efficientnet_b0-oof_f0_best.pt
ISIC_0027268,5,nv,5,nv,0.07681364,0.013824054,0.26357862,0.14638181,0.0081046885,0.39630848,0.09498868,-0.26497054,-1.9799426,0.967999,0.37986562,-2.51391,1.3758402,-0.052595004,efficientnet_b0,train,0,ml/checkpoints/oof/efficientnet_b0-oof_f0_best.pt
ISIC_0027270,2,bkl,2,bkl,0.0062947283,0.0077198097,0.8273294,0.07597767,0.013752366,0.022932746,0.045993228,-1.8936058,-1.6895286,2.9848847,0.5971213,-1.1121074,-0.6007524,0.09517587,efficientnet_b0,train,0,ml/checkpoints/oof/efficientnet_b0-oof_f0_best.pt
ISIC_0027272,5,nv,5,nv,0.051418096,0.026672477,0.011429611,0.09516705,0.006379313,0.7440228,0.06491068,-0.026545726,-0.6829038,-1.5303285,0.58909774,-2.1134753,2.6455357,0.20647624,efficientnet_b0,train,0,ml/checkpoints/oof/efficientnet_b0-oof_f0_best.pt
ISIC_0027273,5,nv,5,nv,0.05462407,0.03607739,0.018618463,0.088992685,0.0134253055,0.7238705,0.06439161,-0.12597914,-0.5407875,-1.2023001,0.36210048,-1.5293123,2.4581587,0.038529634,efficientnet_b0,train,0,ml/checkpoints/oof/efficientnet_b0-oof_f0_best.pt
ISIC_0027275,2,bkl,2,bkl,0.07445785,0.0059636333,0.6644731,0.07717793,0.074905515,0.05872198,0.044299968,0.2077184,-2.316835,2.3964796,0.24359867,0.2137126,-0.02970083,-0.3115308,efficientnet_b0,train,0,ml/checkpoints/oof/efficientnet_b0-oof_f0_best.pt
ISIC_0027283,5,nv,5,nv,0.051144775,0.015939737,0.014275179,0.13154298,0.019567154,0.7054142,0.06211599,-0.10529838,-1.2711434,-1.3814363,0.839375,-1.0661062,2.5188265,0.0890448,efficientnet_b0,train,0,ml/checkpoints/oof/efficientnet_b0-oof_f0_best.pt
ISIC_0027289,5,nv,5,nv,0.037040755,0.041777413,0.010916301,0.06500099,0.017902398,0.769948,0.057414167,-0.41371638,-0.2933792,-1.6354781,0.14866744,-1.1408006,2.6205878,0.024555856,efficientnet_b0,train,0,ml/checkpoints/oof/efficientnet_b0-oof_f0_best.pt
ISIC_0027290,5,nv,5,nv,0.03794166,0.014575209,0.01862848,0.065315194,0.012527184,0.8148769,0.036135383,-0.42637706,-1.3831047,-1.1377354,0.116798,-1.5345258,2.6406102,-0.47515428,efficientnet_b0,train,0,ml/checkpoints/oof/efficientnet_b0-oof_f0_best.pt
ISIC_0027297,1,bcc,1,bcc,0.06613908,0.57894117,0.2437078,0.07140823,0.003741008,0.01574312,0.020319557,-1.0467025,1.1227385,0.25750762,-0.9700494,-3.9191074,-2.482059,-2.2268784,efficientnet_b0,train,0,ml/checkpoints/oof/efficientnet_b0-oof_f0_best.pt
ISIC_0027301,5,nv,5,nv,0.026362207,0.012322633,0.0018619436,0.08824829,0.0032756787,0.8107994,0.057129834,-0.24686062,-1.0073545,-2.8971715,0.96136224,-2.3322668,3.1792285,0.5265343,efficientnet_b0,train,0,ml/checkpoints/oof/efficientnet_b0-oof_f0_best.pt
ISIC_0027313,5,nv,5,nv,0.020866996,0.009278274,0.004767259,0.091669485,0.0147476755,0.812515,0.04615531,-0.713136,-1.5236292,-2.1895332,0.76688474,-1.0602194,2.9488297,0.08070729,efficientnet_b0,train,0,ml/checkpoints/oof/efficientnet_b0-oof_f0_best.pt
ISIC_0027315,5,nv,5,nv,0.027412964,0.018607689,0.011518807,0.067282006,0.01674037,0.75636554,0.10207266,-0.7851051,-1.1725464,-1.6521404,0.11277159,-1.2782981,2.5324035,0.5295637,efficientnet_b0,train,0,ml/checkpoints/oof/efficientnet_b0-oof_f0_best.pt
ISIC_0027318,5,nv,5,nv,0.057328876,0.01762312,0.007440512,0.092700966,0.012079729,0.74298054,0.069846205,0.39214194,-0.78745097,-1.6497233,0.8727162,-1.1651341,2.9540071,0.589633,efficientnet_b0,train,0,ml/checkpoints/oof/efficientnet_b0-oof_f0_best.pt
ISIC_0027329,5,nv,5,nv,0.010940825,0.015222576,0.0014058577,0.07913741,0.0086609945,0.7990937,0.085538544,-1.2189516,-0.88867295,-3.2708051,0.7597331,-1.4526229,3.0720255,0.83751434,efficientnet_b0,train,0,ml/checkpoints/oof/efficientnet_b0-oof_f0_best.pt
ISIC_0027331,5,nv,5,nv,0.030543467,0.02759816,0.10718976,0.16499469,0.0063403193,0.5742326,0.089101076,-1.5283989,-1.6298008,-0.27294907,0.15836348,-3.100621,1.4054847,-0.4577784,efficientnet_b0,train,0,ml/checkpoints/oof/efficientnet_b0-oof_f0_best.pt
ISIC_0027357,5,nv,5,nv,0.031149039,0.015740745,0.005671781,0.07712576,0.007467712,0.81087077,0.051974252,-0.039201766,-0.7217327,-1.7424818,0.8674521,-1.4673964,3.2201235,0.4727632,efficientnet_b0,train,0,ml/checkpoints/oof/efficientnet_b0-oof_f0_best.pt
ISIC_0027359,4,mel,4,mel,0.016650632,0.007959503,0.028999608,0.09246553,0.52330536,0.27636766,0.054251667,-2.3582401,-3.096322,-1.8034059,-0.64385253,1.0894768,0.45104378,-1.1770546,efficientnet_b0,train,0,ml/checkpoints/oof/efficientnet_b0-oof_f0_best.pt
ISIC_0027360,5,nv,5,nv,0.01253883,0.14426762,0.12532838,0.09718337,0.20829788,0.26329955,0.14908431,-3.4113507,-0.9685109,-1.1092436,-1.3635813,-0.6012118,-0.36688858,-0.93566895,efficientnet_b0,train,0,ml/checkpoints/oof/efficientnet_b0-oof_f0_best.pt
ISIC_0027395,5,nv,5,nv,0.029006705,0.01954559,0.0034292196,0.08253716,0.0067628324,0.80739796,0.0513205,-0.009524891,-0.40430203,-2.1447191,1.0361966,-1.46561,3.3167648,0.5610386,efficientnet_b0,train,0,ml/checkpoints/oof/efficientnet_b0-oof_f0_best.pt
ISIC_0027396,5,nv,5,nv,0.059446655,0.0346874,0.012102446,0.07872536,0.012167606,0.74323744,0.05963306,0.34831887,-0.19038406,-1.2433531,0.62920475,-1.2379833,2.874255,0.35144943,efficientnet_b0,train,0,ml/checkpoints/oof/efficientnet_b0-oof_f0_best.pt
ISIC_0027404,5,nv,5,nv,0.032946672,0.017514119,0.0033066038,0.12781644,0.0029003199,0.7860359,0.029479967,-0.3217024,-0.9535853,-2.6206713,1.0340024,-2.7517717,2.8504097,-0.43288174,efficientnet_b0,train,0,ml/checkpoints/oof/efficientnet_b0-oof_f0_best.pt
ISIC_0027409,5,nv,5,nv,0.04419609,0.02791904,0.0114436615,0.075494125,0.008047404,0.7718386,0.06106111,-0.018033037,-0.4773604,-1.3692334,0.51738554,-1.7213199,2.842106,0.30520585,efficientnet_b0,train,0,ml/checkpoints/oof/efficientnet_b0-oof_f0_best.pt
ISIC_0027412,5,nv,5,nv,0.04998105,0.013186611,0.0027182384,0.106037624,0.06720664,0.71327186,0.04759791,-0.54457664,-1.8770186,-3.4562368,0.20757334,-0.24844863,2.113642,-0.5934317,efficientnet_b0,train,0,ml/checkpoints/oof/efficientnet_b0-oof_f0_best.pt
ISIC_0027438,5,nv,5,nv,0.02852703,0.018147908,0.0035651308,0.09304398,0.011503067,0.7687204,0.07649253,-0.60679686,-1.0590934,-2.6864483,0.57542354,-1.5150352,2.6870785,0.37954414,efficientnet_b0,train,0,ml/checkpoints/oof/efficientnet_b0-oof_f0_best.pt
ISIC_0027445,5,nv,5,nv,0.052513104,0.023217939,0.0098203365,0.10470466,0.021360375,0.7142124,0.074171156,0.040800564,-0.77533704,-1.6358068,0.7308814,-0.8587246,2.6509182,0.38611326,efficientnet_b0,train,0,ml/checkpoints/oof/efficientnet_b0-oof_f0_best.pt
ISIC_0027446,5,nv,5,nv,0.025356235,0.013425647,0.010288374,0.059769493,0.0031768794,0.8433389,0.04464448,-0.32741594,-0.96327394,-1.2294261,0.53005475,-2.4045413,3.1769283,0.23828995,efficientnet_b0,train,0,ml/checkpoints/oof/efficientnet_b0-oof_f0_best.pt
ISIC_0027453,5,nv,5,nv,0.038519826,0.026115863,0.008690217,0.116973564,0.032725457,0.7077059,0.069269165,-0.9183621,-1.3069924,-2.4073372,0.19241269,-1.081382,1.9924934,-0.33153537,efficientnet_b0,train,0,ml/checkpoints/oof/efficientnet_b0-oof_f0_best.pt
ISIC_0027455,2,bkl,5,nv,0.044515125,0.035526674,0.052085575,0.15932281,0.31672347,0.33310533,0.05872099,-1.5077552,-1.7333003,-1.3506961,-0.23265174,0.45444492,0.5048746,-1.2307869,efficientnet_b0,train,0,ml/checkpoints/oof/efficientnet_b0-oof_f0_best.pt
ISIC_0027456,5,nv,5,nv,0.04189854,0.0142499395,0.047865212,0.09564848,0.0064627137,0.7008697,0.0930055,-0.32823542,-1.4067338,-0.1950974,0.49719346,-2.1974368,2.4888356,0.46917227,efficientnet_b0,train,0,ml/checkpoints/oof/efficientnet_b0-oof_f0_best.pt
ISIC_0027482,5,nv,5,nv,0.020279702,0.02140682,0.017544478,0.096661866,0.03355991,0.7412106,0.06933662,-1.5867095,-1.5326203,-1.7315906,-0.025110982,-1.0829977,2.0119548,-0.35735685,efficientnet_b0,train,0,ml/checkpoints/oof/efficientnet_b0-oof_f0_best.pt
ISIC_0027486,5,nv,5,nv,0.07777429,0.049222592,0.023857625,0.11504228,0.055544473,0.60481316,0.07374557,-0.55273724,-1.0101954,-1.7344443,-0.16124861,-0.88936424,1.4983714,-0.6059271,efficientnet_b0,train,0,ml/checkpoints/oof/efficientnet_b0-oof_f0_best.pt
ISIC_0027489,5,nv,5,nv,0.037451036,0.014545734,0.0076448196,0.06864001,0.0115776155,0.81590444,0.04423634,-0.20957544,-1.1553123,-1.7985814,0.3962658,-1.3835365,2.8716874,-0.043063067,efficientnet_b0,train,0,ml/checkpoints/oof/efficientnet_b0-oof_f0_best.pt
ISIC_0027497,5,nv,5,nv,0.04002578,0.024409477,0.009927093,0.16249879,0.01955846,0.6803582,0.06322221,-1.6771986,-2.171751,-3.0714548,-0.276052,-2.3933146,1.1558969,-1.2200667,efficientnet_b0,train,0,ml/checkpoints/oof/efficientnet_b0-oof_f0_best.pt
ISIC_0027500,5,nv,5,nv,0.055215836,0.019478451,0.013140369,0.058440093,0.0040536704,0.7840601,0.06561149,0.32200554,-0.7199354,-1.1135554,0.37875795,-2.2896218,2.9752414,0.49450663,efficientnet_b0,train,0,ml/checkpoints/oof/efficientnet_b0-oof_f0_best.pt
ISIC_0027522,6,vasc,6,vasc,0.021340754,0.006085896,0.01023337,0.028433891,0.0029576044,0.0026144837,0.928334,-0.3855618,-1.6402065,-1.1205263,-0.09859838,-2.361801,-2.4851139,3.3872113,efficientnet_b0,train,0,ml/checkpoints/oof/efficientnet_b0-oof_f0_best.pt
ISIC_0027523,5,nv,5,nv,0.020778684,0.01309218,0.30229244,0.057607982,0.0060208663,0.54300237,0.057205506,-1.1415896,-1.6035023,1.5358775,-0.121856324,-2.3802865,2.1215963,-0.1288672,efficientnet_b0,train,0,ml/checkpoints/oof/efficientnet_b0-oof_f0_best.pt
ISIC_0027527,2,bkl,2,bkl,0.19383757,0.017743403,0.42470446,0.103948005,0.14872238,0.029961389,0.08108281,0.66195995,-1.7290468,1.4463329,0.038830146,0.39702067,-1.2051511,-0.20958957,efficientnet_b0,train,0,ml/checkpoints/oof/efficientnet_b0-oof_f0_best.pt
ISIC_0027534,5,nv,5,nv,0.017594157,0.0075436225,0.0053631007,0.066481784,0.0026692548,0.8455704,0.054777704,-0.4215328,-1.2683972,-1.6095573,0.9078284,-2.3073,3.4509118,0.7141837,efficientnet_b0,train,0,ml/checkpoints/oof/efficientnet_b0-oof_f0_best.pt
ISIC_0027542,5,nv,5,nv,0.06621047,0.026688775,0.012113535,0.098358564,0.004506357,0.7341113,0.058010958,0.16551839,-0.7430772,-1.5329969,0.56129926,-2.5218313,2.5713403,0.033311665,efficientnet_b0,train,0,ml/checkpoints/oof/efficientnet_b0-oof_f0_best.pt
ISIC_0027547,5,nv,5,nv,0.024557546,0.023874937,0.0151822,0.0993503,0.004885343,0.75536835,0.0767813,-0.5111816,-0.5393715,-0.9920772,0.8864511,-2.1259615,2.9150047,0.6287604,efficientnet_b0,train,0,ml/checkpoints/oof/efficientnet_b0-oof_f0_best.pt
ISIC_0027550,0,akiec,0,akiec,0.5182515,0.023132637,0.25318307,0.07151148,0.06267273,0.011849689,0.05939894,0.5944521,-2.514764,-0.121895745,-1.3861507,-1.5180823,-3.1837068,-1.5717322,efficientnet_b0,train,0,ml/checkpoints/oof/efficientnet_b0-oof_f0_best.pt
ISIC_0027552,4,mel,4,mel,0.011327957,0.0200579,0.0030874256,0.05578805,0.5914517,0.20937102,0.108916,-2.4288938,-1.8575445,-3.72883,-0.8346078,1.5264125,0.4879403,-0.16559061,efficientnet_b0,train,0,ml/checkpoints/oof/efficientnet_b0-oof_f0_best.pt
ISIC_0027557,5,nv,5,nv,0.06269288,0.046307754,0.0076249344,0.111199014,0.017090913,0.67762816,0.07745629,0.33783296,0.03489456,-1.7689914,0.9109065,-0.96186817,2.7181838,0.5492988,efficientnet_b0,train,0,ml/checkpoints/oof/efficientnet_b0-oof_f0_best.pt
ISIC_0027561,4,mel,2,bkl,0.059392992,0.0024815982,0.70651394,0.08537745,0.06367895,0.027039751,0.055515353,-0.83614355,-4.011417,1.6400232,-0.4732377,-0.76646566,-1.6230116,-0.90366006,efficientnet_b0,train,0,ml/checkpoints/oof/efficientnet_b0-oof_f0_best.pt
ISIC_0027571,5,nv,5,nv,0.024286566,0.0070412164,0.004154413,0.074563995,0.061016504,0.7653683,0.06356896,-1.5443285,-2.7824707,-3.3100805,-0.422594,-0.6231073,1.9061054,-0.58212656,efficientnet_b0,train,0,ml/checkpoints/oof/efficientnet_b0-oof_f0_best.pt
ISIC_0027585,5,nv,5,nv,0.014735216,0.039675757,0.019468483,0.08930266,0.0025388836,0.79379934,0.04047963,-2.218643,-1.2281431,-1.9400864,-0.41685194,-3.9771588,1.7679474,-1.2080843,efficientnet_b0,train,0,ml/checkpoints/oof/efficientnet_b0-oof_f0_best.pt
ISIC_0027589,5,nv,5,nv,0.039468776,0.021981599,0.004449797,0.1044846,0.009343079,0.7780214,0.04225069,-0.5087774,-1.0940815,-2.691429,0.46475255,-1.9496514,2.4724667,-0.4406666,efficientnet_b0,train,0,ml/checkpoints/oof/efficientnet_b0-oof_f0_best.pt
ISIC_0027595,1,bcc,1,bcc,0.008033939,0.96416193,0.0008137479,0.014376495,0.0020255074,0.0006531381,0.009935105,-2.4276323,2.3599517,-4.7174125,-1.8457127,-3.8054874,-4.937274,-2.215233,efficientnet_b0,train,0,ml/checkpoints/oof/efficientnet_b0-oof_f0_best.pt
ISIC_0027611,5,nv,5,nv,0.019541353,0.03799832,0.01050882,0.10871363,0.0051098666,0.7792456,0.038882345,-1.2680075,-0.6029984,-1.8883252,0.4481767,-2.6093671,2.417786,-0.5800003,efficientnet_b0,train,0,ml/checkpoints/oof/efficientnet_b0-oof_f0_best.pt
ISIC_0027623,5,nv,5,nv,0.009917178,0.015321987,0.002131661,0.08075377,0.002621079,0.84176356,0.04749074,-1.7619767,-1.3269566,-3.299344,0.33515924,-3.0926592,2.6792538,-0.19571066,efficientnet_b0,train,0,ml/checkpoints/oof/efficientnet_b0-oof_f0_best.pt
ISIC_0027630,5,nv,5,nv,0.045713045,0.04957999,0.017706493,0.12284187,0.010238496,0.68643224,0.06748781,-0.032334104,0.048869517,-0.9807864,0.9561802,-1.528563,2.6767898,0.35722926,efficientnet_b0,train,0,ml/checkpoints/oof/efficientnet_b0-oof_f0_best.pt
ISIC_0027633,5,nv,5,nv,0.03378567,0.017227015,0.009339155,0.11442009,0.03880066,0.71236145,0.07406594,-0.73425674,-1.4078147,-2.0200775,0.48558322,-0.5958563,2.314292,0.05066225,efficientnet_b0,train,0,ml/checkpoints/oof/efficientnet_b0-oof_f0_best.pt
ISIC_0027639,5,nv,2,bkl,0.27761024,0.0018152245,0.59435487,0.060388442,0.001389751,0.03279523,0.031646244,0.8243528,-4.205656,1.5856112,-0.7010675,-4.4727407,-1.3115821,-1.3472457,efficientnet_b0,train,0,ml/checkpoints/oof/efficientnet_b0-oof_f0_best.pt
ISIC_0027645,5,nv,5,nv,0.012504664,0.045864444,0.0029679693,0.05466495,0.0067714006,0.8452765,0.031950146,-0.9359194,0.36366907,-2.374143,0.5392017,-1.5493131,3.2776427,0.002155887,efficientnet_b0,train,0,ml/checkpoints/oof/efficientnet_b0-oof_f0_best.pt
ISIC_0027651,4,mel,5,nv,0.032660678,0.10085705,0.25839177,0.11042089,0.03849656,0.4191983,0.039974745,-1.5033233,-0.37579104,0.56498164,-0.28519598,-1.3389263,1.0488489,-1.3012475,efficientnet_b0,train,0,ml/checkpoints/oof/efficientnet_b0-oof_f0_best.pt
ISIC_0027655,5,nv,5,nv,0.04726825,0.02932226,0.015470061,0.098733366,0.013235937,0.70734274,0.08862741,-0.04487756,-0.5223693,-1.1618097,0.69170666,-1.3177807,2.660799,0.58372486,efficientnet_b0,train,0,ml/checkpoints/oof/efficientnet_b0-oof_f0_best.pt
ISIC_0027673,4,mel,4,mel,0.014159359,0.015515753,0.014770517,0.05753479,0.8321362,0.023101037,0.04278237,-1.622324,-1.530844,-1.5800667,-0.22030999,2.4512963,-1.1328223,-0.51657367,efficientnet_b0,train,0,ml/checkpoints/oof/efficientnet_b0-oof_f0_best.pt
ISIC_0027680,2,bkl,2,bkl,0.02407876,0.07092945,0.56247896,0.04167955,0.2489294,0.005531721,0.046372168,-2.384192,-1.3038363,0.76683164,-1.8355114,-0.048352763,-3.8550231,-1.7288227,efficientnet_b0,train,0,ml/checkpoints/oof/efficientnet_b0-oof_f0_best.pt
ISIC_0027697,5,nv,5,nv,0.029906072,0.027391508,0.012993578,0.07037035,0.067845106,0.7124625,0.079030864,-0.78415006,-0.8719785,-1.6177562,0.07156046,0.03501562,2.3865156,0.18762672,efficientnet_b0,train,0,ml/checkpoints/oof/efficientnet_b0-oof_f0_best.pt
ISIC_0027700,0,akiec,5,nv,0.116308,0.04818685,0.07727245,0.32813972,0.011386877,0.37972832,0.03897784,-1.4534224,-2.3345783,-1.8623267,-0.41622493,-3.7772028,-0.2702083,-2.5466712,efficientnet_b0,train,0,ml/checkpoints/oof/efficientnet_b0-oof_f0_best.pt
ISIC_0027705,5,nv,5,nv,0.03558657,0.032770474,0.016361618,0.07443196,0.013282796,0.7537283,0.07383838,-0.4175277,-0.49996802,-1.1945577,0.32038957,-1.4030263,2.635536,0.31238273,efficientnet_b0,train,0,ml/checkpoints/oof/efficientnet_b0-oof_f0_best.pt
ISIC_0027708,0,akiec,0,akiec,0.63464946,0.20886879,0.06530526,0.028010804,0.0125761805,0.001989292,0.0486002,1.4315445,0.32017794,-0.84245557,-1.6889379,-2.4897237,-4.3337493,-1.1379005,efficientnet_b0,train,0,ml/checkpoints/oof/efficientnet_b0-oof_f0_best.pt
ISIC_0027720,5,nv,5,nv,0.031171935,0.013407413,0.006038013,0.07859815,0.006219256,0.8201378,0.044427503,-0.09201229,-0.9357227,-1.7334558,0.8328176,-1.7038802,3.1779418,0.2623282,efficientnet_b0,train,0,ml/checkpoints/oof/efficientnet_b0-oof_f0_best.pt
ISIC_0027726,5,nv,5,nv,0.025432877,0.017650353,0.00542583,0.07046262,0.0045526894,0.8356016,0.040873963,-0.09839815,-0.463685,-1.6432699,0.9206414,-1.8187227,3.393711,0.37605235,efficientnet_b0,train,0,ml/checkpoints/oof/efficientnet_b0-oof_f0_best.pt
ISIC_0027729,5,nv,5,nv,0.032057013,0.017352168,0.01974078,0.079453506,0.24259345,0.51757115,0.09123188,-0.7736565,-1.3874551,-1.2584862,0.13399935,1.2502143,2.0079744,0.2722318,efficientnet_b0,train,0,ml/checkpoints/oof/efficientnet_b0-oof_f0_best.pt
ISIC_0027730,5,nv,5,nv,0.034282133,0.014974523,0.004441756,0.08139487,0.0028944626,0.80568767,0.056324568,-0.21089825,-1.0391723,-2.2544725,0.6537897,-2.6827233,2.9461737,0.28560835,efficientnet_b0,train,0,ml/checkpoints/oof/efficientnet_b0-oof_f0_best.pt
ISIC_0027732,5,nv,5,nv,0.0460506,0.018847832,0.007691073,0.073125176,0.01031575,0.80637974,0.03758975,-0.042917296,-0.9362601,-1.8325977,0.41951472,-1.5389862,2.8198967,-0.24592665,efficientnet_b0,train,0,ml/checkpoints/oof/efficientnet_b0-oof_f0_best.pt
ISIC_0027738,5,nv,5,nv,0.010742726,0.018582793,0.010138919,0.060392376,0.003940168,0.8644141,0.031788964,-1.3475516,-0.7995443,-1.4053992,0.37908256,-2.350557,3.0402715,-0.26266125,efficientnet_b0,train,0,ml/checkpoints/oof/efficientnet_b0-oof_f0_best.pt
ISIC_0027746,5,nv,5,nv,0.036835298,0.026665177,0.011238696,0.14545228,0.008402557,0.69498605,0.076419964,-0.6849985,-1.0080968,-1.8720921,0.68839294,-2.162919,2.2524366,0.04478874,efficientnet_b0,train,0,ml/checkpoints/oof/efficientnet_b0-oof_f0_best.pt
ISIC_0027750,5,nv,5,nv,0.029110191,0.011291754,0.009651827,0.084460676,0.0050108675,0.8183185,0.04215628,0.054034762,-0.89298093,-1.0499067,1.1192325,-1.7054446,3.390198,0.42432997,efficientnet_b0,train,0,ml/checkpoints/oof/efficientnet_b0-oof_f0_best.pt
ISIC_0027755,5,nv,5,nv,0.011033845,0.009679819,0.01996202,0.071828686,0.0039142636,0.8246295,0.058951806,-1.5762613,-1.7071855,-0.98339754,0.297055,-2.6126018,2.7377052,0.09949129,efficientnet_b0,train,0,ml/checkpoints/oof/efficientnet_b0-oof_f0_best.pt
ISIC_0027760,2,bkl,2,bkl,0.013527047,0.007882819,0.7183157,0.09637826,0.11113939,0.01508441,0.037672397,-1.800385,-2.3403907,2.171833,0.16320449,0.30570897,-1.6914142,-0.7761486,efficientnet_b0,train,0,ml/checkpoints/oof/efficientnet_b0-oof_f0_best.pt
ISIC_0027767,0,akiec,2,bkl,0.024462428,0.015934117,0.8990152,0.01924346,0.0043369737,0.015368518,0.021639183,-1.5268445,-1.9555203,2.077317,-1.7668117,-3.2568061,-1.9916619,-1.6494771,efficientnet_b0,train,0,ml/checkpoints/oof/efficientnet_b0-oof_f0_best.pt
ISIC_0027770,2,bkl,0,akiec,0.52855474,0.026063023,0.35298887,0.046445306,0.007924069,0.0006815217,0.037342533,1.5707582,-1.4388707,1.1670483,-0.86111265,-2.6294835,-5.082815,-1.0792552,efficientnet_b0,train,0,ml/checkpoints/oof/efficientnet_b0-oof_f0_best.pt
ISIC_0027773,5,nv,5,nv,0.039803155,0.017509151,0.011999675,0.057371326,0.017808635,0.8011556,0.0543525,-0.033944033,-0.8551667,-1.2330106,0.33165428,-0.8382069,2.968165,0.27760026,efficientnet_b0,train,0,ml/checkpoints/oof/efficientnet_b0-oof_f0_best.pt
ISIC_0027774,1,bcc,1,bcc,0.00045380872,0.9781823,0.004442661,0.0045091384,0.002296442,0.0050204606,0.0050950735,-4.6929297,2.982846,-2.4115963,-2.3967443,-3.071489,-2.2893283,-2.274576,efficientnet_b0,train,0,ml/checkpoints/oof/efficientnet_b0-oof_f0_best.pt
ISIC_0027780,2,bkl,2,bkl,0.14771414,0.18246178,0.3255154,0.08857597,0.04753061,0.08436773,0.123834275,-1.5582161,-1.3469542,-0.76808524,-2.0696344,-2.692121,-2.11831,-1.7345508,efficientnet_b0,train,0,ml/checkpoints/oof/efficientnet_b0-oof_f0_best.pt
ISIC_0027783,5,nv,5,nv,0.024756752,0.016061341,0.13786975,0.08046811,0.08517313,0.57488734,0.08078359,-1.3422343,-1.7749174,0.3749768,-0.16347158,-0.10664652,1.8028415,-0.15955862,efficientnet_b0,train,0,ml/checkpoints/oof/efficientnet_b0-oof_f0_best.pt
ISIC_0027793,4,mel,5,nv,0.04054079,0.029757882,0.006841646,0.077208765,0.019149384,0.77589405,0.050607555,-0.4979471,-0.8071617,-2.2772272,0.14625712,-1.2479852,2.4537601,-0.27615505,efficientnet_b0,train,0,ml/checkpoints/oof/efficientnet_b0-oof_f0_best.pt
ISIC_0027812,5,nv,5,nv,0.06878107,0.06925424,0.008576328,0.06075003,0.024800304,0.6674858,0.10035224,0.24001646,0.2468721,-1.8419061,0.11585545,-0.78005636,2.512606,0.6177742,efficientnet_b0,train,0,ml/checkpoints/oof/efficientnet_b0-oof_f0_best.pt
ISIC_0027813,5,nv,5,nv,0.04043538,0.019985259,0.0038435385,0.07541313,0.007553954,0.80008614,0.052682612,0.0046231877,-0.7000871,-2.3486886,0.6278994,-1.673011,2.9896374,0.26920334,efficientnet_b0,train,0,ml/checkpoints/oof/efficientnet_b0-oof_f0_best.pt
ISIC_0027814,1,bcc,0,akiec,0.79873604,0.075341776,0.00083632884,0.033502962,0.0005589522,0.04699825,0.044025708,1.1249543,-1.2360413,-5.7368097,-2.0464423,-6.1397676,-1.7079656,-1.7733026,efficientnet_b0,train,0,ml/checkpoints/oof/efficientnet_b0-oof_f0_best.pt
ISIC_0027823,5,nv,5,nv,0.024966989,0.030808864,0.005791701,0.07412743,0.0065684235,0.8129592,0.044777457,-0.5597374,-0.34948942,-2.0208662,0.5284937,-1.8950179,2.923389,0.024412857,efficientnet_b0,train,0,ml/checkpoints/oof/efficientnet_b0-oof_f0_best.pt
ISIC_0027828,2,bkl,5,nv,0.045970336,0.03832161,0.057852197,0.09793642,0.032810573,0.56318635,0.16392249,-1.2139235,-1.3959056,-0.98402816,-0.4576011,-1.5511688,1.291691,0.057474136,efficientnet_b0,train,0,ml/checkpoints/oof/efficientnet_b0-oof_f0_best.pt
ISIC_0027832,4,mel,2,bkl,0.05556121,0.015639957,0.2797495,0.20290421,0.14748311,0.21884827,0.079813644,-1.8934671,-3.1611233,-0.2770577,-0.5982183,-0.9172387,-0.5225736,-1.5312579,efficientnet_b0,train,0,ml/checkpoints/oof/efficientnet_b0-oof_f0_best.pt
ISIC_0027846,1,bcc,1,bcc,0.030795826,0.83908355,0.012118432,0.03500794,0.013883328,0.0029025937,0.06620851,-1.624866,1.680065,-2.5575175,-1.4966704,-2.4215565,-3.9866407,-0.8594362,efficientnet_b0,train,0,ml/checkpoints/oof/efficientnet_b0-oof_f0_best.pt
ISIC_0027849,5,nv,4,mel,0.02612822,0.011326031,0.019292327,0.10550484,0.3925609,0.37639934,0.06878837,-1.5539799,-2.3898923,-1.8572885,-0.15823902,1.1556958,1.1136547,-0.5859612,efficientnet_b0,train,0,ml/checkpoints/oof/efficientnet_b0-oof_f0_best.pt
ISIC_0027850,2,bkl,2,bkl,0.03973221,0.134765,0.5787222,0.06386867,0.14600426,0.015514605,0.021393066,-2.1601765,-0.9388061,0.5184838,-1.6855098,-0.858703,-3.1005569,-2.7792718,efficientnet_b0,train,0,ml/checkpoints/oof/efficientnet_b0-oof_f0_best.pt
ISIC_0027852,5,nv,4,mel,0.0129281115,0.022444623,0.0053864205,0.086706445,0.570117,0.23569752,0.066719875,-3.2570379,-2.705391,-4.1325607,-1.3539138,0.52939963,-0.35389262,-1.6159391,efficientnet_b0,train,0,ml/checkpoints/oof/efficientnet_b0-oof_f0_best.pt
ISIC_0027872,4,mel,5,nv,0.046157327,0.017915625,0.024205996,0.2689738,0.09734351,0.47664934,0.06875443,-2.3280294,-3.274412,-2.9734848,-0.5654712,-1.581839,0.0066960007,-1.929544,efficientnet_b0,train,0,ml/checkpoints/oof/efficientnet_b0-oof_f0_best.pt
ISIC_0027881,5,nv,5,nv,0.063080706,0.02742892,0.027543178,0.11307641,0.0154835405,0.6841646,0.06922267,0.1917745,-0.64104253,-0.6368854,0.7754234,-1.2128627,2.5755582,0.2846881,efficientnet_b0,train,0,ml/checkpoints/oof/efficientnet_b0-oof_f0_best.pt
ISIC_0027882,5,nv,5,nv,0.055486888,0.04115769,0.010020835,0.11145647,0.021409927,0.6713347,0.089133516,0.02262961,-0.2761064,-1.6888504,0.720117,-0.92966247,2.5157506,0.49661824,efficientnet_b0,train,0,ml/checkpoints/oof/efficientnet_b0-oof_f0_best.pt
ISIC_0027884,0,akiec,1,bcc,0.034190238,0.8401039,0.06327802,0.023659881,0.0052012843,0.005528178,0.028038442,-0.43187645,2.769709,0.18372148,-0.8000357,-2.314911,-2.2539585,-0.63023984,efficientnet_b0,train,0,ml/checkpoints/oof/efficientnet_b0-oof_f0_best.pt
ISIC_0027908,5,nv,2,bkl,0.120998405,0.029225409,0.46296602,0.10239446,0.03222944,0.19543846,0.05674783,-1.6637505,-3.0844896,-0.32187432,-1.8306953,-2.9866478,-1.1842824,-2.4209106,efficientnet_b0,train,0,ml/checkpoints/oof/efficientnet_b0-oof_f0_best.pt
ISIC_0027914,5,nv,5,nv,0.022109637,0.0114302505,0.010850305,0.06615211,0.0046577947,0.8368418,0.04795809,-0.3421383,-1.0018884,-1.0539584,0.75380486,-1.8996099,3.2914832,0.4321756,efficientnet_b0,train,0,ml/checkpoints/oof/efficientnet_b0-oof_f0_best.pt
ISIC_0027915,1,bcc,1,bcc,0.0042312667,0.94597185,0.0017575484,0.014122205,0.02022328,0.0041874484,0.009506375,-4.098213,1.3114983,-4.9767947,-2.892966,-2.53388,-4.108623,-3.2887518,efficientnet_b0,train,0,ml/checkpoints/oof/efficientnet_b0-oof_f0_best.pt
ISIC_0027930,0,akiec,0,akiec,0.37255123,0.036846194,0.14079346,0.2734643,0.023721877,0.046569083,0.1060538,-1.0837057,-3.397328,-2.0567863,-1.3929092,-3.8376825,-3.1631434,-2.3401337,efficientnet_b0,train,0,ml/checkpoints/oof/efficientnet_b0-oof_f0_best.pt
ISIC_0027953,2,bkl,2,bkl,0.054016665,0.011345444,0.7645416,0.1185438,0.00030903472,0.0125626875,0.03868067,-1.0696388,-2.630115,1.5803452,-0.28364873,-6.233233,-2.5282,-1.4035914,efficientnet_b0,train,0,ml/checkpoints/oof/efficientnet_b0-oof_f0_best.pt
ISIC_0027956,4,mel,4,mel,0.033882186,0.0072024604,0.0022623672,0.10444741,0.45074192,0.34528628,0.056177497,-0.91738635,-2.465853,-3.6238642,0.20840788,1.6706191,1.404098,-0.41175956,efficientnet_b0,train,0,ml/checkpoints/oof/efficientnet_b0-oof_f0_best.pt
ISIC_0027961,5,nv,5,nv,0.0077036507,0.010319213,0.09387253,0.1617652,0.008966428,0.61804754,0.09932542,-2.7040446,-2.4117317,-0.20380127,0.3404069,-2.5522518,1.6808263,-0.14733759,efficientnet_b0,train,0,ml/checkpoints/oof/efficientnet_b0-oof_f0_best.pt
ISIC_0027966,1,bcc,1,bcc,0.0018248004,0.9778983,0.0004193672,0.009032685,0.0023724455,0.0010801207,0.0073724138,-2.3053489,3.9785862,-3.775828,-0.70597,-2.0428982,-2.8297467,-0.90907437,efficientnet_b0,train,0,ml/checkpoints/oof/efficientnet_b0-oof_f0_best.pt
ISIC_0027967,2,bkl,2,bkl,0.3294353,0.013086525,0.48673162,0.054754082,0.043591794,0.02504687,0.047353864,0.19719397,-3.0286028,0.587527,-1.597334,-1.825317,-2.379437,-1.7425375,efficientnet_b0,train,0,ml/checkpoints/oof/efficientnet_b0-oof_f0_best.pt
ISIC_0027974,5,nv,2,bkl,0.038414374,0.026035883,0.5765108,0.15632725,0.0059837713,0.14427303,0.05245488,-1.279714,-1.6686702,1.4288484,0.12380585,-3.1390948,0.043561935,-0.9681922,efficientnet_b0,train,0,ml/checkpoints/oof/efficientnet_b0-oof_f0_best.pt
ISIC_0027990,2,bkl,2,bkl,0.0074541257,0.0081443805,0.89690614,0.033934444,0.027568914,0.004322541,0.02166946,-1.7080096,-1.6194491,3.0821738,-0.19234674,-0.40008864,-2.2529337,-0.64087355,efficientnet_b0,train,0,ml/checkpoints/oof/efficientnet_b0-oof_f0_best.pt
ISIC_0028002,5,nv,5,nv,0.016592704,0.099242546,0.0011211633,0.17278606,0.0028467437,0.6238952,0.08351551,-2.292971,-0.50436705,-4.987567,0.0501204,-4.055758,1.3340486,-0.6769016,efficientnet_b0,train,0,ml/checkpoints/oof/efficientnet_b0-oof_f0_best.pt
ISIC_0028004,5,nv,5,nv,0.033271927,0.018307162,0.017967364,0.08947273,0.0083536925,0.7687097,0.06391741,-0.1685301,-0.7659517,-0.784687,0.82068986,-1.5505402,2.9714694,0.48434773,efficientnet_b0,train,0,ml/checkpoints/oof/efficientnet_b0-oof_f0_best.pt
ISIC_0028005,5,nv,5,nv,0.057830207,0.02994658,0.02372039,0.094435275,0.01436122,0.7265586,0.05314781,0.37022263,-0.28787348,-0.52095366,0.860626,-1.0227569,2.9010305,0.28578827,efficientnet_b0,train,0,ml/checkpoints/oof/efficientnet_b0-oof_f0_best.pt
ISIC_0028011,5,nv,5,nv,0.03234136,0.030533453,0.009212074,0.07353783,0.0065548597,0.7853712,0.062449206,-0.42126027,-0.47878423,-1.6770926,0.40019268,-2.0174003,2.7685492,0.23674637,efficientnet_b0,train,0,ml/checkpoints/oof/efficientnet_b0-oof_f0_best.pt
ISIC_0028020,2,bkl,2,bkl,0.017106121,0.01826036,0.6158768,0.13917202,0.008051338,0.07232989,0.12920345,-1.9502141,-1.884918,1.6333965,0.14606023,-2.7038121,-0.508413,0.07173783,efficientnet_b0,train,0,ml/checkpoints/oof/efficientnet_b0-oof_f0_best.pt
ISIC_0028024,5,nv,5,nv,0.023679806,0.013430766,0.0066285185,0.0898729,0.007033132,0.812238,0.04711687,-0.366863,-0.9339378,-1.6401043,0.9669109,-1.5808536,3.1683078,0.3211456,efficientnet_b0,train,0,ml/checkpoints/oof/efficientnet_b0-oof_f0_best.pt
ISIC_0028030,5,nv,5,nv,0.075252905,0.009935714,0.009757275,0.07132209,0.0036154906,0.7874285,0.04268805,0.6001492,-1.4245694,-1.442692,0.5465008,-2.4354777,2.9480672,0.0332136,efficientnet_b0,train,0,ml/checkpoints/oof/efficientnet_b0-oof_f0_best.pt
ISIC_0028036,5,nv,5,nv,0.17004308,0.039739378,0.10037195,0.084714584,0.010232349,0.50463504,0.09026366,0.27195016,-1.1817592,-0.25521886,-0.42481387,-2.5385475,1.3597338,-0.36136672,efficientnet_b0,train,0,ml/checkpoints/oof/efficientnet_b0-oof_f0_best.pt
ISIC_0028053,5,nv,5,nv,0.026753321,0.03144112,0.023015117,0.146372,0.0041761803,0.731345,0.03689728,-1.3521653,-1.1907076,-1.5026729,0.3473274,-3.2094269,1.9560612,-1.0306863,efficientnet_b0,train,0,ml/checkpoints/oof/efficientnet_b0-oof_f0_best.pt
ISIC_0028056,4,mel,5,nv,0.13497607,0.016618835,0.1369811,0.15160662,0.005351613,0.48064557,0.07382022,-0.2652258,-2.3597867,-0.2504803,-0.14903411,-3.4929252,1.0048069,-0.8686906,efficientnet_b0,train,0,ml/checkpoints/oof/efficientnet_b0-oof_f0_best.pt
ISIC_0028065,4,mel,5,nv,0.027051492,0.020506531,0.0055180737,0.054881673,0.031166304,0.8212745,0.039601356,-0.56245565,-0.8394544,-2.152169,0.1449815,-0.42086032,2.8506596,-0.18133453,efficientnet_b0,train,0,ml/checkpoints/oof/efficientnet_b0-oof_f0_best.pt
ISIC_0028066,5,nv,5,nv,0.014371305,0.021249557,0.04653088,0.11157628,0.01876997,0.73090833,0.056593608,-1.8112063,-1.4201039,-0.6363237,0.23826861,-1.5441817,2.1178482,-0.4405438,efficientnet_b0,train,0,ml/checkpoints/oof/efficientnet_b0-oof_f0_best.pt
ISIC_0028075,4,mel,4,mel,0.029579347,0.059578862,0.009339409,0.044284496,0.7600207,0.042282037,0.054915182,-1.8766764,-1.1764519,-3.02951,-1.4731181,1.3695928,-1.5193905,-1.2579631,efficientnet_b0,train,0,ml/checkpoints/oof/efficientnet_b0-oof_f0_best.pt
ISIC_0028077,5,nv,5,nv,0.023722103,0.018437874,0.0031098991,0.10795437,0.010593515,0.7921407,0.044041563,-0.7816545,-1.0336548,-2.8134718,0.73364675,-1.5878196,2.7266772,-0.16292816,efficientnet_b0,train,0,ml/checkpoints/oof/efficientnet_b0-oof_f0_best.pt
ISIC_0028082,4,mel,3,df,0.0057125613,0.0020416547,0.0006235669,0.7138115,0.25578907,0.0004202286,0.021601424,-3.553235,-4.582142,-5.768202,1.2747166,0.24845079,-6.1628585,-2.223143,efficientnet_b0,train,0,ml/checkpoints/oof/efficientnet_b0-oof_f0_best.pt
ISIC_0028096,5,nv,5,nv,0.08717057,0.035523295,0.008983805,0.09337097,0.0071237045,0.71289724,0.054930415,0.4223234,-0.47535464,-1.8501196,0.49103722,-2.0821152,2.523794,-0.039476193,efficientnet_b0,train,0,ml/checkpoints/oof/efficientnet_b0-oof_f0_best.pt
ISIC_0028100,2,bkl,2,bkl,0.045952175,0.13750097,0.4949137,0.15881099,0.05283146,0.03204487,0.07794582,-2.4403238,-1.3442942,-0.063541725,-1.2002105,-2.3008182,-2.800788,-1.9119111,efficientnet_b0,train,0,ml/checkpoints/oof/efficientnet_b0-oof_f0_best.pt
ISIC_0028101,5,nv,5,nv,0.06542257,0.03628203,0.03949726,0.094077,0.04877322,0.6120938,0.10385411,-0.67456967,-1.2641145,-1.1792058,-0.31132346,-0.9682555,1.5614485,-0.21244994,efficientnet_b0,train,0,ml/checkpoints/oof/efficientnet_b0-oof_f0_best.pt
ISIC_0028114,4,mel,4,mel,0.01812011,0.016614737,0.013178499,0.06950964,0.7873457,0.04431548,0.05091586,-1.5101973,-1.5969296,-1.8286328,-0.16575415,2.261448,-0.6158855,-0.47704494,efficientnet_b0,train,0,ml/checkpoints/oof/efficientnet_b0-oof_f0_best.pt
ISIC_0028115,5,nv,5,nv,0.017845066,0.023048017,0.023853628,0.15276109,0.052537672,0.6236832,0.10627127,-1.8383054,-1.5824529,-1.5480962,0.30884266,-0.7585021,1.71561,-0.05403761,efficientnet_b0,train,0,ml/checkpoints/oof/efficientnet_b0-oof_f0_best.pt
ISIC_0028119,5,nv,5,nv,0.045317788,0.03578327,0.009619455,0.14153588,0.012342105,0.7031357,0.05226584,-0.5233726,-0.7595918,-2.0732844,0.615481,-1.8240558,2.2184777,-0.38072908,efficientnet_b0,train,0,ml/checkpoints/oof/efficientnet_b0-oof_f0_best.pt
ISIC_0028127,4,mel,4,mel,0.01182507,0.005866943,0.005829355,0.023573527,0.92107314,0.010009158,0.021822851,-0.42110822,-1.1219965,-1.1284237,0.2687944,3.9342093,-0.5878296,0.19162762,efficientnet_b0,train,0,ml/checkpoints/oof/efficientnet_b0-oof_f0_best.pt
ISIC_0028135,5,nv,5,nv,0.030400468,0.021223871,0.0103852535,0.13773341,0.053380195,0.67132664,0.07555025,-1.0660682,-1.4253997,-2.1401396,0.44479382,-0.5030862,2.0287297,-0.15572801,efficientnet_b0,train,0,ml/checkpoints/oof/efficientnet_b0-oof_f0_best.pt
ISIC_0028139,5,nv,5,nv,0.05064889,0.017692635,0.008283582,0.07260577,0.07251664,0.70057356,0.07767895,-0.110504396,-1.1622733,-1.9211466,0.24962264,0.24839422,2.5164776,0.3171626,efficientnet_b0,train,0,ml/checkpoints/oof/efficientnet_b0-oof_f0_best.pt
ISIC_0028144,5,nv,5,nv,0.034751665,0.023192536,0.0078009586,0.11497745,0.008825867,0.7299926,0.08045889,-0.04434541,-0.4487423,-1.5383263,1.1521631,-1.414886,3.0004616,0.79517335,efficientnet_b0,train,0,ml/checkpoints/oof/efficientnet_b0-oof_f0_best.pt
ISIC_0028150,5,nv,5,nv,0.011285863,0.0039595105,0.009830064,0.04600644,0.0091195665,0.89006233,0.029736225,-1.3525535,-2.3999841,-1.4906588,0.05267691,-1.5656823,3.015187,-0.38373846,efficientnet_b0,train,0,ml/checkpoints/oof/efficientnet_b0-oof_f0_best.pt
ISIC_0028154,5,nv,5,nv,0.041020405,0.026515028,0.01489903,0.079028815,0.019178832,0.7519465,0.06741128,-0.59062696,-1.0269849,-1.6034006,0.06511594,-1.3508893,2.3179686,-0.09388429,efficientnet_b0,train,0,ml/checkpoints/oof/efficientnet_b0-oof_f0_best.pt
ISIC_0028160,5,nv,5,nv,0.024250604,0.02806078,0.0067418106,0.0887194,0.003494368,0.78423864,0.06449436,-0.48322755,-0.33729598,-1.7633405,0.81380963,-2.4205163,2.9930444,0.49490878,efficientnet_b0,train,0,ml/checkpoints/oof/efficientnet_b0-oof_f0_best.pt
ISIC_0028165,2,bkl,2,bkl,0.38475728,0.007614714,0.41775182,0.050583813,0.010217889,0.026362117,0.10271241,1.0781933,-2.844337,1.1604681,-0.9507878,-2.5502794,-1.6024913,-0.24248648,efficientnet_b0,train,0,ml/checkpoints/oof/efficientnet_b0-oof_f0_best.pt
ISIC_0028176,5,nv,5,nv,0.047560524,0.029160863,0.00970829,0.090522826,0.008812812,0.7365329,0.07770173,0.32024828,-0.16892722,-1.2687745,0.9638474,-1.3655481,3.0601993,0.81112283,efficientnet_b0,train,0,ml/checkpoints/oof/efficientnet_b0-oof_f0_best.pt
ISIC_0028178,5,nv,5,nv,0.04072929,0.024328034,0.008049273,0.083269365,0.0032014786,0.7661656,0.07425694,0.1453777,-0.3699406,-1.4759884,0.8605109,-2.397957,3.0798285,0.7459614,efficientnet_b0,train,0,ml/checkpoints/oof/efficientnet_b0-oof_f0_best.pt
ISIC_0028182,5,nv,5,nv,0.01521413,0.009720043,0.007992318,0.09100402,0.016909422,0.80734915,0.051810846,-1.4413638,-1.8893981,-2.0851078,0.34731525,-1.3357174,2.5301678,-0.21598884,efficientnet_b0,train,0,ml/checkpoints/oof/efficientnet_b0-oof_f0_best.pt
ISIC_0028206,5,nv,5,nv,0.047958717,0.02248131,0.013342778,0.12110291,0.009591773,0.71267605,0.07284648,0.060421355,-0.69723475,-1.218944,0.98672146,-1.5490133,2.7591078,0.47843495,efficientnet_b0,train,0,ml/checkpoints/oof/efficientnet_b0-oof_f0_best.pt
ISIC_0028217,5,nv,5,nv,0.032557778,0.0029826022,0.0011520623,0.106747314,0.012372414,0.8112871,0.03290082,-1.2848786,-3.675099,-4.6263413,-0.0974304,-2.2524257,1.9307271,-1.2743974,efficientnet_b0,train,0,ml/checkpoints/oof/efficientnet_b0-oof_f0_best.pt
ISIC_0028224,0,akiec,0,akiec,0.9796593,0.0004920369,0.00078147824,0.015896292,4.149754e-06,0.00017388564,0.002992834,3.9348679,-3.6615386,-3.1989052,-0.1862512,-8.437043,-4.7016945,-1.8561163,efficientnet_b0,train,0,ml/checkpoints/oof/efficientnet_b0-oof_f0_best.pt
ISIC_0028230,5,nv,4,mel,0.009601108,0.01645173,0.014488546,0.099334426,0.65947,0.1640975,0.03655665,-2.3412993,-1.8027475,-1.9298197,-0.0046858257,1.8882585,0.49728274,-1.0043149,efficientnet_b0,train,0,ml/checkpoints/oof/efficientnet_b0-oof_f0_best.pt
ISIC_0028235,5,nv,5,nv,0.027048266,0.0650639,0.023797728,0.1043528,0.035317376,0.6640972,0.080322795,-1.7186084,-0.8408611,-1.8466408,-0.3684536,-1.4518559,1.4821974,-0.6301776,efficientnet_b0,train,0,ml/checkpoints/oof/efficientnet_b0-oof_f0_best.pt
ISIC_0028246,5,nv,5,nv,0.04670371,0.010588384,0.006001426,0.10368691,0.02546728,0.7638032,0.04374914,-0.61700785,-2.1010737,-2.6688342,0.18054448,-1.2234367,2.1774788,-0.6823594,efficientnet_b0,train,0,ml/checkpoints/oof/efficientnet_b0-oof_f0_best.pt
ISIC_0028250,5,nv,5,nv,0.03205636,0.026831964,0.012653544,0.10423058,0.021068817,0.7394218,0.0637369,-0.1165922,-0.2944939,-1.0461504,1.0625179,-0.5362936,3.0217807,0.5706758,efficientnet_b0,train,0,ml/checkpoints/oof/efficientnet_b0-oof_f0_best.pt
ISIC_0028255,5,nv,5,nv,0.015145321,0.009460866,0.009046971,0.11115616,0.025206575,0.76288486,0.06709922,-1.6056393,-2.0761669,-2.1209009,0.38760495,-1.0962261,2.313776,-0.1171586,efficientnet_b0,train,0,ml/checkpoints/oof/efficientnet_b0-oof_f0_best.pt
ISIC_0028264,2,bkl,2,bkl,0.35053557,0.010118309,0.5017456,0.077544294,0.008182698,0.006763218,0.045110293,0.92612267,-2.6189928,1.2847537,-0.5824902,-2.8313177,-3.0218408,-1.124229,efficientnet_b0,train,0,ml/checkpoints/oof/efficientnet_b0-oof_f0_best.pt
ISIC_0028265,5,nv,5,nv,0.020748679,0.036352687,0.01309383,0.09388547,0.124315895,0.6058114,0.10579203,-1.762269,-1.2014834,-2.2226105,-0.25267598,0.02807422,1.6118171,-0.13327646,efficientnet_b0,train,0,ml/checkpoints/oof/efficientnet_b0-oof_f0_best.pt
ISIC_0028266,5,nv,5,nv,0.045783587,0.015983444,0.007860118,0.080568776,0.009208529,0.80404633,0.03654924,0.3076749,-0.7446974,-1.454449,0.8728604,-1.2961208,3.1734061,0.082409546,efficientnet_b0,train,0,ml/checkpoints/oof/efficientnet_b0-oof_f0_best.pt
ISIC_0028275,5,nv,5,nv,0.07104383,0.04798024,0.026521258,0.0969299,0.012696016,0.6761963,0.068632506,0.38967222,-0.0028351732,-0.595678,0.70036334,-1.3323364,2.6428587,0.35514173,efficientnet_b0,train,0,ml/checkpoints/oof/efficientnet_b0-oof_f0_best.pt
ISIC_0028290,5,nv,5,nv,0.06512949,0.015835177,0.0051733498,0.06258704,0.005309732,0.80400527,0.041959923,0.35214412,-1.0619994,-2.1807127,0.31232473,-2.1546917,2.8653724,-0.08751853,efficientnet_b0,train,0,ml/checkpoints/oof/efficientnet_b0-oof_f0_best.pt
ISIC_0028291,4,mel,4,mel,0.027463049,0.014990708,0.023420285,0.1044548,0.540203,0.13486199,0.15460616,-1.553672,-2.159083,-1.7129109,-0.21775898,1.4254315,0.037738547,0.1743675,efficientnet_b0,train,0,ml/checkpoints/oof/efficientnet_b0-oof_f0_best.pt
ISIC_0028299,5,nv,5,nv,0.008415085,0.008106474,0.009239115,0.07968239,0.012347264,0.8524762,0.029733535,-2.5397203,-2.5770836,-2.4463007,-0.291698,-2.1563118,2.0783987,-1.2774711,efficientnet_b0,train,0,ml/checkpoints/oof/efficientnet_b0-oof_f0_best.pt
ISIC_0028307,5,nv,5,nv,0.041418813,0.0051353443,0.002415962,0.07683911,0.058996662,0.7638095,0.05138458,-0.74882114,-2.836409,-3.5904584,-0.1308425,-0.39507532,2.1657622,-0.53321815,efficientnet_b0,train,0,ml/checkpoints/oof/efficientnet_b0-oof_f0_best.pt
ISIC_0028312,5,nv,5,nv,0.03985145,0.025032979,0.0077272197,0.07867555,0.012378068,0.7650404,0.07129435,0.051001035,-0.4139635,-1.5894089,0.7311746,-1.1182317,3.005771,0.6326595,efficientnet_b0,train,0,ml/checkpoints/oof/efficientnet_b0-oof_f0_best.pt
ISIC_0028317,4,mel,2,bkl,0.0030699756,0.016873503,0.5165905,0.08216006,0.2529707,0.039314073,0.08902126,-3.885538,-2.181463,1.2400428,-0.5985384,0.52606606,-1.3356252,-0.51833236,efficientnet_b0,train,0,ml/checkpoints/oof/efficientnet_b0-oof_f0_best.pt
ISIC_0028321,5,nv,5,nv,0.027259799,0.008221578,0.0016839475,0.07096435,0.000638099,0.8332867,0.057945494,-0.16194871,-1.3605994,-2.9462206,0.7948159,-3.9166236,3.258016,0.59214103,efficientnet_b0,train,0,ml/checkpoints/oof/efficientnet_b0-oof_f0_best.pt
ISIC_0028326,4,mel,5,nv,0.049613982,0.04110823,0.021904597,0.119475,0.2483392,0.4450065,0.07455251,-0.17724693,-0.36531144,-0.9948232,0.7015875,1.4332758,2.0165691,0.22998405,efficientnet_b0,train,0,ml/checkpoints/oof/efficientnet_b0-oof_f0_best.pt
ISIC_0028327,5,nv,5,nv,0.025561968,0.011525375,0.0069855675,0.081800014,0.003971852,0.82601655,0.044138696,-0.44931448,-1.245869,-1.7465737,0.7138575,-2.3111877,3.0261948,0.09691695,efficientnet_b0,train,0,ml/checkpoints/oof/efficientnet_b0-oof_f0_best.pt
ISIC_0028333,5,nv,5,nv,0.018084228,0.01547667,0.01964432,0.09037857,0.005950755,0.7746851,0.07578031,-1.2042065,-1.3599129,-1.1214584,0.40476048,-2.3157284,2.55321,0.22859195,efficientnet_b0,train,0,ml/checkpoints/oof/efficientnet_b0-oof_f0_best.pt
ISIC_0028336,2,bkl,5,nv,0.022193147,0.0805766,0.047658183,0.22600019,0.008690974,0.35319507,0.26168585,-3.026625,-1.7372003,-2.2623541,-0.70587265,-3.9641235,-0.25938797,-0.55926377,efficientnet_b0,train,0,ml/checkpoints/oof/efficientnet_b0-oof_f0_best.pt
ISIC_0028357,5,nv,5,nv,0.13807088,0.003398664,0.0074065127,0.33710366,0.0011245961,0.42022988,0.09266582,-0.027710067,-3.732095,-2.9531176,0.8649132,-4.838053,1.0853246,-0.4264776,efficientnet_b0,train,0,ml/checkpoints/oof/efficientnet_b0-oof_f0_best.pt
ISIC_0028371,5,nv,5,nv,0.053688813,0.022802375,0.0036112743,0.11757411,0.07720458,0.65620476,0.0689141,-0.033116892,-0.8894566,-2.7322607,0.75074744,0.33013722,2.4701514,0.21653928,efficientnet_b0,train,0,ml/checkpoints/oof/efficientnet_b0-oof_f0_best.pt
ISIC_0028376,2,bkl,2,bkl,0.008057635,0.0024892082,0.96758,0.010611961,0.0003592233,0.0021311133,0.008770863,-1.114586,-2.2892418,3.6735919,-0.8392247,-4.225017,-2.444562,-1.0297711,efficientnet_b0,train,0,ml/checkpoints/oof/efficientnet_b0-oof_f0_best.pt
ISIC_0028379,5,nv,5,nv,0.048751026,0.027190126,0.017369369,0.087773085,0.009764677,0.7485824,0.06056929,0.19679339,-0.3870791,-0.8352245,0.7848221,-1.4111614,2.9282484,0.41385505,efficientnet_b0,train,0,ml/checkpoints/oof/efficientnet_b0-oof_f0_best.pt
ISIC_0028393,0,akiec,0,akiec,0.92477316,0.0018557264,0.022152336,0.01562709,0.0051421034,0.011075756,0.019373879,2.8725817,-3.3386903,-0.8590239,-1.207961,-2.3195047,-1.5522081,-0.993041,efficientnet_b0,train,0,ml/checkpoints/oof/efficientnet_b0-oof_f0_best.pt
ISIC_0028414,2,bkl,0,akiec,0.468912,0.013196111,0.058322825,0.086271234,0.22435653,0.09502221,0.05391909,-0.13663338,-3.7071264,-2.221055,-1.8295523,-0.8738121,-1.7329379,-2.299564,efficientnet_b0,train,0,ml/checkpoints/oof/efficientnet_b0-oof_f0_best.pt
ISIC_0028416,5,nv,5,nv,0.03798797,0.012584795,0.017126055,0.10321234,0.0055480273,0.759503,0.06403778,-0.06596012,-1.1707404,-0.86262864,0.9335587,-1.9897872,2.9294345,0.4562436,efficientnet_b0,train,0,ml/checkpoints/oof/efficientnet_b0-oof_f0_best.pt
ISIC_0028427,5,nv,5,nv,0.052014854,0.026963431,0.007886688,0.11848389,0.017937684,0.6746518,0.10206169,-0.20637849,-0.86342627,-2.0927317,0.6168693,-1.271004,2.356289,0.46766964,efficientnet_b0,train,0,ml/checkpoints/oof/efficientnet_b0-oof_f0_best.pt
ISIC_0028433,5,nv,5,nv,0.0188217,0.010358302,0.0024140766,0.07984815,0.004317314,0.83914256,0.045097813,-0.3219274,-0.9191496,-2.3756208,1.1231889,-1.7943045,3.475443,0.55189615,efficientnet_b0,train,0,ml/checkpoints/oof/efficientnet_b0-oof_f0_best.pt
ISIC_0028444,5,nv,5,nv,0.028644297,0.016013218,0.007182238,0.09996123,0.012957912,0.76765484,0.06758623,-0.39981017,-0.98134995,-1.7831533,0.85001796,-1.1930578,2.8885758,0.45863983,efficientnet_b0,train,0,ml/checkpoints/oof/efficientnet_b0-oof_f0_best.pt
ISIC_0028450,5,nv,5,nv,0.2623118,0.09858568,0.053957686,0.04309765,0.18510552,0.26864314,0.08829857,-0.17374213,-1.15235,-1.7550758,-1.9798075,-0.52234995,-0.14989208,-1.2625521,efficientnet_b0,train,0,ml/checkpoints/oof/efficientnet_b0-oof_f0_best.pt
ISIC_0028453,5,nv,6,vasc,0.025623804,0.00707966,0.0012296605,0.06395085,0.0023550338,0.018511608,0.8812494,-1.0704694,-2.356765,-4.107253,-0.15587641,-3.4574358,-1.3955933,2.4673495,efficientnet_b0,train,0,ml/checkpoints/oof/efficientnet_b0-oof_f0_best.pt
ISIC_0028462,5,nv,5,nv,0.022104388,0.01538448,0.0035985287,0.07387766,0.001873467,0.8311336,0.052027937,-0.23965889,-0.6020757,-2.05491,0.9669755,-2.7076442,3.3873556,0.6163459,efficientnet_b0,train,0,ml/checkpoints/oof/efficientnet_b0-oof_f0_best.pt
ISIC_0028475,5,nv,5,nv,0.055071574,0.045578424,0.028745707,0.09462744,0.010515412,0.6937681,0.07169339,0.095879294,-0.09331993,-0.55426604,0.6371931,-1.5599127,2.6293833,0.3596442,efficientnet_b0,train,0,ml/checkpoints/oof/efficientnet_b0-oof_f0_best.pt
ISIC_0028484,5,nv,5,nv,0.017898496,0.037990425,0.008142891,0.06241602,0.027492708,0.789112,0.056947485,-1.0249332,-0.27231598,-1.8125048,0.22417195,-0.59572935,2.7612581,0.13247953,efficientnet_b0,train,0,ml/checkpoints/oof/efficientnet_b0-oof_f0_best.pt
ISIC_0028487,5,nv,5,nv,0.048134036,0.027523817,0.016414363,0.09933243,0.067288496,0.68354106,0.05776579,-0.8446174,-1.403555,-1.9204502,-0.12013485,-0.50961745,1.8086798,-0.66221035,efficientnet_b0,train,0,ml/checkpoints/oof/efficientnet_b0-oof_f0_best.pt
ISIC_0028493,4,mel,3,df,0.21417534,0.0053702556,0.019747077,0.39857575,0.072410434,0.2067907,0.08293036,-0.9948956,-4.680815,-3.3786852,-0.37379304,-2.0793402,-1.0299834,-1.9436893,efficientnet_b0,train,0,ml/checkpoints/oof/efficientnet_b0-oof_f0_best.pt
ISIC_0028500,5,nv,5,nv,0.045176566,0.01534062,0.008595174,0.08664266,0.012405797,0.7659364,0.06590279,-0.18939763,-1.269472,-1.8487753,0.46181634,-1.4818122,2.641123,0.18820477,efficientnet_b0,train,0,ml/checkpoints/oof/efficientnet_b0-oof_f0_best.pt
ISIC_0028502,5,nv,5,nv,0.048614457,0.034052312,0.008798069,0.09277577,0.010050369,0.7349303,0.070778795,0.2891909,-0.066832334,-1.4201982,0.9354554,-1.2871209,3.0050454,0.6648292,efficientnet_b0,train,0,ml/checkpoints/oof/efficientnet_b0-oof_f0_best.pt
ISIC_0028518,5,nv,5,nv,0.037190758,0.021942386,0.017273283,0.08545722,0.21867731,0.5490341,0.07042487,-0.6811323,-1.2087723,-1.4480315,0.15082325,1.0904045,2.010968,-0.042646244,efficientnet_b0,train,0,ml/checkpoints/oof/efficientnet_b0-oof_f0_best.pt
ISIC_0028523,5,nv,5,nv,0.017769104,0.013192761,0.0041405815,0.09794138,0.0077810315,0.8020498,0.05712526,-0.86427325,-1.1620662,-2.3208985,0.8426347,-1.6900454,2.9454362,0.30351195,efficientnet_b0,train,0,ml/checkpoints/oof/efficientnet_b0-oof_f0_best.pt
ISIC_0028525,2,bkl,5,nv,0.20853935,0.027152307,0.06941852,0.13416602,0.073586404,0.45169133,0.035446085,-1.2961657,-3.3348315,-2.3961399,-1.7372155,-2.3378332,-0.52329445,-3.0682807,efficientnet_b0,train,0,ml/checkpoints/oof/efficientnet_b0-oof_f0_best.pt
ISIC_0028531,5,nv,5,nv,0.054436952,0.020093068,0.025570635,0.06475203,0.027701315,0.7074683,0.0999777,-0.25192437,-1.2485926,-1.0075227,-0.07840248,-0.92748773,2.3127253,0.3559797,efficientnet_b0,train,0,ml/checkpoints/oof/efficientnet_b0-oof_f0_best.pt
ISIC_0028538,5,nv,5,nv,0.014581522,0.019180095,0.0044126543,0.21104543,0.013712464,0.68912035,0.04794753,-2.3201137,-2.0459957,-3.5153925,0.35220483,-2.3815634,1.5355473,-1.1297615,efficientnet_b0,train,0,ml/checkpoints/oof/efficientnet_b0-oof_f0_best.pt
ISIC_0028540,5,nv,5,nv,0.04254721,0.02753996,0.0026907325,0.09859438,0.061002936,0.71025556,0.057369255,-0.2466593,-0.6816356,-3.00746,0.59374064,0.113648504,2.5683513,0.05223479,efficientnet_b0,train,0,ml/checkpoints/oof/efficientnet_b0-oof_f0_best.pt
ISIC_0028561,5,nv,5,nv,0.039804243,0.024308523,0.008305277,0.11689073,0.004171653,0.72222626,0.084293306,-0.073664285,-0.5668106,-1.6407465,1.0036019,-2.3293254,2.8247008,0.6766649,efficientnet_b0,train,0,ml/checkpoints/oof/efficientnet_b0-oof_f0_best.pt
ISIC_0028580,5,nv,5,nv,0.07250005,0.021499783,0.018134413,0.12116669,0.020357987,0.6760499,0.070291154,-0.32278714,-1.5383314,-1.7085629,0.19079293,-1.592901,1.9098926,-0.35372832,efficientnet_b0,train,0,ml/checkpoints/oof/efficientnet_b0-oof_f0_best.pt
ISIC_0028582,4,mel,5,nv,0.046286825,0.022286842,0.017833272,0.10038397,0.10300406,0.6698779,0.040327158,-1.1327245,-1.8635854,-2.086516,-0.35857946,-0.33281347,1.5395136,-1.2705567,efficientnet_b0,train,0,ml/checkpoints/oof/efficientnet_b0-oof_f0_best.pt
ISIC_0028589,5,nv,5,nv,0.031192567,0.10061227,0.013096694,0.074878305,0.120253675,0.4722816,0.18768498,-2.5754445,-1.40435,-3.4432645,-1.6997601,-1.2260208,0.14195116,-0.78085935,efficientnet_b0,train,0,ml/checkpoints/oof/efficientnet_b0-oof_f0_best.pt
ISIC_0028594,5,nv,5,nv,0.023344774,0.039375022,0.024145354,0.11832842,0.04444771,0.5877217,0.16263697,-1.3086118,-0.7858533,-1.2748928,0.31447908,-0.66467154,1.9172686,0.63253564,efficientnet_b0,train,0,ml/checkpoints/oof/efficientnet_b0-oof_f0_best.pt
ISIC_0028597,5,nv,5,nv,0.027061619,0.018700438,0.021787945,0.0786476,0.008724929,0.7764824,0.068595074,-0.6858668,-1.0554364,-0.9026265,0.3809939,-1.8177991,2.6707907,0.24423751,efficientnet_b0,train,0,ml/checkpoints/oof/efficientnet_b0-oof_f0_best.pt
ISIC_0028598,5,nv,5,nv,0.3268454,0.0053254534,0.063036844,0.061127834,0.05263827,0.43697336,0.05405286,-0.016378475,-4.133368,-1.6621464,-1.6928985,-1.8424225,0.2740065,-1.8159033,efficientnet_b0,train,0,ml/checkpoints/oof/efficientnet_b0-oof_f0_best.pt
ISIC_0028614,5,nv,5,nv,0.014147015,0.029116206,0.0062888693,0.1312564,0.0026713985,0.7852231,0.03129699,-2.2515042,-1.5297126,-3.0622263,-0.023854911,-3.9184058,1.7649603,-1.4574857,efficientnet_b0,train,0,ml/checkpoints/oof/efficientnet_b0-oof_f0_best.pt
ISIC_0028616,5,nv,5,nv,0.030353943,0.011604917,0.0032656314,0.10962045,0.0067467606,0.80589634,0.032511886,-0.1784356,-1.139933,-2.4079087,1.1056619,-1.6822996,3.100593,-0.109756164,efficientnet_b0,train,0,ml/checkpoints/oof/efficientnet_b0-oof_f0_best.pt
ISIC_0028620,5,nv,5,nv,0.05261879,0.033747863,0.02511325,0.10310333,0.0133535825,0.670702,0.10136119,0.028397107,-0.41575915,-0.71128047,0.7010556,-1.3428916,2.5736487,0.68401414,efficientnet_b0,train,0,ml/checkpoints/oof/efficientnet_b0-oof_f0_best.pt
ISIC_0028621,5,nv,5,nv,0.007755768,0.33874887,0.0018433435,0.06559184,0.097927086,0.43653417,0.051598866,-3.8855977,-0.10877544,-5.3224535,-1.750583,-1.3498112,0.1448322,-1.9905348,efficientnet_b0,train,0,ml/checkpoints/oof/efficientnet_b0-oof_f0_best.pt
ISIC_0028623,2,bkl,2,bkl,0.008451316,0.005277216,0.799359,0.07287345,0.0071032345,0.047102075,0.05983358,-1.9154011,-2.3863246,2.634087,0.2390012,-2.0891728,-0.19740601,0.041843824,efficientnet_b0,train,0,ml/checkpoints/oof/efficientnet_b0-oof_f0_best.pt
ISIC_0028625,5,nv,5,nv,0.05438722,0.054422546,0.08977578,0.15106694,0.22570798,0.35827732,0.066362135,-1.8961868,-1.8955375,-1.3950008,-0.87459296,-0.47307396,-0.011008695,-1.6971895,efficientnet_b0,train,0,ml/checkpoints/oof/efficientnet_b0-oof_f0_best.pt
ISIC_0028627,5,nv,5,nv,0.058359303,0.025186151,0.006814402,0.070036665,0.007686653,0.7640577,0.067859136,0.49219373,-0.34813067,-1.6553867,0.6745939,-1.5349396,3.0642183,0.6430089,efficientnet_b0,train,0,ml/checkpoints/oof/efficientnet_b0-oof_f0_best.pt
ISIC_0028636,5,nv,5,nv,0.0059157945,0.017958533,0.011157549,0.10170481,0.030481352,0.77348286,0.059299074,-2.86284,-1.7524002,-2.2283492,-0.018390886,-1.2233505,2.010438,-0.55787194,efficientnet_b0,train,0,ml/checkpoints/oof/efficientnet_b0-oof_f0_best.pt
ISIC_0028653,1,bcc,1,bcc,0.016682308,0.9227002,0.010346295,0.021686468,0.008308044,0.0049561313,0.015320574,-0.60123724,3.4117186,-1.0789574,-0.3388972,-1.2983617,-1.8149601,-0.686389,efficientnet_b0,train,0,ml/checkpoints/oof/efficientnet_b0-oof_f0_best.pt
ISIC_0028655,4,mel,4,mel,0.073127516,0.051163666,0.21877213,0.08575191,0.48398373,0.047379974,0.039821114,-1.3782717,-1.7354469,-0.2824458,-1.219018,0.51157486,-1.8122768,-1.9860791,efficientnet_b0,train,0,ml/checkpoints/oof/efficientnet_b0-oof_f0_best.pt
ISIC_0028663,5,nv,5,nv,0.023198867,0.015397536,0.0057317764,0.07796024,0.019750658,0.822445,0.03551596,-0.72457486,-1.1344706,-2.122653,0.4875207,-0.8854914,2.8436034,-0.29869607,efficientnet_b0,train,0,ml/checkpoints/oof/efficientnet_b0-oof_f0_best.pt
ISIC_0028666,4,mel,4,mel,0.054788776,0.0102422405,0.11136155,0.26365063,0.4806579,0.022865618,0.056433238,-1.5370555,-3.2140205,-0.8277587,0.034083996,0.63461494,-2.4109066,-1.5074825,efficientnet_b0,train,0,ml/checkpoints/oof/efficientnet_b0-oof_f0_best.pt
ISIC_0028669,5,nv,5,nv,0.03181679,0.018418176,0.0064083356,0.074493065,0.0074778516,0.80590385,0.0554819,0.064115085,-0.48254114,-1.5382797,0.91482675,-1.3839337,3.2960854,0.6201776,efficientnet_b0,train,0,ml/checkpoints/oof/efficientnet_b0-oof_f0_best.pt
ISIC_0028680,6,vasc,6,vasc,0.0042231875,0.0006324869,0.0018621718,0.007570679,0.021720765,0.0017948083,0.96219593,-1.7771603,-3.6758463,-2.596007,-1.1934679,-0.1394819,-2.632852,3.6514676,efficientnet_b0,train,0,ml/checkpoints/oof/efficientnet_b0-oof_f0_best.pt
ISIC_0028684,5,nv,5,nv,0.047752485,0.022384062,0.0037348839,0.051882163,0.044473283,0.7674598,0.06231336,-0.08501117,-0.8426931,-2.6333256,-0.0020672092,-0.15615362,2.6920438,0.18113355,efficientnet_b0,train,0,ml/checkpoints/oof/efficientnet_b0-oof_f0_best.pt
ISIC_0028694,5,nv,5,nv,0.046562232,0.031421214,0.02087633,0.074184254,0.019124977,0.7226907,0.08514029,-0.3330891,-0.7263957,-1.135263,0.13267307,-1.2228837,2.4091024,0.27042148,efficientnet_b0,train,0,ml/checkpoints/oof/efficientnet_b0-oof_f0_best.pt
ISIC_0028696,4,mel,5,nv,0.036898825,0.013324641,0.0067637158,0.09594587,0.097225696,0.66008186,0.08975948,-0.47209454,-1.4906592,-2.168702,0.4835099,0.49676076,2.4120896,0.4168593,efficientnet_b0,train,0,ml/checkpoints/oof/efficientnet_b0-oof_f0_best.pt
ISIC_0028701,2,bkl,2,bkl,0.045522206,0.014072821,0.7571397,0.024471061,0.10449774,0.02649378,0.027802657,-1.7296947,-2.9036498,1.0816528,-2.3504038,-0.89872956,-2.2709851,-2.2227633,efficientnet_b0,train,0,ml/checkpoints/oof/efficientnet_b0-oof_f0_best.pt
ISIC_0028706,5,nv,6,vasc,0.0074339216,0.013166246,0.0031359692,0.032750774,0.020856692,0.11109429,0.8115621,-3.3506799,-2.779077,-4.213795,-1.8678068,-2.3190584,-0.6463539,1.3422277,efficientnet_b0,train,0,ml/checkpoints/oof/efficientnet_b0-oof_f0_best.pt
ISIC_0028720,5,nv,5,nv,0.053122953,0.023032399,0.0074805105,0.1420276,0.019529153,0.65989846,0.09490888,0.05970213,-0.776005,-1.9006058,1.0431145,-0.94099855,2.579179,0.6400104,efficientnet_b0,train,0,ml/checkpoints/oof/efficientnet_b0-oof_f0_best.pt
ISIC_0028722,5,nv,5,nv,0.036670264,0.016169615,0.0023284908,0.051193655,0.012946248,0.8276091,0.053082615,0.14974797,-0.6690845,-2.606998,0.48339716,-0.891412,3.2663226,0.5196311,efficientnet_b0,train,0,ml/checkpoints/oof/efficientnet_b0-oof_f0_best.pt
ISIC_0028726,5,nv,5,nv,0.050384596,0.022131616,0.004641049,0.083157934,0.0031189327,0.77180123,0.064764716,0.44171456,-0.38096374,-1.9430306,0.9427707,-2.34048,3.170756,0.6927901,efficientnet_b0,train,0,ml/checkpoints/oof/efficientnet_b0-oof_f0_best.pt
ISIC_0028745,5,nv,5,nv,0.018670892,0.016692877,0.005394135,0.054346364,0.009295277,0.86402804,0.031572476,-0.778654,-0.8906377,-2.0203073,0.28975803,-1.4761133,3.0559855,-0.25333408,efficientnet_b0,train,0,ml/checkpoints/oof/efficientnet_b0-oof_f0_best.pt
ISIC_0028754,5,nv,5,nv,0.055380095,0.026927125,0.019154726,0.10456964,0.043653324,0.6774392,0.07287585,-0.1323745,-0.8534606,-1.1940453,0.5032584,-0.37031537,2.371725,0.14216247,efficientnet_b0,train,0,ml/checkpoints/oof/efficientnet_b0-oof_f0_best.pt
ISIC_0028755,5,nv,5,nv,0.018619305,0.029693626,0.17294328,0.07643705,0.02469405,0.60336417,0.07424851,-1.7745184,-1.3077852,0.45424622,-0.3622499,-1.4921551,1.7038035,-0.39129975,efficientnet_b0,train,0,ml/checkpoints/oof/efficientnet_b0-oof_f0_best.pt
ISIC_0028765,1,bcc,1,bcc,0.016858311,0.8680721,0.002903429,0.064150065,0.0033135505,0.0056653605,0.03903728,-0.506144,3.435287,-2.2650952,0.8302373,-2.1329677,-1.596617,0.33352932,efficientnet_b0,train,0,ml/checkpoints/oof/efficientnet_b0-oof_f0_best.pt
ISIC_0028774,2,bkl,4,mel,0.14147156,0.003924294,0.090829164,0.03424648,0.6981914,0.0028002409,0.02853689,0.28260216,-3.3023102,-0.16051623,-1.1359128,1.8789967,-3.639791,-1.3182988,efficientnet_b0,train,0,ml/checkpoints/oof/efficientnet_b0-oof_f0_best.pt
ISIC_0028780,5,nv,5,nv,0.042068813,0.024553994,0.0063990466,0.08921868,0.07160326,0.70543945,0.0607168,-0.0385572,-0.5769894,-1.9217148,0.71322656,0.4932765,2.780957,0.32835662,efficientnet_b0,train,0,ml/checkpoints/oof/efficientnet_b0-oof_f0_best.pt
ISIC_0028790,3,df,0,akiec,0.5260794,0.02145983,0.0124857845,0.35978538,0.043944523,0.0011760239,0.035069052,0.64907086,-2.5501983,-3.0917907,0.2691263,-1.8334533,-5.454242,-2.0590622,efficientnet_b0,train,0,ml/checkpoints/oof/efficientnet_b0-oof_f0_best.pt
ISIC_0028803,5,nv,5,nv,0.07331598,0.021033349,0.016049715,0.09098936,0.01737621,0.70035917,0.08087618,0.13843375,-1.1102357,-1.3806537,0.35439765,-1.3012428,2.3952484,0.23657441,efficientnet_b0,train,0,ml/checkpoints/oof/efficientnet_b0-oof_f0_best.pt
ISIC_0028805,5,nv,5,nv,0.06369371,0.038534716,0.018736731,0.11056817,0.005510583,0.6755553,0.08740072,0.120464794,-0.3820614,-1.1031352,0.6720113,-2.3269508,2.481914,0.43688247,efficientnet_b0,train,0,ml/checkpoints/oof/efficientnet_b0-oof_f0_best.pt
ISIC_0028807,1,bcc,1,bcc,0.18885481,0.74142295,0.0068245907,0.030646529,0.01467347,0.0008953038,0.016682327,-0.047935955,1.3196567,-3.368382,-1.8663951,-2.6028736,-5.3995066,-2.4745648,efficientnet_b0,train,0,ml/checkpoints/oof/efficientnet_b0-oof_f0_best.pt
ISIC_0028815,1,bcc,1,bcc,0.0017203041,0.97357506,0.0021626058,0.010788591,0.0006187203,0.0014824385,0.00965214,-2.490605,3.8478687,-2.2617927,-0.65461695,-3.5132082,-2.6394176,-0.76592684,efficientnet_b0,train,0,ml/checkpoints/oof/efficientnet_b0-oof_f0_best.pt
ISIC_0028821,5,nv,5,nv,0.03198074,0.055288732,0.020473247,0.11099872,0.01328437,0.69245476,0.07551937,-0.9021446,-0.35470948,-1.3481594,0.34224015,-1.7806904,2.1729643,-0.042889453,efficientnet_b0,train,0,ml/checkpoints/oof/efficientnet_b0-oof_f0_best.pt
ISIC_0028847,4,mel,5,nv,0.11503973,0.028750965,0.012710339,0.13561319,0.08305257,0.5159203,0.10891293,-0.9760467,-2.362653,-3.1789083,-0.8115176,-1.3018504,0.52462804,-1.0307754,efficientnet_b0,train,0,ml/checkpoints/oof/efficientnet_b0-oof_f0_best.pt
ISIC_0028850,5,nv,5,nv,0.05051844,0.022975083,0.01583423,0.09014921,0.009688187,0.7369559,0.073878914,0.025954096,-0.761974,-1.1342105,0.6050817,-1.625477,2.7061436,0.40604305,efficientnet_b0,train,0,ml/checkpoints/oof/efficientnet_b0-oof_f0_best.pt
ISIC_0028857,5,nv,5,nv,0.027474519,0.027691917,0.0070014764,0.089822166,0.13612545,0.6159443,0.09594015,-0.9925093,-0.9846276,-2.3596475,0.1920634,0.6078085,2.1173882,0.2579563,efficientnet_b0,train,0,ml/checkpoints/oof/efficientnet_b0-oof_f0_best.pt
ISIC_0028869,5,nv,5,nv,0.029958567,0.018990556,0.009666308,0.1064793,0.005106871,0.77726847,0.052529883,-0.5037753,-0.95964897,-1.6349444,0.76435995,-2.2730036,2.7521951,0.05779142,efficientnet_b0,train,0,ml/checkpoints/oof/efficientnet_b0-oof_f0_best.pt
ISIC_0028871,1,bcc,1,bcc,0.01749258,0.9371724,0.00056033826,0.029750425,0.0021916172,0.0014105777,0.011422002,-0.61399007,3.3671005,-4.0549817,-0.0829233,-2.6911268,-3.1317677,-1.0402255,efficientnet_b0,train,0,ml/checkpoints/oof/efficientnet_b0-oof_f0_best.pt
ISIC_0028873,5,nv,4,mel,0.045287903,0.012116256,0.3556531,0.092088886,0.39689314,0.021366566,0.07659403,-0.84324074,-2.1617327,1.217675,-0.13352655,1.3273863,-1.5944533,-0.31776163,efficientnet_b0,train,0,ml/checkpoints/oof/efficientnet_b0-oof_f0_best.pt
ISIC_0028877,1,bcc,1,bcc,0.04900668,0.88447595,0.014757405,0.025118662,0.0044899597,0.0023143818,0.019836975,-0.394696,2.4983428,-1.5949073,-1.0630416,-2.7848089,-3.44751,-1.2991049,efficientnet_b0,train,0,ml/checkpoints/oof/efficientnet_b0-oof_f0_best.pt
ISIC_0028878,4,mel,2,bkl,0.08622073,0.021000149,0.64366865,0.067182094,0.018503329,0.08149588,0.081929095,-0.6254332,-2.0378146,1.3848401,-0.8749371,-2.1643934,-0.6817914,-0.67648965,efficientnet_b0,train,0,ml/checkpoints/oof/efficientnet_b0-oof_f0_best.pt
ISIC_0028880,3,df,5,nv,0.031065088,0.04610296,0.014147649,0.31831977,0.013792012,0.43208423,0.14448829,-3.0026526,-2.60786,-3.7891886,-0.67568064,-3.8146474,-0.3701166,-1.4655386,efficientnet_b0,train,0,ml/checkpoints/oof/efficientnet_b0-oof_f0_best.pt
ISIC_0028883,5,nv,5,nv,0.021547535,0.020059517,0.0030708918,0.0607403,0.009353597,0.8436344,0.041593745,-1.2193179,-1.2908758,-3.1676116,-0.18297188,-2.0538185,2.44814,-0.5616296,efficientnet_b0,train,0,ml/checkpoints/oof/efficientnet_b0-oof_f0_best.pt
ISIC_0028888,5,nv,2,bkl,0.04898322,0.009719396,0.43839112,0.079692975,0.01875945,0.3262321,0.07822166,-1.1133695,-2.7307236,1.0782644,-0.6266658,-2.0731494,0.78276205,-0.6453006,efficientnet_b0,train,0,ml/checkpoints/oof/efficientnet_b0-oof_f0_best.pt
ISIC_0028899,4,mel,4,mel,0.012558612,0.0024276378,0.006614895,0.04132535,0.8902011,0.022691473,0.024180906,-0.8304866,-2.4739747,-1.4715693,0.3605825,3.430554,-0.23890434,-0.17533004,efficientnet_b0,train,0,ml/checkpoints/oof/efficientnet_b0-oof_f0_best.pt
ISIC_0028902,5,nv,5,nv,0.07840924,0.04587854,0.011334165,0.15402052,0.007633196,0.60489464,0.097829685,0.14158621,-0.39435792,-1.7925339,0.8167304,-2.1878488,2.1846988,0.36287254,efficientnet_b0,train,0,ml/checkpoints/oof/efficientnet_b0-oof_f0_best.pt
ISIC_0028915,4,mel,4,mel,0.016769096,0.13963318,0.06250142,0.1179217,0.56782967,0.02331525,0.07202957,-3.0742188,-0.95473766,-1.7585671,-1.1237355,0.448065,-2.7446487,-1.6166798,efficientnet_b0,train,0,ml/checkpoints/oof/efficientnet_b0-oof_f0_best.pt
ISIC_0028920,2,bkl,2,bkl,0.009954062,0.011468495,0.81551373,0.056363672,0.008677133,0.03497673,0.06304616,-1.5901214,-1.4484982,2.8157163,0.1437227,-1.7274108,-0.33341902,0.25576514,efficientnet_b0,train,0,ml/checkpoints/oof/efficientnet_b0-oof_f0_best.pt
ISIC_0028923,5,nv,5,nv,0.051832538,0.019652542,0.0041527115,0.12997732,0.025156416,0.7279285,0.041300006,-1.1007129,-2.0705242,-3.6249695,-0.18137112,-1.8236179,1.5414718,-1.3278683,efficientnet_b0,train,0,ml/checkpoints/oof/efficientnet_b0-oof_f0_best.pt
ISIC_0028929,4,mel,4,mel,0.024398971,0.0008850884,0.0003324106,0.04316278,0.86543804,0.047701962,0.018080661,-1.191267,-4.507876,-5.4871926,-0.6208292,2.3774278,-0.5208354,-1.490965,efficientnet_b0,train,0,ml/checkpoints/oof/efficientnet_b0-oof_f0_best.pt
ISIC_0028930,4,mel,4,mel,0.046620376,0.005863164,0.03408781,0.0803629,0.4910593,0.28595668,0.05604972,-1.3996646,-3.473013,-1.7127622,-0.8551496,0.9548626,0.41413802,-1.215463,efficientnet_b0,train,0,ml/checkpoints/oof/efficientnet_b0-oof_f0_best.pt
ISIC_0028931,2,bkl,4,mel,0.2546513,0.0071530985,0.022155622,0.068493284,0.61144793,0.014088168,0.02201059,0.04942947,-3.52292,-2.3923743,-1.26373,0.92536414,-2.8451304,-2.398942,efficientnet_b0,train,0,ml/checkpoints/oof/efficientnet_b0-oof_f0_best.pt
ISIC_0028936,5,nv,5,nv,0.040638667,0.03072797,0.0114778355,0.084259056,0.016209638,0.75616723,0.060519513,-0.089201935,-0.3687487,-1.3535041,0.6399742,-1.008316,2.8343406,0.30904377,efficientnet_b0,train,0,ml/checkpoints/oof/efficientnet_b0-oof_f0_best.pt
ISIC_0028949,5,nv,5,nv,0.031045403,0.019995518,0.013308586,0.10734443,0.02057253,0.7235722,0.084161356,-0.3738788,-0.81382126,-1.2209201,0.8667133,-0.7853726,2.7748709,0.6234065,efficientnet_b0,train,0,ml/checkpoints/oof/efficientnet_b0-oof_f0_best.pt
ISIC_0028968,4,mel,4,mel,0.20106433,0.005541265,0.0017483252,0.02142679,0.7507291,0.0036855482,0.01580465,0.96295106,-2.6284509,-3.7820153,-1.276032,2.280371,-3.0362546,-1.5803698,efficientnet_b0,train,0,ml/checkpoints/oof/efficientnet_b0-oof_f0_best.pt
ISIC_0028973,1,bcc,3,df,0.07600587,0.34686613,0.0122338245,0.4830588,0.004649766,0.012110048,0.06507559,-0.41782966,1.1002988,-2.2444355,1.4314982,-3.2118235,-2.2546048,-0.5730907,efficientnet_b0,train,0,ml/checkpoints/oof/efficientnet_b0-oof_f0_best.pt
ISIC_0028974,5,nv,5,nv,0.06937074,0.02616415,0.012309444,0.1256375,0.06448129,0.6243304,0.07770651,-0.5440139,-1.519089,-2.2731123,0.04992175,-0.6171042,1.6532006,-0.43053997,efficientnet_b0,train,0,ml/checkpoints/oof/efficientnet_b0-oof_f0_best.pt
ISIC_0029009,5,nv,5,nv,0.05546163,0.02426134,0.012220213,0.117158584,0.017566351,0.70307255,0.07025933,0.20684849,-0.6199588,-1.3057514,0.95468545,-0.94285774,2.746617,0.44335002,efficientnet_b0,train,0,ml/checkpoints/oof/efficientnet_b0-oof_f0_best.pt
ISIC_0029036,2,bkl,2,bkl,0.017673213,0.0007447334,0.9315883,0.023758529,0.004820663,0.0029172886,0.018497251,-0.313027,-3.479806,3.651814,-0.017135289,-1.6121656,-2.1144226,-0.26745492,efficientnet_b0,train,0,ml/checkpoints/oof/efficientnet_b0-oof_f0_best.pt
ISIC_0029052,3,df,3,df,4.9050566e-05,0.00019239269,2.1087535e-05,0.9922672,8.310531e-05,8.543914e-05,0.007301752,-6.409029,-5.0423417,-7.2531986,3.5058675,-5.8817716,-5.8540754,-1.4060106,efficientnet_b0,train,0,ml/checkpoints/oof/efficientnet_b0-oof_f0_best.pt
ISIC_0029082,1,bcc,3,df,0.11171389,0.20162228,0.02297243,0.5467995,0.009289449,0.02830262,0.0792999,-0.1296691,0.4607859,-1.7113154,1.458472,-2.6167307,-1.5026559,-0.47237334,efficientnet_b0,train,0,ml/checkpoints/oof/efficientnet_b0-oof_f0_best.pt
ISIC_0029091,5,nv,5,nv,0.05424911,0.016596124,0.0063754073,0.08803644,0.015206564,0.7362935,0.08324287,0.33397198,-0.8504455,-1.8071665,0.8181362,-0.93788743,2.9420142,0.762148,efficientnet_b0,train,0,ml/checkpoints/oof/efficientnet_b0-oof_f0_best.pt
ISIC_0029097,5,nv,5,nv,0.04357456,0.03357401,0.006113792,0.10515226,0.010217776,0.7206233,0.08074432,0.07027209,-0.19044904,-1.8936539,0.9512082,-1.3800725,2.8759153,0.6870864,efficientnet_b0,train,0,ml/checkpoints/oof/efficientnet_b0-oof_f0_best.pt
ISIC_0029102,2,bkl,4,mel,0.03195955,0.01760715,0.18142799,0.04986773,0.68093914,0.006476201,0.031722255,-1.2525222,-1.848688,0.48386574,-0.80761904,1.8064798,-2.8488588,-1.2599746,efficientnet_b0,train,0,ml/checkpoints/oof/efficientnet_b0-oof_f0_best.pt
ISIC_0029104,5,nv,5,nv,0.020216795,0.03768425,0.005389919,0.09307723,0.11077841,0.6412534,0.09159997,-1.2376072,-0.61487865,-2.5595903,0.28930864,0.46341112,2.2193038,0.27331007,efficientnet_b0,train,0,ml/checkpoints/oof/efficientnet_b0-oof_f0_best.pt
ISIC_0029107,2,bkl,5,nv,0.006770164,0.009836219,0.28019255,0.09468212,0.004779085,0.52363694,0.08010282,-2.9107594,-2.5372133,0.8121923,-0.2727596,-3.2590358,1.4375138,-0.43997353,efficientnet_b0,train,0,ml/checkpoints/oof/efficientnet_b0-oof_f0_best.pt
ISIC_0029110,5,nv,5,nv,0.056000404,0.0321154,0.013076395,0.1171999,0.0102141,0.68562883,0.08576497,-0.0051889513,-0.5612123,-1.4597392,0.7333331,-1.7067786,2.4997885,0.42106283,efficientnet_b0,train,0,ml/checkpoints/oof/efficientnet_b0-oof_f0_best.pt
ISIC_0029112,5,nv,5,nv,0.046428513,0.029833041,0.0048767896,0.09062947,0.0049762614,0.7617159,0.06154006,0.23882782,-0.2034693,-2.0145984,0.90769356,-1.994407,3.0364878,0.5206026,efficientnet_b0,train,0,ml/checkpoints/oof/efficientnet_b0-oof_f0_best.pt
ISIC_0029117,5,nv,5,nv,0.041935634,0.029020566,0.01149856,0.12283677,0.015210918,0.68364763,0.09584992,0.016970368,-0.35116073,-1.2769436,1.0916909,-0.9971521,2.8082771,0.84361815,efficientnet_b0,train,0,ml/checkpoints/oof/efficientnet_b0-oof_f0_best.pt
ISIC_0029129,1,bcc,1,bcc,0.03429603,0.9338402,0.0014400397,0.01571901,0.002863204,0.002975371,0.008866076,-0.11324825,3.1910274,-3.2836072,-0.89340687,-2.5963364,-2.557909,-1.4660457,efficientnet_b0,train,0,ml/checkpoints/oof/efficientnet_b0-oof_f0_best.pt
ISIC_0029155,5,nv,5,nv,0.031872936,0.015309591,0.00818489,0.06566898,0.008731123,0.8094048,0.06082772,-0.6121448,-1.3454225,-1.9716123,0.11072462,-1.9070078,2.6223972,0.03414368,efficientnet_b0,train,0,ml/checkpoints/oof/efficientnet_b0-oof_f0_best.pt
ISIC_0029163,4,mel,4,mel,0.0016182332,0.0036134361,0.08920758,0.021821646,0.8659491,0.002606038,0.015183993,-2.9583507,-2.1550262,1.0512804,-0.35678324,3.3241405,-2.4818544,-0.71944374,efficientnet_b0,train,0,ml/checkpoints/oof/efficientnet_b0-oof_f0_best.pt
ISIC_0029180,5,nv,5,nv,0.04248706,0.03681093,0.013369507,0.08249894,0.005643745,0.74361473,0.07557506,-0.043006845,-0.1864117,-1.1992298,0.62057894,-2.0616586,2.8193166,0.5329198,efficientnet_b0,train,0,ml/checkpoints/oof/efficientnet_b0-oof_f0_best.pt
ISIC_0029183,5,nv,5,nv,0.034844752,0.014038646,0.018095456,0.11139967,0.01795351,0.7609038,0.04276417,-1.1033386,-2.0124273,-1.7585804,0.058883112,-1.7664558,1.9802656,-0.8985407,efficientnet_b0,train,0,ml/checkpoints/oof/efficientnet_b0-oof_f0_best.pt
ISIC_0029184,5,nv,5,nv,0.06546971,0.057845745,0.013533257,0.13788688,0.030077064,0.6220822,0.07310516,0.08856208,-0.035245728,-1.4878755,0.83340806,-0.6892625,2.3400466,0.19887318,efficientnet_b0,train,0,ml/checkpoints/oof/efficientnet_b0-oof_f0_best.pt
ISIC_0029187,5,nv,5,nv,0.056554075,0.016510127,0.018265465,0.084879614,0.16935009,0.5918944,0.06254625,0.14024167,-1.0909816,-0.9899435,0.5462783,1.2370124,2.4883726,0.2409505,efficientnet_b0,train,0,ml/checkpoints/oof/efficientnet_b0-oof_f0_best.pt
ISIC_0029189,5,nv,5,nv,0.037291013,0.02457623,0.008174552,0.06929136,0.03832367,0.73936164,0.08298156,-0.25149745,-0.6684701,-1.769224,0.36807027,-0.22418205,2.7355373,0.5483685,efficientnet_b0,train,0,ml/checkpoints/oof/efficientnet_b0-oof_f0_best.pt
ISIC_0029198,5,nv,5,nv,0.033473603,0.01785606,0.0038518675,0.08373032,0.00826638,0.78895277,0.063869,-0.20269206,-0.83110625,-2.3648913,0.71415174,-1.6012524,2.9572573,0.44338498,efficientnet_b0,train,0,ml/checkpoints/oof/efficientnet_b0-oof_f0_best.pt
ISIC_0029200,5,nv,5,nv,0.042376295,0.01952179,0.023957338,0.10650659,0.025887199,0.7159117,0.06583916,-0.23688558,-1.0119432,-0.80719984,0.6847322,-0.7297261,2.5900822,0.20374021,efficientnet_b0,train,0,ml/checkpoints/oof/efficientnet_b0-oof_f0_best.pt
ISIC_0029204,5,nv,5,nv,0.038102966,0.019899037,0.012489567,0.09430624,0.069840945,0.70207673,0.06328448,-0.8450068,-1.4946277,-1.9604053,0.06124819,-0.23907855,2.0687437,-0.33765894,efficientnet_b0,train,0,ml/checkpoints/oof/efficientnet_b0-oof_f0_best.pt
ISIC_0029234,5,nv,5,nv,0.028712159,0.018655682,0.010334507,0.11597209,0.00840399,0.7466998,0.07122172,-0.39163104,-0.8228012,-1.4134632,1.0043976,-1.6202452,2.8667114,0.5168458,efficientnet_b0,train,0,ml/checkpoints/oof/efficientnet_b0-oof_f0_best.pt
ISIC_0029270,2,bkl,2,bkl,0.009576499,0.020424828,0.72880924,0.047021285,0.13865234,0.0048929844,0.050622817,-2.4300492,-1.6726099,1.9020507,-0.83876085,0.24260831,-3.1015592,-0.76495886,efficientnet_b0,train,0,ml/checkpoints/oof/efficientnet_b0-oof_f0_best.pt
ISIC_0029291,2,bkl,5,nv,0.012389114,0.013845983,0.035833787,0.12126804,0.029812198,0.74518347,0.041667394,-1.9570638,-1.8458871,-0.894991,0.32412127,-1.0789645,2.1397483,-0.74416333,efficientnet_b0,train,0,ml/checkpoints/oof/efficientnet_b0-oof_f0_best.pt
ISIC_0029294,5,nv,5,nv,0.11076434,0.04324343,0.026034601,0.1097545,0.020623475,0.6106613,0.07891839,1.0350829,0.094523385,-0.4128955,1.0259242,-0.6458918,2.7422206,0.6960924,efficientnet_b0,train,0,ml/checkpoints/oof/efficientnet_b0-oof_f0_best.pt
ISIC_0029297,3,df,3,df,7.702946e-05,1.7106226e-05,6.868839e-05,0.9993874,8.877716e-06,4.9154634e-05,0.000391546,-3.203266,-4.708011,-3.317874,6.267444,-5.363909,-3.6524823,-1.5773506,efficientnet_b0,train,0,ml/checkpoints/oof/efficientnet_b0-oof_f0_best.pt
ISIC_0029300,5,nv,5,nv,0.009301962,0.009651206,0.003996369,0.17603552,0.045863073,0.69579905,0.05935278,-2.131917,-2.0950592,-2.9767559,0.8085437,-0.53648186,2.1829188,-0.27864316,efficientnet_b0,train,0,ml/checkpoints/oof/efficientnet_b0-oof_f0_best.pt
ISIC_0029309,0,akiec,0,akiec,0.7755149,0.004072077,0.059326854,0.044405572,0.04433146,0.021392139,0.050956994,1.6545358,-3.5948381,-0.91592944,-1.2056266,-1.2072967,-1.935968,-1.0680095,efficientnet_b0,train,0,ml/checkpoints/oof/efficientnet_b0-oof_f0_best.pt
ISIC_0029311,2,bkl,2,bkl,0.011817973,0.017892836,0.8014856,0.067088,0.018001696,0.033308335,0.050405443,-1.4893823,-1.0746036,2.727463,0.24700122,-1.068538,-0.4531963,-0.038904883,efficientnet_b0,train,0,ml/checkpoints/oof/efficientnet_b0-oof_f0_best.pt
ISIC_0029313,5,nv,5,nv,0.020232346,0.01569178,0.012625958,0.09623892,0.016010413,0.7887383,0.050462365,-0.805553,-1.0596986,-1.277081,0.7539982,-1.0395964,2.857599,0.10839216,efficientnet_b0,train,0,ml/checkpoints/oof/efficientnet_b0-oof_f0_best.pt
ISIC_0029314,5,nv,5,nv,0.055076562,0.022517681,0.007384837,0.087742455,0.008560023,0.7518872,0.06683122,0.08363705,-0.8107865,-1.9256587,0.5493187,-1.7779844,2.697499,0.27708307,efficientnet_b0,train,0,ml/checkpoints/oof/efficientnet_b0-oof_f0_best.pt
ISIC_0029322,5,nv,5,nv,0.036211982,0.02953367,0.016836876,0.10466389,0.018480098,0.74135053,0.05292305,-0.268602,-0.4724612,-1.0344206,0.792762,-0.94129765,2.7504814,0.11084666,efficientnet_b0,train,0,ml/checkpoints/oof/efficientnet_b0-oof_f0_best.pt
ISIC_0029324,5,nv,5,nv,0.027042793,0.030239586,0.016472805,0.07496197,0.021668453,0.75380576,0.07580866,-0.91545755,-0.8037261,-1.411167,0.104102775,-1.1370206,2.4122567,0.11533447,efficientnet_b0,train,0,ml/checkpoints/oof/efficientnet_b0-oof_f0_best.pt
ISIC_0029328,5,nv,5,nv,0.055828523,0.011119361,0.008096461,0.09480138,0.06678635,0.6887182,0.07464971,-0.3143541,-1.9279515,-2.245212,0.21514484,-0.13514048,2.198193,-0.02383258,efficientnet_b0,train,0,ml/checkpoints/oof/efficientnet_b0-oof_f0_best.pt
ISIC_0029329,2,bkl,2,bkl,0.0024848476,0.07234813,0.8856868,0.024122652,0.0053206417,0.0020017237,0.008035251,-3.1603332,0.21094504,2.715819,-0.8873932,-2.3989506,-3.3765361,-1.9867063,efficientnet_b0,train,0,ml/checkpoints/oof/efficientnet_b0-oof_f0_best.pt
ISIC_0029334,5,nv,5,nv,0.10928872,0.018938333,0.10108071,0.08266472,0.03452983,0.56944376,0.08405386,-0.20118503,-1.9539902,-0.2792588,-0.4803853,-1.3533545,1.4494818,-0.46372044,efficientnet_b0,train,0,ml/checkpoints/oof/efficientnet_b0-oof_f0_best.pt
ISIC_0029340,2,bkl,5,nv,0.061417375,0.020505996,0.067647085,0.10858326,0.005016951,0.66638625,0.0704431,-1.6844578,-2.781433,-1.5878463,-1.1146333,-4.189328,0.69971895,-1.5473452,efficientnet_b0,train,0,ml/checkpoints/oof/efficientnet_b0-oof_f0_best.pt
ISIC_0029343,4,mel,5,nv,0.019118097,0.010414916,0.0036660417,0.09511538,0.1035707,0.70675254,0.061362308,-0.8561613,-1.4635578,-2.5076842,0.7482938,0.8334577,2.7538838,0.30999905,efficientnet_b0,train,0,ml/checkpoints/oof/efficientnet_b0-oof_f0_best.pt
ISIC_0029345,2,bkl,5,nv,0.063475154,0.028848559,0.12516291,0.10794879,0.020073993,0.61060244,0.043888096,-0.4788275,-1.2674161,0.20013995,0.05218081,-1.6300509,1.7849699,-0.84783304,efficientnet_b0,train,0,ml/checkpoints/oof/efficientnet_b0-oof_f0_best.pt
ISIC_0029347,5,nv,4,mel,0.037305474,0.030866819,0.027061721,0.14370655,0.44336736,0.21836889,0.09932319,-1.2486756,-1.438134,-1.5696954,0.09995769,1.226583,0.51837015,-0.2694366,efficientnet_b0,train,0,ml/checkpoints/oof/efficientnet_b0-oof_f0_best.pt
ISIC_0029357,5,nv,5,nv,0.029162167,0.015836965,0.013487559,0.06151115,0.012919212,0.8193544,0.04772848,-0.35078093,-0.9613063,-1.1218857,0.3955654,-1.1649376,2.9848635,0.14187515,efficientnet_b0,train,0,ml/checkpoints/oof/efficientnet_b0-oof_f0_best.pt
ISIC_0029373,5,nv,5,nv,0.02226692,0.019692147,0.008060223,0.08148872,0.0046909554,0.8092369,0.05456411,-0.68937844,-0.8122608,-1.7055393,0.6079837,-2.2468448,2.903611,0.20689562,efficientnet_b0,train,0,ml/checkpoints/oof/efficientnet_b0-oof_f0_best.pt
ISIC_0029401,5,nv,3,df,0.004751525,0.019392455,0.014684412,0.6889198,0.0013746717,0.115487,0.1553901,-4.1171246,-2.710706,-2.9888036,0.8595347,-5.357375,-0.92643225,-0.6296515,efficientnet_b0,train,0,ml/checkpoints/oof/efficientnet_b0-oof_f0_best.pt
ISIC_0029402,5,nv,5,nv,0.008060493,0.01553274,0.00045301957,0.04508793,0.035622083,0.8625121,0.03273166,-2.3357687,-1.6797935,-5.2145634,-0.6141288,-0.8497778,2.3371058,-0.9344006,efficientnet_b0,train,0,ml/checkpoints/oof/efficientnet_b0-oof_f0_best.pt
ISIC_0029403,5,nv,5,nv,0.04084048,0.039768413,0.020847786,0.10999001,0.01619148,0.7015326,0.07082916,-0.26930448,-0.29590547,-0.94173056,0.7214112,-1.1944932,2.574289,0.28129247,efficientnet_b0,train,0,ml/checkpoints/oof/efficientnet_b0-oof_f0_best.pt
ISIC_0029405,5,nv,1,bcc,0.04633937,0.7495464,0.01827938,0.08299036,0.0029663742,0.05944265,0.04043551,-2.120437,0.6630393,-3.0506554,-1.5377045,-4.8690886,-1.871417,-2.2567203,efficientnet_b0,train,0,ml/checkpoints/oof/efficientnet_b0-oof_f0_best.pt
ISIC_0029418,2,bkl,5,nv,0.032169346,0.032510206,0.07856502,0.11961215,0.3025904,0.33431947,0.100233406,-1.3970927,-1.3865528,-0.50418025,-0.08385236,0.8442733,0.9439903,-0.26060525,efficientnet_b0,train,0,ml/checkpoints/oof/efficientnet_b0-oof_f0_best.pt
ISIC_0029419,5,nv,5,nv,0.03615112,0.010632178,0.009543629,0.111243404,0.010397157,0.75263983,0.0693927,-0.17002966,-1.3938527,-1.501864,0.953983,-1.416205,2.8658493,0.48204413,efficientnet_b0,train,0,ml/checkpoints/oof/efficientnet_b0-oof_f0_best.pt
ISIC_0029428,5,nv,5,nv,0.047513727,0.025361154,0.004180016,0.09489722,0.0061374786,0.73908746,0.08282292,0.39954132,-0.22825862,-2.0311623,1.0913172,-1.6470631,3.143939,0.9552276,efficientnet_b0,train,0,ml/checkpoints/oof/efficientnet_b0-oof_f0_best.pt
ISIC_0029429,5,nv,5,nv,0.04696893,0.025986893,0.024578275,0.08703264,0.018633552,0.75042176,0.04637786,-0.1913546,-0.7832484,-0.83897775,0.42544252,-1.115877,2.5797946,-0.20401864,efficientnet_b0,train,0,ml/checkpoints/oof/efficientnet_b0-oof_f0_best.pt
ISIC_0029432,5,nv,5,nv,0.06548836,0.014638819,0.07927238,0.1204118,0.07077076,0.6026386,0.04677924,-0.8228078,-2.3210032,-0.6317902,-0.21376269,-0.74523413,1.3966376,-1.1592407,efficientnet_b0,train,0,ml/checkpoints/oof/efficientnet_b0-oof_f0_best.pt
ISIC_0029433,5,nv,5,nv,0.019137092,0.012392706,0.0013178801,0.076378845,0.005105076,0.8134823,0.072186165,-0.71678066,-1.1513008,-3.3923845,0.66729665,-2.0381737,3.032915,0.6108395,efficientnet_b0,train,0,ml/checkpoints/oof/efficientnet_b0-oof_f0_best.pt
ISIC_0029444,5,nv,5,nv,0.02191989,0.017270412,0.0050122696,0.10836421,0.0027570508,0.7781067,0.06656949,-0.9014921,-1.1398919,-2.3769977,0.6966113,-2.974725,2.667977,0.20935997,efficientnet_b0,train,0,ml/checkpoints/oof/efficientnet_b0-oof_f0_best.pt
ISIC_0029448,6,vasc,5,nv,0.025478167,0.010000676,0.046036024,0.117318355,0.016082278,0.40847093,0.3766136,-2.2576346,-3.1928039,-1.6660323,-0.7305653,-2.7177386,0.51696426,0.43576315,efficientnet_b0,train,0,ml/checkpoints/oof/efficientnet_b0-oof_f0_best.pt
ISIC_0029451,5,nv,5,nv,0.04744012,0.025774674,0.008651349,0.104807384,0.020532437,0.7152971,0.077497035,-0.2541362,-0.8642121,-1.955889,0.53851974,-1.0915985,2.4590936,0.23663521,efficientnet_b0,train,0,ml/checkpoints/oof/efficientnet_b0-oof_f0_best.pt
ISIC_0029459,5,nv,5,nv,0.05540635,0.009585422,0.00929949,0.09079504,0.29844937,0.47161445,0.0648499,-0.5450916,-2.2995424,-2.3298264,-0.051181033,1.1388146,1.5963761,-0.38771042,efficientnet_b0,train,0,ml/checkpoints/oof/efficientnet_b0-oof_f0_best.pt
ISIC_0029462,0,akiec,0,akiec,0.72040325,0.042131096,0.0049139014,0.1768838,0.010556637,0.0024689534,0.042642444,0.3235227,-2.5155022,-4.6642203,-1.0807954,-3.8995337,-5.3524942,-2.5034385,efficientnet_b0,train,0,ml/checkpoints/oof/efficientnet_b0-oof_f0_best.pt
ISIC_0029466,1,bcc,1,bcc,0.0071454966,0.8499504,0.0022902472,0.073221825,0.053328183,0.0035309547,0.010532817,-2.4645653,2.3141303,-3.602388,-0.13755408,-0.4545828,-3.1694794,-2.076552,efficientnet_b0,train,0,ml/checkpoints/oof/efficientnet_b0-oof_f0_best.pt
ISIC_0029467,5,nv,5,nv,0.035927985,0.016466778,0.0037594158,0.0803647,0.0039188266,0.8198174,0.03974486,-0.016042428,-0.79621416,-2.2732954,0.78901595,-2.2317667,3.1115227,0.08492171,efficientnet_b0,train,0,ml/checkpoints/oof/efficientnet_b0-oof_f0_best.pt
ISIC_0029469,5,nv,5,nv,0.078942105,0.019391758,0.1943306,0.105561174,0.010293393,0.5141003,0.0773806,0.050072797,-1.3537939,0.9509189,0.3406487,-1.9871396,1.9237765,0.030094145,efficientnet_b0,train,0,ml/checkpoints/oof/efficientnet_b0-oof_f0_best.pt
ISIC_0029491,5,nv,5,nv,0.054319896,0.009178027,0.008875701,0.09645862,0.02816602,0.7512067,0.05179504,-0.16784692,-1.9459252,-1.9794201,0.40637666,-0.8246213,2.4589434,-0.21544322,efficientnet_b0,train,0,ml/checkpoints/oof/efficientnet_b0-oof_f0_best.pt
ISIC_0029507,5,nv,5,nv,0.029289097,0.017567977,0.015629198,0.08880132,0.011493544,0.7865303,0.050688542,-0.46711734,-0.97825485,-1.0951916,0.6420689,-1.4025471,2.8232987,0.08136735,efficientnet_b0,train,0,ml/checkpoints/oof/efficientnet_b0-oof_f0_best.pt
ISIC_0029509,5,nv,5,nv,0.029429043,0.015865425,0.012322171,0.08711387,0.014067457,0.7624675,0.0787345,-0.8750954,-1.4929352,-1.7456774,0.21013884,-1.6132134,2.3794825,0.109003924,efficientnet_b0,train,0,ml/checkpoints/oof/efficientnet_b0-oof_f0_best.pt
ISIC_0029511,5,nv,5,nv,0.03140747,0.011662195,0.012610905,0.09447953,0.0068973997,0.76037896,0.08256345,-0.49056724,-1.4812607,-1.4030513,0.6107703,-2.0064685,2.696204,0.47595403,efficientnet_b0,train,0,ml/checkpoints/oof/efficientnet_b0-oof_f0_best.pt
ISIC_0029512,4,mel,4,mel,0.013398972,0.0041158753,0.0017509051,0.07097137,0.8037517,0.07780565,0.02820554,-2.36328,-3.5436068,-4.3983254,-0.69618154,1.7308322,-0.60424423,-1.6189399,efficientnet_b0,train,0,ml/checkpoints/oof/efficientnet_b0-oof_f0_best.pt
ISIC_0029531,5,nv,4,mel,0.026829178,0.010931296,0.014877078,0.07181356,0.6118878,0.19187617,0.07178488,-1.310887,-2.2087471,-1.9005554,-0.32630363,1.816172,0.6564733,-0.32670325,efficientnet_b0,train,0,ml/checkpoints/oof/efficientnet_b0-oof_f0_best.pt
ISIC_0029554,5,nv,1,bcc,0.0014898086,0.49905652,0.0074221715,0.093406014,0.007397372,0.35528502,0.035943188,-4.8065987,1.0074732,-3.2007744,-0.66829044,-3.2041216,0.66767424,-1.6233064,efficientnet_b0,train,0,ml/checkpoints/oof/efficientnet_b0-oof_f0_best.pt
ISIC_0029555,2,bkl,2,bkl,0.030212324,0.02530233,0.6615954,0.058119733,0.021214645,0.10900551,0.09455007,-0.5056307,-0.6829842,2.5807736,0.14862464,-0.8591887,0.7775178,0.6352489,efficientnet_b0,train,0,ml/checkpoints/oof/efficientnet_b0-oof_f0_best.pt
ISIC_0029560,5,nv,5,nv,0.012490427,0.01478323,0.003194288,0.05056655,0.030705962,0.8467238,0.04153574,-1.8067893,-1.638258,-3.1703873,-0.4084613,-0.90729475,2.409623,-0.6051975,efficientnet_b0,train,0,ml/checkpoints/oof/efficientnet_b0-oof_f0_best.pt
ISIC_0029599,5,nv,5,nv,0.052737806,0.009232075,0.0105486205,0.08806403,0.012488698,0.7676064,0.05932244,-0.38776603,-2.130415,-1.9971039,0.12496544,-1.8282746,2.2901783,-0.27011096,efficientnet_b0,train,0,ml/checkpoints/oof/efficientnet_b0-oof_f0_best.pt
ISIC_0029607,5,nv,5,nv,0.041006703,0.0165527,0.008021032,0.0844075,0.007558209,0.7681884,0.07426548,0.014463721,-0.8927227,-1.6172048,0.7363844,-1.6766375,2.9447632,0.6083743,efficientnet_b0,train,0,ml/checkpoints/oof/efficientnet_b0-oof_f0_best.pt
ISIC_0029608,6,vasc,6,vasc,0.0082224365,0.0010597178,0.0022751554,0.017757237,0.0022164613,0.002544959,0.965924,-0.71496475,-2.7638285,-1.9997832,0.05496173,-2.0259194,-1.8877167,4.051254,efficientnet_b0,train,0,ml/checkpoints/oof/efficientnet_b0-oof_f0_best.pt
ISIC_0029620,5,nv,5,nv,0.02264339,0.018059338,0.0025708252,0.09691458,0.0051187556,0.7841939,0.0704992,-0.55565155,-0.78185683,-2.7312925,0.8983105,-2.042608,2.9891367,0.58008164,efficientnet_b0,train,0,ml/checkpoints/oof/efficientnet_b0-oof_f0_best.pt
ISIC_0029626,5,nv,5,nv,0.028171057,0.015062086,0.0053871544,0.07573355,0.0033614691,0.8216001,0.05068465,-0.36039433,-0.98650867,-2.014672,0.62853193,-2.486311,3.0125644,0.22693363,efficientnet_b0,train,0,ml/checkpoints/oof/efficientnet_b0-oof_f0_best.pt
ISIC_0029630,4,mel,4,mel,0.0015121208,0.02149926,0.013624209,0.0063632345,0.9463094,0.00046242218,0.010229414,-3.056014,-0.4015089,-0.8576787,-1.6189904,3.3830423,-4.240804,-1.14426,efficientnet_b0,train,0,ml/checkpoints/oof/efficientnet_b0-oof_f0_best.pt
ISIC_0029641,5,nv,5,nv,0.017084308,0.023461482,0.0047571505,0.112212315,0.0080323825,0.7844554,0.049996868,-1.377998,-1.0607984,-2.6565096,0.5042344,-2.1326776,2.4488313,-0.30419806,efficientnet_b0,train,0,ml/checkpoints/oof/efficientnet_b0-oof_f0_best.pt
ISIC_0029644,1,bcc,1,bcc,0.0072611724,0.949901,0.0009926081,0.020023795,0.0027270976,0.004073034,0.0150212115,-1.4378976,3.435919,-3.4278579,-0.4235174,-2.4172006,-2.0160506,-0.7109754,efficientnet_b0,train,0,ml/checkpoints/oof/efficientnet_b0-oof_f0_best.pt
ISIC_0029652,4,mel,4,mel,0.060136527,0.018349122,0.0069550234,0.091403976,0.74662,0.034551106,0.04198426,-0.51492417,-1.7019597,-2.6720774,-0.0962524,2.004015,-1.0691018,-0.87424654,efficientnet_b0,train,0,ml/checkpoints/oof/efficientnet_b0-oof_f0_best.pt
ISIC_0029654,5,nv,5,nv,0.006675627,0.018086713,0.009314307,0.07453532,0.048459653,0.76097035,0.08195795,-2.9656096,-1.9688953,-2.6325212,-0.5527999,-0.98334134,1.7705215,-0.45786655,efficientnet_b0,train,0,ml/checkpoints/oof/efficientnet_b0-oof_f0_best.pt
ISIC_0029661,5,nv,4,mel,0.018433737,0.01760828,0.08259291,0.1077355,0.34531674,0.33354518,0.094767645,-2.6608608,-2.706674,-1.1611196,-0.8953643,0.26941863,0.23473491,-1.0236155,efficientnet_b0,train,0,ml/checkpoints/oof/efficientnet_b0-oof_f0_best.pt
ISIC_0029669,1,bcc,1,bcc,0.106987864,0.7877023,0.002589192,0.033626657,0.0084815975,0.020252356,0.04035999,0.5277122,2.524117,-3.1936574,-0.62968415,-2.0071044,-1.1367321,-0.4471644,efficientnet_b0,train,0,ml/checkpoints/oof/efficientnet_b0-oof_f0_best.pt
ISIC_0029672,5,nv,5,nv,0.05821721,0.027057532,0.013131934,0.08562388,0.011500844,0.7429626,0.061505962,0.3261104,-0.44010526,-1.1630235,0.7118935,-1.2956502,2.872575,0.38106337,efficientnet_b0,train,0,ml/checkpoints/oof/efficientnet_b0-oof_f0_best.pt
ISIC_0029677,5,nv,5,nv,0.03205853,0.021700304,0.0044009606,0.10028067,0.007530452,0.7681637,0.065865345,-0.233651,-0.6238879,-2.2193916,0.90675867,-1.6822592,2.9427886,0.48639825,efficientnet_b0,train,0,ml/checkpoints/oof/efficientnet_b0-oof_f0_best.pt
ISIC_0029679,5,nv,2,bkl,0.16524488,0.009489168,0.32719693,0.09213522,0.18173927,0.14394118,0.080253415,-0.1453753,-3.002653,0.53775835,-0.7295465,-0.050230756,-0.28339916,-0.8676145,efficientnet_b0,train,0,ml/checkpoints/oof/efficientnet_b0-oof_f0_best.pt
ISIC_0029693,5,nv,5,nv,0.035016257,0.017990226,0.0036037557,0.09349025,0.28451967,0.49123454,0.07414527,-1.1050051,-1.7709892,-3.378841,-0.12296047,0.98998475,1.5361041,-0.35479128,efficientnet_b0,train,0,ml/checkpoints/oof/efficientnet_b0-oof_f0_best.pt
ISIC_0029703,5,nv,5,nv,0.014457648,0.021060413,0.0031482212,0.076628774,0.004277799,0.81980366,0.06062357,-0.8826293,-0.50645757,-2.407015,0.78511995,-2.100414,3.1552122,0.55083096,efficientnet_b0,train,0,ml/checkpoints/oof/efficientnet_b0-oof_f0_best.pt
ISIC_0029704,5,nv,4,mel,0.030486805,0.021484131,0.012458697,0.07754248,0.4428629,0.37196636,0.043198682,-1.4158906,-1.76587,-2.3107655,-0.48235857,1.2600758,1.085619,-1.0673746,efficientnet_b0,train,0,ml/checkpoints/oof/efficientnet_b0-oof_f0_best.pt
ISIC_0029705,4,mel,4,mel,0.03512295,0.0073366226,0.0043935855,0.116945356,0.52791077,0.2451515,0.06313917,-1.4440134,-3.0099893,-3.5227222,-0.24116127,1.2660593,0.49900842,-0.8575266,efficientnet_b0,train,0,ml/checkpoints/oof/efficientnet_b0-oof_f0_best.pt
ISIC_0029728,5,nv,1,bcc,0.0076324022,0.752003,0.000575849,0.08708965,0.0036303883,0.12185826,0.027210366,-3.183947,1.4063909,-5.768259,-0.7494113,-3.92701,-0.4134909,-1.9127513,efficientnet_b0,train,0,ml/checkpoints/oof/efficientnet_b0-oof_f0_best.pt
ISIC_0029729,5,nv,5,nv,0.022160184,0.19478467,0.045513365,0.12187921,0.004576533,0.5201787,0.09090741,-2.2143586,-0.040761005,-1.4946498,-0.5096252,-3.7917137,0.94151664,-0.80281425,efficientnet_b0,train,0,ml/checkpoints/oof/efficientnet_b0-oof_f0_best.pt
ISIC_0029744,4,mel,4,mel,0.0037015898,0.013702115,0.0019759808,0.05430605,0.8529272,0.006260928,0.067126155,-2.796085,-1.487297,-3.4237823,-0.11021151,2.643827,-2.270519,0.10172651,efficientnet_b0,train,0,ml/checkpoints/oof/efficientnet_b0-oof_f0_best.pt
ISIC_0029753,5,nv,5,nv,0.019945282,0.014365396,0.0039025352,0.053608306,0.0029843887,0.8573109,0.047883186,-0.33967793,-0.66784835,-1.9710443,0.6490332,-2.2392757,3.42113,0.5360937,efficientnet_b0,train,0,ml/checkpoints/oof/efficientnet_b0-oof_f0_best.pt
ISIC_0029756,5,nv,5,nv,0.04275239,0.012991541,0.0049127922,0.076256774,0.023886347,0.7733206,0.06587954,0.09773963,-1.0933869,-2.065843,0.6764208,-0.48437828,2.9930084,0.5301424,efficientnet_b0,train,0,ml/checkpoints/oof/efficientnet_b0-oof_f0_best.pt
ISIC_0029759,5,nv,5,nv,0.047532946,0.013599045,0.0069736536,0.089734584,0.03661032,0.72052044,0.085028954,0.22960743,-1.0218163,-1.6896768,0.86504066,-0.031485662,2.948158,0.8111762,efficientnet_b0,train,0,ml/checkpoints/oof/efficientnet_b0-oof_f0_best.pt
ISIC_0029764,2,bkl,1,bcc,0.26100013,0.35025176,0.19379097,0.12143642,0.0015271553,0.007505837,0.06448775,-0.24899068,0.045140628,-0.5467315,-1.0141208,-5.390105,-3.7978306,-1.6470363,efficientnet_b0,train,0,ml/checkpoints/oof/efficientnet_b0-oof_f0_best.pt
ISIC_0029765,5,nv,5,nv,0.08522145,0.018159585,0.010557641,0.08869762,0.005847077,0.7376399,0.053876664,0.5742313,-0.97182316,-1.5141716,0.61421126,-2.10508,2.732434,0.115675636,efficientnet_b0,train,0,ml/checkpoints/oof/efficientnet_b0-oof_f0_best.pt
ISIC_0029767,5,nv,5,nv,0.042010095,0.03085886,0.009971656,0.113913015,0.010992248,0.72721493,0.06503921,0.091207154,-0.21727884,-1.3469561,1.0887325,-1.2495123,2.9425194,0.52828753,efficientnet_b0,train,0,ml/checkpoints/oof/efficientnet_b0-oof_f0_best.pt
ISIC_0029778,2,bkl,2,bkl,0.04268794,0.015847888,0.59320855,0.16094695,0.022543926,0.08082433,0.083940454,-2.1086562,-3.0995364,0.52297336,-0.78149796,-2.747107,-1.4702947,-1.4324651,efficientnet_b0,train,0,ml/checkpoints/oof/efficientnet_b0-oof_f0_best.pt
ISIC_0029785,5,nv,5,nv,0.048379246,0.023519143,0.012175153,0.10774176,0.011349054,0.70550925,0.09132639,-0.34899363,-1.0702498,-1.7286671,0.45167264,-1.7989304,2.3308554,0.28637534,efficientnet_b0,train,0,ml/checkpoints/oof/efficientnet_b0-oof_f0_best.pt
ISIC_0029794,5,nv,1,bcc,0.008530196,0.471654,0.0018049936,0.04510927,0.010548953,0.41953608,0.042816464,-3.441065,0.57156813,-4.9941206,-1.7755898,-3.228651,0.454472,-1.8277547,efficientnet_b0,train,0,ml/checkpoints/oof/efficientnet_b0-oof_f0_best.pt
ISIC_0029822,5,nv,5,nv,0.06544081,0.025262557,0.009047169,0.087203726,0.0034650315,0.7572888,0.052291796,0.5448899,-0.4069329,-1.4338045,0.83199096,-2.3935347,2.9934886,0.32058337,efficientnet_b0,train,0,ml/checkpoints/oof/efficientnet_b0-oof_f0_best.pt
ISIC_0029823,2,bkl,2,bkl,0.036382295,0.011377272,0.7251199,0.11359708,0.013161403,0.020699846,0.07966225,-0.6055385,-1.768003,2.3867161,0.53303695,-1.6223326,-1.1694946,0.17817493,efficientnet_b0,train,0,ml/checkpoints/oof/efficientnet_b0-oof_f0_best.pt
ISIC_0029824,3,df,4,mel,0.08821888,0.016862895,0.014580933,0.15097082,0.68564224,0.005863434,0.037860822,-0.50049645,-2.1552017,-2.300603,0.036769025,1.5500385,-3.2115822,-1.3464007,efficientnet_b0,train,0,ml/checkpoints/oof/efficientnet_b0-oof_f0_best.pt
ISIC_0029830,0,akiec,1,bcc,0.0099437805,0.84812737,0.045244467,0.027796097,0.01901524,0.023137065,0.026736021,-2.457626,1.9884574,-0.942493,-1.4296776,-1.8093327,-1.6131374,-1.4685616,efficientnet_b0,train,0,ml/checkpoints/oof/efficientnet_b0-oof_f0_best.pt
ISIC_0029835,5,nv,5,nv,0.048746765,0.029743694,0.007732622,0.08944615,0.054474037,0.6574236,0.11243309,-0.7509736,-1.2449951,-2.5921643,-0.14397551,-0.63988817,1.8507164,0.08474603,efficientnet_b0,train,0,ml/checkpoints/oof/efficientnet_b0-oof_f0_best.pt
ISIC_0029850,5,nv,5,nv,0.057879828,0.017362105,0.0043321024,0.06992973,0.0033831822,0.78018165,0.06693143,0.484736,-0.7193428,-2.1075802,0.67385787,-2.3548164,3.0858939,0.6300357,efficientnet_b0,train,0,ml/checkpoints/oof/efficientnet_b0-oof_f0_best.pt
ISIC_0029854,5,nv,2,bkl,0.033169366,0.073736444,0.4428702,0.081258245,0.028011592,0.25522,0.08573425,-2.0746214,-1.2757509,0.5170287,-1.1786158,-2.2436295,-0.0341222,-1.1249957,efficientnet_b0,train,0,ml/checkpoints/oof/efficientnet_b0-oof_f0_best.pt
ISIC_0029855,5,nv,5,nv,0.031391185,0.052779444,0.0017610181,0.07500579,0.022218194,0.7792874,0.037556957,-1.933793,-1.4141983,-4.814428,-1.0627546,-2.2794085,1.2780598,-1.7544615,efficientnet_b0,train,0,ml/checkpoints/oof/efficientnet_b0-oof_f0_best.pt
ISIC_0029869,5,nv,5,nv,0.044594493,0.020959044,0.027822679,0.1172681,0.0030790686,0.71648896,0.069787696,-0.030597674,-0.78563774,-0.5023564,0.9362547,-2.7035806,2.7461548,0.41724965,efficientnet_b0,train,0,ml/checkpoints/oof/efficientnet_b0-oof_f0_best.pt
ISIC_0029883,5,nv,5,nv,0.04952569,0.017752498,0.026760442,0.10984076,0.006059098,0.7224081,0.0676534,-0.12679237,-1.1527576,-0.7423592,0.6697477,-2.227723,2.5533063,0.18511364,efficientnet_b0,train,0,ml/checkpoints/oof/efficientnet_b0-oof_f0_best.pt
ISIC_0029890,5,nv,5,nv,0.041325677,0.03028786,0.012855146,0.076065645,0.00906539,0.77404076,0.056359563,0.19627568,-0.114461385,-0.9714643,0.80638826,-1.3207444,3.1264162,0.50654364,efficientnet_b0,train,0,ml/checkpoints/oof/efficientnet_b0-oof_f0_best.pt
ISIC_0029901,5,nv,5,nv,0.04912976,0.022324104,0.010693768,0.12378228,0.009280271,0.72731876,0.057471007,0.19633743,-0.59246075,-1.3284667,1.1203966,-1.4702369,2.8912373,0.35315296,efficientnet_b0,train,0,ml/checkpoints/oof/efficientnet_b0-oof_f0_best.pt
ISIC_0029902,5,nv,5,nv,0.07623799,0.017296705,0.013698893,0.05460898,0.024633903,0.74822813,0.06529542,0.19806343,-1.2852803,-1.5184815,-0.13559821,-0.9316728,2.4819114,0.043125317,efficientnet_b0,train,0,ml/checkpoints/oof/efficientnet_b0-oof_f0_best.pt
ISIC_0029914,4,mel,4,mel,0.0085502695,0.0037036885,0.0067551113,0.026498277,0.9267822,0.0062637553,0.021446649,-0.9070981,-1.7437315,-1.1427616,0.2240188,3.7786577,-1.2182809,0.012507508,efficientnet_b0,train,0,ml/checkpoints/oof/efficientnet_b0-oof_f0_best.pt
ISIC_0029917,1,bcc,1,bcc,0.013013357,0.9071472,0.011724896,0.031605866,0.004670756,0.006332455,0.025505317,-0.8676786,3.3766499,-0.9719404,0.019687798,-1.8923342,-1.587967,-0.19476807,efficientnet_b0,train,0,ml/checkpoints/oof/efficientnet_b0-oof_f0_best.pt
ISIC_0029922,5,nv,5,nv,0.0127214575,0.0108026685,0.00090025243,0.04899592,0.0010675626,0.8794141,0.04609802,-0.82967544,-0.9931725,-3.478046,0.5187713,-3.3075876,3.40629,0.45780417,efficientnet_b0,train,0,ml/checkpoints/oof/efficientnet_b0-oof_f0_best.pt
ISIC_0029928,5,nv,5,nv,0.050591838,0.022124005,0.006724675,0.09123197,0.0056618457,0.75191444,0.07175124,0.18124256,-0.6458845,-1.8367641,0.7708577,-2.008798,2.8800747,0.53065735,efficientnet_b0,train,0,ml/checkpoints/oof/efficientnet_b0-oof_f0_best.pt
ISIC_0029930,0,akiec,0,akiec,0.97419214,0.000564641,0.001108737,0.010436013,0.0013217719,0.0020227882,0.010353767,3.8517153,-3.6014585,-2.926672,-0.68463075,-2.7509203,-2.325416,-0.69254273,efficientnet_b0,train,0,ml/checkpoints/oof/efficientnet_b0-oof_f0_best.pt
ISIC_0029940,5,nv,5,nv,0.021206444,0.007844926,0.0023128265,0.084191486,0.013514312,0.8442415,0.02668853,-0.8966481,-1.8910861,-3.1124825,0.48214057,-1.347204,2.7874854,-0.6667195,efficientnet_b0,train,0,ml/checkpoints/oof/efficientnet_b0-oof_f0_best.pt
ISIC_0029942,5,nv,5,nv,0.046373654,0.017300108,0.0043445295,0.06689101,0.0067532845,0.7818472,0.07649018,0.39407745,-0.5919412,-1.9737364,0.76041067,-1.5326251,3.2190053,0.8945083,efficientnet_b0,train,0,ml/checkpoints/oof/efficientnet_b0-oof_f0_best.pt
ISIC_0029950,5,nv,5,nv,0.06217923,0.032738622,0.01179046,0.17371583,0.005309524,0.5907505,0.123515815,-0.16161126,-0.8030768,-1.8243417,0.86578846,-2.6221302,2.0897615,0.52473694,efficientnet_b0,train,0,ml/checkpoints/oof/efficientnet_b0-oof_f0_best.pt
ISIC_0029993,5,nv,4,mel,0.005798915,0.0029022223,0.0019063068,0.095544964,0.6747863,0.17502323,0.044038054,-2.2481527,-2.9403467,-3.3606555,0.5537735,2.5085726,1.1590952,-0.2207695,efficientnet_b0,train,0,ml/checkpoints/oof/efficientnet_b0-oof_f0_best.pt
ISIC_0029996,5,nv,5,nv,0.037327718,0.024730107,0.012571741,0.09949208,0.010115675,0.75217277,0.06358996,-0.013678724,-0.42539346,-1.1019634,0.9666631,-1.3193285,2.989551,0.51904047,efficientnet_b0,train,0,ml/checkpoints/oof/efficientnet_b0-oof_f0_best.pt
ISIC_0029997,5,nv,5,nv,0.022916822,0.015682196,0.010944908,0.080349885,0.010548702,0.7962279,0.06332965,-0.9437619,-1.323107,-1.6827588,0.31075758,-1.7196304,2.6042523,0.07272053,efficientnet_b0,train,0,ml/checkpoints/oof/efficientnet_b0-oof_f0_best.pt
ISIC_0030008,5,nv,5,nv,0.015826637,0.033908326,0.03838127,0.08821238,0.24742544,0.5060797,0.070166275,-1.8578295,-1.0958631,-0.97195435,-0.13977659,0.89158535,1.6071702,-0.3686562,efficientnet_b0,train,0,ml/checkpoints/oof/efficientnet_b0-oof_f0_best.pt
ISIC_0030014,4,mel,5,nv,0.014838594,0.068667114,0.09147415,0.16709435,0.09235186,0.5228868,0.042687133,-2.8582141,-1.3261751,-1.039389,-0.4368869,-1.0298398,0.7039195,-1.801548,efficientnet_b0,train,0,ml/checkpoints/oof/efficientnet_b0-oof_f0_best.pt
ISIC_0030017,5,nv,5,nv,0.031615626,0.02234455,0.036456704,0.1023477,0.009294527,0.72500294,0.072937995,-0.2930618,-0.64013064,-0.15058772,0.88166267,-1.5172875,2.8394625,0.5428965,efficientnet_b0,train,0,ml/checkpoints/oof/efficientnet_b0-oof_f0_best.pt
ISIC_0030025,5,nv,5,nv,0.04074203,0.020038573,0.004841889,0.0703866,0.004462412,0.7883168,0.07121179,0.16797432,-0.5416269,-1.9619809,0.71471685,-2.0435965,3.130614,0.72637236,efficientnet_b0,train,0,ml/checkpoints/oof/efficientnet_b0-oof_f0_best.pt
ISIC_0030028,5,nv,5,nv,0.033353932,0.020846348,0.014666573,0.09332326,0.009329136,0.7692007,0.05928008,-0.030210434,-0.50020736,-0.8518153,0.9986831,-1.3042436,3.1079657,0.544887,efficientnet_b0,train,0,ml/checkpoints/oof/efficientnet_b0-oof_f0_best.pt
ISIC_0030031,4,mel,4,mel,0.02963112,0.08711966,0.24294357,0.095006466,0.47306478,0.030876733,0.04135763,-2.212744,-1.1342866,-0.108740084,-1.0476243,0.5576631,-2.1715662,-1.8793124,efficientnet_b0,train,0,ml/checkpoints/oof/efficientnet_b0-oof_f0_best.pt
ISIC_0030049,5,nv,4,mel,0.009720513,0.0010786072,0.008042385,0.14467448,0.6391984,0.16118066,0.036104985,-2.5501673,-4.748735,-2.73968,0.1500804,1.6358092,0.2581202,-1.2379749,efficientnet_b0,train,0,ml/checkpoints/oof/efficientnet_b0-oof_f0_best.pt
ISIC_0030060,4,mel,4,mel,0.009967541,0.010242553,0.004928384,0.018579043,0.9311385,0.0035474212,0.021596612,-0.8196667,-0.79244983,-1.5239897,-0.19696645,3.7174075,-1.8527797,-0.046464182,efficientnet_b0,train,0,ml/checkpoints/oof/efficientnet_b0-oof_f0_best.pt
ISIC_0030063,5,nv,5,nv,0.008363117,0.052410696,0.0021499768,0.086387,0.065120995,0.6777902,0.10777793,-2.7761724,-0.9408927,-4.1345463,-0.44116637,-0.72375655,1.6188344,-0.21993054,efficientnet_b0,train,0,ml/checkpoints/oof/efficientnet_b0-oof_f0_best.pt
ISIC_0030064,5,nv,1,bcc,0.037482746,0.5780209,0.0048389127,0.09372719,0.033314478,0.124201804,0.12841402,-2.4991078,0.23662147,-4.5462985,-1.5826002,-2.6169965,-1.3010808,-1.2677289,efficientnet_b0,train,0,ml/checkpoints/oof/efficientnet_b0-oof_f0_best.pt
ISIC_0030069,5,nv,5,nv,0.030591212,0.014315219,0.0052362387,0.12197114,0.20940082,0.53686064,0.08162477,-1.3877207,-2.1471102,-3.1528301,-0.004649096,0.53581667,1.477305,-0.40630075,efficientnet_b0,train,0,ml/checkpoints/oof/efficientnet_b0-oof_f0_best.pt
ISIC_0030078,5,nv,5,nv,0.041417807,0.019137168,0.010392228,0.074789345,0.0057982598,0.791889,0.05657616,-0.20074286,-0.9728216,-1.5833956,0.39022166,-2.166896,2.7499673,0.11113375,efficientnet_b0,train,0,ml/checkpoints/oof/efficientnet_b0-oof_f0_best.pt
ISIC_0030102,5,nv,5,nv,0.028699374,0.022419665,0.01000485,0.08003254,0.011581676,0.77855235,0.06870954,-0.055211805,-0.30214846,-1.1090171,0.9703461,-0.96266294,3.2453492,0.81780094,efficientnet_b0,train,0,ml/checkpoints/oof/efficientnet_b0-oof_f0_best.pt
ISIC_0030114,1,bcc,1,bcc,0.0035490384,0.9388353,0.008889608,0.02436798,0.0018559605,0.011043378,0.011458747,-2.792395,2.7855682,-1.874189,-0.86580175,-3.4406695,-1.6572409,-1.6203184,efficientnet_b0,train,0,ml/checkpoints/oof/efficientnet_b0-oof_f0_best.pt
ISIC_0030115,5,nv,5,nv,0.03864087,0.016171288,0.0313904,0.07464443,0.038987935,0.7390204,0.061144654,-1.2588742,-2.1299477,-1.4666828,-0.60044885,-1.2499328,1.6921407,-0.79994243,efficientnet_b0,train,0,ml/checkpoints/oof/efficientnet_b0-oof_f0_best.pt
ISIC_0030122,4,mel,0,akiec,0.61968815,0.00828208,0.011016325,0.065266944,0.05910901,0.17949921,0.05713832,1.7703935,-2.5447288,-2.2594447,-0.48033726,-0.57943964,0.53134793,-0.613348,efficientnet_b0,train,0,ml/checkpoints/oof/efficientnet_b0-oof_f0_best.pt
ISIC_0030125,5,nv,5,nv,0.017563762,0.024663053,0.0021201633,0.072215155,0.0041098758,0.8398431,0.039484918,-1.4761674,-1.136699,-3.590512,-0.062355302,-2.9286122,2.3912098,-0.66608644,efficientnet_b0,train,0,ml/checkpoints/oof/efficientnet_b0-oof_f0_best.pt
ISIC_0030134,4,mel,5,nv,0.040230572,0.015813846,0.0022318906,0.09986672,0.038622342,0.7404704,0.062764175,-0.412086,-1.3458272,-3.3038645,0.49712324,-0.4528823,2.5005724,0.032671124,efficientnet_b0,train,0,ml/checkpoints/oof/efficientnet_b0-oof_f0_best.pt
ISIC_0030147,5,nv,5,nv,0.046079956,0.024239298,0.010853477,0.07486064,0.0083792135,0.77294195,0.06264548,0.18401541,-0.45838737,-1.2618773,0.6692656,-1.5206085,3.0038414,0.49112895,efficientnet_b0,train,0,ml/checkpoints/oof/efficientnet_b0-oof_f0_best.pt
ISIC_0030158,0,akiec,0,akiec,0.95412946,0.0047577457,0.017769625,0.013469035,0.0008954941,0.000571055,0.008407541,2.5799568,-2.7210684,-1.4033521,-1.6804492,-4.3912225,-4.841112,-2.1517136,efficientnet_b0,train,0,ml/checkpoints/oof/efficientnet_b0-oof_f0_best.pt
ISIC_0030164,5,nv,5,nv,0.024112616,0.0073443707,0.006718153,0.057451356,0.003993608,0.8461034,0.054276407,-0.23605064,-1.4248515,-1.5139726,0.6321529,-2.034091,3.3218558,0.5753038,efficientnet_b0,train,0,ml/checkpoints/oof/efficientnet_b0-oof_f0_best.pt
ISIC_0030165,4,mel,4,mel,0.028221069,0.026391745,0.010011639,0.065370254,0.53638875,0.26983282,0.06378379,-0.93494904,-1.0019666,-1.9712696,-0.09495076,2.0098412,1.3227845,-0.119518906,efficientnet_b0,train,0,ml/checkpoints/oof/efficientnet_b0-oof_f0_best.pt
ISIC_0030171,4,mel,5,nv,0.03720282,0.008336101,0.015451791,0.11264875,0.29310435,0.45442656,0.078829646,-1.0970347,-2.5928237,-1.9756944,0.010855106,0.9671093,1.4056169,-0.3461302,efficientnet_b0,train,0,ml/checkpoints/oof/efficientnet_b0-oof_f0_best.pt
ISIC_0030177,1,bcc,1,bcc,0.0063120783,0.916132,0.0118370205,0.032637853,0.0021089157,0.0009367713,0.030035457,-3.3017352,1.6759601,-2.6729684,-1.6587275,-4.3980265,-5.2095165,-1.7418218,efficientnet_b0,train,0,ml/checkpoints/oof/efficientnet_b0-oof_f0_best.pt
ISIC_0030180,5,nv,5,nv,0.0441563,0.015171265,0.08759825,0.07978392,0.030791622,0.6881534,0.05434526,-1.237905,-2.3062375,-0.55287945,-0.64631855,-1.598398,1.5083711,-1.0302833,efficientnet_b0,train,0,ml/checkpoints/oof/efficientnet_b0-oof_f0_best.pt
ISIC_0030187,4,mel,4,mel,0.019692529,0.015818669,0.011936728,0.09747738,0.73079956,0.07190655,0.05236851,-3.2462354,-3.4652839,-3.7468548,-1.6468545,0.36766452,-1.9511074,-2.2681692,efficientnet_b0,train,0,ml/checkpoints/oof/efficientnet_b0-oof_f0_best.pt
ISIC_0030193,5,nv,5,nv,0.020227028,0.029676337,0.022156097,0.14852358,0.0026844644,0.6988051,0.077927366,-1.6484112,-1.2650809,-1.5573182,0.3453129,-3.6679497,1.8939409,-0.29965374,efficientnet_b0,train,0,ml/checkpoints/oof/efficientnet_b0-oof_f0_best.pt
ISIC_0030198,5,nv,5,nv,0.03761728,0.017805355,0.010138323,0.11456685,0.08605077,0.66469854,0.06912282,-0.4460522,-1.1940167,-1.7571933,0.66764253,0.3814216,2.4258177,0.16236894,efficientnet_b0,train,0,ml/checkpoints/oof/efficientnet_b0-oof_f0_best.pt
ISIC_0030207,2,bkl,2,bkl,0.017913707,0.012112783,0.8738259,0.042895492,0.0023748055,0.01693816,0.03393913,-0.6515222,-1.0428268,3.2357929,0.22167845,-2.672173,-0.7075194,-0.012519611,efficientnet_b0,train,0,ml/checkpoints/oof/efficientnet_b0-oof_f0_best.pt
ISIC_0030211,4,mel,4,mel,0.019977199,0.009793277,0.00905111,0.025689274,0.8831767,0.0037978033,0.048514765,-1.2451625,-1.9580576,-2.0368667,-0.9936805,2.5437713,-2.905331,-0.35788596,efficientnet_b0,train,0,ml/checkpoints/oof/efficientnet_b0-oof_f0_best.pt
ISIC_0030218,5,nv,5,nv,0.03464583,0.028696807,0.0069097136,0.10513988,0.012815372,0.7488505,0.062941834,-0.45156583,-0.6399572,-2.0638149,0.65854865,-1.4460977,2.6217964,0.14546801,efficientnet_b0,train,0,ml/checkpoints/oof/efficientnet_b0-oof_f0_best.pt
ISIC_0030219,5,nv,5,nv,0.14534603,0.017868144,0.0018037295,0.10749379,0.328566,0.34292552,0.05599671,-0.23128231,-2.3273802,-4.620543,-0.5329666,0.58433807,0.6271136,-1.1851068,efficientnet_b0,train,0,ml/checkpoints/oof/efficientnet_b0-oof_f0_best.pt
ISIC_0030227,2,bkl,4,mel,0.15004134,0.037300326,0.014837632,0.15234843,0.44407415,0.13784854,0.063549526,-1.2295507,-2.6214597,-3.5432951,-1.2142915,-0.14447013,-1.3143061,-2.0886421,efficientnet_b0,train,0,ml/checkpoints/oof/efficientnet_b0-oof_f0_best.pt
ISIC_0030231,2,bkl,0,akiec,0.97293967,0.005308368,0.0023859036,0.011094156,0.0010958103,0.00040989486,0.0067661842,3.804276,-1.4067615,-2.206468,-0.6696279,-2.984552,-3.9679005,-1.1641089,efficientnet_b0,train,0,ml/checkpoints/oof/efficientnet_b0-oof_f0_best.pt
ISIC_0030232,5,nv,5,nv,0.0705752,0.020923167,0.007588095,0.10628636,0.0095073115,0.7242006,0.06091925,-0.06665137,-1.2824732,-2.2967494,0.3428068,-2.071269,2.2617383,-0.21378085,efficientnet_b0,train,0,ml/checkpoints/oof/efficientnet_b0-oof_f0_best.pt
ISIC_0030236,5,nv,5,nv,0.029107688,0.02677013,0.008469783,0.051492404,0.057272412,0.7837464,0.043141134,-0.8056171,-0.88933283,-2.0401146,-0.23518513,-0.12880039,2.487466,-0.41214246,efficientnet_b0,train,0,ml/checkpoints/oof/efficientnet_b0-oof_f0_best.pt
ISIC_0030248,5,nv,5,nv,0.03170744,0.025599126,0.004372144,0.07535149,0.0072067697,0.8001435,0.055619583,-0.08439662,-0.29838976,-2.065694,0.7812159,-1.5659268,3.1438432,0.47758743,efficientnet_b0,train,0,ml/checkpoints/oof/efficientnet_b0-oof_f0_best.pt
ISIC_0030283,6,vasc,6,vasc,0.0037217573,0.0004047503,0.001191945,0.009690468,0.00014300279,0.0008553349,0.98399276,-1.3857063,-3.604387,-2.524316,-0.4287598,-4.644793,-2.8561645,4.191716,efficientnet_b0,train,0,ml/checkpoints/oof/efficientnet_b0-oof_f0_best.pt
ISIC_0030289,5,nv,5,nv,0.020110212,0.011009849,0.008510365,0.05804056,0.0071166866,0.8389394,0.056272935,-0.63218915,-1.2346269,-1.492132,0.42772502,-1.670975,3.0987215,0.39679682,efficientnet_b0,train,0,ml/checkpoints/oof/efficientnet_b0-oof_f0_best.pt
ISIC_0030293,5,nv,5,nv,0.03759388,0.029002389,0.0038729152,0.17083767,0.006231673,0.6331716,0.11928986,-0.35752368,-0.61698675,-2.6303575,1.1563488,-2.15472,2.4663765,0.7971913,efficientnet_b0,train,0,ml/checkpoints/oof/efficientnet_b0-oof_f0_best.pt
ISIC_0030308,5,nv,5,nv,0.04564543,0.021542175,0.024289496,0.091455214,0.015163933,0.72139084,0.08051291,-0.64140135,-1.3922921,-1.272261,0.053544417,-1.7433851,2.1188762,-0.07388746,efficientnet_b0,train,0,ml/checkpoints/oof/efficientnet_b0-oof_f0_best.pt
ISIC_0030326,5,nv,5,nv,0.03320376,0.019050349,0.019303426,0.12056771,0.026864976,0.7100782,0.070931524,-1.0261137,-1.5816915,-1.5684943,0.26343462,-1.2379534,2.0365982,-0.267062,efficientnet_b0,train,0,ml/checkpoints/oof/efficientnet_b0-oof_f0_best.pt
ISIC_0030340,5,nv,5,nv,0.08274262,0.024602469,0.042376533,0.08779256,0.10338892,0.6082475,0.0508494,-0.78681934,-1.9997073,-1.4559592,-0.7275773,-0.5640563,1.2080278,-1.2736857,efficientnet_b0,train,0,ml/checkpoints/oof/efficientnet_b0-oof_f0_best.pt
ISIC_0030341,0,akiec,0,akiec,0.5832144,0.3017441,0.019886708,0.046052486,0.007825302,0.010725775,0.030551247,0.9422169,0.28324124,-2.4362864,-1.5965561,-3.3689754,-3.0536883,-2.0069325,efficientnet_b0,train,0,ml/checkpoints/oof/efficientnet_b0-oof_f0_best.pt
ISIC_0030342,5,nv,5,nv,0.043829683,0.024865437,0.010308954,0.080847524,0.017906914,0.7287969,0.09344466,-0.0768999,-0.6437325,-1.5241984,0.5353538,-0.97202444,2.7341838,0.6801582,efficientnet_b0,train,0,ml/checkpoints/oof/efficientnet_b0-oof_f0_best.pt
ISIC_0030343,5,nv,5,nv,0.051638678,0.021568185,0.0048439037,0.10664852,0.019853659,0.7473813,0.048065715,-0.013593816,-0.8866456,-2.380144,0.7116737,-0.96947646,2.6587107,-0.085295714,efficientnet_b0,train,0,ml/checkpoints/oof/efficientnet_b0-oof_f0_best.pt
ISIC_0030346,2,bkl,1,bcc,0.17047559,0.601106,0.06447923,0.0525127,0.05740502,0.020946592,0.033074934,-0.27417517,0.986004,-1.2464242,-1.4517123,-1.3626355,-2.3707912,-1.9139916,efficientnet_b0,train,0,ml/checkpoints/oof/efficientnet_b0-oof_f0_best.pt
ISIC_0030353,5,nv,5,nv,0.029581303,0.016440034,0.012286317,0.08621739,0.008743133,0.7894075,0.057324324,-0.5640717,-1.1514947,-1.4427282,0.5056577,-1.7829458,2.7200685,0.09751093,efficientnet_b0,train,0,ml/checkpoints/oof/efficientnet_b0-oof_f0_best.pt
ISIC_0030359,5,nv,5,nv,0.045127057,0.033813667,0.014808387,0.09369924,0.019433066,0.7183892,0.074729376,0.1877667,-0.1008502,-0.92652154,0.9183747,-0.65473926,2.9552963,0.692158,efficientnet_b0,train,0,ml/checkpoints/oof/efficientnet_b0-oof_f0_best.pt
ISIC_0030373,5,nv,5,nv,0.019186003,0.08390932,0.042053424,0.055636115,0.0071650273,0.7402834,0.051766716,-1.4892409,-0.01368532,-0.7044811,-0.42458946,-2.4742098,2.1636112,-0.49667457,efficientnet_b0,train,0,ml/checkpoints/oof/efficientnet_b0-oof_f0_best.pt
ISIC_0030377,2,bkl,5,nv,0.017346239,0.027717426,0.167949,0.090482794,0.035024013,0.5774142,0.08406631,-2.041724,-1.5730385,0.22856067,-0.3899399,-1.3390659,1.4634602,-0.4634938,efficientnet_b0,train,0,ml/checkpoints/oof/efficientnet_b0-oof_f0_best.pt
ISIC_0030384,5,nv,5,nv,0.03736572,0.00818519,0.15383318,0.10533561,0.022687085,0.6133062,0.059286993,-1.0026906,-2.5211174,0.4124245,0.033707313,-1.5016485,1.7954202,-0.5410542,efficientnet_b0,train,0,ml/checkpoints/oof/efficientnet_b0-oof_f0_best.pt
ISIC_0030387,0,akiec,1,bcc,0.103333674,0.39272556,0.023695303,0.127705,0.0020891419,0.29826897,0.052182294,-1.8461428,-0.51099503,-3.318829,-1.6343832,-5.7473526,-0.78611034,-2.529363,efficientnet_b0,train,0,ml/checkpoints/oof/efficientnet_b0-oof_f0_best.pt
ISIC_0030388,5,nv,5,nv,0.04455532,0.025946528,0.008485402,0.093779705,0.00579167,0.7311823,0.09025908,0.078811385,-0.4618824,-1.5795728,0.82302845,-1.9614993,2.8767426,0.7847642,efficientnet_b0,train,0,ml/checkpoints/oof/efficientnet_b0-oof_f0_best.pt
ISIC_0030391,4,mel,4,mel,0.0140073225,0.00897239,0.0010334059,0.098675825,0.561382,0.2549952,0.060933817,-1.5600061,-2.0054345,-4.1667266,0.39225364,2.1308153,1.3416584,-0.089798026,efficientnet_b0,train,0,ml/checkpoints/oof/efficientnet_b0-oof_f0_best.pt
ISIC_0030394,2,bkl,2,bkl,0.004393764,0.0045449026,0.8534137,0.05813043,0.008220904,0.03232161,0.03897477,-2.3695865,-2.3357663,2.899472,0.21291675,-1.7430924,-0.37403637,-0.18685795,efficientnet_b0,train,0,ml/checkpoints/oof/efficientnet_b0-oof_f0_best.pt
ISIC_0030409,5,nv,5,nv,0.036271602,0.020577181,0.010534074,0.10189891,0.011284638,0.757028,0.062405635,-0.08414894,-0.65100133,-1.3205686,0.94879717,-1.2517418,2.9542162,0.45847145,efficientnet_b0,train,0,ml/checkpoints/oof/efficientnet_b0-oof_f0_best.pt
ISIC_0030416,5,nv,5,nv,0.15504557,0.015818551,0.032214846,0.123942986,0.03084873,0.5542081,0.08792122,-0.68860394,-2.9711397,-2.2598956,-0.91250134,-2.3032274,0.58521724,-1.2558819,efficientnet_b0,train,0,ml/checkpoints/oof/efficientnet_b0-oof_f0_best.pt
ISIC_0030439,5,nv,5,nv,0.017483812,0.0108660655,0.001493631,0.09122033,0.0068828026,0.83135194,0.04070141,-0.7135438,-1.1891743,-3.1736093,0.9384586,-1.6457933,3.1482341,0.1314438,efficientnet_b0,train,0,ml/checkpoints/oof/efficientnet_b0-oof_f0_best.pt
ISIC_0030444,5,nv,5,nv,0.062144224,0.01221742,0.060016505,0.06478318,0.35368475,0.39396524,0.053188667,-0.6774144,-2.3040094,-0.71225256,-0.6358264,1.0615337,1.1693904,-0.8330269,efficientnet_b0,train,0,ml/checkpoints/oof/efficientnet_b0-oof_f0_best.pt
ISIC_0030455,5,nv,5,nv,0.07093171,0.026804289,0.010047392,0.116952814,0.005796267,0.6840402,0.08542731,0.4540866,-0.5190692,-1.500318,0.95413953,-2.0504172,2.7203856,0.6400348,efficientnet_b0,train,0,ml/checkpoints/oof/efficientnet_b0-oof_f0_best.pt
ISIC_0030461,5,nv,5,nv,0.04318787,0.023946531,0.020356594,0.12362305,0.0071383268,0.71625596,0.065491654,-0.016145,-0.6058812,-0.7682997,1.0355322,-1.8162261,2.792333,0.40021807,efficientnet_b0,train,0,ml/checkpoints/oof/efficientnet_b0-oof_f0_best.pt
ISIC_0030464,5,nv,5,nv,0.021921925,0.006792063,0.0019236259,0.050819796,0.008137574,0.85458213,0.055822812,-0.3120037,-1.483736,-2.745279,0.528795,-1.302999,3.3511217,0.62269163,efficientnet_b0,train,0,ml/checkpoints/oof/efficientnet_b0-oof_f0_best.pt
ISIC_0030503,5,nv,5,nv,0.030012611,0.023860667,0.0067548635,0.087600864,0.01671439,0.78320473,0.05185186,-0.22460535,-0.45399165,-1.7159601,0.84656775,-0.80995286,3.0371711,0.32216796,efficientnet_b0,train,0,ml/checkpoints/oof/efficientnet_b0-oof_f0_best.pt
ISIC_0030508,5,nv,5,nv,0.01989508,0.012310163,0.009445301,0.10150937,0.01395024,0.7887368,0.05415297,-0.75395364,-1.2340007,-1.4989086,0.87572503,-1.1089295,2.9260066,0.24738666,efficientnet_b0,train,0,ml/checkpoints/oof/efficientnet_b0-oof_f0_best.pt
ISIC_0030511,1,bcc,1,bcc,0.0015623646,0.9769642,0.0012570831,0.01138347,0.0003235552,0.0001339507,0.00837545,-2.46213,3.9761195,-2.6795366,-0.47616833,-4.036716,-4.9186144,-0.78302556,efficientnet_b0,train,0,ml/checkpoints/oof/efficientnet_b0-oof_f0_best.pt
ISIC_0030519,5,nv,5,nv,0.030130316,0.034694757,0.01678967,0.1059584,0.034317836,0.7151207,0.06298841,-0.6849236,-0.54386693,-1.2696918,0.57259107,-0.5547904,2.4819958,0.05249515,efficientnet_b0,train,0,ml/checkpoints/oof/efficientnet_b0-oof_f0_best.pt
ISIC_0030520,5,nv,5,nv,0.030827409,0.029635157,0.012626667,0.09196646,0.069388516,0.69909334,0.0664624,-0.6074357,-0.64687836,-1.5000286,0.48558396,0.20388156,2.5139444,0.16079634,efficientnet_b0,train,0,ml/checkpoints/oof/efficientnet_b0-oof_f0_best.pt
ISIC_0030523,5,nv,5,nv,0.049966227,0.041480877,0.008548108,0.10789937,0.046614304,0.68451744,0.060973655,-0.40281028,-0.588925,-2.1684475,0.36704135,-0.47225028,2.2145565,-0.20371579,efficientnet_b0,train,0,ml/checkpoints/oof/efficientnet_b0-oof_f0_best.pt
ISIC_0030524,5,nv,5,nv,0.04254945,0.017437777,0.07922299,0.118270636,0.011991452,0.6550178,0.07550984,-0.8191875,-1.7112156,-0.19758786,0.20312105,-2.0856602,1.9148079,-0.24559155,efficientnet_b0,train,0,ml/checkpoints/oof/efficientnet_b0-oof_f0_best.pt
ISIC_0030550,5,nv,5,nv,0.039986722,0.02463727,0.004095166,0.120126635,0.02306843,0.71894205,0.069143675,0.078634396,-0.4056526,-2.2001054,1.1786336,-0.47144806,2.9678679,0.6262735,efficientnet_b0,train,0,ml/checkpoints/oof/efficientnet_b0-oof_f0_best.pt
ISIC_0030562,5,nv,5,nv,0.032171663,0.029373517,0.024617843,0.08884941,0.007879735,0.7249764,0.092131324,-0.24409369,-0.33508602,-0.511708,0.7717634,-1.6508852,2.8709595,0.8080354,efficientnet_b0,train,0,ml/checkpoints/oof/efficientnet_b0-oof_f0_best.pt
ISIC_0030565,2,bkl,0,akiec,0.4105833,0.014055218,0.08127046,0.14296417,0.2621228,0.006733192,0.08227088,0.80274,-2.571845,-0.81705624,-0.2522448,0.35397437,-3.3077896,-0.80482167,efficientnet_b0,train,0,ml/checkpoints/oof/efficientnet_b0-oof_f0_best.pt
ISIC_0030567,5,nv,5,nv,0.03396212,0.022708492,0.013759347,0.048525978,0.008914888,0.80167294,0.07045614,-0.5414725,-0.9439792,-1.445,-0.18461905,-1.8789958,2.6199825,0.18827227,efficientnet_b0,train,0,ml/checkpoints/oof/efficientnet_b0-oof_f0_best.pt
ISIC_0030570,5,nv,5,nv,0.022072457,0.018638304,0.010763545,0.08294596,0.0067900303,0.79685456,0.061935194,-0.6561455,-0.82525736,-1.3743114,0.6677132,-1.835021,2.930196,0.3756126,efficientnet_b0,train,0,ml/checkpoints/oof/efficientnet_b0-oof_f0_best.pt
ISIC_0030584,5,nv,5,nv,0.030637344,0.015494281,0.0036916866,0.11399354,0.004269449,0.7752182,0.056695517,-0.23357278,-0.9153214,-2.3497093,1.0803494,-2.2043076,2.9973521,0.38190278,efficientnet_b0,train,0,ml/checkpoints/oof/efficientnet_b0-oof_f0_best.pt
ISIC_0030587,5,nv,5,nv,0.036886774,0.021404525,0.008026877,0.070784606,0.017318951,0.77477527,0.07080304,0.12044967,-0.42380092,-1.4046077,0.7722384,-0.635602,3.1651697,0.7724985,efficientnet_b0,train,0,ml/checkpoints/oof/efficientnet_b0-oof_f0_best.pt
ISIC_0030598,5,nv,5,nv,0.07116609,0.006255346,0.0036348533,0.0780323,0.25220284,0.53297436,0.05573418,-1.0367129,-3.468293,-4.011161,-0.9446065,0.22850427,0.97674394,-1.2811358,efficientnet_b0,train,0,ml/checkpoints/oof/efficientnet_b0-oof_f0_best.pt
ISIC_0030601,5,nv,5,nv,0.05275168,0.019556163,0.015749147,0.08362678,0.010082141,0.7569286,0.0613054,0.15527806,-0.8370271,-1.0535314,0.6160462,-1.4995518,2.8189514,0.30555022,efficientnet_b0,train,0,ml/checkpoints/oof/efficientnet_b0-oof_f0_best.pt
ISIC_0030612,5,nv,5,nv,0.034951437,0.019922312,0.009607062,0.09083593,0.013223777,0.7681414,0.06331805,-0.18114096,-0.74326,-1.4726019,0.77395445,-1.1530843,2.9088733,0.41307002,efficientnet_b0,train,0,ml/checkpoints/oof/efficientnet_b0-oof_f0_best.pt
ISIC_0030613,5,nv,5,nv,0.037717603,0.019811828,0.00498634,0.08902232,0.002822229,0.7747756,0.070864,0.028096033,-0.6157518,-1.9953287,0.88685626,-2.5645041,3.0505426,0.6587317,efficientnet_b0,train,0,ml/checkpoints/oof/efficientnet_b0-oof_f0_best.pt
ISIC_0030632,5,nv,5,nv,0.032278456,0.011687213,0.0092072915,0.10702408,0.009211423,0.7517156,0.07887598,-0.2183499,-1.2342547,-1.4727542,0.9803039,-1.4723057,2.929608,0.6751267,efficientnet_b0,train,0,ml/checkpoints/oof/efficientnet_b0-oof_f0_best.pt
ISIC_0030645,5,nv,3,df,0.009062784,0.015187765,0.03478203,0.34531584,0.12851119,0.27766004,0.18948025,-3.748393,-3.2320793,-2.4034686,-0.10810989,-1.0965534,-0.32617188,-0.7082846,efficientnet_b0,train,0,ml/checkpoints/oof/efficientnet_b0-oof_f0_best.pt
ISIC_0030666,5,nv,5,nv,0.03686016,0.0058926046,0.004524974,0.07088338,0.020137966,0.8237464,0.03795463,-0.65783274,-2.491266,-2.7553523,-0.003928096,-1.2623572,2.4488986,-0.6285728,efficientnet_b0,train,0,ml/checkpoints/oof/efficientnet_b0-oof_f0_best.pt
ISIC_0030698,2,bkl,5,nv,0.03453259,0.010108461,0.06628765,0.07746688,0.011078729,0.7463427,0.054182895,-0.7358726,-1.9644035,-0.08377268,0.07207429,-1.8727493,2.3374085,-0.28541112,efficientnet_b0,train,0,ml/checkpoints/oof/efficientnet_b0-oof_f0_best.pt
ISIC_0030700,2,bkl,0,akiec,0.5249644,0.07868511,0.0023730493,0.21407126,0.11154961,0.0064204545,0.061936066,-0.17715624,-2.0750327,-5.576311,-1.0741777,-1.7260172,-4.580998,-2.314384,efficientnet_b0,train,0,ml/checkpoints/oof/efficientnet_b0-oof_f0_best.pt
ISIC_0030705,2,bkl,2,bkl,0.005504282,0.003968412,0.96757835,0.01636796,0.00016840508,0.00026392663,0.0061488035,-1.854271,-2.1814315,3.314999,-0.76447165,-5.341181,-4.891882,-1.7435397,efficientnet_b0,train,0,ml/checkpoints/oof/efficientnet_b0-oof_f0_best.pt
ISIC_0030725,5,nv,5,nv,0.024623388,0.017640086,0.004180935,0.07363158,0.004390779,0.8262625,0.049270723,-0.14933792,-0.48286077,-1.9224997,0.9460391,-1.873528,3.3638778,0.5442953,efficientnet_b0,train,0,ml/checkpoints/oof/efficientnet_b0-oof_f0_best.pt
ISIC_0030729,5,nv,5,nv,0.013186989,0.017661223,0.027292974,0.17254172,0.008889615,0.57928807,0.1811394,-2.7339737,-2.441833,-2.006575,-0.16256538,-3.128321,1.0485954,-0.11393767,efficientnet_b0,train,0,ml/checkpoints/oof/efficientnet_b0-oof_f0_best.pt
ISIC_0030748,5,nv,5,nv,0.02998542,0.018793525,0.005797653,0.096683346,0.0055215512,0.7840171,0.059201412,-0.31801718,-0.7852161,-1.9612753,0.8527127,-2.0100696,2.9457023,0.36221686,efficientnet_b0,train,0,ml/checkpoints/oof/efficientnet_b0-oof_f0_best.pt
ISIC_0030751,5,nv,5,nv,0.0361594,0.037265353,0.022822268,0.09213518,0.016562538,0.7174654,0.077589855,-0.37012997,-0.34000304,-0.8303303,0.5651899,-1.1509237,2.6176577,0.3933697,efficientnet_b0,train,0,ml/checkpoints/oof/efficientnet_b0-oof_f0_best.pt
ISIC_0030754,4,mel,5,nv,0.01450408,0.012388936,0.007860881,0.12811317,0.06942901,0.7100476,0.05765634,-1.6548539,-1.8124802,-2.267385,0.52362984,-0.08897934,2.236048,-0.2747838,efficientnet_b0,train,0,ml/checkpoints/oof/efficientnet_b0-oof_f0_best.pt
ISIC_0030761,5,nv,5,nv,0.0467114,0.018809723,0.010854041,0.23213676,0.069451556,0.5573286,0.06470791,-0.6692769,-1.5788914,-2.1287277,0.93406147,-0.27263576,1.8098898,-0.34338155,efficientnet_b0,train,0,ml/checkpoints/oof/efficientnet_b0-oof_f0_best.pt
ISIC_0030767,1,bcc,1,bcc,0.0092313625,0.8812346,0.036129974,0.040936742,0.0018717269,0.013350988,0.017244585,-3.8394792,0.71923786,-2.4749632,-2.350058,-5.4352245,-3.4704955,-3.214588,efficientnet_b0,train,0,ml/checkpoints/oof/efficientnet_b0-oof_f0_best.pt
ISIC_0030769,5,nv,5,nv,0.0148845995,0.010369311,0.001280256,0.11551887,0.0060554217,0.7878828,0.0640088,-0.9466974,-1.3081737,-3.3999646,1.1024092,-1.8460706,3.0223248,0.511996,efficientnet_b0,train,0,ml/checkpoints/oof/efficientnet_b0-oof_f0_best.pt
ISIC_0030772,5,nv,5,nv,0.024227433,0.003116823,0.03486084,0.07032561,0.016423056,0.8065542,0.044492025,-1.4343231,-3.4849942,-1.0704445,-0.36867258,-1.8231226,2.0709624,-0.82649875,efficientnet_b0,train,0,ml/checkpoints/oof/efficientnet_b0-oof_f0_best.pt
ISIC_0030785,0,akiec,1,bcc,0.0040522423,0.98549634,0.00025163032,0.0031364257,0.0003987132,0.0005770019,0.0060877064,-1.5073099,3.986565,-4.2863746,-1.7634965,-3.826093,-3.45649,-1.1003087,efficientnet_b0,train,0,ml/checkpoints/oof/efficientnet_b0-oof_f0_best.pt
ISIC_0030794,0,akiec,0,akiec,0.95837826,0.004918548,0.004345582,0.02011333,0.0006831922,0.003338537,0.00822253,1.9589677,-3.3132617,-3.4371154,-1.9048921,-5.287254,-3.7007425,-2.799397,efficientnet_b0,train,0,ml/checkpoints/oof/efficientnet_b0-oof_f0_best.pt
ISIC_0030802,5,nv,5,nv,0.061100714,0.017006056,0.04428715,0.1749179,0.11396511,0.5028748,0.08584833,-1.3764524,-2.6554065,-1.6982815,-0.3246593,-0.7530838,0.73136514,-1.036394,efficientnet_b0,train,0,ml/checkpoints/oof/efficientnet_b0-oof_f0_best.pt
ISIC_0030810,5,nv,0,akiec,0.6209245,0.0025482834,0.00876023,0.09267061,0.16050558,0.060301445,0.05428924,1.0918447,-4.403945,-3.1691427,-0.81031346,-0.26103607,-1.2400087,-1.3450388,efficientnet_b0,train,0,ml/checkpoints/oof/efficientnet_b0-oof_f0_best.pt
ISIC_0030815,5,nv,5,nv,0.028804954,0.025161,0.007719653,0.08811254,0.04044599,0.7387831,0.0709727,-0.34242663,-0.4776787,-1.6592044,0.7756411,-0.0030065551,2.9020305,0.5593213,efficientnet_b0,train,0,ml/checkpoints/oof/efficientnet_b0-oof_f0_best.pt
ISIC_0030821,0,akiec,2,bkl,0.08333232,0.017424338,0.50843054,0.103675134,0.20701092,0.028002389,0.052124415,-0.5721954,-2.137164,1.2362968,-0.3537695,0.3377397,-1.6627421,-1.0413983,efficientnet_b0,train,0,ml/checkpoints/oof/efficientnet_b0-oof_f0_best.pt
ISIC_0030823,5,nv,5,nv,0.027513606,0.019674966,0.0049340576,0.08667973,0.0033610405,0.7846167,0.07321989,-0.3053532,-0.6406867,-2.0238724,0.84218633,-2.4077833,3.0451615,0.67343336,efficientnet_b0,train,0,ml/checkpoints/oof/efficientnet_b0-oof_f0_best.pt
ISIC_0030829,5,nv,5,nv,0.029996019,0.02036187,0.007087116,0.07115174,0.030663023,0.76053023,0.08020998,-0.6168827,-1.0042832,-2.059669,0.24686743,-0.59489,2.6160686,0.36670065,efficientnet_b0,train,0,ml/checkpoints/oof/efficientnet_b0-oof_f0_best.pt
ISIC_0030844,0,akiec,0,akiec,0.9430717,0.022493979,0.016984317,0.011353436,0.0001631976,0.00014042857,0.005792784,2.6394935,-1.0964013,-1.3773583,-1.7801286,-6.022443,-6.172705,-2.4530358,efficientnet_b0,train,0,ml/checkpoints/oof/efficientnet_b0-oof_f0_best.pt
ISIC_0030860,5,nv,5,nv,0.023874735,0.014699199,0.0025144762,0.08032297,0.0062512327,0.8141801,0.058157336,-0.72786415,-1.2128918,-2.97862,0.48537096,-2.0679064,2.8014967,0.16246727,efficientnet_b0,train,0,ml/checkpoints/oof/efficientnet_b0-oof_f0_best.pt
ISIC_0030870,3,df,3,df,0.0003616568,0.0001676307,0.00040197987,0.9931612,0.0034701792,0.00055158464,0.0018857475,-4.238273,-5.007206,-4.1325674,3.6796792,-1.9770077,-3.8161738,-2.5868895,efficientnet_b0,train,0,ml/checkpoints/oof/efficientnet_b0-oof_f0_best.pt
ISIC_0030883,4,mel,4,mel,0.016212191,0.00791312,0.28941402,0.0635943,0.55642503,0.014017087,0.052424293,-2.0519507,-2.7691922,0.8301439,-0.6851907,1.4838182,-2.1974373,-0.8783441,efficientnet_b0,train,0,ml/checkpoints/oof/efficientnet_b0-oof_f0_best.pt
ISIC_0030885,5,nv,5,nv,0.031045707,0.033833582,0.003727552,0.095437236,0.036357887,0.7323705,0.067227565,-0.41096282,-0.32496944,-2.5306716,0.7120455,-0.25301218,2.7498631,0.36165997,efficientnet_b0,train,0,ml/checkpoints/oof/efficientnet_b0-oof_f0_best.pt
ISIC_0030906,5,nv,5,nv,0.018762764,0.017901769,0.021382246,0.10525892,0.016952204,0.77023566,0.04950648,-1.4832565,-1.5302314,-1.3525698,0.24129252,-1.584733,2.2315657,-0.51302713,efficientnet_b0,train,0,ml/checkpoints/oof/efficientnet_b0-oof_f0_best.pt
ISIC_0030909,5,nv,5,nv,0.08006552,0.045909848,0.022763366,0.07975102,0.023166778,0.67478216,0.07356136,0.17426702,-0.3818987,-1.0834258,0.1703313,-1.065859,2.3058116,0.08954165,efficientnet_b0,train,0,ml/checkpoints/oof/efficientnet_b0-oof_f0_best.pt
ISIC_0030921,5,nv,5,nv,0.043279976,0.014020787,0.010301066,0.10804567,0.046791166,0.7047525,0.072808824,-0.3641835,-1.4913325,-1.799626,0.5506805,-0.286179,2.4259732,0.15596372,efficientnet_b0,train,0,ml/checkpoints/oof/efficientnet_b0-oof_f0_best.pt
ISIC_0030931,5,nv,5,nv,0.034205694,0.026478073,0.0064830338,0.07396698,0.0060354685,0.7857897,0.06704107,-0.026941584,-0.28301668,-1.690145,0.7442852,-1.76168,3.1073556,0.6459719,efficientnet_b0,train,0,ml/checkpoints/oof/efficientnet_b0-oof_f0_best.pt
ISIC_0030936,5,nv,5,nv,0.04531068,0.02645476,0.02790874,0.06461207,0.0060853157,0.7748577,0.05477077,-0.357621,-0.8957276,-0.84222394,-0.0027626278,-2.3652854,2.4815156,-0.1680071,efficientnet_b0,train,0,ml/checkpoints/oof/efficientnet_b0-oof_f0_best.pt
ISIC_0030961,5,nv,4,mel,0.026552651,0.019694345,0.0034210132,0.09694563,0.5709625,0.19827422,0.08414969,-1.1949549,-1.493753,-3.2441475,0.10006594,1.8732392,0.8155666,-0.041487098,efficientnet_b0,train,0,ml/checkpoints/oof/efficientnet_b0-oof_f0_best.pt
ISIC_0030963,5,nv,5,nv,0.024770755,0.014756707,0.0054735523,0.052314997,0.007802449,0.85179263,0.04308891,-0.6684072,-1.1863731,-2.178143,0.07921215,-1.823633,2.8692722,-0.11480514,efficientnet_b0,train,0,ml/checkpoints/oof/efficientnet_b0-oof_f0_best.pt
ISIC_0030965,2,bkl,4,mel,0.017050544,0.031070469,0.3313493,0.044226706,0.48255113,0.018093696,0.07565813,-2.544147,-1.9440713,0.42284405,-1.5910004,0.7987578,-2.4847655,-1.0541042,efficientnet_b0,train,0,ml/checkpoints/oof/efficientnet_b0-oof_f0_best.pt
ISIC_0030966,5,nv,5,nv,0.048966456,0.014165152,0.008375464,0.095914856,0.061208893,0.71354675,0.057822403,-0.55652404,-1.7968746,-2.3223534,0.11580128,-0.33336708,2.1225884,-0.39028323,efficientnet_b0,train,0,ml/checkpoints/oof/efficientnet_b0-oof_f0_best.pt
ISIC_0030973,5,nv,4,mel,0.05325132,0.010416613,0.07440518,0.062483378,0.4062193,0.3386861,0.05453812,-0.81420773,-2.4458282,-0.4797048,-0.6543296,1.2176629,1.0358435,-0.7903304,efficientnet_b0,train,0,ml/checkpoints/oof/efficientnet_b0-oof_f0_best.pt
ISIC_0030987,5,nv,5,nv,0.029855601,0.02403752,0.013927769,0.08944244,0.005749491,0.78593725,0.051049873,-0.4359073,-0.65266395,-1.1983954,0.6613153,-2.0831687,2.834597,0.100523286,efficientnet_b0,train,0,ml/checkpoints/oof/efficientnet_b0-oof_f0_best.pt
ISIC_0030998,2,bkl,2,bkl,0.011959651,0.004675742,0.9361964,0.027986415,0.0024902138,0.004547316,0.012144316,-0.6217414,-1.5608922,3.7385452,0.22843912,-2.1909113,-1.5887429,-0.60641885,efficientnet_b0,train,0,ml/checkpoints/oof/efficientnet_b0-oof_f0_best.pt
ISIC_0031002,3,df,5,nv,0.058903977,0.13095912,0.09557675,0.1343586,0.05321181,0.44192892,0.085060835,-1.8753906,-1.0764141,-1.3913697,-1.050787,-1.977019,0.13984974,-1.5079327,efficientnet_b0,train,0,ml/checkpoints/oof/efficientnet_b0-oof_f0_best.pt
ISIC_0031004,5,nv,5,nv,0.033539362,0.016456446,0.008526112,0.08056456,0.012052331,0.79981494,0.0490462,-0.021443637,-0.733446,-1.39103,0.8548956,-1.0449052,3.150217,0.35859936,efficientnet_b0,train,0,ml/checkpoints/oof/efficientnet_b0-oof_f0_best.pt
ISIC_0031013,4,mel,4,mel,0.009386574,0.006822508,0.03608865,0.056168906,0.8636471,0.007751807,0.020134475,-2.5592782,-2.8783314,-1.2125803,-0.77019536,1.9626056,-2.7506325,-1.796125,efficientnet_b0,train,0,ml/checkpoints/oof/efficientnet_b0-oof_f0_best.pt
ISIC_0031014,5,nv,5,nv,0.04335846,0.013467316,0.0017655531,0.07959109,0.0010995807,0.8156038,0.045114227,-0.508986,-1.6782222,-3.710024,0.09841424,-4.183559,2.4254408,-0.4692903,efficientnet_b0,train,0,ml/checkpoints/oof/efficientnet_b0-oof_f0_best.pt
ISIC_0031015,5,nv,5,nv,0.013531195,0.00619925,0.00013292987,0.063095964,6.7751695e-05,0.8793958,0.037577193,-1.0772429,-1.8578126,-5.700175,0.4624159,-6.3741465,3.0969942,-0.05584351,efficientnet_b0,train,0,ml/checkpoints/oof/efficientnet_b0-oof_f0_best.pt
ISIC_0031019,5,nv,5,nv,0.024479186,0.01650778,0.0037377651,0.09870001,0.043835264,0.76018137,0.05255862,-1.3197522,-1.7137437,-3.1990876,0.07450964,-0.73713696,2.1159816,-0.5556463,efficientnet_b0,train,0,ml/checkpoints/oof/efficientnet_b0-oof_f0_best.pt
ISIC_0031020,5,nv,5,nv,0.019364938,0.013052212,0.007532122,0.089733504,0.006625781,0.81978095,0.04391053,-0.41069612,-0.8052023,-1.3549834,1.1226839,-1.4831921,3.334877,0.4079941,efficientnet_b0,train,0,ml/checkpoints/oof/efficientnet_b0-oof_f0_best.pt
ISIC_0031037,2,bkl,0,akiec,0.8088197,0.0012831016,0.09352501,0.044980463,0.0019750802,0.012611501,0.036805153,1.5088332,-4.937463,-0.64851415,-1.3805146,-4.506134,-2.6521337,-1.5811049,efficientnet_b0,train,0,ml/checkpoints/oof/efficientnet_b0-oof_f0_best.pt
ISIC_0031048,5,nv,5,nv,0.033943377,0.023124993,0.009509207,0.06685745,0.011237833,0.8045776,0.05074954,-0.2035465,-0.58732635,-1.47598,0.47432253,-1.3089544,2.9620771,0.19866224,efficientnet_b0,train,0,ml/checkpoints/oof/efficientnet_b0-oof_f0_best.pt
ISIC_0031051,5,nv,5,nv,0.053457394,0.039718494,0.012270745,0.14866534,0.0044847336,0.68766737,0.05373589,-0.15398659,-0.4510548,-1.6256536,0.86882603,-2.6321924,2.4004335,-0.14879064,efficientnet_b0,train,0,ml/checkpoints/oof/efficientnet_b0-oof_f0_best.pt
ISIC_0031057,1,bcc,1,bcc,0.14093207,0.76956415,0.021942,0.02594014,0.00015009535,0.0066288426,0.03484273,-0.118235566,1.5793108,-1.9781108,-1.810722,-6.962998,-3.1750832,-1.5156691,efficientnet_b0,train,0,ml/checkpoints/oof/efficientnet_b0-oof_f0_best.pt
ISIC_0031060,2,bkl,2,bkl,0.059256636,0.001279194,0.80344033,0.029136132,0.052631967,0.018760186,0.035495676,-0.6893048,-4.5249524,1.9177203,-1.3992035,-0.80785894,-1.8394458,-1.2017717,efficientnet_b0,train,0,ml/checkpoints/oof/efficientnet_b0-oof_f0_best.pt
ISIC_0031062,1,bcc,1,bcc,0.27552876,0.6415258,0.0054511386,0.025148153,0.004222821,0.024340518,0.023782821,0.6636971,1.5088545,-3.2591703,-1.7302104,-3.5144913,-1.7628524,-1.7860314,efficientnet_b0,train,0,ml/checkpoints/oof/efficientnet_b0-oof_f0_best.pt
ISIC_0031063,1,bcc,1,bcc,0.0024848357,0.9736202,0.006597947,0.00849589,0.0016733514,0.00038299029,0.0067448285,-2.1073883,3.8634264,-1.1308365,-0.8780124,-2.5027661,-3.9773405,-1.1088187,efficientnet_b0,train,0,ml/checkpoints/oof/efficientnet_b0-oof_f0_best.pt
ISIC_0031084,5,nv,5,nv,0.029238237,0.018052164,0.004744627,0.06765967,0.006637974,0.82319313,0.0504742,0.0076002013,-0.4746115,-1.8108641,0.8466133,-1.47507,3.3453138,0.5535853,efficientnet_b0,train,0,ml/checkpoints/oof/efficientnet_b0-oof_f0_best.pt
ISIC_0031086,5,nv,5,nv,0.03767308,0.031616587,0.0069551715,0.10864091,0.010174574,0.7229883,0.081951365,0.057081938,-0.1181819,-1.6323782,1.1161842,-1.2519721,3.0115292,0.83426225,efficientnet_b0,train,0,ml/checkpoints/oof/efficientnet_b0-oof_f0_best.pt
ISIC_0031093,6,vasc,6,vasc,0.0028797616,0.00013786185,0.0003276188,0.004934067,0.00029476287,0.0010430472,0.99038285,-0.9510573,-3.990268,-3.1246698,-0.41260126,-3.230349,-1.9666184,4.8893266,efficientnet_b0,train,0,ml/checkpoints/oof/efficientnet_b0-oof_f0_best.pt
ISIC_0031097,5,nv,5,nv,0.05715275,0.0294373,0.013894343,0.11570084,0.015527016,0.6924421,0.07584564,0.2846175,-0.3788477,-1.1296285,0.98989767,-1.0185287,2.7791145,0.56758994,efficientnet_b0,train,0,ml/checkpoints/oof/efficientnet_b0-oof_f0_best.pt
ISIC_0031116,5,nv,5,nv,0.041984424,0.011914314,0.0057257195,0.06278058,0.009801634,0.81108284,0.056710433,0.18516374,-1.0743946,-1.8071668,0.5875107,-1.2695856,3.1462352,0.48582318,efficientnet_b0,train,0,ml/checkpoints/oof/efficientnet_b0-oof_f0_best.pt
ISIC_0031122,1,bcc,1,bcc,0.024431763,0.82892823,0.017107606,0.07208553,0.0018176865,0.0035966588,0.0520324,-1.0922124,2.432037,-1.4485732,-0.010243062,-3.690532,-3.0080914,-0.3362299,efficientnet_b0,train,0,ml/checkpoints/oof/efficientnet_b0-oof_f0_best.pt
ISIC_0031129,5,nv,5,nv,0.013025979,0.022446819,0.027902607,0.23667324,0.011537945,0.56453073,0.123882666,-2.6576438,-2.1134408,-1.8958695,0.2420909,-2.7789483,1.1114053,-0.40525478,efficientnet_b0,train,0,ml/checkpoints/oof/efficientnet_b0-oof_f0_best.pt
ISIC_0031132,2,bkl,2,bkl,0.028807377,0.0033835403,0.6544263,0.066998854,0.008375381,0.20062235,0.037386198,-0.9162143,-3.0579228,2.2069132,-0.07217015,-2.1515493,1.0245786,-0.655544,efficientnet_b0,train,0,ml/checkpoints/oof/efficientnet_b0-oof_f0_best.pt
ISIC_0031136,5,nv,5,nv,0.041589957,0.053206842,0.006887398,0.07922903,0.009640861,0.74686325,0.06258263,-0.14334634,0.102981985,-1.9415114,0.50113773,-1.6051943,2.744677,0.26528263,efficientnet_b0,train,0,ml/checkpoints/oof/efficientnet_b0-oof_f0_best.pt
ISIC_0031149,5,nv,5,nv,0.054968752,0.044864822,0.010524993,0.10812018,0.005666732,0.718427,0.057427473,0.24344167,0.040330704,-1.4095706,0.91992,-2.0287108,2.8137407,0.2871994,efficientnet_b0,train,0,ml/checkpoints/oof/efficientnet_b0-oof_f0_best.pt
ISIC_0031155,5,nv,5,nv,0.051886503,0.030174118,0.01689709,0.12362974,0.014116803,0.68545175,0.07784397,-0.015101457,-0.55717576,-1.1370187,0.853131,-1.3167945,2.565918,0.39054638,efficientnet_b0,train,0,ml/checkpoints/oof/efficientnet_b0-oof_f0_best.pt
ISIC_0031162,5,nv,5,nv,0.036534097,0.011513878,0.003966681,0.07012185,0.0147408405,0.81073934,0.052383292,-0.17581207,-1.3305051,-2.396128,0.47617653,-1.0834359,2.9238887,0.18452983,efficientnet_b0,train,0,ml/checkpoints/oof/efficientnet_b0-oof_f0_best.pt
ISIC_0031168,2,bkl,0,akiec,0.4866706,0.09242385,0.012438646,0.3815546,0.00066091755,0.008653158,0.017598288,0.001477113,-1.6597254,-3.6653023,-0.24185649,-6.6002364,-4.028186,-3.3183088,efficientnet_b0,train,0,ml/checkpoints/oof/efficientnet_b0-oof_f0_best.pt
ISIC_0031169,1,bcc,1,bcc,0.1469375,0.698618,0.004584612,0.049108043,0.008077937,0.037028752,0.05564527,-0.4183275,1.1407692,-3.8856292,-1.5143119,-3.3191986,-1.7966402,-1.3893379,efficientnet_b0,train,0,ml/checkpoints/oof/efficientnet_b0-oof_f0_best.pt
ISIC_0031172,5,nv,5,nv,0.016446635,0.009434354,0.010890444,0.06231414,0.002492802,0.86672765,0.031693935,-1.0116459,-1.5674093,-1.4238812,0.32042152,-2.8983595,2.9529579,-0.35564163,efficientnet_b0,train,0,ml/checkpoints/oof/efficientnet_b0-oof_f0_best.pt
ISIC_0031173,5,nv,5,nv,0.043568905,0.018727042,0.013957495,0.08986865,0.0057122693,0.77941215,0.048753463,-0.038483858,-0.88285905,-1.176811,0.6855216,-2.0702112,2.8457124,0.0739486,efficientnet_b0,train,0,ml/checkpoints/oof/efficientnet_b0-oof_f0_best.pt
ISIC_0031182,5,nv,5,nv,0.028633941,0.014159605,0.0035664153,0.07808819,0.012683277,0.79545957,0.06740895,-0.8680827,-1.5722824,-2.951115,0.1351633,-1.6823913,2.4562445,-0.011897782,efficientnet_b0,train,0,ml/checkpoints/oof/efficientnet_b0-oof_f0_best.pt
ISIC_0031184,5,nv,5,nv,0.034064405,0.059848428,0.0056464323,0.10585628,0.0033964335,0.6048127,0.18637533,-1.038633,-0.47507074,-2.8358622,0.09519641,-3.34416,1.8380328,0.66087663,efficientnet_b0,train,0,ml/checkpoints/oof/efficientnet_b0-oof_f0_best.pt
ISIC_0031191,0,akiec,4,mel,0.11284821,0.021999113,0.14004658,0.13031167,0.48433352,0.022799036,0.08766184,-0.9129524,-2.547994,-0.69702095,-0.769067,0.5437777,-2.5122778,-1.1655093,efficientnet_b0,train,0,ml/checkpoints/oof/efficientnet_b0-oof_f0_best.pt
ISIC_0031205,5,nv,5,nv,0.06482062,0.020262372,0.03895818,0.10020585,0.057011444,0.609053,0.10968848,-0.067842744,-1.230701,-0.5769777,0.36776024,-0.19621454,2.1724389,0.4581779,efficientnet_b0,train,0,ml/checkpoints/oof/efficientnet_b0-oof_f0_best.pt
ISIC_0031214,5,nv,5,nv,0.040675055,0.021424871,0.01147497,0.1567992,0.029060137,0.648762,0.09180378,-0.62320644,-1.2642688,-1.8886532,0.7261447,-0.9594542,2.1462445,0.19083208,efficientnet_b0,train,0,ml/checkpoints/oof/efficientnet_b0-oof_f0_best.pt
ISIC_0031236,1,bcc,1,bcc,0.30180213,0.37193292,0.17384806,0.056227535,0.024430042,0.015463906,0.05629547,-0.09527298,0.11366896,-0.64686286,-1.7756381,-2.609231,-3.066536,-1.7744305,efficientnet_b0,train,0,ml/checkpoints/oof/efficientnet_b0-oof_f0_best.pt
ISIC_0031245,1,bcc,1,bcc,0.00995444,0.9422855,0.0053558913,0.023998894,0.0017676726,0.00032048443,0.016317131,-1.8202213,2.7300682,-2.440043,-0.9402322,-3.5485764,-5.2561617,-1.3260245,efficientnet_b0,train,0,ml/checkpoints/oof/efficientnet_b0-oof_f0_best.pt
ISIC_0031246,5,nv,5,nv,0.036371574,0.01463523,0.005020322,0.105792895,0.0064878725,0.7826473,0.04904475,0.037373967,-0.87298185,-1.9429196,1.1050698,-1.6864786,3.1062686,0.3363198,efficientnet_b0,train,0,ml/checkpoints/oof/efficientnet_b0-oof_f0_best.pt
ISIC_0031251,5,nv,5,nv,0.049308375,0.02676927,0.01908845,0.093048915,0.009261503,0.7105129,0.09201057,-0.03814663,-0.64898616,-0.98715717,0.59688485,-1.7103745,2.6297464,0.58566296,efficientnet_b0,train,0,ml/checkpoints/oof/efficientnet_b0-oof_f0_best.pt
ISIC_0031255,5,nv,5,nv,0.036642443,0.02075332,0.008839031,0.114088215,0.03797739,0.7210689,0.06063063,-0.5839837,-1.1524847,-2.0060136,0.55178106,-0.5481999,2.3955438,-0.08039064,efficientnet_b0,train,0,ml/checkpoints/oof/efficientnet_b0-oof_f0_best.pt
ISIC_0031268,5,nv,5,nv,0.038229328,0.025021138,0.017096594,0.047816027,0.100899465,0.7064991,0.064438336,-1.0463122,-1.4701942,-1.851036,-0.8225542,-0.075790405,1.8704069,-0.52420646,efficientnet_b0,train,0,ml/checkpoints/oof/efficientnet_b0-oof_f0_best.pt
ISIC_0031269,5,nv,5,nv,0.043563373,0.06790724,0.00951748,0.124679424,0.015760217,0.62290853,0.11566368,-1.1290152,-0.6850893,-2.6501017,-0.077486,-2.145743,1.5311679,-0.15254514,efficientnet_b0,train,0,ml/checkpoints/oof/efficientnet_b0-oof_f0_best.pt
ISIC_0031276,6,vasc,6,vasc,0.00577609,0.0007149078,0.00076316006,0.006188652,0.00094975356,0.0006417927,0.9849657,-0.69398576,-2.7833145,-2.7180007,-0.6249957,-2.4992657,-2.891203,4.444894,efficientnet_b0,train,0,ml/checkpoints/oof/efficientnet_b0-oof_f0_best.pt
ISIC_0031293,5,nv,5,nv,0.048581026,0.008022441,0.0070793875,0.059711553,0.24033168,0.5543131,0.08196077,-0.22880441,-2.029795,-2.15485,-0.02251191,1.3699825,2.2056923,0.29420334,efficientnet_b0,train,0,ml/checkpoints/oof/efficientnet_b0-oof_f0_best.pt
ISIC_0031295,4,mel,4,mel,0.03862047,0.28909898,0.035679776,0.15768704,0.36439526,0.046500754,0.0680178,-2.8318324,-0.8188457,-2.9110308,-1.4250025,-0.5873756,-2.6461463,-2.2658453,efficientnet_b0,train,0,ml/checkpoints/oof/efficientnet_b0-oof_f0_best.pt
ISIC_0031298,1,bcc,1,bcc,0.019949531,0.839349,0.092078,0.031144861,0.00038128797,0.0008374251,0.016259965,-2.123878,1.615543,-0.5944476,-1.6784343,-6.081284,-5.294507,-2.3283777,efficientnet_b0,train,0,ml/checkpoints/oof/efficientnet_b0-oof_f0_best.pt
ISIC_0031304,5,nv,5,nv,0.022874707,0.011342857,0.007650516,0.0848837,0.023341393,0.7943778,0.055529036,-1.0356315,-1.7370751,-2.1308904,0.2756186,-1.0154353,2.5118957,-0.14875734,efficientnet_b0,train,0,ml/checkpoints/oof/efficientnet_b0-oof_f0_best.pt
ISIC_0031309,3,df,3,df,0.11004526,0.013913304,0.009118791,0.6390206,0.018268133,0.0887735,0.12086044,-1.4442014,-3.5122476,-3.9347556,0.31484368,-3.239935,-1.6590049,-1.3504566,efficientnet_b0,train,0,ml/checkpoints/oof/efficientnet_b0-oof_f0_best.pt
ISIC_0031314,5,nv,5,nv,0.101294026,0.0016563161,0.18152897,0.07937143,0.008166225,0.5797996,0.04818343,-0.42478067,-4.5382123,0.15860711,-0.6686695,-2.9428015,1.3198744,-1.1677929,efficientnet_b0,train,0,ml/checkpoints/oof/efficientnet_b0-oof_f0_best.pt
ISIC_0031319,5,nv,5,nv,0.027330572,0.008591514,0.0020261728,0.05784504,0.005367864,0.8564862,0.042352695,-0.24228255,-1.3995134,-2.8441398,0.5074792,-1.8698586,3.2025497,0.19574349,efficientnet_b0,train,0,ml/checkpoints/oof/efficientnet_b0-oof_f0_best.pt
ISIC_0031323,5,nv,5,nv,0.062304743,0.016710313,0.011641079,0.084661156,0.040094502,0.6930633,0.091524936,0.003093684,-1.3129177,-1.6744039,0.30971316,-0.43770453,2.4121776,0.3876677,efficientnet_b0,train,0,ml/checkpoints/oof/efficientnet_b0-oof_f0_best.pt
ISIC_0031329,2,bkl,2,bkl,0.003887431,0.008827023,0.85405105,0.051933587,0.028985359,0.018135283,0.03418037,-2.70332,-1.8832506,2.6889224,-0.1111029,-0.69427764,-1.1632092,-0.529417,efficientnet_b0,train,0,ml/checkpoints/oof/efficientnet_b0-oof_f0_best.pt
ISIC_0031331,5,nv,5,nv,0.027016219,0.01729195,0.003902186,0.09452242,0.011838108,0.7873279,0.058101177,-0.24061571,-0.68681204,-2.175516,1.0117842,-1.0657291,3.1315918,0.52513295,efficientnet_b0,train,0,ml/checkpoints/oof/efficientnet_b0-oof_f0_best.pt
ISIC_0031345,2,bkl,2,bkl,0.0060724798,0.002907709,0.86027986,0.09945504,0.0032772867,0.0036207165,0.024386922,-1.8978411,-2.6342425,3.0556498,0.8980977,-2.5145922,-2.4149363,-0.507561,efficientnet_b0,train,0,ml/checkpoints/oof/efficientnet_b0-oof_f0_best.pt
ISIC_0031357,5,nv,5,nv,0.045516104,0.020476803,0.0071735145,0.0761022,0.009593014,0.7927184,0.048419964,0.39808652,-0.40068698,-1.4495839,0.9120975,-1.1589445,3.2554884,0.45993266,efficientnet_b0,train,0,ml/checkpoints/oof/efficientnet_b0-oof_f0_best.pt
ISIC_0031367,5,nv,5,nv,0.033163454,0.031432725,0.010905904,0.100017115,0.012890277,0.74686104,0.064729474,-0.35403308,-0.4076319,-1.466177,0.74985987,-1.299008,2.7603977,0.3147352,efficientnet_b0,train,0,ml/checkpoints/oof/efficientnet_b0-oof_f0_best.pt
ISIC_0031389,4,mel,5,nv,0.077885516,0.12573037,0.1451518,0.13415098,0.115759864,0.25038642,0.15093505,-2.1098735,-1.6309739,-1.4873335,-1.5661477,-1.7135956,-0.94210815,-1.4482639,efficientnet_b0,train,0,ml/checkpoints/oof/efficientnet_b0-oof_f0_best.pt
ISIC_0031403,5,nv,5,nv,0.032699473,0.017289242,0.009043024,0.07427585,0.0078029367,0.80033743,0.05855209,-0.2517697,-0.8890443,-1.5371349,0.56865716,-1.6846284,2.9459047,0.33078822,efficientnet_b0,train,0,ml/checkpoints/oof/efficientnet_b0-oof_f0_best.pt
ISIC_0031408,4,mel,5,nv,0.041383017,0.01093848,0.014437819,0.1271496,0.070230134,0.63629013,0.099570826,-1.5663633,-2.896947,-2.6193829,-0.4438696,-1.0374565,1.1664207,-0.6883648,efficientnet_b0,train,0,ml/checkpoints/oof/efficientnet_b0-oof_f0_best.pt
ISIC_0031409,5,nv,5,nv,0.055613324,0.033688873,0.0053366744,0.089439586,0.006688173,0.75645334,0.052780118,0.38597754,-0.11527784,-1.9578425,0.86111814,-1.7321048,2.9961956,0.3336892,efficientnet_b0,train,0,ml/checkpoints/oof/efficientnet_b0-oof_f0_best.pt
ISIC_0031410,4,mel,4,mel,0.015887422,0.022155851,0.030911706,0.2645465,0.6132041,0.015332529,0.037961904,-2.6137733,-2.2811995,-1.948166,0.19871612,1.0393969,-2.6493244,-1.7427179,efficientnet_b0,train,0,ml/checkpoints/oof/efficientnet_b0-oof_f0_best.pt
ISIC_0031411,5,nv,4,mel,0.050605502,0.030525222,0.026499005,0.11097783,0.35479462,0.33826417,0.08833366,-0.7785832,-1.28409,-1.4255364,0.0066868877,1.1688956,1.1211836,-0.22152227,efficientnet_b0,train,0,ml/checkpoints/oof/efficientnet_b0-oof_f0_best.pt
ISIC_0031428,2,bkl,2,bkl,0.023221353,0.0041198554,0.4693731,0.05992358,0.38656947,0.025207376,0.031585224,-2.1910305,-3.9202845,0.8152953,-1.2430326,0.6212089,-2.108966,-1.8834132,efficientnet_b0,train,0,ml/checkpoints/oof/efficientnet_b0-oof_f0_best.pt
ISIC_0031445,5,nv,5,nv,0.06576612,0.04387212,0.013781966,0.13141832,0.0036790334,0.66238993,0.07909254,-0.21820655,-0.62303233,-1.7809505,0.47407407,-3.1016614,2.091543,-0.03369285,efficientnet_b0,train,0,ml/checkpoints/oof/efficientnet_b0-oof_f0_best.pt
ISIC_0031466,5,nv,5,nv,0.056032673,0.010693151,0.01520611,0.12344911,0.022232052,0.687241,0.085145935,-0.35830033,-2.014632,-1.662538,0.43159372,-1.2827004,2.1484497,0.06013132,efficientnet_b0,train,0,ml/checkpoints/oof/efficientnet_b0-oof_f0_best.pt
ISIC_0031480,5,nv,5,nv,0.011088595,0.013443625,0.008811223,0.040245596,0.009324101,0.8795386,0.03754824,-1.1584607,-0.96587294,-1.3883516,0.13062267,-1.3317755,3.2150195,0.06124855,efficientnet_b0,train,0,ml/checkpoints/oof/efficientnet_b0-oof_f0_best.pt
ISIC_0031496,2,bkl,0,akiec,0.7448527,0.011504268,0.082424834,0.07685929,0.04438225,0.016836155,0.023140421,0.22631487,-3.9441535,-1.9749849,-2.0448954,-2.594032,-3.563343,-3.2452908,efficientnet_b0,train,0,ml/checkpoints/oof/efficientnet_b0-oof_f0_best.pt
ISIC_0031505,5,nv,5,nv,0.030347286,0.024862843,0.0037598645,0.0843662,0.0017821846,0.79590183,0.05897973,-0.4769098,-0.67624253,-2.5652342,0.54554975,-3.311777,2.7898588,0.18757674,efficientnet_b0,train,0,ml/checkpoints/oof/efficientnet_b0-oof_f0_best.pt
ISIC_0031515,5,nv,1,bcc,0.059500173,0.33911628,0.10043746,0.14589843,0.104304016,0.12757164,0.123171985,-2.0420034,-0.30163956,-1.5184474,-1.1450719,-1.4806727,-1.2793045,-1.3144009,efficientnet_b0,train,0,ml/checkpoints/oof/efficientnet_b0-oof_f0_best.pt
ISIC_0031518,5,nv,5,nv,0.008976746,0.06293701,0.06590407,0.08141098,0.28057298,0.35230958,0.14788863,-3.5754826,-1.6279857,-1.5819198,-1.3706099,-0.13328616,0.094390266,-0.77366054,efficientnet_b0,train,0,ml/checkpoints/oof/efficientnet_b0-oof_f0_best.pt
ISIC_0031540,5,nv,5,nv,0.04658796,0.039349098,0.013373736,0.09447377,0.0137226,0.7209416,0.071551315,0.25299934,0.08413035,-0.99505,0.9599796,-0.9692987,2.9922154,0.6820722,efficientnet_b0,train,0,ml/checkpoints/oof/efficientnet_b0-oof_f0_best.pt
ISIC_0031572,5,nv,5,nv,0.038908403,0.011420001,0.0077386266,0.07571304,0.013756489,0.803737,0.04872646,-0.008607729,-1.2344514,-1.6235937,0.6571326,-1.0483071,3.0194542,0.21640433,efficientnet_b0,train,0,ml/checkpoints/oof/efficientnet_b0-oof_f0_best.pt
ISIC_0031582,5,nv,5,nv,0.045057982,0.015807893,0.16307762,0.100715585,0.003708281,0.5835014,0.08813121,-0.5240327,-1.5714734,0.7622435,0.28031784,-3.0214145,2.037064,0.14684397,efficientnet_b0,train,0,ml/checkpoints/oof/efficientnet_b0-oof_f0_best.pt
ISIC_0031583,5,nv,5,nv,0.007101505,0.0038302222,0.0014244077,0.04574453,0.32146683,0.58956367,0.030868785,-2.095611,-2.7129946,-3.7021616,-0.2328452,1.7169768,2.323465,-0.626172,efficientnet_b0,train,0,ml/checkpoints/oof/efficientnet_b0-oof_f0_best.pt
ISIC_0031585,1,bcc,1,bcc,0.0022103223,0.9666609,0.0020666504,0.022371646,0.0015248685,0.0018646216,0.003300974,-4.011515,2.069194,-4.078725,-1.6968594,-4.3827457,-4.181596,-3.6104364,efficientnet_b0,train,0,ml/checkpoints/oof/efficientnet_b0-oof_f0_best.pt
ISIC_0031589,5,nv,5,nv,0.036372423,0.017721195,0.013079789,0.058807846,0.009102272,0.8079593,0.05695713,-0.110295385,-0.82934487,-1.1330379,0.37016904,-1.4955823,2.9904056,0.33819276,efficientnet_b0,train,0,ml/checkpoints/oof/efficientnet_b0-oof_f0_best.pt
ISIC_0031591,2,bkl,2,bkl,0.040601395,0.008383917,0.7995909,0.071700916,0.043819983,0.014100131,0.021802764,-1.3436546,-2.921142,1.6366432,-0.7749537,-1.2673671,-2.401273,-1.9654202,efficientnet_b0,train,0,ml/checkpoints/oof/efficientnet_b0-oof_f0_best.pt
ISIC_0031617,5,nv,5,nv,0.015440329,0.063815884,0.007809112,0.1049687,0.14652935,0.6246134,0.03682321,-2.6831546,-1.2641355,-3.3648465,-0.7664753,-0.43291178,1.0169954,-1.8140093,efficientnet_b0,train,0,ml/checkpoints/oof/efficientnet_b0-oof_f0_best.pt
ISIC_0031620,2,bkl,2,bkl,0.12526461,0.027324716,0.73761123,0.04811405,0.01767429,0.020378523,0.023632558,-0.0014619473,-1.5240986,1.7715265,-0.95831615,-1.9597794,-1.817409,-1.6692652,efficientnet_b0,train,0,ml/checkpoints/oof/efficientnet_b0-oof_f0_best.pt
ISIC_0031632,5,nv,5,nv,0.027706597,0.011840127,0.0075246575,0.07078998,0.01042131,0.79966575,0.0720515,-0.36034414,-1.2105201,-1.6638293,0.5777027,-1.3381618,3.0021791,0.59536636,efficientnet_b0,train,0,ml/checkpoints/oof/efficientnet_b0-oof_f0_best.pt
ISIC_0031633,2,bkl,1,bcc,0.05207767,0.791529,0.11228978,0.023169583,0.008604959,0.0011738421,0.011155185,-1.0241485,1.6970818,-0.25580186,-1.8340445,-2.824546,-4.8166027,-2.5649803,efficientnet_b0,train,0,ml/checkpoints/oof/efficientnet_b0-oof_f0_best.pt
ISIC_0031636,5,nv,5,nv,0.08324923,0.016289582,0.028695878,0.22759268,0.019451816,0.5349902,0.089730576,-1.5308658,-3.1621788,-2.595951,-0.52514714,-2.984764,0.32954377,-1.455893,efficientnet_b0,train,0,ml/checkpoints/oof/efficientnet_b0-oof_f0_best.pt
ISIC_0031637,5,nv,5,nv,0.039440375,0.021013046,0.01772586,0.0650985,0.03131099,0.7556758,0.06973537,-0.31850934,-0.94815576,-1.1182748,0.18260211,-0.54933035,2.634313,0.25140843,efficientnet_b0,train,0,ml/checkpoints/oof/efficientnet_b0-oof_f0_best.pt
ISIC_0031641,5,nv,5,nv,0.030554455,0.01959313,0.010891742,0.12668821,0.007696612,0.7436716,0.060904343,-0.15639162,-0.6007231,-1.1878974,1.265827,-1.5351219,3.0356975,0.53340244,efficientnet_b0,train,0,ml/checkpoints/oof/efficientnet_b0-oof_f0_best.pt
ISIC_0031642,4,mel,4,mel,0.026762992,0.0072917077,0.00495086,0.08742785,0.63790846,0.17099606,0.06466202,-0.9044557,-2.204738,-2.5919144,0.27933812,2.266719,0.95016474,-0.022301747,efficientnet_b0,train,0,ml/checkpoints/oof/efficientnet_b0-oof_f0_best.pt
ISIC_0031643,1,bcc,1,bcc,0.102309816,0.8330459,0.006347834,0.021560067,0.024098523,0.001346325,0.011291583,0.12063309,2.2177162,-2.6592588,-1.4365296,-1.3252221,-4.209994,-2.0833147,efficientnet_b0,train,0,ml/checkpoints/oof/efficientnet_b0-oof_f0_best.pt
ISIC_0031648,6,vasc,6,vasc,0.008509768,0.008723968,0.005543906,0.046131108,0.0070067965,0.0073119774,0.9167724,-2.2531874,-2.2283278,-2.6817029,-0.56291425,-2.4475212,-2.404888,2.4264574,efficientnet_b0,train,0,ml/checkpoints/oof/efficientnet_b0-oof_f0_best.pt
ISIC_0031651,1,bcc,0,akiec,0.6628402,0.088044,0.006033231,0.07279646,0.0029930505,0.10715431,0.060138714,1.2431023,-0.7755949,-3.4561486,-0.96576434,-4.1571383,-0.5791616,-1.1567779,efficientnet_b0,train,0,ml/checkpoints/oof/efficientnet_b0-oof_f0_best.pt
ISIC_0031653,5,nv,5,nv,0.020382436,0.02288745,0.0019235493,0.08978926,0.0038409124,0.79508257,0.06609377,-0.8058837,-0.68996865,-3.1663852,0.6769079,-2.474847,2.8578887,0.37051728,efficientnet_b0,train,0,ml/checkpoints/oof/efficientnet_b0-oof_f0_best.pt
ISIC_0031660,5,nv,5,nv,0.04078448,0.019876951,0.003945458,0.11875128,0.027641576,0.6995723,0.08942795,-0.089402206,-0.80814296,-2.425139,0.9793275,-0.47838277,2.7527654,0.6957295,efficientnet_b0,train,0,ml/checkpoints/oof/efficientnet_b0-oof_f0_best.pt
ISIC_0031665,5,nv,5,nv,0.03924463,0.0293479,0.010492752,0.10885951,0.00945036,0.7430573,0.059547536,-0.1471414,-0.4377352,-1.4662713,0.873102,-1.5709032,2.793817,0.26981884,efficientnet_b0,train,0,ml/checkpoints/oof/efficientnet_b0-oof_f0_best.pt
ISIC_0031674,5,nv,1,bcc,0.013202947,0.5866207,0.0011043566,0.021226069,0.22991371,0.020080116,0.12785217,-3.2363017,0.5576368,-5.7174788,-2.7615116,-0.37903753,-2.8170116,-0.9658669,efficientnet_b0,train,0,ml/checkpoints/oof/efficientnet_b0-oof_f0_best.pt
ISIC_0031677,2,bkl,2,bkl,0.0076212534,0.08072346,0.7325159,0.099335864,0.037473988,0.011764868,0.030564576,-2.6989625,-0.3388743,1.8665816,-0.13139673,-1.1062562,-2.2647855,-1.3100619,efficientnet_b0,train,0,ml/checkpoints/oof/efficientnet_b0-oof_f0_best.pt
ISIC_0031688,5,nv,5,nv,0.035297412,0.0119501315,0.013642534,0.078621134,0.007361385,0.7798379,0.073289506,-0.24482144,-1.3278887,-1.1954389,0.5560093,-1.8123832,2.8504548,0.4857863,efficientnet_b0,train,0,ml/checkpoints/oof/efficientnet_b0-oof_f0_best.pt
ISIC_0031694,5,nv,5,nv,0.020383801,0.023133444,0.0060489164,0.092858516,0.013137203,0.7960666,0.04837161,-0.7055732,-0.5790342,-1.9204345,0.8107634,-1.1448653,2.9593692,0.15859947,efficientnet_b0,train,0,ml/checkpoints/oof/efficientnet_b0-oof_f0_best.pt
ISIC_0031698,1,bcc,1,bcc,0.013139065,0.7119626,0.0015387611,0.15102881,0.004555969,0.057597354,0.060177546,-1.939002,2.0534334,-4.0836143,0.5028786,-2.9981537,-0.46111536,-0.4172926,efficientnet_b0,train,0,ml/checkpoints/oof/efficientnet_b0-oof_f0_best.pt
ISIC_0031710,5,nv,5,nv,0.030196605,0.05507591,0.021124087,0.09046481,0.02762826,0.72549564,0.050014675,-1.6691952,-1.0682124,-2.0265107,-0.5719638,-1.7580855,1.5099304,-1.1646082,efficientnet_b0,train,0,ml/checkpoints/oof/efficientnet_b0-oof_f0_best.pt
ISIC_0031712,1,bcc,1,bcc,0.005660088,0.7755023,0.05284733,0.07502336,0.0046565095,0.062128488,0.024181902,-3.4737794,1.4462919,-1.239812,-0.8894195,-3.6689532,-1.0780145,-2.0216146,efficientnet_b0,train,0,ml/checkpoints/oof/efficientnet_b0-oof_f0_best.pt
ISIC_0031713,5,nv,5,nv,0.021381795,0.007139756,0.0035377198,0.04804853,0.017632317,0.86362386,0.038636032,-0.33957186,-1.4364333,-2.1386297,0.47009963,-0.53237844,3.3590255,0.25207362,efficientnet_b0,train,0,ml/checkpoints/oof/efficientnet_b0-oof_f0_best.pt
ISIC_0031714,5,nv,5,nv,0.012365588,0.014677836,0.0018250274,0.05709189,0.0059540723,0.87700254,0.031083027,-1.3513998,-1.179979,-3.2647223,0.17834479,-2.082242,2.9101925,-0.42965546,efficientnet_b0,train,0,ml/checkpoints/oof/efficientnet_b0-oof_f0_best.pt
ISIC_0031718,4,mel,4,mel,0.024700928,0.0038778197,0.010315676,0.043111324,0.8793963,0.017152963,0.02144499,-0.6125506,-2.4641187,-1.4857267,-0.055605836,2.959844,-0.97722065,-0.7539004,efficientnet_b0,train,0,ml/checkpoints/oof/efficientnet_b0-oof_f0_best.pt
ISIC_0031721,1,bcc,1,bcc,0.02251849,0.93192923,0.0017118526,0.02037073,0.005274637,0.0055181547,0.0126768835,-1.5260203,2.1969,-4.102781,-1.6262579,-2.977447,-2.9323134,-2.1005766,efficientnet_b0,train,0,ml/checkpoints/oof/efficientnet_b0-oof_f0_best.pt
ISIC_0031725,5,nv,4,mel,0.022890387,0.019662753,0.016235914,0.05257346,0.76729083,0.07362408,0.0477225,-0.69357693,-0.8455679,-1.0370684,0.13791724,2.8185718,0.47467798,0.04110895,efficientnet_b0,train,0,ml/checkpoints/oof/efficientnet_b0-oof_f0_best.pt
ISIC_0031746,4,mel,4,mel,0.016947115,0.013845961,0.14398816,0.08796118,0.35587442,0.32799703,0.05338611,-2.3213313,-2.5234354,-0.18169759,-0.6745331,0.7231492,0.6415758,-1.1738781,efficientnet_b0,train,0,ml/checkpoints/oof/efficientnet_b0-oof_f0_best.pt
ISIC_0031761,2,bkl,2,bkl,0.03720287,0.018820083,0.57124996,0.13483264,0.0036863924,0.1417353,0.092472725,-0.7609463,-1.4424075,1.9704947,0.5267022,-3.0726836,0.57662904,0.14958172,efficientnet_b0,train,0,ml/checkpoints/oof/efficientnet_b0-oof_f0_best.pt
ISIC_0031763,5,nv,5,nv,0.031015197,0.022206806,0.004454442,0.11370887,0.004103622,0.7655496,0.058961477,-0.20050895,-0.5345873,-2.1410847,1.0986552,-2.2231162,3.0056078,0.44189802,efficientnet_b0,train,0,ml/checkpoints/oof/efficientnet_b0-oof_f0_best.pt
ISIC_0031770,2,bkl,0,akiec,0.21804427,0.19219996,0.19784851,0.19255278,0.022712663,0.12129328,0.055348527,-1.837871,-1.9640328,-1.9350674,-1.9621987,-4.0996466,-2.4243577,-3.208919,efficientnet_b0,train,0,ml/checkpoints/oof/efficientnet_b0-oof_f0_best.pt
ISIC_0031772,5,nv,5,nv,0.014852748,0.00954017,0.0026013532,0.092700414,0.005235669,0.8041321,0.07093758,-0.84410226,-1.286776,-2.5862553,0.9870859,-1.8867924,3.1474764,0.71951306,efficientnet_b0,train,0,ml/checkpoints/oof/efficientnet_b0-oof_f0_best.pt
ISIC_0031778,4,mel,2,bkl,0.079695396,0.008412915,0.3884067,0.0746049,0.32886767,0.055883333,0.06412906,-1.3218724,-3.5703163,0.26196867,-1.3878782,0.09557122,-1.676818,-1.5391866,efficientnet_b0,train,0,ml/checkpoints/oof/efficientnet_b0-oof_f0_best.pt
ISIC_0031785,5,nv,5,nv,0.05898406,0.03807562,0.022788296,0.082011595,0.016804999,0.69672257,0.08461281,0.25710028,-0.18059272,-0.6939199,0.58669376,-0.99849045,2.7262204,0.61791885,efficientnet_b0,train,0,ml/checkpoints/oof/efficientnet_b0-oof_f0_best.pt
ISIC_0031787,5,nv,5,nv,0.035176817,0.02511899,0.0035614208,0.10815923,0.007632557,0.74287647,0.0774745,-0.14199995,-0.4787632,-2.4322276,0.98121727,-1.6699642,2.9081426,0.64756167,efficientnet_b0,train,0,ml/checkpoints/oof/efficientnet_b0-oof_f0_best.pt
ISIC_0031790,5,nv,5,nv,0.028417332,0.017150233,0.0044840407,0.08142863,0.0069465684,0.8022329,0.059340317,-0.5148635,-1.019851,-2.3613381,0.53786427,-1.9236152,2.8255363,0.22142625,efficientnet_b0,train,0,ml/checkpoints/oof/efficientnet_b0-oof_f0_best.pt
ISIC_0031814,5,nv,5,nv,0.013059447,0.009167321,0.0041730483,0.09216427,0.02332238,0.8023211,0.05579251,-1.6743305,-2.0281973,-2.8151956,0.27973008,-1.0944291,2.4436665,-0.22220287,efficientnet_b0,train,0,ml/checkpoints/oof/efficientnet_b0-oof_f0_best.pt
ISIC_0031828,5,nv,5,nv,0.018848449,0.021209255,0.025824986,0.07913366,0.015829524,0.77727103,0.061883207,-0.9834119,-0.86540484,-0.66850007,0.45129588,-1.1579657,2.7359467,0.20540635,efficientnet_b0,train,0,ml/checkpoints/oof/efficientnet_b0-oof_f0_best.pt
ISIC_0031829,5,nv,4,mel,0.029043738,0.013043114,0.0120081585,0.07319985,0.5859149,0.22930712,0.057483084,-0.6305064,-1.4310491,-1.5137231,0.2938841,2.3738651,1.4357527,0.05218132,efficientnet_b0,train,0,ml/checkpoints/oof/efficientnet_b0-oof_f0_best.pt
ISIC_0031832,5,nv,0,akiec,0.53269225,0.002382231,0.026001196,0.08952446,0.07445764,0.21449155,0.060450684,1.009191,-4.4007154,-2.0106103,-0.77424103,-0.95852256,0.09951751,-1.1669251,efficientnet_b0,train,0,ml/checkpoints/oof/efficientnet_b0-oof_f0_best.pt
ISIC_0031834,5,nv,5,nv,0.031189786,0.0158231,0.0037655483,0.07328644,0.0058612674,0.82027495,0.04979898,-0.02059077,-0.69921064,-2.1347878,0.83369404,-1.6923158,3.248958,0.44731313,efficientnet_b0,train,0,ml/checkpoints/oof/efficientnet_b0-oof_f0_best.pt
ISIC_0031837,5,nv,5,nv,0.01738621,0.018420255,0.017076742,0.0868866,0.009775146,0.7998312,0.05062377,-1.1761588,-1.1183854,-1.1941187,0.43276757,-1.7519933,2.6525645,-0.107415,efficientnet_b0,train,0,ml/checkpoints/oof/efficientnet_b0-oof_f0_best.pt
ISIC_0031839,5,nv,5,nv,0.017320773,0.04380884,0.009154264,0.094192475,0.15664786,0.59020084,0.08867499,-1.9533054,-1.0253762,-2.5909922,-0.25987163,0.2487885,1.575251,-0.32023388,efficientnet_b0,train,0,ml/checkpoints/oof/efficientnet_b0-oof_f0_best.pt
ISIC_0031841,5,nv,5,nv,0.043234136,0.007923233,0.030744808,0.05421863,0.0039712572,0.78953105,0.07037691,-0.3828187,-2.0796497,-0.723728,-0.1564246,-2.7703662,2.52199,0.104416244,efficientnet_b0,train,0,ml/checkpoints/oof/efficientnet_b0-oof_f0_best.pt
ISIC_0031844,4,mel,5,nv,0.023832597,0.046259273,0.23641555,0.11526398,0.16585378,0.33418,0.078194864,-2.4803908,-1.8171833,-0.18585414,-0.9042203,-0.5403386,0.16023457,-1.2922412,efficientnet_b0,train,0,ml/checkpoints/oof/efficientnet_b0-oof_f0_best.pt
ISIC_0031845,5,nv,5,nv,0.040937793,0.012869649,0.045086656,0.10199812,0.01040813,0.7138689,0.074830696,-0.4361767,-1.5933586,-0.33964425,0.47672394,-1.8056432,2.422469,0.16699772,efficientnet_b0,train,0,ml/checkpoints/oof/efficientnet_b0-oof_f0_best.pt
ISIC_0031846,5,nv,5,nv,0.050626602,0.019828267,0.0101435175,0.09466978,0.020351194,0.7345071,0.06987357,-0.24583098,-1.1831998,-1.8534732,0.3800867,-1.1571685,2.4288914,0.076379396,efficientnet_b0,train,0,ml/checkpoints/oof/efficientnet_b0-oof_f0_best.pt
ISIC_0031857,5,nv,1,bcc,0.021320952,0.6417563,0.002706342,0.0630801,0.025574196,0.20508394,0.040478226,-2.384535,1.0199833,-4.4486275,-1.2998201,-2.2026415,-0.12080598,-1.7434611,efficientnet_b0,train,0,ml/checkpoints/oof/efficientnet_b0-oof_f0_best.pt
ISIC_0031858,5,nv,5,nv,0.032708924,0.015404638,0.03128662,0.10497603,0.009080493,0.7583112,0.04823207,-0.74179584,-1.494775,-0.78625333,0.42428827,-2.0233152,2.4016502,-0.35341942,efficientnet_b0,train,0,ml/checkpoints/oof/efficientnet_b0-oof_f0_best.pt
ISIC_0031859,5,nv,5,nv,0.014194339,0.010206128,0.00345712,0.081387885,0.010123849,0.830979,0.049651735,-1.028315,-1.3581696,-2.4407222,0.71806824,-1.366264,3.0414464,0.22387537,efficientnet_b0,train,0,ml/checkpoints/oof/efficientnet_b0-oof_f0_best.pt
ISIC_0031888,2,bkl,4,mel,0.019133266,0.05350288,0.013778218,0.026838487,0.85902125,0.0030605125,0.0246654,-1.7607598,-0.7324528,-2.0890994,-1.4223514,2.0436053,-3.593606,-1.5067867,efficientnet_b0,train,0,ml/checkpoints/oof/efficientnet_b0-oof_f0_best.pt
ISIC_0031891,5,nv,5,nv,0.02987022,0.017110828,0.0029075013,0.057544008,0.009500476,0.82114446,0.06192251,-0.2956057,-0.85275626,-2.6251733,0.36008242,-1.441126,3.0182314,0.43341607,efficientnet_b0,train,0,ml/checkpoints/oof/efficientnet_b0-oof_f0_best.pt
ISIC_0031892,5,nv,5,nv,0.050412294,0.014846972,0.015291724,0.089854375,0.0235969,0.7256427,0.08035507,0.108404785,-1.114034,-1.0845183,0.68636006,-0.6507149,2.7752275,0.57462513,efficientnet_b0,train,0,ml/checkpoints/oof/efficientnet_b0-oof_f0_best.pt
ISIC_0031904,5,nv,5,nv,0.024470504,0.0151545,0.010644482,0.06097995,0.045096464,0.7953331,0.048320908,-0.85359675,-1.3327678,-1.6860234,0.05947994,-0.24226145,2.6276958,-0.17320077,efficientnet_b0,train,0,ml/checkpoints/oof/efficientnet_b0-oof_f0_best.pt
ISIC_0031908,4,mel,5,nv,0.028922625,0.017001795,0.014246802,0.10196943,0.32834718,0.43704903,0.07246318,-0.6673778,-1.1986833,-1.3754698,0.59267086,1.7620693,2.0480433,0.25107634,efficientnet_b0,train,0,ml/checkpoints/oof/efficientnet_b0-oof_f0_best.pt
ISIC_0031915,4,mel,0,akiec,0.29849395,0.032665607,0.10354501,0.10144159,0.2315028,0.15796456,0.07438649,-1.0853171,-3.297744,-2.1440604,-2.1645837,-1.3394748,-1.7216961,-2.4747925,efficientnet_b0,train,0,ml/checkpoints/oof/efficientnet_b0-oof_f0_best.pt
ISIC_0031916,5,nv,5,nv,0.009745152,0.012223811,0.022423679,0.087281056,0.004635308,0.83030725,0.033383805,-2.3675146,-2.1408987,-1.534167,-0.17515118,-3.110582,2.0775113,-1.1362135,efficientnet_b0,train,0,ml/checkpoints/oof/efficientnet_b0-oof_f0_best.pt
ISIC_0031949,5,nv,5,nv,0.06719094,0.03794128,0.012990738,0.16102757,0.016888736,0.6241885,0.07977225,0.38562673,-0.18587193,-1.2576748,1.2596639,-0.99526477,2.6145408,0.557264,efficientnet_b0,train,0,ml/checkpoints/oof/efficientnet_b0-oof_f0_best.pt
ISIC_0031951,2,bkl,2,bkl,0.015935019,0.019391114,0.5387389,0.09620197,0.2569596,0.037042405,0.035730943,-2.4414077,-2.245112,1.0793041,-0.643477,0.3389919,-1.5978636,-1.6339097,efficientnet_b0,train,0,ml/checkpoints/oof/efficientnet_b0-oof_f0_best.pt
ISIC_0031952,5,nv,5,nv,0.11076111,0.029432748,0.031846512,0.079475164,0.011774885,0.6634857,0.07322383,0.39134482,-0.93392295,-0.855103,0.059413623,-1.850062,2.1814764,-0.02251008,efficientnet_b0,train,0,ml/checkpoints/oof/efficientnet_b0-oof_f0_best.pt
ISIC_0031961,2,bkl,2,bkl,0.013123735,0.06451416,0.7143682,0.11675267,0.035910368,0.0067753773,0.048555475,-2.5086567,-0.91619456,1.4883194,-0.3230214,-1.502053,-3.169784,-1.2003722,efficientnet_b0,train,0,ml/checkpoints/oof/efficientnet_b0-oof_f0_best.pt
ISIC_0031962,5,nv,5,nv,0.026538696,0.01649891,0.0058299573,0.06313311,0.025031924,0.8100913,0.052876048,-0.55068666,-1.0259963,-2.0662808,0.31595498,-0.6091386,2.8678565,0.13866007,efficientnet_b0,train,0,ml/checkpoints/oof/efficientnet_b0-oof_f0_best.pt
ISIC_0031964,5,nv,5,nv,0.043137465,0.026243199,0.018846702,0.07645529,0.01913777,0.7627344,0.053445168,0.0109088775,-0.48607615,-0.81714517,0.5832232,-0.8018191,2.883427,0.22517318,efficientnet_b0,train,0,ml/checkpoints/oof/efficientnet_b0-oof_f0_best.pt
ISIC_0031969,5,nv,5,nv,0.027827889,0.018359749,0.010765988,0.06951557,0.010264204,0.80452144,0.05874517,-0.18412445,-0.6000024,-1.1337712,0.73138756,-1.1815007,3.1800845,0.56304574,efficientnet_b0,train,0,ml/checkpoints/oof/efficientnet_b0-oof_f0_best.pt
ISIC_0031971,1,bcc,1,bcc,0.10388187,0.29542994,0.020650322,0.08134169,0.24515313,0.04254152,0.2110016,-2.2882805,-1.2431031,-3.9038038,-2.5328763,-1.4296519,-3.1810544,-1.5796691,efficientnet_b0,train,0,ml/checkpoints/oof/efficientnet_b0-oof_f0_best.pt
ISIC_0031975,5,nv,1,bcc,0.014367188,0.5346985,0.019253744,0.10080245,0.03756384,0.23585697,0.057457384,-2.9508963,0.6658597,-2.6581378,-1.0026807,-1.9898014,-0.15261777,-1.5647998,efficientnet_b0,train,0,ml/checkpoints/oof/efficientnet_b0-oof_f0_best.pt
ISIC_0031977,4,mel,5,nv,0.020872502,0.013000544,0.10199611,0.10062737,0.007071282,0.6499341,0.10649807,-1.8357795,-2.309221,-0.24927765,-0.2627879,-2.9181702,1.6026587,-0.20608537,efficientnet_b0,train,0,ml/checkpoints/oof/efficientnet_b0-oof_f0_best.pt
ISIC_0031979,5,nv,5,nv,0.016659653,0.043736525,0.0041626277,0.097924,0.028710762,0.71299356,0.09581288,-1.162045,-0.19685116,-2.548888,0.6091568,-0.6177628,2.5944376,0.5873624,efficientnet_b0,train,0,ml/checkpoints/oof/efficientnet_b0-oof_f0_best.pt
ISIC_0031986,1,bcc,1,bcc,0.059433304,0.8058701,0.0021260092,0.11261569,0.0013717046,0.0018522278,0.016730884,-1.6207355,0.9863323,-4.9513435,-0.9816093,-5.389536,-5.089201,-2.888334,efficientnet_b0,train,0,ml/checkpoints/oof/efficientnet_b0-oof_f0_best.pt
ISIC_0031987,2,bkl,2,bkl,0.027012067,0.0067096977,0.6043366,0.20895146,0.07648216,0.021595035,0.054913003,-1.6512227,-3.0439522,1.4566251,0.39459574,-0.6104486,-1.8750428,-0.9417561,efficientnet_b0,train,0,ml/checkpoints/oof/efficientnet_b0-oof_f0_best.pt
ISIC_0031996,6,vasc,6,vasc,0.023917887,0.0050934325,0.043484718,0.0744575,0.06448647,0.103073575,0.6854865,-2.5647101,-4.111385,-1.9669273,-1.4291084,-1.5728813,-1.1038936,0.79079205,efficientnet_b0,train,0,ml/checkpoints/oof/efficientnet_b0-oof_f0_best.pt
ISIC_0032006,2,bkl,2,bkl,0.024023557,0.024846107,0.81240934,0.0694079,0.01187186,0.016102426,0.04133885,-0.93270105,-0.8990351,2.5882683,0.12826468,-1.637565,-1.332766,-0.38993326,efficientnet_b0,train,0,ml/checkpoints/oof/efficientnet_b0-oof_f0_best.pt
ISIC_0032007,5,nv,5,nv,0.024680626,0.01172589,0.008014358,0.07372725,0.03269468,0.77353066,0.07562654,-0.7605644,-1.5047837,-1.8853482,0.33378956,-0.47937047,2.6843824,0.35922438,efficientnet_b0,train,0,ml/checkpoints/oof/efficientnet_b0-oof_f0_best.pt
ISIC_0032010,5,nv,5,nv,0.078343496,0.032117452,0.010715084,0.113758914,0.01574726,0.67200786,0.07730987,0.4035028,-0.4882007,-1.585948,0.77648115,-1.2009339,2.5526698,0.3902213,efficientnet_b0,train,0,ml/checkpoints/oof/efficientnet_b0-oof_f0_best.pt
ISIC_0032012,5,nv,5,nv,0.042426836,0.019740446,0.006869284,0.06932225,0.005452266,0.76855266,0.08763622,0.042211838,-0.7228998,-1.7785091,0.53319675,-2.0095377,2.9389398,0.76762503,efficientnet_b0,train,0,ml/checkpoints/oof/efficientnet_b0-oof_f0_best.pt
ISIC_0032014,0,akiec,0,akiec,0.93654174,0.04400696,0.0019245187,0.008015097,0.0007219854,0.00017460262,0.008615148,2.5815034,-0.47634292,-3.6060147,-2.1793635,-4.586441,-6.0059333,-2.1071684,efficientnet_b0,train,0,ml/checkpoints/oof/efficientnet_b0-oof_f0_best.pt
ISIC_0032022,1,bcc,1,bcc,0.044020284,0.87298864,0.0014486079,0.044069525,0.006942779,0.005648408,0.024881663,0.077881195,3.0651531,-3.3361666,0.078999124,-1.7690672,-1.9753956,-0.49263835,efficientnet_b0,train,0,ml/checkpoints/oof/efficientnet_b0-oof_f0_best.pt
ISIC_0032024,2,bkl,2,bkl,0.41884112,0.002547533,0.45655006,0.08677299,0.0015283369,0.008032074,0.025727848,1.1108031,-3.991563,1.1970098,-0.46339312,-4.502508,-2.8432457,-1.6791147,efficientnet_b0,train,0,ml/checkpoints/oof/efficientnet_b0-oof_f0_best.pt
ISIC_0032026,5,nv,5,nv,0.030511178,0.010676505,0.007552556,0.070495084,0.0049441014,0.8365417,0.039278805,-0.014632259,-1.0646799,-1.4108392,0.8228175,-1.8345302,3.296551,0.23795965,efficientnet_b0,train,0,ml/checkpoints/oof/efficientnet_b0-oof_f0_best.pt
ISIC_0032027,5,nv,5,nv,0.032093287,0.011128549,0.0059258994,0.056680657,0.07752862,0.75472224,0.061920717,-0.33914277,-1.3982761,-2.0284574,0.22964343,0.5428574,2.8185601,0.31806514,efficientnet_b0,train,0,ml/checkpoints/oof/efficientnet_b0-oof_f0_best.pt
ISIC_0032038,5,nv,5,nv,0.021603948,0.014726336,0.0036261363,0.07972588,0.010134393,0.8083597,0.06182359,-0.65689486,-1.0401336,-2.441603,0.6488234,-1.4138362,2.9652362,0.39451402,efficientnet_b0,train,0,ml/checkpoints/oof/efficientnet_b0-oof_f0_best.pt
ISIC_0032039,5,nv,5,nv,0.12355161,0.054630075,0.03243593,0.1624098,0.027504276,0.5043237,0.09514454,0.9337399,0.117665514,-0.40365213,1.2072037,-0.5685774,2.3402994,0.6724782,efficientnet_b0,train,0,ml/checkpoints/oof/efficientnet_b0-oof_f0_best.pt
ISIC_0032041,5,nv,5,nv,0.0394427,0.029624572,0.011830793,0.12208461,0.007983257,0.73513734,0.053896707,-0.29719922,-0.58344406,-1.5013427,0.83266604,-1.8947016,2.628009,0.015021121,efficientnet_b0,train,0,ml/checkpoints/oof/efficientnet_b0-oof_f0_best.pt
ISIC_0032045,2,bkl,0,akiec,0.41172618,0.13965133,0.16799645,0.0761038,0.15058966,0.0048754006,0.04905721,-0.062367715,-1.1435773,-0.9587834,-1.750628,-1.0681674,-4.498524,-2.189739,efficientnet_b0,train,0,ml/checkpoints/oof/efficientnet_b0-oof_f0_best.pt
ISIC_0032050,5,nv,5,nv,0.03445648,0.017942421,0.0048942766,0.07954629,0.0068511656,0.8007629,0.05554645,0.091768935,-0.56076026,-1.8598615,0.92841095,-1.5235094,3.2376368,0.5692916,efficientnet_b0,train,0,ml/checkpoints/oof/efficientnet_b0-oof_f0_best.pt
ISIC_0032051,2,bkl,2,bkl,0.0056809527,0.014395438,0.8198043,0.037162226,0.014293243,0.06344308,0.045220688,-2.996468,-2.0666761,1.9754784,-1.1182944,-2.0738003,-0.58344406,-0.9220327,efficientnet_b0,train,0,ml/checkpoints/oof/efficientnet_b0-oof_f0_best.pt
ISIC_0032060,5,nv,5,nv,0.04221617,0.031253558,0.016180027,0.08402076,0.018132314,0.7566926,0.051504627,-0.33779755,-0.6384678,-1.2968234,0.35046294,-1.1829054,2.548356,-0.13892941,efficientnet_b0,train,0,ml/checkpoints/oof/efficientnet_b0-oof_f0_best.pt
ISIC_0032061,1,bcc,1,bcc,0.07107928,0.4112339,0.024792595,0.16272596,0.011680915,0.24918993,0.06929738,-1.727516,0.027850326,-2.7807667,-0.8992443,-3.5333555,-0.47309643,-1.7529048,efficientnet_b0,train,0,ml/checkpoints/oof/efficientnet_b0-oof_f0_best.pt
ISIC_0032075,5,nv,5,nv,0.028735599,0.025443325,0.016852017,0.11688934,0.018962964,0.4724322,0.32068458,-1.7168877,-1.8385711,-2.250554,-0.3137967,-2.1325366,1.0828698,0.69543356,efficientnet_b0,train,0,ml/checkpoints/oof/efficientnet_b0-oof_f0_best.pt
ISIC_0032093,5,nv,5,nv,0.07569325,0.036219034,0.013897656,0.10950443,0.012131599,0.6751895,0.077364616,0.4583198,-0.27878433,-1.2366489,0.827596,-1.3725556,2.6466243,0.48016056,efficientnet_b0,train,0,ml/checkpoints/oof/efficientnet_b0-oof_f0_best.pt
ISIC_0032104,5,nv,5,nv,0.036884613,0.017591933,0.010259375,0.08679018,0.012354615,0.7618306,0.07428861,-0.14682353,-0.8871778,-1.4264263,0.7088755,-1.2405887,2.8811061,0.5533394,efficientnet_b0,train,0,ml/checkpoints/oof/efficientnet_b0-oof_f0_best.pt
ISIC_0032105,5,nv,5,nv,0.023866907,0.010206956,0.0017074118,0.063805066,0.0021514308,0.8620978,0.036164504,-0.25846183,-1.1078854,-2.895976,0.72487813,-2.6648216,3.3284142,0.15712364,efficientnet_b0,train,0,ml/checkpoints/oof/efficientnet_b0-oof_f0_best.pt
ISIC_0032110,4,mel,5,nv,0.034676928,0.017618766,0.0069404123,0.106907636,0.23979606,0.4786248,0.115435444,-0.81008345,-1.4871935,-2.4187968,0.31580728,1.1236309,1.814759,0.39255342,efficientnet_b0,train,0,ml/checkpoints/oof/efficientnet_b0-oof_f0_best.pt
ISIC_0032111,2,bkl,2,bkl,0.01397243,0.003243327,0.95295054,0.0141521245,9.114457e-05,0.00787592,0.0077146636,-0.14650859,-1.606995,4.0759683,-0.13373002,-5.1789036,-0.71978474,-0.7404719,efficientnet_b0,train,0,ml/checkpoints/oof/efficientnet_b0-oof_f0_best.pt
ISIC_0032113,2,bkl,0,akiec,0.35841444,0.014701732,0.28276244,0.094194725,0.003986547,0.16513057,0.080809474,0.17724094,-3.0164838,-0.059841976,-1.1590848,-4.3215237,-0.5977126,-1.3123548,efficientnet_b0,train,0,ml/checkpoints/oof/efficientnet_b0-oof_f0_best.pt
ISIC_0032119,5,nv,5,nv,0.055918995,0.052844573,0.015089568,0.11193498,0.014491052,0.67484546,0.07487533,0.25572956,0.19918048,-1.0541711,0.9497435,-1.0946435,2.746309,0.54764986,efficientnet_b0,train,0,ml/checkpoints/oof/efficientnet_b0-oof_f0_best.pt
ISIC_0032134,4,mel,4,mel,0.020341989,0.026077338,0.015594378,0.090414114,0.7398106,0.042924333,0.06483718,-1.5598091,-1.3114297,-1.8255858,-0.068096034,2.0338979,-0.8130574,-0.40061715,efficientnet_b0,train,0,ml/checkpoints/oof/efficientnet_b0-oof_f0_best.pt
ISIC_0032137,5,nv,5,nv,0.05885126,0.023938589,0.023381565,0.069590196,0.011931092,0.7501795,0.062127806,-0.36523053,-1.2647523,-1.2882961,-0.19762018,-1.9610963,2.1800687,-0.31105012,efficientnet_b0,train,0,ml/checkpoints/oof/efficientnet_b0-oof_f0_best.pt
ISIC_0032142,5,nv,5,nv,0.042140074,0.016688203,0.0075919987,0.105104126,0.003907774,0.7755423,0.049025472,-0.1254707,-1.051768,-1.8393753,0.7884818,-2.503502,2.7870927,0.02587008,efficientnet_b0,train,0,ml/checkpoints/oof/efficientnet_b0-oof_f0_best.pt
ISIC_0032144,5,nv,5,nv,0.041586764,0.011978371,0.001774631,0.07768301,0.043327358,0.7593485,0.06430132,-0.6453363,-1.8900158,-3.7995262,-0.020481747,-0.6043341,2.2593424,-0.20953812,efficientnet_b0,train,0,ml/checkpoints/oof/efficientnet_b0-oof_f0_best.pt
ISIC_0032152,4,mel,4,mel,0.09408865,0.0065733013,0.0020334881,0.065428294,0.66389006,0.13438827,0.033597935,0.029239086,-2.631982,-3.8052456,-0.33404356,1.9831182,0.38573462,-1.0005337,efficientnet_b0,train,0,ml/checkpoints/oof/efficientnet_b0-oof_f0_best.pt
ISIC_0032153,5,nv,5,nv,0.015792614,0.01853936,0.004575491,0.07117616,0.026203427,0.78999436,0.07371864,-1.1454694,-0.9851158,-2.3842976,0.36014616,-0.63912153,2.767014,0.39524388,efficientnet_b0,train,0,ml/checkpoints/oof/efficientnet_b0-oof_f0_best.pt
ISIC_0032155,5,nv,5,nv,0.021647131,0.011754965,0.006891687,0.10582879,0.0025289566,0.77621263,0.07513592,-1.5554267,-2.166024,-2.6999838,0.031522844,-3.7024927,2.0241268,-0.31100097,efficientnet_b0,train,0,ml/checkpoints/oof/efficientnet_b0-oof_f0_best.pt
ISIC_0032159,2,bkl,2,bkl,0.08226136,0.03448822,0.6138128,0.055267867,0.16682662,0.0077639506,0.039579194,-1.0037535,-1.8730373,1.006035,-1.4014633,-0.29669985,-3.3641636,-1.7353513,efficientnet_b0,train,0,ml/checkpoints/oof/efficientnet_b0-oof_f0_best.pt
ISIC_0032166,5,nv,5,nv,0.06354258,0.034427397,0.013233555,0.08231953,0.041559707,0.6981414,0.06677575,-0.17524254,-0.7881002,-1.7441974,0.083655454,-0.5998217,2.2214687,-0.1256131,efficientnet_b0,train,0,ml/checkpoints/oof/efficientnet_b0-oof_f0_best.pt
ISIC_0032177,5,nv,5,nv,0.04831822,0.020810755,0.012666166,0.10957513,0.0040849936,0.7453256,0.059219185,0.040128857,-0.80220985,-1.2987454,0.8589306,-2.4303594,2.7761414,0.24356577,efficientnet_b0,train,0,ml/checkpoints/oof/efficientnet_b0-oof_f0_best.pt
ISIC_0032178,5,nv,5,nv,0.06491557,0.03141177,0.02035393,0.08866809,0.014769368,0.72152746,0.058353864,0.050541885,-0.67536277,-1.1092715,0.36235446,-1.4299903,2.4588249,-0.056019917,efficientnet_b0,train,0,ml/checkpoints/oof/efficientnet_b0-oof_f0_best.pt
ISIC_0032184,5,nv,5,nv,0.005250492,0.007393517,0.29002422,0.16633248,0.037429325,0.4030638,0.090506226,-3.4085844,-3.0663025,0.6030583,0.04708255,-1.4444517,0.9321887,-0.56148756,efficientnet_b0,train,0,ml/checkpoints/oof/efficientnet_b0-oof_f0_best.pt
ISIC_0032203,0,akiec,1,bcc,0.37542787,0.5017075,0.0028987115,0.04445627,0.0045666196,0.03372676,0.03721624,0.16509964,0.4550505,-4.6987004,-1.9684607,-4.2441936,-2.2446752,-2.1462216,efficientnet_b0,train,0,ml/checkpoints/oof/efficientnet_b0-oof_f0_best.pt
ISIC_0032206,0,akiec,0,akiec,0.919364,0.0050745327,0.013071494,0.023136536,0.0054345694,0.013782123,0.020136714,2.1135092,-3.0859382,-2.139739,-1.5687599,-3.0173926,-2.0868006,-1.7076284,efficientnet_b0,train,0,ml/checkpoints/oof/efficientnet_b0-oof_f0_best.pt
ISIC_0032207,4,mel,5,nv,0.03228163,0.01690391,0.02421532,0.088010065,0.06294048,0.68764734,0.08800123,-0.90519834,-1.5521517,-1.192711,0.09775441,-0.23750716,2.1535795,0.0976542,efficientnet_b0,train,0,ml/checkpoints/oof/efficientnet_b0-oof_f0_best.pt
ISIC_0032216,5,nv,5,nv,0.024477806,0.018324416,0.0027016813,0.082392626,0.005491613,0.803578,0.06303386,-0.2871814,-0.57671386,-2.4910736,0.9265478,-1.781726,3.2041261,0.6587239,efficientnet_b0,train,0,ml/checkpoints/oof/efficientnet_b0-oof_f0_best.pt
ISIC_0032218,5,nv,5,nv,0.10067023,0.1804105,0.11208816,0.11437776,0.0053754393,0.37338185,0.11369604,-0.7290288,-0.14564426,-0.6215934,-0.6013725,-3.6590388,0.58172256,-0.6073506,efficientnet_b0,train,0,ml/checkpoints/oof/efficientnet_b0-oof_f0_best.pt
ISIC_0032220,4,mel,1,bcc,0.0032601666,0.44017774,0.059138708,0.052195534,0.010007398,0.3075359,0.12768456,-4.163895,0.74150527,-1.2657877,-1.3906765,-3.0423489,0.38291854,-0.4961104,efficientnet_b0,train,0,ml/checkpoints/oof/efficientnet_b0-oof_f0_best.pt
ISIC_0032229,5,nv,5,nv,0.033980172,0.015297512,0.007353115,0.35743517,0.0014914388,0.4484345,0.13600801,-1.543525,-2.341612,-3.074178,0.8096518,-4.669561,1.0364604,-0.15658854,efficientnet_b0,train,0,ml/checkpoints/oof/efficientnet_b0-oof_f0_best.pt
ISIC_0032242,5,nv,5,nv,0.03617597,0.008802358,0.010397497,0.06355988,0.19936292,0.61051816,0.07118318,-0.3797671,-1.7931426,-1.6265972,0.18382023,1.3269646,2.4461458,0.29709437,efficientnet_b0,train,0,ml/checkpoints/oof/efficientnet_b0-oof_f0_best.pt
ISIC_0032245,4,mel,5,nv,0.037303146,0.028900089,0.018124882,0.039692145,0.013305039,0.83044326,0.032231446,-1.0478239,-1.303057,-1.7696159,-0.9857483,-2.0787587,2.055058,-1.193959,efficientnet_b0,train,0,ml/checkpoints/oof/efficientnet_b0-oof_f0_best.pt
ISIC_0032246,1,bcc,1,bcc,0.061996423,0.87176514,0.0020343247,0.045270585,5.57553e-05,0.0030444425,0.015833369,-0.1051852,2.538258,-3.522098,-0.41960448,-7.1190453,-3.1189442,-1.4701422,efficientnet_b0,train,0,ml/checkpoints/oof/efficientnet_b0-oof_f0_best.pt
ISIC_0032256,5,nv,5,nv,0.03511087,0.026329296,0.008803874,0.09311563,0.0057688006,0.78040487,0.050466575,0.013306027,-0.27452227,-1.3700125,0.9886374,-1.7927401,3.1146083,0.37610668,efficientnet_b0,train,0,ml/checkpoints/oof/efficientnet_b0-oof_f0_best.pt
ISIC_0032258,4,mel,5,nv,0.0040321,0.08861584,0.016309127,0.10928498,0.022350261,0.5524702,0.20693746,-3.826007,-0.7359838,-2.4285693,-0.5263353,-2.1134565,1.0941051,0.112122156,efficientnet_b0,train,0,ml/checkpoints/oof/efficientnet_b0-oof_f0_best.pt
ISIC_0032296,5,nv,5,nv,0.0314745,0.03022537,0.018021299,0.08533344,0.017045107,0.739311,0.078589365,-0.36554632,-0.40604225,-0.9231696,0.63184243,-0.978861,2.7909946,0.54951227,efficientnet_b0,train,0,ml/checkpoints/oof/efficientnet_b0-oof_f0_best.pt
ISIC_0032299,5,nv,5,nv,0.057306472,0.04005611,0.01846195,0.14409302,0.01195062,0.63060737,0.0975245,0.1731306,-0.18500191,-0.95957106,1.0951761,-1.3944998,2.5714004,0.7048207,efficientnet_b0,train,0,ml/checkpoints/oof/efficientnet_b0-oof_f0_best.pt
ISIC_0032301,5,nv,5,nv,0.030040562,0.016351193,0.004261771,0.0906032,0.015380221,0.77169317,0.0716699,-0.2987889,-0.9070368,-2.251653,0.80515206,-0.9682553,2.9472494,0.57073325,efficientnet_b0,train,0,ml/checkpoints/oof/efficientnet_b0-oof_f0_best.pt
ISIC_0032311,5,nv,5,nv,0.027329804,0.0056962916,0.014851108,0.07813121,0.008956861,0.8209677,0.044067096,-0.5752112,-2.1433737,-1.1851145,0.4752003,-1.6907694,2.8272946,-0.09747576,efficientnet_b0,train,0,ml/checkpoints/oof/efficientnet_b0-oof_f0_best.pt
ISIC_0032316,1,bcc,1,bcc,0.0104321195,0.9485649,0.0008092598,0.02393043,0.0009327856,0.00077590306,0.014554602,-0.6277758,3.8822849,-3.1843007,0.20248547,-3.042245,-3.2263932,-0.29475832,efficientnet_b0,train,0,ml/checkpoints/oof/efficientnet_b0-oof_f0_best.pt
ISIC_0032318,1,bcc,1,bcc,0.26375806,0.3160081,0.036229953,0.04606274,0.30174804,0.0012715871,0.034921624,0.59248817,0.77322376,-1.392658,-1.1525396,0.7270483,-4.742278,-1.4294376,efficientnet_b0,train,0,ml/checkpoints/oof/efficientnet_b0-oof_f0_best.pt
ISIC_0032321,5,nv,5,nv,0.034661576,0.013803553,0.004808909,0.09680678,0.008994109,0.78181535,0.059109747,-0.12954731,-1.050253,-2.104709,0.8975378,-1.4786092,2.9864395,0.40421668,efficientnet_b0,train,0,ml/checkpoints/oof/efficientnet_b0-oof_f0_best.pt
ISIC_0032322,5,nv,5,nv,0.09148813,0.014705948,0.038248964,0.092881255,0.20524879,0.44817132,0.109255634,-0.66387826,-2.4918354,-1.5359709,-0.6487655,0.14413548,0.92508817,-0.48639703,efficientnet_b0,train,0,ml/checkpoints/oof/efficientnet_b0-oof_f0_best.pt
ISIC_0032333,5,nv,5,nv,0.025021294,0.023525283,0.004849135,0.090001024,0.013947573,0.77765095,0.06500473,-0.7519826,-0.81363416,-2.3929098,0.5281113,-1.3364042,2.684568,0.20275033,efficientnet_b0,train,0,ml/checkpoints/oof/efficientnet_b0-oof_f0_best.pt
ISIC_0032335,2,bkl,0,akiec,0.39033934,0.014492909,0.20407528,0.14443985,0.16813001,0.009628771,0.06889378,0.22006506,-3.0732918,-0.4284625,-0.77408826,-0.62221384,-3.4821959,-1.5143855,efficientnet_b0,train,0,ml/checkpoints/oof/efficientnet_b0-oof_f0_best.pt
ISIC_0032338,5,nv,5,nv,0.028166264,0.021311956,0.0019199309,0.062497683,0.015111791,0.7692412,0.10175106,-0.36311492,-0.6419715,-3.0489507,0.43388966,-0.9857644,2.9441648,0.9212893,efficientnet_b0,train,0,ml/checkpoints/oof/efficientnet_b0-oof_f0_best.pt
ISIC_0032341,5,nv,5,nv,0.02460281,0.021493228,0.003960602,0.06448204,0.020923933,0.76879096,0.09574643,-0.4565648,-0.5916878,-2.2830293,0.50696105,-0.61853194,2.9853935,0.90227777,efficientnet_b0,train,0,ml/checkpoints/oof/efficientnet_b0-oof_f0_best.pt
ISIC_0032343,2,bkl,2,bkl,0.034993608,0.010553424,0.68297553,0.077377856,0.14524436,0.003158006,0.04569719,-0.95712095,-2.1558356,2.0141728,-0.1635857,0.4661313,-3.3623457,-0.6902494,efficientnet_b0,train,0,ml/checkpoints/oof/efficientnet_b0-oof_f0_best.pt
ISIC_0032347,5,nv,5,nv,0.024551753,0.08129895,0.0047717458,0.085615925,0.020902093,0.72335285,0.059506632,-1.401477,-0.20412727,-3.0395484,-0.15238903,-1.562411,1.9816368,-0.5161725,efficientnet_b0,train,0,ml/checkpoints/oof/efficientnet_b0-oof_f0_best.pt
ISIC_0032359,2,bkl,2,bkl,0.009846966,0.0022764716,0.9476014,0.017865542,0.0007879229,0.005476884,0.016144918,-0.4300892,-1.8946255,4.1366816,0.16562156,-2.9556074,-1.0167161,0.06435312,efficientnet_b0,train,0,ml/checkpoints/oof/efficientnet_b0-oof_f0_best.pt
ISIC_0032373,2,bkl,2,bkl,0.06140491,0.02393657,0.8371373,0.056612406,0.00149999,0.0012608218,0.018147934,-0.32329926,-1.2653815,2.289199,-0.4045607,-4.035331,-4.2090254,-1.5422322,efficientnet_b0,train,0,ml/checkpoints/oof/efficientnet_b0-oof_f0_best.pt
ISIC_0032391,5,nv,5,nv,0.029351717,0.021221858,0.003223665,0.14695689,0.0019225881,0.7094746,0.0878487,-0.5497659,-0.8740851,-2.7585979,1.0610225,-3.2754447,2.635408,0.54649913,efficientnet_b0,train,0,ml/checkpoints/oof/efficientnet_b0-oof_f0_best.pt
ISIC_0032392,5,nv,5,nv,0.02819785,0.016623361,0.0058375252,0.0827655,0.0059562884,0.80570525,0.05491419,-0.43288195,-0.96131885,-2.0078208,0.6438834,-1.9876804,2.9195902,0.23364392,efficientnet_b0,train,0,ml/checkpoints/oof/efficientnet_b0-oof_f0_best.pt
ISIC_0032396,4,mel,4,mel,0.006581176,0.028252982,0.015210527,0.048725124,0.8477738,0.012869205,0.040587224,-3.4656503,-2.0086648,-2.627876,-1.4636693,1.3927499,-2.7950265,-1.6464106,efficientnet_b0,train,0,ml/checkpoints/oof/efficientnet_b0-oof_f0_best.pt
ISIC_0032409,6,vasc,6,vasc,0.005209381,0.0009354463,0.0009988432,0.007463144,0.005131905,0.0014245601,0.9788367,-1.0379221,-2.755115,-2.6895409,-0.6784067,-1.0529065,-2.3345203,4.1979814,efficientnet_b0,train,0,ml/checkpoints/oof/efficientnet_b0-oof_f0_best.pt
ISIC_0032412,5,nv,4,mel,0.031640183,0.019359844,0.004185879,0.053652532,0.79244566,0.06282634,0.035889596,-0.40511698,-0.896344,-2.4278283,0.12298366,2.815579,0.28082934,-0.27909762,efficientnet_b0,train,0,ml/checkpoints/oof/efficientnet_b0-oof_f0_best.pt
ISIC_0032415,1,bcc,1,bcc,0.0044315094,0.8875237,0.019098176,0.025188249,0.008551947,0.013188943,0.04201748,-3.4930134,1.8066815,-2.0321608,-1.7553762,-2.8355947,-2.4023747,-1.243668,efficientnet_b0,train,0,ml/checkpoints/oof/efficientnet_b0-oof_f0_best.pt
ISIC_0032418,5,nv,5,nv,0.0309858,0.020933937,0.0051147696,0.108255364,0.012542479,0.7676422,0.054525413,-0.62370807,-1.0158654,-2.4251049,0.6272559,-1.5281155,2.5860868,-0.05857023,efficientnet_b0,train,0,ml/checkpoints/oof/efficientnet_b0-oof_f0_best.pt
ISIC_0032426,5,nv,5,nv,0.037635904,0.015608249,0.02871109,0.09449948,0.003817617,0.76555884,0.05416875,-0.6386185,-1.5187775,-0.9092935,0.2820174,-2.9269505,2.3740292,-0.2744728,efficientnet_b0,train,0,ml/checkpoints/oof/efficientnet_b0-oof_f0_best.pt
ISIC_0032442,5,nv,5,nv,0.05212304,0.04757758,0.01998835,0.11378793,0.028934719,0.6339107,0.103677586,0.16410202,0.072856605,-0.79435545,0.9448313,-0.42446274,2.662403,0.85178095,efficientnet_b0,train,0,ml/checkpoints/oof/efficientnet_b0-oof_f0_best.pt
ISIC_0032445,2,bkl,2,bkl,0.03946433,0.03187577,0.7806139,0.057476465,0.057035275,0.004967674,0.028566564,-1.0354112,-1.2489622,1.9492723,-0.65943277,-0.6671386,-3.1078568,-1.3585715,efficientnet_b0,train,0,ml/checkpoints/oof/efficientnet_b0-oof_f0_best.pt
ISIC_0032453,5,nv,5,nv,0.027421674,0.02495541,0.01340908,0.16699201,0.07486496,0.6401368,0.05222006,-1.2692986,-1.3635416,-1.9847003,0.53731376,-0.26494622,1.8810496,-0.6251656,efficientnet_b0,train,0,ml/checkpoints/oof/efficientnet_b0-oof_f0_best.pt
ISIC_0032457,5,nv,5,nv,0.031777997,0.017020654,0.0018526221,0.09828116,0.0029485025,0.7676629,0.080456205,-0.17320788,-0.79755473,-3.01538,0.95585006,-2.5506847,3.0113685,0.755731,efficientnet_b0,train,0,ml/checkpoints/oof/efficientnet_b0-oof_f0_best.pt
ISIC_0032469,5,nv,5,nv,0.026970232,0.010805071,0.005633739,0.054597903,0.0036007406,0.8541689,0.044223487,-0.31116357,-1.2258819,-1.8771243,0.39409804,-2.3247578,3.1442316,0.1833586,efficientnet_b0,train,0,ml/checkpoints/oof/efficientnet_b0-oof_f0_best.pt
ISIC_0032473,5,nv,5,nv,0.029617617,0.012263967,0.0029728743,0.12845914,0.0022689118,0.7719758,0.05244165,-0.42347315,-1.3051769,-2.7223132,1.0437684,-2.992542,2.8371108,0.14785855,efficientnet_b0,train,0,ml/checkpoints/oof/efficientnet_b0-oof_f0_best.pt
ISIC_0032477,5,nv,5,nv,0.01608706,0.009843632,0.011351754,0.08290026,0.0032663227,0.84293777,0.033613175,-1.0057046,-1.4968952,-1.3543477,0.6339182,-2.600055,2.9531732,-0.26880193,efficientnet_b0,train,0,ml/checkpoints/oof/efficientnet_b0-oof_f0_best.pt
ISIC_0032479,5,nv,5,nv,0.045134712,0.010727984,0.024437407,0.089385994,0.0076787765,0.7525464,0.07008872,-0.8530136,-2.2898095,-1.4665501,-0.16970105,-2.6242049,1.9607975,-0.4129034,efficientnet_b0,train,0,ml/checkpoints/oof/efficientnet_b0-oof_f0_best.pt
ISIC_0032485,5,nv,5,nv,0.042576913,0.019176308,0.008982091,0.10733572,0.004403954,0.75860304,0.05892208,0.27689543,-0.520741,-1.2791839,1.2015449,-1.9919137,3.157062,0.6017993,efficientnet_b0,train,0,ml/checkpoints/oof/efficientnet_b0-oof_f0_best.pt
ISIC_0032490,5,nv,5,nv,0.05719784,0.017962566,0.0025449684,0.085732184,0.0074888505,0.7610244,0.06804918,-0.11452254,-1.2727488,-3.2269206,0.29018977,-2.147623,2.4736269,0.05919183,efficientnet_b0,train,0,ml/checkpoints/oof/efficientnet_b0-oof_f0_best.pt
ISIC_0032491,5,nv,5,nv,0.0334334,0.031662196,0.015544338,0.11249612,0.01835631,0.70381224,0.08469544,-0.10595115,-0.16038299,-0.8718101,1.1074123,-0.7055329,2.9410052,0.8235555,efficientnet_b0,train,0,ml/checkpoints/oof/efficientnet_b0-oof_f0_best.pt
ISIC_0032501,5,nv,5,nv,0.038761023,0.025519973,0.007999436,0.06932916,0.007991375,0.7996713,0.05072767,-0.62188107,-1.0398349,-2.199925,-0.040430572,-2.2009335,2.4049046,-0.3528247,efficientnet_b0,train,0,ml/checkpoints/oof/efficientnet_b0-oof_f0_best.pt
ISIC_0032504,4,mel,4,mel,0.02617511,0.0011591255,0.00034694298,0.025696589,0.8993556,0.032635342,0.014631362,-0.2961701,-3.413313,-4.6195736,-0.31462082,3.2406995,-0.075583294,-0.8778119,efficientnet_b0,train,0,ml/checkpoints/oof/efficientnet_b0-oof_f0_best.pt
ISIC_0032507,5,nv,5,nv,0.033458818,0.024481678,0.01618229,0.09549384,0.017327556,0.7529714,0.060084462,-0.20284675,-0.51523715,-0.9292448,0.8458995,-0.86086416,2.910865,0.3825891,efficientnet_b0,train,0,ml/checkpoints/oof/efficientnet_b0-oof_f0_best.pt
ISIC_0032519,5,nv,1,bcc,0.06829335,0.32330248,0.10905165,0.24694513,0.00409633,0.15715376,0.09115733,-2.5724235,-1.0176475,-2.1044142,-1.2870697,-5.3861446,-1.7390112,-2.283649,efficientnet_b0,train,0,ml/checkpoints/oof/efficientnet_b0-oof_f0_best.pt
ISIC_0032534,2,bkl,2,bkl,0.038208377,0.36309946,0.37144935,0.1205824,0.016106885,0.031215452,0.059338093,-1.7537353,0.4978868,0.52062255,-0.60445666,-2.6175432,-1.9558767,-1.3135386,efficientnet_b0,train,0,ml/checkpoints/oof/efficientnet_b0-oof_f0_best.pt
ISIC_0032540,5,nv,5,nv,0.05091205,0.013587591,0.0032955953,0.059012573,0.007092505,0.8143394,0.051760312,0.3620878,-0.95885485,-2.3754249,0.5097388,-1.6089733,3.1343653,0.37861177,efficientnet_b0,train,0,ml/checkpoints/oof/efficientnet_b0-oof_f0_best.pt
ISIC_0032546,5,nv,4,mel,0.019781167,0.14806668,0.23413752,0.10573837,0.2650707,0.13738497,0.08982061,-2.5071619,-0.49422953,-0.035983533,-0.83092433,0.08810443,-0.56910527,-0.9940777,efficientnet_b0,train,0,ml/checkpoints/oof/efficientnet_b0-oof_f0_best.pt
ISIC_0032560,5,nv,4,mel,0.031521045,0.024279263,0.099218555,0.12586989,0.32910234,0.269598,0.12041091,-1.5923767,-1.8534095,-0.44570708,-0.2077833,0.75333667,0.55389994,-0.25212193,efficientnet_b0,train,0,ml/checkpoints/oof/efficientnet_b0-oof_f0_best.pt
ISIC_0032565,5,nv,4,mel,0.24527816,0.012620152,0.08774981,0.08901789,0.31650534,0.17793442,0.07089422,0.41995814,-2.54714,-0.6079451,-0.5935975,0.6749053,0.098980226,-0.82124585,efficientnet_b0,train,0,ml/checkpoints/oof/efficientnet_b0-oof_f0_best.pt
ISIC_0032566,5,nv,5,nv,0.01717984,0.02616513,0.2604045,0.14524187,0.029484505,0.44775996,0.073764265,-2.4944007,-2.0737097,0.22409888,-0.35973692,-1.9542724,0.76612,-1.0372628,efficientnet_b0,train,0,ml/checkpoints/oof/efficientnet_b0-oof_f0_best.pt
ISIC_0032573,5,nv,5,nv,0.027957931,0.009145017,0.0010967298,0.058717407,0.010381377,0.85212654,0.040574975,-0.5229031,-1.640395,-3.761271,0.21913217,-1.5135908,2.894131,-0.15045254,efficientnet_b0,train,0,ml/checkpoints/oof/efficientnet_b0-oof_f0_best.pt
ISIC_0032584,5,nv,5,nv,0.05013486,0.013306405,0.018962974,0.10121703,0.0167542,0.7581523,0.041472185,-0.31400165,-1.6404725,-1.28623,0.38854876,-1.4100691,2.4021661,-0.5036952,efficientnet_b0,train,0,ml/checkpoints/oof/efficientnet_b0-oof_f0_best.pt
ISIC_0032586,4,mel,4,mel,0.019335207,0.0022728632,0.006121215,0.019092813,0.9369556,0.0027865183,0.013435854,-0.9523777,-3.093265,-2.1025448,-0.96499354,2.9283304,-2.8895125,-1.3163784,efficientnet_b0,train,0,ml/checkpoints/oof/efficientnet_b0-oof_f0_best.pt
ISIC_0032599,5,nv,5,nv,0.015421256,0.076519266,0.0017682749,0.13066578,0.31444454,0.37740093,0.08377995,-2.182757,-0.58096117,-4.3484993,-0.04586085,0.8323041,1.0148045,-0.49030986,efficientnet_b0,train,0,ml/checkpoints/oof/efficientnet_b0-oof_f0_best.pt
ISIC_0032607,5,nv,5,nv,0.03303413,0.022953948,0.0054760077,0.08467266,0.020705543,0.77652574,0.056632012,-1.0564919,-1.4205431,-2.8536568,-0.11524043,-1.5236316,2.1007967,-0.5174586,efficientnet_b0,train,0,ml/checkpoints/oof/efficientnet_b0-oof_f0_best.pt
ISIC_0032610,4,mel,5,nv,0.034336768,0.010445329,0.004374066,0.07436599,0.073677376,0.7200339,0.08276661,-0.29534933,-1.4854112,-2.3558729,0.47743243,0.46812955,2.7477322,0.5844586,efficientnet_b0,train,0,ml/checkpoints/oof/efficientnet_b0-oof_f0_best.pt
ISIC_0032611,1,bcc,1,bcc,0.21259864,0.55004925,0.055531032,0.0569833,0.06131421,0.006586078,0.05693755,-0.19462495,0.7559768,-1.537089,-1.5112727,-1.4380194,-3.6690729,-1.512076,efficientnet_b0,train,0,ml/checkpoints/oof/efficientnet_b0-oof_f0_best.pt
ISIC_0032616,5,nv,5,nv,0.03509589,0.026986344,0.0049925563,0.058955867,0.0094955135,0.81213355,0.05234027,0.08886668,-0.17388634,-1.8612691,0.6075719,-1.2183977,3.2304475,0.48854885,efficientnet_b0,train,0,ml/checkpoints/oof/efficientnet_b0-oof_f0_best.pt
ISIC_0032622,4,mel,4,mel,0.010555105,0.0028585903,0.0029849713,0.0509668,0.8991142,0.008065235,0.025454998,-0.93596387,-2.2422452,-2.1989832,0.6386009,3.5088365,-1.2050107,-0.05566147,efficientnet_b0,train,0,ml/checkpoints/oof/efficientnet_b0-oof_f0_best.pt
ISIC_0032629,4,mel,5,nv,0.013080854,0.046852276,0.116086826,0.08868827,0.08564293,0.5773227,0.07232618,-2.978808,-1.7029581,-0.7956192,-1.06483,-1.099771,0.80844384,-1.2687713,efficientnet_b0,train,0,ml/checkpoints/oof/efficientnet_b0-oof_f0_best.pt
ISIC_0032643,2,bkl,2,bkl,0.013940331,0.0024057552,0.9138152,0.031811666,0.0075905425,0.015973432,0.014463157,-0.262991,-2.0199132,3.9198513,0.5620561,-0.8708739,-0.12685032,-0.22617227,efficientnet_b0,train,0,ml/checkpoints/oof/efficientnet_b0-oof_f0_best.pt
ISIC_0032644,5,nv,5,nv,0.07033586,0.018412545,0.025467025,0.09457384,0.0055517964,0.7434043,0.042254616,-0.25155777,-1.5918075,-1.2674551,0.044541445,-2.790718,2.1064005,-0.7611261,efficientnet_b0,train,0,ml/checkpoints/oof/efficientnet_b0-oof_f0_best.pt
ISIC_0032651,5,nv,5,nv,0.029873868,0.011564375,0.0045508067,0.092124216,0.015155837,0.78099,0.06574091,-0.16372436,-1.1127795,-2.045404,0.9624293,-0.8423228,3.0998538,0.62501293,efficientnet_b0,train,0,ml/checkpoints/oof/efficientnet_b0-oof_f0_best.pt
ISIC_0032655,2,bkl,5,nv,0.019433908,0.017713135,0.12266048,0.1355043,0.0017335308,0.6294674,0.07348717,-1.8123701,-1.9050832,0.030030549,0.12961392,-4.2292295,1.6654845,-0.48227873,efficientnet_b0,train,0,ml/checkpoints/oof/efficientnet_b0-oof_f0_best.pt
ISIC_0032662,4,mel,4,mel,0.025230628,0.023851404,0.010616968,0.08957904,0.41318396,0.37932822,0.058209844,-0.73035383,-0.78656924,-1.5959588,0.5367089,2.0654805,1.9799894,0.10564209,efficientnet_b0,train,0,ml/checkpoints/oof/efficientnet_b0-oof_f0_best.pt
ISIC_0032664,5,nv,5,nv,0.06394924,0.0088025145,0.00664809,0.113789715,0.01749911,0.7167517,0.07255964,-0.043973483,-2.0270257,-2.3077333,0.532289,-1.3399131,2.3726664,0.08234561,efficientnet_b0,train,0,ml/checkpoints/oof/efficientnet_b0-oof_f0_best.pt
ISIC_0032667,5,nv,4,mel,0.013205682,0.033568315,0.0015594604,0.068468176,0.74296385,0.07467617,0.065558344,-1.6754364,-0.7425008,-3.8117435,-0.029714242,2.354564,0.057077646,-0.073142976,efficientnet_b0,train,0,ml/checkpoints/oof/efficientnet_b0-oof_f0_best.pt
ISIC_0032671,5,nv,4,mel,0.020004872,0.009313618,0.05861215,0.08826698,0.69173837,0.07952124,0.052542835,-2.206535,-2.9710333,-1.1315688,-0.7221448,1.336697,-0.82648677,-1.2408822,efficientnet_b0,train,0,ml/checkpoints/oof/efficientnet_b0-oof_f0_best.pt
ISIC_0032678,5,nv,5,nv,0.026619734,0.014302847,0.003498753,0.07189231,0.014885796,0.79893416,0.06986645,-0.14074457,-0.7619389,-2.169991,0.8527719,-0.72198987,3.2608812,0.8241882,efficientnet_b0,train,0,ml/checkpoints/oof/efficientnet_b0-oof_f0_best.pt
ISIC_0032680,5,nv,5,nv,0.01781358,0.011232544,0.020159401,0.060664266,0.0403663,0.8041145,0.045649387,-1.230961,-1.6921068,-1.1072513,-0.00556741,-0.41292682,2.5788195,-0.2899321,efficientnet_b0,train,0,ml/checkpoints/oof/efficientnet_b0-oof_f0_best.pt
ISIC_0032685,4,mel,4,mel,0.06630852,0.008561762,0.036283933,0.056636013,0.55470806,0.22866376,0.048837986,-1.6096537,-3.656666,-2.2125971,-1.7673268,0.51447,-0.37171936,-1.9154637,efficientnet_b0,train,0,ml/checkpoints/oof/efficientnet_b0-oof_f0_best.pt
ISIC_0032691,5,nv,5,nv,0.06677988,0.015890067,0.004043511,0.07962405,0.015414855,0.761328,0.056919664,0.6377209,-0.7979866,-2.1665676,0.8136351,-0.82834923,3.0713832,0.47795978,efficientnet_b0,train,0,ml/checkpoints/oof/efficientnet_b0-oof_f0_best.pt
ISIC_0032704,5,nv,4,mel,0.017953059,0.043155853,0.023217956,0.08099034,0.6708981,0.115162246,0.0486224,-1.2459587,-0.3689013,-0.9887935,0.26061067,2.374898,0.6126227,-0.24963506,efficientnet_b0,train,0,ml/checkpoints/oof/efficientnet_b0-oof_f0_best.pt
ISIC_0032707,5,nv,5,nv,0.019717585,0.011601407,0.008820634,0.07446592,0.040643737,0.7884402,0.056310575,-1.1298054,-1.6601896,-1.9342222,0.19902544,-0.40647158,2.5587404,-0.08043374,efficientnet_b0,train,0,ml/checkpoints/oof/efficientnet_b0-oof_f0_best.pt
ISIC_0032725,2,bkl,2,bkl,0.009195386,0.13169056,0.77537704,0.06323431,0.00072909874,0.0014805188,0.018293174,-2.7515175,-0.08976448,1.68313,-0.8233724,-5.286165,-4.5778265,-2.0636914,efficientnet_b0,train,0,ml/checkpoints/oof/efficientnet_b0-oof_f0_best.pt
ISIC_0032726,4,mel,4,mel,0.140124,0.015286705,0.1301573,0.0887679,0.53704137,0.013020264,0.07560248,-0.09190159,-2.3074458,-0.16568543,-0.54840404,1.2516459,-2.4679224,-0.7089402,efficientnet_b0,train,0,ml/checkpoints/oof/efficientnet_b0-oof_f0_best.pt
ISIC_0032729,5,nv,5,nv,0.013611526,0.008075838,0.003595721,0.10981369,0.14973432,0.53714144,0.17802748,-2.475497,-2.9975374,-3.8066692,-0.38762861,-0.07755141,1.1998476,0.095524065,efficientnet_b0,train,0,ml/checkpoints/oof/efficientnet_b0-oof_f0_best.pt
ISIC_0032743,5,nv,5,nv,0.031951275,0.06288326,0.045644715,0.116656736,0.015573269,0.67154795,0.055742744,-1.2783532,-0.6012852,-0.92167735,0.01667054,-1.9970093,1.7670202,-0.72181785,efficientnet_b0,train,0,ml/checkpoints/oof/efficientnet_b0-oof_f0_best.pt
ISIC_0032777,1,bcc,1,bcc,0.001173589,0.9426543,0.0014520438,0.015251228,0.00057049404,0.0007643787,0.038133796,-3.490641,3.1979916,-3.277736,-0.92604804,-4.211961,-3.9194,-0.009606982,efficientnet_b0,train,0,ml/checkpoints/oof/efficientnet_b0-oof_f0_best.pt
ISIC_0032780,5,nv,4,mel,0.040062726,0.008450612,0.00537691,0.20308308,0.5023596,0.21204408,0.028623043,-0.7265738,-2.2827811,-2.7349064,0.89659494,1.802296,0.9397739,-1.0628083,efficientnet_b0,train,0,ml/checkpoints/oof/efficientnet_b0-oof_f0_best.pt
ISIC_0032786,5,nv,5,nv,0.039732307,0.002145855,0.0017531413,0.06406423,0.2158405,0.63662255,0.03984144,-0.400409,-3.3190355,-3.5211647,0.07731235,1.2919661,2.3736033,-0.39766586,efficientnet_b0,train,0,ml/checkpoints/oof/efficientnet_b0-oof_f0_best.pt
ISIC_0032787,5,nv,2,bkl,0.037810218,0.004281333,0.3960689,0.09581549,0.16166174,0.24641837,0.057943925,-1.0101941,-3.1885092,1.3388147,-0.080349125,0.44273272,0.86425734,-0.5832978,efficientnet_b0,train,0,ml/checkpoints/oof/efficientnet_b0-oof_f0_best.pt
ISIC_0032830,5,nv,5,nv,0.02531478,0.011920862,0.027323091,0.047964156,0.03750241,0.7963181,0.05365657,-1.1598504,-1.912949,-1.0835066,-0.5207849,-0.76683354,2.28876,-0.40863478,efficientnet_b0,train,0,ml/checkpoints/oof/efficientnet_b0-oof_f0_best.pt
ISIC_0032841,4,mel,4,mel,0.036681373,0.023484498,0.032184925,0.0994866,0.5949983,0.15213652,0.061027724,-0.81985676,-1.2657853,-0.95062774,0.17789711,1.9664327,0.6026524,-0.31079763,efficientnet_b0,train,0,ml/checkpoints/oof/efficientnet_b0-oof_f0_best.pt
ISIC_0032857,1,bcc,1,bcc,0.014272148,0.86262506,0.0061138305,0.0634902,0.027612038,0.006292835,0.019593833,-1.0626479,3.0390224,-1.910404,0.4299277,-0.402706,-1.8815461,-0.7457427,efficientnet_b0,train,0,ml/checkpoints/oof/efficientnet_b0-oof_f0_best.pt
ISIC_0032858,5,nv,5,nv,0.024008121,0.020159507,0.009757169,0.06397069,0.0115840575,0.8333406,0.0371799,-0.79407483,-0.9687909,-1.6944648,0.18595807,-1.522837,2.7529755,-0.35669884,efficientnet_b0,train,0,ml/checkpoints/oof/efficientnet_b0-oof_f0_best.pt
ISIC_0032861,5,nv,4,mel,0.072026886,0.015809212,0.020157447,0.29477367,0.31208417,0.2216105,0.063538045,-1.9923067,-3.5087533,-3.2657723,-0.58313835,-0.5260732,-0.8684248,-2.1177073,efficientnet_b0,train,0,ml/checkpoints/oof/efficientnet_b0-oof_f0_best.pt
ISIC_0032870,4,mel,4,mel,0.0310367,0.036280144,0.08412785,0.07519889,0.70249015,0.025706163,0.04516006,-1.0520225,-0.8959222,-0.054855034,-0.16705643,2.0674386,-1.2404621,-0.67697984,efficientnet_b0,train,0,ml/checkpoints/oof/efficientnet_b0-oof_f0_best.pt
ISIC_0032875,4,mel,5,nv,0.032541346,0.016123012,0.013947694,0.09860642,0.37904555,0.41273278,0.04700314,-0.8875756,-1.5898396,-1.7347729,0.22104926,1.5675693,1.6527133,-0.51987267,efficientnet_b0,train,0,ml/checkpoints/oof/efficientnet_b0-oof_f0_best.pt
ISIC_0032881,5,nv,5,nv,0.022269968,0.012777262,0.0024007123,0.060172178,0.23978345,0.6227013,0.03989521,-1.6503688,-2.2059405,-3.8778424,-0.6563977,0.72612846,1.6804591,-1.0673515,efficientnet_b0,train,0,ml/checkpoints/oof/efficientnet_b0-oof_f0_best.pt
ISIC_0032887,4,mel,4,mel,0.046978217,0.005485442,0.00937275,0.0772572,0.6568857,0.13875453,0.06526623,-0.42961037,-2.5771968,-2.0414882,0.06784556,2.2082155,0.6534118,-0.10081979,efficientnet_b0,train,0,ml/checkpoints/oof/efficientnet_b0-oof_f0_best.pt
ISIC_0032890,6,vasc,6,vasc,0.0062802816,0.0019653188,0.0029878728,0.03273939,0.023219377,0.010606753,0.92220104,-2.4336202,-3.5953805,-3.176473,-0.7824558,-1.1260477,-1.9095439,2.5557284,efficientnet_b0,train,0,ml/checkpoints/oof/efficientnet_b0-oof_f0_best.pt
ISIC_0032903,4,mel,4,mel,0.16580226,0.052952755,0.09867001,0.0978264,0.4436554,0.0758996,0.06519356,-0.94218576,-2.0835814,-1.4612005,-1.4697871,0.042066514,-1.7235702,-1.875621,efficientnet_b0,train,0,ml/checkpoints/oof/efficientnet_b0-oof_f0_best.pt
ISIC_0032905,5,nv,4,mel,0.0042395354,0.0069473623,0.001392027,0.06459816,0.9092093,0.0029338563,0.010679736,-2.8938189,-2.3999107,-4.0075116,-0.17008664,2.4743028,-3.2619548,-1.9699242,efficientnet_b0,train,0,ml/checkpoints/oof/efficientnet_b0-oof_f0_best.pt
ISIC_0032906,1,bcc,1,bcc,0.009170485,0.8820132,0.0012732793,0.041415315,0.035137434,0.008837017,0.02215321,-1.346872,3.219345,-3.3212664,0.16078876,-0.00359492,-1.3839126,-0.46487954,efficientnet_b0,train,0,ml/checkpoints/oof/efficientnet_b0-oof_f0_best.pt
ISIC_0032909,5,nv,5,nv,0.024469795,0.0072127054,0.0845806,0.08951081,0.23756626,0.48397595,0.072683945,-1.8446897,-3.066285,-0.60442436,-0.54776984,0.42831734,1.1399059,-0.75600874,efficientnet_b0,train,0,ml/checkpoints/oof/efficientnet_b0-oof_f0_best.pt
ISIC_0032911,5,nv,5,nv,0.029254973,0.056936026,0.01758479,0.14214022,0.0011845105,0.58723825,0.16566122,-1.3830976,-0.7172187,-1.8921129,0.19766694,-4.5898175,1.6162835,0.3507978,efficientnet_b0,train,0,ml/checkpoints/oof/efficientnet_b0-oof_f0_best.pt
ISIC_0032916,5,nv,5,nv,0.036061544,0.01944395,0.0068769483,0.095128484,0.030728085,0.76089054,0.05087045,-0.40698326,-1.0246744,-2.0640354,0.563018,-0.5670334,2.6422791,-0.0629281,efficientnet_b0,train,0,ml/checkpoints/oof/efficientnet_b0-oof_f0_best.pt
ISIC_0032928,5,nv,5,nv,0.04643607,0.018206049,0.029331403,0.11845883,0.10719475,0.58905244,0.091320455,-0.7547188,-1.6910417,-1.2141368,0.18176994,0.08185178,1.7857198,-0.07842068,efficientnet_b0,train,0,ml/checkpoints/oof/efficientnet_b0-oof_f0_best.pt
ISIC_0032937,5,nv,5,nv,0.027201654,0.023851331,0.012646301,0.09388228,0.029942246,0.7799097,0.032566488,-1.4912924,-1.6227301,-2.2572052,-0.25252864,-1.3952999,1.8646079,-1.3112863,efficientnet_b0,train,0,ml/checkpoints/oof/efficientnet_b0-oof_f0_best.pt
ISIC_0032939,5,nv,5,nv,0.029450005,0.01444501,0.003784853,0.0981097,0.29522118,0.48905125,0.069938056,-0.734502,-1.4468472,-2.786189,0.4688901,1.5705286,2.0752711,0.13041374,efficientnet_b0,train,0,ml/checkpoints/oof/efficientnet_b0-oof_f0_best.pt
ISIC_0032943,5,nv,5,nv,0.03556718,0.020964647,0.015042395,0.086763024,0.2357766,0.5431014,0.06278478,-0.7690162,-1.2976019,-1.6295668,0.12274106,1.1224452,1.9568565,-0.20072672,efficientnet_b0,train,0,ml/checkpoints/oof/efficientnet_b0-oof_f0_best.pt
ISIC_0032956,5,nv,5,nv,0.02564035,0.029456126,0.008642238,0.08830039,0.33151615,0.43461475,0.081830025,-1.6474702,-1.5087357,-2.734976,-0.410893,0.9120389,1.1828225,-0.4869933,efficientnet_b0,train,0,ml/checkpoints/oof/efficientnet_b0-oof_f0_best.pt
ISIC_0032957,5,nv,5,nv,0.04834496,0.020563798,0.009812217,0.07855143,0.32818982,0.45196417,0.06257355,-0.3090223,-1.1638521,-1.9037563,0.17636918,1.6062077,1.9262185,-0.051041678,efficientnet_b0,train,0,ml/checkpoints/oof/efficientnet_b0-oof_f0_best.pt
ISIC_0032962,5,nv,5,nv,0.01067787,0.009173497,0.012301222,0.0662724,0.008597098,0.85348946,0.039488375,-1.7065065,-1.8583618,-1.5649817,0.11909341,-1.9232556,2.674653,-0.3986737,efficientnet_b0,train,0,ml/checkpoints/oof/efficientnet_b0-oof_f0_best.pt
ISIC_0032973,5,nv,5,nv,0.019232625,0.01718618,0.0077353814,0.08173973,0.38015625,0.42348596,0.07046392,-1.1882117,-1.3007144,-2.099015,0.25872028,1.7957624,1.9037005,0.11028082,efficientnet_b0,train,0,ml/checkpoints/oof/efficientnet_b0-oof_f0_best.pt
ISIC_0032979,5,nv,5,nv,0.05796683,0.015466336,0.0050784224,0.11236661,0.04440392,0.66469693,0.10002094,-2.4432318,-3.764437,-4.8781023,-1.7813361,-2.709775,-0.003771618,-1.8977233,efficientnet_b0,train,0,ml/checkpoints/oof/efficientnet_b0-oof_f0_best.pt
ISIC_0032996,5,nv,5,nv,0.05328066,0.032164235,0.0038897777,0.10829707,0.01707267,0.6965872,0.08870844,0.29682744,-0.20789063,-2.3203938,1.0061322,-0.8412669,2.8674471,0.80660915,efficientnet_b0,train,0,ml/checkpoints/oof/efficientnet_b0-oof_f0_best.pt
ISIC_0032998,5,nv,5,nv,0.023278281,0.01132431,0.0275144,0.08984192,0.06624854,0.7004245,0.08136802,-1.234486,-1.9550552,-1.0672972,0.11604507,-0.18859325,2.1696799,0.016975539,efficientnet_b0,train,0,ml/checkpoints/oof/efficientnet_b0-oof_f0_best.pt
ISIC_0033009,5,nv,5,nv,0.046812214,0.013098815,0.004876208,0.10596714,0.33601916,0.41778508,0.0754414,-0.18274805,-1.4563705,-2.4445243,0.6342369,1.788276,2.006075,0.29446384,efficientnet_b0,train,0,ml/checkpoints/oof/efficientnet_b0-oof_f0_best.pt
ISIC_0033012,1,bcc,1,bcc,0.0057931743,0.7390994,0.008359002,0.024940582,0.17063452,0.0008722678,0.050300974,-2.5963655,2.2523863,-2.229707,-1.1365498,0.7864779,-4.489705,-0.43502173,efficientnet_b0,train,0,ml/checkpoints/oof/efficientnet_b0-oof_f0_best.pt
ISIC_0033019,1,bcc,1,bcc,0.003850184,0.9363084,0.0027616578,0.023839584,0.0026818379,0.0024755942,0.028082855,-2.8679976,2.6258261,-3.2002873,-1.0447713,-3.2296164,-3.3096383,-0.8809595,efficientnet_b0,train,0,ml/checkpoints/oof/efficientnet_b0-oof_f0_best.pt
ISIC_0033023,4,mel,4,mel,0.002532176,0.002929864,0.00077937584,0.020434562,0.95590997,0.009758388,0.0076556555,-2.6099727,-2.4640958,-3.7883136,-0.5218242,3.323612,-1.2609243,-1.503607,efficientnet_b0,train,0,ml/checkpoints/oof/efficientnet_b0-oof_f0_best.pt
ISIC_0033029,4,mel,4,mel,0.06401789,0.054818876,0.029436203,0.19764432,0.41339985,0.17814378,0.06253911,-1.3305591,-1.4856871,-2.1074965,-0.2032526,0.5346936,-0.3071307,-1.3539295,efficientnet_b0,train,0,ml/checkpoints/oof/efficientnet_b0-oof_f0_best.pt
ISIC_0033032,5,nv,5,nv,0.015793225,0.010122644,0.00080075674,0.05953535,0.006345557,0.86798114,0.039421346,-0.7876646,-1.2324706,-3.7694433,0.5393248,-1.6994907,3.2189245,0.12706204,efficientnet_b0,train,0,ml/checkpoints/oof/efficientnet_b0-oof_f0_best.pt
ISIC_0033051,4,mel,3,df,0.014424803,0.14297614,0.012994896,0.34105456,0.19063987,0.09949139,0.19841836,-3.4072268,-1.1134983,-3.5116193,-0.24413358,-0.8257899,-1.476105,-0.7857983,efficientnet_b0,train,0,ml/checkpoints/oof/efficientnet_b0-oof_f0_best.pt
ISIC_0033061,4,mel,4,mel,0.008638415,0.04369719,0.0036387264,0.14194311,0.63423187,0.014230644,0.15362014,-3.184058,-1.5629934,-4.0486436,-0.38485068,1.1121376,-2.6848793,-0.30579415,efficientnet_b0,train,0,ml/checkpoints/oof/efficientnet_b0-oof_f0_best.pt
ISIC_0033067,5,nv,5,nv,0.03606628,0.010788582,0.018844051,0.121112466,0.07236276,0.6690863,0.07173952,-0.46863547,-1.6755055,-1.1177967,0.74272573,0.22769788,2.451919,0.21904778,efficientnet_b0,train,0,ml/checkpoints/oof/efficientnet_b0-oof_f0_best.pt
ISIC_0033076,5,nv,5,nv,0.027754389,0.059586857,0.0039225123,0.15817256,0.16610642,0.33849838,0.24595888,-2.5163898,-1.7523489,-4.4730515,-0.77609724,-0.7271552,-0.015264586,-0.33461952,efficientnet_b0,train,0,ml/checkpoints/oof/efficientnet_b0-oof_f0_best.pt
ISIC_0033082,5,nv,5,nv,0.011903498,0.02202896,0.0004273202,0.14308378,0.01320901,0.7559746,0.05337285,-1.5815905,-0.96606493,-4.9086447,0.90500736,-1.4775238,2.5695848,-0.08112068,efficientnet_b0,train,0,ml/checkpoints/oof/efficientnet_b0-oof_f0_best.pt
ISIC_0033095,5,nv,5,nv,0.035949945,0.0063996273,0.0067691496,0.07173425,0.028324202,0.7988534,0.051969405,-0.64278543,-2.3686733,-2.3125377,0.048055273,-0.8811964,2.4582644,-0.27425793,efficientnet_b0,train,0,ml/checkpoints/oof/efficientnet_b0-oof_f0_best.pt
ISIC_0033098,5,nv,5,nv,0.039848205,0.010226919,0.0027537195,0.12558475,0.053701553,0.69734216,0.07054269,-0.9282663,-2.28832,-3.600391,0.21963714,-0.62990165,1.9339325,-0.35712558,efficientnet_b0,train,0,ml/checkpoints/oof/efficientnet_b0-oof_f0_best.pt
ISIC_0033102,5,nv,5,nv,0.013204265,0.02450306,0.000558704,0.08158312,0.061224446,0.7545869,0.06433952,-1.438709,-0.8204508,-4.601384,0.38237357,0.09529787,2.6069217,0.1449253,efficientnet_b0,train,0,ml/checkpoints/oof/efficientnet_b0-oof_f0_best.pt
ISIC_0033116,5,nv,5,nv,0.024250256,0.008183587,0.0023875348,0.085277945,0.0055762497,0.8293682,0.044956267,-0.4400385,-1.5263349,-2.758204,0.8174504,-1.9099488,3.0921986,0.17722458,efficientnet_b0,train,0,ml/checkpoints/oof/efficientnet_b0-oof_f0_best.pt
ISIC_0033118,5,nv,2,bkl,0.021178313,0.04067504,0.5369605,0.1550763,0.02852699,0.112098835,0.10548404,-2.7669854,-2.1143486,0.46596134,-0.776046,-2.4691124,-1.1005822,-1.1614035,efficientnet_b0,train,0,ml/checkpoints/oof/efficientnet_b0-oof_f0_best.pt
ISIC_0033123,6,vasc,6,vasc,0.0020922383,0.0005856479,0.0005983583,0.004706154,0.00022123322,0.00090606837,0.9908903,-1.5163903,-2.7896614,-2.7681901,-0.70575374,-3.7631626,-2.3532653,4.643979,efficientnet_b0,train,0,ml/checkpoints/oof/efficientnet_b0-oof_f0_best.pt
ISIC_0033134,5,nv,5,nv,0.026337838,0.009970946,0.015625032,0.15004471,0.05145779,0.67206913,0.074494496,-1.5741094,-2.5454404,-2.0962417,0.16581728,-0.9043542,1.6652452,-0.5343908,efficientnet_b0,train,0,ml/checkpoints/oof/efficientnet_b0-oof_f0_best.pt
ISIC_0033152,4,mel,5,nv,0.033692952,0.02669196,0.010334505,0.10231421,0.11753477,0.64431936,0.06511225,-0.5648314,-0.7977576,-1.7466317,0.5459286,0.6846142,2.3860745,0.093992606,efficientnet_b0,train,0,ml/checkpoints/oof/efficientnet_b0-oof_f0_best.pt
ISIC_0033169,2,bkl,2,bkl,0.020776121,0.0034550708,0.8983687,0.024219232,0.0014537419,0.02088009,0.030847112,-0.33682224,-2.1307833,3.429954,-0.18347958,-2.9964857,-0.3318305,0.058416665,efficientnet_b0,train,0,ml/checkpoints/oof/efficientnet_b0-oof_f0_best.pt
ISIC_0033170,5,nv,5,nv,0.023543011,0.007302801,0.009356143,0.08228429,0.2231036,0.5811123,0.07329783,-1.5117877,-2.682359,-2.434584,-0.26043668,0.73701954,1.6943274,-0.3760858,efficientnet_b0,train,0,ml/checkpoints/oof/efficientnet_b0-oof_f0_best.pt
ISIC_0033172,5,nv,5,nv,0.034183152,0.029812848,0.0048680496,0.07852013,0.008667692,0.8094856,0.034462515,-0.5471584,-0.6839518,-2.4961982,0.28446376,-1.9192891,2.6175077,-0.53901917,efficientnet_b0,train,0,ml/checkpoints/oof/efficientnet_b0-oof_f0_best.pt
ISIC_0033184,2,bkl,1,bcc,0.057308752,0.33965534,0.2878759,0.11294517,0.069662414,0.055181503,0.07737084,-1.1952516,0.5842265,0.41882455,-0.5168025,-1.000044,-1.233077,-0.89509493,efficientnet_b0,train,0,ml/checkpoints/oof/efficientnet_b0-oof_f0_best.pt
ISIC_0033188,5,nv,5,nv,0.019545479,0.0091873,0.0051034032,0.10938088,0.15648036,0.64405763,0.05624491,-0.92102057,-1.6759423,-2.263857,0.8010716,1.159166,2.5740237,0.13595094,efficientnet_b0,train,0,ml/checkpoints/oof/efficientnet_b0-oof_f0_best.pt
ISIC_0033190,5,nv,5,nv,0.027377663,0.014807453,0.035177436,0.096225485,0.0026063782,0.75355977,0.07024579,-0.88100195,-1.4955988,-0.6303245,0.37596494,-3.2327678,2.434079,0.061270833,efficientnet_b0,train,0,ml/checkpoints/oof/efficientnet_b0-oof_f0_best.pt
ISIC_0033191,5,nv,5,nv,0.03323781,0.026894696,0.0044345744,0.08833386,0.007151899,0.7540747,0.085872486,-0.09628555,-0.3080446,-2.110542,0.8811497,-1.632596,3.0255177,0.8528897,efficientnet_b0,train,0,ml/checkpoints/oof/efficientnet_b0-oof_f0_best.pt
ISIC_0033222,5,nv,5,nv,0.14188606,0.040420137,0.103240326,0.13989425,0.21720396,0.27437243,0.08298281,-0.993029,-2.2487252,-1.3109938,-1.0071665,-0.5672165,-0.3335669,-1.5294199,efficientnet_b0,train,0,ml/checkpoints/oof/efficientnet_b0-oof_f0_best.pt
ISIC_0033258,4,mel,4,mel,0.0019215803,0.002979009,0.0009324726,0.034158673,0.91803396,0.030763222,0.0112110125,-3.5699158,-3.131473,-4.2929792,-0.692047,2.5991707,-0.7967439,-1.8061671,efficientnet_b0,train,0,ml/checkpoints/oof/efficientnet_b0-oof_f0_best.pt
ISIC_0033260,2,bkl,2,bkl,0.03580353,0.003926469,0.82934266,0.04429712,0.035421405,0.024448412,0.02676039,0.15050718,-2.0597985,3.2930942,0.3633803,0.13977686,-0.23097385,-0.14061636,efficientnet_b0,train,0,ml/checkpoints/oof/efficientnet_b0-oof_f0_best.pt
ISIC_0033262,2,bkl,2,bkl,0.007047555,0.0071000634,0.9418591,0.02301346,0.0004728552,0.01056723,0.009939788,-1.4271308,-1.4197081,3.468044,-0.24373238,-4.1287775,-1.022054,-1.0832661,efficientnet_b0,train,0,ml/checkpoints/oof/efficientnet_b0-oof_f0_best.pt
ISIC_0033265,5,nv,5,nv,0.023992365,0.015820313,0.0065781916,0.043757584,0.0075570536,0.8641083,0.03818609,-1.3437092,-1.7601501,-2.6376848,-0.74277997,-2.4989636,2.2402532,-0.8789736,efficientnet_b0,train,0,ml/checkpoints/oof/efficientnet_b0-oof_f0_best.pt
ISIC_0033269,4,mel,4,mel,0.011294673,0.040164016,0.0027706015,0.031784512,0.8886792,0.002805748,0.022501156,-2.0612628,-0.7926223,-3.4665291,-1.0266147,2.3041425,-3.453924,-1.3720272,efficientnet_b0,train,0,ml/checkpoints/oof/efficientnet_b0-oof_f0_best.pt
ISIC_0033272,4,mel,4,mel,0.011568348,0.003305714,0.0067964015,0.016778124,0.94877815,0.002483113,0.010290181,-1.4439569,-2.6965773,-1.9758365,-1.072154,2.9629452,-2.9827168,-1.5610394,efficientnet_b0,train,0,ml/checkpoints/oof/efficientnet_b0-oof_f0_best.pt
ISIC_0033273,5,nv,5,nv,0.11962481,0.03406423,0.03490518,0.11301018,0.13943689,0.45566463,0.10329406,-0.3312293,-1.5873417,-1.5629544,-0.3881116,-0.17797743,1.0061675,-0.47800973,efficientnet_b0,train,0,ml/checkpoints/oof/efficientnet_b0-oof_f0_best.pt
ISIC_0033275,4,mel,5,nv,0.047965378,0.010100768,0.002330795,0.08512504,0.13179776,0.6659787,0.05670159,-0.45465782,-2.0125256,-3.4789279,0.11898395,0.5561315,2.1761205,-0.287335,efficientnet_b0,train,0,ml/checkpoints/oof/efficientnet_b0-oof_f0_best.pt
ISIC_0033279,4,mel,4,mel,0.023727925,0.015737489,0.00447081,0.07950714,0.44397593,0.36758897,0.06499181,-0.86456805,-1.2751747,-2.5336514,0.3446262,2.0645497,1.8757447,0.14304066,efficientnet_b0,train,0,ml/checkpoints/oof/efficientnet_b0-oof_f0_best.pt
ISIC_0033282,5,nv,5,nv,0.034235515,0.020750314,0.0030299868,0.08268025,0.11224603,0.52131945,0.22573845,-1.219459,-1.7201612,-3.6441643,-0.33774182,-0.03202936,1.5036404,0.6666544,efficientnet_b0,train,0,ml/checkpoints/oof/efficientnet_b0-oof_f0_best.pt
ISIC_0033286,4,mel,4,mel,0.079936184,0.0067649367,0.006356749,0.014291048,0.8813937,0.0013678032,0.00988959,-0.61146855,-3.0809445,-3.1431804,-2.3330638,1.788807,-4.6794915,-2.7012146,efficientnet_b0,train,0,ml/checkpoints/oof/efficientnet_b0-oof_f0_best.pt
ISIC_0033289,5,nv,4,mel,0.03430735,0.04279642,0.07956589,0.12556306,0.34807608,0.28389946,0.08579169,-1.6710862,-1.4499912,-0.82986027,-0.37363768,0.64597535,0.4421745,-0.7545236,efficientnet_b0,train,0,ml/checkpoints/oof/efficientnet_b0-oof_f0_best.pt
ISIC_0033306,2,bkl,4,mel,0.041206922,0.016344255,0.28803694,0.08400675,0.5045796,0.005870964,0.059954636,-1.6262083,-2.550938,0.31827426,-0.91391736,0.87891114,-3.5747955,-1.2512262,efficientnet_b0,train,0,ml/checkpoints/oof/efficientnet_b0-oof_f0_best.pt
ISIC_0033321,2,bkl,4,mel,0.028408717,0.0047534537,0.2877706,0.11936601,0.5215301,0.0064711366,0.031700015,-1.1171875,-2.9050121,1.1982801,0.31831098,1.7928834,-2.5965319,-1.0075666,efficientnet_b0,train,0,ml/checkpoints/oof/efficientnet_b0-oof_f0_best.pt
ISIC_0033323,4,mel,5,nv,0.04033751,0.01861735,0.008438609,0.1181497,0.29003373,0.4452575,0.07916561,-2.051693,-2.8248808,-3.6161573,-0.9770223,-0.07897751,0.34967807,-1.3774328,efficientnet_b0,train,0,ml/checkpoints/oof/efficientnet_b0-oof_f0_best.pt
ISIC_0033326,5,nv,5,nv,0.030380785,0.020261236,0.0016853954,0.087099165,0.059695538,0.7452472,0.05563069,-0.6115834,-1.0166843,-3.5033934,0.4416534,0.063863605,2.5883222,-0.0066587366,efficientnet_b0,train,0,ml/checkpoints/oof/efficientnet_b0-oof_f0_best.pt
ISIC_0033334,5,nv,5,nv,0.024123328,0.011012493,0.0055745435,0.07916179,0.022433553,0.80284184,0.054852348,-0.44867888,-1.2328279,-1.9136479,0.7396355,-0.52130055,3.0562994,0.37278685,efficientnet_b0,train,0,ml/checkpoints/oof/efficientnet_b0-oof_f0_best.pt
ISIC_0033342,5,nv,5,nv,0.015893817,0.029312396,0.001712087,0.07416897,0.065511845,0.76370215,0.049698755,-2.9120471,-2.2999668,-5.140264,-1.3716315,-1.4957465,0.96020055,-1.7719975,efficientnet_b0,train,0,ml/checkpoints/oof/efficientnet_b0-oof_f0_best.pt
ISIC_0033354,1,bcc,1,bcc,0.00409317,0.92566985,0.0019191804,0.0142878685,0.042617984,0.00026415157,0.011147754,-2.3041687,3.117029,-3.0615904,-1.0540779,0.038787633,-5.044721,-1.3022507,efficientnet_b0,train,0,ml/checkpoints/oof/efficientnet_b0-oof_f0_best.pt
ISIC_0033355,5,nv,5,nv,0.03260966,0.018410722,0.005302303,0.09644618,0.0090585835,0.7842176,0.053954914,-0.3558533,-0.9275287,-2.1723206,0.7285233,-1.6367493,2.8242247,0.14768691,efficientnet_b0,train,0,ml/checkpoints/oof/efficientnet_b0-oof_f0_best.pt
ISIC_0033380,5,nv,5,nv,0.037577778,0.008022267,0.018237319,0.16266806,0.031997748,0.6945985,0.046898324,-0.6640747,-2.2082665,-1.3870176,0.80122423,-0.82482195,2.2528465,-0.4425057,efficientnet_b0,train,0,ml/checkpoints/oof/efficientnet_b0-oof_f0_best.pt
ISIC_0033384,5,nv,5,nv,0.033982333,0.01850977,0.0058454727,0.061780736,0.0037479016,0.8256034,0.05053044,-0.3145445,-0.92208654,-2.074718,0.28320646,-2.519189,2.8757293,0.08219071,efficientnet_b0,train,0,ml/checkpoints/oof/efficientnet_b0-oof_f0_best.pt
ISIC_0033388,5,nv,5,nv,0.06134237,0.015605637,0.02700508,0.11169709,0.06724277,0.6614091,0.055697978,-0.43971023,-1.8085488,-1.260156,0.15960974,-0.34787124,1.9381917,-0.5362369,efficientnet_b0,train,0,ml/checkpoints/oof/efficientnet_b0-oof_f0_best.pt
ISIC_0033393,4,mel,4,mel,0.0980927,0.012211115,0.0046749073,0.097781286,0.59617317,0.12643424,0.06463269,0.49585542,-1.587711,-2.5478485,0.4926757,2.3004737,0.7496648,0.078662805,efficientnet_b0,train,0,ml/checkpoints/oof/efficientnet_b0-oof_f0_best.pt
ISIC_0033395,5,nv,5,nv,0.03409289,0.014839944,0.009225038,0.08839705,0.013583219,0.77890474,0.060957104,-0.4793278,-1.311094,-1.786495,0.47342217,-1.3995814,2.6494722,0.10175399,efficientnet_b0,train,0,ml/checkpoints/oof/efficientnet_b0-oof_f0_best.pt
ISIC_0033400,2,bkl,2,bkl,0.06180762,0.0015656633,0.8417189,0.056968354,0.0011006183,0.0106387,0.026200067,-0.4667337,-4.142451,2.1446857,-0.5482645,-4.4948883,-2.2262623,-1.3249984,efficientnet_b0,train,0,ml/checkpoints/oof/efficientnet_b0-oof_f0_best.pt
ISIC_0033401,2,bkl,2,bkl,0.029126234,0.013364805,0.51907486,0.09611519,0.0047250334,0.26334366,0.07425024,-1.2809829,-2.0599973,1.599426,-0.087074704,-3.0997474,0.9208378,-0.34518096,efficientnet_b0,train,0,ml/checkpoints/oof/efficientnet_b0-oof_f0_best.pt
ISIC_0033410,2,bkl,1,bcc,0.014443936,0.45284307,0.43114093,0.06861394,0.0017729377,0.01071206,0.020473162,-2.1568577,1.2884132,1.2393025,-0.5986368,-4.2544947,-2.4557621,-1.8080175,efficientnet_b0,train,0,ml/checkpoints/oof/efficientnet_b0-oof_f0_best.pt
ISIC_0033413,0,akiec,0,akiec,0.99719834,0.00052433443,0.00022915499,0.0011385132,4.682712e-06,2.2195016e-05,0.0008827347,5.685723,-1.8648522,-2.6925838,-1.0895035,-6.5831046,-5.0271144,-1.3439573,efficientnet_b0,train,0,ml/checkpoints/oof/efficientnet_b0-oof_f0_best.pt
ISIC_0033416,4,mel,4,mel,0.027689112,0.017282708,0.013381796,0.09796914,0.49032524,0.3096879,0.043664053,-0.80356514,-1.274898,-1.5307093,0.46004796,2.0704644,1.6109605,-0.34807947,efficientnet_b0,train,0,ml/checkpoints/oof/efficientnet_b0-oof_f0_best.pt
ISIC_0033419,5,nv,5,nv,0.017114393,0.033224043,0.0016271911,0.05394187,0.0016279533,0.853614,0.038850598,-1.2003082,-0.5369542,-3.5533729,-0.052320927,-3.5529044,2.7092512,-0.38050446,efficientnet_b0,train,0,ml/checkpoints/oof/efficientnet_b0-oof_f0_best.pt
ISIC_0033425,5,nv,5,nv,0.012626906,0.012671713,0.008496496,0.08680414,0.3294229,0.4853628,0.06461504,-1.6292822,-1.6257399,-2.0254583,0.2985421,1.6322302,2.0197845,0.0033349972,efficientnet_b0,train,0,ml/checkpoints/oof/efficientnet_b0-oof_f0_best.pt
ISIC_0033426,4,mel,4,mel,0.008106792,0.0076092673,0.0009250983,0.015642233,0.95579225,0.0014601476,0.010464295,-1.1776277,-1.2409627,-3.348185,-0.52035505,3.5922108,-2.8917923,-0.9223611,efficientnet_b0,train,0,ml/checkpoints/oof/efficientnet_b0-oof_f0_best.pt
ISIC_0033429,4,mel,5,nv,0.04308353,0.01314739,0.0321018,0.106835745,0.32532153,0.41016832,0.06934165,-1.2894882,-2.4764056,-1.5837169,-0.38133645,0.732185,0.9639386,-0.8135833,efficientnet_b0,train,0,ml/checkpoints/oof/efficientnet_b0-oof_f0_best.pt
ISIC_0033442,5,nv,5,nv,0.034174994,0.025933249,0.0045035854,0.13612299,0.31382164,0.43603754,0.04940605,-0.62690264,-0.90287083,-2.653523,0.75516206,1.590428,1.9193316,-0.25832382,efficientnet_b0,train,0,ml/checkpoints/oof/efficientnet_b0-oof_f0_best.pt
ISIC_0033452,4,mel,4,mel,0.039795224,0.029269284,0.008540245,0.0891876,0.41021174,0.3489936,0.07400223,-0.4749657,-0.782174,-2.0139232,0.3320293,1.8579608,1.6963409,0.14538248,efficientnet_b0,train,0,ml/checkpoints/oof/efficientnet_b0-oof_f0_best.pt
ISIC_0033456,0,akiec,0,akiec,0.9953635,0.00021177226,0.00024144015,0.0032396412,8.766861e-05,2.9309685e-05,0.000826534,4.851791,-3.603561,-3.472451,-0.87585455,-4.485508,-5.581154,-2.2418313,efficientnet_b0,train,0,ml/checkpoints/oof/efficientnet_b0-oof_f0_best.pt
ISIC_0033457,5,nv,5,nv,0.03790101,0.006477026,0.2955638,0.09810543,0.05476931,0.42859793,0.07858552,-1.3231615,-3.089878,0.7307452,-0.3720968,-0.95500946,1.1023798,-0.5939519,efficientnet_b0,train,0,ml/checkpoints/oof/efficientnet_b0-oof_f0_best.pt
ISIC_0033461,5,nv,5,nv,0.04478248,0.013272808,0.0093936715,0.12399092,0.06945314,0.6278783,0.11122865,-0.6646872,-1.8807867,-2.2264678,0.35370412,-0.2258518,1.9758421,0.24508369,efficientnet_b0,train,0,ml/checkpoints/oof/efficientnet_b0-oof_f0_best.pt
ISIC_0033462,5,nv,5,nv,0.024933806,0.02044141,0.04678601,0.08361408,0.0184592,0.6569565,0.14880899,-1.0931485,-1.2918104,-0.46378863,0.11683886,-1.39381,2.1782448,0.6932906,efficientnet_b0,train,0,ml/checkpoints/oof/efficientnet_b0-oof_f0_best.pt
ISIC_0033468,1,bcc,1,bcc,0.032642107,0.7571282,0.016647894,0.03344006,0.1276022,0.00051353587,0.032026067,-1.7598541,1.3840755,-2.4331734,-1.7357024,-0.3965394,-5.9118924,-1.778907,efficientnet_b0,train,0,ml/checkpoints/oof/efficientnet_b0-oof_f0_best.pt
ISIC_0033469,4,mel,4,mel,0.107481934,0.0018203659,0.012561399,0.09006016,0.72342104,0.03776163,0.026893483,-1.0690522,-5.1473374,-3.2157462,-1.245897,0.83761644,-2.1150815,-2.454491,efficientnet_b0,train,0,ml/checkpoints/oof/efficientnet_b0-oof_f0_best.pt
ISIC_0033472,5,nv,4,mel,0.0111033395,0.08152006,0.005108654,0.13378169,0.3875576,0.2867978,0.09413086,-2.7353678,-0.74176455,-3.5116775,-0.24640442,0.81725085,0.51616377,-0.59792775,efficientnet_b0,train,0,ml/checkpoints/oof/efficientnet_b0-oof_f0_best.pt
ISIC_0033474,5,nv,5,nv,0.019155487,0.024896177,0.004547231,0.07455951,0.05239467,0.77612364,0.048323326,-1.2396544,-0.9775295,-2.6777256,0.11935365,-0.23343897,2.462068,-0.3143294,efficientnet_b0,train,0,ml/checkpoints/oof/efficientnet_b0-oof_f0_best.pt
ISIC_0033489,5,nv,5,nv,0.04254838,0.021637786,0.0101164365,0.08225758,0.30866987,0.45087,0.08389995,-0.56988895,-1.2460895,-2.0063694,0.08932481,1.4117415,1.7906483,0.10909421,efficientnet_b0,train,0,ml/checkpoints/oof/efficientnet_b0-oof_f0_best.pt
ISIC_0033494,0,akiec,0,akiec,0.9954299,0.0005738812,0.00024215637,0.0018886992,7.289404e-05,0.00019355002,0.00159896,4.9708686,-2.487639,-3.350478,-1.2964177,-4.551055,-3.5745254,-1.4629525,efficientnet_b0,train,0,ml/checkpoints/oof/efficientnet_b0-oof_f0_best.pt
ISIC_0033497,5,nv,5,nv,0.029933909,0.039433885,0.007818728,0.13447481,0.011137957,0.7120591,0.06514163,-0.67742884,-0.40179542,-2.0198991,0.8249559,-1.6660622,2.49174,0.10014304,efficientnet_b0,train,0,ml/checkpoints/oof/efficientnet_b0-oof_f0_best.pt
ISIC_0033499,1,bcc,1,bcc,0.2954699,0.5781141,0.07285558,0.03100183,0.0031788982,0.0006969434,0.01868275,1.304808,1.9760122,-0.095280044,-0.9497128,-3.227224,-4.74481,-1.4561584,efficientnet_b0,train,0,ml/checkpoints/oof/efficientnet_b0-oof_f0_best.pt
ISIC_0033510,5,nv,5,nv,0.028443355,0.07855953,0.022998923,0.20693977,0.17711988,0.4174518,0.068486735,-2.0061305,-0.99018836,-2.2185977,-0.021617256,-0.17721827,0.68012404,-1.1274049,efficientnet_b0,train,0,ml/checkpoints/oof/efficientnet_b0-oof_f0_best.pt
ISIC_0033553,2,bkl,2,bkl,0.036272775,0.019079566,0.6831945,0.058325954,0.0032378272,0.13615721,0.06373211,-0.58582526,-1.2282747,2.349887,-0.11084547,-3.0019903,0.73691744,-0.022204148,efficientnet_b0,train,0,ml/checkpoints/oof/efficientnet_b0-oof_f0_best.pt
ISIC_0033563,5,nv,5,nv,0.025854552,0.009871354,0.0027597419,0.07304044,0.009096728,0.82211256,0.05726463,-0.4042606,-1.3671103,-2.6416104,0.6342659,-1.4488324,3.05513,0.39093596,efficientnet_b0,train,0,ml/checkpoints/oof/efficientnet_b0-oof_f0_best.pt
ISIC_0033565,6,vasc,6,vasc,0.0011269072,0.0010430759,0.0004979629,0.009399702,0.00041381628,0.0017451774,0.9857734,-2.8368092,-2.9141116,-3.6535153,-0.71560776,-3.8386192,-2.3994296,3.9371407,efficientnet_b0,train,0,ml/checkpoints/oof/efficientnet_b0-oof_f0_best.pt
ISIC_0033566,5,nv,2,bkl,0.16199978,0.057326306,0.47849435,0.0721153,0.0049849767,0.104439616,0.120639615,-0.2574324,-1.2962679,0.825617,-1.066761,-3.7385988,-0.6964184,-0.5522196,efficientnet_b0,train,0,ml/checkpoints/oof/efficientnet_b0-oof_f0_best.pt
ISIC_0033567,5,nv,5,nv,0.023021925,0.019277005,0.0009354721,0.14304996,0.0061349496,0.77085686,0.03672382,-0.95487267,-1.1324067,-4.158024,0.87187433,-2.2773178,2.556183,-0.4878941,efficientnet_b0,train,0,ml/checkpoints/oof/efficientnet_b0-oof_f0_best.pt
ISIC_0033584,5,nv,5,nv,0.008260214,0.01980955,0.06073764,0.087976135,0.019465161,0.7599614,0.043789808,-2.6316202,-1.7569067,-0.6365073,-0.26600525,-1.7744446,1.8901968,-0.9636699,efficientnet_b0,train,0,ml/checkpoints/oof/efficientnet_b0-oof_f0_best.pt
ISIC_0033597,5,nv,5,nv,0.03713189,0.027665202,0.009136986,0.073516816,0.0053966395,0.7790833,0.068069145,-0.20475349,-0.49905428,-1.606899,0.4782847,-2.1334534,2.8388884,0.40129435,efficientnet_b0,train,0,ml/checkpoints/oof/efficientnet_b0-oof_f0_best.pt
ISIC_0033599,5,nv,6,vasc,0.007960693,0.02246846,0.00066658075,0.16468084,0.2621071,0.10430114,0.43781522,-3.9771821,-2.9395857,-6.4572926,-0.9476892,-0.48294514,-1.4044161,0.030098582,efficientnet_b0,train,0,ml/checkpoints/oof/efficientnet_b0-oof_f0_best.pt
ISIC_0033605,5,nv,5,nv,0.03530075,0.021365562,0.006571595,0.084949605,0.033094335,0.7490222,0.069696,-0.20170186,-0.7038258,-1.8828495,0.6764521,-0.26624388,2.8531625,0.47853675,efficientnet_b0,train,0,ml/checkpoints/oof/efficientnet_b0-oof_f0_best.pt
ISIC_0033609,1,bcc,1,bcc,0.006799819,0.9176671,0.012309365,0.01902442,0.0140613895,0.0011926106,0.028945182,-2.1980312,2.7069077,-1.6045665,-1.1692035,-1.471494,-3.938782,-0.7495232,efficientnet_b0,train,0,ml/checkpoints/oof/efficientnet_b0-oof_f0_best.pt
ISIC_0033614,5,nv,5,nv,0.049978483,0.028394138,0.0041404883,0.0698534,0.044580005,0.743203,0.059850436,0.0021771006,-0.56323296,-2.488602,0.3369831,-0.11213018,2.7015536,0.18243323,efficientnet_b0,train,0,ml/checkpoints/oof/efficientnet_b0-oof_f0_best.pt
ISIC_0033620,2,bkl,5,nv,0.034371044,0.023314154,0.026673838,0.08144963,0.004043425,0.78334814,0.04679979,-0.28445187,-0.6726058,-0.5379832,0.5783184,-2.4245741,2.8419108,0.024212329,efficientnet_b0,train,0,ml/checkpoints/oof/efficientnet_b0-oof_f0_best.pt
ISIC_0033628,5,nv,5,nv,0.02340614,0.02906333,0.007577354,0.094271444,0.011263898,0.78002024,0.054397672,-0.53037155,-0.31389275,-1.658206,0.8628082,-1.2617675,2.9759498,0.31295133,efficientnet_b0,train,0,ml/checkpoints/oof/efficientnet_b0-oof_f0_best.pt
ISIC_0033631,2,bkl,2,bkl,0.017711898,0.0019303117,0.951292,0.015882498,0.0014140393,0.0021362458,0.009633039,-0.24938762,-2.4659429,3.7341967,-0.35840645,-2.777174,-2.3645742,-0.85842574,efficientnet_b0,train,0,ml/checkpoints/oof/efficientnet_b0-oof_f0_best.pt
ISIC_0033633,5,nv,4,mel,0.016699294,0.0064379973,0.013894466,0.06043797,0.7271092,0.12376623,0.051654782,-1.6845601,-2.637709,-1.8684359,-0.39830896,2.0891502,0.31846803,-0.55534357,efficientnet_b0,train,0,ml/checkpoints/oof/efficientnet_b0-oof_f0_best.pt
ISIC_0033634,5,nv,5,nv,0.14998525,0.0055276495,0.007869872,0.0725358,0.015015789,0.70449144,0.04457413,0.11750025,-3.1832743,-2.8299947,-0.6089566,-2.1839345,1.6644394,-1.0958831,efficientnet_b0,train,0,ml/checkpoints/oof/efficientnet_b0-oof_f0_best.pt
ISIC_0033637,5,nv,2,bkl,0.10727939,0.031918347,0.56567436,0.05772842,0.003932091,0.13602425,0.097443074,0.042947665,-1.169308,1.7055297,-0.57673925,-3.2633178,0.2803443,-0.053220473,efficientnet_b0,train,0,ml/checkpoints/oof/efficientnet_b0-oof_f0_best.pt
ISIC_0033643,4,mel,5,nv,0.010356541,0.0492011,0.009850064,0.12549858,0.2174462,0.5361407,0.051506784,-2.215859,-0.6575612,-2.2659993,0.27881724,0.82847416,1.7309194,-0.61176366,efficientnet_b0,train,0,ml/checkpoints/oof/efficientnet_b0-oof_f0_best.pt
ISIC_0033669,5,nv,5,nv,0.017106215,0.03292048,0.008654898,0.10382395,0.011285429,0.7625548,0.063654214,-1.5453131,-0.89066017,-2.2266293,0.25794184,-1.9612426,2.2519195,-0.23128945,efficientnet_b0,train,0,ml/checkpoints/oof/efficientnet_b0-oof_f0_best.pt
ISIC_0033674,5,nv,5,nv,0.020762315,0.0056156646,0.010820705,0.11543612,0.30411282,0.48245016,0.060802214,-1.976244,-3.2838237,-2.627922,-0.26066622,0.7080152,1.169494,-0.9017575,efficientnet_b0,train,0,ml/checkpoints/oof/efficientnet_b0-oof_f0_best.pt
ISIC_0033677,2,bkl,2,bkl,0.025219595,0.0026543892,0.802688,0.10730309,0.0021692559,0.017705873,0.042259753,-1.3651547,-3.6165614,2.09519,0.08288153,-3.8183918,-1.7188797,-0.8489408,efficientnet_b0,train,0,ml/checkpoints/oof/efficientnet_b0-oof_f0_best.pt
ISIC_0033699,5,nv,5,nv,0.023564372,0.010938552,0.0024655722,0.07301301,0.038650665,0.80079126,0.050576605,-0.4434335,-1.2108759,-2.7007453,0.6874682,0.051394343,3.0824308,0.32031953,efficientnet_b0,train,0,ml/checkpoints/oof/efficientnet_b0-oof_f0_best.pt
ISIC_0033702,5,nv,5,nv,0.042795796,0.019790348,0.0038900347,0.11209855,0.035707124,0.6942043,0.09151385,0.1617561,-0.60948944,-2.236266,1.1246946,-0.019333519,2.9480824,0.9218066,efficientnet_b0,train,0,ml/checkpoints/oof/efficientnet_b0-oof_f0_best.pt
ISIC_0033709,2,bkl,2,bkl,0.028853795,0.02977963,0.788375,0.049910847,0.04699658,0.01547191,0.040612265,-1.7392526,-1.7076696,1.5684798,-1.1912558,-1.2514192,-2.362468,-1.397424,efficientnet_b0,train,0,ml/checkpoints/oof/efficientnet_b0-oof_f0_best.pt
ISIC_0033722,2,bkl,5,nv,0.020956473,0.02832648,0.2247527,0.10845647,0.00253402,0.51250774,0.10246611,-1.3875369,-1.0861876,0.9850161,0.25636432,-3.5001776,1.8093313,0.19954753,efficientnet_b0,train,0,ml/checkpoints/oof/efficientnet_b0-oof_f0_best.pt
ISIC_0033731,5,nv,5,nv,0.047018953,0.010733283,0.05085408,0.06969387,0.028981924,0.70870656,0.08401129,-0.51544803,-1.9926493,-0.43703836,-0.12188647,-0.99932647,2.1974428,0.06495241,efficientnet_b0,train,0,ml/checkpoints/oof/efficientnet_b0-oof_f0_best.pt
ISIC_0033732,2,bkl,2,bkl,0.0359935,0.004911296,0.8668428,0.025836525,0.020813018,0.022754781,0.022848036,-0.002368087,-1.9941683,3.1791513,-0.33391717,-0.55012774,-0.46093112,-0.45684114,efficientnet_b0,train,0,ml/checkpoints/oof/efficientnet_b0-oof_f0_best.pt
ISIC_0033737,5,nv,5,nv,0.030262712,0.029211532,0.0120478105,0.090856254,0.10883579,0.6654921,0.06329379,-0.81541336,-0.8507659,-1.7364467,0.28394908,0.4645107,2.2751973,-0.07754227,efficientnet_b0,train,0,ml/checkpoints/oof/efficientnet_b0-oof_f0_best.pt
ISIC_0033739,5,nv,5,nv,0.00921095,0.21233521,0.044968978,0.11687678,0.051488113,0.49810788,0.06701206,-3.125123,0.012650233,-1.5395432,-0.5843957,-1.404165,0.8653007,-1.1406432,efficientnet_b0,train,0,ml/checkpoints/oof/efficientnet_b0-oof_f0_best.pt
ISIC_0033756,5,nv,5,nv,0.02142372,0.0114109665,0.0077198283,0.08625858,0.06177855,0.7481836,0.06322471,-0.8420009,-1.4719249,-1.8627076,0.5508498,0.21705648,2.7111487,0.24019548,efficientnet_b0,train,0,ml/checkpoints/oof/efficientnet_b0-oof_f0_best.pt
ISIC_0033764,5,nv,4,mel,0.13733265,0.028587712,0.032121703,0.21332112,0.38564846,0.16083916,0.04214926,-1.5080476,-3.0774767,-2.9609218,-1.067655,-0.47552744,-1.3500488,-2.6892366,efficientnet_b0,train,0,ml/checkpoints/oof/efficientnet_b0-oof_f0_best.pt
ISIC_0033785,2,bkl,2,bkl,0.031065028,0.22271505,0.5562626,0.1373607,0.007558186,0.018906463,0.026131999,-2.2466602,-0.27684978,0.63849753,-0.7601326,-3.660112,-2.7432392,-2.4195824,efficientnet_b0,train,0,ml/checkpoints/oof/efficientnet_b0-oof_f0_best.pt
ISIC_0033787,5,nv,4,mel,0.007978909,0.043905057,0.01707942,0.09340562,0.36704695,0.19712377,0.27346027,-3.7483294,-2.0431015,-2.9872568,-1.2881795,0.08035879,-0.54129916,-0.21397465,efficientnet_b0,train,0,ml/checkpoints/oof/efficientnet_b0-oof_f0_best.pt
ISIC_0033788,5,nv,5,nv,0.04112398,0.004794264,0.05011414,0.15097013,0.17361622,0.38751468,0.19186655,-2.6008418,-4.750013,-2.4031298,-1.3003511,-1.160586,-0.35767943,-1.0606331,efficientnet_b0,train,0,ml/checkpoints/oof/efficientnet_b0-oof_f0_best.pt
ISIC_0033789,5,nv,5,nv,0.013143196,0.024989901,0.0023280904,0.056416985,0.021668382,0.8332268,0.048226718,-1.1666754,-0.524108,-2.8975313,0.29019046,-0.66672564,2.982726,0.13333334,efficientnet_b0,train,0,ml/checkpoints/oof/efficientnet_b0-oof_f0_best.pt
ISIC_0033802,4,mel,4,mel,0.041646637,0.008204105,0.016403368,0.083178796,0.58903587,0.20633735,0.055193815,-0.8625696,-2.4871554,-1.7943034,-0.17079772,1.7866969,0.7377223,-0.58093935,efficientnet_b0,train,0,ml/checkpoints/oof/efficientnet_b0-oof_f0_best.pt
ISIC_0033809,5,nv,5,nv,0.0430282,0.023366014,0.02373143,0.06584091,0.017360644,0.76482224,0.061850555,0.07157744,-0.53899544,-0.5234777,0.49696332,-0.8360723,2.9493654,0.43444294,efficientnet_b0,train,0,ml/checkpoints/oof/efficientnet_b0-oof_f0_best.pt
ISIC_0033827,5,nv,5,nv,0.020474374,0.020174762,0.0065542194,0.2005149,0.0026740998,0.7154444,0.034163352,-1.3054509,-1.3201926,-2.444516,0.9762636,-3.3410122,2.2482789,-0.7934717,efficientnet_b0,train,0,ml/checkpoints/oof/efficientnet_b0-oof_f0_best.pt
ISIC_0033841,5,nv,5,nv,0.040433545,0.015375679,0.007356725,0.08027863,0.018134099,0.7814568,0.056964397,-0.11538393,-1.0822567,-1.8194287,0.57045984,-0.91724956,2.8461163,0.22738299,efficientnet_b0,train,0,ml/checkpoints/oof/efficientnet_b0-oof_f0_best.pt
ISIC_0033844,6,vasc,6,vasc,0.028446142,0.0023021281,0.007356917,0.04127222,0.0136077935,0.022573467,0.8844414,-0.37684575,-2.8910244,-1.729217,-0.0046688104,-1.1142154,-0.608083,3.060098,efficientnet_b0,train,0,ml/checkpoints/oof/efficientnet_b0-oof_f0_best.pt
ISIC_0033848,4,mel,4,mel,0.008655901,0.0028815067,0.0017100455,0.041373666,0.9121822,0.016771903,0.016424714,-1.0871434,-2.1870713,-2.7088647,0.47726005,3.5704553,-0.42567933,-0.4465974,efficientnet_b0,train,0,ml/checkpoints/oof/efficientnet_b0-oof_f0_best.pt
ISIC_0033849,5,nv,5,nv,0.08899385,0.02305116,0.029508734,0.14590442,0.042342357,0.61010003,0.060099553,-1.0023624,-2.3532135,-2.1062434,-0.5079779,-1.7451416,0.9226933,-1.3949273,efficientnet_b0,train,0,ml/checkpoints/oof/efficientnet_b0-oof_f0_best.pt
ISIC_0033850,5,nv,5,nv,0.020761343,0.059372067,0.13249823,0.16151224,0.022655277,0.524099,0.07910185,-1.9699925,-0.91926134,-0.11651591,0.081495665,-1.8826923,1.2585953,-0.6323489,efficientnet_b0,train,0,ml/checkpoints/oof/efficientnet_b0-oof_f0_best.pt
ISIC_0033851,5,nv,5,nv,0.031702325,0.0067329872,0.0025322563,0.052332718,0.007998983,0.85938025,0.039320413,-0.45312625,-2.0024974,-2.9804053,0.04810538,-1.8302016,2.8466952,-0.23777252,efficientnet_b0,train,0,ml/checkpoints/oof/efficientnet_b0-oof_f0_best.pt
ISIC_0033873,5,nv,5,nv,0.022067279,0.026011076,0.039472762,0.07771123,0.024750266,0.74850005,0.061487302,-1.3900617,-1.225635,-0.80854654,-0.13115753,-1.2753211,2.1339138,-0.36532697,efficientnet_b0,train,0,ml/checkpoints/oof/efficientnet_b0-oof_f0_best.pt
ISIC_0033885,4,mel,4,mel,0.045995668,0.031927466,0.33732972,0.13051462,0.33950955,0.027925286,0.086797714,-1.5117214,-1.8768017,0.48079234,-0.4687832,0.48723355,-2.0107358,-0.8766882,efficientnet_b0,train,0,ml/checkpoints/oof/efficientnet_b0-oof_f0_best.pt
ISIC_0033904,5,nv,5,nv,0.04390309,0.030959211,0.049886476,0.058390927,0.005822272,0.73201835,0.07901971,-1.1537143,-1.5030285,-1.0259491,-0.8685383,-3.1740081,1.6601067,-0.5660017,efficientnet_b0,train,0,ml/checkpoints/oof/efficientnet_b0-oof_f0_best.pt
ISIC_0033915,5,nv,5,nv,0.02365957,0.013466467,0.005224405,0.0696151,0.049148604,0.7930606,0.045825247,-0.9937107,-1.5572757,-2.5041375,0.08550312,-0.26263008,2.5184212,-0.3326433,efficientnet_b0,train,0,ml/checkpoints/oof/efficientnet_b0-oof_f0_best.pt
ISIC_0033932,5,nv,5,nv,0.020169389,0.024022892,0.00872345,0.09981454,0.102096155,0.66666335,0.07851027,-1.1988156,-1.0239743,-2.036967,0.40033218,0.4229335,2.2993035,0.16024792,efficientnet_b0,train,0,ml/checkpoints/oof/efficientnet_b0-oof_f0_best.pt
ISIC_0033934,5,nv,4,mel,0.26835173,0.014065237,0.12632628,0.13482846,0.32545233,0.09552308,0.035452884,-0.2721351,-3.2207274,-1.0255656,-0.9604303,-0.079217695,-1.3050658,-2.2962291,efficientnet_b0,train,0,ml/checkpoints/oof/efficientnet_b0-oof_f0_best.pt
ISIC_0033938,4,mel,4,mel,0.039504893,0.018087994,0.0064983806,0.11673109,0.38163975,0.35912374,0.07841419,-0.5984719,-1.3796477,-2.4033432,0.48497662,1.6695808,1.6087707,0.08710856,efficientnet_b0,train,0,ml/checkpoints/oof/efficientnet_b0-oof_f0_best.pt
ISIC_0033952,2,bkl,4,mel,0.046457734,0.0014557538,0.08756409,0.043596495,0.78572977,0.010557763,0.024638446,-0.437269,-3.9002879,0.19655885,-0.50083524,2.390801,-1.9189507,-1.0715039,efficientnet_b0,train,0,ml/checkpoints/oof/efficientnet_b0-oof_f0_best.pt
ISIC_0033957,4,mel,4,mel,0.03807437,0.0046808976,0.0022119642,0.05691275,0.78142184,0.07286981,0.043828294,0.1610477,-1.9350039,-2.684613,0.56302565,3.1826215,0.8101807,0.301786,efficientnet_b0,train,0,ml/checkpoints/oof/efficientnet_b0-oof_f0_best.pt
ISIC_0033961,5,nv,5,nv,0.0379496,0.022012869,0.004321685,0.09375932,0.02375797,0.75456464,0.06363391,0.0008386001,-0.5437932,-2.1717749,0.9053107,-0.46750236,2.9907205,0.5177263,efficientnet_b0,train,0,ml/checkpoints/oof/efficientnet_b0-oof_f0_best.pt
ISIC_0033965,5,nv,5,nv,0.009830455,0.015605789,0.0052192775,0.026834726,0.0024386232,0.9115382,0.028532915,-1.0947026,-0.6325458,-1.7278291,-0.09049096,-2.4887543,3.4349456,-0.029129496,efficientnet_b0,train,0,ml/checkpoints/oof/efficientnet_b0-oof_f0_best.pt
ISIC_0033966,5,nv,5,nv,0.02642952,0.01883487,0.118013725,0.09729461,0.06639407,0.60621905,0.06681413,-1.075108,-1.4138798,0.42121124,0.22815393,-0.15398195,2.0576518,-0.14767501,efficientnet_b0,train,0,ml/checkpoints/oof/efficientnet_b0-oof_f0_best.pt
ISIC_0033967,4,mel,6,vasc,0.01967923,0.06961684,0.012941492,0.109022066,0.07299072,0.06343292,0.65231675,-2.0834455,-0.8200028,-2.5025706,-0.37145907,-0.77267706,-0.9130262,1.417521,efficientnet_b0,train,0,ml/checkpoints/oof/efficientnet_b0-oof_f0_best.pt
ISIC_0033982,5,nv,5,nv,0.02195441,0.0080020875,0.002018304,0.10981179,0.09918179,0.71159244,0.047439203,-0.79103994,-1.8003056,-3.1777506,0.81875986,0.7169465,2.6874974,-0.020558966,efficientnet_b0,train,0,ml/checkpoints/oof/efficientnet_b0-oof_f0_best.pt
ISIC_0033987,2,bkl,2,bkl,0.01907437,0.0033902754,0.92264664,0.030894712,0.0008865198,0.004906833,0.018200692,-0.23913029,-1.9665645,3.6397705,0.2431093,-3.3079276,-1.5968472,-0.2860162,efficientnet_b0,train,0,ml/checkpoints/oof/efficientnet_b0-oof_f0_best.pt
ISIC_0033990,5,nv,5,nv,0.023152899,0.048089147,0.032226343,0.13090177,0.23836593,0.47118023,0.056083627,-2.028322,-1.2973855,-1.6976577,-0.29599467,0.30336508,0.9847987,-1.1435981,efficientnet_b0,train,0,ml/checkpoints/oof/efficientnet_b0-oof_f0_best.pt
ISIC_0034001,5,nv,4,mel,0.019920053,0.006711702,0.0076671056,0.08504152,0.8478409,0.011859863,0.020958902,-1.13426,-2.2221344,-2.0890477,0.31715268,2.6167061,-1.6528269,-1.0834234,efficientnet_b0,train,0,ml/checkpoints/oof/efficientnet_b0-oof_f0_best.pt
ISIC_0034036,4,mel,4,mel,0.030710436,0.012518767,0.0017253365,0.07383519,0.77248603,0.07694017,0.031783983,-0.73980856,-1.6371825,-3.618989,0.13742422,2.4852028,0.178617,-0.70544857,efficientnet_b0,train,0,ml/checkpoints/oof/efficientnet_b0-oof_f0_best.pt
ISIC_0034067,5,nv,5,nv,0.065627374,0.024954714,0.010143585,0.12889569,0.027315516,0.67435044,0.06871268,-0.34883997,-1.3157701,-2.2159913,0.3261706,-1.2253778,1.9809171,-0.30289903,efficientnet_b0,train,0,ml/checkpoints/oof/efficientnet_b0-oof_f0_best.pt
ISIC_0034070,2,bkl,2,bkl,0.015286679,0.21872345,0.54856145,0.070900254,0.032750305,0.055607278,0.058170483,-2.899891,-0.23906472,0.6804265,-1.3655987,-2.1379604,-1.6085587,-1.5634948,efficientnet_b0,train,0,ml/checkpoints/oof/efficientnet_b0-oof_f0_best.pt
ISIC_0034084,5,nv,5,nv,0.06444959,0.0348658,0.01204549,0.07512585,0.16323173,0.57062435,0.07965724,-1.0562711,-1.6706481,-2.7334645,-0.90299004,-0.12698379,1.1245764,-0.84442174,efficientnet_b0,train,0,ml/checkpoints/oof/efficientnet_b0-oof_f0_best.pt
ISIC_0034090,5,nv,1,bcc,0.029986806,0.77781826,0.0058475197,0.09790155,0.032479525,0.02399798,0.03196843,-1.451214,1.8045216,-3.0859537,-0.2680089,-1.3713615,-1.6740018,-1.3872225,efficientnet_b0,train,0,ml/checkpoints/oof/efficientnet_b0-oof_f0_best.pt
ISIC_0034093,1,bcc,1,bcc,0.014085441,0.87357,0.006664932,0.03204351,0.009426183,0.03368121,0.030528734,-2.392107,1.7353396,-3.140389,-1.570154,-2.7937574,-1.5203086,-1.6185805,efficientnet_b0,train,0,ml/checkpoints/oof/efficientnet_b0-oof_f0_best.pt
ISIC_0034098,5,nv,5,nv,0.019128947,0.0141207045,0.0012902176,0.12552446,0.0058331713,0.7965632,0.037539277,-1.0119727,-1.315533,-3.7083645,0.8693253,-2.1996145,2.7171311,-0.33778757,efficientnet_b0,train,0,ml/checkpoints/oof/efficientnet_b0-oof_f0_best.pt
ISIC_0034141,4,mel,4,mel,0.078551084,0.03375835,0.057004068,0.08698186,0.39641342,0.29737493,0.049916282,-1.3618038,-2.2063253,-1.6824303,-1.2598532,0.2569047,-0.030559286,-1.8152058,efficientnet_b0,train,0,ml/checkpoints/oof/efficientnet_b0-oof_f0_best.pt
ISIC_0034152,5,nv,5,nv,0.0048642554,0.1393869,0.024771022,0.10199748,0.017221887,0.6447162,0.06704227,-3.6364667,-0.28112662,-2.0087059,-0.59343207,-2.3721993,1.25043,-1.013057,efficientnet_b0,train,0,ml/checkpoints/oof/efficientnet_b0-oof_f0_best.pt
ISIC_0034172,4,mel,4,mel,0.028363943,0.014057023,0.0020865027,0.12687576,0.5118999,0.25585794,0.06085893,-0.5919182,-1.2939149,-3.2015474,0.90617144,2.3010921,1.6075854,0.17152178,efficientnet_b0,train,0,ml/checkpoints/oof/efficientnet_b0-oof_f0_best.pt
ISIC_0034176,5,nv,2,bkl,0.099975444,0.023674123,0.26264313,0.15287185,0.011937999,0.21962252,0.22927494,-1.9886059,-3.4291477,-1.0227343,-1.5639305,-4.113804,-1.2016202,-1.1586086,efficientnet_b0,train,0,ml/checkpoints/oof/efficientnet_b0-oof_f0_best.pt
ISIC_0034189,2,bkl,4,mel,0.029017102,0.013438338,0.13357688,0.058677502,0.7007517,0.008853703,0.055684693,-1.5882148,-2.3579884,-0.06142297,-0.88404393,1.5960535,-2.7752645,-0.9363948,efficientnet_b0,train,0,ml/checkpoints/oof/efficientnet_b0-oof_f0_best.pt
ISIC_0034199,5,nv,4,mel,0.023260942,0.0075199893,0.009918457,0.10984653,0.5158828,0.23140936,0.10216193,-1.7988293,-2.9280405,-2.651208,-0.24652083,1.3002745,0.49858314,-0.319046,efficientnet_b0,train,0,ml/checkpoints/oof/efficientnet_b0-oof_f0_best.pt
ISIC_0034212,5,nv,5,nv,0.06830695,0.021446679,0.010476242,0.086540364,0.20884086,0.5202405,0.08414843,-0.27274355,-1.4311852,-2.147645,-0.036143962,0.8448175,1.7575362,-0.0641727,efficientnet_b0,train,0,ml/checkpoints/oof/efficientnet_b0-oof_f0_best.pt
ISIC_0034216,4,mel,4,mel,0.021616625,0.044484325,0.0043932013,0.103839666,0.549595,0.22473659,0.051334646,-1.8705332,-1.1488589,-3.463938,-0.301148,1.3651857,0.47093302,-1.0056301,efficientnet_b0,train,0,ml/checkpoints/oof/efficientnet_b0-oof_f0_best.pt
ISIC_0034220,5,nv,4,mel,0.02164407,0.019875912,0.008097043,0.09181749,0.47682804,0.32180852,0.059928827,-0.740436,-0.8256591,-1.7236687,0.7046351,2.3519883,1.9587891,0.27799016,efficientnet_b0,train,0,ml/checkpoints/oof/efficientnet_b0-oof_f0_best.pt
ISIC_0034225,5,nv,5,nv,0.03274188,0.022280503,0.010546531,0.07730922,0.05581577,0.7518213,0.04948486,-0.49404517,-0.87898827,-1.6269033,0.36511293,0.03935626,2.6397984,-0.081033446,efficientnet_b0,train,0,ml/checkpoints/oof/efficientnet_b0-oof_f0_best.pt
ISIC_0034226,5,nv,5,nv,0.0067181992,0.01374898,0.0009779971,0.12361074,0.020591024,0.79730546,0.03704761,-2.143773,-1.4276288,-4.070842,0.7685439,-1.0237383,2.6326444,-0.43638968,efficientnet_b0,train,0,ml/checkpoints/oof/efficientnet_b0-oof_f0_best.pt
ISIC_0034227,5,nv,5,nv,0.041257318,0.021374978,0.002609057,0.07475608,0.0117709255,0.79185367,0.056378044,0.21817707,-0.43943053,-2.5426626,0.8125791,-1.0360187,3.1727252,0.53042847,efficientnet_b0,train,0,ml/checkpoints/oof/efficientnet_b0-oof_f0_best.pt
ISIC_0034229,5,nv,5,nv,0.011365466,0.009644012,0.010799319,0.07557291,0.0021717898,0.8551116,0.035334893,-1.3159117,-1.4801539,-1.3670083,0.5786065,-2.9709396,3.0047407,-0.18162042,efficientnet_b0,train,0,ml/checkpoints/oof/efficientnet_b0-oof_f0_best.pt
ISIC_0034246,4,mel,4,mel,0.009076462,0.002459711,0.0022684492,0.02242196,0.9395976,0.0033814772,0.02079444,-0.3261653,-1.6318057,-1.7127534,0.5781911,4.313602,-1.313537,0.502836,efficientnet_b0,train,0,ml/checkpoints/oof/efficientnet_b0-oof_f0_best.pt
ISIC_0034249,5,nv,5,nv,0.024028705,0.033396516,0.08582634,0.080846496,0.029557383,0.6950929,0.051251665,-1.6269318,-1.2977293,-0.35385513,-0.4136286,-1.4198474,1.7378646,-0.86943275,efficientnet_b0,train,0,ml/checkpoints/oof/efficientnet_b0-oof_f0_best.pt
ISIC_0034266,5,nv,5,nv,0.028659508,0.027214058,0.005584368,0.06985833,0.0055686287,0.79067606,0.07243904,-0.10509399,-0.15684547,-1.7406077,0.78589004,-1.7434304,3.2123091,0.8221661,efficientnet_b0,train,0,ml/checkpoints/oof/efficientnet_b0-oof_f0_best.pt
ISIC_0034272,5,nv,5,nv,0.02546198,0.05981753,0.0118472185,0.07032841,0.0020906269,0.7707504,0.05970378,-0.861128,-0.0070154034,-1.6262211,0.1548614,-3.36085,2.5490503,-0.008918969,efficientnet_b0,train,0,ml/checkpoints/oof/efficientnet_b0-oof_f0_best.pt
ISIC_0034278,5,nv,5,nv,0.023178257,0.04200786,0.0019344657,0.09871322,0.16169457,0.6272567,0.045214884,-1.2690749,-0.6744327,-3.752458,0.17992936,0.6734197,2.0290663,-0.6008631,efficientnet_b0,train,0,ml/checkpoints/oof/efficientnet_b0-oof_f0_best.pt
ISIC_0034281,5,nv,5,nv,0.012865573,0.020111453,0.061566994,0.09363714,0.01367003,0.74014664,0.05800221,-2.2586186,-1.8118844,-0.69304794,-0.27374655,-2.1979678,1.7936746,-0.7526925,efficientnet_b0,train,0,ml/checkpoints/oof/efficientnet_b0-oof_f0_best.pt
ISIC_0034285,5,nv,5,nv,0.014090884,0.003510085,0.009471072,0.07563663,0.03369744,0.83738935,0.026204597,-1.4166039,-2.8064919,-1.8138897,0.2638087,-0.54471016,2.668157,-0.7961972,efficientnet_b0,train,0,ml/checkpoints/oof/efficientnet_b0-oof_f0_best.pt
ISIC_0034301,5,nv,5,nv,0.06588981,0.016189711,0.0049012313,0.108251944,0.03646135,0.69079363,0.077512346,-0.06390822,-1.4675163,-2.6624057,0.43256912,-0.6556395,2.285949,0.09854513,efficientnet_b0,train,0,ml/checkpoints/oof/efficientnet_b0-oof_f0_best.pt
ISIC_0034302,5,nv,5,nv,0.022293381,0.023194568,0.0048950603,0.078743845,0.0067065945,0.8087279,0.055438623,-0.72395146,-0.6843234,-2.2400146,0.53795856,-1.9251503,2.867221,0.18703517,efficientnet_b0,train,0,ml/checkpoints/oof/efficientnet_b0-oof_f0_best.pt
ISIC_0034308,5,nv,5,nv,0.035226904,0.01361853,0.0024863256,0.08026891,0.04361011,0.77358574,0.051203586,0.077761665,-0.87261724,-2.5732427,0.901334,0.29124066,3.1669881,0.4517613,efficientnet_b0,train,0,ml/checkpoints/oof/efficientnet_b0-oof_f0_best.pt
ISIC_0034311,5,nv,5,nv,0.019338174,0.018436318,0.008014854,0.09006283,0.044733908,0.7486974,0.07071652,-1.3033171,-1.3510756,-2.1841016,0.23510943,-0.46466634,2.3529367,-0.006718939,efficientnet_b0,train,0,ml/checkpoints/oof/efficientnet_b0-oof_f0_best.pt
