image_id,group_id,effective_lesion_id,age_band,archive,y_true,y_esc,pred_index,p_akiec,p_bcc,p_bkl,p_df,p_mel,p_nv,p_vasc,escalation_mass,fold,run_id,checkpoint,best_epoch
ISIC_0000004,__singleton__ISIC_0000004,__singleton__ISIC_0000004,60+,mskcc,4,True,4,0.009666602,0.11606387,0.0051274663,0.11566345,0.67370105,0.0031922748,0.0765853,0.7994315,1,R0_kfold_f1_s44_v5ctl,best,25
ISIC_0000053_downsampled,__singleton__ISIC_0000053_downsampled,__singleton__ISIC_0000053_downsampled,<40,mskcc,5,False,5,0.01052681,0.008654197,0.020464655,0.07521196,0.0137587385,0.8183329,0.053050667,0.032939743,1,R0_kfold_f1_s44_v5ctl,best,25
ISIC_0000075,__singleton__ISIC_0000075,__singleton__ISIC_0000075,40-59,mskcc,5,False,5,0.016076826,0.0124875475,0.008551274,0.07170281,0.018594965,0.81837803,0.05420853,0.047159337,1,R0_kfold_f1_s44_v5ctl,best,25
ISIC_0000081_downsampled,__singleton__ISIC_0000081_downsampled,__singleton__ISIC_0000081_downsampled,unknown,mskcc,5,False,5,0.011474957,0.00945936,0.005500339,0.07312972,0.008861643,0.8375614,0.05401255,0.02979596,1,R0_kfold_f1_s44_v5ctl,best,25
ISIC_0000135_downsampled,__singleton__ISIC_0000135_downsampled,__singleton__ISIC_0000135_downsampled,unknown,mskcc,5,False,4,0.009046864,0.0060389773,0.0067545907,0.05752189,0.8745497,0.004406689,0.04168128,0.8896355,1,R0_kfold_f1_s44_v5ctl,best,25
ISIC_0000146_downsampled,__singleton__ISIC_0000146_downsampled,__singleton__ISIC_0000146_downsampled,unknown,mskcc,4,True,4,0.01814267,0.009785604,0.0059465263,0.10858451,0.71338654,0.044342376,0.099811845,0.7413148,1,R0_kfold_f1_s44_v5ctl,best,25
ISIC_0000149_downsampled,__singleton__ISIC_0000149_downsampled,__singleton__ISIC_0000149_downsampled,unknown,mskcc,4,True,4,0.010814078,0.009997939,0.11443494,0.101582415,0.69514847,0.004705947,0.06331623,0.7159605,1,R0_kfold_f1_s44_v5ctl,best,25
ISIC_0000163,__singleton__ISIC_0000163,__singleton__ISIC_0000163,60+,mskcc,4,True,5,0.013097718,0.0100121405,0.006957177,0.11075313,0.06437339,0.7124669,0.082339525,0.08748325,1,R0_kfold_f1_s44_v5ctl,best,25
ISIC_0000167,__singleton__ISIC_0000167,__singleton__ISIC_0000167,40-59,mskcc,4,True,4,0.011222687,0.008082696,0.009448553,0.067742355,0.85126233,0.006069676,0.046171673,0.87056774,1,R0_kfold_f1_s44_v5ctl,best,25
ISIC_0000175,__singleton__ISIC_0000175,__singleton__ISIC_0000175,<40,mskcc,4,True,5,0.011055169,0.007234875,0.009394174,0.065451615,0.010532259,0.8479551,0.048376773,0.028822303,1,R0_kfold_f1_s44_v5ctl,best,25
ISIC_0000197_downsampled,__singleton__ISIC_0000197_downsampled,__singleton__ISIC_0000197_downsampled,<40,mskcc,5,False,5,0.011314323,0.008250895,0.008769092,0.07624426,0.007837587,0.83376914,0.05381464,0.027402803,1,R0_kfold_f1_s44_v5ctl,best,25
ISIC_0000211,__singleton__ISIC_0000211,__singleton__ISIC_0000211,<40,mskcc,5,False,5,0.011971817,0.008234869,0.007927606,0.07212695,0.006899717,0.84183836,0.05100074,0.027106402,1,R0_kfold_f1_s44_v5ctl,best,25
ISIC_0000214,__singleton__ISIC_0000214,__singleton__ISIC_0000214,60+,mskcc,5,False,4,0.0059153023,0.008259656,0.020486295,0.065340176,0.8448653,0.005193561,0.049939673,0.85904026,1,R0_kfold_f1_s44_v5ctl,best,25
ISIC_0000271,__singleton__ISIC_0000271,__singleton__ISIC_0000271,<40,mskcc,5,False,5,0.012014523,0.008315533,0.006572757,0.06878334,0.0057984605,0.8482216,0.050293762,0.026128517,1,R0_kfold_f1_s44_v5ctl,best,25
ISIC_0000283,__singleton__ISIC_0000283,__singleton__ISIC_0000283,40-59,mskcc,4,True,4,0.014567539,0.0077879103,0.008983933,0.06934036,0.8452142,0.0035462813,0.0505599,0.8675696,1,R0_kfold_f1_s44_v5ctl,best,25
ISIC_0000287,__singleton__ISIC_0000287,__singleton__ISIC_0000287,40-59,mskcc,4,True,4,0.011251357,0.012541714,0.006989275,0.09681773,0.75057024,0.04894364,0.07288602,0.7743633,1,R0_kfold_f1_s44_v5ctl,best,25
ISIC_0000290,__singleton__ISIC_0000290,__singleton__ISIC_0000290,60+,mskcc,4,True,4,0.008552049,0.00895286,0.013742311,0.060368557,0.8608289,0.0022311076,0.04532427,0.8783338,1,R0_kfold_f1_s44_v5ctl,best,25
ISIC_0000292,__singleton__ISIC_0000292,__singleton__ISIC_0000292,60+,mskcc,4,True,5,0.011034171,0.0071675554,0.008021931,0.07011586,0.008529885,0.8489199,0.046210766,0.026731612,1,R0_kfold_f1_s44_v5ctl,best,25
ISIC_0000388_downsampled,__singleton__ISIC_0000388_downsampled,__singleton__ISIC_0000388_downsampled,unknown,mskcc,5,False,5,0.012480373,0.007910876,0.00954151,0.07204707,0.006781677,0.83950716,0.051731385,0.027172925,1,R0_kfold_f1_s44_v5ctl,best,25
ISIC_0000396_downsampled,__singleton__ISIC_0000396_downsampled,__singleton__ISIC_0000396_downsampled,unknown,mskcc,5,False,5,0.018840434,0.010425641,0.011192821,0.090121955,0.056779865,0.73617053,0.07646877,0.086045936,1,R0_kfold_f1_s44_v5ctl,best,25
ISIC_0000403_downsampled,__singleton__ISIC_0000403_downsampled,__singleton__ISIC_0000403_downsampled,unknown,mskcc,5,False,5,0.012536482,0.0072674463,0.015460725,0.078741364,0.045302972,0.776585,0.064106055,0.0651069,1,R0_kfold_f1_s44_v5ctl,best,25
ISIC_0000413_downsampled,__singleton__ISIC_0000413_downsampled,__singleton__ISIC_0000413_downsampled,unknown,mskcc,4,True,4,0.010959624,0.008533264,0.0067234696,0.061004166,0.8660943,0.0030246717,0.04366053,0.88558716,1,R0_kfold_f1_s44_v5ctl,best,25
ISIC_0000415_downsampled,__singleton__ISIC_0000415_downsampled,__singleton__ISIC_0000415_downsampled,unknown,mskcc,4,True,4,0.0058767456,0.0081744585,0.0082786875,0.07103685,0.83961695,0.009632647,0.057383657,0.85366815,1,R0_kfold_f1_s44_v5ctl,best,25
ISIC_0000416_downsampled,__singleton__ISIC_0000416_downsampled,__singleton__ISIC_0000416_downsampled,unknown,mskcc,5,False,5,0.01386942,0.007438067,0.008907087,0.07395601,0.011715746,0.83122176,0.052891888,0.03302323,1,R0_kfold_f1_s44_v5ctl,best,25
ISIC_0000474,__singleton__ISIC_0000474,__singleton__ISIC_0000474,unknown,mskcc,5,False,5,0.011232833,0.007271365,0.009229841,0.07222257,0.008828606,0.8406243,0.050590493,0.027332805,1,R0_kfold_f1_s44_v5ctl,best,25
ISIC_0000488,__singleton__ISIC_0000488,__singleton__ISIC_0000488,unknown,mskcc,5,False,5,0.010549113,0.006446966,0.006896499,0.06907442,0.011166806,0.84697765,0.048888452,0.028162885,1,R0_kfold_f1_s44_v5ctl,best,25
ISIC_0000524,__singleton__ISIC_0000524,__singleton__ISIC_0000524,unknown,mskcc,5,False,4,0.020395234,0.012821854,0.010762742,0.14201719,0.3661834,0.3438271,0.1039925,0.39940047,1,R0_kfold_f1_s44_v5ctl,best,25
ISIC_0000525,__singleton__ISIC_0000525,__singleton__ISIC_0000525,unknown,mskcc,5,False,5,0.010922552,0.008286431,0.00923136,0.07210385,0.0056833336,0.8399559,0.053816624,0.024892315,1,R0_kfold_f1_s44_v5ctl,best,25
ISIC_0000528,__singleton__ISIC_0000528,__singleton__ISIC_0000528,unknown,mskcc,5,False,4,0.052383285,0.008464703,0.032455113,0.17923075,0.3395256,0.2463652,0.1415754,0.4003736,1,R0_kfold_f1_s44_v5ctl,best,25
ISIC_0000531,__singleton__ISIC_0000531,__singleton__ISIC_0000531,unknown,mskcc,4,True,4,0.01249996,0.0075728074,0.010954713,0.066808715,0.8466185,0.003925006,0.0516204,0.86669123,1,R0_kfold_f1_s44_v5ctl,best,25
ISIC_0000556,__singleton__ISIC_0000556,__singleton__ISIC_0000556,unknown,mskcc,5,False,5,0.010152002,0.0077167344,0.008725709,0.069853835,0.0049572876,0.84722906,0.051365416,0.022826023,1,R0_kfold_f1_s44_v5ctl,best,25
ISIC_0000882_downsampled,__singleton__ISIC_0000882_downsampled,__singleton__ISIC_0000882_downsampled,<40,mskcc,5,False,5,0.009702116,0.008836721,0.008006316,0.07116261,0.008907668,0.83964545,0.05373912,0.027446505,1,R0_kfold_f1_s44_v5ctl,best,25
ISIC_0000999_downsampled,__singleton__ISIC_0000999_downsampled,__singleton__ISIC_0000999_downsampled,<40,mskcc,5,False,5,0.011441474,0.0074750353,0.006097945,0.06614369,0.0049992604,0.8545833,0.049259216,0.023915771,1,R0_kfold_f1_s44_v5ctl,best,25
ISIC_0001128_downsampled,__singleton__ISIC_0001128_downsampled,__singleton__ISIC_0001128_downsampled,40-59,mskcc,4,True,4,0.019221198,0.0072907745,0.011042488,0.106885016,0.5100953,0.26636982,0.079095386,0.53660727,1,R0_kfold_f1_s44_v5ctl,best,25
ISIC_0001131_downsampled,__singleton__ISIC_0001131_downsampled,__singleton__ISIC_0001131_downsampled,40-59,mskcc,4,True,4,0.008771582,0.0059123146,0.008863572,0.05884686,0.8706775,0.0051190197,0.041809227,0.8853614,1,R0_kfold_f1_s44_v5ctl,best,25
ISIC_0001296_downsampled,__singleton__ISIC_0001296_downsampled,__singleton__ISIC_0001296_downsampled,<40,mskcc,5,False,5,0.010256732,0.008437597,0.0069508385,0.06998364,0.004370798,0.8502599,0.04974047,0.023065127,1,R0_kfold_f1_s44_v5ctl,best,25
ISIC_0001367_downsampled,__singleton__ISIC_0001367_downsampled,__singleton__ISIC_0001367_downsampled,<40,mskcc,5,False,5,0.011183531,0.007382119,0.0069667967,0.066636235,0.0062681986,0.8506282,0.050934866,0.02483385,1,R0_kfold_f1_s44_v5ctl,best,25
ISIC_0002107_downsampled,__singleton__ISIC_0002107_downsampled,__singleton__ISIC_0002107_downsampled,<40,mskcc,5,False,5,0.011914975,0.0075001256,0.006790205,0.07081189,0.0061974954,0.84753525,0.04925006,0.025612596,1,R0_kfold_f1_s44_v5ctl,best,25
ISIC_0002206_downsampled,__singleton__ISIC_0002206_downsampled,__singleton__ISIC_0002206_downsampled,<40,mskcc,5,False,5,0.011528011,0.008403395,0.0071757985,0.0686389,0.0053529944,0.8491254,0.049775533,0.0252844,1,R0_kfold_f1_s44_v5ctl,best,25
ISIC_0002439_downsampled,__singleton__ISIC_0002439_downsampled,__singleton__ISIC_0002439_downsampled,<40,mskcc,5,False,5,0.010845602,0.0077601806,0.0077154175,0.06580039,0.0056754067,0.8535418,0.04866118,0.024281189,1,R0_kfold_f1_s44_v5ctl,best,25
ISIC_0004309_downsampled,__singleton__ISIC_0004309_downsampled,__singleton__ISIC_0004309_downsampled,<40,mskcc,5,False,5,0.011923862,0.008925783,0.0067455964,0.07156801,0.0054913564,0.83876526,0.056580085,0.026341002,1,R0_kfold_f1_s44_v5ctl,best,25
ISIC_0005620_downsampled,__singleton__ISIC_0005620_downsampled,__singleton__ISIC_0005620_downsampled,<40,mskcc,5,False,5,0.0112097915,0.007677064,0.007292782,0.068265915,0.005306472,0.8498335,0.0504145,0.024193328,1,R0_kfold_f1_s44_v5ctl,best,25
ISIC_0005666_downsampled,__singleton__ISIC_0005666_downsampled,__singleton__ISIC_0005666_downsampled,<40,mskcc,5,False,5,0.011007033,0.008051508,0.0069312593,0.066022426,0.0049578296,0.8515438,0.051486142,0.02401637,1,R0_kfold_f1_s44_v5ctl,best,25
ISIC_0006795_downsampled,__singleton__ISIC_0006795_downsampled,__singleton__ISIC_0006795_downsampled,<40,mskcc,5,False,5,0.011412275,0.007732631,0.006207599,0.070835985,0.0058308514,0.8440044,0.053976215,0.024975758,1,R0_kfold_f1_s44_v5ctl,best,25
ISIC_0006940_downsampled,__singleton__ISIC_0006940_downsampled,__singleton__ISIC_0006940_downsampled,<40,mskcc,5,False,5,0.01204342,0.008300917,0.008124003,0.06690461,0.0039597894,0.84731597,0.053351276,0.024304127,1,R0_kfold_f1_s44_v5ctl,best,25
ISIC_0007087_downsampled,__singleton__ISIC_0007087_downsampled,__singleton__ISIC_0007087_downsampled,<40,mskcc,5,False,5,0.01260146,0.00783521,0.007740335,0.06916094,0.006679029,0.84470546,0.051277563,0.027115699,1,R0_kfold_f1_s44_v5ctl,best,25
ISIC_0007141_downsampled,__singleton__ISIC_0007141_downsampled,__singleton__ISIC_0007141_downsampled,<40,mskcc,5,False,5,0.011238412,0.0073727528,0.008180663,0.06773148,0.0066713756,0.84724987,0.05155544,0.02528254,1,R0_kfold_f1_s44_v5ctl,best,25
ISIC_0007235_downsampled,__singleton__ISIC_0007235_downsampled,__singleton__ISIC_0007235_downsampled,<40,mskcc,5,False,5,0.011821466,0.007795391,0.006712672,0.06803348,0.0058289426,0.8510704,0.04873751,0.0254458,1,R0_kfold_f1_s44_v5ctl,best,25
ISIC_0007241_downsampled,__singleton__ISIC_0007241_downsampled,__singleton__ISIC_0007241_downsampled,<40,mskcc,5,False,5,0.011107163,0.0073167854,0.007977633,0.067986846,0.0052241213,0.85073537,0.049652077,0.02364807,1,R0_kfold_f1_s44_v5ctl,best,25
ISIC_0007557_downsampled,__singleton__ISIC_0007557_downsampled,__singleton__ISIC_0007557_downsampled,<40,mskcc,5,False,5,0.011595209,0.00765093,0.007777512,0.068458036,0.006321098,0.84813595,0.05006126,0.025567237,1,R0_kfold_f1_s44_v5ctl,best,25
ISIC_0007796_downsampled,__singleton__ISIC_0007796_downsampled,__singleton__ISIC_0007796_downsampled,<40,mskcc,5,False,5,0.011616291,0.0073821554,0.00724621,0.064119816,0.0070575974,0.85223806,0.05033992,0.026056044,1,R0_kfold_f1_s44_v5ctl,best,25
ISIC_0008294_downsampled,__singleton__ISIC_0008294_downsampled,__singleton__ISIC_0008294_downsampled,<40,mskcc,5,False,5,0.010907787,0.008066106,0.0063443296,0.06879882,0.005093348,0.8516513,0.049138237,0.024067242,1,R0_kfold_f1_s44_v5ctl,best,25
ISIC_0008528_downsampled,__singleton__ISIC_0008528_downsampled,__singleton__ISIC_0008528_downsampled,<40,mskcc,5,False,5,0.011987287,0.007801861,0.0077021876,0.070219256,0.004766211,0.848335,0.049188174,0.024555359,1,R0_kfold_f1_s44_v5ctl,best,25
ISIC_0008552_downsampled,__singleton__ISIC_0008552_downsampled,__singleton__ISIC_0008552_downsampled,<40,mskcc,5,False,5,0.012308847,0.0093579665,0.006797098,0.068144836,0.0077949036,0.8414539,0.054142494,0.029461717,1,R0_kfold_f1_s44_v5ctl,best,25
ISIC_0008879_downsampled,__singleton__ISIC_0008879_downsampled,__singleton__ISIC_0008879_downsampled,<40,mskcc,5,False,5,0.0110644745,0.008551223,0.00920415,0.0690287,0.0045002555,0.84643066,0.051220488,0.024115954,1,R0_kfold_f1_s44_v5ctl,best,25
ISIC_0008913_downsampled,__singleton__ISIC_0008913_downsampled,__singleton__ISIC_0008913_downsampled,<40,mskcc,5,False,5,0.010911394,0.007257292,0.0075118095,0.069608636,0.0065751458,0.8481132,0.050022468,0.024743833,1,R0_kfold_f1_s44_v5ctl,best,25
ISIC_0009188_downsampled,__singleton__ISIC_0009188_downsampled,__singleton__ISIC_0009188_downsampled,<40,mskcc,5,False,5,0.010518726,0.009242793,0.008266299,0.07064131,0.003358689,0.85011274,0.0478594,0.023120206,1,R0_kfold_f1_s44_v5ctl,best,25
ISIC_0009880,__singleton__ISIC_0009880,__singleton__ISIC_0009880,40-59,mskcc,5,False,5,0.011292112,0.006786118,0.007642082,0.066957384,0.0129253,0.84482473,0.049572315,0.031003531,1,R0_kfold_f1_s44_v5ctl,best,25
ISIC_0009889,__singleton__ISIC_0009889,__singleton__ISIC_0009889,<40,mskcc,5,False,5,0.011322771,0.006901986,0.008611208,0.070290804,0.0061628683,0.84886014,0.047850195,0.024387626,1,R0_kfold_f1_s44_v5ctl,best,25
ISIC_0009904,__singleton__ISIC_0009904,__singleton__ISIC_0009904,<40,mskcc,5,False,5,0.00941488,0.0067989747,0.005342275,0.06466222,0.010582689,0.85922027,0.043978702,0.026796544,1,R0_kfold_f1_s44_v5ctl,best,25
ISIC_0009912,__singleton__ISIC_0009912,__singleton__ISIC_0009912,<40,mskcc,5,False,5,0.012711763,0.007943848,0.010389385,0.07311724,0.0077313827,0.8347469,0.053359434,0.028386995,1,R0_kfold_f1_s44_v5ctl,best,25
ISIC_0009927,__singleton__ISIC_0009927,__singleton__ISIC_0009927,40-59,mskcc,4,True,5,0.009105718,0.01000792,0.15528,0.117736876,0.003949992,0.6214762,0.082443275,0.02306363,1,R0_kfold_f1_s44_v5ctl,best,25
ISIC_0009932,__singleton__ISIC_0009932,__singleton__ISIC_0009932,<40,mskcc,5,False,5,0.011785058,0.007003824,0.0073411344,0.07195241,0.006188367,0.84539145,0.050337777,0.024977248,1,R0_kfold_f1_s44_v5ctl,best,25
ISIC_0009937,__singleton__ISIC_0009937,__singleton__ISIC_0009937,40-59,mskcc,5,False,1,0.010557932,0.8366182,0.0071763466,0.070200555,0.007778626,0.020026565,0.047641918,0.8549548,1,R0_kfold_f1_s44_v5ctl,best,25
ISIC_0009945,__singleton__ISIC_0009945,__singleton__ISIC_0009945,<40,mskcc,5,False,5,0.0117211,0.007947007,0.010236847,0.069126494,0.008702576,0.84168434,0.05058167,0.028370682,1,R0_kfold_f1_s44_v5ctl,best,25
ISIC_0009946,__singleton__ISIC_0009946,__singleton__ISIC_0009946,40-59,mskcc,5,False,3,0.003189167,0.0029850875,0.023932025,0.5486737,0.0015828919,0.3554562,0.06418093,0.007757146,1,R0_kfold_f1_s44_v5ctl,best,25
ISIC_0009949,__singleton__ISIC_0009949,__singleton__ISIC_0009949,40-59,mskcc,5,False,5,0.011939493,0.008142391,0.006492875,0.070692465,0.014634244,0.83951324,0.048585296,0.03471613,1,R0_kfold_f1_s44_v5ctl,best,25
ISIC_0009954,__singleton__ISIC_0009954,__singleton__ISIC_0009954,40-59,mskcc,5,False,5,0.011941175,0.008919958,0.005998161,0.06739862,0.017966835,0.8366274,0.051147822,0.03882797,1,R0_kfold_f1_s44_v5ctl,best,25
ISIC_0009972,__singleton__ISIC_0009972,__singleton__ISIC_0009972,40-59,mskcc,5,False,5,0.02030265,0.016504735,0.01393288,0.08130186,0.009373891,0.79826313,0.060320817,0.046181276,1,R0_kfold_f1_s44_v5ctl,best,25
ISIC_0009981,__singleton__ISIC_0009981,__singleton__ISIC_0009981,40-59,mskcc,5,False,5,0.012063878,0.008825145,0.0078860875,0.080830984,0.022223216,0.8111487,0.057022024,0.043112237,1,R0_kfold_f1_s44_v5ctl,best,25
ISIC_0009993,__singleton__ISIC_0009993,__singleton__ISIC_0009993,60+,mskcc,4,True,5,0.008327486,0.007412378,0.0066856593,0.069537394,0.017165633,0.8373109,0.05356056,0.032905497,1,R0_kfold_f1_s44_v5ctl,best,25
ISIC_0009995,__singleton__ISIC_0009995,__singleton__ISIC_0009995,60+,mskcc,5,False,4,0.0040431744,0.0037273197,0.009521503,0.046839446,0.9033901,0.005219192,0.027259195,0.9111606,1,R0_kfold_f1_s44_v5ctl,best,25
ISIC_0010003,__singleton__ISIC_0010003,__singleton__ISIC_0010003,<40,mskcc,5,False,5,0.04465717,0.008086997,0.02222611,0.09726485,0.015718061,0.74280137,0.06924545,0.06846223,1,R0_kfold_f1_s44_v5ctl,best,25
ISIC_0010020,__singleton__ISIC_0010020,__singleton__ISIC_0010020,60+,mskcc,5,False,5,0.0090199,0.0085068885,0.00741311,0.068988614,0.010372242,0.84193546,0.053763766,0.02789903,1,R0_kfold_f1_s44_v5ctl,best,25
ISIC_0010021,__singleton__ISIC_0010021,__singleton__ISIC_0010021,<40,mskcc,5,False,5,0.010324524,0.007495365,0.006782802,0.066556886,0.0072102845,0.85249776,0.049132347,0.025030173,1,R0_kfold_f1_s44_v5ctl,best,25
ISIC_0010025,__singleton__ISIC_0010025,__singleton__ISIC_0010025,40-59,mskcc,5,False,5,0.010886962,0.0074223513,0.009910074,0.07091,0.0068085347,0.839576,0.054486066,0.025117848,1,R0_kfold_f1_s44_v5ctl,best,25
ISIC_0010032,__singleton__ISIC_0010032,__singleton__ISIC_0010032,60+,mskcc,5,False,5,0.014823971,0.008605056,0.006213987,0.07249817,0.008690806,0.8347253,0.054442707,0.032119833,1,R0_kfold_f1_s44_v5ctl,best,25
ISIC_0010047,__singleton__ISIC_0010047,__singleton__ISIC_0010047,60+,mskcc,5,False,2,0.0107247075,0.0045930725,0.8768508,0.05256741,0.0031937854,0.007789699,0.044280503,0.018511565,1,R0_kfold_f1_s44_v5ctl,best,25
ISIC_0010053,__singleton__ISIC_0010053,__singleton__ISIC_0010053,60+,mskcc,5,False,5,0.017279983,0.009037323,0.008230511,0.07513967,0.061670996,0.7732893,0.055352174,0.0879883,1,R0_kfold_f1_s44_v5ctl,best,25
ISIC_0010057,__singleton__ISIC_0010057,__singleton__ISIC_0010057,40-59,mskcc,5,False,5,0.016821282,0.00491065,0.007932778,0.056441396,0.008203757,0.85298425,0.05270583,0.029935688,1,R0_kfold_f1_s44_v5ctl,best,25
ISIC_0010060,__singleton__ISIC_0010060,__singleton__ISIC_0010060,<40,mskcc,5,False,5,0.013220597,0.009646685,0.008980001,0.11690894,0.009103384,0.7908516,0.05128875,0.031970665,1,R0_kfold_f1_s44_v5ctl,best,25
ISIC_0010067,__singleton__ISIC_0010067,__singleton__ISIC_0010067,60+,mskcc,4,True,1,0.012420422,0.8096496,0.0041153487,0.08117225,0.01384156,0.015068952,0.06373193,0.8359116,1,R0_kfold_f1_s44_v5ctl,best,25
ISIC_0010070,__singleton__ISIC_0010070,__singleton__ISIC_0010070,<40,mskcc,5,False,5,0.010450472,0.007208195,0.008112666,0.068355076,0.005416235,0.8495242,0.050933145,0.023074903,1,R0_kfold_f1_s44_v5ctl,best,25
ISIC_0010100,__singleton__ISIC_0010100,__singleton__ISIC_0010100,40-59,mskcc,5,False,5,0.011432823,0.007334972,0.007865795,0.06866612,0.008619423,0.8468144,0.049266413,0.027387217,1,R0_kfold_f1_s44_v5ctl,best,25
ISIC_0010102,__singleton__ISIC_0010102,__singleton__ISIC_0010102,40-59,mskcc,5,False,2,0.0131251,0.027448744,0.57333416,0.16356072,0.06816506,0.016898792,0.13746746,0.1087389,1,R0_kfold_f1_s44_v5ctl,best,25
ISIC_0010168,__singleton__ISIC_0010168,__singleton__ISIC_0010168,60+,mskcc,5,False,5,0.01125131,0.008140157,0.008750278,0.072957195,0.0065279184,0.8395326,0.05284057,0.025919385,1,R0_kfold_f1_s44_v5ctl,best,25
ISIC_0010183,__singleton__ISIC_0010183,__singleton__ISIC_0010183,60+,mskcc,5,False,5,0.014455254,0.008224139,0.017100094,0.07375469,0.0064259693,0.82738495,0.052654848,0.029105362,1,R0_kfold_f1_s44_v5ctl,best,25
ISIC_0010185,__singleton__ISIC_0010185,__singleton__ISIC_0010185,40-59,mskcc,5,False,5,0.010610394,0.0069629964,0.0111259995,0.0645493,0.0051445626,0.85003614,0.051570497,0.022717953,1,R0_kfold_f1_s44_v5ctl,best,25
ISIC_0010186,__singleton__ISIC_0010186,__singleton__ISIC_0010186,40-59,mskcc,5,False,5,0.00916499,0.007244122,0.008623349,0.0700983,0.00773869,0.84651154,0.050618935,0.024147801,1,R0_kfold_f1_s44_v5ctl,best,25
ISIC_0010191,__singleton__ISIC_0010191,__singleton__ISIC_0010191,60+,mskcc,5,False,4,0.019763542,0.014455477,0.007579797,0.12528822,0.6576276,0.08786063,0.0874247,0.6918466,1,R0_kfold_f1_s44_v5ctl,best,25
ISIC_0010215,__singleton__ISIC_0010215,__singleton__ISIC_0010215,60+,mskcc,5,False,5,0.011350021,0.008222899,0.010021847,0.06980829,0.0064753033,0.8398483,0.05427336,0.026048224,1,R0_kfold_f1_s44_v5ctl,best,25
ISIC_0010219,__singleton__ISIC_0010219,__singleton__ISIC_0010219,<40,mskcc,5,False,5,0.010779089,0.007560332,0.0087382095,0.067154035,0.006937952,0.8478875,0.050942965,0.025277372,1,R0_kfold_f1_s44_v5ctl,best,25
ISIC_0010226,__singleton__ISIC_0010226,__singleton__ISIC_0010226,40-59,mskcc,5,False,4,0.012899969,0.0105393315,0.0045343214,0.06257058,0.8421095,0.0127323875,0.054613985,0.8655488,1,R0_kfold_f1_s44_v5ctl,best,25
ISIC_0010248,__singleton__ISIC_0010248,__singleton__ISIC_0010248,<40,mskcc,5,False,5,0.0120664025,0.0058367644,0.0065807914,0.06397059,0.009180194,0.8577816,0.04458374,0.027083362,1,R0_kfold_f1_s44_v5ctl,best,25
ISIC_0010318,__singleton__ISIC_0010318,__singleton__ISIC_0010318,60+,mskcc,5,False,5,0.011504461,0.00832503,0.016216481,0.08899175,0.0729291,0.7193728,0.0826604,0.09275859,1,R0_kfold_f1_s44_v5ctl,best,25
ISIC_0010319,__singleton__ISIC_0010319,__singleton__ISIC_0010319,60+,mskcc,4,True,4,0.009550993,0.004186305,0.0039783437,0.054709245,0.8741158,0.013794513,0.039664824,0.88785315,1,R0_kfold_f1_s44_v5ctl,best,25
ISIC_0010339,__singleton__ISIC_0010339,__singleton__ISIC_0010339,40-59,mskcc,5,False,5,0.0109889,0.007950436,0.008377757,0.073610485,0.007435745,0.8338965,0.05774011,0.026375081,1,R0_kfold_f1_s44_v5ctl,best,25
ISIC_0010346,__singleton__ISIC_0010346,__singleton__ISIC_0010346,<40,mskcc,5,False,5,0.012366444,0.0071248915,0.008628588,0.07092189,0.006605379,0.8457179,0.048634894,0.026096715,1,R0_kfold_f1_s44_v5ctl,best,25
ISIC_0010350,__singleton__ISIC_0010350,__singleton__ISIC_0010350,<40,mskcc,4,True,5,0.009640085,0.0073213233,0.0068458645,0.068280265,0.0068673245,0.850376,0.050669126,0.023828732,1,R0_kfold_f1_s44_v5ctl,best,25
ISIC_0010356,__singleton__ISIC_0010356,__singleton__ISIC_0010356,<40,mskcc,5,False,5,0.011507863,0.007468731,0.008206849,0.068856165,0.005771964,0.845653,0.05253546,0.02474856,1,R0_kfold_f1_s44_v5ctl,best,25
ISIC_0010368,__singleton__ISIC_0010368,__singleton__ISIC_0010368,60+,mskcc,5,False,5,0.011535835,0.0089358045,0.008288911,0.0709626,0.008389218,0.83850986,0.053377774,0.028860858,1,R0_kfold_f1_s44_v5ctl,best,25
ISIC_0010443,__singleton__ISIC_0010443,__singleton__ISIC_0010443,40-59,mskcc,5,False,5,0.011359124,0.0088739395,0.008090799,0.07195496,0.0052701402,0.84306407,0.051387023,0.025503205,1,R0_kfold_f1_s44_v5ctl,best,25
ISIC_0010460,__singleton__ISIC_0010460,__singleton__ISIC_0010460,<40,mskcc,5,False,5,0.014116868,0.0088143,0.011730281,0.06860504,0.0041187056,0.8381431,0.054471742,0.027049875,1,R0_kfold_f1_s44_v5ctl,best,25
ISIC_0010472,__singleton__ISIC_0010472,__singleton__ISIC_0010472,<40,mskcc,5,False,5,0.013348852,0.008146973,0.008109641,0.06991231,0.0054878406,0.8445731,0.05042124,0.026983667,1,R0_kfold_f1_s44_v5ctl,best,25
ISIC_0010481,__singleton__ISIC_0010481,__singleton__ISIC_0010481,<40,mskcc,5,False,5,0.011236673,0.008802813,0.0076179435,0.07690842,0.008729228,0.8335826,0.053122286,0.028768715,1,R0_kfold_f1_s44_v5ctl,best,25
ISIC_0010492,__singleton__ISIC_0010492,__singleton__ISIC_0010492,<40,mskcc,5,False,5,0.011130994,0.0050350684,0.02106544,0.092609614,0.019469399,0.78765064,0.0630388,0.035635464,1,R0_kfold_f1_s44_v5ctl,best,25
ISIC_0010562,__singleton__ISIC_0010562,__singleton__ISIC_0010562,60+,mskcc,5,False,5,0.016249947,0.009988864,0.0055907196,0.07937623,0.0062081204,0.8289091,0.053676985,0.032446932,1,R0_kfold_f1_s44_v5ctl,best,25
ISIC_0010568,__singleton__ISIC_0010568,__singleton__ISIC_0010568,60+,mskcc,5,False,5,0.011736874,0.007494368,0.0070246137,0.07281631,0.007875519,0.8372549,0.055797443,0.02710676,1,R0_kfold_f1_s44_v5ctl,best,25
ISIC_0010573,__singleton__ISIC_0010573,__singleton__ISIC_0010573,<40,mskcc,5,False,5,0.0101386765,0.0074557518,0.0069713406,0.07032534,0.006077543,0.84913784,0.04989356,0.023671972,1,R0_kfold_f1_s44_v5ctl,best,25
ISIC_0010581,__singleton__ISIC_0010581,__singleton__ISIC_0010581,<40,mskcc,5,False,5,0.010194838,0.0072294534,0.0077338973,0.064483576,0.005661212,0.8521189,0.052578077,0.023085503,1,R0_kfold_f1_s44_v5ctl,best,25
ISIC_0010596,__singleton__ISIC_0010596,__singleton__ISIC_0010596,60+,mskcc,4,True,4,0.008213709,0.0064312625,0.00618206,0.059849795,0.8667409,0.008182323,0.04439998,0.88138586,1,R0_kfold_f1_s44_v5ctl,best,25
ISIC_0010602,__singleton__ISIC_0010602,__singleton__ISIC_0010602,60+,mskcc,5,False,5,0.013829974,0.0071385563,0.008666673,0.06921579,0.006614163,0.8433078,0.051227007,0.027582694,1,R0_kfold_f1_s44_v5ctl,best,25
ISIC_0010849,__singleton__ISIC_0010849,__singleton__ISIC_0010849,<40,mskcc,5,False,4,0.008037391,0.0052052825,0.003964003,0.045930557,0.8966401,0.0068739317,0.033348672,0.9098828,1,R0_kfold_f1_s44_v5ctl,best,25
ISIC_0010856,__singleton__ISIC_0010856,__singleton__ISIC_0010856,60+,mskcc,5,False,5,0.011558237,0.008101717,0.009899974,0.07426911,0.007284227,0.834907,0.05397971,0.02694418,1,R0_kfold_f1_s44_v5ctl,best,25
ISIC_0010858,__singleton__ISIC_0010858,__singleton__ISIC_0010858,<40,mskcc,5,False,5,0.016056307,0.006606612,0.013396375,0.11993907,0.104860574,0.66186225,0.077278815,0.1275235,1,R0_kfold_f1_s44_v5ctl,best,25
ISIC_0011101,__singleton__ISIC_0011101,__singleton__ISIC_0011101,<40,mskcc,5,False,5,0.013969291,0.008354075,0.007612049,0.06829767,0.0070826323,0.843007,0.05167718,0.029405998,1,R0_kfold_f1_s44_v5ctl,best,25
ISIC_0011104,__singleton__ISIC_0011104,__singleton__ISIC_0011104,60+,mskcc,5,False,5,0.011036313,0.008826605,0.009251658,0.06962633,0.004769615,0.84527373,0.05121576,0.024632532,1,R0_kfold_f1_s44_v5ctl,best,25
ISIC_0011120,__singleton__ISIC_0011120,__singleton__ISIC_0011120,<40,mskcc,5,False,5,0.012613524,0.013681421,0.008038975,0.11252062,0.056813393,0.70308155,0.0932505,0.083108336,1,R0_kfold_f1_s44_v5ctl,best,25
ISIC_0011140,__singleton__ISIC_0011140,__singleton__ISIC_0011140,60+,mskcc,4,True,5,0.020351686,0.047632873,0.0093487315,0.11819784,0.015471548,0.71223176,0.07676556,0.08345611,1,R0_kfold_f1_s44_v5ctl,best,25
ISIC_0011143,__singleton__ISIC_0011143,__singleton__ISIC_0011143,<40,mskcc,5,False,5,0.010472013,0.0071163448,0.007842902,0.06283634,0.006401645,0.856563,0.048767775,0.023990003,1,R0_kfold_f1_s44_v5ctl,best,25
ISIC_0011166,__singleton__ISIC_0011166,__singleton__ISIC_0011166,40-59,mskcc,4,True,4,0.010728298,0.007405167,0.020305144,0.11628132,0.6076923,0.14019476,0.097393006,0.62582576,1,R0_kfold_f1_s44_v5ctl,best,25
ISIC_0011169,__singleton__ISIC_0011169,__singleton__ISIC_0011169,40-59,mskcc,4,True,5,0.011106569,0.007837367,0.008395452,0.07225128,0.0064711585,0.8424498,0.051488284,0.025415095,1,R0_kfold_f1_s44_v5ctl,best,25
ISIC_0011176,__singleton__ISIC_0011176,__singleton__ISIC_0011176,40-59,mskcc,4,True,4,0.0074924743,0.0060581337,0.012345187,0.07231372,0.83011436,0.021465868,0.0502102,0.84366494,1,R0_kfold_f1_s44_v5ctl,best,25
ISIC_0011223,__singleton__ISIC_0011223,__singleton__ISIC_0011223,40-59,mskcc,5,False,5,0.011427166,0.009360235,0.0038873744,0.07203491,0.026781227,0.8229455,0.053563654,0.047568627,1,R0_kfold_f1_s44_v5ctl,best,25
ISIC_0011328,__singleton__ISIC_0011328,__singleton__ISIC_0011328,<40,mskcc,5,False,4,0.020850044,0.0150064705,0.0063458337,0.12743807,0.46951044,0.28111002,0.07973911,0.5053669,1,R0_kfold_f1_s44_v5ctl,best,25
ISIC_0011353,__singleton__ISIC_0011353,__singleton__ISIC_0011353,40-59,mskcc,5,False,5,0.011816003,0.00833682,0.008845423,0.07132877,0.0041085132,0.8435607,0.052003708,0.024261335,1,R0_kfold_f1_s44_v5ctl,best,25
ISIC_0011363,__singleton__ISIC_0011363,__singleton__ISIC_0011363,40-59,mskcc,5,False,5,0.01079171,0.00805485,0.0069585107,0.068400405,0.005170899,0.85306215,0.047561463,0.024017459,1,R0_kfold_f1_s44_v5ctl,best,25
ISIC_0012089_downsampled,__singleton__ISIC_0012089_downsampled,__singleton__ISIC_0012089_downsampled,40-59,mskcc,5,False,5,0.009681428,0.008453509,0.0070018983,0.06843839,0.0047570243,0.85489076,0.04677696,0.022891961,1,R0_kfold_f1_s44_v5ctl,best,25
ISIC_0012105_downsampled,__singleton__ISIC_0012105_downsampled,__singleton__ISIC_0012105_downsampled,<40,mskcc,5,False,5,0.009974814,0.007578191,0.006660688,0.06905301,0.0065606106,0.85045266,0.049720082,0.024113616,1,R0_kfold_f1_s44_v5ctl,best,25
ISIC_0012118_downsampled,__singleton__ISIC_0012118_downsampled,__singleton__ISIC_0012118_downsampled,<40,mskcc,5,False,5,0.011089107,0.0074823857,0.008089191,0.07455467,0.008342923,0.8369851,0.053456634,0.026914414,1,R0_kfold_f1_s44_v5ctl,best,25
ISIC_0012148_downsampled,__singleton__ISIC_0012148_downsampled,__singleton__ISIC_0012148_downsampled,40-59,mskcc,5,False,5,0.00896693,0.00703442,0.006071878,0.06282399,0.009866451,0.85609657,0.049139656,0.025867801,1,R0_kfold_f1_s44_v5ctl,best,25
ISIC_0012170_downsampled,__singleton__ISIC_0012170_downsampled,__singleton__ISIC_0012170_downsampled,60+,mskcc,2,False,2,0.008309746,0.004566341,0.88800967,0.054947983,0.00483032,0.0039962074,0.03533975,0.017706407,1,R0_kfold_f1_s44_v5ctl,best,25
ISIC_0012246_downsampled,__singleton__ISIC_0012246_downsampled,__singleton__ISIC_0012246_downsampled,<40,mskcc,5,False,5,0.008687335,0.007195343,0.008329345,0.06331106,0.008695446,0.85185516,0.05192632,0.024578124,1,R0_kfold_f1_s44_v5ctl,best,25
ISIC_0012248_downsampled,__singleton__ISIC_0012248_downsampled,__singleton__ISIC_0012248_downsampled,60+,mskcc,2,False,2,0.006405092,0.0069440743,0.88702464,0.050992325,0.008936227,0.002243515,0.03745413,0.022285394,1,R0_kfold_f1_s44_v5ctl,best,25
ISIC_0012281_downsampled,__singleton__ISIC_0012281_downsampled,__singleton__ISIC_0012281_downsampled,<40,mskcc,5,False,5,0.010590742,0.0070352927,0.0066768797,0.06770582,0.0059629767,0.8549059,0.0471223,0.023589013,1,R0_kfold_f1_s44_v5ctl,best,25
ISIC_0012299_downsampled,__singleton__ISIC_0012299_downsampled,__singleton__ISIC_0012299_downsampled,60+,mskcc,2,False,2,0.09461216,0.004303502,0.7916168,0.045778215,0.0027819357,0.002370273,0.058537036,0.101697594,1,R0_kfold_f1_s44_v5ctl,best,25
ISIC_0012309_downsampled,__singleton__ISIC_0012309_downsampled,__singleton__ISIC_0012309_downsampled,40-59,mskcc,5,False,5,0.010506212,0.0071891136,0.008278731,0.06727378,0.0059889653,0.85041296,0.05035019,0.023684291,1,R0_kfold_f1_s44_v5ctl,best,25
ISIC_0012314_downsampled,__singleton__ISIC_0012314_downsampled,__singleton__ISIC_0012314_downsampled,60+,mskcc,2,False,5,0.06662476,0.19804646,0.03334998,0.2383074,0.016298003,0.34706298,0.10031035,0.2809692,1,R0_kfold_f1_s44_v5ctl,best,25
ISIC_0012334_downsampled,__singleton__ISIC_0012334_downsampled,__singleton__ISIC_0012334_downsampled,60+,mskcc,5,False,4,0.009880256,0.0068636807,0.005779666,0.06000889,0.860917,0.0119899865,0.044560503,0.87766093,1,R0_kfold_f1_s44_v5ctl,best,25
ISIC_0012339_downsampled,__singleton__ISIC_0012339_downsampled,__singleton__ISIC_0012339_downsampled,<40,mskcc,5,False,5,0.013287679,0.008650408,0.00865049,0.07225011,0.011643716,0.830402,0.055115584,0.033581804,1,R0_kfold_f1_s44_v5ctl,best,25
ISIC_0012360_downsampled,__singleton__ISIC_0012360_downsampled,__singleton__ISIC_0012360_downsampled,40-59,mskcc,5,False,5,0.011328597,0.007878618,0.008468709,0.071851246,0.0075309183,0.8397846,0.05315726,0.026738133,1,R0_kfold_f1_s44_v5ctl,best,25
ISIC_0012415_downsampled,__singleton__ISIC_0012415_downsampled,__singleton__ISIC_0012415_downsampled,40-59,mskcc,2,False,5,0.012033335,0.007333982,0.008426265,0.07363261,0.008785475,0.84016156,0.04962681,0.028152792,1,R0_kfold_f1_s44_v5ctl,best,25
ISIC_0012433_downsampled,__singleton__ISIC_0012433_downsampled,__singleton__ISIC_0012433_downsampled,60+,mskcc,2,False,2,0.004189831,0.003557436,0.9068841,0.047134414,0.0032338381,0.004260971,0.030739546,0.010981105,1,R0_kfold_f1_s44_v5ctl,best,25
ISIC_0012478_downsampled,__singleton__ISIC_0012478_downsampled,__singleton__ISIC_0012478_downsampled,60+,mskcc,2,False,2,0.0085860025,0.004276619,0.8919124,0.04996294,0.005574899,0.0031678262,0.036519308,0.01843752,1,R0_kfold_f1_s44_v5ctl,best,25
ISIC_0012518_downsampled,__singleton__ISIC_0012518_downsampled,__singleton__ISIC_0012518_downsampled,40-59,mskcc,5,False,5,0.019399313,0.009223408,0.010409502,0.0816021,0.007965502,0.81729203,0.054108128,0.03658822,1,R0_kfold_f1_s44_v5ctl,best,25
ISIC_0012551_downsampled,__singleton__ISIC_0012551_downsampled,__singleton__ISIC_0012551_downsampled,<40,mskcc,5,False,5,0.010991368,0.007926588,0.009096071,0.07370584,0.007222635,0.8397038,0.05135381,0.026140591,1,R0_kfold_f1_s44_v5ctl,best,25
ISIC_0012663_downsampled,MSK4_0011177,MSK4_0011177,<40,mskcc,5,False,5,0.011234765,0.007510647,0.00787029,0.070917994,0.006669213,0.84270024,0.05309684,0.025414623,1,R0_kfold_f1_s44_v5ctl,best,25
ISIC_0012677_downsampled,MSK4_0010187,MSK4_0010187,40-59,mskcc,5,False,5,0.011373262,0.008042039,0.0076783802,0.07120111,0.0064181513,0.84392536,0.051361658,0.025833452,1,R0_kfold_f1_s44_v5ctl,best,25
ISIC_0012681_downsampled,MSK4_0010992,MSK4_0010992,40-59,mskcc,5,False,5,0.010576473,0.0075010466,0.0076296786,0.06993578,0.0060617207,0.84998006,0.048315223,0.02413924,1,R0_kfold_f1_s44_v5ctl,best,25
ISIC_0012757_downsampled,MSK4_0011269,MSK4_0011269,60+,mskcc,2,False,2,0.0090468405,0.0047663706,0.8894161,0.049155846,0.005111675,0.005976002,0.03652726,0.018924884,1,R0_kfold_f1_s44_v5ctl,best,25
ISIC_0012785_downsampled,MSK4_0011297,MSK4_0011297,60+,mskcc,2,False,2,0.0074439826,0.0050600134,0.89582795,0.047653552,0.0068417755,0.0036179982,0.033554707,0.019345772,1,R0_kfold_f1_s44_v5ctl,best,25
ISIC_0012814_downsampled,MSK4_0011326,MSK4_0011326,40-59,mskcc,5,False,2,0.010510555,0.0076008374,0.6968216,0.11356962,0.0025235482,0.09623177,0.07274209,0.020634942,1,R0_kfold_f1_s44_v5ctl,best,25
ISIC_0012826_downsampled,MSK4_0011337,MSK4_0011337,40-59,mskcc,5,False,5,0.011218953,0.008862607,0.01106266,0.068793334,0.0048532733,0.84311396,0.05209519,0.024934834,1,R0_kfold_f1_s44_v5ctl,best,25
ISIC_0012828_downsampled,MSK4_0011339,MSK4_0011339,60+,mskcc,2,False,2,0.0076878686,0.0015640196,0.8115185,0.058540475,0.0017721616,0.006485445,0.112431556,0.0110240495,1,R0_kfold_f1_s44_v5ctl,best,25
ISIC_0012833_downsampled,MSK4_0011343,MSK4_0011343,60+,mskcc,2,False,2,0.008365407,0.005581032,0.8645791,0.06301383,0.008584356,0.009073339,0.04080296,0.022530794,1,R0_kfold_f1_s44_v5ctl,best,25
ISIC_0012836_downsampled,MSK4_0011346,MSK4_0011346,40-59,mskcc,5,False,5,0.011256944,0.0073410864,0.008593914,0.07060356,0.0069051147,0.8421315,0.05316798,0.025503146,1,R0_kfold_f1_s44_v5ctl,best,25
ISIC_0012837_downsampled,MSK4_0011347,MSK4_0011347,60+,mskcc,5,False,5,0.017968876,0.0098421555,0.017730983,0.08419782,0.007949002,0.8041169,0.058194276,0.035760034,1,R0_kfold_f1_s44_v5ctl,best,25
ISIC_0012854_downsampled,MSK4_0011361,MSK4_0011361,40-59,mskcc,2,False,1,0.0054396344,0.72185344,0.07682268,0.112652,0.002477101,0.012052398,0.06870278,0.7297702,1,R0_kfold_f1_s44_v5ctl,best,25
ISIC_0012856_downsampled,MSK4_0011363,MSK4_0011363,60+,mskcc,2,False,2,0.009667844,0.005372574,0.86900556,0.05401834,0.007842388,0.014949472,0.03914385,0.022882806,1,R0_kfold_f1_s44_v5ctl,best,25
ISIC_0012883_downsampled,MSK4_0011387,MSK4_0011387,60+,mskcc,5,False,5,0.011762851,0.0071994066,0.007869818,0.07397549,0.0075082625,0.8382194,0.053464815,0.02647052,1,R0_kfold_f1_s44_v5ctl,best,25
ISIC_0012898_downsampled,MSK4_0011402,MSK4_0011402,60+,mskcc,2,False,0,0.4886309,0.0026814574,0.17011093,0.1754227,0.0027551977,0.06955997,0.09083885,0.49406755,1,R0_kfold_f1_s44_v5ctl,best,25
ISIC_0012904_downsampled,MSK4_0011408,MSK4_0011408,60+,mskcc,5,False,5,0.011261322,0.0049668374,0.032543927,0.08224547,0.0033550495,0.80621964,0.0594078,0.019583207,1,R0_kfold_f1_s44_v5ctl,best,25
ISIC_0012944_downsampled,MSK4_0011448,MSK4_0011448,40-59,mskcc,5,False,5,0.01401194,0.010125287,0.02783039,0.12083603,0.015259033,0.7384887,0.07344864,0.03939626,1,R0_kfold_f1_s44_v5ctl,best,25
ISIC_0012950_downsampled,MSK4_0011452,MSK4_0011452,40-59,mskcc,5,False,5,0.019193547,0.009670031,0.016073419,0.10885679,0.22505943,0.520072,0.10107477,0.253923,1,R0_kfold_f1_s44_v5ctl,best,25
ISIC_0012952_downsampled,MSK4_0011454,MSK4_0011454,40-59,mskcc,2,False,2,0.0064712805,0.0040803966,0.8948492,0.050217655,0.0031219842,0.0064859753,0.03477358,0.013673661,1,R0_kfold_f1_s44_v5ctl,best,25
ISIC_0012956_downsampled,MSK4_0011458,MSK4_0011458,60+,mskcc,5,False,5,0.012584748,0.00859733,0.008138065,0.07215639,0.006746207,0.83938736,0.052389987,0.027928285,1,R0_kfold_f1_s44_v5ctl,best,25
ISIC_0012998,MSK4_0011499,MSK4_0011499,40-59,mskcc,2,False,2,0.01092483,0.0096402,0.8902117,0.046283618,0.0033471081,0.0021664784,0.037426036,0.023912137,1,R0_kfold_f1_s44_v5ctl,best,25
ISIC_0012999_downsampled,MSK4_0011501,MSK4_0011501,60+,mskcc,5,False,5,0.01069287,0.0074019795,0.008653757,0.06874949,0.008434651,0.84398335,0.052083835,0.0265295,1,R0_kfold_f1_s44_v5ctl,best,25
ISIC_0013024_downsampled,MSK4_0010120,MSK4_0010120,<40,mskcc,5,False,5,0.008966482,0.0063406765,0.009078131,0.055239674,0.008914731,0.86598986,0.045470454,0.02422189,1,R0_kfold_f1_s44_v5ctl,best,25
ISIC_0013031_downsampled,MSK4_0011532,MSK4_0011532,40-59,mskcc,5,False,5,0.009997524,0.008761081,0.013104132,0.10397014,0.0074528903,0.8077925,0.048921864,0.026211496,1,R0_kfold_f1_s44_v5ctl,best,25
ISIC_0013034_downsampled,MSK4_0011535,MSK4_0011535,40-59,mskcc,2,False,2,0.0036431958,0.002534468,0.89324725,0.050133765,0.009800863,0.008683753,0.031956755,0.015978526,1,R0_kfold_f1_s44_v5ctl,best,25
ISIC_0013053_downsampled,MSK4_0011552,MSK4_0011552,40-59,mskcc,5,False,5,0.012092996,0.0080030775,0.007886838,0.070151076,0.0059014624,0.8415665,0.054398134,0.025997538,1,R0_kfold_f1_s44_v5ctl,best,25
ISIC_0013055_downsampled,MSK4_0011555,MSK4_0011555,40-59,mskcc,5,False,5,0.0108459955,0.012534604,0.00904362,0.07762069,0.009650005,0.8199012,0.06040377,0.033030607,1,R0_kfold_f1_s44_v5ctl,best,25
ISIC_0013075_downsampled,MSK4_0010386,MSK4_0010386,40-59,mskcc,5,False,5,0.009560844,0.0071484796,0.007611487,0.065354936,0.0051706033,0.85515517,0.04999848,0.021879926,1,R0_kfold_f1_s44_v5ctl,best,25
ISIC_0013084_downsampled,MSK4_0011577,MSK4_0011577,40-59,mskcc,5,False,5,0.009491681,0.00706257,0.00733349,0.069199726,0.005302202,0.85023826,0.051372074,0.021856453,1,R0_kfold_f1_s44_v5ctl,best,25
ISIC_0013124_downsampled,MSK4_0011606,MSK4_0011606,60+,mskcc,5,False,2,0.0042478284,0.0022017686,0.9129773,0.03407268,0.008739592,0.0047197887,0.033041015,0.0151891885,1,R0_kfold_f1_s44_v5ctl,best,25
ISIC_0013126_downsampled,MSK4_0011608,MSK4_0011608,40-59,mskcc,5,False,5,0.011631387,0.0061971946,0.013163539,0.084610865,0.017574172,0.81511027,0.051712546,0.035402752,1,R0_kfold_f1_s44_v5ctl,best,25
ISIC_0013146_downsampled,MSK4_0011621,MSK4_0011621,60+,mskcc,2,False,5,0.052257277,0.25399327,0.019527994,0.1957493,0.002698273,0.35352167,0.12225222,0.3089488,1,R0_kfold_f1_s44_v5ctl,best,25
ISIC_0013167_downsampled,MSK4_0010591,MSK4_0010591,40-59,mskcc,2,False,2,0.006610127,0.004835102,0.9021985,0.046674892,0.0037488958,0.003809102,0.032123335,0.015194125,1,R0_kfold_f1_s44_v5ctl,best,25
ISIC_0013176_downsampled,MSK4_0011641,MSK4_0011641,<40,mskcc,5,False,5,0.008044839,0.007958001,0.0057320865,0.065572016,0.008116852,0.86062235,0.04395381,0.024119694,1,R0_kfold_f1_s44_v5ctl,best,25
ISIC_0013212_downsampled,MSK4_0010568,MSK4_0010568,<40,mskcc,5,False,5,0.0044176863,0.0044110767,0.005419462,0.19806401,0.003399317,0.74405026,0.0402381,0.01222808,1,R0_kfold_f1_s44_v5ctl,best,25
ISIC_0013223_downsampled,MSK4_0011682,MSK4_0011682,40-59,mskcc,2,False,2,0.021260902,0.0042194803,0.87303907,0.057838846,0.004974163,0.0026652163,0.036002338,0.030454546,1,R0_kfold_f1_s44_v5ctl,best,25
ISIC_0013230_downsampled,MSK4_0011687,MSK4_0011687,40-59,mskcc,5,False,5,0.011590076,0.0074995155,0.0074458066,0.07426212,0.0071347514,0.8408324,0.051235385,0.026224341,1,R0_kfold_f1_s44_v5ctl,best,25
ISIC_0013233_downsampled,MSK4_0011689,MSK4_0011689,60+,mskcc,5,False,5,0.010876107,0.008352515,0.008008968,0.069561206,0.008076645,0.8467833,0.0483412,0.027305268,1,R0_kfold_f1_s44_v5ctl,best,25
ISIC_0013242_downsampled,MSK4_0010725,MSK4_0010725,60+,mskcc,4,True,4,0.016374651,0.011323227,0.025934469,0.15666524,0.5721944,0.1266511,0.09085689,0.59989226,1,R0_kfold_f1_s44_v5ctl,best,25
ISIC_0013302_downsampled,MSK4_0011746,MSK4_0011746,40-59,mskcc,5,False,5,0.010706085,0.007546282,0.007566626,0.06909519,0.0042569577,0.85292554,0.047903374,0.022509325,1,R0_kfold_f1_s44_v5ctl,best,25
ISIC_0013310_downsampled,MSK4_0011749,MSK4_0011749,60+,mskcc,5,False,5,0.034467217,0.0045030494,0.14656596,0.18062375,0.003429698,0.5511086,0.0793018,0.042399965,1,R0_kfold_f1_s44_v5ctl,best,25
ISIC_0013359_downsampled,MSK4_0010062,MSK4_0010062,60+,mskcc,4,True,4,0.009197774,0.0077251527,0.0082581,0.06294112,0.8642179,0.0046940264,0.042965934,0.8811408,1,R0_kfold_f1_s44_v5ctl,best,25
ISIC_0013364_downsampled,MSK4_0011782,MSK4_0011782,40-59,mskcc,2,False,2,0.008553441,0.006183179,0.6617546,0.11853201,0.0066346135,0.13600026,0.06234187,0.021371234,1,R0_kfold_f1_s44_v5ctl,best,25
ISIC_0013374_downsampled,MSK4_0010877,MSK4_0010877,60+,mskcc,4,True,4,0.015077125,0.0061168987,0.015209795,0.06115415,0.8488271,0.0033821117,0.05023279,0.87002116,1,R0_kfold_f1_s44_v5ctl,best,25
ISIC_0013428_downsampled,MSK4_0010253,MSK4_0010253,40-59,mskcc,5,False,4,0.010617022,0.009331454,0.011395754,0.10871388,0.64915085,0.1338442,0.07694681,0.66909933,1,R0_kfold_f1_s44_v5ctl,best,25
ISIC_0013430_downsampled,MSK4_0011826,MSK4_0011826,<40,mskcc,5,False,5,0.011395032,0.009328753,0.0089178765,0.06953301,0.005366724,0.8455089,0.049949728,0.026090508,1,R0_kfold_f1_s44_v5ctl,best,25
ISIC_0013579_downsampled,MSK4_0010783,MSK4_0010783,60+,mskcc,4,True,2,0.006793437,0.005573243,0.84877855,0.05968464,0.018427059,0.015452467,0.045290615,0.03079374,1,R0_kfold_f1_s44_v5ctl,best,25
ISIC_0013625_downsampled,MSK4_0010251,MSK4_0010251,60+,mskcc,2,False,5,0.015843617,0.0063267443,0.0373437,0.103584066,0.04865117,0.71493405,0.07331668,0.07082153,1,R0_kfold_f1_s44_v5ctl,best,25
ISIC_0013651_downsampled,MSK4_0010312,MSK4_0010312,60+,mskcc,4,True,2,0.0043260856,0.003745188,0.80412215,0.07925641,0.031830747,0.019765837,0.056953564,0.03990202,1,R0_kfold_f1_s44_v5ctl,best,25
ISIC_0013663_downsampled,MSK4_0010102,MSK4_0010102,40-59,mskcc,4,True,5,0.006601295,0.007770908,0.022861239,0.23597108,0.044696476,0.6035402,0.07855882,0.05906868,1,R0_kfold_f1_s44_v5ctl,best,25
ISIC_0013690_downsampled,MSK4_0010456,MSK4_0010456,40-59,mskcc,5,False,5,0.010111232,0.00723851,0.008034613,0.06641705,0.0048080953,0.8527529,0.05063749,0.022157837,1,R0_kfold_f1_s44_v5ctl,best,25
ISIC_0013721_downsampled,MSK4_0010361,MSK4_0010361,60+,mskcc,5,False,2,0.00407539,0.0021780091,0.8964417,0.044241082,0.006214215,0.011653376,0.035196207,0.012467613,1,R0_kfold_f1_s44_v5ctl,best,25
ISIC_0013766_downsampled,MSK4_0010680,MSK4_0010680,60+,mskcc,4,True,4,0.027926972,0.0096935695,0.0058795256,0.09296063,0.6088891,0.16387978,0.09077047,0.64650965,1,R0_kfold_f1_s44_v5ctl,best,25
ISIC_0013782_downsampled,MSK4_0010562,MSK4_0010562,60+,mskcc,2,False,2,0.0049184435,0.0047118366,0.90154797,0.04494619,0.004055209,0.004852795,0.034967612,0.013685489,1,R0_kfold_f1_s44_v5ctl,best,25
ISIC_0013803_downsampled,MSK4_0011092,MSK4_0011092,40-59,mskcc,5,False,5,0.01088617,0.008160066,0.0073209377,0.06907838,0.0061285472,0.8456872,0.05273866,0.025174784,1,R0_kfold_f1_s44_v5ctl,best,25
ISIC_0013819_downsampled,MSK4_0010281,MSK4_0010281,60+,mskcc,5,False,5,0.012702105,0.008823875,0.008498553,0.07950973,0.0056370837,0.8346068,0.05022181,0.027163062,1,R0_kfold_f1_s44_v5ctl,best,25
ISIC_0013845_downsampled,MSK4_0010758,MSK4_0010758,60+,mskcc,4,True,4,0.0061743045,0.012555841,0.004215396,0.0648936,0.8429545,0.018356634,0.050849754,0.8616847,1,R0_kfold_f1_s44_v5ctl,best,25
ISIC_0013888_downsampled,MSK4_0010521,MSK4_0010521,60+,mskcc,5,False,5,0.010303798,0.00798114,0.010879446,0.06816329,0.004609092,0.8468676,0.051195707,0.022894032,1,R0_kfold_f1_s44_v5ctl,best,25
ISIC_0013890_downsampled,MSK4_0010631,MSK4_0010631,60+,mskcc,2,False,2,0.008988327,0.004845451,0.8702797,0.053961914,0.0047329324,0.011507923,0.045683675,0.01856671,1,R0_kfold_f1_s44_v5ctl,best,25
ISIC_0013987_downsampled,MSK4_0010905,MSK4_0010905,60+,mskcc,4,True,5,0.01117755,0.0070711696,0.0075538643,0.07274304,0.011631962,0.83481556,0.055006914,0.029880682,1,R0_kfold_f1_s44_v5ctl,best,25
ISIC_0013998_downsampled,MSK4_0010010,MSK4_0010010,40-59,mskcc,5,False,5,0.008292971,0.0067093777,0.0050369133,0.07613896,0.005066956,0.84554356,0.053211186,0.020069305,1,R0_kfold_f1_s44_v5ctl,best,25
ISIC_0014038_downsampled,MSK4_0011904,MSK4_0011904,40-59,mskcc,2,False,2,0.0069731586,0.0048311306,0.8876523,0.05093359,0.0066317595,0.004188516,0.038789522,0.018436048,1,R0_kfold_f1_s44_v5ctl,best,25
ISIC_0014080_downsampled,MSK4_0010263,MSK4_0010263,60+,mskcc,5,False,5,0.012367013,0.007711465,0.0076419194,0.07064413,0.006732583,0.84303015,0.05187281,0.026811061,1,R0_kfold_f1_s44_v5ctl,best,25
ISIC_0014103_downsampled,MSK4_0010022,MSK4_0010022,60+,mskcc,4,True,4,0.016361175,0.020928673,0.01207263,0.06465213,0.80692714,0.02875351,0.05030468,0.844217,1,R0_kfold_f1_s44_v5ctl,best,25
ISIC_0014120_downsampled,MSK4_0011927,MSK4_0011927,60+,mskcc,2,False,2,0.006906036,0.0033638158,0.8846148,0.052878305,0.0058902763,0.008362347,0.037984304,0.016160127,1,R0_kfold_f1_s44_v5ctl,best,25
ISIC_0014132_downsampled,MSK4_0011929,MSK4_0011929,40-59,mskcc,4,True,4,0.010960464,0.0066615753,0.0075417175,0.06931271,0.84685445,0.005442814,0.053226314,0.8644765,1,R0_kfold_f1_s44_v5ctl,best,25
ISIC_0014160_downsampled,MSK4_0010927,MSK4_0010927,40-59,mskcc,4,True,5,0.009848441,0.00780024,0.004356003,0.068133645,0.011320745,0.850438,0.04810293,0.028969426,1,R0_kfold_f1_s44_v5ctl,best,25
ISIC_0014169_downsampled,MSK4_0010633,MSK4_0010633,60+,mskcc,2,False,2,0.012180792,0.005326011,0.8255888,0.064496405,0.0076404046,0.0034236137,0.08134406,0.025147209,1,R0_kfold_f1_s44_v5ctl,best,25
ISIC_0014171_downsampled,MSK4_0010022,MSK4_0010022,60+,mskcc,4,True,0,0.43465748,0.0030550433,0.22443461,0.15901013,0.08595781,0.0072669354,0.08561799,0.5236703,1,R0_kfold_f1_s44_v5ctl,best,25
ISIC_0014190_downsampled,MSK4_0010788,MSK4_0010788,60+,mskcc,4,True,5,0.009490544,0.011222286,0.1259098,0.17063446,0.029013846,0.5732394,0.08048969,0.049726676,1,R0_kfold_f1_s44_v5ctl,best,25
ISIC_0014284_downsampled,MSK4_0010898,MSK4_0010898,40-59,mskcc,4,True,4,0.009962902,0.20738612,0.010140972,0.08852948,0.60502446,0.019091334,0.05986466,0.8223735,1,R0_kfold_f1_s44_v5ctl,best,25
ISIC_0014308_downsampled,MSK4_0010888,MSK4_0010888,60+,mskcc,4,True,4,0.0057196105,0.009083928,0.010462035,0.07030015,0.8198252,0.029405905,0.05520317,0.8346287,1,R0_kfold_f1_s44_v5ctl,best,25
ISIC_0014316_downsampled,MSK4_0010416,MSK4_0010416,60+,mskcc,4,True,4,0.009405749,0.00646374,0.007275797,0.081794135,0.8154617,0.024778532,0.05482042,0.8313312,1,R0_kfold_f1_s44_v5ctl,best,25
ISIC_0014325_downsampled,MSK4_0010896,MSK4_0010896,60+,mskcc,4,True,4,0.034038,0.005597296,0.0056107375,0.06725236,0.83085066,0.0024738917,0.054177016,0.87048596,1,R0_kfold_f1_s44_v5ctl,best,25
ISIC_0014410_downsampled,MSK4_0010397,MSK4_0010397,40-59,mskcc,2,False,2,0.008615929,0.006586127,0.8800853,0.054518532,0.007260676,0.0040421905,0.03889124,0.022462731,1,R0_kfold_f1_s44_v5ctl,best,25
ISIC_0014458_downsampled,MSK4_0010764,MSK4_0010764,40-59,mskcc,5,False,5,0.014607261,0.0066547543,0.008861281,0.08411517,0.033774503,0.79377186,0.058215193,0.05503652,1,R0_kfold_f1_s44_v5ctl,best,25
ISIC_0014473_downsampled,MSK4_0010619,MSK4_0010619,60+,mskcc,5,False,5,0.011322455,0.014399904,0.010014879,0.09836837,0.03820473,0.7584512,0.06923838,0.063927084,1,R0_kfold_f1_s44_v5ctl,best,25
ISIC_0014476_downsampled,MSK4_0010722,MSK4_0010722,60+,mskcc,4,True,5,0.012377118,0.010151404,0.00853489,0.08106154,0.011738911,0.8182028,0.05793333,0.034267433,1,R0_kfold_f1_s44_v5ctl,best,25
ISIC_0014480_downsampled,MSK4_0010023,MSK4_0010023,60+,mskcc,4,True,5,0.013521697,0.007428931,0.010516287,0.08525391,0.021539407,0.80957794,0.052161872,0.042490035,1,R0_kfold_f1_s44_v5ctl,best,25
ISIC_0014500_downsampled,MSK4_0010233,MSK4_0010233,60+,mskcc,2,False,2,0.010198671,0.0023472202,0.81598705,0.06561191,0.012597714,0.016465267,0.07679213,0.025143605,1,R0_kfold_f1_s44_v5ctl,best,25
ISIC_0014507_downsampled,MSK4_0010023,MSK4_0010023,60+,mskcc,4,True,4,0.011965353,0.0064706258,0.0074266475,0.06653094,0.8598769,0.0064830105,0.041246574,0.8783128,1,R0_kfold_f1_s44_v5ctl,best,25
ISIC_0014515_downsampled,MSK4_0010234,MSK4_0010234,60+,mskcc,2,False,2,0.01753013,0.0034914576,0.88403535,0.05167705,0.004816378,0.0016635237,0.03678608,0.025837965,1,R0_kfold_f1_s44_v5ctl,best,25
ISIC_0014518_downsampled,MSK4_0010753,MSK4_0010753,60+,mskcc,4,True,4,0.009189606,0.020458438,0.0058665196,0.043626126,0.8423075,0.033222985,0.04532877,0.8719556,1,R0_kfold_f1_s44_v5ctl,best,25
ISIC_0014526_downsampled,MSK4_0010105,MSK4_0010105,60+,mskcc,2,False,2,0.006145781,0.004702567,0.89473903,0.04822818,0.006228915,0.0047046733,0.035250735,0.017077263,1,R0_kfold_f1_s44_v5ctl,best,25
ISIC_0014527_downsampled,MSK4_0010971,MSK4_0010971,60+,mskcc,4,True,5,0.015979107,0.010750438,0.0125005795,0.17267029,0.33326775,0.3384032,0.11642869,0.3599973,1,R0_kfold_f1_s44_v5ctl,best,25
ISIC_0014541_downsampled,MSK4_0010446,MSK4_0010446,60+,mskcc,4,True,5,0.008914404,0.0077640917,0.011688214,0.0942427,0.09120417,0.7093947,0.07679169,0.10788266,1,R0_kfold_f1_s44_v5ctl,best,25
ISIC_0014542_downsampled,MSK4_0010447,MSK4_0010447,60+,mskcc,4,True,5,0.013888886,0.01667608,0.16390103,0.108451605,0.012813428,0.58666253,0.09760638,0.043378394,1,R0_kfold_f1_s44_v5ctl,best,25
ISIC_0014571_downsampled,__singleton__ISIC_0014571_downsampled,__singleton__ISIC_0014571_downsampled,60+,mskcc,2,False,2,0.008472724,0.006769628,0.87727857,0.056932572,0.005499298,0.003993283,0.041053824,0.020741649,1,R0_kfold_f1_s44_v5ctl,best,25
ISIC_0014600_downsampled,__singleton__ISIC_0014600_downsampled,__singleton__ISIC_0014600_downsampled,60+,mskcc,2,False,2,0.013483863,0.008495351,0.7756687,0.09572614,0.021994786,0.029741261,0.054889932,0.043974,1,R0_kfold_f1_s44_v5ctl,best,25
ISIC_0014619_downsampled,__singleton__ISIC_0014619_downsampled,__singleton__ISIC_0014619_downsampled,60+,mskcc,2,False,2,0.29810408,0.030967241,0.49108657,0.09810707,0.011829137,0.0009039457,0.06900194,0.34090045,1,R0_kfold_f1_s44_v5ctl,best,25
ISIC_0014622_downsampled,__singleton__ISIC_0014622_downsampled,__singleton__ISIC_0014622_downsampled,60+,mskcc,2,False,2,0.010516932,0.008283406,0.86932623,0.057747692,0.0051764054,0.0044824253,0.044466786,0.023976743,1,R0_kfold_f1_s44_v5ctl,best,25
ISIC_0014632_downsampled,__singleton__ISIC_0014632_downsampled,__singleton__ISIC_0014632_downsampled,60+,mskcc,2,False,2,0.008905068,0.0057108724,0.88540006,0.051548384,0.0052663633,0.005879013,0.0372903,0.019882303,1,R0_kfold_f1_s44_v5ctl,best,25
ISIC_0014641_downsampled,__singleton__ISIC_0014641_downsampled,__singleton__ISIC_0014641_downsampled,60+,mskcc,2,False,2,0.0071220486,0.004005325,0.889746,0.0484741,0.005469263,0.011982824,0.03320043,0.016596636,1,R0_kfold_f1_s44_v5ctl,best,25
ISIC_0014644_downsampled,__singleton__ISIC_0014644_downsampled,__singleton__ISIC_0014644_downsampled,60+,mskcc,2,False,2,0.01176775,0.0065121786,0.8861493,0.050497666,0.0036200874,0.0033109833,0.03814203,0.021900017,1,R0_kfold_f1_s44_v5ctl,best,25
ISIC_0014663_downsampled,__singleton__ISIC_0014663_downsampled,__singleton__ISIC_0014663_downsampled,60+,mskcc,4,True,5,0.022098187,0.011538207,0.0044867345,0.099887796,0.15901151,0.62125677,0.08172085,0.1926479,1,R0_kfold_f1_s44_v5ctl,best,25
ISIC_0014687_downsampled,__singleton__ISIC_0014687_downsampled,__singleton__ISIC_0014687_downsampled,40-59,mskcc,5,False,5,0.012817457,0.008204604,0.0072879023,0.07154422,0.011988854,0.8333022,0.054854747,0.033010915,1,R0_kfold_f1_s44_v5ctl,best,25
ISIC_0014694_downsampled,__singleton__ISIC_0014694_downsampled,__singleton__ISIC_0014694_downsampled,<40,mskcc,5,False,5,0.009310988,0.0075207017,0.0057513695,0.07086911,0.012337502,0.8434035,0.050806765,0.02916919,1,R0_kfold_f1_s44_v5ctl,best,25
ISIC_0014695_downsampled,__singleton__ISIC_0014695_downsampled,__singleton__ISIC_0014695_downsampled,40-59,mskcc,4,True,2,0.0064581195,0.0116683,0.86265427,0.063236535,0.0045675486,0.007442422,0.043972712,0.02269397,1,R0_kfold_f1_s44_v5ctl,best,25
ISIC_0014712_downsampled,__singleton__ISIC_0014712_downsampled,__singleton__ISIC_0014712_downsampled,unknown,mskcc,2,False,2,0.0055974717,0.0030604058,0.90422827,0.04862957,0.0070271487,0.0027714237,0.028685667,0.015685026,1,R0_kfold_f1_s44_v5ctl,best,25
ISIC_0014720_downsampled,__singleton__ISIC_0014720_downsampled,__singleton__ISIC_0014720_downsampled,<40,mskcc,5,False,5,0.013337282,0.007921764,0.009981326,0.07682424,0.017212179,0.8203363,0.0543869,0.038471226,1,R0_kfold_f1_s44_v5ctl,best,25
ISIC_0014770_downsampled,__singleton__ISIC_0014770_downsampled,__singleton__ISIC_0014770_downsampled,40-59,mskcc,2,False,2,0.01595657,0.0153053105,0.51045275,0.14808263,0.0021362116,0.20756258,0.100503914,0.03339809,1,R0_kfold_f1_s44_v5ctl,best,25
ISIC_0014784_downsampled,__singleton__ISIC_0014784_downsampled,__singleton__ISIC_0014784_downsampled,40-59,mskcc,4,True,4,0.010587886,0.008417286,0.009330789,0.08325405,0.8134552,0.014235863,0.06071889,0.8324604,1,R0_kfold_f1_s44_v5ctl,best,25
ISIC_0014787_downsampled,__singleton__ISIC_0014787_downsampled,__singleton__ISIC_0014787_downsampled,40-59,mskcc,5,False,4,0.01358038,0.012362796,0.009611875,0.14160238,0.4621576,0.25971752,0.100967415,0.48810077,1,R0_kfold_f1_s44_v5ctl,best,25
ISIC_0014796_downsampled,__singleton__ISIC_0014796_downsampled,__singleton__ISIC_0014796_downsampled,unknown,mskcc,5,False,5,0.011979251,0.0084867915,0.008328838,0.0686889,0.011646991,0.8402701,0.050599076,0.032113034,1,R0_kfold_f1_s44_v5ctl,best,25
ISIC_0014803_downsampled,__singleton__ISIC_0014803_downsampled,__singleton__ISIC_0014803_downsampled,<40,mskcc,5,False,5,0.014717566,0.0077430084,0.009996379,0.07497642,0.0093242545,0.8338666,0.049375687,0.03178483,1,R0_kfold_f1_s44_v5ctl,best,25
ISIC_0014808_downsampled,__singleton__ISIC_0014808_downsampled,__singleton__ISIC_0014808_downsampled,40-59,mskcc,5,False,5,0.010107173,0.008476958,0.007774829,0.07045001,0.009230715,0.8434299,0.050530437,0.027814846,1,R0_kfold_f1_s44_v5ctl,best,25
ISIC_0014809_downsampled,__singleton__ISIC_0014809_downsampled,__singleton__ISIC_0014809_downsampled,60+,mskcc,4,True,4,0.011554337,0.005923585,0.0076617855,0.06406398,0.8579386,0.0048316885,0.048026077,0.8754165,1,R0_kfold_f1_s44_v5ctl,best,25
ISIC_0014815_downsampled,__singleton__ISIC_0014815_downsampled,__singleton__ISIC_0014815_downsampled,unknown,mskcc,5,False,5,0.011705569,0.007856072,0.0073578786,0.07098485,0.009255757,0.84037507,0.052464817,0.028817397,1,R0_kfold_f1_s44_v5ctl,best,25
ISIC_0014826_downsampled,__singleton__ISIC_0014826_downsampled,__singleton__ISIC_0014826_downsampled,40-59,mskcc,4,True,5,0.0116181495,0.006092719,0.0073582097,0.066075794,0.007148088,0.8544061,0.047300912,0.024858955,1,R0_kfold_f1_s44_v5ctl,best,25
ISIC_0014831_downsampled,__singleton__ISIC_0014831_downsampled,__singleton__ISIC_0014831_downsampled,40-59,mskcc,2,False,4,0.01731175,0.019320264,0.009939194,0.1309362,0.53305113,0.2064937,0.082947746,0.56968313,1,R0_kfold_f1_s44_v5ctl,best,25
ISIC_0014834_downsampled,__singleton__ISIC_0014834_downsampled,__singleton__ISIC_0014834_downsampled,unknown,mskcc,5,False,5,0.015249409,0.008965876,0.014418126,0.08562562,0.11056356,0.69904333,0.06613409,0.13477884,1,R0_kfold_f1_s44_v5ctl,best,25
ISIC_0014857_downsampled,__singleton__ISIC_0014857_downsampled,__singleton__ISIC_0014857_downsampled,60+,mskcc,4,True,4,0.05528716,0.014550162,0.0048163026,0.092307046,0.76305157,0.0063708597,0.063616924,0.8328889,1,R0_kfold_f1_s44_v5ctl,best,25
ISIC_0014910_downsampled,__singleton__ISIC_0014910_downsampled,__singleton__ISIC_0014910_downsampled,<40,mskcc,5,False,5,0.009556349,0.006752607,0.006412874,0.06465722,0.006948361,0.85844237,0.047230106,0.023257317,1,R0_kfold_f1_s44_v5ctl,best,25
ISIC_0014915_downsampled,__singleton__ISIC_0014915_downsampled,__singleton__ISIC_0014915_downsampled,<40,mskcc,5,False,5,0.010385469,0.007869493,0.008767048,0.07142875,0.0060045687,0.843387,0.052157603,0.02425953,1,R0_kfold_f1_s44_v5ctl,best,25
ISIC_0014929_downsampled,__singleton__ISIC_0014929_downsampled,__singleton__ISIC_0014929_downsampled,<40,mskcc,5,False,5,0.011561439,0.008047604,0.006639945,0.06807376,0.0061508915,0.8482109,0.051315423,0.025759935,1,R0_kfold_f1_s44_v5ctl,best,25
ISIC_0014932_downsampled,__singleton__ISIC_0014932_downsampled,__singleton__ISIC_0014932_downsampled,unknown,mskcc,4,True,4,0.0132324705,0.005083316,0.017505508,0.11824194,0.6681422,0.084426284,0.09336825,0.686458,1,R0_kfold_f1_s44_v5ctl,best,25
ISIC_0014933_downsampled,__singleton__ISIC_0014933_downsampled,__singleton__ISIC_0014933_downsampled,<40,mskcc,5,False,5,0.0119336415,0.007805049,0.007631928,0.06809716,0.0065278276,0.84581375,0.052190606,0.026266519,1,R0_kfold_f1_s44_v5ctl,best,25
ISIC_0014949_downsampled,__singleton__ISIC_0014949_downsampled,__singleton__ISIC_0014949_downsampled,60+,mskcc,5,False,5,0.011431961,0.008490372,0.008073453,0.074256465,0.008432454,0.83717096,0.052144427,0.02835479,1,R0_kfold_f1_s44_v5ctl,best,25
ISIC_0014952_downsampled,__singleton__ISIC_0014952_downsampled,__singleton__ISIC_0014952_downsampled,40-59,mskcc,5,False,5,0.011450807,0.007090274,0.0084150145,0.07064795,0.012515041,0.8356795,0.054201405,0.031056121,1,R0_kfold_f1_s44_v5ctl,best,25
ISIC_0014968_downsampled,__singleton__ISIC_0014968_downsampled,__singleton__ISIC_0014968_downsampled,unknown,mskcc,5,False,5,0.009822314,0.007826238,0.007424056,0.07319268,0.011315758,0.8389053,0.051513772,0.02896431,1,R0_kfold_f1_s44_v5ctl,best,25
ISIC_0014979_downsampled,__singleton__ISIC_0014979_downsampled,__singleton__ISIC_0014979_downsampled,60+,mskcc,4,True,5,0.09487832,0.011895293,0.004280936,0.18413539,0.123314396,0.47790754,0.10358808,0.23008801,1,R0_kfold_f1_s44_v5ctl,best,25
ISIC_0015004_downsampled,__singleton__ISIC_0015004_downsampled,__singleton__ISIC_0015004_downsampled,60+,mskcc,4,True,5,0.012793822,0.009795705,0.005583477,0.075555325,0.011780445,0.8289844,0.05550683,0.03436997,1,R0_kfold_f1_s44_v5ctl,best,25
ISIC_0015016_downsampled,__singleton__ISIC_0015016_downsampled,__singleton__ISIC_0015016_downsampled,<40,mskcc,5,False,5,0.009896198,0.007010679,0.0071839313,0.06704906,0.0061527602,0.8542267,0.04848056,0.023059638,1,R0_kfold_f1_s44_v5ctl,best,25
ISIC_0015062_downsampled,__singleton__ISIC_0015062_downsampled,__singleton__ISIC_0015062_downsampled,40-59,mskcc,2,False,4,0.008216341,0.012513279,0.34813386,0.13791917,0.39064205,0.0040072645,0.098568074,0.41137168,1,R0_kfold_f1_s44_v5ctl,best,25
ISIC_0015119_downsampled,__singleton__ISIC_0015119_downsampled,__singleton__ISIC_0015119_downsampled,40-59,mskcc,4,True,4,0.012408353,0.009275315,0.007175745,0.06506296,0.85159254,0.003653355,0.05083177,0.87327623,1,R0_kfold_f1_s44_v5ctl,best,25
ISIC_0015144_downsampled,__singleton__ISIC_0015144_downsampled,__singleton__ISIC_0015144_downsampled,<40,mskcc,5,False,5,0.011868647,0.0068934048,0.007685948,0.06976853,0.008653324,0.84783953,0.047290605,0.027415376,1,R0_kfold_f1_s44_v5ctl,best,25
ISIC_0015163_downsampled,__singleton__ISIC_0015163_downsampled,__singleton__ISIC_0015163_downsampled,60+,mskcc,4,True,4,0.01127035,0.008155548,0.0074040275,0.09967241,0.77315253,0.034686442,0.06565877,0.79257846,1,R0_kfold_f1_s44_v5ctl,best,25
ISIC_0015167_downsampled,__singleton__ISIC_0015167_downsampled,__singleton__ISIC_0015167_downsampled,unknown,mskcc,4,True,4,0.0107812295,0.0075627603,0.0068724332,0.06282647,0.8657705,0.0031837905,0.043002862,0.8841145,1,R0_kfold_f1_s44_v5ctl,best,25
ISIC_0015182_downsampled,__singleton__ISIC_0015182_downsampled,__singleton__ISIC_0015182_downsampled,40-59,mskcc,2,False,2,0.018279742,0.0064637368,0.37927914,0.15152103,0.006906821,0.33855078,0.09899873,0.0316503,1,R0_kfold_f1_s44_v5ctl,best,25
ISIC_0015206_downsampled,__singleton__ISIC_0015206_downsampled,__singleton__ISIC_0015206_downsampled,40-59,mskcc,4,True,5,0.010434483,0.0072214166,0.0068939016,0.068744905,0.0075790375,0.85159636,0.047530018,0.025234938,1,R0_kfold_f1_s44_v5ctl,best,25
ISIC_0015229_downsampled,__singleton__ISIC_0015229_downsampled,__singleton__ISIC_0015229_downsampled,60+,mskcc,4,True,4,0.0119282855,0.008157099,0.008983134,0.064373285,0.8546031,0.0056447173,0.04631026,0.8746885,1,R0_kfold_f1_s44_v5ctl,best,25
ISIC_0015256_downsampled,__singleton__ISIC_0015256_downsampled,__singleton__ISIC_0015256_downsampled,60+,mskcc,4,True,5,0.011950357,0.0068596797,0.0077258656,0.07069382,0.0067665298,0.84945315,0.046550687,0.025576567,1,R0_kfold_f1_s44_v5ctl,best,25
ISIC_0015283_downsampled,__singleton__ISIC_0015283_downsampled,__singleton__ISIC_0015283_downsampled,<40,mskcc,5,False,5,0.011225818,0.007989593,0.0075562405,0.072054304,0.008553181,0.84097385,0.051646996,0.027768591,1,R0_kfold_f1_s44_v5ctl,best,25
ISIC_0015310_downsampled,__singleton__ISIC_0015310_downsampled,__singleton__ISIC_0015310_downsampled,<40,mskcc,5,False,5,0.015066315,0.008944066,0.008867586,0.07298896,0.0054818345,0.833182,0.05546933,0.029492218,1,R0_kfold_f1_s44_v5ctl,best,25
ISIC_0015386_downsampled,__singleton__ISIC_0015386_downsampled,__singleton__ISIC_0015386_downsampled,40-59,mskcc,5,False,4,0.021491367,0.012237695,0.0120339235,0.15448388,0.39711684,0.2974574,0.10517889,0.43084592,1,R0_kfold_f1_s44_v5ctl,best,25
ISIC_0015416_downsampled,__singleton__ISIC_0015416_downsampled,__singleton__ISIC_0015416_downsampled,<40,mskcc,5,False,5,0.022642441,0.012824031,0.014311551,0.124259554,0.1354946,0.5942611,0.09620665,0.17096108,1,R0_kfold_f1_s44_v5ctl,best,25
ISIC_0015436_downsampled,__singleton__ISIC_0015436_downsampled,__singleton__ISIC_0015436_downsampled,60+,mskcc,5,False,5,0.011286329,0.008179034,0.0063322247,0.066266194,0.011505913,0.83527005,0.061160196,0.030971276,1,R0_kfold_f1_s44_v5ctl,best,25
ISIC_0015447_downsampled,__singleton__ISIC_0015447_downsampled,__singleton__ISIC_0015447_downsampled,40-59,mskcc,5,False,5,0.014029581,0.0073748385,0.010045977,0.07028532,0.0069119134,0.8394032,0.0519491,0.028316332,1,R0_kfold_f1_s44_v5ctl,best,25
ISIC_0015485_downsampled,__singleton__ISIC_0015485_downsampled,__singleton__ISIC_0015485_downsampled,unknown,mskcc,5,False,5,0.014339444,0.0093709845,0.02155879,0.09515903,0.02702547,0.7703555,0.062190723,0.0507359,1,R0_kfold_f1_s44_v5ctl,best,25
ISIC_0015544_downsampled,__singleton__ISIC_0015544_downsampled,__singleton__ISIC_0015544_downsampled,unknown,mskcc,5,False,5,0.012289539,0.006875744,0.0053383703,0.074414395,0.04438989,0.8066405,0.050051495,0.06355517,1,R0_kfold_f1_s44_v5ctl,best,25
ISIC_0015559_downsampled,__singleton__ISIC_0015559_downsampled,__singleton__ISIC_0015559_downsampled,<40,mskcc,5,False,5,0.011467797,0.0073664743,0.0072024316,0.067628615,0.0071877856,0.8510834,0.048063524,0.026022056,1,R0_kfold_f1_s44_v5ctl,best,25
ISIC_0015614_downsampled,__singleton__ISIC_0015614_downsampled,__singleton__ISIC_0015614_downsampled,<40,mskcc,5,False,5,0.0102518415,0.008342943,0.010793343,0.071859255,0.0057687545,0.8391928,0.053791143,0.02436354,1,R0_kfold_f1_s44_v5ctl,best,25
ISIC_0015617_downsampled,__singleton__ISIC_0015617_downsampled,__singleton__ISIC_0015617_downsampled,60+,mskcc,5,False,5,0.012750827,0.007794785,0.008200969,0.07053263,0.006733178,0.84050953,0.053477984,0.027278788,1,R0_kfold_f1_s44_v5ctl,best,25
ISIC_0015936_downsampled,__singleton__ISIC_0015936_downsampled,__singleton__ISIC_0015936_downsampled,40-59,mskcc,5,False,5,0.0110241035,0.007170436,0.008577462,0.07097802,0.007841333,0.8429133,0.05149526,0.026035871,1,R0_kfold_f1_s44_v5ctl,best,25
ISIC_0015939_downsampled,__singleton__ISIC_0015939_downsampled,__singleton__ISIC_0015939_downsampled,40-59,mskcc,5,False,5,0.011347908,0.008119456,0.008591144,0.073390484,0.00633639,0.8392256,0.052988976,0.025803752,1,R0_kfold_f1_s44_v5ctl,best,25
ISIC_0015942_downsampled,__singleton__ISIC_0015942_downsampled,__singleton__ISIC_0015942_downsampled,<40,mskcc,5,False,5,0.011783424,0.007970703,0.008211726,0.07152443,0.006576821,0.84180385,0.052129053,0.026330948,1,R0_kfold_f1_s44_v5ctl,best,25
ISIC_0015950_downsampled,__singleton__ISIC_0015950_downsampled,__singleton__ISIC_0015950_downsampled,<40,mskcc,5,False,5,0.011035213,0.0066415607,0.00897622,0.06851734,0.0057107634,0.84745467,0.051664226,0.023387538,1,R0_kfold_f1_s44_v5ctl,best,25
ISIC_0015951_downsampled,__singleton__ISIC_0015951_downsampled,__singleton__ISIC_0015951_downsampled,60+,mskcc,5,False,5,0.012327427,0.009656499,0.013412762,0.075900115,0.005274278,0.8223012,0.061127663,0.027258202,1,R0_kfold_f1_s44_v5ctl,best,25
ISIC_0015956_downsampled,__singleton__ISIC_0015956_downsampled,__singleton__ISIC_0015956_downsampled,40-59,mskcc,5,False,5,0.010743009,0.0069831526,0.0084173,0.066535845,0.006902926,0.85079974,0.04961801,0.024629086,1,R0_kfold_f1_s44_v5ctl,best,25
ISIC_0015958_downsampled,__singleton__ISIC_0015958_downsampled,__singleton__ISIC_0015958_downsampled,40-59,mskcc,5,False,5,0.010418591,0.009723488,0.021755151,0.0788372,0.00480234,0.8255378,0.04892551,0.024944419,1,R0_kfold_f1_s44_v5ctl,best,25
ISIC_0015966_downsampled,__singleton__ISIC_0015966_downsampled,__singleton__ISIC_0015966_downsampled,60+,mskcc,5,False,5,0.013219226,0.008711234,0.015318926,0.07720268,0.004138198,0.82512844,0.056281358,0.026068658,1,R0_kfold_f1_s44_v5ctl,best,25
ISIC_0015989_downsampled,__singleton__ISIC_0015989_downsampled,__singleton__ISIC_0015989_downsampled,60+,mskcc,5,False,5,0.012239096,0.008751122,0.009109491,0.07326837,0.0046967855,0.8404511,0.051484037,0.025687005,1,R0_kfold_f1_s44_v5ctl,best,25
ISIC_0015990_downsampled,__singleton__ISIC_0015990_downsampled,__singleton__ISIC_0015990_downsampled,<40,mskcc,5,False,5,0.010866796,0.0074151866,0.008020619,0.07037946,0.008162203,0.8448127,0.050343145,0.026444186,1,R0_kfold_f1_s44_v5ctl,best,25
ISIC_0015998_downsampled,__singleton__ISIC_0015998_downsampled,__singleton__ISIC_0015998_downsampled,60+,mskcc,5,False,4,0.010303756,0.0056620254,0.0048951986,0.05206671,0.87038,0.013270677,0.04342166,0.88634574,1,R0_kfold_f1_s44_v5ctl,best,25
ISIC_0016012_downsampled,__singleton__ISIC_0016012_downsampled,__singleton__ISIC_0016012_downsampled,60+,mskcc,5,False,5,0.012083928,0.008126265,0.009807277,0.070322365,0.0067544165,0.8422602,0.0506456,0.02696461,1,R0_kfold_f1_s44_v5ctl,best,25
ISIC_0016013_downsampled,__singleton__ISIC_0016013_downsampled,__singleton__ISIC_0016013_downsampled,60+,mskcc,5,False,5,0.012613974,0.006832271,0.0119985165,0.074564,0.0060517313,0.8351469,0.05279251,0.025497977,1,R0_kfold_f1_s44_v5ctl,best,25
ISIC_0016025_downsampled,__singleton__ISIC_0016025_downsampled,__singleton__ISIC_0016025_downsampled,<40,mskcc,5,False,5,0.011009974,0.007200366,0.007917971,0.07076543,0.0066484786,0.84563094,0.050826833,0.02485882,1,R0_kfold_f1_s44_v5ctl,best,25
ISIC_0016028_downsampled,__singleton__ISIC_0016028_downsampled,__singleton__ISIC_0016028_downsampled,40-59,mskcc,5,False,5,0.011882845,0.007429548,0.010490566,0.06920815,0.0052485773,0.8475749,0.048165355,0.02456097,1,R0_kfold_f1_s44_v5ctl,best,25
ISIC_0016040_downsampled,__singleton__ISIC_0016040_downsampled,__singleton__ISIC_0016040_downsampled,40-59,mskcc,5,False,5,0.011282061,0.006855143,0.020671228,0.08547871,0.007141278,0.8122251,0.05634652,0.025278483,1,R0_kfold_f1_s44_v5ctl,best,25
ISIC_0016045_downsampled,__singleton__ISIC_0016045_downsampled,__singleton__ISIC_0016045_downsampled,60+,mskcc,5,False,5,0.011041553,0.007433389,0.0073864106,0.06930262,0.006899259,0.8487862,0.049150612,0.0253742,1,R0_kfold_f1_s44_v5ctl,best,25
ISIC_0016049_downsampled,__singleton__ISIC_0016049_downsampled,__singleton__ISIC_0016049_downsampled,40-59,mskcc,5,False,4,0.016808603,0.007878979,0.008097303,0.11312853,0.66852915,0.104602255,0.08095523,0.69321674,1,R0_kfold_f1_s44_v5ctl,best,25
ISIC_0024307,HAM_0003577,HAM_0003577,40-59,ham,5,False,5,0.012093361,0.0072849574,0.0075755618,0.06928539,0.0077891843,0.8472047,0.048766885,0.027167503,1,R0_kfold_f1_s44_v5ctl,best,25
ISIC_0024316,HAM_0002718,HAM_0002718,40-59,ham,5,False,5,0.011522944,0.0076182485,0.008315577,0.070067234,0.006710232,0.8441194,0.051646385,0.025851425,1,R0_kfold_f1_s44_v5ctl,best,25
ISIC_0024325,HAM_0002044,HAM_0002044,40-59,ham,5,False,5,0.012290197,0.0072434274,0.007779241,0.06672754,0.0071423547,0.8481939,0.050623413,0.02667598,1,R0_kfold_f1_s44_v5ctl,best,25
ISIC_0024333,HAM_0007511,HAM_0007511,60+,ham,4,True,4,0.011261984,0.011298176,0.008298939,0.078629315,0.82543707,0.011913825,0.05316078,0.84799725,1,R0_kfold_f1_s44_v5ctl,best,25
ISIC_0024348,HAM_0002426,HAM_0002426,40-59,ham,5,False,5,0.013075649,0.0075323065,0.009432972,0.06938757,0.0073952246,0.8411354,0.05204094,0.02800318,1,R0_kfold_f1_s44_v5ctl,best,25
ISIC_0024351,HAM_0001349,HAM_0001349,60+,ham,4,True,5,0.013784184,0.008531014,0.011941766,0.076053165,0.010581646,0.8213243,0.057783928,0.032896847,1,R0_kfold_f1_s44_v5ctl,best,25
ISIC_0024364,HAM_0004535,HAM_0004535,40-59,ham,5,False,5,0.036562312,0.005129882,0.060148913,0.1627354,0.003663666,0.6349535,0.09680631,0.04535586,1,R0_kfold_f1_s44_v5ctl,best,25
ISIC_0024370,HAM_0001780,HAM_0001780,40-59,ham,6,False,6,0.0012584524,0.0008136559,0.0008586346,0.0076444284,0.000570184,0.00046345,0.9883913,0.0026422925,1,R0_kfold_f1_s44_v5ctl,best,25
ISIC_0024373,HAM_0003297,HAM_0003297,60+,ham,5,False,5,0.011878683,0.007266572,0.007947327,0.07151973,0.0067556724,0.84351456,0.05111751,0.025900928,1,R0_kfold_f1_s44_v5ctl,best,25
ISIC_0024376,HAM_0000984,HAM_0000984,40-59,ham,5,False,5,0.011228225,0.00790193,0.008299137,0.07345791,0.0058882427,0.8419486,0.051275812,0.025018398,1,R0_kfold_f1_s44_v5ctl,best,25
ISIC_0024398,HAM_0001672,HAM_0001672,60+,ham,5,False,5,0.011547057,0.0073668594,0.007723761,0.06897565,0.0064951694,0.8477433,0.0501482,0.025409088,1,R0_kfold_f1_s44_v5ctl,best,25
ISIC_0024400,HAM_0006751,HAM_0006751,60+,ham,4,True,2,0.102887005,0.015687719,0.3791672,0.2053242,0.11434559,0.0022347183,0.18035355,0.23292032,1,R0_kfold_f1_s44_v5ctl,best,25
ISIC_0024420,HAM_0006201,HAM_0006201,40-59,ham,2,False,2,0.015213539,0.005733453,0.88624775,0.050148003,0.004441484,0.0044761524,0.03373958,0.025388476,1,R0_kfold_f1_s44_v5ctl,best,25
ISIC_0024421,HAM_0001260,HAM_0001260,<40,ham,5,False,5,0.013036223,0.008505275,0.0104960995,0.07420748,0.007180533,0.82957375,0.057000678,0.028722031,1,R0_kfold_f1_s44_v5ctl,best,25
ISIC_0024435,HAM_0003317,HAM_0003317,40-59,ham,2,False,2,0.007989924,0.0071030557,0.88438755,0.05391105,0.003887338,0.0038933614,0.038827837,0.018980319,1,R0_kfold_f1_s44_v5ctl,best,25
ISIC_0024464,HAM_0005604,HAM_0005604,<40,ham,5,False,5,0.0115048345,0.007419725,0.0077051567,0.068157,0.006550848,0.8481176,0.050544884,0.025475409,1,R0_kfold_f1_s44_v5ctl,best,25
ISIC_0024468,HAM_0006301,HAM_0006301,60+,ham,0,True,0,0.92434555,0.005667121,0.0023995347,0.035293262,0.0033242607,0.0020809937,0.026889274,0.933337,1,R0_kfold_f1_s44_v5ctl,best,25
ISIC_0024495,HAM_0006466,HAM_0006466,40-59,ham,2,False,5,0.01314243,0.0077581173,0.010345844,0.072990455,0.007081556,0.8364652,0.05221645,0.027982105,1,R0_kfold_f1_s44_v5ctl,best,25
ISIC_0024525,HAM_0005540,HAM_0005540,60+,ham,4,True,4,0.008336117,0.0079183895,0.04472465,0.07316414,0.8081977,0.0065648877,0.051094096,0.82445216,1,R0_kfold_f1_s44_v5ctl,best,25
ISIC_0024534,HAM_0003207,HAM_0003207,40-59,ham,5,False,5,0.011955894,0.0071148407,0.010176241,0.0717235,0.0066893627,0.84121865,0.05112148,0.025760096,1,R0_kfold_f1_s44_v5ctl,best,25
ISIC_0024538,HAM_0000397,HAM_0000397,<40,ham,5,False,5,0.013100283,0.007772261,0.009207243,0.06908602,0.0060425107,0.8407241,0.054067656,0.026915055,1,R0_kfold_f1_s44_v5ctl,best,25
ISIC_0024546,HAM_0000952,HAM_0000952,60+,ham,4,True,2,0.06801702,0.004429323,0.61850226,0.08369096,0.03778017,0.12888682,0.05869337,0.11022651,1,R0_kfold_f1_s44_v5ctl,best,25
ISIC_0024548,HAM_0007441,HAM_0007441,60+,ham,5,False,5,0.010734654,0.006725005,0.0071183457,0.06702666,0.0058139735,0.85277224,0.04980911,0.023273632,1,R0_kfold_f1_s44_v5ctl,best,25
ISIC_0024549,HAM_0002385,HAM_0002385,60+,ham,5,False,5,0.011877447,0.007850288,0.008637039,0.07242813,0.0062173367,0.84275866,0.05023109,0.025945073,1,R0_kfold_f1_s44_v5ctl,best,25
ISIC_0024553,HAM_0005330,HAM_0005330,40-59,ham,3,False,3,0.0017926502,0.001448408,0.0007583856,0.99066,0.00069701165,0.00037576136,0.00426764,0.00393807,1,R0_kfold_f1_s44_v5ctl,best,25
ISIC_0024591,HAM_0006068,HAM_0006068,<40,ham,5,False,5,0.0123568885,0.007640814,0.0072918027,0.067928195,0.0068431944,0.8480613,0.04987775,0.026840897,1,R0_kfold_f1_s44_v5ctl,best,25
ISIC_0024598,HAM_0000748,HAM_0000748,60+,ham,5,False,5,0.012545527,0.0073333583,0.0073174275,0.07101541,0.0066026105,0.84124905,0.053936727,0.026481494,1,R0_kfold_f1_s44_v5ctl,best,25
ISIC_0024604,HAM_0003767,HAM_0003767,60+,ham,5,False,5,0.012495056,0.010327763,0.009289505,0.06646707,0.0050961818,0.84023154,0.05609294,0.027919002,1,R0_kfold_f1_s44_v5ctl,best,25
ISIC_0024620,HAM_0001881,HAM_0001881,<40,ham,5,False,5,0.011393303,0.008037111,0.008172766,0.07272814,0.007802407,0.8386814,0.053184923,0.02723282,1,R0_kfold_f1_s44_v5ctl,best,25
ISIC_0024624,HAM_0000210,HAM_0000210,60+,ham,4,True,2,0.007121107,0.0057273484,0.88173777,0.05337091,0.009212656,0.0023863597,0.04044375,0.022061111,1,R0_kfold_f1_s44_v5ctl,best,25
ISIC_0024626,HAM_0007621,HAM_0007621,60+,ham,2,False,2,0.008570385,0.005146156,0.8962675,0.047986597,0.0038740376,0.003694488,0.034460973,0.017590579,1,R0_kfold_f1_s44_v5ctl,best,25
ISIC_0024630,HAM_0007511,HAM_0007511,60+,ham,4,True,4,0.008871673,0.007270495,0.0061978977,0.054155037,0.8809826,0.0044723856,0.03804992,0.89712477,1,R0_kfold_f1_s44_v5ctl,best,25
ISIC_0024639,HAM_0003797,HAM_0003797,60+,ham,5,False,5,0.012303973,0.007120925,0.007785198,0.06963713,0.007042227,0.8433633,0.052747253,0.026467124,1,R0_kfold_f1_s44_v5ctl,best,25
ISIC_0024643,HAM_0005101,HAM_0005101,<40,ham,2,False,2,0.0073875175,0.0042451713,0.9071943,0.045355495,0.0034309127,0.002434608,0.029952005,0.015063601,1,R0_kfold_f1_s44_v5ctl,best,25
ISIC_0024657,HAM_0005537,HAM_0005537,60+,ham,5,False,4,0.08004368,0.010870335,0.20889662,0.15279812,0.254975,0.20807993,0.08433634,0.345889,1,R0_kfold_f1_s44_v5ctl,best,25
ISIC_0024664,HAM_0001604,HAM_0001604,40-59,ham,5,False,5,0.011403206,0.010284877,0.008553694,0.07823309,0.0068098996,0.8287738,0.055941306,0.028497983,1,R0_kfold_f1_s44_v5ctl,best,25
ISIC_0024667,HAM_0000248,HAM_0000248,40-59,ham,5,False,5,0.01176556,0.006777786,0.0071985684,0.06998225,0.0064336755,0.84548753,0.052354623,0.02497702,1,R0_kfold_f1_s44_v5ctl,best,25
ISIC_0024675,HAM_0001600,HAM_0001600,60+,ham,4,True,5,0.010817249,0.007208911,0.006967038,0.071682826,0.007720774,0.8457213,0.04988202,0.025746934,1,R0_kfold_f1_s44_v5ctl,best,25
ISIC_0024676,HAM_0007513,HAM_0007513,60+,ham,2,False,2,0.10823006,0.006795435,0.7094062,0.10211118,0.0028791197,0.0028582688,0.0677197,0.11790462,1,R0_kfold_f1_s44_v5ctl,best,25
ISIC_0024687,HAM_0005247,HAM_0005247,40-59,ham,5,False,5,0.013476209,0.008281618,0.009622332,0.07147048,0.007045262,0.83338106,0.05672303,0.028803088,1,R0_kfold_f1_s44_v5ctl,best,25
ISIC_0024698,HAM_0001751,HAM_0001751,60+,ham,5,False,5,0.014757667,0.008630952,0.0063490584,0.08185745,0.020871956,0.80979794,0.057734963,0.044260576,1,R0_kfold_f1_s44_v5ctl,best,25
ISIC_0024704,HAM_0001936,HAM_0001936,60+,ham,5,False,5,0.012528341,0.008642503,0.008875269,0.07217303,0.008988405,0.83461285,0.05417955,0.030159248,1,R0_kfold_f1_s44_v5ctl,best,25
ISIC_0024706,HAM_0001038,HAM_0001038,40-59,ham,6,False,6,0.0013965216,0.0007959204,0.0009941716,0.0080929175,0.00059577386,0.0005795021,0.9875452,0.0027882156,1,R0_kfold_f1_s44_v5ctl,best,25
ISIC_0024708,HAM_0003868,HAM_0003868,60+,ham,2,False,4,0.00584732,0.009120211,0.009085253,0.048100352,0.88244426,0.0070192707,0.03838326,0.8974118,1,R0_kfold_f1_s44_v5ctl,best,25
ISIC_0024713,HAM_0005955,HAM_0005955,40-59,ham,5,False,5,0.012101427,0.007472414,0.008062153,0.06908977,0.007451929,0.84637177,0.04945057,0.02702577,1,R0_kfold_f1_s44_v5ctl,best,25
ISIC_0024720,HAM_0002076,HAM_0002076,40-59,ham,5,False,5,0.011706762,0.007407002,0.009486335,0.071426876,0.007729031,0.84012824,0.05211578,0.026842795,1,R0_kfold_f1_s44_v5ctl,best,25
ISIC_0024724,HAM_0000679,HAM_0000679,40-59,ham,5,False,5,0.011599037,0.0069343196,0.0066719367,0.06413578,0.005880747,0.85652214,0.04825613,0.024414103,1,R0_kfold_f1_s44_v5ctl,best,25
ISIC_0024744,HAM_0004434,HAM_0004434,40-59,ham,5,False,5,0.012184732,0.0076090074,0.00800313,0.069242224,0.006749418,0.84535944,0.050852153,0.026543157,1,R0_kfold_f1_s44_v5ctl,best,25
ISIC_0024745,HAM_0007437,HAM_0007437,<40,ham,5,False,5,0.01168882,0.007852278,0.007861319,0.068879016,0.0060944823,0.84234864,0.05527543,0.02563558,1,R0_kfold_f1_s44_v5ctl,best,25
ISIC_0024747,HAM_0001566,HAM_0001566,60+,ham,6,False,6,0.002061425,0.0012100685,0.0013219436,0.009971091,0.0007162468,0.0008874195,0.98383176,0.0039877403,1,R0_kfold_f1_s44_v5ctl,best,25
ISIC_0024751,HAM_0004870,HAM_0004870,40-59,ham,5,False,5,0.012928997,0.007479504,0.007606432,0.07152318,0.008077518,0.8416566,0.050727684,0.02848602,1,R0_kfold_f1_s44_v5ctl,best,25
ISIC_0024756,HAM_0007272,HAM_0007272,60+,ham,4,True,3,0.0022359516,0.0024553405,0.008628366,0.5904431,0.29894006,0.06356605,0.03373121,0.30363137,1,R0_kfold_f1_s44_v5ctl,best,25
ISIC_0024759,HAM_0006249,HAM_0006249,40-59,ham,5,False,5,0.011871105,0.0076467986,0.008341583,0.068868324,0.006897994,0.8449761,0.051398024,0.026415898,1,R0_kfold_f1_s44_v5ctl,best,25
ISIC_0024764,HAM_0007246,HAM_0007246,40-59,ham,5,False,5,0.011913729,0.00787955,0.008048489,0.07050437,0.0069970647,0.8440248,0.050632022,0.026790343,1,R0_kfold_f1_s44_v5ctl,best,25
ISIC_0024766,HAM_0004386,HAM_0004386,40-59,ham,5,False,5,0.012729567,0.007582713,0.007729227,0.070798114,0.007804359,0.8408492,0.052506704,0.028116638,1,R0_kfold_f1_s44_v5ctl,best,25
ISIC_0024771,HAM_0006301,HAM_0006301,60+,ham,0,True,0,0.92352575,0.005634491,0.0025200853,0.035648767,0.0032055995,0.0023388665,0.02712649,0.93236583,1,R0_kfold_f1_s44_v5ctl,best,25
ISIC_0024773,HAM_0000844,HAM_0000844,60+,ham,2,False,2,0.010305122,0.005518486,0.88371676,0.05350859,0.004875439,0.0029049471,0.039170664,0.020699047,1,R0_kfold_f1_s44_v5ctl,best,25
ISIC_0024793,HAM_0000996,HAM_0000996,60+,ham,5,False,5,0.011014778,0.007888297,0.009735466,0.07228519,0.005505766,0.8427973,0.050773147,0.02440884,1,R0_kfold_f1_s44_v5ctl,best,25
ISIC_0024804,HAM_0006733,HAM_0006733,40-59,ham,5,False,5,0.011359909,0.0071386835,0.007991809,0.06937256,0.006542059,0.8462877,0.051307235,0.02504065,1,R0_kfold_f1_s44_v5ctl,best,25
ISIC_0024816,HAM_0007434,HAM_0007434,60+,ham,5,False,5,0.013368274,0.007878456,0.009196682,0.07360152,0.0070875515,0.8385638,0.05030374,0.028334282,1,R0_kfold_f1_s44_v5ctl,best,25
ISIC_0024828,HAM_0001587,HAM_0001587,60+,ham,5,False,5,0.012429763,0.00714344,0.00862978,0.06835565,0.0066180537,0.8463373,0.05048599,0.026191257,1,R0_kfold_f1_s44_v5ctl,best,25
ISIC_0024829,HAM_0007535,HAM_0007535,60+,ham,1,True,1,0.0088449875,0.88154763,0.006138315,0.055448182,0.0047797384,0.0046423245,0.03859893,0.89517236,1,R0_kfold_f1_s44_v5ctl,best,25
ISIC_0024840,HAM_0006705,HAM_0006705,40-59,ham,5,False,5,0.0116385855,0.0076151323,0.00863985,0.07174118,0.007082619,0.84161466,0.051668018,0.026336337,1,R0_kfold_f1_s44_v5ctl,best,25
ISIC_0024846,HAM_0001212,HAM_0001212,40-59,ham,5,False,5,0.00949042,0.008585162,0.0071255616,0.0799482,0.01670736,0.8197491,0.058394223,0.034782942,1,R0_kfold_f1_s44_v5ctl,best,25
ISIC_0024848,HAM_0007474,HAM_0007474,60+,ham,1,True,1,0.009084831,0.8845367,0.00620681,0.053591,0.0055446876,0.003797883,0.037237987,0.89916617,1,R0_kfold_f1_s44_v5ctl,best,25
ISIC_0024852,HAM_0003870,HAM_0003870,60+,ham,5,False,5,0.011877468,0.0076812548,0.007817623,0.071205884,0.0066415807,0.84519,0.04958616,0.026200302,1,R0_kfold_f1_s44_v5ctl,best,25
ISIC_0024853,HAM_0000645,HAM_0000645,60+,ham,4,True,4,0.01561822,0.01849409,0.024683995,0.10576522,0.77729815,0.0032599645,0.05488035,0.8114105,1,R0_kfold_f1_s44_v5ctl,best,25
ISIC_0024854,HAM_0000226,HAM_0000226,<40,ham,5,False,5,0.012599399,0.0075244806,0.007766204,0.072040536,0.0056398637,0.84437525,0.05005424,0.025763744,1,R0_kfold_f1_s44_v5ctl,best,25
ISIC_0024863,HAM_0002359,HAM_0002359,40-59,ham,5,False,5,0.012914117,0.008288119,0.012676347,0.0800213,0.007872105,0.8222762,0.055951767,0.029074341,1,R0_kfold_f1_s44_v5ctl,best,25
ISIC_0024865,HAM_0001734,HAM_0001734,40-59,ham,4,True,4,0.00931816,0.0064606066,0.0078096227,0.057077996,0.8678762,0.0063372664,0.045120224,0.88365495,1,R0_kfold_f1_s44_v5ctl,best,25
ISIC_0024872,HAM_0005823,HAM_0005823,40-59,ham,5,False,5,0.012005308,0.0072983215,0.007964839,0.066292845,0.007942466,0.84846467,0.050031558,0.027246095,1,R0_kfold_f1_s44_v5ctl,best,25
ISIC_0024884,HAM_0001140,HAM_0001140,40-59,ham,5,False,5,0.011267151,0.0070722955,0.0069692396,0.06859156,0.005698816,0.8488248,0.05157609,0.024038263,1,R0_kfold_f1_s44_v5ctl,best,25
ISIC_0024906,HAM_0002217,HAM_0002217,<40,ham,5,False,5,0.011218971,0.007912091,0.007687715,0.070155986,0.0070352126,0.84453523,0.05145483,0.026166273,1,R0_kfold_f1_s44_v5ctl,best,25
ISIC_0024909,HAM_0002757,HAM_0002757,60+,ham,2,False,2,0.010317393,0.00812875,0.88532823,0.04647633,0.003021388,0.0071415897,0.039586306,0.021467531,1,R0_kfold_f1_s44_v5ctl,best,25
ISIC_0024916,HAM_0003590,HAM_0003590,40-59,ham,5,False,5,0.018468088,0.01082284,0.008973181,0.09220305,0.0060794386,0.7464513,0.11700209,0.035370365,1,R0_kfold_f1_s44_v5ctl,best,25
ISIC_0024923,HAM_0001004,HAM_0001004,60+,ham,0,True,1,0.19223575,0.60600656,0.018864764,0.103710525,0.0051140552,0.0025583343,0.07151,0.8033564,1,R0_kfold_f1_s44_v5ctl,best,25
ISIC_0024924,HAM_0004724,HAM_0004724,40-59,ham,5,False,4,0.015458337,0.0078017307,0.00787574,0.08361128,0.7074544,0.10547163,0.07232682,0.73071444,1,R0_kfold_f1_s44_v5ctl,best,25
ISIC_0024931,HAM_0005488,HAM_0005488,60+,ham,1,True,1,0.011073041,0.8749169,0.0068075783,0.05658477,0.00506426,0.005122615,0.040430803,0.8910542,1,R0_kfold_f1_s44_v5ctl,best,25
ISIC_0024935,HAM_0005160,HAM_0005160,60+,ham,5,False,5,0.0116764065,0.008357111,0.0075425296,0.07563525,0.0049244836,0.83899415,0.052870106,0.024958001,1,R0_kfold_f1_s44_v5ctl,best,25
ISIC_0024953,HAM_0000252,HAM_0000252,40-59,ham,5,False,5,0.011785213,0.007775367,0.008496232,0.07081041,0.00778558,0.8455727,0.047774564,0.02734616,1,R0_kfold_f1_s44_v5ctl,best,25
ISIC_0024964,HAM_0007251,HAM_0007251,40-59,ham,5,False,5,0.011038254,0.006478484,0.007967859,0.066837475,0.007099016,0.8512819,0.049297117,0.024615753,1,R0_kfold_f1_s44_v5ctl,best,25
ISIC_0024972,HAM_0001284,HAM_0001284,60+,ham,4,True,2,0.002819477,0.025153903,0.7163714,0.10417124,0.017225081,0.043537807,0.090721086,0.045198463,1,R0_kfold_f1_s44_v5ctl,best,25
ISIC_0024974,HAM_0006093,HAM_0006093,40-59,ham,5,False,5,0.0114719,0.007195762,0.007706652,0.06955724,0.006354963,0.8471285,0.050584946,0.025022626,1,R0_kfold_f1_s44_v5ctl,best,25
ISIC_0024980,HAM_0005806,HAM_0005806,40-59,ham,5,False,5,0.012014754,0.0071919677,0.007778929,0.06785888,0.0063186875,0.849374,0.049462877,0.02552541,1,R0_kfold_f1_s44_v5ctl,best,25
ISIC_0024984,HAM_0005856,HAM_0005856,40-59,ham,1,True,1,0.009088407,0.8829523,0.004605585,0.05575209,0.00506511,0.005196064,0.037340477,0.89710575,1,R0_kfold_f1_s44_v5ctl,best,25
ISIC_0024987,HAM_0007560,HAM_0007560,60+,ham,4,True,1,0.00934025,0.49890685,0.008964784,0.13368961,0.013658248,0.20504615,0.13039403,0.5219053,1,R0_kfold_f1_s44_v5ctl,best,25
ISIC_0025010,HAM_0002590,HAM_0002590,60+,ham,5,False,5,0.0121288495,0.007322138,0.008249371,0.07102758,0.007430274,0.8435558,0.050285928,0.026881263,1,R0_kfold_f1_s44_v5ctl,best,25
ISIC_0025012,HAM_0000873,HAM_0000873,40-59,ham,5,False,5,0.011717883,0.0074845157,0.008089115,0.06876562,0.0071278326,0.8459278,0.05088734,0.02633023,1,R0_kfold_f1_s44_v5ctl,best,25
ISIC_0025018,HAM_0004265,HAM_0004265,40-59,ham,4,True,5,0.014628124,0.0071732965,0.009699044,0.07215547,0.009505497,0.8325432,0.054295428,0.03130692,1,R0_kfold_f1_s44_v5ctl,best,25
ISIC_0025020,HAM_0001669,HAM_0001669,<40,ham,5,False,5,0.011424472,0.0070927944,0.007860077,0.06824904,0.0074471626,0.8485689,0.049357556,0.02596443,1,R0_kfold_f1_s44_v5ctl,best,25
ISIC_0025029,HAM_0003105,HAM_0003105,60+,ham,0,True,2,0.08807539,0.0149777,0.7362418,0.08878671,0.0064933957,0.0016634739,0.06376149,0.10954649,1,R0_kfold_f1_s44_v5ctl,best,25
ISIC_0025031,HAM_0002934,HAM_0002934,60+,ham,1,True,1,0.009793589,0.8800892,0.0061472566,0.056639418,0.0052601863,0.0037969993,0.03827338,0.895143,1,R0_kfold_f1_s44_v5ctl,best,25
ISIC_0025052,HAM_0005424,HAM_0005424,40-59,ham,5,False,5,0.011395255,0.0069071106,0.0071754777,0.06722327,0.0074155782,0.85074615,0.04913719,0.025717944,1,R0_kfold_f1_s44_v5ctl,best,25
ISIC_0025066,HAM_0002749,HAM_0002749,60+,ham,2,False,2,0.17106381,0.016566979,0.5551032,0.13558084,0.004200513,0.009001359,0.10848333,0.1918313,1,R0_kfold_f1_s44_v5ctl,best,25
ISIC_0025073,HAM_0002217,HAM_0002217,<40,ham,5,False,5,0.013817178,0.009861705,0.009586157,0.07441496,0.005632421,0.82573247,0.060955033,0.029311305,1,R0_kfold_f1_s44_v5ctl,best,25
ISIC_0025077,HAM_0003456,HAM_0003456,40-59,ham,5,False,5,0.011269039,0.0076714493,0.008088416,0.07092088,0.007305374,0.8435268,0.051218074,0.026245862,1,R0_kfold_f1_s44_v5ctl,best,25
ISIC_0025082,HAM_0000158,HAM_0000158,40-59,ham,5,False,5,0.012691316,0.0070749023,0.008108789,0.067235604,0.0057172775,0.84518176,0.05399031,0.025483496,1,R0_kfold_f1_s44_v5ctl,best,25
ISIC_0025086,HAM_0004050,HAM_0004050,60+,ham,2,False,2,0.006448906,0.006696417,0.4443999,0.16173632,0.122659914,0.16491465,0.09314385,0.13580523,1,R0_kfold_f1_s44_v5ctl,best,25
ISIC_0025095,HAM_0006847,HAM_0006847,60+,ham,5,False,5,0.011365976,0.007783418,0.009076852,0.07283818,0.0070077293,0.8418418,0.050085936,0.026157124,1,R0_kfold_f1_s44_v5ctl,best,25
ISIC_0025100,HAM_0000448,HAM_0000448,<40,ham,5,False,5,0.013720443,0.00928926,0.010476183,0.067984015,0.007715571,0.8337988,0.057015684,0.030725274,1,R0_kfold_f1_s44_v5ctl,best,25
ISIC_0025119,HAM_0002859,HAM_0002859,40-59,ham,5,False,5,0.010989225,0.008356606,0.007747449,0.07183706,0.007439405,0.84142005,0.05221009,0.026785236,1,R0_kfold_f1_s44_v5ctl,best,25
ISIC_0025127,HAM_0002436,HAM_0002436,60+,ham,4,True,5,0.0123505695,0.0065689026,0.008521032,0.06499676,0.016006023,0.8484736,0.04308307,0.034925494,1,R0_kfold_f1_s44_v5ctl,best,25
ISIC_0025133,HAM_0005319,HAM_0005319,60+,ham,5,False,5,0.022520881,0.020388663,0.012953267,0.09452286,0.07543779,0.6959028,0.078273706,0.11834733,1,R0_kfold_f1_s44_v5ctl,best,25
ISIC_0025135,HAM_0000530,HAM_0000530,60+,ham,5,False,5,0.012554155,0.007778283,0.008912783,0.06792221,0.0063461377,0.84857607,0.047910348,0.026678575,1,R0_kfold_f1_s44_v5ctl,best,25
ISIC_0025138,HAM_0002174,HAM_0002174,40-59,ham,5,False,5,0.011756605,0.0074344394,0.007968212,0.071496814,0.0064510605,0.8431027,0.05179017,0.025642104,1,R0_kfold_f1_s44_v5ctl,best,25
ISIC_0025140,HAM_0000907,HAM_0000907,60+,ham,2,False,5,0.012925992,0.008220564,0.010284552,0.07137465,0.006959995,0.836758,0.05347629,0.02810655,1,R0_kfold_f1_s44_v5ctl,best,25
ISIC_0025148,HAM_0002511,HAM_0002511,<40,ham,5,False,4,0.022286832,0.009818769,0.0076675937,0.07794568,0.79496926,0.025523758,0.061788145,0.8270749,1,R0_kfold_f1_s44_v5ctl,best,25
ISIC_0025153,HAM_0005381,HAM_0005381,40-59,ham,4,True,4,0.0074973293,0.003947936,0.0063527813,0.05092257,0.8717986,0.026074935,0.03340582,0.88324386,1,R0_kfold_f1_s44_v5ctl,best,25
ISIC_0025165,HAM_0003033,HAM_0003033,60+,ham,5,False,5,0.0111129815,0.0066689868,0.009233699,0.076766215,0.027930615,0.8133091,0.054978393,0.045712583,1,R0_kfold_f1_s44_v5ctl,best,25
ISIC_0025173,HAM_0000376,HAM_0000376,40-59,ham,5,False,5,0.011128854,0.007495935,0.0065382826,0.097089455,0.08383148,0.72770983,0.0662061,0.10245627,1,R0_kfold_f1_s44_v5ctl,best,25
ISIC_0025181,HAM_0001347,HAM_0001347,60+,ham,5,False,5,0.012363204,0.007950489,0.0067580673,0.07090611,0.010102623,0.84038806,0.051531516,0.030416317,1,R0_kfold_f1_s44_v5ctl,best,25
ISIC_0025185,HAM_0006971,HAM_0006971,40-59,ham,5,False,5,0.011939967,0.0072920346,0.008353384,0.06921246,0.007113678,0.84547263,0.050615843,0.02634568,1,R0_kfold_f1_s44_v5ctl,best,25
ISIC_0025208,HAM_0000397,HAM_0000397,<40,ham,5,False,5,0.013518965,0.00798372,0.009946385,0.07111618,0.0064329025,0.83502984,0.055972084,0.027935587,1,R0_kfold_f1_s44_v5ctl,best,25
ISIC_0025218,HAM_0003093,HAM_0003093,40-59,ham,5,False,5,0.012323838,0.0076846867,0.008557865,0.06920647,0.00650895,0.8451419,0.050576255,0.026517475,1,R0_kfold_f1_s44_v5ctl,best,25
ISIC_0025235,HAM_0000534,HAM_0000534,40-59,ham,4,True,5,0.01197409,0.00909747,0.010467249,0.07394421,0.00972791,0.83154637,0.053242736,0.03079947,1,R0_kfold_f1_s44_v5ctl,best,25
ISIC_0025236,HAM_0004262,HAM_0004262,40-59,ham,5,False,5,0.011368615,0.007235541,0.0071312487,0.068797275,0.006953784,0.84910697,0.04940662,0.025557939,1,R0_kfold_f1_s44_v5ctl,best,25
ISIC_0025243,HAM_0001933,HAM_0001933,60+,ham,5,False,5,0.012018961,0.008615875,0.011967314,0.075608134,0.00675114,0.82907146,0.055967074,0.027385976,1,R0_kfold_f1_s44_v5ctl,best,25
ISIC_0025246,HAM_0001042,HAM_0001042,<40,ham,5,False,5,0.011262903,0.0076971827,0.007785286,0.070167445,0.0076623242,0.83919674,0.05622812,0.026622409,1,R0_kfold_f1_s44_v5ctl,best,25
ISIC_0025247,HAM_0005231,HAM_0005231,60+,ham,0,True,2,0.16502547,0.007999562,0.65684104,0.098237,0.0020612152,0.0017531611,0.068082556,0.17508626,1,R0_kfold_f1_s44_v5ctl,best,25
ISIC_0025253,HAM_0005365,HAM_0005365,<40,ham,5,False,5,0.010813397,0.0073187132,0.0070081777,0.07028635,0.005543465,0.84735656,0.051673446,0.023675576,1,R0_kfold_f1_s44_v5ctl,best,25
ISIC_0025256,HAM_0006774,HAM_0006774,40-59,ham,5,False,5,0.0127660865,0.007495261,0.009256955,0.06791692,0.0061422046,0.8461753,0.05024727,0.026403552,1,R0_kfold_f1_s44_v5ctl,best,25
ISIC_0025258,HAM_0006519,HAM_0006519,40-59,ham,5,False,5,0.011638122,0.007120982,0.007824934,0.07072864,0.0064834584,0.8464581,0.049745724,0.025242561,1,R0_kfold_f1_s44_v5ctl,best,25
ISIC_0025269,HAM_0004155,HAM_0004155,60+,ham,5,False,5,0.011488033,0.00729835,0.007812529,0.06662696,0.0069407653,0.8509602,0.04887317,0.02572715,1,R0_kfold_f1_s44_v5ctl,best,25
ISIC_0025270,HAM_0004764,HAM_0004764,60+,ham,5,False,5,0.01219371,0.007240191,0.007670974,0.068867296,0.0066857445,0.8468901,0.050452024,0.026119646,1,R0_kfold_f1_s44_v5ctl,best,25
ISIC_0025271,HAM_0003430,HAM_0003430,60+,ham,5,False,5,0.01155012,0.0072728684,0.007993647,0.068350665,0.007825822,0.8456181,0.051388614,0.02664881,1,R0_kfold_f1_s44_v5ctl,best,25
ISIC_0025283,HAM_0004693,HAM_0004693,40-59,ham,5,False,5,0.0122463405,0.007253084,0.0075878873,0.067027435,0.00715797,0.8479395,0.050787814,0.026657395,1,R0_kfold_f1_s44_v5ctl,best,25
ISIC_0025291,HAM_0003616,HAM_0003616,40-59,ham,5,False,5,0.011940123,0.007303912,0.008125313,0.06833714,0.007093424,0.84593815,0.05126196,0.026337458,1,R0_kfold_f1_s44_v5ctl,best,25
ISIC_0025297,HAM_0007513,HAM_0007513,60+,ham,2,False,2,0.31274894,0.0060867206,0.4766384,0.11255592,0.0049236827,0.0036407274,0.083405696,0.32375932,1,R0_kfold_f1_s44_v5ctl,best,25
ISIC_0025298,HAM_0002815,HAM_0002815,<40,ham,5,False,5,0.011885163,0.007180869,0.0077413023,0.07320589,0.010858885,0.8365552,0.052572597,0.029924918,1,R0_kfold_f1_s44_v5ctl,best,25
ISIC_0025302,HAM_0007421,HAM_0007421,60+,ham,3,False,3,0.0029007287,0.0015474722,0.004884413,0.83864325,0.12942393,0.0035871489,0.019012958,0.13387214,1,R0_kfold_f1_s44_v5ctl,best,25
ISIC_0025312,HAM_0005610,HAM_0005610,60+,ham,2,False,2,0.008309049,0.006401521,0.8933175,0.04755415,0.0040541394,0.0042474964,0.03611617,0.018764708,1,R0_kfold_f1_s44_v5ctl,best,25
ISIC_0025332,HAM_0001261,HAM_0001261,40-59,ham,5,False,5,0.011389778,0.0073874313,0.007796911,0.06986339,0.0063915853,0.8459033,0.051267717,0.025168795,1,R0_kfold_f1_s44_v5ctl,best,25
ISIC_0025340,HAM_0006968,HAM_0006968,60+,ham,5,False,5,0.011225321,0.008558633,0.007891616,0.06668854,0.009944449,0.8435464,0.052145127,0.029728405,1,R0_kfold_f1_s44_v5ctl,best,25
ISIC_0025344,HAM_0000937,HAM_0000937,40-59,ham,5,False,5,0.012231129,0.0074496814,0.008004478,0.071526796,0.0069155525,0.84309924,0.05077315,0.026596364,1,R0_kfold_f1_s44_v5ctl,best,25
ISIC_0025362,HAM_0002959,HAM_0002959,60+,ham,1,True,1,0.011017217,0.86813337,0.008557907,0.05831325,0.0058840443,0.0048290314,0.043265097,0.8850346,1,R0_kfold_f1_s44_v5ctl,best,25
ISIC_0025365,HAM_0000532,HAM_0000532,40-59,ham,5,False,5,0.013284554,0.0060258266,0.007470563,0.07517305,0.027883535,0.81886315,0.051299293,0.047193915,1,R0_kfold_f1_s44_v5ctl,best,25
ISIC_0025367,HAM_0005859,HAM_0005859,<40,ham,5,False,5,0.011458408,0.008540368,0.007518277,0.07046417,0.006016426,0.8424943,0.0535081,0.026015202,1,R0_kfold_f1_s44_v5ctl,best,25
ISIC_0025368,HAM_0004472,HAM_0004472,40-59,ham,0,True,0,0.6249131,0.1889018,0.0046593063,0.10094981,0.0030574608,0.0029853221,0.074533194,0.81687236,1,R0_kfold_f1_s44_v5ctl,best,25
ISIC_0025369,HAM_0004896,HAM_0004896,40-59,ham,5,False,5,0.013072501,0.0077015813,0.008045784,0.072194554,0.006928714,0.83856636,0.053490493,0.027702795,1,R0_kfold_f1_s44_v5ctl,best,25
ISIC_0025371,HAM_0002272,HAM_0002272,60+,ham,5,False,5,0.01109562,0.006680433,0.012221216,0.0687094,0.007219431,0.84175736,0.052316517,0.024995483,1,R0_kfold_f1_s44_v5ctl,best,25
ISIC_0025381,HAM_0002324,HAM_0002324,40-59,ham,5,False,5,0.011169669,0.009556166,0.0068283016,0.072603576,0.0054082624,0.8382099,0.056223992,0.026134098,1,R0_kfold_f1_s44_v5ctl,best,25
ISIC_0025382,HAM_0003793,HAM_0003793,40-59,ham,5,False,5,0.012317799,0.007844573,0.009169376,0.071406335,0.008058635,0.8389786,0.05222468,0.028221007,1,R0_kfold_f1_s44_v5ctl,best,25
ISIC_0025396,HAM_0000019,HAM_0000019,40-59,ham,5,False,5,0.0118665965,0.008407414,0.010238107,0.07232129,0.009661594,0.83285564,0.054649394,0.029935604,1,R0_kfold_f1_s44_v5ctl,best,25
ISIC_0025404,HAM_0000251,HAM_0000251,60+,ham,5,False,5,0.011945619,0.0075888555,0.0077865436,0.070755616,0.008001871,0.84198517,0.051936325,0.027536346,1,R0_kfold_f1_s44_v5ctl,best,25
ISIC_0025411,HAM_0002158,HAM_0002158,40-59,ham,0,True,4,0.020238675,0.004823378,0.004167152,0.056828953,0.8616308,0.0058945846,0.04641654,0.8866928,1,R0_kfold_f1_s44_v5ctl,best,25
ISIC_0025415,HAM_0005619,HAM_0005619,40-59,ham,5,False,5,0.011088506,0.0071353693,0.008658026,0.071674444,0.00812778,0.8398269,0.053489022,0.026351657,1,R0_kfold_f1_s44_v5ctl,best,25
ISIC_0025416,HAM_0005683,HAM_0005683,40-59,ham,5,False,5,0.011872684,0.007445279,0.009144336,0.07225622,0.007817889,0.84013796,0.0513255,0.02713585,1,R0_kfold_f1_s44_v5ctl,best,25
ISIC_0025422,HAM_0002572,HAM_0002572,<40,ham,5,False,5,0.015376943,0.008529014,0.0068023866,0.07518242,0.01894264,0.8088006,0.06636597,0.042848594,1,R0_kfold_f1_s44_v5ctl,best,25
ISIC_0025425,HAM_0002787,HAM_0002787,40-59,ham,6,False,6,0.0018624107,0.00088359404,0.0011221233,0.010035471,0.000648151,0.0011556932,0.98429257,0.0033941555,1,R0_kfold_f1_s44_v5ctl,best,25
ISIC_0025427,HAM_0001416,HAM_0001416,60+,ham,0,True,2,0.024469089,0.005168627,0.85423905,0.06553833,0.0054061366,0.0028361687,0.04234256,0.035043854,1,R0_kfold_f1_s44_v5ctl,best,25
ISIC_0025430,HAM_0002972,HAM_0002972,40-59,ham,5,False,5,0.013045226,0.0073195654,0.008381202,0.06772724,0.005803421,0.8445064,0.053216986,0.026168212,1,R0_kfold_f1_s44_v5ctl,best,25
ISIC_0025441,HAM_0001198,HAM_0001198,40-59,ham,5,False,5,0.011435532,0.007603017,0.008048554,0.068813406,0.006479798,0.8489184,0.048701406,0.025518347,1,R0_kfold_f1_s44_v5ctl,best,25
ISIC_0025457,HAM_0002108,HAM_0002108,40-59,ham,5,False,5,0.01275742,0.007547302,0.010638035,0.07395387,0.0063141612,0.83880913,0.049980074,0.026618883,1,R0_kfold_f1_s44_v5ctl,best,25
ISIC_0025458,HAM_0001604,HAM_0001604,40-59,ham,5,False,5,0.013594038,0.011632438,0.010089902,0.095323145,0.06493124,0.7241806,0.08024872,0.09015772,1,R0_kfold_f1_s44_v5ctl,best,25
ISIC_0025459,HAM_0002727,HAM_0002727,40-59,ham,5,False,5,0.0119862575,0.007585231,0.008306015,0.06877384,0.006498271,0.84574556,0.051104795,0.02606976,1,R0_kfold_f1_s44_v5ctl,best,25
ISIC_0025469,HAM_0005319,HAM_0005319,60+,ham,5,False,5,0.014464602,0.012762903,0.011446912,0.07233432,0.029731622,0.7974758,0.061783906,0.05695913,1,R0_kfold_f1_s44_v5ctl,best,25
ISIC_0025475,HAM_0003196,HAM_0003196,40-59,ham,5,False,5,0.01110656,0.006792662,0.007825098,0.067672566,0.005998864,0.85094327,0.04966103,0.023898087,1,R0_kfold_f1_s44_v5ctl,best,25
ISIC_0025479,HAM_0005220,HAM_0005220,<40,ham,5,False,5,0.012035039,0.0071392437,0.0077622356,0.06873306,0.0064164223,0.8483745,0.049539473,0.025590707,1,R0_kfold_f1_s44_v5ctl,best,25
ISIC_0025481,HAM_0001909,HAM_0001909,40-59,ham,5,False,5,0.012143427,0.0075411224,0.008033272,0.071122184,0.0070637134,0.8426316,0.051464703,0.026748262,1,R0_kfold_f1_s44_v5ctl,best,25
ISIC_0025497,HAM_0007006,HAM_0007006,40-59,ham,5,False,5,0.012053077,0.007685954,0.0079873055,0.070325196,0.0070342133,0.8436823,0.051232025,0.026773244,1,R0_kfold_f1_s44_v5ctl,best,25
ISIC_0025498,HAM_0003518,HAM_0003518,<40,ham,5,False,5,0.012243058,0.0075051086,0.008994165,0.07118782,0.0078597795,0.84127414,0.050935924,0.027607946,1,R0_kfold_f1_s44_v5ctl,best,25
ISIC_0025502,HAM_0002125,HAM_0002125,40-59,ham,5,False,5,0.011920416,0.007500177,0.0081429565,0.07068951,0.0070975786,0.8418004,0.05284897,0.02651817,1,R0_kfold_f1_s44_v5ctl,best,25
ISIC_0025506,HAM_0005393,HAM_0005393,<40,ham,5,False,5,0.010293405,0.0073184557,0.012426901,0.07322501,0.00643397,0.83864826,0.051653937,0.02404583,1,R0_kfold_f1_s44_v5ctl,best,25
ISIC_0025517,HAM_0005848,HAM_0005848,40-59,ham,5,False,5,0.01126815,0.008560126,0.009180116,0.073177174,0.0068902536,0.8425096,0.048414476,0.026718529,1,R0_kfold_f1_s44_v5ctl,best,25
ISIC_0025518,HAM_0003698,HAM_0003698,40-59,ham,5,False,5,0.010859045,0.00779263,0.0077074235,0.06887631,0.006325094,0.84694546,0.051494125,0.02497677,1,R0_kfold_f1_s44_v5ctl,best,25
ISIC_0025520,HAM_0005600,HAM_0005600,60+,ham,4,True,4,0.009121249,0.006430377,0.007150801,0.06257324,0.8619041,0.0067554046,0.04606485,0.8774557,1,R0_kfold_f1_s44_v5ctl,best,25
ISIC_0025529,HAM_0000898,HAM_0000898,60+,ham,2,False,0,0.32990766,0.007424313,0.26826355,0.09060312,0.04846561,0.1028671,0.1524687,0.3857976,1,R0_kfold_f1_s44_v5ctl,best,25
ISIC_0025538,HAM_0000661,HAM_0000661,40-59,ham,5,False,5,0.011837694,0.007670771,0.00839672,0.07007426,0.0076514645,0.8427832,0.05158589,0.02715993,1,R0_kfold_f1_s44_v5ctl,best,25
ISIC_0025540,HAM_0001083,HAM_0001083,<40,ham,5,False,5,0.010946558,0.0077159256,0.0060010995,0.065189265,0.009210079,0.85382146,0.047115617,0.027872562,1,R0_kfold_f1_s44_v5ctl,best,25
ISIC_0025554,HAM_0000907,HAM_0000907,60+,ham,2,False,5,0.018483644,0.008574325,0.04096527,0.14015087,0.014477283,0.68857485,0.0887738,0.04153525,1,R0_kfold_f1_s44_v5ctl,best,25
ISIC_0025557,HAM_0001900,HAM_0001900,60+,ham,1,True,1,0.0145961605,0.8512445,0.010039026,0.064564645,0.0064235483,0.0051138396,0.048018232,0.8722642,1,R0_kfold_f1_s44_v5ctl,best,25
ISIC_0025565,HAM_0003153,HAM_0003153,40-59,ham,5,False,5,0.011156058,0.007211336,0.00770253,0.07012635,0.006551541,0.84630245,0.050949827,0.024918936,1,R0_kfold_f1_s44_v5ctl,best,25
ISIC_0025570,HAM_0003985,HAM_0003985,40-59,ham,5,False,5,0.011852169,0.007820187,0.0070881625,0.06567119,0.005558169,0.85044485,0.051565155,0.025230525,1,R0_kfold_f1_s44_v5ctl,best,25
ISIC_0025583,HAM_0004131,HAM_0004131,60+,ham,2,False,2,0.012423573,0.0046838005,0.8822741,0.056360327,0.0034189727,0.003200414,0.037638906,0.020526346,1,R0_kfold_f1_s44_v5ctl,best,25
ISIC_0025584,HAM_0000791,HAM_0000791,60+,ham,1,True,1,0.009154967,0.635584,0.01023967,0.11973788,0.026694331,0.06938992,0.12919919,0.6714333,1,R0_kfold_f1_s44_v5ctl,best,25
ISIC_0025592,HAM_0001105,HAM_0001105,40-59,ham,4,True,5,0.010992965,0.0061899233,0.017905511,0.077509366,0.0051867347,0.83222514,0.04999037,0.022369623,1,R0_kfold_f1_s44_v5ctl,best,25
ISIC_0025614,HAM_0002089,HAM_0002089,60+,ham,5,False,5,0.011339019,0.0071422113,0.00786046,0.067553274,0.007339703,0.8484717,0.05029367,0.025820933,1,R0_kfold_f1_s44_v5ctl,best,25
ISIC_0025619,HAM_0000801,HAM_0000801,<40,ham,5,False,5,0.014313298,0.016187288,0.016647816,0.093508884,0.0059366836,0.7922742,0.06113182,0.03643727,1,R0_kfold_f1_s44_v5ctl,best,25
ISIC_0025624,HAM_0006783,HAM_0006783,40-59,ham,5,False,5,0.012375916,0.007561985,0.007974824,0.07076231,0.006257151,0.845232,0.049835872,0.026195051,1,R0_kfold_f1_s44_v5ctl,best,25
ISIC_0025626,HAM_0007177,HAM_0007177,<40,ham,5,False,5,0.011973342,0.007648045,0.0077580563,0.06917164,0.0064620017,0.8461119,0.050875083,0.02608339,1,R0_kfold_f1_s44_v5ctl,best,25
ISIC_0025628,HAM_0005475,HAM_0005475,60+,ham,6,False,6,0.0016027931,0.00078510394,0.0011639508,0.008623432,0.00054302905,0.0005000853,0.98678154,0.0029309262,1,R0_kfold_f1_s44_v5ctl,best,25
ISIC_0025643,HAM_0000156,HAM_0000156,40-59,ham,5,False,5,0.010877326,0.0071677957,0.007825945,0.07083019,0.006935188,0.8460379,0.050325643,0.02498031,1,R0_kfold_f1_s44_v5ctl,best,25
ISIC_0025669,HAM_0003860,HAM_0003860,<40,ham,5,False,5,0.010688766,0.0068768966,0.0073149092,0.066348836,0.006276576,0.8531016,0.049392406,0.023842238,1,R0_kfold_f1_s44_v5ctl,best,25
ISIC_0025676,HAM_0004082,HAM_0004082,40-59,ham,5,False,5,0.01226167,0.007519038,0.00916885,0.07108272,0.006826066,0.8414517,0.051689863,0.026606774,1,R0_kfold_f1_s44_v5ctl,best,25
ISIC_0025684,HAM_0006941,HAM_0006941,40-59,ham,5,False,5,0.011713947,0.007912716,0.00772427,0.06885838,0.007128721,0.8486474,0.048014496,0.026755383,1,R0_kfold_f1_s44_v5ctl,best,25
ISIC_0025686,HAM_0002146,HAM_0002146,60+,ham,5,False,5,0.013637707,0.008335557,0.009930149,0.07056147,0.006337467,0.84179926,0.04939832,0.028310731,1,R0_kfold_f1_s44_v5ctl,best,25
ISIC_0025687,HAM_0002097,HAM_0002097,<40,ham,5,False,5,0.011422521,0.00714116,0.006707302,0.065973654,0.007349166,0.84924126,0.05216501,0.025912847,1,R0_kfold_f1_s44_v5ctl,best,25
ISIC_0025688,HAM_0007612,HAM_0007612,40-59,ham,5,False,5,0.011819987,0.007298331,0.00843236,0.07231482,0.0057993303,0.84159076,0.052744366,0.024917647,1,R0_kfold_f1_s44_v5ctl,best,25
ISIC_0025690,HAM_0007282,HAM_0007282,40-59,ham,5,False,5,0.011985791,0.008013032,0.00776138,0.06583569,0.0070894775,0.85115695,0.048157614,0.0270883,1,R0_kfold_f1_s44_v5ctl,best,25
ISIC_0025695,HAM_0003667,HAM_0003667,<40,ham,5,False,5,0.010486989,0.008321262,0.006734152,0.06512952,0.0057045077,0.8557689,0.047854625,0.024512758,1,R0_kfold_f1_s44_v5ctl,best,25
ISIC_0025698,HAM_0002654,HAM_0002654,40-59,ham,5,False,5,0.011968882,0.007765453,0.008261711,0.06886343,0.008893508,0.8432198,0.05102721,0.028627843,1,R0_kfold_f1_s44_v5ctl,best,25
ISIC_0025699,HAM_0005082,HAM_0005082,60+,ham,2,False,5,0.0126280915,0.008867805,0.014043067,0.07402227,0.007950762,0.8292762,0.05321179,0.02944666,1,R0_kfold_f1_s44_v5ctl,best,25
ISIC_0025705,HAM_0004961,HAM_0004961,40-59,ham,5,False,5,0.011220299,0.007157301,0.007522604,0.06675971,0.007090531,0.85174054,0.04850899,0.025468132,1,R0_kfold_f1_s44_v5ctl,best,25
ISIC_0025712,HAM_0005117,HAM_0005117,60+,ham,0,True,0,0.76940745,0.006951063,0.05888437,0.08418331,0.0138284685,0.0012114432,0.06553394,0.79018694,1,R0_kfold_f1_s44_v5ctl,best,25
ISIC_0025715,HAM_0007111,HAM_0007111,40-59,ham,5,False,5,0.011725232,0.007166062,0.007449288,0.06869992,0.006896768,0.84717304,0.050889637,0.025788061,1,R0_kfold_f1_s44_v5ctl,best,25
ISIC_0025716,HAM_0001200,HAM_0001200,60+,ham,2,False,4,0.022863219,0.093969196,0.0113782985,0.12474976,0.66171277,0.002461835,0.082864895,0.7785452,1,R0_kfold_f1_s44_v5ctl,best,25
ISIC_0025719,HAM_0000833,HAM_0000833,40-59,ham,2,False,0,0.5469781,0.0056264447,0.31827357,0.07815311,0.0013751414,0.002059416,0.047534212,0.5539797,1,R0_kfold_f1_s44_v5ctl,best,25
ISIC_0025729,HAM_0003609,HAM_0003609,<40,ham,5,False,5,0.012544805,0.008410541,0.007942792,0.06854069,0.0052827336,0.8442868,0.05299163,0.02623808,1,R0_kfold_f1_s44_v5ctl,best,25
ISIC_0025730,HAM_0007374,HAM_0007374,<40,ham,5,False,5,0.012073448,0.00818332,0.010079551,0.075460926,0.011795477,0.82425684,0.05815045,0.032052245,1,R0_kfold_f1_s44_v5ctl,best,25
ISIC_0025731,HAM_0003981,HAM_0003981,60+,ham,1,True,1,0.0077793244,0.8827639,0.0070514544,0.05086723,0.004551719,0.0062301573,0.040756233,0.89509493,1,R0_kfold_f1_s44_v5ctl,best,25
ISIC_0025736,HAM_0004948,HAM_0004948,40-59,ham,5,False,5,0.011687676,0.006990584,0.0073923348,0.06880374,0.006465122,0.84851366,0.05014686,0.025143383,1,R0_kfold_f1_s44_v5ctl,best,25
ISIC_0025737,HAM_0000091,HAM_0000091,40-59,ham,5,False,5,0.011239738,0.006884006,0.007142648,0.067097515,0.006197877,0.8528233,0.048614934,0.024321621,1,R0_kfold_f1_s44_v5ctl,best,25
ISIC_0025748,HAM_0002752,HAM_0002752,60+,ham,4,True,4,0.01395852,0.0050940244,0.00963441,0.05740808,0.86676085,0.0024766535,0.044667453,0.8858134,1,R0_kfold_f1_s44_v5ctl,best,25
ISIC_0025750,HAM_0007056,HAM_0007056,40-59,ham,5,False,5,0.012008342,0.007347888,0.0077209934,0.06911444,0.0073648444,0.84621364,0.050229877,0.026721075,1,R0_kfold_f1_s44_v5ctl,best,25
ISIC_0025762,HAM_0005189,HAM_0005189,<40,ham,5,False,5,0.012529449,0.0072928085,0.007895874,0.06850222,0.0074338876,0.8474358,0.048909966,0.027256144,1,R0_kfold_f1_s44_v5ctl,best,25
ISIC_0025763,HAM_0007508,HAM_0007508,40-59,ham,5,False,5,0.010875042,0.007049676,0.008606605,0.06762528,0.005167655,0.8506246,0.05005113,0.023092374,1,R0_kfold_f1_s44_v5ctl,best,25
ISIC_0025769,HAM_0001943,HAM_0001943,<40,ham,5,False,5,0.011041419,0.007579617,0.0074126027,0.065795735,0.0058258194,0.85266155,0.049683303,0.024446854,1,R0_kfold_f1_s44_v5ctl,best,25
ISIC_0025775,HAM_0004516,HAM_0004516,40-59,ham,5,False,5,0.011369956,0.006997962,0.0077148895,0.06888043,0.006676528,0.8490561,0.049304254,0.025044447,1,R0_kfold_f1_s44_v5ctl,best,25
ISIC_0025790,HAM_0001004,HAM_0001004,60+,ham,0,True,1,0.015558988,0.83652353,0.012098599,0.056802362,0.014040203,0.018351514,0.046624765,0.8661227,1,R0_kfold_f1_s44_v5ctl,best,25
ISIC_0025791,HAM_0006223,HAM_0006223,60+,ham,4,True,5,0.0047867307,0.007884231,0.0102772275,0.05519129,0.0074006272,0.8728827,0.04157721,0.020071588,1,R0_kfold_f1_s44_v5ctl,best,25
ISIC_0025794,HAM_0001810,HAM_0001810,40-59,ham,5,False,5,0.012161946,0.0070682615,0.008637647,0.06870822,0.0062256632,0.8491521,0.048046187,0.02545587,1,R0_kfold_f1_s44_v5ctl,best,25
ISIC_0025799,HAM_0004531,HAM_0004531,60+,ham,2,False,4,0.007922242,0.009508056,0.017415728,0.07440938,0.81792545,0.013205115,0.059614,0.83535576,1,R0_kfold_f1_s44_v5ctl,best,25
ISIC_0025809,HAM_0004663,HAM_0004663,40-59,ham,5,False,5,0.013029157,0.009226404,0.007694053,0.077223904,0.015509242,0.82275933,0.05455787,0.037764803,1,R0_kfold_f1_s44_v5ctl,best,25
ISIC_0025824,HAM_0001331,HAM_0001331,60+,ham,1,True,1,0.008442866,0.873635,0.007230586,0.05790618,0.0060085836,0.0047952966,0.041981574,0.88808644,1,R0_kfold_f1_s44_v5ctl,best,25
ISIC_0025839,HAM_0003385,HAM_0003385,40-59,ham,5,False,5,0.012151322,0.007832043,0.008508253,0.071800195,0.007876483,0.84037095,0.0514607,0.027859848,1,R0_kfold_f1_s44_v5ctl,best,25
ISIC_0025844,HAM_0006840,HAM_0006840,<40,ham,5,False,5,0.011150844,0.0075924327,0.007579511,0.0671018,0.006143399,0.85374606,0.046685867,0.024886675,1,R0_kfold_f1_s44_v5ctl,best,25
ISIC_0025849,HAM_0001153,HAM_0001153,40-59,ham,5,False,5,0.010083369,0.006855304,0.007615516,0.074373804,0.0067402525,0.84570414,0.048627604,0.023678925,1,R0_kfold_f1_s44_v5ctl,best,25
ISIC_0025851,HAM_0005845,HAM_0005845,60+,ham,2,False,2,0.013824936,0.008455178,0.88096493,0.052987326,0.0026187748,0.0032359457,0.03791287,0.024898889,1,R0_kfold_f1_s44_v5ctl,best,25
ISIC_0025857,HAM_0002091,HAM_0002091,60+,ham,5,False,5,0.011510681,0.0073390137,0.007586975,0.07139062,0.006233675,0.8447122,0.05122676,0.02508337,1,R0_kfold_f1_s44_v5ctl,best,25
ISIC_0025865,HAM_0005160,HAM_0005160,60+,ham,5,False,5,0.011135365,0.008000257,0.00799354,0.07209251,0.0058306674,0.84379023,0.051157515,0.02496629,1,R0_kfold_f1_s44_v5ctl,best,25
ISIC_0025876,HAM_0002957,HAM_0002957,60+,ham,2,False,2,0.008193325,0.0047281445,0.8945562,0.049950875,0.003939453,0.0031610397,0.035470977,0.016860923,1,R0_kfold_f1_s44_v5ctl,best,25
ISIC_0025877,HAM_0005123,HAM_0005123,40-59,ham,5,False,5,0.010927764,0.00674866,0.0069005215,0.06766363,0.0063424734,0.8525885,0.048828464,0.024018899,1,R0_kfold_f1_s44_v5ctl,best,25
ISIC_0025891,HAM_0001600,HAM_0001600,60+,ham,4,True,5,0.013170266,0.0071938555,0.007085193,0.06897193,0.010906768,0.8411316,0.051540483,0.031270888,1,R0_kfold_f1_s44_v5ctl,best,25
ISIC_0025892,HAM_0002754,HAM_0002754,40-59,ham,5,False,5,0.013233023,0.014267547,0.023332885,0.10324216,0.06261443,0.7233545,0.059955426,0.090115,1,R0_kfold_f1_s44_v5ctl,best,25
ISIC_0025894,HAM_0000017,HAM_0000017,40-59,ham,5,False,5,0.010976409,0.0065238397,0.006633398,0.06619423,0.0056238933,0.8553105,0.048737686,0.023124142,1,R0_kfold_f1_s44_v5ctl,best,25
ISIC_0025896,HAM_0005922,HAM_0005922,60+,ham,5,False,5,0.011869373,0.00731218,0.008217832,0.07187185,0.0069799204,0.8411085,0.052640382,0.026161473,1,R0_kfold_f1_s44_v5ctl,best,25
ISIC_0025909,HAM_0006856,HAM_0006856,<40,ham,5,False,4,0.0105792675,0.005902465,0.0050363205,0.056622125,0.8688441,0.009650781,0.043364964,0.88532585,1,R0_kfold_f1_s44_v5ctl,best,25
ISIC_0025910,HAM_0000235,HAM_0000235,40-59,ham,5,False,5,0.011942281,0.007565955,0.008196019,0.07110808,0.007058021,0.8443416,0.0497881,0.026566258,1,R0_kfold_f1_s44_v5ctl,best,25
ISIC_0025911,HAM_0004648,HAM_0004648,60+,ham,3,False,3,0.00093332276,0.000593327,0.00087488163,0.992293,0.0007867198,0.00033546292,0.004183193,0.0023133697,1,R0_kfold_f1_s44_v5ctl,best,25
ISIC_0025916,HAM_0002382,HAM_0002382,40-59,ham,5,False,5,0.01121295,0.007395622,0.008471569,0.06938575,0.0059966985,0.8438679,0.05366949,0.02460527,1,R0_kfold_f1_s44_v5ctl,best,25
ISIC_0025924,HAM_0006748,HAM_0006748,<40,ham,6,False,6,0.0011477435,0.00083461433,0.0011028035,0.0076370975,0.00065443246,0.00038097022,0.9882423,0.0026367903,1,R0_kfold_f1_s44_v5ctl,best,25
ISIC_0025930,HAM_0000154,HAM_0000154,<40,ham,5,False,5,0.010874127,0.0073260036,0.0074991384,0.06646298,0.0063961917,0.85194284,0.04949876,0.024596322,1,R0_kfold_f1_s44_v5ctl,best,25
ISIC_0025933,HAM_0006095,HAM_0006095,40-59,ham,5,False,5,0.0114070205,0.0074731843,0.00865728,0.07067187,0.0070456895,0.84269357,0.052051462,0.025925895,1,R0_kfold_f1_s44_v5ctl,best,25
ISIC_0025949,HAM_0005050,HAM_0005050,60+,ham,5,False,5,0.011816808,0.00729532,0.007307513,0.06749928,0.0064727487,0.8483087,0.051299643,0.025584877,1,R0_kfold_f1_s44_v5ctl,best,25
ISIC_0025951,HAM_0002200,HAM_0002200,40-59,ham,5,False,5,0.012012482,0.0077221715,0.00827882,0.0715553,0.0070623294,0.84087956,0.05248937,0.026796982,1,R0_kfold_f1_s44_v5ctl,best,25
ISIC_0025960,HAM_0002142,HAM_0002142,60+,ham,5,False,5,0.013512349,0.010913448,0.014240643,0.0887784,0.017872069,0.78775364,0.06692946,0.042297866,1,R0_kfold_f1_s44_v5ctl,best,25
ISIC_0025962,HAM_0006297,HAM_0006297,<40,ham,5,False,5,0.011586566,0.0072936867,0.0083864955,0.06893709,0.0058834422,0.84785825,0.050054453,0.024763696,1,R0_kfold_f1_s44_v5ctl,best,25
ISIC_0025970,HAM_0003033,HAM_0003033,60+,ham,5,False,5,0.011547317,0.0068320325,0.009319536,0.06861354,0.012096752,0.84104633,0.050544474,0.0304761,1,R0_kfold_f1_s44_v5ctl,best,25
ISIC_0025980,HAM_0005529,HAM_0005529,40-59,ham,3,False,3,0.0012344639,0.00032518143,0.0005596572,0.97365487,0.0009310658,0.0138756065,0.009419201,0.0024907112,1,R0_kfold_f1_s44_v5ctl,best,25
ISIC_0025985,HAM_0004545,HAM_0004545,60+,ham,2,False,2,0.0058802166,0.319535,0.35813513,0.20309284,0.0013388493,0.006022321,0.10599566,0.32675403,1,R0_kfold_f1_s44_v5ctl,best,25
ISIC_0025989,HAM_0003033,HAM_0003033,60+,ham,5,False,5,0.011505466,0.0069204443,0.008364711,0.069164164,0.008473431,0.84606487,0.049506944,0.026899341,1,R0_kfold_f1_s44_v5ctl,best,25
ISIC_0025992,HAM_0005480,HAM_0005480,60+,ham,0,True,0,0.9101713,0.0049256277,0.004761494,0.04019263,0.003591915,0.0044111167,0.03194601,0.9186888,1,R0_kfold_f1_s44_v5ctl,best,25
ISIC_0026000,HAM_0003071,HAM_0003071,60+,ham,5,False,5,0.011031399,0.0078786025,0.008202089,0.07110184,0.007488576,0.8432829,0.051014625,0.026398579,1,R0_kfold_f1_s44_v5ctl,best,25
ISIC_0026001,HAM_0004907,HAM_0004907,40-59,ham,5,False,5,0.011562099,0.007174902,0.00816692,0.067158915,0.006532333,0.85006243,0.04934246,0.025269333,1,R0_kfold_f1_s44_v5ctl,best,25
ISIC_0026007,HAM_0003931,HAM_0003931,60+,ham,5,False,5,0.011713329,0.0071164584,0.007701308,0.06886886,0.006794054,0.8487208,0.04908513,0.025623841,1,R0_kfold_f1_s44_v5ctl,best,25
ISIC_0026009,HAM_0000952,HAM_0000952,60+,ham,4,True,0,0.24384168,0.0030626482,0.16533396,0.16035895,0.19711407,0.09242225,0.13786642,0.4440184,1,R0_kfold_f1_s44_v5ctl,best,25
ISIC_0026011,HAM_0004513,HAM_0004513,40-59,ham,5,False,5,0.011040857,0.007845554,0.007773064,0.071373075,0.006030323,0.84593636,0.050000742,0.024916733,1,R0_kfold_f1_s44_v5ctl,best,25
ISIC_0026013,HAM_0004671,HAM_0004671,40-59,ham,5,False,5,0.011285418,0.007273611,0.0070234,0.068603605,0.0073298756,0.8461558,0.05232833,0.025888905,1,R0_kfold_f1_s44_v5ctl,best,25
ISIC_0026025,HAM_0002396,HAM_0002396,40-59,ham,5,False,5,0.011281075,0.007093104,0.0080115395,0.06924193,0.0066797826,0.8479075,0.049785122,0.025053961,1,R0_kfold_f1_s44_v5ctl,best,25
ISIC_0026029,HAM_0004225,HAM_0004225,<40,ham,5,False,5,0.00926105,0.007321197,0.0073699574,0.13005444,0.07335333,0.71591055,0.056729525,0.08993557,1,R0_kfold_f1_s44_v5ctl,best,25
ISIC_0026041,HAM_0001072,HAM_0001072,40-59,ham,5,False,5,0.011555992,0.0073819845,0.007732248,0.06672825,0.007027681,0.8496929,0.049880993,0.025965657,1,R0_kfold_f1_s44_v5ctl,best,25
ISIC_0026043,HAM_0000362,HAM_0000362,<40,ham,5,False,5,0.0138840685,0.011582527,0.011043022,0.07796461,0.010515772,0.81609064,0.058919385,0.035982367,1,R0_kfold_f1_s44_v5ctl,best,25
ISIC_0026044,HAM_0006945,HAM_0006945,60+,ham,2,False,5,0.012033846,0.0076926537,0.00806712,0.07465187,0.0068558585,0.8370222,0.05367649,0.026582358,1,R0_kfold_f1_s44_v5ctl,best,25
ISIC_0026057,HAM_0000038,HAM_0000038,40-59,ham,5,False,5,0.013021052,0.008254731,0.009113214,0.07238119,0.007816533,0.8370136,0.05239973,0.029092316,1,R0_kfold_f1_s44_v5ctl,best,25
ISIC_0026062,HAM_0000625,HAM_0000625,40-59,ham,5,False,5,0.012595074,0.007967411,0.0077608204,0.071264565,0.0080026565,0.84110665,0.05130288,0.028565142,1,R0_kfold_f1_s44_v5ctl,best,25
ISIC_0026068,HAM_0004413,HAM_0004413,40-59,ham,6,False,6,0.0016631011,0.00094171904,0.0011364702,0.009123229,0.00079436216,0.00063185534,0.9857092,0.0033991826,1,R0_kfold_f1_s44_v5ctl,best,25
ISIC_0026076,HAM_0001361,HAM_0001361,40-59,ham,5,False,5,0.012179824,0.008261746,0.010236745,0.074068934,0.009152862,0.83338124,0.052718714,0.029594433,1,R0_kfold_f1_s44_v5ctl,best,25
ISIC_0026078,HAM_0005108,HAM_0005108,40-59,ham,5,False,5,0.012090492,0.007852074,0.008749762,0.08302932,0.0073127453,0.8291253,0.051840354,0.027255312,1,R0_kfold_f1_s44_v5ctl,best,25
ISIC_0026088,HAM_0002958,HAM_0002958,40-59,ham,5,False,5,0.012353227,0.0076318067,0.007955904,0.06807037,0.0061422675,0.8440079,0.053838417,0.026127301,1,R0_kfold_f1_s44_v5ctl,best,25
ISIC_0026101,HAM_0003698,HAM_0003698,40-59,ham,5,False,5,0.011182028,0.00909118,0.008279086,0.07013197,0.007132503,0.84211355,0.05206958,0.027405713,1,R0_kfold_f1_s44_v5ctl,best,25
ISIC_0026103,HAM_0000039,HAM_0000039,40-59,ham,5,False,5,0.01312105,0.0075591234,0.00749783,0.06982316,0.008540885,0.8409401,0.05251791,0.029221058,1,R0_kfold_f1_s44_v5ctl,best,25
ISIC_0026106,HAM_0001669,HAM_0001669,<40,ham,5,False,5,0.011340369,0.007166957,0.007847805,0.068347625,0.0073108333,0.8484368,0.049549617,0.02581816,1,R0_kfold_f1_s44_v5ctl,best,25
ISIC_0026108,HAM_0003159,HAM_0003159,<40,ham,5,False,5,0.011032888,0.007928599,0.00732258,0.07064628,0.005006335,0.847043,0.051020335,0.023967821,1,R0_kfold_f1_s44_v5ctl,best,25
ISIC_0026113,HAM_0002714,HAM_0002714,40-59,ham,4,True,4,0.010916934,0.007090137,0.008021637,0.06726984,0.8477209,0.009171575,0.049808938,0.865728,1,R0_kfold_f1_s44_v5ctl,best,25
ISIC_0026129,HAM_0001035,HAM_0001035,60+,ham,5,False,5,0.011325302,0.006954977,0.0075379377,0.06778747,0.006771688,0.84908706,0.05053565,0.025051966,1,R0_kfold_f1_s44_v5ctl,best,25
ISIC_0026135,HAM_0006772,HAM_0006772,60+,ham,2,False,2,0.008370879,0.005230702,0.8842596,0.054786768,0.005047328,0.0035949266,0.038709838,0.018648908,1,R0_kfold_f1_s44_v5ctl,best,25
ISIC_0026137,HAM_0006669,HAM_0006669,<40,ham,5,False,5,0.011996636,0.0073415246,0.008240117,0.06788484,0.0065012067,0.849752,0.04828365,0.025839368,1,R0_kfold_f1_s44_v5ctl,best,25
ISIC_0026142,HAM_0006945,HAM_0006945,60+,ham,2,False,5,0.0115237525,0.007381484,0.009156374,0.075482234,0.006586309,0.8353537,0.054516163,0.025491547,1,R0_kfold_f1_s44_v5ctl,best,25
ISIC_0026149,HAM_0005480,HAM_0005480,60+,ham,0,True,0,0.91043776,0.00476851,0.0043641804,0.04039034,0.0036493803,0.003697005,0.03269282,0.9188556,1,R0_kfold_f1_s44_v5ctl,best,25
ISIC_0026152,HAM_0000549,HAM_0000549,60+,ham,0,True,0,0.90474105,0.016878765,0.004088895,0.04004877,0.0021951739,0.0013784046,0.030668909,0.923815,1,R0_kfold_f1_s44_v5ctl,best,25
ISIC_0026153,HAM_0002957,HAM_0002957,60+,ham,2,False,2,0.008626436,0.0048906705,0.8897282,0.04990236,0.0053241146,0.00484323,0.036684982,0.01884122,1,R0_kfold_f1_s44_v5ctl,best,25
ISIC_0026156,HAM_0005068,HAM_0005068,60+,ham,1,True,2,0.020944325,0.0084510865,0.87295955,0.051072475,0.0052309255,0.00079306384,0.04054862,0.03462634,1,R0_kfold_f1_s44_v5ctl,best,25
ISIC_0026167,HAM_0003400,HAM_0003400,40-59,ham,4,True,4,0.011904724,0.0035102945,0.008685105,0.062287446,0.87097025,0.0030547597,0.03958739,0.88638526,1,R0_kfold_f1_s44_v5ctl,best,25
ISIC_0026180,HAM_0000755,HAM_0000755,40-59,ham,5,False,5,0.01126086,0.006832806,0.007196634,0.06807386,0.006812174,0.85074425,0.0490794,0.02490584,1,R0_kfold_f1_s44_v5ctl,best,25
ISIC_0026195,HAM_0002384,HAM_0002384,40-59,ham,5,False,5,0.012949296,0.0069673755,0.009176671,0.07086342,0.0058842143,0.84256864,0.05159039,0.025800887,1,R0_kfold_f1_s44_v5ctl,best,25
ISIC_0026203,HAM_0003895,HAM_0003895,60+,ham,0,True,5,0.016214188,0.007863422,0.006264172,0.071773164,0.015195412,0.83267206,0.0500176,0.03927302,1,R0_kfold_f1_s44_v5ctl,best,25
ISIC_0026209,HAM_0001111,HAM_0001111,60+,ham,5,False,4,0.012370934,0.009195392,0.005599578,0.06151867,0.86007637,0.0053784256,0.04586061,0.8816427,1,R0_kfold_f1_s44_v5ctl,best,25
ISIC_0026210,HAM_0000448,HAM_0000448,<40,ham,5,False,5,0.0116296,0.0097486675,0.008194268,0.066037185,0.0049132914,0.8472261,0.052250914,0.026291559,1,R0_kfold_f1_s44_v5ctl,best,25
ISIC_0026211,HAM_0005366,HAM_0005366,40-59,ham,5,False,5,0.011240952,0.0073980275,0.0088515105,0.07092747,0.0067290845,0.84263784,0.052215118,0.025368065,1,R0_kfold_f1_s44_v5ctl,best,25
ISIC_0026231,HAM_0006581,HAM_0006581,<40,ham,5,False,5,0.010603279,0.00692054,0.009053987,0.07296581,0.009437969,0.8356092,0.0554092,0.026961787,1,R0_kfold_f1_s44_v5ctl,best,25
ISIC_0026236,HAM_0005785,HAM_0005785,60+,ham,4,True,5,0.011444859,0.0081769405,0.0068804845,0.06688467,0.008318697,0.84792143,0.05037286,0.027940497,1,R0_kfold_f1_s44_v5ctl,best,25
ISIC_0026246,HAM_0003788,HAM_0003788,40-59,ham,5,False,5,0.011912111,0.0073114717,0.008508471,0.070199616,0.00724009,0.84239566,0.052432615,0.026463673,1,R0_kfold_f1_s44_v5ctl,best,25
ISIC_0026247,HAM_0004676,HAM_0004676,60+,ham,4,True,4,0.013291607,0.007475008,0.0056355805,0.09384766,0.54355603,0.2703054,0.0658887,0.56432265,1,R0_kfold_f1_s44_v5ctl,best,25
ISIC_0026250,HAM_0003955,HAM_0003955,40-59,ham,5,False,5,0.011607278,0.007732933,0.00801034,0.070063226,0.0072408463,0.84408283,0.051262543,0.026581058,1,R0_kfold_f1_s44_v5ctl,best,25
ISIC_0026252,HAM_0003651,HAM_0003651,40-59,ham,5,False,5,0.01214027,0.0074029784,0.0075886645,0.07015874,0.0068259886,0.8439138,0.051969443,0.026369238,1,R0_kfold_f1_s44_v5ctl,best,25
ISIC_0026257,HAM_0002630,HAM_0002630,60+,ham,5,False,5,0.011715333,0.007852685,0.008328576,0.072192594,0.0067734355,0.8408432,0.0522942,0.026341453,1,R0_kfold_f1_s44_v5ctl,best,25
ISIC_0026258,HAM_0000534,HAM_0000534,40-59,ham,4,True,5,0.013335642,0.008540885,0.015064787,0.066883795,0.0064439126,0.839,0.050730973,0.02832044,1,R0_kfold_f1_s44_v5ctl,best,25
ISIC_0026266,HAM_0002436,HAM_0002436,60+,ham,4,True,5,0.013398962,0.008310902,0.009013314,0.070724174,0.017666979,0.8305522,0.050333504,0.03937684,1,R0_kfold_f1_s44_v5ctl,best,25
ISIC_0026267,HAM_0007325,HAM_0007325,40-59,ham,5,False,5,0.010828044,0.0065312576,0.0077736396,0.07050587,0.010962533,0.8433726,0.050026104,0.028321834,1,R0_kfold_f1_s44_v5ctl,best,25
ISIC_0026269,HAM_0007205,HAM_0007205,60+,ham,5,False,5,0.010856745,0.007182334,0.007033923,0.06948615,0.006714198,0.84819263,0.050534055,0.024753276,1,R0_kfold_f1_s44_v5ctl,best,25
ISIC_0026277,HAM_0000696,HAM_0000696,60+,ham,2,False,5,0.010675108,0.017928721,0.0796252,0.11078463,0.009068633,0.6933179,0.07859978,0.037672464,1,R0_kfold_f1_s44_v5ctl,best,25
ISIC_0026288,HAM_0000932,HAM_0000932,<40,ham,5,False,5,0.012243739,0.0076184226,0.00892426,0.07389916,0.0068626413,0.8375967,0.052855086,0.026724804,1,R0_kfold_f1_s44_v5ctl,best,25
ISIC_0026294,HAM_0000848,HAM_0000848,40-59,ham,5,False,5,0.011618483,0.0073418953,0.006957053,0.06765693,0.0066174897,0.85142183,0.048386343,0.02557787,1,R0_kfold_f1_s44_v5ctl,best,25
ISIC_0026296,HAM_0004265,HAM_0004265,40-59,ham,4,True,5,0.012029293,0.009475565,0.0075385394,0.073573925,0.0086071035,0.8325537,0.056221884,0.030111961,1,R0_kfold_f1_s44_v5ctl,best,25
ISIC_0026301,HAM_0004917,HAM_0004917,60+,ham,2,False,4,0.009589554,0.0070334123,0.005668241,0.06510695,0.84655607,0.017259397,0.048786335,0.863179,1,R0_kfold_f1_s44_v5ctl,best,25
ISIC_0026304,HAM_0007200,HAM_0007200,40-59,ham,5,False,5,0.012452741,0.008654143,0.011397483,0.06801292,0.0058075017,0.8445173,0.049157828,0.026914386,1,R0_kfold_f1_s44_v5ctl,best,25
ISIC_0026314,HAM_0000233,HAM_0000233,40-59,ham,4,True,5,0.011643848,0.007769575,0.00816776,0.06874517,0.007209092,0.8436699,0.052794676,0.026622515,1,R0_kfold_f1_s44_v5ctl,best,25
ISIC_0026315,HAM_0000808,HAM_0000808,60+,ham,5,False,5,0.011365134,0.00788213,0.0076332474,0.070661806,0.0076103215,0.8454018,0.04944559,0.026857585,1,R0_kfold_f1_s44_v5ctl,best,25
ISIC_0026331,HAM_0005940,HAM_0005940,40-59,ham,5,False,5,0.011728579,0.0074129445,0.008501407,0.07237254,0.006883713,0.84127617,0.051824637,0.026025236,1,R0_kfold_f1_s44_v5ctl,best,25
ISIC_0026334,HAM_0003550,HAM_0003550,40-59,ham,5,False,5,0.01234969,0.007280249,0.007831057,0.07032186,0.0072607556,0.84312034,0.051836047,0.026890695,1,R0_kfold_f1_s44_v5ctl,best,25
ISIC_0026348,HAM_0001002,HAM_0001002,40-59,ham,5,False,5,0.012368742,0.0074060727,0.0063250037,0.073926285,0.008894945,0.8393125,0.05176637,0.02866976,1,R0_kfold_f1_s44_v5ctl,best,25
ISIC_0026355,HAM_0005015,HAM_0005015,60+,ham,5,False,5,0.012047083,0.00706949,0.0073121786,0.06679481,0.005444049,0.84933084,0.05200164,0.024560623,1,R0_kfold_f1_s44_v5ctl,best,25
ISIC_0026362,HAM_0005301,HAM_0005301,60+,ham,0,True,2,0.009990486,0.008190671,0.8485312,0.065247126,0.0049969633,0.01197815,0.05106547,0.02317812,1,R0_kfold_f1_s44_v5ctl,best,25
ISIC_0026365,HAM_0006723,HAM_0006723,40-59,ham,2,False,5,0.016542131,0.007938927,0.010321144,0.07704447,0.005206503,0.8272509,0.055695996,0.029687561,1,R0_kfold_f1_s44_v5ctl,best,25
ISIC_0026374,HAM_0002238,HAM_0002238,60+,ham,5,False,2,0.0065327003,0.004892533,0.91704917,0.044811945,0.0008935608,0.004700405,0.021119665,0.012318795,1,R0_kfold_f1_s44_v5ctl,best,25
ISIC_0026379,HAM_0003658,HAM_0003658,40-59,ham,5,False,5,0.012236569,0.007362682,0.00883931,0.07274015,0.0076790736,0.8388244,0.05231778,0.027278325,1,R0_kfold_f1_s44_v5ctl,best,25
ISIC_0026384,HAM_0005127,HAM_0005127,40-59,ham,5,False,5,0.013104192,0.0073773456,0.007271821,0.06903282,0.0081601925,0.846991,0.04806262,0.02864173,1,R0_kfold_f1_s44_v5ctl,best,25
ISIC_0026386,HAM_0002885,HAM_0002885,40-59,ham,5,False,5,0.011326421,0.0071425503,0.0074403207,0.068171926,0.0069330987,0.84887624,0.050109416,0.025402071,1,R0_kfold_f1_s44_v5ctl,best,25
ISIC_0026388,HAM_0003105,HAM_0003105,60+,ham,0,True,0,0.8193229,0.0078869285,0.04217232,0.06714025,0.0046707876,0.0025311073,0.056275673,0.8318806,1,R0_kfold_f1_s44_v5ctl,best,25
ISIC_0026390,HAM_0004066,HAM_0004066,<40,ham,5,False,5,0.011808065,0.0076264557,0.008729952,0.06937156,0.007393574,0.84286696,0.05220345,0.026828095,1,R0_kfold_f1_s44_v5ctl,best,25
ISIC_0026392,HAM_0004305,HAM_0004305,40-59,ham,5,False,5,0.011406171,0.0072107124,0.007805887,0.06991586,0.0060407817,0.8468937,0.05072689,0.024657665,1,R0_kfold_f1_s44_v5ctl,best,25
ISIC_0026396,HAM_0004734,HAM_0004734,40-59,ham,5,False,5,0.011266624,0.007564793,0.008003622,0.07220352,0.0077053993,0.84193045,0.05132558,0.026536817,1,R0_kfold_f1_s44_v5ctl,best,25
ISIC_0026417,HAM_0005663,HAM_0005663,<40,ham,3,False,3,0.0010546354,0.00038425863,0.00045741512,0.97975403,0.0004404919,0.010714478,0.0071946713,0.0018793859,1,R0_kfold_f1_s44_v5ctl,best,25
ISIC_0026419,HAM_0000752,HAM_0000752,<40,ham,5,False,5,0.00913189,0.0074319625,0.0057891775,0.06578313,0.0039759264,0.855592,0.052295975,0.020539777,1,R0_kfold_f1_s44_v5ctl,best,25
ISIC_0026427,HAM_0003667,HAM_0003667,<40,ham,5,False,5,0.010933905,0.011051644,0.0061688963,0.07124405,0.006067837,0.8417223,0.05281128,0.028053386,1,R0_kfold_f1_s44_v5ctl,best,25
ISIC_0026430,HAM_0007570,HAM_0007570,60+,ham,4,True,4,0.014397946,0.0062615173,0.017239828,0.057951726,0.86098707,0.0014218458,0.041740038,0.8816465,1,R0_kfold_f1_s44_v5ctl,best,25
ISIC_0026435,HAM_0006532,HAM_0006532,40-59,ham,5,False,5,0.011979556,0.0071968185,0.0076272716,0.068685435,0.0064730514,0.84605217,0.051985774,0.025649427,1,R0_kfold_f1_s44_v5ctl,best,25
ISIC_0026448,HAM_0002659,HAM_0002659,60+,ham,5,False,5,0.011649009,0.007776267,0.008754459,0.07059174,0.008662334,0.8400803,0.05248577,0.02808761,1,R0_kfold_f1_s44_v5ctl,best,25
ISIC_0026456,HAM_0006203,HAM_0006203,60+,ham,6,False,1,0.009498014,0.8626274,0.0060403426,0.0545505,0.006817657,0.0033848402,0.057081174,0.878943,1,R0_kfold_f1_s44_v5ctl,best,25
ISIC_0026462,HAM_0001845,HAM_0001845,40-59,ham,5,False,5,0.012330924,0.0071910243,0.008042091,0.07075802,0.0068540685,0.84504944,0.049774446,0.026376016,1,R0_kfold_f1_s44_v5ctl,best,25
ISIC_0026463,HAM_0006948,HAM_0006948,40-59,ham,5,False,5,0.011803658,0.007408968,0.007148453,0.068763606,0.006319534,0.8473283,0.051227506,0.02553216,1,R0_kfold_f1_s44_v5ctl,best,25
ISIC_0026466,HAM_0000456,HAM_0000456,60+,ham,0,True,5,0.016159771,0.0118711,0.016847106,0.06317854,0.0029153442,0.8325975,0.056430664,0.030946217,1,R0_kfold_f1_s44_v5ctl,best,25
ISIC_0026467,HAM_0001537,HAM_0001537,40-59,ham,6,False,6,0.002254198,0.0010926567,0.0013100383,0.020881841,0.00068224454,0.030974997,0.942804,0.0040290994,1,R0_kfold_f1_s44_v5ctl,best,25
ISIC_0026482,HAM_0006788,HAM_0006788,60+,ham,5,False,5,0.011275928,0.0072969673,0.00803234,0.07055335,0.006871686,0.8451605,0.050809212,0.02544458,1,R0_kfold_f1_s44_v5ctl,best,25
ISIC_0026485,HAM_0006414,HAM_0006414,40-59,ham,5,False,5,0.012467808,0.007993506,0.007796268,0.07337272,0.008314964,0.8397039,0.050350677,0.028776277,1,R0_kfold_f1_s44_v5ctl,best,25
ISIC_0026487,HAM_0006430,HAM_0006430,<40,ham,5,False,5,0.011123462,0.0068675196,0.006338683,0.072340295,0.009589046,0.84030426,0.053436782,0.027580027,1,R0_kfold_f1_s44_v5ctl,best,25
ISIC_0026491,HAM_0005786,HAM_0005786,40-59,ham,5,False,5,0.014161521,0.00695036,0.010085154,0.11318243,0.25177595,0.50924706,0.09459755,0.27288783,1,R0_kfold_f1_s44_v5ctl,best,25
ISIC_0026508,HAM_0005807,HAM_0005807,60+,ham,5,False,5,0.01279414,0.0074288845,0.007880978,0.06664514,0.005995706,0.8460036,0.053251408,0.026218731,1,R0_kfold_f1_s44_v5ctl,best,25
ISIC_0026511,HAM_0002242,HAM_0002242,40-59,ham,2,False,2,0.0094099585,0.0050445246,0.8906477,0.050881848,0.0045612073,0.003009827,0.036444996,0.01901569,1,R0_kfold_f1_s44_v5ctl,best,25
ISIC_0026521,HAM_0004939,HAM_0004939,60+,ham,5,False,5,0.011558438,0.0076060197,0.008632455,0.07161165,0.007699601,0.8413804,0.051511448,0.02686406,1,R0_kfold_f1_s44_v5ctl,best,25
ISIC_0026526,HAM_0005146,HAM_0005146,60+,ham,2,False,0,0.36382753,0.012586517,0.1281191,0.19374403,0.04329825,0.14145888,0.11696573,0.41971228,1,R0_kfold_f1_s44_v5ctl,best,25
ISIC_0026536,HAM_0006480,HAM_0006480,40-59,ham,5,False,5,0.011596858,0.0073137423,0.007687375,0.0711898,0.00698215,0.8450288,0.050201222,0.02589275,1,R0_kfold_f1_s44_v5ctl,best,25
ISIC_0026541,HAM_0006974,HAM_0006974,40-59,ham,5,False,5,0.011657536,0.009097784,0.008676693,0.07478443,0.008132964,0.83280283,0.054847796,0.028888285,1,R0_kfold_f1_s44_v5ctl,best,25
ISIC_0026546,HAM_0000971,HAM_0000971,<40,ham,5,False,5,0.009901589,0.007394774,0.0081947055,0.0697714,0.0060288697,0.8488612,0.049847376,0.023325233,1,R0_kfold_f1_s44_v5ctl,best,25
ISIC_0026557,HAM_0000598,HAM_0000598,40-59,ham,5,False,5,0.01286933,0.0077372394,0.0109711075,0.07290452,0.00833423,0.8350153,0.052168258,0.0289408,1,R0_kfold_f1_s44_v5ctl,best,25
ISIC_0026561,HAM_0004546,HAM_0004546,40-59,ham,5,False,5,0.011007997,0.0074037486,0.0065731527,0.0679709,0.004947482,0.85106665,0.051030066,0.023359228,1,R0_kfold_f1_s44_v5ctl,best,25
ISIC_0026565,HAM_0002465,HAM_0002465,40-59,ham,5,False,5,0.011914646,0.0077419984,0.008318941,0.07127402,0.005723367,0.84484184,0.050185207,0.025380012,1,R0_kfold_f1_s44_v5ctl,best,25
ISIC_0026574,HAM_0005660,HAM_0005660,60+,ham,1,True,1,0.0056140567,0.79587066,0.05261949,0.07416521,0.0051710187,0.0029574619,0.063602075,0.8066557,1,R0_kfold_f1_s44_v5ctl,best,25
ISIC_0026588,HAM_0003821,HAM_0003821,60+,ham,5,False,5,0.011133687,0.009003681,0.006020286,0.07116449,0.0074039074,0.84049815,0.054775815,0.027541276,1,R0_kfold_f1_s44_v5ctl,best,25
ISIC_0026590,HAM_0003317,HAM_0003317,40-59,ham,2,False,2,0.006643695,0.0069850525,0.8755418,0.061813794,0.004916785,0.0043124454,0.03978637,0.018545533,1,R0_kfold_f1_s44_v5ctl,best,25
ISIC_0026594,HAM_0003383,HAM_0003383,40-59,ham,5,False,5,0.012221896,0.007242604,0.0083913375,0.069803245,0.0058083897,0.84511745,0.051414993,0.02527289,1,R0_kfold_f1_s44_v5ctl,best,25
ISIC_0026601,HAM_0002899,HAM_0002899,<40,ham,5,False,5,0.010844446,0.008039425,0.0076502245,0.078058824,0.006618391,0.83600867,0.052780025,0.02550226,1,R0_kfold_f1_s44_v5ctl,best,25
ISIC_0026609,HAM_0000162,HAM_0000162,40-59,ham,5,False,5,0.012139433,0.0072875638,0.0075424244,0.068410635,0.006688549,0.8477524,0.050179105,0.026115548,1,R0_kfold_f1_s44_v5ctl,best,25
ISIC_0026612,HAM_0006561,HAM_0006561,40-59,ham,5,False,5,0.01159974,0.0074869725,0.007584371,0.06829096,0.0066686226,0.84768,0.05068926,0.025755335,1,R0_kfold_f1_s44_v5ctl,best,25
ISIC_0026613,HAM_0004116,HAM_0004116,40-59,ham,5,False,5,0.011994464,0.007955744,0.007864343,0.074038886,0.0061318013,0.8376266,0.05438813,0.02608201,1,R0_kfold_f1_s44_v5ctl,best,25
ISIC_0026618,HAM_0006916,HAM_0006916,60+,ham,5,False,5,0.0107114175,0.007959339,0.008192002,0.07252554,0.005400834,0.84321713,0.05199384,0.024071591,1,R0_kfold_f1_s44_v5ctl,best,25
ISIC_0026643,HAM_0005469,HAM_0005469,60+,ham,1,True,1,0.010182219,0.8495778,0.009929681,0.0601734,0.010876897,0.007288731,0.0519713,0.8706369,1,R0_kfold_f1_s44_v5ctl,best,25
ISIC_0026654,HAM_0000591,HAM_0000591,60+,ham,5,False,5,0.012958296,0.023529992,0.0825512,0.08451593,0.0076085627,0.691221,0.0976151,0.04409685,1,R0_kfold_f1_s44_v5ctl,best,25
ISIC_0026661,HAM_0000992,HAM_0000992,60+,ham,2,False,2,0.015106281,0.00608164,0.84470814,0.08140643,0.0046079573,0.0042745774,0.043815,0.025795877,1,R0_kfold_f1_s44_v5ctl,best,25
ISIC_0026669,HAM_0000511,HAM_0000511,40-59,ham,5,False,5,0.0120184915,0.007501717,0.00818622,0.07073846,0.006506516,0.8432614,0.051787127,0.026026724,1,R0_kfold_f1_s44_v5ctl,best,25
ISIC_0026670,HAM_0006916,HAM_0006916,60+,ham,5,False,5,0.011619291,0.008064198,0.008931303,0.07255525,0.0077285552,0.8378254,0.05327593,0.027412046,1,R0_kfold_f1_s44_v5ctl,best,25
ISIC_0026671,HAM_0006526,HAM_0006526,40-59,ham,5,False,5,0.014491936,0.008891002,0.00877305,0.07115692,0.007127109,0.8360166,0.053543497,0.03051005,1,R0_kfold_f1_s44_v5ctl,best,25
ISIC_0026689,HAM_0005003,HAM_0005003,<40,ham,5,False,5,0.01179104,0.007297561,0.0073785316,0.068299755,0.006680585,0.84621996,0.05233258,0.025769187,1,R0_kfold_f1_s44_v5ctl,best,25
ISIC_0026696,HAM_0006473,HAM_0006473,40-59,ham,5,False,5,0.01176006,0.0075452523,0.008256945,0.071037,0.007051936,0.84283745,0.051511303,0.026357247,1,R0_kfold_f1_s44_v5ctl,best,25
ISIC_0026697,HAM_0004364,HAM_0004364,60+,ham,4,True,4,0.008600072,0.006364157,0.028061599,0.06526479,0.8319148,0.0034896056,0.05630484,0.846879,1,R0_kfold_f1_s44_v5ctl,best,25
ISIC_0026702,HAM_0005228,HAM_0005228,60+,ham,0,True,0,0.9071018,0.0053068395,0.0034031144,0.043545432,0.0031646031,0.0062920526,0.031186279,0.91557324,1,R0_kfold_f1_s44_v5ctl,best,25
ISIC_0026719,HAM_0000602,HAM_0000602,<40,ham,5,False,5,0.0117519945,0.0076330625,0.008294113,0.06975752,0.006574152,0.84647167,0.049517535,0.025959209,1,R0_kfold_f1_s44_v5ctl,best,25
ISIC_0026725,HAM_0001289,HAM_0001289,40-59,ham,5,False,5,0.01175603,0.007645739,0.008541408,0.07008362,0.007231096,0.84321463,0.051527515,0.026632864,1,R0_kfold_f1_s44_v5ctl,best,25
ISIC_0026732,HAM_0001761,HAM_0001761,<40,ham,5,False,5,0.011990928,0.007518441,0.008060723,0.069821775,0.008002317,0.8442769,0.05032882,0.027511686,1,R0_kfold_f1_s44_v5ctl,best,25
ISIC_0026734,HAM_0007161,HAM_0007161,40-59,ham,5,False,5,0.011715154,0.0074578617,0.00721656,0.07175033,0.0074662343,0.84425604,0.050137866,0.02663925,1,R0_kfold_f1_s44_v5ctl,best,25
ISIC_0026737,HAM_0004423,HAM_0004423,60+,ham,2,False,2,0.005207926,0.0096293315,0.8783705,0.052934315,0.001237067,0.0148564605,0.037764374,0.016074324,1,R0_kfold_f1_s44_v5ctl,best,25
ISIC_0026741,HAM_0005987,HAM_0005987,60+,ham,5,False,5,0.011863071,0.008372487,0.0078018396,0.070645474,0.010237164,0.83906245,0.052017536,0.030472722,1,R0_kfold_f1_s44_v5ctl,best,25
ISIC_0026744,HAM_0001820,HAM_0001820,60+,ham,2,False,2,0.016440216,0.014150167,0.54289556,0.13603881,0.0032184043,0.17373626,0.11352065,0.033808786,1,R0_kfold_f1_s44_v5ctl,best,25
ISIC_0026758,HAM_0000615,HAM_0000615,40-59,ham,5,False,5,0.011783727,0.007271242,0.007100528,0.06919485,0.006156612,0.84886664,0.049626466,0.025211582,1,R0_kfold_f1_s44_v5ctl,best,25
ISIC_0026766,HAM_0005982,HAM_0005982,60+,ham,1,True,1,0.011445361,0.8712654,0.007409482,0.05836764,0.0056439075,0.0037773836,0.042090755,0.88835466,1,R0_kfold_f1_s44_v5ctl,best,25
ISIC_0026770,HAM_0002491,HAM_0002491,60+,ham,4,True,4,0.009563923,0.0065871594,0.00803708,0.063158296,0.86131513,0.006804845,0.04453359,0.8774662,1,R0_kfold_f1_s44_v5ctl,best,25
ISIC_0026773,HAM_0000021,HAM_0000021,40-59,ham,5,False,5,0.011180843,0.00723956,0.007745334,0.07031602,0.0065623177,0.8466548,0.05030116,0.02498272,1,R0_kfold_f1_s44_v5ctl,best,25
ISIC_0026774,HAM_0007242,HAM_0007242,60+,ham,4,True,5,0.011130482,0.006709765,0.0070886,0.066198915,0.008397867,0.85344356,0.04703074,0.026238114,1,R0_kfold_f1_s44_v5ctl,best,25
ISIC_0026775,HAM_0001389,HAM_0001389,60+,ham,2,False,2,0.034917474,0.0062644593,0.81186277,0.07631765,0.003933994,0.0029118902,0.063791834,0.045115925,1,R0_kfold_f1_s44_v5ctl,best,25
ISIC_0026782,HAM_0002110,HAM_0002110,<40,ham,5,False,5,0.011480745,0.008085073,0.009098015,0.07396472,0.011812953,0.8326604,0.052898075,0.03137877,1,R0_kfold_f1_s44_v5ctl,best,25
ISIC_0026790,HAM_0005779,HAM_0005779,40-59,ham,2,False,2,0.0072472044,0.0044390294,0.8915234,0.048531927,0.005141898,0.0058812797,0.03723519,0.01682813,1,R0_kfold_f1_s44_v5ctl,best,25
ISIC_0026793,HAM_0004478,HAM_0004478,40-59,ham,5,False,5,0.011930534,0.007164303,0.007921139,0.070885114,0.0063987747,0.84493726,0.05076288,0.02549361,1,R0_kfold_f1_s44_v5ctl,best,25
ISIC_0026827,HAM_0005465,HAM_0005465,60+,ham,2,False,2,0.0121050095,0.009928142,0.84767216,0.06795811,0.004141054,0.007181179,0.05101427,0.026174206,1,R0_kfold_f1_s44_v5ctl,best,25
ISIC_0026836,HAM_0006871,HAM_0006871,40-59,ham,5,False,5,0.011605071,0.006932401,0.008284386,0.0661138,0.006199931,0.85185224,0.04901212,0.024737403,1,R0_kfold_f1_s44_v5ctl,best,25
ISIC_0026843,HAM_0005082,HAM_0005082,60+,ham,2,False,5,0.013304736,0.008422857,0.010957466,0.076839894,0.007349517,0.82559955,0.05752602,0.02907711,1,R0_kfold_f1_s44_v5ctl,best,25
ISIC_0026844,HAM_0004114,HAM_0004114,60+,ham,2,False,0,0.9044811,0.002994437,0.012070091,0.040647965,0.0012618225,0.007928731,0.030615889,0.90873736,1,R0_kfold_f1_s44_v5ctl,best,25
ISIC_0026849,HAM_0004545,HAM_0004545,60+,ham,2,False,2,0.019675659,0.006321738,0.55341107,0.3696497,0.0006438611,0.0014140387,0.048883952,0.026641257,1,R0_kfold_f1_s44_v5ctl,best,25
ISIC_0026852,HAM_0001001,HAM_0001001,40-59,ham,5,False,4,0.023565667,0.0112714395,0.00800046,0.12457919,0.3747724,0.37269723,0.085113585,0.4096095,1,R0_kfold_f1_s44_v5ctl,best,25
ISIC_0026860,HAM_0000334,HAM_0000334,<40,ham,5,False,5,0.0119500365,0.0077730715,0.007900492,0.06973113,0.0063858097,0.84528077,0.050978713,0.026108917,1,R0_kfold_f1_s44_v5ctl,best,25
ISIC_0026866,HAM_0002754,HAM_0002754,40-59,ham,5,False,5,0.013332019,0.007178127,0.011855353,0.075290635,0.007916313,0.83654004,0.047887575,0.028426457,1,R0_kfold_f1_s44_v5ctl,best,25
ISIC_0026872,HAM_0006746,HAM_0006746,60+,ham,0,True,4,0.283458,0.009495414,0.05469191,0.22193965,0.30606863,0.0005918263,0.1237546,0.59902203,1,R0_kfold_f1_s44_v5ctl,best,25
ISIC_0026873,HAM_0001866,HAM_0001866,40-59,ham,5,False,5,0.011471523,0.007074407,0.0073527866,0.068964124,0.0065172054,0.8476717,0.050948277,0.025063135,1,R0_kfold_f1_s44_v5ctl,best,25
ISIC_0026881,HAM_0006021,HAM_0006021,40-59,ham,5,False,5,0.011625219,0.0073295073,0.0074931276,0.06719959,0.0060609914,0.85076416,0.049527332,0.025015717,1,R0_kfold_f1_s44_v5ctl,best,25
ISIC_0026892,HAM_0007560,HAM_0007560,60+,ham,4,True,1,0.0043902793,0.8226383,0.035894252,0.05899891,0.0032493798,0.005609726,0.06921907,0.830278,1,R0_kfold_f1_s44_v5ctl,best,25
ISIC_0026903,HAM_0005394,HAM_0005394,60+,ham,5,False,5,0.010982761,0.007478233,0.007820255,0.06816975,0.006843545,0.8487767,0.04992878,0.02530454,1,R0_kfold_f1_s44_v5ctl,best,25
ISIC_0026904,HAM_0004626,HAM_0004626,40-59,ham,5,False,5,0.012304924,0.007626397,0.007891819,0.069988094,0.0062895217,0.8458979,0.050001267,0.026220843,1,R0_kfold_f1_s44_v5ctl,best,25
ISIC_0026906,HAM_0005782,HAM_0005782,40-59,ham,5,False,5,0.011319357,0.0072202855,0.008381738,0.06962986,0.006595575,0.8453788,0.051474385,0.025135217,1,R0_kfold_f1_s44_v5ctl,best,25
ISIC_0026910,HAM_0003661,HAM_0003661,<40,ham,5,False,5,0.011065303,0.0073069115,0.008073884,0.06888754,0.0065393406,0.84744245,0.05068466,0.024911556,1,R0_kfold_f1_s44_v5ctl,best,25
ISIC_0026932,HAM_0001096,HAM_0001096,40-59,ham,5,False,5,0.012129117,0.007643244,0.008445048,0.07194459,0.0068901433,0.8423573,0.050590586,0.026662506,1,R0_kfold_f1_s44_v5ctl,best,25
ISIC_0026952,HAM_0002167,HAM_0002167,40-59,ham,1,True,1,0.0102711525,0.88084114,0.006727663,0.054068923,0.00496439,0.0042994916,0.038827244,0.8960767,1,R0_kfold_f1_s44_v5ctl,best,25
ISIC_0026953,HAM_0001332,HAM_0001332,40-59,ham,5,False,5,0.011990001,0.0074998424,0.008420133,0.07102853,0.0070272214,0.84304994,0.050984327,0.026517065,1,R0_kfold_f1_s44_v5ctl,best,25
ISIC_0026964,HAM_0004372,HAM_0004372,60+,ham,5,False,5,0.01256875,0.006633643,0.009459646,0.0712521,0.0072386027,0.83869463,0.054152578,0.026440995,1,R0_kfold_f1_s44_v5ctl,best,25
ISIC_0026967,HAM_0007027,HAM_0007027,60+,ham,2,False,2,0.013308854,0.007931626,0.76192206,0.16154616,0.00395093,0.0032163134,0.048124004,0.025191411,1,R0_kfold_f1_s44_v5ctl,best,25
ISIC_0026984,HAM_0001903,HAM_0001903,40-59,ham,0,True,0,0.8872564,0.0044982834,0.003354052,0.040303744,0.026370443,0.0010956671,0.037121408,0.91812515,1,R0_kfold_f1_s44_v5ctl,best,25
ISIC_0026993,HAM_0005186,HAM_0005186,40-59,ham,4,True,4,0.0088038575,0.0063287923,0.006487352,0.06149947,0.8690389,0.0028622746,0.04497947,0.88417155,1,R0_kfold_f1_s44_v5ctl,best,25
ISIC_0026997,HAM_0004972,HAM_0004972,40-59,ham,5,False,5,0.01171784,0.007441003,0.0075103426,0.06996043,0.0068309247,0.8433997,0.05313975,0.025989769,1,R0_kfold_f1_s44_v5ctl,best,25
ISIC_0027017,HAM_0003183,HAM_0003183,60+,ham,2,False,2,0.011241908,0.01105534,0.87480503,0.054352827,0.0063046566,0.0033024997,0.03893764,0.028601905,1,R0_kfold_f1_s44_v5ctl,best,25
ISIC_0027029,HAM_0000838,HAM_0000838,40-59,ham,5,False,5,0.011825771,0.0074861865,0.0074563506,0.06929973,0.0071019237,0.8478372,0.04899289,0.02641388,1,R0_kfold_f1_s44_v5ctl,best,25
ISIC_0027032,HAM_0002093,HAM_0002093,40-59,ham,5,False,5,0.012490235,0.007790923,0.008184752,0.068805315,0.0071232663,0.8453033,0.050302304,0.027404424,1,R0_kfold_f1_s44_v5ctl,best,25
ISIC_0027052,HAM_0000752,HAM_0000752,<40,ham,5,False,5,0.008892949,0.006992771,0.005208308,0.06385716,0.0042028087,0.86130106,0.04954498,0.02008853,1,R0_kfold_f1_s44_v5ctl,best,25
ISIC_0027093,HAM_0002959,HAM_0002959,60+,ham,1,True,1,0.012815797,0.8596143,0.012071443,0.057577983,0.005515586,0.005800413,0.04660445,0.87794566,1,R0_kfold_f1_s44_v5ctl,best,25
ISIC_0027122,HAM_0000996,HAM_0000996,60+,ham,5,False,5,0.011203443,0.0077155675,0.009062927,0.06986767,0.005339376,0.84687227,0.04993872,0.024258386,1,R0_kfold_f1_s44_v5ctl,best,25
ISIC_0027140,HAM_0006411,HAM_0006411,<40,ham,5,False,5,0.010992849,0.007228133,0.0062162015,0.07092791,0.007869166,0.8452889,0.05147681,0.026090149,1,R0_kfold_f1_s44_v5ctl,best,25
ISIC_0027144,HAM_0005064,HAM_0005064,40-59,ham,4,True,5,0.018400367,0.0141043,0.013744063,0.12206007,0.15296638,0.58260936,0.09611545,0.18547104,1,R0_kfold_f1_s44_v5ctl,best,25
ISIC_0027170,HAM_0000323,HAM_0000323,40-59,ham,5,False,5,0.012224062,0.0076043946,0.0072887754,0.07031526,0.0063386303,0.84453845,0.051690396,0.026167087,1,R0_kfold_f1_s44_v5ctl,best,25
ISIC_0027206,HAM_0007158,HAM_0007158,40-59,ham,5,False,5,0.01237934,0.007528655,0.007683172,0.070208475,0.006593945,0.8431758,0.0524306,0.02650194,1,R0_kfold_f1_s44_v5ctl,best,25
ISIC_0027209,HAM_0001849,HAM_0001849,<40,ham,5,False,4,0.018443555,0.0107932985,0.0116645135,0.1428041,0.36218584,0.34487647,0.1092323,0.3914227,1,R0_kfold_f1_s44_v5ctl,best,25
ISIC_0027210,HAM_0006748,HAM_0006748,<40,ham,6,False,6,0.0016426616,0.0009303459,0.0013319583,0.009673565,0.0007773587,0.0005135979,0.9851305,0.0033503661,1,R0_kfold_f1_s44_v5ctl,best,25
ISIC_0027212,HAM_0003341,HAM_0003341,40-59,ham,5,False,5,0.010103981,0.0067456034,0.007955883,0.06727783,0.0075772987,0.8500157,0.050323714,0.024426883,1,R0_kfold_f1_s44_v5ctl,best,25
ISIC_0027219,HAM_0000202,HAM_0000202,40-59,ham,2,False,2,0.009479677,0.008748638,0.86611986,0.063759275,0.007135543,0.0040512113,0.04070582,0.025363859,1,R0_kfold_f1_s44_v5ctl,best,25
ISIC_0027225,HAM_0000405,HAM_0000405,60+,ham,5,False,5,0.012241754,0.008884569,0.010458591,0.07441434,0.005063597,0.8300582,0.05887894,0.02618992,1,R0_kfold_f1_s44_v5ctl,best,25
ISIC_0027231,HAM_0005310,HAM_0005310,60+,ham,0,True,2,0.025771637,0.005680541,0.8499464,0.06277897,0.0040040943,0.0047408394,0.047077563,0.035456274,1,R0_kfold_f1_s44_v5ctl,best,25
ISIC_0027262,HAM_0003590,HAM_0003590,40-59,ham,5,False,5,0.012354299,0.009670463,0.007532679,0.07543146,0.0063939653,0.82672447,0.061892692,0.028418727,1,R0_kfold_f1_s44_v5ctl,best,25
ISIC_0027266,HAM_0003430,HAM_0003430,60+,ham,5,False,5,0.012226126,0.008810584,0.013523231,0.071071476,0.006198334,0.8322155,0.05595475,0.027235044,1,R0_kfold_f1_s44_v5ctl,best,25
ISIC_0027275,HAM_0002280,HAM_0002280,40-59,ham,2,False,2,0.008226868,0.0049589104,0.89744407,0.04703917,0.004107595,0.0028058144,0.035417624,0.017293373,1,R0_kfold_f1_s44_v5ctl,best,25
ISIC_0027283,HAM_0000265,HAM_0000265,40-59,ham,5,False,5,0.010988855,0.006792487,0.007812489,0.06765323,0.005929549,0.8535836,0.04723985,0.023710892,1,R0_kfold_f1_s44_v5ctl,best,25
ISIC_0027290,HAM_0003502,HAM_0003502,60+,ham,5,False,5,0.011483742,0.0075968616,0.0074537634,0.07035107,0.0065130815,0.8463516,0.05024994,0.025593685,1,R0_kfold_f1_s44_v5ctl,best,25
ISIC_0027296,HAM_0001746,HAM_0001746,60+,ham,5,False,5,0.011501644,0.007523496,0.006662731,0.06701758,0.0070705125,0.85095817,0.04926591,0.026095651,1,R0_kfold_f1_s44_v5ctl,best,25
ISIC_0027297,HAM_0003186,HAM_0003186,60+,ham,1,True,1,0.0079543125,0.8634185,0.01194455,0.062081292,0.0050463546,0.005006907,0.044548124,0.8764192,1,R0_kfold_f1_s44_v5ctl,best,25
ISIC_0027301,HAM_0003092,HAM_0003092,40-59,ham,5,False,5,0.011341977,0.007449428,0.007747276,0.0697351,0.006594608,0.8447964,0.05233523,0.025386013,1,R0_kfold_f1_s44_v5ctl,best,25
ISIC_0027308,HAM_0003496,HAM_0003496,40-59,ham,5,False,5,0.011615594,0.008954473,0.01049598,0.07216886,0.00588877,0.8361776,0.05469877,0.026458835,1,R0_kfold_f1_s44_v5ctl,best,25
ISIC_0027313,HAM_0001108,HAM_0001108,60+,ham,5,False,5,0.011763304,0.007162893,0.0076024383,0.071483254,0.0064440495,0.8445466,0.050997417,0.025370246,1,R0_kfold_f1_s44_v5ctl,best,25
ISIC_0027314,HAM_0006293,HAM_0006293,60+,ham,5,False,5,0.012963156,0.008213001,0.009304597,0.07056612,0.007829931,0.838627,0.05249614,0.029006088,1,R0_kfold_f1_s44_v5ctl,best,25
ISIC_0027320,HAM_0004506,HAM_0004506,60+,ham,2,False,2,0.0068540415,0.008065113,0.8493975,0.072715424,0.009044306,0.011625581,0.04229813,0.02396346,1,R0_kfold_f1_s44_v5ctl,best,25
ISIC_0027322,HAM_0001044,HAM_0001044,60+,ham,5,False,5,0.011885554,0.0075683235,0.007864326,0.07061736,0.007025999,0.8442769,0.050761506,0.026479878,1,R0_kfold_f1_s44_v5ctl,best,25
ISIC_0027323,HAM_0006077,HAM_0006077,40-59,ham,5,False,4,0.015070538,0.007979965,0.016126761,0.14886974,0.38655737,0.33082342,0.094572216,0.4096079,1,R0_kfold_f1_s44_v5ctl,best,25
ISIC_0027328,HAM_0004651,HAM_0004651,60+,ham,4,True,4,0.011825666,0.009197251,0.008916428,0.06684045,0.8504125,0.0045240633,0.04828374,0.8714354,1,R0_kfold_f1_s44_v5ctl,best,25
ISIC_0027345,HAM_0005091,HAM_0005091,40-59,ham,5,False,5,0.008173245,0.013504022,0.017651264,0.10852493,0.04122319,0.735124,0.07579941,0.062900454,1,R0_kfold_f1_s44_v5ctl,best,25
ISIC_0027358,HAM_0003767,HAM_0003767,60+,ham,5,False,5,0.012764585,0.007456061,0.014802631,0.07808767,0.0045746407,0.83056504,0.051749412,0.024795286,1,R0_kfold_f1_s44_v5ctl,best,25
ISIC_0027372,HAM_0004567,HAM_0004567,60+,ham,5,False,5,0.012349519,0.009358013,0.008817983,0.07234253,0.008372926,0.83495754,0.053801514,0.030080456,1,R0_kfold_f1_s44_v5ctl,best,25
ISIC_0027381,HAM_0004452,HAM_0004452,<40,ham,5,False,5,0.011906481,0.0080210315,0.008114886,0.06689445,0.006456988,0.8505098,0.048096374,0.0263845,1,R0_kfold_f1_s44_v5ctl,best,25
ISIC_0027390,HAM_0005261,HAM_0005261,<40,ham,5,False,5,0.010411232,0.006859228,0.009040127,0.07492713,0.0073864744,0.83840334,0.052972447,0.024656935,1,R0_kfold_f1_s44_v5ctl,best,25
ISIC_0027391,HAM_0000037,HAM_0000037,40-59,ham,5,False,5,0.011698002,0.0073409663,0.008090403,0.06839284,0.006202574,0.848394,0.04988131,0.025241543,1,R0_kfold_f1_s44_v5ctl,best,25
ISIC_0027404,HAM_0000570,HAM_0000570,<40,ham,5,False,5,0.013003606,0.008732715,0.011568416,0.08614858,0.0065140952,0.82249504,0.05153755,0.028250415,1,R0_kfold_f1_s44_v5ctl,best,25
ISIC_0027405,HAM_0004628,HAM_0004628,40-59,ham,5,False,5,0.011943933,0.0073740142,0.00775586,0.06942511,0.00671835,0.8444648,0.05231795,0.026036298,1,R0_kfold_f1_s44_v5ctl,best,25
ISIC_0027412,HAM_0000184,HAM_0000184,40-59,ham,5,False,5,0.018737458,0.009564662,0.0072070523,0.0963884,0.11228487,0.6812716,0.07454595,0.14058699,1,R0_kfold_f1_s44_v5ctl,best,25
ISIC_0027413,HAM_0007287,HAM_0007287,40-59,ham,5,False,5,0.011243039,0.0072847665,0.007451903,0.06731088,0.0061071287,0.8503588,0.05024353,0.024634935,1,R0_kfold_f1_s44_v5ctl,best,25
ISIC_0027416,HAM_0006192,HAM_0006192,40-59,ham,5,False,5,0.013014346,0.00822929,0.0078903185,0.0702506,0.0073178057,0.84096044,0.05233724,0.028561441,1,R0_kfold_f1_s44_v5ctl,best,25
ISIC_0027429,HAM_0002853,HAM_0002853,40-59,ham,5,False,5,0.011604477,0.0077552134,0.0070097605,0.0704305,0.00710757,0.84178513,0.05430731,0.02646726,1,R0_kfold_f1_s44_v5ctl,best,25
ISIC_0027434,HAM_0001668,HAM_0001668,40-59,ham,5,False,5,0.011969757,0.0074995994,0.0073917587,0.07035327,0.0077642957,0.8443397,0.050681632,0.027233653,1,R0_kfold_f1_s44_v5ctl,best,25
ISIC_0027438,HAM_0006808,HAM_0006808,60+,ham,5,False,5,0.012285825,0.008467309,0.008403303,0.0712172,0.0072188033,0.8411883,0.05121931,0.027971938,1,R0_kfold_f1_s44_v5ctl,best,25
ISIC_0027453,HAM_0000780,HAM_0000780,60+,ham,5,False,5,0.011714534,0.0073581887,0.007849371,0.07181341,0.0070970566,0.8431545,0.051012993,0.026169779,1,R0_kfold_f1_s44_v5ctl,best,25
ISIC_0027455,HAM_0004673,HAM_0004673,40-59,ham,2,False,4,0.006969619,0.0041856533,0.006506667,0.054272458,0.884317,0.00963911,0.03410942,0.8954722,1,R0_kfold_f1_s44_v5ctl,best,25
ISIC_0027467,HAM_0002531,HAM_0002531,<40,ham,5,False,5,0.011051308,0.0077381823,0.0072704586,0.0685322,0.007431625,0.84582907,0.05214716,0.026221115,1,R0_kfold_f1_s44_v5ctl,best,25
ISIC_0027472,HAM_0004256,HAM_0004256,<40,ham,5,False,5,0.01196006,0.0078300005,0.008369901,0.07175395,0.006851779,0.84140354,0.051830865,0.02664184,1,R0_kfold_f1_s44_v5ctl,best,25
ISIC_0027473,HAM_0002959,HAM_0002959,60+,ham,1,True,1,0.0122905485,0.86290735,0.009861274,0.058210514,0.0063513485,0.0056497552,0.04472916,0.88154924,1,R0_kfold_f1_s44_v5ctl,best,25
ISIC_0027479,HAM_0002180,HAM_0002180,40-59,ham,5,False,5,0.011555882,0.007313119,0.0072025415,0.069730826,0.006982967,0.84508896,0.052125774,0.025851969,1,R0_kfold_f1_s44_v5ctl,best,25
ISIC_0027489,HAM_0006565,HAM_0006565,60+,ham,5,False,5,0.011434308,0.0072811213,0.0077597797,0.06799342,0.0067342347,0.84741205,0.05138515,0.025449665,1,R0_kfold_f1_s44_v5ctl,best,25
ISIC_0027507,HAM_0003601,HAM_0003601,60+,ham,4,True,5,0.013822125,0.008600887,0.008854154,0.07403215,0.011764021,0.82742053,0.0555061,0.034187034,1,R0_kfold_f1_s44_v5ctl,best,25
ISIC_0027513,HAM_0004748,HAM_0004748,40-59,ham,2,False,2,0.014719997,0.0076820743,0.89636934,0.045686513,0.0031591582,0.002640769,0.029742084,0.025561228,1,R0_kfold_f1_s44_v5ctl,best,25
ISIC_0027514,HAM_0000637,HAM_0000637,60+,ham,5,False,5,0.011012842,0.0067484085,0.007158751,0.06607387,0.007470058,0.8523617,0.049174376,0.02523131,1,R0_kfold_f1_s44_v5ctl,best,25
ISIC_0027516,HAM_0001685,HAM_0001685,<40,ham,5,False,5,0.010489474,0.00628121,0.0071212975,0.06574463,0.0060549127,0.85406774,0.050240777,0.022825595,1,R0_kfold_f1_s44_v5ctl,best,25
ISIC_0027542,HAM_0007509,HAM_0007509,60+,ham,5,False,5,0.012092136,0.0076032593,0.008068485,0.07161744,0.006348673,0.84276915,0.051500913,0.026044069,1,R0_kfold_f1_s44_v5ctl,best,25
ISIC_0027551,HAM_0006035,HAM_0006035,60+,ham,5,False,5,0.013820671,0.0084559275,0.007904987,0.073265806,0.0072402945,0.83673817,0.052574143,0.029516894,1,R0_kfold_f1_s44_v5ctl,best,25
ISIC_0027561,HAM_0004565,HAM_0004565,60+,ham,4,True,4,0.012687392,0.0027737005,0.07842563,0.0988629,0.7234248,0.022487666,0.061338,0.7388859,1,R0_kfold_f1_s44_v5ctl,best,25
ISIC_0027562,HAM_0007622,HAM_0007622,60+,ham,0,True,0,0.94704753,0.002509907,0.0066091027,0.021518085,0.0027686378,0.0011489592,0.018397765,0.95232606,1,R0_kfold_f1_s44_v5ctl,best,25
ISIC_0027563,HAM_0002788,HAM_0002788,60+,ham,6,False,6,0.0014460678,0.00084561575,0.0012113685,0.010650923,0.00038931356,0.0019811073,0.9834757,0.0026809971,1,R0_kfold_f1_s44_v5ctl,best,25
ISIC_0027566,HAM_0004664,HAM_0004664,<40,ham,5,False,5,0.011374532,0.007599516,0.0076946644,0.071108,0.0062700408,0.8453153,0.050638046,0.025244087,1,R0_kfold_f1_s44_v5ctl,best,25
ISIC_0027568,HAM_0006398,HAM_0006398,60+,ham,5,False,4,0.04842917,0.004725199,0.025214357,0.13140059,0.60462654,0.082502246,0.10310194,0.6577809,1,R0_kfold_f1_s44_v5ctl,best,25
ISIC_0027575,HAM_0002758,HAM_0002758,40-59,ham,5,False,5,0.011118746,0.0068738386,0.006789772,0.06583192,0.004449819,0.85240996,0.052525997,0.022442404,1,R0_kfold_f1_s44_v5ctl,best,25
ISIC_0027593,HAM_0004552,HAM_0004552,60+,ham,5,False,5,0.011976376,0.0076912586,0.008618789,0.06903545,0.007040279,0.84428024,0.051357657,0.026707914,1,R0_kfold_f1_s44_v5ctl,best,25
ISIC_0027602,HAM_0001006,HAM_0001006,40-59,ham,5,False,5,0.011742575,0.007124836,0.0075239926,0.06882318,0.0066111824,0.8466914,0.051482808,0.025478594,1,R0_kfold_f1_s44_v5ctl,best,25
ISIC_0027608,HAM_0005610,HAM_0005610,60+,ham,2,False,2,0.009489152,0.009655499,0.89415604,0.047533475,0.0025712673,0.0016150528,0.03497954,0.021715919,1,R0_kfold_f1_s44_v5ctl,best,25
ISIC_0027616,HAM_0007620,HAM_0007620,40-59,ham,4,True,5,0.09352111,0.009234354,0.019778945,0.26500082,0.017656408,0.5223592,0.07244918,0.12041187,1,R0_kfold_f1_s44_v5ctl,best,25
ISIC_0027622,HAM_0006467,HAM_0006467,40-59,ham,4,True,4,0.01250163,0.0062624384,0.006800098,0.07871429,0.8155925,0.021601278,0.05852773,0.8343566,1,R0_kfold_f1_s44_v5ctl,best,25
ISIC_0027629,HAM_0002427,HAM_0002427,60+,ham,1,True,1,0.010181368,0.8934587,0.0051671686,0.0465033,0.0054369187,0.0040527354,0.035199713,0.909077,1,R0_kfold_f1_s44_v5ctl,best,25
ISIC_0027631,HAM_0004440,HAM_0004440,60+,ham,1,True,1,0.0072576753,0.88465554,0.0055328263,0.052874524,0.0051855533,0.005132988,0.03936096,0.8970988,1,R0_kfold_f1_s44_v5ctl,best,25
ISIC_0027632,HAM_0005548,HAM_0005548,40-59,ham,5,False,5,0.010831795,0.0067833113,0.0074007027,0.06527859,0.007526126,0.8509404,0.051239137,0.025141232,1,R0_kfold_f1_s44_v5ctl,best,25
ISIC_0027641,HAM_0006084,HAM_0006084,60+,ham,5,False,5,0.012068767,0.006881116,0.007485696,0.06800997,0.0066767153,0.8484469,0.050430726,0.025626598,1,R0_kfold_f1_s44_v5ctl,best,25
ISIC_0027643,HAM_0003215,HAM_0003215,40-59,ham,5,False,5,0.010859359,0.0070955427,0.008282313,0.062781096,0.008106842,0.8543389,0.048535965,0.026061743,1,R0_kfold_f1_s44_v5ctl,best,25
ISIC_0027650,HAM_0002648,HAM_0002648,40-59,ham,0,True,0,0.93306094,0.004370435,0.0056970594,0.0308195,0.0021759763,0.0017219192,0.022154158,0.9396074,1,R0_kfold_f1_s44_v5ctl,best,25
ISIC_0027652,HAM_0004958,HAM_0004958,60+,ham,2,False,2,0.0064966595,0.006685766,0.881524,0.055687204,0.0054768613,0.006603367,0.037526164,0.018659286,1,R0_kfold_f1_s44_v5ctl,best,25
ISIC_0027656,HAM_0002578,HAM_0002578,40-59,ham,5,False,5,0.011389654,0.0075825807,0.008025871,0.069384426,0.0061525777,0.84878373,0.04868111,0.025124812,1,R0_kfold_f1_s44_v5ctl,best,25
ISIC_0027666,HAM_0001856,HAM_0001856,40-59,ham,5,False,5,0.011254068,0.007960062,0.008678615,0.0714616,0.0063960706,0.84232426,0.051925316,0.025610201,1,R0_kfold_f1_s44_v5ctl,best,25
ISIC_0027668,HAM_0001386,HAM_0001386,60+,ham,0,True,5,0.01807402,0.0054575717,0.0127006015,0.07795722,0.027822321,0.78393734,0.074050955,0.051353917,1,R0_kfold_f1_s44_v5ctl,best,25
ISIC_0027671,HAM_0000971,HAM_0000971,<40,ham,5,False,5,0.009661867,0.007369761,0.0085846605,0.069072425,0.0065692384,0.8479571,0.050784893,0.023600867,1,R0_kfold_f1_s44_v5ctl,best,25
ISIC_0027673,HAM_0002430,HAM_0002430,60+,ham,4,True,4,0.010099373,0.005614466,0.0065040407,0.0622423,0.8710584,0.004447531,0.040033784,0.8867722,1,R0_kfold_f1_s44_v5ctl,best,25
ISIC_0027683,HAM_0005738,HAM_0005738,40-59,ham,5,False,5,0.012507633,0.008505182,0.009238471,0.07067545,0.006539755,0.84106284,0.051470675,0.027552571,1,R0_kfold_f1_s44_v5ctl,best,25
ISIC_0027688,HAM_0001936,HAM_0001936,60+,ham,5,False,5,0.0148215145,0.009318396,0.017971324,0.075431086,0.0040787477,0.82905304,0.049325995,0.028218659,1,R0_kfold_f1_s44_v5ctl,best,25
ISIC_0027689,HAM_0003819,HAM_0003819,40-59,ham,5,False,5,0.012272483,0.008356648,0.009065706,0.07596308,0.0071285544,0.8323363,0.054877277,0.027757686,1,R0_kfold_f1_s44_v5ctl,best,25
ISIC_0027694,HAM_0007405,HAM_0007405,40-59,ham,5,False,5,0.011382289,0.007473152,0.008326567,0.06963248,0.006963812,0.8452144,0.051007222,0.025819253,1,R0_kfold_f1_s44_v5ctl,best,25
ISIC_0027704,HAM_0001440,HAM_0001440,60+,ham,1,True,1,0.008578091,0.8876808,0.005654638,0.051461793,0.0052949,0.0038558524,0.037473936,0.9015538,1,R0_kfold_f1_s44_v5ctl,best,25
ISIC_0027715,HAM_0006126,HAM_0006126,40-59,ham,5,False,5,0.0087402975,0.0062144035,0.005789341,0.057166107,0.004534636,0.87266594,0.04488925,0.019489337,1,R0_kfold_f1_s44_v5ctl,best,25
ISIC_0027721,HAM_0004364,HAM_0004364,60+,ham,4,True,4,0.27464202,0.006694526,0.07547937,0.19309603,0.33313593,0.0010348,0.115917325,0.6144725,1,R0_kfold_f1_s44_v5ctl,best,25
ISIC_0027725,HAM_0005775,HAM_0005775,40-59,ham,5,False,4,0.010914687,0.007214732,0.0057241987,0.089223474,0.7599114,0.055631556,0.07138002,0.7780408,1,R0_kfold_f1_s44_v5ctl,best,25
ISIC_0027731,HAM_0000437,HAM_0000437,40-59,ham,5,False,5,0.011636627,0.0075498675,0.008750798,0.07133694,0.007020555,0.84301764,0.05068763,0.02620705,1,R0_kfold_f1_s44_v5ctl,best,25
ISIC_0027732,HAM_0006132,HAM_0006132,40-59,ham,5,False,5,0.011627631,0.006890569,0.0071614883,0.06741302,0.0060223076,0.85092366,0.04996125,0.024540508,1,R0_kfold_f1_s44_v5ctl,best,25
ISIC_0027734,HAM_0002670,HAM_0002670,60+,ham,5,False,5,0.011064269,0.0107626105,0.007838273,0.06785146,0.011640193,0.8385316,0.052311603,0.03346707,1,R0_kfold_f1_s44_v5ctl,best,25
ISIC_0027747,HAM_0005932,HAM_0005932,40-59,ham,2,False,5,0.013413592,0.007914982,0.023156514,0.07771607,0.0075349202,0.8138607,0.05640329,0.028863493,1,R0_kfold_f1_s44_v5ctl,best,25
ISIC_0027749,HAM_0000466,HAM_0000466,40-59,ham,5,False,5,0.011414049,0.006944733,0.0073517854,0.06839515,0.006112543,0.849385,0.0503967,0.024471324,1,R0_kfold_f1_s44_v5ctl,best,25
ISIC_0027773,HAM_0007360,HAM_0007360,<40,ham,5,False,5,0.011438669,0.0070182257,0.0070051695,0.06576195,0.006831832,0.8531912,0.04875302,0.025288727,1,R0_kfold_f1_s44_v5ctl,best,25
ISIC_0027794,HAM_0002072,HAM_0002072,40-59,ham,5,False,5,0.013172207,0.007937345,0.010124531,0.07248296,0.0069048344,0.83749926,0.05187888,0.028014386,1,R0_kfold_f1_s44_v5ctl,best,25
ISIC_0027812,HAM_0004546,HAM_0004546,40-59,ham,5,False,5,0.011349383,0.007731558,0.007282137,0.070223525,0.0067588766,0.84507555,0.051578905,0.025839817,1,R0_kfold_f1_s44_v5ctl,best,25
ISIC_0027821,HAM_0006126,HAM_0006126,40-59,ham,5,False,5,0.009011613,0.006207354,0.008373857,0.05848607,0.0041047772,0.8684487,0.045367546,0.019323744,1,R0_kfold_f1_s44_v5ctl,best,25
ISIC_0027824,HAM_0000343,HAM_0000343,60+,ham,5,False,5,0.012159569,0.007689512,0.0078835795,0.06908123,0.00651629,0.8429679,0.053701878,0.02636537,1,R0_kfold_f1_s44_v5ctl,best,25
ISIC_0027832,HAM_0003509,HAM_0003509,60+,ham,4,True,5,0.013473457,0.01477708,0.012568577,0.07487168,0.00971047,0.8160571,0.05854161,0.037961006,1,R0_kfold_f1_s44_v5ctl,best,25
ISIC_0027834,HAM_0002138,HAM_0002138,40-59,ham,5,False,5,0.011942526,0.0074984753,0.009717423,0.07040083,0.0052864887,0.84502345,0.050130818,0.02472749,1,R0_kfold_f1_s44_v5ctl,best,25
ISIC_0027848,HAM_0000930,HAM_0000930,<40,ham,5,False,5,0.011057963,0.0081562465,0.0068824706,0.06936973,0.0060136295,0.8461217,0.05239824,0.02522784,1,R0_kfold_f1_s44_v5ctl,best,25
ISIC_0027853,HAM_0004068,HAM_0004068,<40,ham,5,False,5,0.012649748,0.0063412474,0.007143094,0.07786805,0.014539554,0.83255774,0.048900504,0.03353055,1,R0_kfold_f1_s44_v5ctl,best,25
ISIC_0027867,HAM_0003430,HAM_0003430,60+,ham,5,False,5,0.012146227,0.007709311,0.008619867,0.07403656,0.00894578,0.83472955,0.053812634,0.028801318,1,R0_kfold_f1_s44_v5ctl,best,25
ISIC_0027872,HAM_0004784,HAM_0004784,40-59,ham,4,True,5,0.009339181,0.011109384,0.033676673,0.122383885,0.012231055,0.74839455,0.06286528,0.03267962,1,R0_kfold_f1_s44_v5ctl,best,25
ISIC_0027882,HAM_0001823,HAM_0001823,40-59,ham,5,False,5,0.012204165,0.007627072,0.008283167,0.06759129,0.006450519,0.84754544,0.05029834,0.026281755,1,R0_kfold_f1_s44_v5ctl,best,25
ISIC_0027891,HAM_0003417,HAM_0003417,40-59,ham,5,False,5,0.011029142,0.0073968447,0.006996316,0.06819063,0.0063637784,0.8488774,0.05114581,0.024789765,1,R0_kfold_f1_s44_v5ctl,best,25
ISIC_0027905,HAM_0006770,HAM_0006770,60+,ham,2,False,5,0.011921175,0.008516113,0.013748769,0.06908865,0.00901113,0.83267677,0.055037323,0.02944842,1,R0_kfold_f1_s44_v5ctl,best,25
ISIC_0027909,HAM_0000139,HAM_0000139,40-59,ham,5,False,5,0.0105933305,0.0075622625,0.008795331,0.06722283,0.006158677,0.85172266,0.04794486,0.02431427,1,R0_kfold_f1_s44_v5ctl,best,25
ISIC_0027926,HAM_0006360,HAM_0006360,40-59,ham,5,False,5,0.012744985,0.007892166,0.009288737,0.07312067,0.0076985415,0.8366564,0.052598476,0.028335692,1,R0_kfold_f1_s44_v5ctl,best,25
ISIC_0027927,HAM_0006614,HAM_0006614,40-59,ham,5,False,5,0.011037803,0.007268292,0.0077544977,0.07160565,0.006485851,0.8456282,0.050219752,0.024791947,1,R0_kfold_f1_s44_v5ctl,best,25
ISIC_0027933,HAM_0000070,HAM_0000070,40-59,ham,5,False,5,0.012110236,0.008005228,0.005820052,0.06405679,0.004492589,0.8591146,0.046400506,0.024608053,1,R0_kfold_f1_s44_v5ctl,best,25
ISIC_0027936,HAM_0000428,HAM_0000428,40-59,ham,5,False,5,0.012851416,0.0072326036,0.00816865,0.07019993,0.006289635,0.8446684,0.05058927,0.026373655,1,R0_kfold_f1_s44_v5ctl,best,25
ISIC_0027947,HAM_0004416,HAM_0004416,40-59,ham,5,False,5,0.012082836,0.007914812,0.007888847,0.07033622,0.006156653,0.8456241,0.049996536,0.026154302,1,R0_kfold_f1_s44_v5ctl,best,25
ISIC_0027953,HAM_0006907,HAM_0006907,<40,ham,2,False,2,0.016688341,0.005868937,0.87015235,0.05452643,0.003532822,0.0033178504,0.04591325,0.026090099,1,R0_kfold_f1_s44_v5ctl,best,25
ISIC_0027961,HAM_0005365,HAM_0005365,<40,ham,5,False,5,0.01177975,0.007241899,0.008352086,0.072609276,0.0055995793,0.8375385,0.056878913,0.024621228,1,R0_kfold_f1_s44_v5ctl,best,25
ISIC_0027969,HAM_0006170,HAM_0006170,60+,ham,2,False,5,0.013345285,0.0075319516,0.011318138,0.07558345,0.005854444,0.8374735,0.048893172,0.026731681,1,R0_kfold_f1_s44_v5ctl,best,25
ISIC_0027970,HAM_0006551,HAM_0006551,<40,ham,5,False,5,0.01119795,0.008444068,0.007863054,0.071131445,0.006193022,0.8416046,0.05356595,0.02583504,1,R0_kfold_f1_s44_v5ctl,best,25
ISIC_0027971,HAM_0007082,HAM_0007082,40-59,ham,5,False,5,0.011616075,0.007010065,0.0074957404,0.068985246,0.006575675,0.84772056,0.050596613,0.025201816,1,R0_kfold_f1_s44_v5ctl,best,25
ISIC_0027980,HAM_0004144,HAM_0004144,<40,ham,5,False,5,0.012334187,0.0072826054,0.007978708,0.06830886,0.0066235694,0.8463301,0.051142003,0.026240362,1,R0_kfold_f1_s44_v5ctl,best,25
ISIC_0027982,HAM_0004423,HAM_0004423,60+,ham,2,False,2,0.004568407,0.007011611,0.7687313,0.08421605,0.007796338,0.06914893,0.058527336,0.019376356,1,R0_kfold_f1_s44_v5ctl,best,25
ISIC_0027989,HAM_0000113,HAM_0000113,60+,ham,2,False,2,0.025825769,0.030243121,0.5078615,0.16916606,0.011965693,0.15463372,0.10030416,0.06803458,1,R0_kfold_f1_s44_v5ctl,best,25
ISIC_0027991,HAM_0002722,HAM_0002722,40-59,ham,2,False,0,0.421061,0.01073933,0.07084961,0.18889186,0.1801713,0.0036759754,0.124610946,0.6119716,1,R0_kfold_f1_s44_v5ctl,best,25
ISIC_0027994,HAM_0007525,HAM_0007525,60+,ham,5,False,5,0.013561713,0.008247341,0.022951953,0.084983766,0.008132504,0.80360687,0.05851587,0.029941557,1,R0_kfold_f1_s44_v5ctl,best,25
ISIC_0027995,HAM_0001317,HAM_0001317,40-59,ham,5,False,5,0.01157737,0.00757151,0.007763484,0.07018143,0.0073218057,0.8457956,0.049788836,0.026470684,1,R0_kfold_f1_s44_v5ctl,best,25
ISIC_0028002,HAM_0002168,HAM_0002168,<40,ham,5,False,5,0.012661536,0.00798419,0.008099887,0.069392264,0.0069632675,0.84280455,0.05209434,0.027608994,1,R0_kfold_f1_s44_v5ctl,best,25
ISIC_0028018,HAM_0002468,HAM_0002468,40-59,ham,5,False,5,0.011492975,0.00724887,0.007989145,0.066596024,0.006245771,0.8509354,0.04949191,0.024987618,1,R0_kfold_f1_s44_v5ctl,best,25
ISIC_0028041,HAM_0000796,HAM_0000796,60+,ham,4,True,3,0.00063560007,0.00044383295,0.0020882315,0.9881088,0.002889327,0.00036589988,0.005468326,0.00396876,1,R0_kfold_f1_s44_v5ctl,best,25
ISIC_0028046,HAM_0003719,HAM_0003719,40-59,ham,5,False,5,0.012041129,0.008019148,0.007887061,0.074255995,0.00802642,0.83826077,0.051509473,0.0280867,1,R0_kfold_f1_s44_v5ctl,best,25
ISIC_0028049,HAM_0004051,HAM_0004051,40-59,ham,5,False,5,0.011367944,0.0070915846,0.007410073,0.069572866,0.00673777,0.8476758,0.050144017,0.0251973,1,R0_kfold_f1_s44_v5ctl,best,25
ISIC_0028051,HAM_0006636,HAM_0006636,40-59,ham,4,True,4,0.0197995,0.005079482,0.013056478,0.11488332,0.7139308,0.06724452,0.06600589,0.73880976,1,R0_kfold_f1_s44_v5ctl,best,25
ISIC_0028055,HAM_0002697,HAM_0002697,40-59,ham,5,False,5,0.0116565265,0.007251423,0.0076969624,0.06984932,0.006594233,0.8474867,0.049464818,0.025502183,1,R0_kfold_f1_s44_v5ctl,best,25
ISIC_0028064,HAM_0006392,HAM_0006392,<40,ham,5,False,5,0.011212925,0.0072133546,0.007998986,0.06989518,0.0061775274,0.8442488,0.05325321,0.024603808,1,R0_kfold_f1_s44_v5ctl,best,25
ISIC_0028068,HAM_0002331,HAM_0002331,<40,ham,5,False,5,0.012092103,0.0072311093,0.007743966,0.069398,0.006698658,0.845402,0.051434107,0.026021872,1,R0_kfold_f1_s44_v5ctl,best,25
ISIC_0028093,HAM_0004073,HAM_0004073,<40,ham,5,False,5,0.012087973,0.0075563043,0.008122499,0.0690002,0.006796292,0.84526914,0.051167578,0.026440568,1,R0_kfold_f1_s44_v5ctl,best,25
ISIC_0028095,HAM_0001926,HAM_0001926,60+,ham,1,True,5,0.015596606,0.21809469,0.022776928,0.10775324,0.007305133,0.5034868,0.12498652,0.24099644,1,R0_kfold_f1_s44_v5ctl,best,25
ISIC_0028100,HAM_0001510,HAM_0001510,60+,ham,2,False,1,0.0057678493,0.8524886,0.01572037,0.06926254,0.0071147736,0.0053141364,0.044331703,0.86537117,1,R0_kfold_f1_s44_v5ctl,best,25
ISIC_0028102,HAM_0004793,HAM_0004793,60+,ham,5,False,5,0.011511429,0.0069307196,0.0072929985,0.07018716,0.0067332336,0.8466168,0.05072761,0.025175381,1,R0_kfold_f1_s44_v5ctl,best,25
ISIC_0028110,HAM_0002803,HAM_0002803,40-59,ham,5,False,5,0.012088737,0.008371724,0.009166518,0.0714861,0.008417552,0.836358,0.05411134,0.028878013,1,R0_kfold_f1_s44_v5ctl,best,25
ISIC_0028114,HAM_0002430,HAM_0002430,60+,ham,4,True,4,0.009920129,0.0056120795,0.0053891046,0.061211128,0.8727374,0.005317696,0.039812423,0.8882696,1,R0_kfold_f1_s44_v5ctl,best,25
ISIC_0028134,HAM_0004022,HAM_0004022,<40,ham,5,False,5,0.010885695,0.0069431025,0.00703626,0.06779042,0.0074952543,0.85167664,0.04817265,0.025324052,1,R0_kfold_f1_s44_v5ctl,best,25
ISIC_0028148,HAM_0003176,HAM_0003176,60+,ham,4,True,4,0.012758523,0.007933152,0.009801475,0.07892151,0.8216859,0.01718796,0.051711496,0.8423776,1,R0_kfold_f1_s44_v5ctl,best,25
ISIC_0028154,HAM_0002856,HAM_0002856,60+,ham,5,False,5,0.011299768,0.007338714,0.0062526567,0.06853041,0.0049981363,0.8479339,0.05364651,0.023636619,1,R0_kfold_f1_s44_v5ctl,best,25
ISIC_0028164,HAM_0006443,HAM_0006443,40-59,ham,5,False,5,0.011986467,0.0076174415,0.008071316,0.07287047,0.008634195,0.8381292,0.052690912,0.028238103,1,R0_kfold_f1_s44_v5ctl,best,25
ISIC_0028173,HAM_0005927,HAM_0005927,40-59,ham,4,True,5,0.011892809,0.008543062,0.0072361827,0.071056485,0.009978759,0.835593,0.055699714,0.03041463,1,R0_kfold_f1_s44_v5ctl,best,25
ISIC_0028177,HAM_0000031,HAM_0000031,40-59,ham,5,False,5,0.011990795,0.007422411,0.0082303565,0.06917969,0.006681836,0.8453636,0.051131364,0.026095044,1,R0_kfold_f1_s44_v5ctl,best,25
ISIC_0028178,HAM_0006083,HAM_0006083,<40,ham,5,False,5,0.012689007,0.007964358,0.007883929,0.0722412,0.009246921,0.83664197,0.053332612,0.029900286,1,R0_kfold_f1_s44_v5ctl,best,25
ISIC_0028183,HAM_0003159,HAM_0003159,<40,ham,5,False,5,0.011333279,0.007471929,0.007953725,0.07005302,0.0050717206,0.84693533,0.051181056,0.023876928,1,R0_kfold_f1_s44_v5ctl,best,25
ISIC_0028185,HAM_0005252,HAM_0005252,40-59,ham,5,False,5,0.013881411,0.009508173,0.007962922,0.07411695,0.007529317,0.8314202,0.055580948,0.030918902,1,R0_kfold_f1_s44_v5ctl,best,25
ISIC_0028187,HAM_0006471,HAM_0006471,60+,ham,5,False,5,0.012192201,0.0074396213,0.007814573,0.06619845,0.006316803,0.8505313,0.04950716,0.025948625,1,R0_kfold_f1_s44_v5ctl,best,25
ISIC_0028192,HAM_0006656,HAM_0006656,40-59,ham,5,False,5,0.011912092,0.00785334,0.008054261,0.06902198,0.006941522,0.84772897,0.04848788,0.026706954,1,R0_kfold_f1_s44_v5ctl,best,25
ISIC_0028193,HAM_0007554,HAM_0007554,40-59,ham,5,False,5,0.012793574,0.0076815784,0.010830685,0.07502835,0.0053227562,0.8340863,0.05425678,0.02579791,1,R0_kfold_f1_s44_v5ctl,best,25
ISIC_0028198,HAM_0005064,HAM_0005064,40-59,ham,4,True,5,0.013425692,0.01338677,0.0066369157,0.11626618,0.14005363,0.6318402,0.07839053,0.1668661,1,R0_kfold_f1_s44_v5ctl,best,25
ISIC_0028202,HAM_0004942,HAM_0004942,60+,ham,5,False,5,0.009709175,0.00637521,0.0070578516,0.07341748,0.008917069,0.8443679,0.050155297,0.025001453,1,R0_kfold_f1_s44_v5ctl,best,25
ISIC_0028208,HAM_0002398,HAM_0002398,60+,ham,5,False,5,0.010989629,0.0074233394,0.0078125,0.06989415,0.006106109,0.84813595,0.04963825,0.024519077,1,R0_kfold_f1_s44_v5ctl,best,25
ISIC_0028215,HAM_0005557,HAM_0005557,60+,ham,4,True,4,0.007837533,0.012695804,0.007011596,0.055501238,0.87355816,0.004765935,0.038629793,0.8940915,1,R0_kfold_f1_s44_v5ctl,best,25
ISIC_0028219,HAM_0000233,HAM_0000233,40-59,ham,4,True,5,0.011566468,0.0070761945,0.009763951,0.069822885,0.0072810277,0.8410525,0.053436946,0.02592369,1,R0_kfold_f1_s44_v5ctl,best,25
ISIC_0028220,HAM_0004559,HAM_0004559,60+,ham,4,True,2,0.018763693,0.0045561576,0.7880673,0.10606359,0.01194956,0.011692139,0.05890761,0.03526941,1,R0_kfold_f1_s44_v5ctl,best,25
ISIC_0028225,HAM_0001349,HAM_0001349,60+,ham,4,True,4,0.023718188,0.012540933,0.010982268,0.13602437,0.45558944,0.26598644,0.09515843,0.49184856,1,R0_kfold_f1_s44_v5ctl,best,25
ISIC_0028230,HAM_0004519,HAM_0004519,<40,ham,5,False,5,0.010596299,0.005926268,0.005243835,0.06573104,0.029286474,0.829431,0.05378516,0.04580904,1,R0_kfold_f1_s44_v5ctl,best,25
ISIC_0028232,HAM_0003123,HAM_0003123,60+,ham,0,True,0,0.85737014,0.058717024,0.008973678,0.040661532,0.0011881838,0.0019736236,0.031115904,0.9172753,1,R0_kfold_f1_s44_v5ctl,best,25
ISIC_0028236,HAM_0002731,HAM_0002731,60+,ham,2,False,5,0.014581679,0.012165099,0.012385754,0.056426324,0.0029293613,0.8588452,0.042666644,0.029676141,1,R0_kfold_f1_s44_v5ctl,best,25
ISIC_0028244,HAM_0001533,HAM_0001533,40-59,ham,5,False,5,0.011698421,0.0072724973,0.0073429025,0.06951554,0.008016553,0.8461453,0.050008733,0.02698747,1,R0_kfold_f1_s44_v5ctl,best,25
ISIC_0028245,HAM_0006067,HAM_0006067,40-59,ham,5,False,5,0.011751858,0.0070832632,0.0075732083,0.06970856,0.006122099,0.8459409,0.051820148,0.02495722,1,R0_kfold_f1_s44_v5ctl,best,25
ISIC_0028250,HAM_0004727,HAM_0004727,40-59,ham,5,False,5,0.012189507,0.00696839,0.007957932,0.06891283,0.0073420135,0.8441263,0.052503042,0.026499912,1,R0_kfold_f1_s44_v5ctl,best,25
ISIC_0028258,HAM_0002757,HAM_0002757,60+,ham,2,False,2,0.0071162684,0.009546183,0.8716233,0.055059962,0.0034417964,0.009419552,0.043793004,0.020104248,1,R0_kfold_f1_s44_v5ctl,best,25
ISIC_0028260,HAM_0005139,HAM_0005139,40-59,ham,5,False,5,0.010608732,0.0069282628,0.008280965,0.068932004,0.0062955227,0.8486767,0.05027788,0.023832517,1,R0_kfold_f1_s44_v5ctl,best,25
ISIC_0028270,HAM_0004710,HAM_0004710,40-59,ham,5,False,5,0.010114391,0.0066621136,0.005852736,0.065138996,0.005664528,0.86057025,0.045997005,0.022441033,1,R0_kfold_f1_s44_v5ctl,best,25
ISIC_0028275,HAM_0000991,HAM_0000991,<40,ham,5,False,5,0.012737043,0.007274494,0.007813401,0.068937026,0.006999587,0.84745836,0.04878009,0.027011124,1,R0_kfold_f1_s44_v5ctl,best,25
ISIC_0028278,HAM_0002191,HAM_0002191,40-59,ham,5,False,5,0.010228196,0.0068515167,0.007074534,0.066953346,0.0058235475,0.85316616,0.04990268,0.02290326,1,R0_kfold_f1_s44_v5ctl,best,25
ISIC_0028280,HAM_0001002,HAM_0001002,40-59,ham,5,False,5,0.014640741,0.008819049,0.008729884,0.09526165,0.037205268,0.7595995,0.07574396,0.060665056,1,R0_kfold_f1_s44_v5ctl,best,25
ISIC_0028290,HAM_0000348,HAM_0000348,<40,ham,5,False,5,0.0116408225,0.008378707,0.008184719,0.072713256,0.0065329894,0.84033746,0.052211992,0.026552519,1,R0_kfold_f1_s44_v5ctl,best,25
ISIC_0028309,HAM_0006770,HAM_0006770,60+,ham,2,False,5,0.018950308,0.009650896,0.19671112,0.12503414,0.0041551194,0.5557646,0.08973375,0.03275632,1,R0_kfold_f1_s44_v5ctl,best,25
ISIC_0028310,HAM_0000693,HAM_0000693,40-59,ham,5,False,5,0.019540587,0.022959717,0.009617415,0.09101723,0.0066110883,0.7816433,0.06861071,0.04911139,1,R0_kfold_f1_s44_v5ctl,best,25
ISIC_0028313,HAM_0004166,HAM_0004166,40-59,ham,5,False,5,0.012084215,0.007759984,0.00783557,0.07167524,0.00785203,0.84256333,0.050229527,0.02769623,1,R0_kfold_f1_s44_v5ctl,best,25
ISIC_0028323,HAM_0001900,HAM_0001900,60+,ham,1,True,1,0.01692901,0.85789454,0.010013432,0.06236292,0.0048402585,0.003720998,0.04423885,0.8796638,1,R0_kfold_f1_s44_v5ctl,best,25
ISIC_0028333,HAM_0002259,HAM_0002259,60+,ham,5,False,5,0.014206099,0.00864451,0.009623795,0.0734428,0.005176897,0.834603,0.0543029,0.028027508,1,R0_kfold_f1_s44_v5ctl,best,25
ISIC_0028341,HAM_0006804,HAM_0006804,40-59,ham,5,False,5,0.011288568,0.0075339125,0.0075583053,0.07008142,0.0070027374,0.8469548,0.049580257,0.025825217,1,R0_kfold_f1_s44_v5ctl,best,25
ISIC_0028342,HAM_0006008,HAM_0006008,<40,ham,5,False,5,0.010993423,0.006808018,0.007445062,0.06915419,0.0061563007,0.84924066,0.050202362,0.023957742,1,R0_kfold_f1_s44_v5ctl,best,25
ISIC_0028345,HAM_0007298,HAM_0007298,40-59,ham,5,False,5,0.01120063,0.007488491,0.0076647345,0.07088933,0.008048591,0.84458065,0.050127596,0.026737712,1,R0_kfold_f1_s44_v5ctl,best,25
ISIC_0028365,HAM_0007209,HAM_0007209,40-59,ham,5,False,5,0.010223376,0.007505312,0.009048288,0.07243882,0.008416219,0.8374498,0.054918125,0.026144907,1,R0_kfold_f1_s44_v5ctl,best,25
ISIC_0028378,HAM_0001001,HAM_0001001,40-59,ham,5,False,4,0.011299628,0.0071590375,0.0058456394,0.06306484,0.85196877,0.013693376,0.04696869,0.8704274,1,R0_kfold_f1_s44_v5ctl,best,25
ISIC_0028403,HAM_0003309,HAM_0003309,40-59,ham,5,False,5,0.012992,0.007979502,0.0096947355,0.07244295,0.008858739,0.8390134,0.0490186,0.029830243,1,R0_kfold_f1_s44_v5ctl,best,25
ISIC_0028404,HAM_0000881,HAM_0000881,60+,ham,2,False,2,0.013510152,0.009361401,0.83839786,0.07654381,0.0062677027,0.003343326,0.052575756,0.029139256,1,R0_kfold_f1_s44_v5ctl,best,25
ISIC_0028414,HAM_0001733,HAM_0001733,60+,ham,2,False,2,0.0638383,0.0078076627,0.60505635,0.13775411,0.0035144868,0.11678713,0.06524198,0.07516045,1,R0_kfold_f1_s44_v5ctl,best,25
ISIC_0028415,HAM_0000796,HAM_0000796,60+,ham,4,True,3,0.0004899169,0.00028553608,0.0018821816,0.9423473,0.03605115,0.0034603863,0.0154834315,0.036826603,1,R0_kfold_f1_s44_v5ctl,best,25
ISIC_0028416,HAM_0003332,HAM_0003332,40-59,ham,5,False,5,0.011910778,0.0077209813,0.008122487,0.072817735,0.006883532,0.84038246,0.05216195,0.02651529,1,R0_kfold_f1_s44_v5ctl,best,25
ISIC_0028425,HAM_0003867,HAM_0003867,<40,ham,5,False,5,0.010265518,0.007811736,0.009797252,0.0640677,0.005727448,0.8527121,0.04961834,0.023804702,1,R0_kfold_f1_s44_v5ctl,best,25
ISIC_0028435,HAM_0001324,HAM_0001324,<40,ham,5,False,5,0.0122612445,0.007555681,0.0073361313,0.07054384,0.0067536375,0.8445869,0.05096244,0.026570562,1,R0_kfold_f1_s44_v5ctl,best,25
ISIC_0028436,HAM_0005127,HAM_0005127,40-59,ham,5,False,5,0.0119282575,0.0080866525,0.0061942707,0.071650945,0.0087666465,0.8403009,0.053072274,0.028781556,1,R0_kfold_f1_s44_v5ctl,best,25
ISIC_0028446,HAM_0006498,HAM_0006498,40-59,ham,5,False,5,0.010974834,0.00699155,0.0070783338,0.06768862,0.0063552908,0.848355,0.05255638,0.024321675,1,R0_kfold_f1_s44_v5ctl,best,25
ISIC_0028453,HAM_0002856,HAM_0002856,60+,ham,5,False,6,0.010898764,0.005498149,0.0043545547,0.068332285,0.0009234646,0.06794522,0.8420475,0.017320378,1,R0_kfold_f1_s44_v5ctl,best,25
ISIC_0028465,HAM_0002491,HAM_0002491,60+,ham,4,True,4,0.012436727,0.005210794,0.010684883,0.09636283,0.76702046,0.047576614,0.060707677,0.78466797,1,R0_kfold_f1_s44_v5ctl,best,25
ISIC_0028467,HAM_0004676,HAM_0004676,60+,ham,4,True,5,0.0106250895,0.0075317514,0.010339127,0.06556385,0.012211793,0.8490941,0.04463424,0.030368634,1,R0_kfold_f1_s44_v5ctl,best,25
ISIC_0028483,HAM_0003709,HAM_0003709,40-59,ham,5,False,5,0.012728294,0.008918922,0.009597907,0.07057657,0.005391524,0.8426817,0.050105046,0.027038742,1,R0_kfold_f1_s44_v5ctl,best,25
ISIC_0028484,HAM_0006258,HAM_0006258,<40,ham,5,False,5,0.0113875335,0.0068646115,0.005974165,0.06764807,0.008353017,0.85110176,0.04867083,0.026605163,1,R0_kfold_f1_s44_v5ctl,best,25
ISIC_0028489,HAM_0005785,HAM_0005785,60+,ham,4,True,5,0.011583103,0.008078223,0.00840825,0.06592591,0.009382067,0.8441602,0.05246218,0.029043393,1,R0_kfold_f1_s44_v5ctl,best,25
ISIC_0028491,HAM_0004758,HAM_0004758,40-59,ham,5,False,5,0.011655447,0.0074236537,0.0077676266,0.068498194,0.006668967,0.84670174,0.051284272,0.025748067,1,R0_kfold_f1_s44_v5ctl,best,25
ISIC_0028493,HAM_0003534,HAM_0003534,60+,ham,4,True,5,0.0045363978,0.004566591,0.018756008,0.0684138,0.01147783,0.84231985,0.04992965,0.020580819,1,R0_kfold_f1_s44_v5ctl,best,25
ISIC_0028499,HAM_0004976,HAM_0004976,60+,ham,0,True,2,0.03030309,0.005686813,0.86237663,0.058176786,0.002429746,0.0015707514,0.0394561,0.03841965,1,R0_kfold_f1_s44_v5ctl,best,25
ISIC_0028503,HAM_0003726,HAM_0003726,60+,ham,2,False,2,0.008015411,0.0044470816,0.9003482,0.048410837,0.0040920717,0.002892753,0.03179373,0.016554564,1,R0_kfold_f1_s44_v5ctl,best,25
ISIC_0028513,HAM_0000070,HAM_0000070,40-59,ham,5,False,5,0.012889579,0.008242606,0.0062059695,0.06369865,0.0045955526,0.85966265,0.044704966,0.025727738,1,R0_kfold_f1_s44_v5ctl,best,25
ISIC_0028518,HAM_0002919,HAM_0002919,<40,ham,5,False,5,0.009609521,0.00655357,0.007184844,0.06598531,0.0077606933,0.85437757,0.048528545,0.023923784,1,R0_kfold_f1_s44_v5ctl,best,25
ISIC_0028525,HAM_0005722,HAM_0005722,60+,ham,2,False,5,0.012295597,0.007771334,0.030744322,0.089407876,0.0040175486,0.79741836,0.05834497,0.02408448,1,R0_kfold_f1_s44_v5ctl,best,25
ISIC_0028529,HAM_0002171,HAM_0002171,40-59,ham,5,False,5,0.010724138,0.0072695715,0.007468448,0.06868578,0.006579785,0.84920305,0.050069258,0.024573494,1,R0_kfold_f1_s44_v5ctl,best,25
ISIC_0028533,HAM_0001404,HAM_0001404,60+,ham,5,False,5,0.011827019,0.007122881,0.007845959,0.068045765,0.0077186446,0.84655505,0.050884753,0.026668545,1,R0_kfold_f1_s44_v5ctl,best,25
ISIC_0028534,HAM_0003653,HAM_0003653,40-59,ham,5,False,5,0.010099334,0.0068034437,0.00623674,0.06997514,0.0065438775,0.85219145,0.048150092,0.023446657,1,R0_kfold_f1_s44_v5ctl,best,25
ISIC_0028535,HAM_0005493,HAM_0005493,40-59,ham,5,False,5,0.011734075,0.007473897,0.008132771,0.07093252,0.0066009075,0.8446681,0.05045783,0.02580888,1,R0_kfold_f1_s44_v5ctl,best,25
ISIC_0028540,HAM_0002023,HAM_0002023,<40,ham,5,False,5,0.011359382,0.0077797007,0.008116984,0.06988339,0.006154725,0.84616184,0.050543945,0.025293808,1,R0_kfold_f1_s44_v5ctl,best,25
ISIC_0028544,HAM_0003044,HAM_0003044,40-59,ham,5,False,5,0.019075176,0.009393849,0.2822739,0.15895936,0.0112450095,0.39151964,0.1275331,0.039714035,1,R0_kfold_f1_s44_v5ctl,best,25
ISIC_0028545,HAM_0004068,HAM_0004068,<40,ham,5,False,5,0.016335677,0.006687186,0.011452003,0.080934756,0.016982252,0.8137921,0.05381607,0.040005118,1,R0_kfold_f1_s44_v5ctl,best,25
ISIC_0028546,HAM_0007512,HAM_0007512,40-59,ham,5,False,5,0.011153081,0.0071377065,0.007334011,0.0679452,0.0061201383,0.85046655,0.049843386,0.024410926,1,R0_kfold_f1_s44_v5ctl,best,25
ISIC_0028551,HAM_0000667,HAM_0000667,60+,ham,5,False,5,0.004541646,0.010373079,0.15020193,0.10589624,0.015073772,0.6159063,0.09800701,0.029988497,1,R0_kfold_f1_s44_v5ctl,best,25
ISIC_0028566,HAM_0004417,HAM_0004417,<40,ham,5,False,5,0.011549162,0.007463693,0.008041466,0.067497976,0.0065421467,0.84914774,0.049757753,0.025555002,1,R0_kfold_f1_s44_v5ctl,best,25
ISIC_0028568,HAM_0001434,HAM_0001434,60+,ham,1,True,1,0.01667417,0.8605967,0.007270438,0.059188347,0.0063160216,0.0040576626,0.04589665,0.8835869,1,R0_kfold_f1_s44_v5ctl,best,25
ISIC_0028571,HAM_0006273,HAM_0006273,60+,ham,5,False,5,0.010288047,0.007872536,0.005282483,0.068270735,0.0135649685,0.84322846,0.051492702,0.03172555,1,R0_kfold_f1_s44_v5ctl,best,25
ISIC_0028582,HAM_0004302,HAM_0004302,60+,ham,4,True,5,0.010675504,0.0071278703,0.0070705772,0.07029634,0.0074570538,0.8496745,0.047698114,0.025260428,1,R0_kfold_f1_s44_v5ctl,best,25
ISIC_0028587,HAM_0001735,HAM_0001735,60+,ham,2,False,2,0.007816383,0.004957675,0.8975033,0.048271935,0.0048069586,0.0032869813,0.033356853,0.017581016,1,R0_kfold_f1_s44_v5ctl,best,25
ISIC_0028594,HAM_0006228,HAM_0006228,<40,ham,5,False,5,0.010084675,0.007947878,0.008591587,0.06984911,0.009474738,0.8445281,0.049523953,0.02750729,1,R0_kfold_f1_s44_v5ctl,best,25
ISIC_0028604,HAM_0006449,HAM_0006449,40-59,ham,5,False,5,0.011755808,0.007293655,0.007535774,0.06896192,0.0067791534,0.84723425,0.050439432,0.025828617,1,R0_kfold_f1_s44_v5ctl,best,25
ISIC_0028612,HAM_0002403,HAM_0002403,60+,ham,5,False,5,0.01168609,0.007770614,0.009072011,0.071443744,0.007052637,0.8402634,0.052711442,0.02650934,1,R0_kfold_f1_s44_v5ctl,best,25
ISIC_0028618,HAM_0001633,HAM_0001633,60+,ham,5,False,5,0.017305257,0.010707775,0.007982471,0.09802275,0.09304143,0.68997896,0.08296136,0.121054456,1,R0_kfold_f1_s44_v5ctl,best,25
ISIC_0028636,HAM_0002097,HAM_0002097,<40,ham,5,False,5,0.0109115355,0.008520399,0.0077475123,0.066393614,0.0076496894,0.8467326,0.052044608,0.027081624,1,R0_kfold_f1_s44_v5ctl,best,25
ISIC_0028639,HAM_0006340,HAM_0006340,40-59,ham,5,False,5,0.014056516,0.008957508,0.007980337,0.070560835,0.008269445,0.83694893,0.053226426,0.031283468,1,R0_kfold_f1_s44_v5ctl,best,25
ISIC_0028643,HAM_0005537,HAM_0005537,60+,ham,5,False,2,0.09484333,0.0027287784,0.7606572,0.08149737,0.010728607,0.0118032405,0.037741527,0.10830071,1,R0_kfold_f1_s44_v5ctl,best,25
ISIC_0028653,HAM_0005837,HAM_0005837,40-59,ham,1,True,1,0.009470143,0.87306684,0.007395235,0.058639143,0.005190356,0.0061540506,0.04008423,0.8877274,1,R0_kfold_f1_s44_v5ctl,best,25
ISIC_0028654,HAM_0002179,HAM_0002179,<40,ham,5,False,5,0.013295635,0.007949543,0.008811602,0.071604244,0.006270822,0.83977765,0.052290432,0.027516,1,R0_kfold_f1_s44_v5ctl,best,25
ISIC_0028657,HAM_0006597,HAM_0006597,60+,ham,5,False,5,0.011150941,0.006804937,0.007353556,0.06769644,0.006001626,0.8513817,0.049610633,0.023957506,1,R0_kfold_f1_s44_v5ctl,best,25
ISIC_0028659,HAM_0002070,HAM_0002070,60+,ham,0,True,0,0.9257342,0.0033035183,0.003441324,0.036780167,0.0022594025,0.0032553554,0.025225978,0.9312971,1,R0_kfold_f1_s44_v5ctl,best,25
ISIC_0028668,HAM_0003197,HAM_0003197,40-59,ham,5,False,5,0.0118049,0.008278048,0.0077078696,0.06460765,0.0050951806,0.84795827,0.0545481,0.025178127,1,R0_kfold_f1_s44_v5ctl,best,25
ISIC_0028670,HAM_0003981,HAM_0003981,60+,ham,1,True,1,0.009677541,0.8739621,0.0072634644,0.05571727,0.0057918606,0.0058902577,0.041697517,0.8894315,1,R0_kfold_f1_s44_v5ctl,best,25
ISIC_0028676,HAM_0006198,HAM_0006198,60+,ham,5,False,5,0.011473139,0.0070600514,0.0075388844,0.06773918,0.006369746,0.8504483,0.049370605,0.024902936,1,R0_kfold_f1_s44_v5ctl,best,25
ISIC_0028677,HAM_0001711,HAM_0001711,60+,ham,1,True,1,0.015162063,0.4034907,0.010767247,0.1566878,0.006259093,0.29236096,0.115272105,0.42491183,1,R0_kfold_f1_s44_v5ctl,best,25
ISIC_0028691,HAM_0001161,HAM_0001161,40-59,ham,5,False,5,0.011683635,0.007563407,0.008421951,0.070131876,0.0070442758,0.8450117,0.050143026,0.026291318,1,R0_kfold_f1_s44_v5ctl,best,25
ISIC_0028694,HAM_0004841,HAM_0004841,40-59,ham,5,False,5,0.009809627,0.0066283564,0.02666349,0.07075009,0.0037602922,0.8299159,0.052472316,0.020198274,1,R0_kfold_f1_s44_v5ctl,best,25
ISIC_0028696,HAM_0003330,HAM_0003330,60+,ham,4,True,5,0.012965129,0.007537309,0.007974854,0.07476237,0.014755794,0.8255005,0.056504037,0.03525823,1,R0_kfold_f1_s44_v5ctl,best,25
ISIC_0028698,HAM_0003033,HAM_0003033,60+,ham,5,False,5,0.011338689,0.006648587,0.0077171163,0.06962042,0.012278622,0.843304,0.04909252,0.0302659,1,R0_kfold_f1_s44_v5ctl,best,25
ISIC_0028705,HAM_0002353,HAM_0002353,40-59,ham,5,False,5,0.010702325,0.0071609844,0.006818383,0.06668652,0.0065253195,0.8521281,0.04997836,0.024388628,1,R0_kfold_f1_s44_v5ctl,best,25
ISIC_0028706,HAM_0002986,HAM_0002986,60+,ham,5,False,6,0.014508641,0.042753294,0.0075382986,0.13242656,0.011613191,0.3064154,0.4847446,0.06887513,1,R0_kfold_f1_s44_v5ctl,best,25
ISIC_0028709,HAM_0002197,HAM_0002197,40-59,ham,4,True,4,0.011380675,0.02856593,0.009566226,0.07457603,0.824455,0.0043634716,0.04709263,0.86440164,1,R0_kfold_f1_s44_v5ctl,best,25
ISIC_0028721,HAM_0007173,HAM_0007173,40-59,ham,5,False,5,0.014035236,0.007607338,0.009070528,0.06812517,0.008258789,0.8405015,0.05240151,0.029901363,1,R0_kfold_f1_s44_v5ctl,best,25
ISIC_0028735,HAM_0005663,HAM_0005663,<40,ham,3,False,5,0.009909228,0.0065522958,0.008093683,0.15399648,0.005275301,0.7603726,0.055800553,0.021736827,1,R0_kfold_f1_s44_v5ctl,best,25
ISIC_0028738,HAM_0004576,HAM_0004576,40-59,ham,5,False,5,0.011566624,0.007375691,0.007808201,0.06835727,0.006969113,0.84732085,0.050602246,0.025911428,1,R0_kfold_f1_s44_v5ctl,best,25
ISIC_0028742,HAM_0004062,HAM_0004062,40-59,ham,5,False,5,0.013785875,0.0073842364,0.009136894,0.06810185,0.007272108,0.84254134,0.051777583,0.028442219,1,R0_kfold_f1_s44_v5ctl,best,25
ISIC_0028753,HAM_0001303,HAM_0001303,40-59,ham,5,False,5,0.012112025,0.0072259125,0.00812778,0.06985667,0.0061688405,0.84375006,0.05275874,0.025506778,1,R0_kfold_f1_s44_v5ctl,best,25
ISIC_0028782,HAM_0000528,HAM_0000528,40-59,ham,5,False,5,0.011887434,0.007628671,0.0077118143,0.069741175,0.008167231,0.845148,0.0497156,0.027683336,1,R0_kfold_f1_s44_v5ctl,best,25
ISIC_0028799,HAM_0001727,HAM_0001727,40-59,ham,5,False,5,0.010938132,0.0067670527,0.0064825383,0.06770704,0.0056642145,0.8554418,0.04699914,0.0233694,1,R0_kfold_f1_s44_v5ctl,best,25
ISIC_0028804,HAM_0006618,HAM_0006618,60+,ham,5,False,5,0.0126941595,0.008160514,0.007428291,0.06875832,0.0065510436,0.8461728,0.05023475,0.027405718,1,R0_kfold_f1_s44_v5ctl,best,25
ISIC_0028805,HAM_0006166,HAM_0006166,40-59,ham,5,False,5,0.011102745,0.0070411325,0.007403613,0.06601467,0.0061312667,0.85228634,0.050020177,0.024275145,1,R0_kfold_f1_s44_v5ctl,best,25
ISIC_0028811,HAM_0003795,HAM_0003795,40-59,ham,5,False,5,0.01291564,0.0075763124,0.009177458,0.069148,0.0064627393,0.84319043,0.051529493,0.026954692,1,R0_kfold_f1_s44_v5ctl,best,25
ISIC_0028816,HAM_0003123,HAM_0003123,60+,ham,0,True,0,0.91093874,0.010108697,0.0028095169,0.04055024,0.0025560665,0.002972392,0.030064277,0.92360353,1,R0_kfold_f1_s44_v5ctl,best,25
ISIC_0028817,HAM_0003294,HAM_0003294,60+,ham,5,False,5,0.012500869,0.007272486,0.007941456,0.07006074,0.0067618634,0.84438103,0.05108156,0.026535219,1,R0_kfold_f1_s44_v5ctl,best,25
ISIC_0028822,HAM_0005126,HAM_0005126,60+,ham,2,False,0,0.6988067,0.0037711961,0.10694853,0.095564514,0.035135277,0.0012998361,0.058473993,0.73771316,1,R0_kfold_f1_s44_v5ctl,best,25
ISIC_0028825,HAM_0001517,HAM_0001517,<40,ham,5,False,5,0.0103303725,0.006785686,0.008049396,0.06904361,0.0070047867,0.8480196,0.05076659,0.024120845,1,R0_kfold_f1_s44_v5ctl,best,25
ISIC_0028827,HAM_0001816,HAM_0001816,40-59,ham,5,False,5,0.011145352,0.007268289,0.0072532636,0.06698686,0.006993119,0.8492712,0.051081985,0.02540676,1,R0_kfold_f1_s44_v5ctl,best,25
ISIC_0028829,HAM_0006191,HAM_0006191,40-59,ham,5,False,5,0.010883786,0.0074468334,0.007449473,0.07304677,0.006586078,0.8411288,0.053458244,0.024916697,1,R0_kfold_f1_s44_v5ctl,best,25
ISIC_0028831,HAM_0006856,HAM_0006856,<40,ham,5,False,4,0.010623707,0.007466074,0.005730227,0.058627296,0.87087405,0.0048956634,0.041782998,0.8889638,1,R0_kfold_f1_s44_v5ctl,best,25
ISIC_0028841,HAM_0007143,HAM_0007143,40-59,ham,5,False,5,0.011598692,0.0070751566,0.00758271,0.06817622,0.005818314,0.8482314,0.05151744,0.024492163,1,R0_kfold_f1_s44_v5ctl,best,25
ISIC_0028844,HAM_0003184,HAM_0003184,<40,ham,5,False,5,0.010871391,0.0071348567,0.0064238845,0.0637349,0.0062610875,0.8573348,0.048239067,0.024267334,1,R0_kfold_f1_s44_v5ctl,best,25
ISIC_0028848,HAM_0004828,HAM_0004828,40-59,ham,5,False,5,0.0104889115,0.007898716,0.007288268,0.06489052,0.0057761217,0.8568074,0.046850067,0.02416375,1,R0_kfold_f1_s44_v5ctl,best,25
ISIC_0028850,HAM_0003837,HAM_0003837,40-59,ham,5,False,5,0.012283108,0.007821369,0.008453186,0.07256189,0.007364318,0.8392136,0.0523025,0.027468795,1,R0_kfold_f1_s44_v5ctl,best,25
ISIC_0028854,HAM_0005356,HAM_0005356,60+,ham,0,True,0,0.91214114,0.0026009383,0.0065899263,0.040532183,0.003745669,0.0027421797,0.031648092,0.9184878,1,R0_kfold_f1_s44_v5ctl,best,25
ISIC_0028856,HAM_0004501,HAM_0004501,60+,ham,2,False,5,0.0102563,0.008442553,0.019992536,0.07487018,0.0030043912,0.82559454,0.05783953,0.021703243,1,R0_kfold_f1_s44_v5ctl,best,25
ISIC_0028866,HAM_0006554,HAM_0006554,40-59,ham,5,False,5,0.012014642,0.007582524,0.0074147726,0.07401542,0.0072205537,0.8375878,0.054164406,0.026817719,1,R0_kfold_f1_s44_v5ctl,best,25
ISIC_0028876,HAM_0003030,HAM_0003030,60+,ham,2,False,2,0.011606162,0.006736967,0.885171,0.048308108,0.0030938478,0.0064464253,0.03863752,0.021436976,1,R0_kfold_f1_s44_v5ctl,best,25
ISIC_0028878,HAM_0000062,HAM_0000062,40-59,ham,4,True,5,0.061124235,0.04781045,0.10280569,0.20702095,0.123362325,0.33187792,0.12599845,0.232297,1,R0_kfold_f1_s44_v5ctl,best,25
ISIC_0028887,HAM_0006225,HAM_0006225,40-59,ham,5,False,5,0.013921802,0.009300102,0.0075483276,0.07849364,0.013472489,0.81798834,0.05927534,0.036694393,1,R0_kfold_f1_s44_v5ctl,best,25
ISIC_0028896,HAM_0005659,HAM_0005659,<40,ham,5,False,5,0.013921021,0.007642234,0.008995285,0.07407993,0.006737151,0.83272964,0.055894658,0.028300405,1,R0_kfold_f1_s44_v5ctl,best,25
ISIC_0028905,HAM_0004399,HAM_0004399,<40,ham,5,False,5,0.011311216,0.007561543,0.007480655,0.06871126,0.006907293,0.8505666,0.047461364,0.025780054,1,R0_kfold_f1_s44_v5ctl,best,25
ISIC_0028911,HAM_0006058,HAM_0006058,40-59,ham,5,False,5,0.011962304,0.007520774,0.008368266,0.07092252,0.006217291,0.84305906,0.05194979,0.02570037,1,R0_kfold_f1_s44_v5ctl,best,25
ISIC_0028921,HAM_0000507,HAM_0000507,60+,ham,5,False,5,0.01131341,0.0074768914,0.0074881907,0.06853345,0.007145568,0.8484941,0.049548406,0.02593587,1,R0_kfold_f1_s44_v5ctl,best,25
ISIC_0028928,HAM_0002998,HAM_0002998,40-59,ham,1,True,1,0.013395536,0.88756526,0.00878246,0.046886288,0.003504354,0.0034882992,0.036377836,0.90446514,1,R0_kfold_f1_s44_v5ctl,best,25
ISIC_0028931,HAM_0001733,HAM_0001733,60+,ham,2,False,5,0.021113737,0.0056563797,0.05368953,0.10755601,0.014275081,0.7373196,0.060389634,0.041045196,1,R0_kfold_f1_s44_v5ctl,best,25
ISIC_0028949,HAM_0001066,HAM_0001066,40-59,ham,5,False,5,0.01181075,0.00733706,0.008091363,0.06991332,0.006140802,0.8464147,0.050291896,0.025288612,1,R0_kfold_f1_s44_v5ctl,best,25
ISIC_0028959,HAM_0004974,HAM_0004974,40-59,ham,5,False,5,0.011458522,0.0076172045,0.008816146,0.06852366,0.0076180478,0.84629357,0.049672898,0.026693773,1,R0_kfold_f1_s44_v5ctl,best,25
ISIC_0028966,HAM_0001849,HAM_0001849,<40,ham,5,False,5,0.011315204,0.0076813023,0.0073480406,0.07327633,0.008272978,0.83863217,0.05347393,0.027269484,1,R0_kfold_f1_s44_v5ctl,best,25
ISIC_0028971,HAM_0000930,HAM_0000930,<40,ham,5,False,5,0.011218919,0.0075460095,0.0069210357,0.06834541,0.0060977065,0.8470827,0.05278827,0.024862634,1,R0_kfold_f1_s44_v5ctl,best,25
ISIC_0028984,HAM_0003400,HAM_0003400,40-59,ham,4,True,4,0.06707824,0.0039408975,0.009584124,0.079003245,0.7895205,0.0068864506,0.043986537,0.8605396,1,R0_kfold_f1_s44_v5ctl,best,25
ISIC_0028987,HAM_0006409,HAM_0006409,60+,ham,5,False,5,0.027566085,0.0068175457,0.010949706,0.082744084,0.012192927,0.7965808,0.06314888,0.04657656,1,R0_kfold_f1_s44_v5ctl,best,25
ISIC_0028995,HAM_0006945,HAM_0006945,60+,ham,2,False,5,0.011921097,0.007814747,0.008297007,0.07549575,0.0068671145,0.83594304,0.053661246,0.026602957,1,R0_kfold_f1_s44_v5ctl,best,25
ISIC_0029007,HAM_0000672,HAM_0000672,40-59,ham,5,False,5,0.011811271,0.0077687325,0.008500251,0.06982196,0.0068371617,0.8443381,0.05092253,0.026417164,1,R0_kfold_f1_s44_v5ctl,best,25
ISIC_0029019,HAM_0005221,HAM_0005221,40-59,ham,5,False,5,0.012126506,0.007677582,0.008185657,0.07135552,0.007504428,0.8405066,0.052643713,0.027308516,1,R0_kfold_f1_s44_v5ctl,best,25
ISIC_0029024,HAM_0003942,HAM_0003942,40-59,ham,5,False,5,0.011828415,0.0071576075,0.007922122,0.06837072,0.0068667145,0.8479572,0.04989725,0.025852736,1,R0_kfold_f1_s44_v5ctl,best,25
ISIC_0029025,HAM_0004384,HAM_0004384,60+,ham,0,True,0,0.90938604,0.006834961,0.0035939172,0.041500222,0.0031416109,0.0033532411,0.032189947,0.9193626,1,R0_kfold_f1_s44_v5ctl,best,25
ISIC_0029033,HAM_0002719,HAM_0002719,<40,ham,4,True,4,0.010939953,0.0062417523,0.007285926,0.06423108,0.8542341,0.008864235,0.04820291,0.8714158,1,R0_kfold_f1_s44_v5ctl,best,25
ISIC_0029034,HAM_0005921,HAM_0005921,60+,ham,1,True,1,0.0112638,0.86971825,0.0068785967,0.060214136,0.004254584,0.0041719903,0.04349856,0.8852366,1,R0_kfold_f1_s44_v5ctl,best,25
ISIC_0029038,HAM_0004857,HAM_0004857,60+,ham,5,False,5,0.010396472,0.007424018,0.006837525,0.066807374,0.008690224,0.8509219,0.048922524,0.026510715,1,R0_kfold_f1_s44_v5ctl,best,25
ISIC_0029043,HAM_0005231,HAM_0005231,60+,ham,0,True,2,0.046715863,0.006943869,0.8111918,0.07638258,0.0027644243,0.0024001796,0.053601332,0.056424156,1,R0_kfold_f1_s44_v5ctl,best,25
ISIC_0029070,HAM_0005126,HAM_0005126,60+,ham,2,False,0,0.7343946,0.003481068,0.031645454,0.09232841,0.06979686,0.002106267,0.066247284,0.80767256,1,R0_kfold_f1_s44_v5ctl,best,25
ISIC_0029075,HAM_0006225,HAM_0006225,40-59,ham,5,False,5,0.018484076,0.011469332,0.007331704,0.10198296,0.041730803,0.7382238,0.08077731,0.07168421,1,R0_kfold_f1_s44_v5ctl,best,25
ISIC_0029078,HAM_0004808,HAM_0004808,60+,ham,5,False,5,0.011253914,0.0068107024,0.007891003,0.06790101,0.0059996094,0.8509658,0.04917797,0.024064226,1,R0_kfold_f1_s44_v5ctl,best,25
ISIC_0029084,HAM_0003552,HAM_0003552,40-59,ham,5,False,5,0.011916591,0.0074121957,0.007945924,0.0673019,0.006739063,0.8461475,0.052536838,0.02606785,1,R0_kfold_f1_s44_v5ctl,best,25
ISIC_0029089,HAM_0000624,HAM_0000624,60+,ham,4,True,0,0.49730974,0.04589974,0.2060066,0.15789264,0.008926296,0.00070889445,0.08325604,0.55213577,1,R0_kfold_f1_s44_v5ctl,best,25
ISIC_0029104,HAM_0003221,HAM_0003221,40-59,ham,5,False,5,0.011671712,0.007964784,0.008104311,0.0720013,0.007611739,0.8380711,0.054575138,0.027248235,1,R0_kfold_f1_s44_v5ctl,best,25
ISIC_0029128,HAM_0001436,HAM_0001436,60+,ham,5,False,5,0.011893977,0.006931525,0.0073723523,0.06661888,0.0070754937,0.85105765,0.049050167,0.025900997,1,R0_kfold_f1_s44_v5ctl,best,25
ISIC_0029135,HAM_0007043,HAM_0007043,60+,ham,2,False,2,0.008589995,0.006465621,0.87898785,0.0518769,0.008465062,0.003735183,0.041879307,0.023520678,1,R0_kfold_f1_s44_v5ctl,best,25
ISIC_0029137,HAM_0002048,HAM_0002048,60+,ham,5,False,5,0.010893995,0.006894218,0.0071880487,0.067609556,0.0065392023,0.85112506,0.049749896,0.024327416,1,R0_kfold_f1_s44_v5ctl,best,25
ISIC_0029140,HAM_0004646,HAM_0004646,<40,ham,5,False,5,0.0116709685,0.008778405,0.0070707235,0.07383774,0.009452697,0.83993196,0.049257472,0.02990207,1,R0_kfold_f1_s44_v5ctl,best,25
ISIC_0029173,HAM_0003292,HAM_0003292,60+,ham,5,False,5,0.011857666,0.00738276,0.0076500378,0.06640335,0.006174663,0.84910935,0.051422045,0.025415089,1,R0_kfold_f1_s44_v5ctl,best,25
ISIC_0029205,HAM_0002247,HAM_0002247,40-59,ham,5,False,5,0.011987277,0.007164657,0.006965744,0.06683291,0.0058991034,0.85150963,0.049640745,0.025051037,1,R0_kfold_f1_s44_v5ctl,best,25
ISIC_0029233,HAM_0003757,HAM_0003757,60+,ham,2,False,2,0.00911366,0.004870453,0.88867134,0.053118408,0.0046497304,0.0045600682,0.035016347,0.018633842,1,R0_kfold_f1_s44_v5ctl,best,25
ISIC_0029253,HAM_0000306,HAM_0000306,60+,ham,5,False,5,0.012116978,0.008289509,0.008888076,0.07523601,0.007728013,0.8088519,0.078889444,0.028134502,1,R0_kfold_f1_s44_v5ctl,best,25
ISIC_0029257,HAM_0005085,HAM_0005085,60+,ham,5,False,5,0.015289497,0.010075328,0.008896081,0.10263885,0.04176414,0.7476228,0.073713325,0.067128964,1,R0_kfold_f1_s44_v5ctl,best,25
ISIC_0029259,HAM_0003132,HAM_0003132,<40,ham,5,False,5,0.011373943,0.0071912915,0.0076388563,0.06880487,0.006225001,0.8487283,0.050037805,0.024790235,1,R0_kfold_f1_s44_v5ctl,best,25
ISIC_0029271,HAM_0005783,HAM_0005783,60+,ham,4,True,2,0.0067976923,0.012782239,0.70084333,0.08250241,0.017134821,0.10318789,0.076751575,0.036714755,1,R0_kfold_f1_s44_v5ctl,best,25
ISIC_0029276,HAM_0004719,HAM_0004719,<40,ham,5,False,5,0.012398889,0.007274171,0.013935895,0.069737874,0.00536606,0.84026086,0.05102623,0.025039122,1,R0_kfold_f1_s44_v5ctl,best,25
ISIC_0029284,HAM_0007048,HAM_0007048,40-59,ham,5,False,5,0.010734229,0.0071068746,0.007442087,0.06931001,0.005597685,0.8504239,0.049385294,0.023438789,1,R0_kfold_f1_s44_v5ctl,best,25
ISIC_0029287,HAM_0000715,HAM_0000715,40-59,ham,5,False,5,0.011487556,0.007367979,0.00783449,0.068908475,0.0067624436,0.8468806,0.050758515,0.025617978,1,R0_kfold_f1_s44_v5ctl,best,25
ISIC_0029305,HAM_0002459,HAM_0002459,40-59,ham,5,False,5,0.011685136,0.0075652627,0.009122976,0.07368277,0.0069753774,0.8384867,0.052481912,0.026225775,1,R0_kfold_f1_s44_v5ctl,best,25
ISIC_0029318,HAM_0002609,HAM_0002609,60+,ham,4,True,0,0.9097009,0.01352797,0.009805847,0.034623906,0.0015690849,0.0011097585,0.029662667,0.92479795,1,R0_kfold_f1_s44_v5ctl,best,25
ISIC_0029328,HAM_0001169,HAM_0001169,<40,ham,5,False,2,0.014694925,0.0073699793,0.7104339,0.115126126,0.003098059,0.080965556,0.06831148,0.025162965,1,R0_kfold_f1_s44_v5ctl,best,25
ISIC_0029336,HAM_0005863,HAM_0005863,40-59,ham,5,False,5,0.010777037,0.0069989213,0.0069023366,0.06761977,0.0065136934,0.8531117,0.048076615,0.024289653,1,R0_kfold_f1_s44_v5ctl,best,25
ISIC_0029337,HAM_0002506,HAM_0002506,60+,ham,1,True,1,0.011857244,0.87982464,0.0073684063,0.053516343,0.0046230913,0.003491491,0.0393188,0.896305,1,R0_kfold_f1_s44_v5ctl,best,25
ISIC_0029343,HAM_0003330,HAM_0003330,60+,ham,4,True,5,0.010940867,0.007568911,0.009351034,0.07138221,0.007991833,0.84189814,0.05086706,0.02650161,1,R0_kfold_f1_s44_v5ctl,best,25
ISIC_0029344,HAM_0004638,HAM_0004638,40-59,ham,5,False,5,0.012871867,0.007994633,0.010389744,0.073923916,0.0073642074,0.8343118,0.053143844,0.028230708,1,R0_kfold_f1_s44_v5ctl,best,25
ISIC_0029351,HAM_0006224,HAM_0006224,40-59,ham,5,False,5,0.011629142,0.007558716,0.0087194275,0.07126522,0.007105955,0.84143186,0.052289654,0.026293814,1,R0_kfold_f1_s44_v5ctl,best,25
ISIC_0029360,HAM_0000549,HAM_0000549,60+,ham,0,True,0,0.92062914,0.0025347476,0.007454195,0.04068942,0.004081579,0.0011926723,0.02341824,0.9272455,1,R0_kfold_f1_s44_v5ctl,best,25
ISIC_0029363,HAM_0005400,HAM_0005400,60+,ham,4,True,2,0.06512875,0.008504061,0.41823488,0.121168524,0.30900186,0.0037104972,0.07425134,0.38263467,1,R0_kfold_f1_s44_v5ctl,best,25
ISIC_0029373,HAM_0003671,HAM_0003671,40-59,ham,5,False,5,0.010827699,0.0067628725,0.0074839657,0.06882234,0.006332292,0.8509309,0.048839945,0.023922864,1,R0_kfold_f1_s44_v5ctl,best,25
ISIC_0029374,HAM_0006738,HAM_0006738,40-59,ham,5,False,5,0.012253678,0.00883668,0.008658134,0.06978337,0.0071663135,0.8346052,0.058696587,0.028256672,1,R0_kfold_f1_s44_v5ctl,best,25
ISIC_0029381,HAM_0002681,HAM_0002681,<40,ham,5,False,5,0.011371968,0.0075951996,0.008431489,0.06872788,0.00780792,0.8467096,0.04935587,0.026775088,1,R0_kfold_f1_s44_v5ctl,best,25
ISIC_0029388,HAM_0006144,HAM_0006144,40-59,ham,5,False,5,0.012248421,0.007457842,0.007685602,0.06774111,0.0075124106,0.8454317,0.051922984,0.027218675,1,R0_kfold_f1_s44_v5ctl,best,25
ISIC_0029393,HAM_0001755,HAM_0001755,<40,ham,5,False,5,0.014213407,0.008471537,0.0081003755,0.07366281,0.0069238422,0.83614075,0.05248728,0.029608786,1,R0_kfold_f1_s44_v5ctl,best,25
ISIC_0029411,HAM_0002866,HAM_0002866,40-59,ham,5,False,5,0.011777135,0.007936279,0.0074028666,0.07074083,0.006300618,0.84212106,0.053721108,0.02601403,1,R0_kfold_f1_s44_v5ctl,best,25
ISIC_0029418,HAM_0004673,HAM_0004673,40-59,ham,2,False,5,0.019638019,0.00604726,0.010418588,0.12797472,0.32693234,0.424706,0.08428307,0.35261762,1,R0_kfold_f1_s44_v5ctl,best,25
ISIC_0029421,HAM_0003203,HAM_0003203,40-59,ham,5,False,5,0.011650562,0.0071700816,0.007567917,0.069109894,0.0069179297,0.8474203,0.050163355,0.025738573,1,R0_kfold_f1_s44_v5ctl,best,25
ISIC_0029431,HAM_0000167,HAM_0000167,40-59,ham,5,False,5,0.010377319,0.0062541175,0.007767629,0.06708301,0.010934032,0.8483771,0.04920678,0.027565468,1,R0_kfold_f1_s44_v5ctl,best,25
ISIC_0029435,HAM_0006062,HAM_0006062,<40,ham,5,False,5,0.011450744,0.007627749,0.006625305,0.068408065,0.0062594167,0.8477492,0.051879484,0.02533791,1,R0_kfold_f1_s44_v5ctl,best,25
ISIC_0029442,HAM_0007175,HAM_0007175,40-59,ham,5,False,5,0.011459099,0.007618806,0.008644944,0.070741065,0.006770618,0.8439457,0.050819825,0.025848523,1,R0_kfold_f1_s44_v5ctl,best,25
ISIC_0029444,HAM_0001128,HAM_0001128,40-59,ham,5,False,5,0.011866506,0.0070800525,0.007089278,0.06776107,0.005494523,0.84704256,0.053665884,0.024441082,1,R0_kfold_f1_s44_v5ctl,best,25
ISIC_0029449,HAM_0000957,HAM_0000957,40-59,ham,5,False,5,0.011631593,0.0075586666,0.008157803,0.071772985,0.007355478,0.8421517,0.0513718,0.026545737,1,R0_kfold_f1_s44_v5ctl,best,25
ISIC_0029454,HAM_0007019,HAM_0007019,60+,ham,4,True,4,0.013698582,0.010598818,0.07454968,0.12785217,0.6858988,0.0025465935,0.084855326,0.7101962,1,R0_kfold_f1_s44_v5ctl,best,25
ISIC_0029457,HAM_0001846,HAM_0001846,<40,ham,5,False,5,0.010676237,0.0072368565,0.0077549187,0.06771686,0.006664705,0.84852016,0.05143023,0.024577798,1,R0_kfold_f1_s44_v5ctl,best,25
ISIC_0029459,HAM_0006884,HAM_0006884,40-59,ham,5,False,5,0.010741623,0.006910502,0.012603433,0.08125744,0.13544329,0.69372255,0.059321217,0.15309541,1,R0_kfold_f1_s44_v5ctl,best,25
ISIC_0029481,HAM_0004421,HAM_0004421,<40,ham,5,False,5,0.010712594,0.0082349125,0.0065634325,0.06993297,0.0060658567,0.84433335,0.054156918,0.025013363,1,R0_kfold_f1_s44_v5ctl,best,25
ISIC_0029485,HAM_0004457,HAM_0004457,40-59,ham,5,False,5,0.01198146,0.007339968,0.00770385,0.06801373,0.0068967715,0.84830445,0.049759693,0.0262182,1,R0_kfold_f1_s44_v5ctl,best,25
ISIC_0029494,HAM_0003486,HAM_0003486,40-59,ham,5,False,5,0.011087447,0.006954465,0.0076483465,0.067051575,0.0074780346,0.8501098,0.049670376,0.025519947,1,R0_kfold_f1_s44_v5ctl,best,25
ISIC_0029499,HAM_0000397,HAM_0000397,<40,ham,5,False,5,0.013093212,0.0075762044,0.008295234,0.066439725,0.0054663736,0.84752023,0.05160898,0.02613579,1,R0_kfold_f1_s44_v5ctl,best,25
ISIC_0029512,HAM_0004784,HAM_0004784,40-59,ham,4,True,3,0.007968981,0.014486787,0.062431537,0.36295214,0.22827004,0.22879888,0.095091574,0.2507258,1,R0_kfold_f1_s44_v5ctl,best,25
ISIC_0029513,HAM_0000645,HAM_0000645,60+,ham,4,True,2,0.0013135775,0.009647685,0.89722186,0.04736995,0.009071675,0.0045836093,0.030791689,0.020032939,1,R0_kfold_f1_s44_v5ctl,best,25
ISIC_0029527,HAM_0003030,HAM_0003030,60+,ham,2,False,2,0.01556652,0.006156,0.8759597,0.05218127,0.0048605376,0.00357427,0.041701786,0.026583057,1,R0_kfold_f1_s44_v5ctl,best,25
ISIC_0029531,HAM_0004412,HAM_0004412,<40,ham,5,False,5,0.0092374105,0.0067284587,0.0060167676,0.064616546,0.010439684,0.86074966,0.042211477,0.026405554,1,R0_kfold_f1_s44_v5ctl,best,25
ISIC_0029542,HAM_0006388,HAM_0006388,60+,ham,5,False,5,0.01156902,0.0077085583,0.008289184,0.06896477,0.005893567,0.8438531,0.05372173,0.025171146,1,R0_kfold_f1_s44_v5ctl,best,25
ISIC_0029546,HAM_0005482,HAM_0005482,40-59,ham,1,True,1,0.008844132,0.8800839,0.0061946437,0.055102352,0.005598343,0.0041049626,0.04007154,0.8945264,1,R0_kfold_f1_s44_v5ctl,best,25
ISIC_0029548,HAM_0000113,HAM_0000113,60+,ham,2,False,5,0.028159926,0.027193647,0.23427907,0.1648515,0.013347655,0.42356083,0.10860738,0.06870123,1,R0_kfold_f1_s44_v5ctl,best,25
ISIC_0029553,HAM_0005048,HAM_0005048,<40,ham,5,False,5,0.011721456,0.008199245,0.010371501,0.07583579,0.009541435,0.8305371,0.053793512,0.029462136,1,R0_kfold_f1_s44_v5ctl,best,25
ISIC_0029555,HAM_0007090,HAM_0007090,60+,ham,2,False,2,0.008026001,0.0049632145,0.9026372,0.041006956,0.003493573,0.0052413363,0.03463174,0.01648279,1,R0_kfold_f1_s44_v5ctl,best,25
ISIC_0029557,HAM_0006170,HAM_0006170,60+,ham,2,False,5,0.035659473,0.012047281,0.098381124,0.16479267,0.002881116,0.60302645,0.083211854,0.05058787,1,R0_kfold_f1_s44_v5ctl,best,25
ISIC_0029583,HAM_0003585,HAM_0003585,60+,ham,5,False,5,0.011795113,0.0067621684,0.008510435,0.065464705,0.0059570055,0.8545232,0.04698742,0.024514286,1,R0_kfold_f1_s44_v5ctl,best,25
ISIC_0029605,HAM_0005502,HAM_0005502,40-59,ham,5,False,5,0.011635415,0.0071178186,0.0081129735,0.06775748,0.0067337183,0.8489644,0.049678206,0.025486954,1,R0_kfold_f1_s44_v5ctl,best,25
ISIC_0029617,HAM_0005082,HAM_0005082,60+,ham,2,False,5,0.016080463,0.008713069,0.01671488,0.08384454,0.035266317,0.77760935,0.061771315,0.06005985,1,R0_kfold_f1_s44_v5ctl,best,25
ISIC_0029619,HAM_0002080,HAM_0002080,40-59,ham,5,False,5,0.012161256,0.00796069,0.010326072,0.075399995,0.008482827,0.8290698,0.05659942,0.028604774,1,R0_kfold_f1_s44_v5ctl,best,25
ISIC_0029620,HAM_0004800,HAM_0004800,40-59,ham,5,False,5,0.011452702,0.0075746044,0.007509275,0.06773741,0.0075593344,0.8489071,0.0492595,0.02658664,1,R0_kfold_f1_s44_v5ctl,best,25
ISIC_0029627,HAM_0004531,HAM_0004531,60+,ham,2,False,4,0.0058510276,0.0068942937,0.010460549,0.050929632,0.8666759,0.020475402,0.038713284,0.87942123,1,R0_kfold_f1_s44_v5ctl,best,25
ISIC_0029628,HAM_0004227,HAM_0004227,60+,ham,5,False,5,0.011015321,0.006895861,0.007140845,0.06749472,0.006178749,0.8521187,0.049155787,0.024089932,1,R0_kfold_f1_s44_v5ctl,best,25
ISIC_0029653,HAM_0006738,HAM_0006738,40-59,ham,5,False,5,0.010894063,0.007662369,0.007261725,0.067601375,0.006343219,0.8468307,0.05340654,0.02489965,1,R0_kfold_f1_s44_v5ctl,best,25
ISIC_0029661,HAM_0001699,HAM_0001699,60+,ham,5,False,5,0.012007925,0.009838997,0.009914884,0.08064718,0.015184781,0.81291115,0.05949508,0.037031703,1,R0_kfold_f1_s44_v5ctl,best,25
ISIC_0029675,HAM_0001314,HAM_0001314,60+,ham,5,False,5,0.011084873,0.007107792,0.0076970286,0.069615655,0.006269539,0.8475611,0.050664086,0.024462204,1,R0_kfold_f1_s44_v5ctl,best,25
ISIC_0029677,HAM_0000567,HAM_0000567,<40,ham,5,False,5,0.011300711,0.0069405083,0.007922727,0.06856472,0.0067508337,0.8492084,0.0493121,0.024992052,1,R0_kfold_f1_s44_v5ctl,best,25
ISIC_0029683,HAM_0002774,HAM_0002774,60+,ham,2,False,2,0.022656653,0.0077797733,0.3560195,0.17189334,0.30601662,0.0043383986,0.13129571,0.33645305,1,R0_kfold_f1_s44_v5ctl,best,25
ISIC_0029689,HAM_0006976,HAM_0006976,60+,ham,5,False,5,0.009595307,0.006301842,0.006623158,0.12860751,0.00916326,0.79009426,0.049614653,0.02506041,1,R0_kfold_f1_s44_v5ctl,best,25
ISIC_0029690,HAM_0006455,HAM_0006455,40-59,ham,5,False,5,0.011086201,0.006834395,0.0075288154,0.06658586,0.0063703205,0.85202533,0.04956913,0.024290917,1,R0_kfold_f1_s44_v5ctl,best,25
ISIC_0029694,HAM_0006590,HAM_0006590,60+,ham,5,False,5,0.0130039705,0.0080742715,0.008226169,0.07085716,0.007768681,0.8397829,0.052286793,0.028846923,1,R0_kfold_f1_s44_v5ctl,best,25
ISIC_0029696,HAM_0005183,HAM_0005183,60+,ham,5,False,5,0.011575529,0.0054888753,0.010186788,0.07335221,0.016972858,0.8385603,0.043863486,0.034037262,1,R0_kfold_f1_s44_v5ctl,best,25
ISIC_0029697,HAM_0005671,HAM_0005671,40-59,ham,5,False,5,0.010815524,0.0074580396,0.008310129,0.0709348,0.006196864,0.84638673,0.049897946,0.024470426,1,R0_kfold_f1_s44_v5ctl,best,25
ISIC_0029711,HAM_0002544,HAM_0002544,40-59,ham,5,False,5,0.011878755,0.0074388464,0.007895355,0.06998434,0.007303399,0.8442065,0.051292796,0.026620999,1,R0_kfold_f1_s44_v5ctl,best,25
ISIC_0029725,HAM_0004724,HAM_0004724,40-59,ham,5,False,4,0.010769926,0.004807999,0.024347994,0.05481687,0.8109859,0.052231826,0.04203942,0.82656384,1,R0_kfold_f1_s44_v5ctl,best,25
ISIC_0029754,HAM_0000389,HAM_0000389,40-59,ham,5,False,5,0.012023302,0.0075830407,0.007971513,0.07036711,0.0070397356,0.84294146,0.052073758,0.026646078,1,R0_kfold_f1_s44_v5ctl,best,25
ISIC_0029756,HAM_0003221,HAM_0003221,40-59,ham,5,False,5,0.012383276,0.008917702,0.008735432,0.07575318,0.008787006,0.83332103,0.052102353,0.030087985,1,R0_kfold_f1_s44_v5ctl,best,25
ISIC_0029785,HAM_0005468,HAM_0005468,60+,ham,5,False,5,0.012132749,0.0071009025,0.008477749,0.06993204,0.0073100054,0.84210384,0.052942727,0.026543656,1,R0_kfold_f1_s44_v5ctl,best,25
ISIC_0029794,HAM_0006734,HAM_0006734,40-59,ham,5,False,5,0.016057562,0.012204316,0.0093951365,0.078409255,0.0056863264,0.82073003,0.057517394,0.033948205,1,R0_kfold_f1_s44_v5ctl,best,25
ISIC_0029798,HAM_0003517,HAM_0003517,40-59,ham,5,False,5,0.011920035,0.008391769,0.008300225,0.07110708,0.006258509,0.84385645,0.050165996,0.026570313,1,R0_kfold_f1_s44_v5ctl,best,25
ISIC_0029808,HAM_0003540,HAM_0003540,60+,ham,5,False,5,0.013321257,0.008763238,0.008258478,0.07387254,0.008273341,0.83311045,0.05440077,0.030357836,1,R0_kfold_f1_s44_v5ctl,best,25
ISIC_0029829,HAM_0006992,HAM_0006992,60+,ham,5,False,5,0.012339877,0.0070988266,0.008365851,0.06820357,0.0060715866,0.8443873,0.05353291,0.025510289,1,R0_kfold_f1_s44_v5ctl,best,25
ISIC_0029848,HAM_0001993,HAM_0001993,40-59,ham,5,False,5,0.011992114,0.007260147,0.008134256,0.06966031,0.0069075627,0.84545296,0.050592624,0.026159823,1,R0_kfold_f1_s44_v5ctl,best,25
ISIC_0029857,HAM_0005856,HAM_0005856,40-59,ham,1,True,1,0.010858715,0.84249514,0.004433841,0.07242545,0.004893823,0.016602734,0.04829032,0.8582477,1,R0_kfold_f1_s44_v5ctl,best,25
ISIC_0029873,HAM_0005824,HAM_0005824,40-59,ham,5,False,5,0.0123938,0.0074939393,0.008306667,0.069860086,0.0069467044,0.84294116,0.052057598,0.026834443,1,R0_kfold_f1_s44_v5ctl,best,25
ISIC_0029875,HAM_0003584,HAM_0003584,40-59,ham,5,False,5,0.012555553,0.0073689874,0.008567853,0.071320854,0.0072379075,0.84066486,0.05228393,0.027162448,1,R0_kfold_f1_s44_v5ctl,best,25
ISIC_0029876,HAM_0002286,HAM_0002286,40-59,ham,5,False,5,0.010447691,0.0077143707,0.0084642805,0.079527184,0.0068763364,0.83880496,0.04816514,0.025038399,1,R0_kfold_f1_s44_v5ctl,best,25
ISIC_0029883,HAM_0006382,HAM_0006382,40-59,ham,5,False,5,0.010874793,0.0072448296,0.007620993,0.06725073,0.00657442,0.84968805,0.05074616,0.024694042,1,R0_kfold_f1_s44_v5ctl,best,25
ISIC_0029901,HAM_0006022,HAM_0006022,<40,ham,5,False,5,0.0115928,0.0070979763,0.0076237847,0.06956352,0.0059901946,0.8482994,0.04983239,0.02468097,1,R0_kfold_f1_s44_v5ctl,best,25
ISIC_0029906,HAM_0001644,HAM_0001644,40-59,ham,5,False,5,0.012776268,0.008242176,0.00870916,0.069214165,0.0067417463,0.8448698,0.04944667,0.027760189,1,R0_kfold_f1_s44_v5ctl,best,25
ISIC_0029910,HAM_0006045,HAM_0006045,40-59,ham,5,False,5,0.012722371,0.007661151,0.007704894,0.068286605,0.005422326,0.84891194,0.049290746,0.025805848,1,R0_kfold_f1_s44_v5ctl,best,25
ISIC_0029914,HAM_0006626,HAM_0006626,60+,ham,4,True,4,0.010045318,0.006520465,0.006741107,0.06200277,0.8607146,0.008013225,0.045962468,0.8772804,1,R0_kfold_f1_s44_v5ctl,best,25
ISIC_0029930,HAM_0005889,HAM_0005889,60+,ham,0,True,0,0.91710055,0.0045046895,0.0072891247,0.037489522,0.002740532,0.0029260106,0.02794952,0.92434573,1,R0_kfold_f1_s44_v5ctl,best,25
ISIC_0029942,HAM_0003211,HAM_0003211,40-59,ham,5,False,5,0.011660595,0.0071590813,0.0072973515,0.06651591,0.00648214,0.8507257,0.050159287,0.025301818,1,R0_kfold_f1_s44_v5ctl,best,25
ISIC_0029943,HAM_0002632,HAM_0002632,40-59,ham,5,False,5,0.012055865,0.0075407303,0.007523477,0.07170567,0.0061736824,0.84103924,0.053961404,0.025770277,1,R0_kfold_f1_s44_v5ctl,best,25
ISIC_0029947,HAM_0007043,HAM_0007043,60+,ham,2,False,2,0.010254167,0.0076054716,0.8700047,0.055339374,0.0069055143,0.0029672391,0.046923563,0.024765152,1,R0_kfold_f1_s44_v5ctl,best,25
ISIC_0029950,HAM_0000232,HAM_0000232,40-59,ham,5,False,5,0.011395872,0.0077494206,0.0076824767,0.068418756,0.005659236,0.8469662,0.05212803,0.024804527,1,R0_kfold_f1_s44_v5ctl,best,25
ISIC_0029953,HAM_0002793,HAM_0002793,<40,ham,5,False,5,0.01262613,0.007190979,0.0071805934,0.0818468,0.012713744,0.82437605,0.054065738,0.032530855,1,R0_kfold_f1_s44_v5ctl,best,25
ISIC_0029957,HAM_0005418,HAM_0005418,60+,ham,5,False,5,0.011530035,0.0073043783,0.008216677,0.06825107,0.007370181,0.84817326,0.049154457,0.026204595,1,R0_kfold_f1_s44_v5ctl,best,25
ISIC_0029971,HAM_0004459,HAM_0004459,40-59,ham,5,False,5,0.01214378,0.0075961156,0.008238369,0.07150715,0.0071978956,0.84252954,0.050787184,0.026937792,1,R0_kfold_f1_s44_v5ctl,best,25
ISIC_0029974,HAM_0004627,HAM_0004627,60+,ham,1,True,1,0.19588059,0.45181856,0.14219053,0.12470534,0.0014283651,0.0026058906,0.08137073,0.6491275,1,R0_kfold_f1_s44_v5ctl,best,25
ISIC_0029976,HAM_0002323,HAM_0002323,40-59,ham,5,False,5,0.0107675325,0.008514148,0.008373943,0.06673333,0.008428674,0.8449809,0.0522014,0.027710356,1,R0_kfold_f1_s44_v5ctl,best,25
ISIC_0029978,HAM_0006040,HAM_0006040,40-59,ham,5,False,5,0.0237047,0.014779281,0.096687965,0.088796064,0.0135426875,0.68457156,0.07791776,0.052026667,1,R0_kfold_f1_s44_v5ctl,best,25
ISIC_0029980,HAM_0000379,HAM_0000379,60+,ham,5,False,5,0.011710196,0.0074963337,0.008414873,0.070592865,0.00740237,0.8442537,0.05012976,0.0266089,1,R0_kfold_f1_s44_v5ctl,best,25
ISIC_0029981,HAM_0005357,HAM_0005357,40-59,ham,5,False,5,0.01213065,0.007508439,0.008434437,0.06931479,0.006928513,0.8458615,0.049821686,0.026567603,1,R0_kfold_f1_s44_v5ctl,best,25
ISIC_0029982,HAM_0005886,HAM_0005886,40-59,ham,5,False,5,0.012232808,0.010784997,0.0074473447,0.071868785,0.0061857966,0.8329248,0.05855536,0.029203601,1,R0_kfold_f1_s44_v5ctl,best,25
ISIC_0029984,HAM_0004523,HAM_0004523,40-59,ham,5,False,5,0.01105088,0.0076429034,0.0077529177,0.07023075,0.0073810047,0.8433437,0.05259787,0.026074788,1,R0_kfold_f1_s44_v5ctl,best,25
ISIC_0029989,HAM_0000834,HAM_0000834,40-59,ham,5,False,5,0.010612482,0.0072532976,0.006515671,0.06627007,0.0063064424,0.8536312,0.049410827,0.024172224,1,R0_kfold_f1_s44_v5ctl,best,25
ISIC_0029993,HAM_0005987,HAM_0005987,60+,ham,5,False,4,0.011125645,0.007220579,0.008479189,0.08049392,0.77089685,0.06817189,0.05361192,0.7892431,1,R0_kfold_f1_s44_v5ctl,best,25
ISIC_0030009,HAM_0006454,HAM_0006454,40-59,ham,5,False,5,0.010830176,0.0084217945,0.008372972,0.06802904,0.0058771987,0.8519167,0.04655212,0.02512917,1,R0_kfold_f1_s44_v5ctl,best,25
ISIC_0030022,HAM_0002347,HAM_0002347,40-59,ham,5,False,5,0.011491089,0.007081943,0.0072143115,0.06804734,0.006609758,0.850438,0.049117576,0.025182791,1,R0_kfold_f1_s44_v5ctl,best,25
ISIC_0030024,HAM_0001650,HAM_0001650,40-59,ham,5,False,5,0.0119985845,0.00823345,0.007936353,0.07075109,0.0061981506,0.84139836,0.053484064,0.026430186,1,R0_kfold_f1_s44_v5ctl,best,25
ISIC_0030033,HAM_0002572,HAM_0002572,<40,ham,5,False,5,0.018815791,0.020916594,0.010752734,0.11319073,0.2329332,0.5240241,0.079366796,0.2726656,1,R0_kfold_f1_s44_v5ctl,best,25
ISIC_0030047,HAM_0007242,HAM_0007242,60+,ham,4,True,5,0.012612315,0.007361119,0.007935171,0.070280604,0.007965909,0.8438403,0.050004516,0.027939344,1,R0_kfold_f1_s44_v5ctl,best,25
ISIC_0030049,HAM_0007469,HAM_0007469,<40,ham,5,False,5,0.01136813,0.008320148,0.0089628445,0.077951424,0.007890866,0.8302477,0.055258825,0.027579144,1,R0_kfold_f1_s44_v5ctl,best,25
ISIC_0030054,HAM_0001377,HAM_0001377,<40,ham,5,False,5,0.011758072,0.0067478796,0.0074743885,0.06551059,0.005928354,0.8522395,0.050341256,0.024434306,1,R0_kfold_f1_s44_v5ctl,best,25
ISIC_0030059,HAM_0005246,HAM_0005246,<40,ham,5,False,5,0.019966096,0.009297271,0.025041062,0.08416563,0.004631064,0.8011001,0.05579883,0.03389443,1,R0_kfold_f1_s44_v5ctl,best,25
ISIC_0030060,HAM_0004126,HAM_0004126,60+,ham,4,True,4,0.009367484,0.007338167,0.0083925435,0.063091174,0.85749346,0.004621453,0.049695805,0.8741991,1,R0_kfold_f1_s44_v5ctl,best,25
ISIC_0030071,HAM_0002883,HAM_0002883,40-59,ham,5,False,5,0.012033677,0.0075225285,0.008189132,0.07294968,0.0069672544,0.8407352,0.051602487,0.02652346,1,R0_kfold_f1_s44_v5ctl,best,25
ISIC_0030089,HAM_0007620,HAM_0007620,40-59,ham,4,True,5,0.06267475,0.14027314,0.0047060563,0.23375413,0.0027388562,0.4553111,0.100541934,0.20568675,1,R0_kfold_f1_s44_v5ctl,best,25
ISIC_0030103,HAM_0001148,HAM_0001148,40-59,ham,5,False,5,0.011304112,0.007763403,0.007881596,0.06847301,0.0068868417,0.8472253,0.050465688,0.025954356,1,R0_kfold_f1_s44_v5ctl,best,25
ISIC_0030117,HAM_0001361,HAM_0001361,40-59,ham,5,False,5,0.012588917,0.008434797,0.009839942,0.07601543,0.009255604,0.8307263,0.053138934,0.030279316,1,R0_kfold_f1_s44_v5ctl,best,25
ISIC_0030118,HAM_0003613,HAM_0003613,60+,ham,2,False,2,0.0076925266,0.01434126,0.8389879,0.070341006,0.008084118,0.0072550303,0.053298045,0.030117905,1,R0_kfold_f1_s44_v5ctl,best,25
ISIC_0030119,HAM_0005557,HAM_0005557,60+,ham,4,True,4,0.012275286,0.02486746,0.008573,0.07370728,0.8161693,0.0059980555,0.05840955,0.8533121,1,R0_kfold_f1_s44_v5ctl,best,25
ISIC_0030131,HAM_0002064,HAM_0002064,40-59,ham,5,False,5,0.011574105,0.0074953046,0.008388533,0.07148919,0.007389189,0.842893,0.050770722,0.0264586,1,R0_kfold_f1_s44_v5ctl,best,25
ISIC_0030139,HAM_0003653,HAM_0003653,40-59,ham,5,False,5,0.011280856,0.0069154943,0.0065836734,0.06946545,0.0063046594,0.84934324,0.050106652,0.024501009,1,R0_kfold_f1_s44_v5ctl,best,25
ISIC_0030164,HAM_0002828,HAM_0002828,40-59,ham,5,False,5,0.011859782,0.0072325654,0.007910179,0.06832227,0.007571925,0.8472354,0.049867913,0.026664272,1,R0_kfold_f1_s44_v5ctl,best,25
ISIC_0030167,HAM_0004372,HAM_0004372,60+,ham,5,False,5,0.012479397,0.006804041,0.0093283495,0.071359284,0.0068257004,0.8398278,0.05337543,0.026109139,1,R0_kfold_f1_s44_v5ctl,best,25
ISIC_0030168,HAM_0000966,HAM_0000966,40-59,ham,5,False,5,0.013442389,0.009412672,0.007885536,0.06957169,0.004698195,0.8419838,0.05300573,0.027553257,1,R0_kfold_f1_s44_v5ctl,best,25
ISIC_0030169,HAM_0005240,HAM_0005240,60+,ham,5,False,5,0.011454879,0.0072781793,0.0078064105,0.066418,0.007043044,0.85350853,0.046490986,0.025776103,1,R0_kfold_f1_s44_v5ctl,best,25
ISIC_0030172,HAM_0002722,HAM_0002722,40-59,ham,2,False,0,0.6369095,0.007331168,0.20253523,0.07269539,0.006184257,0.0048509226,0.069493555,0.65042496,1,R0_kfold_f1_s44_v5ctl,best,25
ISIC_0030180,HAM_0000362,HAM_0000362,<40,ham,5,False,4,0.0065850625,0.014180449,0.030670369,0.07346226,0.7697133,0.033171512,0.07221711,0.79047877,1,R0_kfold_f1_s44_v5ctl,best,25
ISIC_0030202,HAM_0003644,HAM_0003644,40-59,ham,5,False,5,0.009898009,0.006573325,0.0061674076,0.0701079,0.006072822,0.849645,0.051535513,0.022544157,1,R0_kfold_f1_s44_v5ctl,best,25
ISIC_0030207,HAM_0001399,HAM_0001399,60+,ham,2,False,2,0.008968351,0.005137871,0.8905352,0.04994267,0.0039248676,0.004256363,0.037234697,0.01803109,1,R0_kfold_f1_s44_v5ctl,best,25
ISIC_0030211,HAM_0004126,HAM_0004126,60+,ham,4,True,4,0.009919251,0.0073661925,0.008864186,0.06574498,0.85265565,0.004665015,0.050784696,0.8699411,1,R0_kfold_f1_s44_v5ctl,best,25
ISIC_0030225,HAM_0005085,HAM_0005085,60+,ham,5,False,5,0.017467797,0.011056339,0.009548437,0.124626435,0.08043793,0.6684364,0.08842657,0.10896207,1,R0_kfold_f1_s44_v5ctl,best,25
ISIC_0030227,HAM_0004917,HAM_0004917,60+,ham,2,False,4,0.012693254,0.00701586,0.08037258,0.09853614,0.7229572,0.01272813,0.065696836,0.7426663,1,R0_kfold_f1_s44_v5ctl,best,25
ISIC_0030234,HAM_0002152,HAM_0002152,40-59,ham,5,False,5,0.011858429,0.00689234,0.009007344,0.07003309,0.0071540065,0.84356004,0.051494803,0.025904775,1,R0_kfold_f1_s44_v5ctl,best,25
ISIC_0030247,HAM_0003767,HAM_0003767,60+,ham,5,False,2,0.014062431,0.006678836,0.7957062,0.07596676,0.0029603695,0.06855863,0.03606675,0.023701636,1,R0_kfold_f1_s44_v5ctl,best,25
ISIC_0030261,HAM_0004871,HAM_0004871,60+,ham,1,True,1,0.011078577,0.87204146,0.0062257117,0.056350067,0.006301121,0.005779049,0.042223975,0.88942116,1,R0_kfold_f1_s44_v5ctl,best,25
ISIC_0030264,HAM_0007221,HAM_0007221,<40,ham,5,False,5,0.010646522,0.007850589,0.007993817,0.069927014,0.007938385,0.8458257,0.049818005,0.026435496,1,R0_kfold_f1_s44_v5ctl,best,25
ISIC_0030271,HAM_0005469,HAM_0005469,60+,ham,1,True,1,0.009265063,0.8684991,0.0062022554,0.056870636,0.012377492,0.005783997,0.041001447,0.89014167,1,R0_kfold_f1_s44_v5ctl,best,25
ISIC_0030274,HAM_0005100,HAM_0005100,40-59,ham,5,False,5,0.011745392,0.0072598974,0.007228764,0.06889819,0.0058862823,0.8488199,0.05016155,0.024891572,1,R0_kfold_f1_s44_v5ctl,best,25
ISIC_0030299,HAM_0006554,HAM_0006554,40-59,ham,5,False,5,0.011728006,0.007298841,0.0069232965,0.065877706,0.008712182,0.8498917,0.049568236,0.02773903,1,R0_kfold_f1_s44_v5ctl,best,25
ISIC_0030309,HAM_0006322,HAM_0006322,40-59,ham,5,False,5,0.01285663,0.007387837,0.008948546,0.07212841,0.006079535,0.8418359,0.0507631,0.026324,1,R0_kfold_f1_s44_v5ctl,best,25
ISIC_0030317,HAM_0001050,HAM_0001050,40-59,ham,5,False,5,0.01262716,0.0075896564,0.007804856,0.06932445,0.006248531,0.8444553,0.051949993,0.026465349,1,R0_kfold_f1_s44_v5ctl,best,25
ISIC_0030318,HAM_0004423,HAM_0004423,60+,ham,2,False,2,0.0061224187,0.012701188,0.7418333,0.09578949,0.006593784,0.05811431,0.07884554,0.025417391,1,R0_kfold_f1_s44_v5ctl,best,25
ISIC_0030320,HAM_0006646,HAM_0006646,40-59,ham,5,False,5,0.011597118,0.006977459,0.008056647,0.06813464,0.006415109,0.8476408,0.051178135,0.024989687,1,R0_kfold_f1_s44_v5ctl,best,25
ISIC_0030336,HAM_0006551,HAM_0006551,<40,ham,5,False,5,0.011237987,0.007238877,0.008004821,0.0692145,0.006402275,0.8471314,0.05077018,0.024879139,1,R0_kfold_f1_s44_v5ctl,best,25
ISIC_0030346,HAM_0005146,HAM_0005146,60+,ham,2,False,2,0.10456532,0.012457933,0.45333543,0.14056453,0.030025389,0.1367717,0.122279726,0.14704865,1,R0_kfold_f1_s44_v5ctl,best,25
ISIC_0030350,HAM_0006822,HAM_0006822,<40,ham,5,False,5,0.010747656,0.007420095,0.0072240867,0.06651357,0.005608269,0.8496297,0.052856658,0.02377602,1,R0_kfold_f1_s44_v5ctl,best,25
ISIC_0030351,HAM_0004017,HAM_0004017,40-59,ham,5,False,5,0.012447547,0.0073863794,0.008229703,0.0680955,0.006845491,0.8464989,0.05049647,0.026679417,1,R0_kfold_f1_s44_v5ctl,best,25
ISIC_0030357,HAM_0004026,HAM_0004026,40-59,ham,5,False,5,0.011637522,0.0073972163,0.008087572,0.068629615,0.007068163,0.84757316,0.049606647,0.0261029,1,R0_kfold_f1_s44_v5ctl,best,25
ISIC_0030359,HAM_0007435,HAM_0007435,40-59,ham,5,False,5,0.011581361,0.0070700245,0.007274617,0.06802789,0.0063009597,0.8509189,0.04882627,0.024952345,1,R0_kfold_f1_s44_v5ctl,best,25
ISIC_0030369,HAM_0003514,HAM_0003514,60+,ham,2,False,2,0.017007709,0.00752784,0.86150706,0.054923616,0.008887084,0.0041473284,0.04599941,0.033422634,1,R0_kfold_f1_s44_v5ctl,best,25
ISIC_0030372,HAM_0000881,HAM_0000881,60+,ham,2,False,2,0.009269314,0.036059693,0.81040686,0.08633895,0.0032275405,0.0017567711,0.05294088,0.048556544,1,R0_kfold_f1_s44_v5ctl,best,25
ISIC_0030375,HAM_0007037,HAM_0007037,60+,ham,0,True,2,0.3585577,0.006920464,0.46349522,0.09780163,0.0054361243,0.00095258886,0.06683625,0.37091428,1,R0_kfold_f1_s44_v5ctl,best,25
ISIC_0030379,HAM_0003416,HAM_0003416,40-59,ham,5,False,5,0.012004351,0.0074697887,0.008050387,0.068472184,0.0071394444,0.8451039,0.05175988,0.026613584,1,R0_kfold_f1_s44_v5ctl,best,25
ISIC_0030381,HAM_0005702,HAM_0005702,40-59,ham,5,False,5,0.0110064875,0.0070270216,0.007968736,0.07155098,0.006234806,0.84640825,0.049803622,0.024268314,1,R0_kfold_f1_s44_v5ctl,best,25
ISIC_0030384,HAM_0001169,HAM_0001169,<40,ham,5,False,2,0.013443232,0.005560572,0.8859052,0.049669996,0.003004555,0.0038810736,0.03853536,0.022008358,1,R0_kfold_f1_s44_v5ctl,best,25
ISIC_0030415,HAM_0005317,HAM_0005317,40-59,ham,5,False,5,0.01137197,0.007422934,0.008670137,0.07245362,0.0066860337,0.8405742,0.052821063,0.025480937,1,R0_kfold_f1_s44_v5ctl,best,25
ISIC_0030424,HAM_0006452,HAM_0006452,40-59,ham,5,False,5,0.011526577,0.0076070516,0.008226925,0.07105029,0.0066307844,0.8441215,0.050836924,0.025764413,1,R0_kfold_f1_s44_v5ctl,best,25
ISIC_0030426,HAM_0002670,HAM_0002670,60+,ham,5,False,5,0.011292857,0.008173118,0.008006357,0.06985044,0.006206666,0.8505769,0.04589368,0.02567264,1,R0_kfold_f1_s44_v5ctl,best,25
ISIC_0030437,HAM_0003746,HAM_0003746,<40,ham,5,False,5,0.012205603,0.0075893756,0.007718436,0.07316032,0.008263218,0.8391049,0.051958177,0.028058197,1,R0_kfold_f1_s44_v5ctl,best,25
ISIC_0030439,HAM_0002743,HAM_0002743,40-59,ham,5,False,5,0.011589014,0.007083514,0.007400012,0.06742661,0.0062607448,0.8525871,0.047652923,0.024933273,1,R0_kfold_f1_s44_v5ctl,best,25
ISIC_0030441,HAM_0000479,HAM_0000479,40-59,ham,5,False,5,0.011964071,0.007865272,0.008143349,0.0718,0.006521442,0.8423505,0.05135543,0.026350785,1,R0_kfold_f1_s44_v5ctl,best,25
ISIC_0030444,HAM_0004923,HAM_0004923,<40,ham,5,False,5,0.011181775,0.0075724428,0.009285066,0.07126612,0.0075312867,0.8406971,0.052466124,0.026285505,1,R0_kfold_f1_s44_v5ctl,best,25
ISIC_0030454,HAM_0001267,HAM_0001267,40-59,ham,5,False,5,0.011689621,0.0069163986,0.006483933,0.06647664,0.0055872877,0.8533282,0.049517933,0.024193307,1,R0_kfold_f1_s44_v5ctl,best,25
ISIC_0030461,HAM_0004252,HAM_0004252,40-59,ham,5,False,5,0.011895853,0.007255334,0.008182694,0.07059544,0.0064520426,0.8451947,0.050423954,0.02560323,1,R0_kfold_f1_s44_v5ctl,best,25
ISIC_0030465,HAM_0002335,HAM_0002335,60+,ham,2,False,2,0.05073158,0.005239195,0.7979454,0.08020452,0.0035942348,0.0070369015,0.055248186,0.05956501,1,R0_kfold_f1_s44_v5ctl,best,25
ISIC_0030469,HAM_0005810,HAM_0005810,40-59,ham,5,False,5,0.0107557345,0.008212504,0.008885438,0.07211649,0.0060970574,0.8376918,0.056240946,0.025065297,1,R0_kfold_f1_s44_v5ctl,best,25
ISIC_0030470,HAM_0001876,HAM_0001876,40-59,ham,5,False,5,0.012798327,0.007168155,0.008438924,0.07081061,0.008105568,0.8405019,0.05217645,0.028072052,1,R0_kfold_f1_s44_v5ctl,best,25
ISIC_0030493,HAM_0004981,HAM_0004981,60+,ham,5,False,5,0.010992197,0.006938655,0.0076592,0.06693148,0.0070231105,0.85080117,0.049654156,0.024953963,1,R0_kfold_f1_s44_v5ctl,best,25
ISIC_0030496,HAM_0005808,HAM_0005808,60+,ham,5,False,5,0.011751156,0.010343819,0.0073471735,0.06791371,0.006646461,0.84624916,0.04974849,0.028741438,1,R0_kfold_f1_s44_v5ctl,best,25
ISIC_0030520,HAM_0003221,HAM_0003221,40-59,ham,5,False,5,0.0106329555,0.0073481533,0.008722624,0.07002061,0.006198127,0.84634376,0.05073378,0.024179235,1,R0_kfold_f1_s44_v5ctl,best,25
ISIC_0030524,HAM_0005419,HAM_0005419,<40,ham,5,False,5,0.012722073,0.006666382,0.009400102,0.06809013,0.005154499,0.8460507,0.051916175,0.024542954,1,R0_kfold_f1_s44_v5ctl,best,25
ISIC_0030534,HAM_0002647,HAM_0002647,40-59,ham,5,False,4,0.025935918,0.011750825,0.020124862,0.14523916,0.36068955,0.29863733,0.13762239,0.3983763,1,R0_kfold_f1_s44_v5ctl,best,25
ISIC_0030535,HAM_0001762,HAM_0001762,60+,ham,5,False,5,0.012309574,0.0073990966,0.007462542,0.07151685,0.005364455,0.845631,0.050316397,0.025073126,1,R0_kfold_f1_s44_v5ctl,best,25
ISIC_0030538,HAM_0003630,HAM_0003630,60+,ham,5,False,5,0.011967222,0.007907885,0.00843962,0.0723238,0.008095825,0.83790034,0.05336526,0.027970932,1,R0_kfold_f1_s44_v5ctl,best,25
ISIC_0030550,HAM_0000219,HAM_0000219,40-59,ham,5,False,5,0.011787274,0.0076815775,0.0081342785,0.07274898,0.0069654244,0.8407099,0.051972505,0.026434276,1,R0_kfold_f1_s44_v5ctl,best,25
ISIC_0030553,HAM_0005848,HAM_0005848,40-59,ham,5,False,5,0.022553079,0.033123124,0.023436256,0.10270656,0.027239624,0.730376,0.060565338,0.08291583,1,R0_kfold_f1_s44_v5ctl,best,25
ISIC_0030557,HAM_0004646,HAM_0004646,<40,ham,5,False,5,0.012333354,0.010470466,0.0073892325,0.09333101,0.016063154,0.7959299,0.06448287,0.038866974,1,R0_kfold_f1_s44_v5ctl,best,25
ISIC_0030567,HAM_0003609,HAM_0003609,<40,ham,5,False,5,0.01114858,0.007611254,0.0072383275,0.068499655,0.0062563876,0.8472694,0.05197637,0.025016222,1,R0_kfold_f1_s44_v5ctl,best,25
ISIC_0030569,HAM_0003924,HAM_0003924,60+,ham,5,False,5,0.025620606,0.008842532,0.016074182,0.14415427,0.24023692,0.46944603,0.09562538,0.27470005,1,R0_kfold_f1_s44_v5ctl,best,25
ISIC_0030570,HAM_0004885,HAM_0004885,<40,ham,5,False,5,0.011407088,0.0071699214,0.00782325,0.0679321,0.007093519,0.84873784,0.04983623,0.025670528,1,R0_kfold_f1_s44_v5ctl,best,25
ISIC_0030571,HAM_0003190,HAM_0003190,40-59,ham,5,False,5,0.011489778,0.0071924026,0.007895061,0.06734721,0.006548304,0.8499923,0.049534984,0.025230484,1,R0_kfold_f1_s44_v5ctl,best,25
ISIC_0030575,HAM_0002032,HAM_0002032,<40,ham,4,True,5,0.0113661,0.008586721,0.010135398,0.06514276,0.01932986,0.8322174,0.05322171,0.03928268,1,R0_kfold_f1_s44_v5ctl,best,25
ISIC_0030581,HAM_0002916,HAM_0002916,<40,ham,5,False,5,0.012201759,0.007930649,0.0076194475,0.073015176,0.008332562,0.8355173,0.055383023,0.02846497,1,R0_kfold_f1_s44_v5ctl,best,25
ISIC_0030584,HAM_0005458,HAM_0005458,40-59,ham,5,False,5,0.012047035,0.0073513985,0.008384635,0.07447059,0.006341972,0.83915395,0.05225045,0.025740404,1,R0_kfold_f1_s44_v5ctl,best,25
ISIC_0030587,HAM_0001848,HAM_0001848,<40,ham,5,False,5,0.01119546,0.0072270813,0.007027557,0.0667523,0.0069951206,0.8525716,0.04823088,0.025417663,1,R0_kfold_f1_s44_v5ctl,best,25
ISIC_0030603,HAM_0006921,HAM_0006921,60+,ham,5,False,2,0.16756342,0.0051893326,0.6318219,0.10770013,0.0023879341,0.008219037,0.077118255,0.1751407,1,R0_kfold_f1_s44_v5ctl,best,25
ISIC_0030605,HAM_0001820,HAM_0001820,60+,ham,2,False,5,0.010127564,0.010174777,0.016267214,0.073342465,0.0065201027,0.82256305,0.061004855,0.026822444,1,R0_kfold_f1_s44_v5ctl,best,25
ISIC_0030614,HAM_0001568,HAM_0001568,40-59,ham,5,False,5,0.011605779,0.007514,0.008670329,0.07114397,0.0064340094,0.84411705,0.050514814,0.025553789,1,R0_kfold_f1_s44_v5ctl,best,25
ISIC_0030620,HAM_0006409,HAM_0006409,60+,ham,5,False,5,0.017160503,0.008716023,0.011166455,0.07202472,0.011051328,0.8276297,0.052251328,0.036927853,1,R0_kfold_f1_s44_v5ctl,best,25
ISIC_0030624,HAM_0006771,HAM_0006771,40-59,ham,5,False,5,0.0114792865,0.007239302,0.007663659,0.06659598,0.0066183135,0.85232896,0.048074417,0.025336903,1,R0_kfold_f1_s44_v5ctl,best,25
ISIC_0030626,HAM_0001031,HAM_0001031,40-59,ham,5,False,5,0.012046359,0.0073082205,0.0069810254,0.06888337,0.005424864,0.8506577,0.04869841,0.024779443,1,R0_kfold_f1_s44_v5ctl,best,25
ISIC_0030641,HAM_0006079,HAM_0006079,<40,ham,5,False,5,0.011727092,0.0071013314,0.0072430605,0.06721961,0.006639828,0.8495965,0.050472625,0.025468253,1,R0_kfold_f1_s44_v5ctl,best,25
ISIC_0030668,HAM_0006579,HAM_0006579,40-59,ham,5,False,5,0.011245276,0.007140543,0.0075028692,0.06851925,0.0064594657,0.8486907,0.050441958,0.024845283,1,R0_kfold_f1_s44_v5ctl,best,25
ISIC_0030682,HAM_0002924,HAM_0002924,40-59,ham,5,False,5,0.011930804,0.0076926257,0.009354945,0.0728567,0.007734431,0.8377259,0.052704696,0.02735786,1,R0_kfold_f1_s44_v5ctl,best,25
ISIC_0030687,HAM_0000791,HAM_0000791,60+,ham,1,True,1,0.0054895314,0.54834515,0.01327846,0.11553904,0.11036715,0.053273767,0.15370694,0.66420186,1,R0_kfold_f1_s44_v5ctl,best,25
ISIC_0030689,HAM_0000952,HAM_0000952,60+,ham,4,True,2,0.0073649683,0.0036966926,0.87238044,0.05455761,0.0058492157,0.014076808,0.04207419,0.016910877,1,R0_kfold_f1_s44_v5ctl,best,25
ISIC_0030706,HAM_0003089,HAM_0003089,60+,ham,2,False,4,0.104685165,0.0045599244,0.00825165,0.09238608,0.70350283,0.006594666,0.08001966,0.81274796,1,R0_kfold_f1_s44_v5ctl,best,25
ISIC_0030726,HAM_0002255,HAM_0002255,40-59,ham,5,False,5,0.011881177,0.007874367,0.0086242175,0.07331745,0.006824276,0.8412014,0.050277073,0.02657982,1,R0_kfold_f1_s44_v5ctl,best,25
ISIC_0030748,HAM_0000540,HAM_0000540,60+,ham,5,False,5,0.012204277,0.007177587,0.008659367,0.06995636,0.0055992207,0.8450815,0.051321607,0.024981085,1,R0_kfold_f1_s44_v5ctl,best,25
ISIC_0030750,HAM_0005277,HAM_0005277,40-59,ham,5,False,5,0.011932372,0.007258819,0.0082627665,0.0686168,0.007006646,0.8470438,0.04987874,0.026197836,1,R0_kfold_f1_s44_v5ctl,best,25
ISIC_0030756,HAM_0003176,HAM_0003176,60+,ham,4,True,4,0.019452628,0.007976572,0.007140806,0.11035731,0.6577924,0.121169455,0.07611084,0.6852216,1,R0_kfold_f1_s44_v5ctl,best,25
ISIC_0030767,HAM_0004685,HAM_0004685,60+,ham,1,True,1,0.0070500853,0.90204996,0.009885132,0.0408237,0.0052076657,0.0017227272,0.033260744,0.9143077,1,R0_kfold_f1_s44_v5ctl,best,25
ISIC_0030769,HAM_0000131,HAM_0000131,<40,ham,5,False,5,0.010206205,0.006407201,0.006247013,0.06192939,0.005548459,0.86407727,0.045584504,0.022161864,1,R0_kfold_f1_s44_v5ctl,best,25
ISIC_0030772,HAM_0005086,HAM_0005086,<40,ham,5,False,5,0.011310461,0.0074942214,0.007953612,0.07327238,0.006121565,0.84108305,0.05276474,0.024926247,1,R0_kfold_f1_s44_v5ctl,best,25
ISIC_0030777,HAM_0001224,HAM_0001224,40-59,ham,5,False,5,0.010713689,0.006976681,0.0072790952,0.0669551,0.006305305,0.8500805,0.051689617,0.023995675,1,R0_kfold_f1_s44_v5ctl,best,25
ISIC_0030786,HAM_0000682,HAM_0000682,40-59,ham,5,False,1,0.009956424,0.87696624,0.003773911,0.06200669,0.0046481383,0.00373702,0.038911685,0.8915708,1,R0_kfold_f1_s44_v5ctl,best,25
ISIC_0030795,HAM_0003601,HAM_0003601,60+,ham,4,True,5,0.012724822,0.007683772,0.009461075,0.07283759,0.009399059,0.8342426,0.053651042,0.029807653,1,R0_kfold_f1_s44_v5ctl,best,25
ISIC_0030797,HAM_0006691,HAM_0006691,40-59,ham,5,False,5,0.012178949,0.007474461,0.008335451,0.07035259,0.0075130705,0.8426772,0.05146829,0.02716648,1,R0_kfold_f1_s44_v5ctl,best,25
ISIC_0030800,HAM_0005921,HAM_0005921,60+,ham,1,True,1,0.010794997,0.8698416,0.0068279016,0.0609548,0.005816584,0.004327784,0.041436426,0.88645315,1,R0_kfold_f1_s44_v5ctl,best,25
ISIC_0030801,HAM_0006201,HAM_0006201,40-59,ham,2,False,4,0.0071920156,0.0132882325,0.027621754,0.05933838,0.8328532,0.0046883505,0.055018056,0.8533335,1,R0_kfold_f1_s44_v5ctl,best,25
ISIC_0030805,HAM_0003200,HAM_0003200,40-59,ham,5,False,5,0.012950477,0.0073137903,0.01078279,0.066590115,0.004670445,0.84175754,0.055934865,0.024934713,1,R0_kfold_f1_s44_v5ctl,best,25
ISIC_0030818,HAM_0002838,HAM_0002838,60+,ham,4,True,5,0.0119038895,0.007576184,0.008336302,0.07120476,0.00929194,0.8402967,0.051390205,0.028772015,1,R0_kfold_f1_s44_v5ctl,best,25
ISIC_0030826,HAM_0004384,HAM_0004384,60+,ham,0,True,1,0.037720706,0.83013654,0.0070540574,0.065878,0.0059088,0.0039490415,0.04935289,0.873766,1,R0_kfold_f1_s44_v5ctl,best,25
ISIC_0030829,HAM_0005859,HAM_0005859,<40,ham,5,False,5,0.010792773,0.0075032804,0.006235057,0.06678436,0.0053037014,0.8524398,0.050940923,0.023599755,1,R0_kfold_f1_s44_v5ctl,best,25
ISIC_0030830,HAM_0006794,HAM_0006794,40-59,ham,3,False,3,0.00044509408,0.00015865256,0.00022410667,0.9931103,0.0005392037,0.001859451,0.0036631175,0.0011429503,1,R0_kfold_f1_s44_v5ctl,best,25
ISIC_0030836,HAM_0001554,HAM_0001554,<40,ham,5,False,5,0.012542103,0.0071511804,0.0101673035,0.070242964,0.0050808936,0.8445478,0.050267752,0.024774177,1,R0_kfold_f1_s44_v5ctl,best,25
ISIC_0030845,HAM_0000093,HAM_0000093,<40,ham,5,False,4,0.020872856,0.0052911313,0.010962387,0.10295924,0.45556045,0.34232587,0.06202801,0.48172444,1,R0_kfold_f1_s44_v5ctl,best,25
ISIC_0030846,HAM_0006242,HAM_0006242,40-59,ham,5,False,5,0.01113946,0.0073083243,0.0077998484,0.069518514,0.007274523,0.8464944,0.05046498,0.025722308,1,R0_kfold_f1_s44_v5ctl,best,25
ISIC_0030848,HAM_0003166,HAM_0003166,40-59,ham,5,False,5,0.0118127875,0.007762531,0.007654718,0.071535826,0.007025922,0.8430882,0.051120024,0.02660124,1,R0_kfold_f1_s44_v5ctl,best,25
ISIC_0030859,HAM_0006822,HAM_0006822,<40,ham,5,False,5,0.012043736,0.0072024395,0.006324067,0.07760359,0.046116453,0.79363114,0.05707859,0.06536263,1,R0_kfold_f1_s44_v5ctl,best,25
ISIC_0030885,HAM_0000631,HAM_0000631,40-59,ham,5,False,5,0.011544346,0.0072723012,0.007452487,0.06929154,0.007991548,0.8454816,0.050966166,0.026808195,1,R0_kfold_f1_s44_v5ctl,best,25
ISIC_0030899,HAM_0004222,HAM_0004222,<40,ham,5,False,5,0.009228915,0.007967648,0.008229197,0.07088185,0.005004253,0.8510792,0.0476089,0.022200815,1,R0_kfold_f1_s44_v5ctl,best,25
ISIC_0030913,HAM_0002969,HAM_0002969,60+,ham,5,False,5,0.010525151,0.006839767,0.0076752766,0.070390694,0.0067444406,0.84786785,0.049956866,0.02410936,1,R0_kfold_f1_s44_v5ctl,best,25
ISIC_0030918,HAM_0001103,HAM_0001103,40-59,ham,5,False,5,0.0139356535,0.007808759,0.02694309,0.07619429,0.006053967,0.8070986,0.061965574,0.027798379,1,R0_kfold_f1_s44_v5ctl,best,25
ISIC_0030921,HAM_0000350,HAM_0000350,60+,ham,5,False,5,0.011489669,0.0075618774,0.007817163,0.069909915,0.00800506,0.8445624,0.050653864,0.027056606,1,R0_kfold_f1_s44_v5ctl,best,25
ISIC_0030932,HAM_0000241,HAM_0000241,60+,ham,4,True,4,0.018105464,0.0091934055,0.01087872,0.074966714,0.8010197,0.015710225,0.070125714,0.8283186,1,R0_kfold_f1_s44_v5ctl,best,25
ISIC_0030947,HAM_0001850,HAM_0001850,40-59,ham,5,False,5,0.0119649945,0.007673489,0.0087842755,0.06906281,0.0067467326,0.84512615,0.05064159,0.026385214,1,R0_kfold_f1_s44_v5ctl,best,25
ISIC_0030961,HAM_0004412,HAM_0004412,<40,ham,5,False,5,0.012658694,0.009888648,0.006711368,0.08181432,0.028073931,0.80675554,0.05409738,0.05062127,1,R0_kfold_f1_s44_v5ctl,best,25
ISIC_0030972,HAM_0002181,HAM_0002181,60+,ham,5,False,5,0.011653319,0.0075959372,0.008498228,0.07153961,0.0063586473,0.84456915,0.049785063,0.025607904,1,R0_kfold_f1_s44_v5ctl,best,25
ISIC_0030973,HAM_0004923,HAM_0004923,<40,ham,5,False,5,0.01110711,0.007534199,0.009265641,0.07146621,0.007171269,0.84092,0.0525356,0.02581258,1,R0_kfold_f1_s44_v5ctl,best,25
ISIC_0030975,HAM_0005767,HAM_0005767,<40,ham,5,False,5,0.012706483,0.0075316415,0.007847641,0.07002997,0.006314076,0.84319544,0.052374717,0.0265522,1,R0_kfold_f1_s44_v5ctl,best,25
ISIC_0030985,HAM_0004679,HAM_0004679,40-59,ham,5,False,5,0.011390531,0.0069676675,0.0073386272,0.071211174,0.0069567985,0.8452289,0.0509062,0.025314998,1,R0_kfold_f1_s44_v5ctl,best,25
ISIC_0030988,HAM_0006723,HAM_0006723,40-59,ham,2,False,5,0.015290465,0.018957883,0.025030954,0.116364986,0.031375,0.737622,0.0553587,0.06562334,1,R0_kfold_f1_s44_v5ctl,best,25
ISIC_0031001,HAM_0002323,HAM_0002323,40-59,ham,5,False,5,0.012267859,0.01477938,0.0131030725,0.10895486,0.32420897,0.44481248,0.0818734,0.35125622,1,R0_kfold_f1_s44_v5ctl,best,25
ISIC_0031009,HAM_0001434,HAM_0001434,60+,ham,1,True,1,0.026551288,0.85179114,0.004971449,0.055316567,0.0036664507,0.003303438,0.054399572,0.8820089,1,R0_kfold_f1_s44_v5ctl,best,25
ISIC_0031015,HAM_0007518,HAM_0007518,60+,ham,5,False,5,0.0139412815,0.010759398,0.009895239,0.091743164,0.008869718,0.80830204,0.05648912,0.033570398,1,R0_kfold_f1_s44_v5ctl,best,25
ISIC_0031016,HAM_0001603,HAM_0001603,60+,ham,2,False,2,0.014079761,0.0056707864,0.87738776,0.05412601,0.0038699554,0.0064625605,0.038403247,0.023620501,1,R0_kfold_f1_s44_v5ctl,best,25
ISIC_0031052,HAM_0007174,HAM_0007174,40-59,ham,5,False,5,0.011154589,0.006979984,0.007644848,0.068406425,0.006497119,0.8485916,0.050725482,0.024631692,1,R0_kfold_f1_s44_v5ctl,best,25
ISIC_0031053,HAM_0001052,HAM_0001052,<40,ham,5,False,5,0.011258489,0.0072919284,0.0073525826,0.067975186,0.006536271,0.8485849,0.0510006,0.02508669,1,R0_kfold_f1_s44_v5ctl,best,25
ISIC_0031082,HAM_0001932,HAM_0001932,60+,ham,5,False,5,0.011817466,0.007703148,0.008108806,0.07168227,0.0071080113,0.8425241,0.05105617,0.026628625,1,R0_kfold_f1_s44_v5ctl,best,25
ISIC_0031088,HAM_0001430,HAM_0001430,40-59,ham,2,False,2,0.008824204,0.0054575973,0.8960217,0.046819776,0.004105166,0.0051257405,0.03364585,0.018386967,1,R0_kfold_f1_s44_v5ctl,best,25
ISIC_0031092,HAM_0006492,HAM_0006492,<40,ham,5,False,5,0.011666553,0.0077601494,0.008679897,0.07183302,0.008755253,0.8400647,0.05124044,0.028181955,1,R0_kfold_f1_s44_v5ctl,best,25
ISIC_0031104,HAM_0000945,HAM_0000945,60+,ham,5,False,5,0.011676148,0.007191192,0.007528144,0.067117125,0.006198518,0.8501228,0.050166085,0.025065858,1,R0_kfold_f1_s44_v5ctl,best,25
ISIC_0031109,HAM_0000869,HAM_0000869,40-59,ham,5,False,5,0.011261857,0.006989709,0.0071207676,0.07031857,0.007149305,0.8478045,0.049355254,0.025400871,1,R0_kfold_f1_s44_v5ctl,best,25
ISIC_0031110,HAM_0004510,HAM_0004510,60+,ham,5,False,5,0.011648483,0.007579913,0.007609878,0.07098976,0.0067785974,0.8440648,0.051328503,0.026006993,1,R0_kfold_f1_s44_v5ctl,best,25
ISIC_0031122,HAM_0003389,HAM_0003389,60+,ham,1,True,1,0.009306121,0.8747429,0.0077049313,0.059669297,0.0044722552,0.0037327807,0.04037162,0.8885213,1,R0_kfold_f1_s44_v5ctl,best,25
ISIC_0031129,HAM_0006848,HAM_0006848,40-59,ham,5,False,5,0.011535414,0.0074606515,0.006950097,0.06772387,0.00597776,0.84896314,0.051389035,0.024973825,1,R0_kfold_f1_s44_v5ctl,best,25
ISIC_0031133,HAM_0007395,HAM_0007395,60+,ham,2,False,2,0.008401046,0.007458507,0.8687639,0.06295832,0.005103713,0.0044388985,0.042875595,0.020963265,1,R0_kfold_f1_s44_v5ctl,best,25
ISIC_0031135,HAM_0000401,HAM_0000401,40-59,ham,5,False,5,0.0121211875,0.0075338855,0.007924245,0.06729306,0.005758351,0.85019076,0.049178433,0.025413424,1,R0_kfold_f1_s44_v5ctl,best,25
ISIC_0031136,HAM_0001970,HAM_0001970,40-59,ham,5,False,5,0.011929431,0.0073875124,0.007890987,0.06898637,0.0070408215,0.8434117,0.05335314,0.026357764,1,R0_kfold_f1_s44_v5ctl,best,25
ISIC_0031148,HAM_0005091,HAM_0005091,40-59,ham,5,False,5,0.010965337,0.007860631,0.008071612,0.07977233,0.010271704,0.8309071,0.052151248,0.02909767,1,R0_kfold_f1_s44_v5ctl,best,25
ISIC_0031161,HAM_0001195,HAM_0001195,60+,ham,5,False,5,0.013289373,0.007756415,0.00948766,0.076453455,0.006669284,0.835106,0.05123786,0.027715072,1,R0_kfold_f1_s44_v5ctl,best,25
ISIC_0031163,HAM_0001031,HAM_0001031,40-59,ham,5,False,5,0.012142314,0.0074362704,0.007491775,0.06666247,0.0052765436,0.85164666,0.049343944,0.024855128,1,R0_kfold_f1_s44_v5ctl,best,25
ISIC_0031173,HAM_0005802,HAM_0005802,<40,ham,5,False,5,0.01108134,0.0069960924,0.007511347,0.06808163,0.0061360598,0.8501213,0.050072268,0.024213493,1,R0_kfold_f1_s44_v5ctl,best,25
ISIC_0031176,HAM_0003952,HAM_0003952,40-59,ham,5,False,5,0.010907308,0.007075638,0.008836037,0.071280465,0.007504835,0.8451201,0.0492757,0.02548778,1,R0_kfold_f1_s44_v5ctl,best,25
ISIC_0031200,HAM_0006267,HAM_0006267,40-59,ham,2,False,5,0.007606191,0.0062954873,0.020419315,0.06870317,0.028797304,0.81718284,0.050995737,0.042698983,1,R0_kfold_f1_s44_v5ctl,best,25
ISIC_0031211,HAM_0004563,HAM_0004563,60+,ham,0,True,0,0.90834475,0.0023415193,0.005288017,0.047526617,0.0029155398,0.0038197488,0.029763868,0.9136018,1,R0_kfold_f1_s44_v5ctl,best,25
ISIC_0031222,HAM_0004857,HAM_0004857,60+,ham,5,False,5,0.011994755,0.007836095,0.010137374,0.06962968,0.006599305,0.84245723,0.051345665,0.026430154,1,R0_kfold_f1_s44_v5ctl,best,25
ISIC_0031238,HAM_0002238,HAM_0002238,60+,ham,5,False,2,0.0059593245,0.008231743,0.8864199,0.061672695,0.0008692588,0.010889268,0.025957832,0.015060326,1,R0_kfold_f1_s44_v5ctl,best,25
ISIC_0031248,HAM_0004731,HAM_0004731,40-59,ham,5,False,5,0.012008619,0.0072401683,0.0074909306,0.067502014,0.007930772,0.84749955,0.05032785,0.02717956,1,R0_kfold_f1_s44_v5ctl,best,25
ISIC_0031250,HAM_0005812,HAM_0005812,40-59,ham,5,False,5,0.013281964,0.007419004,0.008007349,0.06982289,0.0064827427,0.846416,0.04857011,0.027183712,1,R0_kfold_f1_s44_v5ctl,best,25
ISIC_0031251,HAM_0005012,HAM_0005012,40-59,ham,5,False,5,0.011350204,0.007275875,0.0078498,0.06903784,0.006363682,0.8470563,0.051066205,0.024989761,1,R0_kfold_f1_s44_v5ctl,best,25
ISIC_0031253,HAM_0000613,HAM_0000613,60+,ham,2,False,2,0.050510112,0.05355595,0.42746478,0.2678641,0.022463372,0.052351955,0.12578975,0.12652943,1,R0_kfold_f1_s44_v5ctl,best,25
ISIC_0031256,HAM_0005065,HAM_0005065,<40,ham,5,False,5,0.011851182,0.007035344,0.011194201,0.07512214,0.0048537343,0.8398755,0.050067917,0.02374026,1,R0_kfold_f1_s44_v5ctl,best,25
ISIC_0031278,HAM_0001014,HAM_0001014,60+,ham,5,False,5,0.032007262,0.008349234,0.010695814,0.13609613,0.14434206,0.5804418,0.088067725,0.18469855,1,R0_kfold_f1_s44_v5ctl,best,25
ISIC_0031281,HAM_0006974,HAM_0006974,40-59,ham,5,False,5,0.011115053,0.007827692,0.007161137,0.07446312,0.009102732,0.83683467,0.05349567,0.028045475,1,R0_kfold_f1_s44_v5ctl,best,25
ISIC_0031289,HAM_0002722,HAM_0002722,40-59,ham,2,False,2,0.018317752,0.0058727236,0.86043185,0.06337977,0.0058479984,0.0027942804,0.04335565,0.030038472,1,R0_kfold_f1_s44_v5ctl,best,25
ISIC_0031302,HAM_0001846,HAM_0001846,<40,ham,5,False,5,0.011121606,0.0071452945,0.007979104,0.06730678,0.0060305847,0.85067755,0.0497391,0.024297487,1,R0_kfold_f1_s44_v5ctl,best,25
ISIC_0031312,HAM_0005000,HAM_0005000,40-59,ham,5,False,5,0.011282106,0.0070617576,0.0074991034,0.068274744,0.006316092,0.85013634,0.04942985,0.024659956,1,R0_kfold_f1_s44_v5ctl,best,25
ISIC_0031318,HAM_0001424,HAM_0001424,60+,ham,1,True,1,0.008400659,0.8928344,0.005351673,0.048741516,0.00451174,0.0038418495,0.03631815,0.9057468,1,R0_kfold_f1_s44_v5ctl,best,25
ISIC_0031319,HAM_0002845,HAM_0002845,40-59,ham,5,False,5,0.011627469,0.007138284,0.0077874297,0.071055286,0.007138158,0.84810627,0.04714707,0.02590391,1,R0_kfold_f1_s44_v5ctl,best,25
ISIC_0031321,HAM_0007621,HAM_0007621,60+,ham,2,False,2,0.008499757,0.006297875,0.8912377,0.052249305,0.0038115452,0.004781275,0.033122562,0.018609177,1,R0_kfold_f1_s44_v5ctl,best,25
ISIC_0031322,HAM_0006411,HAM_0006411,<40,ham,5,False,5,0.011610922,0.006887302,0.0059404927,0.07110318,0.008551455,0.8415466,0.05436002,0.02704968,1,R0_kfold_f1_s44_v5ctl,best,25
ISIC_0031330,HAM_0002495,HAM_0002495,40-59,ham,5,False,5,0.011499698,0.0069138557,0.007793245,0.06881382,0.0058456976,0.85009724,0.049036443,0.024259252,1,R0_kfold_f1_s44_v5ctl,best,25
ISIC_0031332,HAM_0001021,HAM_0001021,40-59,ham,5,False,5,0.012013288,0.007263619,0.0078340145,0.06745669,0.0076916283,0.8471672,0.05057353,0.026968535,1,R0_kfold_f1_s44_v5ctl,best,25
ISIC_0031340,HAM_0000996,HAM_0000996,60+,ham,5,False,5,0.011050437,0.00734878,0.008034484,0.067763045,0.0054048523,0.8511156,0.04928272,0.023804069,1,R0_kfold_f1_s44_v5ctl,best,25
ISIC_0031345,HAM_0002691,HAM_0002691,60+,ham,2,False,2,0.008228773,0.0066426834,0.8748676,0.0653875,0.0045706793,0.0034706001,0.036832135,0.019442135,1,R0_kfold_f1_s44_v5ctl,best,25
ISIC_0031346,HAM_0001566,HAM_0001566,60+,ham,6,False,6,0.0016867883,0.0013231693,0.0012854817,0.009314651,0.0011574662,0.0004747163,0.98475766,0.004167424,1,R0_kfold_f1_s44_v5ctl,best,25
ISIC_0031348,HAM_0003274,HAM_0003274,40-59,ham,5,False,5,0.012209858,0.007589672,0.008057096,0.07121842,0.007473391,0.8411307,0.052320924,0.027272921,1,R0_kfold_f1_s44_v5ctl,best,25
ISIC_0031351,HAM_0006274,HAM_0006274,60+,ham,1,True,1,0.009218094,0.89150476,0.0057585817,0.049817305,0.0044550975,0.003387133,0.035858948,0.90517795,1,R0_kfold_f1_s44_v5ctl,best,25
ISIC_0031376,HAM_0005862,HAM_0005862,60+,ham,2,False,2,0.009662902,0.0055111037,0.88764757,0.05092017,0.0049003283,0.0027168153,0.038641132,0.020074334,1,R0_kfold_f1_s44_v5ctl,best,25
ISIC_0031378,HAM_0002998,HAM_0002998,40-59,ham,1,True,1,0.012633429,0.8763482,0.0077022538,0.05465294,0.0049183057,0.0034967032,0.040248226,0.8938999,1,R0_kfold_f1_s44_v5ctl,best,25
ISIC_0031384,HAM_0002427,HAM_0002427,60+,ham,1,True,1,0.012014996,0.88006854,0.0059604347,0.05406937,0.0050299754,0.0040664934,0.038790192,0.8971135,1,R0_kfold_f1_s44_v5ctl,best,25
ISIC_0031400,HAM_0001331,HAM_0001331,60+,ham,1,True,1,0.008703735,0.8830131,0.005759704,0.053983223,0.0049093324,0.0043804604,0.03925039,0.8966262,1,R0_kfold_f1_s44_v5ctl,best,25
ISIC_0031402,HAM_0002505,HAM_0002505,<40,ham,5,False,5,0.010680498,0.007038959,0.0082284,0.06817669,0.006798945,0.8486671,0.050409503,0.024518402,1,R0_kfold_f1_s44_v5ctl,best,25
ISIC_0031421,HAM_0004976,HAM_0004976,60+,ham,0,True,2,0.031919774,0.004905615,0.86063725,0.056233637,0.0021357513,0.0017761844,0.04239182,0.03896114,1,R0_kfold_f1_s44_v5ctl,best,25
ISIC_0031429,HAM_0007225,HAM_0007225,60+,ham,3,False,4,0.028896727,0.0031648704,0.056133952,0.25656033,0.570018,0.0069789127,0.078247204,0.6020796,1,R0_kfold_f1_s44_v5ctl,best,25
ISIC_0031434,HAM_0003425,HAM_0003425,60+,ham,5,False,5,0.011476647,0.007555616,0.007477989,0.06791787,0.0069833226,0.85084754,0.047741055,0.026015585,1,R0_kfold_f1_s44_v5ctl,best,25
ISIC_0031442,HAM_0005982,HAM_0005982,60+,ham,1,True,1,0.007094836,0.85947627,0.0064414907,0.066005334,0.005076745,0.009592888,0.046312403,0.8716479,1,R0_kfold_f1_s44_v5ctl,best,25
ISIC_0031456,HAM_0006055,HAM_0006055,60+,ham,5,False,5,0.012446908,0.0071388693,0.008536688,0.06961793,0.0075429645,0.84377724,0.050939374,0.027128741,1,R0_kfold_f1_s44_v5ctl,best,25
ISIC_0031470,HAM_0001424,HAM_0001424,60+,ham,1,True,1,0.008818577,0.8912021,0.005929341,0.04820812,0.0046917275,0.0038459944,0.037304156,0.9047124,1,R0_kfold_f1_s44_v5ctl,best,25
ISIC_0031472,HAM_0003316,HAM_0003316,40-59,ham,5,False,5,0.012390694,0.007468045,0.008021033,0.06980953,0.006680247,0.8441335,0.051496867,0.026538985,1,R0_kfold_f1_s44_v5ctl,best,25
ISIC_0031488,HAM_0001633,HAM_0001633,60+,ham,5,False,5,0.013035892,0.008252832,0.0073319618,0.068158664,0.0140671665,0.83746254,0.05169093,0.03535589,1,R0_kfold_f1_s44_v5ctl,best,25
ISIC_0031490,HAM_0005685,HAM_0005685,40-59,ham,5,False,5,0.012495915,0.007024017,0.0076099113,0.06559735,0.00781426,0.85000384,0.049454693,0.027334193,1,R0_kfold_f1_s44_v5ctl,best,25
ISIC_0031492,HAM_0003638,HAM_0003638,60+,ham,5,False,5,0.01192008,0.0075669633,0.007808423,0.06859172,0.0071236896,0.8450665,0.05192271,0.026610732,1,R0_kfold_f1_s44_v5ctl,best,25
ISIC_0031493,HAM_0007146,HAM_0007146,60+,ham,5,False,5,0.0119215045,0.007903295,0.008333948,0.06821757,0.005882098,0.8439685,0.05377306,0.025706897,1,R0_kfold_f1_s44_v5ctl,best,25
ISIC_0031496,HAM_0001733,HAM_0001733,60+,ham,2,False,2,0.10380956,0.010251964,0.4741625,0.17961366,0.0036758804,0.13836557,0.09012085,0.1177374,1,R0_kfold_f1_s44_v5ctl,best,25
ISIC_0031504,HAM_0006103,HAM_0006103,40-59,ham,5,False,5,0.012692894,0.0075805197,0.008038608,0.07244892,0.0077656726,0.8415975,0.049875855,0.028039087,1,R0_kfold_f1_s44_v5ctl,best,25
ISIC_0031510,HAM_0000525,HAM_0000525,60+,ham,5,False,5,0.06520322,0.009638145,0.018505638,0.120826274,0.006253268,0.705176,0.07439742,0.08109463,1,R0_kfold_f1_s44_v5ctl,best,25
ISIC_0031512,HAM_0003124,HAM_0003124,60+,ham,5,False,5,0.011870555,0.007951445,0.008119657,0.070940435,0.0069981264,0.8422913,0.051828418,0.026820127,1,R0_kfold_f1_s44_v5ctl,best,25
ISIC_0031523,HAM_0000686,HAM_0000686,60+,ham,5,False,5,0.010761699,0.007367459,0.008389392,0.070480555,0.005861609,0.8470469,0.050092373,0.023990767,1,R0_kfold_f1_s44_v5ctl,best,25
ISIC_0031547,HAM_0000102,HAM_0000102,<40,ham,5,False,5,0.012533317,0.008330089,0.0079957405,0.068900704,0.004959978,0.84349316,0.05378701,0.025823385,1,R0_kfold_f1_s44_v5ctl,best,25
ISIC_0031548,HAM_0003575,HAM_0003575,60+,ham,5,False,5,0.011975911,0.0073742513,0.0077899913,0.07081365,0.006759608,0.84455556,0.050731014,0.026109772,1,R0_kfold_f1_s44_v5ctl,best,25
ISIC_0031551,HAM_0001674,HAM_0001674,40-59,ham,5,False,5,0.011897833,0.007430298,0.007972154,0.069678135,0.0063143703,0.84559625,0.051111,0.025642501,1,R0_kfold_f1_s44_v5ctl,best,25
ISIC_0031559,HAM_0006760,HAM_0006760,<40,ham,5,False,5,0.011366318,0.008060037,0.008351842,0.07211841,0.0068325824,0.8397206,0.05355016,0.026258938,1,R0_kfold_f1_s44_v5ctl,best,25
ISIC_0031560,HAM_0004663,HAM_0004663,40-59,ham,5,False,5,0.011352991,0.007476456,0.008679369,0.067684695,0.007710622,0.848264,0.048831817,0.026540069,1,R0_kfold_f1_s44_v5ctl,best,25
ISIC_0031568,HAM_0001380,HAM_0001380,40-59,ham,5,False,5,0.011457258,0.007225974,0.0076720132,0.06852238,0.006993089,0.84792006,0.050209213,0.025676321,1,R0_kfold_f1_s44_v5ctl,best,25
ISIC_0031570,HAM_0001178,HAM_0001178,60+,ham,0,True,0,0.9254379,0.0052230675,0.0031963433,0.035294026,0.002593417,0.0026132043,0.025642011,0.9332544,1,R0_kfold_f1_s44_v5ctl,best,25
ISIC_0031572,HAM_0002662,HAM_0002662,40-59,ham,5,False,5,0.012162263,0.0073407097,0.009028521,0.06849917,0.0072322567,0.8451552,0.050582003,0.026735228,1,R0_kfold_f1_s44_v5ctl,best,25
ISIC_0031573,HAM_0006273,HAM_0006273,60+,ham,5,False,4,0.011843289,0.015708707,0.00480994,0.06765169,0.83858967,0.0058879782,0.05550872,0.8661417,1,R0_kfold_f1_s44_v5ctl,best,25
ISIC_0031579,HAM_0003020,HAM_0003020,60+,ham,5,False,5,0.011758256,0.0076269177,0.00861083,0.0690911,0.006998676,0.84590924,0.05000493,0.02638385,1,R0_kfold_f1_s44_v5ctl,best,25
ISIC_0031583,HAM_0007374,HAM_0007374,<40,ham,5,False,5,0.012971243,0.008257039,0.008247423,0.07561861,0.012496738,0.8254355,0.0569735,0.03372502,1,R0_kfold_f1_s44_v5ctl,best,25
ISIC_0031591,HAM_0004249,HAM_0004249,60+,ham,2,False,2,0.005183014,0.006348899,0.89204043,0.052052453,0.006577939,0.0035427767,0.034254495,0.018109852,1,R0_kfold_f1_s44_v5ctl,best,25
ISIC_0031592,HAM_0000569,HAM_0000569,40-59,ham,5,False,5,0.01159517,0.008137633,0.007719428,0.06681306,0.0048966417,0.8491185,0.051719654,0.024629444,1,R0_kfold_f1_s44_v5ctl,best,25
ISIC_0031597,HAM_0004627,HAM_0004627,60+,ham,1,True,1,0.03148191,0.50129175,0.2951205,0.08803594,0.002051891,0.004683418,0.077334575,0.53482556,1,R0_kfold_f1_s44_v5ctl,best,25
ISIC_0031598,HAM_0005381,HAM_0005381,40-59,ham,4,True,5,0.012115017,0.006154004,0.006935635,0.089097165,0.046093896,0.78201824,0.057586037,0.06436291,1,R0_kfold_f1_s44_v5ctl,best,25
ISIC_0031610,HAM_0004157,HAM_0004157,40-59,ham,5,False,5,0.011500229,0.0075432034,0.0080184145,0.06971584,0.006991685,0.8457621,0.05046848,0.026035117,1,R0_kfold_f1_s44_v5ctl,best,25
ISIC_0031614,HAM_0006049,HAM_0006049,40-59,ham,1,True,1,0.010111793,0.8682964,0.007078702,0.06013792,0.006200048,0.005947388,0.04222772,0.88460827,1,R0_kfold_f1_s44_v5ctl,best,25
ISIC_0031615,HAM_0000569,HAM_0000569,40-59,ham,5,False,5,0.0122570405,0.0095225945,0.009390986,0.066902,0.004767058,0.84736866,0.04979167,0.026546692,1,R0_kfold_f1_s44_v5ctl,best,25
ISIC_0031617,HAM_0000376,HAM_0000376,40-59,ham,5,False,4,0.010848228,0.007965483,0.009785834,0.081492946,0.806441,0.02348138,0.05998518,0.82525474,1,R0_kfold_f1_s44_v5ctl,best,25
ISIC_0031622,HAM_0005886,HAM_0005886,40-59,ham,5,False,5,0.011122832,0.008012109,0.0072240247,0.068147935,0.0060636583,0.8455819,0.053847488,0.025198601,1,R0_kfold_f1_s44_v5ctl,best,25
ISIC_0031655,HAM_0003854,HAM_0003854,40-59,ham,5,False,5,0.010806256,0.0069968402,0.0074663535,0.07026838,0.006230149,0.8495651,0.048666965,0.024033245,1,R0_kfold_f1_s44_v5ctl,best,25
ISIC_0031676,HAM_0007553,HAM_0007553,40-59,ham,5,False,5,0.009608214,0.0099775735,0.008711401,0.12361544,0.124455556,0.6393377,0.084294066,0.14404134,1,R0_kfold_f1_s44_v5ctl,best,25
ISIC_0031689,HAM_0001478,HAM_0001478,40-59,ham,5,False,5,0.01143957,0.007842808,0.009679922,0.070920624,0.005889774,0.8435827,0.050644618,0.025172152,1,R0_kfold_f1_s44_v5ctl,best,25
ISIC_0031717,HAM_0001228,HAM_0001228,40-59,ham,5,False,5,0.011395956,0.007431331,0.007475647,0.06578051,0.0057741217,0.8538092,0.048333287,0.02460141,1,R0_kfold_f1_s44_v5ctl,best,25
ISIC_0031746,HAM_0003534,HAM_0003534,60+,ham,4,True,5,0.007705717,0.006949806,0.04094961,0.08241055,0.0058719753,0.7963116,0.05980065,0.020527499,1,R0_kfold_f1_s44_v5ctl,best,25
ISIC_0031757,HAM_0004222,HAM_0004222,<40,ham,5,False,5,0.009844014,0.007495684,0.009646289,0.073601566,0.0044014244,0.8421803,0.052830633,0.021741124,1,R0_kfold_f1_s44_v5ctl,best,25
ISIC_0031778,HAM_0003509,HAM_0003509,60+,ham,4,True,5,0.011515639,0.008047971,0.0137781175,0.0733812,0.0050220666,0.82887894,0.059376076,0.024585675,1,R0_kfold_f1_s44_v5ctl,best,25
ISIC_0031779,HAM_0001284,HAM_0001284,60+,ham,4,True,2,0.007850796,0.005566902,0.8992265,0.04576586,0.00400218,0.003302605,0.034285113,0.017419878,1,R0_kfold_f1_s44_v5ctl,best,25
ISIC_0031784,HAM_0002051,HAM_0002051,40-59,ham,4,True,4,0.008589864,0.0077013876,0.009635534,0.06474029,0.85009784,0.009881001,0.049354095,0.8663891,1,R0_kfold_f1_s44_v5ctl,best,25
ISIC_0031799,HAM_0003348,HAM_0003348,60+,ham,3,False,3,0.0007200846,0.00043932983,0.0011455577,0.99285805,0.0010244333,7.198226e-05,0.0037405568,0.0021838476,1,R0_kfold_f1_s44_v5ctl,best,25
ISIC_0031801,HAM_0000990,HAM_0000990,40-59,ham,5,False,5,0.012387773,0.0074925837,0.0075186035,0.06958414,0.0074499683,0.8437808,0.0517861,0.027330324,1,R0_kfold_f1_s44_v5ctl,best,25
ISIC_0031805,HAM_0005023,HAM_0005023,40-59,ham,5,False,5,0.012192635,0.007339886,0.008431106,0.07128126,0.0068676383,0.84392595,0.04996156,0.026400158,1,R0_kfold_f1_s44_v5ctl,best,25
ISIC_0031812,HAM_0002335,HAM_0002335,60+,ham,2,False,2,0.007625879,0.005528708,0.8996121,0.04396922,0.0065025114,0.0030386504,0.033722788,0.019657098,1,R0_kfold_f1_s44_v5ctl,best,25
ISIC_0031816,HAM_0005321,HAM_0005321,<40,ham,5,False,5,0.012013987,0.007368248,0.007871529,0.06978113,0.006852061,0.8454718,0.050641228,0.026234295,1,R0_kfold_f1_s44_v5ctl,best,25
ISIC_0031823,HAM_0006301,HAM_0006301,60+,ham,0,True,0,0.9259545,0.0038409792,0.0040378314,0.03411021,0.0030430432,0.002929001,0.026084466,0.93283856,1,R0_kfold_f1_s44_v5ctl,best,25
ISIC_0031835,HAM_0006289,HAM_0006289,60+,ham,5,False,5,0.012704821,0.008122211,0.0075985193,0.06946136,0.006923214,0.8439061,0.05128369,0.027750246,1,R0_kfold_f1_s44_v5ctl,best,25
ISIC_0031845,HAM_0007203,HAM_0007203,40-59,ham,5,False,5,0.013046322,0.007912395,0.00898564,0.06895182,0.006365456,0.84082067,0.053917695,0.027324174,1,R0_kfold_f1_s44_v5ctl,best,25
ISIC_0031846,HAM_0001286,HAM_0001286,60+,ham,5,False,5,0.011546346,0.0073678535,0.010744846,0.06730794,0.005480788,0.843039,0.054513272,0.024394989,1,R0_kfold_f1_s44_v5ctl,best,25
ISIC_0031855,HAM_0002843,HAM_0002843,40-59,ham,5,False,5,0.01069062,0.0076206783,0.007091844,0.067029685,0.006097618,0.84923327,0.05223632,0.024408918,1,R0_kfold_f1_s44_v5ctl,best,25
ISIC_0031856,HAM_0007197,HAM_0007197,40-59,ham,5,False,5,0.0116959205,0.007915989,0.008533065,0.07279685,0.007101746,0.83998924,0.05196705,0.026713656,1,R0_kfold_f1_s44_v5ctl,best,25
ISIC_0031859,HAM_0001574,HAM_0001574,60+,ham,5,False,5,0.011409232,0.0074460465,0.008073162,0.06904325,0.006287625,0.8486995,0.049041133,0.025142904,1,R0_kfold_f1_s44_v5ctl,best,25
ISIC_0031864,HAM_0001394,HAM_0001394,40-59,ham,5,False,5,0.012263549,0.0076980195,0.00866147,0.07069171,0.0075177914,0.8405071,0.052660327,0.027479358,1,R0_kfold_f1_s44_v5ctl,best,25
ISIC_0031871,HAM_0006225,HAM_0006225,40-59,ham,5,False,5,0.012938743,0.008747072,0.0073713074,0.08342898,0.016259475,0.81334037,0.05791399,0.037945293,1,R0_kfold_f1_s44_v5ctl,best,25
ISIC_0031873,HAM_0004362,HAM_0004362,40-59,ham,5,False,5,0.011257646,0.0073743416,0.0075324806,0.071596466,0.00605704,0.844489,0.051693033,0.024689026,1,R0_kfold_f1_s44_v5ctl,best,25
ISIC_0031885,HAM_0004821,HAM_0004821,40-59,ham,5,False,5,0.011900094,0.0072758836,0.0074228947,0.07122164,0.0061899945,0.84524006,0.050749432,0.025365973,1,R0_kfold_f1_s44_v5ctl,best,25
ISIC_0031904,HAM_0005700,HAM_0005700,40-59,ham,5,False,5,0.012005741,0.007880682,0.008664403,0.07174289,0.007763902,0.84205675,0.049885605,0.027650325,1,R0_kfold_f1_s44_v5ctl,best,25
ISIC_0031907,HAM_0004177,HAM_0004177,40-59,ham,5,False,5,0.012031411,0.0076267375,0.008036718,0.070507474,0.007950683,0.8416534,0.05219361,0.02760883,1,R0_kfold_f1_s44_v5ctl,best,25
ISIC_0031909,HAM_0007266,HAM_0007266,40-59,ham,5,False,5,0.011129787,0.0063498793,0.00691704,0.06377461,0.0071334546,0.8569318,0.047763474,0.02461312,1,R0_kfold_f1_s44_v5ctl,best,25
ISIC_0031916,HAM_0000938,HAM_0000938,40-59,ham,5,False,5,0.01294588,0.008430041,0.009186725,0.0722481,0.007315368,0.83729774,0.05257607,0.028691288,1,R0_kfold_f1_s44_v5ctl,best,25
ISIC_0031919,HAM_0004681,HAM_0004681,60+,ham,5,False,5,0.016376037,0.020766642,0.062432382,0.105656855,0.00918737,0.6920567,0.09352398,0.04633005,1,R0_kfold_f1_s44_v5ctl,best,25
ISIC_0031928,HAM_0007214,HAM_0007214,40-59,ham,5,False,5,0.010966605,0.0070881755,0.007902573,0.06724256,0.006481388,0.8491166,0.051202103,0.024536168,1,R0_kfold_f1_s44_v5ctl,best,25
ISIC_0031929,HAM_0001499,HAM_0001499,60+,ham,0,True,0,0.8897811,0.0021801675,0.01500503,0.050927553,0.0022585134,0.0049222987,0.034925234,0.8942198,1,R0_kfold_f1_s44_v5ctl,best,25
ISIC_0031937,HAM_0000833,HAM_0000833,40-59,ham,2,False,2,0.01285141,0.0071165594,0.8908018,0.05194383,0.004022647,0.0020943137,0.031169381,0.023990616,1,R0_kfold_f1_s44_v5ctl,best,25
ISIC_0031938,HAM_0004613,HAM_0004613,60+,ham,5,False,5,0.010897537,0.0069685923,0.0077999216,0.06950775,0.005912402,0.8495975,0.049316324,0.023778532,1,R0_kfold_f1_s44_v5ctl,best,25
ISIC_0031944,HAM_0004162,HAM_0004162,60+,ham,5,False,5,0.011196,0.0072344565,0.00838303,0.06899758,0.0057786447,0.8478139,0.050596416,0.0242091,1,R0_kfold_f1_s44_v5ctl,best,25
ISIC_0031962,HAM_0001092,HAM_0001092,40-59,ham,5,False,5,0.011783964,0.0074474416,0.008317423,0.06931165,0.006652136,0.84410584,0.05238149,0.02588354,1,R0_kfold_f1_s44_v5ctl,best,25
ISIC_0031965,HAM_0002511,HAM_0002511,<40,ham,5,False,5,0.0110365385,0.007024158,0.0055691493,0.06765004,0.014721427,0.84557635,0.0484223,0.032782122,1,R0_kfold_f1_s44_v5ctl,best,25
ISIC_0031968,HAM_0003485,HAM_0003485,40-59,ham,5,False,5,0.011413513,0.007321574,0.00828672,0.07021254,0.006586146,0.8447486,0.05143087,0.025321232,1,R0_kfold_f1_s44_v5ctl,best,25
ISIC_0031984,HAM_0006430,HAM_0006430,<40,ham,5,False,5,0.011496598,0.007207954,0.006798377,0.07276601,0.008350932,0.83944345,0.053936627,0.027055483,1,R0_kfold_f1_s44_v5ctl,best,25
ISIC_0031996,HAM_0003480,HAM_0003480,60+,ham,6,False,6,0.0010610165,0.0010742173,0.0010900489,0.009784283,0.0023359542,0.00024626157,0.9844082,0.004471188,1,R0_kfold_f1_s44_v5ctl,best,25
ISIC_0032010,HAM_0000445,HAM_0000445,40-59,ham,5,False,5,0.012063648,0.007824082,0.008431387,0.0691577,0.006812588,0.8442901,0.051420473,0.026700318,1,R0_kfold_f1_s44_v5ctl,best,25
ISIC_0032015,HAM_0005643,HAM_0005643,40-59,ham,5,False,5,0.011478348,0.007992064,0.010306689,0.07137366,0.004419024,0.84223175,0.05219848,0.023889437,1,R0_kfold_f1_s44_v5ctl,best,25
ISIC_0032020,HAM_0007437,HAM_0007437,<40,ham,5,False,5,0.011910182,0.0078007793,0.008569788,0.068090335,0.0071645747,0.8417537,0.054710604,0.026875537,1,R0_kfold_f1_s44_v5ctl,best,25
ISIC_0032032,HAM_0000681,HAM_0000681,40-59,ham,5,False,5,0.011469385,0.0071886363,0.0074090865,0.06798416,0.0061386414,0.8475229,0.052287225,0.024796663,1,R0_kfold_f1_s44_v5ctl,best,25
ISIC_0032051,HAM_0001947,HAM_0001947,40-59,ham,2,False,2,0.009167673,0.007317224,0.87414503,0.057195134,0.0037697451,0.007994466,0.040410716,0.020254642,1,R0_kfold_f1_s44_v5ctl,best,25
ISIC_0032059,HAM_0001661,HAM_0001661,40-59,ham,5,False,5,0.011675418,0.007043557,0.008274589,0.06791322,0.007180074,0.8471482,0.05076493,0.025899049,1,R0_kfold_f1_s44_v5ctl,best,25
ISIC_0032061,HAM_0004685,HAM_0004685,60+,ham,1,True,1,0.007644729,0.88501227,0.006259609,0.045432307,0.015145445,0.0029919583,0.037513796,0.9078024,1,R0_kfold_f1_s44_v5ctl,best,25
ISIC_0032070,HAM_0002609,HAM_0002609,60+,ham,4,True,2,0.16673248,0.004137567,0.5747876,0.10288295,0.06816658,0.0008751755,0.08241767,0.23903662,1,R0_kfold_f1_s44_v5ctl,best,25
ISIC_0032079,HAM_0005555,HAM_0005555,60+,ham,4,True,1,0.011418809,0.63274693,0.008461378,0.095973745,0.1731898,0.0025051876,0.07570414,0.8173556,1,R0_kfold_f1_s44_v5ctl,best,25
ISIC_0032085,HAM_0003377,HAM_0003377,40-59,ham,5,False,5,0.012036765,0.007596751,0.0074698566,0.06872088,0.0072032292,0.845476,0.05149654,0.026836745,1,R0_kfold_f1_s44_v5ctl,best,25
ISIC_0032088,HAM_0007045,HAM_0007045,40-59,ham,5,False,5,0.012787304,0.007736832,0.007970723,0.07044092,0.006780786,0.84082264,0.053460754,0.027304923,1,R0_kfold_f1_s44_v5ctl,best,25
ISIC_0032089,HAM_0002887,HAM_0002887,60+,ham,5,False,5,0.011318432,0.007609264,0.008014517,0.06783353,0.0066063795,0.84849846,0.05011947,0.025534077,1,R0_kfold_f1_s44_v5ctl,best,25
ISIC_0032093,HAM_0004005,HAM_0004005,40-59,ham,5,False,5,0.0114741465,0.0070474395,0.00733978,0.069526084,0.007355705,0.84711546,0.05014138,0.025877291,1,R0_kfold_f1_s44_v5ctl,best,25
ISIC_0032113,HAM_0003393,HAM_0003393,40-59,ham,2,False,5,0.014988107,0.009547804,0.009997481,0.06785196,0.007506757,0.8376082,0.05249964,0.032042667,1,R0_kfold_f1_s44_v5ctl,best,25
ISIC_0032119,HAM_0000874,HAM_0000874,<40,ham,5,False,5,0.011502664,0.0070787575,0.007423937,0.067128785,0.0063591935,0.85061985,0.04988678,0.024940614,1,R0_kfold_f1_s44_v5ctl,best,25
ISIC_0032123,HAM_0006170,HAM_0006170,60+,ham,2,False,2,0.022563476,0.005351294,0.82863533,0.09376553,0.013381628,0.0024786643,0.033824008,0.0412964,1,R0_kfold_f1_s44_v5ctl,best,25
ISIC_0032134,HAM_0002430,HAM_0002430,60+,ham,4,True,4,0.00982881,0.005186049,0.0057578324,0.064451426,0.8683611,0.005368815,0.04104603,0.883376,1,R0_kfold_f1_s44_v5ctl,best,25
ISIC_0032137,HAM_0006354,HAM_0006354,60+,ham,5,False,5,0.0120538585,0.0074586705,0.0077978973,0.0689599,0.0068451134,0.8473034,0.04958109,0.026357641,1,R0_kfold_f1_s44_v5ctl,best,25
ISIC_0032138,HAM_0005492,HAM_0005492,<40,ham,3,False,3,0.0057702637,0.00041720798,0.00080441806,0.98580277,0.001043822,0.0003907766,0.005770781,0.0072312937,1,R0_kfold_f1_s44_v5ctl,best,25
ISIC_0032143,HAM_0004796,HAM_0004796,60+,ham,5,False,5,0.012285266,0.007696554,0.007683829,0.06866353,0.007181538,0.84575105,0.050738264,0.027163358,1,R0_kfold_f1_s44_v5ctl,best,25
ISIC_0032151,HAM_0007553,HAM_0007553,40-59,ham,5,False,3,0.0062436005,0.0075727506,0.005129957,0.4452215,0.22514068,0.2420524,0.06863911,0.23895703,1,R0_kfold_f1_s44_v5ctl,best,25
ISIC_0032162,HAM_0001188,HAM_0001188,<40,ham,5,False,5,0.010838844,0.007729506,0.008498789,0.07249141,0.006784428,0.8425103,0.051146712,0.025352778,1,R0_kfold_f1_s44_v5ctl,best,25
ISIC_0032172,HAM_0007517,HAM_0007517,40-59,ham,5,False,5,0.011302878,0.007233317,0.008224355,0.06758751,0.0062792385,0.8522687,0.047104064,0.024815433,1,R0_kfold_f1_s44_v5ctl,best,25
ISIC_0032179,HAM_0005903,HAM_0005903,60+,ham,2,False,2,0.008500652,0.0063898456,0.8901457,0.049638588,0.0041793208,0.003453422,0.037692383,0.019069819,1,R0_kfold_f1_s44_v5ctl,best,25
ISIC_0032189,HAM_0006028,HAM_0006028,40-59,ham,5,False,1,0.0073679592,0.67346483,0.005472161,0.26140842,0.007105047,0.0038832899,0.041298244,0.68793786,1,R0_kfold_f1_s44_v5ctl,best,25
ISIC_0032191,HAM_0006618,HAM_0006618,60+,ham,5,False,2,0.019934036,0.08791959,0.39565554,0.16643132,0.005443585,0.1749904,0.14962552,0.11329722,1,R0_kfold_f1_s44_v5ctl,best,25
ISIC_0032193,HAM_0007492,HAM_0007492,<40,ham,5,False,5,0.011045162,0.006598865,0.008897856,0.07001663,0.006112969,0.8478131,0.04951542,0.023756996,1,R0_kfold_f1_s44_v5ctl,best,25
ISIC_0032197,HAM_0003400,HAM_0003400,40-59,ham,4,True,4,0.034623187,0.0027118702,0.009853487,0.06766272,0.8376635,0.0026831275,0.044802133,0.8749985,1,R0_kfold_f1_s44_v5ctl,best,25
ISIC_0032207,HAM_0000513,HAM_0000513,<40,ham,4,True,5,0.010653916,0.009125614,0.007593058,0.07269153,0.00891407,0.8378967,0.053125132,0.0286936,1,R0_kfold_f1_s44_v5ctl,best,25
ISIC_0032210,HAM_0001227,HAM_0001227,40-59,ham,5,False,5,0.012269163,0.007383244,0.008772168,0.07044292,0.0070981723,0.8423945,0.051639847,0.02675058,1,R0_kfold_f1_s44_v5ctl,best,25
ISIC_0032212,HAM_0004932,HAM_0004932,40-59,ham,5,False,5,0.011679046,0.007217425,0.007827622,0.07128974,0.0063888687,0.8438529,0.051744446,0.02528534,1,R0_kfold_f1_s44_v5ctl,best,25
ISIC_0032220,HAM_0003521,HAM_0003521,60+,ham,4,True,5,0.009256319,0.17306142,0.16957214,0.12911093,0.025271954,0.30777416,0.18595311,0.20758969,1,R0_kfold_f1_s44_v5ctl,best,25
ISIC_0032221,HAM_0000102,HAM_0000102,<40,ham,5,False,5,0.012594157,0.007711112,0.007350133,0.06992042,0.0058156843,0.844947,0.051661443,0.026120953,1,R0_kfold_f1_s44_v5ctl,best,25
ISIC_0032223,HAM_0003059,HAM_0003059,40-59,ham,5,False,5,0.011803652,0.007289429,0.008160986,0.06967446,0.0071498463,0.8447665,0.05115509,0.026242927,1,R0_kfold_f1_s44_v5ctl,best,25
ISIC_0032231,HAM_0001591,HAM_0001591,40-59,ham,5,False,5,0.011622231,0.007540167,0.007344218,0.070942074,0.0076880218,0.8426759,0.052187365,0.02685042,1,R0_kfold_f1_s44_v5ctl,best,25
ISIC_0032247,HAM_0007225,HAM_0007225,60+,ham,3,False,4,0.0055938307,0.004505788,0.010521879,0.18303892,0.6777052,0.049166314,0.06946806,0.6878048,1,R0_kfold_f1_s44_v5ctl,best,25
ISIC_0032249,HAM_0005834,HAM_0005834,40-59,ham,2,False,2,0.008726284,0.005528188,0.8793807,0.056882102,0.004942249,0.006311574,0.038228903,0.01919672,1,R0_kfold_f1_s44_v5ctl,best,25
ISIC_0032256,HAM_0006424,HAM_0006424,<40,ham,5,False,5,0.012263655,0.007693661,0.0074265827,0.065814294,0.0061276206,0.85096604,0.04970808,0.026084935,1,R0_kfold_f1_s44_v5ctl,best,25
ISIC_0032258,HAM_0003521,HAM_0003521,60+,ham,4,True,1,0.01012853,0.68642557,0.0021278358,0.0942245,0.077394664,0.024558933,0.1051399,0.7739488,1,R0_kfold_f1_s44_v5ctl,best,25
ISIC_0032265,HAM_0002714,HAM_0002714,40-59,ham,4,True,4,0.016218744,0.0077482145,0.0077119954,0.09592116,0.7593027,0.041597992,0.07149921,0.78326964,1,R0_kfold_f1_s44_v5ctl,best,25
ISIC_0032277,HAM_0001624,HAM_0001624,60+,ham,0,True,4,0.03996304,0.006194681,0.004314944,0.068281285,0.82132894,0.0052225264,0.054694604,0.86748666,1,R0_kfold_f1_s44_v5ctl,best,25
ISIC_0032284,HAM_0002647,HAM_0002647,40-59,ham,5,False,5,0.0108819865,0.009710091,0.008889965,0.06931931,0.006713001,0.83918077,0.055304796,0.02730508,1,R0_kfold_f1_s44_v5ctl,best,25
ISIC_0032287,HAM_0006223,HAM_0006223,60+,ham,4,True,5,0.00964966,0.0075779706,0.00873324,0.0638354,0.0069650034,0.8558891,0.047349617,0.024192635,1,R0_kfold_f1_s44_v5ctl,best,25
ISIC_0032294,HAM_0007448,HAM_0007448,40-59,ham,5,False,5,0.012324868,0.0077629066,0.00715203,0.06854712,0.0074935867,0.8455033,0.05121627,0.027581362,1,R0_kfold_f1_s44_v5ctl,best,25
ISIC_0032311,HAM_0005086,HAM_0005086,<40,ham,5,False,5,0.010994557,0.0071452595,0.007947041,0.069976136,0.0065466026,0.8474564,0.04993399,0.024686418,1,R0_kfold_f1_s44_v5ctl,best,25
ISIC_0032323,HAM_0003070,HAM_0003070,40-59,ham,5,False,5,0.012551001,0.00788507,0.00841972,0.06828212,0.0063054147,0.8470703,0.049486294,0.026741486,1,R0_kfold_f1_s44_v5ctl,best,25
ISIC_0032333,HAM_0001083,HAM_0001083,<40,ham,5,False,5,0.010615456,0.0073087644,0.00657437,0.06839444,0.00750135,0.8519076,0.04769809,0.025425568,1,R0_kfold_f1_s44_v5ctl,best,25
ISIC_0032335,HAM_0005498,HAM_0005498,60+,ham,2,False,2,0.009957966,0.016639138,0.82178897,0.08132364,0.009435182,0.0028495993,0.05800553,0.03603229,1,R0_kfold_f1_s44_v5ctl,best,25
ISIC_0032340,HAM_0001881,HAM_0001881,<40,ham,5,False,5,0.01169291,0.0073600826,0.008369179,0.07121412,0.0071030846,0.8417583,0.052502345,0.026156079,1,R0_kfold_f1_s44_v5ctl,best,25
ISIC_0032341,HAM_0003221,HAM_0003221,40-59,ham,5,False,5,0.012376583,0.008514604,0.008663107,0.07048523,0.007818724,0.83874315,0.053398658,0.02870991,1,R0_kfold_f1_s44_v5ctl,best,25
ISIC_0032348,HAM_0006294,HAM_0006294,60+,ham,2,False,2,0.012009701,0.0034550403,0.6089542,0.15219569,0.045258332,0.08049166,0.09763543,0.060723074,1,R0_kfold_f1_s44_v5ctl,best,25
ISIC_0032358,HAM_0006267,HAM_0006267,40-59,ham,2,False,5,0.012952977,0.01099846,0.100423865,0.112873085,0.020334022,0.6453215,0.09709617,0.04428546,1,R0_kfold_f1_s44_v5ctl,best,25
ISIC_0032359,HAM_0002419,HAM_0002419,60+,ham,2,False,2,0.00769088,0.004478192,0.88747686,0.05345178,0.0051780413,0.004397332,0.037326846,0.017347114,1,R0_kfold_f1_s44_v5ctl,best,25
ISIC_0032362,HAM_0007127,HAM_0007127,<40,ham,5,False,5,0.015789175,0.008418881,0.012282195,0.072196946,0.006379269,0.82722855,0.057704866,0.030587327,1,R0_kfold_f1_s44_v5ctl,best,25
ISIC_0032387,HAM_0005867,HAM_0005867,60+,ham,5,False,5,0.012050031,0.0063380194,0.006673986,0.06292536,0.007578334,0.85952973,0.04490458,0.025966384,1,R0_kfold_f1_s44_v5ctl,best,25
ISIC_0032411,HAM_0000034,HAM_0000034,40-59,ham,5,False,5,0.011355397,0.00666074,0.0070376364,0.0635505,0.006782043,0.8579878,0.046625793,0.02479818,1,R0_kfold_f1_s44_v5ctl,best,25
ISIC_0032414,HAM_0001926,HAM_0001926,60+,ham,1,True,1,0.009570594,0.8906766,0.004687658,0.041583594,0.007434536,0.0083803,0.037666723,0.90768176,1,R0_kfold_f1_s44_v5ctl,best,25
ISIC_0032422,HAM_0004384,HAM_0004384,60+,ham,0,True,0,0.8809034,0.011738116,0.004149626,0.05289563,0.009967104,0.0014582716,0.038887814,0.90260863,1,R0_kfold_f1_s44_v5ctl,best,25
ISIC_0032423,HAM_0001014,HAM_0001014,60+,ham,5,False,5,0.012521921,0.007603463,0.007747536,0.06511108,0.01025758,0.8478293,0.04892912,0.030382965,1,R0_kfold_f1_s44_v5ctl,best,25
ISIC_0032425,HAM_0001349,HAM_0001349,60+,ham,4,True,5,0.015136619,0.011224656,0.019723924,0.091364704,0.015301453,0.78122854,0.066020094,0.04166273,1,R0_kfold_f1_s44_v5ctl,best,25
ISIC_0032431,HAM_0000234,HAM_0000234,60+,ham,5,False,5,0.012381446,0.007641276,0.007910478,0.06900768,0.0064600655,0.84344876,0.05315035,0.026482787,1,R0_kfold_f1_s44_v5ctl,best,25
ISIC_0032436,HAM_0001207,HAM_0001207,40-59,ham,5,False,5,0.010530479,0.007983324,0.009610641,0.069090344,0.0051854705,0.84454834,0.053051375,0.023699272,1,R0_kfold_f1_s44_v5ctl,best,25
ISIC_0032448,HAM_0003232,HAM_0003232,<40,ham,5,False,5,0.012875605,0.007854113,0.008008044,0.068436205,0.006348283,0.84620297,0.050274808,0.027078003,1,R0_kfold_f1_s44_v5ctl,best,25
ISIC_0032449,HAM_0006127,HAM_0006127,40-59,ham,5,False,5,0.012114207,0.00744256,0.007439878,0.06644411,0.0068107853,0.84853196,0.051216584,0.026367553,1,R0_kfold_f1_s44_v5ctl,best,25
ISIC_0032459,HAM_0003590,HAM_0003590,40-59,ham,5,False,5,0.015100588,0.010466794,0.0079145925,0.07779485,0.0057873614,0.803216,0.07971975,0.031354744,1,R0_kfold_f1_s44_v5ctl,best,25
ISIC_0032473,HAM_0004631,HAM_0004631,40-59,ham,5,False,5,0.011296888,0.0076196855,0.009058228,0.07167182,0.007264156,0.8415085,0.051580705,0.02618073,1,R0_kfold_f1_s44_v5ctl,best,25
ISIC_0032475,HAM_0007448,HAM_0007448,40-59,ham,5,False,5,0.011101022,0.0074151284,0.007332382,0.06774087,0.0070203487,0.8492088,0.050181467,0.0255365,1,R0_kfold_f1_s44_v5ctl,best,25
ISIC_0032477,HAM_0000430,HAM_0000430,<40,ham,5,False,5,0.012964567,0.0084095765,0.008856839,0.075636394,0.0073888507,0.83159703,0.055146746,0.028762994,1,R0_kfold_f1_s44_v5ctl,best,25
ISIC_0032481,HAM_0002769,HAM_0002769,60+,ham,2,False,2,0.011915687,0.006668883,0.86649454,0.06024512,0.0041201785,0.0050649922,0.045490596,0.022704748,1,R0_kfold_f1_s44_v5ctl,best,25
ISIC_0032486,HAM_0002121,HAM_0002121,60+,ham,2,False,4,0.005931689,0.0032041464,0.1725854,0.13142467,0.5961298,0.017032495,0.073691785,0.6052656,1,R0_kfold_f1_s44_v5ctl,best,25
ISIC_0032492,HAM_0004068,HAM_0004068,<40,ham,5,False,5,0.017446533,0.0065135416,0.009317777,0.08002639,0.025309006,0.80714196,0.054244865,0.04926908,1,R0_kfold_f1_s44_v5ctl,best,25
ISIC_0032493,HAM_0007011,HAM_0007011,40-59,ham,5,False,5,0.011487185,0.007282582,0.008697285,0.06977777,0.0061868625,0.84621024,0.050358135,0.024956629,1,R0_kfold_f1_s44_v5ctl,best,25
ISIC_0032510,HAM_0002601,HAM_0002601,<40,ham,5,False,5,0.011573239,0.0068927505,0.0075789937,0.06971221,0.006068653,0.84780145,0.050372735,0.024534643,1,R0_kfold_f1_s44_v5ctl,best,25
ISIC_0032522,HAM_0005303,HAM_0005303,60+,ham,4,True,4,0.014525461,0.0050423755,0.023203785,0.062658116,0.8409459,0.004847575,0.04877681,0.86051375,1,R0_kfold_f1_s44_v5ctl,best,25
ISIC_0032528,HAM_0003945,HAM_0003945,<40,ham,5,False,5,0.01140833,0.0074342014,0.007436782,0.071055725,0.0068002325,0.84462076,0.051244047,0.025642764,1,R0_kfold_f1_s44_v5ctl,best,25
ISIC_0032531,HAM_0005409,HAM_0005409,40-59,ham,4,True,4,0.009294034,0.006557311,0.0069029396,0.057450406,0.8739009,0.0027636061,0.0431308,0.8897522,1,R0_kfold_f1_s44_v5ctl,best,25
ISIC_0032533,HAM_0003602,HAM_0003602,<40,ham,4,True,5,0.012030175,0.0071889046,0.00713376,0.071458235,0.009405022,0.84096926,0.051814616,0.028624102,1,R0_kfold_f1_s44_v5ctl,best,25
ISIC_0032539,HAM_0004581,HAM_0004581,40-59,ham,5,False,5,0.01122781,0.008707068,0.008417393,0.07371613,0.00766371,0.8404804,0.049787436,0.027598588,1,R0_kfold_f1_s44_v5ctl,best,25
ISIC_0032543,HAM_0002413,HAM_0002413,<40,ham,5,False,5,0.011732565,0.008005047,0.0076902006,0.07156982,0.006527578,0.84131414,0.053160697,0.02626519,1,R0_kfold_f1_s44_v5ctl,best,25
ISIC_0032552,HAM_0001105,HAM_0001105,40-59,ham,4,True,5,0.006249076,0.0035570494,0.086120255,0.1089113,0.0071342024,0.704957,0.08307107,0.016940327,1,R0_kfold_f1_s44_v5ctl,best,25
ISIC_0032558,HAM_0006869,HAM_0006869,40-59,ham,5,False,4,0.01781987,0.0106437495,0.008623341,0.12509854,0.6164923,0.12590352,0.095418684,0.6449559,1,R0_kfold_f1_s44_v5ctl,best,25
ISIC_0032559,HAM_0000709,HAM_0000709,40-59,ham,4,True,4,0.010173343,0.008393472,0.0076118233,0.05415042,0.8693804,0.009539201,0.04075139,0.8879472,1,R0_kfold_f1_s44_v5ctl,best,25
ISIC_0032562,HAM_0004191,HAM_0004191,40-59,ham,5,False,5,0.011488328,0.0070903357,0.007180022,0.07307761,0.011007724,0.8398261,0.050329868,0.029586388,1,R0_kfold_f1_s44_v5ctl,best,25
ISIC_0032570,HAM_0006801,HAM_0006801,60+,ham,2,False,2,0.012109774,0.005188308,0.8771476,0.05104287,0.007175488,0.0063655986,0.040970314,0.02447357,1,R0_kfold_f1_s44_v5ctl,best,25
ISIC_0032582,HAM_0004038,HAM_0004038,40-59,ham,5,False,5,0.010630538,0.010406826,0.0059523927,0.06880209,0.0065867915,0.84619087,0.05143054,0.027624154,1,R0_kfold_f1_s44_v5ctl,best,25
ISIC_0032598,HAM_0006545,HAM_0006545,40-59,ham,4,True,5,0.0120602725,0.00804351,0.0074626347,0.07438523,0.009110718,0.836881,0.052056726,0.029214501,1,R0_kfold_f1_s44_v5ctl,best,25
ISIC_0032607,HAM_0004071,HAM_0004071,40-59,ham,5,False,5,0.012466598,0.008073493,0.007478608,0.07115184,0.007723061,0.8394204,0.053686075,0.028263154,1,R0_kfold_f1_s44_v5ctl,best,25
ISIC_0032623,HAM_0001484,HAM_0001484,40-59,ham,5,False,5,0.012494302,0.0077060806,0.00794568,0.071809426,0.006820311,0.84100896,0.052215252,0.027020693,1,R0_kfold_f1_s44_v5ctl,best,25
ISIC_0032635,HAM_0004185,HAM_0004185,40-59,ham,5,False,5,0.012032591,0.007725574,0.008308717,0.07171483,0.009358903,0.8378149,0.053044405,0.029117068,1,R0_kfold_f1_s44_v5ctl,best,25
ISIC_0032639,HAM_0003018,HAM_0003018,<40,ham,5,False,5,0.012501008,0.008073397,0.0068539204,0.071034566,0.00678325,0.84215033,0.052603498,0.027357657,1,R0_kfold_f1_s44_v5ctl,best,25
ISIC_0032664,HAM_0000294,HAM_0000294,40-59,ham,5,False,5,0.01168202,0.006459424,0.009864199,0.06915833,0.0069324155,0.84573764,0.050165925,0.025073858,1,R0_kfold_f1_s44_v5ctl,best,25
ISIC_0032665,HAM_0002928,HAM_0002928,60+,ham,2,False,2,0.009299446,0.0068009202,0.82049245,0.07148504,0.0026434478,0.029327646,0.059950985,0.018743813,1,R0_kfold_f1_s44_v5ctl,best,25
ISIC_0032666,HAM_0002574,HAM_0002574,40-59,ham,5,False,5,0.010941098,0.0074497503,0.008448991,0.069044955,0.0075908937,0.8456407,0.05088362,0.025981743,1,R0_kfold_f1_s44_v5ctl,best,25
ISIC_0032673,HAM_0003441,HAM_0003441,40-59,ham,5,False,4,0.016471678,0.007735296,0.022041183,0.09916076,0.4166215,0.35965952,0.07831003,0.44082847,1,R0_kfold_f1_s44_v5ctl,best,25
ISIC_0032680,HAM_0001358,HAM_0001358,40-59,ham,5,False,5,0.01505598,0.0097687915,0.009257541,0.06955721,0.009258468,0.83370095,0.05340107,0.03408324,1,R0_kfold_f1_s44_v5ctl,best,25
ISIC_0032685,HAM_0005608,HAM_0005608,60+,ham,4,True,5,0.013861942,0.01022564,0.31755972,0.112838775,0.012590473,0.4059511,0.12697227,0.036678053,1,R0_kfold_f1_s44_v5ctl,best,25
ISIC_0032686,HAM_0004581,HAM_0004581,40-59,ham,5,False,5,0.0148441205,0.0070454553,0.0076009757,0.09433486,0.04494463,0.7719904,0.059239548,0.066834204,1,R0_kfold_f1_s44_v5ctl,best,25
ISIC_0032688,HAM_0006801,HAM_0006801,60+,ham,2,False,2,0.011637335,0.0052256626,0.880197,0.0507768,0.0060263625,0.004676902,0.04145993,0.02288936,1,R0_kfold_f1_s44_v5ctl,best,25
ISIC_0032690,HAM_0000706,HAM_0000706,40-59,ham,4,True,4,0.0097563835,0.007587992,0.0070821787,0.08683212,0.7871636,0.037970778,0.06360701,0.804508,1,R0_kfold_f1_s44_v5ctl,best,25
ISIC_0032692,HAM_0000940,HAM_0000940,<40,ham,6,False,6,0.0011232595,0.0019610426,0.0019000508,0.014734214,0.0094824545,0.00024982865,0.97054917,0.012566756,1,R0_kfold_f1_s44_v5ctl,best,25
ISIC_0032703,HAM_0003447,HAM_0003447,60+,ham,5,False,5,0.0111350175,0.0069871675,0.0070480215,0.06981872,0.0052551343,0.8520669,0.04768903,0.02337732,1,R0_kfold_f1_s44_v5ctl,best,25
ISIC_0032708,HAM_0003130,HAM_0003130,60+,ham,5,False,5,0.009958542,0.008241494,0.008401703,0.075669505,0.02343134,0.81503814,0.059259284,0.04163138,1,R0_kfold_f1_s44_v5ctl,best,25
ISIC_0032711,HAM_0006869,HAM_0006869,40-59,ham,5,False,5,0.016510895,0.009015643,0.0077169808,0.098644875,0.045507517,0.750312,0.072292075,0.07103406,1,R0_kfold_f1_s44_v5ctl,best,25
ISIC_0032712,HAM_0006353,HAM_0006353,40-59,ham,5,False,5,0.010881992,0.0067712674,0.007569262,0.07141452,0.009782862,0.84490603,0.0486741,0.027436122,1,R0_kfold_f1_s44_v5ctl,best,25
ISIC_0032715,HAM_0006852,HAM_0006852,40-59,ham,6,False,6,0.0017401684,0.00088399294,0.0011721596,0.008567127,0.00080213026,0.0007456411,0.9860888,0.0034262915,1,R0_kfold_f1_s44_v5ctl,best,25
ISIC_0032727,HAM_0004848,HAM_0004848,60+,ham,1,True,1,0.010505623,0.87610835,0.006935374,0.053066846,0.005582325,0.0043822466,0.04341928,0.8921963,1,R0_kfold_f1_s44_v5ctl,best,25
ISIC_0032759,HAM_0004186,HAM_0004186,40-59,ham,5,False,5,0.011783935,0.0080609135,0.008542691,0.07018183,0.0075061745,0.84223217,0.051692307,0.027351024,1,R0_kfold_f1_s44_v5ctl,best,25
ISIC_0032777,HAM_0002243,HAM_0002243,60+,ham,1,True,1,0.010904414,0.8719297,0.0066951835,0.05856484,0.005706656,0.0041524647,0.042046692,0.8885408,1,R0_kfold_f1_s44_v5ctl,best,25
ISIC_0032782,HAM_0005303,HAM_0005303,60+,ham,4,True,4,0.009431606,0.0068661105,0.034690194,0.06060905,0.82676846,0.0060837967,0.055550765,0.84306616,1,R0_kfold_f1_s44_v5ctl,best,25
ISIC_0032811,HAM_0002574,HAM_0002574,40-59,ham,5,False,5,0.011198559,0.0075853067,0.0090340385,0.07087065,0.007028809,0.8431016,0.05118098,0.025812674,1,R0_kfold_f1_s44_v5ctl,best,25
ISIC_0032819,HAM_0001720,HAM_0001720,40-59,ham,5,False,4,0.010010695,0.0041922713,0.08838892,0.09625337,0.7463873,0.0065787337,0.048188742,0.76059026,1,R0_kfold_f1_s44_v5ctl,best,25
ISIC_0032830,HAM_0003002,HAM_0003002,40-59,ham,5,False,5,0.011459731,0.006574023,0.007986821,0.069531105,0.0063238945,0.84775853,0.0503659,0.024357649,1,R0_kfold_f1_s44_v5ctl,best,25
ISIC_0032835,HAM_0004788,HAM_0004788,60+,ham,2,False,2,0.010126117,0.0048427037,0.8372124,0.06575859,0.02267084,0.004014481,0.055374846,0.037639663,1,R0_kfold_f1_s44_v5ctl,best,25
ISIC_0032836,HAM_0003073,HAM_0003073,40-59,ham,4,True,5,0.009288875,0.005223585,0.010451221,0.06765727,0.0127297705,0.84583795,0.048811283,0.027242232,1,R0_kfold_f1_s44_v5ctl,best,25
ISIC_0032840,HAM_0003679,HAM_0003679,40-59,ham,4,True,4,0.014097205,0.0091863405,0.0117484,0.1095605,0.63062423,0.1505187,0.074264675,0.6539078,1,R0_kfold_f1_s44_v5ctl,best,25
ISIC_0032847,HAM_0002004,HAM_0002004,40-59,ham,4,True,5,0.013618653,0.008808929,0.00798756,0.08644239,0.03951202,0.7828986,0.06073177,0.0619396,1,R0_kfold_f1_s44_v5ctl,best,25
ISIC_0032848,HAM_0002596,HAM_0002596,<40,ham,5,False,5,0.010450175,0.0069017746,0.0055635837,0.06444105,0.0050598215,0.85964036,0.047943342,0.022411771,1,R0_kfold_f1_s44_v5ctl,best,25
ISIC_0032854,HAM_0000239,HAM_0000239,60+,ham,0,True,0,0.8950411,0.0039196424,0.016631322,0.04585749,0.0033415654,0.0018444445,0.033364404,0.9023023,1,R0_kfold_f1_s44_v5ctl,best,25
ISIC_0032870,HAM_0007245,HAM_0007245,60+,ham,4,True,2,0.0045475927,0.007089095,0.87151515,0.03167602,0.015565719,0.02453509,0.045071337,0.027202407,1,R0_kfold_f1_s44_v5ctl,best,25
ISIC_0032890,HAM_0003480,HAM_0003480,60+,ham,6,False,6,0.0015412866,0.0010932339,0.0009956686,0.010780493,0.0017456806,0.00035689992,0.98348665,0.004380201,1,R0_kfold_f1_s44_v5ctl,best,25
ISIC_0032903,HAM_0005608,HAM_0005608,60+,ham,4,True,2,0.0073083537,0.0040054345,0.80859774,0.06913378,0.052861016,0.0037268442,0.054366883,0.0641748,1,R0_kfold_f1_s44_v5ctl,best,25
ISIC_0032908,HAM_0006666,HAM_0006666,<40,ham,5,False,5,0.011650057,0.005411242,0.009353789,0.061947264,0.0041434295,0.8603598,0.047134478,0.021204729,1,R0_kfold_f1_s44_v5ctl,best,25
ISIC_0032909,HAM_0001943,HAM_0001943,<40,ham,5,False,5,0.012959212,0.0109005505,0.01539214,0.07628134,0.0037675784,0.8137322,0.06696692,0.02762734,1,R0_kfold_f1_s44_v5ctl,best,25
ISIC_0032918,HAM_0000706,HAM_0000706,40-59,ham,4,True,4,0.0073578754,0.005655606,0.0061312593,0.059357442,0.87389606,0.0057770475,0.041824587,0.88690954,1,R0_kfold_f1_s44_v5ctl,best,25
ISIC_0032927,HAM_0001734,HAM_0001734,40-59,ham,4,True,5,0.012805724,0.007576013,0.008588846,0.08400614,0.05412716,0.7725259,0.060370274,0.0745089,1,R0_kfold_f1_s44_v5ctl,best,25
ISIC_0032930,HAM_0000488,HAM_0000488,40-59,ham,5,False,5,0.018052347,0.013469582,0.009285356,0.0921463,0.016299555,0.78288996,0.0678568,0.047821485,1,R0_kfold_f1_s44_v5ctl,best,25
ISIC_0032933,HAM_0002595,HAM_0002595,<40,ham,5,False,5,0.018341128,0.009734621,0.03236589,0.09042373,0.023819048,0.75262654,0.072689,0.0518948,1,R0_kfold_f1_s44_v5ctl,best,25
ISIC_0032941,HAM_0001785,HAM_0001785,40-59,ham,3,False,5,0.023663737,0.0027843572,0.0086048525,0.08813171,0.067740686,0.7584221,0.05065253,0.09418878,1,R0_kfold_f1_s44_v5ctl,best,25
ISIC_0032949,HAM_0006085,HAM_0006085,60+,ham,2,False,2,0.015389424,0.007015263,0.73495877,0.089601435,0.016881896,0.06449438,0.07165878,0.039286584,1,R0_kfold_f1_s44_v5ctl,best,25
ISIC_0032950,HAM_0001097,HAM_0001097,40-59,ham,5,False,5,0.014942224,0.009286124,0.012601858,0.081277594,0.007850357,0.81922054,0.05482122,0.032078706,1,R0_kfold_f1_s44_v5ctl,best,25
ISIC_0032958,HAM_0006824,HAM_0006824,60+,ham,4,True,4,0.017500719,0.004547038,0.014450719,0.084565036,0.8276801,0.0007246766,0.0505318,0.84972787,1,R0_kfold_f1_s44_v5ctl,best,25
ISIC_0032962,HAM_0007216,HAM_0007216,<40,ham,5,False,5,0.01084013,0.007003711,0.0068016173,0.06772049,0.006187919,0.8547933,0.04665282,0.02403176,1,R0_kfold_f1_s44_v5ctl,best,25
ISIC_0032970,HAM_0005409,HAM_0005409,40-59,ham,4,True,4,0.011028411,0.0075381715,0.0079834545,0.06308724,0.85868424,0.0041295723,0.04754898,0.87725085,1,R0_kfold_f1_s44_v5ctl,best,25
ISIC_0032983,HAM_0002008,HAM_0002008,60+,ham,2,False,2,0.007974208,0.0052277404,0.8950928,0.048232116,0.004174868,0.003098167,0.036200184,0.017376816,1,R0_kfold_f1_s44_v5ctl,best,25
ISIC_0032986,HAM_0002519,HAM_0002519,40-59,ham,5,False,5,0.011631069,0.0071324185,0.0073544765,0.07478492,0.0073892837,0.8388542,0.05285365,0.026152771,1,R0_kfold_f1_s44_v5ctl,best,25
ISIC_0032990,HAM_0004038,HAM_0004038,40-59,ham,5,False,5,0.016628316,0.009909275,0.011033972,0.08047489,0.008719908,0.80634624,0.06688739,0.035257496,1,R0_kfold_f1_s44_v5ctl,best,25
ISIC_0032991,HAM_0004849,HAM_0004849,60+,ham,1,True,0,0.862776,0.0041763377,0.018009529,0.063156664,0.011920061,0.0035425008,0.036418978,0.87887233,1,R0_kfold_f1_s44_v5ctl,best,25
ISIC_0033004,HAM_0003602,HAM_0003602,<40,ham,4,True,5,0.012120534,0.007377261,0.007094899,0.06977331,0.008115603,0.8427379,0.052780483,0.027613398,1,R0_kfold_f1_s44_v5ctl,best,25
ISIC_0033007,HAM_0006550,HAM_0006550,40-59,ham,5,False,2,0.006854288,0.0023791203,0.81360024,0.08125561,0.005196804,0.045276318,0.045437533,0.014430212,1,R0_kfold_f1_s44_v5ctl,best,25
ISIC_0033008,HAM_0005115,HAM_0005115,<40,ham,5,False,5,0.010736339,0.0073530944,0.0073154466,0.07118179,0.006721923,0.8439765,0.052715,0.024811355,1,R0_kfold_f1_s44_v5ctl,best,25
ISIC_0033019,HAM_0002243,HAM_0002243,60+,ham,1,True,1,0.010078807,0.8817475,0.005983803,0.054417994,0.005557596,0.0033797028,0.038834576,0.89738387,1,R0_kfold_f1_s44_v5ctl,best,25
ISIC_0033029,HAM_0004302,HAM_0004302,60+,ham,4,True,5,0.010676003,0.008099791,0.007207257,0.07073376,0.011529467,0.84342337,0.04833036,0.030305263,1,R0_kfold_f1_s44_v5ctl,best,25
ISIC_0033032,HAM_0003505,HAM_0003505,40-59,ham,5,False,5,0.011201048,0.007583784,0.008236976,0.07121361,0.005280465,0.8456164,0.050867625,0.024065297,1,R0_kfold_f1_s44_v5ctl,best,25
ISIC_0033033,HAM_0001405,HAM_0001405,40-59,ham,5,False,5,0.012236978,0.0078517785,0.0070380475,0.071288474,0.01073234,0.8390452,0.051807106,0.030821096,1,R0_kfold_f1_s44_v5ctl,best,25
ISIC_0033040,HAM_0007478,HAM_0007478,<40,ham,5,False,5,0.011507432,0.007550678,0.008209302,0.07288882,0.009304652,0.83815974,0.052379277,0.028362762,1,R0_kfold_f1_s44_v5ctl,best,25
ISIC_0033041,HAM_0002040,HAM_0002040,40-59,ham,2,False,2,0.009783125,0.0042467536,0.8923482,0.047383755,0.004100802,0.0048973085,0.03724015,0.01813068,1,R0_kfold_f1_s44_v5ctl,best,25
ISIC_0033052,HAM_0004038,HAM_0004038,40-59,ham,5,False,5,0.012610744,0.008164284,0.007496081,0.06631401,0.005817393,0.84910107,0.050496448,0.02659242,1,R0_kfold_f1_s44_v5ctl,best,25
ISIC_0033068,HAM_0002671,HAM_0002671,60+,ham,4,True,4,0.012674665,0.0075253807,0.008169386,0.06400259,0.850433,0.005719411,0.051475637,0.87063307,1,R0_kfold_f1_s44_v5ctl,best,25
ISIC_0033072,HAM_0004193,HAM_0004193,40-59,ham,5,False,5,0.011371949,0.007110427,0.006457379,0.067084424,0.00687952,0.85182357,0.049272683,0.025361896,1,R0_kfold_f1_s44_v5ctl,best,25
ISIC_0033085,HAM_0003181,HAM_0003181,<40,ham,5,False,5,0.0109039685,0.0067727263,0.0073066424,0.075271055,0.011497039,0.8337229,0.054525636,0.029173734,1,R0_kfold_f1_s44_v5ctl,best,25
ISIC_0033090,HAM_0001870,HAM_0001870,60+,ham,5,False,5,0.011489768,0.007933461,0.007295836,0.07678807,0.011250082,0.82926416,0.055978637,0.03067331,1,R0_kfold_f1_s44_v5ctl,best,25
ISIC_0033095,HAM_0004392,HAM_0004392,<40,ham,5,False,5,0.0108049335,0.0070845615,0.008233862,0.06786923,0.0057383967,0.84854895,0.051720135,0.023627892,1,R0_kfold_f1_s44_v5ctl,best,25
ISIC_0033098,HAM_0004071,HAM_0004071,40-59,ham,5,False,5,0.013740178,0.008721728,0.008065212,0.07364872,0.008310795,0.83554304,0.05197028,0.0307727,1,R0_kfold_f1_s44_v5ctl,best,25
ISIC_0033109,HAM_0002519,HAM_0002519,40-59,ham,5,False,5,0.011773772,0.0072888057,0.0075903344,0.07036173,0.0066398187,0.84406126,0.052284297,0.025702395,1,R0_kfold_f1_s44_v5ctl,best,25
ISIC_0033114,HAM_0000709,HAM_0000709,40-59,ham,4,True,4,0.009987465,0.0076603536,0.00649441,0.056646254,0.8695228,0.005327762,0.044360865,0.8871706,1,R0_kfold_f1_s44_v5ctl,best,25
ISIC_0033116,HAM_0001905,HAM_0001905,40-59,ham,5,False,5,0.011036344,0.0076235794,0.008878326,0.073157385,0.0065737376,0.8423011,0.050429568,0.02523366,1,R0_kfold_f1_s44_v5ctl,best,25
ISIC_0033127,HAM_0006085,HAM_0006085,60+,ham,2,False,5,0.27545977,0.022191754,0.09161529,0.11808703,0.022500213,0.32174793,0.148398,0.32015175,1,R0_kfold_f1_s44_v5ctl,best,25
ISIC_0033130,HAM_0002928,HAM_0002928,60+,ham,2,False,2,0.009954014,0.0077128597,0.8566992,0.06182075,0.0023841122,0.01378658,0.0476424,0.020050984,1,R0_kfold_f1_s44_v5ctl,best,25
ISIC_0033131,HAM_0001870,HAM_0001870,60+,ham,5,False,5,0.011364503,0.007605233,0.008260684,0.077257134,0.006681474,0.83375263,0.055078313,0.02565121,1,R0_kfold_f1_s44_v5ctl,best,25
ISIC_0033134,HAM_0001943,HAM_0001943,<40,ham,5,False,5,0.011680965,0.009848393,0.03157771,0.08326589,0.004061505,0.7984037,0.06116184,0.025590863,1,R0_kfold_f1_s44_v5ctl,best,25
ISIC_0033142,HAM_0003447,HAM_0003447,60+,ham,5,False,5,0.011197793,0.0072265235,0.0070797754,0.07082147,0.0056153047,0.8490704,0.048988726,0.024039622,1,R0_kfold_f1_s44_v5ctl,best,25
ISIC_0033148,HAM_0002519,HAM_0002519,40-59,ham,5,False,5,0.011336387,0.0071133794,0.00722006,0.06995974,0.0069095874,0.84581494,0.051645957,0.025359355,1,R0_kfold_f1_s44_v5ctl,best,25
ISIC_0033157,HAM_0002574,HAM_0002574,40-59,ham,5,False,5,0.011011423,0.0075157257,0.00862179,0.07043756,0.0063597625,0.8453974,0.050656367,0.02488691,1,R0_kfold_f1_s44_v5ctl,best,25
ISIC_0033164,HAM_0006353,HAM_0006353,40-59,ham,5,False,5,0.011379805,0.007781789,0.007731447,0.07061498,0.008132252,0.8431242,0.051235538,0.027293846,1,R0_kfold_f1_s44_v5ctl,best,25
ISIC_0033167,HAM_0006813,HAM_0006813,<40,ham,5,False,5,0.012159977,0.00727081,0.0072487523,0.082732804,0.015557153,0.8171234,0.05790711,0.03498794,1,R0_kfold_f1_s44_v5ctl,best,25
ISIC_0033168,HAM_0003447,HAM_0003447,60+,ham,5,False,5,0.010973136,0.007837395,0.0068192813,0.070958614,0.0062013385,0.8475733,0.049637,0.02501187,1,R0_kfold_f1_s44_v5ctl,best,25
ISIC_0033170,HAM_0001358,HAM_0001358,40-59,ham,5,False,5,0.015540519,0.009511542,0.007449425,0.07508939,0.011106526,0.8255504,0.05575224,0.036158584,1,R0_kfold_f1_s44_v5ctl,best,25
ISIC_0033176,HAM_0001490,HAM_0001490,<40,ham,5,False,5,0.011782062,0.007850544,0.009926985,0.073099434,0.0069658374,0.8369726,0.053402573,0.026598442,1,R0_kfold_f1_s44_v5ctl,best,25
ISIC_0033191,HAM_0001175,HAM_0001175,<40,ham,5,False,5,0.010564723,0.0072367694,0.006494234,0.066891484,0.0053917556,0.8518586,0.051562462,0.02319325,1,R0_kfold_f1_s44_v5ctl,best,25
ISIC_0033201,HAM_0006663,HAM_0006663,60+,ham,2,False,2,0.004829138,0.0027911018,0.91484547,0.038927615,0.0037797631,0.004670582,0.030156335,0.011400003,1,R0_kfold_f1_s44_v5ctl,best,25
ISIC_0033207,HAM_0006869,HAM_0006869,40-59,ham,5,False,4,0.017704666,0.011152932,0.009261567,0.13098574,0.56774133,0.1642381,0.09891564,0.5965989,1,R0_kfold_f1_s44_v5ctl,best,25
ISIC_0033221,HAM_0005887,HAM_0005887,60+,ham,5,False,5,0.0115726795,0.007845061,0.007428475,0.07201059,0.0076897987,0.8417353,0.05171799,0.027107539,1,R0_kfold_f1_s44_v5ctl,best,25
ISIC_0033224,HAM_0001883,HAM_0001883,<40,ham,5,False,5,0.010427862,0.007813922,0.0069160303,0.066976815,0.0067722765,0.85270196,0.048391208,0.025014061,1,R0_kfold_f1_s44_v5ctl,best,25
ISIC_0033228,HAM_0002606,HAM_0002606,<40,ham,5,False,5,0.010919042,0.0071326755,0.0066488697,0.06936817,0.007030842,0.84890765,0.049992707,0.025082558,1,R0_kfold_f1_s44_v5ctl,best,25
ISIC_0033240,HAM_0005303,HAM_0005303,60+,ham,4,True,4,0.010966066,0.006338966,0.010844796,0.06306171,0.85842514,0.004646133,0.04571716,0.87573016,1,R0_kfold_f1_s44_v5ctl,best,25
ISIC_0033241,HAM_0006545,HAM_0006545,40-59,ham,4,True,5,0.012024156,0.007453192,0.008020321,0.075938135,0.007571638,0.8373977,0.0515949,0.027048986,1,R0_kfold_f1_s44_v5ctl,best,25
ISIC_0033250,HAM_0006610,HAM_0006610,40-59,ham,5,False,5,0.01177482,0.00834571,0.017333386,0.09161252,0.033281513,0.7332282,0.104423895,0.053402044,1,R0_kfold_f1_s44_v5ctl,best,25
ISIC_0033252,HAM_0006801,HAM_0006801,60+,ham,2,False,2,0.012722468,0.0059496826,0.87208897,0.05405718,0.0068339407,0.0073273373,0.041020423,0.02550609,1,R0_kfold_f1_s44_v5ctl,best,25
ISIC_0033262,HAM_0005258,HAM_0005258,60+,ham,2,False,2,0.010179817,0.0053627035,0.897203,0.04671424,0.0050155697,0.0055626314,0.02996198,0.020558089,1,R0_kfold_f1_s44_v5ctl,best,25
ISIC_0033264,HAM_0004255,HAM_0004255,60+,ham,2,False,2,0.009454533,0.0042256014,0.88015455,0.053155262,0.0031791744,0.010034498,0.039796308,0.01685931,1,R0_kfold_f1_s44_v5ctl,best,25
ISIC_0033276,HAM_0000304,HAM_0000304,40-59,ham,5,False,5,0.0122205345,0.008009685,0.0074366736,0.07295844,0.007272853,0.83784825,0.05425351,0.027503071,1,R0_kfold_f1_s44_v5ctl,best,25
ISIC_0033284,HAM_0003978,HAM_0003978,60+,ham,2,False,2,0.008512001,0.005951514,0.8871909,0.05216802,0.004160724,0.003716032,0.038300894,0.018624239,1,R0_kfold_f1_s44_v5ctl,best,25
ISIC_0033304,HAM_0004998,HAM_0004998,60+,ham,4,True,4,0.0096130865,0.006822881,0.00690687,0.062315706,0.8670322,0.004731038,0.042578295,0.88346815,1,R0_kfold_f1_s44_v5ctl,best,25
ISIC_0033315,HAM_0006516,HAM_0006516,<40,ham,5,False,5,0.011828067,0.0069275415,0.008151266,0.06907598,0.0092452215,0.84532106,0.049450777,0.028000828,1,R0_kfold_f1_s44_v5ctl,best,25
ISIC_0033316,HAM_0000304,HAM_0000304,40-59,ham,5,False,5,0.011829196,0.006234282,0.008359857,0.07250023,0.006927985,0.84182006,0.05232835,0.024991464,1,R0_kfold_f1_s44_v5ctl,best,25
ISIC_0033321,HAM_0001354,HAM_0001354,60+,ham,2,False,2,0.017260913,0.0062519163,0.6617499,0.1390604,0.10415067,0.0022027805,0.06932338,0.1276635,1,R0_kfold_f1_s44_v5ctl,best,25
ISIC_0033322,HAM_0006085,HAM_0006085,60+,ham,2,False,2,0.029326063,0.0070878714,0.7671012,0.0788998,0.0077690706,0.039518103,0.070297904,0.044183005,1,R0_kfold_f1_s44_v5ctl,best,25
ISIC_0033323,HAM_0005608,HAM_0005608,60+,ham,4,True,2,0.006109434,0.0076197633,0.83253765,0.0680042,0.0154185835,0.018511152,0.051799208,0.029147781,1,R0_kfold_f1_s44_v5ctl,best,25
ISIC_0033330,HAM_0005156,HAM_0005156,unknown,ham,5,False,5,0.011185733,0.0077804667,0.007983542,0.07039823,0.008495333,0.8422998,0.051856868,0.027461533,1,R0_kfold_f1_s44_v5ctl,best,25
ISIC_0033336,HAM_0003506,HAM_0003506,60+,ham,4,True,5,0.011779746,0.01197276,0.009209735,0.07533137,0.005093409,0.82890195,0.057711106,0.028845916,1,R0_kfold_f1_s44_v5ctl,best,25
ISIC_0033340,HAM_0005887,HAM_0005887,60+,ham,5,False,5,0.012464109,0.008571826,0.008930177,0.07887138,0.008647273,0.8276802,0.054835074,0.02968321,1,R0_kfold_f1_s44_v5ctl,best,25
ISIC_0033346,HAM_0004165,HAM_0004165,60+,ham,5,False,5,0.013370631,0.007887608,0.033239964,0.09066624,0.005476991,0.7805323,0.06882632,0.02673523,1,R0_kfold_f1_s44_v5ctl,best,25
ISIC_0033351,HAM_0001870,HAM_0001870,60+,ham,5,False,5,0.011961479,0.0075696446,0.005959431,0.06872362,0.0104093235,0.8458654,0.049511086,0.029940447,1,R0_kfold_f1_s44_v5ctl,best,25
ISIC_0033355,HAM_0004392,HAM_0004392,<40,ham,5,False,5,0.011464099,0.007458352,0.007478334,0.07057792,0.006802954,0.8448028,0.05141556,0.025725406,1,R0_kfold_f1_s44_v5ctl,best,25
ISIC_0033360,HAM_0001883,HAM_0001883,<40,ham,5,False,5,0.011168728,0.00710593,0.0067854165,0.0680198,0.0057350537,0.8503416,0.050843544,0.024009712,1,R0_kfold_f1_s44_v5ctl,best,25
ISIC_0033361,HAM_0002040,HAM_0002040,40-59,ham,2,False,4,0.011286161,0.0040832674,0.1665714,0.16805217,0.55275756,0.0051368317,0.092112675,0.568127,1,R0_kfold_f1_s44_v5ctl,best,25
ISIC_0033370,HAM_0001484,HAM_0001484,40-59,ham,5,False,5,0.011017556,0.007201721,0.0073662107,0.06608387,0.0066690226,0.8516253,0.050036322,0.0248883,1,R0_kfold_f1_s44_v5ctl,best,25
ISIC_0033379,HAM_0002008,HAM_0002008,60+,ham,2,False,2,0.009903241,0.0051195407,0.87257755,0.05921103,0.0039044963,0.008010983,0.041273095,0.018927278,1,R0_kfold_f1_s44_v5ctl,best,25
ISIC_0033384,HAM_0003002,HAM_0003002,40-59,ham,5,False,5,0.011290005,0.00777126,0.00794167,0.070216335,0.007931362,0.8428217,0.05202774,0.026992626,1,R0_kfold_f1_s44_v5ctl,best,25
ISIC_0033387,HAM_0001105,HAM_0001105,40-59,ham,4,True,2,0.0040637674,0.003113244,0.89352125,0.052332364,0.0030919856,0.012249677,0.031627733,0.0102689965,1,R0_kfold_f1_s44_v5ctl,best,25
ISIC_0033390,HAM_0001405,HAM_0001405,40-59,ham,5,False,5,0.011591956,0.0073569245,0.0071360935,0.072566785,0.009041874,0.8412925,0.051013924,0.027990755,1,R0_kfold_f1_s44_v5ctl,best,25
ISIC_0033395,HAM_0004392,HAM_0004392,<40,ham,5,False,5,0.010954169,0.0072460584,0.007628937,0.06900487,0.0062808674,0.8467229,0.052162196,0.024481094,1,R0_kfold_f1_s44_v5ctl,best,25
ISIC_0033400,HAM_0005258,HAM_0005258,60+,ham,2,False,2,0.0076490915,0.004801021,0.8902726,0.046901543,0.0057198456,0.008165223,0.036490668,0.018169958,1,R0_kfold_f1_s44_v5ctl,best,25
ISIC_0033404,HAM_0006623,HAM_0006623,40-59,ham,5,False,4,0.011707248,0.008515714,0.021529976,0.12755546,0.6541808,0.09534112,0.08116961,0.6744038,1,R0_kfold_f1_s44_v5ctl,best,25
ISIC_0033405,HAM_0003506,HAM_0003506,60+,ham,4,True,5,0.017320208,0.030722953,0.019350797,0.13201962,0.009520901,0.7061784,0.08488712,0.057564065,1,R0_kfold_f1_s44_v5ctl,best,25
ISIC_0033406,HAM_0006550,HAM_0006550,40-59,ham,5,False,2,0.008453804,0.0031137466,0.7658556,0.07691603,0.004943422,0.08165658,0.059060868,0.016510973,1,R0_kfold_f1_s44_v5ctl,best,25
ISIC_0033413,HAM_0002615,HAM_0002615,60+,ham,0,True,0,0.91221106,0.003201377,0.004942056,0.04207167,0.003300054,0.0035360665,0.030737778,0.9187125,1,R0_kfold_f1_s44_v5ctl,best,25
ISIC_0033418,HAM_0000675,HAM_0000675,<40,ham,5,False,5,0.011232323,0.0072350246,0.008685976,0.07069025,0.0073033744,0.8435864,0.051266607,0.025770722,1,R0_kfold_f1_s44_v5ctl,best,25
ISIC_0033423,HAM_0006516,HAM_0006516,<40,ham,5,False,5,0.014598935,0.008699375,0.008138556,0.07739127,0.014463688,0.8214996,0.055208623,0.037761997,1,R0_kfold_f1_s44_v5ctl,best,25
ISIC_0033434,HAM_0001839,HAM_0001839,60+,ham,5,False,5,0.013381391,0.011503671,0.009050418,0.07641514,0.0050770636,0.83285046,0.05172186,0.029962126,1,R0_kfold_f1_s44_v5ctl,best,25
ISIC_0033438,HAM_0002008,HAM_0002008,60+,ham,2,False,2,0.007858164,0.004623699,0.89403355,0.049509607,0.0039390237,0.00403988,0.035995983,0.016420886,1,R0_kfold_f1_s44_v5ctl,best,25
ISIC_0033444,HAM_0003073,HAM_0003073,40-59,ham,4,True,5,0.012346741,0.007941243,0.0073339846,0.0745126,0.014912065,0.8291503,0.053803194,0.03520005,1,R0_kfold_f1_s44_v5ctl,best,25
ISIC_0033454,HAM_0005021,HAM_0005021,60+,ham,4,True,4,0.020136932,0.0031588364,0.11151783,0.15770268,0.5658583,0.047491115,0.09413431,0.58915406,1,R0_kfold_f1_s44_v5ctl,best,25
ISIC_0033456,HAM_0002615,HAM_0002615,60+,ham,0,True,0,0.9233671,0.0028580786,0.0042399685,0.03630437,0.0034428071,0.0032128035,0.026574893,0.929668,1,R0_kfold_f1_s44_v5ctl,best,25
ISIC_0033461,HAM_0000294,HAM_0000294,40-59,ham,5,False,5,0.0128392745,0.007586903,0.0084391385,0.075520344,0.008373093,0.8349984,0.05224279,0.02879927,1,R0_kfold_f1_s44_v5ctl,best,25
ISIC_0033462,HAM_0001175,HAM_0001175,<40,ham,5,False,5,0.010947497,0.008377374,0.00826185,0.065643236,0.0046988977,0.84617764,0.055893637,0.024023768,1,R0_kfold_f1_s44_v5ctl,best,25
ISIC_0033478,HAM_0006623,HAM_0006623,40-59,ham,5,False,5,0.016518999,0.010146023,0.00994632,0.12813488,0.24792145,0.49006894,0.097263314,0.27458647,1,R0_kfold_f1_s44_v5ctl,best,25
ISIC_0033480,HAM_0004788,HAM_0004788,60+,ham,2,False,2,0.008956528,0.0040612957,0.84297585,0.067432776,0.01958962,0.004240275,0.05274363,0.032607444,1,R0_kfold_f1_s44_v5ctl,best,25
ISIC_0033482,HAM_0006663,HAM_0006663,60+,ham,2,False,2,0.005587759,0.0031487907,0.91425073,0.04000202,0.0038851392,0.003007596,0.030117912,0.01262169,1,R0_kfold_f1_s44_v5ctl,best,25
ISIC_0033487,HAM_0005673,HAM_0005673,60+,ham,4,True,4,0.009762935,0.00461883,0.007776097,0.06559323,0.8539944,0.011374571,0.046879947,0.8683762,1,R0_kfold_f1_s44_v5ctl,best,25
ISIC_0033493,HAM_0006550,HAM_0006550,40-59,ham,5,False,4,0.0047999043,0.0023008755,0.019082604,0.052063514,0.8461386,0.029057486,0.046557076,0.85323936,1,R0_kfold_f1_s44_v5ctl,best,25
ISIC_0033494,HAM_0002615,HAM_0002615,60+,ham,0,True,0,0.9097241,0.0035137804,0.005271334,0.04316386,0.0039387783,0.0043494008,0.030038701,0.91717666,1,R0_kfold_f1_s44_v5ctl,best,25
ISIC_0033496,HAM_0001734,HAM_0001734,40-59,ham,4,True,4,0.008927701,0.0058212015,0.007568298,0.06478524,0.85752255,0.010265168,0.04510983,0.8722715,1,R0_kfold_f1_s44_v5ctl,best,25
ISIC_0033497,HAM_0001697,HAM_0001697,<40,ham,5,False,5,0.010030673,0.0066581033,0.0065858457,0.067020446,0.0060687596,0.8566771,0.046959084,0.022757534,1,R0_kfold_f1_s44_v5ctl,best,25
ISIC_0033498,HAM_0002051,HAM_0002051,40-59,ham,4,True,4,0.00857249,0.0063390406,0.007511196,0.057445705,0.876251,0.0033835166,0.040496998,0.8911625,1,R0_kfold_f1_s44_v5ctl,best,25
ISIC_0033505,HAM_0005386,HAM_0005386,40-59,ham,2,False,5,0.014259664,0.00780923,0.027420256,0.09458599,0.0053071706,0.7830481,0.06756963,0.027376067,1,R0_kfold_f1_s44_v5ctl,best,25
ISIC_0033507,HAM_0006281,HAM_0006281,60+,ham,2,False,2,0.0062742075,0.0042292927,0.88789636,0.050727304,0.004776034,0.007209534,0.038887214,0.015279535,1,R0_kfold_f1_s44_v5ctl,best,25
ISIC_0033508,HAM_0004581,HAM_0004581,40-59,ham,5,False,5,0.010847894,0.0068083056,0.009794014,0.069543205,0.018512955,0.8391641,0.045329567,0.036169156,1,R0_kfold_f1_s44_v5ctl,best,25
ISIC_0033521,HAM_0001484,HAM_0001484,40-59,ham,5,False,5,0.012988631,0.008046076,0.00852817,0.07557434,0.006794696,0.83474916,0.053318884,0.027829403,1,R0_kfold_f1_s44_v5ctl,best,25
ISIC_0033525,HAM_0003018,HAM_0003018,<40,ham,5,False,5,0.0104197785,0.0077081444,0.006157104,0.07001826,0.0062275287,0.8494697,0.049999464,0.02435545,1,R0_kfold_f1_s44_v5ctl,best,25
ISIC_0033530,HAM_0006191,HAM_0006191,40-59,ham,5,False,5,0.011010709,0.0075030504,0.0071324697,0.0709728,0.014348234,0.8386422,0.050390597,0.032861993,1,R0_kfold_f1_s44_v5ctl,best,25
ISIC_0033538,HAM_0006824,HAM_0006824,60+,ham,4,True,4,0.009877216,0.0060824403,0.009199991,0.057345238,0.8727039,0.0017997287,0.04299151,0.8886636,1,R0_kfold_f1_s44_v5ctl,best,25
ISIC_0033563,HAM_0003505,HAM_0003505,40-59,ham,5,False,5,0.0110682435,0.0076661077,0.008282888,0.06911541,0.005683946,0.8467824,0.051401056,0.024418296,1,R0_kfold_f1_s44_v5ctl,best,25
ISIC_0033570,HAM_0003679,HAM_0003679,40-59,ham,4,True,4,0.011346791,0.0067935297,0.007935725,0.059759524,0.8569125,0.015467195,0.04178466,0.8750528,1,R0_kfold_f1_s44_v5ctl,best,25
ISIC_0033572,HAM_0003208,HAM_0003208,<40,ham,5,False,5,0.009770335,0.0066534714,0.022037473,0.07885339,0.0032197922,0.81851083,0.060954615,0.0196436,1,R0_kfold_f1_s44_v5ctl,best,25
ISIC_0033573,HAM_0006435,HAM_0006435,40-59,ham,4,True,4,0.013019191,0.013907629,0.011836418,0.14486142,0.49613178,0.20891933,0.11132422,0.5230586,1,R0_kfold_f1_s44_v5ctl,best,25
ISIC_0033574,HAM_0003130,HAM_0003130,60+,ham,5,False,5,0.010855099,0.0075465827,0.0077871615,0.07446495,0.009367962,0.83683515,0.053143173,0.027769644,1,R0_kfold_f1_s44_v5ctl,best,25
ISIC_0033577,HAM_0004346,HAM_0004346,40-59,ham,5,False,5,0.010297257,0.006666965,0.0065025077,0.0670782,0.006120524,0.85425454,0.04908002,0.023084747,1,R0_kfold_f1_s44_v5ctl,best,25
ISIC_0033596,HAM_0003208,HAM_0003208,<40,ham,5,False,5,0.011089431,0.007524437,0.00853401,0.06413685,0.004229285,0.8554984,0.04898765,0.022843152,1,R0_kfold_f1_s44_v5ctl,best,25
ISIC_0033608,HAM_0000940,HAM_0000940,<40,ham,6,False,6,0.0015042693,0.0014938547,0.0012527033,0.011080046,0.0016599848,0.0004112814,0.98259777,0.0046581086,1,R0_kfold_f1_s44_v5ctl,best,25
ISIC_0033609,HAM_0002243,HAM_0002243,60+,ham,1,True,1,0.009262226,0.8818288,0.006286998,0.053212598,0.006092233,0.0043706177,0.038946427,0.89718324,1,R0_kfold_f1_s44_v5ctl,best,25
ISIC_0033634,HAM_0001905,HAM_0001905,40-59,ham,5,False,5,0.010851256,0.006535229,0.008918805,0.068758205,0.0057237446,0.8504416,0.04877121,0.02311023,1,R0_kfold_f1_s44_v5ctl,best,25
ISIC_0033635,HAM_0001837,HAM_0001837,60+,ham,2,False,5,0.019050242,0.0087658595,0.089293316,0.12673895,0.007238396,0.6656499,0.08326329,0.035054497,1,R0_kfold_f1_s44_v5ctl,best,25
ISIC_0033645,HAM_0006191,HAM_0006191,40-59,ham,5,False,5,0.01129829,0.007775353,0.0069298255,0.071519434,0.009306056,0.8405334,0.05263765,0.0283797,1,R0_kfold_f1_s44_v5ctl,best,25
ISIC_0033651,HAM_0004998,HAM_0004998,60+,ham,4,True,4,0.009854685,0.0067531057,0.006890428,0.063389085,0.8633825,0.0050508603,0.04467933,0.87999034,1,R0_kfold_f1_s44_v5ctl,best,25
ISIC_0033654,HAM_0002004,HAM_0002004,40-59,ham,4,True,5,0.012111611,0.0077113644,0.007467115,0.07798832,0.015075918,0.8253964,0.054249194,0.034898892,1,R0_kfold_f1_s44_v5ctl,best,25
ISIC_0033668,HAM_0000706,HAM_0000706,40-59,ham,4,True,4,0.008121655,0.0049162107,0.01840595,0.07829183,0.83704007,0.0043771053,0.04884718,0.8500779,1,R0_kfold_f1_s44_v5ctl,best,25
ISIC_0033674,HAM_0001358,HAM_0001358,40-59,ham,5,False,5,0.016282324,0.008544105,0.008458479,0.07921301,0.012716738,0.81557906,0.05920635,0.037543166,1,R0_kfold_f1_s44_v5ctl,best,25
ISIC_0033677,HAM_0005258,HAM_0005258,60+,ham,2,False,2,0.00880177,0.0044092727,0.8799148,0.05276281,0.006716445,0.006964589,0.04043023,0.019927489,1,R0_kfold_f1_s44_v5ctl,best,25
ISIC_0033684,HAM_0003441,HAM_0003441,40-59,ham,5,False,4,0.010592118,0.0063585895,0.018759415,0.065798156,0.8117987,0.03574663,0.050946407,0.8287494,1,R0_kfold_f1_s44_v5ctl,best,25
ISIC_0033693,HAM_0004258,HAM_0004258,60+,ham,2,False,2,0.009058803,0.007817794,0.87829244,0.054698877,0.0038758116,0.0035126787,0.04274365,0.020752408,1,R0_kfold_f1_s44_v5ctl,best,25
ISIC_0033722,HAM_0006438,HAM_0006438,40-59,ham,2,False,5,0.01251885,0.0082478095,0.012059651,0.07356172,0.006194653,0.83270025,0.054717056,0.026961314,1,R0_kfold_f1_s44_v5ctl,best,25
ISIC_0033735,HAM_0001433,HAM_0001433,unknown,ham,5,False,5,0.013233798,0.0063937884,0.018559003,0.11655748,0.29586884,0.45386013,0.09552693,0.31549644,1,R0_kfold_f1_s44_v5ctl,best,25
ISIC_0033737,HAM_0004303,HAM_0004303,60+,ham,5,False,5,0.01599931,0.00739805,0.006932868,0.068878815,0.008248573,0.83892155,0.05362092,0.03164593,1,R0_kfold_f1_s44_v5ctl,best,25
ISIC_0033761,HAM_0005386,HAM_0005386,40-59,ham,2,False,5,0.011163411,0.0063075735,0.0644569,0.106376685,0.0056409575,0.7242339,0.08182056,0.023111941,1,R0_kfold_f1_s44_v5ctl,best,25
ISIC_0033766,HAM_0005115,HAM_0005115,<40,ham,5,False,5,0.010849271,0.006841708,0.0075204265,0.0725398,0.008613412,0.8401508,0.053484626,0.02630439,1,R0_kfold_f1_s44_v5ctl,best,25
ISIC_0033782,HAM_0003935,HAM_0003935,unknown,ham,5,False,5,0.011276525,0.0077985795,0.0089606205,0.07055428,0.00764185,0.84159946,0.052168705,0.026716955,1,R0_kfold_f1_s44_v5ctl,best,25
ISIC_0033783,HAM_0004258,HAM_0004258,60+,ham,2,False,2,0.008582889,0.0069807344,0.88008595,0.054010306,0.0037137321,0.0041964515,0.042429905,0.019277357,1,R0_kfold_f1_s44_v5ctl,best,25
ISIC_0033791,HAM_0006281,HAM_0006281,60+,ham,2,False,2,0.0062775575,0.0037607022,0.8923924,0.05015066,0.005126421,0.004594516,0.037697814,0.015164681,1,R0_kfold_f1_s44_v5ctl,best,25
ISIC_0033797,HAM_0004205,HAM_0004205,40-59,ham,5,False,5,0.011646377,0.007294187,0.0075513157,0.06881847,0.009505505,0.8431255,0.05205863,0.028446069,1,R0_kfold_f1_s44_v5ctl,best,25
ISIC_0033817,HAM_0001249,HAM_0001249,60+,ham,6,False,6,0.0012361063,0.0012047257,0.0012117765,0.008960048,0.0007869306,0.0007370011,0.9858634,0.0032277626,1,R0_kfold_f1_s44_v5ctl,best,25
ISIC_0033826,HAM_0004206,HAM_0004206,40-59,ham,5,False,5,0.011076692,0.0069122612,0.006512406,0.067466214,0.006297471,0.8517838,0.049951185,0.024286425,1,R0_kfold_f1_s44_v5ctl,best,25
ISIC_0033827,HAM_0001697,HAM_0001697,<40,ham,5,False,5,0.01055012,0.007053155,0.0070462134,0.0688295,0.005899679,0.85291225,0.047708925,0.023502953,1,R0_kfold_f1_s44_v5ctl,best,25
ISIC_0033836,HAM_0001405,HAM_0001405,40-59,ham,5,False,5,0.01073612,0.0072161467,0.0065907408,0.068677686,0.006825822,0.8493561,0.050597377,0.024778089,1,R0_kfold_f1_s44_v5ctl,best,25
ISIC_0033844,HAM_0003480,HAM_0003480,60+,ham,6,False,6,0.00158515,0.0014197449,0.0011402675,0.011662572,0.0018362819,0.0006894367,0.98166656,0.004841177,1,R0_kfold_f1_s44_v5ctl,best,25
ISIC_0033846,HAM_0006516,HAM_0006516,<40,ham,5,False,5,0.012029683,0.007573511,0.008004068,0.07006608,0.010145783,0.8430906,0.049090233,0.029748978,1,R0_kfold_f1_s44_v5ctl,best,25
ISIC_0033861,HAM_0004599,HAM_0004599,<40,ham,5,False,5,0.010354909,0.007410461,0.006419893,0.07085326,0.020490315,0.83734226,0.04712882,0.038255684,1,R0_kfold_f1_s44_v5ctl,best,25
ISIC_0033866,HAM_0000239,HAM_0000239,60+,ham,0,True,0,0.8741508,0.004152374,0.026345436,0.049830582,0.0030419587,0.0023871071,0.040091638,0.88134515,1,R0_kfold_f1_s44_v5ctl,best,25
ISIC_0033868,HAM_0001837,HAM_0001837,60+,ham,2,False,2,0.007703507,0.0052072066,0.89176315,0.04822444,0.0037259895,0.009538382,0.033837326,0.016636703,1,R0_kfold_f1_s44_v5ctl,best,25
ISIC_0033900,HAM_0002040,HAM_0002040,40-59,ham,2,False,2,0.0061612,0.0039235754,0.9053744,0.04393654,0.0045488304,0.0041821008,0.031873345,0.014633605,1,R0_kfold_f1_s44_v5ctl,best,25
ISIC_0033903,HAM_0003367,HAM_0003367,40-59,ham,5,False,5,0.011796108,0.0077677285,0.008377343,0.07144463,0.008890597,0.8398181,0.051905412,0.028454434,1,R0_kfold_f1_s44_v5ctl,best,25
ISIC_0033908,HAM_0003978,HAM_0003978,60+,ham,2,False,2,0.008142017,0.005545629,0.8940735,0.050113387,0.0038355005,0.0030026399,0.035287227,0.017523147,1,R0_kfold_f1_s44_v5ctl,best,25
ISIC_0033932,HAM_0004303,HAM_0004303,60+,ham,5,False,5,0.01364238,0.0071677966,0.006297803,0.06936652,0.007052778,0.84384185,0.052630853,0.027862953,1,R0_kfold_f1_s44_v5ctl,best,25
ISIC_0033936,HAM_0000216,HAM_0000216,<40,ham,5,False,4,0.0113296015,0.0066566938,0.008110066,0.07628801,0.80484265,0.03463784,0.058135062,0.82282895,1,R0_kfold_f1_s44_v5ctl,best,25
ISIC_0033937,HAM_0006813,HAM_0006813,<40,ham,5,False,5,0.010522527,0.007014305,0.0063644745,0.08076732,0.018657468,0.81891245,0.057761412,0.036194302,1,R0_kfold_f1_s44_v5ctl,best,25
ISIC_0033943,HAM_0001839,HAM_0001839,60+,ham,5,False,5,0.0133512365,0.009614898,0.018143028,0.08501692,0.0028798035,0.81677544,0.054218736,0.02584594,1,R0_kfold_f1_s44_v5ctl,best,25
ISIC_0033969,HAM_0000940,HAM_0000940,<40,ham,6,False,6,0.0019467239,0.0016951151,0.001862955,0.014016272,0.0015575996,0.00040342825,0.9785178,0.005199439,1,R0_kfold_f1_s44_v5ctl,best,25
ISIC_0033973,HAM_0005386,HAM_0005386,40-59,ham,2,False,5,0.0111402115,0.00773814,0.049294066,0.10573979,0.0041002445,0.74409515,0.07789242,0.022978596,1,R0_kfold_f1_s44_v5ctl,best,25
ISIC_0033976,HAM_0003181,HAM_0003181,<40,ham,5,False,5,0.012337392,0.0076942397,0.0066466653,0.07780925,0.014548996,0.8239209,0.05704252,0.034580626,1,R0_kfold_f1_s44_v5ctl,best,25
ISIC_0033979,HAM_0004848,HAM_0004848,60+,ham,1,True,1,0.012597984,0.8593181,0.00825615,0.061908104,0.006486528,0.0049419836,0.046491213,0.8784026,1,R0_kfold_f1_s44_v5ctl,best,25
ISIC_0033980,HAM_0003602,HAM_0003602,<40,ham,4,True,5,0.011790701,0.0071810097,0.006988851,0.06968283,0.007349908,0.84542525,0.05158131,0.02632162,1,R0_kfold_f1_s44_v5ctl,best,25
ISIC_0033986,HAM_0003602,HAM_0003602,<40,ham,4,True,5,0.011658128,0.0074465554,0.0070656673,0.06736917,0.007260444,0.84742135,0.051778723,0.026365127,1,R0_kfold_f1_s44_v5ctl,best,25
ISIC_0033987,HAM_0006148,HAM_0006148,60+,ham,2,False,2,0.00781441,0.005675513,0.8891024,0.051888224,0.005163008,0.0039988547,0.03635763,0.01865293,1,R0_kfold_f1_s44_v5ctl,best,25
ISIC_0033991,HAM_0006852,HAM_0006852,40-59,ham,6,False,6,0.0015554613,0.00089583755,0.0010859233,0.0071866554,0.0005330485,0.0005665894,0.9881765,0.0029843473,1,R0_kfold_f1_s44_v5ctl,best,25
ISIC_0033995,HAM_0005673,HAM_0005673,60+,ham,4,True,4,0.008455281,0.006868315,0.007910382,0.05882909,0.8655174,0.006826557,0.045593012,0.88084096,1,R0_kfold_f1_s44_v5ctl,best,25
ISIC_0033997,HAM_0006353,HAM_0006353,40-59,ham,5,False,5,0.011085911,0.007378107,0.0069718873,0.07173977,0.0086424565,0.8427562,0.05142568,0.027106475,1,R0_kfold_f1_s44_v5ctl,best,25
ISIC_0034006,HAM_0000709,HAM_0000709,40-59,ham,4,True,4,0.008324124,0.008116003,0.011758532,0.057410553,0.86528146,0.004214313,0.04489494,0.8817216,1,R0_kfold_f1_s44_v5ctl,best,25
ISIC_0034008,HAM_0006610,HAM_0006610,40-59,ham,5,False,5,0.011288328,0.007730193,0.007312336,0.06521262,0.006389335,0.8487617,0.053305484,0.025407856,1,R0_kfold_f1_s44_v5ctl,best,25
ISIC_0034010,HAM_0001720,HAM_0001720,40-59,ham,5,False,4,0.009560712,0.0074328845,0.016126487,0.07876776,0.68587095,0.15140463,0.050836604,0.7028645,1,R0_kfold_f1_s44_v5ctl,best,25
ISIC_0034017,HAM_0000067,HAM_0000067,40-59,ham,5,False,1,0.077898346,0.3664186,0.012949783,0.18055977,0.0066101123,0.2631822,0.09238113,0.45092708,1,R0_kfold_f1_s44_v5ctl,best,25
ISIC_0034024,HAM_0002008,HAM_0002008,60+,ham,2,False,2,0.007312737,0.004677826,0.8978793,0.04648747,0.0043930076,0.0032652516,0.035984427,0.01638357,1,R0_kfold_f1_s44_v5ctl,best,25
ISIC_0034030,HAM_0003181,HAM_0003181,<40,ham,5,False,5,0.011798089,0.007679861,0.007553477,0.0774233,0.008923679,0.8308833,0.055738278,0.028401628,1,R0_kfold_f1_s44_v5ctl,best,25
ISIC_0034054,HAM_0000675,HAM_0000675,<40,ham,5,False,5,0.011797447,0.0066816206,0.009216975,0.07211263,0.010978677,0.83664,0.052572597,0.029457744,1,R0_kfold_f1_s44_v5ctl,best,25
ISIC_0034063,HAM_0002596,HAM_0002596,<40,ham,5,False,5,0.011058405,0.007522925,0.005944719,0.06753693,0.0056752716,0.8524388,0.049822967,0.024256602,1,R0_kfold_f1_s44_v5ctl,best,25
ISIC_0034069,HAM_0003441,HAM_0003441,40-59,ham,5,False,5,0.014299363,0.007627592,0.00600111,0.08477407,0.08522782,0.74100196,0.06106814,0.10715477,1,R0_kfold_f1_s44_v5ctl,best,25
ISIC_0034071,HAM_0006435,HAM_0006435,40-59,ham,4,True,4,0.009540573,0.0070201303,0.007796188,0.07825931,0.8206374,0.021095062,0.05565135,0.83719814,1,R0_kfold_f1_s44_v5ctl,best,25
ISIC_0034083,HAM_0000304,HAM_0000304,40-59,ham,5,False,5,0.011816735,0.007519538,0.0071739685,0.071100876,0.0068661813,0.84185004,0.053672686,0.026202455,1,R0_kfold_f1_s44_v5ctl,best,25
ISIC_0034088,HAM_0006666,HAM_0006666,<40,ham,5,False,5,0.011108836,0.0074360925,0.011872286,0.06212257,0.005759406,0.8505342,0.051166598,0.024304334,1,R0_kfold_f1_s44_v5ctl,best,25
ISIC_0034114,HAM_0004212,HAM_0004212,40-59,ham,5,False,5,0.010948579,0.0071349703,0.0069932113,0.067710996,0.0063817417,0.8505249,0.050305597,0.024465293,1,R0_kfold_f1_s44_v5ctl,best,25
ISIC_0034121,HAM_0000216,HAM_0000216,<40,ham,5,False,5,0.011427969,0.0082528135,0.0068055037,0.07315591,0.009228158,0.8396895,0.051440135,0.028908942,1,R0_kfold_f1_s44_v5ctl,best,25
ISIC_0034124,HAM_0004599,HAM_0004599,<40,ham,5,False,5,0.0116802985,0.0072166095,0.00695926,0.069924764,0.009898156,0.8449319,0.049389046,0.028795063,1,R0_kfold_f1_s44_v5ctl,best,25
ISIC_0034153,HAM_0000067,HAM_0000067,40-59,ham,5,False,5,0.029046705,0.04358989,0.0043201963,0.09120166,0.023550319,0.7008761,0.10741511,0.09618691,1,R0_kfold_f1_s44_v5ctl,best,25
ISIC_0034156,HAM_0001097,HAM_0001097,40-59,ham,5,False,5,0.012819565,0.008257648,0.008639045,0.07363881,0.0076458976,0.83645225,0.0525468,0.02872311,1,R0_kfold_f1_s44_v5ctl,best,25
ISIC_0034169,HAM_0001785,HAM_0001785,40-59,ham,3,False,4,0.035892412,0.01239048,0.004776338,0.06518686,0.8275242,0.0037758243,0.050453853,0.87580705,1,R0_kfold_f1_s44_v5ctl,best,25
ISIC_0034173,HAM_0005021,HAM_0005021,60+,ham,4,True,4,0.017775193,0.005283014,0.034204867,0.08017031,0.75362545,0.026559614,0.0823815,0.7766837,1,R0_kfold_f1_s44_v5ctl,best,25
ISIC_0034177,HAM_0006239,HAM_0006239,60+,ham,5,False,5,0.011612898,0.0071524754,0.0068996465,0.06891363,0.0072863395,0.84934884,0.048786107,0.026051713,1,R0_kfold_f1_s44_v5ctl,best,25
ISIC_0034183,HAM_0003073,HAM_0003073,40-59,ham,4,True,5,0.010424036,0.0062103397,0.008347519,0.067789495,0.008698119,0.84968466,0.048845895,0.025332494,1,R0_kfold_f1_s44_v5ctl,best,25
ISIC_0034188,HAM_0003506,HAM_0003506,60+,ham,4,True,5,0.014733856,0.010960722,0.01026667,0.07778684,0.005671262,0.82451326,0.056067325,0.03136584,1,R0_kfold_f1_s44_v5ctl,best,25
ISIC_0034190,HAM_0003325,HAM_0003325,<40,ham,5,False,6,0.0036667387,0.0021158496,0.0022522502,0.01860354,0.0016906019,0.0039158305,0.96775514,0.0074731903,1,R0_kfold_f1_s44_v5ctl,best,25
ISIC_0034218,HAM_0002671,HAM_0002671,60+,ham,4,True,4,0.010904822,0.00701007,0.007702732,0.0632186,0.85771877,0.0048103845,0.04863456,0.87563366,1,R0_kfold_f1_s44_v5ctl,best,25
ISIC_0034219,HAM_0004165,HAM_0004165,60+,ham,5,False,5,0.012619291,0.007351342,0.011411446,0.078778334,0.007786195,0.8240462,0.058007203,0.027756829,1,R0_kfold_f1_s44_v5ctl,best,25
ISIC_0034226,HAM_0001905,HAM_0001905,40-59,ham,5,False,5,0.011283274,0.008669541,0.008131343,0.07462728,0.008616213,0.83685446,0.05181789,0.028569028,1,R0_kfold_f1_s44_v5ctl,best,25
ISIC_0034227,HAM_0003505,HAM_0003505,40-59,ham,5,False,5,0.010869278,0.00730727,0.007440146,0.066452384,0.005654338,0.8529072,0.049369447,0.023830887,1,R0_kfold_f1_s44_v5ctl,best,25
ISIC_0034228,HAM_0004213,HAM_0004213,40-59,ham,5,False,5,0.010011962,0.009623135,0.013151693,0.072497316,0.005388621,0.84002995,0.049297392,0.025023717,1,R0_kfold_f1_s44_v5ctl,best,25
ISIC_0034232,HAM_0000216,HAM_0000216,<40,ham,5,False,5,0.013599024,0.009363218,0.008890176,0.09063535,0.027513986,0.78513163,0.064866595,0.05047623,1,R0_kfold_f1_s44_v5ctl,best,25
ISIC_0034250,HAM_0004352,HAM_0004352,40-59,ham,5,False,5,0.012360914,0.0074461466,0.007653861,0.0711657,0.0072546476,0.8435817,0.050537076,0.027061706,1,R0_kfold_f1_s44_v5ctl,best,25
ISIC_0034263,HAM_0002671,HAM_0002671,60+,ham,4,True,4,0.010082927,0.005686749,0.00857502,0.059519656,0.86887026,0.0040913965,0.043173913,0.8846399,1,R0_kfold_f1_s44_v5ctl,best,25
ISIC_0034268,HAM_0006666,HAM_0006666,<40,ham,5,False,5,0.012512235,0.007835219,0.008334175,0.06779964,0.0066603078,0.844526,0.052332494,0.027007762,1,R0_kfold_f1_s44_v5ctl,best,25
ISIC_0034289,HAM_0006545,HAM_0006545,40-59,ham,4,True,5,0.011271043,0.0076442165,0.0068673072,0.07210623,0.008663486,0.8420664,0.051381394,0.027578745,1,R0_kfold_f1_s44_v5ctl,best,25
ISIC_0034301,HAM_0001943,HAM_0001943,<40,ham,5,False,5,0.01015588,0.007599453,0.005804917,0.06961784,0.006251953,0.8504347,0.05013522,0.024007287,1,R0_kfold_f1_s44_v5ctl,best,25
ISIC_0034302,HAM_0004215,HAM_0004215,40-59,ham,5,False,5,0.011203284,0.007213268,0.0073875133,0.07222944,0.007202497,0.8441679,0.05059612,0.025619049,1,R0_kfold_f1_s44_v5ctl,best,25
ISIC_0034313,HAM_0003679,HAM_0003679,40-59,ham,4,True,4,0.0126947975,0.010631738,0.008426153,0.06513252,0.8530679,0.00509479,0.044952147,0.8763944,1,R0_kfold_f1_s44_v5ctl,best,25
ISIC_0053466,BCN_0002221,BCN_0002221,40-59,bcn20000,5,False,5,0.011453423,0.00845754,0.009743499,0.07537566,0.005904139,0.83463615,0.054429613,0.0258151,1,R0_kfold_f1_s44_v5ctl,best,25
ISIC_0053491,BCN_0001747,BCN_0001747,60+,bcn20000,4,True,4,0.012607056,0.007965697,0.0041976217,0.059219554,0.86403686,0.005197443,0.046775788,0.8846096,1,R0_kfold_f1_s44_v5ctl,best,25
ISIC_0053508,BCN_0005607,BCN_0005607,60+,bcn20000,4,True,4,0.02622229,0.027711563,0.0075900615,0.10081795,0.7769758,0.0037999053,0.056882344,0.83090967,1,R0_kfold_f1_s44_v5ctl,best,25
ISIC_0053522,BCN_0004638,BCN_0004638,60+,bcn20000,2,False,2,0.007455325,0.0064262883,0.8882087,0.046550278,0.0034727661,0.007070373,0.040816337,0.01735438,1,R0_kfold_f1_s44_v5ctl,best,25
ISIC_0053556,BCN_0004165,BCN_0004165,60+,bcn20000,5,False,5,0.009484715,0.008229767,0.02771741,0.079106145,0.004023747,0.8199238,0.051514406,0.02173823,1,R0_kfold_f1_s44_v5ctl,best,25
ISIC_0053588,BCN_0002007,BCN_0002007,<40,bcn20000,5,False,5,0.011031013,0.008409268,0.008136749,0.07339505,0.009442144,0.8369613,0.052624464,0.028882425,1,R0_kfold_f1_s44_v5ctl,best,25
ISIC_0053609,BCN_0003520,BCN_0003520,60+,bcn20000,5,False,5,0.01103333,0.007663156,0.0066943504,0.06621294,0.007738229,0.84455377,0.056104206,0.026434716,1,R0_kfold_f1_s44_v5ctl,best,25
ISIC_0053648,BCN_0004938,BCN_0004938,40-59,bcn20000,1,True,1,0.013833124,0.8484817,0.015814813,0.06274832,0.005628629,0.0054499637,0.04804336,0.86794347,1,R0_kfold_f1_s44_v5ctl,best,25
ISIC_0053677,BCN_0002933,BCN_0002933,<40,bcn20000,5,False,4,0.009666546,0.0065269195,0.005375963,0.053770762,0.8786177,0.0032111583,0.042830944,0.89481115,1,R0_kfold_f1_s44_v5ctl,best,25
ISIC_0053712,BCN_0005104,BCN_0005104,60+,bcn20000,1,True,4,0.08123618,0.019389424,0.0021106452,0.07451202,0.7664563,0.00232072,0.053974733,0.8670819,1,R0_kfold_f1_s44_v5ctl,best,25
ISIC_0053713,BCN_0004532,BCN_0004532,40-59,bcn20000,5,False,5,0.013273318,0.006832916,0.0068301633,0.06406416,0.008012533,0.8526736,0.048313316,0.028118767,1,R0_kfold_f1_s44_v5ctl,best,25
ISIC_0053732,BCN_0004472,BCN_0004472,<40,bcn20000,5,False,4,0.014669412,0.00968941,0.0070087407,0.10806678,0.68660253,0.09696735,0.0769958,0.71096134,1,R0_kfold_f1_s44_v5ctl,best,25
ISIC_0053736,BCN_0004556,BCN_0004556,60+,bcn20000,0,True,0,0.81778556,0.008988635,0.014854059,0.061354302,0.0061658025,0.03450873,0.05634288,0.83294,1,R0_kfold_f1_s44_v5ctl,best,25
ISIC_0053761,BCN_0000728,BCN_0000728,60+,bcn20000,4,True,4,0.026192436,0.013970299,0.0049833586,0.07322544,0.824935,0.0019510869,0.054742433,0.86509776,1,R0_kfold_f1_s44_v5ctl,best,25
ISIC_0053762,BCN_0004942,BCN_0004942,60+,bcn20000,1,True,1,0.007656929,0.87498355,0.008496339,0.055029854,0.0065509584,0.004503673,0.042778727,0.88919145,1,R0_kfold_f1_s44_v5ctl,best,25
ISIC_0053771,BCN_0003565,BCN_0003565,40-59,bcn20000,1,True,5,0.008679239,0.012510666,0.013591743,0.09293255,0.0039473022,0.8220987,0.046239786,0.025137208,1,R0_kfold_f1_s44_v5ctl,best,25
ISIC_0053772,BCN_0001264,BCN_0001264,40-59,bcn20000,1,True,1,0.011073762,0.874729,0.007320598,0.056130774,0.0050572585,0.0038470882,0.04184159,0.89086,1,R0_kfold_f1_s44_v5ctl,best,25
ISIC_0053801,BCN_0001087,BCN_0001087,60+,bcn20000,4,True,5,0.010355433,0.009796798,0.006339906,0.07351154,0.02553279,0.81690264,0.057560984,0.045685023,1,R0_kfold_f1_s44_v5ctl,best,25
ISIC_0053811,BCN_0000070,BCN_0000070,<40,bcn20000,5,False,4,0.018459154,0.010236165,0.0057061715,0.11231458,0.5478573,0.2229288,0.082497865,0.5765526,1,R0_kfold_f1_s44_v5ctl,best,25
ISIC_0053813,BCN_0003393,BCN_0003393,unknown,bcn20000,1,True,1,0.009873095,0.86459136,0.006622745,0.061868366,0.0061431406,0.0050178794,0.045883432,0.8806076,1,R0_kfold_f1_s44_v5ctl,best,25
ISIC_0053861,BCN_0002619,BCN_0002619,40-59,bcn20000,5,False,2,0.020108994,0.09004898,0.64122,0.13041651,0.0013208764,0.009699406,0.10718519,0.11147886,1,R0_kfold_f1_s44_v5ctl,best,25
ISIC_0053903,BCN_0003082,BCN_0003082,60+,bcn20000,0,True,1,0.005370068,0.6575722,0.16136822,0.09504404,0.006380323,0.00522762,0.0690375,0.6693226,1,R0_kfold_f1_s44_v5ctl,best,25
ISIC_0053918,BCN_0005502,BCN_0005502,40-59,bcn20000,5,False,5,0.008314647,0.007860873,0.010159613,0.060981203,0.0036644551,0.85726035,0.051758785,0.019839974,1,R0_kfold_f1_s44_v5ctl,best,25
ISIC_0053928,BCN_0003169,BCN_0003169,40-59,bcn20000,1,True,1,0.0053753564,0.85345554,0.0036908078,0.05372351,0.005239716,0.007774388,0.07074066,0.86407065,1,R0_kfold_f1_s44_v5ctl,best,25
ISIC_0053932,BCN_0003580,BCN_0003580,40-59,bcn20000,2,False,2,0.07258968,0.0068200915,0.73587656,0.09278169,0.0009276376,0.02480945,0.066194914,0.080337405,1,R0_kfold_f1_s44_v5ctl,best,25
ISIC_0053940,BCN_0000085,BCN_0000085,40-59,bcn20000,5,False,5,0.013328071,0.009374332,0.0072645317,0.07027379,0.0050179833,0.83874923,0.05599204,0.027720386,1,R0_kfold_f1_s44_v5ctl,best,25
ISIC_0053948,BCN_0004122,BCN_0004122,60+,bcn20000,5,False,4,0.011140601,0.0055756625,0.016165534,0.06716051,0.84465283,0.0069014267,0.048403382,0.8613691,1,R0_kfold_f1_s44_v5ctl,best,25
ISIC_0053950,BCN_0000079,BCN_0000079,60+,bcn20000,0,True,1,0.059285972,0.75460756,0.008037675,0.08778203,0.012176564,0.0063646883,0.07174547,0.82607013,1,R0_kfold_f1_s44_v5ctl,best,25
ISIC_0053960,BCN_0002558,BCN_0002558,40-59,bcn20000,4,True,4,0.01126811,0.007437956,0.0077382796,0.06893894,0.8507271,0.005573859,0.048315786,0.86943316,1,R0_kfold_f1_s44_v5ctl,best,25
ISIC_0053972,BCN_0000023,BCN_0000023,60+,bcn20000,1,True,0,0.8446114,0.03258785,0.010557754,0.06433126,0.0016009994,0.0012744564,0.04503623,0.8788002,1,R0_kfold_f1_s44_v5ctl,best,25
ISIC_0053980,BCN_0004592,BCN_0004592,60+,bcn20000,4,True,0,0.923457,0.0048629153,0.0050245277,0.0349237,0.0026483412,0.0027143476,0.026369197,0.9309683,1,R0_kfold_f1_s44_v5ctl,best,25
ISIC_0053982,BCN_0000645,BCN_0000645,40-59,bcn20000,5,False,5,0.018284043,0.008433889,0.006789826,0.10686149,0.1201436,0.6558314,0.083655745,0.14686152,1,R0_kfold_f1_s44_v5ctl,best,25
ISIC_0053990,BCN_0002676,BCN_0002676,60+,bcn20000,2,False,1,0.021178616,0.61512077,0.014049944,0.15088752,0.0089459345,0.105412185,0.08440502,0.6452453,1,R0_kfold_f1_s44_v5ctl,best,25
ISIC_0054002,BCN_0003829,BCN_0003829,40-59,bcn20000,2,False,5,0.011270705,0.008546006,0.008702268,0.06644293,0.0043365834,0.8481045,0.05259691,0.024153296,1,R0_kfold_f1_s44_v5ctl,best,25
ISIC_0054022,BCN_0001636,BCN_0001636,<40,bcn20000,5,False,5,0.009077049,0.0070347595,0.00873426,0.083567366,0.006815706,0.8359228,0.04884802,0.022927513,1,R0_kfold_f1_s44_v5ctl,best,25
ISIC_0054024,BCN_0002312,BCN_0002312,60+,bcn20000,4,True,4,0.009229413,0.006194943,0.006100386,0.059562843,0.8713418,0.0038860703,0.04368452,0.8867662,1,R0_kfold_f1_s44_v5ctl,best,25
ISIC_0054039,BCN_0004438,BCN_0004438,40-59,bcn20000,5,False,5,0.016067859,0.012866503,0.008210914,0.17280957,0.3315753,0.35286105,0.105608754,0.36050966,1,R0_kfold_f1_s44_v5ctl,best,25
ISIC_0054043,BCN_0002074,BCN_0002074,60+,bcn20000,4,True,4,0.0093600685,0.00688345,0.007536032,0.063955575,0.85926986,0.007232917,0.04576208,0.8755134,1,R0_kfold_f1_s44_v5ctl,best,25
ISIC_0054052,BCN_0002611,BCN_0002611,60+,bcn20000,0,True,2,0.023494273,0.016271353,0.8477154,0.06431949,0.0021061997,0.0014935448,0.044599764,0.041871827,1,R0_kfold_f1_s44_v5ctl,best,25
ISIC_0054053,BCN_0005263,BCN_0005263,60+,bcn20000,4,True,4,0.010105494,0.007971125,0.008468642,0.06762461,0.8500981,0.0069430405,0.048789017,0.8681747,1,R0_kfold_f1_s44_v5ctl,best,25
ISIC_0054063,BCN_0001264,BCN_0001264,40-59,bcn20000,1,True,1,0.010809967,0.87681603,0.006698622,0.05527997,0.005205174,0.0037377346,0.04145255,0.89283115,1,R0_kfold_f1_s44_v5ctl,best,25
ISIC_0054075,BCN_0000650,BCN_0000650,60+,bcn20000,1,True,1,0.010386108,0.8543681,0.01049483,0.059114717,0.0078802705,0.005597397,0.05215858,0.8726345,1,R0_kfold_f1_s44_v5ctl,best,25
ISIC_0054090,BCN_0001878,BCN_0001878,40-59,bcn20000,4,True,5,0.01114401,0.0068010576,0.007840102,0.067904495,0.005549104,0.8513801,0.049381193,0.023494173,1,R0_kfold_f1_s44_v5ctl,best,25
ISIC_0054119,BCN_0004423,BCN_0004423,<40,bcn20000,5,False,1,0.016536525,0.9109065,0.016875952,0.027498705,0.00090752257,0.0011591173,0.026115673,0.92835057,1,R0_kfold_f1_s44_v5ctl,best,25
ISIC_0054131,BCN_0002887,BCN_0002887,60+,bcn20000,6,False,6,0.0014291422,0.0012471979,0.000999359,0.009243565,0.0005395973,0.00061907654,0.98592204,0.0032159374,1,R0_kfold_f1_s44_v5ctl,best,25
ISIC_0054138,BCN_0002675,BCN_0002675,60+,bcn20000,4,True,4,0.01595452,0.00994833,0.011707799,0.07122418,0.8341738,0.0051638237,0.0518275,0.86007667,1,R0_kfold_f1_s44_v5ctl,best,25
ISIC_0054157,BCN_0003624,BCN_0003624,60+,bcn20000,5,False,4,0.0074233627,0.008099349,0.013108646,0.12366153,0.761827,0.017466087,0.06841404,0.7773497,1,R0_kfold_f1_s44_v5ctl,best,25
ISIC_0054165,BCN_0003126,BCN_0003126,60+,bcn20000,2,False,2,0.0070099155,0.003384305,0.87721187,0.057868894,0.0057791034,0.00535364,0.043392308,0.016173324,1,R0_kfold_f1_s44_v5ctl,best,25
ISIC_0054168,BCN_0004165,BCN_0004165,60+,bcn20000,5,False,2,0.005651842,0.0051988345,0.843599,0.06680105,0.0067498116,0.026448745,0.045550622,0.017600488,1,R0_kfold_f1_s44_v5ctl,best,25
ISIC_0054169,BCN_0005428,BCN_0005428,60+,bcn20000,1,True,1,0.009853044,0.87634146,0.007493008,0.054584596,0.005688077,0.0047630724,0.041276682,0.8918826,1,R0_kfold_f1_s44_v5ctl,best,25
ISIC_0054189,BCN_0004759,BCN_0004759,60+,bcn20000,1,True,5,0.018600278,0.012627102,0.020891674,0.089514054,0.0023330871,0.788321,0.0677128,0.033560466,1,R0_kfold_f1_s44_v5ctl,best,25
ISIC_0054190,BCN_0000023,BCN_0000023,60+,bcn20000,1,True,0,0.5951254,0.22011179,0.0106016,0.10266573,0.003184468,0.0015815028,0.06672949,0.81842166,1,R0_kfold_f1_s44_v5ctl,best,25
ISIC_0054239,BCN_0001087,BCN_0001087,60+,bcn20000,4,True,5,0.015133264,0.013426719,0.013012574,0.13452601,0.33362472,0.36691,0.12336676,0.3621847,1,R0_kfold_f1_s44_v5ctl,best,25
ISIC_0054243,BCN_0003890,BCN_0003890,60+,bcn20000,1,True,1,0.008658107,0.70745796,0.003546058,0.07765161,0.004310349,0.06814865,0.13022721,0.72042644,1,R0_kfold_f1_s44_v5ctl,best,25
ISIC_0054271,BCN_0000740,BCN_0000740,40-59,bcn20000,0,True,0,0.8982107,0.0026545245,0.011768507,0.057988394,0.0013381531,0.0013985228,0.026641231,0.9022034,1,R0_kfold_f1_s44_v5ctl,best,25
ISIC_0054272,BCN_0004918,BCN_0004918,40-59,bcn20000,0,True,1,0.009336456,0.8841979,0.0068650385,0.050582107,0.0053622993,0.0050663287,0.03858986,0.89889663,1,R0_kfold_f1_s44_v5ctl,best,25
ISIC_0054274,BCN_0000728,BCN_0000728,60+,bcn20000,4,True,4,0.012511174,0.012689231,0.0058037,0.06419052,0.8528658,0.004476752,0.04746289,0.87806624,1,R0_kfold_f1_s44_v5ctl,best,25
ISIC_0054286,BCN_0003080,BCN_0003080,<40,bcn20000,5,False,5,0.01264075,0.007699334,0.009165202,0.06715299,0.00710355,0.8451344,0.05110375,0.027443634,1,R0_kfold_f1_s44_v5ctl,best,25
ISIC_0054298,BCN_0001116,BCN_0001116,<40,bcn20000,5,False,2,0.0077746375,0.020559782,0.7961821,0.09232017,0.0068354816,0.008328703,0.06799904,0.035169903,1,R0_kfold_f1_s44_v5ctl,best,25
ISIC_0054308,BCN_0005101,BCN_0005101,40-59,bcn20000,5,False,5,0.03068034,0.006939273,0.00810382,0.07747272,0.0054939315,0.8233702,0.047939688,0.043113545,1,R0_kfold_f1_s44_v5ctl,best,25
ISIC_0054317,BCN_0004288,BCN_0004288,60+,bcn20000,4,True,1,0.018066231,0.82791483,0.0074211005,0.07287304,0.014623378,0.007468607,0.051632766,0.86060447,1,R0_kfold_f1_s44_v5ctl,best,25
ISIC_0054332,BCN_0001426,BCN_0001426,40-59,bcn20000,4,True,5,0.017664883,0.013084967,0.0134485215,0.123876445,0.08613147,0.65304995,0.092743844,0.11688132,1,R0_kfold_f1_s44_v5ctl,best,25
ISIC_0054333,BCN_0004556,BCN_0004556,60+,bcn20000,0,True,1,0.0265,0.652293,0.010649118,0.111134335,0.045026977,0.06586036,0.08853621,0.72382,1,R0_kfold_f1_s44_v5ctl,best,25
ISIC_0054336,BCN_0000655,BCN_0000655,60+,bcn20000,2,False,5,0.03515989,0.0111712795,0.05466689,0.10485106,0.0031892662,0.7206952,0.07026641,0.049520433,1,R0_kfold_f1_s44_v5ctl,best,25
ISIC_0054347,BCN_0000083,BCN_0000083,60+,bcn20000,1,True,1,0.010090953,0.883242,0.006690072,0.052029297,0.0049133273,0.0039427443,0.039091606,0.8982463,1,R0_kfold_f1_s44_v5ctl,best,25
ISIC_0054350,BCN_0002789,BCN_0002789,60+,bcn20000,4,True,4,0.008449532,0.00634367,0.0065791844,0.05420381,0.8792318,0.0051224693,0.04006953,0.894025,1,R0_kfold_f1_s44_v5ctl,best,25
ISIC_0054387,BCN_0001216,BCN_0001216,<40,bcn20000,5,False,5,0.012665747,0.006895645,0.01001008,0.07210344,0.005952115,0.8298902,0.06248278,0.025513507,1,R0_kfold_f1_s44_v5ctl,best,25
ISIC_0054390,BCN_0003156,BCN_0003156,60+,bcn20000,1,True,1,0.009344415,0.88691753,0.0052797976,0.049736552,0.0049359966,0.0038391387,0.039946552,0.9011979,1,R0_kfold_f1_s44_v5ctl,best,25
ISIC_0054404,BCN_0001737,BCN_0001737,<40,bcn20000,5,False,5,0.010967244,0.008161076,0.007905545,0.06687527,0.0072649824,0.8457423,0.053083595,0.026393304,1,R0_kfold_f1_s44_v5ctl,best,25
ISIC_0054418,BCN_0005207,BCN_0005207,<40,bcn20000,5,False,5,0.011401694,0.008233831,0.007990136,0.072302714,0.0084174825,0.8394648,0.052189305,0.028053008,1,R0_kfold_f1_s44_v5ctl,best,25
ISIC_0054427,BCN_0001516,BCN_0001516,60+,bcn20000,4,True,4,0.00784437,0.0071883495,0.006082936,0.055392534,0.8755841,0.005500632,0.042407017,0.89061683,1,R0_kfold_f1_s44_v5ctl,best,25
ISIC_0054444,BCN_0001204,BCN_0001204,60+,bcn20000,4,True,5,0.01122542,0.007697939,0.0047045336,0.07220816,0.008676045,0.84374803,0.05173978,0.027599404,1,R0_kfold_f1_s44_v5ctl,best,25
ISIC_0054459,BCN_0001724,BCN_0001724,60+,bcn20000,4,True,4,0.010129203,0.00711176,0.0074229343,0.062402368,0.86163574,0.006369024,0.04492889,0.8788767,1,R0_kfold_f1_s44_v5ctl,best,25
ISIC_0054475,BCN_0001492,BCN_0001492,<40,bcn20000,5,False,5,0.010191431,0.008041663,0.009264711,0.06898068,0.0050715236,0.8480202,0.05042986,0.023304619,1,R0_kfold_f1_s44_v5ctl,best,25
ISIC_0054478,BCN_0002808,BCN_0002808,<40,bcn20000,5,False,5,0.012095242,0.008317213,0.008680427,0.074477725,0.0070749247,0.8363062,0.05304829,0.027487379,1,R0_kfold_f1_s44_v5ctl,best,25
ISIC_0054502,BCN_0004989,BCN_0004989,40-59,bcn20000,5,False,4,0.007987871,0.010670949,0.0075408844,0.07203762,0.8356548,0.012412462,0.053695373,0.8543136,1,R0_kfold_f1_s44_v5ctl,best,25
ISIC_0054508,BCN_0003267,BCN_0003267,<40,bcn20000,5,False,5,0.012588555,0.006768625,0.008649203,0.06885302,0.0070731663,0.84168404,0.05438333,0.026430346,1,R0_kfold_f1_s44_v5ctl,best,25
ISIC_0054510,BCN_0000545,BCN_0000545,<40,bcn20000,5,False,5,0.014522485,0.00751345,0.007836313,0.09532722,0.027630664,0.77465206,0.07251785,0.0496666,1,R0_kfold_f1_s44_v5ctl,best,25
ISIC_0054514,BCN_0001595,BCN_0001595,<40,bcn20000,5,False,5,0.010632536,0.008173606,0.006959923,0.069283985,0.0055830283,0.8486668,0.050700065,0.02438917,1,R0_kfold_f1_s44_v5ctl,best,25
ISIC_0054542,BCN_0001254,BCN_0001254,60+,bcn20000,1,True,1,0.008168028,0.8773619,0.005051862,0.056678474,0.008470699,0.006331229,0.037937723,0.89400065,1,R0_kfold_f1_s44_v5ctl,best,25
ISIC_0054543,BCN_0002676,BCN_0002676,60+,bcn20000,2,False,5,0.01259555,0.007186381,0.006128692,0.07168024,0.029043803,0.8152725,0.058092777,0.048825733,1,R0_kfold_f1_s44_v5ctl,best,25
ISIC_0054570,BCN_0004217,BCN_0004217,40-59,bcn20000,4,True,5,0.024223687,0.014063629,0.0075498912,0.12567616,0.07344049,0.6833103,0.07173591,0.111727804,1,R0_kfold_f1_s44_v5ctl,best,25
ISIC_0054575,BCN_0004570,BCN_0004570,40-59,bcn20000,1,True,5,0.05354385,0.15006332,0.009393603,0.1210242,0.004321908,0.57470787,0.08694525,0.20792907,1,R0_kfold_f1_s44_v5ctl,best,25
ISIC_0054583,BCN_0000740,BCN_0000740,40-59,bcn20000,0,True,0,0.90194994,0.0032859303,0.018119322,0.045761984,0.0011228138,0.0011666495,0.028593298,0.9063587,1,R0_kfold_f1_s44_v5ctl,best,25
ISIC_0054596,BCN_0004532,BCN_0004532,40-59,bcn20000,5,False,5,0.032753706,0.29752344,0.0071662315,0.1288453,0.018371481,0.40584195,0.10949788,0.34864864,1,R0_kfold_f1_s44_v5ctl,best,25
ISIC_0054606,BCN_0000732,BCN_0000732,60+,bcn20000,0,True,0,0.83728325,0.003772231,0.011439558,0.06370955,0.009305503,0.037640028,0.036849897,0.850361,1,R0_kfold_f1_s44_v5ctl,best,25
ISIC_0054629,BCN_0003849,BCN_0003849,60+,bcn20000,4,True,4,0.004494036,0.006984444,0.015966346,0.062398095,0.8332185,0.021628827,0.05530968,0.844697,1,R0_kfold_f1_s44_v5ctl,best,25
ISIC_0054653,BCN_0000018,BCN_0000018,60+,bcn20000,1,True,1,0.014812047,0.76278216,0.010468923,0.096251674,0.004011396,0.04727863,0.064395234,0.7816056,1,R0_kfold_f1_s44_v5ctl,best,25
ISIC_0054665,BCN_0004759,BCN_0004759,60+,bcn20000,1,True,5,0.013417757,0.01032076,0.0071528107,0.07574674,0.0054847966,0.8331355,0.05474156,0.029223315,1,R0_kfold_f1_s44_v5ctl,best,25
ISIC_0054677,BCN_0005069,BCN_0005069,40-59,bcn20000,4,True,4,0.012095067,0.0098043885,0.0073702005,0.08538218,0.78903484,0.032259822,0.064053535,0.8109343,1,R0_kfold_f1_s44_v5ctl,best,25
ISIC_0054689,BCN_0004040,BCN_0004040,60+,bcn20000,0,True,0,0.9195059,0.0074329823,0.0017612352,0.040458333,0.0066880384,0.0017918871,0.022361672,0.93362695,1,R0_kfold_f1_s44_v5ctl,best,25
ISIC_0054711,BCN_0002007,BCN_0002007,<40,bcn20000,5,False,5,0.010644679,0.008060425,0.008119635,0.07581177,0.0060295663,0.83659565,0.054738373,0.02473467,1,R0_kfold_f1_s44_v5ctl,best,25
ISIC_0054717,BCN_0003824,BCN_0003824,60+,bcn20000,1,True,0,0.76913416,0.11362412,0.004070561,0.062680736,0.0024191516,0.0019157208,0.046155576,0.88517743,1,R0_kfold_f1_s44_v5ctl,best,25
ISIC_0054723,BCN_0001559,BCN_0001559,60+,bcn20000,1,True,1,0.011044985,0.8955448,0.0066501363,0.046539966,0.0037964222,0.0038706206,0.032553077,0.9103862,1,R0_kfold_f1_s44_v5ctl,best,25
ISIC_0054727,BCN_0005325,BCN_0005325,40-59,bcn20000,5,False,5,0.010885642,0.008715077,0.0076058777,0.07186042,0.006788703,0.8452059,0.048938356,0.026389422,1,R0_kfold_f1_s44_v5ctl,best,25
ISIC_0054745,BCN_0002255,BCN_0002255,60+,bcn20000,1,True,5,0.01757151,0.011415168,0.025197802,0.15039733,0.009228214,0.69494355,0.09124641,0.038214892,1,R0_kfold_f1_s44_v5ctl,best,25
ISIC_0054758,BCN_0000320,BCN_0000320,40-59,bcn20000,5,False,1,0.009710901,0.875229,0.007098068,0.057278696,0.004912196,0.004427493,0.041343622,0.8898521,1,R0_kfold_f1_s44_v5ctl,best,25
ISIC_0054780,BCN_0004982,BCN_0004982,<40,bcn20000,2,False,5,0.012378871,0.007406163,0.007494937,0.06860035,0.00844041,0.8468161,0.048863113,0.028225444,1,R0_kfold_f1_s44_v5ctl,best,25
ISIC_0054787,BCN_0000680,BCN_0000680,40-59,bcn20000,4,True,5,0.012218149,0.00845203,0.007814218,0.0692768,0.0054399343,0.84572387,0.05107503,0.026110113,1,R0_kfold_f1_s44_v5ctl,best,25
ISIC_0054792,BCN_0003820,BCN_0003820,60+,bcn20000,5,False,5,0.012716322,0.008219962,0.008742571,0.06909242,0.005556001,0.84187335,0.053799342,0.026492285,1,R0_kfold_f1_s44_v5ctl,best,25
ISIC_0054804,BCN_0001363,BCN_0001363,40-59,bcn20000,2,False,0,0.9247854,0.0036768196,0.0061905314,0.02979583,0.003302588,0.0027112798,0.02953753,0.9317648,1,R0_kfold_f1_s44_v5ctl,best,25
ISIC_0054836,BCN_0005554,BCN_0005554,60+,bcn20000,1,True,2,0.044092633,0.018180633,0.76371753,0.10512067,0.0126002515,0.00161399,0.054674216,0.074873514,1,R0_kfold_f1_s44_v5ctl,best,25
ISIC_0054850,BCN_0004128,BCN_0004128,40-59,bcn20000,5,False,5,0.012815828,0.007414848,0.007234975,0.07487855,0.012137307,0.83613783,0.04938065,0.032367982,1,R0_kfold_f1_s44_v5ctl,best,25
ISIC_0054870,BCN_0004305,BCN_0004305,60+,bcn20000,4,True,4,0.010341926,0.006165507,0.0069192518,0.060665254,0.86629754,0.006023912,0.043586493,0.882805,1,R0_kfold_f1_s44_v5ctl,best,25
ISIC_0054899,BCN_0000001,BCN_0000001,60+,bcn20000,0,True,1,0.0046190494,0.83716637,0.003751465,0.06259854,0.04123091,0.0031473269,0.04748641,0.88301635,1,R0_kfold_f1_s44_v5ctl,best,25
ISIC_0054908,BCN_0003914,BCN_0003914,60+,bcn20000,0,True,0,0.7713045,0.005560302,0.07180158,0.08504663,0.003859898,0.010390782,0.052036345,0.78072464,1,R0_kfold_f1_s44_v5ctl,best,25
ISIC_0054911,BCN_0002557,BCN_0002557,60+,bcn20000,2,False,0,0.8414076,0.006397087,0.005155192,0.055777088,0.043072034,0.0011443386,0.047046624,0.8908767,1,R0_kfold_f1_s44_v5ctl,best,25
ISIC_0054948,BCN_0001636,BCN_0001636,<40,bcn20000,5,False,5,0.008172899,0.017872332,0.00904785,0.09464444,0.021068113,0.79418075,0.055013634,0.047113344,1,R0_kfold_f1_s44_v5ctl,best,25
ISIC_0054957,BCN_0005609,BCN_0005609,60+,bcn20000,1,True,1,0.016129104,0.7697496,0.010659412,0.11605179,0.014501855,0.0072821835,0.065626025,0.8003805,1,R0_kfold_f1_s44_v5ctl,best,25
ISIC_0054962,BCN_0000496,BCN_0000496,<40,bcn20000,5,False,5,0.010983448,0.0077095022,0.006765509,0.07017066,0.005539548,0.84807444,0.05075695,0.024232497,1,R0_kfold_f1_s44_v5ctl,best,25
ISIC_0054978,BCN_0002549,BCN_0002549,40-59,bcn20000,3,False,3,0.33685037,0.018917758,0.07810053,0.49165016,0.0059458874,0.00068681897,0.0678484,0.36171404,1,R0_kfold_f1_s44_v5ctl,best,25
ISIC_0055014,BCN_0000315,BCN_0000315,60+,bcn20000,1,True,1,0.01182051,0.8815632,0.0058554593,0.05205967,0.004874096,0.0031895752,0.040637482,0.8982578,1,R0_kfold_f1_s44_v5ctl,best,25
ISIC_0055034,BCN_0005039,BCN_0005039,60+,bcn20000,5,False,5,0.010530625,0.007935787,0.008243807,0.07382272,0.0055265543,0.84093,0.05301042,0.023992965,1,R0_kfold_f1_s44_v5ctl,best,25
ISIC_0055038,BCN_0005554,BCN_0005554,60+,bcn20000,1,True,1,0.018289685,0.6293109,0.012654623,0.14971498,0.114141844,0.0008938282,0.074994124,0.7617424,1,R0_kfold_f1_s44_v5ctl,best,25
ISIC_0055039,BCN_0004592,BCN_0004592,60+,bcn20000,4,True,4,0.031188808,0.007780459,0.012193688,0.073479034,0.8200396,0.0026382448,0.052680254,0.85900885,1,R0_kfold_f1_s44_v5ctl,best,25
ISIC_0055065,BCN_0005269,BCN_0005269,60+,bcn20000,1,True,1,0.1972959,0.61382246,0.011715017,0.09014742,0.025420738,0.0003819535,0.06121654,0.8365391,1,R0_kfold_f1_s44_v5ctl,best,25
ISIC_0055075,BCN_0002826,BCN_0002826,60+,bcn20000,1,True,0,0.8638507,0.048776854,0.0024556322,0.050727654,0.0017406674,0.0013955544,0.03105294,0.9143683,1,R0_kfold_f1_s44_v5ctl,best,25
ISIC_0055083,BCN_0005391,BCN_0005391,40-59,bcn20000,5,False,5,0.012893745,0.0074438206,0.008561533,0.070300974,0.0042863265,0.8434855,0.053028226,0.024623891,1,R0_kfold_f1_s44_v5ctl,best,25
ISIC_0055098,BCN_0003929,BCN_0003929,40-59,bcn20000,1,True,1,0.008191596,0.8853698,0.006252674,0.05191296,0.004901617,0.00449247,0.0388789,0.89846295,1,R0_kfold_f1_s44_v5ctl,best,25
ISIC_0055119,BCN_0003903,BCN_0003903,40-59,bcn20000,1,True,1,0.008523531,0.87625706,0.008370618,0.055246893,0.0054989196,0.0046387403,0.041464206,0.89027953,1,R0_kfold_f1_s44_v5ctl,best,25
ISIC_0055132,BCN_0003737,BCN_0003737,<40,bcn20000,5,False,5,0.013345112,0.008324225,0.008399549,0.07412568,0.0060574035,0.83699787,0.052750032,0.027726742,1,R0_kfold_f1_s44_v5ctl,best,25
ISIC_0055148,BCN_0005502,BCN_0005502,40-59,bcn20000,5,False,5,0.011124954,0.0077669807,0.0071483613,0.06975554,0.006786139,0.84468406,0.052734107,0.025678074,1,R0_kfold_f1_s44_v5ctl,best,25
ISIC_0055215,BCN_0002588,BCN_0002588,40-59,bcn20000,2,False,2,0.012946323,0.008671631,0.85566056,0.06624378,0.0042933295,0.010975228,0.041209064,0.025911283,1,R0_kfold_f1_s44_v5ctl,best,25
ISIC_0055218,BCN_0002611,BCN_0002611,60+,bcn20000,0,True,1,0.021517126,0.8109526,0.027411079,0.07345403,0.0060807522,0.0016620244,0.058922358,0.83855045,1,R0_kfold_f1_s44_v5ctl,best,25
ISIC_0055236,BCN_0005607,BCN_0005607,60+,bcn20000,4,True,1,0.0048446534,0.85451996,0.0059732813,0.08758231,0.0058188452,0.006362504,0.034898415,0.8651835,1,R0_kfold_f1_s44_v5ctl,best,25
ISIC_0055261,BCN_0003341,BCN_0003341,40-59,bcn20000,2,False,2,0.005584977,0.005685271,0.8630292,0.056601044,0.011943691,0.010088408,0.047067527,0.02321394,1,R0_kfold_f1_s44_v5ctl,best,25
ISIC_0055277,BCN_0004972,BCN_0004972,40-59,bcn20000,5,False,5,0.015145466,0.013004906,0.01327093,0.08039102,0.004757641,0.81992215,0.0535079,0.032908015,1,R0_kfold_f1_s44_v5ctl,best,25
ISIC_0055282,BCN_0000086,BCN_0000086,<40,bcn20000,4,True,5,0.0131620765,0.008326844,0.013315323,0.08149102,0.00949895,0.81769013,0.056515615,0.03098787,1,R0_kfold_f1_s44_v5ctl,best,25
ISIC_0055291,BCN_0005554,BCN_0005554,60+,bcn20000,1,True,1,0.015236495,0.73441505,0.008104354,0.10867292,0.067762434,0.004576952,0.06123167,0.817414,1,R0_kfold_f1_s44_v5ctl,best,25
ISIC_0055292,BCN_0003692,BCN_0003692,40-59,bcn20000,2,False,2,0.013405089,0.0070210346,0.8711918,0.052338295,0.0026220034,0.009222682,0.044199202,0.023048127,1,R0_kfold_f1_s44_v5ctl,best,25
ISIC_0055301,BCN_0004158,BCN_0004158,<40,bcn20000,5,False,5,0.010464256,0.0074479254,0.010893497,0.06316055,0.0036091388,0.857592,0.04683266,0.02152132,1,R0_kfold_f1_s44_v5ctl,best,25
ISIC_0055312,BCN_0002155,BCN_0002155,60+,bcn20000,0,True,0,0.8596297,0.005582419,0.025177712,0.061975,0.008480431,0.0008925513,0.03826222,0.8736925,1,R0_kfold_f1_s44_v5ctl,best,25
ISIC_0055326,BCN_0004079,BCN_0004079,40-59,bcn20000,5,False,5,0.009467852,0.013717515,0.028992107,0.14796886,0.021099119,0.6763995,0.10235502,0.044284485,1,R0_kfold_f1_s44_v5ctl,best,25
ISIC_0055348,BCN_0005291,BCN_0005291,60+,bcn20000,2,False,1,0.0095096715,0.8730845,0.006075302,0.054831166,0.0066032396,0.0047393576,0.04515668,0.8891974,1,R0_kfold_f1_s44_v5ctl,best,25
ISIC_0055352,BCN_0002887,BCN_0002887,60+,bcn20000,6,False,6,0.0018323159,0.0017551532,0.0016017891,0.011616292,0.0007594336,0.00072793313,0.98170716,0.0043469025,1,R0_kfold_f1_s44_v5ctl,best,25
ISIC_0055367,BCN_0002789,BCN_0002789,60+,bcn20000,4,True,4,0.0075709955,0.0052564675,0.0065326053,0.049644224,0.88812983,0.004123127,0.03874276,0.9009573,1,R0_kfold_f1_s44_v5ctl,best,25
ISIC_0055369,BCN_0005653,BCN_0005653,40-59,bcn20000,5,False,5,0.012293758,0.008575958,0.0070067737,0.06869609,0.006844631,0.84442896,0.052153897,0.027714347,1,R0_kfold_f1_s44_v5ctl,best,25
ISIC_0055374,BCN_0003585,BCN_0003585,60+,bcn20000,0,True,4,0.031211792,0.010065594,0.0048601273,0.07706227,0.81260866,0.0040593985,0.060132157,0.85388607,1,R0_kfold_f1_s44_v5ctl,best,25
ISIC_0055376,BCN_0004305,BCN_0004305,60+,bcn20000,4,True,4,0.008876076,0.006067684,0.0058190604,0.058813542,0.87529695,0.0035604516,0.041566256,0.8902407,1,R0_kfold_f1_s44_v5ctl,best,25
ISIC_0055397,BCN_0001556,BCN_0001556,60+,bcn20000,1,True,1,0.025298562,0.8458027,0.0066224704,0.06495359,0.00530903,0.0038247802,0.0481888,0.8764103,1,R0_kfold_f1_s44_v5ctl,best,25
ISIC_0055406,BCN_0003354,BCN_0003354,60+,bcn20000,5,False,5,0.01083455,0.008102846,0.0075717634,0.07091331,0.006529238,0.84340614,0.05264215,0.025466634,1,R0_kfold_f1_s44_v5ctl,best,25
ISIC_0055407,BCN_0001036,BCN_0001036,60+,bcn20000,5,False,4,0.1160599,0.0057181744,0.086309545,0.11500794,0.6041561,0.0064626094,0.06628582,0.72593415,1,R0_kfold_f1_s44_v5ctl,best,25
ISIC_0055420,BCN_0004991,BCN_0004991,40-59,bcn20000,5,False,5,0.0113327,0.0071823774,0.0072644325,0.067727394,0.010016998,0.8490249,0.047451153,0.028532075,1,R0_kfold_f1_s44_v5ctl,best,25
ISIC_0055434,BCN_0003443,BCN_0003443,60+,bcn20000,2,False,4,0.07150911,0.013553054,0.0061716214,0.13642463,0.644766,0.019402979,0.10817259,0.7298281,1,R0_kfold_f1_s44_v5ctl,best,25
ISIC_0055441,BCN_0003817,BCN_0003817,60+,bcn20000,1,True,1,0.0095409285,0.8819395,0.005821358,0.052764975,0.0054471735,0.00484356,0.03964259,0.89692754,1,R0_kfold_f1_s44_v5ctl,best,25
ISIC_0055443,BCN_0002857,BCN_0002857,<40,bcn20000,5,False,5,0.010746665,0.0078725945,0.008403342,0.068508945,0.0054852855,0.8478343,0.051148847,0.024104545,1,R0_kfold_f1_s44_v5ctl,best,25
ISIC_0055451,BCN_0000043,BCN_0000043,<40,bcn20000,4,True,5,0.012842648,0.007699154,0.0057906196,0.069174856,0.018024178,0.83460504,0.051863458,0.03856598,1,R0_kfold_f1_s44_v5ctl,best,25
ISIC_0055462,BCN_0002675,BCN_0002675,60+,bcn20000,4,True,4,0.0070581837,0.0061765546,0.015401259,0.06602652,0.84494543,0.0079627745,0.052429173,0.85818017,1,R0_kfold_f1_s44_v5ctl,best,25
ISIC_0055469,BCN_0005117,BCN_0005117,60+,bcn20000,0,True,2,0.02450102,0.008446787,0.84765035,0.05587781,0.0068556983,0.006108383,0.050559934,0.039803505,1,R0_kfold_f1_s44_v5ctl,best,25
ISIC_0055486,BCN_0001928,BCN_0001928,40-59,bcn20000,5,False,5,0.01126616,0.007746937,0.008320327,0.07273374,0.008552235,0.8362851,0.055095475,0.027565332,1,R0_kfold_f1_s44_v5ctl,best,25
ISIC_0055498,BCN_0001724,BCN_0001724,60+,bcn20000,4,True,4,0.012426685,0.0066597983,0.0057795406,0.06358013,0.8531561,0.010421931,0.0479758,0.87224257,1,R0_kfold_f1_s44_v5ctl,best,25
ISIC_0055524,BCN_0004469,BCN_0004469,40-59,bcn20000,5,False,5,0.011415182,0.0079966625,0.0076248823,0.073042005,0.010013305,0.83661216,0.053295832,0.029425148,1,R0_kfold_f1_s44_v5ctl,best,25
ISIC_0055526,BCN_0002958,BCN_0002958,60+,bcn20000,4,True,1,0.042258713,0.4093283,0.015241815,0.15964729,0.25471818,0.0011006803,0.11770498,0.7063052,1,R0_kfold_f1_s44_v5ctl,best,25
ISIC_0055557,BCN_0003937,BCN_0003937,60+,bcn20000,2,False,4,0.18742077,0.0036632728,0.028215388,0.0972459,0.57635856,0.034956995,0.07213908,0.7674426,1,R0_kfold_f1_s44_v5ctl,best,25
ISIC_0055596,BCN_0003790,BCN_0003790,60+,bcn20000,0,True,0,0.9249125,0.0034894398,0.004407455,0.034882687,0.002857185,0.0031028558,0.026347889,0.93125916,1,R0_kfold_f1_s44_v5ctl,best,25
ISIC_0055608,BCN_0000645,BCN_0000645,40-59,bcn20000,5,False,5,0.018023407,0.008754933,0.006866395,0.09968181,0.11012253,0.67818254,0.07836836,0.13690087,1,R0_kfold_f1_s44_v5ctl,best,25
ISIC_0055626,BCN_0000120,BCN_0000120,<40,bcn20000,5,False,5,0.016295906,0.011853523,0.007859932,0.07798131,0.005148172,0.8294205,0.051440667,0.033297602,1,R0_kfold_f1_s44_v5ctl,best,25
ISIC_0055630,BCN_0003015,BCN_0003015,unknown,bcn20000,5,False,5,0.012359793,0.007822741,0.007924481,0.069402546,0.00609835,0.8417104,0.054681644,0.026280886,1,R0_kfold_f1_s44_v5ctl,best,25
ISIC_0055634,BCN_0000036,BCN_0000036,40-59,bcn20000,5,False,5,0.011592002,0.007553526,0.006557956,0.06945678,0.008969136,0.8453758,0.05049486,0.028114663,1,R0_kfold_f1_s44_v5ctl,best,25
ISIC_0055681,BCN_0000158,BCN_0000158,40-59,bcn20000,1,True,5,0.023136007,0.022352776,0.16723442,0.16472389,0.00072923244,0.529067,0.09275671,0.046218015,1,R0_kfold_f1_s44_v5ctl,best,25
ISIC_0055702,BCN_0005299,BCN_0005299,<40,bcn20000,5,False,5,0.011296646,0.0070461635,0.00839226,0.06978412,0.0064438605,0.8457356,0.05130125,0.02478667,1,R0_kfold_f1_s44_v5ctl,best,25
ISIC_0055727,BCN_0002272,BCN_0002272,<40,bcn20000,5,False,5,0.011475725,0.007555549,0.008051335,0.07243332,0.006763572,0.8408247,0.052895866,0.025794847,1,R0_kfold_f1_s44_v5ctl,best,25
ISIC_0055739,BCN_0001516,BCN_0001516,60+,bcn20000,4,True,4,0.009874115,0.006037856,0.007331949,0.057816844,0.8706358,0.006105787,0.042197727,0.8865478,1,R0_kfold_f1_s44_v5ctl,best,25
ISIC_0055762,BCN_0000493,BCN_0000493,60+,bcn20000,1,True,1,0.011780075,0.85643905,0.008518899,0.06298848,0.00601027,0.005812072,0.048451062,0.87422943,1,R0_kfold_f1_s44_v5ctl,best,25
ISIC_0055766,BCN_0001169,BCN_0001169,60+,bcn20000,1,True,2,0.00999493,0.021057697,0.7238584,0.11190535,0.021650119,0.0030991726,0.108434275,0.052702747,1,R0_kfold_f1_s44_v5ctl,best,25
ISIC_0055795,BCN_0005376,BCN_0005376,60+,bcn20000,2,False,0,0.88597715,0.01884049,0.002831025,0.053372562,0.0028554571,0.0018057848,0.034317583,0.9076731,1,R0_kfold_f1_s44_v5ctl,best,25
ISIC_0055800,BCN_0002676,BCN_0002676,60+,bcn20000,2,False,2,0.2918014,0.008728004,0.4588886,0.12873773,0.0075646243,0.0061731716,0.09810645,0.30809402,1,R0_kfold_f1_s44_v5ctl,best,25
ISIC_0055805,BCN_0001770,BCN_0001770,60+,bcn20000,5,False,4,0.010190107,0.017382737,0.0047418894,0.07549302,0.8369817,0.011737884,0.04347269,0.8645546,1,R0_kfold_f1_s44_v5ctl,best,25
ISIC_0055818,BCN_0002074,BCN_0002074,60+,bcn20000,4,True,4,0.014774127,0.016785894,0.010927765,0.14557953,0.56734365,0.14700957,0.09757946,0.59890366,1,R0_kfold_f1_s44_v5ctl,best,25
ISIC_0055819,BCN_0001026,BCN_0001026,unknown,bcn20000,5,False,5,0.008144655,0.006103236,0.009785477,0.06324595,0.011796877,0.85734123,0.04358256,0.026044767,1,R0_kfold_f1_s44_v5ctl,best,25
ISIC_0055856,BCN_0002007,BCN_0002007,<40,bcn20000,5,False,5,0.010512316,0.0074467235,0.007789229,0.07181841,0.0062263096,0.8438751,0.052331816,0.024185348,1,R0_kfold_f1_s44_v5ctl,best,25
ISIC_0055861,BCN_0000134,BCN_0000134,40-59,bcn20000,1,True,1,0.013662652,0.84526026,0.0074321707,0.07717934,0.005146435,0.005051883,0.04626725,0.86406934,1,R0_kfold_f1_s44_v5ctl,best,25
ISIC_0055862,BCN_0002558,BCN_0002558,40-59,bcn20000,4,True,4,0.0076213526,0.007444079,0.0067900424,0.05956317,0.86766,0.0062976764,0.044623647,0.8827254,1,R0_kfold_f1_s44_v5ctl,best,25
ISIC_0055863,BCN_0003175,BCN_0003175,<40,bcn20000,5,False,5,0.022285463,0.0139929615,0.00780796,0.2328712,0.24816747,0.35913327,0.115741566,0.28444588,1,R0_kfold_f1_s44_v5ctl,best,25
ISIC_0055886,BCN_0000701,BCN_0000701,60+,bcn20000,1,True,0,0.63595545,0.005110808,0.22128491,0.07696775,0.004211504,0.0019250131,0.054544564,0.64527774,1,R0_kfold_f1_s44_v5ctl,best,25
ISIC_0055893,BCN_0000158,BCN_0000158,40-59,bcn20000,1,True,1,0.016328296,0.8128864,0.006059631,0.10635417,0.004177311,0.0076334113,0.046560824,0.833392,1,R0_kfold_f1_s44_v5ctl,best,25
ISIC_0055894,BCN_0003745,BCN_0003745,<40,bcn20000,2,False,2,0.016433267,0.0060632476,0.8706278,0.05732676,0.003586452,0.0045778537,0.041384652,0.026082966,1,R0_kfold_f1_s44_v5ctl,best,25
ISIC_0055908,BCN_0000740,BCN_0000740,40-59,bcn20000,0,True,0,0.8463914,0.002552228,0.035182238,0.084887326,0.0007015014,0.0007603775,0.029524898,0.8496451,1,R0_kfold_f1_s44_v5ctl,best,25
ISIC_0055944,BCN_0001254,BCN_0001254,60+,bcn20000,1,True,1,0.012888747,0.87077534,0.0057279193,0.050845463,0.0058559296,0.0046861176,0.049220532,0.88952,1,R0_kfold_f1_s44_v5ctl,best,25
ISIC_0055961,BCN_0005428,BCN_0005428,60+,bcn20000,1,True,1,0.010232187,0.87460375,0.008605181,0.054536242,0.005222592,0.004629257,0.042170778,0.8900586,1,R0_kfold_f1_s44_v5ctl,best,25
ISIC_0055972,BCN_0001363,BCN_0001363,40-59,bcn20000,2,False,0,0.9275243,0.004763248,0.0039148727,0.032117143,0.0037326114,0.0033733929,0.024574317,0.9360202,1,R0_kfold_f1_s44_v5ctl,best,25
ISIC_0056014,BCN_0003467,BCN_0003467,60+,bcn20000,1,True,1,0.008171568,0.8604253,0.007614666,0.06620303,0.00486676,0.0071213352,0.04559735,0.87346363,1,R0_kfold_f1_s44_v5ctl,best,25
ISIC_0056064,BCN_0001244,BCN_0001244,40-59,bcn20000,5,False,5,0.010928797,0.0120853195,0.0096505545,0.07008886,0.0057894355,0.8374375,0.054019444,0.028803553,1,R0_kfold_f1_s44_v5ctl,best,25
ISIC_0056083,BCN_0004570,BCN_0004570,40-59,bcn20000,1,True,5,0.018356895,0.036754917,0.010002253,0.07343295,0.0040696417,0.8027258,0.05465749,0.05918145,1,R0_kfold_f1_s44_v5ctl,best,25
ISIC_0056097,BCN_0003979,BCN_0003979,60+,bcn20000,1,True,1,0.012195397,0.8735095,0.0069769546,0.057965588,0.0044796458,0.0045607174,0.040312193,0.8901846,1,R0_kfold_f1_s44_v5ctl,best,25
ISIC_0056110,BCN_0002445,BCN_0002445,40-59,bcn20000,5,False,5,0.0112184975,0.0078238975,0.00854058,0.06869977,0.006421719,0.8472432,0.05005232,0.025464114,1,R0_kfold_f1_s44_v5ctl,best,25
ISIC_0056112,BCN_0003820,BCN_0003820,60+,bcn20000,5,False,5,0.01258068,0.008461881,0.007933528,0.07157664,0.005054384,0.83942497,0.054967932,0.026096946,1,R0_kfold_f1_s44_v5ctl,best,25
ISIC_0056117,BCN_0001026,BCN_0001026,unknown,bcn20000,5,False,5,0.012033458,0.005467592,0.014277657,0.06770803,0.010457787,0.8448609,0.04519451,0.027958836,1,R0_kfold_f1_s44_v5ctl,best,25
ISIC_0056135,BCN_0003554,BCN_0003554,40-59,bcn20000,5,False,5,0.0123131685,0.008038188,0.0072841286,0.068460874,0.006402268,0.845638,0.05186337,0.026753627,1,R0_kfold_f1_s44_v5ctl,best,25
ISIC_0056151,BCN_0000493,BCN_0000493,60+,bcn20000,1,True,1,0.008972083,0.8828891,0.005703125,0.056338202,0.0050085774,0.0035247423,0.037564225,0.8968698,1,R0_kfold_f1_s44_v5ctl,best,25
ISIC_0056165,BCN_0001199,BCN_0001199,<40,bcn20000,5,False,5,0.023301814,0.011425916,0.008272867,0.13738842,0.13375317,0.6092678,0.07658998,0.1684809,1,R0_kfold_f1_s44_v5ctl,best,25
ISIC_0056166,BCN_0003914,BCN_0003914,60+,bcn20000,0,True,0,0.8803605,0.019039154,0.006622413,0.050714333,0.0015230373,0.006818733,0.03492187,0.90092266,1,R0_kfold_f1_s44_v5ctl,best,25
ISIC_0056167,BCN_0000194,BCN_0000194,60+,bcn20000,4,True,4,0.02343866,0.0060984995,0.008827838,0.07549295,0.83264214,0.0028976975,0.05060225,0.8621793,1,R0_kfold_f1_s44_v5ctl,best,25
ISIC_0056172,BCN_0004561,BCN_0004561,60+,bcn20000,1,True,0,0.9030652,0.0035107573,0.0045364257,0.04357434,0.009184821,0.0025679567,0.033560496,0.9157608,1,R0_kfold_f1_s44_v5ctl,best,25
ISIC_0056175,BCN_0003692,BCN_0003692,40-59,bcn20000,2,False,0,0.71551156,0.008153875,0.11808932,0.08432037,0.0019248973,0.009425605,0.06257437,0.7255903,1,R0_kfold_f1_s44_v5ctl,best,25
ISIC_0056179,BCN_0002681,BCN_0002681,60+,bcn20000,2,False,1,0.00835415,0.8692184,0.0049446574,0.061939545,0.0061093057,0.008316778,0.0411171,0.88368183,1,R0_kfold_f1_s44_v5ctl,best,25
ISIC_0056205,BCN_0002666,BCN_0002666,40-59,bcn20000,1,True,1,0.009222875,0.87461615,0.0077110217,0.056866292,0.007731256,0.0047369124,0.039115515,0.89157027,1,R0_kfold_f1_s44_v5ctl,best,25
ISIC_0056207,BCN_0005325,BCN_0005325,40-59,bcn20000,5,False,5,0.011444,0.0085390145,0.007132701,0.07029506,0.005710279,0.84655404,0.050325006,0.025693294,1,R0_kfold_f1_s44_v5ctl,best,25
ISIC_0056212,BCN_0002916,BCN_0002916,60+,bcn20000,0,True,0,0.91563386,0.0039304285,0.003315295,0.04928795,0.0026703842,0.0019888696,0.023173204,0.9222347,1,R0_kfold_f1_s44_v5ctl,best,25
ISIC_0056237,BCN_0001036,BCN_0001036,60+,bcn20000,5,False,4,0.03239887,0.0058225626,0.01946784,0.09493482,0.75836396,0.02119198,0.06781996,0.7965854,1,R0_kfold_f1_s44_v5ctl,best,25
ISIC_0056259,BCN_0005104,BCN_0005104,60+,bcn20000,1,True,1,0.008847904,0.8824184,0.0058766403,0.052818265,0.004611427,0.0041755657,0.041251738,0.8958777,1,R0_kfold_f1_s44_v5ctl,best,25
ISIC_0056266,BCN_0003554,BCN_0003554,40-59,bcn20000,5,False,5,0.012864034,0.008272601,0.007442519,0.07138367,0.007937669,0.84071684,0.051382653,0.029074304,1,R0_kfold_f1_s44_v5ctl,best,25
ISIC_0056276,BCN_0000645,BCN_0000645,40-59,bcn20000,5,False,4,0.011801222,0.007144256,0.0061057783,0.08403008,0.79521817,0.034661405,0.061039064,0.8141636,1,R0_kfold_f1_s44_v5ctl,best,25
ISIC_0056287,BCN_0001169,BCN_0001169,60+,bcn20000,1,True,1,0.029134415,0.44919035,0.07695298,0.2150558,0.009757762,0.056103416,0.16380528,0.48808253,1,R0_kfold_f1_s44_v5ctl,best,25
ISIC_0056293,BCN_0003431,BCN_0003431,60+,bcn20000,1,True,1,0.010727928,0.8500507,0.0072671873,0.06704717,0.008631611,0.008081867,0.04819351,0.8694102,1,R0_kfold_f1_s44_v5ctl,best,25
ISIC_0056314,BCN_0000545,BCN_0000545,<40,bcn20000,5,False,4,0.01743289,0.006881277,0.0055094725,0.10805184,0.5199901,0.25103545,0.09109897,0.54430425,1,R0_kfold_f1_s44_v5ctl,best,25
ISIC_0056319,BCN_0005422,BCN_0005422,40-59,bcn20000,4,True,5,0.014227116,0.010062213,0.012465333,0.07389846,0.0029263475,0.8360313,0.05038912,0.027215676,1,R0_kfold_f1_s44_v5ctl,best,25
ISIC_0056421,BCN_0000079,BCN_0000079,60+,bcn20000,0,True,2,0.02274057,0.09550233,0.6169187,0.17091206,0.01672163,0.013483142,0.0637216,0.13496454,1,R0_kfold_f1_s44_v5ctl,best,25
ISIC_0056432,BCN_0001336,BCN_0001336,60+,bcn20000,2,False,5,0.010716119,0.009447776,0.013305276,0.06906695,0.0037202379,0.8414637,0.052279916,0.023884133,1,R0_kfold_f1_s44_v5ctl,best,25
ISIC_0056439,BCN_0002967,BCN_0002967,60+,bcn20000,5,False,5,0.013286615,0.00983687,0.008594439,0.06935911,0.0053978534,0.8388896,0.05463559,0.028521337,1,R0_kfold_f1_s44_v5ctl,best,25
ISIC_0056440,BCN_0002675,BCN_0002675,60+,bcn20000,4,True,4,0.014470053,0.011013518,0.009410583,0.072604276,0.8351834,0.007190793,0.050127383,0.86066693,1,R0_kfold_f1_s44_v5ctl,best,25
ISIC_0056442,BCN_0000070,BCN_0000070,<40,bcn20000,5,False,5,0.012819918,0.0055570123,0.010843525,0.069961384,0.028330538,0.815437,0.05705055,0.046707466,1,R0_kfold_f1_s44_v5ctl,best,25
ISIC_0056452,BCN_0003901,BCN_0003901,60+,bcn20000,5,False,5,0.01265663,0.008825007,0.008205924,0.07514928,0.006139091,0.83626586,0.052758172,0.027620729,1,R0_kfold_f1_s44_v5ctl,best,25
ISIC_0056458,BCN_0004158,BCN_0004158,<40,bcn20000,5,False,5,0.009978604,0.010056804,0.010326017,0.06603345,0.004132268,0.84785897,0.051613837,0.024167676,1,R0_kfold_f1_s44_v5ctl,best,25
ISIC_0056470,BCN_0003234,BCN_0003234,40-59,bcn20000,5,False,5,0.014025012,0.0076573715,0.008847481,0.072713986,0.0059041707,0.83979034,0.05106158,0.027586553,1,R0_kfold_f1_s44_v5ctl,best,25
ISIC_0056490,BCN_0001092,BCN_0001092,40-59,bcn20000,5,False,5,0.007456686,0.008642803,0.02641412,0.116350286,0.03162101,0.72957426,0.07994075,0.0477205,1,R0_kfold_f1_s44_v5ctl,best,25
ISIC_0056502,BCN_0002979,BCN_0002979,40-59,bcn20000,5,False,5,0.011840181,0.007294764,0.006943689,0.06805964,0.0067089656,0.8515907,0.047562055,0.02584391,1,R0_kfold_f1_s44_v5ctl,best,25
ISIC_0056512,BCN_0001670,BCN_0001670,40-59,bcn20000,5,False,4,0.01003031,0.006271045,0.007946002,0.059206754,0.8691627,0.005206267,0.04217692,0.885464,1,R0_kfold_f1_s44_v5ctl,best,25
ISIC_0056525,BCN_0004592,BCN_0004592,60+,bcn20000,4,True,4,0.012514689,0.008082221,0.0072390693,0.06533792,0.8564824,0.0046183364,0.0457253,0.8770793,1,R0_kfold_f1_s44_v5ctl,best,25
ISIC_0056541,BCN_0000070,BCN_0000070,<40,bcn20000,5,False,4,0.09906749,0.012684894,0.0080062505,0.13612014,0.65320504,0.036204856,0.05471136,0.7649574,1,R0_kfold_f1_s44_v5ctl,best,25
ISIC_0056543,BCN_0002931,BCN_0002931,40-59,bcn20000,5,False,5,0.02085818,0.009815973,0.020806339,0.090773255,0.0053651226,0.79123306,0.061148107,0.036039274,1,R0_kfold_f1_s44_v5ctl,best,25
ISIC_0056564,BCN_0003128,BCN_0003128,40-59,bcn20000,2,False,2,0.11299507,0.01341273,0.5250261,0.15033568,0.005048057,0.062030792,0.13115154,0.13145585,1,R0_kfold_f1_s44_v5ctl,best,25
ISIC_0056607,BCN_0004008,BCN_0004008,40-59,bcn20000,1,True,1,0.010247235,0.8646485,0.0076599335,0.057596523,0.00659216,0.0069398745,0.046315815,0.8814879,1,R0_kfold_f1_s44_v5ctl,best,25
ISIC_0056617,BCN_0005299,BCN_0005299,<40,bcn20000,5,False,5,0.010708121,0.0070493934,0.0074715167,0.07003409,0.0069060577,0.84419215,0.05363871,0.024663571,1,R0_kfold_f1_s44_v5ctl,best,25
ISIC_0056621,BCN_0003261,BCN_0003261,60+,bcn20000,0,True,1,0.016518176,0.43932474,0.26634464,0.14395139,0.019676667,0.0045460677,0.109638326,0.47551957,1,R0_kfold_f1_s44_v5ctl,best,25
ISIC_0056638,BCN_0001426,BCN_0001426,40-59,bcn20000,4,True,4,0.009843301,0.006536535,0.0069982647,0.057640288,0.86991256,0.004162563,0.04490653,0.8862924,1,R0_kfold_f1_s44_v5ctl,best,25
ISIC_0056661,BCN_0000393,BCN_0000393,60+,bcn20000,1,True,1,0.008889585,0.8529844,0.0082064355,0.06605812,0.0073746606,0.0054472317,0.051039614,0.8692486,1,R0_kfold_f1_s44_v5ctl,best,25
ISIC_0056693,BCN_0003829,BCN_0003829,40-59,bcn20000,2,False,5,0.013390077,0.009231244,0.009438912,0.06782817,0.005382365,0.84279597,0.05193323,0.028003687,1,R0_kfold_f1_s44_v5ctl,best,25
ISIC_0056712,BCN_0002468,BCN_0002468,40-59,bcn20000,5,False,5,0.012620541,0.0073600262,0.0059768315,0.063790925,0.0092589175,0.8500383,0.050954577,0.029239487,1,R0_kfold_f1_s44_v5ctl,best,25
ISIC_0056714,BCN_0003940,BCN_0003940,60+,bcn20000,1,True,1,0.0125876535,0.8748428,0.014049609,0.0482917,0.004506295,0.0062891436,0.039432675,0.8919368,1,R0_kfold_f1_s44_v5ctl,best,25
ISIC_0056720,BCN_0002272,BCN_0002272,<40,bcn20000,5,False,5,0.011389141,0.007435808,0.007717987,0.07127166,0.0063776155,0.8430959,0.052711826,0.025202565,1,R0_kfold_f1_s44_v5ctl,best,25
ISIC_0056800,BCN_0005607,BCN_0005607,60+,bcn20000,4,True,1,0.005829101,0.8823978,0.007990188,0.058003858,0.004573102,0.008066152,0.033139735,0.8928,1,R0_kfold_f1_s44_v5ctl,best,25
ISIC_0056805,BCN_0002240,BCN_0002240,40-59,bcn20000,5,False,5,0.013104125,0.008403516,0.008783902,0.0705589,0.0064744903,0.8428984,0.04977662,0.02798213,1,R0_kfold_f1_s44_v5ctl,best,25
ISIC_0056815,BCN_0004250,BCN_0004250,<40,bcn20000,5,False,5,0.017388789,0.009711706,0.011989732,0.070997365,0.009103792,0.8207549,0.060053788,0.036204286,1,R0_kfold_f1_s44_v5ctl,best,25
ISIC_0056845,BCN_0004408,BCN_0004408,60+,bcn20000,5,False,5,0.013391729,0.011441463,0.007503741,0.07088708,0.015512093,0.8211189,0.060145035,0.040345285,1,R0_kfold_f1_s44_v5ctl,best,25
ISIC_0056869,BCN_0003300,BCN_0003300,40-59,bcn20000,5,False,5,0.011882669,0.0074083214,0.00821726,0.069611005,0.0066125127,0.8437098,0.052558493,0.025903504,1,R0_kfold_f1_s44_v5ctl,best,25
ISIC_0056872,BCN_0000496,BCN_0000496,<40,bcn20000,5,False,5,0.011975334,0.008495051,0.008069617,0.07267152,0.0057982923,0.8402237,0.052766435,0.026268676,1,R0_kfold_f1_s44_v5ctl,best,25
ISIC_0056888,BCN_0001589,BCN_0001589,40-59,bcn20000,2,False,2,0.022654241,0.007930269,0.8316465,0.07289555,0.006693763,0.005471855,0.052707784,0.037278272,1,R0_kfold_f1_s44_v5ctl,best,25
ISIC_0056901,BCN_0000194,BCN_0000194,60+,bcn20000,4,True,4,0.008356185,0.005259771,0.00741171,0.062176317,0.8684418,0.0042470456,0.04410707,0.8820578,1,R0_kfold_f1_s44_v5ctl,best,25
ISIC_0056903,BCN_0003937,BCN_0003937,60+,bcn20000,2,False,5,0.0154822245,0.0055587427,0.0066554793,0.07741382,0.0062211636,0.83874625,0.049922377,0.02726213,1,R0_kfold_f1_s44_v5ctl,best,25
ISIC_0056916,BCN_0003664,BCN_0003664,40-59,bcn20000,1,True,1,0.020394841,0.87348,0.00501087,0.054877877,0.0034674953,0.0026432485,0.040125564,0.8973424,1,R0_kfold_f1_s44_v5ctl,best,25
ISIC_0056917,BCN_0002400,BCN_0002400,40-59,bcn20000,1,True,1,0.006209205,0.8619756,0.0048225117,0.061906658,0.009236313,0.005011196,0.05083845,0.87742114,1,R0_kfold_f1_s44_v5ctl,best,25
ISIC_0056930,BCN_0000798,BCN_0000798,<40,bcn20000,5,False,5,0.011469076,0.007977571,0.007395853,0.06969831,0.0070927707,0.84433097,0.052035432,0.026539419,1,R0_kfold_f1_s44_v5ctl,best,25
ISIC_0056941,BCN_0000268,BCN_0000268,40-59,bcn20000,1,True,1,0.013506009,0.9171023,0.005917232,0.0326434,0.0024899899,0.001556413,0.026784718,0.93309826,1,R0_kfold_f1_s44_v5ctl,best,25
ISIC_0056969,BCN_0002626,BCN_0002626,60+,bcn20000,4,True,2,0.0068881107,0.00742713,0.8901004,0.050107405,0.0055469265,0.004667147,0.035262883,0.019862168,1,R0_kfold_f1_s44_v5ctl,best,25
ISIC_0056980,BCN_0001244,BCN_0001244,40-59,bcn20000,5,False,5,0.009027741,0.008400223,0.011506868,0.0604653,0.0057432675,0.85563177,0.049224813,0.023171231,1,R0_kfold_f1_s44_v5ctl,best,25
ISIC_0056998,BCN_0001516,BCN_0001516,60+,bcn20000,4,True,4,0.009429075,0.0059534195,0.0066310833,0.059019182,0.87135196,0.004488202,0.04312714,0.8867344,1,R0_kfold_f1_s44_v5ctl,best,25
ISIC_0057010,BCN_0001137,BCN_0001137,40-59,bcn20000,1,True,1,0.009749129,0.86721796,0.007834145,0.05801697,0.006325474,0.006128092,0.044728193,0.88329256,1,R0_kfold_f1_s44_v5ctl,best,25
ISIC_0057054,BCN_0002244,BCN_0002244,60+,bcn20000,1,True,1,0.011925172,0.87818617,0.006760323,0.053521886,0.0038146866,0.0044494923,0.041342303,0.893926,1,R0_kfold_f1_s44_v5ctl,best,25
ISIC_0057069,BCN_0001006,BCN_0001006,60+,bcn20000,1,True,1,0.010534637,0.8866787,0.005388284,0.05166693,0.0046361773,0.0037727836,0.03732253,0.9018495,1,R0_kfold_f1_s44_v5ctl,best,25
ISIC_0057070,BCN_0004421,BCN_0004421,40-59,bcn20000,5,False,5,0.010213776,0.0068048495,0.006498186,0.06667227,0.0069103925,0.85559964,0.0473009,0.023929019,1,R0_kfold_f1_s44_v5ctl,best,25
ISIC_0057092,BCN_0004158,BCN_0004158,<40,bcn20000,5,False,5,0.009824781,0.007943953,0.008706988,0.064763024,0.005324726,0.8536869,0.049749587,0.023093458,1,R0_kfold_f1_s44_v5ctl,best,25
ISIC_0057106,BCN_0004532,BCN_0004532,40-59,bcn20000,5,False,5,0.011625006,0.010484165,0.0068049436,0.07090785,0.006156828,0.8407746,0.053246606,0.028265998,1,R0_kfold_f1_s44_v5ctl,best,25
ISIC_0057141,BCN_0001087,BCN_0001087,60+,bcn20000,4,True,5,0.010833165,0.012391655,0.01447363,0.1621242,0.31955707,0.37347552,0.10714482,0.3427819,1,R0_kfold_f1_s44_v5ctl,best,25
ISIC_0057151,BCN_0004531,BCN_0004531,unknown,bcn20000,5,False,5,0.010607806,0.007671483,0.010021454,0.06781867,0.0065595214,0.8452325,0.052088585,0.024838809,1,R0_kfold_f1_s44_v5ctl,best,25
ISIC_0057153,BCN_0000644,BCN_0000644,40-59,bcn20000,5,False,4,0.021009874,0.010323935,0.009580528,0.121037155,0.5354318,0.21136095,0.09125576,0.5667656,1,R0_kfold_f1_s44_v5ctl,best,25
ISIC_0057162,BCN_0004158,BCN_0004158,<40,bcn20000,5,False,5,0.010684875,0.008260719,0.008432195,0.06329765,0.0062618153,0.855941,0.047121685,0.025207408,1,R0_kfold_f1_s44_v5ctl,best,25
ISIC_0057190,BCN_0000632,BCN_0000632,60+,bcn20000,1,True,1,0.008818878,0.8914199,0.0047465647,0.050735753,0.004235787,0.0034423452,0.036600795,0.90447456,1,R0_kfold_f1_s44_v5ctl,best,25
ISIC_0057230,BCN_0002229,BCN_0002229,60+,bcn20000,5,False,5,0.009460019,0.0072904537,0.007901843,0.061155967,0.017545778,0.85195935,0.044686552,0.03429625,1,R0_kfold_f1_s44_v5ctl,best,25
ISIC_0057245,BCN_0003580,BCN_0003580,40-59,bcn20000,2,False,2,0.013097083,0.0067869383,0.88067126,0.050208718,0.0036760697,0.0050713066,0.04048866,0.023560092,1,R0_kfold_f1_s44_v5ctl,best,25
ISIC_0057277,BCN_0003518,BCN_0003518,40-59,bcn20000,5,False,5,0.015316663,0.01116103,0.29856724,0.14083953,0.0048040664,0.42478016,0.10453132,0.03128176,1,R0_kfold_f1_s44_v5ctl,best,25
ISIC_0057312,BCN_0003354,BCN_0003354,60+,bcn20000,5,False,5,0.013607617,0.009829838,0.009847591,0.081894696,0.0057203975,0.82413167,0.054968223,0.029157853,1,R0_kfold_f1_s44_v5ctl,best,25
ISIC_0057336,BCN_0001378,BCN_0001378,60+,bcn20000,1,True,1,0.017176561,0.63530225,0.0046085212,0.13731785,0.10340975,0.014435895,0.087749235,0.7558886,1,R0_kfold_f1_s44_v5ctl,best,25
ISIC_0057352,BCN_0000494,BCN_0000494,60+,bcn20000,1,True,1,0.0076959203,0.40284976,0.0022922033,0.31107852,0.05355922,0.098596625,0.12392777,0.4641049,1,R0_kfold_f1_s44_v5ctl,best,25
ISIC_0057370,BCN_0003468,BCN_0003468,40-59,bcn20000,4,True,5,0.0068273954,0.0139238555,0.011385642,0.11156651,0.28701377,0.47478852,0.094494335,0.307765,1,R0_kfold_f1_s44_v5ctl,best,25
ISIC_0057394,BCN_0001636,BCN_0001636,<40,bcn20000,5,False,5,0.009591837,0.006687024,0.007976111,0.082391545,0.009060132,0.8304742,0.053819157,0.025338992,1,R0_kfold_f1_s44_v5ctl,best,25
ISIC_0057408,BCN_0002675,BCN_0002675,60+,bcn20000,4,True,4,0.010919142,0.0071730493,0.006226148,0.057719175,0.8653686,0.0077035325,0.044890363,0.8834608,1,R0_kfold_f1_s44_v5ctl,best,25
ISIC_0057436,BCN_0003311,BCN_0003311,60+,bcn20000,4,True,4,0.01086083,0.018067239,0.011408519,0.08782614,0.7936902,0.019910285,0.058236778,0.82261825,1,R0_kfold_f1_s44_v5ctl,best,25
ISIC_0057442,BCN_0004561,BCN_0004561,60+,bcn20000,1,True,1,0.008492157,0.87168884,0.010115586,0.059641648,0.007187162,0.0076797986,0.035194818,0.8873682,1,R0_kfold_f1_s44_v5ctl,best,25
ISIC_0057463,BCN_0001336,BCN_0001336,60+,bcn20000,2,False,2,0.012195694,0.011761561,0.8282141,0.067512624,0.0018294448,0.021391923,0.057094656,0.025786702,1,R0_kfold_f1_s44_v5ctl,best,25
ISIC_0057473,BCN_0005362,BCN_0005362,60+,bcn20000,1,True,0,0.5891498,0.19400255,0.006242219,0.11671833,0.007493039,0.0018970137,0.08449698,0.79064536,1,R0_kfold_f1_s44_v5ctl,best,25
ISIC_0057482,BCN_0001878,BCN_0001878,40-59,bcn20000,4,True,5,0.011419428,0.0068845083,0.008467374,0.06851358,0.005609896,0.8476306,0.05147456,0.023913832,1,R0_kfold_f1_s44_v5ctl,best,25
ISIC_0057489,BCN_0000095,BCN_0000095,40-59,bcn20000,5,False,5,0.011689797,0.0077592437,0.008999172,0.070997275,0.005233263,0.8449874,0.050333824,0.024682304,1,R0_kfold_f1_s44_v5ctl,best,25
ISIC_0057498,BCN_0004665,BCN_0004665,40-59,bcn20000,5,False,5,0.015061748,0.007149763,0.0142427925,0.07311552,0.007888443,0.83007234,0.052469388,0.030099954,1,R0_kfold_f1_s44_v5ctl,best,25
ISIC_0057504,BCN_0001559,BCN_0001559,60+,bcn20000,1,True,1,0.023274997,0.88434523,0.0072031477,0.048974767,0.002727487,0.003275771,0.030198533,0.91034776,1,R0_kfold_f1_s44_v5ctl,best,25
ISIC_0057517,BCN_0000431,BCN_0000431,60+,bcn20000,0,True,5,0.08413006,0.021144696,0.14395559,0.115236185,0.0091628935,0.558398,0.06797258,0.114437655,1,R0_kfold_f1_s44_v5ctl,best,25
ISIC_0057552,BCN_0005599,BCN_0005599,40-59,bcn20000,2,False,4,0.027967053,0.0044514164,0.005527926,0.06688761,0.8494183,0.0027820875,0.042965595,0.8818368,1,R0_kfold_f1_s44_v5ctl,best,25
ISIC_0057560,BCN_0001220,BCN_0001220,60+,bcn20000,1,True,1,0.019701324,0.84841645,0.005741083,0.067922264,0.005020381,0.005004461,0.048193987,0.8731381,1,R0_kfold_f1_s44_v5ctl,best,25
ISIC_0057571,BCN_0001922,BCN_0001922,40-59,bcn20000,5,False,5,0.013274316,0.07115662,0.008348478,0.08573649,0.0037822758,0.74565566,0.072046116,0.088213205,1,R0_kfold_f1_s44_v5ctl,best,25
ISIC_0057616,BCN_0004040,BCN_0004040,60+,bcn20000,0,True,0,0.877848,0.007913573,0.010213025,0.061661623,0.0048237713,0.0028074505,0.03473247,0.89058536,1,R0_kfold_f1_s44_v5ctl,best,25
ISIC_0057627,BCN_0005499,BCN_0005499,60+,bcn20000,1,True,1,0.008008001,0.8831417,0.0081632435,0.05361177,0.0049180775,0.00382834,0.03832885,0.8960678,1,R0_kfold_f1_s44_v5ctl,best,25
ISIC_0057635,BCN_0000120,BCN_0002991,60+,bcn20000,2,False,2,0.009469951,0.0118273515,0.8665074,0.05939668,0.0043764752,0.0035908436,0.044831388,0.025673777,1,R0_kfold_f1_s44_v5ctl,best,25
ISIC_0057690,BCN_0002469,BCN_0002469,40-59,bcn20000,5,False,5,0.011182407,0.008180548,0.008272752,0.15517552,0.08282245,0.67042184,0.06394439,0.102185406,1,R0_kfold_f1_s44_v5ctl,best,25
ISIC_0057738,BCN_0004638,BCN_0004638,60+,bcn20000,2,False,1,0.00942819,0.84782124,0.025232919,0.06329675,0.002007493,0.0031939105,0.04901945,0.8592569,1,R0_kfold_f1_s44_v5ctl,best,25
ISIC_0057739,BCN_0005140,BCN_0005140,60+,bcn20000,0,True,0,0.8583122,0.039221074,0.0022266584,0.05864249,0.0019988124,0.0025815764,0.037017167,0.8995321,1,R0_kfold_f1_s44_v5ctl,best,25
ISIC_0057743,BCN_0002972,BCN_0002972,<40,bcn20000,5,False,5,0.01326114,0.009303109,0.007290352,0.06956284,0.0062478557,0.840854,0.053480703,0.028812105,1,R0_kfold_f1_s44_v5ctl,best,25
ISIC_0057749,BCN_0003641,BCN_0003641,<40,bcn20000,5,False,5,0.01252723,0.007644305,0.008490226,0.07255792,0.008659882,0.83702326,0.053097136,0.028831415,1,R0_kfold_f1_s44_v5ctl,best,25
ISIC_0057854,BCN_0003518,BCN_0003518,40-59,bcn20000,5,False,5,0.010603879,0.008693439,0.04049691,0.093127266,0.0043169074,0.770019,0.072742514,0.023614224,1,R0_kfold_f1_s44_v5ctl,best,25
ISIC_0057858,BCN_0002802,BCN_0002802,<40,bcn20000,5,False,5,0.010810088,0.0077582374,0.007398262,0.07143792,0.00870507,0.84376943,0.050121017,0.027273396,1,R0_kfold_f1_s44_v5ctl,best,25
ISIC_0057864,BCN_0005470,BCN_0005470,60+,bcn20000,4,True,5,0.012482902,0.009513238,0.008582781,0.06642891,0.005438906,0.8471306,0.050422654,0.027435046,1,R0_kfold_f1_s44_v5ctl,best,25
ISIC_0057880,BCN_0005079,BCN_0005079,40-59,bcn20000,2,False,0,0.92246896,0.0046367515,0.0066280924,0.034108687,0.0033887804,0.0023142667,0.026454546,0.9304945,1,R0_kfold_f1_s44_v5ctl,best,25
ISIC_0057881,BCN_0003886,BCN_0003886,40-59,bcn20000,4,True,5,0.024751196,0.014187773,0.007886464,0.087068714,0.011614389,0.7933014,0.06119,0.05055336,1,R0_kfold_f1_s44_v5ctl,best,25
ISIC_0057886,BCN_0000070,BCN_0000070,<40,bcn20000,5,False,5,0.011831452,0.0075213527,0.009586547,0.06872931,0.005512104,0.84491575,0.0519034,0.024864908,1,R0_kfold_f1_s44_v5ctl,best,25
ISIC_0057887,BCN_0002228,BCN_0002228,40-59,bcn20000,5,False,5,0.012530055,0.008100471,0.0075705727,0.07249664,0.009083665,0.8362313,0.053987388,0.029714193,1,R0_kfold_f1_s44_v5ctl,best,25
ISIC_0057925,BCN_0000408,BCN_0000408,<40,bcn20000,5,False,5,0.014259002,0.023570724,0.009598932,0.08530301,0.0031054465,0.79949886,0.06466398,0.040935174,1,R0_kfold_f1_s44_v5ctl,best,25
ISIC_0057935,BCN_0004991,BCN_0004991,40-59,bcn20000,5,False,5,0.008066279,0.0053721555,0.0069003263,0.06486465,0.011026248,0.85740393,0.046366327,0.024464682,1,R0_kfold_f1_s44_v5ctl,best,25
ISIC_0057987,BCN_0005140,BCN_0005140,60+,bcn20000,0,True,0,0.864603,0.03848023,0.0022952035,0.050699677,0.0027763727,0.0026574319,0.03848812,0.9058596,1,R0_kfold_f1_s44_v5ctl,best,25
ISIC_0057994,BCN_0000116,BCN_0000116,60+,bcn20000,6,False,6,0.002576364,0.0012429744,0.0010420129,0.011621795,0.0011088294,0.00071059476,0.9816974,0.004928168,1,R0_kfold_f1_s44_v5ctl,best,25
ISIC_0058003,BCN_0003886,BCN_0003886,40-59,bcn20000,4,True,5,0.016852625,0.009142221,0.008222975,0.07118828,0.008674964,0.8291461,0.056772802,0.03466981,1,R0_kfold_f1_s44_v5ctl,best,25
ISIC_0058022,BCN_0002958,BCN_0002958,60+,bcn20000,4,True,4,0.01126677,0.01941156,0.008962833,0.07491634,0.8275034,0.002903849,0.055035308,0.8581817,1,R0_kfold_f1_s44_v5ctl,best,25
ISIC_0058032,BCN_0002549,BCN_0002549,40-59,bcn20000,3,False,1,0.0967695,0.45654136,0.097758286,0.229806,0.008161939,0.001899801,0.109063074,0.56147283,1,R0_kfold_f1_s44_v5ctl,best,25
ISIC_0058036,BCN_0002199,BCN_0002199,60+,bcn20000,4,True,4,0.006515517,0.003521436,0.0044542532,0.04661211,0.899871,0.0072975648,0.031728074,0.90990794,1,R0_kfold_f1_s44_v5ctl,best,25
ISIC_0058050,BCN_0000043,BCN_0000043,<40,bcn20000,4,True,5,0.012282128,0.008307964,0.007314453,0.07265396,0.006221831,0.84189725,0.051322438,0.026811924,1,R0_kfold_f1_s44_v5ctl,best,25
ISIC_0058071,BCN_0001116,BCN_0001116,<40,bcn20000,5,False,1,0.016466772,0.34407392,0.09375184,0.19890624,0.0057755886,0.18100622,0.16001944,0.3663163,1,R0_kfold_f1_s44_v5ctl,best,25
ISIC_0058072,BCN_0002852,BCN_0002852,40-59,bcn20000,5,False,5,0.0110467095,0.0075879563,0.008687422,0.07306989,0.0050856816,0.84508777,0.049434606,0.023720346,1,R0_kfold_f1_s44_v5ctl,best,25
ISIC_0058091,BCN_0000393,BCN_0000393,60+,bcn20000,1,True,1,0.0077110087,0.85861635,0.00879962,0.060636513,0.008002612,0.004987317,0.051246513,0.87433,1,R0_kfold_f1_s44_v5ctl,best,25
ISIC_0058110,BCN_0005101,BCN_0005101,40-59,bcn20000,5,False,5,0.0161011,0.0057704337,0.0072680307,0.06697976,0.006525299,0.85094833,0.046407066,0.028396832,1,R0_kfold_f1_s44_v5ctl,best,25
ISIC_0058138,BCN_0004592,BCN_0004592,60+,bcn20000,4,True,4,0.014440869,0.007669187,0.007959365,0.066543184,0.85048145,0.0052356627,0.04767028,0.8725915,1,R0_kfold_f1_s44_v5ctl,best,25
ISIC_0058145,BCN_0002671,BCN_0002671,unknown,bcn20000,5,False,5,0.0123482,0.011300465,0.007294212,0.07770448,0.009652194,0.82703495,0.0546654,0.033300858,1,R0_kfold_f1_s44_v5ctl,best,25
ISIC_0058150,BCN_0005675,BCN_0005675,40-59,bcn20000,1,True,1,0.008561794,0.8844436,0.006074765,0.053229325,0.0046658693,0.004638718,0.03838597,0.8976712,1,R0_kfold_f1_s44_v5ctl,best,25
ISIC_0058151,BCN_0002318,BCN_0002318,40-59,bcn20000,4,True,5,0.011935423,0.009909281,0.0075566573,0.075578995,0.016949916,0.8230783,0.054991506,0.03879462,1,R0_kfold_f1_s44_v5ctl,best,25
ISIC_0058168,BCN_0003726,BCN_0003726,40-59,bcn20000,4,True,5,0.010148421,0.0060521076,0.007849559,0.06774754,0.005433135,0.85185766,0.050911494,0.021633662,1,R0_kfold_f1_s44_v5ctl,best,25
ISIC_0058174,BCN_0001516,BCN_0001516,60+,bcn20000,4,True,4,0.010248245,0.006187022,0.0058437437,0.06207919,0.8692311,0.004106143,0.042304523,0.8856664,1,R0_kfold_f1_s44_v5ctl,best,25
ISIC_0058193,BCN_0000158,BCN_0000158,40-59,bcn20000,1,True,5,0.014072259,0.0095834555,0.007648897,0.082411155,0.0032141234,0.82409644,0.058973614,0.026869837,1,R0_kfold_f1_s44_v5ctl,best,25
ISIC_0058221,BCN_0000483,BCN_0000483,<40,bcn20000,5,False,5,0.01081828,0.007411968,0.0074898745,0.07067317,0.007217857,0.84550035,0.050888445,0.025448106,1,R0_kfold_f1_s44_v5ctl,best,25
ISIC_0058222,BCN_0001559,BCN_0001559,60+,bcn20000,1,True,1,0.01218589,0.87043756,0.00632518,0.059311006,0.0074262386,0.0052799587,0.03903415,0.8900497,1,R0_kfold_f1_s44_v5ctl,best,25
ISIC_0058231,BCN_0002599,BCN_0002599,<40,bcn20000,5,False,5,0.017183667,0.009030021,0.008733994,0.09065134,0.019836683,0.7892802,0.06528407,0.04605037,1,R0_kfold_f1_s44_v5ctl,best,25
ISIC_0058232,BCN_0000312,BCN_0000312,40-59,bcn20000,1,True,1,0.0086367475,0.878661,0.0058066417,0.05534335,0.0067704963,0.0044817217,0.04030006,0.89406824,1,R0_kfold_f1_s44_v5ctl,best,25
ISIC_0058248,BCN_0002445,BCN_0002445,40-59,bcn20000,5,False,5,0.01131594,0.0075646145,0.008008989,0.07109162,0.006373541,0.84424716,0.051398113,0.025254095,1,R0_kfold_f1_s44_v5ctl,best,25
ISIC_0058264,BCN_0002400,BCN_0002400,40-59,bcn20000,1,True,1,0.0075292373,0.8741226,0.0059192395,0.057689443,0.007887135,0.0042336998,0.042618584,0.889539,1,R0_kfold_f1_s44_v5ctl,best,25
ISIC_0058293,BCN_0003684,BCN_0003684,60+,bcn20000,2,False,0,0.67839634,0.008532996,0.13116696,0.084090486,0.02031123,0.0028979154,0.07460414,0.7072406,1,R0_kfold_f1_s44_v5ctl,best,25
ISIC_0058298,BCN_0004468,BCN_0004468,40-59,bcn20000,4,True,2,0.0700034,0.011278022,0.7745305,0.08020612,0.01571306,0.0012789305,0.04699,0.09699448,1,R0_kfold_f1_s44_v5ctl,best,25
ISIC_0058303,BCN_0000549,BCN_0000549,60+,bcn20000,4,True,4,0.008792288,0.006030062,0.0063377502,0.059285562,0.87328017,0.0036350463,0.04263917,0.88810253,1,R0_kfold_f1_s44_v5ctl,best,25
ISIC_0058344,BCN_0001724,BCN_0001724,60+,bcn20000,4,True,4,0.009453929,0.0063579245,0.0063766274,0.059463494,0.8700594,0.0052434076,0.043045234,0.88587123,1,R0_kfold_f1_s44_v5ctl,best,25
ISIC_0058397,BCN_0001375,BCN_0001375,60+,bcn20000,5,False,1,0.008264657,0.88912565,0.0054981844,0.049677193,0.0054849423,0.0055884845,0.0363608,0.90287524,1,R0_kfold_f1_s44_v5ctl,best,25
ISIC_0058399,BCN_0005263,BCN_0005263,60+,bcn20000,4,True,4,0.010174426,0.012816436,0.006260321,0.08150003,0.8087555,0.020099873,0.06039338,0.8317464,1,R0_kfold_f1_s44_v5ctl,best,25
ISIC_0058426,BCN_0001087,BCN_0001087,60+,bcn20000,4,True,5,0.010008522,0.009658005,0.011273727,0.08838964,0.031050656,0.782875,0.06674443,0.050717182,1,R0_kfold_f1_s44_v5ctl,best,25
ISIC_0058460,BCN_0001387,BCN_0001387,40-59,bcn20000,0,True,1,0.010758424,0.87351215,0.008559749,0.05923528,0.0047553936,0.004025593,0.039153427,0.8890259,1,R0_kfold_f1_s44_v5ctl,best,25
ISIC_0058477,BCN_0004665,BCN_0004665,40-59,bcn20000,5,False,5,0.011619931,0.0062124445,0.009238062,0.066018894,0.0051680966,0.8519325,0.049810156,0.023000473,1,R0_kfold_f1_s44_v5ctl,best,25
ISIC_0058482,BCN_0005696,BCN_0005696,60+,bcn20000,1,True,1,0.009932108,0.8693831,0.007342734,0.05882563,0.004741474,0.0048089423,0.044965975,0.8840567,1,R0_kfold_f1_s44_v5ctl,best,25
ISIC_0058526,BCN_0002074,BCN_0002074,60+,bcn20000,4,True,4,0.019207623,0.012364654,0.01058932,0.16596219,0.5999562,0.1001848,0.09173523,0.6315285,1,R0_kfold_f1_s44_v5ctl,best,25
ISIC_0058532,BCN_0005193,BCN_0005193,40-59,bcn20000,2,False,4,0.0061197043,0.017119806,0.011876805,0.07206977,0.7763732,0.0015327885,0.11490782,0.7996127,1,R0_kfold_f1_s44_v5ctl,best,25
ISIC_0058538,BCN_0003520,BCN_0003520,60+,bcn20000,5,False,5,0.010978754,0.0069445684,0.0076596327,0.06950297,0.0075441184,0.8434336,0.053936396,0.02546744,1,R0_kfold_f1_s44_v5ctl,best,25
ISIC_0058563,BCN_0003443,BCN_0003443,60+,bcn20000,2,False,4,0.012787296,0.006516839,0.008702213,0.065946534,0.8500814,0.006828319,0.04913746,0.86938554,1,R0_kfold_f1_s44_v5ctl,best,25
ISIC_0058565,BCN_0002549,BCN_0002549,40-59,bcn20000,3,False,3,0.23613444,0.05949382,0.19046302,0.40938985,0.007676364,0.0009817582,0.09586069,0.3033046,1,R0_kfold_f1_s44_v5ctl,best,25
ISIC_0058569,BCN_0003629,BCN_0003629,60+,bcn20000,4,True,4,0.0099166185,0.008414098,0.0061346027,0.06493875,0.8598728,0.003755419,0.04696768,0.8782035,1,R0_kfold_f1_s44_v5ctl,best,25
ISIC_0058576,BCN_0000665,BCN_0000665,60+,bcn20000,1,True,1,0.0083162505,0.868667,0.0064350488,0.06082624,0.006344869,0.004580036,0.04483054,0.88332814,1,R0_kfold_f1_s44_v5ctl,best,25
ISIC_0058593,BCN_0000079,BCN_0000079,60+,bcn20000,0,True,0,0.51419055,0.2608654,0.0032947604,0.120139934,0.016928412,0.009227057,0.075353846,0.7919844,1,R0_kfold_f1_s44_v5ctl,best,25
ISIC_0058602,BCN_0004525,BCN_0004525,60+,bcn20000,1,True,1,0.007457871,0.8874788,0.0064748097,0.04915482,0.004738256,0.0061918176,0.038503576,0.89967495,1,R0_kfold_f1_s44_v5ctl,best,25
ISIC_0058606,BCN_0004158,BCN_0004158,<40,bcn20000,5,False,5,0.010672385,0.0072681615,0.008960575,0.065733984,0.0049113953,0.855093,0.047360413,0.022851942,1,R0_kfold_f1_s44_v5ctl,best,25
ISIC_0058615,BCN_0004567,BCN_0004567,<40,bcn20000,5,False,5,0.010838391,0.008274157,0.008668762,0.07119899,0.0056013595,0.8400614,0.055356998,0.024713907,1,R0_kfold_f1_s44_v5ctl,best,25
ISIC_0058642,BCN_0000162,BCN_0000162,40-59,bcn20000,5,False,5,0.013588538,0.008597425,0.0058203004,0.12953238,0.0760053,0.691365,0.075091094,0.09819126,1,R0_kfold_f1_s44_v5ctl,best,25
ISIC_0058649,BCN_0001747,BCN_0001747,60+,bcn20000,4,True,4,0.027531752,0.0069910185,0.0044052736,0.0595892,0.85581857,0.0014615549,0.04420271,0.89034134,1,R0_kfold_f1_s44_v5ctl,best,25
ISIC_0058662,BCN_0003555,BCN_0003555,60+,bcn20000,1,True,1,0.028686358,0.84204954,0.0062467074,0.06775684,0.0046809134,0.003220727,0.04735887,0.8754168,1,R0_kfold_f1_s44_v5ctl,best,25
ISIC_0058666,BCN_0002316,BCN_0002316,60+,bcn20000,4,True,4,0.0073929736,0.018310089,0.011590566,0.07105201,0.83262116,0.0044195405,0.05461375,0.8583242,1,R0_kfold_f1_s44_v5ctl,best,25
ISIC_0058670,BCN_0001490,BCN_0001490,40-59,bcn20000,1,True,1,0.008764889,0.8854129,0.0054350495,0.05488992,0.0048976056,0.0037955572,0.03680405,0.8990753,1,R0_kfold_f1_s44_v5ctl,best,25
ISIC_0058676,BCN_0002316,BCN_0002316,60+,bcn20000,4,True,4,0.011719168,0.0073428466,0.008173325,0.06373993,0.8545809,0.005296751,0.049147118,0.8736429,1,R0_kfold_f1_s44_v5ctl,best,25
ISIC_0058680,BCN_0000791,BCN_0000791,40-59,bcn20000,1,True,1,0.009793998,0.87555915,0.006174632,0.055978082,0.005475515,0.004650685,0.04236783,0.89082867,1,R0_kfold_f1_s44_v5ctl,best,25
ISIC_0058709,BCN_0004259,BCN_0004259,60+,bcn20000,1,True,1,0.008991375,0.86955,0.010160734,0.058590326,0.0057381405,0.0055650054,0.041404366,0.8842795,1,R0_kfold_f1_s44_v5ctl,best,25
ISIC_0058717,BCN_0005193,BCN_0005193,40-59,bcn20000,2,False,6,0.00050817017,0.007940258,0.0042831763,0.026569752,0.010194827,0.00019324695,0.95031047,0.018643256,1,R0_kfold_f1_s44_v5ctl,best,25
ISIC_0058719,BCN_0005621,BCN_0005621,40-59,bcn20000,5,False,5,0.0116614485,0.00769555,0.007559631,0.072257444,0.0063867997,0.84211826,0.052320823,0.0257438,1,R0_kfold_f1_s44_v5ctl,best,25
ISIC_0058761,BCN_0004079,BCN_0004079,40-59,bcn20000,5,False,5,0.01125531,0.036938194,0.014241416,0.13326445,0.009388617,0.71126705,0.083644964,0.05758212,1,R0_kfold_f1_s44_v5ctl,best,25
ISIC_0058765,BCN_0000315,BCN_0000315,60+,bcn20000,1,True,1,0.009350699,0.85928786,0.0068925354,0.061047565,0.009920354,0.0044371597,0.0490638,0.87855893,1,R0_kfold_f1_s44_v5ctl,best,25
ISIC_0058778,BCN_0004638,BCN_0004638,60+,bcn20000,2,False,1,0.017023254,0.36554396,0.25800604,0.18374977,0.0018661747,0.0483379,0.12547289,0.3844334,1,R0_kfold_f1_s44_v5ctl,best,25
ISIC_0058812,BCN_0001216,BCN_0001216,<40,bcn20000,5,False,5,0.011427218,0.007878328,0.007565059,0.06811241,0.004822607,0.84778714,0.052407153,0.024128154,1,R0_kfold_f1_s44_v5ctl,best,25
ISIC_0058815,BCN_0005193,BCN_0005193,40-59,bcn20000,2,False,1,0.005629527,0.52472043,0.043457862,0.17637706,0.07310249,0.0020536808,0.17465894,0.60345244,1,R0_kfold_f1_s44_v5ctl,best,25
ISIC_0058819,BCN_0001864,BCN_0001864,60+,bcn20000,1,True,0,0.4626201,0.035510436,0.080289185,0.31926975,0.00097062776,0.005491463,0.095848404,0.4991012,1,R0_kfold_f1_s44_v5ctl,best,25
ISIC_0058820,BCN_0001770,BCN_0001770,60+,bcn20000,5,False,5,0.020032432,0.014360359,0.009636259,0.15958196,0.08530268,0.6053963,0.105690084,0.11969547,1,R0_kfold_f1_s44_v5ctl,best,25
ISIC_0058863,BCN_0000680,BCN_0000680,40-59,bcn20000,4,True,5,0.012413761,0.011403022,0.011614445,0.076913886,0.009098378,0.8257814,0.05277511,0.03291516,1,R0_kfold_f1_s44_v5ctl,best,25
ISIC_0058895,BCN_0005039,BCN_0005039,60+,bcn20000,5,False,5,0.011592506,0.007929866,0.0075922664,0.06892956,0.010604491,0.84294623,0.05040515,0.030126864,1,R0_kfold_f1_s44_v5ctl,best,25
ISIC_0058920,BCN_0002155,BCN_0002155,60+,bcn20000,0,True,0,0.918693,0.0031341668,0.0047608423,0.035325546,0.013152573,0.0010123111,0.02392161,0.9349798,1,R0_kfold_f1_s44_v5ctl,best,25
ISIC_0058924,BCN_0004918,BCN_0004918,40-59,bcn20000,0,True,1,0.010667519,0.88387346,0.0072665242,0.04965781,0.005464554,0.0048994455,0.03817077,0.9000055,1,R0_kfold_f1_s44_v5ctl,best,25
ISIC_0058946,BCN_0003983,BCN_0003983,<40,bcn20000,5,False,5,0.0132150315,0.0101106865,0.009253085,0.08182669,0.01566368,0.8080183,0.061912525,0.0389894,1,R0_kfold_f1_s44_v5ctl,best,25
ISIC_0058967,BCN_0001290,BCN_0001290,60+,bcn20000,0,True,2,0.052614994,0.0056932434,0.80732626,0.06536019,0.0052569075,0.0055882293,0.058160245,0.06356514,1,R0_kfold_f1_s44_v5ctl,best,25
ISIC_0058974,BCN_0001363,BCN_0001363,40-59,bcn20000,2,False,0,0.9330573,0.0037253962,0.0049049053,0.028228652,0.0032073355,0.0028548867,0.024021508,0.93999004,1,R0_kfold_f1_s44_v5ctl,best,25
ISIC_0058994,BCN_0001619,BCN_0001619,40-59,bcn20000,0,True,1,0.015855918,0.6777467,0.07412574,0.13139428,0.011269652,0.0051500737,0.084457554,0.70487225,1,R0_kfold_f1_s44_v5ctl,best,25
ISIC_0058998,BCN_0000320,BCN_0000320,40-59,bcn20000,5,False,1,0.008806433,0.87407255,0.007336314,0.057593826,0.004881219,0.005280207,0.04202945,0.88776016,1,R0_kfold_f1_s44_v5ctl,best,25
ISIC_0059006,BCN_0000107,BCN_0000107,40-59,bcn20000,1,True,1,0.007279169,0.8962681,0.0042059473,0.04688646,0.004890791,0.0049536903,0.035515875,0.9084381,1,R0_kfold_f1_s44_v5ctl,best,25
ISIC_0059018,BCN_0004843,BCN_0004843,<40,bcn20000,5,False,5,0.0110744415,0.008233866,0.006719618,0.067413285,0.005550504,0.85214454,0.0488638,0.02485881,1,R0_kfold_f1_s44_v5ctl,best,25
ISIC_0059032,BCN_0000079,BCN_0000079,60+,bcn20000,0,True,0,0.46036172,0.0089942245,0.2506284,0.09989631,0.06993708,0.003254031,0.106928155,0.53929305,1,R0_kfold_f1_s44_v5ctl,best,25
ISIC_0059033,BCN_0001254,BCN_0001254,60+,bcn20000,1,True,1,0.010268116,0.8617734,0.0052925944,0.06137096,0.009314899,0.0072873393,0.044692706,0.88135636,1,R0_kfold_f1_s44_v5ctl,best,25
ISIC_0059035,BCN_0002588,BCN_0002588,40-59,bcn20000,2,False,2,0.015949158,0.11821062,0.45747402,0.18446745,0.0026012084,0.124277815,0.0970197,0.13676098,1,R0_kfold_f1_s44_v5ctl,best,25
ISIC_0059058,BCN_0000740,BCN_0000740,40-59,bcn20000,0,True,1,0.10973311,0.38528746,0.25612688,0.1522365,0.0019975235,0.0014348303,0.09318374,0.4970181,1,R0_kfold_f1_s44_v5ctl,best,25
ISIC_0059065,BCN_0001747,BCN_0001747,60+,bcn20000,4,True,2,0.16541207,0.009549922,0.5568052,0.12957503,0.015350361,0.0036165926,0.11969084,0.19031234,1,R0_kfold_f1_s44_v5ctl,best,25
ISIC_0059067,BCN_0000408,BCN_0000408,<40,bcn20000,5,False,5,0.012740882,0.0144722285,0.008547035,0.07474635,0.003598618,0.8299368,0.055958085,0.030811729,1,R0_kfold_f1_s44_v5ctl,best,25
ISIC_0059069,BCN_0001687,BCN_0001687,60+,bcn20000,4,True,4,0.006840185,0.006205147,0.014924301,0.052330554,0.8719838,0.004088993,0.04362705,0.88502914,1,R0_kfold_f1_s44_v5ctl,best,25
ISIC_0059091,BCN_0002611,BCN_0002611,60+,bcn20000,0,True,0,0.35909766,0.08315655,0.31809014,0.09323782,0.021577176,0.0070216493,0.11781904,0.4638314,1,R0_kfold_f1_s44_v5ctl,best,25
ISIC_0059092,BCN_0003215,BCN_0003215,40-59,bcn20000,4,True,4,0.014640871,0.007957072,0.0077520404,0.06777006,0.8486135,0.005650922,0.0476156,0.87121147,1,R0_kfold_f1_s44_v5ctl,best,25
ISIC_0059109,BCN_0003128,BCN_0003128,40-59,bcn20000,2,False,5,0.010632033,0.0087955985,0.015774062,0.07817879,0.007989481,0.8188882,0.05974185,0.027417112,1,R0_kfold_f1_s44_v5ctl,best,25
ISIC_0059121,BCN_0002666,BCN_0002666,40-59,bcn20000,1,True,1,0.0074620945,0.88452876,0.00725392,0.05259983,0.0049600913,0.0041683675,0.039026864,0.89695096,1,R0_kfold_f1_s44_v5ctl,best,25
ISIC_0059122,BCN_0004558,BCN_0004558,60+,bcn20000,5,False,1,0.008660839,0.8838531,0.0051430524,0.05339064,0.0033250183,0.0055827145,0.0400447,0.895839,1,R0_kfold_f1_s44_v5ctl,best,25
ISIC_0059131,BCN_0004227,BCN_0004227,60+,bcn20000,5,False,5,0.009388533,0.008505583,0.009220447,0.06886812,0.0062112287,0.8498991,0.04790696,0.024105344,1,R0_kfold_f1_s44_v5ctl,best,25
ISIC_0059166,BCN_0002632,BCN_0002632,<40,bcn20000,5,False,5,0.010352742,0.007721267,0.010618302,0.06320339,0.006253108,0.8512248,0.050626393,0.024327118,1,R0_kfold_f1_s44_v5ctl,best,25
ISIC_0059183,BCN_0002599,BCN_0002599,<40,bcn20000,5,False,5,0.014974083,0.008050844,0.0090907505,0.07728718,0.015984086,0.81509244,0.0595206,0.039009012,1,R0_kfold_f1_s44_v5ctl,best,25
ISIC_0059187,BCN_0002857,BCN_0002857,<40,bcn20000,5,False,5,0.01065403,0.0078903055,0.009341743,0.06959649,0.0054878113,0.84531546,0.0517141,0.024032146,1,R0_kfold_f1_s44_v5ctl,best,25
ISIC_0059192,BCN_0003128,BCN_0003128,40-59,bcn20000,2,False,5,0.010553464,0.009637461,0.0145563865,0.08798318,0.01507876,0.8020189,0.060171895,0.035269685,1,R0_kfold_f1_s44_v5ctl,best,25
ISIC_0059201,BCN_0005428,BCN_0005428,60+,bcn20000,1,True,1,0.0121471835,0.87641037,0.008118087,0.052761927,0.0058429134,0.003917438,0.040802035,0.8944005,1,R0_kfold_f1_s44_v5ctl,best,25
ISIC_0059208,BCN_0002979,BCN_0002979,40-59,bcn20000,5,False,5,0.012739106,0.01373978,0.021871977,0.10487101,0.11349151,0.6572469,0.076039776,0.13997039,1,R0_kfold_f1_s44_v5ctl,best,25
ISIC_0059209,BCN_0005470,BCN_0005470,60+,bcn20000,4,True,5,0.030800493,0.02478467,0.019729584,0.10114136,0.0033029113,0.75215405,0.06808697,0.05888807,1,R0_kfold_f1_s44_v5ctl,best,25
ISIC_0059210,BCN_0003431,BCN_0003431,60+,bcn20000,1,True,1,0.010945257,0.85834146,0.0071809124,0.06335292,0.0068237917,0.006472808,0.046882793,0.8761105,1,R0_kfold_f1_s44_v5ctl,best,25
ISIC_0059220,BCN_0003354,BCN_0003354,60+,bcn20000,5,False,5,0.01144105,0.00834949,0.0071187317,0.072475195,0.005343778,0.84288394,0.052387774,0.02513432,1,R0_kfold_f1_s44_v5ctl,best,25
ISIC_0059223,BCN_0000120,BCN_0002991,60+,bcn20000,2,False,2,0.0147934,0.005664509,0.86774164,0.058145016,0.0048237415,0.0039104926,0.0449212,0.02528165,1,R0_kfold_f1_s44_v5ctl,best,25
ISIC_0059226,BCN_0003979,BCN_0003979,60+,bcn20000,1,True,1,0.025812306,0.86110055,0.0068965405,0.055512995,0.003764597,0.0036692943,0.04324372,0.89067745,1,R0_kfold_f1_s44_v5ctl,best,25
ISIC_0059228,BCN_0000713,BCN_0000713,40-59,bcn20000,5,False,1,0.010583418,0.86453277,0.0075339214,0.06523621,0.0052876733,0.0049487227,0.0418773,0.8804038,1,R0_kfold_f1_s44_v5ctl,best,25
ISIC_0059235,BCN_0003267,BCN_0003267,<40,bcn20000,5,False,5,0.012274388,0.0066627124,0.008735257,0.06849297,0.006784505,0.8437464,0.05330379,0.025721606,1,R0_kfold_f1_s44_v5ctl,best,25
ISIC_0059245,BCN_0005101,BCN_0005101,40-59,bcn20000,5,False,5,0.0331764,0.006964224,0.011606603,0.09253521,0.0048985765,0.79170084,0.059118167,0.045039203,1,R0_kfold_f1_s44_v5ctl,best,25
ISIC_0059264,BCN_0000728,BCN_0000728,60+,bcn20000,4,True,4,0.01454147,0.009229211,0.0055140737,0.06168667,0.86020553,0.00328632,0.045536753,0.8839762,1,R0_kfold_f1_s44_v5ctl,best,25
ISIC_0059295,BCN_0004440,BCN_0004440,40-59,bcn20000,6,False,6,0.004350683,0.22789966,0.004537982,0.068416126,0.008940411,0.057500552,0.6283545,0.24119075,1,R0_kfold_f1_s44_v5ctl,best,25
ISIC_0059324,BCN_0003890,BCN_0003890,60+,bcn20000,1,True,1,0.012291154,0.46015102,0.005124991,0.10079111,0.0082475,0.24940689,0.16398735,0.48068967,1,R0_kfold_f1_s44_v5ctl,best,25
ISIC_0059330,BCN_0003726,BCN_0003726,40-59,bcn20000,4,True,5,0.012130563,0.0072129765,0.006936757,0.07781279,0.014084076,0.82380825,0.058014497,0.033427615,1,R0_kfold_f1_s44_v5ctl,best,25
ISIC_0059342,BCN_0003261,BCN_0003261,60+,bcn20000,0,True,1,0.029765876,0.86226004,0.0055161198,0.055131324,0.0052799303,0.0044166534,0.037630048,0.8973059,1,R0_kfold_f1_s44_v5ctl,best,25
ISIC_0059354,BCN_0003820,BCN_0003820,60+,bcn20000,5,False,5,0.013912903,0.011609936,0.008852451,0.07318122,0.004477619,0.83247304,0.055492748,0.03000046,1,R0_kfold_f1_s44_v5ctl,best,25
ISIC_0059358,BCN_0004305,BCN_0004305,60+,bcn20000,4,True,4,0.010283492,0.005326347,0.00774731,0.062370434,0.8659164,0.0063300095,0.04202608,0.88152623,1,R0_kfold_f1_s44_v5ctl,best,25
ISIC_0059363,BCN_0000120,BCN_0002991,60+,bcn20000,2,False,2,0.01267157,0.006210189,0.8768066,0.055441294,0.005095152,0.0035461187,0.040229086,0.02397691,1,R0_kfold_f1_s44_v5ctl,best,25
ISIC_0059376,BCN_0002445,BCN_0002445,40-59,bcn20000,5,False,5,0.011077678,0.007763134,0.007819291,0.06924122,0.0067044725,0.8466168,0.050777342,0.025545284,1,R0_kfold_f1_s44_v5ctl,best,25
ISIC_0059387,BCN_0000728,BCN_0000728,60+,bcn20000,4,True,4,0.0135466615,0.008628127,0.0052039544,0.060446747,0.8645609,0.0033186993,0.04429486,0.8867357,1,R0_kfold_f1_s44_v5ctl,best,25
ISIC_0059423,BCN_0001204,BCN_0001204,60+,bcn20000,4,True,5,0.012088163,0.008894644,0.008886953,0.074297905,0.009043071,0.8323546,0.054434605,0.030025877,1,R0_kfold_f1_s44_v5ctl,best,25
ISIC_0059443,BCN_0003726,BCN_0003726,40-59,bcn20000,4,True,5,0.010532604,0.007973134,0.0071515394,0.0776839,0.010830453,0.8342101,0.05161831,0.02933619,1,R0_kfold_f1_s44_v5ctl,best,25
ISIC_0059457,BCN_0005101,BCN_0005101,40-59,bcn20000,5,False,5,0.026679454,0.006764247,0.0074235797,0.07159147,0.0051462473,0.8320186,0.05037633,0.038589947,1,R0_kfold_f1_s44_v5ctl,best,25
ISIC_0059462,BCN_0005704,BCN_0005704,60+,bcn20000,1,True,1,0.01484431,0.86732626,0.005767376,0.062490746,0.00434322,0.004871971,0.040356077,0.88651377,1,R0_kfold_f1_s44_v5ctl,best,25
ISIC_0059465,BCN_0004128,BCN_0004128,40-59,bcn20000,5,False,5,0.011861427,0.007483612,0.008143304,0.07352429,0.010749243,0.83941674,0.048821334,0.03009428,1,R0_kfold_f1_s44_v5ctl,best,25
ISIC_0059468,BCN_0001116,BCN_0001116,<40,bcn20000,5,False,2,0.0059096017,0.012039403,0.85196555,0.071445405,0.006549419,0.005258061,0.046832506,0.024498425,1,R0_kfold_f1_s44_v5ctl,best,25
ISIC_0059484,BCN_0000811,BCN_0000811,<40,bcn20000,6,False,1,0.0042933174,0.7623144,0.029758638,0.11448642,0.015332992,0.0022358075,0.07157839,0.7819407,1,R0_kfold_f1_s44_v5ctl,best,25
ISIC_0059486,BCN_0001687,BCN_0001687,60+,bcn20000,4,True,4,0.013147561,0.054053485,0.007801154,0.10592927,0.74841243,0.0038969724,0.06675905,0.8156135,1,R0_kfold_f1_s44_v5ctl,best,25
ISIC_0059517,BCN_0002193,BCN_0002193,40-59,bcn20000,1,True,1,0.011195693,0.87092674,0.0068702293,0.061632536,0.0046784207,0.004898419,0.039797902,0.8868009,1,R0_kfold_f1_s44_v5ctl,best,25
ISIC_0059524,BCN_0000327,BCN_0000327,40-59,bcn20000,1,True,2,0.0063919863,0.0033659302,0.8904461,0.04695186,0.0020627072,0.01508652,0.035694927,0.011820624,1,R0_kfold_f1_s44_v5ctl,best,25
ISIC_0059593,BCN_0001964,BCN_0001964,<40,bcn20000,4,True,5,0.009455899,0.00727341,0.007952766,0.07553938,0.008486962,0.8450309,0.046260707,0.02521627,1,R0_kfold_f1_s44_v5ctl,best,25
ISIC_0059599,BCN_0004759,BCN_0004759,60+,bcn20000,1,True,5,0.012175679,0.019613301,0.008717725,0.08120863,0.0039247596,0.8135188,0.060841076,0.035713743,1,R0_kfold_f1_s44_v5ctl,best,25
ISIC_0059608,BCN_0002694,BCN_0002694,40-59,bcn20000,4,True,1,0.025482317,0.7277026,0.007361594,0.09210634,0.059468213,0.017067302,0.07081154,0.8126531,1,R0_kfold_f1_s44_v5ctl,best,25
ISIC_0059621,BCN_0003901,BCN_0003901,60+,bcn20000,5,False,5,0.0130735235,0.008041478,0.007883953,0.07220111,0.006897336,0.83825976,0.053642813,0.028012337,1,R0_kfold_f1_s44_v5ctl,best,25
ISIC_0059661,BCN_0003820,BCN_0003820,60+,bcn20000,5,False,5,0.012477964,0.008278912,0.0077463426,0.07004486,0.00491849,0.84456986,0.051963583,0.025675366,1,R0_kfold_f1_s44_v5ctl,best,25
ISIC_0059671,BCN_0001724,BCN_0001724,60+,bcn20000,4,True,4,0.010541917,0.0068356358,0.006586558,0.058488313,0.8670982,0.006414223,0.044035163,0.88447577,1,R0_kfold_f1_s44_v5ctl,best,25
ISIC_0059697,BCN_0002626,BCN_0002626,60+,bcn20000,4,True,4,0.008631448,0.0062246756,0.0064113936,0.060180526,0.86767876,0.0077249818,0.0431482,0.88253486,1,R0_kfold_f1_s44_v5ctl,best,25
ISIC_0059703,BCN_0000086,BCN_0000086,<40,bcn20000,4,True,5,0.012851202,0.007425189,0.0113285305,0.07242261,0.0069329017,0.8383118,0.05072777,0.027209291,1,R0_kfold_f1_s44_v5ctl,best,25
ISIC_0059713,BCN_0002747,BCN_0002747,<40,bcn20000,5,False,5,0.0054053348,0.00297345,0.0045804335,0.23384508,0.00615211,0.6937408,0.053302765,0.014530895,1,R0_kfold_f1_s44_v5ctl,best,25
ISIC_0059720,BCN_0003585,BCN_0003585,60+,bcn20000,0,True,4,0.011264798,0.007117925,0.0070693693,0.05961351,0.8679868,0.003955429,0.042992223,0.8863695,1,R0_kfold_f1_s44_v5ctl,best,25
ISIC_0059721,BCN_0005164,BCN_0005164,<40,bcn20000,5,False,5,0.019917054,0.02570759,0.013703733,0.14955978,0.2049763,0.46217784,0.12395771,0.25060093,1,R0_kfold_f1_s44_v5ctl,best,25
ISIC_0059750,BCN_0004592,BCN_0004592,60+,bcn20000,4,True,4,0.014229916,0.028153619,0.022606453,0.1690878,0.68925136,0.0015704635,0.075100325,0.7316349,1,R0_kfold_f1_s44_v5ctl,best,25
ISIC_0059756,BCN_0001845,BCN_0001845,<40,bcn20000,5,False,4,0.009710621,0.015254887,0.02911603,0.14054891,0.509047,0.19302918,0.10329339,0.5340125,1,R0_kfold_f1_s44_v5ctl,best,25
ISIC_0059761,BCN_0004019,BCN_0004019,60+,bcn20000,5,False,5,0.011879761,0.008538248,0.010544215,0.074530475,0.009506348,0.8323234,0.05267754,0.029924355,1,R0_kfold_f1_s44_v5ctl,best,25
ISIC_0059785,BCN_0004592,BCN_0004592,60+,bcn20000,4,True,4,0.010700307,0.009029727,0.007822974,0.06722701,0.8480327,0.0062986095,0.05088862,0.86776274,1,R0_kfold_f1_s44_v5ctl,best,25
ISIC_0059806,BCN_0005362,BCN_0005362,60+,bcn20000,1,True,1,0.023839489,0.8563359,0.005820321,0.06635139,0.0039025212,0.0029059602,0.04084435,0.88407785,1,R0_kfold_f1_s44_v5ctl,best,25
ISIC_0059811,BCN_0000120,BCN_0001123,40-59,bcn20000,1,True,1,0.008898305,0.88345754,0.0062302947,0.054766417,0.004653914,0.004462313,0.037531137,0.8970098,1,R0_kfold_f1_s44_v5ctl,best,25
ISIC_0059814,BCN_0004592,BCN_0004592,60+,bcn20000,4,True,4,0.013138217,0.008574133,0.0105814235,0.062702425,0.85463154,0.0034613798,0.04691083,0.8763439,1,R0_kfold_f1_s44_v5ctl,best,25
ISIC_0059914,BCN_0005076,BCN_0005076,60+,bcn20000,1,True,1,0.0088525275,0.8963676,0.004253225,0.049191236,0.0043943296,0.0028962845,0.034044705,0.9096145,1,R0_kfold_f1_s44_v5ctl,best,25
ISIC_0059920,BCN_0000286,BCN_0000286,40-59,bcn20000,1,True,1,0.008376888,0.87095726,0.007189859,0.05793853,0.005443573,0.005605971,0.044487886,0.8847777,1,R0_kfold_f1_s44_v5ctl,best,25
ISIC_0059937,BCN_0000460,BCN_0000460,40-59,bcn20000,5,False,5,0.010621529,0.006164484,0.009584245,0.06632333,0.0090474505,0.8397354,0.058523502,0.025833463,1,R0_kfold_f1_s44_v5ctl,best,25
ISIC_0059939,BCN_0003234,BCN_0003234,40-59,bcn20000,5,False,5,0.011790701,0.0074013495,0.008398835,0.07074248,0.0061008665,0.8461044,0.04946138,0.025292918,1,R0_kfold_f1_s44_v5ctl,best,25
ISIC_0059941,BCN_0001747,BCN_0001747,60+,bcn20000,4,True,1,0.007363055,0.85594815,0.01722085,0.065088674,0.009209574,0.0024408225,0.04272885,0.8725208,1,R0_kfold_f1_s44_v5ctl,best,25
ISIC_0059970,BCN_0001363,BCN_0001363,40-59,bcn20000,2,False,0,0.9154457,0.004710351,0.007090763,0.034723368,0.0047862125,0.0033728692,0.029870799,0.92494226,1,R0_kfold_f1_s44_v5ctl,best,25
ISIC_0059985,BCN_0000740,BCN_0000740,40-59,bcn20000,0,True,0,0.91433686,0.0028932123,0.014947877,0.037520785,0.0013545206,0.0017416788,0.027205145,0.9185846,1,R0_kfold_f1_s44_v5ctl,best,25
ISIC_0059999,BCN_0004775,BCN_0004775,60+,bcn20000,1,True,1,0.015546438,0.4358082,0.09114391,0.20987062,0.04201349,0.06985968,0.1357576,0.49336815,1,R0_kfold_f1_s44_v5ctl,best,25
ISIC_0060001,BCN_0000746,BCN_0000746,<40,bcn20000,5,False,5,0.01090616,0.009223123,0.007131096,0.06955506,0.0055004996,0.84586763,0.051816437,0.025629781,1,R0_kfold_f1_s44_v5ctl,best,25
ISIC_0060004,BCN_0001336,BCN_0001336,60+,bcn20000,2,False,5,0.010502773,0.009625368,0.0120892,0.066415444,0.0036616141,0.84741735,0.05028831,0.023789756,1,R0_kfold_f1_s44_v5ctl,best,25
ISIC_0060008,BCN_0003890,BCN_0003890,60+,bcn20000,1,True,1,0.020846894,0.33868334,0.0050495346,0.13021599,0.009633342,0.3326503,0.16292058,0.36916357,1,R0_kfold_f1_s44_v5ctl,best,25
ISIC_0060026,BCN_0003811,BCN_0003811,60+,bcn20000,5,False,5,0.02510575,0.005402551,0.0057262736,0.08646902,0.01417019,0.80365086,0.059475385,0.044678494,1,R0_kfold_f1_s44_v5ctl,best,25
ISIC_0060099,BCN_0002675,BCN_0002675,60+,bcn20000,4,True,4,0.012094659,0.0089438185,0.0043987157,0.058259606,0.86666334,0.0056530577,0.043986823,0.8877018,1,R0_kfold_f1_s44_v5ctl,best,25
ISIC_0060101,BCN_0003156,BCN_0003156,60+,bcn20000,1,True,1,0.009767861,0.88629776,0.005459585,0.050584797,0.004488502,0.0037937816,0.039607685,0.9005542,1,R0_kfold_f1_s44_v5ctl,best,25
ISIC_0060106,BCN_0000415,BCN_0000415,60+,bcn20000,5,False,5,0.016650364,0.013794915,0.027342275,0.080356024,0.0048794383,0.8008806,0.0560964,0.035324715,1,R0_kfold_f1_s44_v5ctl,best,25
ISIC_0060107,BCN_0000158,BCN_0000158,40-59,bcn20000,1,True,5,0.016599175,0.01869529,0.008533371,0.08856875,0.003945849,0.79923373,0.064423874,0.039240316,1,R0_kfold_f1_s44_v5ctl,best,25
ISIC_0060135,BCN_0005269,BCN_0005269,60+,bcn20000,1,True,1,0.073974214,0.79031634,0.0045391577,0.09477504,0.0040437225,0.0012045305,0.031146992,0.86833423,1,R0_kfold_f1_s44_v5ctl,best,25
ISIC_0060140,BCN_0004288,BCN_0004288,60+,bcn20000,4,True,5,0.008853776,0.036820523,0.04149165,0.14362764,0.330405,0.35816595,0.08063545,0.3760793,1,R0_kfold_f1_s44_v5ctl,best,25
ISIC_0060163,BCN_0001426,BCN_0001426,40-59,bcn20000,4,True,5,0.011266285,0.012276146,0.007141911,0.1360638,0.3318269,0.40945294,0.091972016,0.35536933,1,R0_kfold_f1_s44_v5ctl,best,25
ISIC_0060168,BCN_0004515,BCN_0004515,40-59,bcn20000,1,True,1,0.007884119,0.8927997,0.0052043274,0.050898977,0.0040944437,0.0037295981,0.035388898,0.90477824,1,R0_kfold_f1_s44_v5ctl,best,25
ISIC_0060170,BCN_0003442,BCN_0003442,<40,bcn20000,5,False,5,0.010303288,0.0072373864,0.007263516,0.066045,0.0055010924,0.8499017,0.053747956,0.023041766,1,R0_kfold_f1_s44_v5ctl,best,25
ISIC_0060180,BCN_0005428,BCN_0005428,60+,bcn20000,1,True,1,0.014031324,0.87557304,0.005988776,0.05362949,0.00575524,0.0040470026,0.04097519,0.89535964,1,R0_kfold_f1_s44_v5ctl,best,25
ISIC_0060195,BCN_0004561,BCN_0004561,60+,bcn20000,1,True,4,0.016433109,0.03307566,0.0046902336,0.074787006,0.80871016,0.0057568713,0.05654686,0.8582189,1,R0_kfold_f1_s44_v5ctl,best,25
ISIC_0060216,BCN_0000680,BCN_0000680,40-59,bcn20000,4,True,2,0.057433255,0.0035820177,0.76419795,0.073894866,0.0025266919,0.036192216,0.06217291,0.06354196,1,R0_kfold_f1_s44_v5ctl,best,25
ISIC_0060231,BCN_0000757,BCN_0000757,<40,bcn20000,5,False,5,0.028297659,0.010863842,0.013922785,0.14038873,0.186202,0.5223763,0.09794865,0.22536351,1,R0_kfold_f1_s44_v5ctl,best,25
ISIC_0060256,BCN_0004305,BCN_0004305,60+,bcn20000,4,True,4,0.010369158,0.0061264005,0.0060632518,0.05934798,0.8732669,0.0041453657,0.04068098,0.88976246,1,R0_kfold_f1_s44_v5ctl,best,25
ISIC_0060257,BCN_0000001,BCN_0000001,60+,bcn20000,0,True,1,0.009693169,0.8336132,0.0071365535,0.07453902,0.0057029794,0.014994809,0.054320317,0.84900934,1,R0_kfold_f1_s44_v5ctl,best,25
ISIC_0060260,BCN_0003287,BCN_0003287,60+,bcn20000,2,False,0,0.4987002,0.0065661673,0.008829835,0.13610119,0.2438861,0.0028152142,0.103101306,0.7491525,1,R0_kfold_f1_s44_v5ctl,best,25
ISIC_0060264,BCN_0003624,BCN_0003624,60+,bcn20000,5,False,5,0.009369464,0.009081958,0.028649572,0.13217182,0.0726766,0.6512421,0.09680853,0.09112802,1,R0_kfold_f1_s44_v5ctl,best,25
ISIC_0060266,BCN_0003629,BCN_0003629,60+,bcn20000,4,True,4,0.008661124,0.006899687,0.005675647,0.061022777,0.8696673,0.0040857643,0.043987688,0.8852281,1,R0_kfold_f1_s44_v5ctl,best,25
ISIC_0060271,BCN_0003128,BCN_0003128,40-59,bcn20000,2,False,5,0.012773577,0.008252686,0.007765008,0.06595061,0.007596305,0.8507974,0.046864454,0.028622568,1,R0_kfold_f1_s44_v5ctl,best,25
ISIC_0060282,BCN_0005599,BCN_0005599,40-59,bcn20000,2,False,4,0.0070957174,0.008715888,0.044524156,0.09971687,0.77086526,0.009954232,0.05912791,0.7866769,1,R0_kfold_f1_s44_v5ctl,best,25
ISIC_0060331,BCN_0001974,BCN_0001974,60+,bcn20000,0,True,0,0.6276391,0.007803053,0.25024247,0.062591724,0.003755448,0.0007098438,0.047258403,0.63919765,1,R0_kfold_f1_s44_v5ctl,best,25
ISIC_0060354,BCN_0003790,BCN_0003790,60+,bcn20000,0,True,0,0.9325728,0.003577819,0.0046532685,0.031760093,0.0025987753,0.0030601001,0.021777133,0.9387494,1,R0_kfold_f1_s44_v5ctl,best,25
ISIC_0060357,BCN_0000079,BCN_0000079,60+,bcn20000,0,True,0,0.42496553,0.046074238,0.071255974,0.16655697,0.058380328,0.061249666,0.17151725,0.5294201,1,R0_kfold_f1_s44_v5ctl,best,25
ISIC_0060360,BCN_0005164,BCN_0005164,<40,bcn20000,5,False,4,0.006414823,0.007526542,0.007922586,0.050177287,0.8844688,0.0045658993,0.038924135,0.89841014,1,R0_kfold_f1_s44_v5ctl,best,25
ISIC_0060400,BCN_0000018,BCN_0000018,60+,bcn20000,1,True,1,0.012721867,0.86130714,0.011532859,0.059252035,0.005108763,0.008093434,0.04198383,0.8791378,1,R0_kfold_f1_s44_v5ctl,best,25
ISIC_0060418,BCN_0000315,BCN_0000315,60+,bcn20000,1,True,0,0.90565926,0.015670856,0.003043001,0.03932496,0.0035115697,0.0020854906,0.030704858,0.92484164,1,R0_kfold_f1_s44_v5ctl,best,25
ISIC_0060419,BCN_0005391,BCN_0005391,40-59,bcn20000,5,False,5,0.012130771,0.0077589564,0.0089632245,0.07144271,0.004294602,0.843079,0.052330744,0.02418433,1,R0_kfold_f1_s44_v5ctl,best,25
ISIC_0060427,BCN_0000644,BCN_0000644,40-59,bcn20000,5,False,5,0.011224872,0.00937761,0.0073919618,0.07514927,0.011696602,0.83193964,0.053220026,0.032299086,1,R0_kfold_f1_s44_v5ctl,best,25
ISIC_0060492,BCN_0002808,BCN_0002808,<40,bcn20000,5,False,5,0.012005354,0.0079753315,0.008040789,0.074139036,0.007365531,0.838413,0.052060954,0.027346216,1,R0_kfold_f1_s44_v5ctl,best,25
ISIC_0060496,BCN_0003737,BCN_0003737,<40,bcn20000,5,False,5,0.013284006,0.008161101,0.00817172,0.07112743,0.004832381,0.8435204,0.050902963,0.026277488,1,R0_kfold_f1_s44_v5ctl,best,25
ISIC_0060501,BCN_0001273,BCN_0001273,40-59,bcn20000,5,False,5,0.011406571,0.0075064353,0.006602086,0.07380075,0.008777766,0.8413947,0.050511666,0.027690772,1,R0_kfold_f1_s44_v5ctl,best,25
ISIC_0060521,BCN_0001426,BCN_0001426,40-59,bcn20000,4,True,4,0.012434334,0.0072532212,0.00768615,0.063220054,0.85927546,0.004299835,0.045830917,0.878963,1,R0_kfold_f1_s44_v5ctl,best,25
ISIC_0060533,BCN_0003163,BCN_0003163,60+,bcn20000,1,True,1,0.0063332976,0.8616312,0.0069376407,0.068443626,0.0088328635,0.01626195,0.03155931,0.8767974,1,R0_kfold_f1_s44_v5ctl,best,25
ISIC_0060549,BCN_0002155,BCN_0002155,60+,bcn20000,0,True,0,0.8617991,0.02655703,0.009997942,0.05880357,0.0015640946,0.0013047566,0.03997349,0.88992023,1,R0_kfold_f1_s44_v5ctl,best,25
ISIC_0060555,BCN_0002558,BCN_0002558,40-59,bcn20000,4,True,4,0.010832386,0.011051115,0.0081378985,0.06525574,0.85378766,0.0038155678,0.04711966,0.87567115,1,R0_kfold_f1_s44_v5ctl,best,25
ISIC_0060559,BCN_0003311,BCN_0003311,60+,bcn20000,4,True,4,0.008419915,0.0066679493,0.1098557,0.11203011,0.65497774,0.019908287,0.08814025,0.6700656,1,R0_kfold_f1_s44_v5ctl,best,25
ISIC_0060567,BCN_0005291,BCN_0005291,60+,bcn20000,2,False,1,0.00990737,0.87436867,0.005398199,0.05706686,0.0074927704,0.00480142,0.04096476,0.8917688,1,R0_kfold_f1_s44_v5ctl,best,25
ISIC_0060572,BCN_0003556,BCN_0003556,60+,bcn20000,5,False,5,0.011485988,0.0074683707,0.0076003773,0.072948344,0.0069368756,0.84172606,0.051834032,0.025891235,1,R0_kfold_f1_s44_v5ctl,best,25
ISIC_0060603,BCN_0001169,BCN_0001169,60+,bcn20000,1,True,1,0.015495202,0.56512666,0.009425664,0.11887224,0.18210423,0.011683871,0.09729213,0.76272607,1,R0_kfold_f1_s44_v5ctl,best,25
ISIC_0060630,BCN_0002316,BCN_0002316,60+,bcn20000,4,True,4,0.012827927,0.010018832,0.006804659,0.061215088,0.85550916,0.008808394,0.044815898,0.8783559,1,R0_kfold_f1_s44_v5ctl,best,25
ISIC_0060646,BCN_0002967,BCN_0002967,60+,bcn20000,5,False,5,0.012502349,0.009142095,0.00859803,0.06975226,0.004828076,0.8451167,0.050060548,0.02647252,1,R0_kfold_f1_s44_v5ctl,best,25
ISIC_0060657,BCN_0000381,BCN_0000381,40-59,bcn20000,1,True,1,0.023096927,0.862681,0.007593536,0.053839482,0.006122833,0.0036416554,0.04302454,0.8919007,1,R0_kfold_f1_s44_v5ctl,best,25
ISIC_0060674,BCN_0004982,BCN_0004982,<40,bcn20000,2,False,5,0.012177882,0.0075264326,0.0073112953,0.07111435,0.007910745,0.84060895,0.053350322,0.02761506,1,R0_kfold_f1_s44_v5ctl,best,25
ISIC_0060679,BCN_0003629,BCN_0003629,60+,bcn20000,4,True,4,0.009442765,0.0064798463,0.0061962553,0.062176973,0.8677404,0.0031543213,0.044809364,0.883663,1,R0_kfold_f1_s44_v5ctl,best,25
ISIC_0060697,BCN_0001246,BCN_0001246,40-59,bcn20000,2,False,0,0.8794631,0.011583354,0.0022863348,0.06029198,0.011550846,0.0010098876,0.033814564,0.90259725,1,R0_kfold_f1_s44_v5ctl,best,25
ISIC_0060718,BCN_0004592,BCN_0004592,60+,bcn20000,4,True,4,0.010567638,0.0066112326,0.008173267,0.06430397,0.858572,0.005271377,0.046500564,0.8757509,1,R0_kfold_f1_s44_v5ctl,best,25
ISIC_0060793,BCN_0003983,BCN_0003983,<40,bcn20000,5,False,5,0.013857046,0.009146261,0.0099016735,0.072161965,0.009562346,0.83044374,0.054926902,0.032565653,1,R0_kfold_f1_s44_v5ctl,best,25
ISIC_0060798,BCN_0003890,BCN_0003890,60+,bcn20000,1,True,1,0.0060962876,0.8957144,0.0042338343,0.04445349,0.0058270125,0.0045859474,0.039088957,0.9076377,1,R0_kfold_f1_s44_v5ctl,best,25
ISIC_0060810,BCN_0004556,BCN_0004556,60+,bcn20000,0,True,1,0.010127414,0.87465364,0.0067849737,0.055187657,0.007229324,0.005464477,0.040552445,0.8920104,1,R0_kfold_f1_s44_v5ctl,best,25
ISIC_0060833,BCN_0000608,BCN_0000608,60+,bcn20000,2,False,1,0.052909173,0.67329705,0.082155965,0.1206423,0.0021015345,0.0032024807,0.065691546,0.7283078,1,R0_kfold_f1_s44_v5ctl,best,25
ISIC_0060839,BCN_0004250,BCN_0004250,<40,bcn20000,5,False,5,0.015816726,0.008402753,0.013859798,0.070340864,0.009705493,0.81899244,0.06288193,0.033924975,1,R0_kfold_f1_s44_v5ctl,best,25
ISIC_0060842,BCN_0003664,BCN_0003664,40-59,bcn20000,1,True,1,0.011711363,0.8801068,0.006052881,0.0540825,0.00441006,0.0038816228,0.03975479,0.89622825,1,R0_kfold_f1_s44_v5ctl,best,25
ISIC_0060864,BCN_0005629,BCN_0005629,<40,bcn20000,5,False,5,0.009408007,0.00719925,0.009035645,0.06486783,0.006487891,0.854149,0.04885236,0.02309515,1,R0_kfold_f1_s44_v5ctl,best,25
ISIC_0060880,BCN_0000083,BCN_0000083,60+,bcn20000,1,True,1,0.08468384,0.7695008,0.0044302004,0.07547061,0.0034605036,0.0029283008,0.059525732,0.85764515,1,R0_kfold_f1_s44_v5ctl,best,25
ISIC_0060903,BCN_0004677,BCN_0004677,60+,bcn20000,1,True,1,0.0102537535,0.86228865,0.0067143226,0.060917027,0.006881763,0.007827031,0.04511738,0.87942415,1,R0_kfold_f1_s44_v5ctl,best,25
ISIC_0060926,BCN_0000079,BCN_0000079,60+,bcn20000,0,True,2,0.05200764,0.037101775,0.57666296,0.16085057,0.060826626,0.003037831,0.10951257,0.14993605,1,R0_kfold_f1_s44_v5ctl,best,25
ISIC_0060935,BCN_0003396,BCN_0003396,60+,bcn20000,0,True,2,0.015087945,0.009110792,0.8945726,0.04419899,0.002281617,0.0020966416,0.03265145,0.026480354,1,R0_kfold_f1_s44_v5ctl,best,25
ISIC_0060973,BCN_0001378,BCN_0001378,60+,bcn20000,1,True,1,0.01398565,0.73473823,0.0042835446,0.10908837,0.055754893,0.007504102,0.07464518,0.80447876,1,R0_kfold_f1_s44_v5ctl,best,25
ISIC_0060994,BCN_0000043,BCN_0000043,<40,bcn20000,4,True,5,0.011999241,0.0077595077,0.006558296,0.07038029,0.0055990997,0.84671384,0.050989784,0.02535785,1,R0_kfold_f1_s44_v5ctl,best,25
ISIC_0061000,BCN_0002675,BCN_0002675,60+,bcn20000,4,True,5,0.01141733,0.026962008,0.032616258,0.100360066,0.036465187,0.7051342,0.0870449,0.074844524,1,R0_kfold_f1_s44_v5ctl,best,25
ISIC_0061040,BCN_0004158,BCN_0004158,<40,bcn20000,5,False,5,0.010454086,0.00988937,0.008220019,0.06476856,0.0051852968,0.85399634,0.047486227,0.025528753,1,R0_kfold_f1_s44_v5ctl,best,25
ISIC_0061052,BCN_0000680,BCN_0000680,40-59,bcn20000,4,True,5,0.013394598,0.009148559,0.0062287487,0.069100656,0.006631329,0.84374934,0.051746767,0.029174486,1,R0_kfold_f1_s44_v5ctl,best,25
ISIC_0061057,BCN_0002558,BCN_0002558,40-59,bcn20000,4,True,4,0.010570612,0.00666764,0.0072888928,0.059507597,0.8652795,0.0044714543,0.046214275,0.88251776,1,R0_kfold_f1_s44_v5ctl,best,25
ISIC_0061059,BCN_0002333,BCN_0002333,60+,bcn20000,0,True,0,0.92266417,0.013795094,0.0032432075,0.032304373,0.0031702518,0.0016431279,0.023179824,0.9396295,1,R0_kfold_f1_s44_v5ctl,best,25
ISIC_0061062,BCN_0001319,BCN_0001319,60+,bcn20000,1,True,1,0.008902109,0.864056,0.0048711593,0.061780985,0.0042214664,0.014129183,0.04203908,0.87717956,1,R0_kfold_f1_s44_v5ctl,best,25
ISIC_0061092,BCN_0001687,BCN_0001687,60+,bcn20000,4,True,4,0.009217933,0.0068103117,0.0073951953,0.059564702,0.8710019,0.0046689734,0.04134096,0.8870301,1,R0_kfold_f1_s44_v5ctl,best,25
ISIC_0061105,BCN_0004705,BCN_0004705,60+,bcn20000,1,True,1,0.0062788795,0.8796187,0.005718686,0.058325555,0.007435719,0.004558406,0.038063988,0.8933333,1,R0_kfold_f1_s44_v5ctl,best,25
ISIC_0061112,BCN_0001687,BCN_0001687,60+,bcn20000,4,True,4,0.0172621,0.19164628,0.008277929,0.15789056,0.52643466,0.0048658135,0.093622684,0.73534304,1,R0_kfold_f1_s44_v5ctl,best,25
ISIC_0061115,BCN_0000706,BCN_0000706,60+,bcn20000,5,False,5,0.011534329,0.009113846,0.009343488,0.07319815,0.00612288,0.83764875,0.053038616,0.026771054,1,R0_kfold_f1_s44_v5ctl,best,25
ISIC_0061117,BCN_0001905,BCN_0001905,<40,bcn20000,5,False,5,0.011579498,0.0046789153,0.022669598,0.07589876,0.0066178543,0.82646304,0.052092373,0.022876266,1,R0_kfold_f1_s44_v5ctl,best,25
ISIC_0061147,BCN_0000394,BCN_0000394,40-59,bcn20000,5,False,5,0.0124392565,0.008353728,0.008950809,0.07173307,0.00702566,0.83882993,0.0526676,0.027818643,1,R0_kfold_f1_s44_v5ctl,best,25
ISIC_0061148,BCN_0003261,BCN_0003261,60+,bcn20000,0,True,1,0.016759282,0.8479104,0.008899212,0.067203686,0.0045258836,0.005655491,0.04904615,0.8691956,1,R0_kfold_f1_s44_v5ctl,best,25
ISIC_0061149,BCN_0003684,BCN_0003684,60+,bcn20000,2,False,2,0.010702368,0.009002681,0.87989247,0.049736544,0.004478095,0.006913076,0.03927466,0.024183145,1,R0_kfold_f1_s44_v5ctl,best,25
ISIC_0061178,BCN_0004942,BCN_0004942,60+,bcn20000,1,True,1,0.009131309,0.74903005,0.011533065,0.10319846,0.023944799,0.02891605,0.07424629,0.78210616,1,R0_kfold_f1_s44_v5ctl,best,25
ISIC_0061232,BCN_0005650,BCN_0005650,<40,bcn20000,3,False,5,0.012604104,0.0053134966,0.008720972,0.07523375,0.004473361,0.8506875,0.042966858,0.022390962,1,R0_kfold_f1_s44_v5ctl,best,25
ISIC_0061235,BCN_0003684,BCN_0003684,60+,bcn20000,2,False,2,0.018223746,0.0061255805,0.9029086,0.038959626,0.0038189795,0.0021422694,0.027821172,0.028168306,1,R0_kfold_f1_s44_v5ctl,best,25
ISIC_0061269,BCN_0003442,BCN_0003442,<40,bcn20000,5,False,5,0.016129486,0.017158099,0.009624365,0.09095672,0.013728499,0.7885784,0.0638244,0.047016084,1,R0_kfold_f1_s44_v5ctl,best,25
ISIC_0061277,BCN_0001006,BCN_0001006,60+,bcn20000,1,True,1,0.016934067,0.63140243,0.010789579,0.13976622,0.0061062397,0.1049184,0.09008302,0.6544428,1,R0_kfold_f1_s44_v5ctl,best,25
ISIC_0061302,BCN_0000460,BCN_0000460,40-59,bcn20000,5,False,5,0.011886188,0.007225856,0.0066811326,0.06882377,0.0070813326,0.8449325,0.053369273,0.026193377,1,R0_kfold_f1_s44_v5ctl,best,25
ISIC_0061303,BCN_0002666,BCN_0002666,40-59,bcn20000,1,True,1,0.007414354,0.8800005,0.007853927,0.05315593,0.0052136686,0.00442982,0.041931834,0.8926285,1,R0_kfold_f1_s44_v5ctl,best,25
ISIC_0061322,BCN_0001974,BCN_0001974,60+,bcn20000,0,True,0,0.85429823,0.03655578,0.0054477244,0.05449167,0.0049655912,0.0031640732,0.04107686,0.8958196,1,R0_kfold_f1_s44_v5ctl,best,25
ISIC_0061326,BCN_0001026,BCN_0001026,unknown,bcn20000,5,False,4,0.024345241,0.004031264,0.06932885,0.11089128,0.69979155,0.0073026842,0.08430908,0.7281681,1,R0_kfold_f1_s44_v5ctl,best,25
ISIC_0061328,BCN_0000107,BCN_0000107,40-59,bcn20000,1,True,1,0.013609352,0.8579415,0.009125778,0.061412103,0.005810933,0.010201602,0.041898776,0.8773618,1,R0_kfold_f1_s44_v5ctl,best,25
ISIC_0061331,BCN_0003170,BCN_0003170,60+,bcn20000,0,True,2,0.35403427,0.0059621013,0.45243764,0.115168996,0.0037835361,0.0021935971,0.0664199,0.3637799,1,R0_kfold_f1_s44_v5ctl,best,25
ISIC_0061346,BCN_0001378,BCN_0001378,60+,bcn20000,1,True,1,0.007896834,0.54188395,0.007124458,0.17704298,0.0903504,0.07738341,0.09831804,0.6401312,1,R0_kfold_f1_s44_v5ctl,best,25
ISIC_0061376,BCN_0001619,BCN_0001619,40-59,bcn20000,0,True,4,0.2809019,0.0030123845,0.007939926,0.090833746,0.5405007,0.0036431854,0.073168166,0.82441497,1,R0_kfold_f1_s44_v5ctl,best,25
ISIC_0061398,BCN_0004122,BCN_0004122,60+,bcn20000,5,False,5,0.012773504,0.0029731947,0.27859926,0.116429776,0.060853895,0.43328556,0.09508478,0.0766006,1,R0_kfold_f1_s44_v5ctl,best,25
ISIC_0061414,BCN_0002619,BCN_0002619,40-59,bcn20000,5,False,1,0.0062436806,0.7407138,0.07765668,0.08032777,0.002239025,0.032650284,0.060168684,0.7491965,1,R0_kfold_f1_s44_v5ctl,best,25
ISIC_0061454,BCN_0004592,BCN_0004592,60+,bcn20000,4,True,0,0.9246493,0.0023719152,0.009781482,0.029885234,0.0017213372,0.004159174,0.027431669,0.9287425,1,R0_kfold_f1_s44_v5ctl,best,25
ISIC_0061457,BCN_0000545,BCN_0000545,<40,bcn20000,5,False,4,0.019261716,0.013634343,0.011124371,0.14336228,0.5177434,0.19113728,0.10373661,0.55063945,1,R0_kfold_f1_s44_v5ctl,best,25
ISIC_0061465,BCN_0000393,BCN_0000393,60+,bcn20000,1,True,1,0.006914865,0.83632106,0.008847453,0.06995648,0.008499708,0.009716081,0.059744406,0.8517356,1,R0_kfold_f1_s44_v5ctl,best,25
ISIC_0061470,BCN_0001864,BCN_0001864,60+,bcn20000,1,True,1,0.02473963,0.77575254,0.010452614,0.13342576,0.0031216335,0.0053388304,0.04716902,0.8036138,1,R0_kfold_f1_s44_v5ctl,best,25
ISIC_0061472,BCN_0005629,BCN_0005629,<40,bcn20000,5,False,5,0.01445646,0.0072386195,0.0070022843,0.10069677,0.048054308,0.752421,0.0701306,0.069749385,1,R0_kfold_f1_s44_v5ctl,best,25
ISIC_0061475,BCN_0001747,BCN_0001747,60+,bcn20000,4,True,4,0.076803766,0.060197614,0.0076825977,0.15019843,0.57728416,0.004874618,0.12295881,0.71428555,1,R0_kfold_f1_s44_v5ctl,best,25
ISIC_0061476,BCN_0003684,BCN_0003684,60+,bcn20000,2,False,0,0.8615523,0.006111957,0.027602106,0.052467886,0.0037759915,0.0020856475,0.04640416,0.8714403,1,R0_kfold_f1_s44_v5ctl,best,25
ISIC_0061478,BCN_0002747,BCN_0002747,<40,bcn20000,5,False,5,0.011379336,0.0076577314,0.006692422,0.072633155,0.008006854,0.8414336,0.052196965,0.027043922,1,R0_kfold_f1_s44_v5ctl,best,25
ISIC_0061483,BCN_0001220,BCN_0001220,60+,bcn20000,1,True,1,0.0102483155,0.8779968,0.008706841,0.054878816,0.0045327744,0.004973941,0.038662616,0.89277786,1,R0_kfold_f1_s44_v5ctl,best,25
ISIC_0061488,BCN_0003811,BCN_0003811,60+,bcn20000,5,False,5,0.07100061,0.011159365,0.013563769,0.11105396,0.04102874,0.67840844,0.07378504,0.12318872,1,R0_kfold_f1_s44_v5ctl,best,25
ISIC_0061500,BCN_0001039,BCN_0001039,40-59,bcn20000,5,False,5,0.009685952,0.010999633,0.0074841054,0.069731206,0.006123269,0.84168583,0.054290008,0.026808854,1,R0_kfold_f1_s44_v5ctl,best,25
ISIC_0061508,BCN_0004118,BCN_0004118,60+,bcn20000,4,True,4,0.02115812,0.05489751,0.0058817496,0.096708804,0.52397096,0.22134829,0.07603455,0.6000266,1,R0_kfold_f1_s44_v5ctl,best,25
ISIC_0061512,BCN_0000329,BCN_0000329,60+,bcn20000,1,True,1,0.016092742,0.87331265,0.007383636,0.055380456,0.0049880575,0.0038960231,0.0389465,0.89439344,1,R0_kfold_f1_s44_v5ctl,best,25
ISIC_0061513,BCN_0003126,BCN_0003126,40-59,bcn20000,2,False,2,0.00846142,0.005793746,0.8793474,0.054664887,0.00905858,0.0038456821,0.038828336,0.023313746,1,R0_kfold_f1_s44_v5ctl,best,25
ISIC_0061515,BCN_0003871,BCN_0003871,40-59,bcn20000,1,True,1,0.007855564,0.8687111,0.0072768577,0.06131093,0.0058243293,0.0074359872,0.0415852,0.882391,1,R0_kfold_f1_s44_v5ctl,best,25
ISIC_0061538,BCN_0001636,BCN_0001636,<40,bcn20000,5,False,5,0.016117072,0.10385813,0.0047326903,0.088808715,0.08158631,0.6093955,0.09550158,0.20156151,1,R0_kfold_f1_s44_v5ctl,best,25
ISIC_0061549,BCN_0002074,BCN_0002074,60+,bcn20000,4,True,4,0.013126748,0.008717526,0.0057392996,0.0871031,0.8170519,0.015568803,0.052692637,0.83889616,1,R0_kfold_f1_s44_v5ctl,best,25
ISIC_0061562,BCN_0000394,BCN_0000394,40-59,bcn20000,5,False,5,0.011769367,0.00839009,0.010083968,0.07050909,0.0069455397,0.84148914,0.05081283,0.027104996,1,R0_kfold_f1_s44_v5ctl,best,25
ISIC_0061563,BCN_0003624,BCN_0003624,60+,bcn20000,5,False,4,0.008353443,0.008772071,0.004754864,0.057450414,0.8476939,0.023011498,0.04996373,0.8648194,1,R0_kfold_f1_s44_v5ctl,best,25
ISIC_0061587,BCN_0005428,BCN_0005428,60+,bcn20000,1,True,1,0.011235488,0.8743842,0.009010306,0.05395507,0.0050541614,0.004426526,0.041934162,0.8906739,1,R0_kfold_f1_s44_v5ctl,best,25
ISIC_0061593,BCN_0004918,BCN_0004918,40-59,bcn20000,0,True,1,0.009307719,0.8798642,0.006046327,0.054196835,0.0054531805,0.0053708875,0.03976073,0.8946251,1,R0_kfold_f1_s44_v5ctl,best,25
ISIC_0061601,BCN_0005621,BCN_0005621,40-59,bcn20000,5,False,5,0.010740027,0.007402728,0.00696124,0.067839466,0.0058677965,0.85231626,0.048872504,0.02401055,1,R0_kfold_f1_s44_v5ctl,best,25
ISIC_0061606,BCN_0004305,BCN_0004305,60+,bcn20000,4,True,4,0.009769383,0.0067722443,0.0072140372,0.06328511,0.866014,0.004323363,0.042621825,0.8825556,1,R0_kfold_f1_s44_v5ctl,best,25
ISIC_0061674,BCN_0000811,BCN_0000811,<40,bcn20000,6,False,1,0.0101806335,0.59968525,0.0044802884,0.1717375,0.11421072,0.012933207,0.08677244,0.7240766,1,R0_kfold_f1_s44_v5ctl,best,25
ISIC_0061676,BCN_0003565,BCN_0003565,40-59,bcn20000,1,True,5,0.012443608,0.010164656,0.0087822415,0.07341004,0.0053527304,0.8388213,0.051025454,0.027960993,1,R0_kfold_f1_s44_v5ctl,best,25
ISIC_0061683,BCN_0004419,BCN_0004419,<40,bcn20000,1,True,2,0.007337528,0.0059949094,0.87215906,0.056232177,0.0019841637,0.013688984,0.042603157,0.015316602,1,R0_kfold_f1_s44_v5ctl,best,25
ISIC_0061685,BCN_0002318,BCN_0002318,40-59,bcn20000,4,True,5,0.010795854,0.008414766,0.00690731,0.07124339,0.009538444,0.84262013,0.050480146,0.028749064,1,R0_kfold_f1_s44_v5ctl,best,25
ISIC_0061686,BCN_0002626,BCN_0002626,60+,bcn20000,4,True,2,0.014980564,0.008520788,0.6188099,0.1771826,0.058768198,0.035903033,0.08583492,0.08226955,1,R0_kfold_f1_s44_v5ctl,best,25
ISIC_0061715,BCN_0002199,BCN_0002199,60+,bcn20000,4,True,4,0.0139357755,0.008883879,0.006893948,0.07090814,0.83645725,0.0075698635,0.05535118,0.8592769,1,R0_kfold_f1_s44_v5ctl,best,25
ISIC_0061745,BCN_0001036,BCN_0001036,60+,bcn20000,5,False,4,0.036744058,0.007557706,0.017991094,0.09611259,0.7689707,0.005530391,0.06709349,0.8132725,1,R0_kfold_f1_s44_v5ctl,best,25
ISIC_0061766,BCN_0002835,BCN_0002835,40-59,bcn20000,5,False,5,0.010016015,0.0072144303,0.0073910877,0.06928458,0.0056716097,0.8526796,0.047742773,0.022902055,1,R0_kfold_f1_s44_v5ctl,best,25
ISIC_0061772,BCN_0000059,BCN_0000059,<40,bcn20000,5,False,5,0.012027047,0.008351387,0.010169192,0.07330596,0.0066868626,0.8357435,0.053716127,0.027065296,1,R0_kfold_f1_s44_v5ctl,best,25
ISIC_0061825,BCN_0000657,BCN_0000657,60+,bcn20000,4,True,4,0.009854829,0.006546326,0.0063046846,0.05969813,0.8731316,0.0043460336,0.040118497,0.88953274,1,R0_kfold_f1_s44_v5ctl,best,25
ISIC_0061843,BCN_0000036,BCN_0000036,40-59,bcn20000,5,False,5,0.011013403,0.007847505,0.0058834315,0.0675316,0.008123938,0.84971774,0.049882464,0.026984844,1,R0_kfold_f1_s44_v5ctl,best,25
ISIC_0061850,BCN_0002632,BCN_0002632,<40,bcn20000,5,False,5,0.010047283,0.00789948,0.013755709,0.06506395,0.0073195808,0.8439257,0.05198825,0.025266344,1,R0_kfold_f1_s44_v5ctl,best,25
ISIC_0061859,BCN_0002599,BCN_0002599,<40,bcn20000,5,False,5,0.012450491,0.008475656,0.009127769,0.07224044,0.00652719,0.8404498,0.050728578,0.027453337,1,R0_kfold_f1_s44_v5ctl,best,25
ISIC_0061861,BCN_0000650,BCN_0000650,60+,bcn20000,1,True,1,0.010386108,0.8543681,0.01049483,0.059114717,0.0078802705,0.005597397,0.05215858,0.8726345,1,R0_kfold_f1_s44_v5ctl,best,25
ISIC_0061868,BCN_0003354,BCN_0003354,60+,bcn20000,5,False,5,0.012278565,0.008538177,0.0073595936,0.06910733,0.0065149018,0.8423368,0.05386461,0.027331645,1,R0_kfold_f1_s44_v5ctl,best,25
ISIC_0061884,BCN_0001964,BCN_0001964,<40,bcn20000,4,True,5,0.011407058,0.006893508,0.008667771,0.065703996,0.0072514173,0.8538564,0.046219863,0.025551984,1,R0_kfold_f1_s44_v5ctl,best,25
ISIC_0061921,BCN_0001516,BCN_0001516,60+,bcn20000,4,True,4,0.010073445,0.0065524876,0.0065895636,0.06311967,0.8649033,0.004083492,0.044678103,0.8815292,1,R0_kfold_f1_s44_v5ctl,best,25
ISIC_0061943,BCN_0001213,BCN_0001213,<40,bcn20000,5,False,5,0.015042328,0.008703168,0.008516327,0.07359828,0.0076811006,0.82557094,0.060887773,0.031426597,1,R0_kfold_f1_s44_v5ctl,best,25
ISIC_0061968,BCN_0002333,BCN_0002333,60+,bcn20000,0,True,0,0.9006876,0.0035362404,0.0023315926,0.05357089,0.0062803035,0.0063359137,0.027257433,0.9105041,1,R0_kfold_f1_s44_v5ctl,best,25
ISIC_0061987,BCN_0003811,BCN_0003811,60+,bcn20000,5,False,4,0.14990811,0.005531696,0.059793174,0.19069245,0.46851227,0.01241476,0.113147534,0.6239521,1,R0_kfold_f1_s44_v5ctl,best,25
ISIC_0062000,BCN_0002074,BCN_0002074,60+,bcn20000,4,True,5,0.038431305,0.1799976,0.015006296,0.18044922,0.020478016,0.42954436,0.13609321,0.2389069,1,R0_kfold_f1_s44_v5ctl,best,25
ISIC_0062006,BCN_0003126,BCN_0003126,60+,bcn20000,2,False,2,0.012751928,0.0070743253,0.729488,0.12931854,0.03850496,0.0032655166,0.0795967,0.05833121,1,R0_kfold_f1_s44_v5ctl,best,25
ISIC_0062014,BCN_0000757,BCN_0000757,<40,bcn20000,5,False,4,0.012093559,0.0047642454,0.005345437,0.07383015,0.8291478,0.021761563,0.05305726,0.8460056,1,R0_kfold_f1_s44_v5ctl,best,25
ISIC_0062017,BCN_0002610,BCN_0002610,60+,bcn20000,2,False,1,0.0028343927,0.88357157,0.009019199,0.04079743,0.0019830645,0.012575509,0.04921882,0.888389,1,R0_kfold_f1_s44_v5ctl,best,25
ISIC_0062024,BCN_0003585,BCN_0003585,60+,bcn20000,0,True,0,0.9113942,0.004172907,0.0067277947,0.038209878,0.0046747047,0.0019652862,0.032855257,0.92024183,1,R0_kfold_f1_s44_v5ctl,best,25
ISIC_0062026,BCN_0002558,BCN_0002558,40-59,bcn20000,4,True,4,0.011265723,0.006843596,0.0069787176,0.061753545,0.8639332,0.003981615,0.045243587,0.8820425,1,R0_kfold_f1_s44_v5ctl,best,25
ISIC_0062037,BCN_0000194,BCN_0000194,60+,bcn20000,4,True,4,0.008947435,0.0068962877,0.0066746734,0.059661,0.8689897,0.004943552,0.043887403,0.88483346,1,R0_kfold_f1_s44_v5ctl,best,25
ISIC_0062046,BCN_0000070,BCN_0000070,<40,bcn20000,5,False,5,0.010837139,0.0077330116,0.010228483,0.064155355,0.0038846103,0.8530502,0.05011119,0.022454761,1,R0_kfold_f1_s44_v5ctl,best,25
ISIC_0062055,BCN_0003355,BCN_0003355,60+,bcn20000,2,False,2,0.0076903794,0.0073372,0.80006737,0.08468055,0.010157669,0.019965269,0.07010153,0.025185248,1,R0_kfold_f1_s44_v5ctl,best,25
ISIC_0062088,BCN_0000713,BCN_0000713,40-59,bcn20000,5,False,1,0.010572834,0.862149,0.0075960397,0.06511607,0.0055078478,0.005321057,0.043737132,0.8782297,1,R0_kfold_f1_s44_v5ctl,best,25
ISIC_0062092,BCN_0002240,BCN_0002240,40-59,bcn20000,5,False,5,0.014983788,0.009249189,0.0078646755,0.060290586,0.007098049,0.8525163,0.04799736,0.031331025,1,R0_kfold_f1_s44_v5ctl,best,25
ISIC_0062111,BCN_0004118,BCN_0004118,60+,bcn20000,4,True,5,0.011092861,0.006923577,0.0065951254,0.06513718,0.0123380665,0.8451431,0.052770138,0.030354505,1,R0_kfold_f1_s44_v5ctl,best,25
ISIC_0062112,BCN_0002675,BCN_0002675,60+,bcn20000,4,True,4,0.097063966,0.009854912,0.013470554,0.12415238,0.6624777,0.017683195,0.07529734,0.76939654,1,R0_kfold_f1_s44_v5ctl,best,25
ISIC_0062113,BCN_0003604,BCN_0003604,40-59,bcn20000,5,False,5,0.015275576,0.007674721,0.0124978265,0.07350088,0.006741506,0.8294116,0.054897826,0.029691804,1,R0_kfold_f1_s44_v5ctl,best,25
ISIC_0062121,BCN_0001169,BCN_0001169,60+,bcn20000,1,True,1,0.019056274,0.8404421,0.007300227,0.067991234,0.010162108,0.002488667,0.052559435,0.8696605,1,R0_kfold_f1_s44_v5ctl,best,25
ISIC_0062138,BCN_0005607,BCN_0005607,60+,bcn20000,4,True,3,0.014174064,0.013956599,0.0052567,0.8277395,0.10314404,0.0009815199,0.034747697,0.1312747,1,R0_kfold_f1_s44_v5ctl,best,25
ISIC_0062148,BCN_0002676,BCN_0002676,60+,bcn20000,2,False,2,0.13476574,0.050467934,0.56465214,0.14690748,0.008043929,0.0007576556,0.09440511,0.19327761,1,R0_kfold_f1_s44_v5ctl,best,25
ISIC_0062161,BCN_0002558,BCN_0002558,40-59,bcn20000,4,True,4,0.010991441,0.006916961,0.007149812,0.066807605,0.85334295,0.0068918695,0.047899283,0.87125134,1,R0_kfold_f1_s44_v5ctl,best,25
ISIC_0062164,BCN_0001058,BCN_0001058,<40,bcn20000,5,False,5,0.011892253,0.007418784,0.009529997,0.07081976,0.0056775487,0.838945,0.055716727,0.024988586,1,R0_kfold_f1_s44_v5ctl,best,25
ISIC_0062172,BCN_0005444,BCN_0005444,60+,bcn20000,1,True,0,0.85554504,0.0145261185,0.004973682,0.0660806,0.0019572321,0.0065527945,0.050364472,0.8720284,1,R0_kfold_f1_s44_v5ctl,best,25
ISIC_0062173,BCN_0000483,BCN_0000483,<40,bcn20000,5,False,5,0.011622823,0.007665779,0.008079394,0.07222424,0.0077202395,0.83937055,0.053317,0.02700884,1,R0_kfold_f1_s44_v5ctl,best,25
ISIC_0062185,BCN_0005708,BCN_0005708,<40,bcn20000,5,False,5,0.028389802,0.12863664,0.015238912,0.14535731,0.039408814,0.5400128,0.10295572,0.19643526,1,R0_kfold_f1_s44_v5ctl,best,25
ISIC_0062196,BCN_0000549,BCN_0000549,60+,bcn20000,4,True,4,0.008961292,0.0064512687,0.0065502347,0.0625834,0.8661467,0.0039759786,0.04533119,0.88155925,1,R0_kfold_f1_s44_v5ctl,best,25
ISIC_0062197,BCN_0002228,BCN_0002228,40-59,bcn20000,5,False,5,0.012238199,0.008169454,0.006491828,0.076286644,0.013262514,0.8284563,0.055095073,0.033670165,1,R0_kfold_f1_s44_v5ctl,best,25
ISIC_0062202,BCN_0001213,BCN_0001213,<40,bcn20000,5,False,5,0.017669413,0.0078859,0.008877862,0.07556534,0.006404078,0.8272041,0.05639335,0.031959392,1,R0_kfold_f1_s44_v5ctl,best,25
ISIC_0062233,BCN_0002611,BCN_0002611,60+,bcn20000,0,True,2,0.03496703,0.0060186135,0.83896667,0.066579714,0.004015439,0.0021953324,0.04725716,0.045001082,1,R0_kfold_f1_s44_v5ctl,best,25
ISIC_0062242,BCN_0001747,BCN_0001747,60+,bcn20000,4,True,1,0.028688062,0.8169342,0.016298566,0.079836175,0.012823395,0.0013707068,0.044048864,0.8584457,1,R0_kfold_f1_s44_v5ctl,best,25
ISIC_0062261,BCN_0003104,BCN_0003104,40-59,bcn20000,0,True,0,0.78923935,0.0036000258,0.13610749,0.031118643,0.0013911572,0.004943653,0.033599723,0.7942305,1,R0_kfold_f1_s44_v5ctl,best,25
ISIC_0062268,BCN_0000415,BCN_0000415,60+,bcn20000,5,False,5,0.015498552,0.011463558,0.011407333,0.074650474,0.008541486,0.8270068,0.051431704,0.035503596,1,R0_kfold_f1_s44_v5ctl,best,25
ISIC_0062295,BCN_0003624,BCN_0003624,60+,bcn20000,5,False,5,0.007909821,0.006532035,0.013469486,0.08450476,0.008890627,0.8245919,0.054101344,0.023332484,1,R0_kfold_f1_s44_v5ctl,best,25
ISIC_0062297,BCN_0004053,BCN_0004053,40-59,bcn20000,5,False,5,0.010377894,0.010147481,0.006004763,0.07054346,0.0060360227,0.84111905,0.055771317,0.026561398,1,R0_kfold_f1_s44_v5ctl,best,25
ISIC_0062332,BCN_0004515,BCN_0004515,40-59,bcn20000,1,True,1,0.022942107,0.8717194,0.0049447175,0.053916477,0.0038403345,0.002933628,0.039703354,0.8985019,1,R0_kfold_f1_s44_v5ctl,best,25
ISIC_0062334,BCN_0003093,BCN_0003093,<40,bcn20000,5,False,5,0.010487208,0.007526116,0.00855497,0.070889115,0.007200713,0.8458052,0.049536657,0.025214037,1,R0_kfold_f1_s44_v5ctl,best,25
ISIC_0062339,BCN_0002675,BCN_0002675,60+,bcn20000,4,True,4,0.009206027,0.007735299,0.012651426,0.08233127,0.819304,0.0074884444,0.06128343,0.8362453,1,R0_kfold_f1_s44_v5ctl,best,25
ISIC_0062342,BCN_0003871,BCN_0003871,40-59,bcn20000,1,True,1,0.009151913,0.868222,0.0074152206,0.05939628,0.006594425,0.0048945188,0.044325717,0.88396835,1,R0_kfold_f1_s44_v5ctl,best,25
ISIC_0062349,BCN_0005098,BCN_0005098,60+,bcn20000,1,True,1,0.006870623,0.8844645,0.006535625,0.05106862,0.0055496423,0.005189838,0.040321134,0.8968848,1,R0_kfold_f1_s44_v5ctl,best,25
ISIC_0062350,BCN_0003215,BCN_0003215,40-59,bcn20000,4,True,4,0.010046219,0.007584831,0.0068668537,0.063389994,0.86012924,0.0055776355,0.046405338,0.8777603,1,R0_kfold_f1_s44_v5ctl,best,25
ISIC_0062361,BCN_0002557,BCN_0002557,60+,bcn20000,2,False,4,0.017108228,0.009145923,0.0056117224,0.066404864,0.84891933,0.00250049,0.050309494,0.8751735,1,R0_kfold_f1_s44_v5ctl,best,25
ISIC_0062368,BCN_0002557,BCN_0002557,60+,bcn20000,2,False,0,0.8414076,0.006397087,0.005155192,0.055777088,0.043072034,0.0011443386,0.047046624,0.8908767,1,R0_kfold_f1_s44_v5ctl,best,25
ISIC_0062375,BCN_0000070,BCN_0000070,<40,bcn20000,5,False,5,0.027580613,0.006319947,0.16488013,0.12623402,0.005242506,0.5930081,0.07673465,0.039143063,1,R0_kfold_f1_s44_v5ctl,best,25
ISIC_0062414,BCN_0005248,BCN_0005248,40-59,bcn20000,5,False,5,0.015169151,0.010977258,0.012233759,0.08257595,0.019870626,0.7965607,0.0626125,0.046017036,1,R0_kfold_f1_s44_v5ctl,best,25
ISIC_0062420,BCN_0004305,BCN_0004305,60+,bcn20000,4,True,4,0.015468014,0.051111095,0.008365995,0.10988304,0.7437642,0.0037194223,0.06768825,0.8103433,1,R0_kfold_f1_s44_v5ctl,best,25
ISIC_0062429,BCN_0003483,BCN_0003483,60+,bcn20000,5,False,5,0.011794691,0.008174662,0.007188775,0.07115392,0.008848022,0.84200543,0.050834544,0.028817374,1,R0_kfold_f1_s44_v5ctl,best,25
ISIC_0062431,BCN_0000070,BCN_0000070,<40,bcn20000,5,False,5,0.012102388,0.0073233456,0.009762188,0.061354183,0.0056148884,0.8532278,0.050615266,0.025040621,1,R0_kfold_f1_s44_v5ctl,best,25
ISIC_0062434,BCN_0000680,BCN_0000680,40-59,bcn20000,4,True,4,0.01813989,0.017976033,0.0034671957,0.06498813,0.8477207,0.0027732379,0.044934906,0.8838366,1,R0_kfold_f1_s44_v5ctl,best,25
ISIC_0062456,BCN_0002240,BCN_0002240,40-59,bcn20000,5,False,5,0.012759194,0.008104689,0.0076758135,0.07032342,0.0058772718,0.84624445,0.049015194,0.026741154,1,R0_kfold_f1_s44_v5ctl,best,25
ISIC_0062474,BCN_0002675,BCN_0002675,60+,bcn20000,4,True,4,0.013184996,0.019623775,0.021415351,0.11884784,0.7052522,0.042650048,0.07902577,0.73806095,1,R0_kfold_f1_s44_v5ctl,best,25
ISIC_0062483,BCN_0001928,BCN_0001928,40-59,bcn20000,5,False,5,0.010986546,0.007463139,0.009093416,0.06905885,0.005532111,0.8472158,0.050650187,0.023981795,1,R0_kfold_f1_s44_v5ctl,best,25
ISIC_0062493,BCN_0003396,BCN_0003396,60+,bcn20000,0,True,2,0.19547974,0.00676004,0.6399835,0.07052947,0.0053043687,0.007296263,0.07464664,0.20754415,1,R0_kfold_f1_s44_v5ctl,best,25
ISIC_0062495,BCN_0001058,BCN_0001058,<40,bcn20000,5,False,5,0.01181603,0.0069714184,0.00977094,0.069786936,0.0062298947,0.8406995,0.05472529,0.025017343,1,R0_kfold_f1_s44_v5ctl,best,25
ISIC_0062535,BCN_0002918,BCN_0002918,60+,bcn20000,5,False,5,0.015628807,0.012679366,0.007302702,0.106000945,0.077503964,0.703513,0.07737118,0.10581214,1,R0_kfold_f1_s44_v5ctl,best,25
ISIC_0062544,BCN_0000327,BCN_0000327,40-59,bcn20000,1,True,2,0.007929291,0.0039638416,0.91615266,0.034697,0.0017790399,0.006150872,0.029327268,0.013672173,1,R0_kfold_f1_s44_v5ctl,best,25
ISIC_0062546,BCN_0005207,BCN_0005207,<40,bcn20000,5,False,5,0.011721341,0.007298426,0.00835631,0.07172576,0.007903252,0.8423337,0.05066131,0.02692302,1,R0_kfold_f1_s44_v5ctl,best,25
ISIC_0062566,BCN_0005376,BCN_0005376,60+,bcn20000,2,False,1,0.048886288,0.790089,0.0048831054,0.08686053,0.005659142,0.0038932383,0.05972868,0.8446345,1,R0_kfold_f1_s44_v5ctl,best,25
ISIC_0062571,BCN_0004037,BCN_0004037,60+,bcn20000,2,False,2,0.014872644,0.011993589,0.8475475,0.051467545,0.0147433225,0.0023215758,0.057053875,0.041609555,1,R0_kfold_f1_s44_v5ctl,best,25
ISIC_0062576,BCN_0002221,BCN_0002221,40-59,bcn20000,5,False,5,0.011422826,0.008285155,0.009491686,0.07517577,0.0058997357,0.83570623,0.05401862,0.025607716,1,R0_kfold_f1_s44_v5ctl,best,25
ISIC_0062590,BCN_0002557,BCN_0002557,60+,bcn20000,2,False,0,0.8007645,0.004092636,0.0076645357,0.0559988,0.08484999,0.0009593748,0.04567021,0.88970715,1,R0_kfold_f1_s44_v5ctl,best,25
ISIC_0062628,BCN_0002199,BCN_0002199,60+,bcn20000,4,True,4,0.011328729,0.0071722027,0.0068860897,0.060909387,0.8631764,0.005886239,0.04464091,0.8816773,1,R0_kfold_f1_s44_v5ctl,best,25
ISIC_0062637,BCN_0004995,BCN_0004995,60+,bcn20000,1,True,1,0.011070298,0.8773381,0.0063088993,0.05382581,0.004476159,0.003755964,0.043224778,0.89288455,1,R0_kfold_f1_s44_v5ctl,best,25
ISIC_0062641,BCN_0004040,BCN_0004040,60+,bcn20000,0,True,0,0.8454071,0.02676404,0.0018764538,0.08547144,0.0066576176,0.0020487104,0.031774525,0.87882876,1,R0_kfold_f1_s44_v5ctl,best,25
ISIC_0062645,BCN_0003555,BCN_0003555,60+,bcn20000,1,True,1,0.012780975,0.87745816,0.0063086366,0.055154298,0.004721273,0.0037604098,0.03981624,0.8949604,1,R0_kfold_f1_s44_v5ctl,best,25
ISIC_0062685,BCN_0000107,BCN_0000107,40-59,bcn20000,1,True,1,0.010243388,0.8759491,0.0066509102,0.05664307,0.005405827,0.0054976344,0.039609987,0.89159834,1,R0_kfold_f1_s44_v5ctl,best,25
ISIC_0062699,BCN_0000608,BCN_0000608,60+,bcn20000,2,False,1,0.012635451,0.8008013,0.032369178,0.093324386,0.0032813954,0.0065521006,0.05103623,0.81671816,1,R0_kfold_f1_s44_v5ctl,best,25
ISIC_0062705,BCN_0000545,BCN_0000545,<40,bcn20000,5,False,4,0.015865002,0.0077987676,0.0125708105,0.0633513,0.8286065,0.005806805,0.06600088,0.85227025,1,R0_kfold_f1_s44_v5ctl,best,25
ISIC_0062725,BCN_0004166,BCN_0004166,<40,bcn20000,5,False,5,0.011321883,0.007768715,0.0074051693,0.07218654,0.0060116737,0.8445895,0.050716538,0.02510227,1,R0_kfold_f1_s44_v5ctl,best,25
ISIC_0062752,BCN_0003467,BCN_0003467,60+,bcn20000,1,True,1,0.010254022,0.83681196,0.0065861423,0.07701671,0.003950841,0.012076471,0.053303868,0.8510168,1,R0_kfold_f1_s44_v5ctl,best,25
ISIC_0062766,BCN_0000079,BCN_0000079,60+,bcn20000,0,True,4,0.068431854,0.03811892,0.033710994,0.10327545,0.674997,0.014757584,0.0667082,0.7815477,1,R0_kfold_f1_s44_v5ctl,best,25
ISIC_0062777,BCN_0002000,BCN_0002000,40-59,bcn20000,5,False,5,0.024995377,0.0120280925,0.008859351,0.07327193,0.0031609223,0.81906116,0.058623143,0.040184394,1,R0_kfold_f1_s44_v5ctl,best,25
ISIC_0062801,BCN_0000036,BCN_0000036,40-59,bcn20000,5,False,5,0.01114208,0.007663768,0.005819985,0.067586996,0.007786236,0.8496033,0.050397657,0.026592083,1,R0_kfold_f1_s44_v5ctl,best,25
ISIC_0062839,BCN_0001737,BCN_0001737,<40,bcn20000,5,False,5,0.015099955,0.01101523,0.007957925,0.07007373,0.009154866,0.8275009,0.05919752,0.03527005,1,R0_kfold_f1_s44_v5ctl,best,25
ISIC_0062842,BCN_0005299,BCN_0005299,<40,bcn20000,5,False,5,0.010215948,0.0074177296,0.006798335,0.07200555,0.0072021238,0.84112114,0.055239256,0.024835803,1,R0_kfold_f1_s44_v5ctl,best,25
ISIC_0062858,BCN_0003229,BCN_0003229,60+,bcn20000,5,False,5,0.011127863,0.008085916,0.007818628,0.07069068,0.005763468,0.84424806,0.052265428,0.024977246,1,R0_kfold_f1_s44_v5ctl,best,25
ISIC_0062863,BCN_0005039,BCN_0005039,60+,bcn20000,5,False,5,0.010429471,0.00813735,0.0068625053,0.06789902,0.0075746123,0.84850574,0.050591234,0.026141433,1,R0_kfold_f1_s44_v5ctl,best,25
ISIC_0062878,BCN_0001387,BCN_0001387,40-59,bcn20000,0,True,1,0.35582414,0.46580955,0.0059129735,0.10012794,0.0025597655,0.002291363,0.067474246,0.8241935,1,R0_kfold_f1_s44_v5ctl,best,25
ISIC_0062889,BCN_0002931,BCN_0002931,40-59,bcn20000,5,False,5,0.015252027,0.008989848,0.008444178,0.06731445,0.0045214426,0.8489615,0.0465165,0.028763318,1,R0_kfold_f1_s44_v5ctl,best,25
ISIC_0062892,BCN_0002228,BCN_0002228,40-59,bcn20000,5,False,5,0.012958165,0.008526915,0.008237202,0.073982425,0.008528143,0.83241725,0.05534998,0.030013222,1,R0_kfold_f1_s44_v5ctl,best,25
ISIC_0062931,BCN_0002632,BCN_0002632,<40,bcn20000,5,False,5,0.010198592,0.0081002135,0.011370669,0.06381429,0.006591698,0.8510457,0.04887884,0.024890503,1,R0_kfold_f1_s44_v5ctl,best,25
ISIC_0062936,BCN_0001378,BCN_0001378,60+,bcn20000,1,True,1,0.022297874,0.72024477,0.0025744776,0.11433132,0.054603375,0.0045488514,0.0813993,0.797146,1,R0_kfold_f1_s44_v5ctl,best,25
ISIC_0062989,BCN_0003442,BCN_0003442,<40,bcn20000,5,False,1,0.020729408,0.8340242,0.004370589,0.060330365,0.0032008952,0.03241555,0.044929072,0.8579545,1,R0_kfold_f1_s44_v5ctl,best,25
ISIC_0062997,BCN_0001905,BCN_0001905,<40,bcn20000,5,False,5,0.038278878,0.006460297,0.06441305,0.12248435,0.0027503497,0.68525904,0.08035397,0.047489524,1,R0_kfold_f1_s44_v5ctl,best,25
ISIC_0063014,BCN_0001336,BCN_0001336,60+,bcn20000,2,False,2,0.022254802,0.020502463,0.39692515,0.14320642,0.0021765702,0.3049202,0.11001445,0.044933837,1,R0_kfold_f1_s44_v5ctl,best,25
ISIC_0063038,BCN_0003696,BCN_0003696,60+,bcn20000,0,True,1,0.012149928,0.8611084,0.0071019796,0.05994002,0.0060138702,0.0063773454,0.04730844,0.8792722,1,R0_kfold_f1_s44_v5ctl,best,25
ISIC_0063046,BCN_0003886,BCN_0003886,40-59,bcn20000,4,True,5,0.020561455,0.014224057,0.006651425,0.08281784,0.011323748,0.8054574,0.05896409,0.04610926,1,R0_kfold_f1_s44_v5ctl,best,25
ISIC_0063066,BCN_0002826,BCN_0002826,60+,bcn20000,1,True,1,0.025556704,0.8574538,0.006086912,0.06241474,0.004126492,0.0029722573,0.041389078,0.887137,1,R0_kfold_f1_s44_v5ctl,best,25
ISIC_0063077,BCN_0001878,BCN_0001878,40-59,bcn20000,4,True,5,0.011308437,0.0074421037,0.009019459,0.06819829,0.0052337507,0.8491433,0.049654543,0.02398429,1,R0_kfold_f1_s44_v5ctl,best,25
ISIC_0063122,BCN_0000895,BCN_0000895,60+,bcn20000,0,True,0,0.7642341,0.038644206,0.014258835,0.0720817,0.0014709287,0.0526206,0.05668963,0.80434924,1,R0_kfold_f1_s44_v5ctl,best,25
ISIC_0063135,BCN_0002558,BCN_0002558,40-59,bcn20000,4,True,4,0.011130025,0.007074259,0.006892373,0.06341973,0.8608182,0.004525736,0.04613966,0.8790225,1,R0_kfold_f1_s44_v5ctl,best,25
ISIC_0063136,BCN_0000120,BCN_0000917,60+,bcn20000,2,False,2,0.0095555475,0.005959719,0.8665067,0.058265783,0.0043360526,0.012371753,0.043004423,0.01985132,1,R0_kfold_f1_s44_v5ctl,best,25
ISIC_0063139,BCN_0003624,BCN_0003624,60+,bcn20000,5,False,5,0.012141826,0.012064705,0.019530332,0.083416454,0.01074727,0.79881895,0.06328045,0.0349538,1,R0_kfold_f1_s44_v5ctl,best,25
ISIC_0063149,BCN_0005269,BCN_0005269,60+,bcn20000,1,True,0,0.92836064,0.004883814,0.0035847474,0.035850804,0.0036224388,0.0018369342,0.02186063,0.9368669,1,R0_kfold_f1_s44_v5ctl,best,25
ISIC_0063160,BCN_0000158,BCN_0000158,40-59,bcn20000,1,True,5,0.030615624,0.016419342,0.019619623,0.107293725,0.006199832,0.75604254,0.06380933,0.053234797,1,R0_kfold_f1_s44_v5ctl,best,25
ISIC_0063164,BCN_0002958,BCN_0002958,60+,bcn20000,4,True,4,0.040273413,0.06533338,0.018817445,0.12044697,0.66822505,0.0015335003,0.085370265,0.77383184,1,R0_kfold_f1_s44_v5ctl,best,25
ISIC_0063184,BCN_0005248,BCN_0005248,40-59,bcn20000,5,False,4,0.025404807,0.013456145,0.015474198,0.14860524,0.5007025,0.19527398,0.10108316,0.5395635,1,R0_kfold_f1_s44_v5ctl,best,25
ISIC_0063228,BCN_0000194,BCN_0000194,60+,bcn20000,4,True,4,0.008838789,0.0069674784,0.0076655783,0.06671003,0.8571077,0.005703222,0.04700721,0.87291396,1,R0_kfold_f1_s44_v5ctl,best,25
ISIC_0063231,BCN_0004192,BCN_0004192,40-59,bcn20000,1,True,1,0.009710745,0.87237364,0.0074124066,0.056682896,0.0052117594,0.0055485186,0.043059938,0.88729614,1,R0_kfold_f1_s44_v5ctl,best,25
ISIC_0063243,BCN_0000549,BCN_0000549,60+,bcn20000,4,True,4,0.00888339,0.006521892,0.0062653376,0.06180035,0.8690285,0.0039292225,0.043571286,0.8844338,1,R0_kfold_f1_s44_v5ctl,best,25
ISIC_0063251,BCN_0002632,BCN_0002632,<40,bcn20000,5,False,5,0.011989558,0.010778404,0.18373033,0.11381974,0.004638007,0.5928357,0.082208216,0.027405968,1,R0_kfold_f1_s44_v5ctl,best,25
ISIC_0063298,BCN_0004008,BCN_0004008,40-59,bcn20000,1,True,1,0.009002932,0.8643516,0.009309725,0.060091387,0.006214591,0.005861768,0.045168106,0.8795691,1,R0_kfold_f1_s44_v5ctl,best,25
ISIC_0063322,BCN_0001394,BCN_0001394,60+,bcn20000,0,True,1,0.017068904,0.8556048,0.006172766,0.061777662,0.008974207,0.0032783654,0.047123257,0.88164794,1,R0_kfold_f1_s44_v5ctl,best,25
ISIC_0063349,BCN_0003726,BCN_0003726,40-59,bcn20000,4,True,5,0.017122984,0.012892093,0.008452696,0.10158382,0.023371266,0.7651177,0.07145951,0.053386346,1,R0_kfold_f1_s44_v5ctl,best,25
ISIC_0063364,BCN_0004552,BCN_0004552,40-59,bcn20000,5,False,5,0.0057773134,0.0037325544,0.022968376,0.07614733,0.011373449,0.7914255,0.08857548,0.020883318,1,R0_kfold_f1_s44_v5ctl,best,25
ISIC_0063365,BCN_0000002,BCN_0000002,40-59,bcn20000,5,False,1,0.007800892,0.8422296,0.012141223,0.069740266,0.004648564,0.014069492,0.049369976,0.85467905,1,R0_kfold_f1_s44_v5ctl,best,25
ISIC_0063374,BCN_0000757,BCN_0000757,<40,bcn20000,5,False,4,0.03556954,0.0058995485,0.0064052423,0.11051898,0.7102962,0.06179138,0.06951915,0.7517653,1,R0_kfold_f1_s44_v5ctl,best,25
ISIC_0063410,BCN_0004305,BCN_0004305,60+,bcn20000,4,True,4,0.01093599,0.0068805385,0.0074513494,0.06205533,0.8652133,0.005471211,0.0419923,0.8830298,1,R0_kfold_f1_s44_v5ctl,best,25
ISIC_0063413,BCN_0001864,BCN_0001864,60+,bcn20000,1,True,1,0.00781718,0.86799794,0.007087599,0.06110237,0.005412566,0.0042723413,0.046309967,0.88122773,1,R0_kfold_f1_s44_v5ctl,best,25
ISIC_0063424,BCN_0002240,BCN_0002240,40-59,bcn20000,5,False,5,0.006677977,0.0065307193,0.0069441157,0.077391565,0.02999685,0.82494414,0.047514606,0.043205544,1,R0_kfold_f1_s44_v5ctl,best,25
ISIC_0063440,BCN_0002632,BCN_0002632,<40,bcn20000,5,False,5,0.01005411,0.0072816443,0.009178726,0.06157687,0.008199548,0.8527028,0.051006366,0.025535302,1,R0_kfold_f1_s44_v5ctl,best,25
ISIC_0063477,BCN_0000002,BCN_0000002,40-59,bcn20000,5,False,1,0.007035898,0.65521204,0.109313,0.13802768,0.0028494913,0.006398339,0.08116357,0.6650975,1,R0_kfold_f1_s44_v5ctl,best,25
ISIC_0063479,BCN_0001612,BCN_0001612,60+,bcn20000,1,True,1,0.13112403,0.68663067,0.012614493,0.097260214,0.0036525358,0.0035225963,0.06519547,0.8214072,1,R0_kfold_f1_s44_v5ctl,best,25
ISIC_0063493,BCN_0000043,BCN_0000043,<40,bcn20000,4,True,5,0.023366276,0.017421896,0.011407412,0.0962467,0.0725593,0.6998778,0.079120606,0.11334747,1,R0_kfold_f1_s44_v5ctl,best,25
ISIC_0063519,BCN_0005396,BCN_0005396,<40,bcn20000,3,False,5,0.017903047,0.025396908,0.008084211,0.07706754,0.0046860385,0.79502857,0.07183369,0.047985993,1,R0_kfold_f1_s44_v5ctl,best,25
ISIC_0063547,BCN_0004166,BCN_0004166,<40,bcn20000,5,False,5,0.010754218,0.0073612453,0.006781051,0.070802584,0.0057913987,0.84854174,0.049967706,0.023906864,1,R0_kfold_f1_s44_v5ctl,best,25
ISIC_0063560,BCN_0000329,BCN_0000329,60+,bcn20000,1,True,1,0.010070556,0.88400537,0.0066138417,0.051871363,0.005311265,0.0043248464,0.03780277,0.8993872,1,R0_kfold_f1_s44_v5ctl,best,25
ISIC_0063574,BCN_0003229,BCN_0003229,60+,bcn20000,5,False,5,0.00966852,0.007787979,0.009027999,0.067800224,0.004106026,0.85160345,0.05000593,0.021562524,1,R0_kfold_f1_s44_v5ctl,best,25
ISIC_0063575,BCN_0005554,BCN_0005554,60+,bcn20000,1,True,2,0.011225399,0.006134526,0.7021354,0.11875517,0.08059921,0.0064184098,0.07473187,0.09795913,1,R0_kfold_f1_s44_v5ctl,best,25
ISIC_0063585,BCN_0003452,BCN_0003452,40-59,bcn20000,5,False,5,0.011616355,0.009012007,0.007681211,0.070544764,0.0054954826,0.8415606,0.054089505,0.026123846,1,R0_kfold_f1_s44_v5ctl,best,25
ISIC_0063588,BCN_0000431,BCN_0000431,60+,bcn20000,0,True,5,0.11492852,0.020371022,0.029247282,0.15835333,0.0015718798,0.6191792,0.056348722,0.13687143,1,R0_kfold_f1_s44_v5ctl,best,25
ISIC_0063590,BCN_0004567,BCN_0004567,<40,bcn20000,5,False,5,0.0120703215,0.008523303,0.009723958,0.07097766,0.005387754,0.8375816,0.05573545,0.025981378,1,R0_kfold_f1_s44_v5ctl,best,25
ISIC_0063592,BCN_0002326,BCN_0002326,<40,bcn20000,5,False,5,0.25411037,0.17579916,0.0060705957,0.11469886,0.014145529,0.31824428,0.116931185,0.44405505,1,R0_kfold_f1_s44_v5ctl,best,25
ISIC_0063597,BCN_0004596,BCN_0004596,60+,bcn20000,1,True,1,0.0100347875,0.88581866,0.008079824,0.047943544,0.0056400266,0.0030775475,0.0394056,0.9014935,1,R0_kfold_f1_s44_v5ctl,best,25
ISIC_0063610,BCN_0001169,BCN_0001169,60+,bcn20000,1,True,1,0.23122756,0.41924644,0.042414844,0.1544173,0.017852543,0.004179996,0.13066131,0.66832656,1,R0_kfold_f1_s44_v5ctl,best,25
ISIC_0063611,BCN_0002221,BCN_0002221,40-59,bcn20000,5,False,5,0.012200259,0.007898149,0.009100143,0.070518635,0.005827938,0.84168583,0.052769158,0.025926344,1,R0_kfold_f1_s44_v5ctl,best,25
ISIC_0063630,BCN_0004305,BCN_0004305,60+,bcn20000,4,True,4,0.010249647,0.005651245,0.007043119,0.057996977,0.87228,0.005786347,0.040992588,0.8881809,1,R0_kfold_f1_s44_v5ctl,best,25
ISIC_0063669,BCN_0003261,BCN_0003261,60+,bcn20000,0,True,1,0.0873066,0.7206378,0.01563656,0.098616704,0.004759626,0.004057703,0.068985015,0.812704,1,R0_kfold_f1_s44_v5ctl,best,25
ISIC_0063672,BCN_0003080,BCN_0003080,<40,bcn20000,5,False,5,0.008939873,0.00574142,0.014644399,0.059805613,0.003988246,0.86313426,0.043746166,0.01866954,1,R0_kfold_f1_s44_v5ctl,best,25
ISIC_0063682,BCN_0001567,BCN_0001567,40-59,bcn20000,5,False,5,0.011624125,0.0070996117,0.0075077866,0.077211216,0.011189931,0.83114487,0.054222524,0.029913668,1,R0_kfold_f1_s44_v5ctl,best,25
ISIC_0063683,BCN_0004480,BCN_0004480,40-59,bcn20000,5,False,5,0.016404867,0.010655934,0.008913563,0.10827106,0.08810268,0.68871117,0.07894076,0.11516348,1,R0_kfold_f1_s44_v5ctl,best,25
ISIC_0063687,BCN_0002675,BCN_0002675,60+,bcn20000,4,True,4,0.014022422,0.00996285,0.014635685,0.08113956,0.8052028,0.01965507,0.055381596,0.82918805,1,R0_kfold_f1_s44_v5ctl,best,25
ISIC_0063688,BCN_0004972,BCN_0004972,40-59,bcn20000,5,False,5,0.015640894,0.012007017,0.01830283,0.08545221,0.004868234,0.8112892,0.052439548,0.032516144,1,R0_kfold_f1_s44_v5ctl,best,25
ISIC_0063705,BCN_0005708,BCN_0005708,<40,bcn20000,5,False,5,0.016535666,0.01655284,0.010928981,0.071739875,0.008705032,0.82285106,0.052686553,0.041793536,1,R0_kfold_f1_s44_v5ctl,best,25
ISIC_0063718,BCN_0000608,BCN_0000608,60+,bcn20000,2,False,1,0.03429484,0.6908277,0.094092526,0.116831996,0.0022260488,0.0039818664,0.05774499,0.7273486,1,R0_kfold_f1_s44_v5ctl,best,25
ISIC_0063729,BCN_0002681,BCN_0002681,60+,bcn20000,2,False,1,0.0090969,0.8765758,0.0051451973,0.05688443,0.0069945194,0.0058611715,0.03944189,0.8926673,1,R0_kfold_f1_s44_v5ctl,best,25
ISIC_0063735,BCN_0002468,BCN_0002468,40-59,bcn20000,5,False,5,0.011671208,0.008115632,0.006591151,0.06717172,0.009518262,0.84559983,0.05133215,0.029305102,1,R0_kfold_f1_s44_v5ctl,best,25
ISIC_0063779,BCN_0003940,BCN_0003940,60+,bcn20000,1,True,1,0.027249964,0.864185,0.012305108,0.04694488,0.004837937,0.0055324766,0.038944606,0.8962729,1,R0_kfold_f1_s44_v5ctl,best,25
ISIC_0063786,BCN_0000070,BCN_0000070,<40,bcn20000,5,False,5,0.010812003,0.00826987,0.012406667,0.071375795,0.00649072,0.8392246,0.05142031,0.025572592,1,R0_kfold_f1_s44_v5ctl,best,25
ISIC_0063794,BCN_0004259,BCN_0004259,60+,bcn20000,1,True,1,0.010548571,0.8474492,0.014395319,0.06710031,0.007068376,0.0067299297,0.046708267,0.8650662,1,R0_kfold_f1_s44_v5ctl,best,25
ISIC_0063821,BCN_0000070,BCN_0000070,<40,bcn20000,5,False,0,0.51345193,0.010936997,0.03599524,0.21469742,0.1336056,0.031285718,0.060027134,0.6579945,1,R0_kfold_f1_s44_v5ctl,best,25
ISIC_0063832,BCN_0005629,BCN_0005629,<40,bcn20000,5,False,4,0.0141774425,0.009988599,0.009549014,0.13355376,0.5564275,0.1793277,0.096976005,0.5805935,1,R0_kfold_f1_s44_v5ctl,best,25
ISIC_0063848,BCN_0001768,BCN_0001768,40-59,bcn20000,5,False,1,0.031254612,0.85359955,0.005341465,0.06393614,0.0029504856,0.0025253359,0.04039241,0.8878046,1,R0_kfold_f1_s44_v5ctl,best,25
ISIC_0063850,BCN_0003811,BCN_0003811,60+,bcn20000,5,False,5,0.03513324,0.0071315956,0.008015475,0.10985542,0.021579985,0.7422582,0.07602601,0.063844815,1,R0_kfold_f1_s44_v5ctl,best,25
ISIC_0063883,BCN_0003790,BCN_0003790,60+,bcn20000,0,True,0,0.91655076,0.0035327517,0.005137345,0.039524604,0.00304828,0.0036672186,0.028539032,0.9231318,1,R0_kfold_f1_s44_v5ctl,best,25
ISIC_0063890,BCN_0003790,BCN_0003790,60+,bcn20000,0,True,0,0.9253484,0.009550102,0.005132814,0.03195574,0.0026226365,0.001870637,0.023519715,0.93752116,1,R0_kfold_f1_s44_v5ctl,best,25
ISIC_0063923,BCN_0000023,BCN_0000023,60+,bcn20000,1,True,0,0.81655645,0.054260857,0.013982669,0.063237526,0.0017720637,0.001033921,0.049156513,0.87258935,1,R0_kfold_f1_s44_v5ctl,best,25
ISIC_0063949,BCN_0001807,BCN_0001807,40-59,bcn20000,5,False,5,0.012164078,0.007663853,0.007461043,0.07211885,0.00754477,0.84107095,0.0519765,0.0273727,1,R0_kfold_f1_s44_v5ctl,best,25
ISIC_0063961,BCN_0000657,BCN_0000657,60+,bcn20000,4,True,4,0.010960254,0.0060970867,0.005937983,0.05984461,0.8701147,0.004267962,0.042777307,0.88717204,1,R0_kfold_f1_s44_v5ctl,best,25
ISIC_0063962,BCN_0004989,BCN_0004989,40-59,bcn20000,5,False,4,0.009643384,0.04102435,0.035932846,0.24883866,0.34281576,0.21876955,0.10297544,0.3934835,1,R0_kfold_f1_s44_v5ctl,best,25
ISIC_0063964,BCN_0005023,BCN_0005023,60+,bcn20000,1,True,1,0.00836103,0.8781794,0.0062261517,0.05563711,0.0050002015,0.004659434,0.041936744,0.8915406,1,R0_kfold_f1_s44_v5ctl,best,25
ISIC_0063966,BCN_0005629,BCN_0005629,<40,bcn20000,5,False,5,0.014882256,0.008020757,0.009814012,0.12234599,0.10435607,0.6553941,0.08518686,0.12725909,1,R0_kfold_f1_s44_v5ctl,best,25
ISIC_0063967,BCN_0001137,BCN_0001137,40-59,bcn20000,1,True,1,0.009931031,0.8589458,0.007882209,0.06509114,0.006347458,0.006034137,0.0457683,0.8752243,1,R0_kfold_f1_s44_v5ctl,best,25
ISIC_0063976,BCN_0001273,BCN_0001273,40-59,bcn20000,5,False,5,0.012651474,0.011059527,0.009258484,0.07651931,0.007478642,0.82909334,0.053939186,0.031189643,1,R0_kfold_f1_s44_v5ctl,best,25
ISIC_0063990,BCN_0005629,BCN_0005629,<40,bcn20000,5,False,5,0.010725895,0.0075301034,0.00761348,0.07057038,0.00974261,0.84041,0.05340752,0.027998608,1,R0_kfold_f1_s44_v5ctl,best,25
ISIC_0064025,BCN_0001363,BCN_0001363,40-59,bcn20000,2,False,0,0.9270779,0.0046746,0.0054216683,0.02979185,0.0036943487,0.00353593,0.025803724,0.93544686,1,R0_kfold_f1_s44_v5ctl,best,25
ISIC_0064055,BCN_0004008,BCN_0004008,40-59,bcn20000,1,True,1,0.0091055455,0.86622053,0.009230217,0.059613407,0.006433239,0.005016468,0.04438056,0.88175935,1,R0_kfold_f1_s44_v5ctl,best,25
ISIC_0064057,BCN_0003555,BCN_0003555,60+,bcn20000,1,True,1,0.0252432,0.8548067,0.0073953927,0.060979873,0.004862204,0.0031118921,0.043600846,0.88491213,1,R0_kfold_f1_s44_v5ctl,best,25
ISIC_0064064,BCN_0003555,BCN_0003555,60+,bcn20000,1,True,1,0.015090454,0.8706658,0.006654973,0.0565066,0.0050635007,0.003651192,0.042367518,0.8908197,1,R0_kfold_f1_s44_v5ctl,best,25
ISIC_0064073,BCN_0001964,BCN_0001964,<40,bcn20000,4,True,5,0.011842089,0.009590409,0.009540869,0.07557583,0.007493983,0.8338675,0.052089307,0.02892648,1,R0_kfold_f1_s44_v5ctl,best,25
ISIC_0064128,BCN_0003664,BCN_0003664,40-59,bcn20000,1,True,1,0.011055864,0.88309115,0.0058331857,0.05277274,0.0043577836,0.0039157565,0.0389736,0.8985048,1,R0_kfold_f1_s44_v5ctl,best,25
ISIC_0064138,BCN_0003554,BCN_0003554,40-59,bcn20000,5,False,1,0.017336758,0.46862087,0.01635139,0.15785152,0.0043952586,0.23393641,0.10150777,0.49035287,1,R0_kfold_f1_s44_v5ctl,best,25
ISIC_0064142,BCN_0002972,BCN_0002972,<40,bcn20000,5,False,5,0.011948474,0.008482988,0.0067391577,0.068455555,0.005483685,0.8484704,0.05041974,0.025915148,1,R0_kfold_f1_s44_v5ctl,best,25
ISIC_0064153,BCN_0002671,BCN_0002671,unknown,bcn20000,5,False,5,0.011225158,0.008972315,0.006459413,0.07422296,0.00697825,0.8404554,0.051686566,0.027175725,1,R0_kfold_f1_s44_v5ctl,best,25
ISIC_0064181,BCN_0001026,BCN_0001026,unknown,bcn20000,5,False,5,0.01331732,0.008812228,0.008053953,0.07235408,0.007942067,0.8384664,0.051053926,0.030071614,1,R0_kfold_f1_s44_v5ctl,best,25
ISIC_0064211,BCN_0001518,BCN_0001518,60+,bcn20000,0,True,2,0.10268757,0.018039383,0.6018228,0.122854136,0.06563229,0.0013113294,0.08765247,0.18635924,1,R0_kfold_f1_s44_v5ctl,best,25
ISIC_0064219,BCN_0003510,BCN_0003510,40-59,bcn20000,5,False,5,0.01093241,0.00919274,0.019039458,0.07993509,0.0036909946,0.8190524,0.05815683,0.023816146,1,R0_kfold_f1_s44_v5ctl,best,25
ISIC_0064233,BCN_0000083,BCN_0000083,60+,bcn20000,1,True,1,0.01018758,0.8776964,0.006673501,0.05491465,0.004854432,0.004722312,0.04095116,0.8927384,1,R0_kfold_f1_s44_v5ctl,best,25
ISIC_0064237,BCN_0002193,BCN_0002193,40-59,bcn20000,1,True,1,0.013391862,0.88099456,0.005554103,0.055629984,0.004271315,0.003494659,0.036663588,0.89865774,1,R0_kfold_f1_s44_v5ctl,best,25
ISIC_0064261,BCN_0005263,BCN_0005263,60+,bcn20000,4,True,4,0.010417188,0.008238862,0.006712161,0.070171386,0.8381229,0.01081055,0.05552692,0.856779,1,R0_kfold_f1_s44_v5ctl,best,25
ISIC_0064262,BCN_0004556,BCN_0004556,60+,bcn20000,0,True,1,0.007321712,0.87035674,0.007640033,0.059734296,0.0077268844,0.007461109,0.03975915,0.88540536,1,R0_kfold_f1_s44_v5ctl,best,25
ISIC_0064267,BCN_0001974,BCN_0001974,60+,bcn20000,0,True,0,0.83659494,0.050742723,0.01610327,0.05088317,0.0016481325,0.0006608711,0.043366835,0.8889858,1,R0_kfold_f1_s44_v5ctl,best,25
ISIC_0064277,BCN_0003483,BCN_0003483,60+,bcn20000,5,False,5,0.011877899,0.00826126,0.008122491,0.068279564,0.008554456,0.84355855,0.05134571,0.028693613,1,R0_kfold_f1_s44_v5ctl,best,25
ISIC_0064292,BCN_0004035,BCN_0004035,60+,bcn20000,1,True,1,0.010362597,0.7235853,0.013135553,0.11227012,0.005670686,0.06463657,0.0703392,0.7396186,1,R0_kfold_f1_s44_v5ctl,best,25
ISIC_0064301,BCN_0003126,BCN_0003126,60+,bcn20000,2,False,2,0.008578148,0.0043884274,0.7955924,0.09908742,0.025531655,0.0038554133,0.062966466,0.03849823,1,R0_kfold_f1_s44_v5ctl,best,25
ISIC_0064326,BCN_0002870,BCN_0002870,40-59,bcn20000,5,False,5,0.31297514,0.012577643,0.021410039,0.16653837,0.007997387,0.38466415,0.09383733,0.33355018,1,R0_kfold_f1_s44_v5ctl,best,25
ISIC_0064353,BCN_0001490,BCN_0001490,40-59,bcn20000,1,True,1,0.009158644,0.8811348,0.005553888,0.056090467,0.004936008,0.0037695067,0.03935661,0.89522946,1,R0_kfold_f1_s44_v5ctl,best,25
ISIC_0064360,BCN_0004592,BCN_0004592,60+,bcn20000,4,True,4,0.0144249275,0.008995675,0.010779873,0.07845199,0.82349163,0.00776678,0.056089167,0.84691226,1,R0_kfold_f1_s44_v5ctl,best,25
ISIC_0064368,BCN_0005621,BCN_0005621,40-59,bcn20000,5,False,5,0.011315998,0.007747198,0.007201229,0.06853197,0.0047923154,0.85239667,0.04801461,0.023855511,1,R0_kfold_f1_s44_v5ctl,best,25
ISIC_0064376,BCN_0002958,BCN_0002958,60+,bcn20000,4,True,4,0.012331951,0.0138499,0.008085085,0.06642117,0.84567493,0.0050183623,0.048618656,0.8718568,1,R0_kfold_f1_s44_v5ctl,best,25
ISIC_0064401,BCN_0002469,BCN_0002469,40-59,bcn20000,5,False,4,0.0168841,0.011716014,0.008604071,0.11566215,0.41000244,0.34384477,0.093286455,0.43860257,1,R0_kfold_f1_s44_v5ctl,best,25
ISIC_0064403,BCN_0002870,BCN_0002870,40-59,bcn20000,5,False,5,0.021317774,0.011760152,0.013908705,0.08444603,0.0057590464,0.80831856,0.054489743,0.03883697,1,R0_kfold_f1_s44_v5ctl,best,25
ISIC_0064413,BCN_0002584,BCN_0002584,40-59,bcn20000,3,False,3,0.0036500716,0.016578102,0.00328213,0.6832495,0.0377107,0.20437399,0.05115553,0.057938874,1,R0_kfold_f1_s44_v5ctl,best,25
ISIC_0064414,BCN_0003510,BCN_0003510,40-59,bcn20000,5,False,5,0.012031778,0.013005658,0.014383661,0.103768714,0.037003748,0.741074,0.07873243,0.062041186,1,R0_kfold_f1_s44_v5ctl,best,25
ISIC_0064418,BCN_0000095,BCN_0000095,40-59,bcn20000,5,False,5,0.011781578,0.008300497,0.011939683,0.06681987,0.007924496,0.84446824,0.048765544,0.028006572,1,R0_kfold_f1_s44_v5ctl,best,25
ISIC_0064455,BCN_0002318,BCN_0002318,40-59,bcn20000,4,True,4,0.017562043,0.015615645,0.009446619,0.15831034,0.44596952,0.23904634,0.11404947,0.4791472,1,R0_kfold_f1_s44_v5ctl,best,25
ISIC_0064471,BCN_0000713,BCN_0000713,40-59,bcn20000,5,False,1,0.011834625,0.8580013,0.008435355,0.06918986,0.0049496097,0.005229807,0.04235947,0.87478554,1,R0_kfold_f1_s44_v5ctl,best,25
ISIC_0064472,BCN_0002384,BCN_0002384,40-59,bcn20000,4,True,4,0.009186901,0.007828566,0.010710866,0.08808115,0.8068152,0.018526232,0.058851004,0.82383066,1,R0_kfold_f1_s44_v5ctl,best,25
ISIC_0064496,BCN_0002193,BCN_0002193,40-59,bcn20000,1,True,1,0.009511028,0.8763617,0.006478416,0.057503413,0.0047514117,0.004420359,0.04097357,0.89062417,1,R0_kfold_f1_s44_v5ctl,best,25
ISIC_0064501,BCN_0001199,BCN_0001199,<40,bcn20000,5,False,5,0.014398681,0.008638473,0.008643348,0.09570316,0.028744653,0.7816385,0.062233172,0.051781807,1,R0_kfold_f1_s44_v5ctl,best,25
ISIC_0064502,BCN_0002584,BCN_0002584,40-59,bcn20000,3,False,4,0.012156474,0.075829685,0.007794306,0.30311233,0.5185447,0.004989762,0.077572726,0.60653085,1,R0_kfold_f1_s44_v5ctl,best,25
ISIC_0064515,BCN_0002312,BCN_0002312,60+,bcn20000,4,True,4,0.008955649,0.006452742,0.0059394957,0.059735093,0.8701854,0.0039454456,0.044786245,0.8855938,1,R0_kfold_f1_s44_v5ctl,best,25
ISIC_0064522,BCN_0002155,BCN_0002155,60+,bcn20000,0,True,0,0.87221515,0.025090424,0.009335855,0.049529944,0.0021341636,0.0017480872,0.039946288,0.8994397,1,R0_kfold_f1_s44_v5ctl,best,25
ISIC_0064543,BCN_0005117,BCN_0005117,60+,bcn20000,0,True,2,0.0025525307,0.017230628,0.84377563,0.0518235,0.019896619,0.0047629033,0.059958175,0.039679777,1,R0_kfold_f1_s44_v5ctl,best,25
ISIC_0064553,BCN_0001518,BCN_0001518,60+,bcn20000,0,True,1,0.23853797,0.5954898,0.005442233,0.07653517,0.02935582,0.0009935218,0.05364546,0.8633836,1,R0_kfold_f1_s44_v5ctl,best,25
ISIC_0064574,BCN_0000644,BCN_0000644,40-59,bcn20000,5,False,5,0.012553415,0.008860753,0.0077208607,0.071354695,0.008973805,0.8381831,0.052353323,0.030387973,1,R0_kfold_f1_s44_v5ctl,best,25
ISIC_0064579,BCN_0000291,BCN_0000291,60+,bcn20000,0,True,0,0.8607934,0.0016750963,0.04567181,0.04898116,0.005258964,0.0010158378,0.03660372,0.86772746,1,R0_kfold_f1_s44_v5ctl,best,25
ISIC_0064605,BCN_0000548,BCN_0000548,60+,bcn20000,1,True,1,0.011987655,0.8815832,0.0060830424,0.051184762,0.004611773,0.0040609306,0.04048868,0.89818263,1,R0_kfold_f1_s44_v5ctl,best,25
ISIC_0064625,BCN_0001516,BCN_0001516,60+,bcn20000,4,True,4,0.009709352,0.006059569,0.0054082386,0.06110325,0.87054986,0.004966344,0.04220343,0.8863188,1,R0_kfold_f1_s44_v5ctl,best,25
ISIC_0064654,BCN_0000963,BCN_0000963,60+,bcn20000,2,False,5,0.014209346,0.02517087,0.009481688,0.088263676,0.008149286,0.7982943,0.05643081,0.0475295,1,R0_kfold_f1_s44_v5ctl,best,25
ISIC_0064663,BCN_0002857,BCN_0002857,<40,bcn20000,5,False,5,0.01091733,0.008129809,0.0063344087,0.06388741,0.014146614,0.8502645,0.046319865,0.033193752,1,R0_kfold_f1_s44_v5ctl,best,25
ISIC_0064686,BCN_0003215,BCN_0003215,40-59,bcn20000,4,True,4,0.009959985,0.0049359407,0.005713244,0.056565974,0.8677652,0.011677129,0.04338257,0.8826611,1,R0_kfold_f1_s44_v5ctl,best,25
ISIC_0064719,BCN_0000545,BCN_0000545,<40,bcn20000,5,False,5,0.022774473,0.01745322,0.012275132,0.12948878,0.077097155,0.64304674,0.0978645,0.117324844,1,R0_kfold_f1_s44_v5ctl,best,25
ISIC_0064721,BCN_0004592,BCN_0004592,60+,bcn20000,4,True,0,0.919291,0.0048784777,0.0029900176,0.040291358,0.0024514918,0.0037480858,0.026349522,0.92662096,1,R0_kfold_f1_s44_v5ctl,best,25
ISIC_0064750,BCN_0000120,BCN_0002991,60+,bcn20000,2,False,2,0.012417103,0.013871018,0.8617185,0.05828305,0.0040049804,0.0026935611,0.047011845,0.030293103,1,R0_kfold_f1_s44_v5ctl,best,25
ISIC_0064778,BCN_0003287,BCN_0003287,60+,bcn20000,2,False,2,0.037692517,0.00339833,0.8166609,0.07722122,0.008860031,0.0028426175,0.053324487,0.049950875,1,R0_kfold_f1_s44_v5ctl,best,25
ISIC_0064783,BCN_0004217,BCN_0004217,40-59,bcn20000,4,True,5,0.014103529,0.0072747725,0.009002947,0.10394445,0.054123547,0.7372788,0.07427193,0.075501844,1,R0_kfold_f1_s44_v5ctl,best,25
ISIC_0064802,BCN_0001375,BCN_0001375,60+,bcn20000,5,False,5,0.01845754,0.027360642,0.01859638,0.12296524,0.0026367288,0.73866713,0.07131631,0.04845491,1,R0_kfold_f1_s44_v5ctl,best,25
ISIC_0064814,BCN_0001012,BCN_0001012,40-59,bcn20000,1,True,1,0.02350189,0.86008775,0.0056906203,0.06050886,0.0042977263,0.003645693,0.04226749,0.88788736,1,R0_kfold_f1_s44_v5ctl,best,25
ISIC_0064864,BCN_0003555,BCN_0003555,60+,bcn20000,1,True,0,0.6158923,0.20689891,0.0060641253,0.096536495,0.007686915,0.0022982277,0.064623035,0.83047813,1,R0_kfold_f1_s44_v5ctl,best,25
ISIC_0064866,BCN_0004423,BCN_0004423,<40,bcn20000,5,False,1,0.050356276,0.8507523,0.0048256414,0.057054084,0.0029030936,0.005596665,0.028511988,0.90401167,1,R0_kfold_f1_s44_v5ctl,best,25
ISIC_0064909,BCN_0003629,BCN_0003629,60+,bcn20000,4,True,1,0.026967991,0.35177705,0.0073049464,0.2024888,0.30153537,0.006353124,0.10357276,0.68028045,1,R0_kfold_f1_s44_v5ctl,best,25
ISIC_0064930,BCN_0002584,BCN_0002584,40-59,bcn20000,3,False,4,0.004653689,0.023476345,0.009547643,0.37478766,0.5259035,0.0071863947,0.054444745,0.5540336,1,R0_kfold_f1_s44_v5ctl,best,25
ISIC_0064932,BCN_0001977,BCN_0001977,<40,bcn20000,5,False,1,0.01353978,0.8509366,0.009448618,0.06626428,0.005727964,0.0078051854,0.046277583,0.8702043,1,R0_kfold_f1_s44_v5ctl,best,25
ISIC_0064933,BCN_0002316,BCN_0002316,60+,bcn20000,4,True,4,0.012751634,0.009242042,0.007842931,0.060764365,0.85806024,0.0053187907,0.046019927,0.88005394,1,R0_kfold_f1_s44_v5ctl,best,25
ISIC_0064961,BCN_0004158,BCN_0004158,<40,bcn20000,5,False,5,0.014850019,0.007873101,0.017655266,0.07528833,0.0035674793,0.8214838,0.059282027,0.0262906,1,R0_kfold_f1_s44_v5ctl,best,25
ISIC_0064965,BCN_0001087,BCN_0001087,60+,bcn20000,4,True,5,0.023937408,0.011958407,0.010182629,0.15324754,0.2704261,0.42311677,0.1071312,0.30632192,1,R0_kfold_f1_s44_v5ctl,best,25
ISIC_0064992,BCN_0004592,BCN_0004592,60+,bcn20000,4,True,4,0.25929442,0.006023233,0.0071109273,0.12166244,0.5317553,0.0056687957,0.06848481,0.797073,1,R0_kfold_f1_s44_v5ctl,best,25
ISIC_0065021,BCN_0001612,BCN_0001612,60+,bcn20000,1,True,1,0.024059273,0.8329062,0.0057470575,0.08985942,0.0029157633,0.004987303,0.039525032,0.8598812,1,R0_kfold_f1_s44_v5ctl,best,25
ISIC_0065038,BCN_0001199,BCN_0001199,<40,bcn20000,5,False,5,0.015763374,0.009938281,0.007472735,0.092558846,0.016658034,0.79961383,0.05799486,0.042359687,1,R0_kfold_f1_s44_v5ctl,best,25
ISIC_0065044,BCN_0000494,BCN_0000494,60+,bcn20000,1,True,3,0.0037610494,0.4083609,0.001267524,0.5446526,0.0051025813,0.0010763895,0.035778992,0.41722453,1,R0_kfold_f1_s44_v5ctl,best,25
ISIC_0065052,BCN_0000740,BCN_0000740,40-59,bcn20000,0,True,0,0.8879619,0.0147906095,0.019374968,0.056288004,0.0021197875,0.0024727539,0.016991938,0.9048723,1,R0_kfold_f1_s44_v5ctl,best,25
ISIC_0065076,BCN_0000032,BCN_0000032,60+,bcn20000,1,True,1,0.009187733,0.8642768,0.0091284,0.06460262,0.006110472,0.005126192,0.04156786,0.8795751,1,R0_kfold_f1_s44_v5ctl,best,25
ISIC_0065083,BCN_0005104,BCN_0005104,60+,bcn20000,1,True,1,0.0074963924,0.8879755,0.0055466113,0.051626604,0.0045551183,0.004001085,0.038798623,0.90002704,1,R0_kfold_f1_s44_v5ctl,best,25
ISIC_0065090,BCN_0003267,BCN_0003267,<40,bcn20000,5,False,5,0.012695773,0.00709916,0.0076626698,0.067421205,0.0053437892,0.8484198,0.051357616,0.025138723,1,R0_kfold_f1_s44_v5ctl,best,25
ISIC_0065095,BCN_0003170,BCN_0003170,60+,bcn20000,0,True,0,0.9138883,0.004257537,0.00798672,0.040983703,0.0030138532,0.0030373172,0.026832642,0.9211597,1,R0_kfold_f1_s44_v5ctl,best,25
ISIC_0065108,BCN_0004526,BCN_0004526,60+,bcn20000,1,True,1,0.012170078,0.86139756,0.008294983,0.06797917,0.0037503694,0.0046775006,0.041730426,0.877318,1,R0_kfold_f1_s44_v5ctl,best,25
ISIC_0065121,BCN_0000657,BCN_0000657,60+,bcn20000,4,True,4,0.009177598,0.0050601745,0.0056531373,0.05848133,0.8764511,0.0039174217,0.04125916,0.89068884,1,R0_kfold_f1_s44_v5ctl,best,25
ISIC_0065129,BCN_0000158,BCN_0000158,40-59,bcn20000,1,True,1,0.06514797,0.55730397,0.0043553156,0.29199213,0.007671982,0.006802268,0.06672638,0.630124,1,R0_kfold_f1_s44_v5ctl,best,25
ISIC_0065132,BCN_0001792,BCN_0001792,60+,bcn20000,4,True,5,0.011635801,0.009449686,0.008305353,0.06882539,0.008110616,0.84431905,0.049354162,0.029196102,1,R0_kfold_f1_s44_v5ctl,best,25
ISIC_0065150,BCN_0001619,BCN_0001619,40-59,bcn20000,0,True,0,0.6932013,0.08220386,0.0955234,0.06287076,0.0032645978,0.00057039864,0.06236566,0.7786698,1,R0_kfold_f1_s44_v5ctl,best,25
ISIC_0065180,BCN_0004305,BCN_0004305,60+,bcn20000,4,True,4,0.01012607,0.006345002,0.006986805,0.06123243,0.8641275,0.0059856763,0.04519639,0.8805986,1,R0_kfold_f1_s44_v5ctl,best,25
ISIC_0065181,BCN_0001426,BCN_0001426,40-59,bcn20000,4,True,4,0.009566593,0.005783681,0.00757491,0.057255402,0.8690419,0.005950624,0.044826828,0.8843922,1,R0_kfold_f1_s44_v5ctl,best,25
ISIC_0065261,BCN_0004438,BCN_0004438,40-59,bcn20000,5,False,5,0.010136608,0.007267696,0.0066345343,0.06784877,0.008255529,0.851695,0.04816178,0.025659833,1,R0_kfold_f1_s44_v5ctl,best,25
ISIC_0065264,BCN_0000120,BCN_0000120,<40,bcn20000,5,False,1,0.020533778,0.63871706,0.011217458,0.13097228,0.004249634,0.096928306,0.097381525,0.6635005,1,R0_kfold_f1_s44_v5ctl,best,25
ISIC_0065305,BCN_0002694,BCN_0002694,40-59,bcn20000,4,True,4,0.053738758,0.18076782,0.008777765,0.1041323,0.5623124,0.007537477,0.082733445,0.796819,1,R0_kfold_f1_s44_v5ctl,best,25
ISIC_0065314,BCN_0004239,BCN_0004239,60+,bcn20000,1,True,1,0.008577742,0.8827034,0.005761762,0.051929556,0.0051487777,0.005104154,0.040774584,0.89642996,1,R0_kfold_f1_s44_v5ctl,best,25
ISIC_0065321,BCN_0005599,BCN_0005599,40-59,bcn20000,2,False,2,0.01372075,0.012671346,0.7459978,0.11146603,0.011726214,0.0517594,0.052658454,0.03811831,1,R0_kfold_f1_s44_v5ctl,best,25
ISIC_0065328,BCN_0000381,BCN_0000381,40-59,bcn20000,1,True,1,0.009395934,0.87566125,0.005733891,0.05711127,0.0053728786,0.004798953,0.041925777,0.8904301,1,R0_kfold_f1_s44_v5ctl,best,25
ISIC_0065359,BCN_0005079,BCN_0005079,40-59,bcn20000,2,False,2,0.009430483,0.0066886162,0.9012225,0.043926664,0.005296581,0.0038617747,0.02957341,0.02141568,1,R0_kfold_f1_s44_v5ctl,best,25
ISIC_0065427,BCN_0004305,BCN_0004305,60+,bcn20000,4,True,4,0.01125563,0.0064136772,0.0073741744,0.06331184,0.86099863,0.0056660664,0.044980075,0.87866795,1,R0_kfold_f1_s44_v5ctl,best,25
ISIC_0065463,BCN_0005263,BCN_0005263,60+,bcn20000,4,True,4,0.009381558,0.007734938,0.008850381,0.061582115,0.86098474,0.0056026783,0.0458636,0.8781012,1,R0_kfold_f1_s44_v5ctl,best,25
ISIC_0065472,BCN_0003700,BCN_0003700,60+,bcn20000,0,True,1,0.058185995,0.7834549,0.0059673246,0.08078591,0.0052235844,0.0033892472,0.06299312,0.84686446,1,R0_kfold_f1_s44_v5ctl,best,25
ISIC_0065476,BCN_0003790,BCN_0003790,60+,bcn20000,0,True,0,0.9445403,0.0050939717,0.003890305,0.02455016,0.0027637254,0.0014940387,0.017667452,0.95239806,1,R0_kfold_f1_s44_v5ctl,best,25
ISIC_0065498,BCN_0002610,BCN_0002610,60+,bcn20000,2,False,1,0.007651031,0.84984833,0.00871615,0.055041,0.0031967813,0.0073560406,0.06819071,0.86069614,1,R0_kfold_f1_s44_v5ctl,best,25
ISIC_0065501,BCN_0002229,BCN_0002229,60+,bcn20000,5,False,4,0.011277815,0.012994869,0.0062935157,0.09741273,0.7504139,0.053325076,0.06828207,0.7746866,1,R0_kfold_f1_s44_v5ctl,best,25
ISIC_0065510,BCN_0002599,BCN_0002599,<40,bcn20000,5,False,5,0.010227462,0.007823351,0.0090164635,0.06368063,0.007646953,0.85370314,0.047902096,0.025697766,1,R0_kfold_f1_s44_v5ctl,best,25
ISIC_0065514,BCN_0002557,BCN_0002557,60+,bcn20000,2,False,0,0.68715775,0.0052924557,0.1035549,0.10911583,0.012814076,0.0018477163,0.080217294,0.70526433,1,R0_kfold_f1_s44_v5ctl,best,25
ISIC_0065521,BCN_0004568,BCN_0004568,60+,bcn20000,4,True,0,0.9153985,0.0063749887,0.0039036123,0.039464287,0.0036935934,0.0019452205,0.029219782,0.9254671,1,R0_kfold_f1_s44_v5ctl,best,25
ISIC_0065525,BCN_0003311,BCN_0003311,60+,bcn20000,4,True,4,0.009151739,0.009885924,0.018926559,0.066921234,0.8430749,0.0051776115,0.04686199,0.8621126,1,R0_kfold_f1_s44_v5ctl,best,25
ISIC_0065537,BCN_0004217,BCN_0004217,40-59,bcn20000,4,True,5,0.032229286,0.015213865,0.010797193,0.1649114,0.18217199,0.5023128,0.0923635,0.22961514,1,R0_kfold_f1_s44_v5ctl,best,25
ISIC_0065549,BCN_0005690,BCN_0005690,60+,bcn20000,1,True,1,0.007877593,0.87593824,0.007366048,0.057518587,0.005312329,0.0046111094,0.041376173,0.88912815,1,R0_kfold_f1_s44_v5ctl,best,25
ISIC_0065556,BCN_0001561,BCN_0001561,60+,bcn20000,1,True,1,0.010422577,0.8751294,0.006922757,0.054959167,0.006146227,0.0047041937,0.04171568,0.89169824,1,R0_kfold_f1_s44_v5ctl,best,25
ISIC_0065565,BCN_0004372,BCN_0004372,60+,bcn20000,1,True,1,0.009704747,0.8768144,0.0058338284,0.05450146,0.006422903,0.0043328614,0.042389773,0.8929421,1,R0_kfold_f1_s44_v5ctl,best,25
ISIC_0065569,BCN_0003126,BCN_0003126,40-59,bcn20000,2,False,2,0.008927435,0.0060593816,0.8666955,0.061968617,0.0067602964,0.0036606316,0.04592816,0.021747112,1,R0_kfold_f1_s44_v5ctl,best,25
ISIC_0065570,BCN_0000268,BCN_0000268,40-59,bcn20000,1,True,1,0.037771005,0.82093245,0.0054603755,0.06546352,0.005602722,0.0012021313,0.063567735,0.86430615,1,R0_kfold_f1_s44_v5ctl,best,25
ISIC_0065577,BCN_0001964,BCN_0001964,<40,bcn20000,4,True,5,0.011748775,0.0054668984,0.003219256,0.07339905,0.015594579,0.84345603,0.047115363,0.032810252,1,R0_kfold_f1_s44_v5ctl,best,25
ISIC_0065579,BCN_0000493,BCN_0000493,60+,bcn20000,1,True,1,0.0074660005,0.8976703,0.0046491865,0.048862495,0.004069106,0.003314435,0.03396853,0.90920544,1,R0_kfold_f1_s44_v5ctl,best,25
ISIC_0065584,BCN_0003914,BCN_0003914,60+,bcn20000,0,True,1,0.39982292,0.41473794,0.005119828,0.1060323,0.0021614637,0.008158037,0.06396754,0.81672233,1,R0_kfold_f1_s44_v5ctl,best,25
ISIC_0065613,BCN_0004287,BCN_0004287,40-59,bcn20000,5,False,5,0.012284527,0.008824895,0.0067221858,0.07389482,0.0058452114,0.8387793,0.053649023,0.026954632,1,R0_kfold_f1_s44_v5ctl,best,25
ISIC_0065622,BCN_0003629,BCN_0003629,60+,bcn20000,4,True,4,0.007952044,0.005837692,0.005894097,0.05612608,0.88086355,0.0042981743,0.039028324,0.89465326,1,R0_kfold_f1_s44_v5ctl,best,25
ISIC_0065666,BCN_0004008,BCN_0004008,40-59,bcn20000,1,True,1,0.012429691,0.8627636,0.0063427,0.056606382,0.0057857665,0.008818347,0.047253557,0.88097906,1,R0_kfold_f1_s44_v5ctl,best,25
ISIC_0065668,BCN_0004288,BCN_0004288,60+,bcn20000,4,True,1,0.008383294,0.52707744,0.009440164,0.1297959,0.23258041,0.013187301,0.079535544,0.76804113,1,R0_kfold_f1_s44_v5ctl,best,25
ISIC_0065677,BCN_0001036,BCN_0001036,60+,bcn20000,5,False,5,0.015490224,0.010782701,0.035340752,0.14709829,0.2944974,0.4005524,0.09623822,0.32077032,1,R0_kfold_f1_s44_v5ctl,best,25
ISIC_0065684,BCN_0000032,BCN_0000032,60+,bcn20000,1,True,1,0.009469435,0.8617013,0.009407874,0.06414381,0.007146569,0.0050543714,0.04307664,0.87831736,1,R0_kfold_f1_s44_v5ctl,best,25
ISIC_0065699,BCN_0001337,BCN_0001337,60+,bcn20000,1,True,1,0.016884174,0.86219543,0.0046913307,0.062272575,0.00581725,0.0050859074,0.04305334,0.8848968,1,R0_kfold_f1_s44_v5ctl,best,25
ISIC_0065735,BCN_0001687,BCN_0001687,60+,bcn20000,4,True,4,0.0071596666,0.009318577,0.028562663,0.07217348,0.82838196,0.0029345897,0.051469136,0.8448602,1,R0_kfold_f1_s44_v5ctl,best,25
ISIC_0065739,BCN_0003871,BCN_0003871,40-59,bcn20000,1,True,1,0.01477422,0.85732394,0.009306233,0.062223807,0.006623451,0.005245451,0.04450286,0.8787216,1,R0_kfold_f1_s44_v5ctl,best,25
ISIC_0065766,BCN_0004305,BCN_0004305,60+,bcn20000,4,True,4,0.009611989,0.006079818,0.00710512,0.06313569,0.8668096,0.0047986596,0.042459074,0.8825014,1,R0_kfold_f1_s44_v5ctl,best,25
ISIC_0065779,BCN_0002747,BCN_0002747,<40,bcn20000,5,False,3,0.0022907427,0.00054431945,0.0017767855,0.83439195,0.0010382171,0.13342656,0.026531382,0.0038732793,1,R0_kfold_f1_s44_v5ctl,best,25
ISIC_0065819,BCN_0003983,BCN_0003983,<40,bcn20000,5,False,5,0.022261415,0.0125939,0.0275691,0.113132454,0.028460646,0.709374,0.0866085,0.06331596,1,R0_kfold_f1_s44_v5ctl,best,25
ISIC_0065836,BCN_0000757,BCN_0000757,<40,bcn20000,5,False,4,0.015474479,0.0094503425,0.011985991,0.106622495,0.55123913,0.2184962,0.08673135,0.57616395,1,R0_kfold_f1_s44_v5ctl,best,25
ISIC_0065852,BCN_0001737,BCN_0001737,<40,bcn20000,5,False,5,0.019541718,0.014878235,0.012244668,0.096817434,0.051373124,0.73193204,0.07321278,0.08579308,1,R0_kfold_f1_s44_v5ctl,best,25
ISIC_0065879,BCN_0003431,BCN_0003431,60+,bcn20000,1,True,1,0.008206119,0.8511383,0.0044217217,0.05544022,0.033718627,0.0035786363,0.0434964,0.89306307,1,R0_kfold_f1_s44_v5ctl,best,25
ISIC_0065880,BCN_0004300,BCN_0004300,60+,bcn20000,0,True,4,0.009815866,0.012027557,0.18568666,0.19284534,0.42401063,0.026004322,0.1496095,0.44585407,1,R0_kfold_f1_s44_v5ctl,best,25
ISIC_0065888,BCN_0002916,BCN_0002916,60+,bcn20000,0,True,0,0.9129605,0.00515565,0.0021789754,0.053523008,0.00129912,0.0012638542,0.02361891,0.9194153,1,R0_kfold_f1_s44_v5ctl,best,25
ISIC_0065922,BCN_0001169,BCN_0001169,60+,bcn20000,1,True,1,0.20256186,0.41881385,0.012620919,0.17604081,0.07152868,0.0014639376,0.116969936,0.69290435,1,R0_kfold_f1_s44_v5ctl,best,25
ISIC_0065938,BCN_0001619,BCN_0001619,40-59,bcn20000,0,True,0,0.4547239,0.009230992,0.27011225,0.19989473,0.014650696,0.0007035215,0.050683953,0.4786056,1,R0_kfold_f1_s44_v5ctl,best,25
ISIC_0065970,BCN_0004552,BCN_0004552,40-59,bcn20000,5,False,5,0.0070532816,0.0052889274,0.057099823,0.07899905,0.009332325,0.7581127,0.08411389,0.021674534,1,R0_kfold_f1_s44_v5ctl,best,25
ISIC_0065992,BCN_0000079,BCN_0000079,60+,bcn20000,0,True,0,0.7184887,0.11645797,0.005416617,0.086227484,0.0050556813,0.002533726,0.06581977,0.8400023,1,R0_kfold_f1_s44_v5ctl,best,25
ISIC_0066014,BCN_0003979,BCN_0003979,60+,bcn20000,1,True,1,0.011163324,0.87606937,0.0065419804,0.056092426,0.004872249,0.0053788493,0.039881773,0.8921049,1,R0_kfold_f1_s44_v5ctl,best,25
ISIC_0066061,BCN_0003629,BCN_0003629,60+,bcn20000,4,True,4,0.010778155,0.0064915037,0.0058478834,0.061401084,0.86523926,0.0041058804,0.046136178,0.88250893,1,R0_kfold_f1_s44_v5ctl,best,25
ISIC_0066063,BCN_0002979,BCN_0002979,40-59,bcn20000,5,False,5,0.011462655,0.0075103696,0.006690138,0.070393,0.009186935,0.84362644,0.051130403,0.02815996,1,R0_kfold_f1_s44_v5ctl,best,25
ISIC_0066066,BCN_0002199,BCN_0002199,60+,bcn20000,4,True,4,0.011627869,0.007264463,0.007781328,0.060246456,0.86388373,0.0060072187,0.043188993,0.8827761,1,R0_kfold_f1_s44_v5ctl,best,25
ISIC_0066111,BCN_0002599,BCN_0002599,<40,bcn20000,5,False,5,0.018210484,0.010062174,0.008797811,0.09204837,0.043945935,0.75946826,0.06746708,0.0722186,1,R0_kfold_f1_s44_v5ctl,best,25
ISIC_0066113,BCN_0002747,BCN_0002747,<40,bcn20000,5,False,5,0.010752121,0.0074223145,0.006436159,0.07254273,0.007408885,0.843605,0.05183274,0.025583321,1,R0_kfold_f1_s44_v5ctl,best,25
ISIC_0066127,BCN_0001724,BCN_0001724,60+,bcn20000,4,True,4,0.009613733,0.007236418,0.006889797,0.062548086,0.8628455,0.005350692,0.045515854,0.87969565,1,R0_kfold_f1_s44_v5ctl,best,25
ISIC_0066129,BCN_0002676,BCN_0002676,60+,bcn20000,2,False,1,0.008768517,0.852632,0.008476022,0.06490459,0.0037456406,0.01581811,0.04565517,0.8651461,1,R0_kfold_f1_s44_v5ctl,best,25
ISIC_0066157,BCN_0000665,BCN_0000665,60+,bcn20000,1,True,1,0.0090608895,0.8713818,0.006950257,0.059318807,0.005592352,0.0049211616,0.04277464,0.8860351,1,R0_kfold_f1_s44_v5ctl,best,25
ISIC_0066178,BCN_0002588,BCN_0002588,40-59,bcn20000,2,False,2,0.0110847615,0.022621173,0.80684745,0.084388055,0.0013142675,0.018131176,0.055613145,0.035020202,1,R0_kfold_f1_s44_v5ctl,best,25
ISIC_0066202,BCN_0001220,BCN_0001220,60+,bcn20000,1,True,1,0.009661614,0.8813383,0.0074408255,0.05299592,0.004845648,0.005087677,0.038629957,0.89584553,1,R0_kfold_f1_s44_v5ctl,best,25
ISIC_0066233,BCN_0005428,BCN_0005428,60+,bcn20000,1,True,1,0.011940314,0.88753283,0.0058954726,0.04780569,0.0053993235,0.0036506464,0.03777579,0.9048725,1,R0_kfold_f1_s44_v5ctl,best,25
ISIC_0066254,BCN_0001273,BCN_0001273,40-59,bcn20000,5,False,5,0.014678708,0.0127599565,0.00569319,0.072451234,0.0081359465,0.8360335,0.05024747,0.03557461,1,R0_kfold_f1_s44_v5ctl,best,25
ISIC_0066255,BCN_0002007,BCN_0002007,<40,bcn20000,5,False,5,0.011108108,0.007849169,0.0074377605,0.07370423,0.006521907,0.84064776,0.052731033,0.025479183,1,R0_kfold_f1_s44_v5ctl,best,25
ISIC_0066279,BCN_0004438,BCN_0004438,40-59,bcn20000,5,False,4,0.012593994,0.009263706,0.01427651,0.13614102,0.50428385,0.22236612,0.10107482,0.5261415,1,R0_kfold_f1_s44_v5ctl,best,25
ISIC_0066322,BCN_0003163,BCN_0003163,60+,bcn20000,1,True,1,0.05832277,0.8193708,0.0027756332,0.064294845,0.001664983,0.009468976,0.04410196,0.8793586,1,R0_kfold_f1_s44_v5ctl,best,25
ISIC_0066326,BCN_0003820,BCN_0003820,60+,bcn20000,5,False,5,0.012477964,0.008278912,0.0077463426,0.07004486,0.00491849,0.84456986,0.051963583,0.025675366,1,R0_kfold_f1_s44_v5ctl,best,25
ISIC_0066331,BCN_0005104,BCN_0005104,60+,bcn20000,1,True,1,0.010140063,0.8675783,0.0069355974,0.059252493,0.006620086,0.0051499614,0.04432339,0.8843385,1,R0_kfold_f1_s44_v5ctl,best,25
ISIC_0066367,BCN_0001516,BCN_0001516,60+,bcn20000,4,True,4,0.00919327,0.007353841,0.0053715357,0.0629094,0.865079,0.0051033595,0.04498971,0.88162607,1,R0_kfold_f1_s44_v5ctl,best,25
ISIC_0066371,BCN_0002979,BCN_0002979,40-59,bcn20000,5,False,5,0.011223949,0.010095477,0.012410296,0.07759489,0.08487298,0.7500715,0.0537309,0.10619241,1,R0_kfold_f1_s44_v5ctl,best,25
ISIC_0066374,BCN_0000740,BCN_0000740,40-59,bcn20000,0,True,0,0.91989225,0.003907659,0.007557235,0.039546173,0.0012101942,0.0020763401,0.025810141,0.92501014,1,R0_kfold_f1_s44_v5ctl,best,25
ISIC_0066376,BCN_0001204,BCN_0001204,60+,bcn20000,4,True,5,0.022089424,0.01184188,0.0066939816,0.13188326,0.12481873,0.59976083,0.10291186,0.15875003,1,R0_kfold_f1_s44_v5ctl,best,25
ISIC_0066389,BCN_0001053,BCN_0001053,40-59,bcn20000,2,False,0,0.32703948,0.04373857,0.03365222,0.1751961,0.009624888,0.25976714,0.15098153,0.38040295,1,R0_kfold_f1_s44_v5ctl,best,25
ISIC_0066430,BCN_0001087,BCN_0001087,60+,bcn20000,4,True,4,0.010224075,0.0098992605,0.011658579,0.10998844,0.57877916,0.17428294,0.10516753,0.5989025,1,R0_kfold_f1_s44_v5ctl,best,25
ISIC_0066431,BCN_0005104,BCN_0005104,60+,bcn20000,1,True,0,0.84673417,0.04881961,0.0015281012,0.060765024,0.004937685,0.0015169688,0.035698418,0.9004915,1,R0_kfold_f1_s44_v5ctl,best,25
ISIC_0066436,BCN_0003565,BCN_0003565,40-59,bcn20000,1,True,5,0.021570003,0.06562635,0.009907795,0.11108717,0.004660267,0.7117779,0.075370505,0.09185662,1,R0_kfold_f1_s44_v5ctl,best,25
ISIC_0066439,BCN_0004250,BCN_0004250,<40,bcn20000,5,False,5,0.017836457,0.008884532,0.011536415,0.06911795,0.009433593,0.824088,0.059103083,0.036154583,1,R0_kfold_f1_s44_v5ctl,best,25
ISIC_0066441,BCN_0001378,BCN_0001378,60+,bcn20000,1,True,1,0.011220839,0.82981217,0.0041015344,0.075149424,0.020225193,0.0053877747,0.05410307,0.86125815,1,R0_kfold_f1_s44_v5ctl,best,25
ISIC_0066442,BCN_0005104,BCN_0005104,60+,bcn20000,1,True,1,0.008186584,0.89057505,0.005159766,0.05023034,0.004530829,0.003820735,0.037496734,0.9032925,1,R0_kfold_f1_s44_v5ctl,best,25
ISIC_0066446,BCN_0000811,BCN_0000811,<40,bcn20000,6,False,4,0.01290763,0.21986523,0.011147245,0.14466307,0.5258025,0.0044202628,0.08119412,0.7585753,1,R0_kfold_f1_s44_v5ctl,best,25
ISIC_0066469,BCN_0000301,BCN_0000301,40-59,bcn20000,1,True,1,0.008381029,0.8846945,0.006490535,0.052617226,0.0048587136,0.0036628866,0.039295077,0.89793426,1,R0_kfold_f1_s44_v5ctl,best,25
ISIC_0066476,BCN_0003849,BCN_0003849,60+,bcn20000,4,True,4,0.008131058,0.005461603,0.012203031,0.05958978,0.851764,0.009557877,0.053292703,0.8653567,1,R0_kfold_f1_s44_v5ctl,best,25
ISIC_0066489,BCN_0001012,BCN_0001012,40-59,bcn20000,1,True,1,0.022879409,0.86553586,0.00518087,0.056448407,0.005394728,0.004195119,0.04036567,0.89381003,1,R0_kfold_f1_s44_v5ctl,best,25
ISIC_0066511,BCN_0004239,BCN_0004239,60+,bcn20000,1,True,1,0.020325065,0.8793803,0.005407587,0.04536352,0.0047951075,0.0033546302,0.04137376,0.9045005,1,R0_kfold_f1_s44_v5ctl,best,25
ISIC_0066570,BCN_0001220,BCN_0001220,60+,bcn20000,1,True,1,0.011800106,0.76969403,0.0067974115,0.14466658,0.0045891237,0.0048100506,0.057642743,0.7860833,1,R0_kfold_f1_s44_v5ctl,best,25
ISIC_0066586,BCN_0000079,BCN_0000079,60+,bcn20000,0,True,0,0.59041405,0.0344472,0.1505055,0.07974465,0.083474435,0.0006993269,0.060714845,0.7083357,1,R0_kfold_f1_s44_v5ctl,best,25
ISIC_0066588,BCN_0002312,BCN_0002312,60+,bcn20000,4,True,4,0.009503025,0.0068727597,0.0067975763,0.061543066,0.867142,0.0038203818,0.044321086,0.8835178,1,R0_kfold_f1_s44_v5ctl,best,25
ISIC_0066589,BCN_0002199,BCN_0002199,60+,bcn20000,4,True,4,0.01142518,0.0066433055,0.0069792527,0.06331382,0.8619472,0.0055983732,0.044092905,0.8800157,1,R0_kfold_f1_s44_v5ctl,best,25
ISIC_0066592,BCN_0004938,BCN_0004938,40-59,bcn20000,1,True,1,0.009476837,0.86334634,0.009221005,0.061846413,0.005986984,0.0042366874,0.045885757,0.87881017,1,R0_kfold_f1_s44_v5ctl,best,25
ISIC_0066597,BCN_0003234,BCN_0003234,40-59,bcn20000,5,False,5,0.011503995,0.0073462776,0.008145636,0.07032435,0.005342118,0.84814227,0.049195316,0.024192391,1,R0_kfold_f1_s44_v5ctl,best,25
ISIC_0066637,BCN_0005422,BCN_0005422,40-59,bcn20000,4,True,5,0.011668962,0.007828491,0.0090699,0.07483257,0.0075992206,0.8373972,0.051603645,0.027096674,1,R0_kfold_f1_s44_v5ctl,best,25
ISIC_0066663,BCN_0001770,BCN_0001770,60+,bcn20000,5,False,4,0.015282265,0.009905085,0.0073393467,0.06793008,0.8486663,0.004843682,0.04603318,0.8738537,1,R0_kfold_f1_s44_v5ctl,best,25
ISIC_0066674,BCN_0004975,BCN_0004975,60+,bcn20000,5,False,1,0.007634883,0.8575244,0.00721284,0.064376764,0.008214251,0.0067307404,0.048306204,0.8733735,1,R0_kfold_f1_s44_v5ctl,best,25
ISIC_0066679,BCN_0004127,BCN_0004127,60+,bcn20000,2,False,2,0.00912855,0.07702991,0.72794175,0.104192965,0.004863972,0.008662278,0.068180606,0.09102243,1,R0_kfold_f1_s44_v5ctl,best,25
ISIC_0066689,BCN_0000134,BCN_0000134,40-59,bcn20000,1,True,1,0.010399728,0.8554918,0.008953442,0.06613599,0.006673578,0.0052433666,0.04710211,0.8725651,1,R0_kfold_f1_s44_v5ctl,best,25
ISIC_0066690,BCN_0005607,BCN_0005607,60+,bcn20000,4,True,4,0.008533885,0.2549186,0.0062924884,0.16130246,0.45897123,0.011958981,0.09802228,0.72242373,1,R0_kfold_f1_s44_v5ctl,best,25
ISIC_0066694,BCN_0003983,BCN_0003983,<40,bcn20000,5,False,5,0.01283302,0.009566094,0.00818777,0.07022678,0.009753146,0.8352055,0.054227628,0.032152258,1,R0_kfold_f1_s44_v5ctl,best,25
ISIC_0066699,BCN_0003585,BCN_0003585,60+,bcn20000,0,True,4,0.015278284,0.00808092,0.0043095713,0.054678846,0.85824215,0.006067914,0.05334229,0.88160133,1,R0_kfold_f1_s44_v5ctl,best,25
ISIC_0066709,BCN_0005039,BCN_0005039,60+,bcn20000,5,False,5,0.012277279,0.007753077,0.0097165,0.071874425,0.0056735217,0.8402605,0.052444663,0.02570388,1,R0_kfold_f1_s44_v5ctl,best,25
ISIC_0066745,BCN_0000315,BCN_0000315,60+,bcn20000,1,True,1,0.016435685,0.8725504,0.006518173,0.05699489,0.0035095569,0.0031778326,0.040813442,0.8924957,1,R0_kfold_f1_s44_v5ctl,best,25
ISIC_0066747,BCN_0000665,BCN_0000665,60+,bcn20000,1,True,1,0.00799185,0.87620384,0.00609447,0.05664136,0.0060998434,0.004406508,0.04256215,0.8902955,1,R0_kfold_f1_s44_v5ctl,best,25
ISIC_0066749,BCN_0001516,BCN_0001516,60+,bcn20000,4,True,4,0.011262799,0.0068578683,0.0074203406,0.0625045,0.8627022,0.0046932534,0.044559136,0.88082284,1,R0_kfold_f1_s44_v5ctl,best,25
ISIC_0066772,BCN_0004408,BCN_0004408,60+,bcn20000,5,False,5,0.01097559,0.007958463,0.007638478,0.06818043,0.0076517146,0.84103996,0.056555368,0.026585767,1,R0_kfold_f1_s44_v5ctl,best,25
ISIC_0066782,BCN_0003467,BCN_0003467,60+,bcn20000,1,True,1,0.008108451,0.8208536,0.009031405,0.09440227,0.005946609,0.0063969027,0.055260766,0.83490866,1,R0_kfold_f1_s44_v5ctl,best,25
ISIC_0066784,BCN_0004122,BCN_0004122,60+,bcn20000,5,False,4,0.013374014,0.0049789106,0.030901738,0.08001335,0.80255723,0.011498019,0.056676723,0.82091016,1,R0_kfold_f1_s44_v5ctl,best,25
ISIC_0066795,BCN_0003080,BCN_0003080,<40,bcn20000,5,False,2,0.036990043,0.0063370406,0.27347624,0.18582912,0.21773572,0.09102983,0.18860197,0.2610628,1,R0_kfold_f1_s44_v5ctl,best,25
ISIC_0066797,BCN_0001765,BCN_0001765,40-59,bcn20000,5,False,2,0.007302081,0.053542394,0.42245936,0.15610576,0.26567447,0.026131473,0.0687844,0.32651895,1,R0_kfold_f1_s44_v5ctl,best,25
ISIC_0066818,BCN_0001273,BCN_0001273,40-59,bcn20000,5,False,5,0.013239712,0.011216035,0.004381329,0.08241983,0.011721321,0.8234366,0.053585146,0.03617707,1,R0_kfold_f1_s44_v5ctl,best,25
ISIC_0066878,BCN_0001426,BCN_0001426,40-59,bcn20000,4,True,5,0.01626146,0.020923764,0.010644103,0.12913248,0.032463547,0.7082929,0.08228174,0.06964877,1,R0_kfold_f1_s44_v5ctl,best,25
ISIC_0066885,BCN_0005140,BCN_0005140,60+,bcn20000,0,True,0,0.7982553,0.038028255,0.0020547926,0.120002046,0.0015302022,0.0017802872,0.038349155,0.8378138,1,R0_kfold_f1_s44_v5ctl,best,25
ISIC_0066919,BCN_0004122,BCN_0004122,60+,bcn20000,5,False,4,0.012653204,0.0046768617,0.04542876,0.089515105,0.78129554,0.00577742,0.060653154,0.7986256,1,R0_kfold_f1_s44_v5ctl,best,25
ISIC_0066946,BCN_0001363,BCN_0001363,40-59,bcn20000,2,False,0,0.92949027,0.0038383,0.004534903,0.030731967,0.0030831208,0.00348031,0.024841074,0.9364117,1,R0_kfold_f1_s44_v5ctl,best,25
ISIC_0066965,BCN_0005675,BCN_0005675,40-59,bcn20000,1,True,1,0.007950452,0.8796933,0.006473193,0.05612146,0.0048914724,0.0049387515,0.03993132,0.8925352,1,R0_kfold_f1_s44_v5ctl,best,25
ISIC_0067009,BCN_0003726,BCN_0003726,40-59,bcn20000,4,True,4,0.011883405,0.008367174,0.007148219,0.118305705,0.70867425,0.06846226,0.077159025,0.7289248,1,R0_kfold_f1_s44_v5ctl,best,25
ISIC_0067014,BCN_0003287,BCN_0003287,60+,bcn20000,2,False,4,0.06285612,0.009346439,0.006669407,0.09093969,0.77755105,0.005335688,0.0473016,0.8497536,1,R0_kfold_f1_s44_v5ctl,best,25
ISIC_0067015,BCN_0002918,BCN_0002918,60+,bcn20000,5,False,5,0.009985346,0.006864327,0.008267768,0.07024719,0.0061338083,0.84720373,0.05129786,0.022983482,1,R0_kfold_f1_s44_v5ctl,best,25
ISIC_0067029,BCN_0004440,BCN_0004440,40-59,bcn20000,6,False,5,0.014179105,0.15294614,0.0070908777,0.1346107,0.003208628,0.37704584,0.31091875,0.17033388,1,R0_kfold_f1_s44_v5ctl,best,25
ISIC_0067034,BCN_0001336,BCN_0001336,60+,bcn20000,2,False,2,0.012526873,0.012239747,0.8168076,0.07134358,0.0019674927,0.026428392,0.058686245,0.026734114,1,R0_kfold_f1_s44_v5ctl,best,25
ISIC_0067036,BCN_0000706,BCN_0000706,60+,bcn20000,5,False,5,0.011534364,0.008884559,0.009329226,0.07264614,0.0062981825,0.8388153,0.05249227,0.026717106,1,R0_kfold_f1_s44_v5ctl,best,25
ISIC_0067037,BCN_0005502,BCN_0005502,40-59,bcn20000,5,False,4,0.009100822,0.006156726,0.005230535,0.08026242,0.79971683,0.037674095,0.061858542,0.81497437,1,R0_kfold_f1_s44_v5ctl,best,25
ISIC_0067044,BCN_0001439,BCN_0001439,60+,bcn20000,0,True,0,0.90430355,0.0027164274,0.004858016,0.049747437,0.0044139004,0.0039711734,0.029989539,0.9114339,1,R0_kfold_f1_s44_v5ctl,best,25
ISIC_0067048,BCN_0004166,BCN_0004166,<40,bcn20000,5,False,5,0.011608605,0.0074872454,0.0072037624,0.07275394,0.0054559307,0.8442687,0.05122185,0.024551783,1,R0_kfold_f1_s44_v5ctl,best,25
ISIC_0067051,BCN_0005428,BCN_0005428,60+,bcn20000,1,True,1,0.01142988,0.8726477,0.008785531,0.055450294,0.005387574,0.004608158,0.041690912,0.88946515,1,R0_kfold_f1_s44_v5ctl,best,25
ISIC_0067071,BCN_0000120,BCN_0000120,<40,bcn20000,5,False,5,0.012602371,0.037826635,0.0105131,0.08913836,0.0029474173,0.78384644,0.06312573,0.05337642,1,R0_kfold_f1_s44_v5ctl,best,25
ISIC_0067074,BCN_0002979,BCN_0002979,40-59,bcn20000,5,False,5,0.011324483,0.007706912,0.007936396,0.06861661,0.008028496,0.846844,0.049543012,0.02705989,1,R0_kfold_f1_s44_v5ctl,best,25
ISIC_0067079,BCN_0000120,BCN_0001123,40-59,bcn20000,1,True,1,0.009121549,0.84492475,0.0075259716,0.08373769,0.0049783974,0.0055387844,0.04417288,0.8590247,1,R0_kfold_f1_s44_v5ctl,best,25
ISIC_0067086,BCN_0003604,BCN_0003604,40-59,bcn20000,5,False,5,0.017300906,0.008069641,0.011808979,0.07906238,0.006094257,0.81983817,0.057825573,0.031464804,1,R0_kfold_f1_s44_v5ctl,best,25
ISIC_0067109,BCN_0002312,BCN_0002312,60+,bcn20000,4,True,4,0.009064583,0.0060390886,0.0057559973,0.05920899,0.87164646,0.004210627,0.044074267,0.88675016,1,R0_kfold_f1_s44_v5ctl,best,25
ISIC_0067127,BCN_0004305,BCN_0004305,60+,bcn20000,4,True,4,0.013000102,0.006744559,0.008446884,0.07224581,0.8500576,0.00464337,0.044861693,0.86980224,1,R0_kfold_f1_s44_v5ctl,best,25
ISIC_0067159,BCN_0002384,BCN_0002384,40-59,bcn20000,4,True,4,0.010386473,0.00944877,0.010071663,0.104328044,0.7517485,0.039371125,0.07464534,0.77158374,1,R0_kfold_f1_s44_v5ctl,best,25
ISIC_0067165,BCN_0002599,BCN_0002599,<40,bcn20000,5,False,5,0.013613956,0.009754546,0.0106378775,0.09835797,0.048732866,0.7473584,0.07154444,0.07210137,1,R0_kfold_f1_s44_v5ctl,best,25
ISIC_0067170,BCN_0004305,BCN_0004305,60+,bcn20000,4,True,4,0.009806957,0.0070012202,0.0067377063,0.060740933,0.8681248,0.004342276,0.043246128,0.88493294,1,R0_kfold_f1_s44_v5ctl,best,25
ISIC_0067179,BCN_0002326,BCN_0002326,<40,bcn20000,5,False,1,0.06969154,0.8382566,0.006432943,0.04033584,0.0019532389,0.009408746,0.03392117,0.9099014,1,R0_kfold_f1_s44_v5ctl,best,25
ISIC_0067233,BCN_0002199,BCN_0002199,60+,bcn20000,4,True,4,0.012012667,0.0075896434,0.007723524,0.07076647,0.84624314,0.0046606557,0.051003754,0.86584544,1,R0_kfold_f1_s44_v5ctl,best,25
ISIC_0067282,BCN_0000644,BCN_0000644,40-59,bcn20000,5,False,5,0.013209395,0.008693215,0.009031034,0.077175885,0.011497703,0.8225263,0.05786653,0.033400312,1,R0_kfold_f1_s44_v5ctl,best,25
ISIC_0067283,BCN_0002588,BCN_0002588,40-59,bcn20000,2,False,2,0.023536686,0.15718314,0.5372776,0.1801758,0.0023726004,0.019563692,0.07989054,0.18309243,1,R0_kfold_f1_s44_v5ctl,best,25
ISIC_0067286,BCN_0005023,BCN_0005023,60+,bcn20000,1,True,1,0.00832671,0.8790311,0.006118925,0.05673074,0.0045662303,0.004329198,0.04089705,0.8919241,1,R0_kfold_f1_s44_v5ctl,best,25
ISIC_0067306,BCN_0004469,BCN_0004469,40-59,bcn20000,5,False,5,0.012266725,0.008410872,0.006630876,0.072809294,0.0072517386,0.83807194,0.05455862,0.027929336,1,R0_kfold_f1_s44_v5ctl,best,25
ISIC_0067307,BCN_0002789,BCN_0002789,60+,bcn20000,4,True,4,0.012342283,0.007030742,0.007323459,0.05987742,0.864782,0.0037574517,0.0448867,0.884155,1,R0_kfold_f1_s44_v5ctl,best,25
ISIC_0067323,BCN_0000545,BCN_0000545,<40,bcn20000,5,False,4,0.30412135,0.0071106646,0.00571688,0.12678468,0.40472114,0.00540721,0.14613813,0.7159531,1,R0_kfold_f1_s44_v5ctl,best,25
ISIC_0067340,BCN_0003820,BCN_0003820,60+,bcn20000,5,False,5,0.011588233,0.008325897,0.0056705633,0.068536304,0.0063158134,0.8457709,0.053792343,0.026229944,1,R0_kfold_f1_s44_v5ctl,best,25
ISIC_0067376,BCN_0001319,BCN_0001319,60+,bcn20000,1,True,1,0.010637693,0.8764509,0.0064885425,0.055672977,0.005076806,0.0044481223,0.04122499,0.8921654,1,R0_kfold_f1_s44_v5ctl,best,25
ISIC_0067420,BCN_0004158,BCN_0004158,<40,bcn20000,5,False,5,0.011487468,0.008627716,0.023124587,0.07611796,0.003452291,0.82069796,0.056491982,0.023567477,1,R0_kfold_f1_s44_v5ctl,best,25
ISIC_0067425,BCN_0000079,BCN_0000079,60+,bcn20000,0,True,2,0.0146096395,0.18517907,0.4258577,0.21780124,0.016763054,0.004237175,0.13555206,0.21655175,1,R0_kfold_f1_s44_v5ctl,best,25
ISIC_0067432,BCN_0005431,BCN_0005431,60+,bcn20000,0,True,1,0.008694433,0.8814418,0.006036266,0.055034555,0.005844062,0.003659795,0.039289203,0.89598024,1,R0_kfold_f1_s44_v5ctl,best,25
ISIC_0067439,BCN_0001571,BCN_0001571,40-59,bcn20000,1,True,1,0.009030818,0.87030774,0.0069461726,0.060838588,0.0051587704,0.0049504787,0.042767506,0.88449734,1,R0_kfold_f1_s44_v5ctl,best,25
ISIC_0067463,BCN_0001770,BCN_0001770,60+,bcn20000,5,False,5,0.01659952,0.012853604,0.010736096,0.12338998,0.03776012,0.723116,0.07554473,0.067213245,1,R0_kfold_f1_s44_v5ctl,best,25
ISIC_0067497,BCN_0001220,BCN_0001220,60+,bcn20000,1,True,1,0.020688504,0.8470016,0.0065393085,0.0652294,0.004943476,0.0052971332,0.050300572,0.8726336,1,R0_kfold_f1_s44_v5ctl,best,25
ISIC_0067508,BCN_0003979,BCN_0003979,60+,bcn20000,1,True,1,0.011642208,0.8748536,0.0069557796,0.05603658,0.005111363,0.0040738555,0.041326612,0.89160717,1,R0_kfold_f1_s44_v5ctl,best,25
ISIC_0067510,BCN_0003886,BCN_0003886,40-59,bcn20000,4,True,5,0.014117721,0.021342875,0.0077246595,0.081654035,0.026617475,0.789188,0.059355244,0.06207807,1,R0_kfold_f1_s44_v5ctl,best,25
ISIC_0067524,BCN_0003903,BCN_0003903,40-59,bcn20000,1,True,1,0.008103733,0.8804996,0.007100367,0.053300403,0.005253801,0.004490222,0.041251875,0.8938571,1,R0_kfold_f1_s44_v5ctl,best,25
ISIC_0067536,BCN_0004305,BCN_0004305,60+,bcn20000,4,True,4,0.008984109,0.006312572,0.005377055,0.055808946,0.88083845,0.0032161246,0.03946262,0.89613515,1,R0_kfold_f1_s44_v5ctl,best,25
ISIC_0067559,BCN_0005291,BCN_0005291,60+,bcn20000,2,False,0,0.69673085,0.0018789133,0.1963011,0.058416154,0.0047390093,0.0019249971,0.04000899,0.70334876,1,R0_kfold_f1_s44_v5ctl,best,25
ISIC_0067564,BCN_0001724,BCN_0001724,60+,bcn20000,4,True,4,0.014982446,0.010994129,0.010982482,0.13955225,0.61144674,0.115713485,0.09632849,0.63742334,1,R0_kfold_f1_s44_v5ctl,best,25
ISIC_0067580,BCN_0004461,BCN_0004461,60+,bcn20000,1,True,1,0.013126315,0.8584112,0.008199067,0.06300742,0.005245848,0.004912651,0.04709749,0.8767834,1,R0_kfold_f1_s44_v5ctl,best,25
ISIC_0067582,BCN_0004982,BCN_0004982,<40,bcn20000,2,False,5,0.011775339,0.007373135,0.0074503985,0.068585776,0.006709859,0.84725094,0.0508545,0.025858333,1,R0_kfold_f1_s44_v5ctl,best,25
ISIC_0067611,BCN_0005079,BCN_0005079,40-59,bcn20000,2,False,2,0.0059989556,0.004907312,0.90745646,0.04367355,0.0062954375,0.0035136493,0.028154762,0.017201705,1,R0_kfold_f1_s44_v5ctl,best,25
ISIC_0067612,BCN_0002599,BCN_0002599,<40,bcn20000,5,False,5,0.016157694,0.011489415,0.011435708,0.11577882,0.08085455,0.6800521,0.08423168,0.10850166,1,R0_kfold_f1_s44_v5ctl,best,25
ISIC_0067631,BCN_0002870,BCN_0002870,40-59,bcn20000,5,False,0,0.61034477,0.009718185,0.041103546,0.15729056,0.0072835563,0.09185601,0.08240339,0.6273465,1,R0_kfold_f1_s44_v5ctl,best,25
ISIC_0067653,BCN_0004592,BCN_0004592,60+,bcn20000,4,True,4,0.090890735,0.014017657,0.14158279,0.15842281,0.4311083,0.03542205,0.12855567,0.5360167,1,R0_kfold_f1_s44_v5ctl,best,25
ISIC_0067663,BCN_0002155,BCN_0002155,60+,bcn20000,0,True,0,0.8666531,0.037734732,0.0030660317,0.04926946,0.0032280404,0.0021188278,0.037929807,0.9076159,1,R0_kfold_f1_s44_v5ctl,best,25
ISIC_0067681,BCN_0003903,BCN_0003903,40-59,bcn20000,1,True,1,0.008051262,0.8804438,0.006659243,0.054804634,0.0051210257,0.0047449926,0.040175073,0.89361614,1,R0_kfold_f1_s44_v5ctl,best,25
ISIC_0067696,BCN_0004288,BCN_0004288,60+,bcn20000,4,True,4,0.04173017,0.11472867,0.029222928,0.1402923,0.5861404,0.017745182,0.070140325,0.74259925,1,R0_kfold_f1_s44_v5ctl,best,25
ISIC_0067697,BCN_0003726,BCN_0003726,40-59,bcn20000,4,True,5,0.011295187,0.0073888074,0.0063056983,0.07338517,0.009364597,0.8402172,0.05204333,0.02804859,1,R0_kfold_f1_s44_v5ctl,best,25
ISIC_0067709,BCN_0005117,BCN_0005117,60+,bcn20000,0,True,2,0.37021914,0.0058262544,0.45771176,0.09563949,0.0033284554,0.0032127202,0.06406223,0.37937385,1,R0_kfold_f1_s44_v5ctl,best,25
ISIC_0067775,BCN_0004888,BCN_0004888,<40,bcn20000,5,False,5,0.0113275405,0.0076580644,0.008121921,0.0731513,0.0068892776,0.8399906,0.052861243,0.025874883,1,R0_kfold_f1_s44_v5ctl,best,25
ISIC_0067790,BCN_0003442,BCN_0003442,<40,bcn20000,5,False,5,0.011847998,0.007104099,0.009253857,0.07361843,0.006087623,0.8374363,0.05465169,0.025039721,1,R0_kfold_f1_s44_v5ctl,best,25
ISIC_0067803,BCN_0003261,BCN_0003261,60+,bcn20000,0,True,1,0.01439485,0.86252266,0.008823635,0.060680676,0.0046286276,0.0055183335,0.043431267,0.8815461,1,R0_kfold_f1_s44_v5ctl,best,25
ISIC_0067805,BCN_0004592,BCN_0004592,60+,bcn20000,4,True,4,0.010620808,0.0061325887,0.00789025,0.06688408,0.8512795,0.0074809,0.04971186,0.8680329,1,R0_kfold_f1_s44_v5ctl,best,25
ISIC_0067809,BCN_0004469,BCN_0004469,40-59,bcn20000,5,False,5,0.01146967,0.007508307,0.006913637,0.07514709,0.0078392625,0.83841467,0.052707337,0.02681724,1,R0_kfold_f1_s44_v5ctl,best,25
ISIC_0067819,BCN_0001556,BCN_0001556,60+,bcn20000,1,True,1,0.02641064,0.8435779,0.0068599177,0.065854736,0.005043391,0.0037398234,0.048513524,0.87503195,1,R0_kfold_f1_s44_v5ctl,best,25
ISIC_0067830,BCN_0004592,BCN_0004592,60+,bcn20000,4,True,1,0.058772914,0.59414494,0.02697863,0.15964042,0.0526218,0.013595167,0.094246134,0.70553964,1,R0_kfold_f1_s44_v5ctl,best,25
ISIC_0067887,BCN_0004300,BCN_0004300,60+,bcn20000,0,True,3,0.0100359265,0.017817719,0.20343764,0.26348558,0.15430903,0.20581785,0.14509629,0.18216267,1,R0_kfold_f1_s44_v5ctl,best,25
ISIC_0067890,BCN_0002558,BCN_0002558,40-59,bcn20000,4,True,4,0.009834774,0.006946926,0.0067561767,0.06321726,0.86438984,0.0040733614,0.04478169,0.8811715,1,R0_kfold_f1_s44_v5ctl,best,25
ISIC_0067892,BCN_0000083,BCN_0000083,60+,bcn20000,1,True,0,0.56257844,0.29036736,0.0031297696,0.07630889,0.00368175,0.0027469757,0.0611868,0.8566276,1,R0_kfold_f1_s44_v5ctl,best,25
ISIC_0067913,BCN_0002192,BCN_0002192,<40,bcn20000,2,False,5,0.0113265095,0.00814722,0.0071333484,0.06471109,0.008651321,0.84984523,0.05018531,0.028125051,1,R0_kfold_f1_s44_v5ctl,best,25
ISIC_0067924,BCN_0004158,BCN_0004158,<40,bcn20000,5,False,5,0.014053654,0.019859852,0.028788036,0.08934607,0.003871441,0.76312745,0.08095357,0.03778495,1,R0_kfold_f1_s44_v5ctl,best,25
ISIC_0067927,BCN_0004288,BCN_0004288,60+,bcn20000,4,True,4,0.0056788595,0.020752521,0.0049337517,0.04331127,0.8887964,0.00559046,0.030936724,0.9152278,1,R0_kfold_f1_s44_v5ctl,best,25
ISIC_0067932,BCN_0000545,BCN_0000545,<40,bcn20000,5,False,4,0.008517237,0.0074495296,0.007099817,0.071594134,0.8516852,0.006201651,0.047452416,0.867652,1,R0_kfold_f1_s44_v5ctl,best,25
ISIC_0067934,BCN_0003849,BCN_0003849,60+,bcn20000,4,True,4,0.0076154605,0.005671665,0.021600364,0.0683731,0.83635175,0.006389026,0.053998668,0.8496389,1,R0_kfold_f1_s44_v5ctl,best,25
ISIC_0067944,BCN_0003700,BCN_0003700,60+,bcn20000,0,True,1,0.023865556,0.84164613,0.006390808,0.067320116,0.005597286,0.004290054,0.050889976,0.871109,1,R0_kfold_f1_s44_v5ctl,best,25
ISIC_0067961,BCN_0000002,BCN_0000002,40-59,bcn20000,5,False,5,0.0062211733,0.011162059,0.025621504,0.06822533,0.0040774425,0.84126776,0.043424785,0.021460675,1,R0_kfold_f1_s44_v5ctl,best,25
ISIC_0067966,BCN_0004079,BCN_0004079,40-59,bcn20000,5,False,5,0.014789259,0.022799674,0.013132025,0.11647512,0.008167977,0.74604774,0.078588136,0.04575691,1,R0_kfold_f1_s44_v5ctl,best,25
ISIC_0067988,BCN_0002400,BCN_0002400,40-59,bcn20000,1,True,1,0.012373598,0.8639372,0.0060093957,0.06369997,0.005637963,0.0048352308,0.043506708,0.88194877,1,R0_kfold_f1_s44_v5ctl,best,25
ISIC_0067999,BCN_0003903,BCN_0003903,40-59,bcn20000,1,True,1,0.008720138,0.87151843,0.007632304,0.05825709,0.005521793,0.0051537757,0.04319642,0.88576037,1,R0_kfold_f1_s44_v5ctl,best,25
ISIC_0068007,BCN_0004991,BCN_0004991,40-59,bcn20000,5,False,5,0.011731284,0.007183175,0.0058043418,0.07411957,0.015624335,0.8321317,0.053405613,0.034538794,1,R0_kfold_f1_s44_v5ctl,best,25
ISIC_0068011,BCN_0002558,BCN_0002558,40-59,bcn20000,4,True,4,0.01928306,0.023960281,0.010271032,0.0573605,0.8341873,0.0026292962,0.052308504,0.8774307,1,R0_kfold_f1_s44_v5ctl,best,25
ISIC_0068012,BCN_0004118,BCN_0004118,60+,bcn20000,4,True,5,0.011007913,0.008222791,0.008016561,0.0682868,0.0075626234,0.8441505,0.05275275,0.026793327,1,R0_kfold_f1_s44_v5ctl,best,25
ISIC_0068021,BCN_0001220,BCN_0001220,60+,bcn20000,1,True,1,0.044833466,0.6090576,0.19816735,0.08593225,0.001587513,0.0012832616,0.05913853,0.6554786,1,R0_kfold_f1_s44_v5ctl,best,25
ISIC_0068047,BCN_0004849,BCN_0004849,60+,bcn20000,1,True,1,0.008955149,0.8843343,0.0056103845,0.054908194,0.0042984714,0.0036258446,0.03826769,0.8975879,1,R0_kfold_f1_s44_v5ctl,best,25
ISIC_0068062,BCN_0003983,BCN_0003983,<40,bcn20000,5,False,5,0.011299667,0.008783026,0.0087400535,0.06901341,0.007977103,0.8439815,0.050205234,0.028059795,1,R0_kfold_f1_s44_v5ctl,best,25
ISIC_0068071,BCN_0003261,BCN_0003261,60+,bcn20000,0,True,1,0.052186705,0.4565106,0.21390282,0.16601568,0.0037579194,0.009144686,0.098481566,0.5124552,1,R0_kfold_f1_s44_v5ctl,best,25
ISIC_0068072,BCN_0003790,BCN_0003790,60+,bcn20000,0,True,1,0.12646233,0.64528847,0.0060651274,0.094814844,0.001848599,0.0410462,0.08447446,0.7735994,1,R0_kfold_f1_s44_v5ctl,best,25
ISIC_0068076,BCN_0001036,BCN_0001036,60+,bcn20000,5,False,5,0.01781968,0.013173597,0.01717234,0.15191127,0.3293103,0.38666424,0.08394849,0.36030358,1,R0_kfold_f1_s44_v5ctl,best,25
ISIC_0068088,BCN_0002979,BCN_0002979,40-59,bcn20000,5,False,5,0.008813906,0.008465628,0.0067609157,0.07403677,0.011250604,0.8458644,0.044807747,0.02853014,1,R0_kfold_f1_s44_v5ctl,best,25
ISIC_0068089,BCN_0004665,BCN_0004665,40-59,bcn20000,5,False,5,0.012283995,0.0067899013,0.00878922,0.065174505,0.005983718,0.85170174,0.04927689,0.025057614,1,R0_kfold_f1_s44_v5ctl,best,25
ISIC_0068113,BCN_0003824,BCN_0003824,60+,bcn20000,1,True,1,0.013648918,0.8740203,0.005853061,0.057237927,0.004283351,0.004316503,0.04063994,0.8919526,1,R0_kfold_f1_s44_v5ctl,best,25
ISIC_0068122,BCN_0005502,BCN_0005502,40-59,bcn20000,5,False,5,0.0169334,0.06423279,0.0055559613,0.0971954,0.29086632,0.45791006,0.06730606,0.37203252,1,R0_kfold_f1_s44_v5ctl,best,25
ISIC_0068126,BCN_0002802,BCN_0002802,<40,bcn20000,5,False,5,0.010544563,0.0076060607,0.0070492877,0.0681379,0.007482246,0.849331,0.04984897,0.02563287,1,R0_kfold_f1_s44_v5ctl,best,25
ISIC_0068142,BCN_0005023,BCN_0005023,60+,bcn20000,1,True,1,0.0077244644,0.8762859,0.0061863028,0.05758737,0.0048390287,0.005245867,0.042131025,0.8888494,1,R0_kfold_f1_s44_v5ctl,best,25
ISIC_0068144,BCN_0000798,BCN_0000798,<40,bcn20000,5,False,5,0.011896396,0.008325978,0.007834175,0.07043446,0.00695555,0.84013814,0.054415297,0.027177922,1,R0_kfold_f1_s44_v5ctl,best,25
ISIC_0068152,BCN_0005069,BCN_0005069,40-59,bcn20000,4,True,4,0.019030003,0.018811172,0.0077143856,0.15105899,0.3690198,0.32492357,0.10944205,0.40686098,1,R0_kfold_f1_s44_v5ctl,best,25
ISIC_0068159,BCN_0005444,BCN_0005444,60+,bcn20000,1,True,1,0.0385557,0.8381526,0.005844224,0.06540223,0.0037637562,0.0034895123,0.044791974,0.880472,1,R0_kfold_f1_s44_v5ctl,best,25
ISIC_0068178,BCN_0002626,BCN_0002626,60+,bcn20000,4,True,4,0.015728481,0.010904402,0.12772352,0.19232969,0.45948973,0.041135322,0.15268885,0.4861226,1,R0_kfold_f1_s44_v5ctl,best,25
ISIC_0068205,BCN_0004469,BCN_0004469,40-59,bcn20000,5,False,5,0.0131513635,0.0087910555,0.0063259783,0.07340876,0.010037451,0.8356566,0.05262879,0.03197987,1,R0_kfold_f1_s44_v5ctl,best,25
ISIC_0068221,BCN_0001724,BCN_0001724,60+,bcn20000,4,True,4,0.009541333,0.0058797253,0.0058789314,0.059084166,0.8726827,0.0055263727,0.041406848,0.8881037,1,R0_kfold_f1_s44_v5ctl,best,25
ISIC_0068231,BCN_0000806,BCN_0000806,60+,bcn20000,1,True,1,0.010245081,0.8649248,0.010325961,0.06018259,0.006096574,0.0042080646,0.044016942,0.8812665,1,R0_kfold_f1_s44_v5ctl,best,25
ISIC_0068246,BCN_0002979,BCN_0002979,40-59,bcn20000,5,False,5,0.018537955,0.012174705,0.014513002,0.10210262,0.18208067,0.6062742,0.06431687,0.21279334,1,R0_kfold_f1_s44_v5ctl,best,25
ISIC_0068280,BCN_0002626,BCN_0002626,60+,bcn20000,4,True,2,0.01299515,0.022755785,0.362958,0.19524136,0.20735033,0.063157044,0.13554233,0.24310127,1,R0_kfold_f1_s44_v5ctl,best,25
ISIC_0068299,BCN_0004288,BCN_0004288,60+,bcn20000,4,True,4,0.010756157,0.022942219,0.0072443527,0.062124588,0.8329548,0.014565443,0.049412467,0.8666532,1,R0_kfold_f1_s44_v5ctl,best,25
ISIC_0068302,BCN_0003664,BCN_0003664,40-59,bcn20000,1,True,1,0.008379454,0.88658935,0.005810204,0.05017944,0.005973932,0.005621862,0.037445765,0.90094274,1,R0_kfold_f1_s44_v5ctl,best,25
ISIC_0068327,BCN_0003234,BCN_0003234,40-59,bcn20000,5,False,5,0.014075191,0.008589951,0.009203609,0.07583436,0.0061091376,0.8331214,0.053066287,0.02877428,1,R0_kfold_f1_s44_v5ctl,best,25
ISIC_0068342,BCN_0001595,BCN_0001595,<40,bcn20000,5,False,5,0.012478796,0.007965124,0.008127785,0.07510509,0.0073758564,0.83397555,0.054971855,0.027819777,1,R0_kfold_f1_s44_v5ctl,best,25
ISIC_0068367,BCN_0000003,BCN_0000003,60+,bcn20000,0,True,1,0.0074341726,0.86328715,0.009297494,0.062109772,0.003715734,0.0063399016,0.047815736,0.8744371,1,R0_kfold_f1_s44_v5ctl,best,25
ISIC_0068382,BCN_0001964,BCN_0001964,<40,bcn20000,4,True,5,0.0111103505,0.004653929,0.0063729705,0.064147785,0.0062409956,0.86433154,0.043142475,0.022005275,1,R0_kfold_f1_s44_v5ctl,best,25
ISIC_0068388,BCN_0004759,BCN_0004759,60+,bcn20000,1,True,1,0.01224868,0.57294714,0.010543041,0.15413518,0.0052355723,0.1410008,0.10388955,0.5904314,1,R0_kfold_f1_s44_v5ctl,best,25
ISIC_0068400,BCN_0001571,BCN_0001571,40-59,bcn20000,1,True,1,0.009460429,0.86413,0.007559834,0.062141858,0.0062176012,0.006366228,0.044123963,0.87980807,1,R0_kfold_f1_s44_v5ctl,best,25
ISIC_0068403,BCN_0002558,BCN_0002558,40-59,bcn20000,4,True,4,0.013401272,0.0075348536,0.010261952,0.13636006,0.6501654,0.08681693,0.095459536,0.6711015,1,R0_kfold_f1_s44_v5ctl,best,25
ISIC_0068419,BCN_0002929,BCN_0002929,60+,bcn20000,0,True,1,0.013925863,0.8676921,0.003634553,0.05673599,0.014121706,0.0032665322,0.040623218,0.8957397,1,R0_kfold_f1_s44_v5ctl,best,25
ISIC_0068438,BCN_0004288,BCN_0004288,60+,bcn20000,4,True,4,0.012315947,0.073863365,0.0065680826,0.08080767,0.75989866,0.0046918774,0.06185447,0.846078,1,R0_kfold_f1_s44_v5ctl,best,25
ISIC_0068440,BCN_0003354,BCN_0003354,60+,bcn20000,5,False,5,0.011152294,0.007869438,0.007345525,0.07203495,0.006353898,0.842392,0.052851886,0.02537563,1,R0_kfold_f1_s44_v5ctl,best,25
ISIC_0068478,BCN_0002468,BCN_0002468,40-59,bcn20000,5,False,5,0.011531993,0.008190601,0.0069685564,0.06673276,0.0070094587,0.84777415,0.051792536,0.026732054,1,R0_kfold_f1_s44_v5ctl,best,25
ISIC_0068480,BCN_0001220,BCN_0001220,60+,bcn20000,1,True,0,0.4958903,0.055774055,0.23556119,0.102978185,0.0020131986,0.015202221,0.092580825,0.55367756,1,R0_kfold_f1_s44_v5ctl,best,25
ISIC_0068497,BCN_0001737,BCN_0001737,<40,bcn20000,5,False,4,0.018864756,0.014336294,0.014354827,0.14232156,0.42859137,0.28006408,0.101467066,0.4617924,1,R0_kfold_f1_s44_v5ctl,best,25
ISIC_0068527,BCN_0002316,BCN_0002316,60+,bcn20000,4,True,4,0.010728642,0.0073643094,0.00747998,0.064196475,0.8559226,0.005185458,0.04912255,0.8740155,1,R0_kfold_f1_s44_v5ctl,best,25
ISIC_0068550,BCN_0001246,BCN_0001246,40-59,bcn20000,2,False,0,0.8743926,0.0250093,0.0032799684,0.053633425,0.0043512173,0.0014769497,0.037856586,0.9037531,1,R0_kfold_f1_s44_v5ctl,best,25
ISIC_0068560,BCN_0001087,BCN_0001087,60+,bcn20000,4,True,5,0.0128766615,0.009946997,0.00848999,0.070485875,0.010424185,0.8280253,0.059751034,0.033247843,1,R0_kfold_f1_s44_v5ctl,best,25
ISIC_0068573,BCN_0003624,BCN_0003624,60+,bcn20000,5,False,5,0.011746968,0.008463623,0.007277885,0.12633178,0.098695934,0.6619793,0.085504524,0.11890653,1,R0_kfold_f1_s44_v5ctl,best,25
ISIC_0068581,BCN_0001878,BCN_0001878,40-59,bcn20000,4,True,5,0.0134931635,0.009191254,0.009051934,0.11686545,0.10068762,0.65432096,0.09638962,0.12337204,1,R0_kfold_f1_s44_v5ctl,best,25
ISIC_0068598,BCN_0005428,BCN_0005428,60+,bcn20000,1,True,1,0.010731566,0.8790975,0.007689263,0.05244121,0.0057121916,0.0040464387,0.04028178,0.8955413,1,R0_kfold_f1_s44_v5ctl,best,25
ISIC_0068601,BCN_0004158,BCN_0004158,<40,bcn20000,5,False,5,0.011045606,0.008487694,0.008948297,0.0616999,0.004949641,0.85911196,0.04575687,0.02448294,1,R0_kfold_f1_s44_v5ctl,best,25
ISIC_0068615,BCN_0000003,BCN_0000003,60+,bcn20000,0,True,1,0.008143021,0.8666465,0.008662544,0.05934847,0.0039789868,0.0059957267,0.047224686,0.8787685,1,R0_kfold_f1_s44_v5ctl,best,25
ISIC_0068642,BCN_0004419,BCN_0004419,<40,bcn20000,1,True,2,0.006680823,0.0054631387,0.8721692,0.05586329,0.002222192,0.014902682,0.04269869,0.014366154,1,R0_kfold_f1_s44_v5ctl,best,25
ISIC_0068651,BCN_0003300,BCN_0003300,40-59,bcn20000,5,False,5,0.011866775,0.007303305,0.008515979,0.068814054,0.006520725,0.8447239,0.052255377,0.025690805,1,R0_kfold_f1_s44_v5ctl,best,25
ISIC_0068654,BCN_0002599,BCN_0002599,<40,bcn20000,5,False,5,0.012202462,0.0074948114,0.010513253,0.05902094,0.009668788,0.85469943,0.046400428,0.029366061,1,R0_kfold_f1_s44_v5ctl,best,25
ISIC_0068658,BCN_0003901,BCN_0003901,60+,bcn20000,5,False,5,0.013245514,0.008257012,0.00779262,0.07436832,0.006998058,0.837625,0.051713496,0.028500583,1,R0_kfold_f1_s44_v5ctl,best,25
ISIC_0068673,BCN_0002626,BCN_0002626,60+,bcn20000,4,True,2,0.0072057815,0.0062561254,0.8611001,0.060805216,0.0054861633,0.011428967,0.04771754,0.01894807,1,R0_kfold_f1_s44_v5ctl,best,25
ISIC_0068680,BCN_0005696,BCN_0005696,60+,bcn20000,1,True,1,0.011012947,0.87284994,0.006805422,0.05886859,0.0032286686,0.0049604005,0.04227413,0.8870916,1,R0_kfold_f1_s44_v5ctl,best,25
ISIC_0068682,BCN_0002694,BCN_0002694,40-59,bcn20000,4,True,4,0.017332949,0.09241135,0.0066013383,0.11643593,0.67398185,0.010197,0.08303953,0.78372616,1,R0_kfold_f1_s44_v5ctl,best,25
ISIC_0068692,BCN_0002626,BCN_0002626,60+,bcn20000,4,True,4,0.0071498724,0.006541969,0.008634662,0.062071048,0.86016846,0.012142785,0.043291114,0.8738603,1,R0_kfold_f1_s44_v5ctl,best,25
ISIC_0068693,BCN_0004019,BCN_0004019,60+,bcn20000,5,False,5,0.010590294,0.007576836,0.009345914,0.068303816,0.0079217395,0.8455373,0.050724026,0.026088871,1,R0_kfold_f1_s44_v5ctl,best,25
ISIC_0068707,BCN_0001220,BCN_0001220,60+,bcn20000,1,True,1,0.03635698,0.80938894,0.006258333,0.073589206,0.0056348015,0.0055629574,0.06320882,0.8513807,1,R0_kfold_f1_s44_v5ctl,best,25
ISIC_0068711,BCN_0000545,BCN_0000545,<40,bcn20000,5,False,4,0.018566597,0.004144063,0.004403061,0.068858616,0.8555123,0.0041878647,0.044327516,0.878223,1,R0_kfold_f1_s44_v5ctl,best,25
ISIC_0068718,BCN_0002599,BCN_0002599,<40,bcn20000,5,False,5,0.013802237,0.009797702,0.008458238,0.078726664,0.013291286,0.8202683,0.055655614,0.036891222,1,R0_kfold_f1_s44_v5ctl,best,25
ISIC_0068722,BCN_0001518,BCN_0001518,60+,bcn20000,0,True,1,0.21195304,0.63516796,0.0075258096,0.08438196,0.013470013,0.0009557901,0.046545457,0.860591,1,R0_kfold_f1_s44_v5ctl,best,25
ISIC_0068724,BCN_0002469,BCN_0002469,40-59,bcn20000,5,False,5,0.010776416,0.007454571,0.0066982904,0.06523467,0.0068747983,0.8563589,0.046602324,0.025105786,1,R0_kfold_f1_s44_v5ctl,best,25
ISIC_0068747,BCN_0000657,BCN_0000657,60+,bcn20000,4,True,4,0.010026438,0.0056025255,0.0054580662,0.057672944,0.8752353,0.0040755,0.041929286,0.89086425,1,R0_kfold_f1_s44_v5ctl,best,25
ISIC_0068762,BCN_0002199,BCN_0002199,60+,bcn20000,4,True,4,0.010950808,0.0074421624,0.0069948053,0.063075185,0.8599915,0.005058064,0.04648746,0.8783845,1,R0_kfold_f1_s44_v5ctl,best,25
ISIC_0068850,BCN_0003311,BCN_0003311,60+,bcn20000,4,True,4,0.010501054,0.011176955,0.04897104,0.09478321,0.76388055,0.004157581,0.06652954,0.7855586,1,R0_kfold_f1_s44_v5ctl,best,25
ISIC_0068861,BCN_0003175,BCN_0003175,<40,bcn20000,5,False,5,0.012908571,0.007660609,0.0043200813,0.08156535,0.010150668,0.83610827,0.04728645,0.03071985,1,R0_kfold_f1_s44_v5ctl,best,25
ISIC_0068870,BCN_0000811,BCN_0000811,<40,bcn20000,6,False,1,0.004805592,0.6614849,0.011343247,0.17943348,0.058894005,0.0053551514,0.07868369,0.72518444,1,R0_kfold_f1_s44_v5ctl,best,25
ISIC_0068875,BCN_0003229,BCN_0003229,60+,bcn20000,5,False,5,0.011561963,0.008012691,0.013127485,0.068505764,0.0038186912,0.83894044,0.056032974,0.023393344,1,R0_kfold_f1_s44_v5ctl,best,25
ISIC_0068878,BCN_0003824,BCN_0003824,60+,bcn20000,1,True,1,0.014281592,0.8812267,0.0052346787,0.053075686,0.003659492,0.003418469,0.03910334,0.8991678,1,R0_kfold_f1_s44_v5ctl,best,25
ISIC_0068889,BCN_0002326,BCN_0002326,<40,bcn20000,5,False,1,0.21782646,0.6314088,0.008610408,0.053030275,0.0025269734,0.027094236,0.0595028,0.8517623,1,R0_kfold_f1_s44_v5ctl,best,25
ISIC_0068901,BCN_0000036,BCN_0000036,40-59,bcn20000,5,False,5,0.011221887,0.007351506,0.006521408,0.06824463,0.008067161,0.84768784,0.05090547,0.026640553,1,R0_kfold_f1_s44_v5ctl,best,25
ISIC_0068935,BCN_0001273,BCN_0001273,40-59,bcn20000,5,False,5,0.010715933,0.008545454,0.0066002067,0.0825432,0.0081627155,0.833209,0.050223578,0.0274241,1,R0_kfold_f1_s44_v5ctl,best,25
ISIC_0068942,BCN_0003811,BCN_0003811,60+,bcn20000,5,False,5,0.016778862,0.008593981,0.007494938,0.06278009,0.016060393,0.8383349,0.04995674,0.041433237,1,R0_kfold_f1_s44_v5ctl,best,25
ISIC_0068946,BCN_0004596,BCN_0004596,60+,bcn20000,1,True,1,0.010508431,0.8714405,0.008063305,0.056563936,0.0060625817,0.0036477344,0.043713532,0.88801146,1,R0_kfold_f1_s44_v5ctl,best,25
ISIC_0068949,BCN_0003940,BCN_0003940,60+,bcn20000,1,True,1,0.007247193,0.87899977,0.008345517,0.051997416,0.0057257144,0.007051547,0.04063286,0.8919727,1,R0_kfold_f1_s44_v5ctl,best,25
ISIC_0068952,BCN_0000120,BCN_0002991,60+,bcn20000,2,False,2,0.008086491,0.12025027,0.6869379,0.1113112,0.0016631242,0.011772352,0.05997868,0.12999988,1,R0_kfold_f1_s44_v5ctl,best,25
ISIC_0068954,BCN_0004561,BCN_0004561,60+,bcn20000,1,True,4,0.30977866,0.039946187,0.0018926206,0.17393683,0.33854854,0.022306645,0.113590516,0.68827343,1,R0_kfold_f1_s44_v5ctl,best,25
ISIC_0068955,BCN_0003104,BCN_0003104,40-59,bcn20000,0,True,0,0.89519,0.0033660491,0.026737502,0.036643364,0.0015656292,0.0012423029,0.035255186,0.9001217,1,R0_kfold_f1_s44_v5ctl,best,25
ISIC_0068983,BCN_0004053,BCN_0004053,40-59,bcn20000,5,False,5,0.01090491,0.0079970565,0.0087681385,0.06447755,0.0053582843,0.85302305,0.049471036,0.02426025,1,R0_kfold_f1_s44_v5ctl,best,25
ISIC_0068985,BCN_0000650,BCN_0000650,60+,bcn20000,1,True,1,0.027736256,0.8345338,0.018107953,0.06793632,0.0030279655,0.002244158,0.04641349,0.86529803,1,R0_kfold_f1_s44_v5ctl,best,25
ISIC_0068992,BCN_0001026,BCN_0001026,unknown,bcn20000,5,False,5,0.010269883,0.007229728,0.009096291,0.06943401,0.017405102,0.8393105,0.047254447,0.03490471,1,R0_kfold_f1_s44_v5ctl,best,25
ISIC_0069015,BCN_0002373,BCN_0002373,60+,bcn20000,2,False,0,0.7353673,0.047483012,0.039044194,0.09013758,0.0029183014,0.0012215128,0.08382813,0.7857686,1,R0_kfold_f1_s44_v5ctl,best,25
ISIC_0069080,BCN_0000162,BCN_0000162,40-59,bcn20000,5,False,5,0.013613184,0.007165493,0.008909079,0.07397249,0.007524581,0.8362002,0.05261494,0.028303258,1,R0_kfold_f1_s44_v5ctl,best,25
ISIC_0069085,BCN_0001053,BCN_0001053,40-59,bcn20000,2,False,0,0.59639966,0.1233859,0.009065018,0.12235981,0.0077664168,0.037149534,0.103873745,0.727552,1,R0_kfold_f1_s44_v5ctl,best,25
ISIC_0069090,BCN_0003354,BCN_0003354,60+,bcn20000,5,False,5,0.011391367,0.008856207,0.008128754,0.07232667,0.005047966,0.84364927,0.050599866,0.02529554,1,R0_kfold_f1_s44_v5ctl,best,25
ISIC_0069106,BCN_0001273,BCN_0001273,40-59,bcn20000,5,False,5,0.010580493,0.008037363,0.005381923,0.07038825,0.004846124,0.8551516,0.04561429,0.023463981,1,R0_kfold_f1_s44_v5ctl,best,25
ISIC_0069119,BCN_0004288,BCN_0004288,60+,bcn20000,4,True,1,0.016501095,0.8268024,0.01118135,0.071582146,0.018718302,0.013601053,0.041613672,0.86202174,1,R0_kfold_f1_s44_v5ctl,best,25
ISIC_0069154,BCN_0001687,BCN_0001687,60+,bcn20000,4,True,4,0.011146515,0.0068718786,0.007696738,0.061956644,0.8660346,0.00428216,0.042011324,0.884053,1,R0_kfold_f1_s44_v5ctl,best,25
ISIC_0069183,BCN_0003604,BCN_0003604,40-59,bcn20000,5,False,5,0.016259162,0.010380365,0.013285619,0.08345478,0.0069702435,0.81094366,0.05870613,0.03360977,1,R0_kfold_f1_s44_v5ctl,best,25
ISIC_0069195,BCN_0001290,BCN_0001290,60+,bcn20000,0,True,0,0.94048446,0.0031960828,0.0041267457,0.029272048,0.0034511802,0.0016916558,0.017777704,0.9471317,1,R0_kfold_f1_s44_v5ctl,best,25
ISIC_0069197,BCN_0004305,BCN_0004305,60+,bcn20000,4,True,4,0.0089372955,0.00588515,0.005620712,0.05830869,0.873402,0.0058979574,0.04194823,0.8882244,1,R0_kfold_f1_s44_v5ctl,best,25
ISIC_0069201,BCN_0005117,BCN_0005117,60+,bcn20000,0,True,0,0.8722989,0.0050423695,0.027608467,0.053634733,0.0032538,0.0023439103,0.035817795,0.8805951,1,R0_kfold_f1_s44_v5ctl,best,25
ISIC_0069213,BCN_0003510,BCN_0003510,40-59,bcn20000,5,False,5,0.012246788,0.0084508965,0.014534124,0.08040936,0.004275056,0.82567257,0.054411188,0.024972739,1,R0_kfold_f1_s44_v5ctl,best,25
ISIC_0069226,BCN_0002857,BCN_0002857,<40,bcn20000,5,False,5,0.011135409,0.008777583,0.009116864,0.069149956,0.005143424,0.84356827,0.053108446,0.025056416,1,R0_kfold_f1_s44_v5ctl,best,25
ISIC_0069227,BCN_0001039,BCN_0001039,40-59,bcn20000,5,False,5,0.0074383393,0.14482164,0.046167023,0.09228069,0.0034793422,0.62498665,0.080826335,0.15573932,1,R0_kfold_f1_s44_v5ctl,best,25
ISIC_0069235,BCN_0004515,BCN_0004515,40-59,bcn20000,1,True,1,0.010661982,0.8886239,0.005658462,0.051246468,0.0038889819,0.0033834884,0.03653671,0.9031748,1,R0_kfold_f1_s44_v5ctl,best,25
ISIC_0069247,BCN_0000545,BCN_0000545,<40,bcn20000,5,False,5,0.022560691,0.01103041,0.00785492,0.13954155,0.21025519,0.51271486,0.096042365,0.2438463,1,R0_kfold_f1_s44_v5ctl,best,25
ISIC_0069254,BCN_0001426,BCN_0001426,40-59,bcn20000,4,True,4,0.008887082,0.0062460555,0.006482772,0.055809744,0.8718867,0.005495452,0.045192245,0.8870198,1,R0_kfold_f1_s44_v5ctl,best,25
ISIC_0069274,BCN_0000415,BCN_0000415,60+,bcn20000,5,False,5,0.015180901,0.010253741,0.013251041,0.07456768,0.0072840075,0.8289586,0.050504096,0.03271865,1,R0_kfold_f1_s44_v5ctl,best,25
ISIC_0069284,BCN_0002557,BCN_0002557,60+,bcn20000,2,False,2,0.08053001,0.0081454,0.5470057,0.19708742,0.060186945,0.0031996786,0.10384484,0.14886236,1,R0_kfold_f1_s44_v5ctl,best,25
ISIC_0069305,BCN_0004227,BCN_0004227,60+,bcn20000,5,False,5,0.011316171,0.006694319,0.006058043,0.068952546,0.015179885,0.8470488,0.044750296,0.033190373,1,R0_kfold_f1_s44_v5ctl,best,25
ISIC_0069316,BCN_0005193,BCN_0005193,40-59,bcn20000,2,False,6,0.0007962509,0.022248302,0.009482726,0.02886438,0.004804987,0.00058426295,0.93321913,0.02784954,1,R0_kfold_f1_s44_v5ctl,best,25
ISIC_0069337,BCN_0005269,BCN_0005269,60+,bcn20000,1,True,1,0.06427883,0.7991448,0.0048724744,0.08651935,0.0027952981,0.0010580493,0.04133118,0.8662189,1,R0_kfold_f1_s44_v5ctl,best,25
ISIC_0069341,BCN_0002588,BCN_0002588,40-59,bcn20000,2,False,2,0.012722657,0.012268455,0.8310857,0.081714444,0.0011979862,0.012166876,0.048843913,0.026189098,1,R0_kfold_f1_s44_v5ctl,best,25
ISIC_0069370,BCN_0002958,BCN_0002958,60+,bcn20000,4,True,4,0.043400425,0.12072003,0.02531723,0.14594619,0.55423224,0.001795299,0.108588606,0.7183527,1,R0_kfold_f1_s44_v5ctl,best,25
ISIC_0069385,BCN_0001878,BCN_0001878,40-59,bcn20000,4,True,5,0.011095139,0.0073453346,0.009314334,0.067639105,0.0070931627,0.8459953,0.05151753,0.025533637,1,R0_kfold_f1_s44_v5ctl,best,25
ISIC_0069391,BCN_0001087,BCN_0001087,60+,bcn20000,4,True,4,0.012422571,0.008389222,0.008733754,0.10969099,0.67004263,0.11558278,0.07513803,0.69085443,1,R0_kfold_f1_s44_v5ctl,best,25
ISIC_0069414,BCN_0005299,BCN_0005299,<40,bcn20000,5,False,5,0.011433282,0.0073990147,0.00924917,0.069236964,0.0057626637,0.8447201,0.05219874,0.024594959,1,R0_kfold_f1_s44_v5ctl,best,25
ISIC_0069441,BCN_0000545,BCN_0000545,<40,bcn20000,5,False,4,0.014085341,0.013076738,0.010845138,0.14298336,0.60456735,0.11659569,0.09784628,0.6317294,1,R0_kfold_f1_s44_v5ctl,best,25
ISIC_0069458,BCN_0005098,BCN_0005098,60+,bcn20000,1,True,1,0.006824558,0.88553214,0.0063128313,0.0515634,0.0051569664,0.0051405667,0.039469555,0.8975137,1,R0_kfold_f1_s44_v5ctl,best,25
ISIC_0069467,BCN_0001012,BCN_0001012,40-59,bcn20000,1,True,1,0.0121653015,0.8844742,0.005223805,0.05065078,0.0055774143,0.004273001,0.03763551,0.9022169,1,R0_kfold_f1_s44_v5ctl,best,25
ISIC_0069471,BCN_0000070,BCN_0000070,<40,bcn20000,5,False,5,0.008599123,0.0051374696,0.011675159,0.057957873,0.010743093,0.8589398,0.046947464,0.024479685,1,R0_kfold_f1_s44_v5ctl,best,25
ISIC_0069485,BCN_0003871,BCN_0003871,40-59,bcn20000,1,True,1,0.0077240425,0.87511235,0.007330542,0.055719733,0.0057569393,0.006474062,0.041882318,0.8885933,1,R0_kfold_f1_s44_v5ctl,best,25
ISIC_0069512,BCN_0003229,BCN_0003229,60+,bcn20000,5,False,5,0.010302052,0.007538486,0.00813638,0.06929877,0.0048834626,0.84821284,0.05162802,0.022724,1,R0_kfold_f1_s44_v5ctl,best,25
ISIC_0069513,BCN_0003375,BCN_0003375,<40,bcn20000,1,True,1,0.016494963,0.88149995,0.006620546,0.045562156,0.011139372,0.0015275747,0.0371554,0.9091343,1,R0_kfold_f1_s44_v5ctl,best,25
ISIC_0069530,BCN_0001928,BCN_0001928,40-59,bcn20000,5,False,5,0.012714609,0.008206749,0.009460263,0.07140298,0.0055581937,0.83948636,0.053170823,0.02647955,1,R0_kfold_f1_s44_v5ctl,best,25
ISIC_0069536,BCN_0003726,BCN_0003726,40-59,bcn20000,4,True,5,0.017815217,0.009177649,0.009583246,0.11945818,0.04108847,0.72384757,0.079029605,0.068081334,1,R0_kfold_f1_s44_v5ctl,best,25
ISIC_0069582,BCN_0004775,BCN_0004775,60+,bcn20000,1,True,1,0.011528107,0.8722994,0.008674861,0.057716947,0.0050091078,0.0052774535,0.03949421,0.8888366,1,R0_kfold_f1_s44_v5ctl,best,25
ISIC_0069585,BCN_0000963,BCN_0000963,60+,bcn20000,2,False,1,0.009538464,0.87015516,0.0083581945,0.057107948,0.0058783945,0.0048503,0.04411148,0.885572,1,R0_kfold_f1_s44_v5ctl,best,25
ISIC_0069589,BCN_0001378,BCN_0001378,60+,bcn20000,1,True,4,0.00925841,0.012418589,0.006013326,0.064138055,0.8436477,0.011205941,0.053317886,0.86532474,1,R0_kfold_f1_s44_v5ctl,best,25
ISIC_0069595,BCN_0000549,BCN_0000549,60+,bcn20000,4,True,4,0.009034752,0.007781198,0.0069543933,0.06498729,0.85767835,0.0044657327,0.049098335,0.8744943,1,R0_kfold_f1_s44_v5ctl,best,25
ISIC_0069597,BCN_0004412,BCN_0004412,60+,bcn20000,5,False,1,0.008948505,0.8888207,0.0062387004,0.048755527,0.0053862394,0.0034321526,0.038418274,0.90315545,1,R0_kfold_f1_s44_v5ctl,best,25
ISIC_0069605,BCN_0002557,BCN_0002557,60+,bcn20000,2,False,0,0.80411655,0.0037900172,0.031290356,0.06260085,0.052400712,0.00091170095,0.044889834,0.8603073,1,R0_kfold_f1_s44_v5ctl,best,25
ISIC_0069619,BCN_0001492,BCN_0001492,<40,bcn20000,5,False,5,0.010985905,0.008276534,0.008857626,0.06765369,0.0051005003,0.84840053,0.050725162,0.02436294,1,R0_kfold_f1_s44_v5ctl,best,25
ISIC_0069642,BCN_0000164,BCN_0000164,40-59,bcn20000,2,False,2,0.008174502,0.0074112224,0.8801205,0.053278558,0.003492309,0.006542571,0.040980317,0.019078033,1,R0_kfold_f1_s44_v5ctl,best,25
ISIC_0069646,BCN_0005428,BCN_0005428,60+,bcn20000,1,True,1,0.011866527,0.8734384,0.008565944,0.054871503,0.0053157997,0.004443506,0.04149824,0.8906207,1,R0_kfold_f1_s44_v5ctl,best,25
ISIC_0069650,BCN_0000301,BCN_0000301,40-59,bcn20000,1,True,1,0.010364506,0.8700453,0.007360559,0.059984934,0.0051076715,0.0040130606,0.043124065,0.88551754,1,R0_kfold_f1_s44_v5ctl,best,25
ISIC_0069653,BCN_0005396,BCN_0005396,<40,bcn20000,3,False,1,0.013748583,0.6350167,0.009290207,0.100314654,0.0050813514,0.13642435,0.100124195,0.6538466,1,R0_kfold_f1_s44_v5ctl,best,25
ISIC_0069655,BCN_0005291,BCN_0005291,60+,bcn20000,2,False,0,0.56768245,0.0035514461,0.2814887,0.08052452,0.003950524,0.002390685,0.0604117,0.5751844,1,R0_kfold_f1_s44_v5ctl,best,25
ISIC_0069663,BCN_0000129,BCN_0000129,60+,bcn20000,2,False,5,0.18713415,0.101496756,0.013210118,0.15985976,0.021157047,0.3797793,0.13736287,0.30978796,1,R0_kfold_f1_s44_v5ctl,best,25
ISIC_0069691,BCN_0001737,BCN_0001737,<40,bcn20000,5,False,5,0.011233609,0.008804752,0.009500616,0.067395374,0.008785745,0.8378142,0.05646559,0.028824106,1,R0_kfold_f1_s44_v5ctl,best,25
ISIC_0069701,BCN_0004705,BCN_0004705,60+,bcn20000,1,True,1,0.008082976,0.8790382,0.0062869126,0.057754707,0.0052737785,0.0043292437,0.039234154,0.89239496,1,R0_kfold_f1_s44_v5ctl,best,25
ISIC_0069705,BCN_0001878,BCN_0001878,40-59,bcn20000,4,True,5,0.011749161,0.007319059,0.0075282995,0.07472694,0.0067087444,0.83853275,0.05343498,0.025776966,1,R0_kfold_f1_s44_v5ctl,best,25
ISIC_0069727,BCN_0002558,BCN_0002558,40-59,bcn20000,4,True,4,0.009411633,0.0064315367,0.0054715676,0.058255028,0.87462974,0.003632086,0.04216845,0.8904729,1,R0_kfold_f1_s44_v5ctl,best,25
ISIC_0069728,BCN_0004972,BCN_0004972,40-59,bcn20000,5,False,5,0.015342243,0.01254595,0.012354513,0.0799728,0.005329011,0.82183814,0.052617304,0.033217207,1,R0_kfold_f1_s44_v5ctl,best,25
ISIC_0069753,BCN_0001426,BCN_0001426,40-59,bcn20000,4,True,4,0.010749208,0.006588805,0.0061950306,0.059362948,0.86571056,0.005885554,0.04550787,0.8830486,1,R0_kfold_f1_s44_v5ctl,best,25
ISIC_0069763,BCN_0003745,BCN_0003745,<40,bcn20000,2,False,2,0.012090807,0.0038803061,0.87720984,0.048214693,0.00796989,0.015541746,0.035092685,0.023941003,1,R0_kfold_f1_s44_v5ctl,best,25
ISIC_0069773,BCN_0003565,BCN_0003565,40-59,bcn20000,1,True,5,0.014324391,0.028091649,0.009033007,0.09207256,0.004862332,0.7879397,0.06367631,0.04727837,1,R0_kfold_f1_s44_v5ctl,best,25
ISIC_0069796,BCN_0005675,BCN_0005675,40-59,bcn20000,1,True,1,0.011708158,0.8713333,0.0074320836,0.056960784,0.005413349,0.0048660515,0.042286314,0.8884548,1,R0_kfold_f1_s44_v5ctl,best,25
ISIC_0069800,BCN_0002599,BCN_0002599,<40,bcn20000,5,False,5,0.012581471,0.008715595,0.008578644,0.078485,0.016929256,0.8203309,0.054379113,0.03822632,1,R0_kfold_f1_s44_v5ctl,best,25
ISIC_0069826,BCN_0002676,BCN_0002676,60+,bcn20000,2,False,5,0.0131514,0.005467342,0.006880971,0.06446699,0.017942846,0.84277517,0.04931528,0.036561586,1,R0_kfold_f1_s44_v5ctl,best,25
ISIC_0069848,BCN_0005291,BCN_0005291,60+,bcn20000,2,False,2,0.20992336,0.0031493935,0.6696716,0.06386235,0.003965229,0.0017860114,0.047641985,0.21703798,1,R0_kfold_f1_s44_v5ctl,best,25
ISIC_0069849,BCN_0002557,BCN_0002557,60+,bcn20000,2,False,4,0.017108228,0.009145923,0.0056117224,0.066404864,0.84891933,0.00250049,0.050309494,0.8751735,1,R0_kfold_f1_s44_v5ctl,best,25
ISIC_0069856,BCN_0003664,BCN_0003664,40-59,bcn20000,1,True,1,0.027374659,0.85831827,0.0053477907,0.06106191,0.0033299564,0.0028464366,0.041720968,0.8890229,1,R0_kfold_f1_s44_v5ctl,best,25
ISIC_0069858,BCN_0000408,BCN_0000408,<40,bcn20000,5,False,5,0.012873259,0.0075942166,0.0074533843,0.06757008,0.003982357,0.84902525,0.05150147,0.024449833,1,R0_kfold_f1_s44_v5ctl,best,25
ISIC_0069871,BCN_0004480,BCN_0004480,40-59,bcn20000,5,False,5,0.011674238,0.007991455,0.006726638,0.07217396,0.010218157,0.8384396,0.052775986,0.02988385,1,R0_kfold_f1_s44_v5ctl,best,25
ISIC_0069875,BCN_0005291,BCN_0005291,60+,bcn20000,2,False,0,0.91455275,0.0022502972,0.026585562,0.03182763,0.0020441245,0.0023161774,0.020423524,0.9188472,1,R0_kfold_f1_s44_v5ctl,best,25
ISIC_0069889,BCN_0000657,BCN_0000657,60+,bcn20000,4,True,4,0.009387252,0.005737067,0.005955374,0.057101104,0.87786585,0.004057184,0.039896116,0.8929902,1,R0_kfold_f1_s44_v5ctl,best,25
ISIC_0069891,BCN_0001792,BCN_0001792,60+,bcn20000,4,True,5,0.008716132,0.009596724,0.00863844,0.05694581,0.006534656,0.8673189,0.042249396,0.024847513,1,R0_kfold_f1_s44_v5ctl,best,25
ISIC_0069913,BCN_0004372,BCN_0004372,60+,bcn20000,1,True,1,0.009674065,0.8871616,0.0055148425,0.05121557,0.0050726635,0.0037331504,0.037628066,0.90190834,1,R0_kfold_f1_s44_v5ctl,best,25
ISIC_0069915,BCN_0003905,BCN_0003905,40-59,bcn20000,1,True,1,0.0054201917,0.83256966,0.007900308,0.066737935,0.0073175943,0.013219773,0.0668345,0.84530747,1,R0_kfold_f1_s44_v5ctl,best,25
ISIC_0069926,BCN_0004849,BCN_0004849,60+,bcn20000,1,True,1,0.009534279,0.8768589,0.0054873494,0.05590475,0.005488182,0.005462319,0.041264214,0.89188135,1,R0_kfold_f1_s44_v5ctl,best,25
ISIC_0069937,BCN_0001244,BCN_0001244,40-59,bcn20000,5,False,5,0.013716989,0.11251922,0.051075026,0.10394193,0.007888735,0.64383405,0.06702407,0.13412495,1,R0_kfold_f1_s44_v5ctl,best,25
ISIC_0069941,BCN_0003624,BCN_0003624,60+,bcn20000,5,False,5,0.008628131,0.007971847,0.005230314,0.0725487,0.011385766,0.8429828,0.051252306,0.027985744,1,R0_kfold_f1_s44_v5ctl,best,25
ISIC_0069944,BCN_0000798,BCN_0000798,<40,bcn20000,5,False,5,0.011720423,0.008229633,0.0074903294,0.06995592,0.006237017,0.8421335,0.054233097,0.026187072,1,R0_kfold_f1_s44_v5ctl,best,25
ISIC_0069949,BCN_0001974,BCN_0001974,60+,bcn20000,0,True,0,0.90927446,0.017257653,0.009208766,0.03391054,0.0015905563,0.0010538683,0.027704204,0.92812264,1,R0_kfold_f1_s44_v5ctl,best,25
ISIC_0070033,BCN_0000268,BCN_0000268,40-59,bcn20000,1,True,1,0.007416263,0.88784254,0.008765905,0.049548496,0.0038903882,0.0030396807,0.039496694,0.8991492,1,R0_kfold_f1_s44_v5ctl,best,25
ISIC_0070046,BCN_0002199,BCN_0002199,60+,bcn20000,4,True,1,0.008686209,0.7817212,0.05580673,0.08970943,0.0037707915,0.00086412404,0.05944148,0.7941781,1,R0_kfold_f1_s44_v5ctl,best,25
ISIC_0070068,BCN_0002789,BCN_0002789,60+,bcn20000,4,True,4,0.008391143,0.0058686524,0.006245578,0.053442575,0.88207155,0.004036219,0.039944302,0.89633137,1,R0_kfold_f1_s44_v5ctl,best,25
ISIC_0070084,BCN_0003287,BCN_0003287,60+,bcn20000,2,False,0,0.8539768,0.003975758,0.03217201,0.057451196,0.008162524,0.001644336,0.042617362,0.86611503,1,R0_kfold_f1_s44_v5ctl,best,25
ISIC_0070085,BCN_0000001,BCN_0000001,60+,bcn20000,0,True,4,0.009168691,0.2006112,0.0059173643,0.08822233,0.625065,0.0036608034,0.06735467,0.83484495,1,R0_kfold_f1_s44_v5ctl,best,25
ISIC_0070108,BCN_0000657,BCN_0000657,60+,bcn20000,4,True,4,0.0111490395,0.006928312,0.0060462984,0.059073396,0.8686239,0.0032908712,0.044888165,0.8867013,1,R0_kfold_f1_s44_v5ctl,best,25
ISIC_0070120,BCN_0002558,BCN_0002558,40-59,bcn20000,4,True,4,0.006310722,0.0061145118,0.013299785,0.072269,0.84682333,0.0107904235,0.04439224,0.8592486,1,R0_kfold_f1_s44_v5ctl,best,25
ISIC_0070123,BCN_0003726,BCN_0003726,40-59,bcn20000,4,True,5,0.011151947,0.0075847846,0.006802157,0.07220503,0.008479101,0.84455854,0.04921844,0.027215831,1,R0_kfold_f1_s44_v5ctl,best,25
ISIC_0070131,BCN_0003721,BCN_0003721,60+,bcn20000,1,True,1,0.010736435,0.87718916,0.0062807645,0.0521898,0.006675613,0.004597043,0.0423312,0.89460117,1,R0_kfold_f1_s44_v5ctl,best,25
ISIC_0070132,BCN_0000120,BCN_0000120,<40,bcn20000,5,False,5,0.019098533,0.05234986,0.008904394,0.10866868,0.004507437,0.7320494,0.0744217,0.07595583,1,R0_kfold_f1_s44_v5ctl,best,25
ISIC_0070154,BCN_0000286,BCN_0000286,40-59,bcn20000,1,True,1,0.007864256,0.87370014,0.0067508575,0.056861468,0.005685296,0.0056176274,0.04352036,0.88724965,1,R0_kfold_f1_s44_v5ctl,best,25
ISIC_0070156,BCN_0004239,BCN_0004239,60+,bcn20000,1,True,1,0.010322002,0.8954797,0.0052579436,0.044240598,0.0050104926,0.003593913,0.03609541,0.91081214,1,R0_kfold_f1_s44_v5ctl,best,25
ISIC_0070173,BCN_0001977,BCN_0001977,<40,bcn20000,5,False,1,0.011622404,0.63634104,0.024268053,0.13208659,0.0040400396,0.115714006,0.07592785,0.6520035,1,R0_kfold_f1_s44_v5ctl,best,25
ISIC_0070180,BCN_0002221,BCN_0002221,40-59,bcn20000,5,False,5,0.012845221,0.007756673,0.011139025,0.07404113,0.006998807,0.8353198,0.051899314,0.027600702,1,R0_kfold_f1_s44_v5ctl,best,25
ISIC_0070201,BCN_0000381,BCN_0000381,40-59,bcn20000,1,True,1,0.0552778,0.83039594,0.0050380444,0.057877835,0.0060735503,0.0023858906,0.042951047,0.8917473,1,R0_kfold_f1_s44_v5ctl,best,25
ISIC_0070208,BCN_0002229,BCN_0002229,60+,bcn20000,5,False,5,0.012760683,0.011098332,0.010735575,0.077474475,0.005293788,0.82718605,0.05545113,0.029152803,1,R0_kfold_f1_s44_v5ctl,best,25
ISIC_0070209,BCN_0003565,BCN_0003565,40-59,bcn20000,1,True,5,0.011168882,0.010157456,0.009023744,0.07333353,0.005033516,0.841213,0.050069775,0.026359852,1,R0_kfold_f1_s44_v5ctl,best,25
ISIC_0070215,BCN_0002074,BCN_0002074,60+,bcn20000,4,True,4,0.013414384,0.014302046,0.006597167,0.07835619,0.8128027,0.015979623,0.058547884,0.84051913,1,R0_kfold_f1_s44_v5ctl,best,25
ISIC_0070216,BCN_0002337,BCN_0002337,<40,bcn20000,5,False,5,0.011156507,0.017321154,0.013602436,0.08422789,0.005661045,0.80808496,0.05994605,0.034138706,1,R0_kfold_f1_s44_v5ctl,best,25
ISIC_0070224,BCN_0005117,BCN_0005117,60+,bcn20000,0,True,2,0.05277909,0.0052971924,0.8069744,0.07078784,0.00453982,0.008062344,0.051559307,0.0626161,1,R0_kfold_f1_s44_v5ctl,best,25
ISIC_0070254,BCN_0003354,BCN_0003354,60+,bcn20000,5,False,5,0.012406992,0.008987951,0.00916874,0.071006715,0.0052603795,0.8406023,0.052567028,0.026655322,1,R0_kfold_f1_s44_v5ctl,best,25
ISIC_0070280,BCN_0001670,BCN_0001670,40-59,bcn20000,5,False,4,0.010250261,0.00613645,0.007256424,0.057946578,0.87059903,0.0052866773,0.042524587,0.8869857,1,R0_kfold_f1_s44_v5ctl,best,25
ISIC_0070297,BCN_0001387,BCN_0001387,40-59,bcn20000,0,True,1,0.06225031,0.79468834,0.008947848,0.0787347,0.0033353944,0.0022865818,0.049756795,0.8602741,1,R0_kfold_f1_s44_v5ctl,best,25
ISIC_0070309,BCN_0000301,BCN_0000301,40-59,bcn20000,1,True,1,0.014535917,0.8632203,0.007803165,0.060803097,0.005155738,0.004151995,0.0443298,0.8829119,1,R0_kfold_f1_s44_v5ctl,best,25
ISIC_0070310,BCN_0002588,BCN_0002588,40-59,bcn20000,2,False,2,0.012667666,0.010560931,0.8502152,0.0721333,0.0025008656,0.009635578,0.042286377,0.025729463,1,R0_kfold_f1_s44_v5ctl,best,25
ISIC_0070336,BCN_0001850,BCN_0001850,40-59,bcn20000,5,False,5,0.025712185,0.29335192,0.016167745,0.13027503,0.018420666,0.3809505,0.13512191,0.33748478,1,R0_kfold_f1_s44_v5ctl,best,25
ISIC_0070339,BCN_0004412,BCN_0004412,60+,bcn20000,5,False,1,0.008735223,0.8661147,0.006120202,0.06099958,0.0056898748,0.0072565135,0.045083925,0.8805398,1,R0_kfold_f1_s44_v5ctl,best,25
ISIC_0070340,BCN_0002933,BCN_0002933,<40,bcn20000,5,False,4,0.009600513,0.0072662416,0.005510464,0.055858698,0.8740925,0.0031685438,0.044503093,0.89095926,1,R0_kfold_f1_s44_v5ctl,best,25
ISIC_0070382,BCN_0003341,BCN_0003341,40-59,bcn20000,2,False,2,0.005996345,0.0052791066,0.86556095,0.056973577,0.008158997,0.011265435,0.046765625,0.019434448,1,R0_kfold_f1_s44_v5ctl,best,25
ISIC_0070383,BCN_0005653,BCN_0005653,40-59,bcn20000,5,False,5,0.011733113,0.0076419916,0.0071581043,0.069309525,0.006811927,0.8454696,0.051875763,0.026187032,1,R0_kfold_f1_s44_v5ctl,best,25
ISIC_0070398,BCN_0002312,BCN_0002312,60+,bcn20000,4,True,4,0.00824453,0.005686692,0.0066996915,0.056365043,0.87786347,0.004213517,0.040927082,0.8917947,1,R0_kfold_f1_s44_v5ctl,best,25
ISIC_0070410,BCN_0003629,BCN_0003629,60+,bcn20000,4,True,4,0.009547175,0.0059464113,0.006056262,0.061191387,0.8678381,0.004861809,0.04455889,0.88333166,1,R0_kfold_f1_s44_v5ctl,best,25
ISIC_0070417,BCN_0000194,BCN_0000194,60+,bcn20000,4,True,4,0.008929687,0.0064171012,0.0073841265,0.059163973,0.8710541,0.0051004556,0.041950542,0.8864009,1,R0_kfold_f1_s44_v5ctl,best,25
ISIC_0070435,BCN_0004592,BCN_0004592,60+,bcn20000,4,True,4,0.015180276,0.007019653,0.0093569625,0.06423653,0.85179704,0.004172176,0.048237406,0.873997,1,R0_kfold_f1_s44_v5ctl,best,25
ISIC_0070436,BCN_0001738,BCN_0001738,60+,bcn20000,1,True,4,0.15177992,0.0048140283,0.01835613,0.11460655,0.65055776,0.0032693152,0.056616317,0.8071517,1,R0_kfold_f1_s44_v5ctl,best,25
ISIC_0070453,BCN_0001864,BCN_0001864,60+,bcn20000,1,True,1,0.0073198685,0.86317265,0.0066949413,0.06309721,0.0060758195,0.0052384483,0.048401117,0.8765683,1,R0_kfold_f1_s44_v5ctl,best,25
ISIC_0070486,BCN_0003585,BCN_0003585,60+,bcn20000,0,True,4,0.011925585,0.010332211,0.0038978558,0.05679211,0.8494763,0.014543148,0.053032793,0.8717341,1,R0_kfold_f1_s44_v5ctl,best,25
ISIC_0070491,BCN_0001319,BCN_0001319,60+,bcn20000,1,True,1,0.010627889,0.865859,0.0067463843,0.060291726,0.0048469226,0.0065556034,0.04507244,0.88133377,1,R0_kfold_f1_s44_v5ctl,best,25
ISIC_0070503,BCN_0002676,BCN_0002676,60+,bcn20000,2,False,1,0.08050796,0.6111087,0.012628084,0.1654164,0.006641694,0.042441346,0.08125578,0.69825834,1,R0_kfold_f1_s44_v5ctl,best,25
ISIC_0070508,BCN_0000120,BCN_0002991,60+,bcn20000,2,False,1,0.032300938,0.6079032,0.043415155,0.18396147,0.030580552,0.01669905,0.08513969,0.6707847,1,R0_kfold_f1_s44_v5ctl,best,25
ISIC_0070519,BCN_0003234,BCN_0003234,40-59,bcn20000,5,False,5,0.01172297,0.0076358183,0.0076371217,0.06983072,0.0066771675,0.8473691,0.049127102,0.026035955,1,R0_kfold_f1_s44_v5ctl,best,25
ISIC_0070532,BCN_0005554,BCN_0005554,60+,bcn20000,1,True,2,0.0049326997,0.015229305,0.8598783,0.08163379,0.008775229,0.0026220016,0.026928743,0.028937234,1,R0_kfold_f1_s44_v5ctl,best,25
ISIC_0070536,BCN_0001738,BCN_0001738,60+,bcn20000,1,True,2,0.013716142,0.0032334256,0.58688253,0.16905831,0.055113673,0.10093665,0.07105931,0.07206324,1,R0_kfold_f1_s44_v5ctl,best,25
ISIC_0070538,BCN_0000460,BCN_0000460,40-59,bcn20000,5,False,5,0.011648793,0.007987314,0.0067122253,0.069407634,0.0074689006,0.8429397,0.053835355,0.027105007,1,R0_kfold_f1_s44_v5ctl,best,25
ISIC_0070579,BCN_0000545,BCN_0000545,<40,bcn20000,5,False,4,0.014713503,0.0051391595,0.003721221,0.113088004,0.7373571,0.049516845,0.07646422,0.7572097,1,R0_kfold_f1_s44_v5ctl,best,25
ISIC_0070606,BCN_0003973,BCN_0003973,40-59,bcn20000,5,False,5,0.01425324,0.012003101,0.008794472,0.076204464,0.004644878,0.82762146,0.056478437,0.03090122,1,R0_kfold_f1_s44_v5ctl,best,25
ISIC_0070609,BCN_0001771,BCN_0001771,<40,bcn20000,5,False,2,0.013358239,0.18976909,0.5855118,0.11864712,0.0019151096,0.0017691104,0.08902954,0.20504244,1,R0_kfold_f1_s44_v5ctl,best,25
ISIC_0070643,BCN_0000079,BCN_0000079,60+,bcn20000,0,True,0,0.78566307,0.08349151,0.005118612,0.056404598,0.022447664,0.0023957747,0.044478804,0.8916022,1,R0_kfold_f1_s44_v5ctl,best,25
ISIC_0070665,BCN_0003979,BCN_0003979,60+,bcn20000,1,True,1,0.18957669,0.54162,0.042973056,0.12448387,0.008324254,0.010320714,0.082701474,0.73952097,1,R0_kfold_f1_s44_v5ctl,best,25
ISIC_0070680,BCN_0002584,BCN_0002584,40-59,bcn20000,3,False,5,0.0049728444,0.008445012,0.0017814718,0.38289383,0.0044564474,0.5561923,0.041258108,0.017874304,1,R0_kfold_f1_s44_v5ctl,best,25
ISIC_0070681,BCN_0003126,BCN_0003126,40-59,bcn20000,2,False,2,0.009235282,0.00636814,0.8766852,0.054907095,0.0073078284,0.0038597018,0.041636758,0.02291125,1,R0_kfold_f1_s44_v5ctl,best,25
ISIC_0070700,BCN_0003375,BCN_0003375,<40,bcn20000,1,True,1,0.13142276,0.53638,0.007860573,0.08102198,0.16851713,0.0007399478,0.0740576,0.83631986,1,R0_kfold_f1_s44_v5ctl,best,25
ISIC_0070715,BCN_0003267,BCN_0003267,<40,bcn20000,5,False,5,0.01271275,0.007035366,0.00751768,0.06770902,0.0049710064,0.8495551,0.05049909,0.024719123,1,R0_kfold_f1_s44_v5ctl,best,25
ISIC_0070717,BCN_0003871,BCN_0003871,40-59,bcn20000,1,True,1,0.010071973,0.8700102,0.007687132,0.06031441,0.0054981983,0.0054761544,0.04094197,0.88558036,1,R0_kfold_f1_s44_v5ctl,best,25
ISIC_0070720,BCN_0004165,BCN_0004165,60+,bcn20000,5,False,5,0.010191717,0.008486697,0.021599201,0.07651567,0.004071774,0.8285081,0.050626826,0.02275019,1,R0_kfold_f1_s44_v5ctl,best,25
ISIC_0070738,BCN_0002675,BCN_0002675,60+,bcn20000,4,True,5,0.016509153,0.023225099,0.012639587,0.13804495,0.13288319,0.5717852,0.10491278,0.17261744,1,R0_kfold_f1_s44_v5ctl,best,25
ISIC_0070742,BCN_0005193,BCN_0005193,40-59,bcn20000,2,False,1,0.0033485477,0.72962964,0.02333237,0.09750965,0.01529855,0.0027252296,0.12815608,0.7482767,1,R0_kfold_f1_s44_v5ctl,best,25
ISIC_0070766,BCN_0001567,BCN_0001567,40-59,bcn20000,5,False,5,0.008469995,0.0063992003,0.0068223313,0.06942365,0.005294128,0.8558215,0.04776927,0.020163324,1,R0_kfold_f1_s44_v5ctl,best,25
ISIC_0070794,BCN_0003726,BCN_0003726,40-59,bcn20000,4,True,5,0.010952403,0.0077458746,0.0048524854,0.08496579,0.015690055,0.8218632,0.053930264,0.034388334,1,R0_kfold_f1_s44_v5ctl,best,25
ISIC_0070827,BCN_0003067,BCN_0003067,60+,bcn20000,1,True,1,0.00883849,0.86571205,0.008404062,0.06105741,0.0055364524,0.0071507595,0.043300766,0.88008696,1,R0_kfold_f1_s44_v5ctl,best,25
ISIC_0070840,BCN_0001845,BCN_0001845,<40,bcn20000,5,False,5,0.012720821,0.008213895,0.008118085,0.07767144,0.009563409,0.8269766,0.056735855,0.030498125,1,R0_kfold_f1_s44_v5ctl,best,25
ISIC_0070877,BCN_0000079,BCN_0000079,60+,bcn20000,0,True,0,0.7640389,0.051731165,0.0058083534,0.0830466,0.04914354,0.005333203,0.04089827,0.86491364,1,R0_kfold_f1_s44_v5ctl,best,25
ISIC_0070884,BCN_0002272,BCN_0002272,<40,bcn20000,5,False,5,0.011869654,0.007611789,0.008265391,0.07254388,0.007074043,0.83915544,0.053479858,0.026555486,1,R0_kfold_f1_s44_v5ctl,best,25
ISIC_0070885,BCN_0002747,BCN_0002747,<40,bcn20000,5,False,5,0.011716222,0.007646796,0.008650175,0.081483655,0.0042141867,0.8321538,0.05413517,0.023577204,1,R0_kfold_f1_s44_v5ctl,best,25
ISIC_0070911,BCN_0003375,BCN_0003375,<40,bcn20000,1,True,1,0.008624002,0.90220237,0.0061062626,0.03996627,0.012925861,0.0018884297,0.028286956,0.92375225,1,R0_kfold_f1_s44_v5ctl,best,25
ISIC_0070915,BCN_0005502,BCN_0005502,40-59,bcn20000,5,False,5,0.01340422,0.0114151705,0.008709683,0.06873887,0.005629368,0.83893746,0.053165253,0.030448759,1,R0_kfold_f1_s44_v5ctl,best,25
ISIC_0070924,BCN_0001220,BCN_0001220,60+,bcn20000,1,True,1,0.0102649545,0.8780128,0.007795687,0.055891942,0.0041554477,0.0049375766,0.038941603,0.89243317,1,R0_kfold_f1_s44_v5ctl,best,25
ISIC_0070959,BCN_0002675,BCN_0002675,60+,bcn20000,4,True,4,0.009614284,0.017122298,0.0074162115,0.059108295,0.8582793,0.006467421,0.04199216,0.88501585,1,R0_kfold_f1_s44_v5ctl,best,25
ISIC_0070980,BCN_0001589,BCN_0001589,40-59,bcn20000,2,False,2,0.008189759,0.0063038166,0.87332237,0.061055668,0.002939956,0.008585978,0.039602485,0.017433532,1,R0_kfold_f1_s44_v5ctl,best,25
ISIC_0070991,BCN_0004305,BCN_0004305,60+,bcn20000,4,True,4,0.008154223,0.005705451,0.0054035387,0.058471423,0.87722903,0.004302503,0.040733814,0.8910887,1,R0_kfold_f1_s44_v5ctl,best,25
ISIC_0071004,BCN_0004991,BCN_0004991,40-59,bcn20000,5,False,5,0.01068787,0.006910871,0.0075268755,0.065371126,0.015859969,0.84545434,0.048188962,0.03345871,1,R0_kfold_f1_s44_v5ctl,best,25
ISIC_0071035,BCN_0004592,BCN_0004592,60+,bcn20000,4,True,4,0.008002174,0.0057354392,0.03265465,0.08928759,0.7838071,0.013692345,0.066820666,0.7975447,1,R0_kfold_f1_s44_v5ctl,best,25
ISIC_0071054,BCN_0003684,BCN_0003684,60+,bcn20000,2,False,2,0.009923585,0.0093162535,0.87567276,0.052720353,0.0035527793,0.011601067,0.037213165,0.022792619,1,R0_kfold_f1_s44_v5ctl,best,25
ISIC_0071056,BCN_0000158,BCN_0000158,40-59,bcn20000,1,True,1,0.01033684,0.82429767,0.008250574,0.09311229,0.008141576,0.0056223767,0.05023872,0.84277606,1,R0_kfold_f1_s44_v5ctl,best,25
ISIC_0071058,BCN_0002516,BCN_0002516,60+,bcn20000,0,True,1,0.23814331,0.6001002,0.008882085,0.08520617,0.0033020105,0.001519344,0.062846854,0.8415456,1,R0_kfold_f1_s44_v5ctl,best,25
ISIC_0071069,BCN_0002789,BCN_0002789,60+,bcn20000,4,True,4,0.013618793,0.0077019595,0.0075223777,0.0606317,0.8615407,0.0037819378,0.045202523,0.88286144,1,R0_kfold_f1_s44_v5ctl,best,25
ISIC_0071075,BCN_0003692,BCN_0003692,40-59,bcn20000,2,False,2,0.012580177,0.007129646,0.8659176,0.058827117,0.0034885532,0.0076085655,0.04444833,0.023198375,1,R0_kfold_f1_s44_v5ctl,best,25
ISIC_0071080,BCN_0000120,BCN_0002991,60+,bcn20000,2,False,2,0.054422915,0.0056572473,0.8091826,0.059963264,0.005345244,0.007109796,0.05831896,0.06542541,1,R0_kfold_f1_s44_v5ctl,best,25
ISIC_0071093,BCN_0001518,BCN_0001518,60+,bcn20000,0,True,4,0.21643397,0.0076740757,0.016222972,0.10540537,0.5828316,0.0010581713,0.07037375,0.80693966,1,R0_kfold_f1_s44_v5ctl,best,25
ISIC_0071094,BCN_0001770,BCN_0001770,60+,bcn20000,5,False,1,0.012944636,0.62503695,0.10026289,0.15796894,0.0018086326,0.01406967,0.08790823,0.63979024,1,R0_kfold_f1_s44_v5ctl,best,25
ISIC_0071099,BCN_0002687,BCN_0002687,60+,bcn20000,1,True,1,0.0142646665,0.86717796,0.006088246,0.060547266,0.0042877705,0.0040707933,0.043563318,0.8857304,1,R0_kfold_f1_s44_v5ctl,best,25
ISIC_0071108,BCN_0000431,BCN_0000431,60+,bcn20000,0,True,0,0.3669673,0.17932425,0.031240132,0.11074302,0.002635092,0.24456629,0.064523965,0.54892665,1,R0_kfold_f1_s44_v5ctl,best,25
ISIC_0071149,BCN_0002918,BCN_0002918,60+,bcn20000,5,False,4,0.01354064,0.0096169235,0.006558888,0.06540379,0.84064084,0.01457138,0.049667474,0.8637984,1,R0_kfold_f1_s44_v5ctl,best,25
ISIC_0071156,BCN_0003810,BCN_0003810,60+,bcn20000,1,True,1,0.009941386,0.86470956,0.008257862,0.062368438,0.006458322,0.004924448,0.043340005,0.8811093,1,R0_kfold_f1_s44_v5ctl,best,25
ISIC_0071162,BCN_0000070,BCN_0000070,<40,bcn20000,5,False,5,0.012064163,0.008270996,0.007425118,0.06786222,0.008257637,0.8488604,0.047259476,0.028592795,1,R0_kfold_f1_s44_v5ctl,best,25
ISIC_0071165,BCN_0000746,BCN_0000746,<40,bcn20000,5,False,5,0.010916143,0.008594281,0.005730286,0.073809184,0.021430982,0.825352,0.054167163,0.040941406,1,R0_kfold_f1_s44_v5ctl,best,25
ISIC_0071189,BCN_0003737,BCN_0003737,<40,bcn20000,5,False,5,0.012854817,0.00871865,0.008792136,0.07215881,0.0070593324,0.839678,0.050738208,0.0286328,1,R0_kfold_f1_s44_v5ctl,best,25
ISIC_0071195,BCN_0000644,BCN_0000644,40-59,bcn20000,5,False,5,0.012931755,0.008124987,0.008976656,0.07616282,0.010736905,0.8266691,0.05639782,0.031793647,1,R0_kfold_f1_s44_v5ctl,best,25
ISIC_0071211,BCN_0000608,BCN_0000608,60+,bcn20000,2,False,2,0.025803378,0.023499744,0.8259538,0.07489371,0.002715148,0.003399912,0.043734275,0.05201827,1,R0_kfold_f1_s44_v5ctl,best,25
ISIC_0071214,BCN_0000158,BCN_0000158,40-59,bcn20000,1,True,5,0.032999944,0.019591404,0.010816803,0.11450971,0.0042115194,0.75211245,0.06575811,0.056802865,1,R0_kfold_f1_s44_v5ctl,best,25
ISIC_0071250,BCN_0004372,BCN_0004372,60+,bcn20000,1,True,1,0.010667215,0.8795666,0.0061657373,0.053841665,0.005937165,0.0040878044,0.0397338,0.896171,1,R0_kfold_f1_s44_v5ctl,best,25
ISIC_0071286,BCN_0002918,BCN_0002918,60+,bcn20000,5,False,5,0.009618884,0.007199345,0.008232564,0.07068616,0.0072142044,0.84502167,0.05202716,0.024032433,1,R0_kfold_f1_s44_v5ctl,best,25
ISIC_0071307,BCN_0005248,BCN_0005248,40-59,bcn20000,5,False,4,0.027790867,0.009878467,0.02828309,0.19070767,0.4177746,0.23070759,0.0948577,0.45544392,1,R0_kfold_f1_s44_v5ctl,best,25
ISIC_0071327,BCN_0003811,BCN_0003811,60+,bcn20000,5,False,5,0.012895146,0.0078902375,0.007357712,0.068565,0.009091928,0.844645,0.049554963,0.029877312,1,R0_kfold_f1_s44_v5ctl,best,25
ISIC_0071334,BCN_0001811,BCN_0001811,40-59,bcn20000,5,False,0,0.705288,0.11414557,0.009616315,0.042759076,0.0029475593,0.00972161,0.11552186,0.82238114,1,R0_kfold_f1_s44_v5ctl,best,25
ISIC_0071341,BCN_0005101,BCN_0005101,40-59,bcn20000,5,False,5,0.021040123,0.005684072,0.0072050956,0.06746037,0.0055640363,0.84716755,0.04587885,0.03228823,1,R0_kfold_f1_s44_v5ctl,best,25
ISIC_0071344,BCN_0005599,BCN_0005599,40-59,bcn20000,2,False,4,0.0069542094,0.0074236584,0.010400456,0.056303844,0.87007004,0.005696614,0.043151107,0.88444793,1,R0_kfold_f1_s44_v5ctl,best,25
ISIC_0071352,BCN_0000483,BCN_0000483,<40,bcn20000,5,False,5,0.011898752,0.007889841,0.007909869,0.07254909,0.0067028054,0.84008026,0.052969314,0.026491398,1,R0_kfold_f1_s44_v5ctl,best,25
ISIC_0071377,BCN_0005269,BCN_0005269,60+,bcn20000,1,True,1,0.013530583,0.86542076,0.00609117,0.06251502,0.0075629572,0.0037590044,0.041120585,0.8865143,1,R0_kfold_f1_s44_v5ctl,best,25
ISIC_0071381,BCN_0001625,BCN_0001625,60+,bcn20000,1,True,1,0.01548792,0.8504091,0.006215282,0.06363039,0.0075809318,0.006847143,0.04982921,0.87347794,1,R0_kfold_f1_s44_v5ctl,best,25
ISIC_0071388,BCN_0002958,BCN_0002958,60+,bcn20000,4,True,4,0.011325178,0.013721354,0.0068874112,0.069222175,0.8438303,0.006206768,0.048806746,0.8688768,1,R0_kfold_f1_s44_v5ctl,best,25
ISIC_0071415,BCN_0001516,BCN_0001516,60+,bcn20000,4,True,4,0.009628389,0.0055848584,0.0070450655,0.059741367,0.87363017,0.0044365665,0.039933622,0.8888434,1,R0_kfold_f1_s44_v5ctl,best,25
ISIC_0071416,BCN_0000023,BCN_0000023,60+,bcn20000,1,True,0,0.8035571,0.058167096,0.00930588,0.07342273,0.0025490236,0.0021260893,0.050872166,0.86427325,1,R0_kfold_f1_s44_v5ctl,best,25
ISIC_0071419,BCN_0003905,BCN_0003905,40-59,bcn20000,1,True,1,0.01804497,0.86124897,0.012143502,0.057441324,0.004991883,0.004010951,0.04211841,0.8842858,1,R0_kfold_f1_s44_v5ctl,best,25
ISIC_0071421,BCN_0000655,BCN_0000655,60+,bcn20000,2,False,5,0.02007104,0.010442308,0.009379001,0.07283824,0.005072361,0.82954717,0.052649964,0.03558571,1,R0_kfold_f1_s44_v5ctl,best,25
ISIC_0071423,BCN_0001387,BCN_0001387,40-59,bcn20000,0,True,0,0.4414709,0.20709178,0.110003136,0.14398025,0.0024797926,0.00081691705,0.094157256,0.65104246,1,R0_kfold_f1_s44_v5ctl,best,25
ISIC_0071470,BCN_0005493,BCN_0005493,40-59,bcn20000,4,True,1,0.012491991,0.7256304,0.015350289,0.111776575,0.013499348,0.044104174,0.07714722,0.7516217,1,R0_kfold_f1_s44_v5ctl,best,25
ISIC_0071485,BCN_0000545,BCN_0000545,<40,bcn20000,5,False,5,0.012963094,0.005669092,0.0055409824,0.062237587,0.013986869,0.84791064,0.051691752,0.03261905,1,R0_kfold_f1_s44_v5ctl,best,25
ISIC_0071535,BCN_0000079,BCN_0000079,60+,bcn20000,0,True,0,0.92354476,0.0037551837,0.0014867436,0.033064734,0.0048888815,0.007833277,0.025426418,0.93218887,1,R0_kfold_f1_s44_v5ctl,best,25
ISIC_0071548,BCN_0000791,BCN_0000791,40-59,bcn20000,1,True,1,0.011081177,0.8737814,0.0064227926,0.057473127,0.0053578326,0.0040549384,0.041828737,0.8902204,1,R0_kfold_f1_s44_v5ctl,best,25
ISIC_0071552,BCN_0002933,BCN_0002933,<40,bcn20000,5,False,4,0.009461902,0.005975075,0.004870458,0.05430761,0.8785657,0.0036927862,0.04312646,0.8940027,1,R0_kfold_f1_s44_v5ctl,best,25
ISIC_0071574,BCN_0003287,BCN_0003287,60+,bcn20000,2,False,2,0.030050538,0.008907275,0.6394013,0.13017248,0.025321336,0.024650764,0.14149626,0.06427915,1,R0_kfold_f1_s44_v5ctl,best,25
ISIC_0071580,BCN_0003629,BCN_0003629,60+,bcn20000,4,True,4,0.0096478285,0.0067720497,0.0055201845,0.060149454,0.8702727,0.0034792218,0.044158492,0.8866926,1,R0_kfold_f1_s44_v5ctl,best,25
ISIC_0071593,BCN_0003229,BCN_0003229,60+,bcn20000,5,False,5,0.010223542,0.007542642,0.008459424,0.0689285,0.004807643,0.84900993,0.05102831,0.022573829,1,R0_kfold_f1_s44_v5ctl,best,25
ISIC_0071615,BCN_0002557,BCN_0002557,60+,bcn20000,2,False,4,0.009890786,0.0067021907,0.017009618,0.057897847,0.868756,0.0013479617,0.038395647,0.885349,1,R0_kfold_f1_s44_v5ctl,best,25
ISIC_0071616,BCN_0002240,BCN_0002240,40-59,bcn20000,5,False,4,0.01870118,0.013017991,0.011556529,0.14118306,0.4225123,0.30214185,0.0908872,0.45423147,1,R0_kfold_f1_s44_v5ctl,best,25
ISIC_0071629,BCN_0004982,BCN_0004982,<40,bcn20000,2,False,5,0.012574111,0.007292622,0.007356522,0.06985561,0.00713587,0.84314483,0.052640356,0.027002603,1,R0_kfold_f1_s44_v5ctl,best,25
ISIC_0071646,BCN_0005098,BCN_0005098,60+,bcn20000,1,True,1,0.0067678243,0.8852603,0.0066537457,0.051334143,0.0058252728,0.0051700957,0.038988728,0.8978534,1,R0_kfold_f1_s44_v5ctl,best,25
ISIC_0071651,BCN_0004568,BCN_0004568,60+,bcn20000,4,True,1,0.02059267,0.7764063,0.004238442,0.15574145,0.0035351976,0.0025352025,0.03695072,0.8005342,1,R0_kfold_f1_s44_v5ctl,best,25
ISIC_0071681,BCN_0003726,BCN_0003726,40-59,bcn20000,4,True,5,0.0113917,0.007373304,0.007863467,0.07398576,0.005704349,0.8417034,0.05197801,0.024469353,1,R0_kfold_f1_s44_v5ctl,best,25
ISIC_0071711,BCN_0002929,BCN_0002929,60+,bcn20000,0,True,1,0.009819004,0.84442,0.004704089,0.06442356,0.028148606,0.003149138,0.04533557,0.88238764,1,R0_kfold_f1_s44_v5ctl,best,25
ISIC_0071725,BCN_0001516,BCN_0001516,60+,bcn20000,4,True,4,0.0097743785,0.005556209,0.0064029233,0.058598794,0.87267804,0.0038214498,0.04316818,0.88800865,1,R0_kfold_f1_s44_v5ctl,best,25
ISIC_0071742,BCN_0005674,BCN_0005674,60+,bcn20000,1,True,5,0.011878732,0.0074930335,0.010268481,0.06955991,0.0087420875,0.8435892,0.048468642,0.028113853,1,R0_kfold_f1_s44_v5ctl,best,25
ISIC_0071743,BCN_0000134,BCN_0000134,40-59,bcn20000,1,True,1,0.0132977115,0.84470123,0.009082866,0.07106432,0.0068444065,0.0055655325,0.049443852,0.86484337,1,R0_kfold_f1_s44_v5ctl,best,25
ISIC_0071748,BCN_0003624,BCN_0003624,60+,bcn20000,5,False,4,0.008535116,0.007857228,0.004987059,0.05641655,0.85445315,0.01878562,0.048965275,0.8708455,1,R0_kfold_f1_s44_v5ctl,best,25
ISIC_0071758,BCN_0005554,BCN_0005554,60+,bcn20000,1,True,2,0.005103466,0.028112987,0.69155204,0.12044794,0.08975766,0.004741983,0.06028392,0.12297411,1,R0_kfold_f1_s44_v5ctl,best,25
ISIC_0071768,BCN_0003629,BCN_0003629,60+,bcn20000,4,True,4,0.010097474,0.0073285326,0.0058970796,0.06273554,0.86399245,0.004346163,0.045602705,0.88141847,1,R0_kfold_f1_s44_v5ctl,best,25
ISIC_0071801,BCN_0003287,BCN_0003287,60+,bcn20000,2,False,2,0.019639976,0.0054402626,0.6671076,0.15294728,0.042271096,0.006126641,0.10646724,0.067351334,1,R0_kfold_f1_s44_v5ctl,best,25
ISIC_0071806,BCN_0003726,BCN_0003726,40-59,bcn20000,4,True,5,0.011139297,0.006994661,0.0058414103,0.072713904,0.010611391,0.84229094,0.050408404,0.028745348,1,R0_kfold_f1_s44_v5ctl,best,25
ISIC_0071819,BCN_0000070,BCN_0000070,<40,bcn20000,5,False,5,0.011627326,0.008884026,0.010853571,0.07077775,0.006034352,0.83883655,0.05298638,0.026545703,1,R0_kfold_f1_s44_v5ctl,best,25
ISIC_0071855,BCN_0003820,BCN_0003820,60+,bcn20000,5,False,5,0.013912903,0.011609936,0.008852451,0.07318122,0.004477619,0.83247304,0.055492748,0.03000046,1,R0_kfold_f1_s44_v5ctl,best,25
ISIC_0071861,BCN_0000070,BCN_0000070,<40,bcn20000,5,False,5,0.0109381145,0.007999638,0.010215459,0.07032743,0.006845713,0.8424391,0.05123447,0.025783464,1,R0_kfold_f1_s44_v5ctl,best,25
ISIC_0071865,BCN_0003468,BCN_0003468,40-59,bcn20000,4,True,5,0.00813506,0.009010519,0.012832159,0.07131453,0.021995822,0.81947994,0.05723197,0.0391414,1,R0_kfold_f1_s44_v5ctl,best,25
ISIC_0071873,BCN_0000178,BCN_0000178,60+,bcn20000,1,True,1,0.010927509,0.85510296,0.009586471,0.069178976,0.005766055,0.0058705327,0.04356746,0.8717965,1,R0_kfold_f1_s44_v5ctl,best,25
ISIC_0071884,BCN_0003300,BCN_0003300,40-59,bcn20000,5,False,5,0.010818315,0.0077759153,0.008334022,0.07125424,0.006640892,0.84441954,0.05075712,0.025235122,1,R0_kfold_f1_s44_v5ctl,best,25
ISIC_0071885,BCN_0005104,BCN_0005104,60+,bcn20000,1,True,1,0.01448424,0.8647929,0.0071711694,0.060506225,0.0057064597,0.0051572328,0.0421817,0.8849836,1,R0_kfold_f1_s44_v5ctl,best,25
ISIC_0071911,BCN_0002632,BCN_0002632,<40,bcn20000,5,False,5,0.009309791,0.0070004766,0.013498372,0.06339526,0.0060258997,0.8514466,0.049323533,0.022336166,1,R0_kfold_f1_s44_v5ctl,best,25
ISIC_0071932,BCN_0000895,BCN_0000895,60+,bcn20000,0,True,1,0.03582894,0.8609516,0.004831707,0.053347692,0.0034563239,0.002813369,0.038770266,0.90023685,1,R0_kfold_f1_s44_v5ctl,best,25
ISIC_0071947,BCN_0003588,BCN_0003588,60+,bcn20000,5,False,4,0.009321099,0.006756214,0.0065977992,0.05948571,0.86620766,0.007280449,0.04435114,0.882285,1,R0_kfold_f1_s44_v5ctl,best,25
ISIC_0071952,BCN_0003287,BCN_0003287,60+,bcn20000,2,False,0,0.9327896,0.001881953,0.008032163,0.033349175,0.0028960065,0.0018822569,0.019168781,0.9375676,1,R0_kfold_f1_s44_v5ctl,best,25
ISIC_0071967,BCN_0000083,BCN_0000083,60+,bcn20000,1,True,1,0.017579567,0.8759443,0.005174251,0.053909257,0.0040073027,0.0036365704,0.039748736,0.89753115,1,R0_kfold_f1_s44_v5ctl,best,25
ISIC_0071968,BCN_0003810,BCN_0003810,60+,bcn20000,1,True,1,0.010808407,0.8642501,0.0087546185,0.061525457,0.006259989,0.0050185043,0.043382835,0.8813185,1,R0_kfold_f1_s44_v5ctl,best,25
ISIC_0072012,BCN_0000811,BCN_0000811,<40,bcn20000,6,False,1,0.009075134,0.6024078,0.0045408895,0.11754355,0.15765299,0.003970876,0.10480879,0.7691359,1,R0_kfold_f1_s44_v5ctl,best,25
ISIC_0072025,BCN_0004305,BCN_0004305,60+,bcn20000,4,True,4,0.0088437,0.0049870485,0.006576014,0.05858037,0.87680405,0.0040443568,0.04016441,0.8906348,1,R0_kfold_f1_s44_v5ctl,best,25
ISIC_0072030,BCN_0002074,BCN_0002074,60+,bcn20000,4,True,4,0.01524277,0.008295559,0.007390272,0.09268114,0.79204315,0.018124247,0.066222884,0.8155815,1,R0_kfold_f1_s44_v5ctl,best,25
ISIC_0072046,BCN_0000070,BCN_0000070,<40,bcn20000,5,False,5,0.051234752,0.01350718,0.020671414,0.09510292,0.03831557,0.709968,0.07120018,0.1030575,1,R0_kfold_f1_s44_v5ctl,best,25
ISIC_0072048,BCN_0000312,BCN_0000312,40-59,bcn20000,1,True,1,0.008202393,0.8803958,0.005959659,0.054706454,0.0062577296,0.004648213,0.03982973,0.8948559,1,R0_kfold_f1_s44_v5ctl,best,25
ISIC_0072054,BCN_0004638,BCN_0004638,60+,bcn20000,2,False,2,0.008348837,0.00832707,0.88629955,0.047789253,0.0033081472,0.004809996,0.041117214,0.019984053,1,R0_kfold_f1_s44_v5ctl,best,25
ISIC_0072074,BCN_0001567,BCN_0001567,40-59,bcn20000,5,False,5,0.010543554,0.0067137633,0.007223446,0.072177865,0.008340312,0.842792,0.052209076,0.02559763,1,R0_kfold_f1_s44_v5ctl,best,25
ISIC_0072084,BCN_0001803,BCN_0001803,40-59,bcn20000,1,True,1,0.013324826,0.8534731,0.00511474,0.0647467,0.007848635,0.0055935923,0.04989835,0.87464654,1,R0_kfold_f1_s44_v5ctl,best,25
ISIC_0072086,BCN_0000848,BCN_0000848,60+,bcn20000,1,True,1,0.00877742,0.8637504,0.00958512,0.063710235,0.0058252295,0.0053821057,0.04296955,0.87835306,1,R0_kfold_f1_s44_v5ctl,best,25
ISIC_0072106,BCN_0000070,BCN_0000070,<40,bcn20000,5,False,5,0.012982044,0.009996615,0.008575478,0.08043832,0.006653852,0.82548213,0.055871576,0.029632512,1,R0_kfold_f1_s44_v5ctl,best,25
ISIC_0072111,BCN_0004288,BCN_0004288,60+,bcn20000,4,True,1,0.008609349,0.8658518,0.0071303793,0.05554558,0.014776251,0.00439118,0.043695416,0.8892374,1,R0_kfold_f1_s44_v5ctl,best,25
ISIC_0072114,BCN_0001439,BCN_0001439,60+,bcn20000,0,True,0,0.90155077,0.0025440054,0.004911393,0.053115413,0.004554162,0.0037409654,0.029583279,0.9086489,1,R0_kfold_f1_s44_v5ctl,best,25
ISIC_0072129,BCN_0003929,BCN_0003929,40-59,bcn20000,1,True,1,0.010047979,0.88051707,0.0063210013,0.05383069,0.0046485495,0.0043474548,0.04028722,0.8952136,1,R0_kfold_f1_s44_v5ctl,best,25
ISIC_0072135,BCN_0003104,BCN_0003104,40-59,bcn20000,0,True,0,0.9067454,0.0035291056,0.0063235257,0.046481334,0.0036727597,0.0035532846,0.029694663,0.9139473,1,R0_kfold_f1_s44_v5ctl,best,25
ISIC_0072153,BCN_0003829,BCN_0003829,40-59,bcn20000,2,False,5,0.012711817,0.0095414035,0.010133233,0.06694874,0.0048749777,0.84426934,0.05152037,0.0271282,1,R0_kfold_f1_s44_v5ctl,best,25
ISIC_0072157,BCN_0003629,BCN_0003629,60+,bcn20000,4,True,4,0.009633097,0.006325874,0.00605851,0.060304184,0.87314886,0.0029349546,0.041594576,0.8891078,1,R0_kfold_f1_s44_v5ctl,best,25
ISIC_0072159,BCN_0001737,BCN_0001737,<40,bcn20000,5,False,5,0.010902121,0.0074781748,0.008533409,0.068222284,0.007104669,0.8438859,0.05387354,0.025484964,1,R0_kfold_f1_s44_v5ctl,best,25
ISIC_0072175,BCN_0000657,BCN_0000657,60+,bcn20000,4,True,4,0.009368284,0.0061935517,0.0063782465,0.06086576,0.8712761,0.004709771,0.041208297,0.8868379,1,R0_kfold_f1_s44_v5ctl,best,25
ISIC_0072204,BCN_0001426,BCN_0001426,40-59,bcn20000,4,True,5,0.020971099,0.026029268,0.011075591,0.16189997,0.05825873,0.6056337,0.11613163,0.1052591,1,R0_kfold_f1_s44_v5ctl,best,25
ISIC_0072205,BCN_0001619,BCN_0001619,40-59,bcn20000,0,True,0,0.9079012,0.0047680466,0.0039101895,0.046495643,0.0035824778,0.0034138632,0.029928451,0.9162518,1,R0_kfold_f1_s44_v5ctl,best,25
ISIC_0072221,BCN_0004480,BCN_0004480,40-59,bcn20000,5,False,5,0.010507627,0.0077834167,0.0055300826,0.06510047,0.009330444,0.8548064,0.04694152,0.027621489,1,R0_kfold_f1_s44_v5ctl,best,25
ISIC_0072239,BCN_0005428,BCN_0005428,60+,bcn20000,1,True,1,0.01103471,0.882486,0.0066297823,0.050350327,0.0056066755,0.0041572517,0.03973531,0.89912736,1,R0_kfold_f1_s44_v5ctl,best,25
ISIC_0072241,BCN_0004592,BCN_0004592,60+,bcn20000,4,True,4,0.016070649,0.009777943,0.0068559977,0.074356526,0.83418196,0.004684384,0.05407257,0.86003053,1,R0_kfold_f1_s44_v5ctl,best,25
ISIC_0072252,BCN_0003886,BCN_0003886,40-59,bcn20000,4,True,5,0.013814343,0.0086183995,0.0071335784,0.069824904,0.0068912324,0.8439402,0.049777303,0.029323975,1,R0_kfold_f1_s44_v5ctl,best,25
ISIC_0072272,BCN_0003820,BCN_0003820,60+,bcn20000,5,False,5,0.012716322,0.008219962,0.008742571,0.06909242,0.005556001,0.84187335,0.053799342,0.026492285,1,R0_kfold_f1_s44_v5ctl,best,25
ISIC_0072282,BCN_0001039,BCN_0001039,40-59,bcn20000,5,False,5,0.009024055,0.011718889,0.0063183336,0.06719545,0.0062025264,0.846449,0.053091694,0.02694547,1,R0_kfold_f1_s44_v5ctl,best,25
ISIC_0072286,BCN_0005347,BCN_0005347,<40,bcn20000,4,True,0,0.8047466,0.0042576855,0.005096735,0.06501741,0.0051088235,0.061002914,0.054769836,0.81411314,1,R0_kfold_f1_s44_v5ctl,best,25
ISIC_0072301,BCN_0004468,BCN_0004468,40-59,bcn20000,4,True,5,0.017568925,0.0085146045,0.0069735874,0.07253157,0.006968997,0.82937014,0.058072217,0.033052526,1,R0_kfold_f1_s44_v5ctl,best,25
ISIC_0072319,BCN_0000545,BCN_0000545,<40,bcn20000,5,False,5,0.021335406,0.0100828605,0.008608539,0.12487362,0.0608499,0.6824654,0.09178423,0.09226817,1,R0_kfold_f1_s44_v5ctl,best,25
ISIC_0072329,BCN_0003983,BCN_0003983,<40,bcn20000,5,False,5,0.014775144,0.009061444,0.021131527,0.08296226,0.011784564,0.7940601,0.06622491,0.03562115,1,R0_kfold_f1_s44_v5ctl,best,25
ISIC_0072337,BCN_0004217,BCN_0004217,40-59,bcn20000,4,True,4,0.0459681,0.013894508,0.008944767,0.15127122,0.60577,0.095034786,0.079116665,0.6656326,1,R0_kfold_f1_s44_v5ctl,best,25
ISIC_0072388,BCN_0001026,BCN_0001026,unknown,bcn20000,5,False,0,0.84061295,0.007877301,0.015594983,0.07940212,0.0043352647,0.0121529335,0.040024493,0.8528255,1,R0_kfold_f1_s44_v5ctl,best,25
ISIC_0072421,BCN_0003443,BCN_0003443,60+,bcn20000,2,False,4,0.011901619,0.0070425007,0.007113867,0.064909406,0.85192686,0.00668561,0.050420146,0.870871,1,R0_kfold_f1_s44_v5ctl,best,25
ISIC_0072422,BCN_0004592,BCN_0004592,60+,bcn20000,4,True,1,0.024588045,0.71585685,0.08868494,0.08435673,0.008396688,0.0012984371,0.07681837,0.7488416,1,R0_kfold_f1_s44_v5ctl,best,25
ISIC_0072431,BCN_0004259,BCN_0004259,60+,bcn20000,1,True,1,0.011496611,0.85443103,0.009665135,0.065182105,0.008314908,0.0064912597,0.044418976,0.87424254,1,R0_kfold_f1_s44_v5ctl,best,25
ISIC_0072432,BCN_0004408,BCN_0004408,60+,bcn20000,5,False,5,0.012399718,0.007791193,0.007049848,0.069322936,0.021435292,0.82126063,0.06074032,0.041626204,1,R0_kfold_f1_s44_v5ctl,best,25
ISIC_0072443,BCN_0000070,BCN_0000070,<40,bcn20000,5,False,5,0.015864015,0.0098452,0.010190924,0.08063193,0.008150026,0.8165679,0.058750026,0.03385924,1,R0_kfold_f1_s44_v5ctl,best,25
ISIC_0072444,BCN_0003811,BCN_0003811,60+,bcn20000,5,False,3,0.20997131,0.012935863,0.10650043,0.22197375,0.113911696,0.20542945,0.1292775,0.33681887,1,R0_kfold_f1_s44_v5ctl,best,25
ISIC_0072451,BCN_0002676,BCN_0002676,60+,bcn20000,2,False,5,0.013639246,0.0073136454,0.0067652706,0.067759156,0.008050041,0.8468663,0.049606383,0.029002933,1,R0_kfold_f1_s44_v5ctl,best,25
ISIC_0072454,BCN_0004305,BCN_0004305,60+,bcn20000,4,True,4,0.00783887,0.004895863,0.005513259,0.05283653,0.8900347,0.00303098,0.03584981,0.9027694,1,R0_kfold_f1_s44_v5ctl,best,25
ISIC_0072496,BCN_0002789,BCN_0002789,60+,bcn20000,4,True,4,0.008773029,0.005944343,0.0069983355,0.053899955,0.881155,0.0043260325,0.038903434,0.8958724,1,R0_kfold_f1_s44_v5ctl,best,25
ISIC_0072512,BCN_0002967,BCN_0002967,60+,bcn20000,5,False,5,0.011730342,0.0079906145,0.0064942637,0.061937753,0.0032125704,0.86036456,0.048269857,0.022933528,1,R0_kfold_f1_s44_v5ctl,best,25
ISIC_0072518,BCN_0002979,BCN_0002979,40-59,bcn20000,5,False,4,0.016303375,0.021834983,0.012526225,0.12192567,0.47804824,0.2725945,0.07676698,0.5161866,1,R0_kfold_f1_s44_v5ctl,best,25
ISIC_0072537,BCN_0004079,BCN_0004079,40-59,bcn20000,5,False,5,0.01056808,0.009502594,0.016506229,0.09228706,0.005582461,0.7982601,0.06729349,0.025653135,1,R0_kfold_f1_s44_v5ctl,best,25
ISIC_0072546,BCN_0003082,BCN_0003082,60+,bcn20000,0,True,0,0.83470017,0.033884224,0.028553203,0.061398335,0.0023875614,0.0023379924,0.036738556,0.870972,1,R0_kfold_f1_s44_v5ctl,best,25
ISIC_0072552,BCN_0004122,BCN_0004122,60+,bcn20000,5,False,5,0.012930702,0.0073826215,0.018566918,0.07456452,0.0049421084,0.83229846,0.049314745,0.025255432,1,R0_kfold_f1_s44_v5ctl,best,25
ISIC_0072567,BCN_0002687,BCN_0002687,60+,bcn20000,1,True,1,0.011968188,0.8707187,0.006481372,0.058333993,0.005709324,0.00417667,0.042611644,0.88839626,1,R0_kfold_f1_s44_v5ctl,best,25
ISIC_0072573,BCN_0003169,BCN_0003169,40-59,bcn20000,1,True,1,0.007746431,0.84777266,0.0063852263,0.06789939,0.0056223036,0.0163657,0.048208307,0.86114144,1,R0_kfold_f1_s44_v5ctl,best,25
ISIC_0072600,BCN_0000070,BCN_0000070,<40,bcn20000,5,False,5,0.0143405795,0.0083297435,0.007715109,0.07378025,0.009662672,0.8354008,0.050770894,0.032332994,1,R0_kfold_f1_s44_v5ctl,best,25
ISIC_0072616,BCN_0002255,BCN_0002255,60+,bcn20000,1,True,5,0.021299621,0.00860637,0.041054953,0.1418464,0.017033158,0.6633745,0.10678494,0.04693915,1,R0_kfold_f1_s44_v5ctl,best,25
ISIC_0072626,BCN_0002675,BCN_0002675,60+,bcn20000,4,True,4,0.023239784,0.007980521,0.014677946,0.08325737,0.8077142,0.0027798426,0.060350403,0.83893454,1,R0_kfold_f1_s44_v5ctl,best,25
ISIC_0072637,BCN_0001273,BCN_0001273,40-59,bcn20000,5,False,5,0.0056939353,0.012995419,0.0851979,0.14044347,0.013198299,0.6629118,0.07955923,0.031887654,1,R0_kfold_f1_s44_v5ctl,best,25
ISIC_0072646,BCN_0000895,BCN_0000895,60+,bcn20000,0,True,0,0.5404823,0.020781191,0.26360917,0.098907635,0.002428794,0.0015914884,0.072199464,0.5636923,1,R0_kfold_f1_s44_v5ctl,best,25
ISIC_0072661,BCN_0001768,BCN_0001768,40-59,bcn20000,5,False,5,0.011358589,0.008918316,0.005593077,0.073188126,0.016853044,0.8342647,0.04982426,0.037129946,1,R0_kfold_f1_s44_v5ctl,best,25
ISIC_0072666,BCN_0002193,BCN_0002193,40-59,bcn20000,1,True,1,0.0094734905,0.87349415,0.0062229866,0.05989318,0.004639238,0.004573712,0.04170322,0.88760686,1,R0_kfold_f1_s44_v5ctl,best,25
ISIC_0072670,BCN_0003890,BCN_0003890,60+,bcn20000,1,True,1,0.013390701,0.39243335,0.0053194603,0.1308759,0.008515229,0.32908705,0.12037829,0.41433927,1,R0_kfold_f1_s44_v5ctl,best,25
ISIC_0072675,BCN_0004421,BCN_0004421,40-59,bcn20000,5,False,5,0.010334292,0.006219423,0.006362381,0.0641631,0.006623563,0.8593005,0.04699673,0.023177277,1,R0_kfold_f1_s44_v5ctl,best,25
ISIC_0072690,BCN_0001244,BCN_0001244,40-59,bcn20000,5,False,5,0.01104845,0.0076036337,0.007982611,0.06684557,0.00583072,0.8525604,0.048128635,0.024482803,1,R0_kfold_f1_s44_v5ctl,best,25
ISIC_0072750,BCN_0001561,BCN_0001561,60+,bcn20000,1,True,1,0.00796403,0.88736326,0.0054299063,0.050022382,0.004874372,0.004791115,0.039554965,0.9002016,1,R0_kfold_f1_s44_v5ctl,best,25
ISIC_0072773,BCN_0005422,BCN_0005422,40-59,bcn20000,4,True,5,0.013395913,0.008134378,0.00925234,0.07612708,0.007829073,0.8315087,0.053752564,0.029359363,1,R0_kfold_f1_s44_v5ctl,best,25
ISIC_0072778,BCN_0001492,BCN_0001492,<40,bcn20000,5,False,5,0.010108015,0.0076551,0.009103704,0.06800573,0.004754552,0.85048115,0.049891803,0.022517668,1,R0_kfold_f1_s44_v5ctl,best,25
ISIC_0072788,BCN_0001619,BCN_0001619,40-59,bcn20000,0,True,0,0.9283894,0.0033567802,0.0024388887,0.03737251,0.00290745,0.0036242271,0.02191073,0.9346536,1,R0_kfold_f1_s44_v5ctl,best,25
ISIC_0072789,BCN_0003431,BCN_0003431,60+,bcn20000,1,True,1,0.010693594,0.86055255,0.0071656145,0.062536396,0.006742033,0.0065452335,0.045764532,0.8779882,1,R0_kfold_f1_s44_v5ctl,best,25
ISIC_0072799,BCN_0002074,BCN_0002074,60+,bcn20000,4,True,5,0.017111132,0.010000449,0.0070667756,0.100935355,0.018347204,0.7831478,0.06339117,0.045458786,1,R0_kfold_f1_s44_v5ctl,best,25
ISIC_0072805,BCN_0004419,BCN_0004419,<40,bcn20000,1,True,2,0.005569321,0.004195269,0.89163756,0.049898583,0.0029751067,0.007975641,0.037748575,0.0127396975,1,R0_kfold_f1_s44_v5ctl,best,25
ISIC_0072807,BCN_0002687,BCN_0002687,60+,bcn20000,1,True,1,0.012325131,0.87183744,0.005695453,0.05872132,0.0041902205,0.0041321674,0.043098312,0.88835275,1,R0_kfold_f1_s44_v5ctl,best,25
ISIC_0072814,BCN_0003170,BCN_0003170,60+,bcn20000,0,True,2,0.03927342,0.009544736,0.8424864,0.06090636,0.004653965,0.0014407834,0.04169443,0.05347212,1,R0_kfold_f1_s44_v5ctl,best,25
ISIC_0072822,BCN_0002240,BCN_0002240,40-59,bcn20000,5,False,5,0.013417536,0.00879813,0.007744378,0.071951255,0.010280975,0.83344275,0.05436502,0.032496642,1,R0_kfold_f1_s44_v5ctl,best,25
ISIC_0072846,BCN_0002835,BCN_0002835,40-59,bcn20000,5,False,5,0.011006282,0.007861192,0.007429275,0.069389604,0.005626661,0.84842485,0.05026216,0.024494134,1,R0_kfold_f1_s44_v5ctl,best,25
ISIC_0072850,BCN_0001347,BCN_0001347,40-59,bcn20000,5,False,2,0.00826081,0.012345063,0.65375626,0.12390801,0.042215306,0.064875856,0.09463873,0.06282118,1,R0_kfold_f1_s44_v5ctl,best,25
ISIC_0072851,BCN_0003871,BCN_0003871,40-59,bcn20000,1,True,1,0.010922255,0.8650302,0.008143371,0.059840087,0.0059903804,0.0058624274,0.044211175,0.88194287,1,R0_kfold_f1_s44_v5ctl,best,25
ISIC_0072866,BCN_0004843,BCN_0004843,<40,bcn20000,5,False,5,0.011078056,0.007961278,0.0071157534,0.06883999,0.007163603,0.8460246,0.051816665,0.026202936,1,R0_kfold_f1_s44_v5ctl,best,25
ISIC_0072872,BCN_0002316,BCN_0002316,60+,bcn20000,4,True,4,0.011898179,0.010207953,0.0075022196,0.06370926,0.85596615,0.0038757566,0.046840485,0.87807226,1,R0_kfold_f1_s44_v5ctl,best,25
ISIC_0072891,BCN_0000301,BCN_0000301,40-59,bcn20000,1,True,1,0.009329682,0.8831991,0.0066191712,0.053395808,0.004588316,0.0034826917,0.039385267,0.8971171,1,R0_kfold_f1_s44_v5ctl,best,25
ISIC_0072892,BCN_0005502,BCN_0005502,40-59,bcn20000,5,False,4,0.00976043,0.013097062,0.0055430075,0.1170535,0.6132634,0.15541516,0.08586745,0.6361209,1,R0_kfold_f1_s44_v5ctl,best,25
ISIC_0072901,BCN_0002557,BCN_0002557,60+,bcn20000,2,False,2,0.11740302,0.009566194,0.30158764,0.21374254,0.2307037,0.0030426886,0.12395416,0.35767293,1,R0_kfold_f1_s44_v5ctl,best,25
ISIC_0072916,BCN_0005690,BCN_0005690,60+,bcn20000,1,True,1,0.007872239,0.8733433,0.0078062396,0.058891974,0.005854113,0.004643998,0.04158821,0.88706964,1,R0_kfold_f1_s44_v5ctl,best,25
ISIC_0072929,BCN_0005164,BCN_0005164,<40,bcn20000,5,False,5,0.017975856,0.0122951595,0.0074020387,0.086758435,0.02114931,0.79726446,0.057154756,0.051420324,1,R0_kfold_f1_s44_v5ctl,best,25
ISIC_0073011,BCN_0002610,BCN_0002610,60+,bcn20000,2,False,1,0.007888248,0.61427534,0.026096705,0.07079195,0.005362425,0.0018047971,0.27378055,0.62752604,1,R0_kfold_f1_s44_v5ctl,best,25
ISIC_0073030,BCN_0003104,BCN_0003104,40-59,bcn20000,0,True,0,0.9497908,0.0030747654,0.004034399,0.020469436,0.002348177,0.0019325027,0.018349918,0.9552137,1,R0_kfold_f1_s44_v5ctl,best,25
ISIC_0073037,BCN_0005609,BCN_0005609,60+,bcn20000,1,True,1,0.010523533,0.77928275,0.008746359,0.09410207,0.036795944,0.004213596,0.066335715,0.8266022,1,R0_kfold_f1_s44_v5ctl,best,25
ISIC_0073061,BCN_0001559,BCN_0001559,60+,bcn20000,1,True,1,0.009198716,0.90074164,0.0055030202,0.046640947,0.0032031634,0.0034326832,0.031279832,0.9131435,1,R0_kfold_f1_s44_v5ctl,best,25
ISIC_0073088,BCN_0002516,BCN_0002516,60+,bcn20000,0,True,1,0.012747798,0.87050444,0.014227211,0.053361215,0.0042509437,0.0037465661,0.041161824,0.8875032,1,R0_kfold_f1_s44_v5ctl,best,25
ISIC_0073091,BCN_0003664,BCN_0003664,40-59,bcn20000,1,True,1,0.021022666,0.87016267,0.005627286,0.056231853,0.0034875898,0.0025232257,0.04094471,0.89467293,1,R0_kfold_f1_s44_v5ctl,best,25
ISIC_0073110,BCN_0000811,BCN_0000811,<40,bcn20000,6,False,1,0.008111823,0.4457082,0.005035367,0.18771191,0.23624682,0.009845838,0.10734008,0.6900668,1,R0_kfold_f1_s44_v5ctl,best,25
ISIC_0073135,BCN_0002747,BCN_0002747,<40,bcn20000,5,False,5,0.010234094,0.006316035,0.007356162,0.082261816,0.0061470396,0.83496594,0.05271892,0.02269717,1,R0_kfold_f1_s44_v5ctl,best,25
ISIC_0073161,BCN_0000301,BCN_0000301,40-59,bcn20000,1,True,1,0.013447584,0.8656201,0.007544648,0.05953812,0.005032695,0.0042207916,0.04459613,0.8841004,1,R0_kfold_f1_s44_v5ctl,best,25
ISIC_0073187,BCN_0001347,BCN_0001347,40-59,bcn20000,5,False,4,0.0052796104,0.007190676,0.03905762,0.094815664,0.7723852,0.01549547,0.06577577,0.7848555,1,R0_kfold_f1_s44_v5ctl,best,25
ISIC_0073207,BCN_0005708,BCN_0005708,<40,bcn20000,5,False,5,0.018811947,0.020996671,0.011412713,0.08349495,0.014587087,0.7885699,0.06212675,0.0543957,1,R0_kfold_f1_s44_v5ctl,best,25
ISIC_0073215,BCN_0001946,BCN_0001946,60+,bcn20000,1,True,1,0.009316021,0.881884,0.0062790737,0.052315783,0.004999909,0.0043672556,0.040838007,0.89619994,1,R0_kfold_f1_s44_v5ctl,best,25
ISIC_0073225,BCN_0000286,BCN_0000286,40-59,bcn20000,1,True,1,0.008222362,0.8680439,0.007198334,0.057906125,0.0061269538,0.005986878,0.0465154,0.8823932,1,R0_kfold_f1_s44_v5ctl,best,25
